uuid,element_id,story,room_index,plane_index,inclination_deg,azimuth_deg,area_xz_m2,coverage_oblique,coverage_flat,best_oblique_id,best_oblique_frac,best_flat_id,best_flat_frac,normal_dot_best_oblique,classification
016980bc-6762-4022-bfbf-17df4112e10c,016980bc-6762-4022-bfbf-17df4112e10c::ceiling-raw::0:0:0,0,0,0,0.0,,16.762,0,0,,0.0,,0.0,,uncovered
016980bc-6762-4022-bfbf-17df4112e10c,016980bc-6762-4022-bfbf-17df4112e10c::ceiling-raw::1:6:0,1,6,0,0.0,,10.759,0,1.0,,0.0,016980bc-6762-4022-bfbf-17df4112e10c::roof-flat::flat:3,1.0,,flat_matched
016980bc-6762-4022-bfbf-17df4112e10c,016980bc-6762-4022-bfbf-17df4112e10c::ceiling-raw::2:9:0,2,9,0,0.0,,9.689,0.542,1.0,016980bc-6762-4022-bfbf-17df4112e10c::roof-oblique::oblique:0,0.542,016980bc-6762-4022-bfbf-17df4112e10c::roof-flat::flat:5,1.0,0.737,flat_matched
016980bc-6762-4022-bfbf-17df4112e10c,016980bc-6762-4022-bfbf-17df4112e10c::ceiling-raw::2:9:1,2,9,1,45.33,35.6,2.968,0,1.0,,0.0,016980bc-6762-4022-bfbf-17df4112e10c::roof-flat::flat:6,1.0,,oblique_covered_by_flat
016980bc-6762-4022-bfbf-17df4112e10c,016980bc-6762-4022-bfbf-17df4112e10c::ceiling-raw::2:10:0,2,10,0,0.0,,9.446,0.552,1.0,016980bc-6762-4022-bfbf-17df4112e10c::roof-oblique::oblique:0,0.552,016980bc-6762-4022-bfbf-17df4112e10c::roof-flat::flat:5,1.0,0.737,flat_matched
016980bc-6762-4022-bfbf-17df4112e10c,016980bc-6762-4022-bfbf-17df4112e10c::ceiling-raw::2:10:1,2,10,1,40.33,215.23,2.222,1.0,1.0,016980bc-6762-4022-bfbf-17df4112e10c::roof-oblique::oblique:0,1.0,016980bc-6762-4022-bfbf-17df4112e10c::roof-flat::flat:6,1.0,0.999,oblique_matched
016980bc-6762-4022-bfbf-17df4112e10c,016980bc-6762-4022-bfbf-17df4112e10c::ceiling-raw::2:10:2,2,10,2,44.81,212.4,1.487,1.0,1.0,016980bc-6762-4022-bfbf-17df4112e10c::roof-oblique::oblique:0,1.0,016980bc-6762-4022-bfbf-17df4112e10c::roof-flat::flat:6,1.0,0.999,oblique_matched
016980bc-6762-4022-bfbf-17df4112e10c,016980bc-6762-4022-bfbf-17df4112e10c::ceiling-raw::2:10:3,2,10,3,47.1,35.03,2.742,0,1.0,,0.0,016980bc-6762-4022-bfbf-17df4112e10c::roof-flat::flat:6,1.0,,oblique_covered_by_flat
016980bc-6762-4022-bfbf-17df4112e10c,016980bc-6762-4022-bfbf-17df4112e10c::ceiling-raw::2:11:0,2,11,0,0.0,,2.604,0.471,1.0,016980bc-6762-4022-bfbf-17df4112e10c::roof-oblique::oblique:0,0.471,016980bc-6762-4022-bfbf-17df4112e10c::roof-flat::flat:5,1.0,0.737,flat_matched
016980bc-6762-4022-bfbf-17df4112e10c,016980bc-6762-4022-bfbf-17df4112e10c::ceiling-raw::2:11:1,2,11,1,44.19,35.08,2.096,0,1.0,,0.0,016980bc-6762-4022-bfbf-17df4112e10c::roof-flat::flat:5,1.0,,oblique_covered_by_flat
019e1376-9762-42d6-8520-b664b8c752df,019e1376-9762-42d6-8520-b664b8c752df::ceiling-raw::1:0:0,1,0,0,0.0,,36.739,1.0,1.0,019e1376-9762-42d6-8520-b664b8c752df::roof-oblique::oblique:0,0.71,019e1376-9762-42d6-8520-b664b8c752df::roof-flat::flat:5,1.0,0.931,flat_matched
019e1376-9762-42d6-8520-b664b8c752df,019e1376-9762-42d6-8520-b664b8c752df::ceiling-raw::1:0:1,1,0,1,18.94,190.74,1.189,1.0,1.0,019e1376-9762-42d6-8520-b664b8c752df::roof-oblique::oblique:0,1.0,019e1376-9762-42d6-8520-b664b8c752df::roof-flat::flat:5,1.0,0.999,oblique_matched
019e1376-9762-42d6-8520-b664b8c752df,019e1376-9762-42d6-8520-b664b8c752df::ceiling-raw::1:0:2,1,0,2,22.32,13.35,1.988,0.999,1.0,019e1376-9762-42d6-8520-b664b8c752df::roof-oblique::oblique:1,0.999,019e1376-9762-42d6-8520-b664b8c752df::roof-flat::flat:5,1.0,0.999,oblique_matched
019e1376-9762-42d6-8520-b664b8c752df,019e1376-9762-42d6-8520-b664b8c752df::ceiling-raw::1:0:3,1,0,3,23.96,193.08,4.114,1.0,1.0,019e1376-9762-42d6-8520-b664b8c752df::roof-oblique::oblique:0,1.0,019e1376-9762-42d6-8520-b664b8c752df::roof-flat::flat:5,1.0,0.999,oblique_matched
019e1376-9762-42d6-8520-b664b8c752df,019e1376-9762-42d6-8520-b664b8c752df::ceiling-raw::1:1:0,1,1,0,0.0,,4.543,1.0,1.0,019e1376-9762-42d6-8520-b664b8c752df::roof-oblique::oblique:1,1.0,019e1376-9762-42d6-8520-b664b8c752df::roof-flat::flat:5,1.0,0.91,flat_matched
019e1376-9762-42d6-8520-b664b8c752df,019e1376-9762-42d6-8520-b664b8c752df::ceiling-raw::1:1:1,1,1,1,24.78,12.69,4.755,1.0,0.397,019e1376-9762-42d6-8520-b664b8c752df::roof-oblique::oblique:1,1.0,019e1376-9762-42d6-8520-b664b8c752df::roof-flat::flat:5,0.397,1.0,oblique_matched
019e1376-9762-42d6-8520-b664b8c752df,019e1376-9762-42d6-8520-b664b8c752df::ceiling-raw::1:3:0,1,3,0,0.0,,2.884,1.0,1.0,019e1376-9762-42d6-8520-b664b8c752df::roof-oblique::oblique:1,1.0,019e1376-9762-42d6-8520-b664b8c752df::roof-flat::flat:4,1.0,0.91,flat_matched
019e1376-9762-42d6-8520-b664b8c752df,019e1376-9762-42d6-8520-b664b8c752df::ceiling-raw::1:3:1,1,3,1,26.6,14.49,0.726,0.998,1.0,019e1376-9762-42d6-8520-b664b8c752df::roof-oblique::oblique:1,0.998,019e1376-9762-42d6-8520-b664b8c752df::roof-flat::flat:5,1.0,0.999,oblique_matched
019e1376-9762-42d6-8520-b664b8c752df,019e1376-9762-42d6-8520-b664b8c752df::ceiling-raw::1:4:0,1,4,0,0.0,,12.04,0.77,1.0,019e1376-9762-42d6-8520-b664b8c752df::roof-oblique::oblique:0,0.428,019e1376-9762-42d6-8520-b664b8c752df::roof-flat::flat:5,1.0,0.931,flat_matched
019e1376-9762-42d6-8520-b664b8c752df,019e1376-9762-42d6-8520-b664b8c752df::ceiling-raw::1:4:1,1,4,1,11.06,193.08,5.031,0.584,1.0,019e1376-9762-42d6-8520-b664b8c752df::roof-oblique::oblique:0,0.584,019e1376-9762-42d6-8520-b664b8c752df::roof-flat::flat:5,1.0,0.984,oblique_matched
019e1376-9762-42d6-8520-b664b8c752df,019e1376-9762-42d6-8520-b664b8c752df::ceiling-raw::1:4:2,1,4,2,13.37,283.08,2.264,0,1.0,,0.0,019e1376-9762-42d6-8520-b664b8c752df::roof-flat::flat:5,1.0,,oblique_covered_by_flat
019e1376-9762-42d6-8520-b664b8c752df,019e1376-9762-42d6-8520-b664b8c752df::ceiling-raw::0:5:0,0,5,0,0.0,,2.504,0,1.0,,0.0,019e1376-9762-42d6-8520-b664b8c752df::roof-flat::flat:7,1.0,,flat_matched
019e1376-9762-42d6-8520-b664b8c752df,019e1376-9762-42d6-8520-b664b8c752df::ceiling-raw::1:6:0,1,6,0,0.0,,6.163,1.0,1.0,019e1376-9762-42d6-8520-b664b8c752df::roof-oblique::oblique:1,1.0,019e1376-9762-42d6-8520-b664b8c752df::roof-flat::flat:4,1.0,0.91,flat_matched
019e1376-9762-42d6-8520-b664b8c752df,019e1376-9762-42d6-8520-b664b8c752df::ceiling-raw::1:6:1,1,6,1,24.46,13.83,2.308,0.999,1.0,019e1376-9762-42d6-8520-b664b8c752df::roof-oblique::oblique:1,0.999,019e1376-9762-42d6-8520-b664b8c752df::roof-flat::flat:5,1.0,1.0,oblique_matched
0430ebc2-236b-4b5d-991f-3e97ad246b78,0430ebc2-236b-4b5d-991f-3e97ad246b78::ceiling-raw::0:0:0,0,0,0,0.0,,10.231,0,1.0,,0.0,0430ebc2-236b-4b5d-991f-3e97ad246b78::roof-flat::flat:8,1.0,,flat_matched
0430ebc2-236b-4b5d-991f-3e97ad246b78,0430ebc2-236b-4b5d-991f-3e97ad246b78::ceiling-raw::0:1:0,0,1,0,0.0,,9.284,0,1.0,,0.0,0430ebc2-236b-4b5d-991f-3e97ad246b78::roof-flat::flat:8,1.0,,flat_matched
0430ebc2-236b-4b5d-991f-3e97ad246b78,0430ebc2-236b-4b5d-991f-3e97ad246b78::ceiling-raw::0:2:0,0,2,0,0.0,,46.125,0,1.0,,0.0,0430ebc2-236b-4b5d-991f-3e97ad246b78::roof-flat::flat:8,1.0,,flat_matched
0430ebc2-236b-4b5d-991f-3e97ad246b78,0430ebc2-236b-4b5d-991f-3e97ad246b78::ceiling-raw::0:3:0,0,3,0,0.0,,12.998,0,1.0,,0.0,0430ebc2-236b-4b5d-991f-3e97ad246b78::roof-flat::flat:8,1.0,,flat_matched
0430ebc2-236b-4b5d-991f-3e97ad246b78,0430ebc2-236b-4b5d-991f-3e97ad246b78::ceiling-raw::0:4:0,0,4,0,0.0,,3.708,0,1.0,,0.0,0430ebc2-236b-4b5d-991f-3e97ad246b78::roof-flat::flat:8,1.0,,flat_matched
0430ebc2-236b-4b5d-991f-3e97ad246b78,0430ebc2-236b-4b5d-991f-3e97ad246b78::ceiling-raw::0:5:0,0,5,0,0.0,,7.896,0,1.0,,0.0,0430ebc2-236b-4b5d-991f-3e97ad246b78::roof-flat::flat:8,1.0,,flat_matched
0430ebc2-236b-4b5d-991f-3e97ad246b78,0430ebc2-236b-4b5d-991f-3e97ad246b78::ceiling-raw::0:6:0,0,6,0,0.0,,4.813,0,1.0,,0.0,0430ebc2-236b-4b5d-991f-3e97ad246b78::roof-flat::flat:8,1.0,,flat_matched
0430ebc2-236b-4b5d-991f-3e97ad246b78,0430ebc2-236b-4b5d-991f-3e97ad246b78::ceiling-raw::0:6:1,0,6,1,0.0,,3.187,0,1.0,,0.0,0430ebc2-236b-4b5d-991f-3e97ad246b78::roof-flat::flat:8,1.0,,flat_matched
0430ebc2-236b-4b5d-991f-3e97ad246b78,0430ebc2-236b-4b5d-991f-3e97ad246b78::ceiling-raw::0:7:0,0,7,0,0.0,,10.785,0,1.0,,0.0,0430ebc2-236b-4b5d-991f-3e97ad246b78::roof-flat::flat:8,1.0,,flat_matched
05cecad4-119e-4dd2-beaf-d4af36973644,05cecad4-119e-4dd2-beaf-d4af36973644::ceiling-raw::0:0:0,0,0,0,0.0,,8.704,0,1.0,,0.0,05cecad4-119e-4dd2-beaf-d4af36973644::roof-flat::flat:7,1.0,,flat_matched
05cecad4-119e-4dd2-beaf-d4af36973644,05cecad4-119e-4dd2-beaf-d4af36973644::ceiling-raw::0:1:0,0,1,0,0.0,,3.021,0,1.0,,0.0,05cecad4-119e-4dd2-beaf-d4af36973644::roof-flat::flat:7,1.0,,flat_matched
05cecad4-119e-4dd2-beaf-d4af36973644,05cecad4-119e-4dd2-beaf-d4af36973644::ceiling-raw::0:2:0,0,2,0,0.0,,7.319,0,1.0,,0.0,05cecad4-119e-4dd2-beaf-d4af36973644::roof-flat::flat:7,1.0,,flat_matched
05cecad4-119e-4dd2-beaf-d4af36973644,05cecad4-119e-4dd2-beaf-d4af36973644::ceiling-raw::0:3:0,0,3,0,0.0,,8.602,0,1.0,,0.0,05cecad4-119e-4dd2-beaf-d4af36973644::roof-flat::flat:7,1.0,,flat_matched
05cecad4-119e-4dd2-beaf-d4af36973644,05cecad4-119e-4dd2-beaf-d4af36973644::ceiling-raw::0:4:0,0,4,0,0.0,,6.375,0,1.0,,0.0,05cecad4-119e-4dd2-beaf-d4af36973644::roof-flat::flat:7,1.0,,flat_matched
05cecad4-119e-4dd2-beaf-d4af36973644,05cecad4-119e-4dd2-beaf-d4af36973644::ceiling-raw::0:5:0,0,5,0,0.0,,31.295,0,1.0,,0.0,05cecad4-119e-4dd2-beaf-d4af36973644::roof-flat::flat:7,1.0,,flat_matched
05cecad4-119e-4dd2-beaf-d4af36973644,05cecad4-119e-4dd2-beaf-d4af36973644::ceiling-raw::0:6:0,0,6,0,0.0,,0.989,0,1.0,,0.0,05cecad4-119e-4dd2-beaf-d4af36973644::roof-flat::flat:7,1.0,,flat_matched
05cecad4-119e-4dd2-beaf-d4af36973644,05cecad4-119e-4dd2-beaf-d4af36973644::ceiling-raw::0:6:1,0,6,1,24.57,328.1,3.866,0,1.0,,0.0,05cecad4-119e-4dd2-beaf-d4af36973644::roof-flat::flat:6,0.999,,oblique_covered_by_flat
0a5032e9-85a0-4970-9143-c430bbdaa0f5,0a5032e9-85a0-4970-9143-c430bbdaa0f5::ceiling-raw::0:0:0,0,0,0,0.0,,21.055,1.0,1.0,0a5032e9-85a0-4970-9143-c430bbdaa0f5::roof-oblique::oblique:0,0.883,0a5032e9-85a0-4970-9143-c430bbdaa0f5::roof-flat::flat:7,1.0,0.951,flat_matched
0a5032e9-85a0-4970-9143-c430bbdaa0f5,0a5032e9-85a0-4970-9143-c430bbdaa0f5::ceiling-raw::0:1:0,0,1,0,0.0,,5.4,1.0,1.0,0a5032e9-85a0-4970-9143-c430bbdaa0f5::roof-oblique::oblique:0,1.0,0a5032e9-85a0-4970-9143-c430bbdaa0f5::roof-flat::flat:7,1.0,0.951,flat_matched
0a5032e9-85a0-4970-9143-c430bbdaa0f5,0a5032e9-85a0-4970-9143-c430bbdaa0f5::ceiling-raw::0:2:0,0,2,0,12.83,99.47,18.741,0.996,1.0,0a5032e9-85a0-4970-9143-c430bbdaa0f5::roof-oblique::oblique:0,0.897,0a5032e9-85a0-4970-9143-c430bbdaa0f5::roof-flat::flat:7,1.0,0.996,oblique_matched
0a5032e9-85a0-4970-9143-c430bbdaa0f5,0a5032e9-85a0-4970-9143-c430bbdaa0f5::ceiling-raw::0:2:1,0,2,1,11.58,276.79,21.183,1.0,1.0,0a5032e9-85a0-4970-9143-c430bbdaa0f5::roof-oblique::oblique:1,1.0,0a5032e9-85a0-4970-9143-c430bbdaa0f5::roof-flat::flat:7,1.0,1.0,oblique_matched
0a5032e9-85a0-4970-9143-c430bbdaa0f5,0a5032e9-85a0-4970-9143-c430bbdaa0f5::ceiling-raw::0:2:2,0,2,2,23.66,97.72,3.664,1.0,1.0,0a5032e9-85a0-4970-9143-c430bbdaa0f5::roof-oblique::oblique:0,1.0,0a5032e9-85a0-4970-9143-c430bbdaa0f5::roof-flat::flat:7,1.0,0.995,oblique_matched
0a5032e9-85a0-4970-9143-c430bbdaa0f5,0a5032e9-85a0-4970-9143-c430bbdaa0f5::ceiling-raw::0:3:0,0,3,0,0.0,,18.875,1.0,1.0,0a5032e9-85a0-4970-9143-c430bbdaa0f5::roof-oblique::oblique:1,1.0,0a5032e9-85a0-4970-9143-c430bbdaa0f5::roof-flat::flat:7,1.0,0.974,flat_matched
0a5032e9-85a0-4970-9143-c430bbdaa0f5,0a5032e9-85a0-4970-9143-c430bbdaa0f5::ceiling-raw::0:3:1,0,3,1,0.0,,3.504,1.0,1.0,0a5032e9-85a0-4970-9143-c430bbdaa0f5::roof-oblique::oblique:1,1.0,0a5032e9-85a0-4970-9143-c430bbdaa0f5::roof-flat::flat:7,1.0,0.974,flat_matched
0a5032e9-85a0-4970-9143-c430bbdaa0f5,0a5032e9-85a0-4970-9143-c430bbdaa0f5::ceiling-raw::0:6:0,0,6,0,0.0,,11.914,1.0,1.0,0a5032e9-85a0-4970-9143-c430bbdaa0f5::roof-oblique::oblique:1,1.0,0a5032e9-85a0-4970-9143-c430bbdaa0f5::roof-flat::flat:7,1.0,0.974,flat_matched
0a5032e9-85a0-4970-9143-c430bbdaa0f5,0a5032e9-85a0-4970-9143-c430bbdaa0f5::ceiling-raw::0:6:1,0,6,1,0.0,,3.701,1.0,1.0,0a5032e9-85a0-4970-9143-c430bbdaa0f5::roof-oblique::oblique:1,1.0,0a5032e9-85a0-4970-9143-c430bbdaa0f5::roof-flat::flat:7,1.0,0.974,flat_matched
0a5032e9-85a0-4970-9143-c430bbdaa0f5,0a5032e9-85a0-4970-9143-c430bbdaa0f5::ceiling-raw::0:7:0,0,7,0,0.0,,9.674,1.0,1.0,0a5032e9-85a0-4970-9143-c430bbdaa0f5::roof-oblique::oblique:1,1.0,0a5032e9-85a0-4970-9143-c430bbdaa0f5::roof-flat::flat:7,1.0,0.974,flat_matched
0a5032e9-85a0-4970-9143-c430bbdaa0f5,0a5032e9-85a0-4970-9143-c430bbdaa0f5::ceiling-raw::0:8:0,0,8,0,0.0,,8.651,1.0,1.0,0a5032e9-85a0-4970-9143-c430bbdaa0f5::roof-oblique::oblique:1,1.0,0a5032e9-85a0-4970-9143-c430bbdaa0f5::roof-flat::flat:7,1.0,0.974,flat_matched
0b75d30e-c50c-4fc6-88ff-fce983078aa4,0b75d30e-c50c-4fc6-88ff-fce983078aa4::ceiling-raw::1:0:0,1,0,0,0.0,,2.782,1.0,0,0b75d30e-c50c-4fc6-88ff-fce983078aa4::roof-oblique::oblique:1,0.959,,0.0,0.727,flat_covered_by_oblique
0b75d30e-c50c-4fc6-88ff-fce983078aa4,0b75d30e-c50c-4fc6-88ff-fce983078aa4::ceiling-raw::1:0:1,1,0,1,0.0,,1.882,1.0,0,0b75d30e-c50c-4fc6-88ff-fce983078aa4::roof-oblique::oblique:1,0.962,,0.0,0.727,flat_covered_by_oblique
0b75d30e-c50c-4fc6-88ff-fce983078aa4,0b75d30e-c50c-4fc6-88ff-fce983078aa4::ceiling-raw::1:0:2,1,0,2,0.0,,0.114,1.0,0,0b75d30e-c50c-4fc6-88ff-fce983078aa4::roof-oblique::oblique:0,1.0,,0.0,0.754,flat_covered_by_oblique
0b75d30e-c50c-4fc6-88ff-fce983078aa4,0b75d30e-c50c-4fc6-88ff-fce983078aa4::ceiling-raw::1:0:3,1,0,3,0.0,,2.104,1.0,0,0b75d30e-c50c-4fc6-88ff-fce983078aa4::roof-oblique::oblique:0,1.0,,0.0,0.754,flat_covered_by_oblique
0b75d30e-c50c-4fc6-88ff-fce983078aa4,0b75d30e-c50c-4fc6-88ff-fce983078aa4::ceiling-raw::1:0:4,1,0,4,17.85,19.55,0.128,1.0,0,0b75d30e-c50c-4fc6-88ff-fce983078aa4::roof-oblique::oblique:0,1.0,,0.0,0.919,oblique_matched
0b75d30e-c50c-4fc6-88ff-fce983078aa4,0b75d30e-c50c-4fc6-88ff-fce983078aa4::ceiling-raw::1:0:5,1,0,5,20.6,22.31,3.342,1.0,0,0b75d30e-c50c-4fc6-88ff-fce983078aa4::roof-oblique::oblique:0,1.0,,0.0,0.937,oblique_matched
0b75d30e-c50c-4fc6-88ff-fce983078aa4,0b75d30e-c50c-4fc6-88ff-fce983078aa4::ceiling-raw::1:0:6,1,0,6,24.06,22.39,1.389,1.0,0,0b75d30e-c50c-4fc6-88ff-fce983078aa4::roof-oblique::oblique:0,1.0,,0.0,0.956,oblique_matched
0b75d30e-c50c-4fc6-88ff-fce983078aa4,0b75d30e-c50c-4fc6-88ff-fce983078aa4::ceiling-raw::1:0:7,1,0,7,24.66,8.67,2.35,1.0,0,0b75d30e-c50c-4fc6-88ff-fce983078aa4::roof-oblique::oblique:0,1.0,,0.0,0.951,oblique_matched
0b75d30e-c50c-4fc6-88ff-fce983078aa4,0b75d30e-c50c-4fc6-88ff-fce983078aa4::ceiling-raw::1:0:8,1,0,8,42.61,201.81,7.845,1.0,0,0b75d30e-c50c-4fc6-88ff-fce983078aa4::roof-oblique::oblique:1,0.982,,0.0,1.0,oblique_matched
0b75d30e-c50c-4fc6-88ff-fce983078aa4,0b75d30e-c50c-4fc6-88ff-fce983078aa4::ceiling-raw::1:0:9,1,0,9,43.17,22.39,2.093,1.0,0,0b75d30e-c50c-4fc6-88ff-fce983078aa4::roof-oblique::oblique:0,1.0,,0.0,0.999,oblique_matched
0b75d30e-c50c-4fc6-88ff-fce983078aa4,0b75d30e-c50c-4fc6-88ff-fce983078aa4::ceiling-raw::1:0:10,1,0,10,44.0,22.36,0.455,1.0,0,0b75d30e-c50c-4fc6-88ff-fce983078aa4::roof-oblique::oblique:0,1.0,,0.0,0.999,oblique_matched
0b75d30e-c50c-4fc6-88ff-fce983078aa4,0b75d30e-c50c-4fc6-88ff-fce983078aa4::ceiling-raw::1:0:11,1,0,11,44.12,112.34,0.077,1.0,0,0b75d30e-c50c-4fc6-88ff-fce983078aa4::roof-oblique::oblique:0,1.0,,0.0,0.541,oblique_wrong_orientation
0b75d30e-c50c-4fc6-88ff-fce983078aa4,0b75d30e-c50c-4fc6-88ff-fce983078aa4::ceiling-raw::1:0:12,1,0,12,46.87,87.61,2.092,1.0,0,0b75d30e-c50c-4fc6-88ff-fce983078aa4::roof-oblique::oblique:0,1.0,,0.0,0.716,oblique_wrong_orientation
0b75d30e-c50c-4fc6-88ff-fce983078aa4,0b75d30e-c50c-4fc6-88ff-fce983078aa4::ceiling-raw::1:0:13,1,0,13,52.89,112.31,1.507,1.0,0,0b75d30e-c50c-4fc6-88ff-fce983078aa4::roof-oblique::oblique:0,1.0,,0.0,0.455,oblique_wrong_orientation
0b75d30e-c50c-4fc6-88ff-fce983078aa4,0b75d30e-c50c-4fc6-88ff-fce983078aa4::ceiling-raw::1:0:14,1,0,14,61.55,262.13,0.098,1.0,0,0b75d30e-c50c-4fc6-88ff-fce983078aa4::roof-oblique::oblique:1,0.991,,0.0,0.65,oblique_wrong_orientation
0b75d30e-c50c-4fc6-88ff-fce983078aa4,0b75d30e-c50c-4fc6-88ff-fce983078aa4::ceiling-raw::1:0:15,1,0,15,63.62,292.31,0.18,1.0,0,0b75d30e-c50c-4fc6-88ff-fce983078aa4::roof-oblique::oblique:0,1.0,,0.0,0.335,oblique_wrong_orientation
0b75d30e-c50c-4fc6-88ff-fce983078aa4,0b75d30e-c50c-4fc6-88ff-fce983078aa4::ceiling-raw::1:0:16,1,0,16,64.4,319.46,2.102,1.0,0,0b75d30e-c50c-4fc6-88ff-fce983078aa4::roof-oblique::oblique:0,1.0,,0.0,0.596,oblique_wrong_orientation
0b75d30e-c50c-4fc6-88ff-fce983078aa4,0b75d30e-c50c-4fc6-88ff-fce983078aa4::ceiling-raw::1:0:17,1,0,17,66.66,136.6,1.808,1.0,0,0b75d30e-c50c-4fc6-88ff-fce983078aa4::roof-oblique::oblique:1,1.0,,0.0,0.547,oblique_wrong_orientation
0b75d30e-c50c-4fc6-88ff-fce983078aa4,0b75d30e-c50c-4fc6-88ff-fce983078aa4::ceiling-raw::1:0:18,1,0,18,68.16,135.22,1.661,1.0,0,0b75d30e-c50c-4fc6-88ff-fce983078aa4::roof-oblique::oblique:1,1.0,,0.0,0.519,oblique_wrong_orientation
0b75d30e-c50c-4fc6-88ff-fce983078aa4,0b75d30e-c50c-4fc6-88ff-fce983078aa4::ceiling-raw::1:0:19,1,0,19,68.62,271.4,1.537,1.0,0,0b75d30e-c50c-4fc6-88ff-fce983078aa4::roof-oblique::oblique:1,1.0,,0.0,0.493,oblique_wrong_orientation
0b75d30e-c50c-4fc6-88ff-fce983078aa4,0b75d30e-c50c-4fc6-88ff-fce983078aa4::ceiling-raw::1:0:20,1,0,20,71.13,103.54,0.089,1.0,0,0b75d30e-c50c-4fc6-88ff-fce983078aa4::roof-oblique::oblique:0,1.0,,0.0,0.339,oblique_wrong_orientation
0b75d30e-c50c-4fc6-88ff-fce983078aa4,0b75d30e-c50c-4fc6-88ff-fce983078aa4::ceiling-raw::1:0:21,1,0,21,79.17,22.32,0.119,1.0,0,0b75d30e-c50c-4fc6-88ff-fce983078aa4::roof-oblique::oblique:0,1.0,,0.0,0.787,oblique_wrong_orientation
0b75d30e-c50c-4fc6-88ff-fce983078aa4,0b75d30e-c50c-4fc6-88ff-fce983078aa4::ceiling-raw::1:0:22,1,0,22,79.18,200.15,0.616,1.0,0,0b75d30e-c50c-4fc6-88ff-fce983078aa4::roof-oblique::oblique:1,1.0,,0.0,0.81,oblique_matched
0b75d30e-c50c-4fc6-88ff-fce983078aa4,0b75d30e-c50c-4fc6-88ff-fce983078aa4::ceiling-raw::1:0:23,1,0,23,79.41,9.97,0.18,1.0,0,0b75d30e-c50c-4fc6-88ff-fce983078aa4::roof-oblique::oblique:0,1.0,,0.0,0.769,oblique_wrong_orientation
0b75d30e-c50c-4fc6-88ff-fce983078aa4,0b75d30e-c50c-4fc6-88ff-fce983078aa4::ceiling-raw::1:0:24,1,0,24,80.26,200.15,0.371,1.0,0,0b75d30e-c50c-4fc6-88ff-fce983078aa4::roof-oblique::oblique:1,1.0,,0.0,0.799,near_vertical_skip
0b75d30e-c50c-4fc6-88ff-fce983078aa4,0b75d30e-c50c-4fc6-88ff-fce983078aa4::ceiling-raw::1:0:25,1,0,25,81.59,284.21,0.57,1.0,0,0b75d30e-c50c-4fc6-88ff-fce983078aa4::roof-oblique::oblique:1,1.0,,0.0,0.202,near_vertical_skip
0b75d30e-c50c-4fc6-88ff-fce983078aa4,0b75d30e-c50c-4fc6-88ff-fce983078aa4::ceiling-raw::0:1:0,0,1,0,0.0,,10.267,0,1.0,,0.0,0b75d30e-c50c-4fc6-88ff-fce983078aa4::roof-flat::flat:4,1.0,,flat_matched
0b75d30e-c50c-4fc6-88ff-fce983078aa4,0b75d30e-c50c-4fc6-88ff-fce983078aa4::ceiling-raw::0:1:1,0,1,1,0.0,,24.038,0,1.0,,0.0,0b75d30e-c50c-4fc6-88ff-fce983078aa4::roof-flat::flat:4,1.0,,flat_matched
0b75d30e-c50c-4fc6-88ff-fce983078aa4,0b75d30e-c50c-4fc6-88ff-fce983078aa4::ceiling-raw::0:2:0,0,2,0,0.0,,7.17,0,1.0,,0.0,0b75d30e-c50c-4fc6-88ff-fce983078aa4::roof-flat::flat:4,1.0,,flat_matched
0b75d30e-c50c-4fc6-88ff-fce983078aa4,0b75d30e-c50c-4fc6-88ff-fce983078aa4::ceiling-raw::0:4:0,0,4,0,0.0,,0.857,0,1.0,,0.0,0b75d30e-c50c-4fc6-88ff-fce983078aa4::roof-flat::flat:5,1.0,,flat_matched
0b75d30e-c50c-4fc6-88ff-fce983078aa4,0b75d30e-c50c-4fc6-88ff-fce983078aa4::ceiling-raw::0:4:1,0,4,1,6.36,109.96,4.505,0,1.0,,0.0,0b75d30e-c50c-4fc6-88ff-fce983078aa4::roof-flat::flat:5,1.0,,oblique_covered_by_flat
0b75d30e-c50c-4fc6-88ff-fce983078aa4,0b75d30e-c50c-4fc6-88ff-fce983078aa4::ceiling-raw::0:4:2,0,4,2,11.8,206.77,0.777,0,1.0,,0.0,0b75d30e-c50c-4fc6-88ff-fce983078aa4::roof-flat::flat:5,1.0,,oblique_covered_by_flat
0b75d30e-c50c-4fc6-88ff-fce983078aa4,0b75d30e-c50c-4fc6-88ff-fce983078aa4::ceiling-raw::0:5:0,0,5,0,6.38,116.74,8.619,0,1.0,,0.0,0b75d30e-c50c-4fc6-88ff-fce983078aa4::roof-flat::flat:3,1.0,,oblique_covered_by_flat
0ce3ac3a-93ce-4ac0-9704-3cf7d31a636d,0ce3ac3a-93ce-4ac0-9704-3cf7d31a636d::ceiling-raw::0:0:0,0,0,0,0.0,,8.506,0,1.0,,0.0,0ce3ac3a-93ce-4ac0-9704-3cf7d31a636d::roof-flat::flat:6,1.0,,flat_matched
0ce3ac3a-93ce-4ac0-9704-3cf7d31a636d,0ce3ac3a-93ce-4ac0-9704-3cf7d31a636d::ceiling-raw::0:1:0,0,1,0,0.0,,7.48,0,1.0,,0.0,0ce3ac3a-93ce-4ac0-9704-3cf7d31a636d::roof-flat::flat:6,1.0,,flat_matched
0ce3ac3a-93ce-4ac0-9704-3cf7d31a636d,0ce3ac3a-93ce-4ac0-9704-3cf7d31a636d::ceiling-raw::0:2:0,0,2,0,0.0,,23.593,0,1.0,,0.0,0ce3ac3a-93ce-4ac0-9704-3cf7d31a636d::roof-flat::flat:6,1.0,,flat_matched
0ce3ac3a-93ce-4ac0-9704-3cf7d31a636d,0ce3ac3a-93ce-4ac0-9704-3cf7d31a636d::ceiling-raw::0:3:0,0,3,0,0.0,,1.387,0,1.0,,0.0,0ce3ac3a-93ce-4ac0-9704-3cf7d31a636d::roof-flat::flat:6,1.0,,flat_matched
0ce3ac3a-93ce-4ac0-9704-3cf7d31a636d,0ce3ac3a-93ce-4ac0-9704-3cf7d31a636d::ceiling-raw::0:3:1,0,3,1,0.0,,0.857,0,1.0,,0.0,0ce3ac3a-93ce-4ac0-9704-3cf7d31a636d::roof-flat::flat:7,1.0,,flat_matched
0ce3ac3a-93ce-4ac0-9704-3cf7d31a636d,0ce3ac3a-93ce-4ac0-9704-3cf7d31a636d::ceiling-raw::0:3:2,0,3,2,8.95,28.24,1.544,0,1.0,,0.0,0ce3ac3a-93ce-4ac0-9704-3cf7d31a636d::roof-flat::flat:2,1.0,,oblique_covered_by_flat
0ce3ac3a-93ce-4ac0-9704-3cf7d31a636d,0ce3ac3a-93ce-4ac0-9704-3cf7d31a636d::ceiling-raw::0:3:3,0,3,3,16.21,118.24,0.78,0,1.0,,0.0,0ce3ac3a-93ce-4ac0-9704-3cf7d31a636d::roof-flat::flat:2,1.0,,oblique_covered_by_flat
0ce3ac3a-93ce-4ac0-9704-3cf7d31a636d,0ce3ac3a-93ce-4ac0-9704-3cf7d31a636d::ceiling-raw::0:3:4,0,3,4,18.29,89.8,0.857,0,1.0,,0.0,0ce3ac3a-93ce-4ac0-9704-3cf7d31a636d::roof-flat::flat:2,1.0,,oblique_covered_by_flat
0ce3ac3a-93ce-4ac0-9704-3cf7d31a636d,0ce3ac3a-93ce-4ac0-9704-3cf7d31a636d::ceiling-raw::0:4:0,0,4,0,0.0,,12.797,0,1.0,,0.0,0ce3ac3a-93ce-4ac0-9704-3cf7d31a636d::roof-flat::flat:6,1.0,,flat_matched
0ce3ac3a-93ce-4ac0-9704-3cf7d31a636d,0ce3ac3a-93ce-4ac0-9704-3cf7d31a636d::ceiling-raw::0:5:0,0,5,0,0.0,,6.741,0,1.0,,0.0,0ce3ac3a-93ce-4ac0-9704-3cf7d31a636d::roof-flat::flat:8,1.0,,flat_matched
0ce3ac3a-93ce-4ac0-9704-3cf7d31a636d,0ce3ac3a-93ce-4ac0-9704-3cf7d31a636d::ceiling-raw::0:6:0,0,6,0,3.8,118.24,2.611,0,1.0,,0.0,0ce3ac3a-93ce-4ac0-9704-3cf7d31a636d::roof-flat::flat:8,1.0,,flat_matched
0ce3ac3a-93ce-4ac0-9704-3cf7d31a636d,0ce3ac3a-93ce-4ac0-9704-3cf7d31a636d::ceiling-raw::0:6:1,0,6,1,7.24,28.24,2.611,0,1.0,,0.0,0ce3ac3a-93ce-4ac0-9704-3cf7d31a636d::roof-flat::flat:5,1.0,,oblique_covered_by_flat
0d3f2993-8386-4130-8f1c-b2938c410828,0d3f2993-8386-4130-8f1c-b2938c410828::ceiling-raw::1:0:0,1,0,0,0.0,,35.014,0,1.0,,0.0,0d3f2993-8386-4130-8f1c-b2938c410828::roof-flat::flat:7,1.0,,flat_matched
0d3f2993-8386-4130-8f1c-b2938c410828,0d3f2993-8386-4130-8f1c-b2938c410828::ceiling-raw::1:0:1,1,0,1,0.0,,0.859,0,1.0,,0.0,0d3f2993-8386-4130-8f1c-b2938c410828::roof-flat::flat:7,1.0,,flat_matched
0d3f2993-8386-4130-8f1c-b2938c410828,0d3f2993-8386-4130-8f1c-b2938c410828::ceiling-raw::1:0:2,1,0,2,50.69,266.96,0.732,0,1.0,,0.0,0d3f2993-8386-4130-8f1c-b2938c410828::roof-flat::flat:7,1.0,,oblique_covered_by_flat
0d3f2993-8386-4130-8f1c-b2938c410828,0d3f2993-8386-4130-8f1c-b2938c410828::ceiling-raw::1:0:3,1,0,3,51.33,281.78,0.739,0,1.0,,0.0,0d3f2993-8386-4130-8f1c-b2938c410828::roof-flat::flat:0,1.0,,oblique_covered_by_flat
0d3f2993-8386-4130-8f1c-b2938c410828,0d3f2993-8386-4130-8f1c-b2938c410828::ceiling-raw::1:0:4,1,0,4,54.63,81.21,0.659,0,1.0,,0.0,0d3f2993-8386-4130-8f1c-b2938c410828::roof-flat::flat:0,1.0,,oblique_covered_by_flat
0d3f2993-8386-4130-8f1c-b2938c410828,0d3f2993-8386-4130-8f1c-b2938c410828::ceiling-raw::1:0:5,1,0,5,58.57,273.73,0.546,0,1.0,,0.0,0d3f2993-8386-4130-8f1c-b2938c410828::roof-flat::flat:7,1.0,,oblique_covered_by_flat
0d3f2993-8386-4130-8f1c-b2938c410828,0d3f2993-8386-4130-8f1c-b2938c410828::ceiling-raw::1:1:0,1,1,0,0.0,,16.08,0.522,1.0,0d3f2993-8386-4130-8f1c-b2938c410828::roof-oblique::oblique:1,0.406,0d3f2993-8386-4130-8f1c-b2938c410828::roof-flat::flat:7,1.0,0.673,flat_matched
0d3f2993-8386-4130-8f1c-b2938c410828,0d3f2993-8386-4130-8f1c-b2938c410828::ceiling-raw::1:1:1,1,1,1,0.0,,0.679,0,1.0,,0.0,0d3f2993-8386-4130-8f1c-b2938c410828::roof-flat::flat:7,1.0,,flat_matched
0d3f2993-8386-4130-8f1c-b2938c410828,0d3f2993-8386-4130-8f1c-b2938c410828::ceiling-raw::1:1:2,1,1,2,20.39,93.08,0.91,0.138,1.0,0d3f2993-8386-4130-8f1c-b2938c410828::roof-oblique::oblique:1,0.138,0d3f2993-8386-4130-8f1c-b2938c410828::roof-flat::flat:1,1.0,0.888,oblique_covered_by_flat
0d3f2993-8386-4130-8f1c-b2938c410828,0d3f2993-8386-4130-8f1c-b2938c410828::ceiling-raw::1:1:3,1,1,3,36.71,183.16,0.158,0.995,1.0,0d3f2993-8386-4130-8f1c-b2938c410828::roof-oblique::oblique:1,0.995,0d3f2993-8386-4130-8f1c-b2938c410828::roof-flat::flat:1,1.0,0.54,oblique_wrong_orientation
0d3f2993-8386-4130-8f1c-b2938c410828,0d3f2993-8386-4130-8f1c-b2938c410828::ceiling-raw::1:1:4,1,1,4,43.4,91.65,1.411,0.994,1.0,0d3f2993-8386-4130-8f1c-b2938c410828::roof-oblique::oblique:1,0.994,0d3f2993-8386-4130-8f1c-b2938c410828::roof-flat::flat:7,1.0,0.997,oblique_matched
0d3f2993-8386-4130-8f1c-b2938c410828,0d3f2993-8386-4130-8f1c-b2938c410828::ceiling-raw::1:1:5,1,1,5,47.03,3.45,5.535,0.155,1.0,0d3f2993-8386-4130-8f1c-b2938c410828::roof-oblique::oblique:1,0.155,0d3f2993-8386-4130-8f1c-b2938c410828::roof-flat::flat:7,1.0,0.46,oblique_covered_by_flat
0d3f2993-8386-4130-8f1c-b2938c410828,0d3f2993-8386-4130-8f1c-b2938c410828::ceiling-raw::1:1:6,1,1,6,49.81,273.92,0.446,1.0,1.0,0d3f2993-8386-4130-8f1c-b2938c410828::roof-oblique::oblique:0,1.0,0d3f2993-8386-4130-8f1c-b2938c410828::roof-flat::flat:7,1.0,1.0,oblique_matched
0d3f2993-8386-4130-8f1c-b2938c410828,0d3f2993-8386-4130-8f1c-b2938c410828::ceiling-raw::1:1:7,1,1,7,48.94,93.31,0.747,0.033,1.0,0d3f2993-8386-4130-8f1c-b2938c410828::roof-oblique::oblique:1,0.033,0d3f2993-8386-4130-8f1c-b2938c410828::roof-flat::flat:7,1.0,1.0,oblique_covered_by_flat
0d3f2993-8386-4130-8f1c-b2938c410828,0d3f2993-8386-4130-8f1c-b2938c410828::ceiling-raw::1:1:8,1,1,8,53.33,45.91,0.319,1.0,1.0,0d3f2993-8386-4130-8f1c-b2938c410828::roof-oblique::oblique:1,1.0,0d3f2993-8386-4130-8f1c-b2938c410828::roof-flat::flat:1,1.0,0.803,oblique_matched
0d3f2993-8386-4130-8f1c-b2938c410828,0d3f2993-8386-4130-8f1c-b2938c410828::ceiling-raw::1:1:9,1,1,9,57.8,5.62,0.732,0,1.0,,0.0,0d3f2993-8386-4130-8f1c-b2938c410828::roof-flat::flat:7,1.0,,oblique_covered_by_flat
0d3f2993-8386-4130-8f1c-b2938c410828,0d3f2993-8386-4130-8f1c-b2938c410828::ceiling-raw::1:2:0,1,2,0,0.0,,5.859,0,1.0,,0.0,0d3f2993-8386-4130-8f1c-b2938c410828::roof-flat::flat:7,1.0,,flat_matched
0d3f2993-8386-4130-8f1c-b2938c410828,0d3f2993-8386-4130-8f1c-b2938c410828::ceiling-raw::1:2:1,1,2,1,47.97,273.17,3.635,0.001,1.0,0d3f2993-8386-4130-8f1c-b2938c410828::roof-oblique::oblique:0,0.001,0d3f2993-8386-4130-8f1c-b2938c410828::roof-flat::flat:7,1.0,1.0,oblique_covered_by_flat
0d3f2993-8386-4130-8f1c-b2938c410828,0d3f2993-8386-4130-8f1c-b2938c410828::ceiling-raw::1:3:0,1,3,0,0.0,,2.611,0.404,1.0,0d3f2993-8386-4130-8f1c-b2938c410828::roof-oblique::oblique:1,0.404,0d3f2993-8386-4130-8f1c-b2938c410828::roof-flat::flat:7,1.0,0.673,flat_matched
0d3f2993-8386-4130-8f1c-b2938c410828,0d3f2993-8386-4130-8f1c-b2938c410828::ceiling-raw::1:3:1,1,3,1,43.27,182.8,0.712,0.395,1.0,0d3f2993-8386-4130-8f1c-b2938c410828::roof-oblique::oblique:1,0.395,0d3f2993-8386-4130-8f1c-b2938c410828::roof-flat::flat:7,1.0,0.494,oblique_covered_by_flat
0d3f2993-8386-4130-8f1c-b2938c410828,0d3f2993-8386-4130-8f1c-b2938c410828::ceiling-raw::1:3:2,1,3,2,47.34,182.52,1.48,0,1.0,,0.0,0d3f2993-8386-4130-8f1c-b2938c410828::roof-flat::flat:7,1.0,,oblique_covered_by_flat
0d3f2993-8386-4130-8f1c-b2938c410828,0d3f2993-8386-4130-8f1c-b2938c410828::ceiling-raw::1:4:0,1,4,0,0.0,,0.276,1.0,1.0,0d3f2993-8386-4130-8f1c-b2938c410828::roof-oblique::oblique:0,1.0,0d3f2993-8386-4130-8f1c-b2938c410828::roof-flat::flat:7,1.0,0.663,flat_matched
0d3f2993-8386-4130-8f1c-b2938c410828,0d3f2993-8386-4130-8f1c-b2938c410828::ceiling-raw::1:4:1,1,4,1,0.0,,7.9,0.368,1.0,0d3f2993-8386-4130-8f1c-b2938c410828::roof-oblique::oblique:0,0.288,0d3f2993-8386-4130-8f1c-b2938c410828::roof-flat::flat:7,1.0,0.663,flat_matched
0d3f2993-8386-4130-8f1c-b2938c410828,0d3f2993-8386-4130-8f1c-b2938c410828::ceiling-raw::1:4:2,1,4,2,11.07,273.21,0.424,1.0,1.0,0d3f2993-8386-4130-8f1c-b2938c410828::roof-oblique::oblique:0,1.0,0d3f2993-8386-4130-8f1c-b2938c410828::roof-flat::flat:7,1.0,0.794,oblique_wrong_orientation
0d3f2993-8386-4130-8f1c-b2938c410828,0d3f2993-8386-4130-8f1c-b2938c410828::ceiling-raw::1:4:3,1,4,3,35.89,273.52,2.323,0.979,1.0,0d3f2993-8386-4130-8f1c-b2938c410828::roof-oblique::oblique:0,0.979,0d3f2993-8386-4130-8f1c-b2938c410828::roof-flat::flat:7,1.0,0.976,oblique_matched
0d3f2993-8386-4130-8f1c-b2938c410828,0d3f2993-8386-4130-8f1c-b2938c410828::ceiling-raw::1:4:4,1,4,4,45.08,194.47,0.304,1.0,1.0,0d3f2993-8386-4130-8f1c-b2938c410828::roof-oblique::oblique:0,1.0,0d3f2993-8386-4130-8f1c-b2938c410828::roof-flat::flat:7,1.0,0.579,oblique_wrong_orientation
0d3f2993-8386-4130-8f1c-b2938c410828,0d3f2993-8386-4130-8f1c-b2938c410828::ceiling-raw::1:4:5,1,4,5,46.98,273.22,0.915,0.923,1.0,0d3f2993-8386-4130-8f1c-b2938c410828::roof-oblique::oblique:0,0.923,0d3f2993-8386-4130-8f1c-b2938c410828::roof-flat::flat:7,1.0,1.0,oblique_matched
0d3f2993-8386-4130-8f1c-b2938c410828,0d3f2993-8386-4130-8f1c-b2938c410828::ceiling-raw::1:4:6,1,4,6,55.29,230.28,0.152,1.0,1.0,0d3f2993-8386-4130-8f1c-b2938c410828::roof-oblique::oblique:0,1.0,0d3f2993-8386-4130-8f1c-b2938c410828::roof-flat::flat:7,1.0,0.834,oblique_matched
0d3f2993-8386-4130-8f1c-b2938c410828,0d3f2993-8386-4130-8f1c-b2938c410828::ceiling-raw::1:4:7,1,4,7,57.35,320.6,0.848,1.0,1.0,0d3f2993-8386-4130-8f1c-b2938c410828::roof-oblique::oblique:0,1.0,0d3f2993-8386-4130-8f1c-b2938c410828::roof-flat::flat:7,1.0,0.778,oblique_wrong_orientation
0d3f2993-8386-4130-8f1c-b2938c410828,0d3f2993-8386-4130-8f1c-b2938c410828::ceiling-raw::1:5:0,1,5,0,0.0,,5.427,0,1.0,,0.0,0d3f2993-8386-4130-8f1c-b2938c410828::roof-flat::flat:7,1.0,,flat_matched
0d3f2993-8386-4130-8f1c-b2938c410828,0d3f2993-8386-4130-8f1c-b2938c410828::ceiling-raw::1:5:1,1,5,1,10.13,273.2,0.265,0,1.0,,0.0,0d3f2993-8386-4130-8f1c-b2938c410828::roof-flat::flat:7,1.0,,oblique_covered_by_flat
0d3f2993-8386-4130-8f1c-b2938c410828,0d3f2993-8386-4130-8f1c-b2938c410828::ceiling-raw::1:5:2,1,5,2,47.73,183.21,0.265,0,1.0,,0.0,0d3f2993-8386-4130-8f1c-b2938c410828::roof-flat::flat:7,1.0,,oblique_covered_by_flat
0d3f2993-8386-4130-8f1c-b2938c410828,0d3f2993-8386-4130-8f1c-b2938c410828::ceiling-raw::1:5:3,1,5,3,48.1,192.44,0.784,0,1.0,,0.0,0d3f2993-8386-4130-8f1c-b2938c410828::roof-flat::flat:7,1.0,,oblique_covered_by_flat
0d3f2993-8386-4130-8f1c-b2938c410828,0d3f2993-8386-4130-8f1c-b2938c410828::ceiling-raw::1:5:4,1,5,4,55.85,183.18,3.064,0,1.0,,0.0,0d3f2993-8386-4130-8f1c-b2938c410828::roof-flat::flat:7,1.0,,oblique_covered_by_flat
0d3f2993-8386-4130-8f1c-b2938c410828,0d3f2993-8386-4130-8f1c-b2938c410828::ceiling-raw::1:6:0,1,6,0,0.35,93.2,0.529,0,1.0,,0.0,0d3f2993-8386-4130-8f1c-b2938c410828::roof-flat::flat:8,1.0,,flat_matched
0d3f2993-8386-4130-8f1c-b2938c410828,0d3f2993-8386-4130-8f1c-b2938c410828::ceiling-raw::1:6:1,1,6,1,1.6,93.24,0.361,0.315,1.0,0d3f2993-8386-4130-8f1c-b2938c410828::roof-oblique::oblique:2,0.315,0d3f2993-8386-4130-8f1c-b2938c410828::roof-flat::flat:8,1.0,0.64,flat_matched
0d3f2993-8386-4130-8f1c-b2938c410828,0d3f2993-8386-4130-8f1c-b2938c410828::ceiling-raw::1:6:2,1,6,2,5.85,93.22,5.851,0.07,1.0,0d3f2993-8386-4130-8f1c-b2938c410828::roof-oblique::oblique:2,0.07,0d3f2993-8386-4130-8f1c-b2938c410828::roof-flat::flat:8,1.0,0.636,oblique_covered_by_flat
0d3f2993-8386-4130-8f1c-b2938c410828,0d3f2993-8386-4130-8f1c-b2938c410828::ceiling-raw::1:6:3,1,6,3,48.03,183.06,2.744,0,1.0,,0.0,0d3f2993-8386-4130-8f1c-b2938c410828::roof-flat::flat:8,1.0,,oblique_covered_by_flat
0d3f2993-8386-4130-8f1c-b2938c410828,0d3f2993-8386-4130-8f1c-b2938c410828::ceiling-raw::1:6:4,1,6,4,48.5,178.02,0.529,0,1.0,,0.0,0d3f2993-8386-4130-8f1c-b2938c410828::roof-flat::flat:8,1.0,,oblique_covered_by_flat
0d3f2993-8386-4130-8f1c-b2938c410828,0d3f2993-8386-4130-8f1c-b2938c410828::ceiling-raw::1:6:5,1,6,5,50.32,3.86,2.642,0.167,1.0,0d3f2993-8386-4130-8f1c-b2938c410828::roof-oblique::oblique:2,0.167,0d3f2993-8386-4130-8f1c-b2938c410828::roof-flat::flat:8,1.0,1.0,oblique_covered_by_flat
0d3f2993-8386-4130-8f1c-b2938c410828,0d3f2993-8386-4130-8f1c-b2938c410828::ceiling-raw::0:7:0,0,7,0,0.0,,12.819,0,1.0,,0.0,0d3f2993-8386-4130-8f1c-b2938c410828::roof-flat::flat:10,1.0,,flat_matched
0d3f2993-8386-4130-8f1c-b2938c410828,0d3f2993-8386-4130-8f1c-b2938c410828::ceiling-raw::0:10:0,0,10,0,0.0,,10.934,0,1.0,,0.0,0d3f2993-8386-4130-8f1c-b2938c410828::roof-flat::flat:11,1.0,,flat_matched
0f911051-6084-4f0d-8f9a-24fc5b20f6ff,0f911051-6084-4f0d-8f9a-24fc5b20f6ff::ceiling-raw::0:0:0,0,0,0,0.0,,50.69,0,1.0,,0.0,0f911051-6084-4f0d-8f9a-24fc5b20f6ff::roof-flat::flat:12,1.0,,flat_matched
0f911051-6084-4f0d-8f9a-24fc5b20f6ff,0f911051-6084-4f0d-8f9a-24fc5b20f6ff::ceiling-raw::0:1:0,0,1,0,0.0,,56.512,0,1.0,,0.0,0f911051-6084-4f0d-8f9a-24fc5b20f6ff::roof-flat::flat:12,1.0,,flat_matched
0f911051-6084-4f0d-8f9a-24fc5b20f6ff,0f911051-6084-4f0d-8f9a-24fc5b20f6ff::ceiling-raw::0:2:0,0,2,0,0.0,,6.553,0,1.0,,0.0,0f911051-6084-4f0d-8f9a-24fc5b20f6ff::roof-flat::flat:12,1.0,,flat_matched
0f911051-6084-4f0d-8f9a-24fc5b20f6ff,0f911051-6084-4f0d-8f9a-24fc5b20f6ff::ceiling-raw::0:3:0,0,3,0,0.0,,18.854,0,1.0,,0.0,0f911051-6084-4f0d-8f9a-24fc5b20f6ff::roof-flat::flat:12,1.0,,flat_matched
0f911051-6084-4f0d-8f9a-24fc5b20f6ff,0f911051-6084-4f0d-8f9a-24fc5b20f6ff::ceiling-raw::0:4:0,0,4,0,0.0,,9.304,0,1.0,,0.0,0f911051-6084-4f0d-8f9a-24fc5b20f6ff::roof-flat::flat:12,1.0,,flat_matched
0f911051-6084-4f0d-8f9a-24fc5b20f6ff,0f911051-6084-4f0d-8f9a-24fc5b20f6ff::ceiling-raw::0:5:0,0,5,0,0.0,,5.834,0,1.0,,0.0,0f911051-6084-4f0d-8f9a-24fc5b20f6ff::roof-flat::flat:1,1.0,,flat_matched
0f911051-6084-4f0d-8f9a-24fc5b20f6ff,0f911051-6084-4f0d-8f9a-24fc5b20f6ff::ceiling-raw::0:6:0,0,6,0,0.0,,7.287,0,1.0,,0.0,0f911051-6084-4f0d-8f9a-24fc5b20f6ff::roof-flat::flat:12,1.0,,flat_matched
0f911051-6084-4f0d-8f9a-24fc5b20f6ff,0f911051-6084-4f0d-8f9a-24fc5b20f6ff::ceiling-raw::0:6:1,0,6,1,0.0,,3.36,0,1.0,,0.0,0f911051-6084-4f0d-8f9a-24fc5b20f6ff::roof-flat::flat:12,1.0,,flat_matched
0f911051-6084-4f0d-8f9a-24fc5b20f6ff,0f911051-6084-4f0d-8f9a-24fc5b20f6ff::ceiling-raw::0:7:0,0,7,0,0.0,,1.365,0,1.0,,0.0,0f911051-6084-4f0d-8f9a-24fc5b20f6ff::roof-flat::flat:12,1.0,,flat_matched
0f911051-6084-4f0d-8f9a-24fc5b20f6ff,0f911051-6084-4f0d-8f9a-24fc5b20f6ff::ceiling-raw::0:7:1,0,7,1,0.0,,14.672,0,1.0,,0.0,0f911051-6084-4f0d-8f9a-24fc5b20f6ff::roof-flat::flat:12,1.0,,flat_matched
0f911051-6084-4f0d-8f9a-24fc5b20f6ff,0f911051-6084-4f0d-8f9a-24fc5b20f6ff::ceiling-raw::0:8:0,0,8,0,0.0,,13.602,0,1.0,,0.0,0f911051-6084-4f0d-8f9a-24fc5b20f6ff::roof-flat::flat:12,1.0,,flat_matched
0f911051-6084-4f0d-8f9a-24fc5b20f6ff,0f911051-6084-4f0d-8f9a-24fc5b20f6ff::ceiling-raw::0:9:0,0,9,0,0.0,,9.376,0,1.0,,0.0,0f911051-6084-4f0d-8f9a-24fc5b20f6ff::roof-flat::flat:12,1.0,,flat_matched
0f911051-6084-4f0d-8f9a-24fc5b20f6ff,0f911051-6084-4f0d-8f9a-24fc5b20f6ff::ceiling-raw::0:10:0,0,10,0,0.0,,11.729,0,1.0,,0.0,0f911051-6084-4f0d-8f9a-24fc5b20f6ff::roof-flat::flat:12,1.0,,flat_matched
0f911051-6084-4f0d-8f9a-24fc5b20f6ff,0f911051-6084-4f0d-8f9a-24fc5b20f6ff::ceiling-raw::0:11:0,0,11,0,1.42,319.94,39.507,0,1.0,,0.0,0f911051-6084-4f0d-8f9a-24fc5b20f6ff::roof-flat::flat:12,1.0,,flat_matched
0fe789ce-e653-4828-863c-0f6ce7fee21d,0fe789ce-e653-4828-863c-0f6ce7fee21d::ceiling-raw::1:0:0,1,0,0,0.0,,7.087,1.0,1.0,0fe789ce-e653-4828-863c-0f6ce7fee21d::roof-oblique::oblique:0,0.501,0fe789ce-e653-4828-863c-0f6ce7fee21d::roof-flat::flat:2,1.0,0.719,flat_matched
0fe789ce-e653-4828-863c-0f6ce7fee21d,0fe789ce-e653-4828-863c-0f6ce7fee21d::ceiling-raw::1:0:1,1,0,1,22.65,103.45,3.229,1.0,1.0,0fe789ce-e653-4828-863c-0f6ce7fee21d::roof-oblique::oblique:0,1.0,0fe789ce-e653-4828-863c-0f6ce7fee21d::roof-flat::flat:3,1.0,0.931,oblique_matched
0fe789ce-e653-4828-863c-0f6ce7fee21d,0fe789ce-e653-4828-863c-0f6ce7fee21d::ceiling-raw::1:0:2,1,0,2,43.54,282.89,3.411,1.0,1.0,0fe789ce-e653-4828-863c-0f6ce7fee21d::roof-oblique::oblique:1,1.0,0fe789ce-e653-4828-863c-0f6ce7fee21d::roof-flat::flat:2,1.0,1.0,oblique_matched
0fe789ce-e653-4828-863c-0f6ce7fee21d,0fe789ce-e653-4828-863c-0f6ce7fee21d::ceiling-raw::1:1:0,1,1,0,6.99,193.46,4.88,0.95,1.0,0fe789ce-e653-4828-863c-0f6ce7fee21d::roof-oblique::oblique:0,0.881,0fe789ce-e653-4828-863c-0f6ce7fee21d::roof-flat::flat:3,1.0,0.713,oblique_wrong_orientation
0fe789ce-e653-4828-863c-0f6ce7fee21d,0fe789ce-e653-4828-863c-0f6ce7fee21d::ceiling-raw::1:1:1,1,1,1,42.24,103.23,4.24,0.999,1.0,0fe789ce-e653-4828-863c-0f6ce7fee21d::roof-oblique::oblique:0,0.999,0fe789ce-e653-4828-863c-0f6ce7fee21d::roof-flat::flat:3,1.0,0.999,oblique_matched
0fe789ce-e653-4828-863c-0f6ce7fee21d,0fe789ce-e653-4828-863c-0f6ce7fee21d::ceiling-raw::1:3:0,1,3,0,0.0,,0.491,0.999,1.0,0fe789ce-e653-4828-863c-0f6ce7fee21d::roof-oblique::oblique:0,0.999,0fe789ce-e653-4828-863c-0f6ce7fee21d::roof-flat::flat:3,1.0,0.719,flat_matched
0fe789ce-e653-4828-863c-0f6ce7fee21d,0fe789ce-e653-4828-863c-0f6ce7fee21d::ceiling-raw::1:3:1,1,3,1,0.0,,8.66,1.0,1.0,0fe789ce-e653-4828-863c-0f6ce7fee21d::roof-oblique::oblique:1,0.568,0fe789ce-e653-4828-863c-0f6ce7fee21d::roof-flat::flat:2,1.0,0.73,flat_matched
0fe789ce-e653-4828-863c-0f6ce7fee21d,0fe789ce-e653-4828-863c-0f6ce7fee21d::ceiling-raw::1:3:2,1,3,2,0.0,,1.003,0.949,1.0,0fe789ce-e653-4828-863c-0f6ce7fee21d::roof-oblique::oblique:1,0.949,0fe789ce-e653-4828-863c-0f6ce7fee21d::roof-flat::flat:2,1.0,0.73,flat_matched
0fe789ce-e653-4828-863c-0f6ce7fee21d,0fe789ce-e653-4828-863c-0f6ce7fee21d::ceiling-raw::1:3:3,1,3,3,6.13,193.75,2.736,0.999,1.0,0fe789ce-e653-4828-863c-0f6ce7fee21d::roof-oblique::oblique:1,0.999,0fe789ce-e653-4828-863c-0f6ce7fee21d::roof-flat::flat:2,1.0,0.726,oblique_wrong_orientation
0fe789ce-e653-4828-863c-0f6ce7fee21d,0fe789ce-e653-4828-863c-0f6ce7fee21d::ceiling-raw::1:3:4,1,3,4,6.36,13.75,1.468,0.999,1.0,0fe789ce-e653-4828-863c-0f6ce7fee21d::roof-oblique::oblique:1,0.999,0fe789ce-e653-4828-863c-0f6ce7fee21d::roof-flat::flat:2,1.0,0.725,oblique_wrong_orientation
0fe789ce-e653-4828-863c-0f6ce7fee21d,0fe789ce-e653-4828-863c-0f6ce7fee21d::ceiling-raw::1:3:5,1,3,5,6.54,103.75,1.468,0.954,1.0,0fe789ce-e653-4828-863c-0f6ce7fee21d::roof-oblique::oblique:1,0.954,0fe789ce-e653-4828-863c-0f6ce7fee21d::roof-flat::flat:2,1.0,0.648,oblique_wrong_orientation
0fe789ce-e653-4828-863c-0f6ce7fee21d,0fe789ce-e653-4828-863c-0f6ce7fee21d::ceiling-raw::1:3:6,1,3,6,9.27,193.75,0.36,1.0,1.0,0fe789ce-e653-4828-863c-0f6ce7fee21d::roof-oblique::oblique:1,1.0,0fe789ce-e653-4828-863c-0f6ce7fee21d::roof-flat::flat:2,1.0,0.721,oblique_wrong_orientation
0fe789ce-e653-4828-863c-0f6ce7fee21d,0fe789ce-e653-4828-863c-0f6ce7fee21d::ceiling-raw::1:3:7,1,3,7,10.55,158.67,1.074,0.999,1.0,0fe789ce-e653-4828-863c-0f6ce7fee21d::roof-oblique::oblique:1,0.999,0fe789ce-e653-4828-863c-0f6ce7fee21d::roof-flat::flat:2,1.0,0.646,oblique_wrong_orientation
0fe789ce-e653-4828-863c-0f6ce7fee21d,0fe789ce-e653-4828-863c-0f6ce7fee21d::ceiling-raw::1:3:8,1,3,8,16.69,192.68,0.738,1.0,1.0,0fe789ce-e653-4828-863c-0f6ce7fee21d::roof-oblique::oblique:0,1.0,0fe789ce-e653-4828-863c-0f6ce7fee21d::roof-flat::flat:2,1.0,0.69,oblique_wrong_orientation
0fe789ce-e653-4828-863c-0f6ce7fee21d,0fe789ce-e653-4828-863c-0f6ce7fee21d::ceiling-raw::1:3:9,1,3,9,20.91,103.75,0.529,1.0,1.0,0fe789ce-e653-4828-863c-0f6ce7fee21d::roof-oblique::oblique:0,1.0,0fe789ce-e653-4828-863c-0f6ce7fee21d::roof-flat::flat:2,1.0,0.919,oblique_matched
0fe789ce-e653-4828-863c-0f6ce7fee21d,0fe789ce-e653-4828-863c-0f6ce7fee21d::ceiling-raw::1:3:10,1,3,10,21.62,283.75,0.343,1.0,1.0,0fe789ce-e653-4828-863c-0f6ce7fee21d::roof-oblique::oblique:1,1.0,0fe789ce-e653-4828-863c-0f6ce7fee21d::roof-flat::flat:2,1.0,0.931,oblique_matched
0fe789ce-e653-4828-863c-0f6ce7fee21d,0fe789ce-e653-4828-863c-0f6ce7fee21d::ceiling-raw::1:3:11,1,3,11,22.46,299.39,0.423,1.0,1.0,0fe789ce-e653-4828-863c-0f6ce7fee21d::roof-oblique::oblique:1,1.0,0fe789ce-e653-4828-863c-0f6ce7fee21d::roof-flat::flat:2,1.0,0.926,oblique_matched
0fe789ce-e653-4828-863c-0f6ce7fee21d,0fe789ce-e653-4828-863c-0f6ce7fee21d::ceiling-raw::1:3:12,1,3,12,31.13,53.01,0.804,1.0,1.0,0fe789ce-e653-4828-863c-0f6ce7fee21d::roof-oblique::oblique:0,1.0,0fe789ce-e653-4828-863c-0f6ce7fee21d::roof-flat::flat:3,1.0,0.845,oblique_matched
0fe789ce-e653-4828-863c-0f6ce7fee21d,0fe789ce-e653-4828-863c-0f6ce7fee21d::ceiling-raw::1:3:13,1,3,13,40.12,21.01,0.013,1.0,1.0,0fe789ce-e653-4828-863c-0f6ce7fee21d::roof-oblique::oblique:1,1.0,0fe789ce-e653-4828-863c-0f6ce7fee21d::roof-flat::flat:2,1.0,0.501,oblique_wrong_orientation
0fe789ce-e653-4828-863c-0f6ce7fee21d,0fe789ce-e653-4828-863c-0f6ce7fee21d::ceiling-raw::1:3:14,1,3,14,41.81,13.75,0.066,1.0,1.0,0fe789ce-e653-4828-863c-0f6ce7fee21d::roof-oblique::oblique:1,1.0,0fe789ce-e653-4828-863c-0f6ce7fee21d::roof-flat::flat:2,1.0,0.543,oblique_wrong_orientation
0fe789ce-e653-4828-863c-0f6ce7fee21d,0fe789ce-e653-4828-863c-0f6ce7fee21d::ceiling-raw::1:3:15,1,3,15,43.52,93.2,1.085,1.0,1.0,0fe789ce-e653-4828-863c-0f6ce7fee21d::roof-oblique::oblique:0,1.0,0fe789ce-e653-4828-863c-0f6ce7fee21d::roof-flat::flat:3,1.0,0.993,oblique_matched
0fe789ce-e653-4828-863c-0f6ce7fee21d,0fe789ce-e653-4828-863c-0f6ce7fee21d::ceiling-raw::1:3:16,1,3,16,44.89,259.27,0.547,1.0,1.0,0fe789ce-e653-4828-863c-0f6ce7fee21d::roof-oblique::oblique:1,1.0,0fe789ce-e653-4828-863c-0f6ce7fee21d::roof-flat::flat:2,1.0,0.957,oblique_matched
0fe789ce-e653-4828-863c-0f6ce7fee21d,0fe789ce-e653-4828-863c-0f6ce7fee21d::ceiling-raw::1:3:17,1,3,17,46.63,104.07,0.199,1.0,1.0,0fe789ce-e653-4828-863c-0f6ce7fee21d::roof-oblique::oblique:0,1.0,0fe789ce-e653-4828-863c-0f6ce7fee21d::roof-flat::flat:2,1.0,0.999,oblique_matched
0fe789ce-e653-4828-863c-0f6ce7fee21d,0fe789ce-e653-4828-863c-0f6ce7fee21d::ceiling-raw::0:4:0,0,4,0,0.0,,33.478,0,1.0,,0.0,0fe789ce-e653-4828-863c-0f6ce7fee21d::roof-flat::flat:4,1.0,,flat_matched
0fe789ce-e653-4828-863c-0f6ce7fee21d,0fe789ce-e653-4828-863c-0f6ce7fee21d::ceiling-raw::0:7:0,0,7,0,0.0,,3.646,0,1.0,,0.0,0fe789ce-e653-4828-863c-0f6ce7fee21d::roof-flat::flat:4,1.0,,flat_matched
107e8496-9bff-42bb-b776-720f44b70e55,107e8496-9bff-42bb-b776-720f44b70e55::ceiling-raw::0:0:0,0,0,0,0.0,,10.611,0.163,1.0,107e8496-9bff-42bb-b776-720f44b70e55::roof-oblique::oblique:0,0.163,107e8496-9bff-42bb-b776-720f44b70e55::roof-flat::flat:8,1.0,0.95,flat_matched
107e8496-9bff-42bb-b776-720f44b70e55,107e8496-9bff-42bb-b776-720f44b70e55::ceiling-raw::0:1:0,0,1,0,0.0,,22.934,0,1.0,,0.0,107e8496-9bff-42bb-b776-720f44b70e55::roof-flat::flat:8,1.0,,flat_matched
107e8496-9bff-42bb-b776-720f44b70e55,107e8496-9bff-42bb-b776-720f44b70e55::ceiling-raw::0:2:0,0,2,0,0.0,,9.255,0,1.0,,0.0,107e8496-9bff-42bb-b776-720f44b70e55::roof-flat::flat:8,1.0,,flat_matched
107e8496-9bff-42bb-b776-720f44b70e55,107e8496-9bff-42bb-b776-720f44b70e55::ceiling-raw::0:3:0,0,3,0,0.0,,3.575,0,1.0,,0.0,107e8496-9bff-42bb-b776-720f44b70e55::roof-flat::flat:8,1.0,,flat_matched
107e8496-9bff-42bb-b776-720f44b70e55,107e8496-9bff-42bb-b776-720f44b70e55::ceiling-raw::0:4:0,0,4,0,0.0,,8.012,0,1.0,,0.0,107e8496-9bff-42bb-b776-720f44b70e55::roof-flat::flat:8,1.0,,flat_matched
107e8496-9bff-42bb-b776-720f44b70e55,107e8496-9bff-42bb-b776-720f44b70e55::ceiling-raw::0:5:0,0,5,0,0.0,,12.547,0,1.0,,0.0,107e8496-9bff-42bb-b776-720f44b70e55::roof-flat::flat:8,1.0,,flat_matched
107e8496-9bff-42bb-b776-720f44b70e55,107e8496-9bff-42bb-b776-720f44b70e55::ceiling-raw::0:6:0,0,6,0,0.0,,13.586,0.073,1.0,107e8496-9bff-42bb-b776-720f44b70e55::roof-oblique::oblique:0,0.073,107e8496-9bff-42bb-b776-720f44b70e55::roof-flat::flat:8,1.0,0.95,flat_matched
107e8496-9bff-42bb-b776-720f44b70e55,107e8496-9bff-42bb-b776-720f44b70e55::ceiling-raw::0:7:0,0,7,0,19.14,273.14,11.554,1.0,0.38,107e8496-9bff-42bb-b776-720f44b70e55::roof-oblique::oblique:0,1.0,107e8496-9bff-42bb-b776-720f44b70e55::roof-flat::flat:8,0.376,1.0,oblique_matched
107e8496-9bff-42bb-b776-720f44b70e55,107e8496-9bff-42bb-b776-720f44b70e55::ceiling-raw::0:8:0,0,8,0,17.48,274.11,1.918,1.0,1.0,107e8496-9bff-42bb-b776-720f44b70e55::roof-oblique::oblique:0,1.0,107e8496-9bff-42bb-b776-720f44b70e55::roof-flat::flat:7,1.0,1.0,oblique_matched
10d27382-8fce-456b-897d-3d5194ff5de5,10d27382-8fce-456b-897d-3d5194ff5de5::ceiling-raw::1:0:0,1,0,0,0.0,,10.629,0,1.0,,0.0,10d27382-8fce-456b-897d-3d5194ff5de5::roof-flat::flat:7,1.0,,flat_matched
10d27382-8fce-456b-897d-3d5194ff5de5,10d27382-8fce-456b-897d-3d5194ff5de5::ceiling-raw::1:1:0,1,1,0,0.0,,6.132,0,1.0,,0.0,10d27382-8fce-456b-897d-3d5194ff5de5::roof-flat::flat:7,1.0,,flat_matched
10d27382-8fce-456b-897d-3d5194ff5de5,10d27382-8fce-456b-897d-3d5194ff5de5::ceiling-raw::1:2:0,1,2,0,0.0,,23.719,0,1.0,,0.0,10d27382-8fce-456b-897d-3d5194ff5de5::roof-flat::flat:7,1.0,,flat_matched
10d27382-8fce-456b-897d-3d5194ff5de5,10d27382-8fce-456b-897d-3d5194ff5de5::ceiling-raw::1:3:0,1,3,0,0.0,,4.46,0,1.0,,0.0,10d27382-8fce-456b-897d-3d5194ff5de5::roof-flat::flat:7,1.0,,flat_matched
10d27382-8fce-456b-897d-3d5194ff5de5,10d27382-8fce-456b-897d-3d5194ff5de5::ceiling-raw::1:4:0,1,4,0,0.0,,6.605,0,1.0,,0.0,10d27382-8fce-456b-897d-3d5194ff5de5::roof-flat::flat:7,1.0,,flat_matched
10d27382-8fce-456b-897d-3d5194ff5de5,10d27382-8fce-456b-897d-3d5194ff5de5::ceiling-raw::1:5:0,1,5,0,0.0,,15.224,0,1.0,,0.0,10d27382-8fce-456b-897d-3d5194ff5de5::roof-flat::flat:7,1.0,,flat_matched
10d27382-8fce-456b-897d-3d5194ff5de5,10d27382-8fce-456b-897d-3d5194ff5de5::ceiling-raw::1:6:0,1,6,0,0.0,,4.891,0,1.0,,0.0,10d27382-8fce-456b-897d-3d5194ff5de5::roof-flat::flat:7,1.0,,flat_matched
10d27382-8fce-456b-897d-3d5194ff5de5,10d27382-8fce-456b-897d-3d5194ff5de5::ceiling-raw::1:7:0,1,7,0,0.0,,8.256,0,1.0,,0.0,10d27382-8fce-456b-897d-3d5194ff5de5::roof-flat::flat:7,1.0,,flat_matched
10d27382-8fce-456b-897d-3d5194ff5de5,10d27382-8fce-456b-897d-3d5194ff5de5::ceiling-raw::0:8:0,0,8,0,0.0,,4.888,0,1.0,,0.0,10d27382-8fce-456b-897d-3d5194ff5de5::roof-flat::flat:8,1.0,,flat_matched
117d172e-00d6-436e-8df2-050f25977602,117d172e-00d6-436e-8df2-050f25977602::ceiling-raw::0:1:0,0,1,0,0.0,,25.33,0,1.0,,0.0,117d172e-00d6-436e-8df2-050f25977602::roof-flat::flat:1,1.0,,flat_matched
117d172e-00d6-436e-8df2-050f25977602,117d172e-00d6-436e-8df2-050f25977602::ceiling-raw::0:2:0,0,2,0,0.0,,3.031,0,0.014,,0.0,117d172e-00d6-436e-8df2-050f25977602::roof-flat::flat:1,0.014,,uncovered
117d172e-00d6-436e-8df2-050f25977602,117d172e-00d6-436e-8df2-050f25977602::ceiling-raw::1:5:0,1,5,0,0.0,,6.009,1.0,0,117d172e-00d6-436e-8df2-050f25977602::roof-oblique::oblique:0,0.518,,0.0,0.699,flat_covered_by_oblique
117d172e-00d6-436e-8df2-050f25977602,117d172e-00d6-436e-8df2-050f25977602::ceiling-raw::1:5:1,1,5,1,40.64,234.65,0.668,1.0,0,117d172e-00d6-436e-8df2-050f25977602::roof-oblique::oblique:1,1.0,,0.0,0.997,oblique_matched
117d172e-00d6-436e-8df2-050f25977602,117d172e-00d6-436e-8df2-050f25977602::ceiling-raw::1:5:2,1,5,2,44.8,61.83,0.44,1.0,0,117d172e-00d6-436e-8df2-050f25977602::roof-oblique::oblique:0,1.0,,0.0,0.992,oblique_matched
117d172e-00d6-436e-8df2-050f25977602,117d172e-00d6-436e-8df2-050f25977602::ceiling-raw::1:5:3,1,5,3,45.21,51.71,3.713,1.0,0,117d172e-00d6-436e-8df2-050f25977602::roof-oblique::oblique:0,1.0,,0.0,1.0,oblique_matched
117d172e-00d6-436e-8df2-050f25977602,117d172e-00d6-436e-8df2-050f25977602::ceiling-raw::1:5:4,1,5,4,48.77,231.71,0.502,1.0,0,117d172e-00d6-436e-8df2-050f25977602::roof-oblique::oblique:1,1.0,,0.0,0.998,oblique_matched
117d172e-00d6-436e-8df2-050f25977602,117d172e-00d6-436e-8df2-050f25977602::ceiling-raw::1:6:0,1,6,0,13.31,321.74,0.231,1.0,0,117d172e-00d6-436e-8df2-050f25977602::roof-oblique::oblique:1,1.0,,0.0,0.689,oblique_wrong_orientation
117d172e-00d6-436e-8df2-050f25977602,117d172e-00d6-436e-8df2-050f25977602::ceiling-raw::1:6:1,1,6,1,13.31,321.73,0.162,1.0,0,117d172e-00d6-436e-8df2-050f25977602::roof-oblique::oblique:1,1.0,,0.0,0.689,oblique_wrong_orientation
117d172e-00d6-436e-8df2-050f25977602,117d172e-00d6-436e-8df2-050f25977602::ceiling-raw::1:6:2,1,6,2,17.67,252.33,0.231,1.0,0,117d172e-00d6-436e-8df2-050f25977602::roof-oblique::oblique:1,1.0,,0.0,0.875,oblique_matched
117d172e-00d6-436e-8df2-050f25977602,117d172e-00d6-436e-8df2-050f25977602::ceiling-raw::1:6:3,1,6,3,28.82,243.44,0.128,1.0,0,117d172e-00d6-436e-8df2-050f25977602::roof-oblique::oblique:1,1.0,,0.0,0.954,oblique_matched
117d172e-00d6-436e-8df2-050f25977602,117d172e-00d6-436e-8df2-050f25977602::ceiling-raw::1:6:4,1,6,4,45.01,233.77,2.039,0.997,0,117d172e-00d6-436e-8df2-050f25977602::roof-oblique::oblique:1,0.997,,0.0,1.0,oblique_matched
117d172e-00d6-436e-8df2-050f25977602,117d172e-00d6-436e-8df2-050f25977602::ceiling-raw::1:6:5,1,6,5,63.82,234.84,0.074,1.0,0,117d172e-00d6-436e-8df2-050f25977602::roof-oblique::oblique:1,1.0,,0.0,0.945,oblique_matched
117d172e-00d6-436e-8df2-050f25977602,117d172e-00d6-436e-8df2-050f25977602::ceiling-raw::1:6:6,1,6,6,64.01,48.55,0.034,1.0,0,117d172e-00d6-436e-8df2-050f25977602::roof-oblique::oblique:1,1.0,,0.0,0.323,oblique_wrong_orientation
117d172e-00d6-436e-8df2-050f25977602,117d172e-00d6-436e-8df2-050f25977602::ceiling-raw::1:6:7,1,6,7,0.0,,3.868,1.0,0,117d172e-00d6-436e-8df2-050f25977602::roof-oblique::oblique:1,0.669,,0.0,0.708,flat_covered_by_oblique
117d172e-00d6-436e-8df2-050f25977602,117d172e-00d6-436e-8df2-050f25977602::ceiling-raw::1:6:8,1,6,8,0.0,,0.179,1.0,0,117d172e-00d6-436e-8df2-050f25977602::roof-oblique::oblique:1,1.0,,0.0,0.708,flat_covered_by_oblique
117d172e-00d6-436e-8df2-050f25977602,117d172e-00d6-436e-8df2-050f25977602::ceiling-raw::1:6:9,1,6,9,17.67,252.31,0.256,1.0,0,117d172e-00d6-436e-8df2-050f25977602::roof-oblique::oblique:1,1.0,,0.0,0.875,oblique_matched
117d172e-00d6-436e-8df2-050f25977602,117d172e-00d6-436e-8df2-050f25977602::ceiling-raw::1:6:10,1,6,10,22.08,141.7,0.108,1.0,0,117d172e-00d6-436e-8df2-050f25977602::roof-oblique::oblique:1,1.0,,0.0,0.656,oblique_wrong_orientation
117d172e-00d6-436e-8df2-050f25977602,117d172e-00d6-436e-8df2-050f25977602::ceiling-raw::1:6:11,1,6,11,28.82,243.46,0.142,1.0,0,117d172e-00d6-436e-8df2-050f25977602::roof-oblique::oblique:1,1.0,,0.0,0.954,oblique_matched
117d172e-00d6-436e-8df2-050f25977602,117d172e-00d6-436e-8df2-050f25977602::ceiling-raw::1:6:12,1,6,12,42.84,231.73,0.05,0.995,0,117d172e-00d6-436e-8df2-050f25977602::roof-oblique::oblique:1,0.995,,0.0,0.999,oblique_matched
117d172e-00d6-436e-8df2-050f25977602,117d172e-00d6-436e-8df2-050f25977602::ceiling-raw::1:6:13,1,6,13,42.81,231.68,0.108,1.0,0,117d172e-00d6-436e-8df2-050f25977602::roof-oblique::oblique:1,1.0,,0.0,0.999,oblique_matched
117d172e-00d6-436e-8df2-050f25977602,117d172e-00d6-436e-8df2-050f25977602::ceiling-raw::1:6:14,1,6,14,42.82,246.52,0.146,1.0,0,117d172e-00d6-436e-8df2-050f25977602::roof-oblique::oblique:1,1.0,,0.0,0.983,oblique_matched
117d172e-00d6-436e-8df2-050f25977602,117d172e-00d6-436e-8df2-050f25977602::ceiling-raw::1:6:15,1,6,15,42.91,216.14,0.143,1.0,0,117d172e-00d6-436e-8df2-050f25977602::roof-oblique::oblique:1,1.0,,0.0,0.982,oblique_matched
117d172e-00d6-436e-8df2-050f25977602,117d172e-00d6-436e-8df2-050f25977602::ceiling-raw::1:6:16,1,6,16,63.82,234.84,0.082,1.0,0,117d172e-00d6-436e-8df2-050f25977602::roof-oblique::oblique:1,1.0,,0.0,0.945,oblique_matched
117d172e-00d6-436e-8df2-050f25977602,117d172e-00d6-436e-8df2-050f25977602::ceiling-raw::1:6:17,1,6,17,64.01,48.54,0.037,1.0,0,117d172e-00d6-436e-8df2-050f25977602::roof-oblique::oblique:1,1.0,,0.0,0.323,oblique_wrong_orientation
117d172e-00d6-436e-8df2-050f25977602,117d172e-00d6-436e-8df2-050f25977602::ceiling-raw::1:6:18,1,6,18,71.2,231.74,0.083,0.994,0,117d172e-00d6-436e-8df2-050f25977602::roof-oblique::oblique:1,0.994,,0.0,0.897,oblique_matched
117d172e-00d6-436e-8df2-050f25977602,117d172e-00d6-436e-8df2-050f25977602::ceiling-raw::1:6:19,1,6,19,71.37,223.82,0.05,1.0,0,117d172e-00d6-436e-8df2-050f25977602::roof-oblique::oblique:1,1.0,,0.0,0.889,oblique_matched
117d172e-00d6-436e-8df2-050f25977602,117d172e-00d6-436e-8df2-050f25977602::ceiling-raw::1:7:0,1,7,0,0.0,,8.248,1.0,0,117d172e-00d6-436e-8df2-050f25977602::roof-oblique::oblique:1,0.529,,0.0,0.708,flat_covered_by_oblique
117d172e-00d6-436e-8df2-050f25977602,117d172e-00d6-436e-8df2-050f25977602::ceiling-raw::1:7:1,1,7,1,46.16,51.73,4.52,1.0,0,117d172e-00d6-436e-8df2-050f25977602::roof-oblique::oblique:0,1.0,,0.0,1.0,oblique_matched
117d172e-00d6-436e-8df2-050f25977602,117d172e-00d6-436e-8df2-050f25977602::ceiling-raw::1:8:0,1,8,0,0.0,,2.078,1.0,0,117d172e-00d6-436e-8df2-050f25977602::roof-oblique::oblique:0,1.0,,0.0,0.699,flat_covered_by_oblique
117d172e-00d6-436e-8df2-050f25977602,117d172e-00d6-436e-8df2-050f25977602::ceiling-raw::1:8:1,1,8,1,45.17,51.61,4.507,1.0,0,117d172e-00d6-436e-8df2-050f25977602::roof-oblique::oblique:0,1.0,,0.0,1.0,oblique_matched
121ff4c2-ec13-46b8-b557-b31775259e5d,121ff4c2-ec13-46b8-b557-b31775259e5d::ceiling-raw::0:0:0,0,0,0,0.0,,5.981,0,1.0,,0.0,121ff4c2-ec13-46b8-b557-b31775259e5d::roof-flat::flat:7,1.0,,flat_matched
121ff4c2-ec13-46b8-b557-b31775259e5d,121ff4c2-ec13-46b8-b557-b31775259e5d::ceiling-raw::0:1:0,0,1,0,0.0,,35.355,0,1.0,,0.0,121ff4c2-ec13-46b8-b557-b31775259e5d::roof-flat::flat:7,1.0,,flat_matched
121ff4c2-ec13-46b8-b557-b31775259e5d,121ff4c2-ec13-46b8-b557-b31775259e5d::ceiling-raw::0:2:0,0,2,0,0.0,,7.235,0,1.0,,0.0,121ff4c2-ec13-46b8-b557-b31775259e5d::roof-flat::flat:7,1.0,,flat_matched
121ff4c2-ec13-46b8-b557-b31775259e5d,121ff4c2-ec13-46b8-b557-b31775259e5d::ceiling-raw::0:3:0,0,3,0,24.66,308.53,3.436,0,1.0,,0.0,121ff4c2-ec13-46b8-b557-b31775259e5d::roof-flat::flat:7,1.0,,oblique_covered_by_flat
121ff4c2-ec13-46b8-b557-b31775259e5d,121ff4c2-ec13-46b8-b557-b31775259e5d::ceiling-raw::0:4:0,0,4,0,0.0,,6.901,0,1.0,,0.0,121ff4c2-ec13-46b8-b557-b31775259e5d::roof-flat::flat:7,1.0,,flat_matched
121ff4c2-ec13-46b8-b557-b31775259e5d,121ff4c2-ec13-46b8-b557-b31775259e5d::ceiling-raw::0:5:0,0,5,0,0.0,,10.469,0,1.0,,0.0,121ff4c2-ec13-46b8-b557-b31775259e5d::roof-flat::flat:7,1.0,,flat_matched
121ff4c2-ec13-46b8-b557-b31775259e5d,121ff4c2-ec13-46b8-b557-b31775259e5d::ceiling-raw::0:6:0,0,6,0,0.0,,7.229,0,1.0,,0.0,121ff4c2-ec13-46b8-b557-b31775259e5d::roof-flat::flat:7,1.0,,flat_matched
146ecf8b-ffa1-4239-ba58-040b61861fd9,146ecf8b-ffa1-4239-ba58-040b61861fd9::ceiling-raw::0:0:0,0,0,0,0.0,,0.954,1.0,1.0,146ecf8b-ffa1-4239-ba58-040b61861fd9::roof-oblique::oblique:1,0.553,146ecf8b-ffa1-4239-ba58-040b61861fd9::roof-flat::flat:3,1.0,0.952,flat_matched
146ecf8b-ffa1-4239-ba58-040b61861fd9,146ecf8b-ffa1-4239-ba58-040b61861fd9::ceiling-raw::0:0:1,0,0,1,36.1,191.59,5.144,0.998,1.0,146ecf8b-ffa1-4239-ba58-040b61861fd9::roof-oblique::oblique:0,0.998,146ecf8b-ffa1-4239-ba58-040b61861fd9::roof-flat::flat:3,1.0,0.947,oblique_matched
146ecf8b-ffa1-4239-ba58-040b61861fd9,146ecf8b-ffa1-4239-ba58-040b61861fd9::ceiling-raw::0:0:2,0,0,2,34.2,6.19,2.096,1.0,1.0,146ecf8b-ffa1-4239-ba58-040b61861fd9::roof-oblique::oblique:1,0.999,146ecf8b-ffa1-4239-ba58-040b61861fd9::roof-flat::flat:3,1.0,0.959,oblique_matched
146ecf8b-ffa1-4239-ba58-040b61861fd9,146ecf8b-ffa1-4239-ba58-040b61861fd9::ceiling-raw::0:0:3,0,0,3,39.25,10.39,2.84,1.0,1.0,146ecf8b-ffa1-4239-ba58-040b61861fd9::roof-oblique::oblique:1,1.0,146ecf8b-ffa1-4239-ba58-040b61861fd9::roof-flat::flat:3,1.0,0.931,oblique_matched
146ecf8b-ffa1-4239-ba58-040b61861fd9,146ecf8b-ffa1-4239-ba58-040b61861fd9::ceiling-raw::0:1:0,0,1,0,0.0,,1.807,0.908,1.0,146ecf8b-ffa1-4239-ba58-040b61861fd9::roof-oblique::oblique:1,0.908,146ecf8b-ffa1-4239-ba58-040b61861fd9::roof-flat::flat:4,1.0,0.952,flat_matched
146ecf8b-ffa1-4239-ba58-040b61861fd9,146ecf8b-ffa1-4239-ba58-040b61861fd9::ceiling-raw::0:1:1,0,1,1,25.63,10.39,3.007,1.0,1.0,146ecf8b-ffa1-4239-ba58-040b61861fd9::roof-oblique::oblique:1,1.0,146ecf8b-ffa1-4239-ba58-040b61861fd9::roof-flat::flat:4,1.0,0.991,oblique_matched
146ecf8b-ffa1-4239-ba58-040b61861fd9,146ecf8b-ffa1-4239-ba58-040b61861fd9::ceiling-raw::0:1:2,0,1,2,26.52,280.39,2.443,1.0,1.0,146ecf8b-ffa1-4239-ba58-040b61861fd9::roof-oblique::oblique:1,1.0,146ecf8b-ffa1-4239-ba58-040b61861fd9::roof-flat::flat:1,1.0,0.852,oblique_matched
146ecf8b-ffa1-4239-ba58-040b61861fd9,146ecf8b-ffa1-4239-ba58-040b61861fd9::ceiling-raw::0:1:3,0,1,3,32.04,265.94,0.97,1.0,1.0,146ecf8b-ffa1-4239-ba58-040b61861fd9::roof-oblique::oblique:1,1.0,146ecf8b-ffa1-4239-ba58-040b61861fd9::roof-flat::flat:1,1.0,0.766,oblique_wrong_orientation
146ecf8b-ffa1-4239-ba58-040b61861fd9,146ecf8b-ffa1-4239-ba58-040b61861fd9::ceiling-raw::0:2:0,0,2,0,0.0,,10.753,0.758,1.0,146ecf8b-ffa1-4239-ba58-040b61861fd9::roof-oblique::oblique:1,0.758,146ecf8b-ffa1-4239-ba58-040b61861fd9::roof-flat::flat:5,1.0,0.952,flat_matched
146ecf8b-ffa1-4239-ba58-040b61861fd9,146ecf8b-ffa1-4239-ba58-040b61861fd9::ceiling-raw::1:4:0,1,4,0,0.0,,0.589,1.0,0,146ecf8b-ffa1-4239-ba58-040b61861fd9::roof-oblique::oblique:2,1.0,,0.0,0.623,flat_covered_by_oblique
146ecf8b-ffa1-4239-ba58-040b61861fd9,146ecf8b-ffa1-4239-ba58-040b61861fd9::ceiling-raw::1:4:1,1,4,1,22.23,279.43,0.972,1.0,0,146ecf8b-ffa1-4239-ba58-040b61861fd9::roof-oblique::oblique:2,1.0,,0.0,0.576,oblique_wrong_orientation
146ecf8b-ffa1-4239-ba58-040b61861fd9,146ecf8b-ffa1-4239-ba58-040b61861fd9::ceiling-raw::1:4:2,1,4,2,44.05,279.43,0.502,1.0,0,146ecf8b-ffa1-4239-ba58-040b61861fd9::roof-oblique::oblique:2,1.0,,0.0,0.448,oblique_wrong_orientation
146ecf8b-ffa1-4239-ba58-040b61861fd9,146ecf8b-ffa1-4239-ba58-040b61861fd9::ceiling-raw::1:4:3,1,4,3,51.34,189.43,1.577,1.0,0,146ecf8b-ffa1-4239-ba58-040b61861fd9::roof-oblique::oblique:2,1.0,,0.0,1.0,oblique_matched
146ecf8b-ffa1-4239-ba58-040b61861fd9,146ecf8b-ffa1-4239-ba58-040b61861fd9::ceiling-raw::1:4:4,1,4,4,52.04,176.6,0.589,1.0,0,146ecf8b-ffa1-4239-ba58-040b61861fd9::roof-oblique::oblique:2,1.0,,0.0,0.985,oblique_matched
146ecf8b-ffa1-4239-ba58-040b61861fd9,146ecf8b-ffa1-4239-ba58-040b61861fd9::ceiling-raw::1:4:5,1,4,5,57.84,226.89,0.451,1.0,0,146ecf8b-ffa1-4239-ba58-040b61861fd9::roof-oblique::oblique:2,1.0,,0.0,0.857,oblique_matched
146ecf8b-ffa1-4239-ba58-040b61861fd9,146ecf8b-ffa1-4239-ba58-040b61861fd9::ceiling-raw::1:4:6,1,4,6,59.78,189.42,0.451,0.999,0,146ecf8b-ffa1-4239-ba58-040b61861fd9::roof-oblique::oblique:2,0.999,,0.0,0.99,oblique_matched
146ecf8b-ffa1-4239-ba58-040b61861fd9,146ecf8b-ffa1-4239-ba58-040b61861fd9::ceiling-raw::1:4:7,1,4,7,60.12,180.02,1.577,1.0,0,146ecf8b-ffa1-4239-ba58-040b61861fd9::roof-oblique::oblique:2,1.0,,0.0,0.98,oblique_matched
146ecf8b-ffa1-4239-ba58-040b61861fd9,146ecf8b-ffa1-4239-ba58-040b61861fd9::ceiling-raw::1:4:8,1,4,8,61.41,9.43,0.577,1.0,0,146ecf8b-ffa1-4239-ba58-040b61861fd9::roof-oblique::oblique:2,1.0,,0.0,0.389,oblique_wrong_orientation
146ecf8b-ffa1-4239-ba58-040b61861fd9,146ecf8b-ffa1-4239-ba58-040b61861fd9::ceiling-raw::1:4:9,1,4,9,62.14,23.52,0.165,1.0,0,146ecf8b-ffa1-4239-ba58-040b61861fd9::roof-oblique::oblique:2,1.0,,0.0,0.38,oblique_wrong_orientation
146ecf8b-ffa1-4239-ba58-040b61861fd9,146ecf8b-ffa1-4239-ba58-040b61861fd9::ceiling-raw::1:5:0,1,5,0,0.0,,11.759,1.0,0,146ecf8b-ffa1-4239-ba58-040b61861fd9::roof-oblique::oblique:3,0.976,,0.0,0.635,flat_covered_by_oblique
146ecf8b-ffa1-4239-ba58-040b61861fd9,146ecf8b-ffa1-4239-ba58-040b61861fd9::ceiling-raw::1:6:0,1,6,0,0.0,,11.508,1.0,0,146ecf8b-ffa1-4239-ba58-040b61861fd9::roof-oblique::oblique:3,0.543,,0.0,0.635,flat_covered_by_oblique
146ecf8b-ffa1-4239-ba58-040b61861fd9,146ecf8b-ffa1-4239-ba58-040b61861fd9::ceiling-raw::1:6:1,1,6,1,5.11,99.43,0.936,1.0,0,146ecf8b-ffa1-4239-ba58-040b61861fd9::roof-oblique::oblique:2,1.0,,0.0,0.62,oblique_wrong_orientation
146ecf8b-ffa1-4239-ba58-040b61861fd9,146ecf8b-ffa1-4239-ba58-040b61861fd9::ceiling-raw::1:6:2,1,6,2,35.64,189.43,0.936,1.0,0,146ecf8b-ffa1-4239-ba58-040b61861fd9::roof-oblique::oblique:2,1.0,,0.0,0.962,oblique_matched
146ecf8b-ffa1-4239-ba58-040b61861fd9,146ecf8b-ffa1-4239-ba58-040b61861fd9::ceiling-raw::1:6:3,1,6,3,50.95,9.25,4.875,0.999,0,146ecf8b-ffa1-4239-ba58-040b61861fd9::roof-oblique::oblique:3,0.999,,0.0,1.0,oblique_matched
16784bad-2cd9-4f4c-bb26-60355981cfe2,16784bad-2cd9-4f4c-bb26-60355981cfe2::ceiling-raw::1:0:0,1,0,0,0.0,,9.892,0.849,0,16784bad-2cd9-4f4c-bb26-60355981cfe2::roof-oblique::oblique:1,0.695,,0.0,0.693,flat_covered_by_oblique
16784bad-2cd9-4f4c-bb26-60355981cfe2,16784bad-2cd9-4f4c-bb26-60355981cfe2::ceiling-raw::1:0:1,1,0,1,5.77,84.77,0.39,0.56,0,16784bad-2cd9-4f4c-bb26-60355981cfe2::roof-oblique::oblique:1,0.554,,0.0,0.762,oblique_wrong_orientation
16784bad-2cd9-4f4c-bb26-60355981cfe2,16784bad-2cd9-4f4c-bb26-60355981cfe2::ceiling-raw::1:0:2,1,0,2,44.1,264.74,0.129,1.0,0,16784bad-2cd9-4f4c-bb26-60355981cfe2::roof-oblique::oblique:0,1.0,,0.0,1.0,oblique_matched
16784bad-2cd9-4f4c-bb26-60355981cfe2,16784bad-2cd9-4f4c-bb26-60355981cfe2::ceiling-raw::1:0:3,1,0,3,45.34,84.76,2.766,1.0,0,16784bad-2cd9-4f4c-bb26-60355981cfe2::roof-oblique::oblique:1,1.0,,0.0,1.0,oblique_matched
16784bad-2cd9-4f4c-bb26-60355981cfe2,16784bad-2cd9-4f4c-bb26-60355981cfe2::ceiling-raw::1:0:4,1,0,4,46.23,264.77,1.214,1.0,0,16784bad-2cd9-4f4c-bb26-60355981cfe2::roof-oblique::oblique:0,1.0,,0.0,1.0,oblique_matched
16784bad-2cd9-4f4c-bb26-60355981cfe2,16784bad-2cd9-4f4c-bb26-60355981cfe2::ceiling-raw::1:0:5,1,0,5,46.57,354.77,0.39,0.255,0,16784bad-2cd9-4f4c-bb26-60355981cfe2::roof-oblique::oblique:2,0.144,,0.0,1.0,oblique_partial
16784bad-2cd9-4f4c-bb26-60355981cfe2,16784bad-2cd9-4f4c-bb26-60355981cfe2::ceiling-raw::1:0:6,1,0,6,46.7,0.23,1.385,0.255,0,16784bad-2cd9-4f4c-bb26-60355981cfe2::roof-oblique::oblique:2,0.145,,0.0,0.997,oblique_partial
16784bad-2cd9-4f4c-bb26-60355981cfe2,16784bad-2cd9-4f4c-bb26-60355981cfe2::ceiling-raw::1:0:7,1,0,7,49.55,237.62,0.119,1.0,0,16784bad-2cd9-4f4c-bb26-60355981cfe2::roof-oblique::oblique:0,1.0,,0.0,0.938,oblique_matched
16784bad-2cd9-4f4c-bb26-60355981cfe2,16784bad-2cd9-4f4c-bb26-60355981cfe2::ceiling-raw::1:0:8,1,0,8,53.54,354.77,1.385,0.559,0,16784bad-2cd9-4f4c-bb26-60355981cfe2::roof-oblique::oblique:1,0.554,,0.0,0.413,oblique_wrong_orientation
16784bad-2cd9-4f4c-bb26-60355981cfe2,16784bad-2cd9-4f4c-bb26-60355981cfe2::ceiling-raw::1:0:9,1,0,9,59.39,31.55,0.63,1.0,0,16784bad-2cd9-4f4c-bb26-60355981cfe2::roof-oblique::oblique:1,1.0,,0.0,0.725,oblique_wrong_orientation
16784bad-2cd9-4f4c-bb26-60355981cfe2,16784bad-2cd9-4f4c-bb26-60355981cfe2::ceiling-raw::1:1:0,1,1,0,0.0,,3.907,1.0,0,16784bad-2cd9-4f4c-bb26-60355981cfe2::roof-oblique::oblique:0,0.881,,0.0,0.701,flat_covered_by_oblique
16784bad-2cd9-4f4c-bb26-60355981cfe2,16784bad-2cd9-4f4c-bb26-60355981cfe2::ceiling-raw::1:1:1,1,1,1,45.22,264.92,3.999,0.999,0,16784bad-2cd9-4f4c-bb26-60355981cfe2::roof-oblique::oblique:0,0.999,,0.0,1.0,oblique_matched
16784bad-2cd9-4f4c-bb26-60355981cfe2,16784bad-2cd9-4f4c-bb26-60355981cfe2::ceiling-raw::1:2:0,1,2,0,0.0,,9.217,1.0,0,16784bad-2cd9-4f4c-bb26-60355981cfe2::roof-oblique::oblique:0,0.51,,0.0,0.701,flat_covered_by_oblique
16784bad-2cd9-4f4c-bb26-60355981cfe2,16784bad-2cd9-4f4c-bb26-60355981cfe2::ceiling-raw::1:2:1,1,2,1,46.07,84.68,5.046,1.0,0,16784bad-2cd9-4f4c-bb26-60355981cfe2::roof-oblique::oblique:1,1.0,,0.0,1.0,oblique_matched
16784bad-2cd9-4f4c-bb26-60355981cfe2,16784bad-2cd9-4f4c-bb26-60355981cfe2::ceiling-raw::1:2:2,1,2,2,46.07,264.59,5.046,1.0,0,16784bad-2cd9-4f4c-bb26-60355981cfe2::roof-oblique::oblique:0,1.0,,0.0,1.0,oblique_matched
16784bad-2cd9-4f4c-bb26-60355981cfe2,16784bad-2cd9-4f4c-bb26-60355981cfe2::ceiling-raw::1:3:0,1,3,0,0.0,,6.175,1.0,0,16784bad-2cd9-4f4c-bb26-60355981cfe2::roof-oblique::oblique:3,0.471,,0.0,0.704,flat_covered_by_oblique
16784bad-2cd9-4f4c-bb26-60355981cfe2,16784bad-2cd9-4f4c-bb26-60355981cfe2::ceiling-raw::1:3:1,1,3,1,0.0,,0.172,0.999,0,16784bad-2cd9-4f4c-bb26-60355981cfe2::roof-oblique::oblique:3,0.999,,0.0,0.704,flat_covered_by_oblique
16784bad-2cd9-4f4c-bb26-60355981cfe2,16784bad-2cd9-4f4c-bb26-60355981cfe2::ceiling-raw::1:3:2,1,3,2,37.04,174.64,0.232,1.0,0,16784bad-2cd9-4f4c-bb26-60355981cfe2::roof-oblique::oblique:1,0.752,,0.0,0.554,oblique_wrong_orientation
16784bad-2cd9-4f4c-bb26-60355981cfe2,16784bad-2cd9-4f4c-bb26-60355981cfe2::ceiling-raw::1:3:3,1,3,3,44.95,265.97,3.24,0.999,0,16784bad-2cd9-4f4c-bb26-60355981cfe2::roof-oblique::oblique:0,0.999,,0.0,1.0,oblique_matched
16784bad-2cd9-4f4c-bb26-60355981cfe2,16784bad-2cd9-4f4c-bb26-60355981cfe2::ceiling-raw::1:3:4,1,3,4,46.93,84.63,0.134,1.0,0,16784bad-2cd9-4f4c-bb26-60355981cfe2::roof-oblique::oblique:3,1.0,,0.0,0.481,oblique_wrong_orientation
16784bad-2cd9-4f4c-bb26-60355981cfe2,16784bad-2cd9-4f4c-bb26-60355981cfe2::ceiling-raw::1:3:5,1,3,5,60.32,84.64,0.236,1.0,0,16784bad-2cd9-4f4c-bb26-60355981cfe2::roof-oblique::oblique:3,0.976,,0.0,0.349,oblique_wrong_orientation
16784bad-2cd9-4f4c-bb26-60355981cfe2,16784bad-2cd9-4f4c-bb26-60355981cfe2::ceiling-raw::1:4:0,1,4,0,0.0,,4.71,0.459,0,16784bad-2cd9-4f4c-bb26-60355981cfe2::roof-oblique::oblique:2,0.459,,0.0,0.676,flat_partial
16784bad-2cd9-4f4c-bb26-60355981cfe2,16784bad-2cd9-4f4c-bb26-60355981cfe2::ceiling-raw::1:4:1,1,4,1,47.9,354.44,2.313,0.999,0,16784bad-2cd9-4f4c-bb26-60355981cfe2::roof-oblique::oblique:2,0.999,,0.0,1.0,oblique_matched
16784bad-2cd9-4f4c-bb26-60355981cfe2,16784bad-2cd9-4f4c-bb26-60355981cfe2::ceiling-raw::1:4:2,1,4,2,48.24,175.11,2.284,0,0,,0.0,,0.0,,uncovered
16784bad-2cd9-4f4c-bb26-60355981cfe2,16784bad-2cd9-4f4c-bb26-60355981cfe2::ceiling-raw::1:5:0,1,5,0,0.0,,3.229,0.534,0,16784bad-2cd9-4f4c-bb26-60355981cfe2::roof-oblique::oblique:1,0.534,,0.0,0.693,flat_covered_by_oblique
16784bad-2cd9-4f4c-bb26-60355981cfe2,16784bad-2cd9-4f4c-bb26-60355981cfe2::ceiling-raw::1:5:1,1,5,1,46.28,174.64,3.6,0.534,0,16784bad-2cd9-4f4c-bb26-60355981cfe2::roof-oblique::oblique:1,0.497,,0.0,0.48,oblique_wrong_orientation
1825a812-09d0-4407-9265-182a07053cfc,1825a812-09d0-4407-9265-182a07053cfc::ceiling-raw::0:0:0,0,0,0,0.0,,11.012,0,1.0,,0.0,1825a812-09d0-4407-9265-182a07053cfc::roof-flat::flat:10,1.0,,flat_matched
1825a812-09d0-4407-9265-182a07053cfc,1825a812-09d0-4407-9265-182a07053cfc::ceiling-raw::0:1:0,0,1,0,0.0,,7.773,0,1.0,,0.0,1825a812-09d0-4407-9265-182a07053cfc::roof-flat::flat:10,1.0,,flat_matched
1825a812-09d0-4407-9265-182a07053cfc,1825a812-09d0-4407-9265-182a07053cfc::ceiling-raw::0:2:0,0,2,0,0.0,,11.244,0,1.0,,0.0,1825a812-09d0-4407-9265-182a07053cfc::roof-flat::flat:10,1.0,,flat_matched
1825a812-09d0-4407-9265-182a07053cfc,1825a812-09d0-4407-9265-182a07053cfc::ceiling-raw::0:3:0,0,3,0,0.0,,7.361,0,1.0,,0.0,1825a812-09d0-4407-9265-182a07053cfc::roof-flat::flat:10,1.0,,flat_matched
1825a812-09d0-4407-9265-182a07053cfc,1825a812-09d0-4407-9265-182a07053cfc::ceiling-raw::0:4:0,0,4,0,0.0,,12.789,0,1.0,,0.0,1825a812-09d0-4407-9265-182a07053cfc::roof-flat::flat:10,1.0,,flat_matched
1825a812-09d0-4407-9265-182a07053cfc,1825a812-09d0-4407-9265-182a07053cfc::ceiling-raw::0:5:0,0,5,0,0.0,,13.144,0,1.0,,0.0,1825a812-09d0-4407-9265-182a07053cfc::roof-flat::flat:10,1.0,,flat_matched
1825a812-09d0-4407-9265-182a07053cfc,1825a812-09d0-4407-9265-182a07053cfc::ceiling-raw::0:6:0,0,6,0,0.0,,2.996,0,1.0,,0.0,1825a812-09d0-4407-9265-182a07053cfc::roof-flat::flat:10,1.0,,flat_matched
1825a812-09d0-4407-9265-182a07053cfc,1825a812-09d0-4407-9265-182a07053cfc::ceiling-raw::0:7:0,0,7,0,0.0,,5.057,0,1.0,,0.0,1825a812-09d0-4407-9265-182a07053cfc::roof-flat::flat:10,1.0,,flat_matched
1825a812-09d0-4407-9265-182a07053cfc,1825a812-09d0-4407-9265-182a07053cfc::ceiling-raw::0:8:0,0,8,0,0.0,,6.91,0,1.0,,0.0,1825a812-09d0-4407-9265-182a07053cfc::roof-flat::flat:10,1.0,,flat_matched
1825a812-09d0-4407-9265-182a07053cfc,1825a812-09d0-4407-9265-182a07053cfc::ceiling-raw::0:9:0,0,9,0,0.0,,4.823,0,1.0,,0.0,1825a812-09d0-4407-9265-182a07053cfc::roof-flat::flat:10,1.0,,flat_matched
1825a812-09d0-4407-9265-182a07053cfc,1825a812-09d0-4407-9265-182a07053cfc::ceiling-raw::0:10:0,0,10,0,0.0,,0.772,0,1.0,,0.0,1825a812-09d0-4407-9265-182a07053cfc::roof-flat::flat:10,1.0,,flat_matched
1825a812-09d0-4407-9265-182a07053cfc,1825a812-09d0-4407-9265-182a07053cfc::ceiling-raw::0:10:1,0,10,1,0.38,185.67,29.479,0,1.0,,0.0,1825a812-09d0-4407-9265-182a07053cfc::roof-flat::flat:10,1.0,,flat_matched
1825a812-09d0-4407-9265-182a07053cfc,1825a812-09d0-4407-9265-182a07053cfc::ceiling-raw::0:10:2,0,10,2,7.55,95.67,2.344,0,1.0,,0.0,1825a812-09d0-4407-9265-182a07053cfc::roof-flat::flat:9,1.0,,oblique_covered_by_flat
1825a812-09d0-4407-9265-182a07053cfc,1825a812-09d0-4407-9265-182a07053cfc::ceiling-raw::0:10:3,0,10,3,22.19,266.28,0.772,0,1.0,,0.0,1825a812-09d0-4407-9265-182a07053cfc::roof-flat::flat:9,1.0,,oblique_covered_by_flat
1900be91-8684-4316-98e2-c4fef6e6296f,1900be91-8684-4316-98e2-c4fef6e6296f::ceiling-raw::1:0:0,1,0,0,0.0,,1.036,1.0,0,1900be91-8684-4316-98e2-c4fef6e6296f::roof-oblique::oblique:0,1.0,,0.0,0.679,flat_covered_by_oblique
1900be91-8684-4316-98e2-c4fef6e6296f,1900be91-8684-4316-98e2-c4fef6e6296f::ceiling-raw::1:0:1,1,0,1,0.0,,1.982,1.0,0,1900be91-8684-4316-98e2-c4fef6e6296f::roof-oblique::oblique:0,1.0,,0.0,0.679,flat_covered_by_oblique
1900be91-8684-4316-98e2-c4fef6e6296f,1900be91-8684-4316-98e2-c4fef6e6296f::ceiling-raw::1:0:2,1,0,2,7.16,170.6,3.545,1.0,0,1900be91-8684-4316-98e2-c4fef6e6296f::roof-oblique::oblique:0,1.0,,0.0,0.674,oblique_wrong_orientation
1900be91-8684-4316-98e2-c4fef6e6296f,1900be91-8684-4316-98e2-c4fef6e6296f::ceiling-raw::1:0:3,1,0,3,38.72,350.6,0.121,1.0,0,1900be91-8684-4316-98e2-c4fef6e6296f::roof-oblique::oblique:0,1.0,,0.0,0.53,oblique_wrong_orientation
1900be91-8684-4316-98e2-c4fef6e6296f,1900be91-8684-4316-98e2-c4fef6e6296f::ceiling-raw::1:0:4,1,0,4,46.05,80.6,0.259,1.0,0,1900be91-8684-4316-98e2-c4fef6e6296f::roof-oblique::oblique:0,1.0,,0.0,1.0,oblique_matched
1900be91-8684-4316-98e2-c4fef6e6296f,1900be91-8684-4316-98e2-c4fef6e6296f::ceiling-raw::1:0:5,1,0,5,45.82,80.6,0.754,1.0,0,1900be91-8684-4316-98e2-c4fef6e6296f::roof-oblique::oblique:0,1.0,,0.0,1.0,oblique_matched
1900be91-8684-4316-98e2-c4fef6e6296f,1900be91-8684-4316-98e2-c4fef6e6296f::ceiling-raw::1:0:6,1,0,6,46.18,87.52,0.742,1.0,0,1900be91-8684-4316-98e2-c4fef6e6296f::roof-oblique::oblique:0,1.0,,0.0,0.996,oblique_matched
1900be91-8684-4316-98e2-c4fef6e6296f,1900be91-8684-4316-98e2-c4fef6e6296f::ceiling-raw::1:0:7,1,0,7,46.4,92.08,1.241,1.0,0,1900be91-8684-4316-98e2-c4fef6e6296f::roof-oblique::oblique:0,1.0,,0.0,0.989,oblique_matched
1900be91-8684-4316-98e2-c4fef6e6296f,1900be91-8684-4316-98e2-c4fef6e6296f::ceiling-raw::1:0:8,1,0,8,46.97,80.59,0.096,1.0,0,1900be91-8684-4316-98e2-c4fef6e6296f::roof-oblique::oblique:0,1.0,,0.0,1.0,oblique_matched
1900be91-8684-4316-98e2-c4fef6e6296f,1900be91-8684-4316-98e2-c4fef6e6296f::ceiling-raw::1:0:9,1,0,9,51.63,41.21,0.203,1.0,0,1900be91-8684-4316-98e2-c4fef6e6296f::roof-oblique::oblique:0,1.0,,0.0,0.866,oblique_matched
1900be91-8684-4316-98e2-c4fef6e6296f,1900be91-8684-4316-98e2-c4fef6e6296f::ceiling-raw::1:0:10,1,0,10,55.07,124.34,0.094,1.0,0,1900be91-8684-4316-98e2-c4fef6e6296f::roof-oblique::oblique:0,1.0,,0.0,0.824,oblique_matched
1900be91-8684-4316-98e2-c4fef6e6296f,1900be91-8684-4316-98e2-c4fef6e6296f::ceiling-raw::1:0:11,1,0,11,58.1,350.59,0.157,1.0,0,1900be91-8684-4316-98e2-c4fef6e6296f::roof-oblique::oblique:0,1.0,,0.0,0.359,oblique_wrong_orientation
1900be91-8684-4316-98e2-c4fef6e6296f,1900be91-8684-4316-98e2-c4fef6e6296f::ceiling-raw::1:0:12,1,0,12,58.35,80.6,0.203,1.0,0,1900be91-8684-4316-98e2-c4fef6e6296f::roof-oblique::oblique:0,1.0,,0.0,0.981,oblique_matched
1900be91-8684-4316-98e2-c4fef6e6296f,1900be91-8684-4316-98e2-c4fef6e6296f::ceiling-raw::1:0:13,1,0,13,62.25,111.98,0.157,1.0,0,1900be91-8684-4316-98e2-c4fef6e6296f::roof-oblique::oblique:0,1.0,,0.0,0.871,oblique_matched
1900be91-8684-4316-98e2-c4fef6e6296f,1900be91-8684-4316-98e2-c4fef6e6296f::ceiling-raw::1:0:14,1,0,14,69.89,84.99,0.754,1.0,0,1900be91-8684-4316-98e2-c4fef6e6296f::roof-oblique::oblique:0,1.0,,0.0,0.921,oblique_matched
1900be91-8684-4316-98e2-c4fef6e6296f,1900be91-8684-4316-98e2-c4fef6e6296f::ceiling-raw::1:0:15,1,0,15,72.45,50.05,0.096,1.0,0,1900be91-8684-4316-98e2-c4fef6e6296f::roof-oblique::oblique:0,1.0,,0.0,0.807,oblique_matched
1900be91-8684-4316-98e2-c4fef6e6296f,1900be91-8684-4316-98e2-c4fef6e6296f::ceiling-raw::1:1:0,1,1,0,0.0,,0.152,1.0,0,1900be91-8684-4316-98e2-c4fef6e6296f::roof-oblique::oblique:0,1.0,,0.0,0.679,flat_covered_by_oblique
1900be91-8684-4316-98e2-c4fef6e6296f,1900be91-8684-4316-98e2-c4fef6e6296f::ceiling-raw::1:1:1,1,1,1,0.0,,3.246,1.0,0,1900be91-8684-4316-98e2-c4fef6e6296f::roof-oblique::oblique:1,0.955,,0.0,0.777,flat_covered_by_oblique
1900be91-8684-4316-98e2-c4fef6e6296f,1900be91-8684-4316-98e2-c4fef6e6296f::ceiling-raw::1:1:2,1,1,2,8.96,97.13,2.562,1.0,0,1900be91-8684-4316-98e2-c4fef6e6296f::roof-oblique::oblique:1,0.773,,0.0,0.673,oblique_wrong_orientation
1900be91-8684-4316-98e2-c4fef6e6296f,1900be91-8684-4316-98e2-c4fef6e6296f::ceiling-raw::1:1:3,1,1,3,10.61,350.6,0.25,1.0,0,1900be91-8684-4316-98e2-c4fef6e6296f::roof-oblique::oblique:0,1.0,,0.0,0.668,oblique_wrong_orientation
1900be91-8684-4316-98e2-c4fef6e6296f,1900be91-8684-4316-98e2-c4fef6e6296f::ceiling-raw::1:1:4,1,1,4,13.46,29.73,0.613,1.0,0,1900be91-8684-4316-98e2-c4fef6e6296f::roof-oblique::oblique:1,0.781,,0.0,0.663,oblique_wrong_orientation
1900be91-8684-4316-98e2-c4fef6e6296f,1900be91-8684-4316-98e2-c4fef6e6296f::ceiling-raw::1:1:5,1,1,5,20.78,260.59,0.244,1.0,0,1900be91-8684-4316-98e2-c4fef6e6296f::roof-oblique::oblique:0,1.0,,0.0,0.375,oblique_wrong_orientation
1900be91-8684-4316-98e2-c4fef6e6296f,1900be91-8684-4316-98e2-c4fef6e6296f::ceiling-raw::1:1:6,1,1,6,34.51,260.6,1.091,1.0,0,1900be91-8684-4316-98e2-c4fef6e6296f::roof-oblique::oblique:1,1.0,,0.0,0.997,oblique_matched
1900be91-8684-4316-98e2-c4fef6e6296f,1900be91-8684-4316-98e2-c4fef6e6296f::ceiling-raw::1:1:7,1,1,7,44.58,306.34,0.63,1.0,0,1900be91-8684-4316-98e2-c4fef6e6296f::roof-oblique::oblique:1,0.998,,0.0,0.862,oblique_matched
1900be91-8684-4316-98e2-c4fef6e6296f,1900be91-8684-4316-98e2-c4fef6e6296f::ceiling-raw::1:1:8,1,1,8,47.32,208.39,1.944,0.999,0,1900be91-8684-4316-98e2-c4fef6e6296f::roof-oblique::oblique:1,0.992,,0.0,0.81,oblique_matched
1900be91-8684-4316-98e2-c4fef6e6296f,1900be91-8684-4316-98e2-c4fef6e6296f::ceiling-raw::1:1:9,1,1,9,47.32,260.6,9.162,1.0,0,1900be91-8684-4316-98e2-c4fef6e6296f::roof-oblique::oblique:1,1.0,,0.0,0.99,oblique_matched
1900be91-8684-4316-98e2-c4fef6e6296f,1900be91-8684-4316-98e2-c4fef6e6296f::ceiling-raw::1:1:10,1,1,10,47.96,76.87,3.267,1.0,0,1900be91-8684-4316-98e2-c4fef6e6296f::roof-oblique::oblique:0,1.0,,0.0,0.999,oblique_matched
1900be91-8684-4316-98e2-c4fef6e6296f,1900be91-8684-4316-98e2-c4fef6e6296f::ceiling-raw::1:1:11,1,1,11,48.54,260.6,1.643,1.0,0,1900be91-8684-4316-98e2-c4fef6e6296f::roof-oblique::oblique:1,0.865,,0.0,0.986,oblique_matched
1900be91-8684-4316-98e2-c4fef6e6296f,1900be91-8684-4316-98e2-c4fef6e6296f::ceiling-raw::1:1:12,1,1,12,50.41,80.59,0.523,1.0,0,1900be91-8684-4316-98e2-c4fef6e6296f::roof-oblique::oblique:0,1.0,,0.0,0.998,oblique_matched
1900be91-8684-4316-98e2-c4fef6e6296f,1900be91-8684-4316-98e2-c4fef6e6296f::ceiling-raw::1:1:13,1,1,13,52.3,293.65,1.091,1.0,0,1900be91-8684-4316-98e2-c4fef6e6296f::roof-oblique::oblique:1,1.0,,0.0,0.893,oblique_matched
1900be91-8684-4316-98e2-c4fef6e6296f,1900be91-8684-4316-98e2-c4fef6e6296f::ceiling-raw::1:1:14,1,1,14,52.52,80.59,3.256,1.0,0,1900be91-8684-4316-98e2-c4fef6e6296f::roof-oblique::oblique:0,1.0,,0.0,0.996,oblique_matched
1900be91-8684-4316-98e2-c4fef6e6296f,1900be91-8684-4316-98e2-c4fef6e6296f::ceiling-raw::1:1:15,1,1,15,56.57,122.13,0.896,1.0,0,1900be91-8684-4316-98e2-c4fef6e6296f::roof-oblique::oblique:0,1.0,,0.0,0.833,oblique_matched
1900be91-8684-4316-98e2-c4fef6e6296f,1900be91-8684-4316-98e2-c4fef6e6296f::ceiling-raw::1:2:0,1,2,0,0.04,350.6,0.842,1.0,0,1900be91-8684-4316-98e2-c4fef6e6296f::roof-oblique::oblique:0,1.0,,0.0,0.679,flat_covered_by_oblique
1900be91-8684-4316-98e2-c4fef6e6296f,1900be91-8684-4316-98e2-c4fef6e6296f::ceiling-raw::1:2:1,1,2,1,2.84,350.6,3.023,1.0,0,1900be91-8684-4316-98e2-c4fef6e6296f::roof-oblique::oblique:0,1.0,,0.0,0.679,flat_covered_by_oblique
1900be91-8684-4316-98e2-c4fef6e6296f,1900be91-8684-4316-98e2-c4fef6e6296f::ceiling-raw::1:2:2,1,2,2,46.73,80.58,13.005,1.0,0,1900be91-8684-4316-98e2-c4fef6e6296f::roof-oblique::oblique:0,1.0,,0.0,1.0,oblique_matched
1900be91-8684-4316-98e2-c4fef6e6296f,1900be91-8684-4316-98e2-c4fef6e6296f::ceiling-raw::1:2:3,1,2,3,46.78,77.92,0.842,1.0,0,1900be91-8684-4316-98e2-c4fef6e6296f::roof-oblique::oblique:0,1.0,,0.0,0.999,oblique_matched
1900be91-8684-4316-98e2-c4fef6e6296f,1900be91-8684-4316-98e2-c4fef6e6296f::ceiling-raw::1:3:0,1,3,0,46.25,80.6,11.077,1.0,0,1900be91-8684-4316-98e2-c4fef6e6296f::roof-oblique::oblique:0,1.0,,0.0,1.0,oblique_matched
1900be91-8684-4316-98e2-c4fef6e6296f,1900be91-8684-4316-98e2-c4fef6e6296f::ceiling-raw::0:4:0,0,4,0,0.0,,2.796,0,1.0,,0.0,1900be91-8684-4316-98e2-c4fef6e6296f::roof-flat::flat:5,1.0,,flat_matched
1900be91-8684-4316-98e2-c4fef6e6296f,1900be91-8684-4316-98e2-c4fef6e6296f::ceiling-raw::0:5:0,0,5,0,0.0,,2.813,0,1.0,,0.0,1900be91-8684-4316-98e2-c4fef6e6296f::roof-flat::flat:6,1.0,,flat_matched
1900be91-8684-4316-98e2-c4fef6e6296f,1900be91-8684-4316-98e2-c4fef6e6296f::ceiling-raw::0:5:1,0,5,1,0.0,,29.703,0,1.0,,0.0,1900be91-8684-4316-98e2-c4fef6e6296f::roof-flat::flat:6,1.0,,flat_matched
1900be91-8684-4316-98e2-c4fef6e6296f,1900be91-8684-4316-98e2-c4fef6e6296f::ceiling-raw::0:6:0,0,6,0,0.0,,14.855,0,1.0,,0.0,1900be91-8684-4316-98e2-c4fef6e6296f::roof-flat::flat:6,1.0,,flat_matched
1900be91-8684-4316-98e2-c4fef6e6296f,1900be91-8684-4316-98e2-c4fef6e6296f::ceiling-raw::0:8:0,0,8,0,6.68,169.35,14.138,0,1.0,,0.0,1900be91-8684-4316-98e2-c4fef6e6296f::roof-flat::flat:2,1.0,,oblique_covered_by_flat
1900be91-8684-4316-98e2-c4fef6e6296f,1900be91-8684-4316-98e2-c4fef6e6296f::ceiling-raw::0:10:0,0,10,0,0.0,,4.418,0,1.0,,0.0,1900be91-8684-4316-98e2-c4fef6e6296f::roof-flat::flat:5,1.0,,flat_matched
1900be91-8684-4316-98e2-c4fef6e6296f,1900be91-8684-4316-98e2-c4fef6e6296f::ceiling-raw::0:11:0,0,11,0,0.0,,8.882,0,1.0,,0.0,1900be91-8684-4316-98e2-c4fef6e6296f::roof-flat::flat:5,1.0,,flat_matched
1900be91-8684-4316-98e2-c4fef6e6296f,1900be91-8684-4316-98e2-c4fef6e6296f::ceiling-raw::0:11:1,0,11,1,8.27,168.19,1.767,0,1.0,,0.0,1900be91-8684-4316-98e2-c4fef6e6296f::roof-flat::flat:8,1.0,,oblique_covered_by_flat
1900be91-8684-4316-98e2-c4fef6e6296f,1900be91-8684-4316-98e2-c4fef6e6296f::ceiling-raw::0:11:2,0,11,2,11.25,211.23,2.059,0,1.0,,0.0,1900be91-8684-4316-98e2-c4fef6e6296f::roof-flat::flat:8,1.0,,oblique_covered_by_flat
1900be91-8684-4316-98e2-c4fef6e6296f,1900be91-8684-4316-98e2-c4fef6e6296f::ceiling-raw::0:11:3,0,11,3,62.18,170.6,0.158,0,1.0,,0.0,1900be91-8684-4316-98e2-c4fef6e6296f::roof-flat::flat:8,1.0,,oblique_covered_by_flat
191e11c0-fd47-489c-9e3d-c8072713a761,191e11c0-fd47-489c-9e3d-c8072713a761::ceiling-raw::0:1:0,0,1,0,0.0,,38.906,0,1.0,,0.0,191e11c0-fd47-489c-9e3d-c8072713a761::roof-flat::flat:6,1.0,,flat_matched
191e11c0-fd47-489c-9e3d-c8072713a761,191e11c0-fd47-489c-9e3d-c8072713a761::ceiling-raw::0:2:0,0,2,0,0.0,,8.438,0,1.0,,0.0,191e11c0-fd47-489c-9e3d-c8072713a761::roof-flat::flat:6,1.0,,flat_matched
191e11c0-fd47-489c-9e3d-c8072713a761,191e11c0-fd47-489c-9e3d-c8072713a761::ceiling-raw::0:3:0,0,3,0,0.0,,10.463,0,1.0,,0.0,191e11c0-fd47-489c-9e3d-c8072713a761::roof-flat::flat:6,1.0,,flat_matched
191e11c0-fd47-489c-9e3d-c8072713a761,191e11c0-fd47-489c-9e3d-c8072713a761::ceiling-raw::0:3:1,0,3,1,0.0,,0.325,0,1.0,,0.0,191e11c0-fd47-489c-9e3d-c8072713a761::roof-flat::flat:6,1.0,,flat_matched
191e11c0-fd47-489c-9e3d-c8072713a761,191e11c0-fd47-489c-9e3d-c8072713a761::ceiling-raw::0:4:0,0,4,0,0.0,,3.465,0,1.0,,0.0,191e11c0-fd47-489c-9e3d-c8072713a761::roof-flat::flat:6,1.0,,flat_matched
191e11c0-fd47-489c-9e3d-c8072713a761,191e11c0-fd47-489c-9e3d-c8072713a761::ceiling-raw::0:5:0,0,5,0,0.0,,8.647,0,1.0,,0.0,191e11c0-fd47-489c-9e3d-c8072713a761::roof-flat::flat:6,1.0,,flat_matched
191e11c0-fd47-489c-9e3d-c8072713a761,191e11c0-fd47-489c-9e3d-c8072713a761::ceiling-raw::0:6:0,0,6,0,0.0,,8.877,0,1.0,,0.0,191e11c0-fd47-489c-9e3d-c8072713a761::roof-flat::flat:6,1.0,,flat_matched
191e11c0-fd47-489c-9e3d-c8072713a761,191e11c0-fd47-489c-9e3d-c8072713a761::ceiling-raw::0:6:1,0,6,1,0.0,,6.024,0,1.0,,0.0,191e11c0-fd47-489c-9e3d-c8072713a761::roof-flat::flat:6,1.0,,flat_matched
193c3c70-2271-4c42-ab2c-586e1d64d4cb,193c3c70-2271-4c42-ab2c-586e1d64d4cb::ceiling-raw::0:0:0,0,0,0,0.0,,48.914,0,1.0,,0.0,193c3c70-2271-4c42-ab2c-586e1d64d4cb::roof-flat::flat:5,1.0,,flat_matched
193c3c70-2271-4c42-ab2c-586e1d64d4cb,193c3c70-2271-4c42-ab2c-586e1d64d4cb::ceiling-raw::0:1:0,0,1,0,0.0,,7.599,0,1.0,,0.0,193c3c70-2271-4c42-ab2c-586e1d64d4cb::roof-flat::flat:5,1.0,,flat_matched
193c3c70-2271-4c42-ab2c-586e1d64d4cb,193c3c70-2271-4c42-ab2c-586e1d64d4cb::ceiling-raw::0:2:0,0,2,0,0.0,,9.509,0,1.0,,0.0,193c3c70-2271-4c42-ab2c-586e1d64d4cb::roof-flat::flat:5,1.0,,flat_matched
193c3c70-2271-4c42-ab2c-586e1d64d4cb,193c3c70-2271-4c42-ab2c-586e1d64d4cb::ceiling-raw::0:3:0,0,3,0,0.0,,7.637,0,1.0,,0.0,193c3c70-2271-4c42-ab2c-586e1d64d4cb::roof-flat::flat:5,1.0,,flat_matched
193c3c70-2271-4c42-ab2c-586e1d64d4cb,193c3c70-2271-4c42-ab2c-586e1d64d4cb::ceiling-raw::0:4:0,0,4,0,0.0,,11.664,0,1.0,,0.0,193c3c70-2271-4c42-ab2c-586e1d64d4cb::roof-flat::flat:5,1.0,,flat_matched
193c3c70-2271-4c42-ab2c-586e1d64d4cb,193c3c70-2271-4c42-ab2c-586e1d64d4cb::ceiling-raw::0:5:0,0,5,0,0.0,,6.486,0,1.0,,0.0,193c3c70-2271-4c42-ab2c-586e1d64d4cb::roof-flat::flat:5,1.0,,flat_matched
19459014-f39b-4bf6-945e-c5b50930dea3,19459014-f39b-4bf6-945e-c5b50930dea3::ceiling-raw::0:0:0,0,0,0,0.0,,50.478,0,1.0,,0.0,19459014-f39b-4bf6-945e-c5b50930dea3::roof-flat::flat:4,1.0,,flat_matched
19459014-f39b-4bf6-945e-c5b50930dea3,19459014-f39b-4bf6-945e-c5b50930dea3::ceiling-raw::0:0:1,0,0,1,0.0,,4.462,0,1.0,,0.0,19459014-f39b-4bf6-945e-c5b50930dea3::roof-flat::flat:4,1.0,,flat_matched
19459014-f39b-4bf6-945e-c5b50930dea3,19459014-f39b-4bf6-945e-c5b50930dea3::ceiling-raw::0:2:0,0,2,0,0.0,,8.096,0,1.0,,0.0,19459014-f39b-4bf6-945e-c5b50930dea3::roof-flat::flat:4,1.0,,flat_matched
19459014-f39b-4bf6-945e-c5b50930dea3,19459014-f39b-4bf6-945e-c5b50930dea3::ceiling-raw::0:5:0,0,5,0,0.0,,7.519,0,1.0,,0.0,19459014-f39b-4bf6-945e-c5b50930dea3::roof-flat::flat:5,1.0,,flat_matched
19459014-f39b-4bf6-945e-c5b50930dea3,19459014-f39b-4bf6-945e-c5b50930dea3::ceiling-raw::0:6:0,0,6,0,0.0,,9.543,0,1.0,,0.0,19459014-f39b-4bf6-945e-c5b50930dea3::roof-flat::flat:4,1.0,,flat_matched
19459014-f39b-4bf6-945e-c5b50930dea3,19459014-f39b-4bf6-945e-c5b50930dea3::ceiling-raw::1:8:0,1,8,0,43.19,6.18,1.076,0.837,0,19459014-f39b-4bf6-945e-c5b50930dea3::roof-oblique::oblique:0,0.837,,0.0,1.0,oblique_matched
19459014-f39b-4bf6-945e-c5b50930dea3,19459014-f39b-4bf6-945e-c5b50930dea3::ceiling-raw::1:8:3,1,8,3,0.0,,9.692,0.981,0,19459014-f39b-4bf6-945e-c5b50930dea3::roof-oblique::oblique:0,0.829,,0.0,0.738,flat_covered_by_oblique
19459014-f39b-4bf6-945e-c5b50930dea3,19459014-f39b-4bf6-945e-c5b50930dea3::ceiling-raw::1:8:4,1,8,4,42.38,5.75,0.33,0.999,0,19459014-f39b-4bf6-945e-c5b50930dea3::roof-oblique::oblique:0,0.999,,0.0,1.0,oblique_matched
19459014-f39b-4bf6-945e-c5b50930dea3,19459014-f39b-4bf6-945e-c5b50930dea3::ceiling-raw::1:8:5,1,8,5,43.53,4.71,6.093,0.992,0,19459014-f39b-4bf6-945e-c5b50930dea3::roof-oblique::oblique:0,0.992,,0.0,1.0,oblique_matched
19459014-f39b-4bf6-945e-c5b50930dea3,19459014-f39b-4bf6-945e-c5b50930dea3::ceiling-raw::1:8:6,1,8,6,47.53,20.71,0.33,1.0,0,19459014-f39b-4bf6-945e-c5b50930dea3::roof-oblique::oblique:0,1.0,,0.0,0.979,oblique_matched
19459014-f39b-4bf6-945e-c5b50930dea3,19459014-f39b-4bf6-945e-c5b50930dea3::ceiling-raw::1:9:0,1,9,0,0.0,,3.149,1.0,0,19459014-f39b-4bf6-945e-c5b50930dea3::roof-oblique::oblique:1,1.0,,0.0,0.727,flat_covered_by_oblique
19459014-f39b-4bf6-945e-c5b50930dea3,19459014-f39b-4bf6-945e-c5b50930dea3::ceiling-raw::1:9:1,1,9,1,42.91,185.71,2.41,0.998,0,19459014-f39b-4bf6-945e-c5b50930dea3::roof-oblique::oblique:1,0.998,,0.0,1.0,oblique_matched
19459014-f39b-4bf6-945e-c5b50930dea3,19459014-f39b-4bf6-945e-c5b50930dea3::ceiling-raw::1:10:0,1,10,0,0.0,,2.509,0.632,0,19459014-f39b-4bf6-945e-c5b50930dea3::roof-oblique::oblique:1,0.632,,0.0,0.727,flat_covered_by_oblique
19459014-f39b-4bf6-945e-c5b50930dea3,19459014-f39b-4bf6-945e-c5b50930dea3::ceiling-raw::1:10:1,1,10,1,43.37,186.76,3.734,0.999,0,19459014-f39b-4bf6-945e-c5b50930dea3::roof-oblique::oblique:1,0.999,,0.0,1.0,oblique_matched
19bf6498-09eb-4c62-8fc8-8623942351ba,19bf6498-09eb-4c62-8fc8-8623942351ba::ceiling-raw::0:0:0,0,0,0,0.0,,10.306,0,1.0,,0.0,19bf6498-09eb-4c62-8fc8-8623942351ba::roof-flat::flat:9,1.0,,flat_matched
19bf6498-09eb-4c62-8fc8-8623942351ba,19bf6498-09eb-4c62-8fc8-8623942351ba::ceiling-raw::0:1:0,0,1,0,0.0,,14.12,0,1.0,,0.0,19bf6498-09eb-4c62-8fc8-8623942351ba::roof-flat::flat:9,1.0,,flat_matched
19bf6498-09eb-4c62-8fc8-8623942351ba,19bf6498-09eb-4c62-8fc8-8623942351ba::ceiling-raw::0:2:0,0,2,0,0.0,,8.407,0,1.0,,0.0,19bf6498-09eb-4c62-8fc8-8623942351ba::roof-flat::flat:9,1.0,,flat_matched
19bf6498-09eb-4c62-8fc8-8623942351ba,19bf6498-09eb-4c62-8fc8-8623942351ba::ceiling-raw::0:3:0,0,3,0,0.0,,2.389,0,1.0,,0.0,19bf6498-09eb-4c62-8fc8-8623942351ba::roof-flat::flat:9,1.0,,flat_matched
19bf6498-09eb-4c62-8fc8-8623942351ba,19bf6498-09eb-4c62-8fc8-8623942351ba::ceiling-raw::0:4:0,0,4,0,0.0,,12.125,0,1.0,,0.0,19bf6498-09eb-4c62-8fc8-8623942351ba::roof-flat::flat:9,1.0,,flat_matched
19bf6498-09eb-4c62-8fc8-8623942351ba,19bf6498-09eb-4c62-8fc8-8623942351ba::ceiling-raw::0:5:0,0,5,0,0.0,,44.094,0,1.0,,0.0,19bf6498-09eb-4c62-8fc8-8623942351ba::roof-flat::flat:9,1.0,,flat_matched
19bf6498-09eb-4c62-8fc8-8623942351ba,19bf6498-09eb-4c62-8fc8-8623942351ba::ceiling-raw::0:6:0,0,6,0,0.0,,11.715,0,1.0,,0.0,19bf6498-09eb-4c62-8fc8-8623942351ba::roof-flat::flat:9,1.0,,flat_matched
19bf6498-09eb-4c62-8fc8-8623942351ba,19bf6498-09eb-4c62-8fc8-8623942351ba::ceiling-raw::0:7:0,0,7,0,0.0,,6.197,0,1.0,,0.0,19bf6498-09eb-4c62-8fc8-8623942351ba::roof-flat::flat:9,1.0,,flat_matched
19bf6498-09eb-4c62-8fc8-8623942351ba,19bf6498-09eb-4c62-8fc8-8623942351ba::ceiling-raw::0:8:0,0,8,0,0.0,,4.879,0,1.0,,0.0,19bf6498-09eb-4c62-8fc8-8623942351ba::roof-flat::flat:9,1.0,,flat_matched
1a453338-ca2e-49d0-9bd2-da33c07fd348,1a453338-ca2e-49d0-9bd2-da33c07fd348::ceiling-raw::0:0:0,0,0,0,0.0,,14.587,0,1.0,,0.0,1a453338-ca2e-49d0-9bd2-da33c07fd348::roof-flat::flat:8,1.0,,flat_matched
1a453338-ca2e-49d0-9bd2-da33c07fd348,1a453338-ca2e-49d0-9bd2-da33c07fd348::ceiling-raw::0:1:0,0,1,0,0.0,,2.056,0,1.0,,0.0,1a453338-ca2e-49d0-9bd2-da33c07fd348::roof-flat::flat:8,1.0,,flat_matched
1a453338-ca2e-49d0-9bd2-da33c07fd348,1a453338-ca2e-49d0-9bd2-da33c07fd348::ceiling-raw::0:2:0,0,2,0,0.0,,7.859,0,1.0,,0.0,1a453338-ca2e-49d0-9bd2-da33c07fd348::roof-flat::flat:1,1.0,,flat_matched
1a453338-ca2e-49d0-9bd2-da33c07fd348,1a453338-ca2e-49d0-9bd2-da33c07fd348::ceiling-raw::0:3:0,0,3,0,0.0,,1.957,0,1.0,,0.0,1a453338-ca2e-49d0-9bd2-da33c07fd348::roof-flat::flat:8,1.0,,flat_matched
1a453338-ca2e-49d0-9bd2-da33c07fd348,1a453338-ca2e-49d0-9bd2-da33c07fd348::ceiling-raw::0:4:0,0,4,0,0.0,,5.547,0,1.0,,0.0,1a453338-ca2e-49d0-9bd2-da33c07fd348::roof-flat::flat:8,1.0,,flat_matched
1a453338-ca2e-49d0-9bd2-da33c07fd348,1a453338-ca2e-49d0-9bd2-da33c07fd348::ceiling-raw::0:5:0,0,5,0,0.0,,16.614,0,1.0,,0.0,1a453338-ca2e-49d0-9bd2-da33c07fd348::roof-flat::flat:8,1.0,,flat_matched
1a453338-ca2e-49d0-9bd2-da33c07fd348,1a453338-ca2e-49d0-9bd2-da33c07fd348::ceiling-raw::0:6:0,0,6,0,0.0,,9.449,0,1.0,,0.0,1a453338-ca2e-49d0-9bd2-da33c07fd348::roof-flat::flat:8,1.0,,flat_matched
1a453338-ca2e-49d0-9bd2-da33c07fd348,1a453338-ca2e-49d0-9bd2-da33c07fd348::ceiling-raw::0:7:0,0,7,0,0.0,,5.604,0,1.0,,0.0,1a453338-ca2e-49d0-9bd2-da33c07fd348::roof-flat::flat:8,1.0,,flat_matched
1a453338-ca2e-49d0-9bd2-da33c07fd348,1a453338-ca2e-49d0-9bd2-da33c07fd348::ceiling-raw::0:8:0,0,8,0,0.0,,7.78,0,1.0,,0.0,1a453338-ca2e-49d0-9bd2-da33c07fd348::roof-flat::flat:8,1.0,,flat_matched
1a453338-ca2e-49d0-9bd2-da33c07fd348,1a453338-ca2e-49d0-9bd2-da33c07fd348::ceiling-raw::0:9:0,0,9,0,0.0,,46.554,0,1.0,,0.0,1a453338-ca2e-49d0-9bd2-da33c07fd348::roof-flat::flat:8,1.0,,flat_matched
1d26eda3-c927-4cdf-a3b0-218036828a55,1d26eda3-c927-4cdf-a3b0-218036828a55::ceiling-raw::1:0:0,1,0,0,0.0,,10.193,0.24,1.0,1d26eda3-c927-4cdf-a3b0-218036828a55::roof-oblique::oblique:0,0.24,1d26eda3-c927-4cdf-a3b0-218036828a55::roof-flat::flat:6,1.0,0.685,flat_matched
1d26eda3-c927-4cdf-a3b0-218036828a55,1d26eda3-c927-4cdf-a3b0-218036828a55::ceiling-raw::1:0:1,1,0,1,8.46,30.62,1.461,0,1.0,,0.0,1d26eda3-c927-4cdf-a3b0-218036828a55::roof-flat::flat:6,1.0,,oblique_covered_by_flat
1d26eda3-c927-4cdf-a3b0-218036828a55,1d26eda3-c927-4cdf-a3b0-218036828a55::ceiling-raw::1:0:2,1,0,2,13.89,300.62,2.544,0,1.0,,0.0,1d26eda3-c927-4cdf-a3b0-218036828a55::roof-flat::flat:6,1.0,,oblique_covered_by_flat
1d26eda3-c927-4cdf-a3b0-218036828a55,1d26eda3-c927-4cdf-a3b0-218036828a55::ceiling-raw::1:0:3,1,0,3,45.2,300.62,2.4,0,1.0,,0.0,1d26eda3-c927-4cdf-a3b0-218036828a55::roof-flat::flat:7,1.0,,oblique_covered_by_flat
1d26eda3-c927-4cdf-a3b0-218036828a55,1d26eda3-c927-4cdf-a3b0-218036828a55::ceiling-raw::1:0:4,1,0,4,46.61,120.92,6.036,0.999,1.0,1d26eda3-c927-4cdf-a3b0-218036828a55::roof-oblique::oblique:0,0.999,1d26eda3-c927-4cdf-a3b0-218036828a55::roof-flat::flat:7,1.0,1.0,oblique_matched
1d26eda3-c927-4cdf-a3b0-218036828a55,1d26eda3-c927-4cdf-a3b0-218036828a55::ceiling-raw::1:0:8,1,0,8,0.0,,7.432,0.796,1.0,1d26eda3-c927-4cdf-a3b0-218036828a55::roof-oblique::oblique:0,0.796,1d26eda3-c927-4cdf-a3b0-218036828a55::roof-flat::flat:7,1.0,0.685,flat_matched
1d26eda3-c927-4cdf-a3b0-218036828a55,1d26eda3-c927-4cdf-a3b0-218036828a55::ceiling-raw::1:1:0,1,1,0,0.0,,0.152,0,1.0,,0.0,1d26eda3-c927-4cdf-a3b0-218036828a55::roof-flat::flat:6,1.0,,flat_matched
1d26eda3-c927-4cdf-a3b0-218036828a55,1d26eda3-c927-4cdf-a3b0-218036828a55::ceiling-raw::1:1:1,1,1,1,65.39,30.57,0.299,0,1.0,,0.0,1d26eda3-c927-4cdf-a3b0-218036828a55::roof-flat::flat:6,1.0,,oblique_covered_by_flat
1d26eda3-c927-4cdf-a3b0-218036828a55,1d26eda3-c927-4cdf-a3b0-218036828a55::ceiling-raw::1:1:4,1,1,4,0.0,,12.489,0.492,1.0,1d26eda3-c927-4cdf-a3b0-218036828a55::roof-oblique::oblique:1,0.339,1d26eda3-c927-4cdf-a3b0-218036828a55::roof-flat::flat:6,1.0,0.633,flat_matched
1d26eda3-c927-4cdf-a3b0-218036828a55,1d26eda3-c927-4cdf-a3b0-218036828a55::ceiling-raw::1:1:5,1,1,5,12.36,30.57,0.714,0,1.0,,0.0,1d26eda3-c927-4cdf-a3b0-218036828a55::roof-flat::flat:6,1.0,,oblique_covered_by_flat
1d26eda3-c927-4cdf-a3b0-218036828a55,1d26eda3-c927-4cdf-a3b0-218036828a55::ceiling-raw::1:1:6,1,1,6,44.35,300.71,0.14,0.238,1.0,1d26eda3-c927-4cdf-a3b0-218036828a55::roof-oblique::oblique:0,0.238,1d26eda3-c927-4cdf-a3b0-218036828a55::roof-flat::flat:6,1.0,0.019,oblique_covered_by_flat
1d26eda3-c927-4cdf-a3b0-218036828a55,1d26eda3-c927-4cdf-a3b0-218036828a55::ceiling-raw::1:1:7,1,1,7,45.54,313.18,0.367,0,1.0,,0.0,1d26eda3-c927-4cdf-a3b0-218036828a55::roof-flat::flat:6,1.0,,oblique_covered_by_flat
1d26eda3-c927-4cdf-a3b0-218036828a55,1d26eda3-c927-4cdf-a3b0-218036828a55::ceiling-raw::1:1:8,1,1,8,46.89,119.56,3.398,1.0,1.0,1d26eda3-c927-4cdf-a3b0-218036828a55::roof-oblique::oblique:0,1.0,1d26eda3-c927-4cdf-a3b0-218036828a55::roof-flat::flat:6,1.0,1.0,oblique_matched
1d26eda3-c927-4cdf-a3b0-218036828a55,1d26eda3-c927-4cdf-a3b0-218036828a55::ceiling-raw::1:1:9,1,1,9,52.47,211.0,0.576,0.136,1.0,1d26eda3-c927-4cdf-a3b0-218036828a55::roof-oblique::oblique:1,0.133,1d26eda3-c927-4cdf-a3b0-218036828a55::roof-flat::flat:6,1.0,1.0,oblique_covered_by_flat
1d26eda3-c927-4cdf-a3b0-218036828a55,1d26eda3-c927-4cdf-a3b0-218036828a55::ceiling-raw::1:1:10,1,1,10,52.29,210.43,0.247,1.0,1.0,1d26eda3-c927-4cdf-a3b0-218036828a55::roof-oblique::oblique:1,1.0,1d26eda3-c927-4cdf-a3b0-218036828a55::roof-flat::flat:6,1.0,1.0,oblique_matched
1d26eda3-c927-4cdf-a3b0-218036828a55,1d26eda3-c927-4cdf-a3b0-218036828a55::ceiling-raw::1:1:11,1,1,11,55.58,238.07,0.219,1.0,1.0,1d26eda3-c927-4cdf-a3b0-218036828a55::roof-oblique::oblique:1,1.0,1d26eda3-c927-4cdf-a3b0-218036828a55::roof-flat::flat:6,1.0,0.924,oblique_matched
1d26eda3-c927-4cdf-a3b0-218036828a55,1d26eda3-c927-4cdf-a3b0-218036828a55::ceiling-raw::1:1:12,1,1,12,59.42,120.71,0.076,1.0,1.0,1d26eda3-c927-4cdf-a3b0-218036828a55::roof-oblique::oblique:1,1.0,1d26eda3-c927-4cdf-a3b0-218036828a55::roof-flat::flat:6,1.0,0.324,oblique_wrong_orientation
1d26eda3-c927-4cdf-a3b0-218036828a55,1d26eda3-c927-4cdf-a3b0-218036828a55::ceiling-raw::1:1:13,1,1,13,65.11,158.56,0.096,1.0,1.0,1d26eda3-c927-4cdf-a3b0-218036828a55::roof-oblique::oblique:1,1.0,1d26eda3-c927-4cdf-a3b0-218036828a55::roof-flat::flat:6,1.0,0.699,oblique_wrong_orientation
1d26eda3-c927-4cdf-a3b0-218036828a55,1d26eda3-c927-4cdf-a3b0-218036828a55::ceiling-raw::1:1:14,1,1,14,65.34,30.71,0.362,0,1.0,,0.0,1d26eda3-c927-4cdf-a3b0-218036828a55::roof-flat::flat:6,1.0,,oblique_covered_by_flat
1d26eda3-c927-4cdf-a3b0-218036828a55,1d26eda3-c927-4cdf-a3b0-218036828a55::ceiling-raw::1:1:15,1,1,15,67.35,210.37,2.523,0.998,1.0,1d26eda3-c927-4cdf-a3b0-218036828a55::roof-oblique::oblique:1,0.998,1d26eda3-c927-4cdf-a3b0-218036828a55::roof-flat::flat:6,1.0,0.958,oblique_matched
1d26eda3-c927-4cdf-a3b0-218036828a55,1d26eda3-c927-4cdf-a3b0-218036828a55::ceiling-raw::1:1:16,1,1,16,68.32,225.98,0.249,1.0,1.0,1d26eda3-c927-4cdf-a3b0-218036828a55::roof-oblique::oblique:1,1.0,1d26eda3-c927-4cdf-a3b0-218036828a55::roof-flat::flat:6,1.0,0.927,oblique_matched
1d26eda3-c927-4cdf-a3b0-218036828a55,1d26eda3-c927-4cdf-a3b0-218036828a55::ceiling-raw::1:2:0,1,2,0,0.0,,0.108,1.0,1.0,1d26eda3-c927-4cdf-a3b0-218036828a55::roof-oblique::oblique:2,1.0,1d26eda3-c927-4cdf-a3b0-218036828a55::roof-flat::flat:6,1.0,0.62,flat_matched
1d26eda3-c927-4cdf-a3b0-218036828a55,1d26eda3-c927-4cdf-a3b0-218036828a55::ceiling-raw::1:2:1,1,2,1,2.42,120.58,0.772,1.0,1.0,1d26eda3-c927-4cdf-a3b0-218036828a55::roof-oblique::oblique:2,0.87,1d26eda3-c927-4cdf-a3b0-218036828a55::roof-flat::flat:0,1.0,0.619,flat_matched
1d26eda3-c927-4cdf-a3b0-218036828a55,1d26eda3-c927-4cdf-a3b0-218036828a55::ceiling-raw::1:2:2,1,2,2,0.0,,0.083,1.0,1.0,1d26eda3-c927-4cdf-a3b0-218036828a55::roof-oblique::oblique:1,0.779,1d26eda3-c927-4cdf-a3b0-218036828a55::roof-flat::flat:0,1.0,0.633,flat_matched
1d26eda3-c927-4cdf-a3b0-218036828a55,1d26eda3-c927-4cdf-a3b0-218036828a55::ceiling-raw::1:2:3,1,2,3,8.61,298.45,0.072,1.0,1.0,1d26eda3-c927-4cdf-a3b0-218036828a55::roof-oblique::oblique:2,1.0,1d26eda3-c927-4cdf-a3b0-218036828a55::roof-flat::flat:0,1.0,0.608,oblique_wrong_orientation
1d26eda3-c927-4cdf-a3b0-218036828a55,1d26eda3-c927-4cdf-a3b0-218036828a55::ceiling-raw::1:2:4,1,2,4,10.18,268.07,0.171,1.0,1.0,1d26eda3-c927-4cdf-a3b0-218036828a55::roof-oblique::oblique:2,0.732,1d26eda3-c927-4cdf-a3b0-218036828a55::roof-flat::flat:0,1.0,0.535,oblique_wrong_orientation
1d26eda3-c927-4cdf-a3b0-218036828a55,1d26eda3-c927-4cdf-a3b0-218036828a55::ceiling-raw::1:2:5,1,2,5,11.3,211.21,0.719,1.0,1.0,1d26eda3-c927-4cdf-a3b0-218036828a55::roof-oblique::oblique:1,0.698,1d26eda3-c927-4cdf-a3b0-218036828a55::roof-flat::flat:0,1.0,0.773,oblique_wrong_orientation
1d26eda3-c927-4cdf-a3b0-218036828a55,1d26eda3-c927-4cdf-a3b0-218036828a55::ceiling-raw::1:2:6,1,2,6,26.47,210.62,0.071,1.0,1.0,1d26eda3-c927-4cdf-a3b0-218036828a55::roof-oblique::oblique:2,1.0,1d26eda3-c927-4cdf-a3b0-218036828a55::roof-flat::flat:0,1.0,0.205,oblique_wrong_orientation
1d26eda3-c927-4cdf-a3b0-218036828a55,1d26eda3-c927-4cdf-a3b0-218036828a55::ceiling-raw::1:2:7,1,2,7,26.92,199.24,0.108,1.0,1.0,1d26eda3-c927-4cdf-a3b0-218036828a55::roof-oblique::oblique:2,1.0,1d26eda3-c927-4cdf-a3b0-218036828a55::roof-flat::flat:6,1.0,0.204,oblique_wrong_orientation
1d26eda3-c927-4cdf-a3b0-218036828a55,1d26eda3-c927-4cdf-a3b0-218036828a55::ceiling-raw::1:2:8,1,2,8,29.94,30.62,0.787,1.0,1.0,1d26eda3-c927-4cdf-a3b0-218036828a55::roof-oblique::oblique:2,1.0,1d26eda3-c927-4cdf-a3b0-218036828a55::roof-flat::flat:6,1.0,0.929,oblique_matched
1d26eda3-c927-4cdf-a3b0-218036828a55,1d26eda3-c927-4cdf-a3b0-218036828a55::ceiling-raw::1:2:9,1,2,9,50.55,30.62,0.491,1.0,1.0,1d26eda3-c927-4cdf-a3b0-218036828a55::roof-oblique::oblique:2,1.0,1d26eda3-c927-4cdf-a3b0-218036828a55::roof-flat::flat:6,1.0,1.0,oblique_matched
1d26eda3-c927-4cdf-a3b0-218036828a55,1d26eda3-c927-4cdf-a3b0-218036828a55::ceiling-raw::1:2:10,1,2,10,51.15,33.88,0.697,1.0,1.0,1d26eda3-c927-4cdf-a3b0-218036828a55::roof-oblique::oblique:2,1.0,1d26eda3-c927-4cdf-a3b0-218036828a55::roof-flat::flat:6,1.0,0.999,oblique_matched
1d26eda3-c927-4cdf-a3b0-218036828a55,1d26eda3-c927-4cdf-a3b0-218036828a55::ceiling-raw::1:2:11,1,2,11,56.0,30.61,0.491,1.0,1.0,1d26eda3-c927-4cdf-a3b0-218036828a55::roof-oblique::oblique:2,1.0,1d26eda3-c927-4cdf-a3b0-218036828a55::roof-flat::flat:6,1.0,0.997,oblique_matched
1d26eda3-c927-4cdf-a3b0-218036828a55,1d26eda3-c927-4cdf-a3b0-218036828a55::ceiling-raw::1:2:12,1,2,12,56.05,27.3,0.697,1.0,1.0,1d26eda3-c927-4cdf-a3b0-218036828a55::roof-oblique::oblique:2,1.0,1d26eda3-c927-4cdf-a3b0-218036828a55::roof-flat::flat:6,1.0,0.996,oblique_matched
1d26eda3-c927-4cdf-a3b0-218036828a55,1d26eda3-c927-4cdf-a3b0-218036828a55::ceiling-raw::1:2:13,1,2,13,63.39,348.59,0.305,1.0,1.0,1d26eda3-c927-4cdf-a3b0-218036828a55::roof-oblique::oblique:2,1.0,1d26eda3-c927-4cdf-a3b0-218036828a55::roof-flat::flat:6,1.0,0.799,oblique_wrong_orientation
1d26eda3-c927-4cdf-a3b0-218036828a55,1d26eda3-c927-4cdf-a3b0-218036828a55::ceiling-raw::1:3:1,1,3,1,0.0,,4.192,1.0,1.0,1d26eda3-c927-4cdf-a3b0-218036828a55::roof-oblique::oblique:2,0.503,1d26eda3-c927-4cdf-a3b0-218036828a55::roof-flat::flat:6,1.0,0.62,flat_matched
1d26eda3-c927-4cdf-a3b0-218036828a55,1d26eda3-c927-4cdf-a3b0-218036828a55::ceiling-raw::1:3:2,1,3,2,50.18,209.61,5.433,0.994,1.0,1d26eda3-c927-4cdf-a3b0-218036828a55::roof-oblique::oblique:1,0.994,1d26eda3-c927-4cdf-a3b0-218036828a55::roof-flat::flat:7,1.0,1.0,oblique_matched
1d26eda3-c927-4cdf-a3b0-218036828a55,1d26eda3-c927-4cdf-a3b0-218036828a55::ceiling-raw::1:3:3,1,3,3,52.59,30.83,5.02,0.999,1.0,1d26eda3-c927-4cdf-a3b0-218036828a55::roof-oblique::oblique:2,0.999,1d26eda3-c927-4cdf-a3b0-218036828a55::roof-flat::flat:7,1.0,1.0,oblique_matched
1d26eda3-c927-4cdf-a3b0-218036828a55,1d26eda3-c927-4cdf-a3b0-218036828a55::ceiling-raw::1:4:0,1,4,0,0.0,,14.139,0,1.0,,0.0,1d26eda3-c927-4cdf-a3b0-218036828a55::roof-flat::flat:8,1.0,,flat_matched
1d26eda3-c927-4cdf-a3b0-218036828a55,1d26eda3-c927-4cdf-a3b0-218036828a55::ceiling-raw::1:5:0,1,5,0,0.0,,25.551,0,1.0,,0.0,1d26eda3-c927-4cdf-a3b0-218036828a55::roof-flat::flat:8,1.0,,flat_matched
1d26eda3-c927-4cdf-a3b0-218036828a55,1d26eda3-c927-4cdf-a3b0-218036828a55::ceiling-raw::1:5:1,1,5,1,39.82,259.15,0.345,0,1.0,,0.0,1d26eda3-c927-4cdf-a3b0-218036828a55::roof-flat::flat:6,1.0,,oblique_covered_by_flat
1d26eda3-c927-4cdf-a3b0-218036828a55,1d26eda3-c927-4cdf-a3b0-218036828a55::ceiling-raw::0:6:0,0,6,0,0.0,,0.844,0,1.0,,0.0,1d26eda3-c927-4cdf-a3b0-218036828a55::roof-flat::flat:9,1.0,,flat_matched
1d26eda3-c927-4cdf-a3b0-218036828a55,1d26eda3-c927-4cdf-a3b0-218036828a55::ceiling-raw::0:6:1,0,6,1,0.0,,4.911,0,1.0,,0.0,1d26eda3-c927-4cdf-a3b0-218036828a55::roof-flat::flat:9,1.0,,flat_matched
1d26eda3-c927-4cdf-a3b0-218036828a55,1d26eda3-c927-4cdf-a3b0-218036828a55::ceiling-raw::1:9:0,1,9,0,0.0,,24.049,0.227,1.0,1d26eda3-c927-4cdf-a3b0-218036828a55::roof-oblique::oblique:0,0.227,1d26eda3-c927-4cdf-a3b0-218036828a55::roof-flat::flat:8,1.0,0.685,flat_matched
1f03f6e0-dfe6-4b25-bb45-f44ad146c0a3,1f03f6e0-dfe6-4b25-bb45-f44ad146c0a3::ceiling-raw::1:0:0,1,0,0,0.0,,0.82,0,1.0,,0.0,1f03f6e0-dfe6-4b25-bb45-f44ad146c0a3::roof-flat::flat:0,1.0,,flat_matched
1f03f6e0-dfe6-4b25-bb45-f44ad146c0a3,1f03f6e0-dfe6-4b25-bb45-f44ad146c0a3::ceiling-raw::1:0:1,1,0,1,0.0,,0.912,0,1.0,,0.0,1f03f6e0-dfe6-4b25-bb45-f44ad146c0a3::roof-flat::flat:18,1.0,,flat_matched
1f03f6e0-dfe6-4b25-bb45-f44ad146c0a3,1f03f6e0-dfe6-4b25-bb45-f44ad146c0a3::ceiling-raw::1:0:2,1,0,2,6.59,151.72,1.098,0,1.0,,0.0,1f03f6e0-dfe6-4b25-bb45-f44ad146c0a3::roof-flat::flat:0,1.0,,oblique_covered_by_flat
1f03f6e0-dfe6-4b25-bb45-f44ad146c0a3,1f03f6e0-dfe6-4b25-bb45-f44ad146c0a3::ceiling-raw::1:0:3,1,0,3,12.73,151.73,1.095,0,1.0,,0.0,1f03f6e0-dfe6-4b25-bb45-f44ad146c0a3::roof-flat::flat:0,1.0,,oblique_covered_by_flat
1f03f6e0-dfe6-4b25-bb45-f44ad146c0a3,1f03f6e0-dfe6-4b25-bb45-f44ad146c0a3::ceiling-raw::1:0:4,1,0,4,13.87,151.73,0.514,0,1.0,,0.0,1f03f6e0-dfe6-4b25-bb45-f44ad146c0a3::roof-flat::flat:0,1.0,,oblique_covered_by_flat
1f03f6e0-dfe6-4b25-bb45-f44ad146c0a3,1f03f6e0-dfe6-4b25-bb45-f44ad146c0a3::ceiling-raw::1:0:5,1,0,5,28.07,241.73,1.612,0,1.0,,0.0,1f03f6e0-dfe6-4b25-bb45-f44ad146c0a3::roof-flat::flat:0,1.0,,oblique_covered_by_flat
1f03f6e0-dfe6-4b25-bb45-f44ad146c0a3,1f03f6e0-dfe6-4b25-bb45-f44ad146c0a3::ceiling-raw::1:0:6,1,0,6,29.85,33.63,2.502,0,1.0,,0.0,1f03f6e0-dfe6-4b25-bb45-f44ad146c0a3::roof-flat::flat:18,1.0,,oblique_covered_by_flat
1f03f6e0-dfe6-4b25-bb45-f44ad146c0a3,1f03f6e0-dfe6-4b25-bb45-f44ad146c0a3::ceiling-raw::1:0:7,1,0,7,33.12,71.93,0.912,0,1.0,,0.0,1f03f6e0-dfe6-4b25-bb45-f44ad146c0a3::roof-flat::flat:0,1.0,,oblique_covered_by_flat
1f03f6e0-dfe6-4b25-bb45-f44ad146c0a3,1f03f6e0-dfe6-4b25-bb45-f44ad146c0a3::ceiling-raw::1:0:8,1,0,8,34.52,82.77,0.427,0,1.0,,0.0,1f03f6e0-dfe6-4b25-bb45-f44ad146c0a3::roof-flat::flat:0,1.0,,oblique_covered_by_flat
1f03f6e0-dfe6-4b25-bb45-f44ad146c0a3,1f03f6e0-dfe6-4b25-bb45-f44ad146c0a3::ceiling-raw::1:0:9,1,0,9,35.7,221.64,1.168,0,1.0,,0.0,1f03f6e0-dfe6-4b25-bb45-f44ad146c0a3::roof-flat::flat:0,1.0,,oblique_covered_by_flat
1f03f6e0-dfe6-4b25-bb45-f44ad146c0a3,1f03f6e0-dfe6-4b25-bb45-f44ad146c0a3::ceiling-raw::1:0:10,1,0,10,37.65,331.73,0.946,0,1.0,,0.0,1f03f6e0-dfe6-4b25-bb45-f44ad146c0a3::roof-flat::flat:0,1.0,,oblique_covered_by_flat
1f03f6e0-dfe6-4b25-bb45-f44ad146c0a3,1f03f6e0-dfe6-4b25-bb45-f44ad146c0a3::ceiling-raw::1:0:11,1,0,11,39.48,241.73,3.31,0,1.0,,0.0,1f03f6e0-dfe6-4b25-bb45-f44ad146c0a3::roof-flat::flat:18,1.0,,oblique_covered_by_flat
1f03f6e0-dfe6-4b25-bb45-f44ad146c0a3,1f03f6e0-dfe6-4b25-bb45-f44ad146c0a3::ceiling-raw::1:0:12,1,0,12,39.86,251.04,2.484,0,1.0,,0.0,1f03f6e0-dfe6-4b25-bb45-f44ad146c0a3::roof-flat::flat:18,1.0,,oblique_covered_by_flat
1f03f6e0-dfe6-4b25-bb45-f44ad146c0a3,1f03f6e0-dfe6-4b25-bb45-f44ad146c0a3::ceiling-raw::1:0:13,1,0,13,45.68,75.8,4.976,0,1.0,,0.0,1f03f6e0-dfe6-4b25-bb45-f44ad146c0a3::roof-flat::flat:18,1.0,,oblique_covered_by_flat
1f03f6e0-dfe6-4b25-bb45-f44ad146c0a3,1f03f6e0-dfe6-4b25-bb45-f44ad146c0a3::ceiling-raw::1:0:14,1,0,14,44.91,331.73,1.47,0,1.0,,0.0,1f03f6e0-dfe6-4b25-bb45-f44ad146c0a3::roof-flat::flat:18,1.0,,oblique_covered_by_flat
1f03f6e0-dfe6-4b25-bb45-f44ad146c0a3,1f03f6e0-dfe6-4b25-bb45-f44ad146c0a3::ceiling-raw::1:0:15,1,0,15,46.13,61.73,1.095,0,1.0,,0.0,1f03f6e0-dfe6-4b25-bb45-f44ad146c0a3::roof-flat::flat:0,1.0,,oblique_covered_by_flat
1f03f6e0-dfe6-4b25-bb45-f44ad146c0a3,1f03f6e0-dfe6-4b25-bb45-f44ad146c0a3::ceiling-raw::1:0:16,1,0,16,46.51,61.73,2.502,0,1.0,,0.0,1f03f6e0-dfe6-4b25-bb45-f44ad146c0a3::roof-flat::flat:0,1.0,,oblique_covered_by_flat
1f03f6e0-dfe6-4b25-bb45-f44ad146c0a3,1f03f6e0-dfe6-4b25-bb45-f44ad146c0a3::ceiling-raw::1:0:17,1,0,17,46.64,241.73,4.981,0,1.0,,0.0,1f03f6e0-dfe6-4b25-bb45-f44ad146c0a3::roof-flat::flat:18,1.0,,oblique_covered_by_flat
1f03f6e0-dfe6-4b25-bb45-f44ad146c0a3,1f03f6e0-dfe6-4b25-bb45-f44ad146c0a3::ceiling-raw::1:0:18,1,0,18,47.29,151.73,1.356,0,1.0,,0.0,1f03f6e0-dfe6-4b25-bb45-f44ad146c0a3::roof-flat::flat:18,1.0,,oblique_covered_by_flat
1f03f6e0-dfe6-4b25-bb45-f44ad146c0a3,1f03f6e0-dfe6-4b25-bb45-f44ad146c0a3::ceiling-raw::1:0:19,1,0,19,47.4,228.61,1.165,0,1.0,,0.0,1f03f6e0-dfe6-4b25-bb45-f44ad146c0a3::roof-flat::flat:0,1.0,,oblique_covered_by_flat
1f03f6e0-dfe6-4b25-bb45-f44ad146c0a3,1f03f6e0-dfe6-4b25-bb45-f44ad146c0a3::ceiling-raw::1:0:20,1,0,20,47.67,241.73,2.484,0,1.0,,0.0,1f03f6e0-dfe6-4b25-bb45-f44ad146c0a3::roof-flat::flat:18,1.0,,oblique_covered_by_flat
1f03f6e0-dfe6-4b25-bb45-f44ad146c0a3,1f03f6e0-dfe6-4b25-bb45-f44ad146c0a3::ceiling-raw::1:0:21,1,0,21,47.89,248.74,0.91,0,1.0,,0.0,1f03f6e0-dfe6-4b25-bb45-f44ad146c0a3::roof-flat::flat:0,1.0,,oblique_covered_by_flat
1f03f6e0-dfe6-4b25-bb45-f44ad146c0a3,1f03f6e0-dfe6-4b25-bb45-f44ad146c0a3::ceiling-raw::1:0:22,1,0,22,48.16,358.69,1.171,0,1.0,,0.0,1f03f6e0-dfe6-4b25-bb45-f44ad146c0a3::roof-flat::flat:0,1.0,,oblique_covered_by_flat
1f03f6e0-dfe6-4b25-bb45-f44ad146c0a3,1f03f6e0-dfe6-4b25-bb45-f44ad146c0a3::ceiling-raw::1:0:23,1,0,23,50.72,22.6,1.074,0,1.0,,0.0,1f03f6e0-dfe6-4b25-bb45-f44ad146c0a3::roof-flat::flat:0,1.0,,oblique_covered_by_flat
1f03f6e0-dfe6-4b25-bb45-f44ad146c0a3,1f03f6e0-dfe6-4b25-bb45-f44ad146c0a3::ceiling-raw::1:0:24,1,0,24,51.91,183.67,1.074,0,1.0,,0.0,1f03f6e0-dfe6-4b25-bb45-f44ad146c0a3::roof-flat::flat:0,1.0,,oblique_covered_by_flat
1f03f6e0-dfe6-4b25-bb45-f44ad146c0a3,1f03f6e0-dfe6-4b25-bb45-f44ad146c0a3::ceiling-raw::1:0:25,1,0,25,61.56,241.73,0.91,0,1.0,,0.0,1f03f6e0-dfe6-4b25-bb45-f44ad146c0a3::roof-flat::flat:0,1.0,,oblique_covered_by_flat
1f03f6e0-dfe6-4b25-bb45-f44ad146c0a3,1f03f6e0-dfe6-4b25-bb45-f44ad146c0a3::ceiling-raw::1:0:26,1,0,26,63.44,264.41,0.393,0,1.0,,0.0,1f03f6e0-dfe6-4b25-bb45-f44ad146c0a3::roof-flat::flat:0,1.0,,oblique_covered_by_flat
1f03f6e0-dfe6-4b25-bb45-f44ad146c0a3,1f03f6e0-dfe6-4b25-bb45-f44ad146c0a3::ceiling-raw::1:0:29,1,0,29,0.0,,13.135,0,1.0,,0.0,1f03f6e0-dfe6-4b25-bb45-f44ad146c0a3::roof-flat::flat:18,1.0,,flat_matched
1f03f6e0-dfe6-4b25-bb45-f44ad146c0a3,1f03f6e0-dfe6-4b25-bb45-f44ad146c0a3::ceiling-raw::1:0:30,1,0,30,0.0,,2.627,0,1.0,,0.0,1f03f6e0-dfe6-4b25-bb45-f44ad146c0a3::roof-flat::flat:18,1.0,,flat_matched
1f03f6e0-dfe6-4b25-bb45-f44ad146c0a3,1f03f6e0-dfe6-4b25-bb45-f44ad146c0a3::ceiling-raw::1:0:32,1,0,32,0.0,,1.744,0,1.0,,0.0,1f03f6e0-dfe6-4b25-bb45-f44ad146c0a3::roof-flat::flat:0,1.0,,flat_matched
1f03f6e0-dfe6-4b25-bb45-f44ad146c0a3,1f03f6e0-dfe6-4b25-bb45-f44ad146c0a3::ceiling-raw::1:0:33,1,0,33,6.69,110.87,1.79,0,1.0,,0.0,1f03f6e0-dfe6-4b25-bb45-f44ad146c0a3::roof-flat::flat:0,1.0,,oblique_covered_by_flat
1f03f6e0-dfe6-4b25-bb45-f44ad146c0a3,1f03f6e0-dfe6-4b25-bb45-f44ad146c0a3::ceiling-raw::1:0:34,1,0,34,11.75,20.88,0.798,0,1.0,,0.0,1f03f6e0-dfe6-4b25-bb45-f44ad146c0a3::roof-flat::flat:0,1.0,,oblique_covered_by_flat
1f03f6e0-dfe6-4b25-bb45-f44ad146c0a3,1f03f6e0-dfe6-4b25-bb45-f44ad146c0a3::ceiling-raw::1:0:35,1,0,35,30.41,189.35,0.288,0,1.0,,0.0,1f03f6e0-dfe6-4b25-bb45-f44ad146c0a3::roof-flat::flat:0,1.0,,oblique_covered_by_flat
1f03f6e0-dfe6-4b25-bb45-f44ad146c0a3,1f03f6e0-dfe6-4b25-bb45-f44ad146c0a3::ceiling-raw::1:0:36,1,0,36,0.0,,1.085,0,1.0,,0.0,1f03f6e0-dfe6-4b25-bb45-f44ad146c0a3::roof-flat::flat:0,1.0,,flat_matched
1f03f6e0-dfe6-4b25-bb45-f44ad146c0a3,1f03f6e0-dfe6-4b25-bb45-f44ad146c0a3::ceiling-raw::1:0:37,1,0,37,6.69,110.87,0.309,0,1.0,,0.0,1f03f6e0-dfe6-4b25-bb45-f44ad146c0a3::roof-flat::flat:0,1.0,,oblique_covered_by_flat
1f03f6e0-dfe6-4b25-bb45-f44ad146c0a3,1f03f6e0-dfe6-4b25-bb45-f44ad146c0a3::ceiling-raw::1:0:38,1,0,38,11.75,20.88,1.301,0,1.0,,0.0,1f03f6e0-dfe6-4b25-bb45-f44ad146c0a3::roof-flat::flat:0,1.0,,oblique_covered_by_flat
1f03f6e0-dfe6-4b25-bb45-f44ad146c0a3,1f03f6e0-dfe6-4b25-bb45-f44ad146c0a3::ceiling-raw::1:0:39,1,0,39,17.01,110.87,0.179,0,1.0,,0.0,1f03f6e0-dfe6-4b25-bb45-f44ad146c0a3::roof-flat::flat:18,1.0,,oblique_covered_by_flat
1f03f6e0-dfe6-4b25-bb45-f44ad146c0a3,1f03f6e0-dfe6-4b25-bb45-f44ad146c0a3::ceiling-raw::1:0:40,1,0,40,30.41,189.35,0.179,0,1.0,,0.0,1f03f6e0-dfe6-4b25-bb45-f44ad146c0a3::roof-flat::flat:0,1.0,,oblique_covered_by_flat
1f03f6e0-dfe6-4b25-bb45-f44ad146c0a3,1f03f6e0-dfe6-4b25-bb45-f44ad146c0a3::ceiling-raw::1:1:0,1,1,0,0.0,,0.349,0.999,1.0,1f03f6e0-dfe6-4b25-bb45-f44ad146c0a3::roof-oblique::oblique:1,0.999,1f03f6e0-dfe6-4b25-bb45-f44ad146c0a3::roof-flat::flat:19,1.0,0.672,flat_matched
1f03f6e0-dfe6-4b25-bb45-f44ad146c0a3,1f03f6e0-dfe6-4b25-bb45-f44ad146c0a3::ceiling-raw::1:1:1,1,1,1,0.0,,0.662,0.999,1.0,1f03f6e0-dfe6-4b25-bb45-f44ad146c0a3::roof-oblique::oblique:1,0.999,1f03f6e0-dfe6-4b25-bb45-f44ad146c0a3::roof-flat::flat:19,1.0,0.672,flat_matched
1f03f6e0-dfe6-4b25-bb45-f44ad146c0a3,1f03f6e0-dfe6-4b25-bb45-f44ad146c0a3::ceiling-raw::1:1:2,1,1,2,0.0,,0.227,0.34,1.0,1f03f6e0-dfe6-4b25-bb45-f44ad146c0a3::roof-oblique::oblique:1,0.34,1f03f6e0-dfe6-4b25-bb45-f44ad146c0a3::roof-flat::flat:18,1.0,0.672,flat_matched
1f03f6e0-dfe6-4b25-bb45-f44ad146c0a3,1f03f6e0-dfe6-4b25-bb45-f44ad146c0a3::ceiling-raw::1:1:3,1,1,3,36.07,150.8,0.14,1.0,1.0,1f03f6e0-dfe6-4b25-bb45-f44ad146c0a3::roof-oblique::oblique:1,1.0,1f03f6e0-dfe6-4b25-bb45-f44ad146c0a3::roof-flat::flat:19,1.0,0.979,oblique_matched
1f03f6e0-dfe6-4b25-bb45-f44ad146c0a3,1f03f6e0-dfe6-4b25-bb45-f44ad146c0a3::ceiling-raw::1:1:4,1,1,4,40.29,185.51,1.09,1.0,1.0,1f03f6e0-dfe6-4b25-bb45-f44ad146c0a3::roof-oblique::oblique:1,1.0,1f03f6e0-dfe6-4b25-bb45-f44ad146c0a3::roof-flat::flat:19,1.0,0.903,oblique_matched
1f03f6e0-dfe6-4b25-bb45-f44ad146c0a3,1f03f6e0-dfe6-4b25-bb45-f44ad146c0a3::ceiling-raw::1:1:5,1,1,5,46.74,104.08,1.176,1.0,1.0,1f03f6e0-dfe6-4b25-bb45-f44ad146c0a3::roof-oblique::oblique:1,1.0,1f03f6e0-dfe6-4b25-bb45-f44ad146c0a3::roof-flat::flat:19,1.0,0.836,oblique_matched
1f03f6e0-dfe6-4b25-bb45-f44ad146c0a3,1f03f6e0-dfe6-4b25-bb45-f44ad146c0a3::ceiling-raw::1:1:6,1,1,6,49.54,149.57,2.114,1.0,1.0,1f03f6e0-dfe6-4b25-bb45-f44ad146c0a3::roof-oblique::oblique:1,1.0,1f03f6e0-dfe6-4b25-bb45-f44ad146c0a3::roof-flat::flat:19,1.0,0.999,oblique_matched
1f03f6e0-dfe6-4b25-bb45-f44ad146c0a3,1f03f6e0-dfe6-4b25-bb45-f44ad146c0a3::ceiling-raw::1:1:7,1,1,7,49.0,150.81,1.176,0.999,1.0,1f03f6e0-dfe6-4b25-bb45-f44ad146c0a3::roof-oblique::oblique:1,0.999,1f03f6e0-dfe6-4b25-bb45-f44ad146c0a3::roof-flat::flat:19,1.0,1.0,oblique_matched
1f03f6e0-dfe6-4b25-bb45-f44ad146c0a3,1f03f6e0-dfe6-4b25-bb45-f44ad146c0a3::ceiling-raw::1:1:8,1,1,8,58.6,60.8,0.077,0.244,1.0,1f03f6e0-dfe6-4b25-bb45-f44ad146c0a3::roof-oblique::oblique:1,0.244,1f03f6e0-dfe6-4b25-bb45-f44ad146c0a3::roof-flat::flat:19,1.0,0.359,oblique_covered_by_flat
1f03f6e0-dfe6-4b25-bb45-f44ad146c0a3,1f03f6e0-dfe6-4b25-bb45-f44ad146c0a3::ceiling-raw::1:1:9,1,1,9,60.13,104.89,0.662,1.0,1.0,1f03f6e0-dfe6-4b25-bb45-f44ad146c0a3::roof-oblique::oblique:1,1.0,1f03f6e0-dfe6-4b25-bb45-f44ad146c0a3::roof-flat::flat:19,1.0,0.788,oblique_wrong_orientation
1f03f6e0-dfe6-4b25-bb45-f44ad146c0a3,1f03f6e0-dfe6-4b25-bb45-f44ad146c0a3::ceiling-raw::1:1:10,1,1,10,66.13,117.2,0.101,0.696,1.0,1f03f6e0-dfe6-4b25-bb45-f44ad146c0a3::roof-oblique::oblique:1,0.696,1f03f6e0-dfe6-4b25-bb45-f44ad146c0a3::roof-flat::flat:19,1.0,0.841,oblique_matched
1f03f6e0-dfe6-4b25-bb45-f44ad146c0a3,1f03f6e0-dfe6-4b25-bb45-f44ad146c0a3::ceiling-raw::1:1:13,1,1,13,0.0,,5.515,0.016,1.0,1f03f6e0-dfe6-4b25-bb45-f44ad146c0a3::roof-oblique::oblique:1,0.016,1f03f6e0-dfe6-4b25-bb45-f44ad146c0a3::roof-flat::flat:18,1.0,0.672,flat_matched
1f03f6e0-dfe6-4b25-bb45-f44ad146c0a3,1f03f6e0-dfe6-4b25-bb45-f44ad146c0a3::ceiling-raw::1:1:14,1,1,14,37.92,240.81,0.879,0,1.0,,0.0,1f03f6e0-dfe6-4b25-bb45-f44ad146c0a3::roof-flat::flat:18,1.0,,oblique_covered_by_flat
1f03f6e0-dfe6-4b25-bb45-f44ad146c0a3,1f03f6e0-dfe6-4b25-bb45-f44ad146c0a3::ceiling-raw::1:1:15,1,1,15,46.41,240.81,2.712,0,1.0,,0.0,1f03f6e0-dfe6-4b25-bb45-f44ad146c0a3::roof-flat::flat:18,1.0,,oblique_covered_by_flat
1f03f6e0-dfe6-4b25-bb45-f44ad146c0a3,1f03f6e0-dfe6-4b25-bb45-f44ad146c0a3::ceiling-raw::1:1:16,1,1,16,46.56,60.82,2.464,0,1.0,,0.0,1f03f6e0-dfe6-4b25-bb45-f44ad146c0a3::roof-flat::flat:18,1.0,,oblique_covered_by_flat
1f03f6e0-dfe6-4b25-bb45-f44ad146c0a3,1f03f6e0-dfe6-4b25-bb45-f44ad146c0a3::ceiling-raw::1:1:17,1,1,17,49.04,150.44,7.688,0.974,1.0,1f03f6e0-dfe6-4b25-bb45-f44ad146c0a3::roof-oblique::oblique:1,0.974,1f03f6e0-dfe6-4b25-bb45-f44ad146c0a3::roof-flat::flat:18,1.0,1.0,oblique_matched
1f03f6e0-dfe6-4b25-bb45-f44ad146c0a3,1f03f6e0-dfe6-4b25-bb45-f44ad146c0a3::ceiling-raw::1:1:18,1,1,18,50.41,45.57,0.556,0,1.0,,0.0,1f03f6e0-dfe6-4b25-bb45-f44ad146c0a3::roof-flat::flat:18,1.0,,oblique_covered_by_flat
1f03f6e0-dfe6-4b25-bb45-f44ad146c0a3,1f03f6e0-dfe6-4b25-bb45-f44ad146c0a3::ceiling-raw::1:1:19,1,1,19,57.1,300.55,1.154,0,1.0,,0.0,1f03f6e0-dfe6-4b25-bb45-f44ad146c0a3::roof-flat::flat:18,1.0,,oblique_covered_by_flat
1f03f6e0-dfe6-4b25-bb45-f44ad146c0a3,1f03f6e0-dfe6-4b25-bb45-f44ad146c0a3::ceiling-raw::1:1:20,1,1,20,58.65,64.21,0.425,0,1.0,,0.0,1f03f6e0-dfe6-4b25-bb45-f44ad146c0a3::roof-flat::flat:19,1.0,,oblique_covered_by_flat
1f03f6e0-dfe6-4b25-bb45-f44ad146c0a3,1f03f6e0-dfe6-4b25-bb45-f44ad146c0a3::ceiling-raw::1:1:21,1,1,21,59.94,13.27,0.501,0,1.0,,0.0,1f03f6e0-dfe6-4b25-bb45-f44ad146c0a3::roof-flat::flat:18,1.0,,oblique_covered_by_flat
1f03f6e0-dfe6-4b25-bb45-f44ad146c0a3,1f03f6e0-dfe6-4b25-bb45-f44ad146c0a3::ceiling-raw::1:1:22,1,1,22,60.46,7.58,0.491,0,1.0,,0.0,1f03f6e0-dfe6-4b25-bb45-f44ad146c0a3::roof-flat::flat:18,1.0,,oblique_covered_by_flat
1f03f6e0-dfe6-4b25-bb45-f44ad146c0a3,1f03f6e0-dfe6-4b25-bb45-f44ad146c0a3::ceiling-raw::1:1:23,1,1,23,62.76,285.84,1.326,0,1.0,,0.0,1f03f6e0-dfe6-4b25-bb45-f44ad146c0a3::roof-flat::flat:18,1.0,,oblique_covered_by_flat
1f03f6e0-dfe6-4b25-bb45-f44ad146c0a3,1f03f6e0-dfe6-4b25-bb45-f44ad146c0a3::ceiling-raw::1:1:24,1,1,24,65.18,60.81,0.501,0,1.0,,0.0,1f03f6e0-dfe6-4b25-bb45-f44ad146c0a3::roof-flat::flat:18,1.0,,oblique_covered_by_flat
1f03f6e0-dfe6-4b25-bb45-f44ad146c0a3,1f03f6e0-dfe6-4b25-bb45-f44ad146c0a3::ceiling-raw::1:1:25,1,1,25,68.28,30.28,0.257,0,1.0,,0.0,1f03f6e0-dfe6-4b25-bb45-f44ad146c0a3::roof-flat::flat:18,1.0,,oblique_covered_by_flat
1f03f6e0-dfe6-4b25-bb45-f44ad146c0a3,1f03f6e0-dfe6-4b25-bb45-f44ad146c0a3::ceiling-raw::1:1:26,1,1,26,81.2,331.19,0.748,0,1.0,,0.0,1f03f6e0-dfe6-4b25-bb45-f44ad146c0a3::roof-flat::flat:18,1.0,,near_vertical_skip
1f03f6e0-dfe6-4b25-bb45-f44ad146c0a3,1f03f6e0-dfe6-4b25-bb45-f44ad146c0a3::ceiling-raw::1:2:0,1,2,0,0.0,,10.192,0.0,1.0,1f03f6e0-dfe6-4b25-bb45-f44ad146c0a3::roof-oblique::oblique:1,0.0,1f03f6e0-dfe6-4b25-bb45-f44ad146c0a3::roof-flat::flat:18,1.0,0.672,flat_matched
1f03f6e0-dfe6-4b25-bb45-f44ad146c0a3,1f03f6e0-dfe6-4b25-bb45-f44ad146c0a3::ceiling-raw::1:2:1,1,2,1,44.73,327.52,2.018,0,1.0,,0.0,1f03f6e0-dfe6-4b25-bb45-f44ad146c0a3::roof-flat::flat:18,1.0,,oblique_covered_by_flat
1f03f6e0-dfe6-4b25-bb45-f44ad146c0a3,1f03f6e0-dfe6-4b25-bb45-f44ad146c0a3::ceiling-raw::1:2:2,1,2,2,48.22,150.24,3.57,0.009,1.0,1f03f6e0-dfe6-4b25-bb45-f44ad146c0a3::roof-oblique::oblique:1,0.009,1f03f6e0-dfe6-4b25-bb45-f44ad146c0a3::roof-flat::flat:18,1.0,1.0,oblique_covered_by_flat
1f03f6e0-dfe6-4b25-bb45-f44ad146c0a3,1f03f6e0-dfe6-4b25-bb45-f44ad146c0a3::ceiling-raw::1:2:3,1,2,3,49.74,330.37,1.692,0,1.0,,0.0,1f03f6e0-dfe6-4b25-bb45-f44ad146c0a3::roof-flat::flat:18,1.0,,oblique_covered_by_flat
1f03f6e0-dfe6-4b25-bb45-f44ad146c0a3,1f03f6e0-dfe6-4b25-bb45-f44ad146c0a3::ceiling-raw::1:3:0,1,3,0,0.0,,2.283,1.0,1.0,1f03f6e0-dfe6-4b25-bb45-f44ad146c0a3::roof-oblique::oblique:0,1.0,1f03f6e0-dfe6-4b25-bb45-f44ad146c0a3::roof-flat::flat:18,1.0,0.648,flat_matched
1f03f6e0-dfe6-4b25-bb45-f44ad146c0a3,1f03f6e0-dfe6-4b25-bb45-f44ad146c0a3::ceiling-raw::1:3:1,1,3,1,49.75,328.82,2.685,0.999,1.0,1f03f6e0-dfe6-4b25-bb45-f44ad146c0a3::roof-oblique::oblique:0,0.999,1f03f6e0-dfe6-4b25-bb45-f44ad146c0a3::roof-flat::flat:18,1.0,1.0,oblique_matched
1f03f6e0-dfe6-4b25-bb45-f44ad146c0a3,1f03f6e0-dfe6-4b25-bb45-f44ad146c0a3::ceiling-raw::1:3:2,1,3,2,0.0,,13.64,0.654,1.0,1f03f6e0-dfe6-4b25-bb45-f44ad146c0a3::roof-oblique::oblique:1,0.405,1f03f6e0-dfe6-4b25-bb45-f44ad146c0a3::roof-flat::flat:18,1.0,0.672,flat_matched
1f03f6e0-dfe6-4b25-bb45-f44ad146c0a3,1f03f6e0-dfe6-4b25-bb45-f44ad146c0a3::ceiling-raw::1:3:3,1,3,3,46.59,149.7,5.994,0.709,1.0,1f03f6e0-dfe6-4b25-bb45-f44ad146c0a3::roof-oblique::oblique:1,0.709,1f03f6e0-dfe6-4b25-bb45-f44ad146c0a3::roof-flat::flat:18,1.0,1.0,oblique_matched
1f03f6e0-dfe6-4b25-bb45-f44ad146c0a3,1f03f6e0-dfe6-4b25-bb45-f44ad146c0a3::ceiling-raw::1:3:4,1,3,4,50.16,328.82,2.635,0.431,1.0,1f03f6e0-dfe6-4b25-bb45-f44ad146c0a3::roof-oblique::oblique:0,0.431,1f03f6e0-dfe6-4b25-bb45-f44ad146c0a3::roof-flat::flat:18,1.0,1.0,oblique_covered_by_flat
1f03f6e0-dfe6-4b25-bb45-f44ad146c0a3,1f03f6e0-dfe6-4b25-bb45-f44ad146c0a3::ceiling-raw::1:4:0,1,4,0,0.0,,7.021,1.0,1.0,1f03f6e0-dfe6-4b25-bb45-f44ad146c0a3::roof-oblique::oblique:1,0.888,1f03f6e0-dfe6-4b25-bb45-f44ad146c0a3::roof-flat::flat:23,1.0,0.672,flat_matched
1f03f6e0-dfe6-4b25-bb45-f44ad146c0a3,1f03f6e0-dfe6-4b25-bb45-f44ad146c0a3::ceiling-raw::1:4:1,1,4,1,34.87,148.95,0.716,1.0,1.0,1f03f6e0-dfe6-4b25-bb45-f44ad146c0a3::roof-oblique::oblique:1,1.0,1f03f6e0-dfe6-4b25-bb45-f44ad146c0a3::roof-flat::flat:18,1.0,0.975,oblique_matched
1f03f6e0-dfe6-4b25-bb45-f44ad146c0a3,1f03f6e0-dfe6-4b25-bb45-f44ad146c0a3::ceiling-raw::1:4:2,1,4,2,52.59,91.15,1.27,1.0,1.0,1f03f6e0-dfe6-4b25-bb45-f44ad146c0a3::roof-oblique::oblique:1,1.0,1f03f6e0-dfe6-4b25-bb45-f44ad146c0a3::roof-flat::flat:23,1.0,0.713,oblique_wrong_orientation
1f03f6e0-dfe6-4b25-bb45-f44ad146c0a3,1f03f6e0-dfe6-4b25-bb45-f44ad146c0a3::ceiling-raw::1:4:3,1,4,3,57.22,103.51,0.716,1.0,1.0,1f03f6e0-dfe6-4b25-bb45-f44ad146c0a3::roof-oblique::oblique:1,1.0,1f03f6e0-dfe6-4b25-bb45-f44ad146c0a3::roof-flat::flat:18,1.0,0.792,oblique_wrong_orientation
1f03f6e0-dfe6-4b25-bb45-f44ad146c0a3,1f03f6e0-dfe6-4b25-bb45-f44ad146c0a3::ceiling-raw::1:5:0,1,5,0,0.0,,5.76,0.947,1.0,1f03f6e0-dfe6-4b25-bb45-f44ad146c0a3::roof-oblique::oblique:1,0.947,1f03f6e0-dfe6-4b25-bb45-f44ad146c0a3::roof-flat::flat:23,1.0,0.672,flat_matched
1f03f6e0-dfe6-4b25-bb45-f44ad146c0a3,1f03f6e0-dfe6-4b25-bb45-f44ad146c0a3::ceiling-raw::1:5:1,1,5,1,44.21,236.27,1.412,0.895,1.0,1f03f6e0-dfe6-4b25-bb45-f44ad146c0a3::roof-oblique::oblique:1,0.895,1f03f6e0-dfe6-4b25-bb45-f44ad146c0a3::roof-flat::flat:24,1.0,0.516,oblique_wrong_orientation
1f03f6e0-dfe6-4b25-bb45-f44ad146c0a3,1f03f6e0-dfe6-4b25-bb45-f44ad146c0a3::ceiling-raw::1:5:2,1,5,2,49.47,239.91,1.172,0.26,1.0,1f03f6e0-dfe6-4b25-bb45-f44ad146c0a3::roof-oblique::oblique:1,0.26,1f03f6e0-dfe6-4b25-bb45-f44ad146c0a3::roof-flat::flat:24,1.0,0.438,oblique_covered_by_flat
1f03f6e0-dfe6-4b25-bb45-f44ad146c0a3,1f03f6e0-dfe6-4b25-bb45-f44ad146c0a3::ceiling-raw::1:6:0,1,6,0,0.0,,0.711,1.0,1.0,1f03f6e0-dfe6-4b25-bb45-f44ad146c0a3::roof-oblique::oblique:0,1.0,1f03f6e0-dfe6-4b25-bb45-f44ad146c0a3::roof-flat::flat:18,1.0,0.648,flat_matched
1f03f6e0-dfe6-4b25-bb45-f44ad146c0a3,1f03f6e0-dfe6-4b25-bb45-f44ad146c0a3::ceiling-raw::1:6:1,1,6,1,0.0,,1.247,0.237,1.0,1f03f6e0-dfe6-4b25-bb45-f44ad146c0a3::roof-oblique::oblique:0,0.124,1f03f6e0-dfe6-4b25-bb45-f44ad146c0a3::roof-flat::flat:18,1.0,0.648,flat_matched
1f03f6e0-dfe6-4b25-bb45-f44ad146c0a3,1f03f6e0-dfe6-4b25-bb45-f44ad146c0a3::ceiling-raw::1:6:2,1,6,2,18.57,58.25,0.134,1.0,1.0,1f03f6e0-dfe6-4b25-bb45-f44ad146c0a3::roof-oblique::oblique:0,1.0,1f03f6e0-dfe6-4b25-bb45-f44ad146c0a3::roof-flat::flat:18,1.0,0.621,oblique_wrong_orientation
1f03f6e0-dfe6-4b25-bb45-f44ad146c0a3,1f03f6e0-dfe6-4b25-bb45-f44ad146c0a3::ceiling-raw::1:6:3,1,6,3,23.79,148.25,0.939,0.996,1.0,1f03f6e0-dfe6-4b25-bb45-f44ad146c0a3::roof-oblique::oblique:0,0.533,1f03f6e0-dfe6-4b25-bb45-f44ad146c0a3::roof-flat::flat:18,1.0,0.286,oblique_wrong_orientation
1f03f6e0-dfe6-4b25-bb45-f44ad146c0a3,1f03f6e0-dfe6-4b25-bb45-f44ad146c0a3::ceiling-raw::1:6:4,1,6,4,28.04,114.11,1.215,1.0,1.0,1f03f6e0-dfe6-4b25-bb45-f44ad146c0a3::roof-oblique::oblique:0,0.774,1f03f6e0-dfe6-4b25-bb45-f44ad146c0a3::roof-flat::flat:18,1.0,0.282,oblique_wrong_orientation
1f03f6e0-dfe6-4b25-bb45-f44ad146c0a3,1f03f6e0-dfe6-4b25-bb45-f44ad146c0a3::ceiling-raw::1:6:5,1,6,5,34.04,58.25,0.017,1.0,1.0,1f03f6e0-dfe6-4b25-bb45-f44ad146c0a3::roof-oblique::oblique:0,1.0,1f03f6e0-dfe6-4b25-bb45-f44ad146c0a3::roof-flat::flat:18,1.0,0.549,oblique_wrong_orientation
1f03f6e0-dfe6-4b25-bb45-f44ad146c0a3,1f03f6e0-dfe6-4b25-bb45-f44ad146c0a3::ceiling-raw::1:6:6,1,6,6,34.07,148.25,0.551,1.0,1.0,1f03f6e0-dfe6-4b25-bb45-f44ad146c0a3::roof-oblique::oblique:0,1.0,1f03f6e0-dfe6-4b25-bb45-f44ad146c0a3::roof-flat::flat:18,1.0,0.111,oblique_wrong_orientation
1f03f6e0-dfe6-4b25-bb45-f44ad146c0a3,1f03f6e0-dfe6-4b25-bb45-f44ad146c0a3::ceiling-raw::1:6:7,1,6,7,35.61,43.03,0.899,1.0,1.0,1f03f6e0-dfe6-4b25-bb45-f44ad146c0a3::roof-oblique::oblique:0,1.0,1f03f6e0-dfe6-4b25-bb45-f44ad146c0a3::roof-flat::flat:18,1.0,0.655,oblique_wrong_orientation
1f03f6e0-dfe6-4b25-bb45-f44ad146c0a3,1f03f6e0-dfe6-4b25-bb45-f44ad146c0a3::ceiling-raw::1:6:8,1,6,8,35.84,58.24,0.675,1.0,1.0,1f03f6e0-dfe6-4b25-bb45-f44ad146c0a3::roof-oblique::oblique:0,1.0,1f03f6e0-dfe6-4b25-bb45-f44ad146c0a3::roof-flat::flat:18,1.0,0.538,oblique_wrong_orientation
1f03f6e0-dfe6-4b25-bb45-f44ad146c0a3,1f03f6e0-dfe6-4b25-bb45-f44ad146c0a3::ceiling-raw::1:6:9,1,6,9,37.06,121.83,0.713,1.0,1.0,1f03f6e0-dfe6-4b25-bb45-f44ad146c0a3::roof-oblique::oblique:0,1.0,1f03f6e0-dfe6-4b25-bb45-f44ad146c0a3::roof-flat::flat:18,1.0,0.112,oblique_wrong_orientation
1f03f6e0-dfe6-4b25-bb45-f44ad146c0a3,1f03f6e0-dfe6-4b25-bb45-f44ad146c0a3::ceiling-raw::1:6:10,1,6,10,42.02,238.24,0.782,1.0,1.0,1f03f6e0-dfe6-4b25-bb45-f44ad146c0a3::roof-oblique::oblique:0,1.0,1f03f6e0-dfe6-4b25-bb45-f44ad146c0a3::roof-flat::flat:18,1.0,0.468,oblique_wrong_orientation
1f03f6e0-dfe6-4b25-bb45-f44ad146c0a3,1f03f6e0-dfe6-4b25-bb45-f44ad146c0a3::ceiling-raw::1:6:11,1,6,11,45.61,58.24,0.205,1.0,1.0,1f03f6e0-dfe6-4b25-bb45-f44ad146c0a3::roof-oblique::oblique:0,1.0,1f03f6e0-dfe6-4b25-bb45-f44ad146c0a3::roof-flat::flat:18,1.0,0.468,oblique_wrong_orientation
1f03f6e0-dfe6-4b25-bb45-f44ad146c0a3,1f03f6e0-dfe6-4b25-bb45-f44ad146c0a3::ceiling-raw::1:6:12,1,6,12,48.0,237.86,6.097,0.33,1.0,1f03f6e0-dfe6-4b25-bb45-f44ad146c0a3::roof-oblique::oblique:0,0.33,1f03f6e0-dfe6-4b25-bb45-f44ad146c0a3::roof-flat::flat:18,1.0,0.415,oblique_covered_by_flat
1f03f6e0-dfe6-4b25-bb45-f44ad146c0a3,1f03f6e0-dfe6-4b25-bb45-f44ad146c0a3::ceiling-raw::1:6:13,1,6,13,47.57,214.47,0.408,0.696,1.0,1f03f6e0-dfe6-4b25-bb45-f44ad146c0a3::roof-oblique::oblique:0,0.563,1f03f6e0-dfe6-4b25-bb45-f44ad146c0a3::roof-flat::flat:18,1.0,0.197,oblique_wrong_orientation
1f03f6e0-dfe6-4b25-bb45-f44ad146c0a3,1f03f6e0-dfe6-4b25-bb45-f44ad146c0a3::ceiling-raw::1:6:14,1,6,14,47.61,328.24,0.244,1.0,1.0,1f03f6e0-dfe6-4b25-bb45-f44ad146c0a3::roof-oblique::oblique:0,1.0,1f03f6e0-dfe6-4b25-bb45-f44ad146c0a3::roof-flat::flat:18,1.0,0.999,oblique_matched
1f03f6e0-dfe6-4b25-bb45-f44ad146c0a3,1f03f6e0-dfe6-4b25-bb45-f44ad146c0a3::ceiling-raw::1:6:15,1,6,15,49.89,201.35,0.479,1.0,1.0,1f03f6e0-dfe6-4b25-bb45-f44ad146c0a3::roof-oblique::oblique:0,1.0,1f03f6e0-dfe6-4b25-bb45-f44ad146c0a3::roof-flat::flat:18,1.0,0.056,oblique_wrong_orientation
1f03f6e0-dfe6-4b25-bb45-f44ad146c0a3,1f03f6e0-dfe6-4b25-bb45-f44ad146c0a3::ceiling-raw::1:6:16,1,6,16,49.78,58.24,0.49,1.0,1.0,1f03f6e0-dfe6-4b25-bb45-f44ad146c0a3::roof-oblique::oblique:0,1.0,1f03f6e0-dfe6-4b25-bb45-f44ad146c0a3::roof-flat::flat:18,1.0,0.434,oblique_wrong_orientation
1f03f6e0-dfe6-4b25-bb45-f44ad146c0a3,1f03f6e0-dfe6-4b25-bb45-f44ad146c0a3::ceiling-raw::1:6:17,1,6,17,50.67,49.39,0.258,1.0,1.0,1f03f6e0-dfe6-4b25-bb45-f44ad146c0a3::roof-oblique::oblique:0,1.0,1f03f6e0-dfe6-4b25-bb45-f44ad146c0a3::roof-flat::flat:18,1.0,0.517,oblique_wrong_orientation
1f03f6e0-dfe6-4b25-bb45-f44ad146c0a3,1f03f6e0-dfe6-4b25-bb45-f44ad146c0a3::ceiling-raw::1:6:18,1,6,18,51.59,234.5,0.18,1.0,1.0,1f03f6e0-dfe6-4b25-bb45-f44ad146c0a3::roof-oblique::oblique:0,1.0,1f03f6e0-dfe6-4b25-bb45-f44ad146c0a3::roof-flat::flat:18,1.0,0.348,oblique_wrong_orientation
1f03f6e0-dfe6-4b25-bb45-f44ad146c0a3,1f03f6e0-dfe6-4b25-bb45-f44ad146c0a3::ceiling-raw::1:6:19,1,6,19,55.7,207.41,0.19,1.0,1.0,1f03f6e0-dfe6-4b25-bb45-f44ad146c0a3::roof-oblique::oblique:0,1.0,1f03f6e0-dfe6-4b25-bb45-f44ad146c0a3::roof-flat::flat:18,1.0,0.029,oblique_wrong_orientation
1f03f6e0-dfe6-4b25-bb45-f44ad146c0a3,1f03f6e0-dfe6-4b25-bb45-f44ad146c0a3::ceiling-raw::1:6:20,1,6,20,62.25,6.72,0.189,1.0,1.0,1f03f6e0-dfe6-4b25-bb45-f44ad146c0a3::roof-oblique::oblique:0,1.0,1f03f6e0-dfe6-4b25-bb45-f44ad146c0a3::roof-flat::flat:18,1.0,0.841,oblique_matched
1f03f6e0-dfe6-4b25-bb45-f44ad146c0a3,1f03f6e0-dfe6-4b25-bb45-f44ad146c0a3::ceiling-raw::1:6:21,1,6,21,63.07,328.24,0.084,0.999,1.0,1f03f6e0-dfe6-4b25-bb45-f44ad146c0a3::roof-oblique::oblique:0,0.999,1f03f6e0-dfe6-4b25-bb45-f44ad146c0a3::roof-flat::flat:18,1.0,0.972,oblique_matched
1f03f6e0-dfe6-4b25-bb45-f44ad146c0a3,1f03f6e0-dfe6-4b25-bb45-f44ad146c0a3::ceiling-raw::1:6:22,1,6,22,65.69,16.02,0.49,1.0,1.0,1f03f6e0-dfe6-4b25-bb45-f44ad146c0a3::roof-oblique::oblique:0,1.0,1f03f6e0-dfe6-4b25-bb45-f44ad146c0a3::roof-flat::flat:18,1.0,0.747,oblique_wrong_orientation
1f03f6e0-dfe6-4b25-bb45-f44ad146c0a3,1f03f6e0-dfe6-4b25-bb45-f44ad146c0a3::ceiling-raw::1:6:23,1,6,23,65.73,355.67,0.244,1.0,1.0,1f03f6e0-dfe6-4b25-bb45-f44ad146c0a3::roof-oblique::oblique:0,1.0,1f03f6e0-dfe6-4b25-bb45-f44ad146c0a3::roof-flat::flat:18,1.0,0.891,oblique_matched
1f03f6e0-dfe6-4b25-bb45-f44ad146c0a3,1f03f6e0-dfe6-4b25-bb45-f44ad146c0a3::ceiling-raw::1:6:24,1,6,24,66.23,345.56,0.084,1.0,1.0,1f03f6e0-dfe6-4b25-bb45-f44ad146c0a3::roof-oblique::oblique:0,1.0,1f03f6e0-dfe6-4b25-bb45-f44ad146c0a3::roof-flat::flat:18,1.0,0.932,oblique_matched
1f03f6e0-dfe6-4b25-bb45-f44ad146c0a3,1f03f6e0-dfe6-4b25-bb45-f44ad146c0a3::ceiling-raw::1:6:25,1,6,25,69.8,5.34,0.675,1.0,1.0,1f03f6e0-dfe6-4b25-bb45-f44ad146c0a3::roof-oblique::oblique:0,1.0,1f03f6e0-dfe6-4b25-bb45-f44ad146c0a3::roof-flat::flat:18,1.0,0.805,oblique_matched
1f03f6e0-dfe6-4b25-bb45-f44ad146c0a3,1f03f6e0-dfe6-4b25-bb45-f44ad146c0a3::ceiling-raw::1:7:0,1,7,0,0.0,,0.099,1.0,1.0,1f03f6e0-dfe6-4b25-bb45-f44ad146c0a3::roof-oblique::oblique:0,1.0,1f03f6e0-dfe6-4b25-bb45-f44ad146c0a3::roof-flat::flat:2,1.0,0.648,flat_matched
1f03f6e0-dfe6-4b25-bb45-f44ad146c0a3,1f03f6e0-dfe6-4b25-bb45-f44ad146c0a3::ceiling-raw::1:7:1,1,7,1,17.02,328.67,4.992,0.034,1.0,1f03f6e0-dfe6-4b25-bb45-f44ad146c0a3::roof-oblique::oblique:0,0.034,1f03f6e0-dfe6-4b25-bb45-f44ad146c0a3::roof-flat::flat:18,1.0,0.843,oblique_covered_by_flat
1f03f6e0-dfe6-4b25-bb45-f44ad146c0a3,1f03f6e0-dfe6-4b25-bb45-f44ad146c0a3::ceiling-raw::1:7:2,1,7,2,47.22,239.13,7.745,0.111,1.0,1f03f6e0-dfe6-4b25-bb45-f44ad146c0a3::roof-oblique::oblique:0,0.111,1f03f6e0-dfe6-4b25-bb45-f44ad146c0a3::roof-flat::flat:2,1.0,0.434,oblique_covered_by_flat
1f03f6e0-dfe6-4b25-bb45-f44ad146c0a3,1f03f6e0-dfe6-4b25-bb45-f44ad146c0a3::ceiling-raw::1:7:3,1,7,3,48.49,42.96,2.748,0.002,1.0,1f03f6e0-dfe6-4b25-bb45-f44ad146c0a3::roof-oblique::oblique:0,0.002,1f03f6e0-dfe6-4b25-bb45-f44ad146c0a3::roof-flat::flat:18,1.0,0.595,oblique_covered_by_flat
1f03f6e0-dfe6-4b25-bb45-f44ad146c0a3,1f03f6e0-dfe6-4b25-bb45-f44ad146c0a3::ceiling-raw::1:7:4,1,7,4,55.95,58.66,0.155,0.999,1.0,1f03f6e0-dfe6-4b25-bb45-f44ad146c0a3::roof-oblique::oblique:0,0.999,1f03f6e0-dfe6-4b25-bb45-f44ad146c0a3::roof-flat::flat:18,1.0,0.375,oblique_wrong_orientation
1f03f6e0-dfe6-4b25-bb45-f44ad146c0a3,1f03f6e0-dfe6-4b25-bb45-f44ad146c0a3::ceiling-raw::1:7:5,1,7,5,60.16,58.67,2.748,0.078,1.0,1f03f6e0-dfe6-4b25-bb45-f44ad146c0a3::roof-oblique::oblique:0,0.078,1f03f6e0-dfe6-4b25-bb45-f44ad146c0a3::roof-flat::flat:18,1.0,0.335,oblique_covered_by_flat
1f03f6e0-dfe6-4b25-bb45-f44ad146c0a3,1f03f6e0-dfe6-4b25-bb45-f44ad146c0a3::ceiling-raw::1:7:6,1,7,6,80.01,139.22,0.254,1.0,1.0,1f03f6e0-dfe6-4b25-bb45-f44ad146c0a3::roof-oblique::oblique:0,1.0,1f03f6e0-dfe6-4b25-bb45-f44ad146c0a3::roof-flat::flat:18,1.0,0.625,near_vertical_skip
1f03f6e0-dfe6-4b25-bb45-f44ad146c0a3,1f03f6e0-dfe6-4b25-bb45-f44ad146c0a3::ceiling-raw::1:9:0,1,9,0,0.0,,2.957,0,1.0,,0.0,1f03f6e0-dfe6-4b25-bb45-f44ad146c0a3::roof-flat::flat:19,1.0,,flat_matched
1f03f6e0-dfe6-4b25-bb45-f44ad146c0a3,1f03f6e0-dfe6-4b25-bb45-f44ad146c0a3::ceiling-raw::1:10:0,1,10,0,0.0,,4.322,0,1.0,,0.0,1f03f6e0-dfe6-4b25-bb45-f44ad146c0a3::roof-flat::flat:18,1.0,,flat_matched
1f03f6e0-dfe6-4b25-bb45-f44ad146c0a3,1f03f6e0-dfe6-4b25-bb45-f44ad146c0a3::ceiling-raw::1:10:1,1,10,1,19.77,142.57,0.887,0,1.0,,0.0,1f03f6e0-dfe6-4b25-bb45-f44ad146c0a3::roof-flat::flat:18,1.0,,oblique_covered_by_flat
1f03f6e0-dfe6-4b25-bb45-f44ad146c0a3,1f03f6e0-dfe6-4b25-bb45-f44ad146c0a3::ceiling-raw::1:11:0,1,11,0,0.0,,37.653,0,1.0,,0.0,1f03f6e0-dfe6-4b25-bb45-f44ad146c0a3::roof-flat::flat:19,1.0,,flat_matched
1f03f6e0-dfe6-4b25-bb45-f44ad146c0a3,1f03f6e0-dfe6-4b25-bb45-f44ad146c0a3::ceiling-raw::1:12:0,1,12,0,1.37,20.96,26.993,0,1.0,,0.0,1f03f6e0-dfe6-4b25-bb45-f44ad146c0a3::roof-flat::flat:19,1.0,,flat_matched
1f03f6e0-dfe6-4b25-bb45-f44ad146c0a3,1f03f6e0-dfe6-4b25-bb45-f44ad146c0a3::ceiling-raw::1:13:0,1,13,0,2.77,18.15,4.474,0,1.0,,0.0,1f03f6e0-dfe6-4b25-bb45-f44ad146c0a3::roof-flat::flat:19,1.0,,flat_matched
1f03f6e0-dfe6-4b25-bb45-f44ad146c0a3,1f03f6e0-dfe6-4b25-bb45-f44ad146c0a3::ceiling-raw::1:13:1,1,13,1,4.54,20.87,9.471,0,1.0,,0.0,1f03f6e0-dfe6-4b25-bb45-f44ad146c0a3::roof-flat::flat:18,1.0,,flat_matched
1f03f6e0-dfe6-4b25-bb45-f44ad146c0a3,1f03f6e0-dfe6-4b25-bb45-f44ad146c0a3::ceiling-raw::1:13:2,1,13,2,5.24,20.87,3.18,0,1.0,,0.0,1f03f6e0-dfe6-4b25-bb45-f44ad146c0a3::roof-flat::flat:19,1.0,,oblique_covered_by_flat
1f03f6e0-dfe6-4b25-bb45-f44ad146c0a3,1f03f6e0-dfe6-4b25-bb45-f44ad146c0a3::ceiling-raw::1:13:3,1,13,3,12.83,90.45,0.205,0,1.0,,0.0,1f03f6e0-dfe6-4b25-bb45-f44ad146c0a3::roof-flat::flat:18,1.0,,oblique_covered_by_flat
1f03f6e0-dfe6-4b25-bb45-f44ad146c0a3,1f03f6e0-dfe6-4b25-bb45-f44ad146c0a3::ceiling-raw::1:14:0,1,14,0,0.0,,1.036,0,1.0,,0.0,1f03f6e0-dfe6-4b25-bb45-f44ad146c0a3::roof-flat::flat:9,1.0,,flat_matched
1f03f6e0-dfe6-4b25-bb45-f44ad146c0a3,1f03f6e0-dfe6-4b25-bb45-f44ad146c0a3::ceiling-raw::1:14:1,1,14,1,0.0,,3.952,0,1.0,,0.0,1f03f6e0-dfe6-4b25-bb45-f44ad146c0a3::roof-flat::flat:9,1.0,,flat_matched
1f03f6e0-dfe6-4b25-bb45-f44ad146c0a3,1f03f6e0-dfe6-4b25-bb45-f44ad146c0a3::ceiling-raw::1:14:2,1,14,2,11.27,20.87,3.516,0,1.0,,0.0,1f03f6e0-dfe6-4b25-bb45-f44ad146c0a3::roof-flat::flat:9,1.0,,oblique_covered_by_flat
1f03f6e0-dfe6-4b25-bb45-f44ad146c0a3,1f03f6e0-dfe6-4b25-bb45-f44ad146c0a3::ceiling-raw::1:14:3,1,14,3,13.36,53.87,1.036,0,1.0,,0.0,1f03f6e0-dfe6-4b25-bb45-f44ad146c0a3::roof-flat::flat:9,1.0,,oblique_covered_by_flat
1f03f6e0-dfe6-4b25-bb45-f44ad146c0a3,1f03f6e0-dfe6-4b25-bb45-f44ad146c0a3::ceiling-raw::1:14:4,1,14,4,31.47,188.67,0.345,0,1.0,,0.0,1f03f6e0-dfe6-4b25-bb45-f44ad146c0a3::roof-flat::flat:9,1.0,,oblique_covered_by_flat
1f03f6e0-dfe6-4b25-bb45-f44ad146c0a3,1f03f6e0-dfe6-4b25-bb45-f44ad146c0a3::ceiling-raw::1:14:5,1,14,5,33.88,290.88,0.2,0,1.0,,0.0,1f03f6e0-dfe6-4b25-bb45-f44ad146c0a3::roof-flat::flat:9,1.0,,oblique_covered_by_flat
1f03f6e0-dfe6-4b25-bb45-f44ad146c0a3,1f03f6e0-dfe6-4b25-bb45-f44ad146c0a3::ceiling-raw::1:15:0,1,15,0,0.0,,4.373,0,1.0,,0.0,1f03f6e0-dfe6-4b25-bb45-f44ad146c0a3::roof-flat::flat:19,1.0,,flat_matched
1f03f6e0-dfe6-4b25-bb45-f44ad146c0a3,1f03f6e0-dfe6-4b25-bb45-f44ad146c0a3::ceiling-raw::1:15:1,1,15,1,13.04,290.98,1.756,0,1.0,,0.0,1f03f6e0-dfe6-4b25-bb45-f44ad146c0a3::roof-flat::flat:19,1.0,,oblique_covered_by_flat
1f03f6e0-dfe6-4b25-bb45-f44ad146c0a3,1f03f6e0-dfe6-4b25-bb45-f44ad146c0a3::ceiling-raw::1:16:0,1,16,0,1.61,200.88,21.677,0.0,1.0,1f03f6e0-dfe6-4b25-bb45-f44ad146c0a3::roof-oblique::oblique:1,0.0,1f03f6e0-dfe6-4b25-bb45-f44ad146c0a3::roof-flat::flat:19,1.0,0.685,flat_matched
1f03f6e0-dfe6-4b25-bb45-f44ad146c0a3,1f03f6e0-dfe6-4b25-bb45-f44ad146c0a3::ceiling-raw::1:16:1,1,16,1,0.0,,0.365,0,1.0,,0.0,1f03f6e0-dfe6-4b25-bb45-f44ad146c0a3::roof-flat::flat:19,1.0,,flat_matched
1f03f6e0-dfe6-4b25-bb45-f44ad146c0a3,1f03f6e0-dfe6-4b25-bb45-f44ad146c0a3::ceiling-raw::1:16:2,1,16,2,43.79,288.34,0.398,0,1.0,,0.0,1f03f6e0-dfe6-4b25-bb45-f44ad146c0a3::roof-flat::flat:19,1.0,,oblique_covered_by_flat
1f03f6e0-dfe6-4b25-bb45-f44ad146c0a3,1f03f6e0-dfe6-4b25-bb45-f44ad146c0a3::ceiling-raw::1:17:0,1,17,0,0.0,,44.669,0,1.0,,0.0,1f03f6e0-dfe6-4b25-bb45-f44ad146c0a3::roof-flat::flat:19,1.0,,flat_matched
1f03f6e0-dfe6-4b25-bb45-f44ad146c0a3,1f03f6e0-dfe6-4b25-bb45-f44ad146c0a3::ceiling-raw::1:18:0,1,18,0,0.0,,3.804,0,1.0,,0.0,1f03f6e0-dfe6-4b25-bb45-f44ad146c0a3::roof-flat::flat:19,1.0,,flat_matched
1f03f6e0-dfe6-4b25-bb45-f44ad146c0a3,1f03f6e0-dfe6-4b25-bb45-f44ad146c0a3::ceiling-raw::1:18:1,1,18,1,41.8,200.32,1.183,0,1.0,,0.0,1f03f6e0-dfe6-4b25-bb45-f44ad146c0a3::roof-flat::flat:19,1.0,,oblique_covered_by_flat
1f03f6e0-dfe6-4b25-bb45-f44ad146c0a3,1f03f6e0-dfe6-4b25-bb45-f44ad146c0a3::ceiling-raw::1:19:0,1,19,0,0.0,,19.205,0,1.0,,0.0,1f03f6e0-dfe6-4b25-bb45-f44ad146c0a3::roof-flat::flat:19,1.0,,flat_matched
1f03f6e0-dfe6-4b25-bb45-f44ad146c0a3,1f03f6e0-dfe6-4b25-bb45-f44ad146c0a3::ceiling-raw::1:20:0,1,20,0,0.0,,17.225,0,1.0,,0.0,1f03f6e0-dfe6-4b25-bb45-f44ad146c0a3::roof-flat::flat:19,1.0,,flat_matched
1f03f6e0-dfe6-4b25-bb45-f44ad146c0a3,1f03f6e0-dfe6-4b25-bb45-f44ad146c0a3::ceiling-raw::1:20:1,1,20,1,30.84,60.97,0.171,0,1.0,,0.0,1f03f6e0-dfe6-4b25-bb45-f44ad146c0a3::roof-flat::flat:19,1.0,,oblique_covered_by_flat
1f03f6e0-dfe6-4b25-bb45-f44ad146c0a3,1f03f6e0-dfe6-4b25-bb45-f44ad146c0a3::ceiling-raw::1:20:3,1,20,3,0.0,,1.84,0,1.0,,0.0,1f03f6e0-dfe6-4b25-bb45-f44ad146c0a3::roof-flat::flat:19,1.0,,flat_matched
1f03f6e0-dfe6-4b25-bb45-f44ad146c0a3,1f03f6e0-dfe6-4b25-bb45-f44ad146c0a3::ceiling-raw::0:23:0,0,23,0,0.0,,4.888,0,1.0,,0.0,1f03f6e0-dfe6-4b25-bb45-f44ad146c0a3::roof-flat::flat:21,1.0,,flat_matched
1f03f6e0-dfe6-4b25-bb45-f44ad146c0a3,1f03f6e0-dfe6-4b25-bb45-f44ad146c0a3::ceiling-raw::0:23:1,0,23,1,0.0,,7.13,0,1.0,,0.0,1f03f6e0-dfe6-4b25-bb45-f44ad146c0a3::roof-flat::flat:21,1.0,,flat_matched
1f03f6e0-dfe6-4b25-bb45-f44ad146c0a3,1f03f6e0-dfe6-4b25-bb45-f44ad146c0a3::ceiling-raw::0:27:0,0,27,0,1.48,336.36,8.099,0,1.0,,0.0,1f03f6e0-dfe6-4b25-bb45-f44ad146c0a3::roof-flat::flat:21,1.0,,flat_matched
1f03f6e0-dfe6-4b25-bb45-f44ad146c0a3,1f03f6e0-dfe6-4b25-bb45-f44ad146c0a3::ceiling-raw::0:27:1,0,27,1,13.33,199.05,0.602,0,1.0,,0.0,1f03f6e0-dfe6-4b25-bb45-f44ad146c0a3::roof-flat::flat:21,1.0,,oblique_covered_by_flat
1f03f6e0-dfe6-4b25-bb45-f44ad146c0a3,1f03f6e0-dfe6-4b25-bb45-f44ad146c0a3::ceiling-raw::0:27:2,0,27,2,0.0,,0.306,0,1.0,,0.0,1f03f6e0-dfe6-4b25-bb45-f44ad146c0a3::roof-flat::flat:16,1.0,,flat_matched
1f03f6e0-dfe6-4b25-bb45-f44ad146c0a3,1f03f6e0-dfe6-4b25-bb45-f44ad146c0a3::ceiling-raw::0:27:3,0,27,3,0.0,,1.05,0,1.0,,0.0,1f03f6e0-dfe6-4b25-bb45-f44ad146c0a3::roof-flat::flat:21,1.0,,flat_matched
1f03f6e0-dfe6-4b25-bb45-f44ad146c0a3,1f03f6e0-dfe6-4b25-bb45-f44ad146c0a3::ceiling-raw::0:27:4,0,27,4,0.88,295.59,8.176,0,1.0,,0.0,1f03f6e0-dfe6-4b25-bb45-f44ad146c0a3::roof-flat::flat:16,1.0,,flat_matched
1f03f6e0-dfe6-4b25-bb45-f44ad146c0a3,1f03f6e0-dfe6-4b25-bb45-f44ad146c0a3::ceiling-raw::0:27:5,0,27,5,6.43,19.05,1.106,0,1.0,,0.0,1f03f6e0-dfe6-4b25-bb45-f44ad146c0a3::roof-flat::flat:16,1.0,,oblique_covered_by_flat
1f03f6e0-dfe6-4b25-bb45-f44ad146c0a3,1f03f6e0-dfe6-4b25-bb45-f44ad146c0a3::ceiling-raw::0:27:6,0,27,6,8.48,121.75,1.05,0,1.0,,0.0,1f03f6e0-dfe6-4b25-bb45-f44ad146c0a3::roof-flat::flat:21,1.0,,oblique_covered_by_flat
1f03f6e0-dfe6-4b25-bb45-f44ad146c0a3,1f03f6e0-dfe6-4b25-bb45-f44ad146c0a3::ceiling-raw::0:27:7,0,27,7,10.43,71.29,0.306,0,1.0,,0.0,1f03f6e0-dfe6-4b25-bb45-f44ad146c0a3::roof-flat::flat:16,1.0,,oblique_covered_by_flat
1f03f6e0-dfe6-4b25-bb45-f44ad146c0a3,1f03f6e0-dfe6-4b25-bb45-f44ad146c0a3::ceiling-raw::0:27:8,0,27,8,13.33,199.05,0.526,0,1.0,,0.0,1f03f6e0-dfe6-4b25-bb45-f44ad146c0a3::roof-flat::flat:21,1.0,,oblique_covered_by_flat
1f03f6e0-dfe6-4b25-bb45-f44ad146c0a3,1f03f6e0-dfe6-4b25-bb45-f44ad146c0a3::ceiling-raw::0:28:0,0,28,0,0.0,,7.641,0,1.0,,0.0,1f03f6e0-dfe6-4b25-bb45-f44ad146c0a3::roof-flat::flat:21,1.0,,flat_matched
21af2a12-2a29-44b5-b703-fbaa208996e9,21af2a12-2a29-44b5-b703-fbaa208996e9::ceiling-raw::1:6:0,1,6,0,0.0,,4.632,1.0,1.0,21af2a12-2a29-44b5-b703-fbaa208996e9::roof-oblique::oblique:0,0.611,21af2a12-2a29-44b5-b703-fbaa208996e9::roof-flat::flat:2,1.0,0.786,flat_matched
21af2a12-2a29-44b5-b703-fbaa208996e9,21af2a12-2a29-44b5-b703-fbaa208996e9::ceiling-raw::1:6:1,1,6,1,39.61,11.15,5.104,0.998,1.0,21af2a12-2a29-44b5-b703-fbaa208996e9::roof-oblique::oblique:0,0.998,21af2a12-2a29-44b5-b703-fbaa208996e9::roof-flat::flat:3,1.0,1.0,oblique_matched
21af2a12-2a29-44b5-b703-fbaa208996e9,21af2a12-2a29-44b5-b703-fbaa208996e9::ceiling-raw::1:6:2,1,6,2,39.45,191.56,7.317,0.998,1.0,21af2a12-2a29-44b5-b703-fbaa208996e9::roof-oblique::oblique:1,0.998,21af2a12-2a29-44b5-b703-fbaa208996e9::roof-flat::flat:3,1.0,1.0,oblique_matched
21af2a12-2a29-44b5-b703-fbaa208996e9,21af2a12-2a29-44b5-b703-fbaa208996e9::ceiling-raw::1:6:3,1,6,3,40.67,5.11,0.369,1.0,1.0,21af2a12-2a29-44b5-b703-fbaa208996e9::roof-oblique::oblique:0,1.0,21af2a12-2a29-44b5-b703-fbaa208996e9::roof-flat::flat:2,1.0,0.998,oblique_matched
21af2a12-2a29-44b5-b703-fbaa208996e9,21af2a12-2a29-44b5-b703-fbaa208996e9::ceiling-raw::1:7:0,1,7,0,0.0,,5.842,1.0,1.0,21af2a12-2a29-44b5-b703-fbaa208996e9::roof-oblique::oblique:1,0.557,21af2a12-2a29-44b5-b703-fbaa208996e9::roof-flat::flat:2,1.0,0.78,flat_matched
21af2a12-2a29-44b5-b703-fbaa208996e9,21af2a12-2a29-44b5-b703-fbaa208996e9::ceiling-raw::1:7:1,1,7,1,37.37,180.91,0.474,1.0,1.0,21af2a12-2a29-44b5-b703-fbaa208996e9::roof-oblique::oblique:1,1.0,21af2a12-2a29-44b5-b703-fbaa208996e9::roof-flat::flat:2,1.0,0.995,oblique_matched
21af2a12-2a29-44b5-b703-fbaa208996e9,21af2a12-2a29-44b5-b703-fbaa208996e9::ceiling-raw::1:7:2,1,7,2,38.95,190.26,0.793,1.0,1.0,21af2a12-2a29-44b5-b703-fbaa208996e9::roof-oblique::oblique:1,1.0,21af2a12-2a29-44b5-b703-fbaa208996e9::roof-flat::flat:2,1.0,1.0,oblique_matched
21af2a12-2a29-44b5-b703-fbaa208996e9,21af2a12-2a29-44b5-b703-fbaa208996e9::ceiling-raw::1:7:3,1,7,3,44.38,224.7,2.293,1.0,1.0,21af2a12-2a29-44b5-b703-fbaa208996e9::roof-oblique::oblique:1,1.0,21af2a12-2a29-44b5-b703-fbaa208996e9::roof-flat::flat:2,1.0,0.917,oblique_matched
21af2a12-2a29-44b5-b703-fbaa208996e9,21af2a12-2a29-44b5-b703-fbaa208996e9::ceiling-raw::1:7:4,1,7,4,70.76,189.98,0.674,0.999,1.0,21af2a12-2a29-44b5-b703-fbaa208996e9::roof-oblique::oblique:1,0.999,21af2a12-2a29-44b5-b703-fbaa208996e9::roof-flat::flat:2,1.0,0.848,oblique_matched
21af2a12-2a29-44b5-b703-fbaa208996e9,21af2a12-2a29-44b5-b703-fbaa208996e9::ceiling-raw::1:7:5,1,7,5,85.23,103.83,0.107,1.0,1.0,21af2a12-2a29-44b5-b703-fbaa208996e9::roof-oblique::oblique:1,1.0,21af2a12-2a29-44b5-b703-fbaa208996e9::roof-flat::flat:2,1.0,0.107,near_vertical_skip
21af2a12-2a29-44b5-b703-fbaa208996e9,21af2a12-2a29-44b5-b703-fbaa208996e9::ceiling-raw::1:8:0,1,8,0,0.0,,12.2,0.626,1.0,21af2a12-2a29-44b5-b703-fbaa208996e9::roof-oblique::oblique:2,0.626,21af2a12-2a29-44b5-b703-fbaa208996e9::roof-flat::flat:2,1.0,0.655,flat_matched
21af2a12-2a29-44b5-b703-fbaa208996e9,21af2a12-2a29-44b5-b703-fbaa208996e9::ceiling-raw::1:8:1,1,8,1,53.06,242.96,0.756,0,1.0,,0.0,21af2a12-2a29-44b5-b703-fbaa208996e9::roof-flat::flat:2,1.0,,oblique_covered_by_flat
21af2a12-2a29-44b5-b703-fbaa208996e9,21af2a12-2a29-44b5-b703-fbaa208996e9::ceiling-raw::1:8:2,1,8,2,59.99,279.98,1.717,0,1.0,,0.0,21af2a12-2a29-44b5-b703-fbaa208996e9::roof-flat::flat:2,1.0,,oblique_covered_by_flat
21af2a12-2a29-44b5-b703-fbaa208996e9,21af2a12-2a29-44b5-b703-fbaa208996e9::ceiling-raw::1:8:3,1,8,3,60.11,9.98,0.348,0,1.0,,0.0,21af2a12-2a29-44b5-b703-fbaa208996e9::roof-flat::flat:2,1.0,,oblique_covered_by_flat
21af2a12-2a29-44b5-b703-fbaa208996e9,21af2a12-2a29-44b5-b703-fbaa208996e9::ceiling-raw::1:8:4,1,8,4,61.39,51.48,0.746,1.0,1.0,21af2a12-2a29-44b5-b703-fbaa208996e9::roof-oblique::oblique:2,1.0,21af2a12-2a29-44b5-b703-fbaa208996e9::roof-flat::flat:2,1.0,0.753,oblique_wrong_orientation
21af2a12-2a29-44b5-b703-fbaa208996e9,21af2a12-2a29-44b5-b703-fbaa208996e9::ceiling-raw::1:9:0,1,9,0,0.0,,7.92,0.667,1.0,21af2a12-2a29-44b5-b703-fbaa208996e9::roof-oblique::oblique:2,0.667,21af2a12-2a29-44b5-b703-fbaa208996e9::roof-flat::flat:2,1.0,0.655,flat_matched
21af2a12-2a29-44b5-b703-fbaa208996e9,21af2a12-2a29-44b5-b703-fbaa208996e9::ceiling-raw::1:9:1,1,9,1,22.04,9.98,0.484,0.007,1.0,21af2a12-2a29-44b5-b703-fbaa208996e9::roof-oblique::oblique:1,0.006,21af2a12-2a29-44b5-b703-fbaa208996e9::roof-flat::flat:2,1.0,0.488,oblique_covered_by_flat
21af2a12-2a29-44b5-b703-fbaa208996e9,21af2a12-2a29-44b5-b703-fbaa208996e9::ceiling-raw::1:9:2,1,9,2,22.87,279.98,0.484,0.0,1.0,21af2a12-2a29-44b5-b703-fbaa208996e9::roof-oblique::oblique:0,0.0,21af2a12-2a29-44b5-b703-fbaa208996e9::roof-flat::flat:2,1.0,0.724,oblique_covered_by_flat
21af2a12-2a29-44b5-b703-fbaa208996e9,21af2a12-2a29-44b5-b703-fbaa208996e9::ceiling-raw::1:9:3,1,9,3,27.67,9.97,0.163,0,1.0,,0.0,21af2a12-2a29-44b5-b703-fbaa208996e9::roof-flat::flat:2,1.0,,oblique_covered_by_flat
21af2a12-2a29-44b5-b703-fbaa208996e9,21af2a12-2a29-44b5-b703-fbaa208996e9::ceiling-raw::1:9:4,1,9,4,34.08,228.55,0.37,0.0,1.0,21af2a12-2a29-44b5-b703-fbaa208996e9::roof-oblique::oblique:0,0.0,21af2a12-2a29-44b5-b703-fbaa208996e9::roof-flat::flat:2,1.0,0.38,oblique_covered_by_flat
21af2a12-2a29-44b5-b703-fbaa208996e9,21af2a12-2a29-44b5-b703-fbaa208996e9::ceiling-raw::1:9:5,1,9,5,48.5,99.98,0.582,0.999,1.0,21af2a12-2a29-44b5-b703-fbaa208996e9::roof-oblique::oblique:2,0.999,21af2a12-2a29-44b5-b703-fbaa208996e9::roof-flat::flat:2,1.0,1.0,oblique_matched
21af2a12-2a29-44b5-b703-fbaa208996e9,21af2a12-2a29-44b5-b703-fbaa208996e9::ceiling-raw::1:9:6,1,9,6,49.04,279.98,0.163,0,1.0,,0.0,21af2a12-2a29-44b5-b703-fbaa208996e9::roof-flat::flat:2,1.0,,oblique_covered_by_flat
21af2a12-2a29-44b5-b703-fbaa208996e9,21af2a12-2a29-44b5-b703-fbaa208996e9::ceiling-raw::1:9:7,1,9,7,51.69,304.45,0.408,0,1.0,,0.0,21af2a12-2a29-44b5-b703-fbaa208996e9::roof-flat::flat:2,1.0,,oblique_covered_by_flat
21af2a12-2a29-44b5-b703-fbaa208996e9,21af2a12-2a29-44b5-b703-fbaa208996e9::ceiling-raw::1:9:8,1,9,8,61.43,9.98,0.408,0.0,1.0,21af2a12-2a29-44b5-b703-fbaa208996e9::roof-oblique::oblique:0,0.0,21af2a12-2a29-44b5-b703-fbaa208996e9::roof-flat::flat:2,1.0,0.919,oblique_covered_by_flat
21af2a12-2a29-44b5-b703-fbaa208996e9,21af2a12-2a29-44b5-b703-fbaa208996e9::ceiling-raw::1:9:9,1,9,9,61.43,9.98,0.582,1.0,1.0,21af2a12-2a29-44b5-b703-fbaa208996e9::roof-oblique::oblique:2,1.0,21af2a12-2a29-44b5-b703-fbaa208996e9::roof-flat::flat:2,1.0,0.313,oblique_wrong_orientation
21af2a12-2a29-44b5-b703-fbaa208996e9,21af2a12-2a29-44b5-b703-fbaa208996e9::ceiling-raw::1:10:0,1,10,0,0.0,,3.798,1.0,1.0,21af2a12-2a29-44b5-b703-fbaa208996e9::roof-oblique::oblique:0,1.0,21af2a12-2a29-44b5-b703-fbaa208996e9::roof-flat::flat:2,1.0,0.786,flat_matched
2388d90c-8cc9-4cca-b232-d658e184074d,2388d90c-8cc9-4cca-b232-d658e184074d::ceiling-raw::1:0:0,1,0,0,0.0,,5.284,0.679,1.0,2388d90c-8cc9-4cca-b232-d658e184074d::roof-oblique::oblique:0,0.602,2388d90c-8cc9-4cca-b232-d658e184074d::roof-flat::flat:10,1.0,0.686,flat_matched
2388d90c-8cc9-4cca-b232-d658e184074d,2388d90c-8cc9-4cca-b232-d658e184074d::ceiling-raw::1:0:1,1,0,1,47.0,246.89,1.922,1.0,0.871,2388d90c-8cc9-4cca-b232-d658e184074d::roof-oblique::oblique:0,1.0,2388d90c-8cc9-4cca-b232-d658e184074d::roof-flat::flat:10,0.871,1.0,oblique_matched
2388d90c-8cc9-4cca-b232-d658e184074d,2388d90c-8cc9-4cca-b232-d658e184074d::ceiling-raw::1:1:0,1,1,0,0.0,,3.864,1.0,1.0,2388d90c-8cc9-4cca-b232-d658e184074d::roof-oblique::oblique:0,1.0,2388d90c-8cc9-4cca-b232-d658e184074d::roof-flat::flat:10,1.0,0.686,flat_matched
2388d90c-8cc9-4cca-b232-d658e184074d,2388d90c-8cc9-4cca-b232-d658e184074d::ceiling-raw::1:1:1,1,1,1,10.31,246.95,0.458,1.0,1.0,2388d90c-8cc9-4cca-b232-d658e184074d::roof-oblique::oblique:0,1.0,2388d90c-8cc9-4cca-b232-d658e184074d::roof-flat::flat:0,1.0,0.805,oblique_matched
2388d90c-8cc9-4cca-b232-d658e184074d,2388d90c-8cc9-4cca-b232-d658e184074d::ceiling-raw::1:1:2,1,1,2,37.15,170.84,0.421,0.999,1.0,2388d90c-8cc9-4cca-b232-d658e184074d::roof-oblique::oblique:0,0.999,2388d90c-8cc9-4cca-b232-d658e184074d::roof-flat::flat:0,1.0,0.652,oblique_wrong_orientation
2388d90c-8cc9-4cca-b232-d658e184074d,2388d90c-8cc9-4cca-b232-d658e184074d::ceiling-raw::1:1:3,1,1,3,45.77,247.33,4.905,0.99,1.0,2388d90c-8cc9-4cca-b232-d658e184074d::roof-oblique::oblique:0,0.99,2388d90c-8cc9-4cca-b232-d658e184074d::roof-flat::flat:10,1.0,1.0,oblique_matched
2388d90c-8cc9-4cca-b232-d658e184074d,2388d90c-8cc9-4cca-b232-d658e184074d::ceiling-raw::1:1:4,1,1,4,44.49,246.95,0.83,0.999,1.0,2388d90c-8cc9-4cca-b232-d658e184074d::roof-oblique::oblique:0,0.999,2388d90c-8cc9-4cca-b232-d658e184074d::roof-flat::flat:10,1.0,0.999,oblique_matched
2388d90c-8cc9-4cca-b232-d658e184074d,2388d90c-8cc9-4cca-b232-d658e184074d::ceiling-raw::1:2:0,1,2,0,0.0,,7.737,0.69,1.0,2388d90c-8cc9-4cca-b232-d658e184074d::roof-oblique::oblique:1,0.58,2388d90c-8cc9-4cca-b232-d658e184074d::roof-flat::flat:10,1.0,0.651,flat_matched
2388d90c-8cc9-4cca-b232-d658e184074d,2388d90c-8cc9-4cca-b232-d658e184074d::ceiling-raw::1:2:1,1,2,1,50.93,66.95,3.307,1.0,1.0,2388d90c-8cc9-4cca-b232-d658e184074d::roof-oblique::oblique:1,1.0,2388d90c-8cc9-4cca-b232-d658e184074d::roof-flat::flat:1,1.0,1.0,oblique_matched
2388d90c-8cc9-4cca-b232-d658e184074d,2388d90c-8cc9-4cca-b232-d658e184074d::ceiling-raw::1:3:0,1,3,0,0.0,,7.32,1.0,1.0,2388d90c-8cc9-4cca-b232-d658e184074d::roof-oblique::oblique:1,0.601,2388d90c-8cc9-4cca-b232-d658e184074d::roof-flat::flat:10,1.0,0.651,flat_matched
2388d90c-8cc9-4cca-b232-d658e184074d,2388d90c-8cc9-4cca-b232-d658e184074d::ceiling-raw::1:3:1,1,3,1,51.53,68.16,3.206,0.994,1.0,2388d90c-8cc9-4cca-b232-d658e184074d::roof-oblique::oblique:1,0.994,2388d90c-8cc9-4cca-b232-d658e184074d::roof-flat::flat:10,1.0,0.999,oblique_matched
2388d90c-8cc9-4cca-b232-d658e184074d,2388d90c-8cc9-4cca-b232-d658e184074d::ceiling-raw::0:4:0,0,4,0,0.0,,6.734,0,1.0,,0.0,2388d90c-8cc9-4cca-b232-d658e184074d::roof-flat::flat:11,1.0,,flat_matched
2388d90c-8cc9-4cca-b232-d658e184074d,2388d90c-8cc9-4cca-b232-d658e184074d::ceiling-raw::0:8:0,0,8,0,0.0,,3.865,0,1.0,,0.0,2388d90c-8cc9-4cca-b232-d658e184074d::roof-flat::flat:11,1.0,,flat_matched
2388d90c-8cc9-4cca-b232-d658e184074d,2388d90c-8cc9-4cca-b232-d658e184074d::ceiling-raw::0:9:0,0,9,0,0.0,,37.384,0,1.0,,0.0,2388d90c-8cc9-4cca-b232-d658e184074d::roof-flat::flat:11,1.0,,flat_matched
2388d90c-8cc9-4cca-b232-d658e184074d,2388d90c-8cc9-4cca-b232-d658e184074d::ceiling-raw::0:10:0,0,10,0,0.0,,2.498,0,1.0,,0.0,2388d90c-8cc9-4cca-b232-d658e184074d::roof-flat::flat:11,1.0,,flat_matched
2388d90c-8cc9-4cca-b232-d658e184074d,2388d90c-8cc9-4cca-b232-d658e184074d::ceiling-raw::0:11:0,0,11,0,0.0,,12.475,0,1.0,,0.0,2388d90c-8cc9-4cca-b232-d658e184074d::roof-flat::flat:6,1.0,,flat_matched
2388d90c-8cc9-4cca-b232-d658e184074d,2388d90c-8cc9-4cca-b232-d658e184074d::ceiling-raw::0:12:0,0,12,0,0.0,,10.844,0,1.0,,0.0,2388d90c-8cc9-4cca-b232-d658e184074d::roof-flat::flat:11,1.0,,flat_matched
2388d90c-8cc9-4cca-b232-d658e184074d,2388d90c-8cc9-4cca-b232-d658e184074d::ceiling-raw::0:13:0,0,13,0,0.0,,12.188,0,1.0,,0.0,2388d90c-8cc9-4cca-b232-d658e184074d::roof-flat::flat:11,1.0,,flat_matched
2388d90c-8cc9-4cca-b232-d658e184074d,2388d90c-8cc9-4cca-b232-d658e184074d::ceiling-raw::0:14:0,0,14,0,0.0,,14.181,0,1.0,,0.0,2388d90c-8cc9-4cca-b232-d658e184074d::roof-flat::flat:11,1.0,,flat_matched
23cbb422-ada0-454d-8f91-30888256960d,23cbb422-ada0-454d-8f91-30888256960d::ceiling-raw::1:0:0,1,0,0,0.0,,10.483,0,1.0,,0.0,23cbb422-ada0-454d-8f91-30888256960d::roof-flat::flat:9,1.0,,flat_matched
23cbb422-ada0-454d-8f91-30888256960d,23cbb422-ada0-454d-8f91-30888256960d::ceiling-raw::1:1:0,1,1,0,0.0,,18.038,0,1.0,,0.0,23cbb422-ada0-454d-8f91-30888256960d::roof-flat::flat:9,1.0,,flat_matched
23cbb422-ada0-454d-8f91-30888256960d,23cbb422-ada0-454d-8f91-30888256960d::ceiling-raw::1:2:0,1,2,0,0.0,,10.262,0,1.0,,0.0,23cbb422-ada0-454d-8f91-30888256960d::roof-flat::flat:9,1.0,,flat_matched
23cbb422-ada0-454d-8f91-30888256960d,23cbb422-ada0-454d-8f91-30888256960d::ceiling-raw::1:3:0,1,3,0,0.0,,0.985,0,1.0,,0.0,23cbb422-ada0-454d-8f91-30888256960d::roof-flat::flat:3,1.0,,flat_matched
23cbb422-ada0-454d-8f91-30888256960d,23cbb422-ada0-454d-8f91-30888256960d::ceiling-raw::1:3:1,1,3,1,24.97,315.1,1.639,0,1.0,,0.0,23cbb422-ada0-454d-8f91-30888256960d::roof-flat::flat:3,1.0,,oblique_covered_by_flat
23cbb422-ada0-454d-8f91-30888256960d,23cbb422-ada0-454d-8f91-30888256960d::ceiling-raw::1:3:2,1,3,2,49.74,135.1,0.647,0,1.0,,0.0,23cbb422-ada0-454d-8f91-30888256960d::roof-flat::flat:9,1.0,,oblique_covered_by_flat
23cbb422-ada0-454d-8f91-30888256960d,23cbb422-ada0-454d-8f91-30888256960d::ceiling-raw::1:3:3,1,3,3,51.04,225.1,1.118,0,1.0,,0.0,23cbb422-ada0-454d-8f91-30888256960d::roof-flat::flat:9,1.0,,oblique_covered_by_flat
23cbb422-ada0-454d-8f91-30888256960d,23cbb422-ada0-454d-8f91-30888256960d::ceiling-raw::1:3:4,1,3,4,61.75,225.1,0.913,0,1.0,,0.0,23cbb422-ada0-454d-8f91-30888256960d::roof-flat::flat:3,1.0,,oblique_covered_by_flat
23cbb422-ada0-454d-8f91-30888256960d,23cbb422-ada0-454d-8f91-30888256960d::ceiling-raw::1:4:0,1,4,0,0.0,,10.351,0,1.0,,0.0,23cbb422-ada0-454d-8f91-30888256960d::roof-flat::flat:9,1.0,,flat_matched
23cbb422-ada0-454d-8f91-30888256960d,23cbb422-ada0-454d-8f91-30888256960d::ceiling-raw::1:5:0,1,5,0,0.0,,6.539,0,1.0,,0.0,23cbb422-ada0-454d-8f91-30888256960d::roof-flat::flat:9,1.0,,flat_matched
23cbb422-ada0-454d-8f91-30888256960d,23cbb422-ada0-454d-8f91-30888256960d::ceiling-raw::1:6:0,1,6,0,0.0,,2.217,0,1.0,,0.0,23cbb422-ada0-454d-8f91-30888256960d::roof-flat::flat:9,1.0,,flat_matched
23cbb422-ada0-454d-8f91-30888256960d,23cbb422-ada0-454d-8f91-30888256960d::ceiling-raw::1:7:0,1,7,0,0.0,,2.471,0,1.0,,0.0,23cbb422-ada0-454d-8f91-30888256960d::roof-flat::flat:9,1.0,,flat_matched
23cbb422-ada0-454d-8f91-30888256960d,23cbb422-ada0-454d-8f91-30888256960d::ceiling-raw::0:8:0,0,8,0,0.0,,3.307,0,1.0,,0.0,23cbb422-ada0-454d-8f91-30888256960d::roof-flat::flat:10,1.0,,flat_matched
23cbb422-ada0-454d-8f91-30888256960d,23cbb422-ada0-454d-8f91-30888256960d::ceiling-raw::0:8:1,0,8,1,5.88,135.11,0.729,0,1.0,,0.0,23cbb422-ada0-454d-8f91-30888256960d::roof-flat::flat:8,1.0,,oblique_covered_by_flat
23cbb422-ada0-454d-8f91-30888256960d,23cbb422-ada0-454d-8f91-30888256960d::ceiling-raw::0:8:2,0,8,2,7.58,135.1,0.564,0,1.0,,0.0,23cbb422-ada0-454d-8f91-30888256960d::roof-flat::flat:8,1.0,,oblique_covered_by_flat
23cbb422-ada0-454d-8f91-30888256960d,23cbb422-ada0-454d-8f91-30888256960d::ceiling-raw::0:8:3,0,8,3,14.62,225.1,1.293,0,1.0,,0.0,23cbb422-ada0-454d-8f91-30888256960d::roof-flat::flat:8,1.0,,oblique_covered_by_flat
24e8aaa7-ec15-4a72-be5f-c67b95a53411,24e8aaa7-ec15-4a72-be5f-c67b95a53411::ceiling-raw::0:0:0,0,0,0,0.0,,11.576,0,1.0,,0.0,24e8aaa7-ec15-4a72-be5f-c67b95a53411::roof-flat::flat:8,1.0,,flat_matched
24e8aaa7-ec15-4a72-be5f-c67b95a53411,24e8aaa7-ec15-4a72-be5f-c67b95a53411::ceiling-raw::0:1:0,0,1,0,0.0,,13.697,0,1.0,,0.0,24e8aaa7-ec15-4a72-be5f-c67b95a53411::roof-flat::flat:8,1.0,,flat_matched
24e8aaa7-ec15-4a72-be5f-c67b95a53411,24e8aaa7-ec15-4a72-be5f-c67b95a53411::ceiling-raw::0:1:1,0,1,1,0.0,,0.819,0,1.0,,0.0,24e8aaa7-ec15-4a72-be5f-c67b95a53411::roof-flat::flat:8,1.0,,flat_matched
24e8aaa7-ec15-4a72-be5f-c67b95a53411,24e8aaa7-ec15-4a72-be5f-c67b95a53411::ceiling-raw::0:3:0,0,3,0,0.0,,4.826,0,1.0,,0.0,24e8aaa7-ec15-4a72-be5f-c67b95a53411::roof-flat::flat:3,1.0,,flat_matched
24e8aaa7-ec15-4a72-be5f-c67b95a53411,24e8aaa7-ec15-4a72-be5f-c67b95a53411::ceiling-raw::0:4:0,0,4,0,0.0,,9.671,0,1.0,,0.0,24e8aaa7-ec15-4a72-be5f-c67b95a53411::roof-flat::flat:8,1.0,,flat_matched
24e8aaa7-ec15-4a72-be5f-c67b95a53411,24e8aaa7-ec15-4a72-be5f-c67b95a53411::ceiling-raw::0:4:1,0,4,1,0.0,,16.429,0,1.0,,0.0,24e8aaa7-ec15-4a72-be5f-c67b95a53411::roof-flat::flat:8,1.0,,flat_matched
24e8aaa7-ec15-4a72-be5f-c67b95a53411,24e8aaa7-ec15-4a72-be5f-c67b95a53411::ceiling-raw::0:5:0,0,5,0,0.0,,56.51,0,1.0,,0.0,24e8aaa7-ec15-4a72-be5f-c67b95a53411::roof-flat::flat:8,1.0,,flat_matched
24e8aaa7-ec15-4a72-be5f-c67b95a53411,24e8aaa7-ec15-4a72-be5f-c67b95a53411::ceiling-raw::0:6:0,0,6,0,0.0,,4.441,0,1.0,,0.0,24e8aaa7-ec15-4a72-be5f-c67b95a53411::roof-flat::flat:8,1.0,,flat_matched
24e8aaa7-ec15-4a72-be5f-c67b95a53411,24e8aaa7-ec15-4a72-be5f-c67b95a53411::ceiling-raw::0:7:0,0,7,0,0.0,,8.974,0,1.0,,0.0,24e8aaa7-ec15-4a72-be5f-c67b95a53411::roof-flat::flat:9,1.0,,flat_matched
287808db-3826-4351-b9a1-6f9831bdc870,287808db-3826-4351-b9a1-6f9831bdc870::ceiling-raw::0:0:0,0,0,0,0.0,,10.751,0,1.0,,0.0,287808db-3826-4351-b9a1-6f9831bdc870::roof-flat::flat:4,1.0,,flat_matched
287808db-3826-4351-b9a1-6f9831bdc870,287808db-3826-4351-b9a1-6f9831bdc870::ceiling-raw::0:1:0,0,1,0,0.0,,4.373,0,1.0,,0.0,287808db-3826-4351-b9a1-6f9831bdc870::roof-flat::flat:4,1.0,,flat_matched
287808db-3826-4351-b9a1-6f9831bdc870,287808db-3826-4351-b9a1-6f9831bdc870::ceiling-raw::0:2:0,0,2,0,0.0,,5.66,0,1.0,,0.0,287808db-3826-4351-b9a1-6f9831bdc870::roof-flat::flat:4,1.0,,flat_matched
287808db-3826-4351-b9a1-6f9831bdc870,287808db-3826-4351-b9a1-6f9831bdc870::ceiling-raw::2:5:0,2,5,0,0.0,,0.109,1.0,1.0,287808db-3826-4351-b9a1-6f9831bdc870::roof-oblique::oblique:0,1.0,287808db-3826-4351-b9a1-6f9831bdc870::roof-flat::flat:6,1.0,0.748,flat_matched
287808db-3826-4351-b9a1-6f9831bdc870,287808db-3826-4351-b9a1-6f9831bdc870::ceiling-raw::2:5:1,2,5,1,21.68,56.35,0.109,1.0,1.0,287808db-3826-4351-b9a1-6f9831bdc870::roof-oblique::oblique:0,1.0,287808db-3826-4351-b9a1-6f9831bdc870::roof-flat::flat:6,1.0,0.695,oblique_wrong_orientation
287808db-3826-4351-b9a1-6f9831bdc870,287808db-3826-4351-b9a1-6f9831bdc870::ceiling-raw::2:5:2,2,5,2,21.91,236.35,0.13,1.0,1.0,287808db-3826-4351-b9a1-6f9831bdc870::roof-oblique::oblique:0,1.0,287808db-3826-4351-b9a1-6f9831bdc870::roof-flat::flat:6,1.0,0.694,oblique_wrong_orientation
287808db-3826-4351-b9a1-6f9831bdc870,287808db-3826-4351-b9a1-6f9831bdc870::ceiling-raw::2:5:3,2,5,3,38.96,326.36,0.13,1.0,1.0,287808db-3826-4351-b9a1-6f9831bdc870::roof-oblique::oblique:0,1.0,287808db-3826-4351-b9a1-6f9831bdc870::roof-flat::flat:6,1.0,0.999,oblique_matched
287808db-3826-4351-b9a1-6f9831bdc870,287808db-3826-4351-b9a1-6f9831bdc870::ceiling-raw::2:5:4,2,5,4,42.08,299.92,0.195,1.0,1.0,287808db-3826-4351-b9a1-6f9831bdc870::roof-oblique::oblique:0,1.0,287808db-3826-4351-b9a1-6f9831bdc870::roof-flat::flat:6,1.0,0.953,oblique_matched
287808db-3826-4351-b9a1-6f9831bdc870,287808db-3826-4351-b9a1-6f9831bdc870::ceiling-raw::2:5:5,2,5,5,44.61,350.13,0.163,1.0,1.0,287808db-3826-4351-b9a1-6f9831bdc870::roof-oblique::oblique:0,1.0,287808db-3826-4351-b9a1-6f9831bdc870::roof-flat::flat:6,1.0,0.959,oblique_matched
287808db-3826-4351-b9a1-6f9831bdc870,287808db-3826-4351-b9a1-6f9831bdc870::ceiling-raw::2:5:6,2,5,6,53.42,326.36,0.358,0.999,1.0,287808db-3826-4351-b9a1-6f9831bdc870::roof-oblique::oblique:0,0.999,287808db-3826-4351-b9a1-6f9831bdc870::roof-flat::flat:6,1.0,0.979,oblique_matched
287808db-3826-4351-b9a1-6f9831bdc870,287808db-3826-4351-b9a1-6f9831bdc870::ceiling-raw::2:7:0,2,7,0,0.0,,8.384,0.631,1.0,287808db-3826-4351-b9a1-6f9831bdc870::roof-oblique::oblique:1,0.631,287808db-3826-4351-b9a1-6f9831bdc870::roof-flat::flat:6,1.0,0.736,flat_matched
287808db-3826-4351-b9a1-6f9831bdc870,287808db-3826-4351-b9a1-6f9831bdc870::ceiling-raw::2:7:1,2,7,1,41.52,147.82,3.532,0.995,0.902,287808db-3826-4351-b9a1-6f9831bdc870::roof-oblique::oblique:1,0.995,287808db-3826-4351-b9a1-6f9831bdc870::roof-flat::flat:6,0.902,1.0,oblique_matched
287808db-3826-4351-b9a1-6f9831bdc870,287808db-3826-4351-b9a1-6f9831bdc870::ceiling-raw::3:8:0,3,8,0,0.0,,2.273,0,1.0,,0.0,287808db-3826-4351-b9a1-6f9831bdc870::roof-flat::flat:3,1.0,,flat_matched
287808db-3826-4351-b9a1-6f9831bdc870,287808db-3826-4351-b9a1-6f9831bdc870::ceiling-raw::3:8:1,3,8,1,0.0,,1.383,0,1.0,,0.0,287808db-3826-4351-b9a1-6f9831bdc870::roof-flat::flat:7,1.0,,flat_matched
287808db-3826-4351-b9a1-6f9831bdc870,287808db-3826-4351-b9a1-6f9831bdc870::ceiling-raw::3:8:2,3,8,2,21.28,146.36,0.266,0,1.0,,0.0,287808db-3826-4351-b9a1-6f9831bdc870::roof-flat::flat:3,1.0,,oblique_covered_by_flat
287808db-3826-4351-b9a1-6f9831bdc870,287808db-3826-4351-b9a1-6f9831bdc870::ceiling-raw::3:8:3,3,8,3,36.1,236.36,0.38,0,1.0,,0.0,287808db-3826-4351-b9a1-6f9831bdc870::roof-flat::flat:3,1.0,,oblique_covered_by_flat
287808db-3826-4351-b9a1-6f9831bdc870,287808db-3826-4351-b9a1-6f9831bdc870::ceiling-raw::3:8:4,3,8,4,37.21,205.51,0.38,0,1.0,,0.0,287808db-3826-4351-b9a1-6f9831bdc870::roof-flat::flat:3,1.0,,oblique_covered_by_flat
287808db-3826-4351-b9a1-6f9831bdc870,287808db-3826-4351-b9a1-6f9831bdc870::ceiling-raw::3:8:5,3,8,5,43.01,326.37,1.271,0,1.0,,0.0,287808db-3826-4351-b9a1-6f9831bdc870::roof-flat::flat:7,1.0,,oblique_covered_by_flat
287808db-3826-4351-b9a1-6f9831bdc870,287808db-3826-4351-b9a1-6f9831bdc870::ceiling-raw::3:8:6,3,8,6,48.69,291.42,1.337,0,1.0,,0.0,287808db-3826-4351-b9a1-6f9831bdc870::roof-flat::flat:3,1.0,,oblique_covered_by_flat
287808db-3826-4351-b9a1-6f9831bdc870,287808db-3826-4351-b9a1-6f9831bdc870::ceiling-raw::3:9:0,3,9,0,0.0,,5.116,0,1.0,,0.0,287808db-3826-4351-b9a1-6f9831bdc870::roof-flat::flat:7,1.0,,flat_matched
287808db-3826-4351-b9a1-6f9831bdc870,287808db-3826-4351-b9a1-6f9831bdc870::ceiling-raw::3:9:1,3,9,1,41.45,326.22,3.21,0,1.0,,0.0,287808db-3826-4351-b9a1-6f9831bdc870::roof-flat::flat:8,1.0,,oblique_covered_by_flat
287808db-3826-4351-b9a1-6f9831bdc870,287808db-3826-4351-b9a1-6f9831bdc870::ceiling-raw::3:9:2,3,9,2,43.36,146.56,3.015,0,1.0,,0.0,287808db-3826-4351-b9a1-6f9831bdc870::roof-flat::flat:8,1.0,,oblique_covered_by_flat
287808db-3826-4351-b9a1-6f9831bdc870,287808db-3826-4351-b9a1-6f9831bdc870::ceiling-raw::3:10:0,3,10,0,2.21,146.36,3.785,0,0.673,,0.0,287808db-3826-4351-b9a1-6f9831bdc870::roof-flat::flat:8,0.403,,flat_matched
287808db-3826-4351-b9a1-6f9831bdc870,287808db-3826-4351-b9a1-6f9831bdc870::ceiling-raw::3:10:1,3,10,1,6.57,56.36,0.971,0,1.0,,0.0,287808db-3826-4351-b9a1-6f9831bdc870::roof-flat::flat:8,0.967,,oblique_covered_by_flat
294c5209-06ff-47ae-841b-e7e973b3699e,294c5209-06ff-47ae-841b-e7e973b3699e::ceiling-raw::0:0:0,0,0,0,0.0,,9.816,0,1.0,,0.0,294c5209-06ff-47ae-841b-e7e973b3699e::roof-flat::flat:8,1.0,,flat_matched
294c5209-06ff-47ae-841b-e7e973b3699e,294c5209-06ff-47ae-841b-e7e973b3699e::ceiling-raw::0:1:0,0,1,0,0.0,,11.309,0,1.0,,0.0,294c5209-06ff-47ae-841b-e7e973b3699e::roof-flat::flat:8,1.0,,flat_matched
294c5209-06ff-47ae-841b-e7e973b3699e,294c5209-06ff-47ae-841b-e7e973b3699e::ceiling-raw::0:2:0,0,2,0,0.0,,29.526,0,1.0,,0.0,294c5209-06ff-47ae-841b-e7e973b3699e::roof-flat::flat:8,1.0,,flat_matched
294c5209-06ff-47ae-841b-e7e973b3699e,294c5209-06ff-47ae-841b-e7e973b3699e::ceiling-raw::0:3:0,0,3,0,0.0,,8.785,0,1.0,,0.0,294c5209-06ff-47ae-841b-e7e973b3699e::roof-flat::flat:8,1.0,,flat_matched
294c5209-06ff-47ae-841b-e7e973b3699e,294c5209-06ff-47ae-841b-e7e973b3699e::ceiling-raw::0:5:0,0,5,0,0.0,,5.194,0,1.0,,0.0,294c5209-06ff-47ae-841b-e7e973b3699e::roof-flat::flat:8,1.0,,flat_matched
294c5209-06ff-47ae-841b-e7e973b3699e,294c5209-06ff-47ae-841b-e7e973b3699e::ceiling-raw::0:6:0,0,6,0,1.46,210.85,15.525,0,1.0,,0.0,294c5209-06ff-47ae-841b-e7e973b3699e::roof-flat::flat:9,1.0,,flat_matched
294c5209-06ff-47ae-841b-e7e973b3699e,294c5209-06ff-47ae-841b-e7e973b3699e::ceiling-raw::0:7:0,0,7,0,0.0,,7.672,0,1.0,,0.0,294c5209-06ff-47ae-841b-e7e973b3699e::roof-flat::flat:8,1.0,,flat_matched
294c5209-06ff-47ae-841b-e7e973b3699e,294c5209-06ff-47ae-841b-e7e973b3699e::ceiling-raw::0:7:1,0,7,1,0.0,,4.799,0,1.0,,0.0,294c5209-06ff-47ae-841b-e7e973b3699e::roof-flat::flat:8,1.0,,flat_matched
29865ccb-e7e8-4ad6-a01c-d632f20761b7,29865ccb-e7e8-4ad6-a01c-d632f20761b7::ceiling-raw::0:0:0,0,0,0,0.0,,6.895,0,1.0,,0.0,29865ccb-e7e8-4ad6-a01c-d632f20761b7::roof-flat::flat:4,1.0,,flat_matched
29865ccb-e7e8-4ad6-a01c-d632f20761b7,29865ccb-e7e8-4ad6-a01c-d632f20761b7::ceiling-raw::0:1:0,0,1,0,0.0,,20.989,0,1.0,,0.0,29865ccb-e7e8-4ad6-a01c-d632f20761b7::roof-flat::flat:4,1.0,,flat_matched
29865ccb-e7e8-4ad6-a01c-d632f20761b7,29865ccb-e7e8-4ad6-a01c-d632f20761b7::ceiling-raw::1:5:0,1,5,0,0.0,,3.374,1.0,1.0,29865ccb-e7e8-4ad6-a01c-d632f20761b7::roof-oblique::oblique:0,0.917,29865ccb-e7e8-4ad6-a01c-d632f20761b7::roof-flat::flat:6,1.0,0.796,flat_matched
29865ccb-e7e8-4ad6-a01c-d632f20761b7,29865ccb-e7e8-4ad6-a01c-d632f20761b7::ceiling-raw::1:6:0,1,6,0,0.0,,1.655,1.0,1.0,29865ccb-e7e8-4ad6-a01c-d632f20761b7::roof-oblique::oblique:0,0.87,29865ccb-e7e8-4ad6-a01c-d632f20761b7::roof-flat::flat:7,1.0,0.796,flat_matched
29865ccb-e7e8-4ad6-a01c-d632f20761b7,29865ccb-e7e8-4ad6-a01c-d632f20761b7::ceiling-raw::1:6:1,1,6,1,34.09,156.07,3.621,1.0,1.0,29865ccb-e7e8-4ad6-a01c-d632f20761b7::roof-oblique::oblique:0,1.0,29865ccb-e7e8-4ad6-a01c-d632f20761b7::roof-flat::flat:3,0.998,0.998,oblique_matched
29865ccb-e7e8-4ad6-a01c-d632f20761b7,29865ccb-e7e8-4ad6-a01c-d632f20761b7::ceiling-raw::1:6:2,1,6,2,33.66,165.25,0.551,1.0,1.0,29865ccb-e7e8-4ad6-a01c-d632f20761b7::roof-oblique::oblique:0,1.0,29865ccb-e7e8-4ad6-a01c-d632f20761b7::roof-flat::flat:7,1.0,0.993,oblique_matched
29865ccb-e7e8-4ad6-a01c-d632f20761b7,29865ccb-e7e8-4ad6-a01c-d632f20761b7::ceiling-raw::1:6:3,1,6,3,39.03,155.45,0.446,1.0,1.0,29865ccb-e7e8-4ad6-a01c-d632f20761b7::roof-oblique::oblique:0,1.0,29865ccb-e7e8-4ad6-a01c-d632f20761b7::roof-flat::flat:7,1.0,1.0,oblique_matched
29865ccb-e7e8-4ad6-a01c-d632f20761b7,29865ccb-e7e8-4ad6-a01c-d632f20761b7::ceiling-raw::1:7:0,1,7,0,0.0,,1.716,1.0,1.0,29865ccb-e7e8-4ad6-a01c-d632f20761b7::roof-oblique::oblique:0,1.0,29865ccb-e7e8-4ad6-a01c-d632f20761b7::roof-flat::flat:7,1.0,0.796,flat_matched
29865ccb-e7e8-4ad6-a01c-d632f20761b7,29865ccb-e7e8-4ad6-a01c-d632f20761b7::ceiling-raw::1:7:1,1,7,1,37.96,155.42,8.984,1.0,1.0,29865ccb-e7e8-4ad6-a01c-d632f20761b7::roof-oblique::oblique:0,1.0,29865ccb-e7e8-4ad6-a01c-d632f20761b7::roof-flat::flat:8,1.0,1.0,oblique_matched
29865ccb-e7e8-4ad6-a01c-d632f20761b7,29865ccb-e7e8-4ad6-a01c-d632f20761b7::ceiling-raw::1:8:0,1,8,0,0.0,,6.299,0.985,1.0,29865ccb-e7e8-4ad6-a01c-d632f20761b7::roof-oblique::oblique:1,0.69,29865ccb-e7e8-4ad6-a01c-d632f20761b7::roof-flat::flat:7,1.0,0.787,flat_matched
29865ccb-e7e8-4ad6-a01c-d632f20761b7,29865ccb-e7e8-4ad6-a01c-d632f20761b7::ceiling-raw::1:8:1,1,8,1,37.2,335.37,6.58,1.0,1.0,29865ccb-e7e8-4ad6-a01c-d632f20761b7::roof-oblique::oblique:1,1.0,29865ccb-e7e8-4ad6-a01c-d632f20761b7::roof-flat::flat:9,0.961,1.0,oblique_matched
29865ccb-e7e8-4ad6-a01c-d632f20761b7,29865ccb-e7e8-4ad6-a01c-d632f20761b7::ceiling-raw::1:9:0,1,9,0,0.0,,1.947,1.0,1.0,29865ccb-e7e8-4ad6-a01c-d632f20761b7::roof-oblique::oblique:1,1.0,29865ccb-e7e8-4ad6-a01c-d632f20761b7::roof-flat::flat:7,1.0,0.787,flat_matched
29865ccb-e7e8-4ad6-a01c-d632f20761b7,29865ccb-e7e8-4ad6-a01c-d632f20761b7::ceiling-raw::1:9:1,1,9,1,38.33,336.53,7.958,0.999,1.0,29865ccb-e7e8-4ad6-a01c-d632f20761b7::roof-oblique::oblique:1,0.999,29865ccb-e7e8-4ad6-a01c-d632f20761b7::roof-flat::flat:8,1.0,1.0,oblique_matched
29a9cb5c-e7e7-4a01-b8ed-b2a2dd0edd2a,29a9cb5c-e7e7-4a01-b8ed-b2a2dd0edd2a::ceiling-raw::0:0:0,0,0,0,0.0,,14.569,0,1.0,,0.0,29a9cb5c-e7e7-4a01-b8ed-b2a2dd0edd2a::roof-flat::flat:7,1.0,,flat_matched
29a9cb5c-e7e7-4a01-b8ed-b2a2dd0edd2a,29a9cb5c-e7e7-4a01-b8ed-b2a2dd0edd2a::ceiling-raw::0:0:1,0,0,1,28.6,343.53,0.136,0,1.0,,0.0,29a9cb5c-e7e7-4a01-b8ed-b2a2dd0edd2a::roof-flat::flat:7,1.0,,oblique_covered_by_flat
29a9cb5c-e7e7-4a01-b8ed-b2a2dd0edd2a,29a9cb5c-e7e7-4a01-b8ed-b2a2dd0edd2a::ceiling-raw::0:1:0,0,1,0,0.0,,6.291,0,1.0,,0.0,29a9cb5c-e7e7-4a01-b8ed-b2a2dd0edd2a::roof-flat::flat:8,1.0,,flat_matched
29a9cb5c-e7e7-4a01-b8ed-b2a2dd0edd2a,29a9cb5c-e7e7-4a01-b8ed-b2a2dd0edd2a::ceiling-raw::0:2:0,0,2,0,0.0,,28.41,0,1.0,,0.0,29a9cb5c-e7e7-4a01-b8ed-b2a2dd0edd2a::roof-flat::flat:8,1.0,,flat_matched
29a9cb5c-e7e7-4a01-b8ed-b2a2dd0edd2a,29a9cb5c-e7e7-4a01-b8ed-b2a2dd0edd2a::ceiling-raw::0:3:0,0,3,0,0.0,,12.562,0,1.0,,0.0,29a9cb5c-e7e7-4a01-b8ed-b2a2dd0edd2a::roof-flat::flat:8,1.0,,flat_matched
29a9cb5c-e7e7-4a01-b8ed-b2a2dd0edd2a,29a9cb5c-e7e7-4a01-b8ed-b2a2dd0edd2a::ceiling-raw::0:4:0,0,4,0,0.0,,8.981,0,1.0,,0.0,29a9cb5c-e7e7-4a01-b8ed-b2a2dd0edd2a::roof-flat::flat:8,1.0,,flat_matched
29a9cb5c-e7e7-4a01-b8ed-b2a2dd0edd2a,29a9cb5c-e7e7-4a01-b8ed-b2a2dd0edd2a::ceiling-raw::0:5:0,0,5,0,0.0,,28.833,0,1.0,,0.0,29a9cb5c-e7e7-4a01-b8ed-b2a2dd0edd2a::roof-flat::flat:8,1.0,,flat_matched
29a9cb5c-e7e7-4a01-b8ed-b2a2dd0edd2a,29a9cb5c-e7e7-4a01-b8ed-b2a2dd0edd2a::ceiling-raw::0:6:0,0,6,0,0.0,,8.455,0,1.0,,0.0,29a9cb5c-e7e7-4a01-b8ed-b2a2dd0edd2a::roof-flat::flat:7,1.0,,flat_matched
29a9cb5c-e7e7-4a01-b8ed-b2a2dd0edd2a,29a9cb5c-e7e7-4a01-b8ed-b2a2dd0edd2a::ceiling-raw::0:6:1,0,6,1,13.7,73.54,0.67,0,1.0,,0.0,29a9cb5c-e7e7-4a01-b8ed-b2a2dd0edd2a::roof-flat::flat:7,1.0,,oblique_covered_by_flat
29a9cb5c-e7e7-4a01-b8ed-b2a2dd0edd2a,29a9cb5c-e7e7-4a01-b8ed-b2a2dd0edd2a::ceiling-raw::0:6:2,0,6,2,57.44,351.14,0.048,0,1.0,,0.0,29a9cb5c-e7e7-4a01-b8ed-b2a2dd0edd2a::roof-flat::flat:7,1.0,,oblique_covered_by_flat
2d80b27f-ca29-4b3e-9197-ad3c4af7cbfb,2d80b27f-ca29-4b3e-9197-ad3c4af7cbfb::ceiling-raw::0:0:0,0,0,0,0.0,,10.196,0,1.0,,0.0,2d80b27f-ca29-4b3e-9197-ad3c4af7cbfb::roof-flat::flat:7,1.0,,flat_matched
2d80b27f-ca29-4b3e-9197-ad3c4af7cbfb,2d80b27f-ca29-4b3e-9197-ad3c4af7cbfb::ceiling-raw::0:1:0,0,1,0,0.0,,9.307,0,1.0,,0.0,2d80b27f-ca29-4b3e-9197-ad3c4af7cbfb::roof-flat::flat:8,1.0,,flat_matched
2d80b27f-ca29-4b3e-9197-ad3c4af7cbfb,2d80b27f-ca29-4b3e-9197-ad3c4af7cbfb::ceiling-raw::0:2:0,0,2,0,0.0,,7.291,0,1.0,,0.0,2d80b27f-ca29-4b3e-9197-ad3c4af7cbfb::roof-flat::flat:8,1.0,,flat_matched
2d80b27f-ca29-4b3e-9197-ad3c4af7cbfb,2d80b27f-ca29-4b3e-9197-ad3c4af7cbfb::ceiling-raw::0:3:0,0,3,0,0.0,,6.479,0,1.0,,0.0,2d80b27f-ca29-4b3e-9197-ad3c4af7cbfb::roof-flat::flat:8,1.0,,flat_matched
2d80b27f-ca29-4b3e-9197-ad3c4af7cbfb,2d80b27f-ca29-4b3e-9197-ad3c4af7cbfb::ceiling-raw::0:4:0,0,4,0,0.0,,6.941,0,1.0,,0.0,2d80b27f-ca29-4b3e-9197-ad3c4af7cbfb::roof-flat::flat:4,1.0,,flat_matched
2d80b27f-ca29-4b3e-9197-ad3c4af7cbfb,2d80b27f-ca29-4b3e-9197-ad3c4af7cbfb::ceiling-raw::0:5:0,0,5,0,0.0,,34.156,0,1.0,,0.0,2d80b27f-ca29-4b3e-9197-ad3c4af7cbfb::roof-flat::flat:8,1.0,,flat_matched
2d80b27f-ca29-4b3e-9197-ad3c4af7cbfb,2d80b27f-ca29-4b3e-9197-ad3c4af7cbfb::ceiling-raw::0:7:0,0,7,0,0.0,,3.075,0,1.0,,0.0,2d80b27f-ca29-4b3e-9197-ad3c4af7cbfb::roof-flat::flat:8,1.0,,flat_matched
2de0ff98-b554-446b-a501-b9fab4577f5a,2de0ff98-b554-446b-a501-b9fab4577f5a::ceiling-raw::0:0:0,0,0,0,0.0,,10.75,0,1.0,,0.0,2de0ff98-b554-446b-a501-b9fab4577f5a::roof-flat::flat:8,1.0,,flat_matched
2de0ff98-b554-446b-a501-b9fab4577f5a,2de0ff98-b554-446b-a501-b9fab4577f5a::ceiling-raw::0:1:0,0,1,0,0.0,,12.116,0,1.0,,0.0,2de0ff98-b554-446b-a501-b9fab4577f5a::roof-flat::flat:8,1.0,,flat_matched
2de0ff98-b554-446b-a501-b9fab4577f5a,2de0ff98-b554-446b-a501-b9fab4577f5a::ceiling-raw::0:2:0,0,2,0,0.0,,10.824,0,1.0,,0.0,2de0ff98-b554-446b-a501-b9fab4577f5a::roof-flat::flat:8,1.0,,flat_matched
2de0ff98-b554-446b-a501-b9fab4577f5a,2de0ff98-b554-446b-a501-b9fab4577f5a::ceiling-raw::0:3:0,0,3,0,0.0,,4.02,0,1.0,,0.0,2de0ff98-b554-446b-a501-b9fab4577f5a::roof-flat::flat:8,1.0,,flat_matched
2de0ff98-b554-446b-a501-b9fab4577f5a,2de0ff98-b554-446b-a501-b9fab4577f5a::ceiling-raw::0:4:0,0,4,0,0.0,,3.262,0,1.0,,0.0,2de0ff98-b554-446b-a501-b9fab4577f5a::roof-flat::flat:4,1.0,,flat_matched
2de0ff98-b554-446b-a501-b9fab4577f5a,2de0ff98-b554-446b-a501-b9fab4577f5a::ceiling-raw::0:4:1,0,4,1,0.0,,8.816,0,1.0,,0.0,2de0ff98-b554-446b-a501-b9fab4577f5a::roof-flat::flat:8,1.0,,flat_matched
2de0ff98-b554-446b-a501-b9fab4577f5a,2de0ff98-b554-446b-a501-b9fab4577f5a::ceiling-raw::0:5:0,0,5,0,0.0,,23.58,0,1.0,,0.0,2de0ff98-b554-446b-a501-b9fab4577f5a::roof-flat::flat:8,1.0,,flat_matched
2de0ff98-b554-446b-a501-b9fab4577f5a,2de0ff98-b554-446b-a501-b9fab4577f5a::ceiling-raw::0:6:0,0,6,0,0.0,,25.306,0,1.0,,0.0,2de0ff98-b554-446b-a501-b9fab4577f5a::roof-flat::flat:8,1.0,,flat_matched
2de0ff98-b554-446b-a501-b9fab4577f5a,2de0ff98-b554-446b-a501-b9fab4577f5a::ceiling-raw::0:7:0,0,7,0,0.0,,7.997,0,1.0,,0.0,2de0ff98-b554-446b-a501-b9fab4577f5a::roof-flat::flat:8,1.0,,flat_matched
2df1d2ed-54c9-41e9-9ed8-c4110e3868e0,2df1d2ed-54c9-41e9-9ed8-c4110e3868e0::ceiling-raw::0:0:0,0,0,0,0.0,,9.344,0,1.0,,0.0,2df1d2ed-54c9-41e9-9ed8-c4110e3868e0::roof-flat::flat:10,1.0,,flat_matched
2df1d2ed-54c9-41e9-9ed8-c4110e3868e0,2df1d2ed-54c9-41e9-9ed8-c4110e3868e0::ceiling-raw::0:1:0,0,1,0,0.0,,3.764,0,1.0,,0.0,2df1d2ed-54c9-41e9-9ed8-c4110e3868e0::roof-flat::flat:10,1.0,,flat_matched
2df1d2ed-54c9-41e9-9ed8-c4110e3868e0,2df1d2ed-54c9-41e9-9ed8-c4110e3868e0::ceiling-raw::0:2:0,0,2,0,0.0,,10.867,0,1.0,,0.0,2df1d2ed-54c9-41e9-9ed8-c4110e3868e0::roof-flat::flat:10,1.0,,flat_matched
2df1d2ed-54c9-41e9-9ed8-c4110e3868e0,2df1d2ed-54c9-41e9-9ed8-c4110e3868e0::ceiling-raw::0:3:0,0,3,0,0.0,,12.305,0,1.0,,0.0,2df1d2ed-54c9-41e9-9ed8-c4110e3868e0::roof-flat::flat:10,1.0,,flat_matched
2df1d2ed-54c9-41e9-9ed8-c4110e3868e0,2df1d2ed-54c9-41e9-9ed8-c4110e3868e0::ceiling-raw::0:4:0,0,4,0,0.0,,8.119,0,1.0,,0.0,2df1d2ed-54c9-41e9-9ed8-c4110e3868e0::roof-flat::flat:10,1.0,,flat_matched
2df1d2ed-54c9-41e9-9ed8-c4110e3868e0,2df1d2ed-54c9-41e9-9ed8-c4110e3868e0::ceiling-raw::0:5:0,0,5,0,0.0,,30.116,0,1.0,,0.0,2df1d2ed-54c9-41e9-9ed8-c4110e3868e0::roof-flat::flat:10,1.0,,flat_matched
2df1d2ed-54c9-41e9-9ed8-c4110e3868e0,2df1d2ed-54c9-41e9-9ed8-c4110e3868e0::ceiling-raw::0:6:0,0,6,0,0.0,,14.629,0,1.0,,0.0,2df1d2ed-54c9-41e9-9ed8-c4110e3868e0::roof-flat::flat:10,1.0,,flat_matched
2df1d2ed-54c9-41e9-9ed8-c4110e3868e0,2df1d2ed-54c9-41e9-9ed8-c4110e3868e0::ceiling-raw::0:7:0,0,7,0,0.0,,6.362,0,1.0,,0.0,2df1d2ed-54c9-41e9-9ed8-c4110e3868e0::roof-flat::flat:10,1.0,,flat_matched
2df1d2ed-54c9-41e9-9ed8-c4110e3868e0,2df1d2ed-54c9-41e9-9ed8-c4110e3868e0::ceiling-raw::0:8:0,0,8,0,0.0,,14.021,0,1.0,,0.0,2df1d2ed-54c9-41e9-9ed8-c4110e3868e0::roof-flat::flat:10,1.0,,flat_matched
2df1d2ed-54c9-41e9-9ed8-c4110e3868e0,2df1d2ed-54c9-41e9-9ed8-c4110e3868e0::ceiling-raw::0:9:0,0,9,0,0.0,,7.16,0,1.0,,0.0,2df1d2ed-54c9-41e9-9ed8-c4110e3868e0::roof-flat::flat:10,1.0,,flat_matched
2ea3b759-e047-424c-8034-f8ee5b811fb4,2ea3b759-e047-424c-8034-f8ee5b811fb4::ceiling-raw::0:0:0,0,0,0,0.0,,37.104,0,1.0,,0.0,2ea3b759-e047-424c-8034-f8ee5b811fb4::roof-flat::flat:9,1.0,,flat_matched
2ea3b759-e047-424c-8034-f8ee5b811fb4,2ea3b759-e047-424c-8034-f8ee5b811fb4::ceiling-raw::0:1:0,0,1,0,0.0,,4.016,0,1.0,,0.0,2ea3b759-e047-424c-8034-f8ee5b811fb4::roof-flat::flat:9,1.0,,flat_matched
2ea3b759-e047-424c-8034-f8ee5b811fb4,2ea3b759-e047-424c-8034-f8ee5b811fb4::ceiling-raw::0:2:0,0,2,0,0.0,,2.452,0,1.0,,0.0,2ea3b759-e047-424c-8034-f8ee5b811fb4::roof-flat::flat:9,1.0,,flat_matched
2ea3b759-e047-424c-8034-f8ee5b811fb4,2ea3b759-e047-424c-8034-f8ee5b811fb4::ceiling-raw::0:3:0,0,3,0,0.0,,17.726,0,1.0,,0.0,2ea3b759-e047-424c-8034-f8ee5b811fb4::roof-flat::flat:9,1.0,,flat_matched
2ea3b759-e047-424c-8034-f8ee5b811fb4,2ea3b759-e047-424c-8034-f8ee5b811fb4::ceiling-raw::0:3:1,0,3,1,0.0,,9.347,0,1.0,,0.0,2ea3b759-e047-424c-8034-f8ee5b811fb4::roof-flat::flat:9,1.0,,flat_matched
2ea3b759-e047-424c-8034-f8ee5b811fb4,2ea3b759-e047-424c-8034-f8ee5b811fb4::ceiling-raw::0:3:2,0,3,2,0.0,,3.366,0,1.0,,0.0,2ea3b759-e047-424c-8034-f8ee5b811fb4::roof-flat::flat:2,1.0,,flat_matched
2ea3b759-e047-424c-8034-f8ee5b811fb4,2ea3b759-e047-424c-8034-f8ee5b811fb4::ceiling-raw::0:3:3,0,3,3,0.0,,4.91,0,1.0,,0.0,2ea3b759-e047-424c-8034-f8ee5b811fb4::roof-flat::flat:9,1.0,,flat_matched
2ea3b759-e047-424c-8034-f8ee5b811fb4,2ea3b759-e047-424c-8034-f8ee5b811fb4::ceiling-raw::0:5:0,0,5,0,0.0,,9.631,0,1.0,,0.0,2ea3b759-e047-424c-8034-f8ee5b811fb4::roof-flat::flat:9,1.0,,flat_matched
2ea3b759-e047-424c-8034-f8ee5b811fb4,2ea3b759-e047-424c-8034-f8ee5b811fb4::ceiling-raw::0:6:0,0,6,0,0.0,,6.159,0,1.0,,0.0,2ea3b759-e047-424c-8034-f8ee5b811fb4::roof-flat::flat:9,1.0,,flat_matched
2ea3b759-e047-424c-8034-f8ee5b811fb4,2ea3b759-e047-424c-8034-f8ee5b811fb4::ceiling-raw::0:8:0,0,8,0,0.0,,8.119,0,1.0,,0.0,2ea3b759-e047-424c-8034-f8ee5b811fb4::roof-flat::flat:9,1.0,,flat_matched
2ea3b759-e047-424c-8034-f8ee5b811fb4,2ea3b759-e047-424c-8034-f8ee5b811fb4::ceiling-raw::0:9:0,0,9,0,0.0,,8.079,0,1.0,,0.0,2ea3b759-e047-424c-8034-f8ee5b811fb4::roof-flat::flat:9,1.0,,flat_matched
2ea3b759-e047-424c-8034-f8ee5b811fb4,2ea3b759-e047-424c-8034-f8ee5b811fb4::ceiling-raw::0:10:0,0,10,0,0.0,,31.786,0,1.0,,0.0,2ea3b759-e047-424c-8034-f8ee5b811fb4::roof-flat::flat:9,1.0,,flat_matched
2f382701-addb-48a5-8749-0e8e7f988a10,2f382701-addb-48a5-8749-0e8e7f988a10::ceiling-raw::1:0:0,1,0,0,0.0,,30.651,0,1.0,,0.0,2f382701-addb-48a5-8749-0e8e7f988a10::roof-flat::flat:8,1.0,,flat_matched
2f382701-addb-48a5-8749-0e8e7f988a10,2f382701-addb-48a5-8749-0e8e7f988a10::ceiling-raw::1:0:1,1,0,1,0.0,,0.842,0,1.0,,0.0,2f382701-addb-48a5-8749-0e8e7f988a10::roof-flat::flat:9,1.0,,flat_matched
2f382701-addb-48a5-8749-0e8e7f988a10,2f382701-addb-48a5-8749-0e8e7f988a10::ceiling-raw::1:0:2,1,0,2,6.75,97.24,4.849,0,1.0,,0.0,2f382701-addb-48a5-8749-0e8e7f988a10::roof-flat::flat:8,1.0,,oblique_covered_by_flat
2f382701-addb-48a5-8749-0e8e7f988a10,2f382701-addb-48a5-8749-0e8e7f988a10::ceiling-raw::1:0:3,1,0,3,28.6,26.08,0.174,0,1.0,,0.0,2f382701-addb-48a5-8749-0e8e7f988a10::roof-flat::flat:8,1.0,,oblique_covered_by_flat
2f382701-addb-48a5-8749-0e8e7f988a10,2f382701-addb-48a5-8749-0e8e7f988a10::ceiling-raw::1:1:0,1,1,0,0.0,,1.386,0,1.0,,0.0,2f382701-addb-48a5-8749-0e8e7f988a10::roof-flat::flat:8,1.0,,flat_matched
2f382701-addb-48a5-8749-0e8e7f988a10,2f382701-addb-48a5-8749-0e8e7f988a10::ceiling-raw::1:1:1,1,1,1,5.58,68.15,0.07,0,1.0,,0.0,2f382701-addb-48a5-8749-0e8e7f988a10::roof-flat::flat:8,1.0,,oblique_covered_by_flat
2f382701-addb-48a5-8749-0e8e7f988a10,2f382701-addb-48a5-8749-0e8e7f988a10::ceiling-raw::1:1:2,1,1,2,36.56,97.47,0.038,0,1.0,,0.0,2f382701-addb-48a5-8749-0e8e7f988a10::roof-flat::flat:8,1.0,,oblique_covered_by_flat
2f382701-addb-48a5-8749-0e8e7f988a10,2f382701-addb-48a5-8749-0e8e7f988a10::ceiling-raw::1:1:3,1,1,3,47.61,8.13,0.084,0,1.0,,0.0,2f382701-addb-48a5-8749-0e8e7f988a10::roof-flat::flat:1,1.0,,oblique_covered_by_flat
2f382701-addb-48a5-8749-0e8e7f988a10,2f382701-addb-48a5-8749-0e8e7f988a10::ceiling-raw::1:1:4,1,1,4,64.0,290.96,0.028,0,1.0,,0.0,2f382701-addb-48a5-8749-0e8e7f988a10::roof-flat::flat:8,1.0,,oblique_covered_by_flat
2f382701-addb-48a5-8749-0e8e7f988a10,2f382701-addb-48a5-8749-0e8e7f988a10::ceiling-raw::1:1:5,1,1,5,0.0,,2.406,0,1.0,,0.0,2f382701-addb-48a5-8749-0e8e7f988a10::roof-flat::flat:8,1.0,,flat_matched
2f382701-addb-48a5-8749-0e8e7f988a10,2f382701-addb-48a5-8749-0e8e7f988a10::ceiling-raw::1:1:6,1,1,6,4.02,46.69,2.46,0,1.0,,0.0,2f382701-addb-48a5-8749-0e8e7f988a10::roof-flat::flat:8,1.0,,flat_matched
2f382701-addb-48a5-8749-0e8e7f988a10,2f382701-addb-48a5-8749-0e8e7f988a10::ceiling-raw::1:1:7,1,1,7,3.73,281.06,2.09,0,1.0,,0.0,2f382701-addb-48a5-8749-0e8e7f988a10::roof-flat::flat:8,1.0,,flat_matched
2f382701-addb-48a5-8749-0e8e7f988a10,2f382701-addb-48a5-8749-0e8e7f988a10::ceiling-raw::1:1:8,1,1,8,7.1,327.8,1.045,0,1.0,,0.0,2f382701-addb-48a5-8749-0e8e7f988a10::roof-flat::flat:1,1.0,,oblique_covered_by_flat
2f382701-addb-48a5-8749-0e8e7f988a10,2f382701-addb-48a5-8749-0e8e7f988a10::ceiling-raw::1:1:9,1,1,9,36.55,97.46,0.083,0,1.0,,0.0,2f382701-addb-48a5-8749-0e8e7f988a10::roof-flat::flat:8,1.0,,oblique_covered_by_flat
2f382701-addb-48a5-8749-0e8e7f988a10,2f382701-addb-48a5-8749-0e8e7f988a10::ceiling-raw::1:2:0,1,2,0,0.0,,9.402,0,1.0,,0.0,2f382701-addb-48a5-8749-0e8e7f988a10::roof-flat::flat:8,1.0,,flat_matched
2f382701-addb-48a5-8749-0e8e7f988a10,2f382701-addb-48a5-8749-0e8e7f988a10::ceiling-raw::1:3:0,1,3,0,0.0,,6.985,0,1.0,,0.0,2f382701-addb-48a5-8749-0e8e7f988a10::roof-flat::flat:8,1.0,,flat_matched
2f382701-addb-48a5-8749-0e8e7f988a10,2f382701-addb-48a5-8749-0e8e7f988a10::ceiling-raw::1:5:0,1,5,0,0.0,,12.591,0,1.0,,0.0,2f382701-addb-48a5-8749-0e8e7f988a10::roof-flat::flat:9,1.0,,flat_matched
2f382701-addb-48a5-8749-0e8e7f988a10,2f382701-addb-48a5-8749-0e8e7f988a10::ceiling-raw::0:6:0,0,6,0,0.0,,1.239,0,1.0,,0.0,2f382701-addb-48a5-8749-0e8e7f988a10::roof-flat::flat:10,1.0,,flat_matched
2f382701-addb-48a5-8749-0e8e7f988a10,2f382701-addb-48a5-8749-0e8e7f988a10::ceiling-raw::0:6:1,0,6,1,30.36,11.26,5.313,0,1.0,,0.0,2f382701-addb-48a5-8749-0e8e7f988a10::roof-flat::flat:10,1.0,,oblique_covered_by_flat
2f382701-addb-48a5-8749-0e8e7f988a10,2f382701-addb-48a5-8749-0e8e7f988a10::ceiling-raw::0:6:2,0,6,2,40.08,101.26,2.871,0,1.0,,0.0,2f382701-addb-48a5-8749-0e8e7f988a10::roof-flat::flat:10,1.0,,oblique_covered_by_flat
2f382701-addb-48a5-8749-0e8e7f988a10,2f382701-addb-48a5-8749-0e8e7f988a10::ceiling-raw::0:6:3,0,6,3,59.88,191.25,0.728,0,1.0,,0.0,2f382701-addb-48a5-8749-0e8e7f988a10::roof-flat::flat:10,1.0,,oblique_covered_by_flat
2f382701-addb-48a5-8749-0e8e7f988a10,2f382701-addb-48a5-8749-0e8e7f988a10::ceiling-raw::0:6:4,0,6,4,63.14,162.06,0.526,0,1.0,,0.0,2f382701-addb-48a5-8749-0e8e7f988a10::roof-flat::flat:10,1.0,,oblique_covered_by_flat
2f382701-addb-48a5-8749-0e8e7f988a10,2f382701-addb-48a5-8749-0e8e7f988a10::ceiling-raw::0:6:5,0,6,5,83.68,190.58,0.091,0,1.0,,0.0,2f382701-addb-48a5-8749-0e8e7f988a10::roof-flat::flat:10,1.0,,near_vertical_skip
2f382701-addb-48a5-8749-0e8e7f988a10,2f382701-addb-48a5-8749-0e8e7f988a10::ceiling-raw::2:7:0,2,7,0,0.0,,12.889,0.474,1.0,2f382701-addb-48a5-8749-0e8e7f988a10::roof-oblique::oblique:0,0.474,2f382701-addb-48a5-8749-0e8e7f988a10::roof-flat::flat:12,1.0,0.667,flat_matched
2f382701-addb-48a5-8749-0e8e7f988a10,2f382701-addb-48a5-8749-0e8e7f988a10::ceiling-raw::2:8:0,2,8,0,0.0,,4.644,1.0,1.0,2f382701-addb-48a5-8749-0e8e7f988a10::roof-oblique::oblique:0,1.0,2f382701-addb-48a5-8749-0e8e7f988a10::roof-flat::flat:12,1.0,0.667,flat_matched
2f382701-addb-48a5-8749-0e8e7f988a10,2f382701-addb-48a5-8749-0e8e7f988a10::ceiling-raw::2:8:1,2,8,1,48.14,100.13,3.298,1.0,1.0,2f382701-addb-48a5-8749-0e8e7f988a10::roof-oblique::oblique:0,1.0,2f382701-addb-48a5-8749-0e8e7f988a10::roof-flat::flat:12,1.0,1.0,oblique_matched
2f382701-addb-48a5-8749-0e8e7f988a10,2f382701-addb-48a5-8749-0e8e7f988a10::ceiling-raw::2:9:0,2,9,0,0.0,,3.244,1.0,1.0,2f382701-addb-48a5-8749-0e8e7f988a10::roof-oblique::oblique:1,1.0,2f382701-addb-48a5-8749-0e8e7f988a10::roof-flat::flat:12,1.0,0.705,flat_matched
2f382701-addb-48a5-8749-0e8e7f988a10,2f382701-addb-48a5-8749-0e8e7f988a10::ceiling-raw::2:9:1,2,9,1,47.49,280.27,1.776,0.999,1.0,2f382701-addb-48a5-8749-0e8e7f988a10::roof-oblique::oblique:1,0.999,2f382701-addb-48a5-8749-0e8e7f988a10::roof-flat::flat:12,1.0,0.999,oblique_matched
2f382701-addb-48a5-8749-0e8e7f988a10,2f382701-addb-48a5-8749-0e8e7f988a10::ceiling-raw::2:10:0,2,10,0,0.0,,5.072,0.998,1.0,2f382701-addb-48a5-8749-0e8e7f988a10::roof-oblique::oblique:1,0.998,2f382701-addb-48a5-8749-0e8e7f988a10::roof-flat::flat:12,1.0,0.705,flat_matched
2f382701-addb-48a5-8749-0e8e7f988a10,2f382701-addb-48a5-8749-0e8e7f988a10::ceiling-raw::2:10:1,2,10,1,36.61,280.6,0.291,0.999,1.0,2f382701-addb-48a5-8749-0e8e7f988a10::roof-oblique::oblique:1,0.999,2f382701-addb-48a5-8749-0e8e7f988a10::roof-flat::flat:12,1.0,0.989,oblique_matched
2f382701-addb-48a5-8749-0e8e7f988a10,2f382701-addb-48a5-8749-0e8e7f988a10::ceiling-raw::2:10:2,2,10,2,46.41,270.66,1.002,1.0,1.0,2f382701-addb-48a5-8749-0e8e7f988a10::roof-oblique::oblique:1,1.0,2f382701-addb-48a5-8749-0e8e7f988a10::roof-flat::flat:12,1.0,0.993,oblique_matched
2f382701-addb-48a5-8749-0e8e7f988a10,2f382701-addb-48a5-8749-0e8e7f988a10::ceiling-raw::2:10:3,2,10,3,48.39,277.93,0.727,0.999,1.0,2f382701-addb-48a5-8749-0e8e7f988a10::roof-oblique::oblique:1,0.999,2f382701-addb-48a5-8749-0e8e7f988a10::roof-flat::flat:12,1.0,0.998,oblique_matched
2f382701-addb-48a5-8749-0e8e7f988a10,2f382701-addb-48a5-8749-0e8e7f988a10::ceiling-raw::2:11:0,2,11,0,0.0,,6.481,1.0,1.0,2f382701-addb-48a5-8749-0e8e7f988a10::roof-oblique::oblique:1,1.0,2f382701-addb-48a5-8749-0e8e7f988a10::roof-flat::flat:12,1.0,0.705,flat_matched
2f382701-addb-48a5-8749-0e8e7f988a10,2f382701-addb-48a5-8749-0e8e7f988a10::ceiling-raw::2:12:0,2,12,0,0.0,,3.752,0.988,1.0,2f382701-addb-48a5-8749-0e8e7f988a10::roof-oblique::oblique:1,0.988,2f382701-addb-48a5-8749-0e8e7f988a10::roof-flat::flat:12,1.0,0.705,flat_matched
3297bc28-5d39-4358-bd2e-0f1183cae489,3297bc28-5d39-4358-bd2e-0f1183cae489::ceiling-raw::0:0:0,0,0,0,0.0,,11.737,0,1.0,,0.0,3297bc28-5d39-4358-bd2e-0f1183cae489::roof-flat::flat:7,1.0,,flat_matched
3297bc28-5d39-4358-bd2e-0f1183cae489,3297bc28-5d39-4358-bd2e-0f1183cae489::ceiling-raw::1:5:0,1,5,0,9.26,176.73,0.07,0,1.0,,0.0,3297bc28-5d39-4358-bd2e-0f1183cae489::roof-flat::flat:1,1.0,,oblique_covered_by_flat
3297bc28-5d39-4358-bd2e-0f1183cae489,3297bc28-5d39-4358-bd2e-0f1183cae489::ceiling-raw::1:5:1,1,5,1,29.26,219.69,0.307,0,1.0,,0.0,3297bc28-5d39-4358-bd2e-0f1183cae489::roof-flat::flat:8,1.0,,oblique_covered_by_flat
3297bc28-5d39-4358-bd2e-0f1183cae489,3297bc28-5d39-4358-bd2e-0f1183cae489::ceiling-raw::1:5:2,1,5,2,35.13,253.29,0.307,0,1.0,,0.0,3297bc28-5d39-4358-bd2e-0f1183cae489::roof-flat::flat:8,1.0,,oblique_covered_by_flat
3297bc28-5d39-4358-bd2e-0f1183cae489,3297bc28-5d39-4358-bd2e-0f1183cae489::ceiling-raw::1:5:3,1,5,3,38.83,266.06,0.821,0,1.0,,0.0,3297bc28-5d39-4358-bd2e-0f1183cae489::roof-flat::flat:8,1.0,,oblique_covered_by_flat
3297bc28-5d39-4358-bd2e-0f1183cae489,3297bc28-5d39-4358-bd2e-0f1183cae489::ceiling-raw::1:5:4,1,5,4,38.58,235.77,0.12,0,1.0,,0.0,3297bc28-5d39-4358-bd2e-0f1183cae489::roof-flat::flat:2,1.0,,oblique_covered_by_flat
3297bc28-5d39-4358-bd2e-0f1183cae489,3297bc28-5d39-4358-bd2e-0f1183cae489::ceiling-raw::1:5:5,1,5,5,40.54,245.36,0.417,0,1.0,,0.0,3297bc28-5d39-4358-bd2e-0f1183cae489::roof-flat::flat:8,1.0,,oblique_covered_by_flat
3297bc28-5d39-4358-bd2e-0f1183cae489,3297bc28-5d39-4358-bd2e-0f1183cae489::ceiling-raw::1:5:6,1,5,6,48.11,265.78,0.347,0,1.0,,0.0,3297bc28-5d39-4358-bd2e-0f1183cae489::roof-flat::flat:8,1.0,,oblique_covered_by_flat
3297bc28-5d39-4358-bd2e-0f1183cae489,3297bc28-5d39-4358-bd2e-0f1183cae489::ceiling-raw::1:5:7,1,5,7,61.41,176.7,0.175,0,1.0,,0.0,3297bc28-5d39-4358-bd2e-0f1183cae489::roof-flat::flat:2,1.0,,oblique_covered_by_flat
3297bc28-5d39-4358-bd2e-0f1183cae489,3297bc28-5d39-4358-bd2e-0f1183cae489::ceiling-raw::1:6:1,1,6,1,0.0,,9.373,0,1.0,,0.0,3297bc28-5d39-4358-bd2e-0f1183cae489::roof-flat::flat:8,1.0,,flat_matched
3297bc28-5d39-4358-bd2e-0f1183cae489,3297bc28-5d39-4358-bd2e-0f1183cae489::ceiling-raw::1:7:0,1,7,0,0.0,,17.988,0,1.0,,0.0,3297bc28-5d39-4358-bd2e-0f1183cae489::roof-flat::flat:8,1.0,,flat_matched
3297bc28-5d39-4358-bd2e-0f1183cae489,3297bc28-5d39-4358-bd2e-0f1183cae489::ceiling-raw::1:8:0,1,8,0,1.28,86.91,23.971,0,1.0,,0.0,3297bc28-5d39-4358-bd2e-0f1183cae489::roof-flat::flat:8,1.0,,flat_matched
3297bc28-5d39-4358-bd2e-0f1183cae489,3297bc28-5d39-4358-bd2e-0f1183cae489::ceiling-raw::1:8:1,1,8,1,6.0,132.31,0.88,0,1.0,,0.0,3297bc28-5d39-4358-bd2e-0f1183cae489::roof-flat::flat:8,1.0,,oblique_covered_by_flat
3297bc28-5d39-4358-bd2e-0f1183cae489,3297bc28-5d39-4358-bd2e-0f1183cae489::ceiling-raw::2:9:0,2,9,0,0.0,,1.374,1.0,1.0,3297bc28-5d39-4358-bd2e-0f1183cae489::roof-oblique::oblique:0,0.703,3297bc28-5d39-4358-bd2e-0f1183cae489::roof-flat::flat:9,1.0,0.577,flat_matched
3297bc28-5d39-4358-bd2e-0f1183cae489,3297bc28-5d39-4358-bd2e-0f1183cae489::ceiling-raw::2:9:1,2,9,1,0.0,,4.447,1.0,1.0,3297bc28-5d39-4358-bd2e-0f1183cae489::roof-oblique::oblique:0,0.748,3297bc28-5d39-4358-bd2e-0f1183cae489::roof-flat::flat:9,1.0,0.577,flat_matched
3297bc28-5d39-4358-bd2e-0f1183cae489,3297bc28-5d39-4358-bd2e-0f1183cae489::ceiling-raw::2:9:2,2,9,2,55.71,268.43,0.747,1.0,1.0,3297bc28-5d39-4358-bd2e-0f1183cae489::roof-oblique::oblique:0,1.0,3297bc28-5d39-4358-bd2e-0f1183cae489::roof-flat::flat:9,1.0,1.0,oblique_matched
3297bc28-5d39-4358-bd2e-0f1183cae489,3297bc28-5d39-4358-bd2e-0f1183cae489::ceiling-raw::2:11:0,2,11,0,0.0,,5.48,1.0,1.0,3297bc28-5d39-4358-bd2e-0f1183cae489::roof-oblique::oblique:1,1.0,3297bc28-5d39-4358-bd2e-0f1183cae489::roof-flat::flat:9,1.0,0.591,flat_matched
3297bc28-5d39-4358-bd2e-0f1183cae489,3297bc28-5d39-4358-bd2e-0f1183cae489::ceiling-raw::2:11:1,2,11,1,2.79,357.24,1.139,1.0,1.0,3297bc28-5d39-4358-bd2e-0f1183cae489::roof-oblique::oblique:1,1.0,3297bc28-5d39-4358-bd2e-0f1183cae489::roof-flat::flat:10,1.0,0.59,flat_matched
3297bc28-5d39-4358-bd2e-0f1183cae489,3297bc28-5d39-4358-bd2e-0f1183cae489::ceiling-raw::2:11:2,2,11,2,6.91,357.25,0.483,1.0,1.0,3297bc28-5d39-4358-bd2e-0f1183cae489::roof-oblique::oblique:1,1.0,3297bc28-5d39-4358-bd2e-0f1183cae489::roof-flat::flat:9,1.0,0.586,oblique_wrong_orientation
3297bc28-5d39-4358-bd2e-0f1183cae489,3297bc28-5d39-4358-bd2e-0f1183cae489::ceiling-raw::2:11:3,2,11,3,18.56,87.24,1.139,1.0,1.0,3297bc28-5d39-4358-bd2e-0f1183cae489::roof-oblique::oblique:1,1.0,3297bc28-5d39-4358-bd2e-0f1183cae489::roof-flat::flat:10,1.0,0.817,oblique_matched
3297bc28-5d39-4358-bd2e-0f1183cae489,3297bc28-5d39-4358-bd2e-0f1183cae489::ceiling-raw::2:11:4,2,11,4,63.07,87.24,0.483,1.0,1.0,3297bc28-5d39-4358-bd2e-0f1183cae489::roof-oblique::oblique:1,1.0,3297bc28-5d39-4358-bd2e-0f1183cae489::roof-flat::flat:9,1.0,0.987,oblique_matched
3297bc28-5d39-4358-bd2e-0f1183cae489,3297bc28-5d39-4358-bd2e-0f1183cae489::ceiling-raw::2:12:0,2,12,0,0.0,,0.484,1.0,1.0,3297bc28-5d39-4358-bd2e-0f1183cae489::roof-oblique::oblique:1,1.0,3297bc28-5d39-4358-bd2e-0f1183cae489::roof-flat::flat:10,1.0,0.591,flat_matched
3297bc28-5d39-4358-bd2e-0f1183cae489,3297bc28-5d39-4358-bd2e-0f1183cae489::ceiling-raw::2:12:1,2,12,1,0.0,,12.653,1.0,1.0,3297bc28-5d39-4358-bd2e-0f1183cae489::roof-oblique::oblique:0,0.507,3297bc28-5d39-4358-bd2e-0f1183cae489::roof-flat::flat:9,1.0,0.577,flat_matched
3297bc28-5d39-4358-bd2e-0f1183cae489,3297bc28-5d39-4358-bd2e-0f1183cae489::ceiling-raw::2:12:2,2,12,2,10.25,177.23,0.343,1.0,1.0,3297bc28-5d39-4358-bd2e-0f1183cae489::roof-oblique::oblique:1,1.0,3297bc28-5d39-4358-bd2e-0f1183cae489::roof-flat::flat:9,1.0,0.581,oblique_wrong_orientation
3297bc28-5d39-4358-bd2e-0f1183cae489,3297bc28-5d39-4358-bd2e-0f1183cae489::ceiling-raw::2:12:3,2,12,3,55.58,267.24,0.795,1.0,1.0,3297bc28-5d39-4358-bd2e-0f1183cae489::roof-oblique::oblique:0,1.0,3297bc28-5d39-4358-bd2e-0f1183cae489::roof-flat::flat:9,1.0,1.0,oblique_matched
3297bc28-5d39-4358-bd2e-0f1183cae489,3297bc28-5d39-4358-bd2e-0f1183cae489::ceiling-raw::2:12:4,2,12,4,57.88,290.8,0.113,1.0,1.0,3297bc28-5d39-4358-bd2e-0f1183cae489::roof-oblique::oblique:0,1.0,3297bc28-5d39-4358-bd2e-0f1183cae489::roof-flat::flat:9,1.0,0.941,oblique_matched
3297bc28-5d39-4358-bd2e-0f1183cae489,3297bc28-5d39-4358-bd2e-0f1183cae489::ceiling-raw::2:12:5,2,12,5,59.13,87.01,0.543,1.0,1.0,3297bc28-5d39-4358-bd2e-0f1183cae489::roof-oblique::oblique:1,1.0,3297bc28-5d39-4358-bd2e-0f1183cae489::roof-flat::flat:9,1.0,0.996,oblique_matched
3297bc28-5d39-4358-bd2e-0f1183cae489,3297bc28-5d39-4358-bd2e-0f1183cae489::ceiling-raw::2:13:0,2,13,0,0.0,,1.475,1.0,1.0,3297bc28-5d39-4358-bd2e-0f1183cae489::roof-oblique::oblique:0,1.0,3297bc28-5d39-4358-bd2e-0f1183cae489::roof-flat::flat:9,1.0,0.577,flat_matched
3297bc28-5d39-4358-bd2e-0f1183cae489,3297bc28-5d39-4358-bd2e-0f1183cae489::ceiling-raw::2:13:1,2,13,1,0.0,,1.123,1.0,1.0,3297bc28-5d39-4358-bd2e-0f1183cae489::roof-oblique::oblique:0,1.0,3297bc28-5d39-4358-bd2e-0f1183cae489::roof-flat::flat:10,0.674,0.577,flat_matched
3297bc28-5d39-4358-bd2e-0f1183cae489,3297bc28-5d39-4358-bd2e-0f1183cae489::ceiling-raw::2:13:2,2,13,2,53.69,276.64,0.343,1.0,1.0,3297bc28-5d39-4358-bd2e-0f1183cae489::roof-oblique::oblique:0,1.0,3297bc28-5d39-4358-bd2e-0f1183cae489::roof-flat::flat:9,1.0,0.991,oblique_matched
3297bc28-5d39-4358-bd2e-0f1183cae489,3297bc28-5d39-4358-bd2e-0f1183cae489::ceiling-raw::2:13:3,2,13,3,53.85,267.24,0.227,1.0,1.0,3297bc28-5d39-4358-bd2e-0f1183cae489::roof-oblique::oblique:0,1.0,3297bc28-5d39-4358-bd2e-0f1183cae489::roof-flat::flat:9,1.0,1.0,oblique_matched
36f034dc-17ec-4e9d-9ec0-e8b0139201c8,36f034dc-17ec-4e9d-9ec0-e8b0139201c8::ceiling-raw::0:0:0,0,0,0,0.0,,20.905,0,1.0,,0.0,36f034dc-17ec-4e9d-9ec0-e8b0139201c8::roof-flat::flat:9,1.0,,flat_matched
36f034dc-17ec-4e9d-9ec0-e8b0139201c8,36f034dc-17ec-4e9d-9ec0-e8b0139201c8::ceiling-raw::0:1:0,0,1,0,0.0,,29.038,0,1.0,,0.0,36f034dc-17ec-4e9d-9ec0-e8b0139201c8::roof-flat::flat:9,1.0,,flat_matched
36f034dc-17ec-4e9d-9ec0-e8b0139201c8,36f034dc-17ec-4e9d-9ec0-e8b0139201c8::ceiling-raw::0:2:0,0,2,0,0.0,,17.095,0,1.0,,0.0,36f034dc-17ec-4e9d-9ec0-e8b0139201c8::roof-flat::flat:9,1.0,,flat_matched
36f034dc-17ec-4e9d-9ec0-e8b0139201c8,36f034dc-17ec-4e9d-9ec0-e8b0139201c8::ceiling-raw::0:3:0,0,3,0,0.0,,4.66,0,1.0,,0.0,36f034dc-17ec-4e9d-9ec0-e8b0139201c8::roof-flat::flat:9,1.0,,flat_matched
36f034dc-17ec-4e9d-9ec0-e8b0139201c8,36f034dc-17ec-4e9d-9ec0-e8b0139201c8::ceiling-raw::0:4:0,0,4,0,0.0,,3.661,0,1.0,,0.0,36f034dc-17ec-4e9d-9ec0-e8b0139201c8::roof-flat::flat:4,1.0,,flat_matched
36f034dc-17ec-4e9d-9ec0-e8b0139201c8,36f034dc-17ec-4e9d-9ec0-e8b0139201c8::ceiling-raw::0:4:1,0,4,1,37.61,186.51,0.164,0,1.0,,0.0,36f034dc-17ec-4e9d-9ec0-e8b0139201c8::roof-flat::flat:4,1.0,,oblique_covered_by_flat
36f034dc-17ec-4e9d-9ec0-e8b0139201c8,36f034dc-17ec-4e9d-9ec0-e8b0139201c8::ceiling-raw::0:5:0,0,5,0,0.0,,6.292,0,1.0,,0.0,36f034dc-17ec-4e9d-9ec0-e8b0139201c8::roof-flat::flat:9,1.0,,flat_matched
36f034dc-17ec-4e9d-9ec0-e8b0139201c8,36f034dc-17ec-4e9d-9ec0-e8b0139201c8::ceiling-raw::0:5:1,0,5,1,0.0,,24.917,0,1.0,,0.0,36f034dc-17ec-4e9d-9ec0-e8b0139201c8::roof-flat::flat:9,1.0,,flat_matched
36f034dc-17ec-4e9d-9ec0-e8b0139201c8,36f034dc-17ec-4e9d-9ec0-e8b0139201c8::ceiling-raw::0:6:0,0,6,0,0.0,,11.576,0,1.0,,0.0,36f034dc-17ec-4e9d-9ec0-e8b0139201c8::roof-flat::flat:9,1.0,,flat_matched
36f034dc-17ec-4e9d-9ec0-e8b0139201c8,36f034dc-17ec-4e9d-9ec0-e8b0139201c8::ceiling-raw::0:7:0,0,7,0,0.0,,0.401,0,1.0,,0.0,36f034dc-17ec-4e9d-9ec0-e8b0139201c8::roof-flat::flat:9,1.0,,flat_matched
36f034dc-17ec-4e9d-9ec0-e8b0139201c8,36f034dc-17ec-4e9d-9ec0-e8b0139201c8::ceiling-raw::0:7:1,0,7,1,14.13,276.6,1.871,0,1.0,,0.0,36f034dc-17ec-4e9d-9ec0-e8b0139201c8::roof-flat::flat:9,1.0,,oblique_covered_by_flat
36f034dc-17ec-4e9d-9ec0-e8b0139201c8,36f034dc-17ec-4e9d-9ec0-e8b0139201c8::ceiling-raw::0:7:2,0,7,2,22.07,185.79,0.43,0,1.0,,0.0,36f034dc-17ec-4e9d-9ec0-e8b0139201c8::roof-flat::flat:9,1.0,,oblique_covered_by_flat
36f034dc-17ec-4e9d-9ec0-e8b0139201c8,36f034dc-17ec-4e9d-9ec0-e8b0139201c8::ceiling-raw::0:7:3,0,7,3,46.03,6.42,0.175,0,1.0,,0.0,36f034dc-17ec-4e9d-9ec0-e8b0139201c8::roof-flat::flat:9,1.0,,oblique_covered_by_flat
36f034dc-17ec-4e9d-9ec0-e8b0139201c8,36f034dc-17ec-4e9d-9ec0-e8b0139201c8::ceiling-raw::0:7:4,0,7,4,0.0,,16.416,0,1.0,,0.0,36f034dc-17ec-4e9d-9ec0-e8b0139201c8::roof-flat::flat:9,1.0,,flat_matched
36f034dc-17ec-4e9d-9ec0-e8b0139201c8,36f034dc-17ec-4e9d-9ec0-e8b0139201c8::ceiling-raw::0:8:0,0,8,0,0.0,,59.699,0,1.0,,0.0,36f034dc-17ec-4e9d-9ec0-e8b0139201c8::roof-flat::flat:9,1.0,,flat_matched
37e9355f-29a7-4303-abae-240c55df13e4,37e9355f-29a7-4303-abae-240c55df13e4::ceiling-raw::0:0:0,0,0,0,0.0,,24.385,0,1.0,,0.0,37e9355f-29a7-4303-abae-240c55df13e4::roof-flat::flat:9,1.0,,flat_matched
37e9355f-29a7-4303-abae-240c55df13e4,37e9355f-29a7-4303-abae-240c55df13e4::ceiling-raw::0:2:0,0,2,0,0.0,,10.562,0,1.0,,0.0,37e9355f-29a7-4303-abae-240c55df13e4::roof-flat::flat:9,1.0,,flat_matched
37e9355f-29a7-4303-abae-240c55df13e4,37e9355f-29a7-4303-abae-240c55df13e4::ceiling-raw::0:3:0,0,3,0,0.0,,6.804,0,1.0,,0.0,37e9355f-29a7-4303-abae-240c55df13e4::roof-flat::flat:9,1.0,,flat_matched
37e9355f-29a7-4303-abae-240c55df13e4,37e9355f-29a7-4303-abae-240c55df13e4::ceiling-raw::0:3:1,0,3,1,0.0,,2.935,0,1.0,,0.0,37e9355f-29a7-4303-abae-240c55df13e4::roof-flat::flat:9,1.0,,flat_matched
37e9355f-29a7-4303-abae-240c55df13e4,37e9355f-29a7-4303-abae-240c55df13e4::ceiling-raw::0:4:0,0,4,0,0.0,,24.713,0,1.0,,0.0,37e9355f-29a7-4303-abae-240c55df13e4::roof-flat::flat:9,1.0,,flat_matched
37e9355f-29a7-4303-abae-240c55df13e4,37e9355f-29a7-4303-abae-240c55df13e4::ceiling-raw::0:5:0,0,5,0,0.0,,4.381,0,1.0,,0.0,37e9355f-29a7-4303-abae-240c55df13e4::roof-flat::flat:9,1.0,,flat_matched
37e9355f-29a7-4303-abae-240c55df13e4,37e9355f-29a7-4303-abae-240c55df13e4::ceiling-raw::0:6:0,0,6,0,0.0,,7.231,0,1.0,,0.0,37e9355f-29a7-4303-abae-240c55df13e4::roof-flat::flat:9,1.0,,flat_matched
37e9355f-29a7-4303-abae-240c55df13e4,37e9355f-29a7-4303-abae-240c55df13e4::ceiling-raw::0:7:0,0,7,0,0.0,,7.198,0,1.0,,0.0,37e9355f-29a7-4303-abae-240c55df13e4::roof-flat::flat:9,1.0,,flat_matched
37e9355f-29a7-4303-abae-240c55df13e4,37e9355f-29a7-4303-abae-240c55df13e4::ceiling-raw::0:8:0,0,8,0,0.0,,2.854,0,1.0,,0.0,37e9355f-29a7-4303-abae-240c55df13e4::roof-flat::flat:9,1.0,,flat_matched
37e9355f-29a7-4303-abae-240c55df13e4,37e9355f-29a7-4303-abae-240c55df13e4::ceiling-raw::0:9:0,0,9,0,4.31,268.52,2.383,0,1.0,,0.0,37e9355f-29a7-4303-abae-240c55df13e4::roof-flat::flat:9,1.0,,flat_matched
37e9355f-29a7-4303-abae-240c55df13e4,37e9355f-29a7-4303-abae-240c55df13e4::ceiling-raw::0:9:1,0,9,1,4.31,268.53,8.332,0,1.0,,0.0,37e9355f-29a7-4303-abae-240c55df13e4::roof-flat::flat:9,1.0,,flat_matched
37e9355f-29a7-4303-abae-240c55df13e4,37e9355f-29a7-4303-abae-240c55df13e4::ceiling-raw::0:9:2,0,9,2,10.45,15.01,3.707,0,1.0,,0.0,37e9355f-29a7-4303-abae-240c55df13e4::roof-flat::flat:8,1.0,,oblique_covered_by_flat
37e9355f-29a7-4303-abae-240c55df13e4,37e9355f-29a7-4303-abae-240c55df13e4::ceiling-raw::0:9:3,0,9,3,14.41,358.52,1.506,0,1.0,,0.0,37e9355f-29a7-4303-abae-240c55df13e4::roof-flat::flat:9,1.0,,oblique_covered_by_flat
37e9355f-29a7-4303-abae-240c55df13e4,37e9355f-29a7-4303-abae-240c55df13e4::ceiling-raw::0:9:4,0,9,4,36.83,174.52,0.877,0,1.0,,0.0,37e9355f-29a7-4303-abae-240c55df13e4::roof-flat::flat:8,1.0,,oblique_covered_by_flat
37e9355f-29a7-4303-abae-240c55df13e4,37e9355f-29a7-4303-abae-240c55df13e4::ceiling-raw::0:11:0,0,11,0,0.0,,1.822,0,1.0,,0.0,37e9355f-29a7-4303-abae-240c55df13e4::roof-flat::flat:9,1.0,,flat_matched
38158927-652c-4d01-9aa3-770956648d85,38158927-652c-4d01-9aa3-770956648d85::ceiling-raw::0:4:0,0,4,0,0.0,,39.565,0,1.0,,0.0,38158927-652c-4d01-9aa3-770956648d85::roof-flat::flat:4,1.0,,flat_matched
38158927-652c-4d01-9aa3-770956648d85,38158927-652c-4d01-9aa3-770956648d85::ceiling-raw::1:5:0,1,5,0,0.0,,10.082,0.96,1.0,38158927-652c-4d01-9aa3-770956648d85::roof-oblique::oblique:0,0.96,38158927-652c-4d01-9aa3-770956648d85::roof-flat::flat:6,1.0,0.735,flat_matched
38158927-652c-4d01-9aa3-770956648d85,38158927-652c-4d01-9aa3-770956648d85::ceiling-raw::1:6:0,1,6,0,0.0,,10.046,0.971,1.0,38158927-652c-4d01-9aa3-770956648d85::roof-oblique::oblique:0,0.971,38158927-652c-4d01-9aa3-770956648d85::roof-flat::flat:6,1.0,0.735,flat_matched
38158927-652c-4d01-9aa3-770956648d85,38158927-652c-4d01-9aa3-770956648d85::ceiling-raw::1:7:0,1,7,0,40.53,321.92,7.222,1.0,1.0,38158927-652c-4d01-9aa3-770956648d85::roof-oblique::oblique:1,1.0,38158927-652c-4d01-9aa3-770956648d85::roof-flat::flat:6,0.709,1.0,oblique_matched
38158927-652c-4d01-9aa3-770956648d85,38158927-652c-4d01-9aa3-770956648d85::ceiling-raw::1:7:1,1,7,1,44.14,141.79,1.413,1.0,1.0,38158927-652c-4d01-9aa3-770956648d85::roof-oblique::oblique:0,0.984,38158927-652c-4d01-9aa3-770956648d85::roof-flat::flat:6,1.0,1.0,oblique_matched
38158927-652c-4d01-9aa3-770956648d85,38158927-652c-4d01-9aa3-770956648d85::ceiling-raw::1:8:0,1,8,0,0.0,,8.409,1.0,1.0,38158927-652c-4d01-9aa3-770956648d85::roof-oblique::oblique:1,1.0,38158927-652c-4d01-9aa3-770956648d85::roof-flat::flat:6,1.0,0.765,flat_matched
38158927-652c-4d01-9aa3-770956648d85,38158927-652c-4d01-9aa3-770956648d85::ceiling-raw::1:9:0,1,9,0,37.26,322.64,2.001,1.0,1.0,38158927-652c-4d01-9aa3-770956648d85::roof-oblique::oblique:1,0.993,38158927-652c-4d01-9aa3-770956648d85::roof-flat::flat:6,1.0,0.999,oblique_matched
38158927-652c-4d01-9aa3-770956648d85,38158927-652c-4d01-9aa3-770956648d85::ceiling-raw::1:9:1,1,9,1,41.31,141.67,2.701,1.0,1.0,38158927-652c-4d01-9aa3-770956648d85::roof-oblique::oblique:0,0.991,38158927-652c-4d01-9aa3-770956648d85::roof-flat::flat:6,1.0,1.0,oblique_matched
38158927-652c-4d01-9aa3-770956648d85,38158927-652c-4d01-9aa3-770956648d85::ceiling-raw::1:9:2,1,9,2,41.28,323.15,2.927,0.999,1.0,38158927-652c-4d01-9aa3-770956648d85::roof-oblique::oblique:1,0.999,38158927-652c-4d01-9aa3-770956648d85::roof-flat::flat:6,1.0,1.0,oblique_matched
38f71f1d-2c71-4fcd-9997-83b2914416b0,38f71f1d-2c71-4fcd-9997-83b2914416b0::ceiling-raw::0:2:0,0,2,0,0.0,,21.759,0,1.0,,0.0,38f71f1d-2c71-4fcd-9997-83b2914416b0::roof-flat::flat:3,1.0,,flat_matched
38f71f1d-2c71-4fcd-9997-83b2914416b0,38f71f1d-2c71-4fcd-9997-83b2914416b0::ceiling-raw::0:3:0,0,3,0,0.0,,34.512,0,1.0,,0.0,38f71f1d-2c71-4fcd-9997-83b2914416b0::roof-flat::flat:3,1.0,,flat_matched
38f71f1d-2c71-4fcd-9997-83b2914416b0,38f71f1d-2c71-4fcd-9997-83b2914416b0::ceiling-raw::0:5:0,0,5,0,0.0,,2.994,0,1.0,,0.0,38f71f1d-2c71-4fcd-9997-83b2914416b0::roof-flat::flat:3,1.0,,flat_matched
38f71f1d-2c71-4fcd-9997-83b2914416b0,38f71f1d-2c71-4fcd-9997-83b2914416b0::ceiling-raw::1:6:0,1,6,0,0.0,,10.895,1.0,0,38f71f1d-2c71-4fcd-9997-83b2914416b0::roof-oblique::oblique:0,0.925,,0.0,0.677,flat_covered_by_oblique
38f71f1d-2c71-4fcd-9997-83b2914416b0,38f71f1d-2c71-4fcd-9997-83b2914416b0::ceiling-raw::1:6:1,1,6,1,47.58,356.9,1.989,0.998,0,38f71f1d-2c71-4fcd-9997-83b2914416b0::roof-oblique::oblique:0,0.998,,0.0,1.0,oblique_matched
38f71f1d-2c71-4fcd-9997-83b2914416b0,38f71f1d-2c71-4fcd-9997-83b2914416b0::ceiling-raw::1:7:0,1,7,0,0.0,,8.458,1.0,0,38f71f1d-2c71-4fcd-9997-83b2914416b0::roof-oblique::oblique:1,0.971,,0.0,0.648,flat_covered_by_oblique
38f71f1d-2c71-4fcd-9997-83b2914416b0,38f71f1d-2c71-4fcd-9997-83b2914416b0::ceiling-raw::1:7:1,1,7,1,46.28,175.52,0.094,1.0,0,38f71f1d-2c71-4fcd-9997-83b2914416b0::roof-oblique::oblique:1,1.0,,0.0,0.998,oblique_matched
38f71f1d-2c71-4fcd-9997-83b2914416b0,38f71f1d-2c71-4fcd-9997-83b2914416b0::ceiling-raw::1:7:2,1,7,2,49.91,175.53,3.813,1.0,0,38f71f1d-2c71-4fcd-9997-83b2914416b0::roof-oblique::oblique:1,1.0,,0.0,1.0,oblique_matched
38f71f1d-2c71-4fcd-9997-83b2914416b0,38f71f1d-2c71-4fcd-9997-83b2914416b0::ceiling-raw::1:7:3,1,7,3,53.19,148.52,0.105,1.0,0,38f71f1d-2c71-4fcd-9997-83b2914416b0::roof-oblique::oblique:1,1.0,,0.0,0.932,oblique_matched
38f71f1d-2c71-4fcd-9997-83b2914416b0,38f71f1d-2c71-4fcd-9997-83b2914416b0::ceiling-raw::1:10:0,1,10,0,0.0,,6.371,1.0,0,38f71f1d-2c71-4fcd-9997-83b2914416b0::roof-oblique::oblique:0,1.0,,0.0,0.677,flat_covered_by_oblique
38f71f1d-2c71-4fcd-9997-83b2914416b0,38f71f1d-2c71-4fcd-9997-83b2914416b0::ceiling-raw::1:10:1,1,10,1,49.76,355.53,4.811,1.0,0,38f71f1d-2c71-4fcd-9997-83b2914416b0::roof-oblique::oblique:0,1.0,,0.0,0.999,oblique_matched
38f71f1d-2c71-4fcd-9997-83b2914416b0,38f71f1d-2c71-4fcd-9997-83b2914416b0::ceiling-raw::1:11:0,1,11,0,0.0,,21.966,0.992,0,38f71f1d-2c71-4fcd-9997-83b2914416b0::roof-oblique::oblique:1,0.568,,0.0,0.648,flat_covered_by_oblique
38f71f1d-2c71-4fcd-9997-83b2914416b0,38f71f1d-2c71-4fcd-9997-83b2914416b0::ceiling-raw::1:11:1,1,11,1,25.99,193.44,1.568,1.0,0,38f71f1d-2c71-4fcd-9997-83b2914416b0::roof-oblique::oblique:1,1.0,,0.0,0.9,oblique_matched
38f71f1d-2c71-4fcd-9997-83b2914416b0,38f71f1d-2c71-4fcd-9997-83b2914416b0::ceiling-raw::1:11:2,1,11,2,44.91,354.76,4.42,0.984,0,38f71f1d-2c71-4fcd-9997-83b2914416b0::roof-oblique::oblique:0,0.984,,0.0,0.999,oblique_matched
38f71f1d-2c71-4fcd-9997-83b2914416b0,38f71f1d-2c71-4fcd-9997-83b2914416b0::ceiling-raw::1:11:3,1,11,3,46.48,239.4,0.368,1.0,0,38f71f1d-2c71-4fcd-9997-83b2914416b0::roof-oblique::oblique:1,1.0,,0.0,0.689,oblique_wrong_orientation
38f71f1d-2c71-4fcd-9997-83b2914416b0,38f71f1d-2c71-4fcd-9997-83b2914416b0::ceiling-raw::1:11:4,1,11,4,48.98,175.53,1.753,1.0,0,38f71f1d-2c71-4fcd-9997-83b2914416b0::roof-oblique::oblique:1,1.0,,0.0,1.0,oblique_matched
3a034c99-8986-4749-aedb-0a5a04ea803f,3a034c99-8986-4749-aedb-0a5a04ea803f::ceiling-raw::1:0:0,1,0,0,0.0,,8.932,0.999,1.0,3a034c99-8986-4749-aedb-0a5a04ea803f::roof-oblique::oblique:0,0.902,3a034c99-8986-4749-aedb-0a5a04ea803f::roof-flat::flat:1,1.0,0.72,flat_matched
3a034c99-8986-4749-aedb-0a5a04ea803f,3a034c99-8986-4749-aedb-0a5a04ea803f::ceiling-raw::1:0:1,1,0,1,42.87,126.86,5.628,1.0,1.0,3a034c99-8986-4749-aedb-0a5a04ea803f::roof-oblique::oblique:0,1.0,3a034c99-8986-4749-aedb-0a5a04ea803f::roof-flat::flat:2,1.0,1.0,oblique_matched
3a034c99-8986-4749-aedb-0a5a04ea803f,3a034c99-8986-4749-aedb-0a5a04ea803f::ceiling-raw::1:1:0,1,1,0,0.0,,4.624,1.0,1.0,3a034c99-8986-4749-aedb-0a5a04ea803f::roof-oblique::oblique:0,1.0,3a034c99-8986-4749-aedb-0a5a04ea803f::roof-flat::flat:1,1.0,0.72,flat_matched
3a034c99-8986-4749-aedb-0a5a04ea803f,3a034c99-8986-4749-aedb-0a5a04ea803f::ceiling-raw::1:1:1,1,1,1,43.63,127.27,5.118,0.999,1.0,3a034c99-8986-4749-aedb-0a5a04ea803f::roof-oblique::oblique:0,0.999,3a034c99-8986-4749-aedb-0a5a04ea803f::roof-flat::flat:2,1.0,1.0,oblique_matched
3a034c99-8986-4749-aedb-0a5a04ea803f,3a034c99-8986-4749-aedb-0a5a04ea803f::ceiling-raw::1:2:0,1,2,0,0.0,,6.84,1.0,1.0,3a034c99-8986-4749-aedb-0a5a04ea803f::roof-oblique::oblique:1,1.0,3a034c99-8986-4749-aedb-0a5a04ea803f::roof-flat::flat:1,1.0,0.727,flat_matched
3a034c99-8986-4749-aedb-0a5a04ea803f,3a034c99-8986-4749-aedb-0a5a04ea803f::ceiling-raw::1:2:1,1,2,1,43.22,307.28,5.681,0.999,1.0,3a034c99-8986-4749-aedb-0a5a04ea803f::roof-oblique::oblique:1,0.999,3a034c99-8986-4749-aedb-0a5a04ea803f::roof-flat::flat:2,1.0,1.0,oblique_matched
3a034c99-8986-4749-aedb-0a5a04ea803f,3a034c99-8986-4749-aedb-0a5a04ea803f::ceiling-raw::1:3:0,1,3,0,0.0,,2.567,1.0,1.0,3a034c99-8986-4749-aedb-0a5a04ea803f::roof-oblique::oblique:1,1.0,3a034c99-8986-4749-aedb-0a5a04ea803f::roof-flat::flat:1,1.0,0.727,flat_matched
3a034c99-8986-4749-aedb-0a5a04ea803f,3a034c99-8986-4749-aedb-0a5a04ea803f::ceiling-raw::1:3:1,1,3,1,43.62,306.96,5.053,1.0,1.0,3a034c99-8986-4749-aedb-0a5a04ea803f::roof-oblique::oblique:1,1.0,3a034c99-8986-4749-aedb-0a5a04ea803f::roof-flat::flat:2,1.0,1.0,oblique_matched
3a034c99-8986-4749-aedb-0a5a04ea803f,3a034c99-8986-4749-aedb-0a5a04ea803f::ceiling-raw::1:4:0,1,4,0,0.0,,7.134,1.0,1.0,3a034c99-8986-4749-aedb-0a5a04ea803f::roof-oblique::oblique:1,0.624,3a034c99-8986-4749-aedb-0a5a04ea803f::roof-flat::flat:1,1.0,0.727,flat_matched
3a576e1b-4b3e-4f5d-8c20-b39b157fcf03,3a576e1b-4b3e-4f5d-8c20-b39b157fcf03::ceiling-raw::2:0:0,2,0,0,0.0,,8.961,1.0,1.0,3a576e1b-4b3e-4f5d-8c20-b39b157fcf03::roof-oblique::oblique:1,0.609,3a576e1b-4b3e-4f5d-8c20-b39b157fcf03::roof-flat::flat:5,1.0,0.717,flat_matched
3a576e1b-4b3e-4f5d-8c20-b39b157fcf03,3a576e1b-4b3e-4f5d-8c20-b39b157fcf03::ceiling-raw::2:0:1,2,0,1,21.4,297.64,1.224,1.0,1.0,3a576e1b-4b3e-4f5d-8c20-b39b157fcf03::roof-oblique::oblique:1,1.0,3a576e1b-4b3e-4f5d-8c20-b39b157fcf03::roof-flat::flat:4,1.0,0.922,oblique_matched
3a576e1b-4b3e-4f5d-8c20-b39b157fcf03,3a576e1b-4b3e-4f5d-8c20-b39b157fcf03::ceiling-raw::2:0:2,2,0,2,24.25,27.64,0.396,1.0,1.0,3a576e1b-4b3e-4f5d-8c20-b39b157fcf03::roof-oblique::oblique:1,1.0,3a576e1b-4b3e-4f5d-8c20-b39b157fcf03::roof-flat::flat:0,1.0,0.654,oblique_wrong_orientation
3a576e1b-4b3e-4f5d-8c20-b39b157fcf03,3a576e1b-4b3e-4f5d-8c20-b39b157fcf03::ceiling-raw::2:0:3,2,0,3,38.96,117.51,1.409,0.998,1.0,3a576e1b-4b3e-4f5d-8c20-b39b157fcf03::roof-oblique::oblique:0,0.998,3a576e1b-4b3e-4f5d-8c20-b39b157fcf03::roof-flat::flat:4,1.0,0.998,oblique_matched
3a576e1b-4b3e-4f5d-8c20-b39b157fcf03,3a576e1b-4b3e-4f5d-8c20-b39b157fcf03::ceiling-raw::2:0:4,2,0,4,45.01,297.64,0.396,1.0,1.0,3a576e1b-4b3e-4f5d-8c20-b39b157fcf03::roof-oblique::oblique:1,1.0,3a576e1b-4b3e-4f5d-8c20-b39b157fcf03::roof-flat::flat:0,1.0,1.0,oblique_matched
3a576e1b-4b3e-4f5d-8c20-b39b157fcf03,3a576e1b-4b3e-4f5d-8c20-b39b157fcf03::ceiling-raw::2:0:5,2,0,5,45.01,297.64,0.577,1.0,1.0,3a576e1b-4b3e-4f5d-8c20-b39b157fcf03::roof-oblique::oblique:1,1.0,3a576e1b-4b3e-4f5d-8c20-b39b157fcf03::roof-flat::flat:0,1.0,1.0,oblique_matched
3a576e1b-4b3e-4f5d-8c20-b39b157fcf03,3a576e1b-4b3e-4f5d-8c20-b39b157fcf03::ceiling-raw::2:0:6,2,0,6,60.18,312.6,0.577,1.0,1.0,3a576e1b-4b3e-4f5d-8c20-b39b157fcf03::roof-oblique::oblique:1,1.0,3a576e1b-4b3e-4f5d-8c20-b39b157fcf03::roof-flat::flat:0,1.0,0.941,oblique_matched
3a576e1b-4b3e-4f5d-8c20-b39b157fcf03,3a576e1b-4b3e-4f5d-8c20-b39b157fcf03::ceiling-raw::2:1:0,2,1,0,0.0,,8.631,1.0,1.0,3a576e1b-4b3e-4f5d-8c20-b39b157fcf03::roof-oblique::oblique:0,0.746,3a576e1b-4b3e-4f5d-8c20-b39b157fcf03::roof-flat::flat:4,1.0,0.732,flat_matched
3a576e1b-4b3e-4f5d-8c20-b39b157fcf03,3a576e1b-4b3e-4f5d-8c20-b39b157fcf03::ceiling-raw::2:1:1,2,1,1,5.35,207.65,0.17,1.0,1.0,3a576e1b-4b3e-4f5d-8c20-b39b157fcf03::roof-oblique::oblique:0,1.0,3a576e1b-4b3e-4f5d-8c20-b39b157fcf03::roof-flat::flat:1,1.0,0.729,oblique_wrong_orientation
3a576e1b-4b3e-4f5d-8c20-b39b157fcf03,3a576e1b-4b3e-4f5d-8c20-b39b157fcf03::ceiling-raw::2:1:2,2,1,2,20.81,117.64,0.17,1.0,1.0,3a576e1b-4b3e-4f5d-8c20-b39b157fcf03::roof-oblique::oblique:0,1.0,3a576e1b-4b3e-4f5d-8c20-b39b157fcf03::roof-flat::flat:1,1.0,0.926,oblique_matched
3a576e1b-4b3e-4f5d-8c20-b39b157fcf03,3a576e1b-4b3e-4f5d-8c20-b39b157fcf03::ceiling-raw::2:1:3,2,1,3,21.38,131.49,0.364,1.0,1.0,3a576e1b-4b3e-4f5d-8c20-b39b157fcf03::roof-oblique::oblique:0,1.0,3a576e1b-4b3e-4f5d-8c20-b39b157fcf03::roof-flat::flat:4,1.0,0.923,oblique_matched
3a576e1b-4b3e-4f5d-8c20-b39b157fcf03,3a576e1b-4b3e-4f5d-8c20-b39b157fcf03::ceiling-raw::2:1:4,2,1,4,29.13,117.64,1.525,1.0,1.0,3a576e1b-4b3e-4f5d-8c20-b39b157fcf03::roof-oblique::oblique:0,1.0,3a576e1b-4b3e-4f5d-8c20-b39b157fcf03::roof-flat::flat:4,1.0,0.971,oblique_matched
3a576e1b-4b3e-4f5d-8c20-b39b157fcf03,3a576e1b-4b3e-4f5d-8c20-b39b157fcf03::ceiling-raw::2:1:5,2,1,5,71.89,46.61,0.113,0.999,1.0,3a576e1b-4b3e-4f5d-8c20-b39b157fcf03::roof-oblique::oblique:0,0.999,3a576e1b-4b3e-4f5d-8c20-b39b157fcf03::roof-flat::flat:4,1.0,0.438,oblique_wrong_orientation
3a576e1b-4b3e-4f5d-8c20-b39b157fcf03,3a576e1b-4b3e-4f5d-8c20-b39b157fcf03::ceiling-raw::2:1:6,2,1,6,76.01,343.73,0.04,0.998,1.0,3a576e1b-4b3e-4f5d-8c20-b39b157fcf03::roof-oblique::oblique:0,0.998,3a576e1b-4b3e-4f5d-8c20-b39b157fcf03::roof-flat::flat:4,1.0,0.281,oblique_wrong_orientation
3a576e1b-4b3e-4f5d-8c20-b39b157fcf03,3a576e1b-4b3e-4f5d-8c20-b39b157fcf03::ceiling-raw::2:2:0,2,2,0,0.0,,2.075,1.0,1.0,3a576e1b-4b3e-4f5d-8c20-b39b157fcf03::roof-oblique::oblique:1,0.789,3a576e1b-4b3e-4f5d-8c20-b39b157fcf03::roof-flat::flat:4,1.0,0.717,flat_matched
3a576e1b-4b3e-4f5d-8c20-b39b157fcf03,3a576e1b-4b3e-4f5d-8c20-b39b157fcf03::ceiling-raw::2:2:1,2,2,1,11.88,271.41,0.286,1.0,1.0,3a576e1b-4b3e-4f5d-8c20-b39b157fcf03::roof-oblique::oblique:1,1.0,3a576e1b-4b3e-4f5d-8c20-b39b157fcf03::roof-flat::flat:5,1.0,0.83,oblique_matched
3a576e1b-4b3e-4f5d-8c20-b39b157fcf03,3a576e1b-4b3e-4f5d-8c20-b39b157fcf03::ceiling-raw::2:2:2,2,2,2,44.45,304.71,0.767,1.0,1.0,3a576e1b-4b3e-4f5d-8c20-b39b157fcf03::roof-oblique::oblique:1,1.0,3a576e1b-4b3e-4f5d-8c20-b39b157fcf03::roof-flat::flat:5,1.0,0.996,oblique_matched
3a576e1b-4b3e-4f5d-8c20-b39b157fcf03,3a576e1b-4b3e-4f5d-8c20-b39b157fcf03::ceiling-raw::2:2:3,2,2,3,46.25,295.97,2.48,0.996,1.0,3a576e1b-4b3e-4f5d-8c20-b39b157fcf03::roof-oblique::oblique:1,0.996,3a576e1b-4b3e-4f5d-8c20-b39b157fcf03::roof-flat::flat:5,1.0,0.999,oblique_matched
3a576e1b-4b3e-4f5d-8c20-b39b157fcf03,3a576e1b-4b3e-4f5d-8c20-b39b157fcf03::ceiling-raw::2:2:4,2,2,4,54.04,341.94,0.02,1.0,1.0,3a576e1b-4b3e-4f5d-8c20-b39b157fcf03::roof-oblique::oblique:1,1.0,3a576e1b-4b3e-4f5d-8c20-b39b157fcf03::roof-flat::flat:5,1.0,0.825,oblique_matched
3a576e1b-4b3e-4f5d-8c20-b39b157fcf03,3a576e1b-4b3e-4f5d-8c20-b39b157fcf03::ceiling-raw::2:3:0,2,3,0,0.0,,8.667,1.0,1.0,3a576e1b-4b3e-4f5d-8c20-b39b157fcf03::roof-oblique::oblique:1,0.547,3a576e1b-4b3e-4f5d-8c20-b39b157fcf03::roof-flat::flat:5,1.0,0.717,flat_matched
3a576e1b-4b3e-4f5d-8c20-b39b157fcf03,3a576e1b-4b3e-4f5d-8c20-b39b157fcf03::ceiling-raw::2:3:1,2,3,1,7.39,297.64,0.771,1.0,1.0,3a576e1b-4b3e-4f5d-8c20-b39b157fcf03::roof-oblique::oblique:1,1.0,3a576e1b-4b3e-4f5d-8c20-b39b157fcf03::roof-flat::flat:5,0.989,0.801,oblique_matched
3a576e1b-4b3e-4f5d-8c20-b39b157fcf03,3a576e1b-4b3e-4f5d-8c20-b39b157fcf03::ceiling-raw::2:3:2,2,3,2,11.16,207.64,0.771,1.0,1.0,3a576e1b-4b3e-4f5d-8c20-b39b157fcf03::roof-oblique::oblique:1,1.0,3a576e1b-4b3e-4f5d-8c20-b39b157fcf03::roof-flat::flat:5,0.967,0.703,oblique_wrong_orientation
3a576e1b-4b3e-4f5d-8c20-b39b157fcf03,3a576e1b-4b3e-4f5d-8c20-b39b157fcf03::ceiling-raw::2:3:3,2,3,3,42.93,297.64,2.167,1.0,0.86,3a576e1b-4b3e-4f5d-8c20-b39b157fcf03::roof-oblique::oblique:1,1.0,3a576e1b-4b3e-4f5d-8c20-b39b157fcf03::roof-flat::flat:5,0.635,1.0,oblique_matched
3a576e1b-4b3e-4f5d-8c20-b39b157fcf03,3a576e1b-4b3e-4f5d-8c20-b39b157fcf03::ceiling-raw::2:3:4,2,3,4,44.95,117.89,4.27,1.0,1.0,3a576e1b-4b3e-4f5d-8c20-b39b157fcf03::roof-oblique::oblique:0,1.0,3a576e1b-4b3e-4f5d-8c20-b39b157fcf03::roof-flat::flat:6,1.0,0.999,oblique_matched
3a576e1b-4b3e-4f5d-8c20-b39b157fcf03,3a576e1b-4b3e-4f5d-8c20-b39b157fcf03::ceiling-raw::2:3:5,2,3,5,46.54,135.32,0.483,1.0,1.0,3a576e1b-4b3e-4f5d-8c20-b39b157fcf03::roof-oblique::oblique:0,1.0,3a576e1b-4b3e-4f5d-8c20-b39b157fcf03::roof-flat::flat:5,1.0,0.975,oblique_matched
3a576e1b-4b3e-4f5d-8c20-b39b157fcf03,3a576e1b-4b3e-4f5d-8c20-b39b157fcf03::ceiling-raw::2:3:6,2,3,6,47.34,110.27,0.423,1.0,1.0,3a576e1b-4b3e-4f5d-8c20-b39b157fcf03::roof-oblique::oblique:0,1.0,3a576e1b-4b3e-4f5d-8c20-b39b157fcf03::roof-flat::flat:5,1.0,0.993,oblique_matched
3a576e1b-4b3e-4f5d-8c20-b39b157fcf03,3a576e1b-4b3e-4f5d-8c20-b39b157fcf03::ceiling-raw::1:4:0,1,4,0,0.0,,18.137,0,1.0,,0.0,3a576e1b-4b3e-4f5d-8c20-b39b157fcf03::roof-flat::flat:7,1.0,,flat_matched
3a576e1b-4b3e-4f5d-8c20-b39b157fcf03,3a576e1b-4b3e-4f5d-8c20-b39b157fcf03::ceiling-raw::1:5:0,1,5,0,0.0,,19.283,0,1.0,,0.0,3a576e1b-4b3e-4f5d-8c20-b39b157fcf03::roof-flat::flat:7,1.0,,flat_matched
3c74f488-a562-4bc4-9d7a-3f707fe85133,3c74f488-a562-4bc4-9d7a-3f707fe85133::ceiling-raw::1:0:0,1,0,0,0.0,,15.163,0,1.0,,0.0,3c74f488-a562-4bc4-9d7a-3f707fe85133::roof-flat::flat:9,1.0,,flat_matched
3c74f488-a562-4bc4-9d7a-3f707fe85133,3c74f488-a562-4bc4-9d7a-3f707fe85133::ceiling-raw::1:1:0,1,1,0,0.0,,5.692,0,1.0,,0.0,3c74f488-a562-4bc4-9d7a-3f707fe85133::roof-flat::flat:9,1.0,,flat_matched
3c74f488-a562-4bc4-9d7a-3f707fe85133,3c74f488-a562-4bc4-9d7a-3f707fe85133::ceiling-raw::1:2:0,1,2,0,0.0,,1.856,0,1.0,,0.0,3c74f488-a562-4bc4-9d7a-3f707fe85133::roof-flat::flat:9,1.0,,flat_matched
3c74f488-a562-4bc4-9d7a-3f707fe85133,3c74f488-a562-4bc4-9d7a-3f707fe85133::ceiling-raw::1:2:1,1,2,1,20.04,135.46,4.537,0,1.0,,0.0,3c74f488-a562-4bc4-9d7a-3f707fe85133::roof-flat::flat:9,1.0,,oblique_covered_by_flat
3c74f488-a562-4bc4-9d7a-3f707fe85133,3c74f488-a562-4bc4-9d7a-3f707fe85133::ceiling-raw::1:3:0,1,3,0,0.0,,3.512,0,1.0,,0.0,3c74f488-a562-4bc4-9d7a-3f707fe85133::roof-flat::flat:9,1.0,,flat_matched
3c74f488-a562-4bc4-9d7a-3f707fe85133,3c74f488-a562-4bc4-9d7a-3f707fe85133::ceiling-raw::1:4:0,1,4,0,0.0,,0.425,0,1.0,,0.0,3c74f488-a562-4bc4-9d7a-3f707fe85133::roof-flat::flat:4,1.0,,flat_matched
3c74f488-a562-4bc4-9d7a-3f707fe85133,3c74f488-a562-4bc4-9d7a-3f707fe85133::ceiling-raw::1:4:1,1,4,1,0.0,,5.917,0,1.0,,0.0,3c74f488-a562-4bc4-9d7a-3f707fe85133::roof-flat::flat:9,1.0,,flat_matched
3c74f488-a562-4bc4-9d7a-3f707fe85133,3c74f488-a562-4bc4-9d7a-3f707fe85133::ceiling-raw::1:5:0,1,5,0,0.0,,33.334,0,1.0,,0.0,3c74f488-a562-4bc4-9d7a-3f707fe85133::roof-flat::flat:9,1.0,,flat_matched
3c74f488-a562-4bc4-9d7a-3f707fe85133,3c74f488-a562-4bc4-9d7a-3f707fe85133::ceiling-raw::1:6:0,1,6,0,0.0,,11.086,0,1.0,,0.0,3c74f488-a562-4bc4-9d7a-3f707fe85133::roof-flat::flat:6,1.0,,flat_matched
3c74f488-a562-4bc4-9d7a-3f707fe85133,3c74f488-a562-4bc4-9d7a-3f707fe85133::ceiling-raw::1:6:1,1,6,1,0.0,,9.152,0,1.0,,0.0,3c74f488-a562-4bc4-9d7a-3f707fe85133::roof-flat::flat:11,1.0,,flat_matched
3c74f488-a562-4bc4-9d7a-3f707fe85133,3c74f488-a562-4bc4-9d7a-3f707fe85133::ceiling-raw::1:6:2,1,6,2,5.69,314.98,1.271,0,1.0,,0.0,3c74f488-a562-4bc4-9d7a-3f707fe85133::roof-flat::flat:11,1.0,,oblique_covered_by_flat
3c74f488-a562-4bc4-9d7a-3f707fe85133,3c74f488-a562-4bc4-9d7a-3f707fe85133::ceiling-raw::1:6:5,1,6,5,0.0,,1.39,0,1.0,,0.0,3c74f488-a562-4bc4-9d7a-3f707fe85133::roof-flat::flat:9,1.0,,flat_matched
3c74f488-a562-4bc4-9d7a-3f707fe85133,3c74f488-a562-4bc4-9d7a-3f707fe85133::ceiling-raw::1:6:6,1,6,6,0.0,,2.054,0,1.0,,0.0,3c74f488-a562-4bc4-9d7a-3f707fe85133::roof-flat::flat:11,1.0,,flat_matched
3c74f488-a562-4bc4-9d7a-3f707fe85133,3c74f488-a562-4bc4-9d7a-3f707fe85133::ceiling-raw::1:6:7,1,6,7,0.0,,1.536,0,1.0,,0.0,3c74f488-a562-4bc4-9d7a-3f707fe85133::roof-flat::flat:11,1.0,,flat_matched
3c74f488-a562-4bc4-9d7a-3f707fe85133,3c74f488-a562-4bc4-9d7a-3f707fe85133::ceiling-raw::1:6:8,1,6,8,9.16,339.78,3.476,0,1.0,,0.0,3c74f488-a562-4bc4-9d7a-3f707fe85133::roof-flat::flat:11,1.0,,oblique_covered_by_flat
3c74f488-a562-4bc4-9d7a-3f707fe85133,3c74f488-a562-4bc4-9d7a-3f707fe85133::ceiling-raw::1:6:9,1,6,9,13.83,315.18,0.233,0,1.0,,0.0,3c74f488-a562-4bc4-9d7a-3f707fe85133::roof-flat::flat:11,1.0,,oblique_covered_by_flat
3c74f488-a562-4bc4-9d7a-3f707fe85133,3c74f488-a562-4bc4-9d7a-3f707fe85133::ceiling-raw::2:7:0,2,7,0,0.0,,9.486,1.0,1.0,3c74f488-a562-4bc4-9d7a-3f707fe85133::roof-oblique::oblique:0,1.0,3c74f488-a562-4bc4-9d7a-3f707fe85133::roof-flat::flat:12,1.0,0.663,flat_matched
3c74f488-a562-4bc4-9d7a-3f707fe85133,3c74f488-a562-4bc4-9d7a-3f707fe85133::ceiling-raw::2:7:1,2,7,1,47.6,136.12,4.002,1.0,1.0,3c74f488-a562-4bc4-9d7a-3f707fe85133::roof-oblique::oblique:0,1.0,3c74f488-a562-4bc4-9d7a-3f707fe85133::roof-flat::flat:13,1.0,1.0,oblique_matched
3c74f488-a562-4bc4-9d7a-3f707fe85133,3c74f488-a562-4bc4-9d7a-3f707fe85133::ceiling-raw::2:8:0,2,8,0,0.0,,5.692,1.0,1.0,3c74f488-a562-4bc4-9d7a-3f707fe85133::roof-oblique::oblique:0,0.787,3c74f488-a562-4bc4-9d7a-3f707fe85133::roof-flat::flat:12,1.0,0.663,flat_matched
3c74f488-a562-4bc4-9d7a-3f707fe85133,3c74f488-a562-4bc4-9d7a-3f707fe85133::ceiling-raw::2:9:0,2,9,0,0.0,,3.419,1.0,1.0,3c74f488-a562-4bc4-9d7a-3f707fe85133::roof-oblique::oblique:0,1.0,3c74f488-a562-4bc4-9d7a-3f707fe85133::roof-flat::flat:12,1.0,0.663,flat_matched
3c74f488-a562-4bc4-9d7a-3f707fe85133,3c74f488-a562-4bc4-9d7a-3f707fe85133::ceiling-raw::2:9:1,2,9,1,47.12,136.05,1.534,1.0,0.519,3c74f488-a562-4bc4-9d7a-3f707fe85133::roof-oblique::oblique:0,1.0,3c74f488-a562-4bc4-9d7a-3f707fe85133::roof-flat::flat:12,0.519,1.0,oblique_matched
3c74f488-a562-4bc4-9d7a-3f707fe85133,3c74f488-a562-4bc4-9d7a-3f707fe85133::ceiling-raw::2:9:2,2,9,2,50.91,136.05,1.534,1.0,1.0,3c74f488-a562-4bc4-9d7a-3f707fe85133::roof-oblique::oblique:0,1.0,3c74f488-a562-4bc4-9d7a-3f707fe85133::roof-flat::flat:12,1.0,0.999,oblique_matched
3c74f488-a562-4bc4-9d7a-3f707fe85133,3c74f488-a562-4bc4-9d7a-3f707fe85133::ceiling-raw::2:10:0,2,10,0,0.0,,0.509,1.0,1.0,3c74f488-a562-4bc4-9d7a-3f707fe85133::roof-oblique::oblique:0,1.0,3c74f488-a562-4bc4-9d7a-3f707fe85133::roof-flat::flat:12,1.0,0.663,flat_matched
3c74f488-a562-4bc4-9d7a-3f707fe85133,3c74f488-a562-4bc4-9d7a-3f707fe85133::ceiling-raw::2:10:1,2,10,1,48.66,135.62,2.242,1.0,1.0,3c74f488-a562-4bc4-9d7a-3f707fe85133::roof-oblique::oblique:0,1.0,3c74f488-a562-4bc4-9d7a-3f707fe85133::roof-flat::flat:12,1.0,1.0,oblique_matched
3c74f488-a562-4bc4-9d7a-3f707fe85133,3c74f488-a562-4bc4-9d7a-3f707fe85133::ceiling-raw::2:11:0,2,11,0,0.0,,5.858,1.0,1.0,3c74f488-a562-4bc4-9d7a-3f707fe85133::roof-oblique::oblique:0,0.533,3c74f488-a562-4bc4-9d7a-3f707fe85133::roof-flat::flat:12,1.0,0.663,flat_matched
3c74f488-a562-4bc4-9d7a-3f707fe85133,3c74f488-a562-4bc4-9d7a-3f707fe85133::ceiling-raw::2:12:0,2,12,0,0.0,,12.244,1.0,1.0,3c74f488-a562-4bc4-9d7a-3f707fe85133::roof-oblique::oblique:1,0.984,3c74f488-a562-4bc4-9d7a-3f707fe85133::roof-flat::flat:12,1.0,0.67,flat_matched
3c74f488-a562-4bc4-9d7a-3f707fe85133,3c74f488-a562-4bc4-9d7a-3f707fe85133::ceiling-raw::2:12:1,2,12,1,47.68,315.89,5.174,1.0,1.0,3c74f488-a562-4bc4-9d7a-3f707fe85133::roof-oblique::oblique:1,1.0,3c74f488-a562-4bc4-9d7a-3f707fe85133::roof-flat::flat:13,1.0,1.0,oblique_matched
3c74f488-a562-4bc4-9d7a-3f707fe85133,3c74f488-a562-4bc4-9d7a-3f707fe85133::ceiling-raw::2:12:3,2,12,3,0.0,,7.356,1.0,1.0,3c74f488-a562-4bc4-9d7a-3f707fe85133::roof-oblique::oblique:1,1.0,3c74f488-a562-4bc4-9d7a-3f707fe85133::roof-flat::flat:12,1.0,0.67,flat_matched
3c74f488-a562-4bc4-9d7a-3f707fe85133,3c74f488-a562-4bc4-9d7a-3f707fe85133::ceiling-raw::2:12:4,2,12,4,48.02,316.21,5.03,1.0,1.0,3c74f488-a562-4bc4-9d7a-3f707fe85133::roof-oblique::oblique:1,1.0,3c74f488-a562-4bc4-9d7a-3f707fe85133::roof-flat::flat:13,1.0,1.0,oblique_matched
3e378d10-6d7f-451c-b5e8-705731e6f37e,3e378d10-6d7f-451c-b5e8-705731e6f37e::ceiling-raw::0:3:0,0,3,0,0.0,,4.69,0,1.0,,0.0,3e378d10-6d7f-451c-b5e8-705731e6f37e::roof-flat::flat:1,1.0,,flat_matched
3e378d10-6d7f-451c-b5e8-705731e6f37e,3e378d10-6d7f-451c-b5e8-705731e6f37e::ceiling-raw::1:5:0,1,5,0,0.0,,2.01,0.875,0,3e378d10-6d7f-451c-b5e8-705731e6f37e::roof-oblique::oblique:1,0.875,,0.0,0.801,flat_covered_by_oblique
3e378d10-6d7f-451c-b5e8-705731e6f37e,3e378d10-6d7f-451c-b5e8-705731e6f37e::ceiling-raw::1:5:1,1,5,1,2.14,26.4,21.226,0.937,0,3e378d10-6d7f-451c-b5e8-705731e6f37e::roof-oblique::oblique:1,0.937,,0.0,0.816,flat_covered_by_oblique
3e378d10-6d7f-451c-b5e8-705731e6f37e,3e378d10-6d7f-451c-b5e8-705731e6f37e::ceiling-raw::1:5:2,1,5,2,15.96,262.34,2.01,0.996,0,3e378d10-6d7f-451c-b5e8-705731e6f37e::roof-oblique::oblique:1,0.996,,0.0,0.806,oblique_matched
3e378d10-6d7f-451c-b5e8-705731e6f37e,3e378d10-6d7f-451c-b5e8-705731e6f37e::ceiling-raw::1:5:3,1,5,3,21.78,218.52,0.059,1.0,0,3e378d10-6d7f-451c-b5e8-705731e6f37e::roof-oblique::oblique:0,1.0,,0.0,0.845,oblique_matched
3e378d10-6d7f-451c-b5e8-705731e6f37e,3e378d10-6d7f-451c-b5e8-705731e6f37e::ceiling-raw::1:5:4,1,5,4,29.9,249.87,0.095,1.0,0,3e378d10-6d7f-451c-b5e8-705731e6f37e::roof-oblique::oblique:1,0.956,,0.0,0.695,oblique_wrong_orientation
3e378d10-6d7f-451c-b5e8-705731e6f37e,3e378d10-6d7f-451c-b5e8-705731e6f37e::ceiling-raw::1:5:5,1,5,5,34.99,339.87,0.676,1.0,0,3e378d10-6d7f-451c-b5e8-705731e6f37e::roof-oblique::oblique:1,0.774,,0.0,1.0,oblique_matched
3e378d10-6d7f-451c-b5e8-705731e6f37e,3e378d10-6d7f-451c-b5e8-705731e6f37e::ceiling-raw::1:5:6,1,5,6,39.91,159.83,12.977,0.999,0,3e378d10-6d7f-451c-b5e8-705731e6f37e::roof-oblique::oblique:0,0.999,,0.0,1.0,oblique_matched
3e378d10-6d7f-451c-b5e8-705731e6f37e,3e378d10-6d7f-451c-b5e8-705731e6f37e::ceiling-raw::1:5:7,1,5,7,42.15,171.86,0.338,1.0,0,3e378d10-6d7f-451c-b5e8-705731e6f37e::roof-oblique::oblique:0,1.0,,0.0,0.989,oblique_matched
3e378d10-6d7f-451c-b5e8-705731e6f37e,3e378d10-6d7f-451c-b5e8-705731e6f37e::ceiling-raw::1:5:8,1,5,8,44.53,38.53,0.021,1.0,0,3e378d10-6d7f-451c-b5e8-705731e6f37e::roof-oblique::oblique:1,0.956,,0.0,0.789,oblique_wrong_orientation
3e378d10-6d7f-451c-b5e8-705731e6f37e,3e378d10-6d7f-451c-b5e8-705731e6f37e::ceiling-raw::1:5:9,1,5,9,47.99,174.45,0.088,1.0,0,3e378d10-6d7f-451c-b5e8-705731e6f37e::roof-oblique::oblique:1,1.0,,0.0,0.106,oblique_wrong_orientation
3e378d10-6d7f-451c-b5e8-705731e6f37e,3e378d10-6d7f-451c-b5e8-705731e6f37e::ceiling-raw::1:5:10,1,5,10,59.83,328.43,0.036,1.0,0,3e378d10-6d7f-451c-b5e8-705731e6f37e::roof-oblique::oblique:0,0.591,,0.0,0.139,oblique_wrong_orientation
3e378d10-6d7f-451c-b5e8-705731e6f37e,3e378d10-6d7f-451c-b5e8-705731e6f37e::ceiling-raw::1:6:0,1,6,0,38.82,339.87,11.404,1.0,0,3e378d10-6d7f-451c-b5e8-705731e6f37e::roof-oblique::oblique:1,1.0,,0.0,0.999,oblique_matched
3e378d10-6d7f-451c-b5e8-705731e6f37e,3e378d10-6d7f-451c-b5e8-705731e6f37e::ceiling-raw::1:7:0,1,7,0,0.0,,2.529,1.0,0,3e378d10-6d7f-451c-b5e8-705731e6f37e::roof-oblique::oblique:0,1.0,,0.0,0.78,flat_covered_by_oblique
3e378d10-6d7f-451c-b5e8-705731e6f37e,3e378d10-6d7f-451c-b5e8-705731e6f37e::ceiling-raw::1:7:1,1,7,1,14.99,168.59,0.885,1.0,0,3e378d10-6d7f-451c-b5e8-705731e6f37e::roof-oblique::oblique:0,1.0,,0.0,0.913,oblique_matched
3e378d10-6d7f-451c-b5e8-705731e6f37e,3e378d10-6d7f-451c-b5e8-705731e6f37e::ceiling-raw::1:7:2,1,7,2,26.53,159.88,0.795,1.0,0,3e378d10-6d7f-451c-b5e8-705731e6f37e::roof-oblique::oblique:0,1.0,,0.0,0.977,oblique_matched
3e378d10-6d7f-451c-b5e8-705731e6f37e,3e378d10-6d7f-451c-b5e8-705731e6f37e::ceiling-raw::1:7:3,1,7,3,37.6,89.98,0.54,1.0,0,3e378d10-6d7f-451c-b5e8-705731e6f37e::roof-oblique::oblique:0,1.0,,0.0,0.749,oblique_wrong_orientation
3e378d10-6d7f-451c-b5e8-705731e6f37e,3e378d10-6d7f-451c-b5e8-705731e6f37e::ceiling-raw::1:7:4,1,7,4,39.02,159.88,2.954,1.0,0,3e378d10-6d7f-451c-b5e8-705731e6f37e::roof-oblique::oblique:0,1.0,,0.0,1.0,oblique_matched
3e378d10-6d7f-451c-b5e8-705731e6f37e,3e378d10-6d7f-451c-b5e8-705731e6f37e::ceiling-raw::1:7:5,1,7,5,40.27,179.47,4.415,1.0,0,3e378d10-6d7f-451c-b5e8-705731e6f37e::roof-oblique::oblique:0,1.0,,0.0,0.976,oblique_matched
3e378d10-6d7f-451c-b5e8-705731e6f37e,3e378d10-6d7f-451c-b5e8-705731e6f37e::ceiling-raw::1:7:6,1,7,6,40.35,162.61,0.44,1.0,0,3e378d10-6d7f-451c-b5e8-705731e6f37e::roof-oblique::oblique:0,1.0,,0.0,0.999,oblique_matched
3e378d10-6d7f-451c-b5e8-705731e6f37e,3e378d10-6d7f-451c-b5e8-705731e6f37e::ceiling-raw::1:7:7,1,7,7,43.02,109.06,0.885,1.0,0,3e378d10-6d7f-451c-b5e8-705731e6f37e::roof-oblique::oblique:0,1.0,,0.0,0.84,oblique_matched
3e378d10-6d7f-451c-b5e8-705731e6f37e,3e378d10-6d7f-451c-b5e8-705731e6f37e::ceiling-raw::1:7:8,1,7,8,47.39,203.57,0.795,1.0,0,3e378d10-6d7f-451c-b5e8-705731e6f37e::roof-oblique::oblique:0,1.0,,0.0,0.861,oblique_matched
3e378d10-6d7f-451c-b5e8-705731e6f37e,3e378d10-6d7f-451c-b5e8-705731e6f37e::ceiling-raw::1:7:9,1,7,9,59.57,86.93,0.54,1.0,0,3e378d10-6d7f-451c-b5e8-705731e6f37e::roof-oblique::oblique:0,1.0,,0.0,0.553,oblique_wrong_orientation
3e378d10-6d7f-451c-b5e8-705731e6f37e,3e378d10-6d7f-451c-b5e8-705731e6f37e::ceiling-raw::1:7:10,1,7,10,61.41,97.42,0.269,1.0,0,3e378d10-6d7f-451c-b5e8-705731e6f37e::roof-oblique::oblique:0,1.0,,0.0,0.627,oblique_wrong_orientation
3ee81b85-a21f-4f55-a100-5995f36f84f9,3ee81b85-a21f-4f55-a100-5995f36f84f9::ceiling-raw::0:0:0,0,0,0,14.05,303.66,9.562,1.0,0.76,3ee81b85-a21f-4f55-a100-5995f36f84f9::roof-oblique::oblique:0,1.0,3ee81b85-a21f-4f55-a100-5995f36f84f9::roof-flat::flat:7,0.759,1.0,oblique_matched
3ee81b85-a21f-4f55-a100-5995f36f84f9,3ee81b85-a21f-4f55-a100-5995f36f84f9::ceiling-raw::0:1:0,0,1,0,0.0,,7.343,0.136,1.0,3ee81b85-a21f-4f55-a100-5995f36f84f9::roof-oblique::oblique:0,0.136,3ee81b85-a21f-4f55-a100-5995f36f84f9::roof-flat::flat:7,1.0,0.97,flat_matched
3ee81b85-a21f-4f55-a100-5995f36f84f9,3ee81b85-a21f-4f55-a100-5995f36f84f9::ceiling-raw::0:2:0,0,2,0,0.0,,42.152,0,1.0,,0.0,3ee81b85-a21f-4f55-a100-5995f36f84f9::roof-flat::flat:7,1.0,,flat_matched
3ee81b85-a21f-4f55-a100-5995f36f84f9,3ee81b85-a21f-4f55-a100-5995f36f84f9::ceiling-raw::0:3:0,0,3,0,0.0,,14.811,0,1.0,,0.0,3ee81b85-a21f-4f55-a100-5995f36f84f9::roof-flat::flat:7,1.0,,flat_matched
3ee81b85-a21f-4f55-a100-5995f36f84f9,3ee81b85-a21f-4f55-a100-5995f36f84f9::ceiling-raw::0:4:0,0,4,0,0.0,,5.299,0.075,1.0,3ee81b85-a21f-4f55-a100-5995f36f84f9::roof-oblique::oblique:0,0.075,3ee81b85-a21f-4f55-a100-5995f36f84f9::roof-flat::flat:7,1.0,0.97,flat_matched
3ee81b85-a21f-4f55-a100-5995f36f84f9,3ee81b85-a21f-4f55-a100-5995f36f84f9::ceiling-raw::0:5:0,0,5,0,0.0,,1.441,0,1.0,,0.0,3ee81b85-a21f-4f55-a100-5995f36f84f9::roof-flat::flat:7,1.0,,flat_matched
3ee81b85-a21f-4f55-a100-5995f36f84f9,3ee81b85-a21f-4f55-a100-5995f36f84f9::ceiling-raw::0:6:0,0,6,0,0.0,,3.183,0,1.0,,0.0,3ee81b85-a21f-4f55-a100-5995f36f84f9::roof-flat::flat:7,1.0,,flat_matched
3ee81b85-a21f-4f55-a100-5995f36f84f9,3ee81b85-a21f-4f55-a100-5995f36f84f9::ceiling-raw::0:7:0,0,7,0,0.0,,8.568,0,1.0,,0.0,3ee81b85-a21f-4f55-a100-5995f36f84f9::roof-flat::flat:7,1.0,,flat_matched
3ee81b85-a21f-4f55-a100-5995f36f84f9,3ee81b85-a21f-4f55-a100-5995f36f84f9::ceiling-raw::0:8:0,0,8,0,0.0,,9.618,0,1.0,,0.0,3ee81b85-a21f-4f55-a100-5995f36f84f9::roof-flat::flat:7,1.0,,flat_matched
43674d8e-302d-4915-878f-f50d2d9f8d1b,43674d8e-302d-4915-878f-f50d2d9f8d1b::ceiling-raw::0:0:0,0,0,0,0.0,,4.694,0,1.0,,0.0,43674d8e-302d-4915-878f-f50d2d9f8d1b::roof-flat::flat:9,1.0,,flat_matched
43674d8e-302d-4915-878f-f50d2d9f8d1b,43674d8e-302d-4915-878f-f50d2d9f8d1b::ceiling-raw::0:1:0,0,1,0,0.0,,36.172,0,1.0,,0.0,43674d8e-302d-4915-878f-f50d2d9f8d1b::roof-flat::flat:9,1.0,,flat_matched
43674d8e-302d-4915-878f-f50d2d9f8d1b,43674d8e-302d-4915-878f-f50d2d9f8d1b::ceiling-raw::0:2:0,0,2,0,0.0,,9.12,0,1.0,,0.0,43674d8e-302d-4915-878f-f50d2d9f8d1b::roof-flat::flat:9,1.0,,flat_matched
43674d8e-302d-4915-878f-f50d2d9f8d1b,43674d8e-302d-4915-878f-f50d2d9f8d1b::ceiling-raw::0:3:0,0,3,0,0.0,,10.057,0,1.0,,0.0,43674d8e-302d-4915-878f-f50d2d9f8d1b::roof-flat::flat:9,1.0,,flat_matched
43674d8e-302d-4915-878f-f50d2d9f8d1b,43674d8e-302d-4915-878f-f50d2d9f8d1b::ceiling-raw::0:4:0,0,4,0,0.0,,7.783,0,1.0,,0.0,43674d8e-302d-4915-878f-f50d2d9f8d1b::roof-flat::flat:9,1.0,,flat_matched
43674d8e-302d-4915-878f-f50d2d9f8d1b,43674d8e-302d-4915-878f-f50d2d9f8d1b::ceiling-raw::0:5:0,0,5,0,0.0,,7.928,0,1.0,,0.0,43674d8e-302d-4915-878f-f50d2d9f8d1b::roof-flat::flat:9,1.0,,flat_matched
43674d8e-302d-4915-878f-f50d2d9f8d1b,43674d8e-302d-4915-878f-f50d2d9f8d1b::ceiling-raw::0:6:0,0,6,0,0.0,,8.943,0,1.0,,0.0,43674d8e-302d-4915-878f-f50d2d9f8d1b::roof-flat::flat:9,1.0,,flat_matched
43674d8e-302d-4915-878f-f50d2d9f8d1b,43674d8e-302d-4915-878f-f50d2d9f8d1b::ceiling-raw::0:7:0,0,7,0,0.0,,6.627,0,1.0,,0.0,43674d8e-302d-4915-878f-f50d2d9f8d1b::roof-flat::flat:9,1.0,,flat_matched
43674d8e-302d-4915-878f-f50d2d9f8d1b,43674d8e-302d-4915-878f-f50d2d9f8d1b::ceiling-raw::0:8:0,0,8,0,0.0,,1.5,0,1.0,,0.0,43674d8e-302d-4915-878f-f50d2d9f8d1b::roof-flat::flat:9,1.0,,flat_matched
43674d8e-302d-4915-878f-f50d2d9f8d1b,43674d8e-302d-4915-878f-f50d2d9f8d1b::ceiling-raw::0:9:0,0,9,0,0.0,,6.596,0,1.0,,0.0,43674d8e-302d-4915-878f-f50d2d9f8d1b::roof-flat::flat:9,1.0,,flat_matched
45b933f5-4f12-488c-b77a-065cf3c2d719,45b933f5-4f12-488c-b77a-065cf3c2d719::ceiling-raw::0:0:0,0,0,0,0.0,,38.483,0,1.0,,0.0,45b933f5-4f12-488c-b77a-065cf3c2d719::roof-flat::flat:9,1.0,,flat_matched
45b933f5-4f12-488c-b77a-065cf3c2d719,45b933f5-4f12-488c-b77a-065cf3c2d719::ceiling-raw::0:1:0,0,1,0,0.0,,11.345,0,1.0,,0.0,45b933f5-4f12-488c-b77a-065cf3c2d719::roof-flat::flat:9,1.0,,flat_matched
45b933f5-4f12-488c-b77a-065cf3c2d719,45b933f5-4f12-488c-b77a-065cf3c2d719::ceiling-raw::0:2:0,0,2,0,0.0,,5.851,0,1.0,,0.0,45b933f5-4f12-488c-b77a-065cf3c2d719::roof-flat::flat:9,1.0,,flat_matched
45b933f5-4f12-488c-b77a-065cf3c2d719,45b933f5-4f12-488c-b77a-065cf3c2d719::ceiling-raw::0:3:0,0,3,0,0.0,,1.797,0,1.0,,0.0,45b933f5-4f12-488c-b77a-065cf3c2d719::roof-flat::flat:9,1.0,,flat_matched
45b933f5-4f12-488c-b77a-065cf3c2d719,45b933f5-4f12-488c-b77a-065cf3c2d719::ceiling-raw::0:4:0,0,4,0,0.0,,5.737,0,1.0,,0.0,45b933f5-4f12-488c-b77a-065cf3c2d719::roof-flat::flat:9,1.0,,flat_matched
45b933f5-4f12-488c-b77a-065cf3c2d719,45b933f5-4f12-488c-b77a-065cf3c2d719::ceiling-raw::0:5:0,0,5,0,0.0,,5.169,0,1.0,,0.0,45b933f5-4f12-488c-b77a-065cf3c2d719::roof-flat::flat:9,1.0,,flat_matched
45b933f5-4f12-488c-b77a-065cf3c2d719,45b933f5-4f12-488c-b77a-065cf3c2d719::ceiling-raw::0:6:0,0,6,0,0.0,,9.755,0,1.0,,0.0,45b933f5-4f12-488c-b77a-065cf3c2d719::roof-flat::flat:9,1.0,,flat_matched
45b933f5-4f12-488c-b77a-065cf3c2d719,45b933f5-4f12-488c-b77a-065cf3c2d719::ceiling-raw::0:7:0,0,7,0,0.0,,10.052,0,1.0,,0.0,45b933f5-4f12-488c-b77a-065cf3c2d719::roof-flat::flat:9,1.0,,flat_matched
45b933f5-4f12-488c-b77a-065cf3c2d719,45b933f5-4f12-488c-b77a-065cf3c2d719::ceiling-raw::0:8:0,0,8,0,0.0,,10.205,0,1.0,,0.0,45b933f5-4f12-488c-b77a-065cf3c2d719::roof-flat::flat:9,1.0,,flat_matched
45b933f5-4f12-488c-b77a-065cf3c2d719,45b933f5-4f12-488c-b77a-065cf3c2d719::ceiling-raw::0:9:0,0,9,0,0.0,,7.284,0,1.0,,0.0,45b933f5-4f12-488c-b77a-065cf3c2d719::roof-flat::flat:9,1.0,,flat_matched
466d0aa8-7021-4825-8f7b-b954c824c13a,466d0aa8-7021-4825-8f7b-b954c824c13a::ceiling-raw::0:0:0,0,0,0,0.0,,7.795,0,1.0,,0.0,466d0aa8-7021-4825-8f7b-b954c824c13a::roof-flat::flat:2,1.0,,flat_matched
466d0aa8-7021-4825-8f7b-b954c824c13a,466d0aa8-7021-4825-8f7b-b954c824c13a::ceiling-raw::0:2:0,0,2,0,0.0,,8.821,0,1.0,,0.0,466d0aa8-7021-4825-8f7b-b954c824c13a::roof-flat::flat:3,0.999,,flat_matched
466d0aa8-7021-4825-8f7b-b954c824c13a,466d0aa8-7021-4825-8f7b-b954c824c13a::ceiling-raw::1:8:0,1,8,0,0.0,,5.767,1.0,0,466d0aa8-7021-4825-8f7b-b954c824c13a::roof-oblique::oblique:0,1.0,,0.0,0.714,flat_covered_by_oblique
466d0aa8-7021-4825-8f7b-b954c824c13a,466d0aa8-7021-4825-8f7b-b954c824c13a::ceiling-raw::1:8:1,1,8,1,44.25,330.55,6.77,0.999,0,466d0aa8-7021-4825-8f7b-b954c824c13a::roof-oblique::oblique:0,0.999,,0.0,1.0,oblique_matched
466d0aa8-7021-4825-8f7b-b954c824c13a,466d0aa8-7021-4825-8f7b-b954c824c13a::ceiling-raw::1:9:0,1,9,0,0.0,,5.864,1.0,0,466d0aa8-7021-4825-8f7b-b954c824c13a::roof-oblique::oblique:1,0.995,,0.0,0.711,flat_covered_by_oblique
466d0aa8-7021-4825-8f7b-b954c824c13a,466d0aa8-7021-4825-8f7b-b954c824c13a::ceiling-raw::1:9:1,1,9,1,45.47,150.43,6.458,1.0,0,466d0aa8-7021-4825-8f7b-b954c824c13a::roof-oblique::oblique:1,1.0,,0.0,1.0,oblique_matched
466d0aa8-7021-4825-8f7b-b954c824c13a,466d0aa8-7021-4825-8f7b-b954c824c13a::ceiling-raw::1:10:0,1,10,0,0.0,,13.417,1.0,0,466d0aa8-7021-4825-8f7b-b954c824c13a::roof-oblique::oblique:1,0.649,,0.0,0.711,flat_covered_by_oblique
466d0aa8-7021-4825-8f7b-b954c824c13a,466d0aa8-7021-4825-8f7b-b954c824c13a::ceiling-raw::1:10:1,1,10,1,29.08,240.18,0.897,1.0,0,466d0aa8-7021-4825-8f7b-b954c824c13a::roof-oblique::oblique:1,1.0,,0.0,0.622,oblique_wrong_orientation
466d0aa8-7021-4825-8f7b-b954c824c13a,466d0aa8-7021-4825-8f7b-b954c824c13a::ceiling-raw::1:10:2,1,10,2,41.41,150.18,0.398,1.0,0,466d0aa8-7021-4825-8f7b-b954c824c13a::roof-oblique::oblique:1,1.0,,0.0,0.998,oblique_matched
466d0aa8-7021-4825-8f7b-b954c824c13a,466d0aa8-7021-4825-8f7b-b954c824c13a::ceiling-raw::1:10:3,1,10,3,44.11,158.31,0.387,1.0,0,466d0aa8-7021-4825-8f7b-b954c824c13a::roof-oblique::oblique:1,1.0,,0.0,0.995,oblique_matched
466d0aa8-7021-4825-8f7b-b954c824c13a,466d0aa8-7021-4825-8f7b-b954c824c13a::ceiling-raw::1:10:4,1,10,4,45.04,150.02,3.952,0.999,0,466d0aa8-7021-4825-8f7b-b954c824c13a::roof-oblique::oblique:1,0.999,,0.0,1.0,oblique_matched
466d0aa8-7021-4825-8f7b-b954c824c13a,466d0aa8-7021-4825-8f7b-b954c824c13a::ceiling-raw::1:10:5,1,10,5,51.88,150.08,2.362,1.0,0,466d0aa8-7021-4825-8f7b-b954c824c13a::roof-oblique::oblique:1,1.0,,0.0,0.992,oblique_matched
466d0aa8-7021-4825-8f7b-b954c824c13a,466d0aa8-7021-4825-8f7b-b954c824c13a::ceiling-raw::1:10:6,1,10,6,61.4,62.32,0.08,1.0,0,466d0aa8-7021-4825-8f7b-b954c824c13a::roof-oblique::oblique:1,1.0,,0.0,0.363,oblique_wrong_orientation
466d0aa8-7021-4825-8f7b-b954c824c13a,466d0aa8-7021-4825-8f7b-b954c824c13a::ceiling-raw::1:10:7,1,10,7,78.16,150.17,0.028,1.0,0,466d0aa8-7021-4825-8f7b-b954c824c13a::roof-oblique::oblique:1,1.0,,0.0,0.834,oblique_matched
466d0aa8-7021-4825-8f7b-b954c824c13a,466d0aa8-7021-4825-8f7b-b954c824c13a::ceiling-raw::1:11:0,1,11,0,0.0,,1.471,1.0,0,466d0aa8-7021-4825-8f7b-b954c824c13a::roof-oblique::oblique:0,1.0,,0.0,0.714,flat_covered_by_oblique
466d0aa8-7021-4825-8f7b-b954c824c13a,466d0aa8-7021-4825-8f7b-b954c824c13a::ceiling-raw::1:11:1,1,11,1,44.1,330.26,4.535,1.0,0,466d0aa8-7021-4825-8f7b-b954c824c13a::roof-oblique::oblique:0,1.0,,0.0,1.0,oblique_matched
466d0aa8-7021-4825-8f7b-b954c824c13a,466d0aa8-7021-4825-8f7b-b954c824c13a::ceiling-raw::1:12:0,1,12,0,0.0,,1.153,1.0,0,466d0aa8-7021-4825-8f7b-b954c824c13a::roof-oblique::oblique:0,1.0,,0.0,0.714,flat_covered_by_oblique
466d0aa8-7021-4825-8f7b-b954c824c13a,466d0aa8-7021-4825-8f7b-b954c824c13a::ceiling-raw::1:12:1,1,12,1,44.37,330.36,3.247,1.0,0,466d0aa8-7021-4825-8f7b-b954c824c13a::roof-oblique::oblique:0,1.0,,0.0,1.0,oblique_matched
466d0aa8-7021-4825-8f7b-b954c824c13a,466d0aa8-7021-4825-8f7b-b954c824c13a::ceiling-raw::1:13:0,1,13,0,0.0,,6.01,1.0,0,466d0aa8-7021-4825-8f7b-b954c824c13a::roof-oblique::oblique:0,1.0,,0.0,0.714,flat_covered_by_oblique
466d0aa8-7021-4825-8f7b-b954c824c13a,466d0aa8-7021-4825-8f7b-b954c824c13a::ceiling-raw::1:13:1,1,13,1,45.04,330.46,6.843,1.0,0,466d0aa8-7021-4825-8f7b-b954c824c13a::roof-oblique::oblique:0,1.0,,0.0,1.0,oblique_matched
466d0aa8-7021-4825-8f7b-b954c824c13a,466d0aa8-7021-4825-8f7b-b954c824c13a::ceiling-raw::1:14:0,1,14,0,0.0,,6.011,1.0,0,466d0aa8-7021-4825-8f7b-b954c824c13a::roof-oblique::oblique:1,1.0,,0.0,0.711,flat_covered_by_oblique
466d0aa8-7021-4825-8f7b-b954c824c13a,466d0aa8-7021-4825-8f7b-b954c824c13a::ceiling-raw::1:14:1,1,14,1,45.3,149.88,6.838,0.999,0,466d0aa8-7021-4825-8f7b-b954c824c13a::roof-oblique::oblique:1,0.999,,0.0,1.0,oblique_matched
46ea557e-3151-43d2-b72b-f212290516cc,46ea557e-3151-43d2-b72b-f212290516cc::ceiling-raw::0:0:0,0,0,0,0.0,,30.771,0,1.0,,0.0,46ea557e-3151-43d2-b72b-f212290516cc::roof-flat::flat:8,1.0,,flat_matched
46ea557e-3151-43d2-b72b-f212290516cc,46ea557e-3151-43d2-b72b-f212290516cc::ceiling-raw::0:0:1,0,0,1,0.0,,0.273,0,1.0,,0.0,46ea557e-3151-43d2-b72b-f212290516cc::roof-flat::flat:8,1.0,,flat_matched
46ea557e-3151-43d2-b72b-f212290516cc,46ea557e-3151-43d2-b72b-f212290516cc::ceiling-raw::0:0:2,0,0,2,2.97,139.93,1.157,0,1.0,,0.0,46ea557e-3151-43d2-b72b-f212290516cc::roof-flat::flat:8,1.0,,flat_matched
46ea557e-3151-43d2-b72b-f212290516cc,46ea557e-3151-43d2-b72b-f212290516cc::ceiling-raw::0:0:3,0,0,3,14.3,229.93,1.157,0,1.0,,0.0,46ea557e-3151-43d2-b72b-f212290516cc::roof-flat::flat:8,1.0,,oblique_covered_by_flat
46ea557e-3151-43d2-b72b-f212290516cc,46ea557e-3151-43d2-b72b-f212290516cc::ceiling-raw::0:0:4,0,0,4,14.97,218.73,1.125,0,1.0,,0.0,46ea557e-3151-43d2-b72b-f212290516cc::roof-flat::flat:8,1.0,,oblique_covered_by_flat
46ea557e-3151-43d2-b72b-f212290516cc,46ea557e-3151-43d2-b72b-f212290516cc::ceiling-raw::0:0:5,0,0,5,19.53,268.3,0.503,0,1.0,,0.0,46ea557e-3151-43d2-b72b-f212290516cc::roof-flat::flat:8,1.0,,oblique_covered_by_flat
46ea557e-3151-43d2-b72b-f212290516cc,46ea557e-3151-43d2-b72b-f212290516cc::ceiling-raw::0:1:0,0,1,0,0.0,,4.844,0,1.0,,0.0,46ea557e-3151-43d2-b72b-f212290516cc::roof-flat::flat:8,1.0,,flat_matched
46ea557e-3151-43d2-b72b-f212290516cc,46ea557e-3151-43d2-b72b-f212290516cc::ceiling-raw::0:2:0,0,2,0,0.0,,8.619,0,1.0,,0.0,46ea557e-3151-43d2-b72b-f212290516cc::roof-flat::flat:9,1.0,,flat_matched
46ea557e-3151-43d2-b72b-f212290516cc,46ea557e-3151-43d2-b72b-f212290516cc::ceiling-raw::0:3:0,0,3,0,0.0,,4.339,0,1.0,,0.0,46ea557e-3151-43d2-b72b-f212290516cc::roof-flat::flat:3,1.0,,flat_matched
46ea557e-3151-43d2-b72b-f212290516cc,46ea557e-3151-43d2-b72b-f212290516cc::ceiling-raw::0:4:0,0,4,0,0.0,,8.509,0,1.0,,0.0,46ea557e-3151-43d2-b72b-f212290516cc::roof-flat::flat:9,1.0,,flat_matched
46ea557e-3151-43d2-b72b-f212290516cc,46ea557e-3151-43d2-b72b-f212290516cc::ceiling-raw::0:5:0,0,5,0,0.0,,6.73,0,1.0,,0.0,46ea557e-3151-43d2-b72b-f212290516cc::roof-flat::flat:9,1.0,,flat_matched
46ea557e-3151-43d2-b72b-f212290516cc,46ea557e-3151-43d2-b72b-f212290516cc::ceiling-raw::0:6:1,0,6,1,0.0,,26.165,0,1.0,,0.0,46ea557e-3151-43d2-b72b-f212290516cc::roof-flat::flat:8,1.0,,flat_matched
46ea557e-3151-43d2-b72b-f212290516cc,46ea557e-3151-43d2-b72b-f212290516cc::ceiling-raw::0:7:0,0,7,0,0.0,,15.437,0,1.0,,0.0,46ea557e-3151-43d2-b72b-f212290516cc::roof-flat::flat:8,1.0,,flat_matched
494a97c4-ab7e-4021-9345-c46fecfd1d67,494a97c4-ab7e-4021-9345-c46fecfd1d67::ceiling-raw::0:0:0,0,0,0,0.0,,5.527,0,1.0,,0.0,494a97c4-ab7e-4021-9345-c46fecfd1d67::roof-flat::flat:12,1.0,,flat_matched
494a97c4-ab7e-4021-9345-c46fecfd1d67,494a97c4-ab7e-4021-9345-c46fecfd1d67::ceiling-raw::0:1:0,0,1,0,0.0,,11.781,0,1.0,,0.0,494a97c4-ab7e-4021-9345-c46fecfd1d67::roof-flat::flat:12,1.0,,flat_matched
494a97c4-ab7e-4021-9345-c46fecfd1d67,494a97c4-ab7e-4021-9345-c46fecfd1d67::ceiling-raw::0:2:0,0,2,0,0.0,,11.781,0,1.0,,0.0,494a97c4-ab7e-4021-9345-c46fecfd1d67::roof-flat::flat:12,1.0,,flat_matched
494a97c4-ab7e-4021-9345-c46fecfd1d67,494a97c4-ab7e-4021-9345-c46fecfd1d67::ceiling-raw::0:3:0,0,3,0,0.0,,12.37,0,1.0,,0.0,494a97c4-ab7e-4021-9345-c46fecfd1d67::roof-flat::flat:12,1.0,,flat_matched
494a97c4-ab7e-4021-9345-c46fecfd1d67,494a97c4-ab7e-4021-9345-c46fecfd1d67::ceiling-raw::0:4:0,0,4,0,0.0,,6.36,0,1.0,,0.0,494a97c4-ab7e-4021-9345-c46fecfd1d67::roof-flat::flat:12,1.0,,flat_matched
494a97c4-ab7e-4021-9345-c46fecfd1d67,494a97c4-ab7e-4021-9345-c46fecfd1d67::ceiling-raw::0:5:0,0,5,0,0.0,,7.042,0,1.0,,0.0,494a97c4-ab7e-4021-9345-c46fecfd1d67::roof-flat::flat:12,1.0,,flat_matched
494a97c4-ab7e-4021-9345-c46fecfd1d67,494a97c4-ab7e-4021-9345-c46fecfd1d67::ceiling-raw::0:6:0,0,6,0,0.85,154.88,18.853,0,1.0,,0.0,494a97c4-ab7e-4021-9345-c46fecfd1d67::roof-flat::flat:14,1.0,,flat_matched
494a97c4-ab7e-4021-9345-c46fecfd1d67,494a97c4-ab7e-4021-9345-c46fecfd1d67::ceiling-raw::0:6:1,0,6,1,6.38,101.7,9.074,0,1.0,,0.0,494a97c4-ab7e-4021-9345-c46fecfd1d67::roof-flat::flat:14,1.0,,oblique_covered_by_flat
494a97c4-ab7e-4021-9345-c46fecfd1d67,494a97c4-ab7e-4021-9345-c46fecfd1d67::ceiling-raw::0:6:2,0,6,2,22.38,142.33,1.513,0,1.0,,0.0,494a97c4-ab7e-4021-9345-c46fecfd1d67::roof-flat::flat:14,1.0,,oblique_covered_by_flat
494a97c4-ab7e-4021-9345-c46fecfd1d67,494a97c4-ab7e-4021-9345-c46fecfd1d67::ceiling-raw::0:7:0,0,7,0,0.66,154.88,31.467,0,1.0,,0.0,494a97c4-ab7e-4021-9345-c46fecfd1d67::roof-flat::flat:12,1.0,,flat_matched
494a97c4-ab7e-4021-9345-c46fecfd1d67,494a97c4-ab7e-4021-9345-c46fecfd1d67::ceiling-raw::0:7:1,0,7,1,11.19,334.89,2.399,0,1.0,,0.0,494a97c4-ab7e-4021-9345-c46fecfd1d67::roof-flat::flat:12,1.0,,oblique_covered_by_flat
494a97c4-ab7e-4021-9345-c46fecfd1d67,494a97c4-ab7e-4021-9345-c46fecfd1d67::ceiling-raw::0:7:2,0,7,2,21.57,34.85,0.153,0,1.0,,0.0,494a97c4-ab7e-4021-9345-c46fecfd1d67::roof-flat::flat:12,1.0,,oblique_covered_by_flat
494a97c4-ab7e-4021-9345-c46fecfd1d67,494a97c4-ab7e-4021-9345-c46fecfd1d67::ceiling-raw::0:8:0,0,8,0,0.0,,3.798,0,1.0,,0.0,494a97c4-ab7e-4021-9345-c46fecfd1d67::roof-flat::flat:12,1.0,,flat_matched
494a97c4-ab7e-4021-9345-c46fecfd1d67,494a97c4-ab7e-4021-9345-c46fecfd1d67::ceiling-raw::0:9:0,0,9,0,0.0,,9.132,0,1.0,,0.0,494a97c4-ab7e-4021-9345-c46fecfd1d67::roof-flat::flat:12,1.0,,flat_matched
494a97c4-ab7e-4021-9345-c46fecfd1d67,494a97c4-ab7e-4021-9345-c46fecfd1d67::ceiling-raw::0:10:0,0,10,0,0.0,,12.806,0,1.0,,0.0,494a97c4-ab7e-4021-9345-c46fecfd1d67::roof-flat::flat:12,1.0,,flat_matched
494a97c4-ab7e-4021-9345-c46fecfd1d67,494a97c4-ab7e-4021-9345-c46fecfd1d67::ceiling-raw::0:11:0,0,11,0,0.0,,6.052,0,1.0,,0.0,494a97c4-ab7e-4021-9345-c46fecfd1d67::roof-flat::flat:12,1.0,,flat_matched
4fe068d2-f39e-47ed-8c15-35b6396862bf,4fe068d2-f39e-47ed-8c15-35b6396862bf::ceiling-raw::2:0:0,2,0,0,0.0,,24.865,0,1.0,,0.0,4fe068d2-f39e-47ed-8c15-35b6396862bf::roof-flat::flat:9,1.0,,flat_matched
4fe068d2-f39e-47ed-8c15-35b6396862bf,4fe068d2-f39e-47ed-8c15-35b6396862bf::ceiling-raw::2:1:0,2,1,0,0.0,,15.104,0,1.0,,0.0,4fe068d2-f39e-47ed-8c15-35b6396862bf::roof-flat::flat:9,1.0,,flat_matched
4fe068d2-f39e-47ed-8c15-35b6396862bf,4fe068d2-f39e-47ed-8c15-35b6396862bf::ceiling-raw::2:2:0,2,2,0,0.0,,2.621,0,1.0,,0.0,4fe068d2-f39e-47ed-8c15-35b6396862bf::roof-flat::flat:2,1.0,,flat_matched
4fe068d2-f39e-47ed-8c15-35b6396862bf,4fe068d2-f39e-47ed-8c15-35b6396862bf::ceiling-raw::2:3:0,2,3,0,0.0,,25.862,0,1.0,,0.0,4fe068d2-f39e-47ed-8c15-35b6396862bf::roof-flat::flat:9,1.0,,flat_matched
4fe068d2-f39e-47ed-8c15-35b6396862bf,4fe068d2-f39e-47ed-8c15-35b6396862bf::ceiling-raw::2:5:0,2,5,0,0.0,,18.224,0,1.0,,0.0,4fe068d2-f39e-47ed-8c15-35b6396862bf::roof-flat::flat:10,1.0,,flat_matched
4fe068d2-f39e-47ed-8c15-35b6396862bf,4fe068d2-f39e-47ed-8c15-35b6396862bf::ceiling-raw::0:6:0,0,6,0,0.0,,12.74,0,1.0,,0.0,4fe068d2-f39e-47ed-8c15-35b6396862bf::roof-flat::flat:11,1.0,,flat_matched
4fe068d2-f39e-47ed-8c15-35b6396862bf,4fe068d2-f39e-47ed-8c15-35b6396862bf::ceiling-raw::0:7:0,0,7,0,0.0,,8.157,0,1.0,,0.0,4fe068d2-f39e-47ed-8c15-35b6396862bf::roof-flat::flat:11,1.0,,flat_matched
4fe068d2-f39e-47ed-8c15-35b6396862bf,4fe068d2-f39e-47ed-8c15-35b6396862bf::ceiling-raw::0:8:0,0,8,0,0.0,,13.832,0,1.0,,0.0,4fe068d2-f39e-47ed-8c15-35b6396862bf::roof-flat::flat:11,1.0,,flat_matched
4fe068d2-f39e-47ed-8c15-35b6396862bf,4fe068d2-f39e-47ed-8c15-35b6396862bf::ceiling-raw::0:9:0,0,9,0,0.0,,0.526,0,1.0,,0.0,4fe068d2-f39e-47ed-8c15-35b6396862bf::roof-flat::flat:11,1.0,,flat_matched
4fe068d2-f39e-47ed-8c15-35b6396862bf,4fe068d2-f39e-47ed-8c15-35b6396862bf::ceiling-raw::0:9:1,0,9,1,13.9,88.39,0.839,0,1.0,,0.0,4fe068d2-f39e-47ed-8c15-35b6396862bf::roof-flat::flat:11,1.0,,oblique_covered_by_flat
4fe068d2-f39e-47ed-8c15-35b6396862bf,4fe068d2-f39e-47ed-8c15-35b6396862bf::ceiling-raw::0:9:2,0,9,2,0.0,,2.644,0,1.0,,0.0,4fe068d2-f39e-47ed-8c15-35b6396862bf::roof-flat::flat:11,1.0,,flat_matched
4fe068d2-f39e-47ed-8c15-35b6396862bf,4fe068d2-f39e-47ed-8c15-35b6396862bf::ceiling-raw::0:10:0,0,10,0,0.0,,7.751,0,1.0,,0.0,4fe068d2-f39e-47ed-8c15-35b6396862bf::roof-flat::flat:11,1.0,,flat_matched
513a4b03-cfb1-4221-99ff-d9b7d1e1d3f6,513a4b03-cfb1-4221-99ff-d9b7d1e1d3f6::ceiling-raw::0:0:0,0,0,0,0.0,,25.381,0,1.0,,0.0,513a4b03-cfb1-4221-99ff-d9b7d1e1d3f6::roof-flat::flat:2,1.0,,flat_matched
513a4b03-cfb1-4221-99ff-d9b7d1e1d3f6,513a4b03-cfb1-4221-99ff-d9b7d1e1d3f6::ceiling-raw::0:2:0,0,2,0,0.0,,6.837,0,1.0,,0.0,513a4b03-cfb1-4221-99ff-d9b7d1e1d3f6::roof-flat::flat:2,1.0,,flat_matched
513a4b03-cfb1-4221-99ff-d9b7d1e1d3f6,513a4b03-cfb1-4221-99ff-d9b7d1e1d3f6::ceiling-raw::1:4:0,1,4,0,0.0,,14.971,1.0,0,513a4b03-cfb1-4221-99ff-d9b7d1e1d3f6::roof-oblique::oblique:1,0.512,,0.0,0.737,flat_covered_by_oblique
513a4b03-cfb1-4221-99ff-d9b7d1e1d3f6,513a4b03-cfb1-4221-99ff-d9b7d1e1d3f6::ceiling-raw::1:4:1,1,4,1,42.75,195.78,5.723,0.998,0,513a4b03-cfb1-4221-99ff-d9b7d1e1d3f6::roof-oblique::oblique:0,0.998,,0.0,1.0,oblique_matched
513a4b03-cfb1-4221-99ff-d9b7d1e1d3f6,513a4b03-cfb1-4221-99ff-d9b7d1e1d3f6::ceiling-raw::1:4:2,1,4,2,42.97,15.45,6.049,1.0,0,513a4b03-cfb1-4221-99ff-d9b7d1e1d3f6::roof-oblique::oblique:1,1.0,,0.0,1.0,oblique_matched
513a4b03-cfb1-4221-99ff-d9b7d1e1d3f6,513a4b03-cfb1-4221-99ff-d9b7d1e1d3f6::ceiling-raw::1:5:0,1,5,0,0.0,,8.482,1.0,0,513a4b03-cfb1-4221-99ff-d9b7d1e1d3f6::roof-oblique::oblique:0,0.524,,0.0,0.727,flat_covered_by_oblique
513a4b03-cfb1-4221-99ff-d9b7d1e1d3f6,513a4b03-cfb1-4221-99ff-d9b7d1e1d3f6::ceiling-raw::1:5:1,1,5,1,42.08,16.04,3.368,1.0,0,513a4b03-cfb1-4221-99ff-d9b7d1e1d3f6::roof-oblique::oblique:1,1.0,,0.0,1.0,oblique_matched
513a4b03-cfb1-4221-99ff-d9b7d1e1d3f6,513a4b03-cfb1-4221-99ff-d9b7d1e1d3f6::ceiling-raw::1:5:2,1,5,2,43.05,186.16,0.228,1.0,0,513a4b03-cfb1-4221-99ff-d9b7d1e1d3f6::roof-oblique::oblique:0,1.0,,0.0,0.994,oblique_matched
513a4b03-cfb1-4221-99ff-d9b7d1e1d3f6,513a4b03-cfb1-4221-99ff-d9b7d1e1d3f6::ceiling-raw::1:5:3,1,5,3,44.48,195.43,3.31,1.0,0,513a4b03-cfb1-4221-99ff-d9b7d1e1d3f6::roof-oblique::oblique:0,1.0,,0.0,1.0,oblique_matched
52f91e67-3891-4729-8bf3-be2c0a6a0d04,52f91e67-3891-4729-8bf3-be2c0a6a0d04::ceiling-raw::1:1:0,1,1,0,0.0,,8.551,0,1.0,,0.0,52f91e67-3891-4729-8bf3-be2c0a6a0d04::roof-flat::flat:4,1.0,,flat_matched
52f91e67-3891-4729-8bf3-be2c0a6a0d04,52f91e67-3891-4729-8bf3-be2c0a6a0d04::ceiling-raw::1:2:0,1,2,0,0.0,,4.261,0,1.0,,0.0,52f91e67-3891-4729-8bf3-be2c0a6a0d04::roof-flat::flat:4,1.0,,flat_matched
52f91e67-3891-4729-8bf3-be2c0a6a0d04,52f91e67-3891-4729-8bf3-be2c0a6a0d04::ceiling-raw::1:3:0,1,3,0,0.0,,27.748,0,1.0,,0.0,52f91e67-3891-4729-8bf3-be2c0a6a0d04::roof-flat::flat:4,1.0,,flat_matched
52f91e67-3891-4729-8bf3-be2c0a6a0d04,52f91e67-3891-4729-8bf3-be2c0a6a0d04::ceiling-raw::2:4:0,2,4,0,0.0,,18.572,1.0,0,52f91e67-3891-4729-8bf3-be2c0a6a0d04::roof-oblique::oblique:1,0.619,,0.0,0.657,flat_covered_by_oblique
52f91e67-3891-4729-8bf3-be2c0a6a0d04,52f91e67-3891-4729-8bf3-be2c0a6a0d04::ceiling-raw::2:4:1,2,4,1,19.09,80.41,0.174,1.0,0,52f91e67-3891-4729-8bf3-be2c0a6a0d04::roof-oblique::oblique:0,1.0,,0.0,0.869,oblique_matched
52f91e67-3891-4729-8bf3-be2c0a6a0d04,52f91e67-3891-4729-8bf3-be2c0a6a0d04::ceiling-raw::2:4:2,2,4,2,44.2,86.37,0.289,1.0,0,52f91e67-3891-4729-8bf3-be2c0a6a0d04::roof-oblique::oblique:0,1.0,,0.0,0.997,oblique_matched
52f91e67-3891-4729-8bf3-be2c0a6a0d04,52f91e67-3891-4729-8bf3-be2c0a6a0d04::ceiling-raw::2:4:3,2,4,3,44.22,85.32,1.455,1.0,0,52f91e67-3891-4729-8bf3-be2c0a6a0d04::roof-oblique::oblique:0,1.0,,0.0,0.997,oblique_matched
52f91e67-3891-4729-8bf3-be2c0a6a0d04,52f91e67-3891-4729-8bf3-be2c0a6a0d04::ceiling-raw::2:4:4,2,4,4,44.33,271.91,0.167,1.0,0,52f91e67-3891-4729-8bf3-be2c0a6a0d04::roof-oblique::oblique:1,1.0,,0.0,0.996,oblique_matched
52f91e67-3891-4729-8bf3-be2c0a6a0d04,52f91e67-3891-4729-8bf3-be2c0a6a0d04::ceiling-raw::2:4:5,2,4,5,44.86,279.77,0.104,1.0,0,52f91e67-3891-4729-8bf3-be2c0a6a0d04::roof-oblique::oblique:1,1.0,,0.0,0.987,oblique_matched
52f91e67-3891-4729-8bf3-be2c0a6a0d04,52f91e67-3891-4729-8bf3-be2c0a6a0d04::ceiling-raw::2:4:6,2,4,6,47.05,267.9,1.843,1.0,0,52f91e67-3891-4729-8bf3-be2c0a6a0d04::roof-oblique::oblique:1,1.0,,0.0,0.999,oblique_matched
52f91e67-3891-4729-8bf3-be2c0a6a0d04,52f91e67-3891-4729-8bf3-be2c0a6a0d04::ceiling-raw::2:4:7,2,4,7,51.3,267.5,1.607,0.966,0,52f91e67-3891-4729-8bf3-be2c0a6a0d04::roof-oblique::oblique:1,0.966,,0.0,0.999,oblique_matched
52f91e67-3891-4729-8bf3-be2c0a6a0d04,52f91e67-3891-4729-8bf3-be2c0a6a0d04::ceiling-raw::2:4:8,2,4,8,50.18,268.3,3.029,1.0,0,52f91e67-3891-4729-8bf3-be2c0a6a0d04::roof-oblique::oblique:1,1.0,,0.0,1.0,oblique_matched
52f91e67-3891-4729-8bf3-be2c0a6a0d04,52f91e67-3891-4729-8bf3-be2c0a6a0d04::ceiling-raw::2:4:9,2,4,9,50.74,277.65,0.801,1.0,0,52f91e67-3891-4729-8bf3-be2c0a6a0d04::roof-oblique::oblique:1,1.0,,0.0,0.992,oblique_matched
52f91e67-3891-4729-8bf3-be2c0a6a0d04,52f91e67-3891-4729-8bf3-be2c0a6a0d04::ceiling-raw::2:4:10,2,4,10,50.96,254.74,0.583,1.0,0,52f91e67-3891-4729-8bf3-be2c0a6a0d04::roof-oblique::oblique:1,1.0,,0.0,0.983,oblique_matched
52f91e67-3891-4729-8bf3-be2c0a6a0d04,52f91e67-3891-4729-8bf3-be2c0a6a0d04::ceiling-raw::2:4:11,2,4,11,51.0,88.28,1.421,1.0,0,52f91e67-3891-4729-8bf3-be2c0a6a0d04::roof-oblique::oblique:0,1.0,,0.0,0.999,oblique_matched
52f91e67-3891-4729-8bf3-be2c0a6a0d04,52f91e67-3891-4729-8bf3-be2c0a6a0d04::ceiling-raw::2:4:12,2,4,12,54.21,268.72,0.46,1.0,0,52f91e67-3891-4729-8bf3-be2c0a6a0d04::roof-oblique::oblique:1,1.0,,0.0,0.996,oblique_matched
52f91e67-3891-4729-8bf3-be2c0a6a0d04,52f91e67-3891-4729-8bf3-be2c0a6a0d04::ceiling-raw::2:4:13,2,4,13,0.0,,11.738,1.0,0,52f91e67-3891-4729-8bf3-be2c0a6a0d04::roof-oblique::oblique:0,0.686,,0.0,0.663,flat_covered_by_oblique
52f91e67-3891-4729-8bf3-be2c0a6a0d04,52f91e67-3891-4729-8bf3-be2c0a6a0d04::ceiling-raw::2:4:14,2,4,14,50.8,88.4,3.203,1.0,0,52f91e67-3891-4729-8bf3-be2c0a6a0d04::roof-oblique::oblique:0,1.0,,0.0,0.999,oblique_matched
52f91e67-3891-4729-8bf3-be2c0a6a0d04,52f91e67-3891-4729-8bf3-be2c0a6a0d04::ceiling-raw::0:6:0,0,6,0,0.0,,16.832,0,1.0,,0.0,52f91e67-3891-4729-8bf3-be2c0a6a0d04::roof-flat::flat:5,1.0,,flat_matched
52f91e67-3891-4729-8bf3-be2c0a6a0d04,52f91e67-3891-4729-8bf3-be2c0a6a0d04::ceiling-raw::0:6:1,0,6,1,0.0,,12.449,0,1.0,,0.0,52f91e67-3891-4729-8bf3-be2c0a6a0d04::roof-flat::flat:5,1.0,,flat_matched
52f91e67-3891-4729-8bf3-be2c0a6a0d04,52f91e67-3891-4729-8bf3-be2c0a6a0d04::ceiling-raw::0:6:2,0,6,2,0.0,,3.082,0,1.0,,0.0,52f91e67-3891-4729-8bf3-be2c0a6a0d04::roof-flat::flat:5,1.0,,flat_matched
52f91e67-3891-4729-8bf3-be2c0a6a0d04,52f91e67-3891-4729-8bf3-be2c0a6a0d04::ceiling-raw::0:6:3,0,6,3,0.0,,1.186,0,1.0,,0.0,52f91e67-3891-4729-8bf3-be2c0a6a0d04::roof-flat::flat:5,1.0,,flat_matched
52f91e67-3891-4729-8bf3-be2c0a6a0d04,52f91e67-3891-4729-8bf3-be2c0a6a0d04::ceiling-raw::0:6:4,0,6,4,0.0,,6.374,0,1.0,,0.0,52f91e67-3891-4729-8bf3-be2c0a6a0d04::roof-flat::flat:5,1.0,,flat_matched
52f91e67-3891-4729-8bf3-be2c0a6a0d04,52f91e67-3891-4729-8bf3-be2c0a6a0d04::ceiling-raw::0:6:5,0,6,5,0.0,,5.009,0,1.0,,0.0,52f91e67-3891-4729-8bf3-be2c0a6a0d04::roof-flat::flat:5,1.0,,flat_matched
53ba9e35-1aeb-43e2-87d2-27be83b949f5,53ba9e35-1aeb-43e2-87d2-27be83b949f5::ceiling-raw::0:0:0,0,0,0,0.0,,6.276,0,1.0,,0.0,53ba9e35-1aeb-43e2-87d2-27be83b949f5::roof-flat::flat:8,1.0,,flat_matched
53ba9e35-1aeb-43e2-87d2-27be83b949f5,53ba9e35-1aeb-43e2-87d2-27be83b949f5::ceiling-raw::0:1:0,0,1,0,0.0,,6.993,0,1.0,,0.0,53ba9e35-1aeb-43e2-87d2-27be83b949f5::roof-flat::flat:8,1.0,,flat_matched
53ba9e35-1aeb-43e2-87d2-27be83b949f5,53ba9e35-1aeb-43e2-87d2-27be83b949f5::ceiling-raw::0:2:0,0,2,0,0.0,,5.549,0,1.0,,0.0,53ba9e35-1aeb-43e2-87d2-27be83b949f5::roof-flat::flat:8,1.0,,flat_matched
53ba9e35-1aeb-43e2-87d2-27be83b949f5,53ba9e35-1aeb-43e2-87d2-27be83b949f5::ceiling-raw::0:3:0,0,3,0,0.0,,10.376,0,1.0,,0.0,53ba9e35-1aeb-43e2-87d2-27be83b949f5::roof-flat::flat:8,1.0,,flat_matched
53ba9e35-1aeb-43e2-87d2-27be83b949f5,53ba9e35-1aeb-43e2-87d2-27be83b949f5::ceiling-raw::0:4:0,0,4,0,0.0,,4.81,0,1.0,,0.0,53ba9e35-1aeb-43e2-87d2-27be83b949f5::roof-flat::flat:8,1.0,,flat_matched
53ba9e35-1aeb-43e2-87d2-27be83b949f5,53ba9e35-1aeb-43e2-87d2-27be83b949f5::ceiling-raw::0:5:0,0,5,0,0.0,,33.911,0,1.0,,0.0,53ba9e35-1aeb-43e2-87d2-27be83b949f5::roof-flat::flat:8,1.0,,flat_matched
53ba9e35-1aeb-43e2-87d2-27be83b949f5,53ba9e35-1aeb-43e2-87d2-27be83b949f5::ceiling-raw::0:6:0,0,6,0,0.0,,14.295,0,1.0,,0.0,53ba9e35-1aeb-43e2-87d2-27be83b949f5::roof-flat::flat:8,1.0,,flat_matched
53ba9e35-1aeb-43e2-87d2-27be83b949f5,53ba9e35-1aeb-43e2-87d2-27be83b949f5::ceiling-raw::0:7:0,0,7,0,0.0,,10.564,0,1.0,,0.0,53ba9e35-1aeb-43e2-87d2-27be83b949f5::roof-flat::flat:8,1.0,,flat_matched
53c380e7-407e-48f7-8c72-b449e2334798,53c380e7-407e-48f7-8c72-b449e2334798::ceiling-raw::0:0:0,0,0,0,0.0,,40.061,1.0,1.0,53c380e7-407e-48f7-8c72-b449e2334798::roof-oblique::oblique:0,0.727,53c380e7-407e-48f7-8c72-b449e2334798::roof-flat::flat:6,1.0,0.954,flat_matched
53c380e7-407e-48f7-8c72-b449e2334798,53c380e7-407e-48f7-8c72-b449e2334798::ceiling-raw::0:0:1,0,0,1,17.09,189.19,3.143,1.0,1.0,53c380e7-407e-48f7-8c72-b449e2334798::roof-oblique::oblique:1,1.0,53c380e7-407e-48f7-8c72-b449e2334798::roof-flat::flat:6,1.0,1.0,oblique_matched
53c380e7-407e-48f7-8c72-b449e2334798,53c380e7-407e-48f7-8c72-b449e2334798::ceiling-raw::0:0:2,0,0,2,17.12,9.53,12.246,0.997,1.0,53c380e7-407e-48f7-8c72-b449e2334798::roof-oblique::oblique:0,0.997,53c380e7-407e-48f7-8c72-b449e2334798::roof-flat::flat:7,1.0,1.0,oblique_matched
53c380e7-407e-48f7-8c72-b449e2334798,53c380e7-407e-48f7-8c72-b449e2334798::ceiling-raw::0:1:0,0,1,0,0.0,,4.853,1.0,1.0,53c380e7-407e-48f7-8c72-b449e2334798::roof-oblique::oblique:1,0.999,53c380e7-407e-48f7-8c72-b449e2334798::roof-flat::flat:6,1.0,0.949,flat_matched
53c380e7-407e-48f7-8c72-b449e2334798,53c380e7-407e-48f7-8c72-b449e2334798::ceiling-raw::0:1:1,0,1,1,19.93,189.48,2.117,1.0,1.0,53c380e7-407e-48f7-8c72-b449e2334798::roof-oblique::oblique:1,1.0,53c380e7-407e-48f7-8c72-b449e2334798::roof-flat::flat:7,1.0,1.0,oblique_matched
53c380e7-407e-48f7-8c72-b449e2334798,53c380e7-407e-48f7-8c72-b449e2334798::ceiling-raw::0:2:0,0,2,0,0.0,,10.794,1.0,1.0,53c380e7-407e-48f7-8c72-b449e2334798::roof-oblique::oblique:0,1.0,53c380e7-407e-48f7-8c72-b449e2334798::roof-flat::flat:6,1.0,0.954,flat_matched
53c380e7-407e-48f7-8c72-b449e2334798,53c380e7-407e-48f7-8c72-b449e2334798::ceiling-raw::0:2:1,0,2,1,17.27,9.24,6.522,1.0,1.0,53c380e7-407e-48f7-8c72-b449e2334798::roof-oblique::oblique:0,1.0,53c380e7-407e-48f7-8c72-b449e2334798::roof-flat::flat:6,1.0,1.0,oblique_matched
53c380e7-407e-48f7-8c72-b449e2334798,53c380e7-407e-48f7-8c72-b449e2334798::ceiling-raw::0:3:0,0,3,0,0.0,,0.625,1.0,1.0,53c380e7-407e-48f7-8c72-b449e2334798::roof-oblique::oblique:1,1.0,53c380e7-407e-48f7-8c72-b449e2334798::roof-flat::flat:6,1.0,0.949,flat_matched
53c380e7-407e-48f7-8c72-b449e2334798,53c380e7-407e-48f7-8c72-b449e2334798::ceiling-raw::0:3:1,0,3,1,20.13,190.31,1.097,0.999,1.0,53c380e7-407e-48f7-8c72-b449e2334798::roof-oblique::oblique:1,0.999,53c380e7-407e-48f7-8c72-b449e2334798::roof-flat::flat:7,1.0,1.0,oblique_matched
53c380e7-407e-48f7-8c72-b449e2334798,53c380e7-407e-48f7-8c72-b449e2334798::ceiling-raw::0:4:0,0,4,0,0.0,,3.771,1.0,1.0,53c380e7-407e-48f7-8c72-b449e2334798::roof-oblique::oblique:1,1.0,53c380e7-407e-48f7-8c72-b449e2334798::roof-flat::flat:2,1.0,0.949,flat_matched
53c380e7-407e-48f7-8c72-b449e2334798,53c380e7-407e-48f7-8c72-b449e2334798::ceiling-raw::0:4:1,0,4,1,18.13,188.3,3.21,1.0,1.0,53c380e7-407e-48f7-8c72-b449e2334798::roof-oblique::oblique:1,1.0,53c380e7-407e-48f7-8c72-b449e2334798::roof-flat::flat:6,1.0,1.0,oblique_matched
53c380e7-407e-48f7-8c72-b449e2334798,53c380e7-407e-48f7-8c72-b449e2334798::ceiling-raw::0:5:0,0,5,0,0.0,,4.106,1.0,1.0,53c380e7-407e-48f7-8c72-b449e2334798::roof-oblique::oblique:1,1.0,53c380e7-407e-48f7-8c72-b449e2334798::roof-flat::flat:6,1.0,0.949,flat_matched
53c380e7-407e-48f7-8c72-b449e2334798,53c380e7-407e-48f7-8c72-b449e2334798::ceiling-raw::0:5:1,0,5,1,18.81,188.66,3.3,1.0,1.0,53c380e7-407e-48f7-8c72-b449e2334798::roof-oblique::oblique:1,1.0,53c380e7-407e-48f7-8c72-b449e2334798::roof-flat::flat:6,1.0,1.0,oblique_matched
53c380e7-407e-48f7-8c72-b449e2334798,53c380e7-407e-48f7-8c72-b449e2334798::ceiling-raw::0:6:0,0,6,0,0.0,,10.804,1.0,1.0,53c380e7-407e-48f7-8c72-b449e2334798::roof-oblique::oblique:1,0.955,53c380e7-407e-48f7-8c72-b449e2334798::roof-flat::flat:6,1.0,0.949,flat_matched
53c380e7-407e-48f7-8c72-b449e2334798,53c380e7-407e-48f7-8c72-b449e2334798::ceiling-raw::0:6:1,0,6,1,16.94,190.83,1.057,0.999,1.0,53c380e7-407e-48f7-8c72-b449e2334798::roof-oblique::oblique:1,0.999,53c380e7-407e-48f7-8c72-b449e2334798::roof-flat::flat:6,1.0,1.0,oblique_matched
53c380e7-407e-48f7-8c72-b449e2334798,53c380e7-407e-48f7-8c72-b449e2334798::ceiling-raw::0:7:0,0,7,0,0.0,,2.025,1.0,1.0,53c380e7-407e-48f7-8c72-b449e2334798::roof-oblique::oblique:1,1.0,53c380e7-407e-48f7-8c72-b449e2334798::roof-flat::flat:6,1.0,0.949,flat_matched
53c380e7-407e-48f7-8c72-b449e2334798,53c380e7-407e-48f7-8c72-b449e2334798::ceiling-raw::0:7:1,0,7,1,18.51,186.64,1.808,1.0,1.0,53c380e7-407e-48f7-8c72-b449e2334798::roof-oblique::oblique:1,1.0,53c380e7-407e-48f7-8c72-b449e2334798::roof-flat::flat:6,1.0,1.0,oblique_matched
56108837-05d5-4fe4-bfd5-aec6b649d825,56108837-05d5-4fe4-bfd5-aec6b649d825::ceiling-raw::0:0:0,0,0,0,0.0,,6.915,0,1.0,,0.0,56108837-05d5-4fe4-bfd5-aec6b649d825::roof-flat::flat:6,1.0,,flat_matched
56108837-05d5-4fe4-bfd5-aec6b649d825,56108837-05d5-4fe4-bfd5-aec6b649d825::ceiling-raw::0:1:0,0,1,0,0.0,,5.936,0,1.0,,0.0,56108837-05d5-4fe4-bfd5-aec6b649d825::roof-flat::flat:6,1.0,,flat_matched
56108837-05d5-4fe4-bfd5-aec6b649d825,56108837-05d5-4fe4-bfd5-aec6b649d825::ceiling-raw::0:2:0,0,2,0,0.0,,5.312,0,1.0,,0.0,56108837-05d5-4fe4-bfd5-aec6b649d825::roof-flat::flat:6,1.0,,flat_matched
56108837-05d5-4fe4-bfd5-aec6b649d825,56108837-05d5-4fe4-bfd5-aec6b649d825::ceiling-raw::0:3:0,0,3,0,0.0,,2.985,0,1.0,,0.0,56108837-05d5-4fe4-bfd5-aec6b649d825::roof-flat::flat:6,1.0,,flat_matched
56108837-05d5-4fe4-bfd5-aec6b649d825,56108837-05d5-4fe4-bfd5-aec6b649d825::ceiling-raw::0:4:0,0,4,0,0.0,,9.096,0.017,1.0,56108837-05d5-4fe4-bfd5-aec6b649d825::roof-oblique::oblique:0,0.017,56108837-05d5-4fe4-bfd5-aec6b649d825::roof-flat::flat:6,1.0,0.899,flat_matched
56108837-05d5-4fe4-bfd5-aec6b649d825,56108837-05d5-4fe4-bfd5-aec6b649d825::ceiling-raw::0:5:0,0,5,0,0.0,,1.204,0,1.0,,0.0,56108837-05d5-4fe4-bfd5-aec6b649d825::roof-flat::flat:6,1.0,,flat_matched
56108837-05d5-4fe4-bfd5-aec6b649d825,56108837-05d5-4fe4-bfd5-aec6b649d825::ceiling-raw::0:5:1,0,5,1,25.24,171.75,3.092,0,1.0,,0.0,56108837-05d5-4fe4-bfd5-aec6b649d825::roof-flat::flat:6,1.0,,oblique_covered_by_flat
56108837-05d5-4fe4-bfd5-aec6b649d825,56108837-05d5-4fe4-bfd5-aec6b649d825::ceiling-raw::0:6:0,0,6,0,0.0,,24.77,0.061,1.0,56108837-05d5-4fe4-bfd5-aec6b649d825::roof-oblique::oblique:0,0.061,56108837-05d5-4fe4-bfd5-aec6b649d825::roof-flat::flat:6,1.0,0.899,flat_matched
56108837-05d5-4fe4-bfd5-aec6b649d825,56108837-05d5-4fe4-bfd5-aec6b649d825::ceiling-raw::0:7:0,0,7,0,26.0,172.2,9.047,1.0,1.0,56108837-05d5-4fe4-bfd5-aec6b649d825::roof-oblique::oblique:0,1.0,56108837-05d5-4fe4-bfd5-aec6b649d825::roof-flat::flat:6,1.0,1.0,oblique_matched
573ee2ba-67b9-4bb0-b4ba-47015d09377c,573ee2ba-67b9-4bb0-b4ba-47015d09377c::ceiling-raw::0:0:0,0,0,0,0.0,,5.777,0,1.0,,0.0,573ee2ba-67b9-4bb0-b4ba-47015d09377c::roof-flat::flat:5,1.0,,flat_matched
573ee2ba-67b9-4bb0-b4ba-47015d09377c,573ee2ba-67b9-4bb0-b4ba-47015d09377c::ceiling-raw::0:1:0,0,1,0,0.0,,8.685,0,1.0,,0.0,573ee2ba-67b9-4bb0-b4ba-47015d09377c::roof-flat::flat:5,1.0,,flat_matched
573ee2ba-67b9-4bb0-b4ba-47015d09377c,573ee2ba-67b9-4bb0-b4ba-47015d09377c::ceiling-raw::0:2:0,0,2,0,0.0,,32.94,0,1.0,,0.0,573ee2ba-67b9-4bb0-b4ba-47015d09377c::roof-flat::flat:5,1.0,,flat_matched
573ee2ba-67b9-4bb0-b4ba-47015d09377c,573ee2ba-67b9-4bb0-b4ba-47015d09377c::ceiling-raw::0:3:0,0,3,0,0.0,,6.595,0,1.0,,0.0,573ee2ba-67b9-4bb0-b4ba-47015d09377c::roof-flat::flat:5,1.0,,flat_matched
573ee2ba-67b9-4bb0-b4ba-47015d09377c,573ee2ba-67b9-4bb0-b4ba-47015d09377c::ceiling-raw::0:4:0,0,4,0,0.0,,5.458,0,1.0,,0.0,573ee2ba-67b9-4bb0-b4ba-47015d09377c::roof-flat::flat:5,1.0,,flat_matched
573ee2ba-67b9-4bb0-b4ba-47015d09377c,573ee2ba-67b9-4bb0-b4ba-47015d09377c::ceiling-raw::0:5:0,0,5,0,0.0,,13.046,0,1.0,,0.0,573ee2ba-67b9-4bb0-b4ba-47015d09377c::roof-flat::flat:5,1.0,,flat_matched
5831141f-829c-4adb-9bae-289c2140c72d,5831141f-829c-4adb-9bae-289c2140c72d::ceiling-raw::1:5:0,1,5,0,0.0,,4.085,0,1.0,,0.0,5831141f-829c-4adb-9bae-289c2140c72d::roof-flat::flat:2,1.0,,flat_matched
5831141f-829c-4adb-9bae-289c2140c72d,5831141f-829c-4adb-9bae-289c2140c72d::ceiling-raw::1:5:1,1,5,1,10.24,30.57,2.859,0,1.0,,0.0,5831141f-829c-4adb-9bae-289c2140c72d::roof-flat::flat:3,1.0,,oblique_covered_by_flat
5831141f-829c-4adb-9bae-289c2140c72d,5831141f-829c-4adb-9bae-289c2140c72d::ceiling-raw::1:6:0,1,6,0,0.0,,3.143,0,1.0,,0.0,5831141f-829c-4adb-9bae-289c2140c72d::roof-flat::flat:1,1.0,,flat_matched
5831141f-829c-4adb-9bae-289c2140c72d,5831141f-829c-4adb-9bae-289c2140c72d::ceiling-raw::1:6:1,1,6,1,24.07,299.36,1.541,0,1.0,,0.0,5831141f-829c-4adb-9bae-289c2140c72d::roof-flat::flat:4,1.0,,oblique_covered_by_flat
5831141f-829c-4adb-9bae-289c2140c72d,5831141f-829c-4adb-9bae-289c2140c72d::ceiling-raw::1:6:2,1,6,2,28.95,332.48,0.432,0,1.0,,0.0,5831141f-829c-4adb-9bae-289c2140c72d::roof-flat::flat:1,1.0,,oblique_covered_by_flat
5831141f-829c-4adb-9bae-289c2140c72d,5831141f-829c-4adb-9bae-289c2140c72d::ceiling-raw::1:6:3,1,6,3,41.3,30.0,1.899,0,1.0,,0.0,5831141f-829c-4adb-9bae-289c2140c72d::roof-flat::flat:1,1.0,,oblique_covered_by_flat
5831141f-829c-4adb-9bae-289c2140c72d,5831141f-829c-4adb-9bae-289c2140c72d::ceiling-raw::2:8:0,2,8,0,0.0,,6.796,1.0,0,5831141f-829c-4adb-9bae-289c2140c72d::roof-oblique::oblique:1,0.621,,0.0,0.594,flat_covered_by_oblique
5831141f-829c-4adb-9bae-289c2140c72d,5831141f-829c-4adb-9bae-289c2140c72d::ceiling-raw::2:8:1,2,8,1,53.28,298.35,2.574,1.0,0,5831141f-829c-4adb-9bae-289c2140c72d::roof-oblique::oblique:0,1.0,,0.0,0.999,oblique_matched
5831141f-829c-4adb-9bae-289c2140c72d,5831141f-829c-4adb-9bae-289c2140c72d::ceiling-raw::2:8:2,2,8,2,57.55,151.11,0.133,1.0,0,5831141f-829c-4adb-9bae-289c2140c72d::roof-oblique::oblique:1,1.0,,0.0,0.896,oblique_matched
5831141f-829c-4adb-9bae-289c2140c72d,5831141f-829c-4adb-9bae-289c2140c72d::ceiling-raw::2:8:3,2,8,3,57.93,299.36,0.413,1.0,0,5831141f-829c-4adb-9bae-289c2140c72d::roof-oblique::oblique:0,1.0,,0.0,0.994,oblique_matched
5831141f-829c-4adb-9bae-289c2140c72d,5831141f-829c-4adb-9bae-289c2140c72d::ceiling-raw::2:8:4,2,8,4,58.61,119.36,3.307,1.0,0,5831141f-829c-4adb-9bae-289c2140c72d::roof-oblique::oblique:1,1.0,,0.0,0.996,oblique_matched
5831141f-829c-4adb-9bae-289c2140c72d,5831141f-829c-4adb-9bae-289c2140c72d::ceiling-raw::2:10:0,2,10,0,0.0,,7.252,0.263,0,5831141f-829c-4adb-9bae-289c2140c72d::roof-oblique::oblique:0,0.263,,0.0,0.607,flat_partial
5831141f-829c-4adb-9bae-289c2140c72d,5831141f-829c-4adb-9bae-289c2140c72d::ceiling-raw::2:10:1,2,10,1,51.17,298.72,3.26,0.479,0,5831141f-829c-4adb-9bae-289c2140c72d::roof-oblique::oblique:0,0.479,,0.0,0.998,oblique_partial
5831141f-829c-4adb-9bae-289c2140c72d,5831141f-829c-4adb-9bae-289c2140c72d::ceiling-raw::2:10:2,2,10,2,0.0,,0.887,1.0,0,5831141f-829c-4adb-9bae-289c2140c72d::roof-oblique::oblique:0,1.0,,0.0,0.607,flat_covered_by_oblique
5831141f-829c-4adb-9bae-289c2140c72d,5831141f-829c-4adb-9bae-289c2140c72d::ceiling-raw::2:10:3,2,10,3,51.84,299.31,0.994,1.0,0,5831141f-829c-4adb-9bae-289c2140c72d::roof-oblique::oblique:0,1.0,,0.0,0.998,oblique_matched
5831141f-829c-4adb-9bae-289c2140c72d,5831141f-829c-4adb-9bae-289c2140c72d::ceiling-raw::2:10:4,2,10,4,54.09,299.56,2.245,1.0,0,5831141f-829c-4adb-9bae-289c2140c72d::roof-oblique::oblique:0,1.0,,0.0,0.998,oblique_matched
5831141f-829c-4adb-9bae-289c2140c72d,5831141f-829c-4adb-9bae-289c2140c72d::ceiling-raw::2:10:5,2,10,5,76.36,303.96,0.244,1.0,0,5831141f-829c-4adb-9bae-289c2140c72d::roof-oblique::oblique:0,1.0,,0.0,0.906,oblique_matched
5831141f-829c-4adb-9bae-289c2140c72d,5831141f-829c-4adb-9bae-289c2140c72d::ceiling-raw::2:10:6,2,10,6,80.3,116.12,0.083,1.0,0,5831141f-829c-4adb-9bae-289c2140c72d::roof-oblique::oblique:0,1.0,,0.0,0.681,near_vertical_skip
5831141f-829c-4adb-9bae-289c2140c72d,5831141f-829c-4adb-9bae-289c2140c72d::ceiling-raw::2:10:8,2,10,8,0.0,,10.479,0.284,0,5831141f-829c-4adb-9bae-289c2140c72d::roof-oblique::oblique:0,0.284,,0.0,0.607,flat_partial
5831141f-829c-4adb-9bae-289c2140c72d,5831141f-829c-4adb-9bae-289c2140c72d::ceiling-raw::2:10:9,2,10,9,49.69,299.88,0.062,1.0,0,5831141f-829c-4adb-9bae-289c2140c72d::roof-oblique::oblique:0,1.0,,0.0,0.997,oblique_matched
5831141f-829c-4adb-9bae-289c2140c72d,5831141f-829c-4adb-9bae-289c2140c72d::ceiling-raw::2:10:10,2,10,10,65.99,29.36,0.072,1.0,0,5831141f-829c-4adb-9bae-289c2140c72d::roof-oblique::oblique:0,1.0,,0.0,0.193,oblique_wrong_orientation
5831141f-829c-4adb-9bae-289c2140c72d,5831141f-829c-4adb-9bae-289c2140c72d::ceiling-raw::2:10:11,2,10,11,76.68,302.63,0.379,0.835,0,5831141f-829c-4adb-9bae-289c2140c72d::roof-oblique::oblique:0,0.835,,0.0,0.906,oblique_matched
5831141f-829c-4adb-9bae-289c2140c72d,5831141f-829c-4adb-9bae-289c2140c72d::ceiling-raw::2:10:12,2,10,12,80.31,116.14,0.009,1.0,0,5831141f-829c-4adb-9bae-289c2140c72d::roof-oblique::oblique:0,1.0,,0.0,0.681,near_vertical_skip
59b505e7-b384-451b-90b1-80f2654dd10d,59b505e7-b384-451b-90b1-80f2654dd10d::ceiling-raw::1:1:0,1,1,0,0.0,,54.351,0,0.365,,0.0,59b505e7-b384-451b-90b1-80f2654dd10d::roof-flat::flat:4,0.182,,flat_partial
59b505e7-b384-451b-90b1-80f2654dd10d,59b505e7-b384-451b-90b1-80f2654dd10d::ceiling-raw::1:1:1,1,1,1,0.0,,5.257,0,1.0,,0.0,59b505e7-b384-451b-90b1-80f2654dd10d::roof-flat::flat:4,1.0,,flat_matched
59b505e7-b384-451b-90b1-80f2654dd10d,59b505e7-b384-451b-90b1-80f2654dd10d::ceiling-raw::1:3:0,1,3,0,0.0,,2.814,0,1.0,,0.0,59b505e7-b384-451b-90b1-80f2654dd10d::roof-flat::flat:4,1.0,,flat_matched
59b505e7-b384-451b-90b1-80f2654dd10d,59b505e7-b384-451b-90b1-80f2654dd10d::ceiling-raw::2:6:0,2,6,0,0.0,,7.463,0.093,1.0,59b505e7-b384-451b-90b1-80f2654dd10d::roof-oblique::oblique:2,0.064,59b505e7-b384-451b-90b1-80f2654dd10d::roof-flat::flat:6,1.0,0.641,flat_matched
59b505e7-b384-451b-90b1-80f2654dd10d,59b505e7-b384-451b-90b1-80f2654dd10d::ceiling-raw::2:6:1,2,6,1,46.68,321.3,3.658,0.001,1.0,59b505e7-b384-451b-90b1-80f2654dd10d::roof-oblique::oblique:0,0.001,59b505e7-b384-451b-90b1-80f2654dd10d::roof-flat::flat:7,1.0,1.0,oblique_covered_by_flat
59b505e7-b384-451b-90b1-80f2654dd10d,59b505e7-b384-451b-90b1-80f2654dd10d::ceiling-raw::2:7:0,2,7,0,0.0,,3.968,0.882,1.0,59b505e7-b384-451b-90b1-80f2654dd10d::roof-oblique::oblique:1,0.538,59b505e7-b384-451b-90b1-80f2654dd10d::roof-flat::flat:6,1.0,0.645,flat_matched
59b505e7-b384-451b-90b1-80f2654dd10d,59b505e7-b384-451b-90b1-80f2654dd10d::ceiling-raw::2:7:1,2,7,1,21.34,320.31,0.942,0.845,1.0,59b505e7-b384-451b-90b1-80f2654dd10d::roof-oblique::oblique:0,0.563,59b505e7-b384-451b-90b1-80f2654dd10d::roof-flat::flat:6,1.0,0.9,oblique_matched
59b505e7-b384-451b-90b1-80f2654dd10d,59b505e7-b384-451b-90b1-80f2654dd10d::ceiling-raw::2:7:2,2,7,2,36.4,141.88,0.032,1.0,1.0,59b505e7-b384-451b-90b1-80f2654dd10d::roof-oblique::oblique:0,1.0,59b505e7-b384-451b-90b1-80f2654dd10d::roof-flat::flat:2,1.0,0.111,oblique_wrong_orientation
59b505e7-b384-451b-90b1-80f2654dd10d,59b505e7-b384-451b-90b1-80f2654dd10d::ceiling-raw::2:7:3,2,7,3,46.3,186.68,0.242,1.0,1.0,59b505e7-b384-451b-90b1-80f2654dd10d::roof-oblique::oblique:0,1.0,59b505e7-b384-451b-90b1-80f2654dd10d::roof-flat::flat:6,1.0,0.093,oblique_wrong_orientation
59b505e7-b384-451b-90b1-80f2654dd10d,59b505e7-b384-451b-90b1-80f2654dd10d::ceiling-raw::2:7:4,2,7,4,48.56,231.89,0.241,1.0,1.0,59b505e7-b384-451b-90b1-80f2654dd10d::roof-oblique::oblique:0,1.0,59b505e7-b384-451b-90b1-80f2654dd10d::roof-flat::flat:6,1.0,0.45,oblique_wrong_orientation
59b505e7-b384-451b-90b1-80f2654dd10d,59b505e7-b384-451b-90b1-80f2654dd10d::ceiling-raw::2:7:5,2,7,5,50.29,51.88,0.186,1.0,1.0,59b505e7-b384-451b-90b1-80f2654dd10d::roof-oblique::oblique:0,0.986,59b505e7-b384-451b-90b1-80f2654dd10d::roof-flat::flat:6,1.0,0.434,oblique_wrong_orientation
59b505e7-b384-451b-90b1-80f2654dd10d,59b505e7-b384-451b-90b1-80f2654dd10d::ceiling-raw::2:7:6,2,7,6,50.33,101.91,0.252,1.0,1.0,59b505e7-b384-451b-90b1-80f2654dd10d::roof-oblique::oblique:0,0.994,59b505e7-b384-451b-90b1-80f2654dd10d::roof-flat::flat:6,1.0,0.001,oblique_wrong_orientation
59b505e7-b384-451b-90b1-80f2654dd10d,59b505e7-b384-451b-90b1-80f2654dd10d::ceiling-raw::2:7:7,2,7,7,51.1,350.59,0.503,1.0,1.0,59b505e7-b384-451b-90b1-80f2654dd10d::roof-oblique::oblique:1,0.577,59b505e7-b384-451b-90b1-80f2654dd10d::roof-flat::flat:6,1.0,0.691,oblique_wrong_orientation
59b505e7-b384-451b-90b1-80f2654dd10d,59b505e7-b384-451b-90b1-80f2654dd10d::ceiling-raw::2:7:8,2,7,8,53.4,288.7,0.456,0.646,1.0,59b505e7-b384-451b-90b1-80f2654dd10d::roof-oblique::oblique:0,0.646,59b505e7-b384-451b-90b1-80f2654dd10d::roof-flat::flat:6,1.0,0.898,oblique_matched
59b505e7-b384-451b-90b1-80f2654dd10d,59b505e7-b384-451b-90b1-80f2654dd10d::ceiling-raw::2:8:0,2,8,0,0.0,,7.989,0.269,1.0,59b505e7-b384-451b-90b1-80f2654dd10d::roof-oblique::oblique:1,0.269,59b505e7-b384-451b-90b1-80f2654dd10d::roof-flat::flat:6,1.0,0.645,flat_matched
59b505e7-b384-451b-90b1-80f2654dd10d,59b505e7-b384-451b-90b1-80f2654dd10d::ceiling-raw::2:8:1,2,8,1,47.07,322.11,4.175,0.265,1.0,59b505e7-b384-451b-90b1-80f2654dd10d::roof-oblique::oblique:1,0.265,59b505e7-b384-451b-90b1-80f2654dd10d::roof-flat::flat:7,1.0,0.442,oblique_covered_by_flat
59b505e7-b384-451b-90b1-80f2654dd10d,59b505e7-b384-451b-90b1-80f2654dd10d::ceiling-raw::2:9:0,2,9,0,0.0,,7.748,0.176,1.0,59b505e7-b384-451b-90b1-80f2654dd10d::roof-oblique::oblique:1,0.176,59b505e7-b384-451b-90b1-80f2654dd10d::roof-flat::flat:6,1.0,0.645,flat_matched
59b505e7-b384-451b-90b1-80f2654dd10d,59b505e7-b384-451b-90b1-80f2654dd10d::ceiling-raw::2:9:1,2,9,1,47.02,142.11,4.244,0.271,1.0,59b505e7-b384-451b-90b1-80f2654dd10d::roof-oblique::oblique:1,0.271,59b505e7-b384-451b-90b1-80f2654dd10d::roof-flat::flat:7,1.0,0.438,oblique_covered_by_flat
59b505e7-b384-451b-90b1-80f2654dd10d,59b505e7-b384-451b-90b1-80f2654dd10d::ceiling-raw::2:10:0,2,10,0,0.0,,3.384,0.939,1.0,59b505e7-b384-451b-90b1-80f2654dd10d::roof-oblique::oblique:2,0.611,59b505e7-b384-451b-90b1-80f2654dd10d::roof-flat::flat:6,1.0,0.641,flat_matched
59b505e7-b384-451b-90b1-80f2654dd10d,59b505e7-b384-451b-90b1-80f2654dd10d::ceiling-raw::2:10:1,2,10,1,0.0,,0.02,1.0,1.0,59b505e7-b384-451b-90b1-80f2654dd10d::roof-oblique::oblique:2,1.0,59b505e7-b384-451b-90b1-80f2654dd10d::roof-flat::flat:6,1.0,0.641,flat_matched
59b505e7-b384-451b-90b1-80f2654dd10d,59b505e7-b384-451b-90b1-80f2654dd10d::ceiling-raw::2:10:2,2,10,2,27.75,144.24,0.32,0.677,1.0,59b505e7-b384-451b-90b1-80f2654dd10d::roof-oblique::oblique:1,0.677,59b505e7-b384-451b-90b1-80f2654dd10d::roof-flat::flat:6,1.0,0.556,oblique_wrong_orientation
59b505e7-b384-451b-90b1-80f2654dd10d,59b505e7-b384-451b-90b1-80f2654dd10d::ceiling-raw::2:10:3,2,10,3,42.14,231.89,0.738,1.0,1.0,59b505e7-b384-451b-90b1-80f2654dd10d::roof-oblique::oblique:2,1.0,59b505e7-b384-451b-90b1-80f2654dd10d::roof-flat::flat:3,1.0,0.99,oblique_matched
59b505e7-b384-451b-90b1-80f2654dd10d,59b505e7-b384-451b-90b1-80f2654dd10d::ceiling-raw::2:10:4,2,10,4,43.84,51.89,0.078,0,1.0,,0.0,59b505e7-b384-451b-90b1-80f2654dd10d::roof-flat::flat:6,1.0,,oblique_covered_by_flat
59b505e7-b384-451b-90b1-80f2654dd10d,59b505e7-b384-451b-90b1-80f2654dd10d::ceiling-raw::2:10:5,2,10,5,44.09,51.9,0.075,0.321,1.0,59b505e7-b384-451b-90b1-80f2654dd10d::roof-oblique::oblique:2,0.321,59b505e7-b384-451b-90b1-80f2654dd10d::roof-flat::flat:6,1.0,0.073,oblique_covered_by_flat
59b505e7-b384-451b-90b1-80f2654dd10d,59b505e7-b384-451b-90b1-80f2654dd10d::ceiling-raw::2:10:6,2,10,6,46.39,262.34,0.176,1.0,1.0,59b505e7-b384-451b-90b1-80f2654dd10d::roof-oblique::oblique:2,1.0,59b505e7-b384-451b-90b1-80f2654dd10d::roof-flat::flat:6,1.0,0.921,oblique_matched
59b505e7-b384-451b-90b1-80f2654dd10d,59b505e7-b384-451b-90b1-80f2654dd10d::ceiling-raw::2:10:7,2,10,7,47.78,80.37,0.31,0.081,1.0,59b505e7-b384-451b-90b1-80f2654dd10d::roof-oblique::oblique:1,0.05,59b505e7-b384-451b-90b1-80f2654dd10d::roof-flat::flat:3,1.0,0.931,oblique_covered_by_flat
59b505e7-b384-451b-90b1-80f2654dd10d,59b505e7-b384-451b-90b1-80f2654dd10d::ceiling-raw::2:10:8,2,10,8,48.18,141.89,0.738,1.0,1.0,59b505e7-b384-451b-90b1-80f2654dd10d::roof-oblique::oblique:2,1.0,59b505e7-b384-451b-90b1-80f2654dd10d::roof-flat::flat:3,1.0,0.428,oblique_wrong_orientation
59b505e7-b384-451b-90b1-80f2654dd10d,59b505e7-b384-451b-90b1-80f2654dd10d::ceiling-raw::2:10:9,2,10,9,51.07,72.61,0.153,0.016,1.0,59b505e7-b384-451b-90b1-80f2654dd10d::roof-oblique::oblique:2,0.016,59b505e7-b384-451b-90b1-80f2654dd10d::roof-flat::flat:6,1.0,0.155,oblique_covered_by_flat
59b505e7-b384-451b-90b1-80f2654dd10d,59b505e7-b384-451b-90b1-80f2654dd10d::ceiling-raw::2:10:10,2,10,10,58.94,98.03,0.313,0.491,1.0,59b505e7-b384-451b-90b1-80f2654dd10d::roof-oblique::oblique:1,0.491,59b505e7-b384-451b-90b1-80f2654dd10d::roof-flat::flat:6,1.0,0.786,oblique_covered_by_flat
59b505e7-b384-451b-90b1-80f2654dd10d,59b505e7-b384-451b-90b1-80f2654dd10d::ceiling-raw::2:10:11,2,10,11,59.34,190.4,0.156,1.0,1.0,59b505e7-b384-451b-90b1-80f2654dd10d::roof-oblique::oblique:2,1.0,59b505e7-b384-451b-90b1-80f2654dd10d::roof-flat::flat:6,1.0,0.821,oblique_matched
59b505e7-b384-451b-90b1-80f2654dd10d,59b505e7-b384-451b-90b1-80f2654dd10d::ceiling-raw::2:11:0,2,11,0,0.0,,8.59,0.851,1.0,59b505e7-b384-451b-90b1-80f2654dd10d::roof-oblique::oblique:2,0.336,59b505e7-b384-451b-90b1-80f2654dd10d::roof-flat::flat:6,1.0,0.641,flat_matched
59b505e7-b384-451b-90b1-80f2654dd10d,59b505e7-b384-451b-90b1-80f2654dd10d::ceiling-raw::2:11:1,2,11,1,0.0,,2.664,0.315,1.0,59b505e7-b384-451b-90b1-80f2654dd10d::roof-oblique::oblique:2,0.271,59b505e7-b384-451b-90b1-80f2654dd10d::roof-flat::flat:6,1.0,0.641,flat_matched
59b505e7-b384-451b-90b1-80f2654dd10d,59b505e7-b384-451b-90b1-80f2654dd10d::ceiling-raw::2:11:2,2,11,2,44.93,140.9,1.268,0.463,1.0,59b505e7-b384-451b-90b1-80f2654dd10d::roof-oblique::oblique:2,0.463,59b505e7-b384-451b-90b1-80f2654dd10d::roof-flat::flat:6,1.0,0.445,oblique_covered_by_flat
59b505e7-b384-451b-90b1-80f2654dd10d,59b505e7-b384-451b-90b1-80f2654dd10d::ceiling-raw::2:11:3,2,11,3,47.54,141.91,0.329,0,1.0,,0.0,59b505e7-b384-451b-90b1-80f2654dd10d::roof-flat::flat:6,0.786,,oblique_covered_by_flat
59b505e7-b384-451b-90b1-80f2654dd10d,59b505e7-b384-451b-90b1-80f2654dd10d::ceiling-raw::2:11:4,2,11,4,54.74,231.91,0.328,0,1.0,,0.0,59b505e7-b384-451b-90b1-80f2654dd10d::roof-flat::flat:6,0.647,,oblique_covered_by_flat
59b505e7-b384-451b-90b1-80f2654dd10d,59b505e7-b384-451b-90b1-80f2654dd10d::ceiling-raw::2:11:5,2,11,5,60.79,194.18,0.248,0,0.0,,0.0,59b505e7-b384-451b-90b1-80f2654dd10d::roof-flat::flat:6,0.0,,uncovered
59b505e7-b384-451b-90b1-80f2654dd10d,59b505e7-b384-451b-90b1-80f2654dd10d::ceiling-raw::2:11:6,2,11,6,63.56,85.2,0.45,0,1.0,,0.0,59b505e7-b384-451b-90b1-80f2654dd10d::roof-flat::flat:6,0.857,,oblique_covered_by_flat
59b505e7-b384-451b-90b1-80f2654dd10d,59b505e7-b384-451b-90b1-80f2654dd10d::ceiling-raw::2:11:7,2,11,7,68.51,141.86,0.442,0,0.001,,0.0,59b505e7-b384-451b-90b1-80f2654dd10d::roof-flat::flat:6,0.001,,uncovered
5a97cb51-78cd-40c7-9dd5-423bdea306a6,5a97cb51-78cd-40c7-9dd5-423bdea306a6::ceiling-raw::0:0:0,0,0,0,0.0,,16.873,1.0,1.0,5a97cb51-78cd-40c7-9dd5-423bdea306a6::roof-oblique::oblique:1,1.0,5a97cb51-78cd-40c7-9dd5-423bdea306a6::roof-flat::flat:8,1.0,0.97,flat_matched
5a97cb51-78cd-40c7-9dd5-423bdea306a6,5a97cb51-78cd-40c7-9dd5-423bdea306a6::ceiling-raw::0:1:0,0,1,0,0.0,,12.14,1.0,1.0,5a97cb51-78cd-40c7-9dd5-423bdea306a6::roof-oblique::oblique:1,1.0,5a97cb51-78cd-40c7-9dd5-423bdea306a6::roof-flat::flat:8,1.0,0.97,flat_matched
5a97cb51-78cd-40c7-9dd5-423bdea306a6,5a97cb51-78cd-40c7-9dd5-423bdea306a6::ceiling-raw::0:2:0,0,2,0,0.0,,10.335,1.0,1.0,5a97cb51-78cd-40c7-9dd5-423bdea306a6::roof-oblique::oblique:1,1.0,5a97cb51-78cd-40c7-9dd5-423bdea306a6::roof-flat::flat:8,1.0,0.97,flat_matched
5a97cb51-78cd-40c7-9dd5-423bdea306a6,5a97cb51-78cd-40c7-9dd5-423bdea306a6::ceiling-raw::0:3:0,0,3,0,0.0,,15.023,1.0,1.0,5a97cb51-78cd-40c7-9dd5-423bdea306a6::roof-oblique::oblique:1,0.645,5a97cb51-78cd-40c7-9dd5-423bdea306a6::roof-flat::flat:8,1.0,0.97,flat_matched
5a97cb51-78cd-40c7-9dd5-423bdea306a6,5a97cb51-78cd-40c7-9dd5-423bdea306a6::ceiling-raw::0:4:0,0,4,0,0.0,,11.216,1.0,1.0,5a97cb51-78cd-40c7-9dd5-423bdea306a6::roof-oblique::oblique:0,0.544,5a97cb51-78cd-40c7-9dd5-423bdea306a6::roof-flat::flat:8,1.0,0.86,flat_matched
5a97cb51-78cd-40c7-9dd5-423bdea306a6,5a97cb51-78cd-40c7-9dd5-423bdea306a6::ceiling-raw::0:5:0,0,5,0,0.0,,7.825,1.0,1.0,5a97cb51-78cd-40c7-9dd5-423bdea306a6::roof-oblique::oblique:1,1.0,5a97cb51-78cd-40c7-9dd5-423bdea306a6::roof-flat::flat:8,1.0,0.97,flat_matched
5a97cb51-78cd-40c7-9dd5-423bdea306a6,5a97cb51-78cd-40c7-9dd5-423bdea306a6::ceiling-raw::0:6:0,0,6,0,0.0,,9.65,1.0,1.0,5a97cb51-78cd-40c7-9dd5-423bdea306a6::roof-oblique::oblique:1,1.0,5a97cb51-78cd-40c7-9dd5-423bdea306a6::roof-flat::flat:8,1.0,0.97,flat_matched
5a97cb51-78cd-40c7-9dd5-423bdea306a6,5a97cb51-78cd-40c7-9dd5-423bdea306a6::ceiling-raw::0:7:0,0,7,0,0.0,,30.076,1.0,1.0,5a97cb51-78cd-40c7-9dd5-423bdea306a6::roof-oblique::oblique:1,0.591,5a97cb51-78cd-40c7-9dd5-423bdea306a6::roof-flat::flat:8,1.0,0.97,flat_matched
5a97cb51-78cd-40c7-9dd5-423bdea306a6,5a97cb51-78cd-40c7-9dd5-423bdea306a6::ceiling-raw::0:8:0,0,8,0,1.08,350.99,16.068,1.0,1.0,5a97cb51-78cd-40c7-9dd5-423bdea306a6::roof-oblique::oblique:1,1.0,5a97cb51-78cd-40c7-9dd5-423bdea306a6::roof-flat::flat:8,1.0,0.969,flat_matched
5a97cb51-78cd-40c7-9dd5-423bdea306a6,5a97cb51-78cd-40c7-9dd5-423bdea306a6::ceiling-raw::0:8:1,0,8,1,0.0,,3.396,1.0,1.0,5a97cb51-78cd-40c7-9dd5-423bdea306a6::roof-oblique::oblique:0,1.0,5a97cb51-78cd-40c7-9dd5-423bdea306a6::roof-flat::flat:8,1.0,0.86,flat_matched
5a97cb51-78cd-40c7-9dd5-423bdea306a6,5a97cb51-78cd-40c7-9dd5-423bdea306a6::ceiling-raw::0:8:2,0,8,2,13.78,255.78,11.21,1.0,1.0,5a97cb51-78cd-40c7-9dd5-423bdea306a6::roof-oblique::oblique:1,0.998,5a97cb51-78cd-40c7-9dd5-423bdea306a6::roof-flat::flat:8,1.0,1.0,oblique_matched
5a97cb51-78cd-40c7-9dd5-423bdea306a6,5a97cb51-78cd-40c7-9dd5-423bdea306a6::ceiling-raw::0:8:3,0,8,3,30.66,76.95,4.337,1.0,1.0,5a97cb51-78cd-40c7-9dd5-423bdea306a6::roof-oblique::oblique:0,0.998,5a97cb51-78cd-40c7-9dd5-423bdea306a6::roof-flat::flat:8,1.0,1.0,oblique_matched
5c557e06-393e-466e-a957-f7391b76b8ff,5c557e06-393e-466e-a957-f7391b76b8ff::ceiling-raw::0:0:0,0,0,0,0.0,,0.867,1.0,1.0,5c557e06-393e-466e-a957-f7391b76b8ff::roof-oblique::oblique:0,1.0,5c557e06-393e-466e-a957-f7391b76b8ff::roof-flat::flat:4,1.0,0.988,flat_matched
5c557e06-393e-466e-a957-f7391b76b8ff,5c557e06-393e-466e-a957-f7391b76b8ff::ceiling-raw::0:0:1,0,0,1,8.95,313.54,24.402,1.0,1.0,5c557e06-393e-466e-a957-f7391b76b8ff::roof-oblique::oblique:0,1.0,5c557e06-393e-466e-a957-f7391b76b8ff::roof-flat::flat:4,1.0,1.0,oblique_matched
5c557e06-393e-466e-a957-f7391b76b8ff,5c557e06-393e-466e-a957-f7391b76b8ff::ceiling-raw::0:1:0,0,1,0,0.0,,1.234,1.0,1.0,5c557e06-393e-466e-a957-f7391b76b8ff::roof-oblique::oblique:1,1.0,5c557e06-393e-466e-a957-f7391b76b8ff::roof-flat::flat:4,1.0,0.964,flat_matched
5c557e06-393e-466e-a957-f7391b76b8ff,5c557e06-393e-466e-a957-f7391b76b8ff::ceiling-raw::0:1:1,0,1,1,1.51,223.54,1.523,1.0,1.0,5c557e06-393e-466e-a957-f7391b76b8ff::roof-oblique::oblique:2,1.0,5c557e06-393e-466e-a957-f7391b76b8ff::roof-flat::flat:4,1.0,0.984,flat_matched
5c557e06-393e-466e-a957-f7391b76b8ff,5c557e06-393e-466e-a957-f7391b76b8ff::ceiling-raw::0:1:2,0,1,2,9.93,132.56,6.173,1.0,1.0,5c557e06-393e-466e-a957-f7391b76b8ff::roof-oblique::oblique:2,0.964,5c557e06-393e-466e-a957-f7391b76b8ff::roof-flat::flat:4,1.0,1.0,oblique_matched
5c557e06-393e-466e-a957-f7391b76b8ff,5c557e06-393e-466e-a957-f7391b76b8ff::ceiling-raw::0:1:3,0,1,3,9.73,125.18,2.508,1.0,1.0,5c557e06-393e-466e-a957-f7391b76b8ff::roof-oblique::oblique:1,0.986,5c557e06-393e-466e-a957-f7391b76b8ff::roof-flat::flat:4,1.0,0.995,oblique_matched
5c557e06-393e-466e-a957-f7391b76b8ff,5c557e06-393e-466e-a957-f7391b76b8ff::ceiling-raw::0:1:4,0,1,4,26.94,136.51,1.274,1.0,1.0,5c557e06-393e-466e-a957-f7391b76b8ff::roof-oblique::oblique:1,0.683,5c557e06-393e-466e-a957-f7391b76b8ff::roof-flat::flat:4,1.0,0.979,oblique_matched
5c557e06-393e-466e-a957-f7391b76b8ff,5c557e06-393e-466e-a957-f7391b76b8ff::ceiling-raw::0:2:0,0,2,0,0.0,,1.079,0.999,1.0,5c557e06-393e-466e-a957-f7391b76b8ff::roof-oblique::oblique:2,0.873,5c557e06-393e-466e-a957-f7391b76b8ff::roof-flat::flat:2,1.0,0.985,flat_matched
5c557e06-393e-466e-a957-f7391b76b8ff,5c557e06-393e-466e-a957-f7391b76b8ff::ceiling-raw::0:2:1,0,2,1,9.21,156.58,1.764,1.0,1.0,5c557e06-393e-466e-a957-f7391b76b8ff::roof-oblique::oblique:2,0.993,5c557e06-393e-466e-a957-f7391b76b8ff::roof-flat::flat:2,1.0,0.998,oblique_matched
5c557e06-393e-466e-a957-f7391b76b8ff,5c557e06-393e-466e-a957-f7391b76b8ff::ceiling-raw::0:2:2,0,2,2,11.18,126.38,1.478,1.0,1.0,5c557e06-393e-466e-a957-f7391b76b8ff::roof-oblique::oblique:2,1.0,5c557e06-393e-466e-a957-f7391b76b8ff::roof-flat::flat:2,1.0,1.0,oblique_matched
5c557e06-393e-466e-a957-f7391b76b8ff,5c557e06-393e-466e-a957-f7391b76b8ff::ceiling-raw::0:2:3,0,2,3,10.51,135.53,2.979,1.0,1.0,5c557e06-393e-466e-a957-f7391b76b8ff::roof-oblique::oblique:1,0.734,5c557e06-393e-466e-a957-f7391b76b8ff::roof-flat::flat:4,1.0,0.996,oblique_matched
5c557e06-393e-466e-a957-f7391b76b8ff,5c557e06-393e-466e-a957-f7391b76b8ff::ceiling-raw::0:2:4,0,2,4,22.36,133.58,0.434,1.0,1.0,5c557e06-393e-466e-a957-f7391b76b8ff::roof-oblique::oblique:2,1.0,5c557e06-393e-466e-a957-f7391b76b8ff::roof-flat::flat:2,1.0,0.977,oblique_matched
5c557e06-393e-466e-a957-f7391b76b8ff,5c557e06-393e-466e-a957-f7391b76b8ff::ceiling-raw::0:2:5,0,2,5,8.67,314.77,6.884,1.0,1.0,5c557e06-393e-466e-a957-f7391b76b8ff::roof-oblique::oblique:0,0.999,5c557e06-393e-466e-a957-f7391b76b8ff::roof-flat::flat:4,1.0,1.0,oblique_matched
5c557e06-393e-466e-a957-f7391b76b8ff,5c557e06-393e-466e-a957-f7391b76b8ff::ceiling-raw::0:2:6,0,2,6,8.76,313.55,7.19,0.0,1.0,5c557e06-393e-466e-a957-f7391b76b8ff::roof-oblique::oblique:0,0.0,5c557e06-393e-466e-a957-f7391b76b8ff::roof-flat::flat:4,1.0,1.0,oblique_covered_by_flat
5c557e06-393e-466e-a957-f7391b76b8ff,5c557e06-393e-466e-a957-f7391b76b8ff::ceiling-raw::0:2:7,0,2,7,0.0,,0.879,0.941,1.0,5c557e06-393e-466e-a957-f7391b76b8ff::roof-oblique::oblique:2,0.94,5c557e06-393e-466e-a957-f7391b76b8ff::roof-flat::flat:2,1.0,0.985,flat_matched
5c557e06-393e-466e-a957-f7391b76b8ff,5c557e06-393e-466e-a957-f7391b76b8ff::ceiling-raw::0:2:8,0,2,8,4.45,147.15,2.111,1.0,1.0,5c557e06-393e-466e-a957-f7391b76b8ff::roof-oblique::oblique:2,0.824,5c557e06-393e-466e-a957-f7391b76b8ff::roof-flat::flat:4,1.0,0.995,flat_matched
5c557e06-393e-466e-a957-f7391b76b8ff,5c557e06-393e-466e-a957-f7391b76b8ff::ceiling-raw::0:2:9,0,2,9,8.58,318.61,0.038,0.994,1.0,5c557e06-393e-466e-a957-f7391b76b8ff::roof-oblique::oblique:2,0.836,5c557e06-393e-466e-a957-f7391b76b8ff::roof-flat::flat:2,1.0,0.947,oblique_matched
5c557e06-393e-466e-a957-f7391b76b8ff,5c557e06-393e-466e-a957-f7391b76b8ff::ceiling-raw::0:2:10,0,2,10,9.86,132.21,2.825,1.0,1.0,5c557e06-393e-466e-a957-f7391b76b8ff::roof-oblique::oblique:1,1.0,5c557e06-393e-466e-a957-f7391b76b8ff::roof-flat::flat:4,1.0,0.995,oblique_matched
5c557e06-393e-466e-a957-f7391b76b8ff,5c557e06-393e-466e-a957-f7391b76b8ff::ceiling-raw::0:2:11,0,2,11,10.34,133.58,0.814,1.0,1.0,5c557e06-393e-466e-a957-f7391b76b8ff::roof-oblique::oblique:2,1.0,5c557e06-393e-466e-a957-f7391b76b8ff::roof-flat::flat:2,1.0,1.0,oblique_matched
5c557e06-393e-466e-a957-f7391b76b8ff,5c557e06-393e-466e-a957-f7391b76b8ff::ceiling-raw::0:2:12,0,2,12,10.45,153.67,0.065,1.0,1.0,5c557e06-393e-466e-a957-f7391b76b8ff::roof-oblique::oblique:2,1.0,5c557e06-393e-466e-a957-f7391b76b8ff::roof-flat::flat:2,1.0,0.998,oblique_matched
5c557e06-393e-466e-a957-f7391b76b8ff,5c557e06-393e-466e-a957-f7391b76b8ff::ceiling-raw::0:2:13,0,2,13,10.91,114.69,1.347,1.0,1.0,5c557e06-393e-466e-a957-f7391b76b8ff::roof-oblique::oblique:2,0.987,5c557e06-393e-466e-a957-f7391b76b8ff::roof-flat::flat:2,1.0,0.998,oblique_matched
5c557e06-393e-466e-a957-f7391b76b8ff,5c557e06-393e-466e-a957-f7391b76b8ff::ceiling-raw::0:2:14,0,2,14,22.39,130.69,1.216,1.0,1.0,5c557e06-393e-466e-a957-f7391b76b8ff::roof-oblique::oblique:2,1.0,5c557e06-393e-466e-a957-f7391b76b8ff::roof-flat::flat:4,1.0,0.977,oblique_matched
5c557e06-393e-466e-a957-f7391b76b8ff,5c557e06-393e-466e-a957-f7391b76b8ff::ceiling-raw::0:3:0,0,3,0,9.26,133.54,4.028,1.0,1.0,5c557e06-393e-466e-a957-f7391b76b8ff::roof-oblique::oblique:1,0.55,5c557e06-393e-466e-a957-f7391b76b8ff::roof-flat::flat:4,1.0,0.994,oblique_matched
5c557e06-393e-466e-a957-f7391b76b8ff,5c557e06-393e-466e-a957-f7391b76b8ff::ceiling-raw::0:4:0,0,4,0,19.28,133.54,7.805,1.0,0.74,5c557e06-393e-466e-a957-f7391b76b8ff::roof-oblique::oblique:1,1.0,5c557e06-393e-466e-a957-f7391b76b8ff::roof-flat::flat:4,0.733,0.998,oblique_matched
5ecc6e8c-228b-4167-9331-de247c802320,5ecc6e8c-228b-4167-9331-de247c802320::ceiling-raw::1:0:0,1,0,0,0.0,,26.948,0,1.0,,0.0,5ecc6e8c-228b-4167-9331-de247c802320::roof-flat::flat:3,1.0,,flat_matched
5ecc6e8c-228b-4167-9331-de247c802320,5ecc6e8c-228b-4167-9331-de247c802320::ceiling-raw::1:1:0,1,1,0,0.0,,30.168,0,1.0,,0.0,5ecc6e8c-228b-4167-9331-de247c802320::roof-flat::flat:3,1.0,,flat_matched
5ecc6e8c-228b-4167-9331-de247c802320,5ecc6e8c-228b-4167-9331-de247c802320::ceiling-raw::1:3:0,1,3,0,0.0,,3.657,0,1.0,,0.0,5ecc6e8c-228b-4167-9331-de247c802320::roof-flat::flat:3,1.0,,flat_matched
5ecc6e8c-228b-4167-9331-de247c802320,5ecc6e8c-228b-4167-9331-de247c802320::ceiling-raw::2:5:0,2,5,0,0.0,,5.759,1.0,0,5ecc6e8c-228b-4167-9331-de247c802320::roof-oblique::oblique:0,0.659,,0.0,0.806,flat_covered_by_oblique
5ecc6e8c-228b-4167-9331-de247c802320,5ecc6e8c-228b-4167-9331-de247c802320::ceiling-raw::2:5:1,2,5,1,35.98,115.8,7.187,1.0,0,5ecc6e8c-228b-4167-9331-de247c802320::roof-oblique::oblique:0,1.0,,0.0,1.0,oblique_matched
5ecc6e8c-228b-4167-9331-de247c802320,5ecc6e8c-228b-4167-9331-de247c802320::ceiling-raw::2:6:0,2,6,0,0.0,,2.215,1.0,0,5ecc6e8c-228b-4167-9331-de247c802320::roof-oblique::oblique:1,1.0,,0.0,0.811,flat_covered_by_oblique
5ecc6e8c-228b-4167-9331-de247c802320,5ecc6e8c-228b-4167-9331-de247c802320::ceiling-raw::2:6:1,2,6,1,35.74,296.18,6.725,1.0,0,5ecc6e8c-228b-4167-9331-de247c802320::roof-oblique::oblique:1,1.0,,0.0,1.0,oblique_matched
5ecc6e8c-228b-4167-9331-de247c802320,5ecc6e8c-228b-4167-9331-de247c802320::ceiling-raw::2:7:0,2,7,0,0.0,,2.564,1.0,0,5ecc6e8c-228b-4167-9331-de247c802320::roof-oblique::oblique:1,1.0,,0.0,0.811,flat_covered_by_oblique
5ecc6e8c-228b-4167-9331-de247c802320,5ecc6e8c-228b-4167-9331-de247c802320::ceiling-raw::2:7:1,2,7,1,35.94,296.49,7.345,1.0,0,5ecc6e8c-228b-4167-9331-de247c802320::roof-oblique::oblique:1,1.0,,0.0,1.0,oblique_matched
5ecc6e8c-228b-4167-9331-de247c802320,5ecc6e8c-228b-4167-9331-de247c802320::ceiling-raw::2:8:0,2,8,0,0.0,,3.775,1.0,0,5ecc6e8c-228b-4167-9331-de247c802320::roof-oblique::oblique:0,0.787,,0.0,0.806,flat_covered_by_oblique
5ecc6e8c-228b-4167-9331-de247c802320,5ecc6e8c-228b-4167-9331-de247c802320::ceiling-raw::2:8:1,2,8,1,36.61,116.3,0.092,1.0,0,5ecc6e8c-228b-4167-9331-de247c802320::roof-oblique::oblique:0,1.0,,0.0,1.0,oblique_matched
5ecc6e8c-228b-4167-9331-de247c802320,5ecc6e8c-228b-4167-9331-de247c802320::ceiling-raw::2:8:2,2,8,2,37.94,116.3,5.142,1.0,0,5ecc6e8c-228b-4167-9331-de247c802320::roof-oblique::oblique:0,1.0,,0.0,1.0,oblique_matched
5ecc6e8c-228b-4167-9331-de247c802320,5ecc6e8c-228b-4167-9331-de247c802320::ceiling-raw::2:8:3,2,8,3,41.87,86.74,0.088,1.0,0,5ecc6e8c-228b-4167-9331-de247c802320::roof-oblique::oblique:0,1.0,,0.0,0.944,oblique_matched
5ecc6e8c-228b-4167-9331-de247c802320,5ecc6e8c-228b-4167-9331-de247c802320::ceiling-raw::2:9:0,2,9,0,0.0,,3.963,1.0,0,5ecc6e8c-228b-4167-9331-de247c802320::roof-oblique::oblique:0,0.616,,0.0,0.806,flat_covered_by_oblique
5ecc6e8c-228b-4167-9331-de247c802320,5ecc6e8c-228b-4167-9331-de247c802320::ceiling-raw::2:9:1,2,9,1,2.75,195.74,0.349,1.0,0,5ecc6e8c-228b-4167-9331-de247c802320::roof-oblique::oblique:0,1.0,,0.0,0.81,flat_covered_by_oblique
5ecc6e8c-228b-4167-9331-de247c802320,5ecc6e8c-228b-4167-9331-de247c802320::ceiling-raw::2:9:2,2,9,2,20.35,117.93,0.435,1.0,0,5ecc6e8c-228b-4167-9331-de247c802320::roof-oblique::oblique:0,1.0,,0.0,0.961,oblique_matched
5ecc6e8c-228b-4167-9331-de247c802320,5ecc6e8c-228b-4167-9331-de247c802320::ceiling-raw::2:9:3,2,9,3,20.48,123.6,1.231,1.0,0,5ecc6e8c-228b-4167-9331-de247c802320::roof-oblique::oblique:0,1.0,,0.0,0.96,oblique_matched
5ecc6e8c-228b-4167-9331-de247c802320,5ecc6e8c-228b-4167-9331-de247c802320::ceiling-raw::2:9:4,2,9,4,33.83,118.34,6.745,0.999,0,5ecc6e8c-228b-4167-9331-de247c802320::roof-oblique::oblique:0,0.999,,0.0,0.999,oblique_matched
60f2f02b-8910-461c-879a-75925d256989,60f2f02b-8910-461c-879a-75925d256989::ceiling-raw::0:0:0,0,0,0,13.27,237.69,17.367,0.917,0,60f2f02b-8910-461c-879a-75925d256989::roof-oblique::oblique:0,0.917,,0.0,0.999,oblique_matched
60f2f02b-8910-461c-879a-75925d256989,60f2f02b-8910-461c-879a-75925d256989::ceiling-raw::1:7:0,1,7,0,0.0,,2.576,1.0,1.0,60f2f02b-8910-461c-879a-75925d256989::roof-oblique::oblique:1,1.0,60f2f02b-8910-461c-879a-75925d256989::roof-flat::flat:6,1.0,0.649,flat_matched
60f2f02b-8910-461c-879a-75925d256989,60f2f02b-8910-461c-879a-75925d256989::ceiling-raw::1:7:1,1,7,1,50.22,147.84,2.89,1.0,1.0,60f2f02b-8910-461c-879a-75925d256989::roof-oblique::oblique:1,1.0,60f2f02b-8910-461c-879a-75925d256989::roof-flat::flat:7,1.0,1.0,oblique_matched
60f2f02b-8910-461c-879a-75925d256989,60f2f02b-8910-461c-879a-75925d256989::ceiling-raw::1:8:0,1,8,0,0.0,,4.155,1.0,1.0,60f2f02b-8910-461c-879a-75925d256989::roof-oblique::oblique:1,0.825,60f2f02b-8910-461c-879a-75925d256989::roof-flat::flat:1,1.0,0.649,flat_matched
60f2f02b-8910-461c-879a-75925d256989,60f2f02b-8910-461c-879a-75925d256989::ceiling-raw::1:9:0,1,9,0,0.0,,9.132,1.0,1.0,60f2f02b-8910-461c-879a-75925d256989::roof-oblique::oblique:1,0.941,60f2f02b-8910-461c-879a-75925d256989::roof-flat::flat:7,1.0,0.649,flat_matched
60f2f02b-8910-461c-879a-75925d256989,60f2f02b-8910-461c-879a-75925d256989::ceiling-raw::1:9:1,1,9,1,49.96,148.65,0.629,1.0,1.0,60f2f02b-8910-461c-879a-75925d256989::roof-oblique::oblique:1,1.0,60f2f02b-8910-461c-879a-75925d256989::roof-flat::flat:7,1.0,1.0,oblique_matched
60f2f02b-8910-461c-879a-75925d256989,60f2f02b-8910-461c-879a-75925d256989::ceiling-raw::1:9:2,1,9,2,50.26,161.22,1.35,1.0,1.0,60f2f02b-8910-461c-879a-75925d256989::roof-oblique::oblique:1,1.0,60f2f02b-8910-461c-879a-75925d256989::roof-flat::flat:2,1.0,0.985,oblique_matched
60f2f02b-8910-461c-879a-75925d256989,60f2f02b-8910-461c-879a-75925d256989::ceiling-raw::1:9:3,1,9,3,51.43,120.29,0.279,1.0,1.0,60f2f02b-8910-461c-879a-75925d256989::roof-oblique::oblique:1,1.0,60f2f02b-8910-461c-879a-75925d256989::roof-flat::flat:7,1.0,0.929,oblique_matched
60f2f02b-8910-461c-879a-75925d256989,60f2f02b-8910-461c-879a-75925d256989::ceiling-raw::1:9:4,1,9,4,65.64,148.64,0.721,1.0,1.0,60f2f02b-8910-461c-879a-75925d256989::roof-oblique::oblique:1,1.0,60f2f02b-8910-461c-879a-75925d256989::roof-flat::flat:2,1.0,0.961,oblique_matched
60f2f02b-8910-461c-879a-75925d256989,60f2f02b-8910-461c-879a-75925d256989::ceiling-raw::1:9:5,1,9,5,66.32,133.14,0.31,1.0,1.0,60f2f02b-8910-461c-879a-75925d256989::roof-oblique::oblique:1,1.0,60f2f02b-8910-461c-879a-75925d256989::roof-flat::flat:7,1.0,0.933,oblique_matched
60f2f02b-8910-461c-879a-75925d256989,60f2f02b-8910-461c-879a-75925d256989::ceiling-raw::1:10:0,1,10,0,0.0,,10.315,0.998,1.0,60f2f02b-8910-461c-879a-75925d256989::roof-oblique::oblique:1,0.882,60f2f02b-8910-461c-879a-75925d256989::roof-flat::flat:7,1.0,0.649,flat_matched
60f2f02b-8910-461c-879a-75925d256989,60f2f02b-8910-461c-879a-75925d256989::ceiling-raw::1:10:1,1,10,1,31.35,135.4,0.181,0.966,1.0,60f2f02b-8910-461c-879a-75925d256989::roof-oblique::oblique:1,0.966,60f2f02b-8910-461c-879a-75925d256989::roof-flat::flat:3,1.0,0.94,oblique_matched
60f2f02b-8910-461c-879a-75925d256989,60f2f02b-8910-461c-879a-75925d256989::ceiling-raw::1:10:2,1,10,2,40.17,150.04,0.798,0.988,1.0,60f2f02b-8910-461c-879a-75925d256989::roof-oblique::oblique:1,0.988,60f2f02b-8910-461c-879a-75925d256989::roof-flat::flat:8,1.0,0.987,oblique_matched
60f2f02b-8910-461c-879a-75925d256989,60f2f02b-8910-461c-879a-75925d256989::ceiling-raw::1:10:3,1,10,3,49.67,150.82,0.66,1.0,1.0,60f2f02b-8910-461c-879a-75925d256989::roof-oblique::oblique:1,1.0,60f2f02b-8910-461c-879a-75925d256989::roof-flat::flat:3,1.0,0.999,oblique_matched
60f2f02b-8910-461c-879a-75925d256989,60f2f02b-8910-461c-879a-75925d256989::ceiling-raw::1:11:0,1,11,0,0.0,,12.264,1.0,1.0,60f2f02b-8910-461c-879a-75925d256989::roof-oblique::oblique:2,1.0,60f2f02b-8910-461c-879a-75925d256989::roof-flat::flat:7,1.0,0.68,flat_matched
60f2f02b-8910-461c-879a-75925d256989,60f2f02b-8910-461c-879a-75925d256989::ceiling-raw::1:12:0,1,12,0,0.0,,8.869,1.0,1.0,60f2f02b-8910-461c-879a-75925d256989::roof-oblique::oblique:2,1.0,60f2f02b-8910-461c-879a-75925d256989::roof-flat::flat:6,1.0,0.68,flat_matched
60f2f02b-8910-461c-879a-75925d256989,60f2f02b-8910-461c-879a-75925d256989::ceiling-raw::1:12:1,1,12,1,47.12,328.07,2.591,0.999,1.0,60f2f02b-8910-461c-879a-75925d256989::roof-oblique::oblique:2,0.999,60f2f02b-8910-461c-879a-75925d256989::roof-flat::flat:8,1.0,1.0,oblique_matched
60fa343a-d19a-4d18-b939-33b80e790be6,60fa343a-d19a-4d18-b939-33b80e790be6::ceiling-raw::0:2:0,0,2,0,0.0,,27.467,0,1.0,,0.0,60fa343a-d19a-4d18-b939-33b80e790be6::roof-flat::flat:6,1.0,,flat_matched
60fa343a-d19a-4d18-b939-33b80e790be6,60fa343a-d19a-4d18-b939-33b80e790be6::ceiling-raw::0:2:1,0,2,1,0.0,,2.048,0,1.0,,0.0,60fa343a-d19a-4d18-b939-33b80e790be6::roof-flat::flat:0,1.0,,flat_matched
60fa343a-d19a-4d18-b939-33b80e790be6,60fa343a-d19a-4d18-b939-33b80e790be6::ceiling-raw::1:5:0,1,5,0,0.0,,5.891,0,1.0,,0.0,60fa343a-d19a-4d18-b939-33b80e790be6::roof-flat::flat:7,1.0,,flat_matched
60fa343a-d19a-4d18-b939-33b80e790be6,60fa343a-d19a-4d18-b939-33b80e790be6::ceiling-raw::1:6:0,1,6,0,0.0,,6.932,0,1.0,,0.0,60fa343a-d19a-4d18-b939-33b80e790be6::roof-flat::flat:7,1.0,,flat_matched
60fa343a-d19a-4d18-b939-33b80e790be6,60fa343a-d19a-4d18-b939-33b80e790be6::ceiling-raw::1:7:0,1,7,0,0.0,,5.642,0,1.0,,0.0,60fa343a-d19a-4d18-b939-33b80e790be6::roof-flat::flat:7,1.0,,flat_matched
60fa343a-d19a-4d18-b939-33b80e790be6,60fa343a-d19a-4d18-b939-33b80e790be6::ceiling-raw::1:8:0,1,8,0,0.0,,32.256,0,1.0,,0.0,60fa343a-d19a-4d18-b939-33b80e790be6::roof-flat::flat:7,1.0,,flat_matched
60fa343a-d19a-4d18-b939-33b80e790be6,60fa343a-d19a-4d18-b939-33b80e790be6::ceiling-raw::1:9:0,1,9,0,0.0,,8.615,0,1.0,,0.0,60fa343a-d19a-4d18-b939-33b80e790be6::roof-flat::flat:7,1.0,,flat_matched
612d1bc8-dbed-47cb-aef5-3e64964ccc04,612d1bc8-dbed-47cb-aef5-3e64964ccc04::ceiling-raw::0:0:0,0,0,0,0.0,,7.311,0,1.0,,0.0,612d1bc8-dbed-47cb-aef5-3e64964ccc04::roof-flat::flat:10,1.0,,flat_matched
612d1bc8-dbed-47cb-aef5-3e64964ccc04,612d1bc8-dbed-47cb-aef5-3e64964ccc04::ceiling-raw::0:1:0,0,1,0,0.0,,5.235,0,1.0,,0.0,612d1bc8-dbed-47cb-aef5-3e64964ccc04::roof-flat::flat:10,1.0,,flat_matched
612d1bc8-dbed-47cb-aef5-3e64964ccc04,612d1bc8-dbed-47cb-aef5-3e64964ccc04::ceiling-raw::0:2:0,0,2,0,0.0,,4.76,0,1.0,,0.0,612d1bc8-dbed-47cb-aef5-3e64964ccc04::roof-flat::flat:10,1.0,,flat_matched
612d1bc8-dbed-47cb-aef5-3e64964ccc04,612d1bc8-dbed-47cb-aef5-3e64964ccc04::ceiling-raw::0:3:0,0,3,0,0.0,,59.295,0,1.0,,0.0,612d1bc8-dbed-47cb-aef5-3e64964ccc04::roof-flat::flat:10,1.0,,flat_matched
612d1bc8-dbed-47cb-aef5-3e64964ccc04,612d1bc8-dbed-47cb-aef5-3e64964ccc04::ceiling-raw::0:4:0,0,4,0,0.0,,11.114,0,1.0,,0.0,612d1bc8-dbed-47cb-aef5-3e64964ccc04::roof-flat::flat:10,1.0,,flat_matched
612d1bc8-dbed-47cb-aef5-3e64964ccc04,612d1bc8-dbed-47cb-aef5-3e64964ccc04::ceiling-raw::0:5:0,0,5,0,0.0,,11.184,0,1.0,,0.0,612d1bc8-dbed-47cb-aef5-3e64964ccc04::roof-flat::flat:10,1.0,,flat_matched
612d1bc8-dbed-47cb-aef5-3e64964ccc04,612d1bc8-dbed-47cb-aef5-3e64964ccc04::ceiling-raw::0:6:0,0,6,0,0.0,,3.754,0,1.0,,0.0,612d1bc8-dbed-47cb-aef5-3e64964ccc04::roof-flat::flat:10,1.0,,flat_matched
612d1bc8-dbed-47cb-aef5-3e64964ccc04,612d1bc8-dbed-47cb-aef5-3e64964ccc04::ceiling-raw::0:7:0,0,7,0,0.0,,4.704,0,1.0,,0.0,612d1bc8-dbed-47cb-aef5-3e64964ccc04::roof-flat::flat:10,1.0,,flat_matched
612d1bc8-dbed-47cb-aef5-3e64964ccc04,612d1bc8-dbed-47cb-aef5-3e64964ccc04::ceiling-raw::0:8:0,0,8,0,0.0,,17.849,0,1.0,,0.0,612d1bc8-dbed-47cb-aef5-3e64964ccc04::roof-flat::flat:10,1.0,,flat_matched
612d1bc8-dbed-47cb-aef5-3e64964ccc04,612d1bc8-dbed-47cb-aef5-3e64964ccc04::ceiling-raw::0:9:0,0,9,0,0.0,,7.74,0,1.0,,0.0,612d1bc8-dbed-47cb-aef5-3e64964ccc04::roof-flat::flat:10,1.0,,flat_matched
6203a969-742b-4935-bc4d-8eae644b8f73,6203a969-742b-4935-bc4d-8eae644b8f73::ceiling-raw::0:0:0,0,0,0,0.0,,8.73,0,1.0,,0.0,6203a969-742b-4935-bc4d-8eae644b8f73::roof-flat::flat:11,1.0,,flat_matched
6203a969-742b-4935-bc4d-8eae644b8f73,6203a969-742b-4935-bc4d-8eae644b8f73::ceiling-raw::0:1:0,0,1,0,0.0,,11.854,0.596,1.0,6203a969-742b-4935-bc4d-8eae644b8f73::roof-oblique::oblique:1,0.596,6203a969-742b-4935-bc4d-8eae644b8f73::roof-flat::flat:11,1.0,0.634,flat_matched
6203a969-742b-4935-bc4d-8eae644b8f73,6203a969-742b-4935-bc4d-8eae644b8f73::ceiling-raw::0:2:0,0,2,0,0.0,,21.047,0.274,1.0,6203a969-742b-4935-bc4d-8eae644b8f73::roof-oblique::oblique:1,0.274,6203a969-742b-4935-bc4d-8eae644b8f73::roof-flat::flat:2,1.0,0.634,flat_matched
6203a969-742b-4935-bc4d-8eae644b8f73,6203a969-742b-4935-bc4d-8eae644b8f73::ceiling-raw::0:3:0,0,3,0,0.0,,26.285,1.0,1.0,6203a969-742b-4935-bc4d-8eae644b8f73::roof-oblique::oblique:0,0.51,6203a969-742b-4935-bc4d-8eae644b8f73::roof-flat::flat:12,1.0,0.649,flat_matched
6203a969-742b-4935-bc4d-8eae644b8f73,6203a969-742b-4935-bc4d-8eae644b8f73::ceiling-raw::0:3:1,0,3,1,49.56,185.95,8.789,0.998,1.0,6203a969-742b-4935-bc4d-8eae644b8f73::roof-oblique::oblique:0,0.998,6203a969-742b-4935-bc4d-8eae644b8f73::roof-flat::flat:12,1.0,1.0,oblique_matched
6203a969-742b-4935-bc4d-8eae644b8f73,6203a969-742b-4935-bc4d-8eae644b8f73::ceiling-raw::0:3:2,0,3,2,50.67,6.41,8.776,0.999,1.0,6203a969-742b-4935-bc4d-8eae644b8f73::roof-oblique::oblique:1,0.999,6203a969-742b-4935-bc4d-8eae644b8f73::roof-flat::flat:12,1.0,1.0,oblique_matched
6203a969-742b-4935-bc4d-8eae644b8f73,6203a969-742b-4935-bc4d-8eae644b8f73::ceiling-raw::0:4:0,0,4,0,0.0,,6.208,1.0,1.0,6203a969-742b-4935-bc4d-8eae644b8f73::roof-oblique::oblique:1,1.0,6203a969-742b-4935-bc4d-8eae644b8f73::roof-flat::flat:11,1.0,0.634,flat_matched
6203a969-742b-4935-bc4d-8eae644b8f73,6203a969-742b-4935-bc4d-8eae644b8f73::ceiling-raw::0:5:0,0,5,0,0.0,,1.846,1.0,1.0,6203a969-742b-4935-bc4d-8eae644b8f73::roof-oblique::oblique:1,1.0,6203a969-742b-4935-bc4d-8eae644b8f73::roof-flat::flat:11,1.0,0.634,flat_matched
6203a969-742b-4935-bc4d-8eae644b8f73,6203a969-742b-4935-bc4d-8eae644b8f73::ceiling-raw::0:6:0,0,6,0,0.0,,13.922,1.0,1.0,6203a969-742b-4935-bc4d-8eae644b8f73::roof-oblique::oblique:0,0.948,6203a969-742b-4935-bc4d-8eae644b8f73::roof-flat::flat:11,1.0,0.649,flat_matched
6203a969-742b-4935-bc4d-8eae644b8f73,6203a969-742b-4935-bc4d-8eae644b8f73::ceiling-raw::0:7:0,0,7,0,0.0,,5.188,0.937,1.0,6203a969-742b-4935-bc4d-8eae644b8f73::roof-oblique::oblique:0,0.937,6203a969-742b-4935-bc4d-8eae644b8f73::roof-flat::flat:11,1.0,0.649,flat_matched
6203a969-742b-4935-bc4d-8eae644b8f73,6203a969-742b-4935-bc4d-8eae644b8f73::ceiling-raw::0:8:0,0,8,0,0.0,,16.552,0.384,1.0,6203a969-742b-4935-bc4d-8eae644b8f73::roof-oblique::oblique:0,0.384,6203a969-742b-4935-bc4d-8eae644b8f73::roof-flat::flat:11,1.0,0.649,flat_matched
6203a969-742b-4935-bc4d-8eae644b8f73,6203a969-742b-4935-bc4d-8eae644b8f73::ceiling-raw::0:9:0,0,9,0,0.0,,11.128,0,1.0,,0.0,6203a969-742b-4935-bc4d-8eae644b8f73::roof-flat::flat:11,1.0,,flat_matched
6203a969-742b-4935-bc4d-8eae644b8f73,6203a969-742b-4935-bc4d-8eae644b8f73::ceiling-raw::0:10:0,0,10,0,0.0,,4.708,0,1.0,,0.0,6203a969-742b-4935-bc4d-8eae644b8f73::roof-flat::flat:11,1.0,,flat_matched
6203a969-742b-4935-bc4d-8eae644b8f73,6203a969-742b-4935-bc4d-8eae644b8f73::ceiling-raw::0:11:0,0,11,0,0.0,,5.215,0,1.0,,0.0,6203a969-742b-4935-bc4d-8eae644b8f73::roof-flat::flat:11,1.0,,flat_matched
6203a969-742b-4935-bc4d-8eae644b8f73,6203a969-742b-4935-bc4d-8eae644b8f73::ceiling-raw::0:12:0,0,12,0,0.0,,11.599,0,1.0,,0.0,6203a969-742b-4935-bc4d-8eae644b8f73::roof-flat::flat:11,1.0,,flat_matched
66a72e63-8b3c-4e57-977b-32f5119a9d09,66a72e63-8b3c-4e57-977b-32f5119a9d09::ceiling-raw::2:0:0,2,0,0,45.85,172.11,0.174,0.999,1.0,66a72e63-8b3c-4e57-977b-32f5119a9d09::roof-oblique::oblique:1,0.999,66a72e63-8b3c-4e57-977b-32f5119a9d09::roof-flat::flat:3,1.0,0.999,oblique_matched
66a72e63-8b3c-4e57-977b-32f5119a9d09,66a72e63-8b3c-4e57-977b-32f5119a9d09::ceiling-raw::2:0:1,2,0,1,52.02,146.02,0.174,1.0,1.0,66a72e63-8b3c-4e57-977b-32f5119a9d09::roof-oblique::oblique:1,1.0,66a72e63-8b3c-4e57-977b-32f5119a9d09::roof-flat::flat:3,1.0,0.934,oblique_matched
66a72e63-8b3c-4e57-977b-32f5119a9d09,66a72e63-8b3c-4e57-977b-32f5119a9d09::ceiling-raw::2:0:2,2,0,2,0.0,,5.483,1.0,1.0,66a72e63-8b3c-4e57-977b-32f5119a9d09::roof-oblique::oblique:0,0.848,66a72e63-8b3c-4e57-977b-32f5119a9d09::roof-flat::flat:3,1.0,0.751,flat_matched
66a72e63-8b3c-4e57-977b-32f5119a9d09,66a72e63-8b3c-4e57-977b-32f5119a9d09::ceiling-raw::2:0:3,2,0,3,40.37,352.73,4.106,0.999,1.0,66a72e63-8b3c-4e57-977b-32f5119a9d09::roof-oblique::oblique:0,0.999,66a72e63-8b3c-4e57-977b-32f5119a9d09::roof-flat::flat:3,1.0,1.0,oblique_matched
66a72e63-8b3c-4e57-977b-32f5119a9d09,66a72e63-8b3c-4e57-977b-32f5119a9d09::ceiling-raw::2:0:5,2,0,5,3.83,262.12,1.562,1.0,1.0,66a72e63-8b3c-4e57-977b-32f5119a9d09::roof-oblique::oblique:1,1.0,66a72e63-8b3c-4e57-977b-32f5119a9d09::roof-flat::flat:3,1.0,0.723,flat_matched
66a72e63-8b3c-4e57-977b-32f5119a9d09,66a72e63-8b3c-4e57-977b-32f5119a9d09::ceiling-raw::2:0:6,2,0,6,6.59,172.12,1.707,1.0,1.0,66a72e63-8b3c-4e57-977b-32f5119a9d09::roof-oblique::oblique:1,1.0,66a72e63-8b3c-4e57-977b-32f5119a9d09::roof-flat::flat:3,1.0,0.799,oblique_wrong_orientation
66a72e63-8b3c-4e57-977b-32f5119a9d09,66a72e63-8b3c-4e57-977b-32f5119a9d09::ceiling-raw::2:0:7,2,0,7,29.39,82.11,0.181,1.0,1.0,66a72e63-8b3c-4e57-977b-32f5119a9d09::roof-oblique::oblique:1,1.0,66a72e63-8b3c-4e57-977b-32f5119a9d09::roof-flat::flat:3,1.0,0.632,oblique_wrong_orientation
66a72e63-8b3c-4e57-977b-32f5119a9d09,66a72e63-8b3c-4e57-977b-32f5119a9d09::ceiling-raw::2:0:8,2,0,8,45.94,176.61,1.463,1.0,1.0,66a72e63-8b3c-4e57-977b-32f5119a9d09::roof-oblique::oblique:1,1.0,66a72e63-8b3c-4e57-977b-32f5119a9d09::roof-flat::flat:3,1.0,0.998,oblique_matched
66a72e63-8b3c-4e57-977b-32f5119a9d09,66a72e63-8b3c-4e57-977b-32f5119a9d09::ceiling-raw::2:0:9,2,0,9,49.71,172.12,1.427,1.0,1.0,66a72e63-8b3c-4e57-977b-32f5119a9d09::roof-oblique::oblique:1,1.0,66a72e63-8b3c-4e57-977b-32f5119a9d09::roof-flat::flat:3,1.0,0.994,oblique_matched
66a72e63-8b3c-4e57-977b-32f5119a9d09,66a72e63-8b3c-4e57-977b-32f5119a9d09::ceiling-raw::2:1:0,2,1,0,0.0,,10.274,1.0,1.0,66a72e63-8b3c-4e57-977b-32f5119a9d09::roof-oblique::oblique:0,1.0,66a72e63-8b3c-4e57-977b-32f5119a9d09::roof-flat::flat:3,1.0,0.751,flat_matched
66a72e63-8b3c-4e57-977b-32f5119a9d09,66a72e63-8b3c-4e57-977b-32f5119a9d09::ceiling-raw::2:2:0,2,2,0,0.0,,4.399,1.0,1.0,66a72e63-8b3c-4e57-977b-32f5119a9d09::roof-oblique::oblique:1,0.979,66a72e63-8b3c-4e57-977b-32f5119a9d09::roof-flat::flat:3,1.0,0.725,flat_matched
66a72e63-8b3c-4e57-977b-32f5119a9d09,66a72e63-8b3c-4e57-977b-32f5119a9d09::ceiling-raw::2:2:1,2,2,1,40.95,171.6,3.855,0.999,1.0,66a72e63-8b3c-4e57-977b-32f5119a9d09::roof-oblique::oblique:1,0.999,66a72e63-8b3c-4e57-977b-32f5119a9d09::roof-flat::flat:5,1.0,0.999,oblique_matched
66a72e63-8b3c-4e57-977b-32f5119a9d09,66a72e63-8b3c-4e57-977b-32f5119a9d09::ceiling-raw::2:4:0,2,4,0,0.0,,14.045,0.999,1.0,66a72e63-8b3c-4e57-977b-32f5119a9d09::roof-oblique::oblique:0,0.646,66a72e63-8b3c-4e57-977b-32f5119a9d09::roof-flat::flat:3,1.0,0.751,flat_matched
66a72e63-8b3c-4e57-977b-32f5119a9d09,66a72e63-8b3c-4e57-977b-32f5119a9d09::ceiling-raw::2:4:1,2,4,1,0.0,,0.454,1.0,1.0,66a72e63-8b3c-4e57-977b-32f5119a9d09::roof-oblique::oblique:0,1.0,66a72e63-8b3c-4e57-977b-32f5119a9d09::roof-flat::flat:3,1.0,0.751,flat_matched
66a72e63-8b3c-4e57-977b-32f5119a9d09,66a72e63-8b3c-4e57-977b-32f5119a9d09::ceiling-raw::2:4:2,2,4,2,12.21,256.3,0.538,1.0,1.0,66a72e63-8b3c-4e57-977b-32f5119a9d09::roof-oblique::oblique:0,1.0,66a72e63-8b3c-4e57-977b-32f5119a9d09::roof-flat::flat:3,1.0,0.72,oblique_wrong_orientation
66a72e63-8b3c-4e57-977b-32f5119a9d09,66a72e63-8b3c-4e57-977b-32f5119a9d09::ceiling-raw::2:4:3,2,4,3,20.6,317.08,0.864,1.0,1.0,66a72e63-8b3c-4e57-977b-32f5119a9d09::roof-oblique::oblique:0,1.0,66a72e63-8b3c-4e57-977b-32f5119a9d09::roof-flat::flat:3,1.0,0.893,oblique_matched
66a72e63-8b3c-4e57-977b-32f5119a9d09,66a72e63-8b3c-4e57-977b-32f5119a9d09::ceiling-raw::2:4:4,2,4,4,23.47,262.04,0.526,1.0,1.0,66a72e63-8b3c-4e57-977b-32f5119a9d09::roof-oblique::oblique:1,1.0,66a72e63-8b3c-4e57-977b-32f5119a9d09::roof-flat::flat:3,1.0,0.665,oblique_wrong_orientation
66a72e63-8b3c-4e57-977b-32f5119a9d09,66a72e63-8b3c-4e57-977b-32f5119a9d09::ceiling-raw::2:4:5,2,4,5,25.27,351.43,1.381,0.999,1.0,66a72e63-8b3c-4e57-977b-32f5119a9d09::roof-oblique::oblique:0,0.999,66a72e63-8b3c-4e57-977b-32f5119a9d09::roof-flat::flat:3,1.0,0.961,oblique_matched
66a72e63-8b3c-4e57-977b-32f5119a9d09,66a72e63-8b3c-4e57-977b-32f5119a9d09::ceiling-raw::2:4:6,2,4,6,34.08,47.29,0.143,1.0,1.0,66a72e63-8b3c-4e57-977b-32f5119a9d09::roof-oblique::oblique:0,1.0,66a72e63-8b3c-4e57-977b-32f5119a9d09::roof-flat::flat:3,1.0,0.833,oblique_matched
66a72e63-8b3c-4e57-977b-32f5119a9d09,66a72e63-8b3c-4e57-977b-32f5119a9d09::ceiling-raw::2:4:7,2,4,7,36.44,352.05,0.205,1.0,1.0,66a72e63-8b3c-4e57-977b-32f5119a9d09::roof-oblique::oblique:0,1.0,66a72e63-8b3c-4e57-977b-32f5119a9d09::roof-flat::flat:3,1.0,0.996,oblique_matched
66a72e63-8b3c-4e57-977b-32f5119a9d09,66a72e63-8b3c-4e57-977b-32f5119a9d09::ceiling-raw::2:4:8,2,4,8,40.73,171.3,1.753,1.0,1.0,66a72e63-8b3c-4e57-977b-32f5119a9d09::roof-oblique::oblique:1,1.0,66a72e63-8b3c-4e57-977b-32f5119a9d09::roof-flat::flat:5,1.0,0.999,oblique_matched
66a72e63-8b3c-4e57-977b-32f5119a9d09,66a72e63-8b3c-4e57-977b-32f5119a9d09::ceiling-raw::2:4:9,2,4,9,41.24,171.16,0.199,1.0,0.307,66a72e63-8b3c-4e57-977b-32f5119a9d09::roof-oblique::oblique:1,1.0,66a72e63-8b3c-4e57-977b-32f5119a9d09::roof-flat::flat:5,0.307,0.999,oblique_matched
66a72e63-8b3c-4e57-977b-32f5119a9d09,66a72e63-8b3c-4e57-977b-32f5119a9d09::ceiling-raw::2:4:10,2,4,10,41.24,172.04,0.53,1.0,1.0,66a72e63-8b3c-4e57-977b-32f5119a9d09::roof-oblique::oblique:1,1.0,66a72e63-8b3c-4e57-977b-32f5119a9d09::roof-flat::flat:3,1.0,0.999,oblique_matched
66a72e63-8b3c-4e57-977b-32f5119a9d09,66a72e63-8b3c-4e57-977b-32f5119a9d09::ceiling-raw::2:4:11,2,4,11,41.36,282.52,0.84,0.999,1.0,66a72e63-8b3c-4e57-977b-32f5119a9d09::roof-oblique::oblique:0,0.999,66a72e63-8b3c-4e57-977b-32f5119a9d09::roof-flat::flat:3,1.0,0.716,oblique_wrong_orientation
66a72e63-8b3c-4e57-977b-32f5119a9d09,66a72e63-8b3c-4e57-977b-32f5119a9d09::ceiling-raw::2:4:12,2,4,12,41.87,134.81,0.068,1.0,1.0,66a72e63-8b3c-4e57-977b-32f5119a9d09::roof-oblique::oblique:0,1.0,66a72e63-8b3c-4e57-977b-32f5119a9d09::roof-flat::flat:3,1.0,0.208,oblique_wrong_orientation
66a72e63-8b3c-4e57-977b-32f5119a9d09,66a72e63-8b3c-4e57-977b-32f5119a9d09::ceiling-raw::2:4:13,2,4,13,44.13,199.5,1.208,1.0,1.0,66a72e63-8b3c-4e57-977b-32f5119a9d09::roof-oblique::oblique:1,1.0,66a72e63-8b3c-4e57-977b-32f5119a9d09::roof-flat::flat:3,0.597,0.946,oblique_matched
66a72e63-8b3c-4e57-977b-32f5119a9d09,66a72e63-8b3c-4e57-977b-32f5119a9d09::ceiling-raw::2:4:14,2,4,14,43.9,326.51,1.387,1.0,1.0,66a72e63-8b3c-4e57-977b-32f5119a9d09::roof-oblique::oblique:0,1.0,66a72e63-8b3c-4e57-977b-32f5119a9d09::roof-flat::flat:3,1.0,0.954,oblique_matched
66a72e63-8b3c-4e57-977b-32f5119a9d09,66a72e63-8b3c-4e57-977b-32f5119a9d09::ceiling-raw::2:4:15,2,4,15,51.08,67.64,0.05,1.0,1.0,66a72e63-8b3c-4e57-977b-32f5119a9d09::roof-oblique::oblique:0,1.0,66a72e63-8b3c-4e57-977b-32f5119a9d09::roof-flat::flat:3,1.0,0.599,oblique_wrong_orientation
66a72e63-8b3c-4e57-977b-32f5119a9d09,66a72e63-8b3c-4e57-977b-32f5119a9d09::ceiling-raw::2:4:16,2,4,16,74.34,171.16,0.139,1.0,1.0,66a72e63-8b3c-4e57-977b-32f5119a9d09::roof-oblique::oblique:1,1.0,66a72e63-8b3c-4e57-977b-32f5119a9d09::roof-flat::flat:5,1.0,0.859,oblique_matched
66a72e63-8b3c-4e57-977b-32f5119a9d09,66a72e63-8b3c-4e57-977b-32f5119a9d09::ceiling-raw::2:4:17,2,4,17,74.46,179.4,0.184,1.0,0.875,66a72e63-8b3c-4e57-977b-32f5119a9d09::roof-oblique::oblique:1,1.0,66a72e63-8b3c-4e57-977b-32f5119a9d09::roof-flat::flat:5,0.875,0.852,oblique_matched
66a72e63-8b3c-4e57-977b-32f5119a9d09,66a72e63-8b3c-4e57-977b-32f5119a9d09::ceiling-raw::2:4:18,2,4,18,75.71,266.55,0.045,1.0,1.0,66a72e63-8b3c-4e57-977b-32f5119a9d09::roof-oblique::oblique:0,1.0,66a72e63-8b3c-4e57-977b-32f5119a9d09::roof-flat::flat:3,1.0,0.236,oblique_wrong_orientation
66a72e63-8b3c-4e57-977b-32f5119a9d09,66a72e63-8b3c-4e57-977b-32f5119a9d09::ceiling-raw::1:9:0,1,9,0,0.0,,3.495,0,1.0,,0.0,66a72e63-8b3c-4e57-977b-32f5119a9d09::roof-flat::flat:6,1.0,,flat_matched
66a72e63-8b3c-4e57-977b-32f5119a9d09,66a72e63-8b3c-4e57-977b-32f5119a9d09::ceiling-raw::0:14:0,0,14,0,0.0,,2.31,0,1.0,,0.0,66a72e63-8b3c-4e57-977b-32f5119a9d09::roof-flat::flat:7,1.0,,flat_matched
670a8030-c451-4e80-badd-6702cef02a03,670a8030-c451-4e80-badd-6702cef02a03::ceiling-raw::1:5:0,1,5,0,0.0,,14.572,0,1.0,,0.0,670a8030-c451-4e80-badd-6702cef02a03::roof-flat::flat:2,1.0,,flat_matched
670a8030-c451-4e80-badd-6702cef02a03,670a8030-c451-4e80-badd-6702cef02a03::ceiling-raw::1:5:1,1,5,1,0.0,,13.947,0,1.0,,0.0,670a8030-c451-4e80-badd-6702cef02a03::roof-flat::flat:2,1.0,,flat_matched
670a8030-c451-4e80-badd-6702cef02a03,670a8030-c451-4e80-badd-6702cef02a03::ceiling-raw::2:8:0,2,8,0,0.0,,5.062,1.0,1.0,670a8030-c451-4e80-badd-6702cef02a03::roof-oblique::oblique:0,0.961,670a8030-c451-4e80-badd-6702cef02a03::roof-flat::flat:4,1.0,0.719,flat_matched
670a8030-c451-4e80-badd-6702cef02a03,670a8030-c451-4e80-badd-6702cef02a03::ceiling-raw::2:8:1,2,8,1,44.68,52.29,4.665,1.0,0.861,670a8030-c451-4e80-badd-6702cef02a03::roof-oblique::oblique:0,1.0,670a8030-c451-4e80-badd-6702cef02a03::roof-flat::flat:4,0.861,1.0,oblique_matched
670a8030-c451-4e80-badd-6702cef02a03,670a8030-c451-4e80-badd-6702cef02a03::ceiling-raw::2:9:0,2,9,0,0.0,,0.397,1.0,1.0,670a8030-c451-4e80-badd-6702cef02a03::roof-oblique::oblique:0,1.0,670a8030-c451-4e80-badd-6702cef02a03::roof-flat::flat:4,1.0,0.719,flat_matched
670a8030-c451-4e80-badd-6702cef02a03,670a8030-c451-4e80-badd-6702cef02a03::ceiling-raw::2:9:1,2,9,1,12.16,322.76,0.049,1.0,1.0,670a8030-c451-4e80-badd-6702cef02a03::roof-oblique::oblique:0,1.0,670a8030-c451-4e80-badd-6702cef02a03::roof-flat::flat:4,1.0,0.703,oblique_wrong_orientation
670a8030-c451-4e80-badd-6702cef02a03,670a8030-c451-4e80-badd-6702cef02a03::ceiling-raw::2:9:2,2,9,2,42.19,52.8,0.049,1.0,1.0,670a8030-c451-4e80-badd-6702cef02a03::roof-oblique::oblique:0,1.0,670a8030-c451-4e80-badd-6702cef02a03::roof-flat::flat:4,1.0,0.999,oblique_matched
670a8030-c451-4e80-badd-6702cef02a03,670a8030-c451-4e80-badd-6702cef02a03::ceiling-raw::2:9:3,2,9,3,0.0,,7.536,1.0,1.0,670a8030-c451-4e80-badd-6702cef02a03::roof-oblique::oblique:0,0.607,670a8030-c451-4e80-badd-6702cef02a03::roof-flat::flat:4,1.0,0.719,flat_matched
670a8030-c451-4e80-badd-6702cef02a03,670a8030-c451-4e80-badd-6702cef02a03::ceiling-raw::2:9:4,2,9,4,43.2,52.44,4.777,1.0,0.93,670a8030-c451-4e80-badd-6702cef02a03::roof-oblique::oblique:0,1.0,670a8030-c451-4e80-badd-6702cef02a03::roof-flat::flat:4,0.93,1.0,oblique_matched
670a8030-c451-4e80-badd-6702cef02a03,670a8030-c451-4e80-badd-6702cef02a03::ceiling-raw::2:10:0,2,10,0,0.0,,1.524,1.0,1.0,670a8030-c451-4e80-badd-6702cef02a03::roof-oblique::oblique:1,1.0,670a8030-c451-4e80-badd-6702cef02a03::roof-flat::flat:4,1.0,0.735,flat_matched
670a8030-c451-4e80-badd-6702cef02a03,670a8030-c451-4e80-badd-6702cef02a03::ceiling-raw::2:10:1,2,10,1,5.58,188.73,0.096,1.0,1.0,670a8030-c451-4e80-badd-6702cef02a03::roof-oblique::oblique:1,1.0,670a8030-c451-4e80-badd-6702cef02a03::roof-flat::flat:4,1.0,0.779,oblique_wrong_orientation
670a8030-c451-4e80-badd-6702cef02a03,670a8030-c451-4e80-badd-6702cef02a03::ceiling-raw::2:10:2,2,10,2,15.68,142.78,0.302,1.0,1.0,670a8030-c451-4e80-badd-6702cef02a03::roof-oblique::oblique:1,1.0,670a8030-c451-4e80-badd-6702cef02a03::roof-flat::flat:4,1.0,0.708,oblique_wrong_orientation
670a8030-c451-4e80-badd-6702cef02a03,670a8030-c451-4e80-badd-6702cef02a03::ceiling-raw::2:10:3,2,10,3,40.37,232.79,0.348,1.0,1.0,670a8030-c451-4e80-badd-6702cef02a03::roof-oblique::oblique:1,1.0,670a8030-c451-4e80-badd-6702cef02a03::roof-flat::flat:4,1.0,0.999,oblique_matched
670a8030-c451-4e80-badd-6702cef02a03,670a8030-c451-4e80-badd-6702cef02a03::ceiling-raw::2:10:4,2,10,4,40.77,232.79,0.647,1.0,1.0,670a8030-c451-4e80-badd-6702cef02a03::roof-oblique::oblique:1,1.0,670a8030-c451-4e80-badd-6702cef02a03::roof-flat::flat:4,1.0,0.999,oblique_matched
670a8030-c451-4e80-badd-6702cef02a03,670a8030-c451-4e80-badd-6702cef02a03::ceiling-raw::2:10:5,2,10,5,40.79,232.79,0.088,1.0,1.0,670a8030-c451-4e80-badd-6702cef02a03::roof-oblique::oblique:1,1.0,670a8030-c451-4e80-badd-6702cef02a03::roof-flat::flat:4,1.0,0.999,oblique_matched
670a8030-c451-4e80-badd-6702cef02a03,670a8030-c451-4e80-badd-6702cef02a03::ceiling-raw::2:10:6,2,10,6,40.84,228.27,0.302,1.0,1.0,670a8030-c451-4e80-badd-6702cef02a03::roof-oblique::oblique:1,1.0,670a8030-c451-4e80-badd-6702cef02a03::roof-flat::flat:4,1.0,0.998,oblique_matched
670a8030-c451-4e80-badd-6702cef02a03,670a8030-c451-4e80-badd-6702cef02a03::ceiling-raw::2:10:7,2,10,7,42.95,256.79,0.167,1.0,1.0,670a8030-c451-4e80-badd-6702cef02a03::roof-oblique::oblique:1,1.0,670a8030-c451-4e80-badd-6702cef02a03::roof-flat::flat:4,1.0,0.96,oblique_matched
670a8030-c451-4e80-badd-6702cef02a03,670a8030-c451-4e80-badd-6702cef02a03::ceiling-raw::2:10:8,2,10,8,44.89,232.78,0.358,1.0,0.957,670a8030-c451-4e80-badd-6702cef02a03::roof-oblique::oblique:1,1.0,670a8030-c451-4e80-badd-6702cef02a03::roof-flat::flat:4,0.957,0.999,oblique_matched
670a8030-c451-4e80-badd-6702cef02a03,670a8030-c451-4e80-badd-6702cef02a03::ceiling-raw::2:10:9,2,10,9,54.32,232.78,0.422,1.0,1.0,670a8030-c451-4e80-badd-6702cef02a03::roof-oblique::oblique:1,1.0,670a8030-c451-4e80-badd-6702cef02a03::roof-flat::flat:4,1.0,0.979,oblique_matched
670a8030-c451-4e80-badd-6702cef02a03,670a8030-c451-4e80-badd-6702cef02a03::ceiling-raw::2:10:10,2,10,10,54.86,221.39,0.647,1.0,1.0,670a8030-c451-4e80-badd-6702cef02a03::roof-oblique::oblique:1,1.0,670a8030-c451-4e80-badd-6702cef02a03::roof-flat::flat:4,1.0,0.967,oblique_matched
670a8030-c451-4e80-badd-6702cef02a03,670a8030-c451-4e80-badd-6702cef02a03::ceiling-raw::2:10:11,2,10,11,55.29,248.0,0.358,1.0,1.0,670a8030-c451-4e80-badd-6702cef02a03::roof-oblique::oblique:1,1.0,670a8030-c451-4e80-badd-6702cef02a03::roof-flat::flat:4,1.0,0.956,oblique_matched
670a8030-c451-4e80-badd-6702cef02a03,670a8030-c451-4e80-badd-6702cef02a03::ceiling-raw::2:11:0,2,11,0,0.0,,7.198,1.0,1.0,670a8030-c451-4e80-badd-6702cef02a03::roof-oblique::oblique:1,1.0,670a8030-c451-4e80-badd-6702cef02a03::roof-flat::flat:4,1.0,0.735,flat_matched
670a8030-c451-4e80-badd-6702cef02a03,670a8030-c451-4e80-badd-6702cef02a03::ceiling-raw::2:11:1,2,11,1,34.73,322.79,3.127,1.0,1.0,670a8030-c451-4e80-badd-6702cef02a03::roof-oblique::oblique:1,1.0,670a8030-c451-4e80-badd-6702cef02a03::roof-flat::flat:4,1.0,0.604,oblique_wrong_orientation
670a8030-c451-4e80-badd-6702cef02a03,670a8030-c451-4e80-badd-6702cef02a03::ceiling-raw::2:11:2,2,11,2,45.2,232.78,3.025,1.0,1.0,670a8030-c451-4e80-badd-6702cef02a03::roof-oblique::oblique:1,1.0,670a8030-c451-4e80-badd-6702cef02a03::roof-flat::flat:4,1.0,0.999,oblique_matched
6c29deb7-51e6-437d-bfe4-0eb83e559881,6c29deb7-51e6-437d-bfe4-0eb83e559881::ceiling-raw::2:2:0,2,2,0,0.0,,14.775,0.06,1.0,6c29deb7-51e6-437d-bfe4-0eb83e559881::roof-oblique::oblique:1,0.03,6c29deb7-51e6-437d-bfe4-0eb83e559881::roof-flat::flat:3,1.0,0.733,flat_matched
6c29deb7-51e6-437d-bfe4-0eb83e559881,6c29deb7-51e6-437d-bfe4-0eb83e559881::ceiling-raw::2:3:0,2,3,0,0.0,,13.183,0,1.0,,0.0,6c29deb7-51e6-437d-bfe4-0eb83e559881::roof-flat::flat:3,1.0,,flat_matched
6c29deb7-51e6-437d-bfe4-0eb83e559881,6c29deb7-51e6-437d-bfe4-0eb83e559881::ceiling-raw::2:4:0,2,4,0,0.0,,8.214,0,1.0,,0.0,6c29deb7-51e6-437d-bfe4-0eb83e559881::roof-flat::flat:3,1.0,,flat_matched
6c29deb7-51e6-437d-bfe4-0eb83e559881,6c29deb7-51e6-437d-bfe4-0eb83e559881::ceiling-raw::2:5:0,2,5,0,0.0,,7.07,0.007,1.0,6c29deb7-51e6-437d-bfe4-0eb83e559881::roof-oblique::oblique:1,0.007,6c29deb7-51e6-437d-bfe4-0eb83e559881::roof-flat::flat:3,1.0,0.733,flat_matched
6c29deb7-51e6-437d-bfe4-0eb83e559881,6c29deb7-51e6-437d-bfe4-0eb83e559881::ceiling-raw::2:5:1,2,5,1,40.69,297.12,3.888,0,1.0,,0.0,6c29deb7-51e6-437d-bfe4-0eb83e559881::roof-flat::flat:2,0.999,,oblique_covered_by_flat
6c29deb7-51e6-437d-bfe4-0eb83e559881,6c29deb7-51e6-437d-bfe4-0eb83e559881::ceiling-raw::2:6:0,2,6,0,0.0,,1.654,0.367,1.0,6c29deb7-51e6-437d-bfe4-0eb83e559881::roof-oblique::oblique:1,0.367,6c29deb7-51e6-437d-bfe4-0eb83e559881::roof-flat::flat:3,1.0,0.733,flat_matched
6c29deb7-51e6-437d-bfe4-0eb83e559881,6c29deb7-51e6-437d-bfe4-0eb83e559881::ceiling-raw::2:6:1,2,6,1,8.27,188.3,1.204,0.991,1.0,6c29deb7-51e6-437d-bfe4-0eb83e559881::roof-oblique::oblique:1,0.991,6c29deb7-51e6-437d-bfe4-0eb83e559881::roof-flat::flat:3,1.0,0.755,oblique_wrong_orientation
6c29deb7-51e6-437d-bfe4-0eb83e559881,6c29deb7-51e6-437d-bfe4-0eb83e559881::ceiling-raw::2:6:2,2,6,2,42.36,134.79,0.492,1.0,0.776,6c29deb7-51e6-437d-bfe4-0eb83e559881::roof-oblique::oblique:0,0.543,6c29deb7-51e6-437d-bfe4-0eb83e559881::roof-flat::flat:3,0.776,0.923,oblique_matched
6c29deb7-51e6-437d-bfe4-0eb83e559881,6c29deb7-51e6-437d-bfe4-0eb83e559881::ceiling-raw::2:6:3,2,6,3,45.29,106.57,0.96,0.991,1.0,6c29deb7-51e6-437d-bfe4-0eb83e559881::roof-oblique::oblique:1,0.991,6c29deb7-51e6-437d-bfe4-0eb83e559881::roof-flat::flat:3,1.0,0.993,oblique_matched
6c29deb7-51e6-437d-bfe4-0eb83e559881,6c29deb7-51e6-437d-bfe4-0eb83e559881::ceiling-raw::2:6:4,2,6,4,54.02,115.2,2.355,1.0,1.0,6c29deb7-51e6-437d-bfe4-0eb83e559881::roof-oblique::oblique:0,0.589,6c29deb7-51e6-437d-bfe4-0eb83e559881::roof-flat::flat:3,1.0,0.995,oblique_matched
6c29deb7-51e6-437d-bfe4-0eb83e559881,6c29deb7-51e6-437d-bfe4-0eb83e559881::ceiling-raw::2:6:5,2,6,5,60.97,115.82,0.39,1.0,0.026,6c29deb7-51e6-437d-bfe4-0eb83e559881::roof-oblique::oblique:0,1.0,6c29deb7-51e6-437d-bfe4-0eb83e559881::roof-flat::flat:3,0.026,1.0,oblique_matched
6e8a252f-fc38-4ffa-8691-3f43938a0a16,6e8a252f-fc38-4ffa-8691-3f43938a0a16::ceiling-raw::0:0:0,0,0,0,0.0,,42.47,0,1.0,,0.0,6e8a252f-fc38-4ffa-8691-3f43938a0a16::roof-flat::flat:8,1.0,,flat_matched
6e8a252f-fc38-4ffa-8691-3f43938a0a16,6e8a252f-fc38-4ffa-8691-3f43938a0a16::ceiling-raw::0:1:0,0,1,0,0.0,,14.199,0,1.0,,0.0,6e8a252f-fc38-4ffa-8691-3f43938a0a16::roof-flat::flat:8,1.0,,flat_matched
6e8a252f-fc38-4ffa-8691-3f43938a0a16,6e8a252f-fc38-4ffa-8691-3f43938a0a16::ceiling-raw::0:2:0,0,2,0,0.0,,10.479,0,1.0,,0.0,6e8a252f-fc38-4ffa-8691-3f43938a0a16::roof-flat::flat:8,1.0,,flat_matched
6e8a252f-fc38-4ffa-8691-3f43938a0a16,6e8a252f-fc38-4ffa-8691-3f43938a0a16::ceiling-raw::0:3:0,0,3,0,0.0,,1.644,0,1.0,,0.0,6e8a252f-fc38-4ffa-8691-3f43938a0a16::roof-flat::flat:8,1.0,,flat_matched
6e8a252f-fc38-4ffa-8691-3f43938a0a16,6e8a252f-fc38-4ffa-8691-3f43938a0a16::ceiling-raw::0:4:0,0,4,0,0.0,,6.073,0,1.0,,0.0,6e8a252f-fc38-4ffa-8691-3f43938a0a16::roof-flat::flat:8,1.0,,flat_matched
6e8a252f-fc38-4ffa-8691-3f43938a0a16,6e8a252f-fc38-4ffa-8691-3f43938a0a16::ceiling-raw::0:5:0,0,5,0,0.0,,13.315,0,1.0,,0.0,6e8a252f-fc38-4ffa-8691-3f43938a0a16::roof-flat::flat:8,1.0,,flat_matched
6e8a252f-fc38-4ffa-8691-3f43938a0a16,6e8a252f-fc38-4ffa-8691-3f43938a0a16::ceiling-raw::0:6:0,0,6,0,0.0,,8.616,0,1.0,,0.0,6e8a252f-fc38-4ffa-8691-3f43938a0a16::roof-flat::flat:8,1.0,,flat_matched
6e8a252f-fc38-4ffa-8691-3f43938a0a16,6e8a252f-fc38-4ffa-8691-3f43938a0a16::ceiling-raw::0:7:0,0,7,0,0.0,,22.684,0,1.0,,0.0,6e8a252f-fc38-4ffa-8691-3f43938a0a16::roof-flat::flat:8,1.0,,flat_matched
6e8a252f-fc38-4ffa-8691-3f43938a0a16,6e8a252f-fc38-4ffa-8691-3f43938a0a16::ceiling-raw::0:8:0,0,8,0,0.0,,8.651,0,1.0,,0.0,6e8a252f-fc38-4ffa-8691-3f43938a0a16::roof-flat::flat:8,1.0,,flat_matched
6e8a252f-fc38-4ffa-8691-3f43938a0a16,6e8a252f-fc38-4ffa-8691-3f43938a0a16::ceiling-raw::0:9:0,0,9,0,0.0,,7.132,0,1.0,,0.0,6e8a252f-fc38-4ffa-8691-3f43938a0a16::roof-flat::flat:8,1.0,,flat_matched
7153d532-16c1-45e8-b7c9-f5cd1ba5cc85,7153d532-16c1-45e8-b7c9-f5cd1ba5cc85::ceiling-raw::0:0:0,0,0,0,0.0,,8.205,0,1.0,,0.0,7153d532-16c1-45e8-b7c9-f5cd1ba5cc85::roof-flat::flat:0,1.0,,flat_matched
7153d532-16c1-45e8-b7c9-f5cd1ba5cc85,7153d532-16c1-45e8-b7c9-f5cd1ba5cc85::ceiling-raw::0:1:0,0,1,0,0.0,,3.855,0,1.0,,0.0,7153d532-16c1-45e8-b7c9-f5cd1ba5cc85::roof-flat::flat:11,1.0,,flat_matched
7153d532-16c1-45e8-b7c9-f5cd1ba5cc85,7153d532-16c1-45e8-b7c9-f5cd1ba5cc85::ceiling-raw::0:2:0,0,2,0,0.0,,7.451,0,1.0,,0.0,7153d532-16c1-45e8-b7c9-f5cd1ba5cc85::roof-flat::flat:11,1.0,,flat_matched
7153d532-16c1-45e8-b7c9-f5cd1ba5cc85,7153d532-16c1-45e8-b7c9-f5cd1ba5cc85::ceiling-raw::0:3:0,0,3,0,0.0,,6.634,0,1.0,,0.0,7153d532-16c1-45e8-b7c9-f5cd1ba5cc85::roof-flat::flat:11,1.0,,flat_matched
7153d532-16c1-45e8-b7c9-f5cd1ba5cc85,7153d532-16c1-45e8-b7c9-f5cd1ba5cc85::ceiling-raw::0:4:0,0,4,0,0.0,,4.396,0,1.0,,0.0,7153d532-16c1-45e8-b7c9-f5cd1ba5cc85::roof-flat::flat:11,1.0,,flat_matched
7153d532-16c1-45e8-b7c9-f5cd1ba5cc85,7153d532-16c1-45e8-b7c9-f5cd1ba5cc85::ceiling-raw::0:5:0,0,5,0,0.0,,17.419,0,1.0,,0.0,7153d532-16c1-45e8-b7c9-f5cd1ba5cc85::roof-flat::flat:11,1.0,,flat_matched
7153d532-16c1-45e8-b7c9-f5cd1ba5cc85,7153d532-16c1-45e8-b7c9-f5cd1ba5cc85::ceiling-raw::0:5:1,0,5,1,0.0,,1.961,0,1.0,,0.0,7153d532-16c1-45e8-b7c9-f5cd1ba5cc85::roof-flat::flat:11,1.0,,flat_matched
7153d532-16c1-45e8-b7c9-f5cd1ba5cc85,7153d532-16c1-45e8-b7c9-f5cd1ba5cc85::ceiling-raw::0:6:0,0,6,0,0.0,,5.59,0,1.0,,0.0,7153d532-16c1-45e8-b7c9-f5cd1ba5cc85::roof-flat::flat:11,1.0,,flat_matched
7153d532-16c1-45e8-b7c9-f5cd1ba5cc85,7153d532-16c1-45e8-b7c9-f5cd1ba5cc85::ceiling-raw::0:7:0,0,7,0,0.0,,3.401,0,1.0,,0.0,7153d532-16c1-45e8-b7c9-f5cd1ba5cc85::roof-flat::flat:11,1.0,,flat_matched
7153d532-16c1-45e8-b7c9-f5cd1ba5cc85,7153d532-16c1-45e8-b7c9-f5cd1ba5cc85::ceiling-raw::1:8:0,1,8,0,0.0,,7.29,0.196,1.0,7153d532-16c1-45e8-b7c9-f5cd1ba5cc85::roof-oblique::oblique:3,0.196,7153d532-16c1-45e8-b7c9-f5cd1ba5cc85::roof-flat::flat:14,1.0,0.843,flat_matched
7153d532-16c1-45e8-b7c9-f5cd1ba5cc85,7153d532-16c1-45e8-b7c9-f5cd1ba5cc85::ceiling-raw::1:8:1,1,8,1,10.53,159.54,2.483,0,1.0,,0.0,7153d532-16c1-45e8-b7c9-f5cd1ba5cc85::roof-flat::flat:15,1.0,,oblique_covered_by_flat
7153d532-16c1-45e8-b7c9-f5cd1ba5cc85,7153d532-16c1-45e8-b7c9-f5cd1ba5cc85::ceiling-raw::1:8:2,1,8,2,16.75,154.1,0.312,1.0,1.0,7153d532-16c1-45e8-b7c9-f5cd1ba5cc85::roof-oblique::oblique:3,1.0,7153d532-16c1-45e8-b7c9-f5cd1ba5cc85::roof-flat::flat:15,1.0,0.652,oblique_wrong_orientation
7153d532-16c1-45e8-b7c9-f5cd1ba5cc85,7153d532-16c1-45e8-b7c9-f5cd1ba5cc85::ceiling-raw::1:8:3,1,8,3,17.14,153.77,3.048,0.244,1.0,7153d532-16c1-45e8-b7c9-f5cd1ba5cc85::roof-oblique::oblique:3,0.244,7153d532-16c1-45e8-b7c9-f5cd1ba5cc85::roof-flat::flat:15,1.0,0.647,oblique_covered_by_flat
7153d532-16c1-45e8-b7c9-f5cd1ba5cc85,7153d532-16c1-45e8-b7c9-f5cd1ba5cc85::ceiling-raw::1:8:4,1,8,4,17.54,156.26,0.979,0.059,1.0,7153d532-16c1-45e8-b7c9-f5cd1ba5cc85::roof-oblique::oblique:3,0.059,7153d532-16c1-45e8-b7c9-f5cd1ba5cc85::roof-flat::flat:7,1.0,0.641,oblique_covered_by_flat
7153d532-16c1-45e8-b7c9-f5cd1ba5cc85,7153d532-16c1-45e8-b7c9-f5cd1ba5cc85::ceiling-raw::1:8:5,1,8,5,24.19,153.65,0.739,0.427,1.0,7153d532-16c1-45e8-b7c9-f5cd1ba5cc85::roof-oblique::oblique:3,0.427,7153d532-16c1-45e8-b7c9-f5cd1ba5cc85::roof-flat::flat:7,1.0,0.548,oblique_covered_by_flat
7153d532-16c1-45e8-b7c9-f5cd1ba5cc85,7153d532-16c1-45e8-b7c9-f5cd1ba5cc85::ceiling-raw::1:8:6,1,8,6,27.42,154.11,0.272,1.0,1.0,7153d532-16c1-45e8-b7c9-f5cd1ba5cc85::roof-oblique::oblique:3,1.0,7153d532-16c1-45e8-b7c9-f5cd1ba5cc85::roof-flat::flat:15,1.0,0.5,oblique_wrong_orientation
7153d532-16c1-45e8-b7c9-f5cd1ba5cc85,7153d532-16c1-45e8-b7c9-f5cd1ba5cc85::ceiling-raw::1:8:7,1,8,7,30.01,127.98,0.312,1.0,1.0,7153d532-16c1-45e8-b7c9-f5cd1ba5cc85::roof-oblique::oblique:3,1.0,7153d532-16c1-45e8-b7c9-f5cd1ba5cc85::roof-flat::flat:15,1.0,0.489,oblique_wrong_orientation
7153d532-16c1-45e8-b7c9-f5cd1ba5cc85,7153d532-16c1-45e8-b7c9-f5cd1ba5cc85::ceiling-raw::1:8:8,1,8,8,51.39,230.19,0.065,1.0,1.0,7153d532-16c1-45e8-b7c9-f5cd1ba5cc85::roof-oblique::oblique:3,1.0,7153d532-16c1-45e8-b7c9-f5cd1ba5cc85::roof-flat::flat:15,1.0,0.422,oblique_wrong_orientation
7153d532-16c1-45e8-b7c9-f5cd1ba5cc85,7153d532-16c1-45e8-b7c9-f5cd1ba5cc85::ceiling-raw::1:8:9,1,8,9,52.34,223.82,0.032,1.0,1.0,7153d532-16c1-45e8-b7c9-f5cd1ba5cc85::roof-oblique::oblique:3,1.0,7153d532-16c1-45e8-b7c9-f5cd1ba5cc85::roof-flat::flat:15,1.0,0.365,oblique_wrong_orientation
7153d532-16c1-45e8-b7c9-f5cd1ba5cc85,7153d532-16c1-45e8-b7c9-f5cd1ba5cc85::ceiling-raw::1:9:0,1,9,0,0.0,,1.624,1.0,1.0,7153d532-16c1-45e8-b7c9-f5cd1ba5cc85::roof-oblique::oblique:1,1.0,7153d532-16c1-45e8-b7c9-f5cd1ba5cc85::roof-flat::flat:14,1.0,0.945,flat_matched
7153d532-16c1-45e8-b7c9-f5cd1ba5cc85,7153d532-16c1-45e8-b7c9-f5cd1ba5cc85::ceiling-raw::1:9:1,1,9,1,19.13,333.2,1.403,1.0,1.0,7153d532-16c1-45e8-b7c9-f5cd1ba5cc85::roof-oblique::oblique:1,1.0,7153d532-16c1-45e8-b7c9-f5cd1ba5cc85::roof-flat::flat:15,1.0,1.0,oblique_matched
7153d532-16c1-45e8-b7c9-f5cd1ba5cc85,7153d532-16c1-45e8-b7c9-f5cd1ba5cc85::ceiling-raw::1:10:0,1,10,0,0.0,,10.053,0.984,1.0,7153d532-16c1-45e8-b7c9-f5cd1ba5cc85::roof-oblique::oblique:1,0.984,7153d532-16c1-45e8-b7c9-f5cd1ba5cc85::roof-flat::flat:14,1.0,0.945,flat_matched
7153d532-16c1-45e8-b7c9-f5cd1ba5cc85,7153d532-16c1-45e8-b7c9-f5cd1ba5cc85::ceiling-raw::1:10:1,1,10,1,18.36,334.64,7.62,1.0,1.0,7153d532-16c1-45e8-b7c9-f5cd1ba5cc85::roof-oblique::oblique:1,1.0,7153d532-16c1-45e8-b7c9-f5cd1ba5cc85::roof-flat::flat:15,1.0,1.0,oblique_matched
7153d532-16c1-45e8-b7c9-f5cd1ba5cc85,7153d532-16c1-45e8-b7c9-f5cd1ba5cc85::ceiling-raw::1:11:0,1,11,0,0.0,,7.612,0.146,1.0,7153d532-16c1-45e8-b7c9-f5cd1ba5cc85::roof-oblique::oblique:1,0.146,7153d532-16c1-45e8-b7c9-f5cd1ba5cc85::roof-flat::flat:10,1.0,0.945,flat_matched
7153d532-16c1-45e8-b7c9-f5cd1ba5cc85,7153d532-16c1-45e8-b7c9-f5cd1ba5cc85::ceiling-raw::1:11:1,1,11,1,15.45,149.4,4.178,0,1.0,,0.0,7153d532-16c1-45e8-b7c9-f5cd1ba5cc85::roof-flat::flat:15,1.0,,oblique_covered_by_flat
7153d532-16c1-45e8-b7c9-f5cd1ba5cc85,7153d532-16c1-45e8-b7c9-f5cd1ba5cc85::ceiling-raw::1:12:0,1,12,0,0.0,,1.116,1.0,1.0,7153d532-16c1-45e8-b7c9-f5cd1ba5cc85::roof-oblique::oblique:1,1.0,7153d532-16c1-45e8-b7c9-f5cd1ba5cc85::roof-flat::flat:15,1.0,0.945,flat_matched
7153d532-16c1-45e8-b7c9-f5cd1ba5cc85,7153d532-16c1-45e8-b7c9-f5cd1ba5cc85::ceiling-raw::1:12:1,1,12,1,18.6,334.23,0.269,1.0,1.0,7153d532-16c1-45e8-b7c9-f5cd1ba5cc85::roof-oblique::oblique:1,1.0,7153d532-16c1-45e8-b7c9-f5cd1ba5cc85::roof-flat::flat:15,1.0,1.0,oblique_matched
7153d532-16c1-45e8-b7c9-f5cd1ba5cc85,7153d532-16c1-45e8-b7c9-f5cd1ba5cc85::ceiling-raw::1:12:2,1,12,2,18.89,334.23,0.626,1.0,1.0,7153d532-16c1-45e8-b7c9-f5cd1ba5cc85::roof-oblique::oblique:1,1.0,7153d532-16c1-45e8-b7c9-f5cd1ba5cc85::roof-flat::flat:15,1.0,1.0,oblique_matched
7153d532-16c1-45e8-b7c9-f5cd1ba5cc85,7153d532-16c1-45e8-b7c9-f5cd1ba5cc85::ceiling-raw::1:12:3,1,12,3,19.32,244.69,0.627,1.0,1.0,7153d532-16c1-45e8-b7c9-f5cd1ba5cc85::roof-oblique::oblique:1,1.0,7153d532-16c1-45e8-b7c9-f5cd1ba5cc85::roof-flat::flat:15,1.0,0.891,oblique_matched
7153d532-16c1-45e8-b7c9-f5cd1ba5cc85,7153d532-16c1-45e8-b7c9-f5cd1ba5cc85::ceiling-raw::1:12:4,1,12,4,19.59,334.23,0.975,0.999,0.072,7153d532-16c1-45e8-b7c9-f5cd1ba5cc85::roof-oblique::oblique:1,0.999,7153d532-16c1-45e8-b7c9-f5cd1ba5cc85::roof-flat::flat:15,0.072,1.0,oblique_matched
7153d532-16c1-45e8-b7c9-f5cd1ba5cc85,7153d532-16c1-45e8-b7c9-f5cd1ba5cc85::ceiling-raw::1:12:5,1,12,5,26.54,290.12,0.771,1.0,1.0,7153d532-16c1-45e8-b7c9-f5cd1ba5cc85::roof-oblique::oblique:1,1.0,7153d532-16c1-45e8-b7c9-f5cd1ba5cc85::roof-flat::flat:15,0.863,0.949,oblique_matched
7153d532-16c1-45e8-b7c9-f5cd1ba5cc85,7153d532-16c1-45e8-b7c9-f5cd1ba5cc85::ceiling-raw::1:12:6,1,12,6,32.25,334.38,1.844,1.0,1.0,7153d532-16c1-45e8-b7c9-f5cd1ba5cc85::roof-oblique::oblique:1,1.0,7153d532-16c1-45e8-b7c9-f5cd1ba5cc85::roof-flat::flat:15,0.966,0.974,oblique_matched
7153d532-16c1-45e8-b7c9-f5cd1ba5cc85,7153d532-16c1-45e8-b7c9-f5cd1ba5cc85::ceiling-raw::1:12:7,1,12,7,49.07,48.17,0.226,1.0,1.0,7153d532-16c1-45e8-b7c9-f5cd1ba5cc85::roof-oblique::oblique:1,1.0,7153d532-16c1-45e8-b7c9-f5cd1ba5cc85::roof-flat::flat:15,1.0,0.691,oblique_wrong_orientation
7153d532-16c1-45e8-b7c9-f5cd1ba5cc85,7153d532-16c1-45e8-b7c9-f5cd1ba5cc85::ceiling-raw::1:12:8,1,12,8,51.83,35.05,0.26,1.0,1.0,7153d532-16c1-45e8-b7c9-f5cd1ba5cc85::roof-oblique::oblique:1,1.0,7153d532-16c1-45e8-b7c9-f5cd1ba5cc85::roof-flat::flat:15,1.0,0.713,oblique_wrong_orientation
7153d532-16c1-45e8-b7c9-f5cd1ba5cc85,7153d532-16c1-45e8-b7c9-f5cd1ba5cc85::ceiling-raw::1:13:0,1,13,0,0.0,,0.501,1.0,1.0,7153d532-16c1-45e8-b7c9-f5cd1ba5cc85::roof-oblique::oblique:0,0.561,7153d532-16c1-45e8-b7c9-f5cd1ba5cc85::roof-flat::flat:15,1.0,0.954,flat_matched
7153d532-16c1-45e8-b7c9-f5cd1ba5cc85,7153d532-16c1-45e8-b7c9-f5cd1ba5cc85::ceiling-raw::1:13:1,1,13,1,19.01,155.45,8.992,1.0,1.0,7153d532-16c1-45e8-b7c9-f5cd1ba5cc85::roof-oblique::oblique:0,0.812,7153d532-16c1-45e8-b7c9-f5cd1ba5cc85::roof-flat::flat:15,1.0,1.0,oblique_matched
7153d532-16c1-45e8-b7c9-f5cd1ba5cc85,7153d532-16c1-45e8-b7c9-f5cd1ba5cc85::ceiling-raw::1:13:2,1,13,2,32.59,337.09,4.848,1.0,1.0,7153d532-16c1-45e8-b7c9-f5cd1ba5cc85::roof-oblique::oblique:0,0.994,7153d532-16c1-45e8-b7c9-f5cd1ba5cc85::roof-flat::flat:15,1.0,0.642,oblique_wrong_orientation
7153d532-16c1-45e8-b7c9-f5cd1ba5cc85,7153d532-16c1-45e8-b7c9-f5cd1ba5cc85::ceiling-raw::1:14:0,1,14,0,0.09,64.5,10.548,0.487,1.0,7153d532-16c1-45e8-b7c9-f5cd1ba5cc85::roof-oblique::oblique:1,0.323,7153d532-16c1-45e8-b7c9-f5cd1ba5cc85::roof-flat::flat:15,1.0,0.945,flat_matched
7153d532-16c1-45e8-b7c9-f5cd1ba5cc85,7153d532-16c1-45e8-b7c9-f5cd1ba5cc85::ceiling-raw::1:14:1,1,14,1,11.39,149.36,0.786,0,1.0,,0.0,7153d532-16c1-45e8-b7c9-f5cd1ba5cc85::roof-flat::flat:15,1.0,,oblique_covered_by_flat
7153d532-16c1-45e8-b7c9-f5cd1ba5cc85,7153d532-16c1-45e8-b7c9-f5cd1ba5cc85::ceiling-raw::1:14:2,1,14,2,11.68,140.45,1.41,0.4,1.0,7153d532-16c1-45e8-b7c9-f5cd1ba5cc85::roof-oblique::oblique:3,0.4,7153d532-16c1-45e8-b7c9-f5cd1ba5cc85::roof-flat::flat:15,1.0,0.72,oblique_covered_by_flat
7153d532-16c1-45e8-b7c9-f5cd1ba5cc85,7153d532-16c1-45e8-b7c9-f5cd1ba5cc85::ceiling-raw::1:14:3,1,14,3,19.22,154.47,5.004,0.4,1.0,7153d532-16c1-45e8-b7c9-f5cd1ba5cc85::roof-oblique::oblique:3,0.4,7153d532-16c1-45e8-b7c9-f5cd1ba5cc85::roof-flat::flat:15,1.0,0.619,oblique_covered_by_flat
7153d532-16c1-45e8-b7c9-f5cd1ba5cc85,7153d532-16c1-45e8-b7c9-f5cd1ba5cc85::ceiling-raw::1:14:4,1,14,4,19.53,334.67,12.317,1.0,1.0,7153d532-16c1-45e8-b7c9-f5cd1ba5cc85::roof-oblique::oblique:1,1.0,7153d532-16c1-45e8-b7c9-f5cd1ba5cc85::roof-flat::flat:15,1.0,1.0,oblique_matched
7153d532-16c1-45e8-b7c9-f5cd1ba5cc85,7153d532-16c1-45e8-b7c9-f5cd1ba5cc85::ceiling-raw::1:14:5,1,14,5,19.45,169.74,3.767,0.999,1.0,7153d532-16c1-45e8-b7c9-f5cd1ba5cc85::roof-oblique::oblique:3,0.999,7153d532-16c1-45e8-b7c9-f5cd1ba5cc85::roof-flat::flat:15,1.0,0.622,oblique_wrong_orientation
7153d532-16c1-45e8-b7c9-f5cd1ba5cc85,7153d532-16c1-45e8-b7c9-f5cd1ba5cc85::ceiling-raw::1:14:6,1,14,6,23.62,151.19,7.944,0.915,1.0,7153d532-16c1-45e8-b7c9-f5cd1ba5cc85::roof-oblique::oblique:3,0.915,7153d532-16c1-45e8-b7c9-f5cd1ba5cc85::roof-flat::flat:15,1.0,0.557,oblique_wrong_orientation
7153d532-16c1-45e8-b7c9-f5cd1ba5cc85,7153d532-16c1-45e8-b7c9-f5cd1ba5cc85::ceiling-raw::1:15:0,1,15,0,19.78,335.21,10.771,0.992,1.0,7153d532-16c1-45e8-b7c9-f5cd1ba5cc85::roof-oblique::oblique:1,0.992,7153d532-16c1-45e8-b7c9-f5cd1ba5cc85::roof-flat::flat:15,1.0,1.0,oblique_matched
7153d532-16c1-45e8-b7c9-f5cd1ba5cc85,7153d532-16c1-45e8-b7c9-f5cd1ba5cc85::ceiling-raw::1:15:1,1,15,1,0.0,,0.644,0.978,1.0,7153d532-16c1-45e8-b7c9-f5cd1ba5cc85::roof-oblique::oblique:1,0.978,7153d532-16c1-45e8-b7c9-f5cd1ba5cc85::roof-flat::flat:15,1.0,0.945,flat_matched
7153d532-16c1-45e8-b7c9-f5cd1ba5cc85,7153d532-16c1-45e8-b7c9-f5cd1ba5cc85::ceiling-raw::1:15:2,1,15,2,20.27,349.32,0.671,0.688,1.0,7153d532-16c1-45e8-b7c9-f5cd1ba5cc85::roof-oblique::oblique:1,0.688,7153d532-16c1-45e8-b7c9-f5cd1ba5cc85::roof-flat::flat:15,1.0,0.996,oblique_matched
71ee522c-1e78-411f-b3ce-33d59516038f,71ee522c-1e78-411f-b3ce-33d59516038f::ceiling-raw::0:0:0,0,0,0,0.0,,4.293,0,1.0,,0.0,71ee522c-1e78-411f-b3ce-33d59516038f::roof-flat::flat:7,1.0,,flat_matched
71ee522c-1e78-411f-b3ce-33d59516038f,71ee522c-1e78-411f-b3ce-33d59516038f::ceiling-raw::0:0:1,0,0,1,2.79,8.52,0.438,0,1.0,,0.0,71ee522c-1e78-411f-b3ce-33d59516038f::roof-flat::flat:7,1.0,,flat_matched
71ee522c-1e78-411f-b3ce-33d59516038f,71ee522c-1e78-411f-b3ce-33d59516038f::ceiling-raw::0:0:2,0,0,2,6.8,188.53,0.149,0,1.0,,0.0,71ee522c-1e78-411f-b3ce-33d59516038f::roof-flat::flat:7,1.0,,oblique_covered_by_flat
71ee522c-1e78-411f-b3ce-33d59516038f,71ee522c-1e78-411f-b3ce-33d59516038f::ceiling-raw::0:0:3,0,0,3,11.99,98.52,0.617,0,1.0,,0.0,71ee522c-1e78-411f-b3ce-33d59516038f::roof-flat::flat:7,1.0,,oblique_covered_by_flat
71ee522c-1e78-411f-b3ce-33d59516038f,71ee522c-1e78-411f-b3ce-33d59516038f::ceiling-raw::0:0:5,0,0,5,1.86,8.52,17.571,0,1.0,,0.0,71ee522c-1e78-411f-b3ce-33d59516038f::roof-flat::flat:7,1.0,,flat_matched
71ee522c-1e78-411f-b3ce-33d59516038f,71ee522c-1e78-411f-b3ce-33d59516038f::ceiling-raw::0:0:6,0,0,6,36.87,102.25,0.072,0,1.0,,0.0,71ee522c-1e78-411f-b3ce-33d59516038f::roof-flat::flat:7,1.0,,oblique_covered_by_flat
71ee522c-1e78-411f-b3ce-33d59516038f,71ee522c-1e78-411f-b3ce-33d59516038f::ceiling-raw::0:1:0,0,1,0,0.0,,17.286,0,1.0,,0.0,71ee522c-1e78-411f-b3ce-33d59516038f::roof-flat::flat:7,1.0,,flat_matched
71ee522c-1e78-411f-b3ce-33d59516038f,71ee522c-1e78-411f-b3ce-33d59516038f::ceiling-raw::0:1:1,0,1,1,1.71,8.37,0.176,0,1.0,,0.0,71ee522c-1e78-411f-b3ce-33d59516038f::roof-flat::flat:7,1.0,,flat_matched
71ee522c-1e78-411f-b3ce-33d59516038f,71ee522c-1e78-411f-b3ce-33d59516038f::ceiling-raw::0:1:2,0,1,2,41.73,98.34,0.176,0,1.0,,0.0,71ee522c-1e78-411f-b3ce-33d59516038f::roof-flat::flat:7,1.0,,oblique_covered_by_flat
71ee522c-1e78-411f-b3ce-33d59516038f,71ee522c-1e78-411f-b3ce-33d59516038f::ceiling-raw::0:2:0,0,2,0,0.0,,0.718,0,1.0,,0.0,71ee522c-1e78-411f-b3ce-33d59516038f::roof-flat::flat:7,1.0,,flat_matched
71ee522c-1e78-411f-b3ce-33d59516038f,71ee522c-1e78-411f-b3ce-33d59516038f::ceiling-raw::0:2:1,0,2,1,0.0,,0.183,0,1.0,,0.0,71ee522c-1e78-411f-b3ce-33d59516038f::roof-flat::flat:7,1.0,,flat_matched
71ee522c-1e78-411f-b3ce-33d59516038f,71ee522c-1e78-411f-b3ce-33d59516038f::ceiling-raw::0:2:2,0,2,2,0.0,,0.483,0,1.0,,0.0,71ee522c-1e78-411f-b3ce-33d59516038f::roof-flat::flat:7,1.0,,flat_matched
71ee522c-1e78-411f-b3ce-33d59516038f,71ee522c-1e78-411f-b3ce-33d59516038f::ceiling-raw::0:2:3,0,2,3,5.08,98.34,6.251,0,1.0,,0.0,71ee522c-1e78-411f-b3ce-33d59516038f::roof-flat::flat:7,1.0,,oblique_covered_by_flat
71ee522c-1e78-411f-b3ce-33d59516038f,71ee522c-1e78-411f-b3ce-33d59516038f::ceiling-raw::0:2:4,0,2,4,9.33,188.34,0.908,0,1.0,,0.0,71ee522c-1e78-411f-b3ce-33d59516038f::roof-flat::flat:7,1.0,,oblique_covered_by_flat
71ee522c-1e78-411f-b3ce-33d59516038f,71ee522c-1e78-411f-b3ce-33d59516038f::ceiling-raw::0:2:5,0,2,5,12.2,238.87,1.201,0,1.0,,0.0,71ee522c-1e78-411f-b3ce-33d59516038f::roof-flat::flat:7,1.0,,oblique_covered_by_flat
71ee522c-1e78-411f-b3ce-33d59516038f,71ee522c-1e78-411f-b3ce-33d59516038f::ceiling-raw::0:2:6,0,2,6,33.61,268.76,0.183,0,1.0,,0.0,71ee522c-1e78-411f-b3ce-33d59516038f::roof-flat::flat:7,1.0,,oblique_covered_by_flat
71ee522c-1e78-411f-b3ce-33d59516038f,71ee522c-1e78-411f-b3ce-33d59516038f::ceiling-raw::0:3:0,0,3,0,0.0,,6.717,0,1.0,,0.0,71ee522c-1e78-411f-b3ce-33d59516038f::roof-flat::flat:7,1.0,,flat_matched
71ee522c-1e78-411f-b3ce-33d59516038f,71ee522c-1e78-411f-b3ce-33d59516038f::ceiling-raw::0:4:0,0,4,0,0.0,,6.438,0,1.0,,0.0,71ee522c-1e78-411f-b3ce-33d59516038f::roof-flat::flat:7,1.0,,flat_matched
71ee522c-1e78-411f-b3ce-33d59516038f,71ee522c-1e78-411f-b3ce-33d59516038f::ceiling-raw::0:4:1,0,4,1,0.0,,17.113,0.395,1.0,71ee522c-1e78-411f-b3ce-33d59516038f::roof-oblique::oblique:0,0.395,71ee522c-1e78-411f-b3ce-33d59516038f::roof-flat::flat:7,1.0,0.67,flat_matched
71ee522c-1e78-411f-b3ce-33d59516038f,71ee522c-1e78-411f-b3ce-33d59516038f::ceiling-raw::0:5:0,0,5,0,0.0,,8.8,0.724,1.0,71ee522c-1e78-411f-b3ce-33d59516038f::roof-oblique::oblique:0,0.724,71ee522c-1e78-411f-b3ce-33d59516038f::roof-flat::flat:4,1.0,0.67,flat_matched
71ee522c-1e78-411f-b3ce-33d59516038f,71ee522c-1e78-411f-b3ce-33d59516038f::ceiling-raw::0:6:0,0,6,0,0.0,,28.305,1.0,1.0,71ee522c-1e78-411f-b3ce-33d59516038f::roof-oblique::oblique:0,0.503,71ee522c-1e78-411f-b3ce-33d59516038f::roof-flat::flat:7,1.0,0.67,flat_matched
71ee522c-1e78-411f-b3ce-33d59516038f,71ee522c-1e78-411f-b3ce-33d59516038f::ceiling-raw::0:6:1,0,6,1,47.92,8.0,7.695,0.997,1.0,71ee522c-1e78-411f-b3ce-33d59516038f::roof-oblique::oblique:0,0.997,71ee522c-1e78-411f-b3ce-33d59516038f::roof-flat::flat:7,1.0,1.0,oblique_matched
71ee522c-1e78-411f-b3ce-33d59516038f,71ee522c-1e78-411f-b3ce-33d59516038f::ceiling-raw::0:6:2,0,6,2,48.25,188.16,7.602,0.998,1.0,71ee522c-1e78-411f-b3ce-33d59516038f::roof-oblique::oblique:1,0.998,71ee522c-1e78-411f-b3ce-33d59516038f::roof-flat::flat:7,1.0,1.0,oblique_matched
71ee522c-1e78-411f-b3ce-33d59516038f,71ee522c-1e78-411f-b3ce-33d59516038f::ceiling-raw::0:7:0,0,7,0,0.0,,8.893,1.0,1.0,71ee522c-1e78-411f-b3ce-33d59516038f::roof-oblique::oblique:0,1.0,71ee522c-1e78-411f-b3ce-33d59516038f::roof-flat::flat:6,1.0,0.67,flat_matched
720c2f50-9586-47b5-b27c-130214cd8b5d,720c2f50-9586-47b5-b27c-130214cd8b5d::ceiling-raw::1:0:0,1,0,0,21.74,236.02,4.733,0.999,1.0,720c2f50-9586-47b5-b27c-130214cd8b5d::roof-oblique::oblique:1,0.991,720c2f50-9586-47b5-b27c-130214cd8b5d::roof-flat::flat:7,1.0,1.0,oblique_matched
720c2f50-9586-47b5-b27c-130214cd8b5d,720c2f50-9586-47b5-b27c-130214cd8b5d::ceiling-raw::1:0:1,1,0,1,22.07,51.52,4.648,0.999,1.0,720c2f50-9586-47b5-b27c-130214cd8b5d::roof-oblique::oblique:0,0.998,720c2f50-9586-47b5-b27c-130214cd8b5d::roof-flat::flat:7,1.0,1.0,oblique_matched
720c2f50-9586-47b5-b27c-130214cd8b5d,720c2f50-9586-47b5-b27c-130214cd8b5d::ceiling-raw::1:1:0,1,1,0,0.0,,0.612,1.0,1.0,720c2f50-9586-47b5-b27c-130214cd8b5d::roof-oblique::oblique:0,0.978,720c2f50-9586-47b5-b27c-130214cd8b5d::roof-flat::flat:7,1.0,0.928,flat_matched
720c2f50-9586-47b5-b27c-130214cd8b5d,720c2f50-9586-47b5-b27c-130214cd8b5d::ceiling-raw::1:1:1,1,1,1,21.9,234.53,2.777,1.0,1.0,720c2f50-9586-47b5-b27c-130214cd8b5d::roof-oblique::oblique:1,0.995,720c2f50-9586-47b5-b27c-130214cd8b5d::roof-flat::flat:7,1.0,1.0,oblique_matched
720c2f50-9586-47b5-b27c-130214cd8b5d,720c2f50-9586-47b5-b27c-130214cd8b5d::ceiling-raw::1:1:2,1,1,2,27.01,93.11,0.767,1.0,1.0,720c2f50-9586-47b5-b27c-130214cd8b5d::roof-oblique::oblique:0,0.999,720c2f50-9586-47b5-b27c-130214cd8b5d::roof-flat::flat:7,1.0,0.957,oblique_matched
720c2f50-9586-47b5-b27c-130214cd8b5d,720c2f50-9586-47b5-b27c-130214cd8b5d::ceiling-raw::1:1:3,1,1,3,28.55,12.06,0.629,1.0,1.0,720c2f50-9586-47b5-b27c-130214cd8b5d::roof-oblique::oblique:0,1.0,720c2f50-9586-47b5-b27c-130214cd8b5d::roof-flat::flat:7,1.0,0.949,oblique_matched
720c2f50-9586-47b5-b27c-130214cd8b5d,720c2f50-9586-47b5-b27c-130214cd8b5d::ceiling-raw::1:1:4,1,1,4,35.58,53.43,0.78,1.0,1.0,720c2f50-9586-47b5-b27c-130214cd8b5d::roof-oblique::oblique:0,1.0,720c2f50-9586-47b5-b27c-130214cd8b5d::roof-flat::flat:7,1.0,0.971,oblique_matched
720c2f50-9586-47b5-b27c-130214cd8b5d,720c2f50-9586-47b5-b27c-130214cd8b5d::ceiling-raw::1:2:0,1,2,0,0.0,,4.805,0.067,1.0,720c2f50-9586-47b5-b27c-130214cd8b5d::roof-oblique::oblique:0,0.067,720c2f50-9586-47b5-b27c-130214cd8b5d::roof-flat::flat:8,1.0,0.928,flat_matched
720c2f50-9586-47b5-b27c-130214cd8b5d,720c2f50-9586-47b5-b27c-130214cd8b5d::ceiling-raw::1:3:0,1,3,0,0.0,,25.96,0.624,1.0,720c2f50-9586-47b5-b27c-130214cd8b5d::roof-oblique::oblique:1,0.47,720c2f50-9586-47b5-b27c-130214cd8b5d::roof-flat::flat:8,1.0,0.928,flat_matched
720c2f50-9586-47b5-b27c-130214cd8b5d,720c2f50-9586-47b5-b27c-130214cd8b5d::ceiling-raw::1:4:0,1,4,0,0.0,,7.317,0,1.0,,0.0,720c2f50-9586-47b5-b27c-130214cd8b5d::roof-flat::flat:8,1.0,,flat_matched
720c2f50-9586-47b5-b27c-130214cd8b5d,720c2f50-9586-47b5-b27c-130214cd8b5d::ceiling-raw::1:5:0,1,5,0,0.0,,28.781,0,1.0,,0.0,720c2f50-9586-47b5-b27c-130214cd8b5d::roof-flat::flat:9,1.0,,flat_matched
720c2f50-9586-47b5-b27c-130214cd8b5d,720c2f50-9586-47b5-b27c-130214cd8b5d::ceiling-raw::1:6:0,1,6,0,0.0,,15.498,0,1.0,,0.0,720c2f50-9586-47b5-b27c-130214cd8b5d::roof-flat::flat:9,1.0,,flat_matched
720c2f50-9586-47b5-b27c-130214cd8b5d,720c2f50-9586-47b5-b27c-130214cd8b5d::ceiling-raw::2:8:0,2,8,0,0.0,,9.805,1.0,1.0,720c2f50-9586-47b5-b27c-130214cd8b5d::roof-oblique::oblique:2,0.807,720c2f50-9586-47b5-b27c-130214cd8b5d::roof-flat::flat:11,1.0,0.774,flat_matched
720c2f50-9586-47b5-b27c-130214cd8b5d,720c2f50-9586-47b5-b27c-130214cd8b5d::ceiling-raw::2:8:1,2,8,1,39.49,142.08,3.698,1.0,1.0,720c2f50-9586-47b5-b27c-130214cd8b5d::roof-oblique::oblique:2,1.0,720c2f50-9586-47b5-b27c-130214cd8b5d::roof-flat::flat:12,1.0,1.0,oblique_matched
720c2f50-9586-47b5-b27c-130214cd8b5d,720c2f50-9586-47b5-b27c-130214cd8b5d::ceiling-raw::2:9:0,2,9,0,0.0,,10.904,1.0,1.0,720c2f50-9586-47b5-b27c-130214cd8b5d::roof-oblique::oblique:3,1.0,720c2f50-9586-47b5-b27c-130214cd8b5d::roof-flat::flat:11,1.0,0.754,flat_matched
720c2f50-9586-47b5-b27c-130214cd8b5d,720c2f50-9586-47b5-b27c-130214cd8b5d::ceiling-raw::2:9:1,2,9,1,41.2,323.4,9.306,1.0,1.0,720c2f50-9586-47b5-b27c-130214cd8b5d::roof-oblique::oblique:3,1.0,720c2f50-9586-47b5-b27c-130214cd8b5d::roof-flat::flat:11,0.81,1.0,oblique_matched
720c2f50-9586-47b5-b27c-130214cd8b5d,720c2f50-9586-47b5-b27c-130214cd8b5d::ceiling-raw::2:11:0,2,11,0,0.0,,11.172,1.0,1.0,720c2f50-9586-47b5-b27c-130214cd8b5d::roof-oblique::oblique:2,0.783,720c2f50-9586-47b5-b27c-130214cd8b5d::roof-flat::flat:11,1.0,0.774,flat_matched
720c2f50-9586-47b5-b27c-130214cd8b5d,720c2f50-9586-47b5-b27c-130214cd8b5d::ceiling-raw::2:11:1,2,11,1,7.0,341.01,0.638,1.0,1.0,720c2f50-9586-47b5-b27c-130214cd8b5d::roof-oblique::oblique:2,1.0,720c2f50-9586-47b5-b27c-130214cd8b5d::roof-flat::flat:11,1.0,0.695,oblique_wrong_orientation
720c2f50-9586-47b5-b27c-130214cd8b5d,720c2f50-9586-47b5-b27c-130214cd8b5d::ceiling-raw::2:11:2,2,11,2,32.45,137.76,0.115,1.0,1.0,720c2f50-9586-47b5-b27c-130214cd8b5d::roof-oblique::oblique:2,1.0,720c2f50-9586-47b5-b27c-130214cd8b5d::roof-flat::flat:5,1.0,0.992,oblique_matched
720c2f50-9586-47b5-b27c-130214cd8b5d,720c2f50-9586-47b5-b27c-130214cd8b5d::ceiling-raw::2:11:3,2,11,3,47.36,159.91,0.583,1.0,1.0,720c2f50-9586-47b5-b27c-130214cd8b5d::roof-oblique::oblique:2,1.0,720c2f50-9586-47b5-b27c-130214cd8b5d::roof-flat::flat:5,0.999,0.968,oblique_matched
720c2f50-9586-47b5-b27c-130214cd8b5d,720c2f50-9586-47b5-b27c-130214cd8b5d::ceiling-raw::2:12:0,2,12,0,0.0,,16.171,1.0,1.0,720c2f50-9586-47b5-b27c-130214cd8b5d::roof-oblique::oblique:2,0.858,720c2f50-9586-47b5-b27c-130214cd8b5d::roof-flat::flat:11,1.0,0.774,flat_matched
72122129-7ee2-4a14-a645-23d44df3d2b5,72122129-7ee2-4a14-a645-23d44df3d2b5::ceiling-raw::2:0:0,2,0,0,0.0,,3.433,1.0,1.0,72122129-7ee2-4a14-a645-23d44df3d2b5::roof-oblique::oblique:0,0.907,72122129-7ee2-4a14-a645-23d44df3d2b5::roof-flat::flat:5,1.0,0.629,flat_matched
72122129-7ee2-4a14-a645-23d44df3d2b5,72122129-7ee2-4a14-a645-23d44df3d2b5::ceiling-raw::2:0:1,2,0,1,50.07,204.52,2.242,0.998,0.982,72122129-7ee2-4a14-a645-23d44df3d2b5::roof-oblique::oblique:0,0.998,72122129-7ee2-4a14-a645-23d44df3d2b5::roof-flat::flat:5,0.982,1.0,oblique_matched
72122129-7ee2-4a14-a645-23d44df3d2b5,72122129-7ee2-4a14-a645-23d44df3d2b5::ceiling-raw::2:1:0,2,1,0,0.0,,4.424,1.0,1.0,72122129-7ee2-4a14-a645-23d44df3d2b5::roof-oblique::oblique:1,0.884,72122129-7ee2-4a14-a645-23d44df3d2b5::roof-flat::flat:5,1.0,0.634,flat_matched
72122129-7ee2-4a14-a645-23d44df3d2b5,72122129-7ee2-4a14-a645-23d44df3d2b5::ceiling-raw::2:1:1,2,1,1,50.94,24.91,2.327,1.0,0.885,72122129-7ee2-4a14-a645-23d44df3d2b5::roof-oblique::oblique:1,1.0,72122129-7ee2-4a14-a645-23d44df3d2b5::roof-flat::flat:5,0.885,1.0,oblique_matched
72122129-7ee2-4a14-a645-23d44df3d2b5,72122129-7ee2-4a14-a645-23d44df3d2b5::ceiling-raw::2:2:0,2,2,0,0.0,,2.064,1.0,1.0,72122129-7ee2-4a14-a645-23d44df3d2b5::roof-oblique::oblique:0,1.0,72122129-7ee2-4a14-a645-23d44df3d2b5::roof-flat::flat:5,1.0,0.629,flat_matched
72122129-7ee2-4a14-a645-23d44df3d2b5,72122129-7ee2-4a14-a645-23d44df3d2b5::ceiling-raw::2:2:1,2,2,1,49.63,190.11,0.093,1.0,1.0,72122129-7ee2-4a14-a645-23d44df3d2b5::roof-oblique::oblique:0,1.0,72122129-7ee2-4a14-a645-23d44df3d2b5::roof-flat::flat:0,1.0,0.979,oblique_matched
72122129-7ee2-4a14-a645-23d44df3d2b5,72122129-7ee2-4a14-a645-23d44df3d2b5::ceiling-raw::2:2:2,2,2,2,55.38,205.38,0.748,1.0,1.0,72122129-7ee2-4a14-a645-23d44df3d2b5::roof-oblique::oblique:0,1.0,72122129-7ee2-4a14-a645-23d44df3d2b5::roof-flat::flat:5,1.0,0.997,oblique_matched
72122129-7ee2-4a14-a645-23d44df3d2b5,72122129-7ee2-4a14-a645-23d44df3d2b5::ceiling-raw::2:2:3,2,2,3,0.0,,0.071,1.0,1.0,72122129-7ee2-4a14-a645-23d44df3d2b5::roof-oblique::oblique:0,1.0,72122129-7ee2-4a14-a645-23d44df3d2b5::roof-flat::flat:5,1.0,0.629,flat_matched
72122129-7ee2-4a14-a645-23d44df3d2b5,72122129-7ee2-4a14-a645-23d44df3d2b5::ceiling-raw::2:2:4,2,2,4,37.66,24.5,2.261,1.0,1.0,72122129-7ee2-4a14-a645-23d44df3d2b5::roof-oblique::oblique:1,0.742,72122129-7ee2-4a14-a645-23d44df3d2b5::roof-flat::flat:5,1.0,0.974,oblique_matched
72122129-7ee2-4a14-a645-23d44df3d2b5,72122129-7ee2-4a14-a645-23d44df3d2b5::ceiling-raw::2:3:0,2,3,0,0.0,,9.381,1.0,1.0,72122129-7ee2-4a14-a645-23d44df3d2b5::roof-oblique::oblique:1,0.561,72122129-7ee2-4a14-a645-23d44df3d2b5::roof-flat::flat:5,1.0,0.634,flat_matched
72122129-7ee2-4a14-a645-23d44df3d2b5,72122129-7ee2-4a14-a645-23d44df3d2b5::ceiling-raw::2:3:1,2,3,1,50.79,25.5,2.611,1.0,0.999,72122129-7ee2-4a14-a645-23d44df3d2b5::roof-oblique::oblique:1,1.0,72122129-7ee2-4a14-a645-23d44df3d2b5::roof-flat::flat:5,0.999,1.0,oblique_matched
72122129-7ee2-4a14-a645-23d44df3d2b5,72122129-7ee2-4a14-a645-23d44df3d2b5::ceiling-raw::1:5:0,1,5,0,0.0,,1.318,0,1.0,,0.0,72122129-7ee2-4a14-a645-23d44df3d2b5::roof-flat::flat:6,1.0,,flat_matched
72122129-7ee2-4a14-a645-23d44df3d2b5,72122129-7ee2-4a14-a645-23d44df3d2b5::ceiling-raw::1:5:1,1,5,1,54.7,201.71,0.074,0,1.0,,0.0,72122129-7ee2-4a14-a645-23d44df3d2b5::roof-flat::flat:1,1.0,,oblique_covered_by_flat
72122129-7ee2-4a14-a645-23d44df3d2b5,72122129-7ee2-4a14-a645-23d44df3d2b5::ceiling-raw::1:6:0,1,6,0,0.0,,2.357,0,1.0,,0.0,72122129-7ee2-4a14-a645-23d44df3d2b5::roof-flat::flat:7,1.0,,flat_matched
72122129-7ee2-4a14-a645-23d44df3d2b5,72122129-7ee2-4a14-a645-23d44df3d2b5::ceiling-raw::1:7:0,1,7,0,0.0,,3.719,0,1.0,,0.0,72122129-7ee2-4a14-a645-23d44df3d2b5::roof-flat::flat:7,1.0,,flat_matched
72122129-7ee2-4a14-a645-23d44df3d2b5,72122129-7ee2-4a14-a645-23d44df3d2b5::ceiling-raw::1:8:0,1,8,0,0.0,,9.441,0,1.0,,0.0,72122129-7ee2-4a14-a645-23d44df3d2b5::roof-flat::flat:8,1.0,,flat_matched
72122129-7ee2-4a14-a645-23d44df3d2b5,72122129-7ee2-4a14-a645-23d44df3d2b5::ceiling-raw::0:13:0,0,13,0,0.0,,1.451,0,0.989,,0.0,72122129-7ee2-4a14-a645-23d44df3d2b5::roof-flat::flat:4,0.989,,flat_matched
73465f84-d5f5-4b84-8509-0e818beb5ecd,73465f84-d5f5-4b84-8509-0e818beb5ecd::ceiling-raw::1:4:0,1,4,0,7.07,6.82,11.658,1.0,1.0,73465f84-d5f5-4b84-8509-0e818beb5ecd::roof-oblique::oblique:0,1.0,73465f84-d5f5-4b84-8509-0e818beb5ecd::roof-flat::flat:6,1.0,1.0,oblique_matched
73465f84-d5f5-4b84-8509-0e818beb5ecd,73465f84-d5f5-4b84-8509-0e818beb5ecd::ceiling-raw::1:5:0,1,5,0,1.43,132.95,9.261,0.12,1.0,73465f84-d5f5-4b84-8509-0e818beb5ecd::roof-oblique::oblique:0,0.12,73465f84-d5f5-4b84-8509-0e818beb5ecd::roof-flat::flat:6,1.0,0.99,flat_matched
73465f84-d5f5-4b84-8509-0e818beb5ecd,73465f84-d5f5-4b84-8509-0e818beb5ecd::ceiling-raw::1:6:0,1,6,0,7.05,6.82,8.042,1.0,1.0,73465f84-d5f5-4b84-8509-0e818beb5ecd::roof-oblique::oblique:0,1.0,73465f84-d5f5-4b84-8509-0e818beb5ecd::roof-flat::flat:6,1.0,1.0,oblique_matched
73465f84-d5f5-4b84-8509-0e818beb5ecd,73465f84-d5f5-4b84-8509-0e818beb5ecd::ceiling-raw::1:7:0,1,7,0,0.0,,3.232,0,1.0,,0.0,73465f84-d5f5-4b84-8509-0e818beb5ecd::roof-flat::flat:6,1.0,,flat_matched
73465f84-d5f5-4b84-8509-0e818beb5ecd,73465f84-d5f5-4b84-8509-0e818beb5ecd::ceiling-raw::1:8:0,1,8,0,0.0,,0.174,0,1.0,,0.0,73465f84-d5f5-4b84-8509-0e818beb5ecd::roof-flat::flat:3,1.0,,flat_matched
73465f84-d5f5-4b84-8509-0e818beb5ecd,73465f84-d5f5-4b84-8509-0e818beb5ecd::ceiling-raw::1:8:1,1,8,1,31.73,322.13,0.174,0,1.0,,0.0,73465f84-d5f5-4b84-8509-0e818beb5ecd::roof-flat::flat:3,1.0,,oblique_covered_by_flat
73465f84-d5f5-4b84-8509-0e818beb5ecd,73465f84-d5f5-4b84-8509-0e818beb5ecd::ceiling-raw::1:8:2,1,8,2,0.0,,9.215,0.218,1.0,73465f84-d5f5-4b84-8509-0e818beb5ecd::roof-oblique::oblique:0,0.218,73465f84-d5f5-4b84-8509-0e818beb5ecd::roof-flat::flat:6,1.0,0.992,flat_matched
73465f84-d5f5-4b84-8509-0e818beb5ecd,73465f84-d5f5-4b84-8509-0e818beb5ecd::ceiling-raw::1:8:3,1,8,3,12.33,206.11,1.865,0,1.0,,0.0,73465f84-d5f5-4b84-8509-0e818beb5ecd::roof-flat::flat:3,1.0,,oblique_covered_by_flat
73465f84-d5f5-4b84-8509-0e818beb5ecd,73465f84-d5f5-4b84-8509-0e818beb5ecd::ceiling-raw::1:8:4,1,8,4,23.51,276.83,0.309,0,1.0,,0.0,73465f84-d5f5-4b84-8509-0e818beb5ecd::roof-flat::flat:3,1.0,,oblique_covered_by_flat
73465f84-d5f5-4b84-8509-0e818beb5ecd,73465f84-d5f5-4b84-8509-0e818beb5ecd::ceiling-raw::1:8:5,1,8,5,24.12,355.75,0.881,0.014,1.0,73465f84-d5f5-4b84-8509-0e818beb5ecd::roof-oblique::oblique:0,0.014,73465f84-d5f5-4b84-8509-0e818beb5ecd::roof-flat::flat:3,1.0,0.955,oblique_covered_by_flat
73465f84-d5f5-4b84-8509-0e818beb5ecd,73465f84-d5f5-4b84-8509-0e818beb5ecd::ceiling-raw::1:9:0,1,9,0,0.0,,2.092,0,1.0,,0.0,73465f84-d5f5-4b84-8509-0e818beb5ecd::roof-flat::flat:6,1.0,,flat_matched
73465f84-d5f5-4b84-8509-0e818beb5ecd,73465f84-d5f5-4b84-8509-0e818beb5ecd::ceiling-raw::1:10:0,1,10,0,0.0,,1.562,0,1.0,,0.0,73465f84-d5f5-4b84-8509-0e818beb5ecd::roof-flat::flat:6,1.0,,flat_matched
73465f84-d5f5-4b84-8509-0e818beb5ecd,73465f84-d5f5-4b84-8509-0e818beb5ecd::ceiling-raw::1:11:0,1,11,0,0.0,,19.956,0,1.0,,0.0,73465f84-d5f5-4b84-8509-0e818beb5ecd::roof-flat::flat:6,1.0,,flat_matched
73465f84-d5f5-4b84-8509-0e818beb5ecd,73465f84-d5f5-4b84-8509-0e818beb5ecd::ceiling-raw::1:13:0,1,13,0,0.0,,29.568,0,1.0,,0.0,73465f84-d5f5-4b84-8509-0e818beb5ecd::roof-flat::flat:5,1.0,,flat_matched
73c1d779-2257-4e39-838a-5b026bca2401,73c1d779-2257-4e39-838a-5b026bca2401::ceiling-raw::0:0:0,0,0,0,0.0,,17.679,0,1.0,,0.0,73c1d779-2257-4e39-838a-5b026bca2401::roof-flat::flat:12,1.0,,flat_matched
73c1d779-2257-4e39-838a-5b026bca2401,73c1d779-2257-4e39-838a-5b026bca2401::ceiling-raw::0:1:0,0,1,0,0.0,,9.016,0,1.0,,0.0,73c1d779-2257-4e39-838a-5b026bca2401::roof-flat::flat:12,1.0,,flat_matched
73c1d779-2257-4e39-838a-5b026bca2401,73c1d779-2257-4e39-838a-5b026bca2401::ceiling-raw::0:2:0,0,2,0,0.0,,2.887,0,1.0,,0.0,73c1d779-2257-4e39-838a-5b026bca2401::roof-flat::flat:12,1.0,,flat_matched
73c1d779-2257-4e39-838a-5b026bca2401,73c1d779-2257-4e39-838a-5b026bca2401::ceiling-raw::0:3:0,0,3,0,0.0,,33.58,0,1.0,,0.0,73c1d779-2257-4e39-838a-5b026bca2401::roof-flat::flat:12,1.0,,flat_matched
73c1d779-2257-4e39-838a-5b026bca2401,73c1d779-2257-4e39-838a-5b026bca2401::ceiling-raw::0:4:0,0,4,0,0.0,,25.817,0,1.0,,0.0,73c1d779-2257-4e39-838a-5b026bca2401::roof-flat::flat:12,1.0,,flat_matched
73c1d779-2257-4e39-838a-5b026bca2401,73c1d779-2257-4e39-838a-5b026bca2401::ceiling-raw::0:5:0,0,5,0,0.0,,13.249,0,1.0,,0.0,73c1d779-2257-4e39-838a-5b026bca2401::roof-flat::flat:12,1.0,,flat_matched
73c1d779-2257-4e39-838a-5b026bca2401,73c1d779-2257-4e39-838a-5b026bca2401::ceiling-raw::0:6:0,0,6,0,0.0,,6.118,0,1.0,,0.0,73c1d779-2257-4e39-838a-5b026bca2401::roof-flat::flat:12,1.0,,flat_matched
73c1d779-2257-4e39-838a-5b026bca2401,73c1d779-2257-4e39-838a-5b026bca2401::ceiling-raw::0:7:0,0,7,0,0.0,,8.808,0,1.0,,0.0,73c1d779-2257-4e39-838a-5b026bca2401::roof-flat::flat:12,1.0,,flat_matched
73c1d779-2257-4e39-838a-5b026bca2401,73c1d779-2257-4e39-838a-5b026bca2401::ceiling-raw::0:8:0,0,8,0,0.0,,8.795,0,1.0,,0.0,73c1d779-2257-4e39-838a-5b026bca2401::roof-flat::flat:12,1.0,,flat_matched
73c1d779-2257-4e39-838a-5b026bca2401,73c1d779-2257-4e39-838a-5b026bca2401::ceiling-raw::0:9:0,0,9,0,0.0,,16.302,0,1.0,,0.0,73c1d779-2257-4e39-838a-5b026bca2401::roof-flat::flat:12,1.0,,flat_matched
73c1d779-2257-4e39-838a-5b026bca2401,73c1d779-2257-4e39-838a-5b026bca2401::ceiling-raw::0:10:0,0,10,0,0.0,,13.471,0,1.0,,0.0,73c1d779-2257-4e39-838a-5b026bca2401::roof-flat::flat:12,1.0,,flat_matched
73c1d779-2257-4e39-838a-5b026bca2401,73c1d779-2257-4e39-838a-5b026bca2401::ceiling-raw::0:11:0,0,11,0,0.0,,0.242,0,1.0,,0.0,73c1d779-2257-4e39-838a-5b026bca2401::roof-flat::flat:12,1.0,,flat_matched
73c1d779-2257-4e39-838a-5b026bca2401,73c1d779-2257-4e39-838a-5b026bca2401::ceiling-raw::0:11:3,0,11,3,0.0,,5.017,0,1.0,,0.0,73c1d779-2257-4e39-838a-5b026bca2401::roof-flat::flat:12,1.0,,flat_matched
73c1d779-2257-4e39-838a-5b026bca2401,73c1d779-2257-4e39-838a-5b026bca2401::ceiling-raw::0:11:4,0,11,4,28.73,285.64,0.78,0,1.0,,0.0,73c1d779-2257-4e39-838a-5b026bca2401::roof-flat::flat:12,1.0,,oblique_covered_by_flat
73c1d779-2257-4e39-838a-5b026bca2401,73c1d779-2257-4e39-838a-5b026bca2401::ceiling-raw::0:12:0,0,12,0,0.0,,8.035,0,1.0,,0.0,73c1d779-2257-4e39-838a-5b026bca2401::roof-flat::flat:12,1.0,,flat_matched
777b25c6-42e6-40d3-a0a4-aaafdd23842e,777b25c6-42e6-40d3-a0a4-aaafdd23842e::ceiling-raw::1:0:0,1,0,0,0.0,,7.882,0.474,0,777b25c6-42e6-40d3-a0a4-aaafdd23842e::roof-oblique::oblique:0,0.474,,0.0,0.718,flat_partial
777b25c6-42e6-40d3-a0a4-aaafdd23842e,777b25c6-42e6-40d3-a0a4-aaafdd23842e::ceiling-raw::1:0:1,1,0,1,43.13,170.16,3.556,0.998,0,777b25c6-42e6-40d3-a0a4-aaafdd23842e::roof-oblique::oblique:0,0.998,,0.0,1.0,oblique_matched
777b25c6-42e6-40d3-a0a4-aaafdd23842e,777b25c6-42e6-40d3-a0a4-aaafdd23842e::ceiling-raw::1:1:0,1,1,0,0.0,,5.586,0.897,0,777b25c6-42e6-40d3-a0a4-aaafdd23842e::roof-oblique::oblique:0,0.741,,0.0,0.718,flat_covered_by_oblique
777b25c6-42e6-40d3-a0a4-aaafdd23842e,777b25c6-42e6-40d3-a0a4-aaafdd23842e::ceiling-raw::1:1:1,1,1,1,44.06,171.47,3.802,0.998,0,777b25c6-42e6-40d3-a0a4-aaafdd23842e::roof-oblique::oblique:0,0.998,,0.0,1.0,oblique_matched
777b25c6-42e6-40d3-a0a4-aaafdd23842e,777b25c6-42e6-40d3-a0a4-aaafdd23842e::ceiling-raw::1:2:0,1,2,0,0.0,,4.578,0.829,0,777b25c6-42e6-40d3-a0a4-aaafdd23842e::roof-oblique::oblique:1,0.615,,0.0,0.718,flat_covered_by_oblique
777b25c6-42e6-40d3-a0a4-aaafdd23842e,777b25c6-42e6-40d3-a0a4-aaafdd23842e::ceiling-raw::1:2:1,1,2,1,0.0,,0.029,0.999,0,777b25c6-42e6-40d3-a0a4-aaafdd23842e::roof-oblique::oblique:0,0.999,,0.0,0.718,flat_covered_by_oblique
777b25c6-42e6-40d3-a0a4-aaafdd23842e,777b25c6-42e6-40d3-a0a4-aaafdd23842e::ceiling-raw::1:2:2,1,2,2,6.28,263.01,0.224,0.999,0,777b25c6-42e6-40d3-a0a4-aaafdd23842e::roof-oblique::oblique:0,0.999,,0.0,0.711,oblique_wrong_orientation
777b25c6-42e6-40d3-a0a4-aaafdd23842e,777b25c6-42e6-40d3-a0a4-aaafdd23842e::ceiling-raw::1:2:3,1,2,3,39.88,353.48,0.36,0.642,0,777b25c6-42e6-40d3-a0a4-aaafdd23842e::roof-oblique::oblique:1,0.642,,0.0,0.997,oblique_matched
777b25c6-42e6-40d3-a0a4-aaafdd23842e,777b25c6-42e6-40d3-a0a4-aaafdd23842e::ceiling-raw::1:2:4,1,2,4,45.27,353.15,1.794,0.404,0,777b25c6-42e6-40d3-a0a4-aaafdd23842e::roof-oblique::oblique:1,0.404,,0.0,1.0,oblique_partial
777b25c6-42e6-40d3-a0a4-aaafdd23842e,777b25c6-42e6-40d3-a0a4-aaafdd23842e::ceiling-raw::1:2:5,1,2,5,44.91,351.96,0.313,0.16,0,777b25c6-42e6-40d3-a0a4-aaafdd23842e::roof-oblique::oblique:1,0.16,,0.0,1.0,oblique_partial
777b25c6-42e6-40d3-a0a4-aaafdd23842e,777b25c6-42e6-40d3-a0a4-aaafdd23842e::ceiling-raw::1:2:6,1,2,6,46.54,172.29,1.946,1.0,0,777b25c6-42e6-40d3-a0a4-aaafdd23842e::roof-oblique::oblique:0,1.0,,0.0,0.999,oblique_matched
777b25c6-42e6-40d3-a0a4-aaafdd23842e,777b25c6-42e6-40d3-a0a4-aaafdd23842e::ceiling-raw::1:2:7,1,2,7,47.17,31.22,0.06,1.0,0,777b25c6-42e6-40d3-a0a4-aaafdd23842e::roof-oblique::oblique:1,1.0,,0.0,0.891,oblique_matched
777b25c6-42e6-40d3-a0a4-aaafdd23842e,777b25c6-42e6-40d3-a0a4-aaafdd23842e::ceiling-raw::1:3:0,1,3,0,42.52,2.24,0.524,1.0,0,777b25c6-42e6-40d3-a0a4-aaafdd23842e::roof-oblique::oblique:1,1.0,,0.0,0.994,oblique_matched
777b25c6-42e6-40d3-a0a4-aaafdd23842e,777b25c6-42e6-40d3-a0a4-aaafdd23842e::ceiling-raw::1:3:1,1,3,1,44.66,353.45,0.384,1.0,0,777b25c6-42e6-40d3-a0a4-aaafdd23842e::roof-oblique::oblique:1,1.0,,0.0,1.0,oblique_matched
777b25c6-42e6-40d3-a0a4-aaafdd23842e,777b25c6-42e6-40d3-a0a4-aaafdd23842e::ceiling-raw::1:3:2,1,3,2,47.48,346.13,0.411,1.0,0,777b25c6-42e6-40d3-a0a4-aaafdd23842e::roof-oblique::oblique:1,1.0,,0.0,0.994,oblique_matched
777b25c6-42e6-40d3-a0a4-aaafdd23842e,777b25c6-42e6-40d3-a0a4-aaafdd23842e::ceiling-raw::1:3:3,1,3,3,47.71,353.46,0.697,1.0,0,777b25c6-42e6-40d3-a0a4-aaafdd23842e::roof-oblique::oblique:1,1.0,,0.0,0.998,oblique_matched
777b25c6-42e6-40d3-a0a4-aaafdd23842e,777b25c6-42e6-40d3-a0a4-aaafdd23842e::ceiling-raw::0:5:0,0,5,0,0.0,,3.731,0,1.0,,0.0,777b25c6-42e6-40d3-a0a4-aaafdd23842e::roof-flat::flat:2,1.0,,flat_matched
777b25c6-42e6-40d3-a0a4-aaafdd23842e,777b25c6-42e6-40d3-a0a4-aaafdd23842e::ceiling-raw::0:6:0,0,6,0,0.0,,6.273,0,1.0,,0.0,777b25c6-42e6-40d3-a0a4-aaafdd23842e::roof-flat::flat:2,1.0,,flat_matched
7791ff1d-7641-4da1-8380-1773d30a7bcc,7791ff1d-7641-4da1-8380-1773d30a7bcc::ceiling-raw::1:0:0,1,0,0,0.0,,5.737,0,1.0,,0.0,7791ff1d-7641-4da1-8380-1773d30a7bcc::roof-flat::flat:6,1.0,,flat_matched
7791ff1d-7641-4da1-8380-1773d30a7bcc,7791ff1d-7641-4da1-8380-1773d30a7bcc::ceiling-raw::1:1:0,1,1,0,0.0,,1.621,0,1.0,,0.0,7791ff1d-7641-4da1-8380-1773d30a7bcc::roof-flat::flat:6,1.0,,flat_matched
7791ff1d-7641-4da1-8380-1773d30a7bcc,7791ff1d-7641-4da1-8380-1773d30a7bcc::ceiling-raw::1:1:1,1,1,1,0.0,,52.602,0,1.0,,0.0,7791ff1d-7641-4da1-8380-1773d30a7bcc::roof-flat::flat:6,1.0,,flat_matched
7791ff1d-7641-4da1-8380-1773d30a7bcc,7791ff1d-7641-4da1-8380-1773d30a7bcc::ceiling-raw::0:2:0,0,2,0,0.0,,6.269,0,1.0,,0.0,7791ff1d-7641-4da1-8380-1773d30a7bcc::roof-flat::flat:7,1.0,,flat_matched
7791ff1d-7641-4da1-8380-1773d30a7bcc,7791ff1d-7641-4da1-8380-1773d30a7bcc::ceiling-raw::0:3:0,0,3,0,0.0,,2.152,0,1.0,,0.0,7791ff1d-7641-4da1-8380-1773d30a7bcc::roof-flat::flat:7,1.0,,flat_matched
7791ff1d-7641-4da1-8380-1773d30a7bcc,7791ff1d-7641-4da1-8380-1773d30a7bcc::ceiling-raw::0:4:0,0,4,0,0.0,,9.917,0,1.0,,0.0,7791ff1d-7641-4da1-8380-1773d30a7bcc::roof-flat::flat:7,1.0,,flat_matched
7791ff1d-7641-4da1-8380-1773d30a7bcc,7791ff1d-7641-4da1-8380-1773d30a7bcc::ceiling-raw::0:4:1,0,4,1,0.0,,9.541,0,1.0,,0.0,7791ff1d-7641-4da1-8380-1773d30a7bcc::roof-flat::flat:7,1.0,,flat_matched
7791ff1d-7641-4da1-8380-1773d30a7bcc,7791ff1d-7641-4da1-8380-1773d30a7bcc::ceiling-raw::0:5:0,0,5,0,0.0,,9.165,0,1.0,,0.0,7791ff1d-7641-4da1-8380-1773d30a7bcc::roof-flat::flat:7,1.0,,flat_matched
7791ff1d-7641-4da1-8380-1773d30a7bcc,7791ff1d-7641-4da1-8380-1773d30a7bcc::ceiling-raw::0:6:0,0,6,0,0.0,,11.65,0,1.0,,0.0,7791ff1d-7641-4da1-8380-1773d30a7bcc::roof-flat::flat:7,1.0,,flat_matched
795ceae3-b6ef-42bc-bd48-9b69f06e9de6,795ceae3-b6ef-42bc-bd48-9b69f06e9de6::ceiling-raw::0:0:0,0,0,0,0.0,,1.181,1.0,1.0,795ceae3-b6ef-42bc-bd48-9b69f06e9de6::roof-oblique::oblique:0,1.0,795ceae3-b6ef-42bc-bd48-9b69f06e9de6::roof-flat::flat:9,1.0,0.895,flat_matched
795ceae3-b6ef-42bc-bd48-9b69f06e9de6,795ceae3-b6ef-42bc-bd48-9b69f06e9de6::ceiling-raw::0:0:1,0,0,1,26.41,126.83,3.604,1.0,1.0,795ceae3-b6ef-42bc-bd48-9b69f06e9de6::roof-oblique::oblique:0,1.0,795ceae3-b6ef-42bc-bd48-9b69f06e9de6::roof-flat::flat:0,1.0,1.0,oblique_matched
795ceae3-b6ef-42bc-bd48-9b69f06e9de6,795ceae3-b6ef-42bc-bd48-9b69f06e9de6::ceiling-raw::0:1:0,0,1,0,0.0,,3.509,0.282,1.0,795ceae3-b6ef-42bc-bd48-9b69f06e9de6::roof-oblique::oblique:0,0.282,795ceae3-b6ef-42bc-bd48-9b69f06e9de6::roof-flat::flat:9,1.0,0.895,flat_matched
795ceae3-b6ef-42bc-bd48-9b69f06e9de6,795ceae3-b6ef-42bc-bd48-9b69f06e9de6::ceiling-raw::0:1:1,0,1,1,26.52,126.95,2.393,1.0,1.0,795ceae3-b6ef-42bc-bd48-9b69f06e9de6::roof-oblique::oblique:0,1.0,795ceae3-b6ef-42bc-bd48-9b69f06e9de6::roof-flat::flat:9,1.0,1.0,oblique_matched
795ceae3-b6ef-42bc-bd48-9b69f06e9de6,795ceae3-b6ef-42bc-bd48-9b69f06e9de6::ceiling-raw::0:2:0,0,2,0,0.0,,8.271,0,1.0,,0.0,795ceae3-b6ef-42bc-bd48-9b69f06e9de6::roof-flat::flat:9,1.0,,flat_matched
795ceae3-b6ef-42bc-bd48-9b69f06e9de6,795ceae3-b6ef-42bc-bd48-9b69f06e9de6::ceiling-raw::0:3:0,0,3,0,0.0,,5.682,0,1.0,,0.0,795ceae3-b6ef-42bc-bd48-9b69f06e9de6::roof-flat::flat:9,1.0,,flat_matched
795ceae3-b6ef-42bc-bd48-9b69f06e9de6,795ceae3-b6ef-42bc-bd48-9b69f06e9de6::ceiling-raw::0:4:0,0,4,0,0.0,,11.103,0,1.0,,0.0,795ceae3-b6ef-42bc-bd48-9b69f06e9de6::roof-flat::flat:9,1.0,,flat_matched
795ceae3-b6ef-42bc-bd48-9b69f06e9de6,795ceae3-b6ef-42bc-bd48-9b69f06e9de6::ceiling-raw::0:5:0,0,5,0,0.0,,9.863,0,1.0,,0.0,795ceae3-b6ef-42bc-bd48-9b69f06e9de6::roof-flat::flat:9,1.0,,flat_matched
795ceae3-b6ef-42bc-bd48-9b69f06e9de6,795ceae3-b6ef-42bc-bd48-9b69f06e9de6::ceiling-raw::0:6:0,0,6,0,0.0,,5.039,0.019,1.0,795ceae3-b6ef-42bc-bd48-9b69f06e9de6::roof-oblique::oblique:0,0.019,795ceae3-b6ef-42bc-bd48-9b69f06e9de6::roof-flat::flat:9,1.0,0.895,flat_matched
795ceae3-b6ef-42bc-bd48-9b69f06e9de6,795ceae3-b6ef-42bc-bd48-9b69f06e9de6::ceiling-raw::0:7:0,0,7,0,0.0,,36.327,0,1.0,,0.0,795ceae3-b6ef-42bc-bd48-9b69f06e9de6::roof-flat::flat:9,1.0,,flat_matched
795ceae3-b6ef-42bc-bd48-9b69f06e9de6,795ceae3-b6ef-42bc-bd48-9b69f06e9de6::ceiling-raw::0:8:0,0,8,0,0.0,,3.842,0,1.0,,0.0,795ceae3-b6ef-42bc-bd48-9b69f06e9de6::roof-flat::flat:9,1.0,,flat_matched
795ceae3-b6ef-42bc-bd48-9b69f06e9de6,795ceae3-b6ef-42bc-bd48-9b69f06e9de6::ceiling-raw::0:9:0,0,9,0,0.0,,42.371,0,1.0,,0.0,795ceae3-b6ef-42bc-bd48-9b69f06e9de6::roof-flat::flat:9,1.0,,flat_matched
7cabc39b-6328-4a6e-9491-822fa6b3c3fb,7cabc39b-6328-4a6e-9491-822fa6b3c3fb::ceiling-raw::0:0:0,0,0,0,2.3,29.58,0.249,1.0,1.0,7cabc39b-6328-4a6e-9491-822fa6b3c3fb::roof-oblique::oblique:0,1.0,7cabc39b-6328-4a6e-9491-822fa6b3c3fb::roof-flat::flat:3,1.0,0.96,flat_matched
7cabc39b-6328-4a6e-9491-822fa6b3c3fb,7cabc39b-6328-4a6e-9491-822fa6b3c3fb::ceiling-raw::0:0:1,0,0,1,16.45,299.69,6.392,1.0,1.0,7cabc39b-6328-4a6e-9491-822fa6b3c3fb::roof-oblique::oblique:0,1.0,7cabc39b-6328-4a6e-9491-822fa6b3c3fb::roof-flat::flat:3,1.0,1.0,oblique_matched
7cabc39b-6328-4a6e-9491-822fa6b3c3fb,7cabc39b-6328-4a6e-9491-822fa6b3c3fb::ceiling-raw::0:1:0,0,1,0,16.11,299.58,10.035,1.0,1.0,7cabc39b-6328-4a6e-9491-822fa6b3c3fb::roof-oblique::oblique:0,1.0,7cabc39b-6328-4a6e-9491-822fa6b3c3fb::roof-flat::flat:5,1.0,1.0,oblique_matched
7cabc39b-6328-4a6e-9491-822fa6b3c3fb,7cabc39b-6328-4a6e-9491-822fa6b3c3fb::ceiling-raw::0:2:0,0,2,0,16.05,299.58,4.244,1.0,1.0,7cabc39b-6328-4a6e-9491-822fa6b3c3fb::roof-oblique::oblique:0,1.0,7cabc39b-6328-4a6e-9491-822fa6b3c3fb::roof-flat::flat:5,1.0,1.0,oblique_matched
7cabc39b-6328-4a6e-9491-822fa6b3c3fb,7cabc39b-6328-4a6e-9491-822fa6b3c3fb::ceiling-raw::0:3:0,0,3,0,11.5,119.58,13.956,1.0,1.0,7cabc39b-6328-4a6e-9491-822fa6b3c3fb::roof-oblique::oblique:1,1.0,7cabc39b-6328-4a6e-9491-822fa6b3c3fb::roof-flat::flat:4,1.0,1.0,oblique_matched
7cabc39b-6328-4a6e-9491-822fa6b3c3fb,7cabc39b-6328-4a6e-9491-822fa6b3c3fb::ceiling-raw::0:4:0,0,4,0,16.18,299.58,11.0,1.0,1.0,7cabc39b-6328-4a6e-9491-822fa6b3c3fb::roof-oblique::oblique:0,1.0,7cabc39b-6328-4a6e-9491-822fa6b3c3fb::roof-flat::flat:5,1.0,1.0,oblique_matched
7cabc39b-6328-4a6e-9491-822fa6b3c3fb,7cabc39b-6328-4a6e-9491-822fa6b3c3fb::ceiling-raw::0:5:0,0,5,0,11.43,29.58,29.321,1.0,1.0,7cabc39b-6328-4a6e-9491-822fa6b3c3fb::roof-oblique::oblique:2,0.554,7cabc39b-6328-4a6e-9491-822fa6b3c3fb::roof-flat::flat:4,1.0,1.0,oblique_matched
7cabc39b-6328-4a6e-9491-822fa6b3c3fb,7cabc39b-6328-4a6e-9491-822fa6b3c3fb::ceiling-raw::0:6:0,0,6,0,0.0,,3.712,1.0,1.0,7cabc39b-6328-4a6e-9491-822fa6b3c3fb::roof-oblique::oblique:1,1.0,7cabc39b-6328-4a6e-9491-822fa6b3c3fb::roof-flat::flat:3,1.0,0.981,flat_matched
7cabc39b-6328-4a6e-9491-822fa6b3c3fb,7cabc39b-6328-4a6e-9491-822fa6b3c3fb::ceiling-raw::0:6:1,0,6,1,0.0,,4.869,1.0,1.0,7cabc39b-6328-4a6e-9491-822fa6b3c3fb::roof-oblique::oblique:3,1.0,7cabc39b-6328-4a6e-9491-822fa6b3c3fb::roof-flat::flat:3,1.0,0.969,flat_matched
7cabc39b-6328-4a6e-9491-822fa6b3c3fb,7cabc39b-6328-4a6e-9491-822fa6b3c3fb::ceiling-raw::0:7:0,0,7,0,15.99,209.58,12.779,1.0,1.0,7cabc39b-6328-4a6e-9491-822fa6b3c3fb::roof-oblique::oblique:3,1.0,7cabc39b-6328-4a6e-9491-822fa6b3c3fb::roof-flat::flat:3,1.0,1.0,oblique_matched
7cabc39b-6328-4a6e-9491-822fa6b3c3fb,7cabc39b-6328-4a6e-9491-822fa6b3c3fb::ceiling-raw::0:8:0,0,8,0,13.79,209.58,5.918,1.0,1.0,7cabc39b-6328-4a6e-9491-822fa6b3c3fb::roof-oblique::oblique:3,1.0,7cabc39b-6328-4a6e-9491-822fa6b3c3fb::roof-flat::flat:5,1.0,1.0,oblique_matched
7cabc39b-6328-4a6e-9491-822fa6b3c3fb,7cabc39b-6328-4a6e-9491-822fa6b3c3fb::ceiling-raw::0:8:1,0,8,1,13.33,209.58,2.153,0.999,1.0,7cabc39b-6328-4a6e-9491-822fa6b3c3fb::roof-oblique::oblique:3,0.999,7cabc39b-6328-4a6e-9491-822fa6b3c3fb::roof-flat::flat:5,1.0,1.0,oblique_matched
7cabc39b-6328-4a6e-9491-822fa6b3c3fb,7cabc39b-6328-4a6e-9491-822fa6b3c3fb::ceiling-raw::0:9:0,0,9,0,0.0,,30.37,0.86,1.0,7cabc39b-6328-4a6e-9491-822fa6b3c3fb::roof-oblique::oblique:0,0.617,7cabc39b-6328-4a6e-9491-822fa6b3c3fb::roof-flat::flat:5,1.0,0.96,flat_matched
7cabc39b-6328-4a6e-9491-822fa6b3c3fb,7cabc39b-6328-4a6e-9491-822fa6b3c3fb::ceiling-raw::0:10:0,0,10,0,0.0,,12.229,1.0,1.0,7cabc39b-6328-4a6e-9491-822fa6b3c3fb::roof-oblique::oblique:3,0.923,7cabc39b-6328-4a6e-9491-822fa6b3c3fb::roof-flat::flat:5,1.0,0.969,flat_matched
7cabc39b-6328-4a6e-9491-822fa6b3c3fb,7cabc39b-6328-4a6e-9491-822fa6b3c3fb::ceiling-raw::0:11:0,0,11,0,11.13,119.58,33.382,0.636,1.0,7cabc39b-6328-4a6e-9491-822fa6b3c3fb::roof-oblique::oblique:1,0.636,7cabc39b-6328-4a6e-9491-822fa6b3c3fb::roof-flat::flat:3,1.0,1.0,oblique_matched
7dbc53a6-17e8-4806-83de-42286b95726c,7dbc53a6-17e8-4806-83de-42286b95726c::ceiling-raw::1:0:0,1,0,0,0.0,,24.084,0,1.0,,0.0,7dbc53a6-17e8-4806-83de-42286b95726c::roof-flat::flat:6,1.0,,flat_matched
7dbc53a6-17e8-4806-83de-42286b95726c,7dbc53a6-17e8-4806-83de-42286b95726c::ceiling-raw::1:0:1,1,0,1,0.0,,20.631,0,1.0,,0.0,7dbc53a6-17e8-4806-83de-42286b95726c::roof-flat::flat:6,1.0,,flat_matched
7dbc53a6-17e8-4806-83de-42286b95726c,7dbc53a6-17e8-4806-83de-42286b95726c::ceiling-raw::1:0:2,1,0,2,18.42,116.91,1.174,0,1.0,,0.0,7dbc53a6-17e8-4806-83de-42286b95726c::roof-flat::flat:6,1.0,,oblique_covered_by_flat
7dbc53a6-17e8-4806-83de-42286b95726c,7dbc53a6-17e8-4806-83de-42286b95726c::ceiling-raw::1:0:3,1,0,3,0.0,,0.203,0,1.0,,0.0,7dbc53a6-17e8-4806-83de-42286b95726c::roof-flat::flat:0,1.0,,flat_matched
7dbc53a6-17e8-4806-83de-42286b95726c,7dbc53a6-17e8-4806-83de-42286b95726c::ceiling-raw::1:0:4,1,0,4,29.23,176.1,0.085,0,1.0,,0.0,7dbc53a6-17e8-4806-83de-42286b95726c::roof-flat::flat:0,1.0,,oblique_covered_by_flat
7dbc53a6-17e8-4806-83de-42286b95726c,7dbc53a6-17e8-4806-83de-42286b95726c::ceiling-raw::1:0:5,1,0,5,0.0,,34.392,0,1.0,,0.0,7dbc53a6-17e8-4806-83de-42286b95726c::roof-flat::flat:6,1.0,,flat_matched
7dbc53a6-17e8-4806-83de-42286b95726c,7dbc53a6-17e8-4806-83de-42286b95726c::ceiling-raw::1:0:6,1,0,6,24.26,306.37,0.866,0,1.0,,0.0,7dbc53a6-17e8-4806-83de-42286b95726c::roof-flat::flat:6,1.0,,oblique_covered_by_flat
7dbc53a6-17e8-4806-83de-42286b95726c,7dbc53a6-17e8-4806-83de-42286b95726c::ceiling-raw::1:0:7,1,0,7,31.66,259.24,0.062,0,1.0,,0.0,7dbc53a6-17e8-4806-83de-42286b95726c::roof-flat::flat:0,1.0,,oblique_covered_by_flat
7dbc53a6-17e8-4806-83de-42286b95726c,7dbc53a6-17e8-4806-83de-42286b95726c::ceiling-raw::1:3:0,1,3,0,0.0,,7.375,0,1.0,,0.0,7dbc53a6-17e8-4806-83de-42286b95726c::roof-flat::flat:6,1.0,,flat_matched
7dbc53a6-17e8-4806-83de-42286b95726c,7dbc53a6-17e8-4806-83de-42286b95726c::ceiling-raw::1:5:0,1,5,0,0.0,,1.706,0,1.0,,0.0,7dbc53a6-17e8-4806-83de-42286b95726c::roof-flat::flat:6,1.0,,flat_matched
7dbc53a6-17e8-4806-83de-42286b95726c,7dbc53a6-17e8-4806-83de-42286b95726c::ceiling-raw::1:5:1,1,5,1,0.0,,1.259,0,1.0,,0.0,7dbc53a6-17e8-4806-83de-42286b95726c::roof-flat::flat:6,1.0,,flat_matched
7dbc53a6-17e8-4806-83de-42286b95726c,7dbc53a6-17e8-4806-83de-42286b95726c::ceiling-raw::1:5:2,1,5,2,0.0,,4.06,0,1.0,,0.0,7dbc53a6-17e8-4806-83de-42286b95726c::roof-flat::flat:6,1.0,,flat_matched
7dbc53a6-17e8-4806-83de-42286b95726c,7dbc53a6-17e8-4806-83de-42286b95726c::ceiling-raw::1:5:3,1,5,3,6.54,256.26,4.565,0,1.0,,0.0,7dbc53a6-17e8-4806-83de-42286b95726c::roof-flat::flat:6,1.0,,oblique_covered_by_flat
7dbc53a6-17e8-4806-83de-42286b95726c,7dbc53a6-17e8-4806-83de-42286b95726c::ceiling-raw::1:5:4,1,5,4,7.89,257.14,2.77,0,1.0,,0.0,7dbc53a6-17e8-4806-83de-42286b95726c::roof-flat::flat:6,1.0,,oblique_covered_by_flat
7dbc53a6-17e8-4806-83de-42286b95726c,7dbc53a6-17e8-4806-83de-42286b95726c::ceiling-raw::1:5:5,1,5,5,9.97,212.61,1.615,0,1.0,,0.0,7dbc53a6-17e8-4806-83de-42286b95726c::roof-flat::flat:6,1.0,,oblique_covered_by_flat
7dbc53a6-17e8-4806-83de-42286b95726c,7dbc53a6-17e8-4806-83de-42286b95726c::ceiling-raw::1:5:6,1,5,6,12.27,212.61,1.807,0,1.0,,0.0,7dbc53a6-17e8-4806-83de-42286b95726c::roof-flat::flat:6,1.0,,oblique_covered_by_flat
7dbc53a6-17e8-4806-83de-42286b95726c,7dbc53a6-17e8-4806-83de-42286b95726c::ceiling-raw::1:5:7,1,5,7,41.09,129.18,0.203,0,1.0,,0.0,7dbc53a6-17e8-4806-83de-42286b95726c::roof-flat::flat:6,1.0,,oblique_covered_by_flat
7dbc53a6-17e8-4806-83de-42286b95726c,7dbc53a6-17e8-4806-83de-42286b95726c::ceiling-raw::1:5:8,1,5,8,48.69,127.63,0.133,0,1.0,,0.0,7dbc53a6-17e8-4806-83de-42286b95726c::roof-flat::flat:6,1.0,,oblique_covered_by_flat
7dbc53a6-17e8-4806-83de-42286b95726c,7dbc53a6-17e8-4806-83de-42286b95726c::ceiling-raw::1:5:9,1,5,9,66.69,122.83,0.141,0,1.0,,0.0,7dbc53a6-17e8-4806-83de-42286b95726c::roof-flat::flat:6,1.0,,oblique_covered_by_flat
7dbc53a6-17e8-4806-83de-42286b95726c,7dbc53a6-17e8-4806-83de-42286b95726c::ceiling-raw::1:5:10,1,5,10,68.95,124.75,0.104,0,1.0,,0.0,7dbc53a6-17e8-4806-83de-42286b95726c::roof-flat::flat:6,1.0,,oblique_covered_by_flat
7dbc53a6-17e8-4806-83de-42286b95726c,7dbc53a6-17e8-4806-83de-42286b95726c::ceiling-raw::1:5:13,1,5,13,0.0,,0.113,0,1.0,,0.0,7dbc53a6-17e8-4806-83de-42286b95726c::roof-flat::flat:6,1.0,,flat_matched
7dbc53a6-17e8-4806-83de-42286b95726c,7dbc53a6-17e8-4806-83de-42286b95726c::ceiling-raw::1:5:14,1,5,14,0.0,,0.035,0,1.0,,0.0,7dbc53a6-17e8-4806-83de-42286b95726c::roof-flat::flat:6,1.0,,flat_matched
7dbc53a6-17e8-4806-83de-42286b95726c,7dbc53a6-17e8-4806-83de-42286b95726c::ceiling-raw::1:5:15,1,5,15,12.27,212.6,0.175,0,1.0,,0.0,7dbc53a6-17e8-4806-83de-42286b95726c::roof-flat::flat:6,1.0,,oblique_covered_by_flat
7dbc53a6-17e8-4806-83de-42286b95726c,7dbc53a6-17e8-4806-83de-42286b95726c::ceiling-raw::1:5:16,1,5,16,41.09,129.17,0.174,0,1.0,,0.0,7dbc53a6-17e8-4806-83de-42286b95726c::roof-flat::flat:6,1.0,,oblique_covered_by_flat
7dbc53a6-17e8-4806-83de-42286b95726c,7dbc53a6-17e8-4806-83de-42286b95726c::ceiling-raw::1:5:17,1,5,17,48.69,127.62,0.113,0,1.0,,0.0,7dbc53a6-17e8-4806-83de-42286b95726c::roof-flat::flat:6,1.0,,oblique_covered_by_flat
7dbc53a6-17e8-4806-83de-42286b95726c,7dbc53a6-17e8-4806-83de-42286b95726c::ceiling-raw::0:6:0,0,6,0,3.72,316.48,4.429,0,1.0,,0.0,7dbc53a6-17e8-4806-83de-42286b95726c::roof-flat::flat:8,1.0,,flat_matched
7dbc53a6-17e8-4806-83de-42286b95726c,7dbc53a6-17e8-4806-83de-42286b95726c::ceiling-raw::0:6:1,0,6,1,5.29,226.47,6.739,0,1.0,,0.0,7dbc53a6-17e8-4806-83de-42286b95726c::roof-flat::flat:8,1.0,,oblique_covered_by_flat
7dbc53a6-17e8-4806-83de-42286b95726c,7dbc53a6-17e8-4806-83de-42286b95726c::ceiling-raw::0:6:2,0,6,2,8.04,140.74,7.598,0,1.0,,0.0,7dbc53a6-17e8-4806-83de-42286b95726c::roof-flat::flat:8,1.0,,oblique_covered_by_flat
7dbc53a6-17e8-4806-83de-42286b95726c,7dbc53a6-17e8-4806-83de-42286b95726c::ceiling-raw::2:7:0,2,7,0,0.0,,15.009,0.997,1.0,7dbc53a6-17e8-4806-83de-42286b95726c::roof-oblique::oblique:0,0.549,7dbc53a6-17e8-4806-83de-42286b95726c::roof-flat::flat:9,1.0,0.785,flat_matched
7dbc53a6-17e8-4806-83de-42286b95726c,7dbc53a6-17e8-4806-83de-42286b95726c::ceiling-raw::2:7:1,2,7,1,27.03,32.38,0.437,1.0,1.0,7dbc53a6-17e8-4806-83de-42286b95726c::roof-oblique::oblique:1,1.0,7dbc53a6-17e8-4806-83de-42286b95726c::roof-flat::flat:9,1.0,0.645,oblique_wrong_orientation
7dbc53a6-17e8-4806-83de-42286b95726c,7dbc53a6-17e8-4806-83de-42286b95726c::ceiling-raw::2:7:2,2,7,2,40.54,302.38,2.282,1.0,1.0,7dbc53a6-17e8-4806-83de-42286b95726c::roof-oblique::oblique:1,1.0,7dbc53a6-17e8-4806-83de-42286b95726c::roof-flat::flat:9,1.0,0.999,oblique_matched
7dbc53a6-17e8-4806-83de-42286b95726c,7dbc53a6-17e8-4806-83de-42286b95726c::ceiling-raw::2:7:3,2,7,3,50.59,302.38,4.503,0.995,1.0,7dbc53a6-17e8-4806-83de-42286b95726c::roof-oblique::oblique:1,0.995,7dbc53a6-17e8-4806-83de-42286b95726c::roof-flat::flat:9,1.0,0.992,oblique_matched
7dbc53a6-17e8-4806-83de-42286b95726c,7dbc53a6-17e8-4806-83de-42286b95726c::ceiling-raw::2:7:4,2,7,4,50.66,122.38,9.052,0.995,1.0,7dbc53a6-17e8-4806-83de-42286b95726c::roof-oblique::oblique:0,0.995,7dbc53a6-17e8-4806-83de-42286b95726c::roof-flat::flat:9,1.0,0.977,oblique_matched
7dbc53a6-17e8-4806-83de-42286b95726c,7dbc53a6-17e8-4806-83de-42286b95726c::ceiling-raw::2:7:5,2,7,5,52.39,283.99,1.266,1.0,1.0,7dbc53a6-17e8-4806-83de-42286b95726c::roof-oblique::oblique:1,1.0,7dbc53a6-17e8-4806-83de-42286b95726c::roof-flat::flat:9,1.0,0.961,oblique_matched
7dbc53a6-17e8-4806-83de-42286b95726c,7dbc53a6-17e8-4806-83de-42286b95726c::ceiling-raw::2:7:6,2,7,6,52.69,324.33,1.028,1.0,1.0,7dbc53a6-17e8-4806-83de-42286b95726c::roof-oblique::oblique:1,1.0,7dbc53a6-17e8-4806-83de-42286b95726c::roof-flat::flat:9,1.0,0.947,oblique_matched
7dbc53a6-17e8-4806-83de-42286b95726c,7dbc53a6-17e8-4806-83de-42286b95726c::ceiling-raw::2:10:0,2,10,0,0.0,,8.67,1.0,1.0,7dbc53a6-17e8-4806-83de-42286b95726c::roof-oblique::oblique:0,0.983,7dbc53a6-17e8-4806-83de-42286b95726c::roof-flat::flat:9,1.0,0.785,flat_matched
7dbc53a6-17e8-4806-83de-42286b95726c,7dbc53a6-17e8-4806-83de-42286b95726c::ceiling-raw::2:10:1,2,10,1,0.0,,8.651,1.0,1.0,7dbc53a6-17e8-4806-83de-42286b95726c::roof-oblique::oblique:0,0.982,7dbc53a6-17e8-4806-83de-42286b95726c::roof-flat::flat:9,1.0,0.785,flat_matched
7dbc53a6-17e8-4806-83de-42286b95726c,7dbc53a6-17e8-4806-83de-42286b95726c::ceiling-raw::3:11:0,3,11,0,0.0,,4.267,0,1.0,,0.0,7dbc53a6-17e8-4806-83de-42286b95726c::roof-flat::flat:5,1.0,,flat_matched
7dbc53a6-17e8-4806-83de-42286b95726c,7dbc53a6-17e8-4806-83de-42286b95726c::ceiling-raw::3:11:1,3,11,1,38.11,203.76,1.207,0,1.0,,0.0,7dbc53a6-17e8-4806-83de-42286b95726c::roof-flat::flat:5,1.0,,oblique_covered_by_flat
7dbc53a6-17e8-4806-83de-42286b95726c,7dbc53a6-17e8-4806-83de-42286b95726c::ceiling-raw::3:11:2,3,11,2,48.42,301.25,14.542,0,1.0,,0.0,7dbc53a6-17e8-4806-83de-42286b95726c::roof-flat::flat:5,1.0,,oblique_covered_by_flat
7dbc53a6-17e8-4806-83de-42286b95726c,7dbc53a6-17e8-4806-83de-42286b95726c::ceiling-raw::3:11:3,3,11,3,53.31,121.25,12.321,0,1.0,,0.0,7dbc53a6-17e8-4806-83de-42286b95726c::roof-flat::flat:5,1.0,,oblique_covered_by_flat
7dbc53a6-17e8-4806-83de-42286b95726c,7dbc53a6-17e8-4806-83de-42286b95726c::ceiling-raw::3:11:4,3,11,4,76.72,131.83,0.269,0,1.0,,0.0,7dbc53a6-17e8-4806-83de-42286b95726c::roof-flat::flat:5,1.0,,oblique_covered_by_flat
7dbc53a6-17e8-4806-83de-42286b95726c,7dbc53a6-17e8-4806-83de-42286b95726c::ceiling-raw::3:11:5,3,11,5,78.78,292.38,0.286,0,1.0,,0.0,7dbc53a6-17e8-4806-83de-42286b95726c::roof-flat::flat:5,1.0,,oblique_covered_by_flat
7dbc53a6-17e8-4806-83de-42286b95726c,7dbc53a6-17e8-4806-83de-42286b95726c::ceiling-raw::3:11:6,3,11,6,84.65,125.43,0.134,0,1.0,,0.0,7dbc53a6-17e8-4806-83de-42286b95726c::roof-flat::flat:5,1.0,,near_vertical_skip
7dbc53a6-17e8-4806-83de-42286b95726c,7dbc53a6-17e8-4806-83de-42286b95726c::ceiling-raw::3:11:7,3,11,7,88.55,211.25,0.042,0,1.0,,0.0,7dbc53a6-17e8-4806-83de-42286b95726c::roof-flat::flat:5,1.0,,near_vertical_skip
7dbc53a6-17e8-4806-83de-42286b95726c,7dbc53a6-17e8-4806-83de-42286b95726c::ceiling-raw::3:11:8,3,11,8,88.84,211.25,0.012,0,1.0,,0.0,7dbc53a6-17e8-4806-83de-42286b95726c::roof-flat::flat:5,1.0,,near_vertical_skip
7e42a701-1f0a-451a-8229-05f581454979,7e42a701-1f0a-451a-8229-05f581454979::ceiling-raw::0:0:0,0,0,0,0.0,,33.481,0,1.0,,0.0,7e42a701-1f0a-451a-8229-05f581454979::roof-flat::flat:12,1.0,,flat_matched
7e42a701-1f0a-451a-8229-05f581454979,7e42a701-1f0a-451a-8229-05f581454979::ceiling-raw::0:1:0,0,1,0,0.0,,7.768,0,1.0,,0.0,7e42a701-1f0a-451a-8229-05f581454979::roof-flat::flat:12,1.0,,flat_matched
7e42a701-1f0a-451a-8229-05f581454979,7e42a701-1f0a-451a-8229-05f581454979::ceiling-raw::0:2:0,0,2,0,0.0,,12.347,0,1.0,,0.0,7e42a701-1f0a-451a-8229-05f581454979::roof-flat::flat:12,1.0,,flat_matched
7e42a701-1f0a-451a-8229-05f581454979,7e42a701-1f0a-451a-8229-05f581454979::ceiling-raw::0:3:0,0,3,0,0.0,,10.957,0,1.0,,0.0,7e42a701-1f0a-451a-8229-05f581454979::roof-flat::flat:12,1.0,,flat_matched
7e42a701-1f0a-451a-8229-05f581454979,7e42a701-1f0a-451a-8229-05f581454979::ceiling-raw::0:4:0,0,4,0,0.0,,2.339,0,1.0,,0.0,7e42a701-1f0a-451a-8229-05f581454979::roof-flat::flat:12,1.0,,flat_matched
7e42a701-1f0a-451a-8229-05f581454979,7e42a701-1f0a-451a-8229-05f581454979::ceiling-raw::0:5:0,0,5,0,0.0,,3.498,0,1.0,,0.0,7e42a701-1f0a-451a-8229-05f581454979::roof-flat::flat:12,1.0,,flat_matched
7e42a701-1f0a-451a-8229-05f581454979,7e42a701-1f0a-451a-8229-05f581454979::ceiling-raw::0:6:0,0,6,0,0.0,,7.563,0,1.0,,0.0,7e42a701-1f0a-451a-8229-05f581454979::roof-flat::flat:12,1.0,,flat_matched
7e42a701-1f0a-451a-8229-05f581454979,7e42a701-1f0a-451a-8229-05f581454979::ceiling-raw::0:7:0,0,7,0,0.0,,10.444,0,1.0,,0.0,7e42a701-1f0a-451a-8229-05f581454979::roof-flat::flat:12,1.0,,flat_matched
7e42a701-1f0a-451a-8229-05f581454979,7e42a701-1f0a-451a-8229-05f581454979::ceiling-raw::0:8:0,0,8,0,0.0,,6.16,0,1.0,,0.0,7e42a701-1f0a-451a-8229-05f581454979::roof-flat::flat:12,1.0,,flat_matched
7e42a701-1f0a-451a-8229-05f581454979,7e42a701-1f0a-451a-8229-05f581454979::ceiling-raw::0:9:0,0,9,0,0.0,,12.938,0,1.0,,0.0,7e42a701-1f0a-451a-8229-05f581454979::roof-flat::flat:12,1.0,,flat_matched
7e42a701-1f0a-451a-8229-05f581454979,7e42a701-1f0a-451a-8229-05f581454979::ceiling-raw::0:10:0,0,10,0,0.0,,11.827,0,1.0,,0.0,7e42a701-1f0a-451a-8229-05f581454979::roof-flat::flat:12,1.0,,flat_matched
7e42a701-1f0a-451a-8229-05f581454979,7e42a701-1f0a-451a-8229-05f581454979::ceiling-raw::0:11:0,0,11,0,0.0,,5.538,0,1.0,,0.0,7e42a701-1f0a-451a-8229-05f581454979::roof-flat::flat:12,1.0,,flat_matched
7e42a701-1f0a-451a-8229-05f581454979,7e42a701-1f0a-451a-8229-05f581454979::ceiling-raw::0:12:0,0,12,0,0.0,,9.171,0,1.0,,0.0,7e42a701-1f0a-451a-8229-05f581454979::roof-flat::flat:12,1.0,,flat_matched
85b7d943-95c9-4937-af42-121f705ed3e0,85b7d943-95c9-4937-af42-121f705ed3e0::ceiling-raw::0:0:0,0,0,0,0.0,,3.211,0,1.0,,0.0,85b7d943-95c9-4937-af42-121f705ed3e0::roof-flat::flat:7,1.0,,flat_matched
85b7d943-95c9-4937-af42-121f705ed3e0,85b7d943-95c9-4937-af42-121f705ed3e0::ceiling-raw::0:1:0,0,1,0,0.0,,8.175,0,1.0,,0.0,85b7d943-95c9-4937-af42-121f705ed3e0::roof-flat::flat:7,1.0,,flat_matched
85b7d943-95c9-4937-af42-121f705ed3e0,85b7d943-95c9-4937-af42-121f705ed3e0::ceiling-raw::0:2:0,0,2,0,0.0,,6.053,0,1.0,,0.0,85b7d943-95c9-4937-af42-121f705ed3e0::roof-flat::flat:7,1.0,,flat_matched
85b7d943-95c9-4937-af42-121f705ed3e0,85b7d943-95c9-4937-af42-121f705ed3e0::ceiling-raw::0:3:0,0,3,0,0.0,,2.649,0,1.0,,0.0,85b7d943-95c9-4937-af42-121f705ed3e0::roof-flat::flat:7,1.0,,flat_matched
85b7d943-95c9-4937-af42-121f705ed3e0,85b7d943-95c9-4937-af42-121f705ed3e0::ceiling-raw::0:4:0,0,4,0,0.0,,10.409,0,1.0,,0.0,85b7d943-95c9-4937-af42-121f705ed3e0::roof-flat::flat:7,1.0,,flat_matched
85b7d943-95c9-4937-af42-121f705ed3e0,85b7d943-95c9-4937-af42-121f705ed3e0::ceiling-raw::0:5:0,0,5,0,0.0,,7.583,0,1.0,,0.0,85b7d943-95c9-4937-af42-121f705ed3e0::roof-flat::flat:7,1.0,,flat_matched
85b7d943-95c9-4937-af42-121f705ed3e0,85b7d943-95c9-4937-af42-121f705ed3e0::ceiling-raw::0:6:0,0,6,0,0.0,,7.198,0,1.0,,0.0,85b7d943-95c9-4937-af42-121f705ed3e0::roof-flat::flat:7,1.0,,flat_matched
85b7d943-95c9-4937-af42-121f705ed3e0,85b7d943-95c9-4937-af42-121f705ed3e0::ceiling-raw::0:7:0,0,7,0,0.0,,31.582,0,1.0,,0.0,85b7d943-95c9-4937-af42-121f705ed3e0::roof-flat::flat:7,1.0,,flat_matched
85b7d943-95c9-4937-af42-121f705ed3e0,85b7d943-95c9-4937-af42-121f705ed3e0::ceiling-raw::0:8:0,0,8,0,0.0,,8.733,0,1.0,,0.0,85b7d943-95c9-4937-af42-121f705ed3e0::roof-flat::flat:7,1.0,,flat_matched
873952bc-1159-43dd-b4bd-6535a55c57cf,873952bc-1159-43dd-b4bd-6535a55c57cf::ceiling-raw::1:0:0,1,0,0,2.88,45.51,4.236,0.996,1.0,873952bc-1159-43dd-b4bd-6535a55c57cf::roof-oblique::oblique:1,0.816,873952bc-1159-43dd-b4bd-6535a55c57cf::roof-flat::flat:3,1.0,0.668,flat_matched
873952bc-1159-43dd-b4bd-6535a55c57cf,873952bc-1159-43dd-b4bd-6535a55c57cf::ceiling-raw::1:0:1,1,0,1,4.58,133.21,4.2,1.0,1.0,873952bc-1159-43dd-b4bd-6535a55c57cf::roof-oblique::oblique:0,0.672,873952bc-1159-43dd-b4bd-6535a55c57cf::roof-flat::flat:3,1.0,0.576,flat_matched
873952bc-1159-43dd-b4bd-6535a55c57cf,873952bc-1159-43dd-b4bd-6535a55c57cf::ceiling-raw::1:0:2,1,0,2,47.43,131.54,3.707,0.999,1.0,873952bc-1159-43dd-b4bd-6535a55c57cf::roof-oblique::oblique:1,0.999,873952bc-1159-43dd-b4bd-6535a55c57cf::roof-flat::flat:4,1.0,1.0,oblique_matched
873952bc-1159-43dd-b4bd-6535a55c57cf,873952bc-1159-43dd-b4bd-6535a55c57cf::ceiling-raw::1:0:3,1,0,3,50.34,312.9,3.472,0.999,1.0,873952bc-1159-43dd-b4bd-6535a55c57cf::roof-oblique::oblique:0,0.999,873952bc-1159-43dd-b4bd-6535a55c57cf::roof-flat::flat:4,1.0,1.0,oblique_matched
873952bc-1159-43dd-b4bd-6535a55c57cf,873952bc-1159-43dd-b4bd-6535a55c57cf::ceiling-raw::1:0:4,1,0,4,90.0,222.59,0.0,1.0,1.0,873952bc-1159-43dd-b4bd-6535a55c57cf::roof-oblique::oblique:1,0.8,873952bc-1159-43dd-b4bd-6535a55c57cf::roof-flat::flat:3,1.0,0.013,near_vertical_skip
873952bc-1159-43dd-b4bd-6535a55c57cf,873952bc-1159-43dd-b4bd-6535a55c57cf::ceiling-raw::1:1:0,1,1,0,0.0,,6.146,1.0,1.0,873952bc-1159-43dd-b4bd-6535a55c57cf::roof-oblique::oblique:1,0.679,873952bc-1159-43dd-b4bd-6535a55c57cf::roof-flat::flat:3,1.0,0.668,flat_matched
873952bc-1159-43dd-b4bd-6535a55c57cf,873952bc-1159-43dd-b4bd-6535a55c57cf::ceiling-raw::1:1:1,1,1,1,32.27,133.56,2.763,0.998,1.0,873952bc-1159-43dd-b4bd-6535a55c57cf::roof-oblique::oblique:1,0.998,873952bc-1159-43dd-b4bd-6535a55c57cf::roof-flat::flat:3,1.0,0.962,oblique_matched
873952bc-1159-43dd-b4bd-6535a55c57cf,873952bc-1159-43dd-b4bd-6535a55c57cf::ceiling-raw::1:1:2,1,1,2,46.34,313.54,0.652,0.998,1.0,873952bc-1159-43dd-b4bd-6535a55c57cf::roof-oblique::oblique:0,0.998,873952bc-1159-43dd-b4bd-6535a55c57cf::roof-flat::flat:3,1.0,0.998,oblique_matched
873952bc-1159-43dd-b4bd-6535a55c57cf,873952bc-1159-43dd-b4bd-6535a55c57cf::ceiling-raw::1:1:3,1,1,3,47.93,133.17,0.842,1.0,1.0,873952bc-1159-43dd-b4bd-6535a55c57cf::roof-oblique::oblique:1,1.0,873952bc-1159-43dd-b4bd-6535a55c57cf::roof-flat::flat:3,1.0,1.0,oblique_matched
873952bc-1159-43dd-b4bd-6535a55c57cf,873952bc-1159-43dd-b4bd-6535a55c57cf::ceiling-raw::1:1:4,1,1,4,49.74,133.17,0.825,1.0,0.762,873952bc-1159-43dd-b4bd-6535a55c57cf::roof-oblique::oblique:1,1.0,873952bc-1159-43dd-b4bd-6535a55c57cf::roof-flat::flat:3,0.762,1.0,oblique_matched
873952bc-1159-43dd-b4bd-6535a55c57cf,873952bc-1159-43dd-b4bd-6535a55c57cf::ceiling-raw::1:2:0,1,2,0,1.53,43.17,3.987,1.0,1.0,873952bc-1159-43dd-b4bd-6535a55c57cf::roof-oblique::oblique:0,1.0,873952bc-1159-43dd-b4bd-6535a55c57cf::roof-flat::flat:3,1.0,0.639,flat_matched
873952bc-1159-43dd-b4bd-6535a55c57cf,873952bc-1159-43dd-b4bd-6535a55c57cf::ceiling-raw::1:2:1,1,2,1,0.0,,1.203,1.0,1.0,873952bc-1159-43dd-b4bd-6535a55c57cf::roof-oblique::oblique:0,0.68,873952bc-1159-43dd-b4bd-6535a55c57cf::roof-flat::flat:0,1.0,0.639,flat_matched
873952bc-1159-43dd-b4bd-6535a55c57cf,873952bc-1159-43dd-b4bd-6535a55c57cf::ceiling-raw::1:2:2,1,2,2,5.87,101.77,1.203,1.0,1.0,873952bc-1159-43dd-b4bd-6535a55c57cf::roof-oblique::oblique:0,0.967,873952bc-1159-43dd-b4bd-6535a55c57cf::roof-flat::flat:0,1.0,0.569,oblique_wrong_orientation
873952bc-1159-43dd-b4bd-6535a55c57cf,873952bc-1159-43dd-b4bd-6535a55c57cf::ceiling-raw::0:4:0,0,4,0,0.0,,15.281,0,1.0,,0.0,873952bc-1159-43dd-b4bd-6535a55c57cf::roof-flat::flat:5,1.0,,flat_matched
873952bc-1159-43dd-b4bd-6535a55c57cf,873952bc-1159-43dd-b4bd-6535a55c57cf::ceiling-raw::0:6:0,0,6,0,2.32,6.63,2.242,0,1.0,,0.0,873952bc-1159-43dd-b4bd-6535a55c57cf::roof-flat::flat:5,1.0,,flat_matched
873952bc-1159-43dd-b4bd-6535a55c57cf,873952bc-1159-43dd-b4bd-6535a55c57cf::ceiling-raw::0:6:1,0,6,1,0.0,,0.283,0,1.0,,0.0,873952bc-1159-43dd-b4bd-6535a55c57cf::roof-flat::flat:5,1.0,,flat_matched
873952bc-1159-43dd-b4bd-6535a55c57cf,873952bc-1159-43dd-b4bd-6535a55c57cf::ceiling-raw::0:6:2,0,6,2,0.0,,0.481,0,1.0,,0.0,873952bc-1159-43dd-b4bd-6535a55c57cf::roof-flat::flat:5,1.0,,flat_matched
873952bc-1159-43dd-b4bd-6535a55c57cf,873952bc-1159-43dd-b4bd-6535a55c57cf::ceiling-raw::0:6:3,0,6,3,9.04,63.67,1.416,0,1.0,,0.0,873952bc-1159-43dd-b4bd-6535a55c57cf::roof-flat::flat:5,1.0,,oblique_covered_by_flat
873952bc-1159-43dd-b4bd-6535a55c57cf,873952bc-1159-43dd-b4bd-6535a55c57cf::ceiling-raw::0:6:4,0,6,4,11.59,49.23,0.924,0,1.0,,0.0,873952bc-1159-43dd-b4bd-6535a55c57cf::roof-flat::flat:5,1.0,,oblique_covered_by_flat
873952bc-1159-43dd-b4bd-6535a55c57cf,873952bc-1159-43dd-b4bd-6535a55c57cf::ceiling-raw::0:6:5,0,6,5,23.42,48.05,0.429,0,1.0,,0.0,873952bc-1159-43dd-b4bd-6535a55c57cf::roof-flat::flat:5,1.0,,oblique_covered_by_flat
893d4535-3169-4907-a93a-b3ab8f66ec1c,893d4535-3169-4907-a93a-b3ab8f66ec1c::ceiling-raw::0:1:0,0,1,0,0.0,,5.624,1.0,1.0,893d4535-3169-4907-a93a-b3ab8f66ec1c::roof-oblique::oblique:2,1.0,893d4535-3169-4907-a93a-b3ab8f66ec1c::roof-flat::flat:10,1.0,0.965,flat_matched
893d4535-3169-4907-a93a-b3ab8f66ec1c,893d4535-3169-4907-a93a-b3ab8f66ec1c::ceiling-raw::0:2:0,0,2,0,0.0,,10.032,1.0,1.0,893d4535-3169-4907-a93a-b3ab8f66ec1c::roof-oblique::oblique:2,1.0,893d4535-3169-4907-a93a-b3ab8f66ec1c::roof-flat::flat:10,1.0,0.965,flat_matched
893d4535-3169-4907-a93a-b3ab8f66ec1c,893d4535-3169-4907-a93a-b3ab8f66ec1c::ceiling-raw::0:3:0,0,3,0,0.0,,8.715,1.0,1.0,893d4535-3169-4907-a93a-b3ab8f66ec1c::roof-oblique::oblique:1,0.867,893d4535-3169-4907-a93a-b3ab8f66ec1c::roof-flat::flat:10,1.0,0.965,flat_matched
893d4535-3169-4907-a93a-b3ab8f66ec1c,893d4535-3169-4907-a93a-b3ab8f66ec1c::ceiling-raw::0:4:0,0,4,0,0.68,261.85,11.551,1.0,1.0,893d4535-3169-4907-a93a-b3ab8f66ec1c::roof-oblique::oblique:1,0.759,893d4535-3169-4907-a93a-b3ab8f66ec1c::roof-flat::flat:10,1.0,0.968,flat_matched
893d4535-3169-4907-a93a-b3ab8f66ec1c,893d4535-3169-4907-a93a-b3ab8f66ec1c::ceiling-raw::0:4:1,0,4,1,10.44,76.83,2.873,1.0,1.0,893d4535-3169-4907-a93a-b3ab8f66ec1c::roof-oblique::oblique:2,1.0,893d4535-3169-4907-a93a-b3ab8f66ec1c::roof-flat::flat:10,1.0,0.997,oblique_matched
893d4535-3169-4907-a93a-b3ab8f66ec1c,893d4535-3169-4907-a93a-b3ab8f66ec1c::ceiling-raw::0:4:2,0,4,2,12.41,323.82,0.106,0.999,1.0,893d4535-3169-4907-a93a-b3ab8f66ec1c::roof-oblique::oblique:1,0.708,893d4535-3169-4907-a93a-b3ab8f66ec1c::roof-flat::flat:10,1.0,0.964,oblique_matched
893d4535-3169-4907-a93a-b3ab8f66ec1c,893d4535-3169-4907-a93a-b3ab8f66ec1c::ceiling-raw::0:4:3,0,4,3,14.27,350.69,11.753,0.999,1.0,893d4535-3169-4907-a93a-b3ab8f66ec1c::roof-oblique::oblique:1,0.701,893d4535-3169-4907-a93a-b3ab8f66ec1c::roof-flat::flat:10,1.0,0.931,oblique_matched
893d4535-3169-4907-a93a-b3ab8f66ec1c,893d4535-3169-4907-a93a-b3ab8f66ec1c::ceiling-raw::0:4:4,0,4,4,14.23,75.03,0.745,1.0,1.0,893d4535-3169-4907-a93a-b3ab8f66ec1c::roof-oblique::oblique:2,1.0,893d4535-3169-4907-a93a-b3ab8f66ec1c::roof-flat::flat:10,1.0,1.0,oblique_matched
893d4535-3169-4907-a93a-b3ab8f66ec1c,893d4535-3169-4907-a93a-b3ab8f66ec1c::ceiling-raw::0:4:5,0,4,5,14.69,256.83,0.701,1.0,1.0,893d4535-3169-4907-a93a-b3ab8f66ec1c::roof-oblique::oblique:1,1.0,893d4535-3169-4907-a93a-b3ab8f66ec1c::roof-flat::flat:10,1.0,1.0,oblique_matched
893d4535-3169-4907-a93a-b3ab8f66ec1c,893d4535-3169-4907-a93a-b3ab8f66ec1c::ceiling-raw::0:4:6,0,4,6,15.18,76.83,0.242,1.0,1.0,893d4535-3169-4907-a93a-b3ab8f66ec1c::roof-oblique::oblique:2,1.0,893d4535-3169-4907-a93a-b3ab8f66ec1c::roof-flat::flat:10,1.0,1.0,oblique_matched
893d4535-3169-4907-a93a-b3ab8f66ec1c,893d4535-3169-4907-a93a-b3ab8f66ec1c::ceiling-raw::0:4:7,0,4,7,15.32,166.82,1.661,1.0,1.0,893d4535-3169-4907-a93a-b3ab8f66ec1c::roof-oblique::oblique:1,1.0,893d4535-3169-4907-a93a-b3ab8f66ec1c::roof-flat::flat:10,1.0,0.931,oblique_matched
893d4535-3169-4907-a93a-b3ab8f66ec1c,893d4535-3169-4907-a93a-b3ab8f66ec1c::ceiling-raw::0:4:8,0,4,8,16.15,185.67,0.65,1.0,1.0,893d4535-3169-4907-a93a-b3ab8f66ec1c::roof-oblique::oblique:1,1.0,893d4535-3169-4907-a93a-b3ab8f66ec1c::roof-flat::flat:10,1.0,0.95,oblique_matched
893d4535-3169-4907-a93a-b3ab8f66ec1c,893d4535-3169-4907-a93a-b3ab8f66ec1c::ceiling-raw::0:4:9,0,4,9,16.35,166.82,0.183,1.0,1.0,893d4535-3169-4907-a93a-b3ab8f66ec1c::roof-oblique::oblique:1,1.0,893d4535-3169-4907-a93a-b3ab8f66ec1c::roof-flat::flat:10,1.0,0.926,oblique_matched
893d4535-3169-4907-a93a-b3ab8f66ec1c,893d4535-3169-4907-a93a-b3ab8f66ec1c::ceiling-raw::0:4:10,0,4,10,18.59,257.7,6.969,1.0,1.0,893d4535-3169-4907-a93a-b3ab8f66ec1c::roof-oblique::oblique:1,1.0,893d4535-3169-4907-a93a-b3ab8f66ec1c::roof-flat::flat:10,1.0,0.998,oblique_matched
893d4535-3169-4907-a93a-b3ab8f66ec1c,893d4535-3169-4907-a93a-b3ab8f66ec1c::ceiling-raw::0:4:11,0,4,11,19.15,292.48,0.032,1.0,1.0,893d4535-3169-4907-a93a-b3ab8f66ec1c::roof-oblique::oblique:1,0.971,893d4535-3169-4907-a93a-b3ab8f66ec1c::roof-flat::flat:10,1.0,0.982,oblique_matched
893d4535-3169-4907-a93a-b3ab8f66ec1c,893d4535-3169-4907-a93a-b3ab8f66ec1c::ceiling-raw::0:4:12,0,4,12,21.32,179.2,3.96,1.0,1.0,893d4535-3169-4907-a93a-b3ab8f66ec1c::roof-oblique::oblique:1,1.0,893d4535-3169-4907-a93a-b3ab8f66ec1c::roof-flat::flat:10,1.0,0.919,oblique_matched
893d4535-3169-4907-a93a-b3ab8f66ec1c,893d4535-3169-4907-a93a-b3ab8f66ec1c::ceiling-raw::0:4:13,0,4,13,26.05,204.51,0.755,1.0,1.0,893d4535-3169-4907-a93a-b3ab8f66ec1c::roof-oblique::oblique:1,1.0,893d4535-3169-4907-a93a-b3ab8f66ec1c::roof-flat::flat:10,1.0,0.937,oblique_matched
893d4535-3169-4907-a93a-b3ab8f66ec1c,893d4535-3169-4907-a93a-b3ab8f66ec1c::ceiling-raw::0:4:14,0,4,14,27.5,30.76,0.47,1.0,1.0,893d4535-3169-4907-a93a-b3ab8f66ec1c::roof-oblique::oblique:2,1.0,893d4535-3169-4907-a93a-b3ab8f66ec1c::roof-flat::flat:10,1.0,0.94,oblique_matched
893d4535-3169-4907-a93a-b3ab8f66ec1c,893d4535-3169-4907-a93a-b3ab8f66ec1c::ceiling-raw::0:4:15,0,4,15,27.84,166.83,0.253,1.0,1.0,893d4535-3169-4907-a93a-b3ab8f66ec1c::roof-oblique::oblique:2,1.0,893d4535-3169-4907-a93a-b3ab8f66ec1c::roof-flat::flat:10,1.0,0.853,oblique_matched
893d4535-3169-4907-a93a-b3ab8f66ec1c,893d4535-3169-4907-a93a-b3ab8f66ec1c::ceiling-raw::0:4:16,0,4,16,29.22,147.59,0.348,1.0,1.0,893d4535-3169-4907-a93a-b3ab8f66ec1c::roof-oblique::oblique:2,1.0,893d4535-3169-4907-a93a-b3ab8f66ec1c::roof-flat::flat:10,1.0,0.884,oblique_matched
893d4535-3169-4907-a93a-b3ab8f66ec1c,893d4535-3169-4907-a93a-b3ab8f66ec1c::ceiling-raw::0:4:17,0,4,17,29.77,15.12,0.212,1.0,1.0,893d4535-3169-4907-a93a-b3ab8f66ec1c::roof-oblique::oblique:2,1.0,893d4535-3169-4907-a93a-b3ab8f66ec1c::roof-flat::flat:10,1.0,0.899,oblique_matched
893d4535-3169-4907-a93a-b3ab8f66ec1c,893d4535-3169-4907-a93a-b3ab8f66ec1c::ceiling-raw::0:4:18,0,4,18,33.5,76.82,1.669,1.0,1.0,893d4535-3169-4907-a93a-b3ab8f66ec1c::roof-oblique::oblique:2,1.0,893d4535-3169-4907-a93a-b3ab8f66ec1c::roof-flat::flat:10,1.0,0.949,oblique_matched
893d4535-3169-4907-a93a-b3ab8f66ec1c,893d4535-3169-4907-a93a-b3ab8f66ec1c::ceiling-raw::0:4:19,0,4,19,33.76,340.49,0.406,1.0,1.0,893d4535-3169-4907-a93a-b3ab8f66ec1c::roof-oblique::oblique:1,1.0,893d4535-3169-4907-a93a-b3ab8f66ec1c::roof-flat::flat:10,1.0,0.818,oblique_matched
893d4535-3169-4907-a93a-b3ab8f66ec1c,893d4535-3169-4907-a93a-b3ab8f66ec1c::ceiling-raw::0:4:20,0,4,20,35.82,323.82,0.106,1.0,1.0,893d4535-3169-4907-a93a-b3ab8f66ec1c::roof-oblique::oblique:1,0.565,893d4535-3169-4907-a93a-b3ab8f66ec1c::roof-flat::flat:10,1.0,0.843,oblique_matched
893d4535-3169-4907-a93a-b3ab8f66ec1c,893d4535-3169-4907-a93a-b3ab8f66ec1c::ceiling-raw::0:4:21,0,4,21,39.97,45.94,0.466,0.997,1.0,893d4535-3169-4907-a93a-b3ab8f66ec1c::roof-oblique::oblique:2,0.997,893d4535-3169-4907-a93a-b3ab8f66ec1c::roof-flat::flat:10,1.0,0.884,oblique_matched
893d4535-3169-4907-a93a-b3ab8f66ec1c,893d4535-3169-4907-a93a-b3ab8f66ec1c::ceiling-raw::0:4:22,0,4,22,39.45,147.59,0.348,1.0,1.0,893d4535-3169-4907-a93a-b3ab8f66ec1c::roof-oblique::oblique:2,1.0,893d4535-3169-4907-a93a-b3ab8f66ec1c::roof-flat::flat:10,1.0,0.8,oblique_matched
893d4535-3169-4907-a93a-b3ab8f66ec1c,893d4535-3169-4907-a93a-b3ab8f66ec1c::ceiling-raw::0:4:23,0,4,23,44.39,5.64,0.366,1.0,1.0,893d4535-3169-4907-a93a-b3ab8f66ec1c::roof-oblique::oblique:2,1.0,893d4535-3169-4907-a93a-b3ab8f66ec1c::roof-flat::flat:10,1.0,0.749,oblique_wrong_orientation
893d4535-3169-4907-a93a-b3ab8f66ec1c,893d4535-3169-4907-a93a-b3ab8f66ec1c::ceiling-raw::0:4:24,0,4,24,45.59,126.4,0.242,1.0,1.0,893d4535-3169-4907-a93a-b3ab8f66ec1c::roof-oblique::oblique:2,1.0,893d4535-3169-4907-a93a-b3ab8f66ec1c::roof-flat::flat:10,1.0,0.797,oblique_wrong_orientation
893d4535-3169-4907-a93a-b3ab8f66ec1c,893d4535-3169-4907-a93a-b3ab8f66ec1c::ceiling-raw::0:5:0,0,5,0,0.0,,10.564,1.0,1.0,893d4535-3169-4907-a93a-b3ab8f66ec1c::roof-oblique::oblique:1,1.0,893d4535-3169-4907-a93a-b3ab8f66ec1c::roof-flat::flat:10,1.0,0.965,flat_matched
893d4535-3169-4907-a93a-b3ab8f66ec1c,893d4535-3169-4907-a93a-b3ab8f66ec1c::ceiling-raw::0:6:0,0,6,0,0.0,,5.95,1.0,1.0,893d4535-3169-4907-a93a-b3ab8f66ec1c::roof-oblique::oblique:2,1.0,893d4535-3169-4907-a93a-b3ab8f66ec1c::roof-flat::flat:10,1.0,0.965,flat_matched
893d4535-3169-4907-a93a-b3ab8f66ec1c,893d4535-3169-4907-a93a-b3ab8f66ec1c::ceiling-raw::0:7:0,0,7,0,0.0,,11.334,1.0,1.0,893d4535-3169-4907-a93a-b3ab8f66ec1c::roof-oblique::oblique:1,0.935,893d4535-3169-4907-a93a-b3ab8f66ec1c::roof-flat::flat:10,1.0,0.965,flat_matched
893d4535-3169-4907-a93a-b3ab8f66ec1c,893d4535-3169-4907-a93a-b3ab8f66ec1c::ceiling-raw::0:8:0,0,8,0,0.0,,11.742,1.0,1.0,893d4535-3169-4907-a93a-b3ab8f66ec1c::roof-oblique::oblique:2,0.606,893d4535-3169-4907-a93a-b3ab8f66ec1c::roof-flat::flat:6,1.0,0.965,flat_matched
893d4535-3169-4907-a93a-b3ab8f66ec1c,893d4535-3169-4907-a93a-b3ab8f66ec1c::ceiling-raw::0:9:0,0,9,0,0.0,,5.949,1.0,1.0,893d4535-3169-4907-a93a-b3ab8f66ec1c::roof-oblique::oblique:2,1.0,893d4535-3169-4907-a93a-b3ab8f66ec1c::roof-flat::flat:10,1.0,0.965,flat_matched
893d4535-3169-4907-a93a-b3ab8f66ec1c,893d4535-3169-4907-a93a-b3ab8f66ec1c::ceiling-raw::0:10:0,0,10,0,0.0,,1.959,1.0,1.0,893d4535-3169-4907-a93a-b3ab8f66ec1c::roof-oblique::oblique:2,0.789,893d4535-3169-4907-a93a-b3ab8f66ec1c::roof-flat::flat:8,1.0,0.965,flat_matched
893d4535-3169-4907-a93a-b3ab8f66ec1c,893d4535-3169-4907-a93a-b3ab8f66ec1c::ceiling-raw::0:11:0,0,11,0,0.0,,5.353,1.0,1.0,893d4535-3169-4907-a93a-b3ab8f66ec1c::roof-oblique::oblique:2,1.0,893d4535-3169-4907-a93a-b3ab8f66ec1c::roof-flat::flat:10,1.0,0.965,flat_matched
893d4535-3169-4907-a93a-b3ab8f66ec1c,893d4535-3169-4907-a93a-b3ab8f66ec1c::ceiling-raw::0:11:1,0,11,1,0.0,,5.358,1.0,1.0,893d4535-3169-4907-a93a-b3ab8f66ec1c::roof-oblique::oblique:2,1.0,893d4535-3169-4907-a93a-b3ab8f66ec1c::roof-flat::flat:10,1.0,0.965,flat_matched
8ab161a4-c958-49c9-8ca8-7a997292d52f,8ab161a4-c958-49c9-8ca8-7a997292d52f::ceiling-raw::0:1:0,0,1,0,0.0,,2.757,0,1.0,,0.0,8ab161a4-c958-49c9-8ca8-7a997292d52f::roof-flat::flat:5,1.0,,flat_matched
8ab161a4-c958-49c9-8ca8-7a997292d52f,8ab161a4-c958-49c9-8ca8-7a997292d52f::ceiling-raw::0:2:0,0,2,0,0.0,,20.558,0,1.0,,0.0,8ab161a4-c958-49c9-8ca8-7a997292d52f::roof-flat::flat:4,1.0,,flat_matched
8ab161a4-c958-49c9-8ca8-7a997292d52f,8ab161a4-c958-49c9-8ca8-7a997292d52f::ceiling-raw::0:2:1,0,2,1,0.0,,2.353,0,1.0,,0.0,8ab161a4-c958-49c9-8ca8-7a997292d52f::roof-flat::flat:6,0.998,,flat_matched
8ab161a4-c958-49c9-8ca8-7a997292d52f,8ab161a4-c958-49c9-8ca8-7a997292d52f::ceiling-raw::0:3:0,0,3,0,0.0,,10.894,0,1.0,,0.0,8ab161a4-c958-49c9-8ca8-7a997292d52f::roof-flat::flat:5,1.0,,flat_matched
8ab161a4-c958-49c9-8ca8-7a997292d52f,8ab161a4-c958-49c9-8ca8-7a997292d52f::ceiling-raw::0:3:1,0,3,1,0.0,,1.775,0,1.0,,0.0,8ab161a4-c958-49c9-8ca8-7a997292d52f::roof-flat::flat:1,1.0,,flat_matched
8ab161a4-c958-49c9-8ca8-7a997292d52f,8ab161a4-c958-49c9-8ca8-7a997292d52f::ceiling-raw::0:4:0,0,4,0,0.0,,6.669,0,1.0,,0.0,8ab161a4-c958-49c9-8ca8-7a997292d52f::roof-flat::flat:4,1.0,,flat_matched
8ab161a4-c958-49c9-8ca8-7a997292d52f,8ab161a4-c958-49c9-8ca8-7a997292d52f::ceiling-raw::0:5:0,0,5,0,0.0,,6.618,0,1.0,,0.0,8ab161a4-c958-49c9-8ca8-7a997292d52f::roof-flat::flat:4,1.0,,flat_matched
8b723372-749f-4992-a044-d62bb99b84cc,8b723372-749f-4992-a044-d62bb99b84cc::ceiling-raw::0:0:0,0,0,0,0.0,,8.445,0,1.0,,0.0,8b723372-749f-4992-a044-d62bb99b84cc::roof-flat::flat:3,1.0,,flat_matched
8b723372-749f-4992-a044-d62bb99b84cc,8b723372-749f-4992-a044-d62bb99b84cc::ceiling-raw::0:3:0,0,3,0,0.0,,8.502,0,1.0,,0.0,8b723372-749f-4992-a044-d62bb99b84cc::roof-flat::flat:3,1.0,,flat_matched
8b723372-749f-4992-a044-d62bb99b84cc,8b723372-749f-4992-a044-d62bb99b84cc::ceiling-raw::0:4:0,0,4,0,0.0,,2.884,0,1.0,,0.0,8b723372-749f-4992-a044-d62bb99b84cc::roof-flat::flat:3,1.0,,flat_matched
8b723372-749f-4992-a044-d62bb99b84cc,8b723372-749f-4992-a044-d62bb99b84cc::ceiling-raw::0:4:1,0,4,1,14.27,90.38,3.143,0,1.0,,0.0,8b723372-749f-4992-a044-d62bb99b84cc::roof-flat::flat:3,1.0,,oblique_covered_by_flat
8b723372-749f-4992-a044-d62bb99b84cc,8b723372-749f-4992-a044-d62bb99b84cc::ceiling-raw::0:5:0,0,5,0,0.0,,4.242,0,1.0,,0.0,8b723372-749f-4992-a044-d62bb99b84cc::roof-flat::flat:3,1.0,,flat_matched
8b723372-749f-4992-a044-d62bb99b84cc,8b723372-749f-4992-a044-d62bb99b84cc::ceiling-raw::1:6:0,1,6,0,0.0,,5.166,0.998,0,8b723372-749f-4992-a044-d62bb99b84cc::roof-oblique::oblique:0,0.682,,0.0,0.711,flat_covered_by_oblique
8b723372-749f-4992-a044-d62bb99b84cc,8b723372-749f-4992-a044-d62bb99b84cc::ceiling-raw::1:6:1,1,6,1,46.21,179.37,4.943,1.0,0,8b723372-749f-4992-a044-d62bb99b84cc::roof-oblique::oblique:0,1.0,,0.0,1.0,oblique_matched
8b723372-749f-4992-a044-d62bb99b84cc,8b723372-749f-4992-a044-d62bb99b84cc::ceiling-raw::1:7:0,1,7,0,0.0,,1.111,1.0,0,8b723372-749f-4992-a044-d62bb99b84cc::roof-oblique::oblique:1,1.0,,0.0,0.708,flat_covered_by_oblique
8b723372-749f-4992-a044-d62bb99b84cc,8b723372-749f-4992-a044-d62bb99b84cc::ceiling-raw::1:7:1,1,7,1,33.33,359.48,1.699,1.0,0,8b723372-749f-4992-a044-d62bb99b84cc::roof-oblique::oblique:1,1.0,,0.0,0.98,oblique_matched
8b723372-749f-4992-a044-d62bb99b84cc,8b723372-749f-4992-a044-d62bb99b84cc::ceiling-raw::1:7:2,1,7,2,45.01,359.55,1.881,1.0,0,8b723372-749f-4992-a044-d62bb99b84cc::roof-oblique::oblique:1,1.0,,0.0,1.0,oblique_matched
8b723372-749f-4992-a044-d62bb99b84cc,8b723372-749f-4992-a044-d62bb99b84cc::ceiling-raw::1:7:3,1,7,3,45.37,359.74,0.649,1.0,0,8b723372-749f-4992-a044-d62bb99b84cc::roof-oblique::oblique:1,1.0,,0.0,1.0,oblique_matched
8b723372-749f-4992-a044-d62bb99b84cc,8b723372-749f-4992-a044-d62bb99b84cc::ceiling-raw::1:8:0,1,8,0,0.0,,1.715,1.0,0,8b723372-749f-4992-a044-d62bb99b84cc::roof-oblique::oblique:0,0.636,,0.0,0.711,flat_covered_by_oblique
8b723372-749f-4992-a044-d62bb99b84cc,8b723372-749f-4992-a044-d62bb99b84cc::ceiling-raw::1:8:1,1,8,1,29.31,89.74,0.283,1.0,0,8b723372-749f-4992-a044-d62bb99b84cc::roof-oblique::oblique:0,0.515,,0.0,0.62,oblique_wrong_orientation
8b723372-749f-4992-a044-d62bb99b84cc,8b723372-749f-4992-a044-d62bb99b84cc::ceiling-raw::1:8:2,1,8,2,42.68,180.37,2.13,1.0,0,8b723372-749f-4992-a044-d62bb99b84cc::roof-oblique::oblique:0,1.0,,0.0,0.999,oblique_matched
8b723372-749f-4992-a044-d62bb99b84cc,8b723372-749f-4992-a044-d62bb99b84cc::ceiling-raw::1:8:3,1,8,3,44.68,359.74,2.806,1.0,0,8b723372-749f-4992-a044-d62bb99b84cc::roof-oblique::oblique:1,1.0,,0.0,1.0,oblique_matched
8b723372-749f-4992-a044-d62bb99b84cc,8b723372-749f-4992-a044-d62bb99b84cc::ceiling-raw::1:8:4,1,8,4,46.83,353.92,3.318,1.0,0,8b723372-749f-4992-a044-d62bb99b84cc::roof-oblique::oblique:1,0.992,,0.0,0.997,oblique_matched
8b723372-749f-4992-a044-d62bb99b84cc,8b723372-749f-4992-a044-d62bb99b84cc::ceiling-raw::1:8:5,1,8,5,45.42,179.74,2.52,1.0,0,8b723372-749f-4992-a044-d62bb99b84cc::roof-oblique::oblique:0,1.0,,0.0,1.0,oblique_matched
8b723372-749f-4992-a044-d62bb99b84cc,8b723372-749f-4992-a044-d62bb99b84cc::ceiling-raw::1:8:6,1,8,6,45.79,188.94,0.625,1.0,0,8b723372-749f-4992-a044-d62bb99b84cc::roof-oblique::oblique:0,1.0,,0.0,0.993,oblique_matched
8b723372-749f-4992-a044-d62bb99b84cc,8b723372-749f-4992-a044-d62bb99b84cc::ceiling-raw::1:8:7,1,8,7,48.67,29.32,0.54,1.0,0,8b723372-749f-4992-a044-d62bb99b84cc::roof-oblique::oblique:1,1.0,,0.0,0.929,oblique_matched
8b723372-749f-4992-a044-d62bb99b84cc,8b723372-749f-4992-a044-d62bb99b84cc::ceiling-raw::1:8:8,1,8,8,48.68,359.74,3.091,1.0,0,8b723372-749f-4992-a044-d62bb99b84cc::roof-oblique::oblique:1,1.0,,0.0,0.998,oblique_matched
8b723372-749f-4992-a044-d62bb99b84cc,8b723372-749f-4992-a044-d62bb99b84cc::ceiling-raw::1:8:9,1,8,9,51.94,187.13,2.52,1.0,0,8b723372-749f-4992-a044-d62bb99b84cc::roof-oblique::oblique:0,1.0,,0.0,0.987,oblique_matched
8b723372-749f-4992-a044-d62bb99b84cc,8b723372-749f-4992-a044-d62bb99b84cc::ceiling-raw::1:8:10,1,8,10,53.89,159.82,1.422,1.0,0,8b723372-749f-4992-a044-d62bb99b84cc::roof-oblique::oblique:0,1.0,,0.0,0.953,oblique_matched
8b723372-749f-4992-a044-d62bb99b84cc,8b723372-749f-4992-a044-d62bb99b84cc::ceiling-raw::1:8:11,1,8,11,54.82,202.21,0.12,1.0,0,8b723372-749f-4992-a044-d62bb99b84cc::roof-oblique::oblique:0,1.0,,0.0,0.941,oblique_matched
8e7e69b2-e1db-4482-8f21-93be6904a5f1,8e7e69b2-e1db-4482-8f21-93be6904a5f1::ceiling-raw::0:1:0,0,1,0,0.0,,4.172,0,1.0,,0.0,8e7e69b2-e1db-4482-8f21-93be6904a5f1::roof-flat::flat:7,1.0,,flat_matched
8e7e69b2-e1db-4482-8f21-93be6904a5f1,8e7e69b2-e1db-4482-8f21-93be6904a5f1::ceiling-raw::0:1:1,0,1,1,7.19,134.42,4.172,0,1.0,,0.0,8e7e69b2-e1db-4482-8f21-93be6904a5f1::roof-flat::flat:7,1.0,,oblique_covered_by_flat
8e7e69b2-e1db-4482-8f21-93be6904a5f1,8e7e69b2-e1db-4482-8f21-93be6904a5f1::ceiling-raw::0:1:2,0,1,2,5.74,276.48,12.486,0,1.0,,0.0,8e7e69b2-e1db-4482-8f21-93be6904a5f1::roof-flat::flat:7,1.0,,oblique_covered_by_flat
8e7e69b2-e1db-4482-8f21-93be6904a5f1,8e7e69b2-e1db-4482-8f21-93be6904a5f1::ceiling-raw::0:1:3,0,1,3,17.42,168.0,2.185,0,1.0,,0.0,8e7e69b2-e1db-4482-8f21-93be6904a5f1::roof-flat::flat:7,1.0,,oblique_covered_by_flat
8e7e69b2-e1db-4482-8f21-93be6904a5f1,8e7e69b2-e1db-4482-8f21-93be6904a5f1::ceiling-raw::0:1:5,0,1,5,0.0,,4.135,0,1.0,,0.0,8e7e69b2-e1db-4482-8f21-93be6904a5f1::roof-flat::flat:7,1.0,,flat_matched
8e7e69b2-e1db-4482-8f21-93be6904a5f1,8e7e69b2-e1db-4482-8f21-93be6904a5f1::ceiling-raw::0:1:6,0,1,6,7.23,238.8,4.135,0,1.0,,0.0,8e7e69b2-e1db-4482-8f21-93be6904a5f1::roof-flat::flat:7,1.0,,oblique_covered_by_flat
8e7e69b2-e1db-4482-8f21-93be6904a5f1,8e7e69b2-e1db-4482-8f21-93be6904a5f1::ceiling-raw::1:2:0,1,2,0,0.0,,47.024,0.006,1.0,8e7e69b2-e1db-4482-8f21-93be6904a5f1::roof-oblique::oblique:0,0.006,8e7e69b2-e1db-4482-8f21-93be6904a5f1::roof-flat::flat:9,1.0,0.957,flat_matched
8e7e69b2-e1db-4482-8f21-93be6904a5f1,8e7e69b2-e1db-4482-8f21-93be6904a5f1::ceiling-raw::1:3:0,1,3,0,0.0,,5.195,0,1.0,,0.0,8e7e69b2-e1db-4482-8f21-93be6904a5f1::roof-flat::flat:9,1.0,,flat_matched
8e7e69b2-e1db-4482-8f21-93be6904a5f1,8e7e69b2-e1db-4482-8f21-93be6904a5f1::ceiling-raw::1:4:0,1,4,0,0.0,,2.018,0,1.0,,0.0,8e7e69b2-e1db-4482-8f21-93be6904a5f1::roof-flat::flat:9,1.0,,flat_matched
8e7e69b2-e1db-4482-8f21-93be6904a5f1,8e7e69b2-e1db-4482-8f21-93be6904a5f1::ceiling-raw::1:5:0,1,5,0,0.0,,14.23,0,1.0,,0.0,8e7e69b2-e1db-4482-8f21-93be6904a5f1::roof-flat::flat:9,1.0,,flat_matched
8e7e69b2-e1db-4482-8f21-93be6904a5f1,8e7e69b2-e1db-4482-8f21-93be6904a5f1::ceiling-raw::1:6:0,1,6,0,0.0,,9.432,0,1.0,,0.0,8e7e69b2-e1db-4482-8f21-93be6904a5f1::roof-flat::flat:9,1.0,,flat_matched
8e7e69b2-e1db-4482-8f21-93be6904a5f1,8e7e69b2-e1db-4482-8f21-93be6904a5f1::ceiling-raw::1:7:0,1,7,0,0.0,,10.358,0.181,1.0,8e7e69b2-e1db-4482-8f21-93be6904a5f1::roof-oblique::oblique:0,0.181,8e7e69b2-e1db-4482-8f21-93be6904a5f1::roof-flat::flat:9,1.0,0.957,flat_matched
8e7e69b2-e1db-4482-8f21-93be6904a5f1,8e7e69b2-e1db-4482-8f21-93be6904a5f1::ceiling-raw::1:7:1,1,7,1,16.86,184.07,2.089,0.999,1.0,8e7e69b2-e1db-4482-8f21-93be6904a5f1::roof-oblique::oblique:0,0.999,8e7e69b2-e1db-4482-8f21-93be6904a5f1::roof-flat::flat:9,1.0,1.0,oblique_matched
8e7e69b2-e1db-4482-8f21-93be6904a5f1,8e7e69b2-e1db-4482-8f21-93be6904a5f1::ceiling-raw::1:8:0,1,8,0,0.0,,7.39,0,1.0,,0.0,8e7e69b2-e1db-4482-8f21-93be6904a5f1::roof-flat::flat:9,1.0,,flat_matched
8e7e69b2-e1db-4482-8f21-93be6904a5f1,8e7e69b2-e1db-4482-8f21-93be6904a5f1::ceiling-raw::1:9:0,1,9,0,0.0,,4.614,0,1.0,,0.0,8e7e69b2-e1db-4482-8f21-93be6904a5f1::roof-flat::flat:9,1.0,,flat_matched
8fc0de5f-99be-4295-b529-d389a4670a8f,8fc0de5f-99be-4295-b529-d389a4670a8f::ceiling-raw::0:0:0,0,0,0,0.0,,9.455,0,1.0,,0.0,8fc0de5f-99be-4295-b529-d389a4670a8f::roof-flat::flat:7,1.0,,flat_matched
8fc0de5f-99be-4295-b529-d389a4670a8f,8fc0de5f-99be-4295-b529-d389a4670a8f::ceiling-raw::0:1:0,0,1,0,0.0,,27.803,0,1.0,,0.0,8fc0de5f-99be-4295-b529-d389a4670a8f::roof-flat::flat:7,1.0,,flat_matched
8fc0de5f-99be-4295-b529-d389a4670a8f,8fc0de5f-99be-4295-b529-d389a4670a8f::ceiling-raw::0:2:0,0,2,0,0.0,,7.961,0,1.0,,0.0,8fc0de5f-99be-4295-b529-d389a4670a8f::roof-flat::flat:7,1.0,,flat_matched
8fc0de5f-99be-4295-b529-d389a4670a8f,8fc0de5f-99be-4295-b529-d389a4670a8f::ceiling-raw::0:3:0,0,3,0,0.0,,7.794,0,1.0,,0.0,8fc0de5f-99be-4295-b529-d389a4670a8f::roof-flat::flat:7,1.0,,flat_matched
8fc0de5f-99be-4295-b529-d389a4670a8f,8fc0de5f-99be-4295-b529-d389a4670a8f::ceiling-raw::0:4:0,0,4,0,0.0,,8.96,0,1.0,,0.0,8fc0de5f-99be-4295-b529-d389a4670a8f::roof-flat::flat:7,1.0,,flat_matched
8fc0de5f-99be-4295-b529-d389a4670a8f,8fc0de5f-99be-4295-b529-d389a4670a8f::ceiling-raw::0:5:0,0,5,0,0.0,,8.799,0,1.0,,0.0,8fc0de5f-99be-4295-b529-d389a4670a8f::roof-flat::flat:7,1.0,,flat_matched
8fc0de5f-99be-4295-b529-d389a4670a8f,8fc0de5f-99be-4295-b529-d389a4670a8f::ceiling-raw::0:6:0,0,6,0,0.0,,4.073,0,1.0,,0.0,8fc0de5f-99be-4295-b529-d389a4670a8f::roof-flat::flat:7,1.0,,flat_matched
8fc0de5f-99be-4295-b529-d389a4670a8f,8fc0de5f-99be-4295-b529-d389a4670a8f::ceiling-raw::0:7:0,0,7,0,0.0,,7.474,0,1.0,,0.0,8fc0de5f-99be-4295-b529-d389a4670a8f::roof-flat::flat:7,1.0,,flat_matched
90683bb0-28ca-42a8-82b8-09d82cd434d5,90683bb0-28ca-42a8-82b8-09d82cd434d5::ceiling-raw::0:1:0,0,1,0,0.0,,6.562,0,1.0,,0.0,90683bb0-28ca-42a8-82b8-09d82cd434d5::roof-flat::flat:2,1.0,,flat_matched
90683bb0-28ca-42a8-82b8-09d82cd434d5,90683bb0-28ca-42a8-82b8-09d82cd434d5::ceiling-raw::0:2:0,0,2,0,0.0,,29.47,0,1.0,,0.0,90683bb0-28ca-42a8-82b8-09d82cd434d5::roof-flat::flat:2,1.0,,flat_matched
90683bb0-28ca-42a8-82b8-09d82cd434d5,90683bb0-28ca-42a8-82b8-09d82cd434d5::ceiling-raw::2:3:0,2,3,0,0.0,,0.079,1.0,0,90683bb0-28ca-42a8-82b8-09d82cd434d5::roof-oblique::oblique:1,1.0,,0.0,0.743,flat_covered_by_oblique
90683bb0-28ca-42a8-82b8-09d82cd434d5,90683bb0-28ca-42a8-82b8-09d82cd434d5::ceiling-raw::2:3:1,2,3,1,0.0,,4.195,1.0,0,90683bb0-28ca-42a8-82b8-09d82cd434d5::roof-oblique::oblique:1,0.954,,0.0,0.743,flat_covered_by_oblique
90683bb0-28ca-42a8-82b8-09d82cd434d5,90683bb0-28ca-42a8-82b8-09d82cd434d5::ceiling-raw::2:3:2,2,3,2,8.21,5.77,1.092,1.0,0,90683bb0-28ca-42a8-82b8-09d82cd434d5::roof-oblique::oblique:0,1.0,,0.0,0.784,oblique_wrong_orientation
90683bb0-28ca-42a8-82b8-09d82cd434d5,90683bb0-28ca-42a8-82b8-09d82cd434d5::ceiling-raw::2:3:3,2,3,3,9.68,72.12,1.081,1.0,0,90683bb0-28ca-42a8-82b8-09d82cd434d5::roof-oblique::oblique:0,1.0,,0.0,0.854,oblique_matched
90683bb0-28ca-42a8-82b8-09d82cd434d5,90683bb0-28ca-42a8-82b8-09d82cd434d5::ceiling-raw::2:3:4,2,3,4,24.54,253.72,1.979,1.0,0,90683bb0-28ca-42a8-82b8-09d82cd434d5::roof-oblique::oblique:1,0.93,,0.0,0.954,oblique_matched
90683bb0-28ca-42a8-82b8-09d82cd434d5,90683bb0-28ca-42a8-82b8-09d82cd434d5::ceiling-raw::2:3:5,2,3,5,40.52,72.12,0.986,1.0,0,90683bb0-28ca-42a8-82b8-09d82cd434d5::roof-oblique::oblique:0,1.0,,0.0,1.0,oblique_matched
90683bb0-28ca-42a8-82b8-09d82cd434d5,90683bb0-28ca-42a8-82b8-09d82cd434d5::ceiling-raw::2:3:6,2,3,6,42.01,252.03,1.745,1.0,0,90683bb0-28ca-42a8-82b8-09d82cd434d5::roof-oblique::oblique:1,0.922,,0.0,1.0,oblique_matched
90683bb0-28ca-42a8-82b8-09d82cd434d5,90683bb0-28ca-42a8-82b8-09d82cd434d5::ceiling-raw::2:3:7,2,3,7,42.74,72.33,3.368,1.0,0,90683bb0-28ca-42a8-82b8-09d82cd434d5::roof-oblique::oblique:0,1.0,,0.0,1.0,oblique_matched
90683bb0-28ca-42a8-82b8-09d82cd434d5,90683bb0-28ca-42a8-82b8-09d82cd434d5::ceiling-raw::2:3:8,2,3,8,43.19,342.12,2.293,1.0,0,90683bb0-28ca-42a8-82b8-09d82cd434d5::roof-oblique::oblique:1,0.999,,0.0,0.541,oblique_wrong_orientation
90683bb0-28ca-42a8-82b8-09d82cd434d5,90683bb0-28ca-42a8-82b8-09d82cd434d5::ceiling-raw::2:3:9,2,3,9,44.14,80.3,1.65,1.0,0,90683bb0-28ca-42a8-82b8-09d82cd434d5::roof-oblique::oblique:0,1.0,,0.0,0.994,oblique_matched
90683bb0-28ca-42a8-82b8-09d82cd434d5,90683bb0-28ca-42a8-82b8-09d82cd434d5::ceiling-raw::2:3:10,2,3,10,47.51,73.16,0.677,1.0,0,90683bb0-28ca-42a8-82b8-09d82cd434d5::roof-oblique::oblique:0,1.0,,0.0,0.994,oblique_matched
90683bb0-28ca-42a8-82b8-09d82cd434d5,90683bb0-28ca-42a8-82b8-09d82cd434d5::ceiling-raw::2:3:11,2,3,11,47.75,65.23,0.765,1.0,0,90683bb0-28ca-42a8-82b8-09d82cd434d5::roof-oblique::oblique:0,1.0,,0.0,0.99,oblique_matched
90683bb0-28ca-42a8-82b8-09d82cd434d5,90683bb0-28ca-42a8-82b8-09d82cd434d5::ceiling-raw::2:3:12,2,3,12,49.22,319.43,1.703,1.0,0,90683bb0-28ca-42a8-82b8-09d82cd434d5::roof-oblique::oblique:1,0.999,,0.0,0.681,oblique_wrong_orientation
90683bb0-28ca-42a8-82b8-09d82cd434d5,90683bb0-28ca-42a8-82b8-09d82cd434d5::ceiling-raw::2:3:13,2,3,13,54.21,202.71,0.422,1.0,0,90683bb0-28ca-42a8-82b8-09d82cd434d5::roof-oblique::oblique:1,1.0,,0.0,0.788,oblique_wrong_orientation
90683bb0-28ca-42a8-82b8-09d82cd434d5,90683bb0-28ca-42a8-82b8-09d82cd434d5::ceiling-raw::2:3:14,2,3,14,61.18,191.88,2.293,1.0,0,90683bb0-28ca-42a8-82b8-09d82cd434d5::roof-oblique::oblique:1,0.999,,0.0,0.649,oblique_wrong_orientation
90683bb0-28ca-42a8-82b8-09d82cd434d5,90683bb0-28ca-42a8-82b8-09d82cd434d5::ceiling-raw::2:3:15,2,3,15,68.45,253.65,0.713,1.0,0,90683bb0-28ca-42a8-82b8-09d82cd434d5::roof-oblique::oblique:1,1.0,,0.0,0.895,oblique_matched
90683bb0-28ca-42a8-82b8-09d82cd434d5,90683bb0-28ca-42a8-82b8-09d82cd434d5::ceiling-raw::2:3:16,2,3,16,71.47,220.19,0.422,1.0,0,90683bb0-28ca-42a8-82b8-09d82cd434d5::roof-oblique::oblique:1,1.0,,0.0,0.775,oblique_wrong_orientation
90683bb0-28ca-42a8-82b8-09d82cd434d5,90683bb0-28ca-42a8-82b8-09d82cd434d5::ceiling-raw::2:4:0,2,4,0,42.87,72.72,3.089,1.0,0,90683bb0-28ca-42a8-82b8-09d82cd434d5::roof-oblique::oblique:0,1.0,,0.0,0.999,oblique_matched
91f66e67-37e3-4cc9-9815-a4ce71c56a0a,91f66e67-37e3-4cc9-9815-a4ce71c56a0a::ceiling-raw::0:0:0,0,0,0,0.0,,1.821,0,1.0,,0.0,91f66e67-37e3-4cc9-9815-a4ce71c56a0a::roof-flat::flat:8,1.0,,flat_matched
91f66e67-37e3-4cc9-9815-a4ce71c56a0a,91f66e67-37e3-4cc9-9815-a4ce71c56a0a::ceiling-raw::0:1:0,0,1,0,0.0,,5.655,0,1.0,,0.0,91f66e67-37e3-4cc9-9815-a4ce71c56a0a::roof-flat::flat:8,1.0,,flat_matched
91f66e67-37e3-4cc9-9815-a4ce71c56a0a,91f66e67-37e3-4cc9-9815-a4ce71c56a0a::ceiling-raw::0:2:0,0,2,0,0.0,,13.021,0,1.0,,0.0,91f66e67-37e3-4cc9-9815-a4ce71c56a0a::roof-flat::flat:8,1.0,,flat_matched
91f66e67-37e3-4cc9-9815-a4ce71c56a0a,91f66e67-37e3-4cc9-9815-a4ce71c56a0a::ceiling-raw::0:4:0,0,4,0,0.0,,38.531,0,1.0,,0.0,91f66e67-37e3-4cc9-9815-a4ce71c56a0a::roof-flat::flat:8,1.0,,flat_matched
91f66e67-37e3-4cc9-9815-a4ce71c56a0a,91f66e67-37e3-4cc9-9815-a4ce71c56a0a::ceiling-raw::0:5:0,0,5,0,0.0,,8.2,0,1.0,,0.0,91f66e67-37e3-4cc9-9815-a4ce71c56a0a::roof-flat::flat:8,1.0,,flat_matched
91f66e67-37e3-4cc9-9815-a4ce71c56a0a,91f66e67-37e3-4cc9-9815-a4ce71c56a0a::ceiling-raw::0:6:0,0,6,0,0.0,,13.079,0,1.0,,0.0,91f66e67-37e3-4cc9-9815-a4ce71c56a0a::roof-flat::flat:8,1.0,,flat_matched
91f66e67-37e3-4cc9-9815-a4ce71c56a0a,91f66e67-37e3-4cc9-9815-a4ce71c56a0a::ceiling-raw::0:7:0,0,7,0,0.0,,8.748,0,1.0,,0.0,91f66e67-37e3-4cc9-9815-a4ce71c56a0a::roof-flat::flat:8,1.0,,flat_matched
91f66e67-37e3-4cc9-9815-a4ce71c56a0a,91f66e67-37e3-4cc9-9815-a4ce71c56a0a::ceiling-raw::0:8:0,0,8,0,0.0,,10.223,0,1.0,,0.0,91f66e67-37e3-4cc9-9815-a4ce71c56a0a::roof-flat::flat:8,1.0,,flat_matched
91f66e67-37e3-4cc9-9815-a4ce71c56a0a,91f66e67-37e3-4cc9-9815-a4ce71c56a0a::ceiling-raw::0:8:1,0,8,1,0.0,,5.822,0,1.0,,0.0,91f66e67-37e3-4cc9-9815-a4ce71c56a0a::roof-flat::flat:8,1.0,,flat_matched
938d6ed6-d916-462b-ba37-f421feb2af21,938d6ed6-d916-462b-ba37-f421feb2af21::ceiling-raw::0:0:0,0,0,0,0.0,,0.369,0,1.0,,0.0,938d6ed6-d916-462b-ba37-f421feb2af21::roof-flat::flat:21,1.0,,flat_matched
938d6ed6-d916-462b-ba37-f421feb2af21,938d6ed6-d916-462b-ba37-f421feb2af21::ceiling-raw::0:0:3,0,0,3,0.0,,24.861,0,1.0,,0.0,938d6ed6-d916-462b-ba37-f421feb2af21::roof-flat::flat:21,1.0,,flat_matched
938d6ed6-d916-462b-ba37-f421feb2af21,938d6ed6-d916-462b-ba37-f421feb2af21::ceiling-raw::0:1:0,0,1,0,0.0,,6.697,0,1.0,,0.0,938d6ed6-d916-462b-ba37-f421feb2af21::roof-flat::flat:21,1.0,,flat_matched
938d6ed6-d916-462b-ba37-f421feb2af21,938d6ed6-d916-462b-ba37-f421feb2af21::ceiling-raw::0:2:0,0,2,0,0.0,,10.131,0,1.0,,0.0,938d6ed6-d916-462b-ba37-f421feb2af21::roof-flat::flat:21,1.0,,flat_matched
938d6ed6-d916-462b-ba37-f421feb2af21,938d6ed6-d916-462b-ba37-f421feb2af21::ceiling-raw::0:3:0,0,3,0,0.0,,6.776,0,1.0,,0.0,938d6ed6-d916-462b-ba37-f421feb2af21::roof-flat::flat:21,1.0,,flat_matched
938d6ed6-d916-462b-ba37-f421feb2af21,938d6ed6-d916-462b-ba37-f421feb2af21::ceiling-raw::0:4:0,0,4,0,0.0,,0.301,0,1.0,,0.0,938d6ed6-d916-462b-ba37-f421feb2af21::roof-flat::flat:21,1.0,,flat_matched
938d6ed6-d916-462b-ba37-f421feb2af21,938d6ed6-d916-462b-ba37-f421feb2af21::ceiling-raw::0:4:1,0,4,1,0.0,,4.129,0,1.0,,0.0,938d6ed6-d916-462b-ba37-f421feb2af21::roof-flat::flat:21,1.0,,flat_matched
938d6ed6-d916-462b-ba37-f421feb2af21,938d6ed6-d916-462b-ba37-f421feb2af21::ceiling-raw::0:4:2,0,4,2,6.34,134.85,1.546,0,1.0,,0.0,938d6ed6-d916-462b-ba37-f421feb2af21::roof-flat::flat:4,1.0,,oblique_covered_by_flat
938d6ed6-d916-462b-ba37-f421feb2af21,938d6ed6-d916-462b-ba37-f421feb2af21::ceiling-raw::0:4:3,0,4,3,9.16,44.88,0.537,0,1.0,,0.0,938d6ed6-d916-462b-ba37-f421feb2af21::roof-flat::flat:4,1.0,,oblique_covered_by_flat
938d6ed6-d916-462b-ba37-f421feb2af21,938d6ed6-d916-462b-ba37-f421feb2af21::ceiling-raw::0:4:4,0,4,4,12.7,224.88,1.035,0,1.0,,0.0,938d6ed6-d916-462b-ba37-f421feb2af21::roof-flat::flat:21,1.0,,oblique_covered_by_flat
938d6ed6-d916-462b-ba37-f421feb2af21,938d6ed6-d916-462b-ba37-f421feb2af21::ceiling-raw::0:5:0,0,5,0,0.0,,4.835,0,1.0,,0.0,938d6ed6-d916-462b-ba37-f421feb2af21::roof-flat::flat:21,1.0,,flat_matched
938d6ed6-d916-462b-ba37-f421feb2af21,938d6ed6-d916-462b-ba37-f421feb2af21::ceiling-raw::0:6:0,0,6,0,0.0,,1.002,0,1.0,,0.0,938d6ed6-d916-462b-ba37-f421feb2af21::roof-flat::flat:7,1.0,,flat_matched
938d6ed6-d916-462b-ba37-f421feb2af21,938d6ed6-d916-462b-ba37-f421feb2af21::ceiling-raw::0:7:0,0,7,0,0.0,,29.56,0,1.0,,0.0,938d6ed6-d916-462b-ba37-f421feb2af21::roof-flat::flat:21,1.0,,flat_matched
938d6ed6-d916-462b-ba37-f421feb2af21,938d6ed6-d916-462b-ba37-f421feb2af21::ceiling-raw::0:8:0,0,8,0,0.0,,4.964,0,1.0,,0.0,938d6ed6-d916-462b-ba37-f421feb2af21::roof-flat::flat:7,1.0,,flat_matched
938d6ed6-d916-462b-ba37-f421feb2af21,938d6ed6-d916-462b-ba37-f421feb2af21::ceiling-raw::0:9:0,0,9,0,0.0,,2.816,0,1.0,,0.0,938d6ed6-d916-462b-ba37-f421feb2af21::roof-flat::flat:21,1.0,,flat_matched
938d6ed6-d916-462b-ba37-f421feb2af21,938d6ed6-d916-462b-ba37-f421feb2af21::ceiling-raw::0:10:0,0,10,0,0.0,,12.264,0,1.0,,0.0,938d6ed6-d916-462b-ba37-f421feb2af21::roof-flat::flat:21,1.0,,flat_matched
938d6ed6-d916-462b-ba37-f421feb2af21,938d6ed6-d916-462b-ba37-f421feb2af21::ceiling-raw::0:11:0,0,11,0,0.0,,11.339,0,1.0,,0.0,938d6ed6-d916-462b-ba37-f421feb2af21::roof-flat::flat:21,1.0,,flat_matched
938d6ed6-d916-462b-ba37-f421feb2af21,938d6ed6-d916-462b-ba37-f421feb2af21::ceiling-raw::0:12:0,0,12,0,0.0,,8.542,0,1.0,,0.0,938d6ed6-d916-462b-ba37-f421feb2af21::roof-flat::flat:21,1.0,,flat_matched
938d6ed6-d916-462b-ba37-f421feb2af21,938d6ed6-d916-462b-ba37-f421feb2af21::ceiling-raw::2:13:0,2,13,0,0.0,,10.011,0,1.0,,0.0,938d6ed6-d916-462b-ba37-f421feb2af21::roof-flat::flat:23,1.0,,flat_matched
938d6ed6-d916-462b-ba37-f421feb2af21,938d6ed6-d916-462b-ba37-f421feb2af21::ceiling-raw::2:14:0,2,14,0,0.0,,7.086,0,1.0,,0.0,938d6ed6-d916-462b-ba37-f421feb2af21::roof-flat::flat:23,1.0,,flat_matched
938d6ed6-d916-462b-ba37-f421feb2af21,938d6ed6-d916-462b-ba37-f421feb2af21::ceiling-raw::2:15:0,2,15,0,0.0,,49.228,0,1.0,,0.0,938d6ed6-d916-462b-ba37-f421feb2af21::roof-flat::flat:23,1.0,,flat_matched
938d6ed6-d916-462b-ba37-f421feb2af21,938d6ed6-d916-462b-ba37-f421feb2af21::ceiling-raw::2:16:0,2,16,0,0.0,,14.176,0,1.0,,0.0,938d6ed6-d916-462b-ba37-f421feb2af21::roof-flat::flat:23,1.0,,flat_matched
938d6ed6-d916-462b-ba37-f421feb2af21,938d6ed6-d916-462b-ba37-f421feb2af21::ceiling-raw::2:17:0,2,17,0,0.0,,8.043,0,1.0,,0.0,938d6ed6-d916-462b-ba37-f421feb2af21::roof-flat::flat:23,1.0,,flat_matched
938d6ed6-d916-462b-ba37-f421feb2af21,938d6ed6-d916-462b-ba37-f421feb2af21::ceiling-raw::2:18:0,2,18,0,0.0,,2.767,0,1.0,,0.0,938d6ed6-d916-462b-ba37-f421feb2af21::roof-flat::flat:23,1.0,,flat_matched
938d6ed6-d916-462b-ba37-f421feb2af21,938d6ed6-d916-462b-ba37-f421feb2af21::ceiling-raw::1:19:0,1,19,0,0.0,,59.726,0,1.0,,0.0,938d6ed6-d916-462b-ba37-f421feb2af21::roof-flat::flat:18,1.0,,flat_matched
938d6ed6-d916-462b-ba37-f421feb2af21,938d6ed6-d916-462b-ba37-f421feb2af21::ceiling-raw::2:20:0,2,20,0,0.0,,40.72,0,1.0,,0.0,938d6ed6-d916-462b-ba37-f421feb2af21::roof-flat::flat:23,1.0,,flat_matched
938d6ed6-d916-462b-ba37-f421feb2af21,938d6ed6-d916-462b-ba37-f421feb2af21::ceiling-raw::2:21:0,2,21,0,0.0,,7.153,0,1.0,,0.0,938d6ed6-d916-462b-ba37-f421feb2af21::roof-flat::flat:23,1.0,,flat_matched
940c5969-1037-4f02-810b-6d4c89b0582b,940c5969-1037-4f02-810b-6d4c89b0582b::ceiling-raw::0:0:0,0,0,0,0.0,,20.768,0,1.0,,0.0,940c5969-1037-4f02-810b-6d4c89b0582b::roof-flat::flat:3,1.0,,flat_matched
940c5969-1037-4f02-810b-6d4c89b0582b,940c5969-1037-4f02-810b-6d4c89b0582b::ceiling-raw::0:1:0,0,1,0,0.0,,23.521,0,1.0,,0.0,940c5969-1037-4f02-810b-6d4c89b0582b::roof-flat::flat:3,1.0,,flat_matched
940c5969-1037-4f02-810b-6d4c89b0582b,940c5969-1037-4f02-810b-6d4c89b0582b::ceiling-raw::0:2:0,0,2,0,0.0,,37.057,0,1.0,,0.0,940c5969-1037-4f02-810b-6d4c89b0582b::roof-flat::flat:3,1.0,,flat_matched
940c5969-1037-4f02-810b-6d4c89b0582b,940c5969-1037-4f02-810b-6d4c89b0582b::ceiling-raw::0:3:0,0,3,0,0.0,,20.506,0,1.0,,0.0,940c5969-1037-4f02-810b-6d4c89b0582b::roof-flat::flat:3,1.0,,flat_matched
940c5969-1037-4f02-810b-6d4c89b0582b,940c5969-1037-4f02-810b-6d4c89b0582b::ceiling-raw::0:4:0,0,4,0,0.0,,8.606,0,1.0,,0.0,940c5969-1037-4f02-810b-6d4c89b0582b::roof-flat::flat:3,1.0,,flat_matched
940c5969-1037-4f02-810b-6d4c89b0582b,940c5969-1037-4f02-810b-6d4c89b0582b::ceiling-raw::0:5:0,0,5,0,0.0,,11.72,0,1.0,,0.0,940c5969-1037-4f02-810b-6d4c89b0582b::roof-flat::flat:3,1.0,,flat_matched
9419424d-2dd9-4dd2-a9d9-e029e32c1f28,9419424d-2dd9-4dd2-a9d9-e029e32c1f28::ceiling-raw::0:0:0,0,0,0,0.0,,13.751,0,1.0,,0.0,9419424d-2dd9-4dd2-a9d9-e029e32c1f28::roof-flat::flat:8,1.0,,flat_matched
9419424d-2dd9-4dd2-a9d9-e029e32c1f28,9419424d-2dd9-4dd2-a9d9-e029e32c1f28::ceiling-raw::0:1:0,0,1,0,0.0,,0.846,1.0,1.0,9419424d-2dd9-4dd2-a9d9-e029e32c1f28::roof-oblique::oblique:0,1.0,9419424d-2dd9-4dd2-a9d9-e029e32c1f28::roof-flat::flat:8,1.0,0.966,flat_matched
9419424d-2dd9-4dd2-a9d9-e029e32c1f28,9419424d-2dd9-4dd2-a9d9-e029e32c1f28::ceiling-raw::0:1:1,0,1,1,10.69,234.07,0.711,1.0,1.0,9419424d-2dd9-4dd2-a9d9-e029e32c1f28::roof-oblique::oblique:0,1.0,9419424d-2dd9-4dd2-a9d9-e029e32c1f28::roof-flat::flat:8,1.0,0.997,oblique_matched
9419424d-2dd9-4dd2-a9d9-e029e32c1f28,9419424d-2dd9-4dd2-a9d9-e029e32c1f28::ceiling-raw::0:1:2,0,1,2,14.62,235.33,1.643,1.0,1.0,9419424d-2dd9-4dd2-a9d9-e029e32c1f28::roof-oblique::oblique:0,1.0,9419424d-2dd9-4dd2-a9d9-e029e32c1f28::roof-flat::flat:8,1.0,1.0,oblique_matched
9419424d-2dd9-4dd2-a9d9-e029e32c1f28,9419424d-2dd9-4dd2-a9d9-e029e32c1f28::ceiling-raw::0:1:3,0,1,3,25.85,166.98,0.194,1.0,1.0,9419424d-2dd9-4dd2-a9d9-e029e32c1f28::roof-oblique::oblique:0,1.0,9419424d-2dd9-4dd2-a9d9-e029e32c1f28::roof-flat::flat:8,1.0,0.912,oblique_matched
9419424d-2dd9-4dd2-a9d9-e029e32c1f28,9419424d-2dd9-4dd2-a9d9-e029e32c1f28::ceiling-raw::0:2:0,0,2,0,0.0,,4.272,0.12,1.0,9419424d-2dd9-4dd2-a9d9-e029e32c1f28::roof-oblique::oblique:0,0.12,9419424d-2dd9-4dd2-a9d9-e029e32c1f28::roof-flat::flat:8,1.0,0.966,flat_matched
9419424d-2dd9-4dd2-a9d9-e029e32c1f28,9419424d-2dd9-4dd2-a9d9-e029e32c1f28::ceiling-raw::0:3:0,0,3,0,0.0,,21.009,0,1.0,,0.0,9419424d-2dd9-4dd2-a9d9-e029e32c1f28::roof-flat::flat:8,1.0,,flat_matched
9419424d-2dd9-4dd2-a9d9-e029e32c1f28,9419424d-2dd9-4dd2-a9d9-e029e32c1f28::ceiling-raw::0:4:0,0,4,0,0.0,,6.519,0.305,1.0,9419424d-2dd9-4dd2-a9d9-e029e32c1f28::roof-oblique::oblique:0,0.305,9419424d-2dd9-4dd2-a9d9-e029e32c1f28::roof-flat::flat:8,1.0,0.966,flat_matched
9419424d-2dd9-4dd2-a9d9-e029e32c1f28,9419424d-2dd9-4dd2-a9d9-e029e32c1f28::ceiling-raw::0:4:1,0,4,1,16.02,234.08,4.623,1.0,1.0,9419424d-2dd9-4dd2-a9d9-e029e32c1f28::roof-oblique::oblique:0,1.0,9419424d-2dd9-4dd2-a9d9-e029e32c1f28::roof-flat::flat:8,1.0,1.0,oblique_matched
9419424d-2dd9-4dd2-a9d9-e029e32c1f28,9419424d-2dd9-4dd2-a9d9-e029e32c1f28::ceiling-raw::0:4:2,0,4,2,24.1,284.4,0.045,1.0,1.0,9419424d-2dd9-4dd2-a9d9-e029e32c1f28::roof-oblique::oblique:0,1.0,9419424d-2dd9-4dd2-a9d9-e029e32c1f28::roof-flat::flat:8,1.0,0.95,oblique_matched
9419424d-2dd9-4dd2-a9d9-e029e32c1f28,9419424d-2dd9-4dd2-a9d9-e029e32c1f28::ceiling-raw::0:5:0,0,5,0,0.0,,1.525,0,1.0,,0.0,9419424d-2dd9-4dd2-a9d9-e029e32c1f28::roof-flat::flat:8,1.0,,flat_matched
9419424d-2dd9-4dd2-a9d9-e029e32c1f28,9419424d-2dd9-4dd2-a9d9-e029e32c1f28::ceiling-raw::0:5:1,0,5,1,0.0,,5.461,0.355,1.0,9419424d-2dd9-4dd2-a9d9-e029e32c1f28::roof-oblique::oblique:0,0.355,9419424d-2dd9-4dd2-a9d9-e029e32c1f28::roof-flat::flat:8,1.0,0.966,flat_matched
9419424d-2dd9-4dd2-a9d9-e029e32c1f28,9419424d-2dd9-4dd2-a9d9-e029e32c1f28::ceiling-raw::0:5:2,0,5,2,14.76,232.37,4.973,1.0,1.0,9419424d-2dd9-4dd2-a9d9-e029e32c1f28::roof-oblique::oblique:0,1.0,9419424d-2dd9-4dd2-a9d9-e029e32c1f28::roof-flat::flat:8,1.0,1.0,oblique_matched
9419424d-2dd9-4dd2-a9d9-e029e32c1f28,9419424d-2dd9-4dd2-a9d9-e029e32c1f28::ceiling-raw::0:7:0,0,7,0,0.0,,9.031,0,1.0,,0.0,9419424d-2dd9-4dd2-a9d9-e029e32c1f28::roof-flat::flat:9,1.0,,flat_matched
9419424d-2dd9-4dd2-a9d9-e029e32c1f28,9419424d-2dd9-4dd2-a9d9-e029e32c1f28::ceiling-raw::0:8:0,0,8,0,14.64,233.3,6.623,1.0,1.0,9419424d-2dd9-4dd2-a9d9-e029e32c1f28::roof-oblique::oblique:0,1.0,9419424d-2dd9-4dd2-a9d9-e029e32c1f28::roof-flat::flat:6,1.0,1.0,oblique_matched
9419424d-2dd9-4dd2-a9d9-e029e32c1f28,9419424d-2dd9-4dd2-a9d9-e029e32c1f28::ceiling-raw::0:9:0,0,9,0,0.0,,0.03,1.0,1.0,9419424d-2dd9-4dd2-a9d9-e029e32c1f28::roof-oblique::oblique:0,1.0,9419424d-2dd9-4dd2-a9d9-e029e32c1f28::roof-flat::flat:7,1.0,0.966,flat_matched
9419424d-2dd9-4dd2-a9d9-e029e32c1f28,9419424d-2dd9-4dd2-a9d9-e029e32c1f28::ceiling-raw::0:9:1,0,9,1,13.84,264.79,0.75,0.504,1.0,9419424d-2dd9-4dd2-a9d9-e029e32c1f28::roof-oblique::oblique:0,0.504,9419424d-2dd9-4dd2-a9d9-e029e32c1f28::roof-flat::flat:8,1.0,0.991,oblique_matched
9419424d-2dd9-4dd2-a9d9-e029e32c1f28,9419424d-2dd9-4dd2-a9d9-e029e32c1f28::ceiling-raw::0:9:2,0,9,2,15.12,235.5,0.899,1.0,1.0,9419424d-2dd9-4dd2-a9d9-e029e32c1f28::roof-oblique::oblique:0,1.0,9419424d-2dd9-4dd2-a9d9-e029e32c1f28::roof-flat::flat:8,1.0,1.0,oblique_matched
9419424d-2dd9-4dd2-a9d9-e029e32c1f28,9419424d-2dd9-4dd2-a9d9-e029e32c1f28::ceiling-raw::0:9:3,0,9,3,30.63,55.47,0.107,1.0,1.0,9419424d-2dd9-4dd2-a9d9-e029e32c1f28::roof-oblique::oblique:0,1.0,9419424d-2dd9-4dd2-a9d9-e029e32c1f28::roof-flat::flat:7,1.0,0.699,oblique_wrong_orientation
945b16b9-0ebf-409e-af08-aab7672801d2,945b16b9-0ebf-409e-af08-aab7672801d2::ceiling-raw::0:0:0,0,0,0,11.85,204.18,7.374,0.999,1.0,945b16b9-0ebf-409e-af08-aab7672801d2::roof-oblique::oblique:0,0.999,945b16b9-0ebf-409e-af08-aab7672801d2::roof-flat::flat:0,0.999,1.0,oblique_matched
945b16b9-0ebf-409e-af08-aab7672801d2,945b16b9-0ebf-409e-af08-aab7672801d2::ceiling-raw::0:1:0,0,1,0,0.0,,10.678,0.474,1.0,945b16b9-0ebf-409e-af08-aab7672801d2::roof-oblique::oblique:0,0.474,945b16b9-0ebf-409e-af08-aab7672801d2::roof-flat::flat:8,1.0,0.978,flat_matched
945b16b9-0ebf-409e-af08-aab7672801d2,945b16b9-0ebf-409e-af08-aab7672801d2::ceiling-raw::0:2:0,0,2,0,0.0,,32.23,0.051,1.0,945b16b9-0ebf-409e-af08-aab7672801d2::roof-oblique::oblique:0,0.051,945b16b9-0ebf-409e-af08-aab7672801d2::roof-flat::flat:8,1.0,0.978,flat_matched
945b16b9-0ebf-409e-af08-aab7672801d2,945b16b9-0ebf-409e-af08-aab7672801d2::ceiling-raw::0:3:0,0,3,0,0.0,,8.459,0.376,1.0,945b16b9-0ebf-409e-af08-aab7672801d2::roof-oblique::oblique:0,0.376,945b16b9-0ebf-409e-af08-aab7672801d2::roof-flat::flat:8,1.0,0.978,flat_matched
945b16b9-0ebf-409e-af08-aab7672801d2,945b16b9-0ebf-409e-af08-aab7672801d2::ceiling-raw::0:4:0,0,4,0,0.0,,4.171,0,1.0,,0.0,945b16b9-0ebf-409e-af08-aab7672801d2::roof-flat::flat:1,1.0,,flat_matched
945b16b9-0ebf-409e-af08-aab7672801d2,945b16b9-0ebf-409e-af08-aab7672801d2::ceiling-raw::0:5:0,0,5,0,0.0,,11.52,0,1.0,,0.0,945b16b9-0ebf-409e-af08-aab7672801d2::roof-flat::flat:8,1.0,,flat_matched
945b16b9-0ebf-409e-af08-aab7672801d2,945b16b9-0ebf-409e-af08-aab7672801d2::ceiling-raw::0:6:0,0,6,0,0.0,,7.979,0.191,1.0,945b16b9-0ebf-409e-af08-aab7672801d2::roof-oblique::oblique:0,0.191,945b16b9-0ebf-409e-af08-aab7672801d2::roof-flat::flat:8,1.0,0.978,flat_matched
945b16b9-0ebf-409e-af08-aab7672801d2,945b16b9-0ebf-409e-af08-aab7672801d2::ceiling-raw::0:7:0,0,7,0,1.25,118.72,0.326,1.0,1.0,945b16b9-0ebf-409e-af08-aab7672801d2::roof-oblique::oblique:0,1.0,945b16b9-0ebf-409e-af08-aab7672801d2::roof-flat::flat:8,1.0,0.977,flat_matched
945b16b9-0ebf-409e-af08-aab7672801d2,945b16b9-0ebf-409e-af08-aab7672801d2::ceiling-raw::0:7:1,0,7,1,2.47,118.69,0.316,1.0,1.0,945b16b9-0ebf-409e-af08-aab7672801d2::roof-oblique::oblique:0,1.0,945b16b9-0ebf-409e-af08-aab7672801d2::roof-flat::flat:8,1.0,0.977,flat_matched
945b16b9-0ebf-409e-af08-aab7672801d2,945b16b9-0ebf-409e-af08-aab7672801d2::ceiling-raw::0:7:2,0,7,2,10.92,208.71,0.326,1.0,1.0,945b16b9-0ebf-409e-af08-aab7672801d2::roof-oblique::oblique:0,1.0,945b16b9-0ebf-409e-af08-aab7672801d2::roof-flat::flat:8,1.0,1.0,oblique_matched
945b16b9-0ebf-409e-af08-aab7672801d2,945b16b9-0ebf-409e-af08-aab7672801d2::ceiling-raw::0:7:3,0,7,3,11.0,202.25,0.316,1.0,1.0,945b16b9-0ebf-409e-af08-aab7672801d2::roof-oblique::oblique:0,1.0,945b16b9-0ebf-409e-af08-aab7672801d2::roof-flat::flat:8,1.0,1.0,oblique_matched
945b16b9-0ebf-409e-af08-aab7672801d2,945b16b9-0ebf-409e-af08-aab7672801d2::ceiling-raw::0:7:4,0,7,4,13.22,206.05,6.838,0.999,1.0,945b16b9-0ebf-409e-af08-aab7672801d2::roof-oblique::oblique:0,0.999,945b16b9-0ebf-409e-af08-aab7672801d2::roof-flat::flat:7,0.999,1.0,oblique_matched
964a40ac-d9df-44e1-b64b-84e02b909004,964a40ac-d9df-44e1-b64b-84e02b909004::ceiling-raw::0:0:0,0,0,0,0.0,,1.319,0,1.0,,0.0,964a40ac-d9df-44e1-b64b-84e02b909004::roof-flat::flat:8,1.0,,flat_matched
964a40ac-d9df-44e1-b64b-84e02b909004,964a40ac-d9df-44e1-b64b-84e02b909004::ceiling-raw::0:0:1,0,0,1,25.3,358.86,3.65,0,1.0,,0.0,964a40ac-d9df-44e1-b64b-84e02b909004::roof-flat::flat:8,1.0,,oblique_covered_by_flat
964a40ac-d9df-44e1-b64b-84e02b909004,964a40ac-d9df-44e1-b64b-84e02b909004::ceiling-raw::0:1:0,0,1,0,0.0,,9.133,0,1.0,,0.0,964a40ac-d9df-44e1-b64b-84e02b909004::roof-flat::flat:8,1.0,,flat_matched
964a40ac-d9df-44e1-b64b-84e02b909004,964a40ac-d9df-44e1-b64b-84e02b909004::ceiling-raw::0:2:0,0,2,0,0.0,,8.699,0,1.0,,0.0,964a40ac-d9df-44e1-b64b-84e02b909004::roof-flat::flat:8,1.0,,flat_matched
964a40ac-d9df-44e1-b64b-84e02b909004,964a40ac-d9df-44e1-b64b-84e02b909004::ceiling-raw::0:3:0,0,3,0,0.0,,7.305,0,1.0,,0.0,964a40ac-d9df-44e1-b64b-84e02b909004::roof-flat::flat:8,1.0,,flat_matched
964a40ac-d9df-44e1-b64b-84e02b909004,964a40ac-d9df-44e1-b64b-84e02b909004::ceiling-raw::0:4:0,0,4,0,0.0,,6.852,0,1.0,,0.0,964a40ac-d9df-44e1-b64b-84e02b909004::roof-flat::flat:8,1.0,,flat_matched
964a40ac-d9df-44e1-b64b-84e02b909004,964a40ac-d9df-44e1-b64b-84e02b909004::ceiling-raw::0:5:0,0,5,0,0.0,,3.123,0,1.0,,0.0,964a40ac-d9df-44e1-b64b-84e02b909004::roof-flat::flat:8,1.0,,flat_matched
964a40ac-d9df-44e1-b64b-84e02b909004,964a40ac-d9df-44e1-b64b-84e02b909004::ceiling-raw::0:6:0,0,6,0,0.0,,9.3,0,1.0,,0.0,964a40ac-d9df-44e1-b64b-84e02b909004::roof-flat::flat:8,1.0,,flat_matched
964a40ac-d9df-44e1-b64b-84e02b909004,964a40ac-d9df-44e1-b64b-84e02b909004::ceiling-raw::0:7:0,0,7,0,0.0,,2.277,0,1.0,,0.0,964a40ac-d9df-44e1-b64b-84e02b909004::roof-flat::flat:8,1.0,,flat_matched
964a40ac-d9df-44e1-b64b-84e02b909004,964a40ac-d9df-44e1-b64b-84e02b909004::ceiling-raw::0:7:1,0,7,1,0.0,,19.458,0,1.0,,0.0,964a40ac-d9df-44e1-b64b-84e02b909004::roof-flat::flat:8,1.0,,flat_matched
964a40ac-d9df-44e1-b64b-84e02b909004,964a40ac-d9df-44e1-b64b-84e02b909004::ceiling-raw::0:7:2,0,7,2,9.88,358.21,2.277,0,1.0,,0.0,964a40ac-d9df-44e1-b64b-84e02b909004::roof-flat::flat:8,1.0,,oblique_covered_by_flat
964a40ac-d9df-44e1-b64b-84e02b909004,964a40ac-d9df-44e1-b64b-84e02b909004::ceiling-raw::0:8:0,0,8,0,3.81,268.21,19.679,0,1.0,,0.0,964a40ac-d9df-44e1-b64b-84e02b909004::roof-flat::flat:8,1.0,,flat_matched
97571caa-1065-4ac5-a385-2ec9758026dd,97571caa-1065-4ac5-a385-2ec9758026dd::ceiling-raw::0:0:0,0,0,0,12.44,62.39,6.596,1.0,1.0,97571caa-1065-4ac5-a385-2ec9758026dd::roof-oblique::oblique:0,1.0,97571caa-1065-4ac5-a385-2ec9758026dd::roof-flat::flat:9,1.0,1.0,oblique_matched
97571caa-1065-4ac5-a385-2ec9758026dd,97571caa-1065-4ac5-a385-2ec9758026dd::ceiling-raw::0:1:0,0,1,0,0.0,,2.12,1.0,1.0,97571caa-1065-4ac5-a385-2ec9758026dd::roof-oblique::oblique:0,1.0,97571caa-1065-4ac5-a385-2ec9758026dd::roof-flat::flat:9,1.0,0.97,flat_matched
97571caa-1065-4ac5-a385-2ec9758026dd,97571caa-1065-4ac5-a385-2ec9758026dd::ceiling-raw::0:1:1,0,1,1,0.0,,5.606,1.0,1.0,97571caa-1065-4ac5-a385-2ec9758026dd::roof-oblique::oblique:0,0.854,97571caa-1065-4ac5-a385-2ec9758026dd::roof-flat::flat:9,1.0,0.97,flat_matched
97571caa-1065-4ac5-a385-2ec9758026dd,97571caa-1065-4ac5-a385-2ec9758026dd::ceiling-raw::0:2:0,0,2,0,0.0,,6.813,1.0,1.0,97571caa-1065-4ac5-a385-2ec9758026dd::roof-oblique::oblique:1,0.966,97571caa-1065-4ac5-a385-2ec9758026dd::roof-flat::flat:9,1.0,0.965,flat_matched
97571caa-1065-4ac5-a385-2ec9758026dd,97571caa-1065-4ac5-a385-2ec9758026dd::ceiling-raw::0:2:1,0,2,1,3.58,242.39,1.445,1.0,1.0,97571caa-1065-4ac5-a385-2ec9758026dd::roof-oblique::oblique:0,1.0,97571caa-1065-4ac5-a385-2ec9758026dd::roof-flat::flat:9,1.0,0.953,flat_matched
97571caa-1065-4ac5-a385-2ec9758026dd,97571caa-1065-4ac5-a385-2ec9758026dd::ceiling-raw::0:2:2,0,2,2,8.77,242.39,4.256,1.0,1.0,97571caa-1065-4ac5-a385-2ec9758026dd::roof-oblique::oblique:1,1.0,97571caa-1065-4ac5-a385-2ec9758026dd::roof-flat::flat:9,1.0,0.994,oblique_matched
97571caa-1065-4ac5-a385-2ec9758026dd,97571caa-1065-4ac5-a385-2ec9758026dd::ceiling-raw::0:2:3,0,2,3,10.35,58.9,7.301,1.0,1.0,97571caa-1065-4ac5-a385-2ec9758026dd::roof-oblique::oblique:0,1.0,97571caa-1065-4ac5-a385-2ec9758026dd::roof-flat::flat:9,1.0,0.998,oblique_matched
97571caa-1065-4ac5-a385-2ec9758026dd,97571caa-1065-4ac5-a385-2ec9758026dd::ceiling-raw::0:2:4,0,2,4,14.48,62.39,1.455,1.0,1.0,97571caa-1065-4ac5-a385-2ec9758026dd::roof-oblique::oblique:0,1.0,97571caa-1065-4ac5-a385-2ec9758026dd::roof-flat::flat:9,1.0,1.0,oblique_matched
97571caa-1065-4ac5-a385-2ec9758026dd,97571caa-1065-4ac5-a385-2ec9758026dd::ceiling-raw::0:2:5,0,2,5,14.52,62.28,6.663,1.0,1.0,97571caa-1065-4ac5-a385-2ec9758026dd::roof-oblique::oblique:0,1.0,97571caa-1065-4ac5-a385-2ec9758026dd::roof-flat::flat:9,1.0,1.0,oblique_matched
97571caa-1065-4ac5-a385-2ec9758026dd,97571caa-1065-4ac5-a385-2ec9758026dd::ceiling-raw::0:2:6,0,2,6,17.01,30.29,1.445,1.0,1.0,97571caa-1065-4ac5-a385-2ec9758026dd::roof-oblique::oblique:0,1.0,97571caa-1065-4ac5-a385-2ec9758026dd::roof-flat::flat:9,1.0,0.988,oblique_matched
97571caa-1065-4ac5-a385-2ec9758026dd,97571caa-1065-4ac5-a385-2ec9758026dd::ceiling-raw::0:2:7,0,2,7,17.2,274.06,4.256,1.0,1.0,97571caa-1065-4ac5-a385-2ec9758026dd::roof-oblique::oblique:1,0.958,97571caa-1065-4ac5-a385-2ec9758026dd::roof-flat::flat:9,1.0,0.988,oblique_matched
97571caa-1065-4ac5-a385-2ec9758026dd,97571caa-1065-4ac5-a385-2ec9758026dd::ceiling-raw::0:2:8,0,2,8,36.15,160.91,0.891,1.0,1.0,97571caa-1065-4ac5-a385-2ec9758026dd::roof-oblique::oblique:1,0.714,97571caa-1065-4ac5-a385-2ec9758026dd::roof-flat::flat:9,1.0,0.802,oblique_matched
97571caa-1065-4ac5-a385-2ec9758026dd,97571caa-1065-4ac5-a385-2ec9758026dd::ceiling-raw::0:2:9,0,2,9,65.5,152.39,0.665,1.0,1.0,97571caa-1065-4ac5-a385-2ec9758026dd::roof-oblique::oblique:1,1.0,97571caa-1065-4ac5-a385-2ec9758026dd::roof-flat::flat:9,1.0,0.4,oblique_wrong_orientation
97571caa-1065-4ac5-a385-2ec9758026dd,97571caa-1065-4ac5-a385-2ec9758026dd::ceiling-raw::0:3:0,0,3,0,14.33,62.39,4.291,1.0,1.0,97571caa-1065-4ac5-a385-2ec9758026dd::roof-oblique::oblique:0,1.0,97571caa-1065-4ac5-a385-2ec9758026dd::roof-flat::flat:9,1.0,1.0,oblique_matched
97571caa-1065-4ac5-a385-2ec9758026dd,97571caa-1065-4ac5-a385-2ec9758026dd::ceiling-raw::0:4:0,0,4,0,1.2,332.29,1.327,1.0,1.0,97571caa-1065-4ac5-a385-2ec9758026dd::roof-oblique::oblique:1,0.993,97571caa-1065-4ac5-a385-2ec9758026dd::roof-flat::flat:9,1.0,0.965,flat_matched
97571caa-1065-4ac5-a385-2ec9758026dd,97571caa-1065-4ac5-a385-2ec9758026dd::ceiling-raw::0:4:1,0,4,1,6.98,160.54,0.21,1.0,1.0,97571caa-1065-4ac5-a385-2ec9758026dd::roof-oblique::oblique:1,0.923,97571caa-1065-4ac5-a385-2ec9758026dd::roof-flat::flat:9,1.0,0.963,oblique_matched
97571caa-1065-4ac5-a385-2ec9758026dd,97571caa-1065-4ac5-a385-2ec9758026dd::ceiling-raw::0:4:2,0,4,2,11.01,242.39,0.191,1.0,1.0,97571caa-1065-4ac5-a385-2ec9758026dd::roof-oblique::oblique:1,0.523,97571caa-1065-4ac5-a385-2ec9758026dd::roof-flat::flat:9,1.0,0.997,oblique_matched
97571caa-1065-4ac5-a385-2ec9758026dd,97571caa-1065-4ac5-a385-2ec9758026dd::ceiling-raw::0:4:3,0,4,3,11.01,242.39,0.286,1.0,1.0,97571caa-1065-4ac5-a385-2ec9758026dd::roof-oblique::oblique:1,1.0,97571caa-1065-4ac5-a385-2ec9758026dd::roof-flat::flat:9,1.0,0.997,oblique_matched
97571caa-1065-4ac5-a385-2ec9758026dd,97571caa-1065-4ac5-a385-2ec9758026dd::ceiling-raw::0:4:4,0,4,4,14.02,242.4,0.581,1.0,1.0,97571caa-1065-4ac5-a385-2ec9758026dd::roof-oblique::oblique:1,1.0,97571caa-1065-4ac5-a385-2ec9758026dd::roof-flat::flat:9,1.0,1.0,oblique_matched
97571caa-1065-4ac5-a385-2ec9758026dd,97571caa-1065-4ac5-a385-2ec9758026dd::ceiling-raw::0:4:5,0,4,5,15.08,242.39,1.033,1.0,1.0,97571caa-1065-4ac5-a385-2ec9758026dd::roof-oblique::oblique:1,1.0,97571caa-1065-4ac5-a385-2ec9758026dd::roof-flat::flat:9,1.0,1.0,oblique_matched
97571caa-1065-4ac5-a385-2ec9758026dd,97571caa-1065-4ac5-a385-2ec9758026dd::ceiling-raw::0:4:6,0,4,6,15.47,255.56,3.549,1.0,1.0,97571caa-1065-4ac5-a385-2ec9758026dd::roof-oblique::oblique:1,1.0,97571caa-1065-4ac5-a385-2ec9758026dd::roof-flat::flat:9,1.0,0.998,oblique_matched
97571caa-1065-4ac5-a385-2ec9758026dd,97571caa-1065-4ac5-a385-2ec9758026dd::ceiling-raw::0:4:7,0,4,7,19.19,242.39,3.549,1.0,1.0,97571caa-1065-4ac5-a385-2ec9758026dd::roof-oblique::oblique:1,1.0,97571caa-1065-4ac5-a385-2ec9758026dd::roof-flat::flat:9,1.0,0.997,oblique_matched
97571caa-1065-4ac5-a385-2ec9758026dd,97571caa-1065-4ac5-a385-2ec9758026dd::ceiling-raw::0:4:8,0,4,8,19.74,222.63,0.286,1.0,1.0,97571caa-1065-4ac5-a385-2ec9758026dd::roof-oblique::oblique:1,1.0,97571caa-1065-4ac5-a385-2ec9758026dd::roof-flat::flat:9,1.0,0.992,oblique_matched
97571caa-1065-4ac5-a385-2ec9758026dd,97571caa-1065-4ac5-a385-2ec9758026dd::ceiling-raw::0:4:9,0,4,9,30.63,187.78,0.751,1.0,1.0,97571caa-1065-4ac5-a385-2ec9758026dd::roof-oblique::oblique:1,1.0,97571caa-1065-4ac5-a385-2ec9758026dd::roof-flat::flat:9,1.0,0.908,oblique_matched
97571caa-1065-4ac5-a385-2ec9758026dd,97571caa-1065-4ac5-a385-2ec9758026dd::ceiling-raw::0:5:0,0,5,0,0.0,,2.411,1.0,1.0,97571caa-1065-4ac5-a385-2ec9758026dd::roof-oblique::oblique:1,0.89,97571caa-1065-4ac5-a385-2ec9758026dd::roof-flat::flat:9,1.0,0.965,flat_matched
97571caa-1065-4ac5-a385-2ec9758026dd,97571caa-1065-4ac5-a385-2ec9758026dd::ceiling-raw::0:6:0,0,6,0,13.37,62.77,3.724,1.0,1.0,97571caa-1065-4ac5-a385-2ec9758026dd::roof-oblique::oblique:0,1.0,97571caa-1065-4ac5-a385-2ec9758026dd::roof-flat::flat:9,1.0,1.0,oblique_matched
97571caa-1065-4ac5-a385-2ec9758026dd,97571caa-1065-4ac5-a385-2ec9758026dd::ceiling-raw::0:7:0,0,7,0,0.0,,10.866,1.0,1.0,97571caa-1065-4ac5-a385-2ec9758026dd::roof-oblique::oblique:1,1.0,97571caa-1065-4ac5-a385-2ec9758026dd::roof-flat::flat:9,1.0,0.965,flat_matched
97571caa-1065-4ac5-a385-2ec9758026dd,97571caa-1065-4ac5-a385-2ec9758026dd::ceiling-raw::0:8:0,0,8,0,0.0,,8.092,1.0,1.0,97571caa-1065-4ac5-a385-2ec9758026dd::roof-oblique::oblique:0,1.0,97571caa-1065-4ac5-a385-2ec9758026dd::roof-flat::flat:9,1.0,0.97,flat_matched
97571caa-1065-4ac5-a385-2ec9758026dd,97571caa-1065-4ac5-a385-2ec9758026dd::ceiling-raw::0:9:0,0,9,0,0.0,,10.687,0.98,1.0,97571caa-1065-4ac5-a385-2ec9758026dd::roof-oblique::oblique:0,0.98,97571caa-1065-4ac5-a385-2ec9758026dd::roof-flat::flat:9,1.0,0.97,flat_matched
97571caa-1065-4ac5-a385-2ec9758026dd,97571caa-1065-4ac5-a385-2ec9758026dd::ceiling-raw::0:10:0,0,10,0,65.86,162.13,0.062,1.0,1.0,97571caa-1065-4ac5-a385-2ec9758026dd::roof-oblique::oblique:1,1.0,97571caa-1065-4ac5-a385-2ec9758026dd::roof-flat::flat:9,1.0,0.435,oblique_wrong_orientation
97571caa-1065-4ac5-a385-2ec9758026dd,97571caa-1065-4ac5-a385-2ec9758026dd::ceiling-raw::0:10:1,0,10,1,68.44,152.39,0.127,1.0,1.0,97571caa-1065-4ac5-a385-2ec9758026dd::roof-oblique::oblique:1,1.0,97571caa-1065-4ac5-a385-2ec9758026dd::roof-flat::flat:9,1.0,0.355,oblique_wrong_orientation
97571caa-1065-4ac5-a385-2ec9758026dd,97571caa-1065-4ac5-a385-2ec9758026dd::ceiling-raw::0:10:2,0,10,2,69.63,242.39,0.408,1.0,1.0,97571caa-1065-4ac5-a385-2ec9758026dd::roof-oblique::oblique:1,1.0,97571caa-1065-4ac5-a385-2ec9758026dd::roof-flat::flat:8,1.0,0.58,oblique_wrong_orientation
97571caa-1065-4ac5-a385-2ec9758026dd,97571caa-1065-4ac5-a385-2ec9758026dd::ceiling-raw::0:10:5,0,10,5,0.0,,38.213,1.0,1.0,97571caa-1065-4ac5-a385-2ec9758026dd::roof-oblique::oblique:1,1.0,97571caa-1065-4ac5-a385-2ec9758026dd::roof-flat::flat:9,1.0,0.965,flat_matched
9829323a-4939-45bf-ae66-b950b18ddf52,9829323a-4939-45bf-ae66-b950b18ddf52::ceiling-raw::0:0:0,0,0,0,0.0,,27.917,0,1.0,,0.0,9829323a-4939-45bf-ae66-b950b18ddf52::roof-flat::flat:5,1.0,,flat_matched
9829323a-4939-45bf-ae66-b950b18ddf52,9829323a-4939-45bf-ae66-b950b18ddf52::ceiling-raw::0:1:0,0,1,0,0.0,,8.799,0,1.0,,0.0,9829323a-4939-45bf-ae66-b950b18ddf52::roof-flat::flat:5,1.0,,flat_matched
9829323a-4939-45bf-ae66-b950b18ddf52,9829323a-4939-45bf-ae66-b950b18ddf52::ceiling-raw::0:2:0,0,2,0,0.0,,15.183,0,1.0,,0.0,9829323a-4939-45bf-ae66-b950b18ddf52::roof-flat::flat:5,1.0,,flat_matched
9829323a-4939-45bf-ae66-b950b18ddf52,9829323a-4939-45bf-ae66-b950b18ddf52::ceiling-raw::0:3:0,0,3,0,0.0,,4.243,0,1.0,,0.0,9829323a-4939-45bf-ae66-b950b18ddf52::roof-flat::flat:5,1.0,,flat_matched
9829323a-4939-45bf-ae66-b950b18ddf52,9829323a-4939-45bf-ae66-b950b18ddf52::ceiling-raw::0:4:0,0,4,0,0.0,,2.219,0,1.0,,0.0,9829323a-4939-45bf-ae66-b950b18ddf52::roof-flat::flat:6,1.0,,flat_matched
98472f6b-45bc-4814-a4b8-914f8f6976dd,98472f6b-45bc-4814-a4b8-914f8f6976dd::ceiling-raw::0:0:0,0,0,0,7.63,167.09,11.43,1.0,1.0,98472f6b-45bc-4814-a4b8-914f8f6976dd::roof-oblique::oblique:0,1.0,98472f6b-45bc-4814-a4b8-914f8f6976dd::roof-flat::flat:6,1.0,1.0,oblique_matched
98472f6b-45bc-4814-a4b8-914f8f6976dd,98472f6b-45bc-4814-a4b8-914f8f6976dd::ceiling-raw::0:1:0,0,1,0,0.0,,4.925,1.0,1.0,98472f6b-45bc-4814-a4b8-914f8f6976dd::roof-oblique::oblique:0,1.0,98472f6b-45bc-4814-a4b8-914f8f6976dd::roof-flat::flat:6,1.0,0.991,flat_matched
98472f6b-45bc-4814-a4b8-914f8f6976dd,98472f6b-45bc-4814-a4b8-914f8f6976dd::ceiling-raw::0:1:1,0,1,1,0.0,,1.019,1.0,1.0,98472f6b-45bc-4814-a4b8-914f8f6976dd::roof-oblique::oblique:0,1.0,98472f6b-45bc-4814-a4b8-914f8f6976dd::roof-flat::flat:6,1.0,0.991,flat_matched
98472f6b-45bc-4814-a4b8-914f8f6976dd,98472f6b-45bc-4814-a4b8-914f8f6976dd::ceiling-raw::0:1:2,0,1,2,1.68,254.86,0.532,1.0,1.0,98472f6b-45bc-4814-a4b8-914f8f6976dd::roof-oblique::oblique:0,1.0,98472f6b-45bc-4814-a4b8-914f8f6976dd::roof-flat::flat:6,1.0,0.991,flat_matched
98472f6b-45bc-4814-a4b8-914f8f6976dd,98472f6b-45bc-4814-a4b8-914f8f6976dd::ceiling-raw::0:1:3,0,1,3,8.61,164.87,0.532,1.0,1.0,98472f6b-45bc-4814-a4b8-914f8f6976dd::roof-oblique::oblique:0,1.0,98472f6b-45bc-4814-a4b8-914f8f6976dd::roof-flat::flat:6,1.0,1.0,oblique_matched
98472f6b-45bc-4814-a4b8-914f8f6976dd,98472f6b-45bc-4814-a4b8-914f8f6976dd::ceiling-raw::0:1:4,0,1,4,9.18,144.44,1.019,1.0,1.0,98472f6b-45bc-4814-a4b8-914f8f6976dd::roof-oblique::oblique:0,1.0,98472f6b-45bc-4814-a4b8-914f8f6976dd::roof-flat::flat:6,1.0,0.998,oblique_matched
98472f6b-45bc-4814-a4b8-914f8f6976dd,98472f6b-45bc-4814-a4b8-914f8f6976dd::ceiling-raw::0:2:0,0,2,0,9.75,173.96,2.217,1.0,1.0,98472f6b-45bc-4814-a4b8-914f8f6976dd::roof-oblique::oblique:0,0.991,98472f6b-45bc-4814-a4b8-914f8f6976dd::roof-flat::flat:6,1.0,0.999,oblique_matched
98472f6b-45bc-4814-a4b8-914f8f6976dd,98472f6b-45bc-4814-a4b8-914f8f6976dd::ceiling-raw::0:2:1,0,2,1,18.72,46.17,0.645,1.0,1.0,98472f6b-45bc-4814-a4b8-914f8f6976dd::roof-oblique::oblique:0,0.607,98472f6b-45bc-4814-a4b8-914f8f6976dd::roof-flat::flat:1,1.0,0.918,oblique_matched
98472f6b-45bc-4814-a4b8-914f8f6976dd,98472f6b-45bc-4814-a4b8-914f8f6976dd::ceiling-raw::0:2:2,0,2,2,0.0,,3.675,0.975,1.0,98472f6b-45bc-4814-a4b8-914f8f6976dd::roof-oblique::oblique:1,0.975,98472f6b-45bc-4814-a4b8-914f8f6976dd::roof-flat::flat:6,1.0,0.992,flat_matched
98472f6b-45bc-4814-a4b8-914f8f6976dd,98472f6b-45bc-4814-a4b8-914f8f6976dd::ceiling-raw::0:2:3,0,2,3,14.37,345.26,0.594,1.0,1.0,98472f6b-45bc-4814-a4b8-914f8f6976dd::roof-oblique::oblique:1,1.0,98472f6b-45bc-4814-a4b8-914f8f6976dd::roof-flat::flat:1,1.0,0.992,oblique_matched
98472f6b-45bc-4814-a4b8-914f8f6976dd,98472f6b-45bc-4814-a4b8-914f8f6976dd::ceiling-raw::0:2:4,0,2,4,14.9,321.12,0.094,1.0,1.0,98472f6b-45bc-4814-a4b8-914f8f6976dd::roof-oblique::oblique:1,1.0,98472f6b-45bc-4814-a4b8-914f8f6976dd::roof-flat::flat:1,1.0,0.988,oblique_matched
98472f6b-45bc-4814-a4b8-914f8f6976dd,98472f6b-45bc-4814-a4b8-914f8f6976dd::ceiling-raw::0:2:5,0,2,5,20.23,75.26,0.489,1.0,1.0,98472f6b-45bc-4814-a4b8-914f8f6976dd::roof-oblique::oblique:1,1.0,98472f6b-45bc-4814-a4b8-914f8f6976dd::roof-flat::flat:1,1.0,0.931,oblique_matched
98472f6b-45bc-4814-a4b8-914f8f6976dd,98472f6b-45bc-4814-a4b8-914f8f6976dd::ceiling-raw::0:2:6,0,2,6,44.99,141.12,0.025,1.0,1.0,98472f6b-45bc-4814-a4b8-914f8f6976dd::roof-oblique::oblique:1,1.0,98472f6b-45bc-4814-a4b8-914f8f6976dd::roof-flat::flat:1,1.0,0.621,oblique_wrong_orientation
98472f6b-45bc-4814-a4b8-914f8f6976dd,98472f6b-45bc-4814-a4b8-914f8f6976dd::ceiling-raw::0:3:0,0,3,0,0.0,,20.029,1.0,1.0,98472f6b-45bc-4814-a4b8-914f8f6976dd::roof-oblique::oblique:1,0.827,98472f6b-45bc-4814-a4b8-914f8f6976dd::roof-flat::flat:6,1.0,0.992,flat_matched
98472f6b-45bc-4814-a4b8-914f8f6976dd,98472f6b-45bc-4814-a4b8-914f8f6976dd::ceiling-raw::0:3:1,0,3,1,8.7,344.87,8.192,1.0,1.0,98472f6b-45bc-4814-a4b8-914f8f6976dd::roof-oblique::oblique:1,1.0,98472f6b-45bc-4814-a4b8-914f8f6976dd::roof-flat::flat:2,1.0,1.0,oblique_matched
98472f6b-45bc-4814-a4b8-914f8f6976dd,98472f6b-45bc-4814-a4b8-914f8f6976dd::ceiling-raw::0:4:0,0,4,0,0.0,,1.361,1.0,1.0,98472f6b-45bc-4814-a4b8-914f8f6976dd::roof-oblique::oblique:0,1.0,98472f6b-45bc-4814-a4b8-914f8f6976dd::roof-flat::flat:6,1.0,0.991,flat_matched
98472f6b-45bc-4814-a4b8-914f8f6976dd,98472f6b-45bc-4814-a4b8-914f8f6976dd::ceiling-raw::0:4:1,0,4,1,7.67,158.26,9.132,1.0,1.0,98472f6b-45bc-4814-a4b8-914f8f6976dd::roof-oblique::oblique:0,1.0,98472f6b-45bc-4814-a4b8-914f8f6976dd::roof-flat::flat:6,1.0,1.0,oblique_matched
98472f6b-45bc-4814-a4b8-914f8f6976dd,98472f6b-45bc-4814-a4b8-914f8f6976dd::ceiling-raw::0:4:2,0,4,2,0.0,,1.498,1.0,1.0,98472f6b-45bc-4814-a4b8-914f8f6976dd::roof-oblique::oblique:0,1.0,98472f6b-45bc-4814-a4b8-914f8f6976dd::roof-flat::flat:6,1.0,0.991,flat_matched
98472f6b-45bc-4814-a4b8-914f8f6976dd,98472f6b-45bc-4814-a4b8-914f8f6976dd::ceiling-raw::0:4:3,0,4,3,7.85,188.49,1.534,1.0,1.0,98472f6b-45bc-4814-a4b8-914f8f6976dd::roof-oblique::oblique:0,1.0,98472f6b-45bc-4814-a4b8-914f8f6976dd::roof-flat::flat:6,1.0,0.998,oblique_matched
98472f6b-45bc-4814-a4b8-914f8f6976dd,98472f6b-45bc-4814-a4b8-914f8f6976dd::ceiling-raw::0:5:0,0,5,0,5.2,164.87,0.861,1.0,1.0,98472f6b-45bc-4814-a4b8-914f8f6976dd::roof-oblique::oblique:0,1.0,98472f6b-45bc-4814-a4b8-914f8f6976dd::roof-flat::flat:6,1.0,0.999,oblique_matched
98472f6b-45bc-4814-a4b8-914f8f6976dd,98472f6b-45bc-4814-a4b8-914f8f6976dd::ceiling-raw::0:6:0,0,6,0,2.92,254.87,0.445,1.0,1.0,98472f6b-45bc-4814-a4b8-914f8f6976dd::roof-oblique::oblique:1,1.0,98472f6b-45bc-4814-a4b8-914f8f6976dd::roof-flat::flat:6,1.0,0.991,flat_matched
98472f6b-45bc-4814-a4b8-914f8f6976dd,98472f6b-45bc-4814-a4b8-914f8f6976dd::ceiling-raw::0:6:1,0,6,1,6.18,344.87,0.774,0.999,1.0,98472f6b-45bc-4814-a4b8-914f8f6976dd::roof-oblique::oblique:1,0.999,98472f6b-45bc-4814-a4b8-914f8f6976dd::roof-flat::flat:5,1.0,1.0,oblique_matched
98472f6b-45bc-4814-a4b8-914f8f6976dd,98472f6b-45bc-4814-a4b8-914f8f6976dd::ceiling-raw::0:6:2,0,6,2,6.69,344.87,0.445,1.0,1.0,98472f6b-45bc-4814-a4b8-914f8f6976dd::roof-oblique::oblique:1,1.0,98472f6b-45bc-4814-a4b8-914f8f6976dd::roof-flat::flat:6,1.0,1.0,oblique_matched
98472f6b-45bc-4814-a4b8-914f8f6976dd,98472f6b-45bc-4814-a4b8-914f8f6976dd::ceiling-raw::0:6:3,0,6,3,7.55,333.74,4.087,1.0,1.0,98472f6b-45bc-4814-a4b8-914f8f6976dd::roof-oblique::oblique:1,1.0,98472f6b-45bc-4814-a4b8-914f8f6976dd::roof-flat::flat:5,1.0,1.0,oblique_matched
98472f6b-45bc-4814-a4b8-914f8f6976dd,98472f6b-45bc-4814-a4b8-914f8f6976dd::ceiling-raw::0:6:4,0,6,4,13.04,36.8,0.774,1.0,1.0,98472f6b-45bc-4814-a4b8-914f8f6976dd::roof-oblique::oblique:1,1.0,98472f6b-45bc-4814-a4b8-914f8f6976dd::roof-flat::flat:5,1.0,0.984,oblique_matched
992198d7-4dfe-4ecd-9fa0-b66fa6cac3fd,992198d7-4dfe-4ecd-9fa0-b66fa6cac3fd::ceiling-raw::0:0:0,0,0,0,0.0,,11.323,0.998,1.0,992198d7-4dfe-4ecd-9fa0-b66fa6cac3fd::roof-oblique::oblique:0,0.998,992198d7-4dfe-4ecd-9fa0-b66fa6cac3fd::roof-flat::flat:5,1.0,0.973,flat_matched
992198d7-4dfe-4ecd-9fa0-b66fa6cac3fd,992198d7-4dfe-4ecd-9fa0-b66fa6cac3fd::ceiling-raw::0:1:0,0,1,0,0.0,,11.221,1.0,1.0,992198d7-4dfe-4ecd-9fa0-b66fa6cac3fd::roof-oblique::oblique:0,1.0,992198d7-4dfe-4ecd-9fa0-b66fa6cac3fd::roof-flat::flat:5,1.0,0.973,flat_matched
992198d7-4dfe-4ecd-9fa0-b66fa6cac3fd,992198d7-4dfe-4ecd-9fa0-b66fa6cac3fd::ceiling-raw::0:2:0,0,2,0,0.0,,7.624,1.0,1.0,992198d7-4dfe-4ecd-9fa0-b66fa6cac3fd::roof-oblique::oblique:0,1.0,992198d7-4dfe-4ecd-9fa0-b66fa6cac3fd::roof-flat::flat:5,1.0,0.973,flat_matched
992198d7-4dfe-4ecd-9fa0-b66fa6cac3fd,992198d7-4dfe-4ecd-9fa0-b66fa6cac3fd::ceiling-raw::0:3:0,0,3,0,0.0,,1.003,1.0,1.0,992198d7-4dfe-4ecd-9fa0-b66fa6cac3fd::roof-oblique::oblique:1,1.0,992198d7-4dfe-4ecd-9fa0-b66fa6cac3fd::roof-flat::flat:5,1.0,0.97,flat_matched
992198d7-4dfe-4ecd-9fa0-b66fa6cac3fd,992198d7-4dfe-4ecd-9fa0-b66fa6cac3fd::ceiling-raw::0:3:1,0,3,1,0.0,,2.628,1.0,1.0,992198d7-4dfe-4ecd-9fa0-b66fa6cac3fd::roof-oblique::oblique:1,1.0,992198d7-4dfe-4ecd-9fa0-b66fa6cac3fd::roof-flat::flat:5,1.0,0.97,flat_matched
992198d7-4dfe-4ecd-9fa0-b66fa6cac3fd,992198d7-4dfe-4ecd-9fa0-b66fa6cac3fd::ceiling-raw::0:4:0,0,4,0,0.0,,9.986,1.0,1.0,992198d7-4dfe-4ecd-9fa0-b66fa6cac3fd::roof-oblique::oblique:1,0.998,992198d7-4dfe-4ecd-9fa0-b66fa6cac3fd::roof-flat::flat:5,1.0,0.97,flat_matched
992198d7-4dfe-4ecd-9fa0-b66fa6cac3fd,992198d7-4dfe-4ecd-9fa0-b66fa6cac3fd::ceiling-raw::0:4:1,0,4,1,0.0,,22.677,0.992,1.0,992198d7-4dfe-4ecd-9fa0-b66fa6cac3fd::roof-oblique::oblique:1,0.992,992198d7-4dfe-4ecd-9fa0-b66fa6cac3fd::roof-flat::flat:5,1.0,0.97,flat_matched
992198d7-4dfe-4ecd-9fa0-b66fa6cac3fd,992198d7-4dfe-4ecd-9fa0-b66fa6cac3fd::ceiling-raw::0:4:2,0,4,2,13.35,98.14,15.878,1.0,1.0,992198d7-4dfe-4ecd-9fa0-b66fa6cac3fd::roof-oblique::oblique:0,0.999,992198d7-4dfe-4ecd-9fa0-b66fa6cac3fd::roof-flat::flat:5,1.0,1.0,oblique_matched
992198d7-4dfe-4ecd-9fa0-b66fa6cac3fd,992198d7-4dfe-4ecd-9fa0-b66fa6cac3fd::ceiling-raw::0:4:3,0,4,3,14.0,277.97,2.675,1.0,1.0,992198d7-4dfe-4ecd-9fa0-b66fa6cac3fd::roof-oblique::oblique:1,1.0,992198d7-4dfe-4ecd-9fa0-b66fa6cac3fd::roof-flat::flat:5,1.0,1.0,oblique_matched
992198d7-4dfe-4ecd-9fa0-b66fa6cac3fd,992198d7-4dfe-4ecd-9fa0-b66fa6cac3fd::ceiling-raw::0:4:4,0,4,4,14.01,280.21,0.209,1.0,1.0,992198d7-4dfe-4ecd-9fa0-b66fa6cac3fd::roof-oblique::oblique:1,1.0,992198d7-4dfe-4ecd-9fa0-b66fa6cac3fd::roof-flat::flat:5,1.0,1.0,oblique_matched
992198d7-4dfe-4ecd-9fa0-b66fa6cac3fd,992198d7-4dfe-4ecd-9fa0-b66fa6cac3fd::ceiling-raw::0:4:5,0,4,5,24.41,187.97,2.675,1.0,1.0,992198d7-4dfe-4ecd-9fa0-b66fa6cac3fd::roof-oblique::oblique:1,1.0,992198d7-4dfe-4ecd-9fa0-b66fa6cac3fd::roof-flat::flat:5,1.0,0.883,oblique_matched
992198d7-4dfe-4ecd-9fa0-b66fa6cac3fd,992198d7-4dfe-4ecd-9fa0-b66fa6cac3fd::ceiling-raw::0:4:6,0,4,6,45.89,353.84,1.323,1.0,1.0,992198d7-4dfe-4ecd-9fa0-b66fa6cac3fd::roof-oblique::oblique:1,1.0,992198d7-4dfe-4ecd-9fa0-b66fa6cac3fd::roof-flat::flat:5,1.0,0.718,oblique_wrong_orientation
992198d7-4dfe-4ecd-9fa0-b66fa6cac3fd,992198d7-4dfe-4ecd-9fa0-b66fa6cac3fd::ceiling-raw::0:4:7,0,4,7,78.13,277.97,0.561,0.997,1.0,992198d7-4dfe-4ecd-9fa0-b66fa6cac3fd::roof-oblique::oblique:1,0.997,992198d7-4dfe-4ecd-9fa0-b66fa6cac3fd::roof-flat::flat:5,1.0,0.437,oblique_wrong_orientation
992198d7-4dfe-4ecd-9fa0-b66fa6cac3fd,992198d7-4dfe-4ecd-9fa0-b66fa6cac3fd::ceiling-raw::0:4:8,0,4,8,78.18,272.51,0.151,1.0,1.0,992198d7-4dfe-4ecd-9fa0-b66fa6cac3fd::roof-oblique::oblique:1,1.0,992198d7-4dfe-4ecd-9fa0-b66fa6cac3fd::roof-flat::flat:5,1.0,0.435,oblique_wrong_orientation
992198d7-4dfe-4ecd-9fa0-b66fa6cac3fd,992198d7-4dfe-4ecd-9fa0-b66fa6cac3fd::ceiling-raw::0:5:0,0,5,0,0.0,,9.427,1.0,1.0,992198d7-4dfe-4ecd-9fa0-b66fa6cac3fd::roof-oblique::oblique:1,0.975,992198d7-4dfe-4ecd-9fa0-b66fa6cac3fd::roof-flat::flat:5,1.0,0.97,flat_matched
992198d7-4dfe-4ecd-9fa0-b66fa6cac3fd,992198d7-4dfe-4ecd-9fa0-b66fa6cac3fd::ceiling-raw::0:5:1,0,5,1,0.0,,3.311,1.0,1.0,992198d7-4dfe-4ecd-9fa0-b66fa6cac3fd::roof-oblique::oblique:0,1.0,992198d7-4dfe-4ecd-9fa0-b66fa6cac3fd::roof-flat::flat:5,1.0,0.973,flat_matched
992198d7-4dfe-4ecd-9fa0-b66fa6cac3fd,992198d7-4dfe-4ecd-9fa0-b66fa6cac3fd::ceiling-raw::0:6:0,0,6,0,0.0,,4.531,1.0,1.0,992198d7-4dfe-4ecd-9fa0-b66fa6cac3fd::roof-oblique::oblique:0,1.0,992198d7-4dfe-4ecd-9fa0-b66fa6cac3fd::roof-flat::flat:5,1.0,0.973,flat_matched
992198d7-4dfe-4ecd-9fa0-b66fa6cac3fd,992198d7-4dfe-4ecd-9fa0-b66fa6cac3fd::ceiling-raw::0:7:0,0,7,0,0.0,,14.099,1.0,1.0,992198d7-4dfe-4ecd-9fa0-b66fa6cac3fd::roof-oblique::oblique:1,0.934,992198d7-4dfe-4ecd-9fa0-b66fa6cac3fd::roof-flat::flat:5,1.0,0.97,flat_matched
992198d7-4dfe-4ecd-9fa0-b66fa6cac3fd,992198d7-4dfe-4ecd-9fa0-b66fa6cac3fd::ceiling-raw::0:7:1,0,7,1,0.0,,5.568,1.0,1.0,992198d7-4dfe-4ecd-9fa0-b66fa6cac3fd::roof-oblique::oblique:1,1.0,992198d7-4dfe-4ecd-9fa0-b66fa6cac3fd::roof-flat::flat:5,1.0,0.97,flat_matched
9bb4ada4-60fb-4ab0-8e05-de49acc92623,9bb4ada4-60fb-4ab0-8e05-de49acc92623::ceiling-raw::0:0:0,0,0,0,0.0,,13.734,0,1.0,,0.0,9bb4ada4-60fb-4ab0-8e05-de49acc92623::roof-flat::flat:8,1.0,,flat_matched
9bb4ada4-60fb-4ab0-8e05-de49acc92623,9bb4ada4-60fb-4ab0-8e05-de49acc92623::ceiling-raw::0:1:0,0,1,0,0.0,,0.939,0,1.0,,0.0,9bb4ada4-60fb-4ab0-8e05-de49acc92623::roof-flat::flat:8,1.0,,flat_matched
9bb4ada4-60fb-4ab0-8e05-de49acc92623,9bb4ada4-60fb-4ab0-8e05-de49acc92623::ceiling-raw::0:1:1,0,1,1,0.0,,2.965,0,1.0,,0.0,9bb4ada4-60fb-4ab0-8e05-de49acc92623::roof-flat::flat:8,1.0,,flat_matched
9bb4ada4-60fb-4ab0-8e05-de49acc92623,9bb4ada4-60fb-4ab0-8e05-de49acc92623::ceiling-raw::0:2:0,0,2,0,0.0,,7.518,0.122,1.0,9bb4ada4-60fb-4ab0-8e05-de49acc92623::roof-oblique::oblique:0,0.122,9bb4ada4-60fb-4ab0-8e05-de49acc92623::roof-flat::flat:8,1.0,0.992,flat_matched
9bb4ada4-60fb-4ab0-8e05-de49acc92623,9bb4ada4-60fb-4ab0-8e05-de49acc92623::ceiling-raw::0:3:0,0,3,0,0.0,,0.157,0.999,1.0,9bb4ada4-60fb-4ab0-8e05-de49acc92623::roof-oblique::oblique:0,0.999,9bb4ada4-60fb-4ab0-8e05-de49acc92623::roof-flat::flat:8,1.0,0.992,flat_matched
9bb4ada4-60fb-4ab0-8e05-de49acc92623,9bb4ada4-60fb-4ab0-8e05-de49acc92623::ceiling-raw::0:3:1,0,3,1,6.94,246.53,9.964,1.0,1.0,9bb4ada4-60fb-4ab0-8e05-de49acc92623::roof-oblique::oblique:0,1.0,9bb4ada4-60fb-4ab0-8e05-de49acc92623::roof-flat::flat:3,1.0,1.0,oblique_matched
9bb4ada4-60fb-4ab0-8e05-de49acc92623,9bb4ada4-60fb-4ab0-8e05-de49acc92623::ceiling-raw::0:5:0,0,5,0,0.0,,10.839,0,1.0,,0.0,9bb4ada4-60fb-4ab0-8e05-de49acc92623::roof-flat::flat:8,1.0,,flat_matched
9bb4ada4-60fb-4ab0-8e05-de49acc92623,9bb4ada4-60fb-4ab0-8e05-de49acc92623::ceiling-raw::0:6:0,0,6,0,0.0,,34.792,0,1.0,,0.0,9bb4ada4-60fb-4ab0-8e05-de49acc92623::roof-flat::flat:8,1.0,,flat_matched
9bb4ada4-60fb-4ab0-8e05-de49acc92623,9bb4ada4-60fb-4ab0-8e05-de49acc92623::ceiling-raw::0:7:0,0,7,0,0.0,,15.718,0.039,1.0,9bb4ada4-60fb-4ab0-8e05-de49acc92623::roof-oblique::oblique:0,0.039,9bb4ada4-60fb-4ab0-8e05-de49acc92623::roof-flat::flat:8,1.0,0.992,flat_matched
9bb4ada4-60fb-4ab0-8e05-de49acc92623,9bb4ada4-60fb-4ab0-8e05-de49acc92623::ceiling-raw::0:7:1,0,7,1,0.0,,25.591,0.013,1.0,9bb4ada4-60fb-4ab0-8e05-de49acc92623::roof-oblique::oblique:0,0.013,9bb4ada4-60fb-4ab0-8e05-de49acc92623::roof-flat::flat:8,1.0,0.992,flat_matched
9bc73438-328e-440e-a4be-25efa61d3b7c,9bc73438-328e-440e-a4be-25efa61d3b7c::ceiling-raw::0:2:0,0,2,0,6.11,355.37,3.56,1.0,1.0,9bc73438-328e-440e-a4be-25efa61d3b7c::roof-oblique::oblique:0,1.0,9bc73438-328e-440e-a4be-25efa61d3b7c::roof-flat::flat:0,1.0,1.0,oblique_matched
9bc73438-328e-440e-a4be-25efa61d3b7c,9bc73438-328e-440e-a4be-25efa61d3b7c::ceiling-raw::0:3:0,0,3,0,0.0,,3.62,1.0,1.0,9bc73438-328e-440e-a4be-25efa61d3b7c::roof-oblique::oblique:0,1.0,9bc73438-328e-440e-a4be-25efa61d3b7c::roof-flat::flat:5,1.0,0.992,flat_matched
9bc73438-328e-440e-a4be-25efa61d3b7c,9bc73438-328e-440e-a4be-25efa61d3b7c::ceiling-raw::0:4:0,0,4,0,0.0,,1.236,1.0,1.0,9bc73438-328e-440e-a4be-25efa61d3b7c::roof-oblique::oblique:0,1.0,9bc73438-328e-440e-a4be-25efa61d3b7c::roof-flat::flat:5,1.0,0.992,flat_matched
9bc73438-328e-440e-a4be-25efa61d3b7c,9bc73438-328e-440e-a4be-25efa61d3b7c::ceiling-raw::0:4:1,0,4,1,0.0,,0.665,1.0,1.0,9bc73438-328e-440e-a4be-25efa61d3b7c::roof-oblique::oblique:0,1.0,9bc73438-328e-440e-a4be-25efa61d3b7c::roof-flat::flat:7,1.0,0.992,flat_matched
9bc73438-328e-440e-a4be-25efa61d3b7c,9bc73438-328e-440e-a4be-25efa61d3b7c::ceiling-raw::0:4:2,0,4,2,9.08,357.28,6.27,0.998,1.0,9bc73438-328e-440e-a4be-25efa61d3b7c::roof-oblique::oblique:0,0.998,9bc73438-328e-440e-a4be-25efa61d3b7c::roof-flat::flat:5,1.0,1.0,oblique_matched
9bc73438-328e-440e-a4be-25efa61d3b7c,9bc73438-328e-440e-a4be-25efa61d3b7c::ceiling-raw::0:6:0,0,6,0,0.0,,37.973,0.032,1.0,9bc73438-328e-440e-a4be-25efa61d3b7c::roof-oblique::oblique:0,0.032,9bc73438-328e-440e-a4be-25efa61d3b7c::roof-flat::flat:5,1.0,0.992,flat_matched
9bc73438-328e-440e-a4be-25efa61d3b7c,9bc73438-328e-440e-a4be-25efa61d3b7c::ceiling-raw::0:7:0,0,7,0,0.0,,8.37,0,1.0,,0.0,9bc73438-328e-440e-a4be-25efa61d3b7c::roof-flat::flat:5,1.0,,flat_matched
9bc73438-328e-440e-a4be-25efa61d3b7c,9bc73438-328e-440e-a4be-25efa61d3b7c::ceiling-raw::0:8:0,0,8,0,0.0,,3.179,0.204,1.0,9bc73438-328e-440e-a4be-25efa61d3b7c::roof-oblique::oblique:0,0.204,9bc73438-328e-440e-a4be-25efa61d3b7c::roof-flat::flat:5,1.0,0.992,flat_matched
9bdc330e-6144-499b-9c70-3fc6f0c4ebf3,9bdc330e-6144-499b-9c70-3fc6f0c4ebf3::ceiling-raw::1:0:0,1,0,0,0.0,,7.84,0,1.0,,0.0,9bdc330e-6144-499b-9c70-3fc6f0c4ebf3::roof-flat::flat:10,1.0,,flat_matched
9bdc330e-6144-499b-9c70-3fc6f0c4ebf3,9bdc330e-6144-499b-9c70-3fc6f0c4ebf3::ceiling-raw::1:1:0,1,1,0,0.0,,1.958,0,1.0,,0.0,9bdc330e-6144-499b-9c70-3fc6f0c4ebf3::roof-flat::flat:10,1.0,,flat_matched
9bdc330e-6144-499b-9c70-3fc6f0c4ebf3,9bdc330e-6144-499b-9c70-3fc6f0c4ebf3::ceiling-raw::1:2:0,1,2,0,0.0,,12.858,0,1.0,,0.0,9bdc330e-6144-499b-9c70-3fc6f0c4ebf3::roof-flat::flat:10,1.0,,flat_matched
9bdc330e-6144-499b-9c70-3fc6f0c4ebf3,9bdc330e-6144-499b-9c70-3fc6f0c4ebf3::ceiling-raw::1:3:0,1,3,0,0.0,,11.824,0,1.0,,0.0,9bdc330e-6144-499b-9c70-3fc6f0c4ebf3::roof-flat::flat:10,1.0,,flat_matched
9bdc330e-6144-499b-9c70-3fc6f0c4ebf3,9bdc330e-6144-499b-9c70-3fc6f0c4ebf3::ceiling-raw::1:4:0,1,4,0,0.0,,30.475,0,1.0,,0.0,9bdc330e-6144-499b-9c70-3fc6f0c4ebf3::roof-flat::flat:10,1.0,,flat_matched
9bdc330e-6144-499b-9c70-3fc6f0c4ebf3,9bdc330e-6144-499b-9c70-3fc6f0c4ebf3::ceiling-raw::1:5:0,1,5,0,0.0,,29.872,0,1.0,,0.0,9bdc330e-6144-499b-9c70-3fc6f0c4ebf3::roof-flat::flat:11,1.0,,flat_matched
9bdc330e-6144-499b-9c70-3fc6f0c4ebf3,9bdc330e-6144-499b-9c70-3fc6f0c4ebf3::ceiling-raw::1:6:0,1,6,0,0.0,,2.105,0,1.0,,0.0,9bdc330e-6144-499b-9c70-3fc6f0c4ebf3::roof-flat::flat:11,1.0,,flat_matched
9bdc330e-6144-499b-9c70-3fc6f0c4ebf3,9bdc330e-6144-499b-9c70-3fc6f0c4ebf3::ceiling-raw::1:7:0,1,7,0,0.0,,14.352,0,1.0,,0.0,9bdc330e-6144-499b-9c70-3fc6f0c4ebf3::roof-flat::flat:11,1.0,,flat_matched
9bdc330e-6144-499b-9c70-3fc6f0c4ebf3,9bdc330e-6144-499b-9c70-3fc6f0c4ebf3::ceiling-raw::1:8:0,1,8,0,0.0,,9.126,0,1.0,,0.0,9bdc330e-6144-499b-9c70-3fc6f0c4ebf3::roof-flat::flat:11,1.0,,flat_matched
9bdc330e-6144-499b-9c70-3fc6f0c4ebf3,9bdc330e-6144-499b-9c70-3fc6f0c4ebf3::ceiling-raw::1:9:0,1,9,0,0.0,,3.236,0,1.0,,0.0,9bdc330e-6144-499b-9c70-3fc6f0c4ebf3::roof-flat::flat:11,1.0,,flat_matched
9bdc330e-6144-499b-9c70-3fc6f0c4ebf3,9bdc330e-6144-499b-9c70-3fc6f0c4ebf3::ceiling-raw::1:10:0,1,10,0,0.0,,9.111,0,1.0,,0.0,9bdc330e-6144-499b-9c70-3fc6f0c4ebf3::roof-flat::flat:10,1.0,,flat_matched
9bdc330e-6144-499b-9c70-3fc6f0c4ebf3,9bdc330e-6144-499b-9c70-3fc6f0c4ebf3::ceiling-raw::1:11:0,1,11,0,0.0,,4.315,0,1.0,,0.0,9bdc330e-6144-499b-9c70-3fc6f0c4ebf3::roof-flat::flat:10,1.0,,flat_matched
9bdc330e-6144-499b-9c70-3fc6f0c4ebf3,9bdc330e-6144-499b-9c70-3fc6f0c4ebf3::ceiling-raw::0:13:0,0,13,0,0.0,,25.353,0,1.0,,0.0,9bdc330e-6144-499b-9c70-3fc6f0c4ebf3::roof-flat::flat:12,1.0,,flat_matched
9c07bf97-56cd-4d82-a99d-00809d1d8537,9c07bf97-56cd-4d82-a99d-00809d1d8537::ceiling-raw::0:0:0,0,0,0,0.0,,41.054,0,1.0,,0.0,9c07bf97-56cd-4d82-a99d-00809d1d8537::roof-flat::flat:11,1.0,,flat_matched
9c07bf97-56cd-4d82-a99d-00809d1d8537,9c07bf97-56cd-4d82-a99d-00809d1d8537::ceiling-raw::0:1:0,0,1,0,0.0,,12.516,0,1.0,,0.0,9c07bf97-56cd-4d82-a99d-00809d1d8537::roof-flat::flat:11,1.0,,flat_matched
9c07bf97-56cd-4d82-a99d-00809d1d8537,9c07bf97-56cd-4d82-a99d-00809d1d8537::ceiling-raw::0:2:0,0,2,0,0.0,,11.209,0,1.0,,0.0,9c07bf97-56cd-4d82-a99d-00809d1d8537::roof-flat::flat:11,1.0,,flat_matched
9c07bf97-56cd-4d82-a99d-00809d1d8537,9c07bf97-56cd-4d82-a99d-00809d1d8537::ceiling-raw::0:3:0,0,3,0,0.0,,1.798,0,1.0,,0.0,9c07bf97-56cd-4d82-a99d-00809d1d8537::roof-flat::flat:11,1.0,,flat_matched
9c07bf97-56cd-4d82-a99d-00809d1d8537,9c07bf97-56cd-4d82-a99d-00809d1d8537::ceiling-raw::0:4:0,0,4,0,0.0,,16.796,0,1.0,,0.0,9c07bf97-56cd-4d82-a99d-00809d1d8537::roof-flat::flat:11,1.0,,flat_matched
9c07bf97-56cd-4d82-a99d-00809d1d8537,9c07bf97-56cd-4d82-a99d-00809d1d8537::ceiling-raw::0:5:0,0,5,0,0.0,,8.295,0,1.0,,0.0,9c07bf97-56cd-4d82-a99d-00809d1d8537::roof-flat::flat:11,1.0,,flat_matched
9c07bf97-56cd-4d82-a99d-00809d1d8537,9c07bf97-56cd-4d82-a99d-00809d1d8537::ceiling-raw::0:6:0,0,6,0,0.0,,4.988,0,1.0,,0.0,9c07bf97-56cd-4d82-a99d-00809d1d8537::roof-flat::flat:11,1.0,,flat_matched
9c07bf97-56cd-4d82-a99d-00809d1d8537,9c07bf97-56cd-4d82-a99d-00809d1d8537::ceiling-raw::0:7:0,0,7,0,0.0,,8.881,0,1.0,,0.0,9c07bf97-56cd-4d82-a99d-00809d1d8537::roof-flat::flat:11,1.0,,flat_matched
9c07bf97-56cd-4d82-a99d-00809d1d8537,9c07bf97-56cd-4d82-a99d-00809d1d8537::ceiling-raw::0:8:0,0,8,0,0.0,,6.888,0,1.0,,0.0,9c07bf97-56cd-4d82-a99d-00809d1d8537::roof-flat::flat:8,1.0,,flat_matched
9c07bf97-56cd-4d82-a99d-00809d1d8537,9c07bf97-56cd-4d82-a99d-00809d1d8537::ceiling-raw::0:9:0,0,9,0,0.0,,10.997,0,1.0,,0.0,9c07bf97-56cd-4d82-a99d-00809d1d8537::roof-flat::flat:11,1.0,,flat_matched
9c07bf97-56cd-4d82-a99d-00809d1d8537,9c07bf97-56cd-4d82-a99d-00809d1d8537::ceiling-raw::0:10:0,0,10,0,0.0,,12.691,0,1.0,,0.0,9c07bf97-56cd-4d82-a99d-00809d1d8537::roof-flat::flat:11,1.0,,flat_matched
9c42b8bc-b55c-427b-b695-9d073c5f8a75,9c42b8bc-b55c-427b-b695-9d073c5f8a75::ceiling-raw::1:9:0,1,9,0,0.0,,8.126,1.0,0,9c42b8bc-b55c-427b-b695-9d073c5f8a75::roof-oblique::oblique:0,0.571,,0.0,0.699,flat_covered_by_oblique
9c42b8bc-b55c-427b-b695-9d073c5f8a75,9c42b8bc-b55c-427b-b695-9d073c5f8a75::ceiling-raw::1:9:1,1,9,1,9.79,222.72,0.55,1.0,0,9c42b8bc-b55c-427b-b695-9d073c5f8a75::roof-oblique::oblique:0,1.0,,0.0,0.688,oblique_wrong_orientation
9c42b8bc-b55c-427b-b695-9d073c5f8a75,9c42b8bc-b55c-427b-b695-9d073c5f8a75::ceiling-raw::1:9:2,1,9,2,46.09,313.13,5.739,0.999,0,9c42b8bc-b55c-427b-b695-9d073c5f8a75::roof-oblique::oblique:0,0.999,,0.0,1.0,oblique_matched
9c42b8bc-b55c-427b-b695-9d073c5f8a75,9c42b8bc-b55c-427b-b695-9d073c5f8a75::ceiling-raw::1:9:3,1,9,3,46.33,312.72,0.55,1.0,0,9c42b8bc-b55c-427b-b695-9d073c5f8a75::roof-oblique::oblique:0,1.0,,0.0,1.0,oblique_matched
9c42b8bc-b55c-427b-b695-9d073c5f8a75,9c42b8bc-b55c-427b-b695-9d073c5f8a75::ceiling-raw::1:9:4,1,9,4,46.63,132.69,8.718,1.0,0,9c42b8bc-b55c-427b-b695-9d073c5f8a75::roof-oblique::oblique:1,1.0,,0.0,1.0,oblique_matched
9c42b8bc-b55c-427b-b695-9d073c5f8a75,9c42b8bc-b55c-427b-b695-9d073c5f8a75::ceiling-raw::1:10:0,1,10,0,0.0,,29.25,1.0,0,9c42b8bc-b55c-427b-b695-9d073c5f8a75::roof-oblique::oblique:0,0.747,,0.0,0.699,flat_covered_by_oblique
9c42b8bc-b55c-427b-b695-9d073c5f8a75,9c42b8bc-b55c-427b-b695-9d073c5f8a75::ceiling-raw::1:10:1,1,10,1,41.14,312.72,0.327,1.0,0,9c42b8bc-b55c-427b-b695-9d073c5f8a75::roof-oblique::oblique:0,1.0,,0.0,0.997,oblique_matched
9c42b8bc-b55c-427b-b695-9d073c5f8a75,9c42b8bc-b55c-427b-b695-9d073c5f8a75::ceiling-raw::1:10:2,1,10,2,42.53,269.18,1.314,1.0,0,9c42b8bc-b55c-427b-b695-9d073c5f8a75::roof-oblique::oblique:0,1.0,,0.0,0.865,oblique_matched
9c42b8bc-b55c-427b-b695-9d073c5f8a75,9c42b8bc-b55c-427b-b695-9d073c5f8a75::ceiling-raw::1:10:3,1,10,3,47.48,310.89,0.542,1.0,0,9c42b8bc-b55c-427b-b695-9d073c5f8a75::roof-oblique::oblique:0,1.0,,0.0,0.999,oblique_matched
9c42b8bc-b55c-427b-b695-9d073c5f8a75,9c42b8bc-b55c-427b-b695-9d073c5f8a75::ceiling-raw::1:10:4,1,10,4,50.23,164.45,0.855,1.0,0,9c42b8bc-b55c-427b-b695-9d073c5f8a75::roof-oblique::oblique:0,1.0,,0.0,0.021,oblique_wrong_orientation
9c42b8bc-b55c-427b-b695-9d073c5f8a75,9c42b8bc-b55c-427b-b695-9d073c5f8a75::ceiling-raw::1:10:5,1,10,5,50.34,338.06,0.327,1.0,0,9c42b8bc-b55c-427b-b695-9d073c5f8a75::roof-oblique::oblique:0,1.0,,0.0,0.944,oblique_matched
9c42b8bc-b55c-427b-b695-9d073c5f8a75,9c42b8bc-b55c-427b-b695-9d073c5f8a75::ceiling-raw::1:10:6,1,10,6,57.43,222.72,0.345,1.0,0,9c42b8bc-b55c-427b-b695-9d073c5f8a75::roof-oblique::oblique:0,1.0,,0.0,0.376,oblique_wrong_orientation
9c42b8bc-b55c-427b-b695-9d073c5f8a75,9c42b8bc-b55c-427b-b695-9d073c5f8a75::ceiling-raw::1:11:0,1,11,0,0.0,,4.954,1.0,0,9c42b8bc-b55c-427b-b695-9d073c5f8a75::roof-oblique::oblique:1,1.0,,0.0,0.688,flat_covered_by_oblique
9c42b8bc-b55c-427b-b695-9d073c5f8a75,9c42b8bc-b55c-427b-b695-9d073c5f8a75::ceiling-raw::1:11:1,1,11,1,46.79,131.74,5.758,0.986,0,9c42b8bc-b55c-427b-b695-9d073c5f8a75::roof-oblique::oblique:1,0.986,,0.0,1.0,oblique_matched
9c42b8bc-b55c-427b-b695-9d073c5f8a75,9c42b8bc-b55c-427b-b695-9d073c5f8a75::ceiling-raw::1:11:2,1,11,2,50.46,132.68,1.33,1.0,0,9c42b8bc-b55c-427b-b695-9d073c5f8a75::roof-oblique::oblique:1,1.0,,0.0,0.998,oblique_matched
9c42b8bc-b55c-427b-b695-9d073c5f8a75,9c42b8bc-b55c-427b-b695-9d073c5f8a75::ceiling-raw::1:12:0,1,12,0,0.0,,4.123,1.0,0,9c42b8bc-b55c-427b-b695-9d073c5f8a75::roof-oblique::oblique:1,1.0,,0.0,0.688,flat_covered_by_oblique
9c42b8bc-b55c-427b-b695-9d073c5f8a75,9c42b8bc-b55c-427b-b695-9d073c5f8a75::ceiling-raw::1:12:1,1,12,1,46.51,132.71,13.898,0.998,0,9c42b8bc-b55c-427b-b695-9d073c5f8a75::roof-oblique::oblique:1,0.998,,0.0,1.0,oblique_matched
9c42b8bc-b55c-427b-b695-9d073c5f8a75,9c42b8bc-b55c-427b-b695-9d073c5f8a75::ceiling-raw::1:13:0,1,13,0,0.0,,4.094,1.0,0,9c42b8bc-b55c-427b-b695-9d073c5f8a75::roof-oblique::oblique:0,0.918,,0.0,0.699,flat_covered_by_oblique
9c42b8bc-b55c-427b-b695-9d073c5f8a75,9c42b8bc-b55c-427b-b695-9d073c5f8a75::ceiling-raw::1:13:1,1,13,1,45.14,312.96,14.159,1.0,0,9c42b8bc-b55c-427b-b695-9d073c5f8a75::roof-oblique::oblique:0,1.0,,0.0,1.0,oblique_matched
9c80d7ae-2804-4b2f-83bb-544927398846,9c80d7ae-2804-4b2f-83bb-544927398846::ceiling-raw::0:0:0,0,0,0,0.0,,14.139,0,1.0,,0.0,9c80d7ae-2804-4b2f-83bb-544927398846::roof-flat::flat:13,1.0,,flat_matched
9c80d7ae-2804-4b2f-83bb-544927398846,9c80d7ae-2804-4b2f-83bb-544927398846::ceiling-raw::0:1:0,0,1,0,0.0,,4.184,0,1.0,,0.0,9c80d7ae-2804-4b2f-83bb-544927398846::roof-flat::flat:13,1.0,,flat_matched
9c80d7ae-2804-4b2f-83bb-544927398846,9c80d7ae-2804-4b2f-83bb-544927398846::ceiling-raw::0:2:0,0,2,0,0.0,,37.018,0,1.0,,0.0,9c80d7ae-2804-4b2f-83bb-544927398846::roof-flat::flat:13,1.0,,flat_matched
9c80d7ae-2804-4b2f-83bb-544927398846,9c80d7ae-2804-4b2f-83bb-544927398846::ceiling-raw::0:3:1,0,3,1,0.0,,22.596,0,1.0,,0.0,9c80d7ae-2804-4b2f-83bb-544927398846::roof-flat::flat:13,1.0,,flat_matched
9c80d7ae-2804-4b2f-83bb-544927398846,9c80d7ae-2804-4b2f-83bb-544927398846::ceiling-raw::0:4:0,0,4,0,0.0,,33.585,0,1.0,,0.0,9c80d7ae-2804-4b2f-83bb-544927398846::roof-flat::flat:13,1.0,,flat_matched
9c80d7ae-2804-4b2f-83bb-544927398846,9c80d7ae-2804-4b2f-83bb-544927398846::ceiling-raw::0:7:0,0,7,0,0.0,,9.564,0,1.0,,0.0,9c80d7ae-2804-4b2f-83bb-544927398846::roof-flat::flat:13,1.0,,flat_matched
9c80d7ae-2804-4b2f-83bb-544927398846,9c80d7ae-2804-4b2f-83bb-544927398846::ceiling-raw::0:8:0,0,8,0,0.0,,3.216,0,1.0,,0.0,9c80d7ae-2804-4b2f-83bb-544927398846::roof-flat::flat:13,1.0,,flat_matched
9c80d7ae-2804-4b2f-83bb-544927398846,9c80d7ae-2804-4b2f-83bb-544927398846::ceiling-raw::0:9:0,0,9,0,0.0,,13.59,0,1.0,,0.0,9c80d7ae-2804-4b2f-83bb-544927398846::roof-flat::flat:13,1.0,,flat_matched
9c80d7ae-2804-4b2f-83bb-544927398846,9c80d7ae-2804-4b2f-83bb-544927398846::ceiling-raw::0:11:0,0,11,0,0.0,,19.951,0,1.0,,0.0,9c80d7ae-2804-4b2f-83bb-544927398846::roof-flat::flat:8,1.0,,flat_matched
9c80d7ae-2804-4b2f-83bb-544927398846,9c80d7ae-2804-4b2f-83bb-544927398846::ceiling-raw::0:12:0,0,12,0,0.0,,22.928,0,1.0,,0.0,9c80d7ae-2804-4b2f-83bb-544927398846::roof-flat::flat:13,1.0,,flat_matched
9c80d7ae-2804-4b2f-83bb-544927398846,9c80d7ae-2804-4b2f-83bb-544927398846::ceiling-raw::0:13:0,0,13,0,0.0,,2.812,0,1.0,,0.0,9c80d7ae-2804-4b2f-83bb-544927398846::roof-flat::flat:13,1.0,,flat_matched
9c80d7ae-2804-4b2f-83bb-544927398846,9c80d7ae-2804-4b2f-83bb-544927398846::ceiling-raw::0:14:0,0,14,0,0.0,,18.729,0,1.0,,0.0,9c80d7ae-2804-4b2f-83bb-544927398846::roof-flat::flat:13,1.0,,flat_matched
9c80d7ae-2804-4b2f-83bb-544927398846,9c80d7ae-2804-4b2f-83bb-544927398846::ceiling-raw::1:15:0,1,15,0,0.0,,13.959,0,1.0,,0.0,9c80d7ae-2804-4b2f-83bb-544927398846::roof-flat::flat:15,1.0,,flat_matched
9c80d7ae-2804-4b2f-83bb-544927398846,9c80d7ae-2804-4b2f-83bb-544927398846::ceiling-raw::1:16:0,1,16,0,0.0,,5.24,0,1.0,,0.0,9c80d7ae-2804-4b2f-83bb-544927398846::roof-flat::flat:15,1.0,,flat_matched
9dce7b8f-036f-42bb-9645-a1b5cc17fbd1,9dce7b8f-036f-42bb-9645-a1b5cc17fbd1::ceiling-raw::0:0:0,0,0,0,0.0,,10.897,0,1.0,,0.0,9dce7b8f-036f-42bb-9645-a1b5cc17fbd1::roof-flat::flat:8,1.0,,flat_matched
9dce7b8f-036f-42bb-9645-a1b5cc17fbd1,9dce7b8f-036f-42bb-9645-a1b5cc17fbd1::ceiling-raw::0:1:0,0,1,0,0.0,,8.499,0,1.0,,0.0,9dce7b8f-036f-42bb-9645-a1b5cc17fbd1::roof-flat::flat:8,1.0,,flat_matched
9dce7b8f-036f-42bb-9645-a1b5cc17fbd1,9dce7b8f-036f-42bb-9645-a1b5cc17fbd1::ceiling-raw::0:2:0,0,2,0,0.0,,7.021,0,1.0,,0.0,9dce7b8f-036f-42bb-9645-a1b5cc17fbd1::roof-flat::flat:8,1.0,,flat_matched
9dce7b8f-036f-42bb-9645-a1b5cc17fbd1,9dce7b8f-036f-42bb-9645-a1b5cc17fbd1::ceiling-raw::0:3:0,0,3,0,0.0,,7.679,0,1.0,,0.0,9dce7b8f-036f-42bb-9645-a1b5cc17fbd1::roof-flat::flat:8,1.0,,flat_matched
9dce7b8f-036f-42bb-9645-a1b5cc17fbd1,9dce7b8f-036f-42bb-9645-a1b5cc17fbd1::ceiling-raw::0:4:0,0,4,0,0.0,,6.958,0,1.0,,0.0,9dce7b8f-036f-42bb-9645-a1b5cc17fbd1::roof-flat::flat:8,1.0,,flat_matched
9dce7b8f-036f-42bb-9645-a1b5cc17fbd1,9dce7b8f-036f-42bb-9645-a1b5cc17fbd1::ceiling-raw::0:5:0,0,5,0,0.0,,31.636,0.003,1.0,9dce7b8f-036f-42bb-9645-a1b5cc17fbd1::roof-oblique::oblique:0,0.003,9dce7b8f-036f-42bb-9645-a1b5cc17fbd1::roof-flat::flat:8,1.0,0.91,flat_matched
9dce7b8f-036f-42bb-9645-a1b5cc17fbd1,9dce7b8f-036f-42bb-9645-a1b5cc17fbd1::ceiling-raw::0:6:0,0,6,0,0.0,,15.388,0,1.0,,0.0,9dce7b8f-036f-42bb-9645-a1b5cc17fbd1::roof-flat::flat:8,1.0,,flat_matched
9dce7b8f-036f-42bb-9645-a1b5cc17fbd1,9dce7b8f-036f-42bb-9645-a1b5cc17fbd1::ceiling-raw::0:7:0,0,7,0,0.0,,7.512,0,1.0,,0.0,9dce7b8f-036f-42bb-9645-a1b5cc17fbd1::roof-flat::flat:8,1.0,,flat_matched
9dce7b8f-036f-42bb-9645-a1b5cc17fbd1,9dce7b8f-036f-42bb-9645-a1b5cc17fbd1::ceiling-raw::0:8:0,0,8,0,0.0,,5.402,0.292,1.0,9dce7b8f-036f-42bb-9645-a1b5cc17fbd1::roof-oblique::oblique:0,0.292,9dce7b8f-036f-42bb-9645-a1b5cc17fbd1::roof-flat::flat:8,1.0,0.91,flat_matched
9dce7b8f-036f-42bb-9645-a1b5cc17fbd1,9dce7b8f-036f-42bb-9645-a1b5cc17fbd1::ceiling-raw::0:8:1,0,8,1,24.17,83.71,0.191,1.0,0.022,9dce7b8f-036f-42bb-9645-a1b5cc17fbd1::roof-oblique::oblique:0,1.0,9dce7b8f-036f-42bb-9645-a1b5cc17fbd1::roof-flat::flat:8,0.022,1.0,oblique_matched
9dce7b8f-036f-42bb-9645-a1b5cc17fbd1,9dce7b8f-036f-42bb-9645-a1b5cc17fbd1::ceiling-raw::0:8:2,0,8,2,24.81,83.77,5.273,1.0,0.204,9dce7b8f-036f-42bb-9645-a1b5cc17fbd1::roof-oblique::oblique:0,1.0,9dce7b8f-036f-42bb-9645-a1b5cc17fbd1::roof-flat::flat:8,0.204,1.0,oblique_matched
9dce7b8f-036f-42bb-9645-a1b5cc17fbd1,9dce7b8f-036f-42bb-9645-a1b5cc17fbd1::ceiling-raw::0:8:3,0,8,3,25.77,100.76,0.188,1.0,0.261,9dce7b8f-036f-42bb-9645-a1b5cc17fbd1::roof-oblique::oblique:0,1.0,9dce7b8f-036f-42bb-9645-a1b5cc17fbd1::roof-flat::flat:8,0.261,0.992,oblique_matched
9dce7b8f-036f-42bb-9645-a1b5cc17fbd1,9dce7b8f-036f-42bb-9645-a1b5cc17fbd1::ceiling-raw::0:8:4,0,8,4,0.0,,5.355,0,1.0,,0.0,9dce7b8f-036f-42bb-9645-a1b5cc17fbd1::roof-flat::flat:8,1.0,,flat_matched
9dce7b8f-036f-42bb-9645-a1b5cc17fbd1,9dce7b8f-036f-42bb-9645-a1b5cc17fbd1::ceiling-raw::0:8:5,0,8,5,16.25,173.8,0.065,0,1.0,,0.0,9dce7b8f-036f-42bb-9645-a1b5cc17fbd1::roof-flat::flat:8,1.0,,oblique_covered_by_flat
9dce7b8f-036f-42bb-9645-a1b5cc17fbd1,9dce7b8f-036f-42bb-9645-a1b5cc17fbd1::ceiling-raw::0:8:6,0,8,6,56.94,263.23,0.126,0,1.0,,0.0,9dce7b8f-036f-42bb-9645-a1b5cc17fbd1::roof-flat::flat:8,1.0,,oblique_covered_by_flat
a085ad69-b4d4-4296-bc5e-731a0cceec5e,a085ad69-b4d4-4296-bc5e-731a0cceec5e::ceiling-raw::0:0:0,0,0,0,0.0,,6.799,0,1.0,,0.0,a085ad69-b4d4-4296-bc5e-731a0cceec5e::roof-flat::flat:10,1.0,,flat_matched
a085ad69-b4d4-4296-bc5e-731a0cceec5e,a085ad69-b4d4-4296-bc5e-731a0cceec5e::ceiling-raw::0:1:0,0,1,0,0.0,,10.484,0,1.0,,0.0,a085ad69-b4d4-4296-bc5e-731a0cceec5e::roof-flat::flat:10,1.0,,flat_matched
a085ad69-b4d4-4296-bc5e-731a0cceec5e,a085ad69-b4d4-4296-bc5e-731a0cceec5e::ceiling-raw::0:2:0,0,2,0,0.0,,11.524,0,1.0,,0.0,a085ad69-b4d4-4296-bc5e-731a0cceec5e::roof-flat::flat:10,1.0,,flat_matched
a085ad69-b4d4-4296-bc5e-731a0cceec5e,a085ad69-b4d4-4296-bc5e-731a0cceec5e::ceiling-raw::0:3:0,0,3,0,0.0,,8.214,0,1.0,,0.0,a085ad69-b4d4-4296-bc5e-731a0cceec5e::roof-flat::flat:3,1.0,,flat_matched
a085ad69-b4d4-4296-bc5e-731a0cceec5e,a085ad69-b4d4-4296-bc5e-731a0cceec5e::ceiling-raw::0:4:0,0,4,0,0.0,,4.529,0,1.0,,0.0,a085ad69-b4d4-4296-bc5e-731a0cceec5e::roof-flat::flat:10,1.0,,flat_matched
a085ad69-b4d4-4296-bc5e-731a0cceec5e,a085ad69-b4d4-4296-bc5e-731a0cceec5e::ceiling-raw::0:5:0,0,5,0,0.0,,9.333,0,1.0,,0.0,a085ad69-b4d4-4296-bc5e-731a0cceec5e::roof-flat::flat:10,1.0,,flat_matched
a085ad69-b4d4-4296-bc5e-731a0cceec5e,a085ad69-b4d4-4296-bc5e-731a0cceec5e::ceiling-raw::0:6:0,0,6,0,0.0,,12.196,0,1.0,,0.0,a085ad69-b4d4-4296-bc5e-731a0cceec5e::roof-flat::flat:10,1.0,,flat_matched
a085ad69-b4d4-4296-bc5e-731a0cceec5e,a085ad69-b4d4-4296-bc5e-731a0cceec5e::ceiling-raw::0:7:0,0,7,0,0.0,,7.912,0,1.0,,0.0,a085ad69-b4d4-4296-bc5e-731a0cceec5e::roof-flat::flat:10,1.0,,flat_matched
a085ad69-b4d4-4296-bc5e-731a0cceec5e,a085ad69-b4d4-4296-bc5e-731a0cceec5e::ceiling-raw::0:8:0,0,8,0,0.0,,2.106,0,1.0,,0.0,a085ad69-b4d4-4296-bc5e-731a0cceec5e::roof-flat::flat:10,1.0,,flat_matched
a085ad69-b4d4-4296-bc5e-731a0cceec5e,a085ad69-b4d4-4296-bc5e-731a0cceec5e::ceiling-raw::0:9:0,0,9,0,0.0,,41.907,0,1.0,,0.0,a085ad69-b4d4-4296-bc5e-731a0cceec5e::roof-flat::flat:10,1.0,,flat_matched
a085ad69-b4d4-4296-bc5e-731a0cceec5e,a085ad69-b4d4-4296-bc5e-731a0cceec5e::ceiling-raw::0:10:0,0,10,0,1.27,57.82,29.368,0,1.0,,0.0,a085ad69-b4d4-4296-bc5e-731a0cceec5e::roof-flat::flat:10,1.0,,flat_matched
a1ac389f-7406-4ddf-a270-d9a5e72dbf51,a1ac389f-7406-4ddf-a270-d9a5e72dbf51::ceiling-raw::2:2:0,2,2,0,0.0,,0.473,0.479,1.0,a1ac389f-7406-4ddf-a270-d9a5e72dbf51::roof-oblique::oblique:0,0.479,a1ac389f-7406-4ddf-a270-d9a5e72dbf51::roof-flat::flat:6,1.0,0.578,flat_matched
a1ac389f-7406-4ddf-a270-d9a5e72dbf51,a1ac389f-7406-4ddf-a270-d9a5e72dbf51::ceiling-raw::2:2:1,2,2,1,37.38,187.16,0.204,0.729,1.0,a1ac389f-7406-4ddf-a270-d9a5e72dbf51::roof-oblique::oblique:0,0.729,a1ac389f-7406-4ddf-a270-d9a5e72dbf51::roof-flat::flat:0,1.0,0.955,oblique_matched
a1ac389f-7406-4ddf-a270-d9a5e72dbf51,a1ac389f-7406-4ddf-a270-d9a5e72dbf51::ceiling-raw::2:2:2,2,2,2,44.03,111.3,0.659,0.23,1.0,a1ac389f-7406-4ddf-a270-d9a5e72dbf51::roof-oblique::oblique:0,0.23,a1ac389f-7406-4ddf-a270-d9a5e72dbf51::roof-flat::flat:6,1.0,0.554,oblique_covered_by_flat
a1ac389f-7406-4ddf-a270-d9a5e72dbf51,a1ac389f-7406-4ddf-a270-d9a5e72dbf51::ceiling-raw::2:2:3,2,2,3,62.12,7.15,0.24,0.729,1.0,a1ac389f-7406-4ddf-a270-d9a5e72dbf51::roof-oblique::oblique:0,0.729,a1ac389f-7406-4ddf-a270-d9a5e72dbf51::roof-flat::flat:6,1.0,0.451,oblique_wrong_orientation
a1ac389f-7406-4ddf-a270-d9a5e72dbf51,a1ac389f-7406-4ddf-a270-d9a5e72dbf51::ceiling-raw::2:2:4,2,2,4,65.28,200.58,0.215,0.729,1.0,a1ac389f-7406-4ddf-a270-d9a5e72dbf51::roof-oblique::oblique:0,0.729,a1ac389f-7406-4ddf-a270-d9a5e72dbf51::roof-flat::flat:0,1.0,0.963,oblique_matched
a1ac389f-7406-4ddf-a270-d9a5e72dbf51,a1ac389f-7406-4ddf-a270-d9a5e72dbf51::ceiling-raw::2:2:5,2,2,5,0.0,,5.544,0.423,1.0,a1ac389f-7406-4ddf-a270-d9a5e72dbf51::roof-oblique::oblique:0,0.423,a1ac389f-7406-4ddf-a270-d9a5e72dbf51::roof-flat::flat:7,1.0,0.578,flat_matched
a1ac389f-7406-4ddf-a270-d9a5e72dbf51,a1ac389f-7406-4ddf-a270-d9a5e72dbf51::ceiling-raw::2:2:6,2,2,6,13.29,187.16,4.023,1.0,1.0,a1ac389f-7406-4ddf-a270-d9a5e72dbf51::roof-oblique::oblique:0,1.0,a1ac389f-7406-4ddf-a270-d9a5e72dbf51::roof-flat::flat:0,1.0,0.75,oblique_wrong_orientation
a1ac389f-7406-4ddf-a270-d9a5e72dbf51,a1ac389f-7406-4ddf-a270-d9a5e72dbf51::ceiling-raw::2:2:7,2,2,7,37.38,187.15,0.189,1.0,1.0,a1ac389f-7406-4ddf-a270-d9a5e72dbf51::roof-oblique::oblique:0,1.0,a1ac389f-7406-4ddf-a270-d9a5e72dbf51::roof-flat::flat:0,1.0,0.955,oblique_matched
a1ac389f-7406-4ddf-a270-d9a5e72dbf51,a1ac389f-7406-4ddf-a270-d9a5e72dbf51::ceiling-raw::2:2:8,2,2,8,46.02,263.98,0.612,1.0,1.0,a1ac389f-7406-4ddf-a270-d9a5e72dbf51::roof-oblique::oblique:0,1.0,a1ac389f-7406-4ddf-a270-d9a5e72dbf51::roof-flat::flat:6,1.0,0.535,oblique_wrong_orientation
a1ac389f-7406-4ddf-a270-d9a5e72dbf51,a1ac389f-7406-4ddf-a270-d9a5e72dbf51::ceiling-raw::2:2:9,2,2,9,52.7,187.16,0.669,1.0,1.0,a1ac389f-7406-4ddf-a270-d9a5e72dbf51::roof-oblique::oblique:0,1.0,a1ac389f-7406-4ddf-a270-d9a5e72dbf51::roof-flat::flat:0,1.0,0.999,oblique_matched
a1ac389f-7406-4ddf-a270-d9a5e72dbf51,a1ac389f-7406-4ddf-a270-d9a5e72dbf51::ceiling-raw::2:2:10,2,2,10,62.12,7.16,0.223,1.0,1.0,a1ac389f-7406-4ddf-a270-d9a5e72dbf51::roof-oblique::oblique:0,1.0,a1ac389f-7406-4ddf-a270-d9a5e72dbf51::roof-flat::flat:6,1.0,0.451,oblique_wrong_orientation
a1ac389f-7406-4ddf-a270-d9a5e72dbf51,a1ac389f-7406-4ddf-a270-d9a5e72dbf51::ceiling-raw::2:2:11,2,2,11,65.38,172.76,0.2,1.0,1.0,a1ac389f-7406-4ddf-a270-d9a5e72dbf51::roof-oblique::oblique:0,1.0,a1ac389f-7406-4ddf-a270-d9a5e72dbf51::roof-flat::flat:0,1.0,0.959,oblique_matched
a1ac389f-7406-4ddf-a270-d9a5e72dbf51,a1ac389f-7406-4ddf-a270-d9a5e72dbf51::ceiling-raw::2:3:0,2,3,0,0.0,,3.091,0.013,1.0,a1ac389f-7406-4ddf-a270-d9a5e72dbf51::roof-oblique::oblique:0,0.013,a1ac389f-7406-4ddf-a270-d9a5e72dbf51::roof-flat::flat:6,1.0,0.578,flat_matched
a1ac389f-7406-4ddf-a270-d9a5e72dbf51,a1ac389f-7406-4ddf-a270-d9a5e72dbf51::ceiling-raw::1:4:0,1,4,0,0.0,,11.445,0,1.0,,0.0,a1ac389f-7406-4ddf-a270-d9a5e72dbf51::roof-flat::flat:8,1.0,,flat_matched
a1ac389f-7406-4ddf-a270-d9a5e72dbf51,a1ac389f-7406-4ddf-a270-d9a5e72dbf51::ceiling-raw::1:5:0,1,5,0,0.0,,5.518,0,1.0,,0.0,a1ac389f-7406-4ddf-a270-d9a5e72dbf51::roof-flat::flat:8,1.0,,flat_matched
a1ac389f-7406-4ddf-a270-d9a5e72dbf51,a1ac389f-7406-4ddf-a270-d9a5e72dbf51::ceiling-raw::0:9:0,0,9,0,0.0,,1.801,0,1.0,,0.0,a1ac389f-7406-4ddf-a270-d9a5e72dbf51::roof-flat::flat:10,1.0,,flat_matched
a1ac389f-7406-4ddf-a270-d9a5e72dbf51,a1ac389f-7406-4ddf-a270-d9a5e72dbf51::ceiling-raw::0:9:1,0,9,1,0.0,,11.323,0,1.0,,0.0,a1ac389f-7406-4ddf-a270-d9a5e72dbf51::roof-flat::flat:10,1.0,,flat_matched
a1ac389f-7406-4ddf-a270-d9a5e72dbf51,a1ac389f-7406-4ddf-a270-d9a5e72dbf51::ceiling-raw::0:9:2,0,9,2,0.0,,10.975,0,1.0,,0.0,a1ac389f-7406-4ddf-a270-d9a5e72dbf51::roof-flat::flat:10,1.0,,flat_matched
a317a543-06cf-4f1b-97d2-139c26c1cb13,a317a543-06cf-4f1b-97d2-139c26c1cb13::ceiling-raw::1:0:0,1,0,0,0.0,,13.779,0,1.0,,0.0,a317a543-06cf-4f1b-97d2-139c26c1cb13::roof-flat::flat:6,1.0,,flat_matched
a317a543-06cf-4f1b-97d2-139c26c1cb13,a317a543-06cf-4f1b-97d2-139c26c1cb13::ceiling-raw::1:0:2,1,0,2,0.0,,8.373,0,1.0,,0.0,a317a543-06cf-4f1b-97d2-139c26c1cb13::roof-flat::flat:6,1.0,,flat_matched
a317a543-06cf-4f1b-97d2-139c26c1cb13,a317a543-06cf-4f1b-97d2-139c26c1cb13::ceiling-raw::1:0:4,1,0,4,0.0,,5.022,0,1.0,,0.0,a317a543-06cf-4f1b-97d2-139c26c1cb13::roof-flat::flat:6,1.0,,flat_matched
a317a543-06cf-4f1b-97d2-139c26c1cb13,a317a543-06cf-4f1b-97d2-139c26c1cb13::ceiling-raw::1:0:5,1,0,5,7.23,214.75,1.833,0,1.0,,0.0,a317a543-06cf-4f1b-97d2-139c26c1cb13::roof-flat::flat:6,1.0,,oblique_covered_by_flat
a317a543-06cf-4f1b-97d2-139c26c1cb13,a317a543-06cf-4f1b-97d2-139c26c1cb13::ceiling-raw::1:1:0,1,1,0,0.0,,7.609,0,1.0,,0.0,a317a543-06cf-4f1b-97d2-139c26c1cb13::roof-flat::flat:6,1.0,,flat_matched
a317a543-06cf-4f1b-97d2-139c26c1cb13,a317a543-06cf-4f1b-97d2-139c26c1cb13::ceiling-raw::1:2:0,1,2,0,0.0,,5.188,0,1.0,,0.0,a317a543-06cf-4f1b-97d2-139c26c1cb13::roof-flat::flat:6,1.0,,flat_matched
a317a543-06cf-4f1b-97d2-139c26c1cb13,a317a543-06cf-4f1b-97d2-139c26c1cb13::ceiling-raw::1:3:0,1,3,0,0.0,,49.11,0,1.0,,0.0,a317a543-06cf-4f1b-97d2-139c26c1cb13::roof-flat::flat:6,1.0,,flat_matched
a317a543-06cf-4f1b-97d2-139c26c1cb13,a317a543-06cf-4f1b-97d2-139c26c1cb13::ceiling-raw::1:4:0,1,4,0,0.45,327.12,29.606,0,1.0,,0.0,a317a543-06cf-4f1b-97d2-139c26c1cb13::roof-flat::flat:6,1.0,,flat_matched
a317a543-06cf-4f1b-97d2-139c26c1cb13,a317a543-06cf-4f1b-97d2-139c26c1cb13::ceiling-raw::1:4:1,1,4,1,0.62,67.06,14.842,0,1.0,,0.0,a317a543-06cf-4f1b-97d2-139c26c1cb13::roof-flat::flat:6,1.0,,flat_matched
a317a543-06cf-4f1b-97d2-139c26c1cb13,a317a543-06cf-4f1b-97d2-139c26c1cb13::ceiling-raw::1:4:2,1,4,2,0.0,,25.746,0,1.0,,0.0,a317a543-06cf-4f1b-97d2-139c26c1cb13::roof-flat::flat:6,1.0,,flat_matched
a317a543-06cf-4f1b-97d2-139c26c1cb13,a317a543-06cf-4f1b-97d2-139c26c1cb13::ceiling-raw::1:4:3,1,4,3,6.06,217.2,3.722,0,1.0,,0.0,a317a543-06cf-4f1b-97d2-139c26c1cb13::roof-flat::flat:6,1.0,,oblique_covered_by_flat
a317a543-06cf-4f1b-97d2-139c26c1cb13,a317a543-06cf-4f1b-97d2-139c26c1cb13::ceiling-raw::1:4:4,1,4,4,6.93,331.76,3.735,0,1.0,,0.0,a317a543-06cf-4f1b-97d2-139c26c1cb13::roof-flat::flat:6,1.0,,oblique_covered_by_flat
a317a543-06cf-4f1b-97d2-139c26c1cb13,a317a543-06cf-4f1b-97d2-139c26c1cb13::ceiling-raw::1:4:5,1,4,5,12.39,34.58,2.206,0,1.0,,0.0,a317a543-06cf-4f1b-97d2-139c26c1cb13::roof-flat::flat:6,1.0,,oblique_covered_by_flat
a317a543-06cf-4f1b-97d2-139c26c1cb13,a317a543-06cf-4f1b-97d2-139c26c1cb13::ceiling-raw::1:4:6,1,4,6,14.37,216.82,2.186,0,1.0,,0.0,a317a543-06cf-4f1b-97d2-139c26c1cb13::roof-flat::flat:6,1.0,,oblique_covered_by_flat
a317a543-06cf-4f1b-97d2-139c26c1cb13,a317a543-06cf-4f1b-97d2-139c26c1cb13::ceiling-raw::1:5:0,1,5,0,0.0,,8.688,0,1.0,,0.0,a317a543-06cf-4f1b-97d2-139c26c1cb13::roof-flat::flat:6,1.0,,flat_matched
a317a543-06cf-4f1b-97d2-139c26c1cb13,a317a543-06cf-4f1b-97d2-139c26c1cb13::ceiling-raw::1:5:1,1,5,1,42.81,214.53,0.11,0,1.0,,0.0,a317a543-06cf-4f1b-97d2-139c26c1cb13::roof-flat::flat:3,1.0,,oblique_covered_by_flat
a317a543-06cf-4f1b-97d2-139c26c1cb13,a317a543-06cf-4f1b-97d2-139c26c1cb13::ceiling-raw::1:5:2,1,5,2,45.13,304.19,0.11,0,1.0,,0.0,a317a543-06cf-4f1b-97d2-139c26c1cb13::roof-flat::flat:3,1.0,,oblique_covered_by_flat
a317a543-06cf-4f1b-97d2-139c26c1cb13,a317a543-06cf-4f1b-97d2-139c26c1cb13::ceiling-raw::1:5:3,1,5,3,46.29,308.13,0.627,0,1.0,,0.0,a317a543-06cf-4f1b-97d2-139c26c1cb13::roof-flat::flat:8,1.0,,oblique_covered_by_flat
a317a543-06cf-4f1b-97d2-139c26c1cb13,a317a543-06cf-4f1b-97d2-139c26c1cb13::ceiling-raw::1:5:4,1,5,4,46.62,313.9,0.562,0,1.0,,0.0,a317a543-06cf-4f1b-97d2-139c26c1cb13::roof-flat::flat:3,1.0,,oblique_covered_by_flat
a317a543-06cf-4f1b-97d2-139c26c1cb13,a317a543-06cf-4f1b-97d2-139c26c1cb13::ceiling-raw::1:5:5,1,5,5,58.36,304.52,0.24,0,1.0,,0.0,a317a543-06cf-4f1b-97d2-139c26c1cb13::roof-flat::flat:6,1.0,,oblique_covered_by_flat
a317a543-06cf-4f1b-97d2-139c26c1cb13,a317a543-06cf-4f1b-97d2-139c26c1cb13::ceiling-raw::1:5:6,1,5,6,58.51,310.59,0.627,0,1.0,,0.0,a317a543-06cf-4f1b-97d2-139c26c1cb13::roof-flat::flat:6,1.0,,oblique_covered_by_flat
a317a543-06cf-4f1b-97d2-139c26c1cb13,a317a543-06cf-4f1b-97d2-139c26c1cb13::ceiling-raw::1:5:7,1,5,7,66.27,260.05,0.118,0,1.0,,0.0,a317a543-06cf-4f1b-97d2-139c26c1cb13::roof-flat::flat:6,1.0,,oblique_covered_by_flat
a317a543-06cf-4f1b-97d2-139c26c1cb13,a317a543-06cf-4f1b-97d2-139c26c1cb13::ceiling-raw::2:8:0,2,8,0,0.0,,28.168,0.538,1.0,a317a543-06cf-4f1b-97d2-139c26c1cb13::roof-oblique::oblique:1,0.459,a317a543-06cf-4f1b-97d2-139c26c1cb13::roof-flat::flat:9,1.0,0.653,flat_matched
a317a543-06cf-4f1b-97d2-139c26c1cb13,a317a543-06cf-4f1b-97d2-139c26c1cb13::ceiling-raw::2:8:1,2,8,1,23.96,238.65,0.466,0,1.0,,0.0,a317a543-06cf-4f1b-97d2-139c26c1cb13::roof-flat::flat:9,1.0,,oblique_covered_by_flat
a317a543-06cf-4f1b-97d2-139c26c1cb13,a317a543-06cf-4f1b-97d2-139c26c1cb13::ceiling-raw::2:8:2,2,8,2,36.19,214.7,0.225,0,1.0,,0.0,a317a543-06cf-4f1b-97d2-139c26c1cb13::roof-flat::flat:9,1.0,,oblique_covered_by_flat
a317a543-06cf-4f1b-97d2-139c26c1cb13,a317a543-06cf-4f1b-97d2-139c26c1cb13::ceiling-raw::2:8:3,2,8,3,38.95,283.83,0.134,0,1.0,,0.0,a317a543-06cf-4f1b-97d2-139c26c1cb13::roof-flat::flat:9,1.0,,oblique_covered_by_flat
a317a543-06cf-4f1b-97d2-139c26c1cb13,a317a543-06cf-4f1b-97d2-139c26c1cb13::ceiling-raw::2:8:4,2,8,4,40.39,34.7,1.761,0.587,1.0,a317a543-06cf-4f1b-97d2-139c26c1cb13::roof-oblique::oblique:0,0.587,a317a543-06cf-4f1b-97d2-139c26c1cb13::roof-flat::flat:9,1.0,0.991,oblique_matched
a317a543-06cf-4f1b-97d2-139c26c1cb13,a317a543-06cf-4f1b-97d2-139c26c1cb13::ceiling-raw::2:8:5,2,8,5,47.74,289.52,0.209,0,1.0,,0.0,a317a543-06cf-4f1b-97d2-139c26c1cb13::roof-flat::flat:9,1.0,,oblique_covered_by_flat
a317a543-06cf-4f1b-97d2-139c26c1cb13,a317a543-06cf-4f1b-97d2-139c26c1cb13::ceiling-raw::2:8:6,2,8,6,48.06,34.7,1.761,0.945,1.0,a317a543-06cf-4f1b-97d2-139c26c1cb13::roof-oblique::oblique:0,0.945,a317a543-06cf-4f1b-97d2-139c26c1cb13::roof-flat::flat:9,1.0,1.0,oblique_matched
a317a543-06cf-4f1b-97d2-139c26c1cb13,a317a543-06cf-4f1b-97d2-139c26c1cb13::ceiling-raw::2:8:7,2,8,7,48.6,256.46,0.226,0,1.0,,0.0,a317a543-06cf-4f1b-97d2-139c26c1cb13::roof-flat::flat:9,1.0,,oblique_covered_by_flat
a317a543-06cf-4f1b-97d2-139c26c1cb13,a317a543-06cf-4f1b-97d2-139c26c1cb13::ceiling-raw::2:8:8,2,8,8,49.34,214.7,3.599,1.0,1.0,a317a543-06cf-4f1b-97d2-139c26c1cb13::roof-oblique::oblique:1,1.0,a317a543-06cf-4f1b-97d2-139c26c1cb13::roof-flat::flat:9,1.0,1.0,oblique_matched
a317a543-06cf-4f1b-97d2-139c26c1cb13,a317a543-06cf-4f1b-97d2-139c26c1cb13::ceiling-raw::2:8:9,2,8,9,51.33,26.41,0.276,0,1.0,,0.0,a317a543-06cf-4f1b-97d2-139c26c1cb13::roof-flat::flat:9,1.0,,oblique_covered_by_flat
a317a543-06cf-4f1b-97d2-139c26c1cb13,a317a543-06cf-4f1b-97d2-139c26c1cb13::ceiling-raw::2:8:10,2,8,10,55.99,339.74,0.635,0,1.0,,0.0,a317a543-06cf-4f1b-97d2-139c26c1cb13::roof-flat::flat:9,1.0,,oblique_covered_by_flat
a317a543-06cf-4f1b-97d2-139c26c1cb13,a317a543-06cf-4f1b-97d2-139c26c1cb13::ceiling-raw::2:8:11,2,8,11,60.01,350.24,0.134,0,1.0,,0.0,a317a543-06cf-4f1b-97d2-139c26c1cb13::roof-flat::flat:9,1.0,,oblique_covered_by_flat
a317a543-06cf-4f1b-97d2-139c26c1cb13,a317a543-06cf-4f1b-97d2-139c26c1cb13::ceiling-raw::2:8:12,2,8,12,64.08,270.25,0.649,1.0,1.0,a317a543-06cf-4f1b-97d2-139c26c1cb13::roof-oblique::oblique:1,1.0,a317a543-06cf-4f1b-97d2-139c26c1cb13::roof-flat::flat:9,1.0,0.67,oblique_wrong_orientation
a317a543-06cf-4f1b-97d2-139c26c1cb13,a317a543-06cf-4f1b-97d2-139c26c1cb13::ceiling-raw::2:9:0,2,9,0,0.0,,11.943,1.0,1.0,a317a543-06cf-4f1b-97d2-139c26c1cb13::roof-oblique::oblique:0,0.656,a317a543-06cf-4f1b-97d2-139c26c1cb13::roof-flat::flat:9,1.0,0.667,flat_matched
a317a543-06cf-4f1b-97d2-139c26c1cb13,a317a543-06cf-4f1b-97d2-139c26c1cb13::ceiling-raw::2:9:1,2,9,1,18.21,124.7,3.306,1.0,1.0,a317a543-06cf-4f1b-97d2-139c26c1cb13::roof-oblique::oblique:0,1.0,a317a543-06cf-4f1b-97d2-139c26c1cb13::roof-flat::flat:9,1.0,0.633,oblique_wrong_orientation
a317a543-06cf-4f1b-97d2-139c26c1cb13,a317a543-06cf-4f1b-97d2-139c26c1cb13::ceiling-raw::2:9:2,2,9,2,48.6,34.7,3.306,1.0,1.0,a317a543-06cf-4f1b-97d2-139c26c1cb13::roof-oblique::oblique:0,1.0,a317a543-06cf-4f1b-97d2-139c26c1cb13::roof-flat::flat:9,1.0,1.0,oblique_matched
a317a543-06cf-4f1b-97d2-139c26c1cb13,a317a543-06cf-4f1b-97d2-139c26c1cb13::ceiling-raw::2:10:0,2,10,0,0.0,,15.004,1.0,1.0,a317a543-06cf-4f1b-97d2-139c26c1cb13::roof-oblique::oblique:1,0.742,a317a543-06cf-4f1b-97d2-139c26c1cb13::roof-flat::flat:9,1.0,0.653,flat_matched
a317a543-06cf-4f1b-97d2-139c26c1cb13,a317a543-06cf-4f1b-97d2-139c26c1cb13::ceiling-raw::2:10:1,2,10,1,50.79,214.74,0.665,1.0,1.0,a317a543-06cf-4f1b-97d2-139c26c1cb13::roof-oblique::oblique:1,1.0,a317a543-06cf-4f1b-97d2-139c26c1cb13::roof-flat::flat:9,1.0,1.0,oblique_matched
a317a543-06cf-4f1b-97d2-139c26c1cb13,a317a543-06cf-4f1b-97d2-139c26c1cb13::ceiling-raw::2:10:2,2,10,2,58.2,124.74,0.668,1.0,1.0,a317a543-06cf-4f1b-97d2-139c26c1cb13::roof-oblique::oblique:1,1.0,a317a543-06cf-4f1b-97d2-139c26c1cb13::roof-flat::flat:9,1.0,0.345,oblique_wrong_orientation
a317a543-06cf-4f1b-97d2-139c26c1cb13,a317a543-06cf-4f1b-97d2-139c26c1cb13::ceiling-raw::2:10:3,2,10,3,0.0,,21.59,0.982,1.0,a317a543-06cf-4f1b-97d2-139c26c1cb13::roof-oblique::oblique:0,0.535,a317a543-06cf-4f1b-97d2-139c26c1cb13::roof-flat::flat:9,1.0,0.667,flat_matched
a317a543-06cf-4f1b-97d2-139c26c1cb13,a317a543-06cf-4f1b-97d2-139c26c1cb13::ceiling-raw::2:10:4,2,10,4,15.1,124.74,3.103,1.0,1.0,a317a543-06cf-4f1b-97d2-139c26c1cb13::roof-oblique::oblique:0,1.0,a317a543-06cf-4f1b-97d2-139c26c1cb13::roof-flat::flat:9,1.0,0.644,oblique_wrong_orientation
a317a543-06cf-4f1b-97d2-139c26c1cb13,a317a543-06cf-4f1b-97d2-139c26c1cb13::ceiling-raw::2:10:5,2,10,5,17.11,34.62,1.901,0.257,1.0,a317a543-06cf-4f1b-97d2-139c26c1cb13::roof-oblique::oblique:0,0.257,a317a543-06cf-4f1b-97d2-139c26c1cb13::roof-flat::flat:9,1.0,0.857,oblique_covered_by_flat
a317a543-06cf-4f1b-97d2-139c26c1cb13,a317a543-06cf-4f1b-97d2-139c26c1cb13::ceiling-raw::2:10:6,2,10,6,41.96,265.73,0.968,0.873,1.0,a317a543-06cf-4f1b-97d2-139c26c1cb13::roof-oblique::oblique:0,0.873,a317a543-06cf-4f1b-97d2-139c26c1cb13::roof-flat::flat:9,1.0,0.183,oblique_wrong_orientation
a317a543-06cf-4f1b-97d2-139c26c1cb13,a317a543-06cf-4f1b-97d2-139c26c1cb13::ceiling-raw::2:10:7,2,10,7,45.08,34.66,1.234,1.0,0.975,a317a543-06cf-4f1b-97d2-139c26c1cb13::roof-oblique::oblique:0,1.0,a317a543-06cf-4f1b-97d2-139c26c1cb13::roof-flat::flat:9,0.975,0.999,oblique_matched
a317a543-06cf-4f1b-97d2-139c26c1cb13,a317a543-06cf-4f1b-97d2-139c26c1cb13::ceiling-raw::2:10:8,2,10,8,45.99,34.74,3.104,1.0,1.0,a317a543-06cf-4f1b-97d2-139c26c1cb13::roof-oblique::oblique:0,1.0,a317a543-06cf-4f1b-97d2-139c26c1cb13::roof-flat::flat:9,1.0,0.999,oblique_matched
a317a543-06cf-4f1b-97d2-139c26c1cb13,a317a543-06cf-4f1b-97d2-139c26c1cb13::ceiling-raw::2:10:9,2,10,9,46.94,49.34,0.725,1.0,1.0,a317a543-06cf-4f1b-97d2-139c26c1cb13::roof-oblique::oblique:0,1.0,a317a543-06cf-4f1b-97d2-139c26c1cb13::roof-flat::flat:9,1.0,0.982,oblique_matched
a317a543-06cf-4f1b-97d2-139c26c1cb13,a317a543-06cf-4f1b-97d2-139c26c1cb13::ceiling-raw::2:10:10,2,10,10,49.48,297.6,0.512,0.415,0.87,a317a543-06cf-4f1b-97d2-139c26c1cb13::roof-oblique::oblique:0,0.415,a317a543-06cf-4f1b-97d2-139c26c1cb13::roof-flat::flat:9,0.87,0.363,oblique_covered_by_flat
a317a543-06cf-4f1b-97d2-139c26c1cb13,a317a543-06cf-4f1b-97d2-139c26c1cb13::ceiling-raw::2:10:11,2,10,11,50.77,214.56,16.532,1.0,1.0,a317a543-06cf-4f1b-97d2-139c26c1cb13::roof-oblique::oblique:1,1.0,a317a543-06cf-4f1b-97d2-139c26c1cb13::roof-flat::flat:9,1.0,1.0,oblique_matched
a317a543-06cf-4f1b-97d2-139c26c1cb13,a317a543-06cf-4f1b-97d2-139c26c1cb13::ceiling-raw::2:10:12,2,10,12,50.7,359.86,1.161,1.0,1.0,a317a543-06cf-4f1b-97d2-139c26c1cb13::roof-oblique::oblique:0,1.0,a317a543-06cf-4f1b-97d2-139c26c1cb13::roof-flat::flat:9,1.0,0.896,oblique_matched
a317a543-06cf-4f1b-97d2-139c26c1cb13,a317a543-06cf-4f1b-97d2-139c26c1cb13::ceiling-raw::2:10:13,2,10,13,52.48,304.69,1.047,1.0,0.985,a317a543-06cf-4f1b-97d2-139c26c1cb13::roof-oblique::oblique:0,1.0,a317a543-06cf-4f1b-97d2-139c26c1cb13::roof-flat::flat:9,0.985,0.406,oblique_wrong_orientation
a317a543-06cf-4f1b-97d2-139c26c1cb13,a317a543-06cf-4f1b-97d2-139c26c1cb13::ceiling-raw::2:10:14,2,10,14,60.42,42.12,2.602,0.825,1.0,a317a543-06cf-4f1b-97d2-139c26c1cb13::roof-oblique::oblique:0,0.825,a317a543-06cf-4f1b-97d2-139c26c1cb13::roof-flat::flat:9,1.0,0.972,oblique_matched
a317a543-06cf-4f1b-97d2-139c26c1cb13,a317a543-06cf-4f1b-97d2-139c26c1cb13::ceiling-raw::2:10:15,2,10,15,63.05,64.94,0.973,0.417,1.0,a317a543-06cf-4f1b-97d2-139c26c1cb13::roof-oblique::oblique:0,0.417,a317a543-06cf-4f1b-97d2-139c26c1cb13::roof-flat::flat:9,1.0,0.876,oblique_covered_by_flat
a317a543-06cf-4f1b-97d2-139c26c1cb13,a317a543-06cf-4f1b-97d2-139c26c1cb13::ceiling-raw::2:11:0,2,11,0,0.0,,3.027,1.0,1.0,a317a543-06cf-4f1b-97d2-139c26c1cb13::roof-oblique::oblique:0,1.0,a317a543-06cf-4f1b-97d2-139c26c1cb13::roof-flat::flat:9,1.0,0.667,flat_matched
a3997c27-0367-483e-a462-64847105997d,a3997c27-0367-483e-a462-64847105997d::ceiling-raw::0:0:0,0,0,0,0.0,,15.085,0,1.0,,0.0,a3997c27-0367-483e-a462-64847105997d::roof-flat::flat:11,1.0,,flat_matched
a3997c27-0367-483e-a462-64847105997d,a3997c27-0367-483e-a462-64847105997d::ceiling-raw::0:1:0,0,1,0,0.0,,4.792,0,1.0,,0.0,a3997c27-0367-483e-a462-64847105997d::roof-flat::flat:11,1.0,,flat_matched
a3997c27-0367-483e-a462-64847105997d,a3997c27-0367-483e-a462-64847105997d::ceiling-raw::0:2:0,0,2,0,0.0,,7.158,0,1.0,,0.0,a3997c27-0367-483e-a462-64847105997d::roof-flat::flat:11,1.0,,flat_matched
a3997c27-0367-483e-a462-64847105997d,a3997c27-0367-483e-a462-64847105997d::ceiling-raw::0:3:0,0,3,0,0.0,,35.365,0,1.0,,0.0,a3997c27-0367-483e-a462-64847105997d::roof-flat::flat:11,1.0,,flat_matched
a3997c27-0367-483e-a462-64847105997d,a3997c27-0367-483e-a462-64847105997d::ceiling-raw::0:4:0,0,4,0,0.0,,23.471,0,1.0,,0.0,a3997c27-0367-483e-a462-64847105997d::roof-flat::flat:11,1.0,,flat_matched
a3997c27-0367-483e-a462-64847105997d,a3997c27-0367-483e-a462-64847105997d::ceiling-raw::0:5:0,0,5,0,0.0,,8.871,0,1.0,,0.0,a3997c27-0367-483e-a462-64847105997d::roof-flat::flat:11,1.0,,flat_matched
a3997c27-0367-483e-a462-64847105997d,a3997c27-0367-483e-a462-64847105997d::ceiling-raw::0:6:0,0,6,0,0.0,,9.006,0,1.0,,0.0,a3997c27-0367-483e-a462-64847105997d::roof-flat::flat:11,1.0,,flat_matched
a3997c27-0367-483e-a462-64847105997d,a3997c27-0367-483e-a462-64847105997d::ceiling-raw::0:7:0,0,7,0,0.0,,3.864,0,1.0,,0.0,a3997c27-0367-483e-a462-64847105997d::roof-flat::flat:11,1.0,,flat_matched
a3997c27-0367-483e-a462-64847105997d,a3997c27-0367-483e-a462-64847105997d::ceiling-raw::0:8:0,0,8,0,0.0,,8.626,0,1.0,,0.0,a3997c27-0367-483e-a462-64847105997d::roof-flat::flat:11,1.0,,flat_matched
a3997c27-0367-483e-a462-64847105997d,a3997c27-0367-483e-a462-64847105997d::ceiling-raw::0:9:0,0,9,0,0.0,,4.532,0,1.0,,0.0,a3997c27-0367-483e-a462-64847105997d::roof-flat::flat:10,1.0,,flat_matched
a3997c27-0367-483e-a462-64847105997d,a3997c27-0367-483e-a462-64847105997d::ceiling-raw::0:10:0,0,10,0,0.0,,10.178,0,1.0,,0.0,a3997c27-0367-483e-a462-64847105997d::roof-flat::flat:11,1.0,,flat_matched
a430ffa9-a314-4352-8b54-dfbd04634861,a430ffa9-a314-4352-8b54-dfbd04634861::ceiling-raw::1:0:0,1,0,0,0.98,149.56,17.982,0.63,1.0,a430ffa9-a314-4352-8b54-dfbd04634861::roof-oblique::oblique:0,0.63,a430ffa9-a314-4352-8b54-dfbd04634861::roof-flat::flat:4,1.0,0.794,flat_matched
a430ffa9-a314-4352-8b54-dfbd04634861,a430ffa9-a314-4352-8b54-dfbd04634861::ceiling-raw::1:0:1,1,0,1,30.05,104.96,0.845,1.0,1.0,a430ffa9-a314-4352-8b54-dfbd04634861::roof-oblique::oblique:0,1.0,a430ffa9-a314-4352-8b54-dfbd04634861::roof-flat::flat:3,1.0,0.987,oblique_matched
a430ffa9-a314-4352-8b54-dfbd04634861,a430ffa9-a314-4352-8b54-dfbd04634861::ceiling-raw::1:0:2,1,0,2,39.41,113.57,2.876,0.0,1.0,a430ffa9-a314-4352-8b54-dfbd04634861::roof-oblique::oblique:0,0.0,a430ffa9-a314-4352-8b54-dfbd04634861::roof-flat::flat:4,1.0,1.0,oblique_covered_by_flat
a430ffa9-a314-4352-8b54-dfbd04634861,a430ffa9-a314-4352-8b54-dfbd04634861::ceiling-raw::1:0:3,1,0,3,43.4,112.97,0.994,1.0,1.0,a430ffa9-a314-4352-8b54-dfbd04634861::roof-oblique::oblique:0,1.0,a430ffa9-a314-4352-8b54-dfbd04634861::roof-flat::flat:3,1.0,0.996,oblique_matched
a430ffa9-a314-4352-8b54-dfbd04634861,a430ffa9-a314-4352-8b54-dfbd04634861::ceiling-raw::1:0:7,1,0,7,0.0,,3.063,0,1.0,,0.0,a430ffa9-a314-4352-8b54-dfbd04634861::roof-flat::flat:4,1.0,,flat_matched
a430ffa9-a314-4352-8b54-dfbd04634861,a430ffa9-a314-4352-8b54-dfbd04634861::ceiling-raw::1:1:0,1,1,0,0.0,,6.294,0.911,1.0,a430ffa9-a314-4352-8b54-dfbd04634861::roof-oblique::oblique:1,0.911,a430ffa9-a314-4352-8b54-dfbd04634861::roof-flat::flat:4,1.0,0.734,flat_matched
a430ffa9-a314-4352-8b54-dfbd04634861,a430ffa9-a314-4352-8b54-dfbd04634861::ceiling-raw::1:1:1,1,1,1,43.26,293.14,2.833,0.999,1.0,a430ffa9-a314-4352-8b54-dfbd04634861::roof-oblique::oblique:1,0.999,a430ffa9-a314-4352-8b54-dfbd04634861::roof-flat::flat:4,1.0,1.0,oblique_matched
a430ffa9-a314-4352-8b54-dfbd04634861,a430ffa9-a314-4352-8b54-dfbd04634861::ceiling-raw::1:2:0,1,2,0,0.0,,14.316,0.995,1.0,a430ffa9-a314-4352-8b54-dfbd04634861::roof-oblique::oblique:1,0.971,a430ffa9-a314-4352-8b54-dfbd04634861::roof-flat::flat:0,1.0,0.734,flat_matched
a430ffa9-a314-4352-8b54-dfbd04634861,a430ffa9-a314-4352-8b54-dfbd04634861::ceiling-raw::1:3:0,1,3,0,0.0,,6.042,0.999,1.0,a430ffa9-a314-4352-8b54-dfbd04634861::roof-oblique::oblique:1,0.914,a430ffa9-a314-4352-8b54-dfbd04634861::roof-flat::flat:4,1.0,0.734,flat_matched
a430ffa9-a314-4352-8b54-dfbd04634861,a430ffa9-a314-4352-8b54-dfbd04634861::ceiling-raw::1:3:1,1,3,1,42.3,293.43,3.428,0.998,1.0,a430ffa9-a314-4352-8b54-dfbd04634861::roof-oblique::oblique:1,0.998,a430ffa9-a314-4352-8b54-dfbd04634861::roof-flat::flat:4,0.998,1.0,oblique_matched
a430ffa9-a314-4352-8b54-dfbd04634861,a430ffa9-a314-4352-8b54-dfbd04634861::ceiling-raw::0:5:0,0,5,0,0.0,,2.797,0,1.0,,0.0,a430ffa9-a314-4352-8b54-dfbd04634861::roof-flat::flat:6,1.0,,flat_matched
a430ffa9-a314-4352-8b54-dfbd04634861,a430ffa9-a314-4352-8b54-dfbd04634861::ceiling-raw::0:8:0,0,8,0,0.0,,7.499,0,1.0,,0.0,a430ffa9-a314-4352-8b54-dfbd04634861::roof-flat::flat:8,1.0,,flat_matched
a443b86f-c86a-47a7-abef-0a56893c99b0,a443b86f-c86a-47a7-abef-0a56893c99b0::ceiling-raw::0:1:0,0,1,0,0.0,,5.315,0,1.0,,0.0,a443b86f-c86a-47a7-abef-0a56893c99b0::roof-flat::flat:4,1.0,,flat_matched
a443b86f-c86a-47a7-abef-0a56893c99b0,a443b86f-c86a-47a7-abef-0a56893c99b0::ceiling-raw::0:1:1,0,1,1,0.0,,0.326,0,1.0,,0.0,a443b86f-c86a-47a7-abef-0a56893c99b0::roof-flat::flat:4,1.0,,flat_matched
a443b86f-c86a-47a7-abef-0a56893c99b0,a443b86f-c86a-47a7-abef-0a56893c99b0::ceiling-raw::0:2:0,0,2,0,0.0,,12.111,0,1.0,,0.0,a443b86f-c86a-47a7-abef-0a56893c99b0::roof-flat::flat:4,1.0,,flat_matched
a443b86f-c86a-47a7-abef-0a56893c99b0,a443b86f-c86a-47a7-abef-0a56893c99b0::ceiling-raw::0:3:0,0,3,0,0.0,,50.029,0,1.0,,0.0,a443b86f-c86a-47a7-abef-0a56893c99b0::roof-flat::flat:4,0.778,,flat_matched
a443b86f-c86a-47a7-abef-0a56893c99b0,a443b86f-c86a-47a7-abef-0a56893c99b0::ceiling-raw::0:3:1,0,3,1,0.0,,9.685,0,1.0,,0.0,a443b86f-c86a-47a7-abef-0a56893c99b0::roof-flat::flat:4,1.0,,flat_matched
a443b86f-c86a-47a7-abef-0a56893c99b0,a443b86f-c86a-47a7-abef-0a56893c99b0::ceiling-raw::0:4:0,0,4,0,0.0,,13.572,0,1.0,,0.0,a443b86f-c86a-47a7-abef-0a56893c99b0::roof-flat::flat:4,1.0,,flat_matched
a443b86f-c86a-47a7-abef-0a56893c99b0,a443b86f-c86a-47a7-abef-0a56893c99b0::ceiling-raw::1:6:0,1,6,0,0.0,,15.2,0.112,1.0,a443b86f-c86a-47a7-abef-0a56893c99b0::roof-oblique::oblique:0,0.112,a443b86f-c86a-47a7-abef-0a56893c99b0::roof-flat::flat:6,1.0,0.716,flat_matched
a443b86f-c86a-47a7-abef-0a56893c99b0,a443b86f-c86a-47a7-abef-0a56893c99b0::ceiling-raw::1:6:1,1,6,1,39.34,93.42,1.493,0,1.0,,0.0,a443b86f-c86a-47a7-abef-0a56893c99b0::roof-flat::flat:6,1.0,,oblique_covered_by_flat
a443b86f-c86a-47a7-abef-0a56893c99b0,a443b86f-c86a-47a7-abef-0a56893c99b0::ceiling-raw::1:6:2,1,6,2,44.08,187.63,4.634,1.0,1.0,a443b86f-c86a-47a7-abef-0a56893c99b0::roof-oblique::oblique:0,1.0,a443b86f-c86a-47a7-abef-0a56893c99b0::roof-flat::flat:7,1.0,1.0,oblique_matched
a443b86f-c86a-47a7-abef-0a56893c99b0,a443b86f-c86a-47a7-abef-0a56893c99b0::ceiling-raw::1:6:3,1,6,3,45.2,7.73,1.033,0,1.0,,0.0,a443b86f-c86a-47a7-abef-0a56893c99b0::roof-flat::flat:6,1.0,,oblique_covered_by_flat
a443b86f-c86a-47a7-abef-0a56893c99b0,a443b86f-c86a-47a7-abef-0a56893c99b0::ceiling-raw::1:6:4,1,6,4,47.39,13.0,1.231,0,1.0,,0.0,a443b86f-c86a-47a7-abef-0a56893c99b0::roof-flat::flat:6,1.0,,oblique_covered_by_flat
a443b86f-c86a-47a7-abef-0a56893c99b0,a443b86f-c86a-47a7-abef-0a56893c99b0::ceiling-raw::1:6:5,1,6,5,55.3,44.0,0.895,0,1.0,,0.0,a443b86f-c86a-47a7-abef-0a56893c99b0::roof-flat::flat:6,1.0,,oblique_covered_by_flat
a443b86f-c86a-47a7-abef-0a56893c99b0,a443b86f-c86a-47a7-abef-0a56893c99b0::ceiling-raw::1:7:0,1,7,0,0.0,,7.643,0.157,1.0,a443b86f-c86a-47a7-abef-0a56893c99b0::roof-oblique::oblique:0,0.157,a443b86f-c86a-47a7-abef-0a56893c99b0::roof-flat::flat:6,1.0,0.716,flat_matched
a443b86f-c86a-47a7-abef-0a56893c99b0,a443b86f-c86a-47a7-abef-0a56893c99b0::ceiling-raw::1:8:0,1,8,0,0.0,,5.094,0,1.0,,0.0,a443b86f-c86a-47a7-abef-0a56893c99b0::roof-flat::flat:6,1.0,,flat_matched
a443b86f-c86a-47a7-abef-0a56893c99b0,a443b86f-c86a-47a7-abef-0a56893c99b0::ceiling-raw::1:8:1,1,8,1,22.4,304.27,0.336,0,1.0,,0.0,a443b86f-c86a-47a7-abef-0a56893c99b0::roof-flat::flat:6,1.0,,oblique_covered_by_flat
a443b86f-c86a-47a7-abef-0a56893c99b0,a443b86f-c86a-47a7-abef-0a56893c99b0::ceiling-raw::1:8:2,1,8,2,40.04,274.41,1.083,0,1.0,,0.0,a443b86f-c86a-47a7-abef-0a56893c99b0::roof-flat::flat:6,1.0,,oblique_covered_by_flat
a443b86f-c86a-47a7-abef-0a56893c99b0,a443b86f-c86a-47a7-abef-0a56893c99b0::ceiling-raw::1:8:3,1,8,3,39.27,290.74,1.084,0,1.0,,0.0,a443b86f-c86a-47a7-abef-0a56893c99b0::roof-flat::flat:6,1.0,,oblique_covered_by_flat
a443b86f-c86a-47a7-abef-0a56893c99b0,a443b86f-c86a-47a7-abef-0a56893c99b0::ceiling-raw::1:8:4,1,8,4,42.68,280.75,0.408,0,1.0,,0.0,a443b86f-c86a-47a7-abef-0a56893c99b0::roof-flat::flat:6,1.0,,oblique_covered_by_flat
a443b86f-c86a-47a7-abef-0a56893c99b0,a443b86f-c86a-47a7-abef-0a56893c99b0::ceiling-raw::1:9:0,1,9,0,0.0,,9.052,0.182,1.0,a443b86f-c86a-47a7-abef-0a56893c99b0::roof-oblique::oblique:0,0.182,a443b86f-c86a-47a7-abef-0a56893c99b0::roof-flat::flat:6,1.0,0.716,flat_matched
a443b86f-c86a-47a7-abef-0a56893c99b0,a443b86f-c86a-47a7-abef-0a56893c99b0::ceiling-raw::1:9:1,1,9,1,44.32,188.4,4.3,0.999,1.0,a443b86f-c86a-47a7-abef-0a56893c99b0::roof-oblique::oblique:0,0.999,a443b86f-c86a-47a7-abef-0a56893c99b0::roof-flat::flat:7,1.0,1.0,oblique_matched
a492a5d6-ab9f-4b1e-bbfe-4762c1370a40,a492a5d6-ab9f-4b1e-bbfe-4762c1370a40::ceiling-raw::0:0:0,0,0,0,0.0,,1.084,0,1.0,,0.0,a492a5d6-ab9f-4b1e-bbfe-4762c1370a40::roof-flat::flat:5,1.0,,flat_matched
a492a5d6-ab9f-4b1e-bbfe-4762c1370a40,a492a5d6-ab9f-4b1e-bbfe-4762c1370a40::ceiling-raw::0:0:1,0,0,1,0.0,,1.45,0,1.0,,0.0,a492a5d6-ab9f-4b1e-bbfe-4762c1370a40::roof-flat::flat:5,1.0,,flat_matched
a492a5d6-ab9f-4b1e-bbfe-4762c1370a40,a492a5d6-ab9f-4b1e-bbfe-4762c1370a40::ceiling-raw::0:0:2,0,0,2,0.0,,1.44,0,1.0,,0.0,a492a5d6-ab9f-4b1e-bbfe-4762c1370a40::roof-flat::flat:0,1.0,,flat_matched
a492a5d6-ab9f-4b1e-bbfe-4762c1370a40,a492a5d6-ab9f-4b1e-bbfe-4762c1370a40::ceiling-raw::0:0:3,0,0,3,13.04,177.61,1.069,0,1.0,,0.0,a492a5d6-ab9f-4b1e-bbfe-4762c1370a40::roof-flat::flat:5,1.0,,oblique_covered_by_flat
a492a5d6-ab9f-4b1e-bbfe-4762c1370a40,a492a5d6-ab9f-4b1e-bbfe-4762c1370a40::ceiling-raw::0:0:4,0,0,4,14.99,87.12,1.854,0,1.0,,0.0,a492a5d6-ab9f-4b1e-bbfe-4762c1370a40::roof-flat::flat:5,1.0,,oblique_covered_by_flat
a492a5d6-ab9f-4b1e-bbfe-4762c1370a40,a492a5d6-ab9f-4b1e-bbfe-4762c1370a40::ceiling-raw::0:0:5,0,0,5,19.43,128.66,1.391,0,1.0,,0.0,a492a5d6-ab9f-4b1e-bbfe-4762c1370a40::roof-flat::flat:0,1.0,,oblique_covered_by_flat
a492a5d6-ab9f-4b1e-bbfe-4762c1370a40,a492a5d6-ab9f-4b1e-bbfe-4762c1370a40::ceiling-raw::1:1:0,1,1,0,0.0,,7.754,0,1.0,,0.0,a492a5d6-ab9f-4b1e-bbfe-4762c1370a40::roof-flat::flat:7,1.0,,flat_matched
a492a5d6-ab9f-4b1e-bbfe-4762c1370a40,a492a5d6-ab9f-4b1e-bbfe-4762c1370a40::ceiling-raw::1:2:0,1,2,0,0.0,,11.945,0,1.0,,0.0,a492a5d6-ab9f-4b1e-bbfe-4762c1370a40::roof-flat::flat:7,1.0,,flat_matched
a492a5d6-ab9f-4b1e-bbfe-4762c1370a40,a492a5d6-ab9f-4b1e-bbfe-4762c1370a40::ceiling-raw::1:4:0,1,4,0,0.0,,10.578,0.071,1.0,a492a5d6-ab9f-4b1e-bbfe-4762c1370a40::roof-oblique::oblique:0,0.071,a492a5d6-ab9f-4b1e-bbfe-4762c1370a40::roof-flat::flat:7,1.0,0.994,flat_matched
a492a5d6-ab9f-4b1e-bbfe-4762c1370a40,a492a5d6-ab9f-4b1e-bbfe-4762c1370a40::ceiling-raw::1:5:0,1,5,0,6.37,358.69,3.988,1.0,1.0,a492a5d6-ab9f-4b1e-bbfe-4762c1370a40::roof-oblique::oblique:0,1.0,a492a5d6-ab9f-4b1e-bbfe-4762c1370a40::roof-flat::flat:9,1.0,1.0,oblique_matched
a492a5d6-ab9f-4b1e-bbfe-4762c1370a40,a492a5d6-ab9f-4b1e-bbfe-4762c1370a40::ceiling-raw::1:6:0,1,6,0,0.0,,3.521,0.239,1.0,a492a5d6-ab9f-4b1e-bbfe-4762c1370a40::roof-oblique::oblique:0,0.239,a492a5d6-ab9f-4b1e-bbfe-4762c1370a40::roof-flat::flat:10,1.0,0.994,flat_matched
a492a5d6-ab9f-4b1e-bbfe-4762c1370a40,a492a5d6-ab9f-4b1e-bbfe-4762c1370a40::ceiling-raw::2:8:0,2,8,0,0.0,,5.98,1.0,0,a492a5d6-ab9f-4b1e-bbfe-4762c1370a40::roof-oblique::oblique:2,0.624,,0.0,0.721,flat_covered_by_oblique
a492a5d6-ab9f-4b1e-bbfe-4762c1370a40,a492a5d6-ab9f-4b1e-bbfe-4762c1370a40::ceiling-raw::2:8:1,2,8,1,0.0,,0.157,1.0,0,a492a5d6-ab9f-4b1e-bbfe-4762c1370a40::roof-oblique::oblique:1,1.0,,0.0,0.698,flat_covered_by_oblique
a492a5d6-ab9f-4b1e-bbfe-4762c1370a40,a492a5d6-ab9f-4b1e-bbfe-4762c1370a40::ceiling-raw::2:8:2,2,8,2,7.87,359.14,0.102,1.0,0,a492a5d6-ab9f-4b1e-bbfe-4762c1370a40::roof-oblique::oblique:1,1.0,,0.0,0.692,oblique_wrong_orientation
a492a5d6-ab9f-4b1e-bbfe-4762c1370a40,a492a5d6-ab9f-4b1e-bbfe-4762c1370a40::ceiling-raw::2:8:3,2,8,3,13.14,269.12,0.626,1.0,0,a492a5d6-ab9f-4b1e-bbfe-4762c1370a40::roof-oblique::oblique:1,1.0,,0.0,0.843,oblique_matched
a492a5d6-ab9f-4b1e-bbfe-4762c1370a40,a492a5d6-ab9f-4b1e-bbfe-4762c1370a40::ceiling-raw::2:8:4,2,8,4,15.18,299.74,0.407,1.0,0,a492a5d6-ab9f-4b1e-bbfe-4762c1370a40::roof-oblique::oblique:1,1.0,,0.0,0.835,oblique_matched
a492a5d6-ab9f-4b1e-bbfe-4762c1370a40,a492a5d6-ab9f-4b1e-bbfe-4762c1370a40::ceiling-raw::2:8:5,2,8,5,42.55,89.12,3.642,1.0,0,a492a5d6-ab9f-4b1e-bbfe-4762c1370a40::roof-oblique::oblique:2,1.0,,0.0,1.0,oblique_matched
a492a5d6-ab9f-4b1e-bbfe-4762c1370a40,a492a5d6-ab9f-4b1e-bbfe-4762c1370a40::ceiling-raw::2:8:6,2,8,6,46.55,89.09,0.065,1.0,0,a492a5d6-ab9f-4b1e-bbfe-4762c1370a40::roof-oblique::oblique:2,1.0,,0.0,0.999,oblique_matched
a492a5d6-ab9f-4b1e-bbfe-4762c1370a40,a492a5d6-ab9f-4b1e-bbfe-4762c1370a40::ceiling-raw::2:8:7,2,8,7,46.75,268.62,1.785,1.0,0,a492a5d6-ab9f-4b1e-bbfe-4762c1370a40::roof-oblique::oblique:1,1.0,,0.0,1.0,oblique_matched
a492a5d6-ab9f-4b1e-bbfe-4762c1370a40,a492a5d6-ab9f-4b1e-bbfe-4762c1370a40::ceiling-raw::2:8:8,2,8,8,57.08,142.65,0.075,1.0,0,a492a5d6-ab9f-4b1e-bbfe-4762c1370a40::roof-oblique::oblique:2,1.0,,0.0,0.738,oblique_wrong_orientation
a492a5d6-ab9f-4b1e-bbfe-4762c1370a40,a492a5d6-ab9f-4b1e-bbfe-4762c1370a40::ceiling-raw::2:9:0,2,9,0,0.0,,8.1,1.0,0,a492a5d6-ab9f-4b1e-bbfe-4762c1370a40::roof-oblique::oblique:2,0.524,,0.0,0.721,flat_covered_by_oblique
a492a5d6-ab9f-4b1e-bbfe-4762c1370a40,a492a5d6-ab9f-4b1e-bbfe-4762c1370a40::ceiling-raw::2:9:1,2,9,1,40.7,86.62,1.415,1.0,0,a492a5d6-ab9f-4b1e-bbfe-4762c1370a40::roof-oblique::oblique:2,1.0,,0.0,0.998,oblique_matched
a492a5d6-ab9f-4b1e-bbfe-4762c1370a40,a492a5d6-ab9f-4b1e-bbfe-4762c1370a40::ceiling-raw::2:9:2,2,9,2,45.64,269.13,2.378,1.0,0,a492a5d6-ab9f-4b1e-bbfe-4762c1370a40::roof-oblique::oblique:1,1.0,,0.0,1.0,oblique_matched
a492a5d6-ab9f-4b1e-bbfe-4762c1370a40,a492a5d6-ab9f-4b1e-bbfe-4762c1370a40::ceiling-raw::2:9:3,2,9,3,45.67,89.11,1.188,1.0,0,a492a5d6-ab9f-4b1e-bbfe-4762c1370a40::roof-oblique::oblique:2,1.0,,0.0,1.0,oblique_matched
a492a5d6-ab9f-4b1e-bbfe-4762c1370a40,a492a5d6-ab9f-4b1e-bbfe-4762c1370a40::ceiling-raw::2:10:0,2,10,0,0.0,,0.699,1.0,0,a492a5d6-ab9f-4b1e-bbfe-4762c1370a40::roof-oblique::oblique:1,1.0,,0.0,0.698,flat_covered_by_oblique
a492a5d6-ab9f-4b1e-bbfe-4762c1370a40,a492a5d6-ab9f-4b1e-bbfe-4762c1370a40::ceiling-raw::2:10:1,2,10,1,9.65,269.12,2.345,1.0,0,a492a5d6-ab9f-4b1e-bbfe-4762c1370a40::roof-oblique::oblique:1,1.0,,0.0,0.808,oblique_matched
a492a5d6-ab9f-4b1e-bbfe-4762c1370a40,a492a5d6-ab9f-4b1e-bbfe-4762c1370a40::ceiling-raw::2:10:2,2,10,2,18.42,179.12,0.842,1.0,0,a492a5d6-ab9f-4b1e-bbfe-4762c1370a40::roof-oblique::oblique:1,1.0,,0.0,0.663,oblique_wrong_orientation
a4d6eef3-6107-45a3-bd37-3cf2ef4e9efb,a4d6eef3-6107-45a3-bd37-3cf2ef4e9efb::ceiling-raw::0:0:0,0,0,0,0.0,,7.799,0,1.0,,0.0,a4d6eef3-6107-45a3-bd37-3cf2ef4e9efb::roof-flat::flat:9,1.0,,flat_matched
a4d6eef3-6107-45a3-bd37-3cf2ef4e9efb,a4d6eef3-6107-45a3-bd37-3cf2ef4e9efb::ceiling-raw::0:1:0,0,1,0,0.0,,12.095,0,1.0,,0.0,a4d6eef3-6107-45a3-bd37-3cf2ef4e9efb::roof-flat::flat:9,1.0,,flat_matched
a4d6eef3-6107-45a3-bd37-3cf2ef4e9efb,a4d6eef3-6107-45a3-bd37-3cf2ef4e9efb::ceiling-raw::0:2:0,0,2,0,0.0,,5.841,0,1.0,,0.0,a4d6eef3-6107-45a3-bd37-3cf2ef4e9efb::roof-flat::flat:9,1.0,,flat_matched
a4d6eef3-6107-45a3-bd37-3cf2ef4e9efb,a4d6eef3-6107-45a3-bd37-3cf2ef4e9efb::ceiling-raw::0:3:0,0,3,0,0.0,,7.918,0,1.0,,0.0,a4d6eef3-6107-45a3-bd37-3cf2ef4e9efb::roof-flat::flat:9,1.0,,flat_matched
a4d6eef3-6107-45a3-bd37-3cf2ef4e9efb,a4d6eef3-6107-45a3-bd37-3cf2ef4e9efb::ceiling-raw::0:4:0,0,4,0,0.0,,7.765,0,1.0,,0.0,a4d6eef3-6107-45a3-bd37-3cf2ef4e9efb::roof-flat::flat:9,1.0,,flat_matched
a4d6eef3-6107-45a3-bd37-3cf2ef4e9efb,a4d6eef3-6107-45a3-bd37-3cf2ef4e9efb::ceiling-raw::0:5:0,0,5,0,0.0,,2.067,0,1.0,,0.0,a4d6eef3-6107-45a3-bd37-3cf2ef4e9efb::roof-flat::flat:9,1.0,,flat_matched
a4d6eef3-6107-45a3-bd37-3cf2ef4e9efb,a4d6eef3-6107-45a3-bd37-3cf2ef4e9efb::ceiling-raw::0:6:0,0,6,0,0.0,,12.361,0,1.0,,0.0,a4d6eef3-6107-45a3-bd37-3cf2ef4e9efb::roof-flat::flat:9,1.0,,flat_matched
a4d6eef3-6107-45a3-bd37-3cf2ef4e9efb,a4d6eef3-6107-45a3-bd37-3cf2ef4e9efb::ceiling-raw::0:7:0,0,7,0,0.0,,9.931,0,1.0,,0.0,a4d6eef3-6107-45a3-bd37-3cf2ef4e9efb::roof-flat::flat:9,1.0,,flat_matched
a4d6eef3-6107-45a3-bd37-3cf2ef4e9efb,a4d6eef3-6107-45a3-bd37-3cf2ef4e9efb::ceiling-raw::0:8:0,0,8,0,0.0,,38.702,0.034,1.0,a4d6eef3-6107-45a3-bd37-3cf2ef4e9efb::roof-oblique::oblique:0,0.034,a4d6eef3-6107-45a3-bd37-3cf2ef4e9efb::roof-flat::flat:9,1.0,0.42,flat_matched
a4d6eef3-6107-45a3-bd37-3cf2ef4e9efb,a4d6eef3-6107-45a3-bd37-3cf2ef4e9efb::ceiling-raw::0:9:0,0,9,0,0.0,,2.901,1.0,1.0,a4d6eef3-6107-45a3-bd37-3cf2ef4e9efb::roof-oblique::oblique:0,1.0,a4d6eef3-6107-45a3-bd37-3cf2ef4e9efb::roof-flat::flat:9,1.0,0.42,flat_matched
a4d6eef3-6107-45a3-bd37-3cf2ef4e9efb,a4d6eef3-6107-45a3-bd37-3cf2ef4e9efb::ceiling-raw::0:9:1,0,9,1,12.1,255.72,8.972,0.0,1.0,a4d6eef3-6107-45a3-bd37-3cf2ef4e9efb::roof-oblique::oblique:0,0.0,a4d6eef3-6107-45a3-bd37-3cf2ef4e9efb::roof-flat::flat:9,1.0,0.41,oblique_covered_by_flat
a4d6eef3-6107-45a3-bd37-3cf2ef4e9efb,a4d6eef3-6107-45a3-bd37-3cf2ef4e9efb::ceiling-raw::0:9:2,0,9,2,25.23,165.72,8.972,0.042,1.0,a4d6eef3-6107-45a3-bd37-3cf2ef4e9efb::roof-oblique::oblique:0,0.042,a4d6eef3-6107-45a3-bd37-3cf2ef4e9efb::roof-flat::flat:9,1.0,0.007,oblique_covered_by_flat
a4d6eef3-6107-45a3-bd37-3cf2ef4e9efb,a4d6eef3-6107-45a3-bd37-3cf2ef4e9efb::ceiling-raw::0:9:3,0,9,3,65.19,345.92,2.493,1.0,1.0,a4d6eef3-6107-45a3-bd37-3cf2ef4e9efb::roof-oblique::oblique:0,1.0,a4d6eef3-6107-45a3-bd37-3cf2ef4e9efb::roof-flat::flat:9,1.0,1.0,oblique_matched
a8a3b04b-42d0-4468-8b3a-5e2135b9313b,a8a3b04b-42d0-4468-8b3a-5e2135b9313b::ceiling-raw::0:1:0,0,1,0,0.0,,39.755,0,1.0,,0.0,a8a3b04b-42d0-4468-8b3a-5e2135b9313b::roof-flat::flat:5,1.0,,flat_matched
a8a3b04b-42d0-4468-8b3a-5e2135b9313b,a8a3b04b-42d0-4468-8b3a-5e2135b9313b::ceiling-raw::0:1:1,0,1,1,0.0,,10.599,0,1.0,,0.0,a8a3b04b-42d0-4468-8b3a-5e2135b9313b::roof-flat::flat:5,1.0,,flat_matched
a8a3b04b-42d0-4468-8b3a-5e2135b9313b,a8a3b04b-42d0-4468-8b3a-5e2135b9313b::ceiling-raw::0:1:2,0,1,2,0.0,,17.351,0,1.0,,0.0,a8a3b04b-42d0-4468-8b3a-5e2135b9313b::roof-flat::flat:5,1.0,,flat_matched
a8a3b04b-42d0-4468-8b3a-5e2135b9313b,a8a3b04b-42d0-4468-8b3a-5e2135b9313b::ceiling-raw::0:1:3,0,1,3,0.0,,4.374,0,1.0,,0.0,a8a3b04b-42d0-4468-8b3a-5e2135b9313b::roof-flat::flat:5,1.0,,flat_matched
a8a3b04b-42d0-4468-8b3a-5e2135b9313b,a8a3b04b-42d0-4468-8b3a-5e2135b9313b::ceiling-raw::0:3:0,0,3,0,0.0,,1.564,0,1.0,,0.0,a8a3b04b-42d0-4468-8b3a-5e2135b9313b::roof-flat::flat:5,1.0,,flat_matched
a8a3b04b-42d0-4468-8b3a-5e2135b9313b,a8a3b04b-42d0-4468-8b3a-5e2135b9313b::ceiling-raw::0:4:0,0,4,0,0.0,,4.82,0,1.0,,0.0,a8a3b04b-42d0-4468-8b3a-5e2135b9313b::roof-flat::flat:5,1.0,,flat_matched
a8a3b04b-42d0-4468-8b3a-5e2135b9313b,a8a3b04b-42d0-4468-8b3a-5e2135b9313b::ceiling-raw::0:5:0,0,5,0,0.0,,8.449,0,1.0,,0.0,a8a3b04b-42d0-4468-8b3a-5e2135b9313b::roof-flat::flat:5,1.0,,flat_matched
a8a3b04b-42d0-4468-8b3a-5e2135b9313b,a8a3b04b-42d0-4468-8b3a-5e2135b9313b::ceiling-raw::0:6:0,0,6,0,0.0,,10.229,0,1.0,,0.0,a8a3b04b-42d0-4468-8b3a-5e2135b9313b::roof-flat::flat:5,1.0,,flat_matched
a8a3b04b-42d0-4468-8b3a-5e2135b9313b,a8a3b04b-42d0-4468-8b3a-5e2135b9313b::ceiling-raw::0:7:0,0,7,0,0.0,,8.753,0,1.0,,0.0,a8a3b04b-42d0-4468-8b3a-5e2135b9313b::roof-flat::flat:5,1.0,,flat_matched
a8aca518-ee19-4cef-8df9-1b574c2d43d1,a8aca518-ee19-4cef-8df9-1b574c2d43d1::ceiling-raw::0:0:0,0,0,0,0.0,,16.327,0,1.0,,0.0,a8aca518-ee19-4cef-8df9-1b574c2d43d1::roof-flat::flat:9,1.0,,flat_matched
a8aca518-ee19-4cef-8df9-1b574c2d43d1,a8aca518-ee19-4cef-8df9-1b574c2d43d1::ceiling-raw::0:2:0,0,2,0,0.0,,4.006,0,1.0,,0.0,a8aca518-ee19-4cef-8df9-1b574c2d43d1::roof-flat::flat:9,1.0,,flat_matched
a8aca518-ee19-4cef-8df9-1b574c2d43d1,a8aca518-ee19-4cef-8df9-1b574c2d43d1::ceiling-raw::0:2:1,0,2,1,4.07,300.41,0.707,0,1.0,,0.0,a8aca518-ee19-4cef-8df9-1b574c2d43d1::roof-flat::flat:9,1.0,,flat_matched
a8aca518-ee19-4cef-8df9-1b574c2d43d1,a8aca518-ee19-4cef-8df9-1b574c2d43d1::ceiling-raw::0:2:2,0,2,2,8.27,204.02,0.418,0,1.0,,0.0,a8aca518-ee19-4cef-8df9-1b574c2d43d1::roof-flat::flat:9,1.0,,oblique_covered_by_flat
a8aca518-ee19-4cef-8df9-1b574c2d43d1,a8aca518-ee19-4cef-8df9-1b574c2d43d1::ceiling-raw::0:2:3,0,2,3,8.58,227.27,0.707,0,1.0,,0.0,a8aca518-ee19-4cef-8df9-1b574c2d43d1::roof-flat::flat:9,1.0,,oblique_covered_by_flat
a8aca518-ee19-4cef-8df9-1b574c2d43d1,a8aca518-ee19-4cef-8df9-1b574c2d43d1::ceiling-raw::0:2:4,0,2,4,9.14,236.62,0.63,0,1.0,,0.0,a8aca518-ee19-4cef-8df9-1b574c2d43d1::roof-flat::flat:9,1.0,,oblique_covered_by_flat
a8aca518-ee19-4cef-8df9-1b574c2d43d1,a8aca518-ee19-4cef-8df9-1b574c2d43d1::ceiling-raw::0:2:5,0,2,5,33.49,209.01,0.63,0,1.0,,0.0,a8aca518-ee19-4cef-8df9-1b574c2d43d1::roof-flat::flat:9,1.0,,oblique_covered_by_flat
a8aca518-ee19-4cef-8df9-1b574c2d43d1,a8aca518-ee19-4cef-8df9-1b574c2d43d1::ceiling-raw::0:2:7,0,2,7,0.0,,0.091,0,1.0,,0.0,a8aca518-ee19-4cef-8df9-1b574c2d43d1::roof-flat::flat:1,1.0,,flat_matched
a8aca518-ee19-4cef-8df9-1b574c2d43d1,a8aca518-ee19-4cef-8df9-1b574c2d43d1::ceiling-raw::0:2:8,0,2,8,10.83,210.42,0.19,0,1.0,,0.0,a8aca518-ee19-4cef-8df9-1b574c2d43d1::roof-flat::flat:1,1.0,,oblique_covered_by_flat
a8aca518-ee19-4cef-8df9-1b574c2d43d1,a8aca518-ee19-4cef-8df9-1b574c2d43d1::ceiling-raw::0:2:9,0,2,9,41.77,109.35,0.757,0,1.0,,0.0,a8aca518-ee19-4cef-8df9-1b574c2d43d1::roof-flat::flat:1,1.0,,oblique_covered_by_flat
a8aca518-ee19-4cef-8df9-1b574c2d43d1,a8aca518-ee19-4cef-8df9-1b574c2d43d1::ceiling-raw::0:2:10,0,2,10,48.89,130.02,0.666,0,1.0,,0.0,a8aca518-ee19-4cef-8df9-1b574c2d43d1::roof-flat::flat:1,1.0,,oblique_covered_by_flat
a8aca518-ee19-4cef-8df9-1b574c2d43d1,a8aca518-ee19-4cef-8df9-1b574c2d43d1::ceiling-raw::0:2:11,0,2,11,50.29,140.67,0.19,0,1.0,,0.0,a8aca518-ee19-4cef-8df9-1b574c2d43d1::roof-flat::flat:1,1.0,,oblique_covered_by_flat
a8aca518-ee19-4cef-8df9-1b574c2d43d1,a8aca518-ee19-4cef-8df9-1b574c2d43d1::ceiling-raw::0:2:12,0,2,12,54.96,30.41,0.336,0,1.0,,0.0,a8aca518-ee19-4cef-8df9-1b574c2d43d1::roof-flat::flat:1,1.0,,oblique_covered_by_flat
a8aca518-ee19-4cef-8df9-1b574c2d43d1,a8aca518-ee19-4cef-8df9-1b574c2d43d1::ceiling-raw::0:2:13,0,2,13,70.83,300.41,0.498,0,1.0,,0.0,a8aca518-ee19-4cef-8df9-1b574c2d43d1::roof-flat::flat:1,1.0,,oblique_covered_by_flat
a8aca518-ee19-4cef-8df9-1b574c2d43d1,a8aca518-ee19-4cef-8df9-1b574c2d43d1::ceiling-raw::0:2:14,0,2,14,71.02,292.15,0.336,0,1.0,,0.0,a8aca518-ee19-4cef-8df9-1b574c2d43d1::roof-flat::flat:1,1.0,,oblique_covered_by_flat
a8aca518-ee19-4cef-8df9-1b574c2d43d1,a8aca518-ee19-4cef-8df9-1b574c2d43d1::ceiling-raw::0:4:0,0,4,0,0.0,,9.417,0,1.0,,0.0,a8aca518-ee19-4cef-8df9-1b574c2d43d1::roof-flat::flat:9,1.0,,flat_matched
a8aca518-ee19-4cef-8df9-1b574c2d43d1,a8aca518-ee19-4cef-8df9-1b574c2d43d1::ceiling-raw::1:6:0,1,6,0,0.0,,4.599,0,1.0,,0.0,a8aca518-ee19-4cef-8df9-1b574c2d43d1::roof-flat::flat:11,1.0,,flat_matched
a8aca518-ee19-4cef-8df9-1b574c2d43d1,a8aca518-ee19-4cef-8df9-1b574c2d43d1::ceiling-raw::1:6:1,1,6,1,19.24,300.41,1.063,0,1.0,,0.0,a8aca518-ee19-4cef-8df9-1b574c2d43d1::roof-flat::flat:11,1.0,,oblique_covered_by_flat
a8aca518-ee19-4cef-8df9-1b574c2d43d1,a8aca518-ee19-4cef-8df9-1b574c2d43d1::ceiling-raw::1:7:0,1,7,0,0.0,,17.768,0,1.0,,0.0,a8aca518-ee19-4cef-8df9-1b574c2d43d1::roof-flat::flat:11,1.0,,flat_matched
a8aca518-ee19-4cef-8df9-1b574c2d43d1,a8aca518-ee19-4cef-8df9-1b574c2d43d1::ceiling-raw::1:8:0,1,8,0,0.0,,16.438,0,1.0,,0.0,a8aca518-ee19-4cef-8df9-1b574c2d43d1::roof-flat::flat:11,1.0,,flat_matched
a8aca518-ee19-4cef-8df9-1b574c2d43d1,a8aca518-ee19-4cef-8df9-1b574c2d43d1::ceiling-raw::1:9:0,1,9,0,0.0,,7.554,0,1.0,,0.0,a8aca518-ee19-4cef-8df9-1b574c2d43d1::roof-flat::flat:11,1.0,,flat_matched
a8aca518-ee19-4cef-8df9-1b574c2d43d1,a8aca518-ee19-4cef-8df9-1b574c2d43d1::ceiling-raw::1:10:0,1,10,0,0.0,,1.793,0,1.0,,0.0,a8aca518-ee19-4cef-8df9-1b574c2d43d1::roof-flat::flat:11,1.0,,flat_matched
a8aca518-ee19-4cef-8df9-1b574c2d43d1,a8aca518-ee19-4cef-8df9-1b574c2d43d1::ceiling-raw::2:11:0,2,11,0,0.0,,4.887,1.0,0,a8aca518-ee19-4cef-8df9-1b574c2d43d1::roof-oblique::oblique:0,1.0,,0.0,0.696,flat_covered_by_oblique
a8aca518-ee19-4cef-8df9-1b574c2d43d1,a8aca518-ee19-4cef-8df9-1b574c2d43d1::ceiling-raw::2:11:1,2,11,1,45.83,298.66,4.01,1.0,0,a8aca518-ee19-4cef-8df9-1b574c2d43d1::roof-oblique::oblique:0,1.0,,0.0,1.0,oblique_matched
a8aca518-ee19-4cef-8df9-1b574c2d43d1,a8aca518-ee19-4cef-8df9-1b574c2d43d1::ceiling-raw::2:12:0,2,12,0,0.0,,3.88,1.0,0,a8aca518-ee19-4cef-8df9-1b574c2d43d1::roof-oblique::oblique:1,1.0,,0.0,0.693,flat_covered_by_oblique
a8aca518-ee19-4cef-8df9-1b574c2d43d1,a8aca518-ee19-4cef-8df9-1b574c2d43d1::ceiling-raw::2:12:1,2,12,1,47.03,117.31,2.116,0.999,0,a8aca518-ee19-4cef-8df9-1b574c2d43d1::roof-oblique::oblique:1,0.999,,0.0,1.0,oblique_matched
a8aca518-ee19-4cef-8df9-1b574c2d43d1,a8aca518-ee19-4cef-8df9-1b574c2d43d1::ceiling-raw::2:13:0,2,13,0,0.0,,1.221,1.0,0,a8aca518-ee19-4cef-8df9-1b574c2d43d1::roof-oblique::oblique:1,1.0,,0.0,0.693,flat_covered_by_oblique
a8aca518-ee19-4cef-8df9-1b574c2d43d1,a8aca518-ee19-4cef-8df9-1b574c2d43d1::ceiling-raw::2:13:1,2,13,1,28.99,209.02,0.993,1.0,0,a8aca518-ee19-4cef-8df9-1b574c2d43d1::roof-oblique::oblique:1,1.0,,0.0,0.606,oblique_wrong_orientation
a8aca518-ee19-4cef-8df9-1b574c2d43d1,a8aca518-ee19-4cef-8df9-1b574c2d43d1::ceiling-raw::2:13:2,2,13,2,39.82,122.68,0.369,1.0,0,a8aca518-ee19-4cef-8df9-1b574c2d43d1::roof-oblique::oblique:1,1.0,,0.0,0.993,oblique_matched
a8aca518-ee19-4cef-8df9-1b574c2d43d1,a8aca518-ee19-4cef-8df9-1b574c2d43d1::ceiling-raw::2:13:3,2,13,3,46.6,119.76,0.396,1.0,0,a8aca518-ee19-4cef-8df9-1b574c2d43d1::roof-oblique::oblique:1,1.0,,0.0,1.0,oblique_matched
a8aca518-ee19-4cef-8df9-1b574c2d43d1,a8aca518-ee19-4cef-8df9-1b574c2d43d1::ceiling-raw::2:13:4,2,13,4,46.62,121.91,0.993,1.0,0,a8aca518-ee19-4cef-8df9-1b574c2d43d1::roof-oblique::oblique:1,1.0,,0.0,0.999,oblique_matched
a8aca518-ee19-4cef-8df9-1b574c2d43d1,a8aca518-ee19-4cef-8df9-1b574c2d43d1::ceiling-raw::2:14:0,2,14,0,0.0,,15.273,0.882,0,a8aca518-ee19-4cef-8df9-1b574c2d43d1::roof-oblique::oblique:1,0.483,,0.0,0.693,flat_covered_by_oblique
a8aca518-ee19-4cef-8df9-1b574c2d43d1,a8aca518-ee19-4cef-8df9-1b574c2d43d1::ceiling-raw::2:14:1,2,14,1,40.04,119.03,0.162,1.0,0,a8aca518-ee19-4cef-8df9-1b574c2d43d1::roof-oblique::oblique:1,1.0,,0.0,0.994,oblique_matched
a8aca518-ee19-4cef-8df9-1b574c2d43d1,a8aca518-ee19-4cef-8df9-1b574c2d43d1::ceiling-raw::2:14:2,2,14,2,42.38,141.95,0.726,1.0,0,a8aca518-ee19-4cef-8df9-1b574c2d43d1::roof-oblique::oblique:1,1.0,,0.0,0.959,oblique_matched
a8aca518-ee19-4cef-8df9-1b574c2d43d1,a8aca518-ee19-4cef-8df9-1b574c2d43d1::ceiling-raw::2:14:3,2,14,3,44.0,118.51,1.079,1.0,0,a8aca518-ee19-4cef-8df9-1b574c2d43d1::roof-oblique::oblique:1,1.0,,0.0,0.999,oblique_matched
a8aca518-ee19-4cef-8df9-1b574c2d43d1,a8aca518-ee19-4cef-8df9-1b574c2d43d1::ceiling-raw::2:14:4,2,14,4,49.52,136.69,0.62,1.0,0,a8aca518-ee19-4cef-8df9-1b574c2d43d1::roof-oblique::oblique:1,1.0,,0.0,0.972,oblique_matched
a8aca518-ee19-4cef-8df9-1b574c2d43d1,a8aca518-ee19-4cef-8df9-1b574c2d43d1::ceiling-raw::2:14:5,2,14,5,50.36,141.35,0.726,1.0,0,a8aca518-ee19-4cef-8df9-1b574c2d43d1::roof-oblique::oblique:1,1.0,,0.0,0.956,oblique_matched
a8aca518-ee19-4cef-8df9-1b574c2d43d1,a8aca518-ee19-4cef-8df9-1b574c2d43d1::ceiling-raw::2:14:6,2,14,6,54.61,29.03,0.3,1.0,0,a8aca518-ee19-4cef-8df9-1b574c2d43d1::roof-oblique::oblique:1,1.0,,0.0,0.401,oblique_wrong_orientation
aa047931-2b45-497d-a093-f637a2934699,aa047931-2b45-497d-a093-f637a2934699::ceiling-raw::1:6:0,1,6,0,0.0,,14.172,0,1.0,,0.0,aa047931-2b45-497d-a093-f637a2934699::roof-flat::flat:8,1.0,,flat_matched
aa047931-2b45-497d-a093-f637a2934699,aa047931-2b45-497d-a093-f637a2934699::ceiling-raw::1:7:0,1,7,0,0.0,,7.364,0,1.0,,0.0,aa047931-2b45-497d-a093-f637a2934699::roof-flat::flat:8,1.0,,flat_matched
aa047931-2b45-497d-a093-f637a2934699,aa047931-2b45-497d-a093-f637a2934699::ceiling-raw::1:8:0,1,8,0,0.0,,12.292,0,1.0,,0.0,aa047931-2b45-497d-a093-f637a2934699::roof-flat::flat:8,1.0,,flat_matched
aa047931-2b45-497d-a093-f637a2934699,aa047931-2b45-497d-a093-f637a2934699::ceiling-raw::1:9:0,1,9,0,0.0,,6.607,0,1.0,,0.0,aa047931-2b45-497d-a093-f637a2934699::roof-flat::flat:8,1.0,,flat_matched
aa047931-2b45-497d-a093-f637a2934699,aa047931-2b45-497d-a093-f637a2934699::ceiling-raw::1:10:0,1,10,0,0.0,,12.201,0,1.0,,0.0,aa047931-2b45-497d-a093-f637a2934699::roof-flat::flat:8,1.0,,flat_matched
aa047931-2b45-497d-a093-f637a2934699,aa047931-2b45-497d-a093-f637a2934699::ceiling-raw::1:11:0,1,11,0,0.0,,3.543,0,1.0,,0.0,aa047931-2b45-497d-a093-f637a2934699::roof-flat::flat:8,1.0,,flat_matched
aa047931-2b45-497d-a093-f637a2934699,aa047931-2b45-497d-a093-f637a2934699::ceiling-raw::1:12:0,1,12,0,0.0,,27.787,0,1.0,,0.0,aa047931-2b45-497d-a093-f637a2934699::roof-flat::flat:8,1.0,,flat_matched
aa047931-2b45-497d-a093-f637a2934699,aa047931-2b45-497d-a093-f637a2934699::ceiling-raw::1:13:0,1,13,0,0.0,,31.043,0,1.0,,0.0,aa047931-2b45-497d-a093-f637a2934699::roof-flat::flat:9,1.0,,flat_matched
ad2243cf-dac2-4f43-aa8d-37d50dc46a33,ad2243cf-dac2-4f43-aa8d-37d50dc46a33::ceiling-raw::0:0:0,0,0,0,0.0,,12.941,0,1.0,,0.0,ad2243cf-dac2-4f43-aa8d-37d50dc46a33::roof-flat::flat:9,1.0,,flat_matched
ad2243cf-dac2-4f43-aa8d-37d50dc46a33,ad2243cf-dac2-4f43-aa8d-37d50dc46a33::ceiling-raw::0:1:0,0,1,0,0.0,,4.165,0,1.0,,0.0,ad2243cf-dac2-4f43-aa8d-37d50dc46a33::roof-flat::flat:9,1.0,,flat_matched
ad2243cf-dac2-4f43-aa8d-37d50dc46a33,ad2243cf-dac2-4f43-aa8d-37d50dc46a33::ceiling-raw::0:2:0,0,2,0,0.0,,9.995,0,1.0,,0.0,ad2243cf-dac2-4f43-aa8d-37d50dc46a33::roof-flat::flat:9,1.0,,flat_matched
ad2243cf-dac2-4f43-aa8d-37d50dc46a33,ad2243cf-dac2-4f43-aa8d-37d50dc46a33::ceiling-raw::0:3:0,0,3,0,0.0,,14.893,0,1.0,,0.0,ad2243cf-dac2-4f43-aa8d-37d50dc46a33::roof-flat::flat:9,1.0,,flat_matched
ad2243cf-dac2-4f43-aa8d-37d50dc46a33,ad2243cf-dac2-4f43-aa8d-37d50dc46a33::ceiling-raw::0:4:0,0,4,0,0.0,,16.068,0,1.0,,0.0,ad2243cf-dac2-4f43-aa8d-37d50dc46a33::roof-flat::flat:9,1.0,,flat_matched
ad2243cf-dac2-4f43-aa8d-37d50dc46a33,ad2243cf-dac2-4f43-aa8d-37d50dc46a33::ceiling-raw::0:5:0,0,5,0,0.0,,5.851,0,1.0,,0.0,ad2243cf-dac2-4f43-aa8d-37d50dc46a33::roof-flat::flat:5,1.0,,flat_matched
ad2243cf-dac2-4f43-aa8d-37d50dc46a33,ad2243cf-dac2-4f43-aa8d-37d50dc46a33::ceiling-raw::0:6:0,0,6,0,0.0,,22.455,0,1.0,,0.0,ad2243cf-dac2-4f43-aa8d-37d50dc46a33::roof-flat::flat:9,1.0,,flat_matched
ad2243cf-dac2-4f43-aa8d-37d50dc46a33,ad2243cf-dac2-4f43-aa8d-37d50dc46a33::ceiling-raw::0:7:0,0,7,0,0.0,,17.323,0,1.0,,0.0,ad2243cf-dac2-4f43-aa8d-37d50dc46a33::roof-flat::flat:9,1.0,,flat_matched
ad2243cf-dac2-4f43-aa8d-37d50dc46a33,ad2243cf-dac2-4f43-aa8d-37d50dc46a33::ceiling-raw::0:8:0,0,8,0,0.0,,10.422,0,1.0,,0.0,ad2243cf-dac2-4f43-aa8d-37d50dc46a33::roof-flat::flat:9,1.0,,flat_matched
b01824fc-be43-451f-bc6e-aaab701c144d,b01824fc-be43-451f-bc6e-aaab701c144d::ceiling-raw::0:0:0,0,0,0,0.0,,15.507,0,1.0,,0.0,b01824fc-be43-451f-bc6e-aaab701c144d::roof-flat::flat:7,1.0,,flat_matched
b01824fc-be43-451f-bc6e-aaab701c144d,b01824fc-be43-451f-bc6e-aaab701c144d::ceiling-raw::0:1:0,0,1,0,0.0,,9.338,0,1.0,,0.0,b01824fc-be43-451f-bc6e-aaab701c144d::roof-flat::flat:7,1.0,,flat_matched
b01824fc-be43-451f-bc6e-aaab701c144d,b01824fc-be43-451f-bc6e-aaab701c144d::ceiling-raw::0:1:1,0,1,1,0.0,,30.727,0,1.0,,0.0,b01824fc-be43-451f-bc6e-aaab701c144d::roof-flat::flat:7,1.0,,flat_matched
b01824fc-be43-451f-bc6e-aaab701c144d,b01824fc-be43-451f-bc6e-aaab701c144d::ceiling-raw::0:2:0,0,2,0,0.0,,0.873,0,1.0,,0.0,b01824fc-be43-451f-bc6e-aaab701c144d::roof-flat::flat:7,1.0,,flat_matched
b01824fc-be43-451f-bc6e-aaab701c144d,b01824fc-be43-451f-bc6e-aaab701c144d::ceiling-raw::0:2:1,0,2,1,0.0,,2.728,0,1.0,,0.0,b01824fc-be43-451f-bc6e-aaab701c144d::roof-flat::flat:2,1.0,,flat_matched
b01824fc-be43-451f-bc6e-aaab701c144d,b01824fc-be43-451f-bc6e-aaab701c144d::ceiling-raw::0:2:2,0,2,2,3.38,296.98,3.71,0,1.0,,0.0,b01824fc-be43-451f-bc6e-aaab701c144d::roof-flat::flat:2,1.0,,flat_matched
b01824fc-be43-451f-bc6e-aaab701c144d,b01824fc-be43-451f-bc6e-aaab701c144d::ceiling-raw::0:2:3,0,2,3,6.98,235.81,2.728,0,1.0,,0.0,b01824fc-be43-451f-bc6e-aaab701c144d::roof-flat::flat:2,1.0,,oblique_covered_by_flat
b01824fc-be43-451f-bc6e-aaab701c144d,b01824fc-be43-451f-bc6e-aaab701c144d::ceiling-raw::0:2:4,0,2,4,18.8,16.98,0.873,0,1.0,,0.0,b01824fc-be43-451f-bc6e-aaab701c144d::roof-flat::flat:7,1.0,,oblique_covered_by_flat
b01824fc-be43-451f-bc6e-aaab701c144d,b01824fc-be43-451f-bc6e-aaab701c144d::ceiling-raw::0:3:0,0,3,0,0.0,,6.436,0,1.0,,0.0,b01824fc-be43-451f-bc6e-aaab701c144d::roof-flat::flat:7,1.0,,flat_matched
b01824fc-be43-451f-bc6e-aaab701c144d,b01824fc-be43-451f-bc6e-aaab701c144d::ceiling-raw::0:4:0,0,4,0,0.0,,9.839,0,1.0,,0.0,b01824fc-be43-451f-bc6e-aaab701c144d::roof-flat::flat:7,1.0,,flat_matched
b01824fc-be43-451f-bc6e-aaab701c144d,b01824fc-be43-451f-bc6e-aaab701c144d::ceiling-raw::0:6:0,0,6,0,0.0,,8.575,0,1.0,,0.0,b01824fc-be43-451f-bc6e-aaab701c144d::roof-flat::flat:7,1.0,,flat_matched
b01824fc-be43-451f-bc6e-aaab701c144d,b01824fc-be43-451f-bc6e-aaab701c144d::ceiling-raw::0:7:0,0,7,0,0.0,,11.005,0,1.0,,0.0,b01824fc-be43-451f-bc6e-aaab701c144d::roof-flat::flat:7,1.0,,flat_matched
b01824fc-be43-451f-bc6e-aaab701c144d,b01824fc-be43-451f-bc6e-aaab701c144d::ceiling-raw::0:7:1,0,7,1,0.0,,3.205,0,1.0,,0.0,b01824fc-be43-451f-bc6e-aaab701c144d::roof-flat::flat:7,1.0,,flat_matched
b01824fc-be43-451f-bc6e-aaab701c144d,b01824fc-be43-451f-bc6e-aaab701c144d::ceiling-raw::0:7:2,0,7,2,0.0,,0.706,0,1.0,,0.0,b01824fc-be43-451f-bc6e-aaab701c144d::roof-flat::flat:7,1.0,,flat_matched
b4f7407a-5941-4165-947a-a726dc432c69,b4f7407a-5941-4165-947a-a726dc432c69::ceiling-raw::0:0:0,0,0,0,0.0,,27.498,0,1.0,,0.0,b4f7407a-5941-4165-947a-a726dc432c69::roof-flat::flat:8,1.0,,flat_matched
b4f7407a-5941-4165-947a-a726dc432c69,b4f7407a-5941-4165-947a-a726dc432c69::ceiling-raw::0:1:0,0,1,0,0.0,,6.097,0,1.0,,0.0,b4f7407a-5941-4165-947a-a726dc432c69::roof-flat::flat:1,1.0,,flat_matched
b4f7407a-5941-4165-947a-a726dc432c69,b4f7407a-5941-4165-947a-a726dc432c69::ceiling-raw::0:2:0,0,2,0,0.0,,5.459,0,1.0,,0.0,b4f7407a-5941-4165-947a-a726dc432c69::roof-flat::flat:8,1.0,,flat_matched
b4f7407a-5941-4165-947a-a726dc432c69,b4f7407a-5941-4165-947a-a726dc432c69::ceiling-raw::0:3:0,0,3,0,0.0,,1.691,0,1.0,,0.0,b4f7407a-5941-4165-947a-a726dc432c69::roof-flat::flat:8,1.0,,flat_matched
b4f7407a-5941-4165-947a-a726dc432c69,b4f7407a-5941-4165-947a-a726dc432c69::ceiling-raw::0:4:0,0,4,0,0.0,,8.481,0,1.0,,0.0,b4f7407a-5941-4165-947a-a726dc432c69::roof-flat::flat:8,1.0,,flat_matched
b4f7407a-5941-4165-947a-a726dc432c69,b4f7407a-5941-4165-947a-a726dc432c69::ceiling-raw::0:5:0,0,5,0,0.0,,12.857,0,1.0,,0.0,b4f7407a-5941-4165-947a-a726dc432c69::roof-flat::flat:8,1.0,,flat_matched
b4f7407a-5941-4165-947a-a726dc432c69,b4f7407a-5941-4165-947a-a726dc432c69::ceiling-raw::0:6:0,0,6,0,0.0,,5.531,0,1.0,,0.0,b4f7407a-5941-4165-947a-a726dc432c69::roof-flat::flat:8,1.0,,flat_matched
b4f7407a-5941-4165-947a-a726dc432c69,b4f7407a-5941-4165-947a-a726dc432c69::ceiling-raw::0:7:0,0,7,0,0.0,,12.914,0,1.0,,0.0,b4f7407a-5941-4165-947a-a726dc432c69::roof-flat::flat:8,1.0,,flat_matched
b4f7407a-5941-4165-947a-a726dc432c69,b4f7407a-5941-4165-947a-a726dc432c69::ceiling-raw::0:8:0,0,8,0,0.0,,8.306,0,1.0,,0.0,b4f7407a-5941-4165-947a-a726dc432c69::roof-flat::flat:8,1.0,,flat_matched
b53c11aa-8db7-4aad-a24d-3ffa9eeff5de,b53c11aa-8db7-4aad-a24d-3ffa9eeff5de::ceiling-raw::1:0:0,1,0,0,0.0,,45.4,0,1.0,,0.0,b53c11aa-8db7-4aad-a24d-3ffa9eeff5de::roof-flat::flat:4,1.0,,flat_matched
b53c11aa-8db7-4aad-a24d-3ffa9eeff5de,b53c11aa-8db7-4aad-a24d-3ffa9eeff5de::ceiling-raw::1:3:0,1,3,0,0.0,,4.129,0,1.0,,0.0,b53c11aa-8db7-4aad-a24d-3ffa9eeff5de::roof-flat::flat:4,1.0,,flat_matched
b53c11aa-8db7-4aad-a24d-3ffa9eeff5de,b53c11aa-8db7-4aad-a24d-3ffa9eeff5de::ceiling-raw::1:5:0,1,5,0,0.0,,14.921,0,1.0,,0.0,b53c11aa-8db7-4aad-a24d-3ffa9eeff5de::roof-flat::flat:4,1.0,,flat_matched
b53c11aa-8db7-4aad-a24d-3ffa9eeff5de,b53c11aa-8db7-4aad-a24d-3ffa9eeff5de::ceiling-raw::1:6:0,1,6,0,0.0,,16.952,0,1.0,,0.0,b53c11aa-8db7-4aad-a24d-3ffa9eeff5de::roof-flat::flat:4,1.0,,flat_matched
b53c11aa-8db7-4aad-a24d-3ffa9eeff5de,b53c11aa-8db7-4aad-a24d-3ffa9eeff5de::ceiling-raw::1:7:0,1,7,0,0.0,,0.653,0,1.0,,0.0,b53c11aa-8db7-4aad-a24d-3ffa9eeff5de::roof-flat::flat:3,1.0,,flat_matched
b53c11aa-8db7-4aad-a24d-3ffa9eeff5de,b53c11aa-8db7-4aad-a24d-3ffa9eeff5de::ceiling-raw::1:7:1,1,7,1,0.0,,9.109,0,1.0,,0.0,b53c11aa-8db7-4aad-a24d-3ffa9eeff5de::roof-flat::flat:4,1.0,,flat_matched
b53c11aa-8db7-4aad-a24d-3ffa9eeff5de,b53c11aa-8db7-4aad-a24d-3ffa9eeff5de::ceiling-raw::1:7:2,1,7,2,0.0,,2.235,0,1.0,,0.0,b53c11aa-8db7-4aad-a24d-3ffa9eeff5de::roof-flat::flat:4,1.0,,flat_matched
b53c11aa-8db7-4aad-a24d-3ffa9eeff5de,b53c11aa-8db7-4aad-a24d-3ffa9eeff5de::ceiling-raw::2:9:0,2,9,0,43.16,60.8,0.792,1.0,0,b53c11aa-8db7-4aad-a24d-3ffa9eeff5de::roof-oblique::oblique:0,1.0,,0.0,0.999,oblique_matched
b53c11aa-8db7-4aad-a24d-3ffa9eeff5de,b53c11aa-8db7-4aad-a24d-3ffa9eeff5de::ceiling-raw::2:9:1,2,9,1,44.78,62.83,1.641,1.0,0,b53c11aa-8db7-4aad-a24d-3ffa9eeff5de::roof-oblique::oblique:0,1.0,,0.0,1.0,oblique_matched
b53c11aa-8db7-4aad-a24d-3ffa9eeff5de,b53c11aa-8db7-4aad-a24d-3ffa9eeff5de::ceiling-raw::2:9:2,2,9,2,0.0,,14.355,1.0,0,b53c11aa-8db7-4aad-a24d-3ffa9eeff5de::roof-oblique::oblique:0,0.513,,0.0,0.705,flat_covered_by_oblique
b53c11aa-8db7-4aad-a24d-3ffa9eeff5de,b53c11aa-8db7-4aad-a24d-3ffa9eeff5de::ceiling-raw::2:9:3,2,9,3,8.58,151.27,0.225,1.0,0,b53c11aa-8db7-4aad-a24d-3ffa9eeff5de::roof-oblique::oblique:0,1.0,,0.0,0.697,oblique_wrong_orientation
b53c11aa-8db7-4aad-a24d-3ffa9eeff5de,b53c11aa-8db7-4aad-a24d-3ffa9eeff5de::ceiling-raw::2:9:4,2,9,4,20.1,47.92,0.189,1.0,0,b53c11aa-8db7-4aad-a24d-3ffa9eeff5de::roof-oblique::oblique:0,1.0,,0.0,0.9,oblique_matched
b53c11aa-8db7-4aad-a24d-3ffa9eeff5de,b53c11aa-8db7-4aad-a24d-3ffa9eeff5de::ceiling-raw::2:9:5,2,9,5,43.46,55.73,0.548,1.0,0,b53c11aa-8db7-4aad-a24d-3ffa9eeff5de::roof-oblique::oblique:0,1.0,,0.0,0.998,oblique_matched
b53c11aa-8db7-4aad-a24d-3ffa9eeff5de,b53c11aa-8db7-4aad-a24d-3ffa9eeff5de::ceiling-raw::2:9:6,2,9,6,45.86,241.38,6.097,1.0,0,b53c11aa-8db7-4aad-a24d-3ffa9eeff5de::roof-oblique::oblique:1,1.0,,0.0,1.0,oblique_matched
b53c11aa-8db7-4aad-a24d-3ffa9eeff5de,b53c11aa-8db7-4aad-a24d-3ffa9eeff5de::ceiling-raw::2:9:7,2,9,7,47.98,62.34,1.736,1.0,0,b53c11aa-8db7-4aad-a24d-3ffa9eeff5de::roof-oblique::oblique:0,1.0,,0.0,0.999,oblique_matched
b53c11aa-8db7-4aad-a24d-3ffa9eeff5de,b53c11aa-8db7-4aad-a24d-3ffa9eeff5de::ceiling-raw::2:9:8,2,9,8,55.16,61.2,0.689,1.0,0,b53c11aa-8db7-4aad-a24d-3ffa9eeff5de::roof-oblique::oblique:0,1.0,,0.0,0.985,oblique_matched
b53c11aa-8db7-4aad-a24d-3ffa9eeff5de,b53c11aa-8db7-4aad-a24d-3ffa9eeff5de::ceiling-raw::2:9:9,2,9,9,61.38,60.34,0.096,1.0,0,b53c11aa-8db7-4aad-a24d-3ffa9eeff5de::roof-oblique::oblique:0,1.0,,0.0,0.96,oblique_matched
b53c11aa-8db7-4aad-a24d-3ffa9eeff5de,b53c11aa-8db7-4aad-a24d-3ffa9eeff5de::ceiling-raw::2:10:0,2,10,0,0.0,,3.349,1.0,0,b53c11aa-8db7-4aad-a24d-3ffa9eeff5de::roof-oblique::oblique:1,1.0,,0.0,0.709,flat_covered_by_oblique
b53c11aa-8db7-4aad-a24d-3ffa9eeff5de,b53c11aa-8db7-4aad-a24d-3ffa9eeff5de::ceiling-raw::2:10:1,2,10,1,44.16,240.37,3.987,0.999,0,b53c11aa-8db7-4aad-a24d-3ffa9eeff5de::roof-oblique::oblique:1,0.999,,0.0,1.0,oblique_matched
b53c11aa-8db7-4aad-a24d-3ffa9eeff5de,b53c11aa-8db7-4aad-a24d-3ffa9eeff5de::ceiling-raw::2:11:0,2,11,0,0.0,,3.911,1.0,0,b53c11aa-8db7-4aad-a24d-3ffa9eeff5de::roof-oblique::oblique:0,0.918,,0.0,0.705,flat_covered_by_oblique
b53c11aa-8db7-4aad-a24d-3ffa9eeff5de,b53c11aa-8db7-4aad-a24d-3ffa9eeff5de::ceiling-raw::2:11:1,2,11,1,7.76,331.15,0.417,1.0,0,b53c11aa-8db7-4aad-a24d-3ffa9eeff5de::roof-oblique::oblique:0,1.0,,0.0,0.7,oblique_wrong_orientation
b53c11aa-8db7-4aad-a24d-3ffa9eeff5de,b53c11aa-8db7-4aad-a24d-3ffa9eeff5de::ceiling-raw::2:11:2,2,11,2,45.18,61.52,1.475,0.999,0,b53c11aa-8db7-4aad-a24d-3ffa9eeff5de::roof-oblique::oblique:0,0.999,,0.0,1.0,oblique_matched
b65126ae-ccca-4032-876f-e9c1c059862c,b65126ae-ccca-4032-876f-e9c1c059862c::ceiling-raw::0:0:0,0,0,0,0.0,,3.556,0,1.0,,0.0,b65126ae-ccca-4032-876f-e9c1c059862c::roof-flat::flat:4,1.0,,flat_matched
b65126ae-ccca-4032-876f-e9c1c059862c,b65126ae-ccca-4032-876f-e9c1c059862c::ceiling-raw::1:5:0,1,5,0,0.0,,40.751,0,1.0,,0.0,b65126ae-ccca-4032-876f-e9c1c059862c::roof-flat::flat:6,1.0,,flat_matched
b65126ae-ccca-4032-876f-e9c1c059862c,b65126ae-ccca-4032-876f-e9c1c059862c::ceiling-raw::2:8:0,2,8,0,46.45,81.68,2.814,0.108,0.54,b65126ae-ccca-4032-876f-e9c1c059862c::roof-oblique::oblique:1,0.054,b65126ae-ccca-4032-876f-e9c1c059862c::roof-flat::flat:8,0.54,0.073,oblique_covered_by_flat
b65126ae-ccca-4032-876f-e9c1c059862c,b65126ae-ccca-4032-876f-e9c1c059862c::ceiling-raw::2:8:1,2,8,1,48.32,261.68,6.878,1.0,0,b65126ae-ccca-4032-876f-e9c1c059862c::roof-oblique::oblique:1,1.0,,0.0,1.0,oblique_matched
b65126ae-ccca-4032-876f-e9c1c059862c,b65126ae-ccca-4032-876f-e9c1c059862c::ceiling-raw::2:9:0,2,9,0,47.68,263.07,5.033,1.0,0.096,b65126ae-ccca-4032-876f-e9c1c059862c::roof-oblique::oblique:1,0.741,b65126ae-ccca-4032-876f-e9c1c059862c::roof-flat::flat:8,0.096,1.0,oblique_matched
b65126ae-ccca-4032-876f-e9c1c059862c,b65126ae-ccca-4032-876f-e9c1c059862c::ceiling-raw::2:10:0,2,10,0,0.0,,3.874,1.0,0.01,b65126ae-ccca-4032-876f-e9c1c059862c::roof-oblique::oblique:3,0.833,b65126ae-ccca-4032-876f-e9c1c059862c::roof-flat::flat:8,0.01,0.937,flat_covered_by_oblique
b65126ae-ccca-4032-876f-e9c1c059862c,b65126ae-ccca-4032-876f-e9c1c059862c::ceiling-raw::2:10:1,2,10,1,43.44,261.85,0.194,1.0,0,b65126ae-ccca-4032-876f-e9c1c059862c::roof-oblique::oblique:1,0.926,,0.0,0.997,oblique_matched
b65126ae-ccca-4032-876f-e9c1c059862c,b65126ae-ccca-4032-876f-e9c1c059862c::ceiling-raw::2:10:2,2,10,2,47.67,82.56,5.478,1.0,0.098,b65126ae-ccca-4032-876f-e9c1c059862c::roof-oblique::oblique:3,0.67,b65126ae-ccca-4032-876f-e9c1c059862c::roof-flat::flat:8,0.098,0.634,oblique_wrong_orientation
b65126ae-ccca-4032-876f-e9c1c059862c,b65126ae-ccca-4032-876f-e9c1c059862c::ceiling-raw::2:10:3,2,10,3,72.89,261.84,1.633,1.0,0.0,b65126ae-ccca-4032-876f-e9c1c059862c::roof-oblique::oblique:1,0.997,b65126ae-ccca-4032-876f-e9c1c059862c::roof-flat::flat:2,0.0,0.905,oblique_matched
b65126ae-ccca-4032-876f-e9c1c059862c,b65126ae-ccca-4032-876f-e9c1c059862c::ceiling-raw::2:10:4,2,10,4,74.64,189.73,0.4,1.0,0,b65126ae-ccca-4032-876f-e9c1c059862c::roof-oblique::oblique:3,1.0,,0.0,0.569,oblique_wrong_orientation
b65126ae-ccca-4032-876f-e9c1c059862c,b65126ae-ccca-4032-876f-e9c1c059862c::ceiling-raw::2:10:5,2,10,5,78.11,215.0,0.194,1.0,0,b65126ae-ccca-4032-876f-e9c1c059862c::roof-oblique::oblique:1,0.697,,0.0,0.635,oblique_wrong_orientation
b65126ae-ccca-4032-876f-e9c1c059862c,b65126ae-ccca-4032-876f-e9c1c059862c::ceiling-raw::2:11:0,2,11,0,26.26,81.84,0.466,0.92,1.0,b65126ae-ccca-4032-876f-e9c1c059862c::roof-oblique::oblique:0,0.688,b65126ae-ccca-4032-876f-e9c1c059862c::roof-flat::flat:2,1.0,0.936,oblique_matched
b65126ae-ccca-4032-876f-e9c1c059862c,b65126ae-ccca-4032-876f-e9c1c059862c::ceiling-raw::2:11:1,2,11,1,26.86,94.98,0.662,1.0,1.0,b65126ae-ccca-4032-876f-e9c1c059862c::roof-oblique::oblique:3,0.784,b65126ae-ccca-4032-876f-e9c1c059862c::roof-flat::flat:2,1.0,0.872,oblique_matched
b65126ae-ccca-4032-876f-e9c1c059862c,b65126ae-ccca-4032-876f-e9c1c059862c::ceiling-raw::2:11:2,2,11,2,33.04,41.16,0.211,0.875,1.0,b65126ae-ccca-4032-876f-e9c1c059862c::roof-oblique::oblique:0,0.875,b65126ae-ccca-4032-876f-e9c1c059862c::roof-flat::flat:2,1.0,0.875,oblique_matched
b65126ae-ccca-4032-876f-e9c1c059862c,b65126ae-ccca-4032-876f-e9c1c059862c::ceiling-raw::2:11:3,2,11,3,36.5,81.84,0.303,0.334,1.0,b65126ae-ccca-4032-876f-e9c1c059862c::roof-oblique::oblique:0,0.334,b65126ae-ccca-4032-876f-e9c1c059862c::roof-flat::flat:2,1.0,0.984,oblique_covered_by_flat
b65126ae-ccca-4032-876f-e9c1c059862c,b65126ae-ccca-4032-876f-e9c1c059862c::ceiling-raw::2:11:4,2,11,4,36.95,71.46,0.375,0.141,1.0,b65126ae-ccca-4032-876f-e9c1c059862c::roof-oblique::oblique:0,0.141,b65126ae-ccca-4032-876f-e9c1c059862c::roof-flat::flat:2,1.0,0.978,oblique_covered_by_flat
b65126ae-ccca-4032-876f-e9c1c059862c,b65126ae-ccca-4032-876f-e9c1c059862c::ceiling-raw::2:11:5,2,11,5,43.66,81.84,0.662,1.0,1.0,b65126ae-ccca-4032-876f-e9c1c059862c::roof-oblique::oblique:3,0.66,b65126ae-ccca-4032-876f-e9c1c059862c::roof-flat::flat:2,1.0,0.678,oblique_wrong_orientation
b65126ae-ccca-4032-876f-e9c1c059862c,b65126ae-ccca-4032-876f-e9c1c059862c::ceiling-raw::2:11:6,2,11,6,46.5,81.84,0.339,0.364,1.0,b65126ae-ccca-4032-876f-e9c1c059862c::roof-oblique::oblique:0,0.364,b65126ae-ccca-4032-876f-e9c1c059862c::roof-flat::flat:2,1.0,1.0,oblique_covered_by_flat
b65126ae-ccca-4032-876f-e9c1c059862c,b65126ae-ccca-4032-876f-e9c1c059862c::ceiling-raw::2:12:0,2,12,0,20.44,172.26,3.883,1.0,1.0,b65126ae-ccca-4032-876f-e9c1c059862c::roof-oblique::oblique:0,1.0,b65126ae-ccca-4032-876f-e9c1c059862c::roof-flat::flat:8,1.0,0.638,oblique_wrong_orientation
b65126ae-ccca-4032-876f-e9c1c059862c,b65126ae-ccca-4032-876f-e9c1c059862c::ceiling-raw::2:12:1,2,12,1,20.75,352.26,3.821,1.0,1.0,b65126ae-ccca-4032-876f-e9c1c059862c::roof-oblique::oblique:0,1.0,b65126ae-ccca-4032-876f-e9c1c059862c::roof-flat::flat:8,1.0,0.641,oblique_wrong_orientation
b8782b87-5800-42dd-8926-07d8f11cafc0,b8782b87-5800-42dd-8926-07d8f11cafc0::ceiling-raw::0:0:0,0,0,0,0.0,,6.122,0,1.0,,0.0,b8782b87-5800-42dd-8926-07d8f11cafc0::roof-flat::flat:9,1.0,,flat_matched
b8782b87-5800-42dd-8926-07d8f11cafc0,b8782b87-5800-42dd-8926-07d8f11cafc0::ceiling-raw::0:1:0,0,1,0,0.0,,11.282,0,1.0,,0.0,b8782b87-5800-42dd-8926-07d8f11cafc0::roof-flat::flat:9,1.0,,flat_matched
b8782b87-5800-42dd-8926-07d8f11cafc0,b8782b87-5800-42dd-8926-07d8f11cafc0::ceiling-raw::0:2:0,0,2,0,0.0,,14.749,0,1.0,,0.0,b8782b87-5800-42dd-8926-07d8f11cafc0::roof-flat::flat:9,1.0,,flat_matched
b8782b87-5800-42dd-8926-07d8f11cafc0,b8782b87-5800-42dd-8926-07d8f11cafc0::ceiling-raw::0:3:0,0,3,0,0.0,,45.635,0,1.0,,0.0,b8782b87-5800-42dd-8926-07d8f11cafc0::roof-flat::flat:9,1.0,,flat_matched
b8782b87-5800-42dd-8926-07d8f11cafc0,b8782b87-5800-42dd-8926-07d8f11cafc0::ceiling-raw::0:4:0,0,4,0,0.0,,5.978,0,1.0,,0.0,b8782b87-5800-42dd-8926-07d8f11cafc0::roof-flat::flat:9,1.0,,flat_matched
b8782b87-5800-42dd-8926-07d8f11cafc0,b8782b87-5800-42dd-8926-07d8f11cafc0::ceiling-raw::0:5:0,0,5,0,0.0,,6.382,0,1.0,,0.0,b8782b87-5800-42dd-8926-07d8f11cafc0::roof-flat::flat:9,1.0,,flat_matched
b8782b87-5800-42dd-8926-07d8f11cafc0,b8782b87-5800-42dd-8926-07d8f11cafc0::ceiling-raw::0:6:0,0,6,0,0.0,,11.989,0,1.0,,0.0,b8782b87-5800-42dd-8926-07d8f11cafc0::roof-flat::flat:9,1.0,,flat_matched
b8782b87-5800-42dd-8926-07d8f11cafc0,b8782b87-5800-42dd-8926-07d8f11cafc0::ceiling-raw::0:7:0,0,7,0,0.0,,4.083,0,1.0,,0.0,b8782b87-5800-42dd-8926-07d8f11cafc0::roof-flat::flat:9,1.0,,flat_matched
b8782b87-5800-42dd-8926-07d8f11cafc0,b8782b87-5800-42dd-8926-07d8f11cafc0::ceiling-raw::0:7:1,0,7,1,0.0,,9.139,0,1.0,,0.0,b8782b87-5800-42dd-8926-07d8f11cafc0::roof-flat::flat:9,1.0,,flat_matched
b8782b87-5800-42dd-8926-07d8f11cafc0,b8782b87-5800-42dd-8926-07d8f11cafc0::ceiling-raw::0:9:0,0,9,0,0.0,,8.847,0,1.0,,0.0,b8782b87-5800-42dd-8926-07d8f11cafc0::roof-flat::flat:9,1.0,,flat_matched
b8cefbc4-bb4e-4d53-be56-990780166cae,b8cefbc4-bb4e-4d53-be56-990780166cae::ceiling-raw::0:2:0,0,2,0,0.0,,15.588,0,1.0,,0.0,b8cefbc4-bb4e-4d53-be56-990780166cae::roof-flat::flat:3,1.0,,flat_matched
b8cefbc4-bb4e-4d53-be56-990780166cae,b8cefbc4-bb4e-4d53-be56-990780166cae::ceiling-raw::0:4:0,0,4,0,0.0,,7.279,0,1.0,,0.0,b8cefbc4-bb4e-4d53-be56-990780166cae::roof-flat::flat:3,1.0,,flat_matched
b8cefbc4-bb4e-4d53-be56-990780166cae,b8cefbc4-bb4e-4d53-be56-990780166cae::ceiling-raw::0:5:0,0,5,0,0.0,,7.379,0,1.0,,0.0,b8cefbc4-bb4e-4d53-be56-990780166cae::roof-flat::flat:3,1.0,,flat_matched
b8cefbc4-bb4e-4d53-be56-990780166cae,b8cefbc4-bb4e-4d53-be56-990780166cae::ceiling-raw::2:12:0,2,12,0,0.0,,2.402,1.0,0,b8cefbc4-bb4e-4d53-be56-990780166cae::roof-oblique::oblique:0,1.0,,0.0,0.661,flat_covered_by_oblique
b8cefbc4-bb4e-4d53-be56-990780166cae,b8cefbc4-bb4e-4d53-be56-990780166cae::ceiling-raw::2:12:1,2,12,1,48.92,167.36,2.635,0.999,0,b8cefbc4-bb4e-4d53-be56-990780166cae::roof-oblique::oblique:0,0.999,,0.0,1.0,oblique_matched
b8cefbc4-bb4e-4d53-be56-990780166cae,b8cefbc4-bb4e-4d53-be56-990780166cae::ceiling-raw::2:13:0,2,13,0,0.0,,11.836,0.99,0,b8cefbc4-bb4e-4d53-be56-990780166cae::roof-oblique::oblique:1,0.691,,0.0,0.673,flat_covered_by_oblique
b8cefbc4-bb4e-4d53-be56-990780166cae,b8cefbc4-bb4e-4d53-be56-990780166cae::ceiling-raw::2:13:1,2,13,1,0.22,186.24,0.433,1.0,0,b8cefbc4-bb4e-4d53-be56-990780166cae::roof-oblique::oblique:1,1.0,,0.0,0.67,flat_covered_by_oblique
b8cefbc4-bb4e-4d53-be56-990780166cae,b8cefbc4-bb4e-4d53-be56-990780166cae::ceiling-raw::2:13:2,2,13,2,15.77,346.64,2.146,1.0,0,b8cefbc4-bb4e-4d53-be56-990780166cae::roof-oblique::oblique:1,1.0,,0.0,0.849,oblique_matched
b8cefbc4-bb4e-4d53-be56-990780166cae,b8cefbc4-bb4e-4d53-be56-990780166cae::ceiling-raw::2:13:3,2,13,3,34.57,281.85,0.875,1.0,0,b8cefbc4-bb4e-4d53-be56-990780166cae::roof-oblique::oblique:1,1.0,,0.0,0.726,oblique_wrong_orientation
b8cefbc4-bb4e-4d53-be56-990780166cae,b8cefbc4-bb4e-4d53-be56-990780166cae::ceiling-raw::2:13:4,2,13,4,47.04,347.65,0.875,1.0,0,b8cefbc4-bb4e-4d53-be56-990780166cae::roof-oblique::oblique:1,1.0,,0.0,1.0,oblique_matched
b8cefbc4-bb4e-4d53-be56-990780166cae,b8cefbc4-bb4e-4d53-be56-990780166cae::ceiling-raw::2:13:5,2,13,5,52.95,16.58,0.797,1.0,0,b8cefbc4-bb4e-4d53-be56-990780166cae::roof-oblique::oblique:1,1.0,,0.0,0.922,oblique_matched
b8cefbc4-bb4e-4d53-be56-990780166cae,b8cefbc4-bb4e-4d53-be56-990780166cae::ceiling-raw::2:13:8,2,13,8,0.0,,3.365,1.0,0,b8cefbc4-bb4e-4d53-be56-990780166cae::roof-oblique::oblique:0,0.704,,0.0,0.661,flat_covered_by_oblique
b8cefbc4-bb4e-4d53-be56-990780166cae,b8cefbc4-bb4e-4d53-be56-990780166cae::ceiling-raw::2:14:0,2,14,0,0.0,,1.973,1.0,0,b8cefbc4-bb4e-4d53-be56-990780166cae::roof-oblique::oblique:1,1.0,,0.0,0.673,flat_covered_by_oblique
b8cefbc4-bb4e-4d53-be56-990780166cae,b8cefbc4-bb4e-4d53-be56-990780166cae::ceiling-raw::2:14:1,2,14,1,14.19,77.65,2.25,1.0,0,b8cefbc4-bb4e-4d53-be56-990780166cae::roof-oblique::oblique:1,1.0,,0.0,0.652,oblique_wrong_orientation
b8cefbc4-bb4e-4d53-be56-990780166cae,b8cefbc4-bb4e-4d53-be56-990780166cae::ceiling-raw::2:14:2,2,14,2,33.16,10.41,2.545,1.0,0,b8cefbc4-bb4e-4d53-be56-990780166cae::roof-oblique::oblique:1,1.0,,0.0,0.936,oblique_matched
b8cefbc4-bb4e-4d53-be56-990780166cae,b8cefbc4-bb4e-4d53-be56-990780166cae::ceiling-raw::2:14:3,2,14,3,43.85,77.65,0.405,1.0,0,b8cefbc4-bb4e-4d53-be56-990780166cae::roof-oblique::oblique:1,1.0,,0.0,0.485,oblique_wrong_orientation
b8cefbc4-bb4e-4d53-be56-990780166cae,b8cefbc4-bb4e-4d53-be56-990780166cae::ceiling-raw::2:14:4,2,14,4,46.61,347.93,5.981,1.0,0,b8cefbc4-bb4e-4d53-be56-990780166cae::roof-oblique::oblique:1,1.0,,0.0,1.0,oblique_matched
b8cefbc4-bb4e-4d53-be56-990780166cae,b8cefbc4-bb4e-4d53-be56-990780166cae::ceiling-raw::2:14:5,2,14,5,79.49,164.96,0.231,1.0,0,b8cefbc4-bb4e-4d53-be56-990780166cae::roof-oblique::oblique:1,1.0,,0.0,0.604,oblique_wrong_orientation
b8cefbc4-bb4e-4d53-be56-990780166cae,b8cefbc4-bb4e-4d53-be56-990780166cae::ceiling-raw::2:14:6,2,14,6,48.35,77.65,0.572,1.0,0,b8cefbc4-bb4e-4d53-be56-990780166cae::roof-oblique::oblique:1,1.0,,0.0,0.447,oblique_wrong_orientation
b8cefbc4-bb4e-4d53-be56-990780166cae,b8cefbc4-bb4e-4d53-be56-990780166cae::ceiling-raw::2:15:0,2,15,0,0.0,,5.62,1.0,0,b8cefbc4-bb4e-4d53-be56-990780166cae::roof-oblique::oblique:0,1.0,,0.0,0.661,flat_covered_by_oblique
b8cefbc4-bb4e-4d53-be56-990780166cae,b8cefbc4-bb4e-4d53-be56-990780166cae::ceiling-raw::2:15:1,2,15,1,46.4,165.88,3.382,1.0,0,b8cefbc4-bb4e-4d53-be56-990780166cae::roof-oblique::oblique:0,1.0,,0.0,0.999,oblique_matched
b8cefbc4-bb4e-4d53-be56-990780166cae,b8cefbc4-bb4e-4d53-be56-990780166cae::ceiling-raw::2:16:0,2,16,0,0.0,,0.662,0.86,0,b8cefbc4-bb4e-4d53-be56-990780166cae::roof-oblique::oblique:0,0.86,,0.0,0.661,flat_covered_by_oblique
b8cefbc4-bb4e-4d53-be56-990780166cae,b8cefbc4-bb4e-4d53-be56-990780166cae::ceiling-raw::2:16:1,2,16,1,0.0,,0.717,0.995,0,b8cefbc4-bb4e-4d53-be56-990780166cae::roof-oblique::oblique:0,0.995,,0.0,0.661,flat_covered_by_oblique
b8cefbc4-bb4e-4d53-be56-990780166cae,b8cefbc4-bb4e-4d53-be56-990780166cae::ceiling-raw::2:16:2,2,16,2,34.45,257.65,0.287,1.0,0,b8cefbc4-bb4e-4d53-be56-990780166cae::roof-oblique::oblique:0,1.0,,0.0,0.545,oblique_wrong_orientation
b8cefbc4-bb4e-4d53-be56-990780166cae,b8cefbc4-bb4e-4d53-be56-990780166cae::ceiling-raw::2:16:3,2,16,3,36.55,230.45,1.379,0.925,0,b8cefbc4-bb4e-4d53-be56-990780166cae::roof-oblique::oblique:0,0.925,,0.0,0.735,oblique_wrong_orientation
b8cefbc4-bb4e-4d53-be56-990780166cae,b8cefbc4-bb4e-4d53-be56-990780166cae::ceiling-raw::2:16:4,2,16,4,38.01,167.65,0.289,1.0,0,b8cefbc4-bb4e-4d53-be56-990780166cae::roof-oblique::oblique:0,1.0,,0.0,0.983,oblique_matched
b8cefbc4-bb4e-4d53-be56-990780166cae,b8cefbc4-bb4e-4d53-be56-990780166cae::ceiling-raw::2:16:5,2,16,5,39.23,257.65,0.241,1.0,0,b8cefbc4-bb4e-4d53-be56-990780166cae::roof-oblique::oblique:0,1.0,,0.0,0.512,oblique_wrong_orientation
b8cefbc4-bb4e-4d53-be56-990780166cae,b8cefbc4-bb4e-4d53-be56-990780166cae::ceiling-raw::2:16:6,2,16,6,47.94,77.65,1.065,0.944,0,b8cefbc4-bb4e-4d53-be56-990780166cae::roof-oblique::oblique:0,0.944,,0.0,0.443,oblique_wrong_orientation
b8cefbc4-bb4e-4d53-be56-990780166cae,b8cefbc4-bb4e-4d53-be56-990780166cae::ceiling-raw::2:16:7,2,16,7,48.96,167.65,1.375,0,0,,0.0,,0.0,,uncovered
b8cefbc4-bb4e-4d53-be56-990780166cae,b8cefbc4-bb4e-4d53-be56-990780166cae::ceiling-raw::2:16:8,2,16,8,51.42,167.66,0.111,1.0,0,b8cefbc4-bb4e-4d53-be56-990780166cae::roof-oblique::oblique:0,1.0,,0.0,0.999,oblique_matched
b8cefbc4-bb4e-4d53-be56-990780166cae,b8cefbc4-bb4e-4d53-be56-990780166cae::ceiling-raw::2:16:9,2,16,9,51.42,167.65,0.194,1.0,0,b8cefbc4-bb4e-4d53-be56-990780166cae::roof-oblique::oblique:0,1.0,,0.0,0.999,oblique_matched
b8cefbc4-bb4e-4d53-be56-990780166cae,b8cefbc4-bb4e-4d53-be56-990780166cae::ceiling-raw::2:16:10,2,16,10,57.94,123.68,0.276,0,0,,0.0,,0.0,,uncovered
b8cefbc4-bb4e-4d53-be56-990780166cae,b8cefbc4-bb4e-4d53-be56-990780166cae::ceiling-raw::2:16:11,2,16,11,58.81,167.65,0.276,0,0,,0.0,,0.0,,uncovered
b8cefbc4-bb4e-4d53-be56-990780166cae,b8cefbc4-bb4e-4d53-be56-990780166cae::ceiling-raw::2:16:12,2,16,12,60.53,188.63,0.483,0,0,,0.0,,0.0,,uncovered
b8cefbc4-bb4e-4d53-be56-990780166cae,b8cefbc4-bb4e-4d53-be56-990780166cae::ceiling-raw::2:16:13,2,16,13,64.28,347.65,0.117,1.0,0,b8cefbc4-bb4e-4d53-be56-990780166cae::roof-oblique::oblique:0,1.0,,0.0,0.39,oblique_wrong_orientation
b8cefbc4-bb4e-4d53-be56-990780166cae,b8cefbc4-bb4e-4d53-be56-990780166cae::ceiling-raw::2:16:14,2,16,14,70.52,77.65,0.07,1.0,0,b8cefbc4-bb4e-4d53-be56-990780166cae::roof-oblique::oblique:0,1.0,,0.0,0.22,oblique_wrong_orientation
b8def755-9829-4141-8ecb-3e71ef446d0d,b8def755-9829-4141-8ecb-3e71ef446d0d::ceiling-raw::1:6:0,1,6,0,0.0,,7.411,0,1.0,,0.0,b8def755-9829-4141-8ecb-3e71ef446d0d::roof-flat::flat:3,1.0,,flat_matched
b8def755-9829-4141-8ecb-3e71ef446d0d,b8def755-9829-4141-8ecb-3e71ef446d0d::ceiling-raw::1:8:0,1,8,0,0.0,,4.557,0,1.0,,0.0,b8def755-9829-4141-8ecb-3e71ef446d0d::roof-flat::flat:3,1.0,,flat_matched
b8def755-9829-4141-8ecb-3e71ef446d0d,b8def755-9829-4141-8ecb-3e71ef446d0d::ceiling-raw::1:9:0,1,9,0,21.68,140.8,3.679,0,1.0,,0.0,b8def755-9829-4141-8ecb-3e71ef446d0d::roof-flat::flat:3,1.0,,oblique_covered_by_flat
b8def755-9829-4141-8ecb-3e71ef446d0d,b8def755-9829-4141-8ecb-3e71ef446d0d::ceiling-raw::1:9:1,1,9,1,23.08,189.41,0.869,0,1.0,,0.0,b8def755-9829-4141-8ecb-3e71ef446d0d::roof-flat::flat:3,1.0,,oblique_covered_by_flat
b8def755-9829-4141-8ecb-3e71ef446d0d,b8def755-9829-4141-8ecb-3e71ef446d0d::ceiling-raw::2:10:0,2,10,0,0.0,,1.236,1.0,0,b8def755-9829-4141-8ecb-3e71ef446d0d::roof-oblique::oblique:1,0.501,,0.0,0.66,flat_covered_by_oblique
b8def755-9829-4141-8ecb-3e71ef446d0d,b8def755-9829-4141-8ecb-3e71ef446d0d::ceiling-raw::2:10:1,2,10,1,0.0,,0.156,1.0,0,b8def755-9829-4141-8ecb-3e71ef446d0d::roof-oblique::oblique:0,1.0,,0.0,0.647,flat_covered_by_oblique
b8def755-9829-4141-8ecb-3e71ef446d0d,b8def755-9829-4141-8ecb-3e71ef446d0d::ceiling-raw::2:10:2,2,10,2,28.55,139.0,2.255,1.0,0,b8def755-9829-4141-8ecb-3e71ef446d0d::roof-oblique::oblique:0,1.0,,0.0,0.933,oblique_matched
b8def755-9829-4141-8ecb-3e71ef446d0d,b8def755-9829-4141-8ecb-3e71ef446d0d::ceiling-raw::2:10:3,2,10,3,38.29,49.0,0.168,1.0,0,b8def755-9829-4141-8ecb-3e71ef446d0d::roof-oblique::oblique:0,1.0,,0.0,0.508,oblique_wrong_orientation
b8def755-9829-4141-8ecb-3e71ef446d0d,b8def755-9829-4141-8ecb-3e71ef446d0d::ceiling-raw::2:10:4,2,10,4,38.62,139.01,2.754,1.0,0,b8def755-9829-4141-8ecb-3e71ef446d0d::roof-oblique::oblique:0,1.0,,0.0,0.981,oblique_matched
b8def755-9829-4141-8ecb-3e71ef446d0d,b8def755-9829-4141-8ecb-3e71ef446d0d::ceiling-raw::2:10:5,2,10,5,48.32,94.36,0.716,1.0,0,b8def755-9829-4141-8ecb-3e71ef446d0d::roof-oblique::oblique:0,1.0,,0.0,0.835,oblique_matched
b8def755-9829-4141-8ecb-3e71ef446d0d,b8def755-9829-4141-8ecb-3e71ef446d0d::ceiling-raw::2:10:6,2,10,6,48.58,319.01,12.488,1.0,0,b8def755-9829-4141-8ecb-3e71ef446d0d::roof-oblique::oblique:1,1.0,,0.0,1.0,oblique_matched
b8def755-9829-4141-8ecb-3e71ef446d0d,b8def755-9829-4141-8ecb-3e71ef446d0d::ceiling-raw::2:10:7,2,10,7,49.0,139.01,1.47,1.0,0,b8def755-9829-4141-8ecb-3e71ef446d0d::roof-oblique::oblique:0,1.0,,0.0,1.0,oblique_matched
b8def755-9829-4141-8ecb-3e71ef446d0d,b8def755-9829-4141-8ecb-3e71ef446d0d::ceiling-raw::2:10:8,2,10,8,51.36,123.77,2.754,1.0,0,b8def755-9829-4141-8ecb-3e71ef446d0d::roof-oblique::oblique:0,1.0,,0.0,0.979,oblique_matched
b8def755-9829-4141-8ecb-3e71ef446d0d,b8def755-9829-4141-8ecb-3e71ef446d0d::ceiling-raw::2:10:9,2,10,9,51.68,139.01,2.153,1.0,0,b8def755-9829-4141-8ecb-3e71ef446d0d::roof-oblique::oblique:0,1.0,,0.0,0.999,oblique_matched
b8def755-9829-4141-8ecb-3e71ef446d0d,b8def755-9829-4141-8ecb-3e71ef446d0d::ceiling-raw::2:10:10,2,10,10,64.02,229.0,0.061,1.0,0,b8def755-9829-4141-8ecb-3e71ef446d0d::roof-oblique::oblique:0,1.0,,0.0,0.284,oblique_wrong_orientation
b8def755-9829-4141-8ecb-3e71ef446d0d,b8def755-9829-4141-8ecb-3e71ef446d0d::ceiling-raw::2:10:11,2,10,11,65.54,214.68,0.717,1.0,0,b8def755-9829-4141-8ecb-3e71ef446d0d::roof-oblique::oblique:0,1.0,,0.0,0.44,oblique_wrong_orientation
b8def755-9829-4141-8ecb-3e71ef446d0d,b8def755-9829-4141-8ecb-3e71ef446d0d::ceiling-raw::2:10:12,2,10,12,72.69,304.76,0.094,1.0,0,b8def755-9829-4141-8ecb-3e71ef446d0d::roof-oblique::oblique:0,1.0,,0.0,0.513,oblique_wrong_orientation
b8f923d9-dc6a-4cc2-b99c-b98bb7d01f57,b8f923d9-dc6a-4cc2-b99c-b98bb7d01f57::ceiling-raw::0:0:0,0,0,0,4.8,144.3,11.178,0,1.0,,0.0,b8f923d9-dc6a-4cc2-b99c-b98bb7d01f57::roof-flat::flat:1,1.0,,flat_matched
b8f923d9-dc6a-4cc2-b99c-b98bb7d01f57,b8f923d9-dc6a-4cc2-b99c-b98bb7d01f57::ceiling-raw::0:0:1,0,0,1,12.46,54.45,2.312,0,1.0,,0.0,b8f923d9-dc6a-4cc2-b99c-b98bb7d01f57::roof-flat::flat:1,1.0,,oblique_covered_by_flat
b8f923d9-dc6a-4cc2-b99c-b98bb7d01f57,b8f923d9-dc6a-4cc2-b99c-b98bb7d01f57::ceiling-raw::0:1:0,0,1,0,0.0,,4.564,0,1.0,,0.0,b8f923d9-dc6a-4cc2-b99c-b98bb7d01f57::roof-flat::flat:1,1.0,,flat_matched
b8f923d9-dc6a-4cc2-b99c-b98bb7d01f57,b8f923d9-dc6a-4cc2-b99c-b98bb7d01f57::ceiling-raw::0:1:1,0,1,1,0.0,,1.34,0,1.0,,0.0,b8f923d9-dc6a-4cc2-b99c-b98bb7d01f57::roof-flat::flat:1,1.0,,flat_matched
b8f923d9-dc6a-4cc2-b99c-b98bb7d01f57,b8f923d9-dc6a-4cc2-b99c-b98bb7d01f57::ceiling-raw::0:1:2,0,1,2,14.71,325.09,0.539,0,1.0,,0.0,b8f923d9-dc6a-4cc2-b99c-b98bb7d01f57::roof-flat::flat:1,1.0,,oblique_covered_by_flat
b8f923d9-dc6a-4cc2-b99c-b98bb7d01f57,b8f923d9-dc6a-4cc2-b99c-b98bb7d01f57::ceiling-raw::0:1:3,0,1,3,34.69,293.27,1.325,0,1.0,,0.0,b8f923d9-dc6a-4cc2-b99c-b98bb7d01f57::roof-flat::flat:1,1.0,,oblique_covered_by_flat
b8f923d9-dc6a-4cc2-b99c-b98bb7d01f57,b8f923d9-dc6a-4cc2-b99c-b98bb7d01f57::ceiling-raw::0:1:4,0,1,4,37.72,4.51,0.534,0,1.0,,0.0,b8f923d9-dc6a-4cc2-b99c-b98bb7d01f57::roof-flat::flat:1,1.0,,oblique_covered_by_flat
b8f923d9-dc6a-4cc2-b99c-b98bb7d01f57,b8f923d9-dc6a-4cc2-b99c-b98bb7d01f57::ceiling-raw::0:1:5,0,1,5,41.86,168.05,0.556,0,1.0,,0.0,b8f923d9-dc6a-4cc2-b99c-b98bb7d01f57::roof-flat::flat:0,1.0,,oblique_covered_by_flat
b8f923d9-dc6a-4cc2-b99c-b98bb7d01f57,b8f923d9-dc6a-4cc2-b99c-b98bb7d01f57::ceiling-raw::0:1:6,0,1,6,54.22,145.08,0.237,0,1.0,,0.0,b8f923d9-dc6a-4cc2-b99c-b98bb7d01f57::roof-flat::flat:1,1.0,,oblique_covered_by_flat
b8f923d9-dc6a-4cc2-b99c-b98bb7d01f57,b8f923d9-dc6a-4cc2-b99c-b98bb7d01f57::ceiling-raw::0:1:7,0,1,7,55.84,124.73,0.228,0,1.0,,0.0,b8f923d9-dc6a-4cc2-b99c-b98bb7d01f57::roof-flat::flat:1,1.0,,oblique_covered_by_flat
b9575f6d-aa02-4540-ba49-d8e823a41067,b9575f6d-aa02-4540-ba49-d8e823a41067::ceiling-raw::0:0:0,0,0,0,0.0,,22.148,0,1.0,,0.0,b9575f6d-aa02-4540-ba49-d8e823a41067::roof-flat::flat:9,1.0,,flat_matched
b9575f6d-aa02-4540-ba49-d8e823a41067,b9575f6d-aa02-4540-ba49-d8e823a41067::ceiling-raw::0:1:0,0,1,0,0.0,,14.327,0,1.0,,0.0,b9575f6d-aa02-4540-ba49-d8e823a41067::roof-flat::flat:9,1.0,,flat_matched
b9575f6d-aa02-4540-ba49-d8e823a41067,b9575f6d-aa02-4540-ba49-d8e823a41067::ceiling-raw::0:2:0,0,2,0,0.0,,4.617,0,1.0,,0.0,b9575f6d-aa02-4540-ba49-d8e823a41067::roof-flat::flat:9,1.0,,flat_matched
b9575f6d-aa02-4540-ba49-d8e823a41067,b9575f6d-aa02-4540-ba49-d8e823a41067::ceiling-raw::0:3:0,0,3,0,0.0,,6.965,0,1.0,,0.0,b9575f6d-aa02-4540-ba49-d8e823a41067::roof-flat::flat:9,1.0,,flat_matched
b9575f6d-aa02-4540-ba49-d8e823a41067,b9575f6d-aa02-4540-ba49-d8e823a41067::ceiling-raw::0:4:0,0,4,0,0.0,,4.105,0,1.0,,0.0,b9575f6d-aa02-4540-ba49-d8e823a41067::roof-flat::flat:4,1.0,,flat_matched
b9575f6d-aa02-4540-ba49-d8e823a41067,b9575f6d-aa02-4540-ba49-d8e823a41067::ceiling-raw::0:4:1,0,4,1,0.0,,6.783,0,1.0,,0.0,b9575f6d-aa02-4540-ba49-d8e823a41067::roof-flat::flat:9,1.0,,flat_matched
b9575f6d-aa02-4540-ba49-d8e823a41067,b9575f6d-aa02-4540-ba49-d8e823a41067::ceiling-raw::0:5:0,0,5,0,0.0,,3.122,0,1.0,,0.0,b9575f6d-aa02-4540-ba49-d8e823a41067::roof-flat::flat:9,1.0,,flat_matched
b9575f6d-aa02-4540-ba49-d8e823a41067,b9575f6d-aa02-4540-ba49-d8e823a41067::ceiling-raw::0:6:0,0,6,0,0.0,,6.898,0,1.0,,0.0,b9575f6d-aa02-4540-ba49-d8e823a41067::roof-flat::flat:9,1.0,,flat_matched
b9575f6d-aa02-4540-ba49-d8e823a41067,b9575f6d-aa02-4540-ba49-d8e823a41067::ceiling-raw::0:7:0,0,7,0,0.0,,28.319,0,1.0,,0.0,b9575f6d-aa02-4540-ba49-d8e823a41067::roof-flat::flat:9,1.0,,flat_matched
b9575f6d-aa02-4540-ba49-d8e823a41067,b9575f6d-aa02-4540-ba49-d8e823a41067::ceiling-raw::0:8:0,0,8,0,0.0,,28.281,0,1.0,,0.0,b9575f6d-aa02-4540-ba49-d8e823a41067::roof-flat::flat:9,1.0,,flat_matched
bad532ea-75de-411a-a390-77f4d6a93ff8,bad532ea-75de-411a-a390-77f4d6a93ff8::ceiling-raw::4:0:0,4,0,0,0.0,,1.408,1.0,0,bad532ea-75de-411a-a390-77f4d6a93ff8::roof-oblique::oblique:0,0.89,,0.0,0.753,flat_covered_by_oblique
bad532ea-75de-411a-a390-77f4d6a93ff8,bad532ea-75de-411a-a390-77f4d6a93ff8::ceiling-raw::4:0:1,4,0,1,24.63,40.12,1.157,1.0,0,bad532ea-75de-411a-a390-77f4d6a93ff8::roof-oblique::oblique:0,1.0,,0.0,0.838,oblique_matched
bad532ea-75de-411a-a390-77f4d6a93ff8,bad532ea-75de-411a-a390-77f4d6a93ff8::ceiling-raw::4:0:2,4,0,2,25.1,102.09,0.665,1.0,0,bad532ea-75de-411a-a390-77f4d6a93ff8::roof-oblique::oblique:0,1.0,,0.0,0.959,oblique_matched
bad532ea-75de-411a-a390-77f4d6a93ff8,bad532ea-75de-411a-a390-77f4d6a93ff8::ceiling-raw::4:0:3,4,0,3,37.64,166.5,1.994,1.0,0,bad532ea-75de-411a-a390-77f4d6a93ff8::roof-oblique::oblique:0,1.0,,0.0,0.73,oblique_wrong_orientation
bad532ea-75de-411a-a390-77f4d6a93ff8,bad532ea-75de-411a-a390-77f4d6a93ff8::ceiling-raw::4:0:4,4,0,4,37.84,99.67,0.983,1.0,0,bad532ea-75de-411a-a390-77f4d6a93ff8::roof-oblique::oblique:0,0.997,,0.0,0.997,oblique_matched
bad532ea-75de-411a-a390-77f4d6a93ff8,bad532ea-75de-411a-a390-77f4d6a93ff8::ceiling-raw::4:0:5,4,0,5,39.53,116.05,0.851,1.0,0,bad532ea-75de-411a-a390-77f4d6a93ff8::roof-oblique::oblique:0,0.997,,0.0,0.974,oblique_matched
bad532ea-75de-411a-a390-77f4d6a93ff8,bad532ea-75de-411a-a390-77f4d6a93ff8::ceiling-raw::4:0:6,4,0,6,39.97,275.99,19.257,1.0,0,bad532ea-75de-411a-a390-77f4d6a93ff8::roof-oblique::oblique:1,1.0,,0.0,1.0,oblique_matched
bad532ea-75de-411a-a390-77f4d6a93ff8,bad532ea-75de-411a-a390-77f4d6a93ff8::ceiling-raw::4:0:7,4,0,7,40.22,113.76,1.994,1.0,0,bad532ea-75de-411a-a390-77f4d6a93ff8::roof-oblique::oblique:0,1.0,,0.0,0.98,oblique_matched
bad532ea-75de-411a-a390-77f4d6a93ff8,bad532ea-75de-411a-a390-77f4d6a93ff8::ceiling-raw::4:0:8,4,0,8,43.01,95.99,0.983,1.0,0,bad532ea-75de-411a-a390-77f4d6a93ff8::roof-oblique::oblique:0,0.886,,0.0,0.999,oblique_matched
bad532ea-75de-411a-a390-77f4d6a93ff8,bad532ea-75de-411a-a390-77f4d6a93ff8::ceiling-raw::4:0:9,4,0,9,44.1,72.93,0.334,1.0,0,bad532ea-75de-411a-a390-77f4d6a93ff8::roof-oblique::oblique:0,1.0,,0.0,0.962,oblique_matched
bad532ea-75de-411a-a390-77f4d6a93ff8,bad532ea-75de-411a-a390-77f4d6a93ff8::ceiling-raw::4:0:10,4,0,10,45.46,67.3,0.429,1.0,0,bad532ea-75de-411a-a390-77f4d6a93ff8::roof-oblique::oblique:0,1.0,,0.0,0.94,oblique_matched
bad532ea-75de-411a-a390-77f4d6a93ff8,bad532ea-75de-411a-a390-77f4d6a93ff8::ceiling-raw::4:0:11,4,0,11,46.33,91.94,0.665,1.0,0,bad532ea-75de-411a-a390-77f4d6a93ff8::roof-oblique::oblique:0,1.0,,0.0,0.995,oblique_matched
bad532ea-75de-411a-a390-77f4d6a93ff8,bad532ea-75de-411a-a390-77f4d6a93ff8::ceiling-raw::4:0:12,4,0,12,48.42,109.86,1.152,1.0,0,bad532ea-75de-411a-a390-77f4d6a93ff8::roof-oblique::oblique:0,1.0,,0.0,0.978,oblique_matched
bad532ea-75de-411a-a390-77f4d6a93ff8,bad532ea-75de-411a-a390-77f4d6a93ff8::ceiling-raw::4:0:13,4,0,13,47.33,138.06,0.364,1.0,0,bad532ea-75de-411a-a390-77f4d6a93ff8::roof-oblique::oblique:0,1.0,,0.0,0.869,oblique_matched
bad532ea-75de-411a-a390-77f4d6a93ff8,bad532ea-75de-411a-a390-77f4d6a93ff8::ceiling-raw::4:0:14,4,0,14,51.24,72.93,0.334,1.0,0,bad532ea-75de-411a-a390-77f4d6a93ff8::roof-oblique::oblique:0,1.0,,0.0,0.944,oblique_matched
bad532ea-75de-411a-a390-77f4d6a93ff8,bad532ea-75de-411a-a390-77f4d6a93ff8::ceiling-raw::4:0:15,4,0,15,52.76,5.99,0.211,1.0,0,bad532ea-75de-411a-a390-77f4d6a93ff8::roof-oblique::oblique:0,1.0,,0.0,0.455,oblique_wrong_orientation
bad532ea-75de-411a-a390-77f4d6a93ff8,bad532ea-75de-411a-a390-77f4d6a93ff8::ceiling-raw::4:0:16,4,0,16,57.82,40.12,1.157,1.0,0,bad532ea-75de-411a-a390-77f4d6a93ff8::roof-oblique::oblique:0,1.0,,0.0,0.714,oblique_wrong_orientation
bad532ea-75de-411a-a390-77f4d6a93ff8,bad532ea-75de-411a-a390-77f4d6a93ff8::ceiling-raw::4:0:17,4,0,17,78.42,96.52,0.576,1.0,0,bad532ea-75de-411a-a390-77f4d6a93ff8::roof-oblique::oblique:0,1.0,,0.0,0.796,oblique_wrong_orientation
bad532ea-75de-411a-a390-77f4d6a93ff8,bad532ea-75de-411a-a390-77f4d6a93ff8::ceiling-raw::2:5:0,2,5,0,0.0,,10.653,0,1.0,,0.0,bad532ea-75de-411a-a390-77f4d6a93ff8::roof-flat::flat:5,1.0,,flat_matched
bad532ea-75de-411a-a390-77f4d6a93ff8,bad532ea-75de-411a-a390-77f4d6a93ff8::ceiling-raw::2:5:1,2,5,1,16.62,3.42,2.627,0,1.0,,0.0,bad532ea-75de-411a-a390-77f4d6a93ff8::roof-flat::flat:5,1.0,,oblique_covered_by_flat
bad532ea-75de-411a-a390-77f4d6a93ff8,bad532ea-75de-411a-a390-77f4d6a93ff8::ceiling-raw::2:5:4,2,5,4,0.0,,18.677,0,1.0,,0.0,bad532ea-75de-411a-a390-77f4d6a93ff8::roof-flat::flat:6,1.0,,flat_matched
bad532ea-75de-411a-a390-77f4d6a93ff8,bad532ea-75de-411a-a390-77f4d6a93ff8::ceiling-raw::2:5:5,2,5,5,0.0,,1.379,0,1.0,,0.0,bad532ea-75de-411a-a390-77f4d6a93ff8::roof-flat::flat:5,1.0,,flat_matched
bad532ea-75de-411a-a390-77f4d6a93ff8,bad532ea-75de-411a-a390-77f4d6a93ff8::ceiling-raw::2:5:6,2,5,6,13.75,334.31,3.451,0,1.0,,0.0,bad532ea-75de-411a-a390-77f4d6a93ff8::roof-flat::flat:0,1.0,,oblique_covered_by_flat
bad532ea-75de-411a-a390-77f4d6a93ff8,bad532ea-75de-411a-a390-77f4d6a93ff8::ceiling-raw::2:5:7,2,5,7,18.68,183.42,4.414,0,1.0,,0.0,bad532ea-75de-411a-a390-77f4d6a93ff8::roof-flat::flat:5,1.0,,oblique_covered_by_flat
bad532ea-75de-411a-a390-77f4d6a93ff8,bad532ea-75de-411a-a390-77f4d6a93ff8::ceiling-raw::2:5:8,2,5,8,21.72,3.43,0.117,0,1.0,,0.0,bad532ea-75de-411a-a390-77f4d6a93ff8::roof-flat::flat:0,1.0,,oblique_covered_by_flat
bad532ea-75de-411a-a390-77f4d6a93ff8,bad532ea-75de-411a-a390-77f4d6a93ff8::ceiling-raw::2:5:9,2,5,9,32.32,139.81,1.281,0,1.0,,0.0,bad532ea-75de-411a-a390-77f4d6a93ff8::roof-flat::flat:5,1.0,,oblique_covered_by_flat
bad532ea-75de-411a-a390-77f4d6a93ff8,bad532ea-75de-411a-a390-77f4d6a93ff8::ceiling-raw::2:5:10,2,5,10,41.79,183.42,0.572,0,1.0,,0.0,bad532ea-75de-411a-a390-77f4d6a93ff8::roof-flat::flat:5,1.0,,oblique_covered_by_flat
bad532ea-75de-411a-a390-77f4d6a93ff8,bad532ea-75de-411a-a390-77f4d6a93ff8::ceiling-raw::2:5:11,2,5,11,64.92,34.43,0.134,0,1.0,,0.0,bad532ea-75de-411a-a390-77f4d6a93ff8::roof-flat::flat:0,1.0,,oblique_covered_by_flat
bad532ea-75de-411a-a390-77f4d6a93ff8,bad532ea-75de-411a-a390-77f4d6a93ff8::ceiling-raw::2:5:12,2,5,12,72.78,308.03,0.025,0,1.0,,0.0,bad532ea-75de-411a-a390-77f4d6a93ff8::roof-flat::flat:0,1.0,,oblique_covered_by_flat
bad532ea-75de-411a-a390-77f4d6a93ff8,bad532ea-75de-411a-a390-77f4d6a93ff8::ceiling-raw::2:5:13,2,5,13,73.03,302.75,0.196,0,1.0,,0.0,bad532ea-75de-411a-a390-77f4d6a93ff8::roof-flat::flat:0,1.0,,oblique_covered_by_flat
bad532ea-75de-411a-a390-77f4d6a93ff8,bad532ea-75de-411a-a390-77f4d6a93ff8::ceiling-raw::2:5:14,2,5,14,81.16,207.81,0.138,0,1.0,,0.0,bad532ea-75de-411a-a390-77f4d6a93ff8::roof-flat::flat:5,1.0,,near_vertical_skip
bad532ea-75de-411a-a390-77f4d6a93ff8,bad532ea-75de-411a-a390-77f4d6a93ff8::ceiling-raw::1:6:0,1,6,0,24.79,273.48,0.209,0,0.999,,0.0,bad532ea-75de-411a-a390-77f4d6a93ff8::roof-flat::flat:1,0.999,,oblique_covered_by_flat
bad532ea-75de-411a-a390-77f4d6a93ff8,bad532ea-75de-411a-a390-77f4d6a93ff8::ceiling-raw::1:6:1,1,6,1,29.66,183.48,0.836,0,1.0,,0.0,bad532ea-75de-411a-a390-77f4d6a93ff8::roof-flat::flat:1,1.0,,oblique_covered_by_flat
bad532ea-75de-411a-a390-77f4d6a93ff8,bad532ea-75de-411a-a390-77f4d6a93ff8::ceiling-raw::1:6:2,1,6,2,44.31,258.34,0.832,0,1.0,,0.0,bad532ea-75de-411a-a390-77f4d6a93ff8::roof-flat::flat:1,1.0,,oblique_covered_by_flat
bad532ea-75de-411a-a390-77f4d6a93ff8,bad532ea-75de-411a-a390-77f4d6a93ff8::ceiling-raw::1:6:3,1,6,3,50.01,185.26,2.162,0,0.993,,0.0,bad532ea-75de-411a-a390-77f4d6a93ff8::roof-flat::flat:1,0.993,,oblique_covered_by_flat
bad532ea-75de-411a-a390-77f4d6a93ff8,bad532ea-75de-411a-a390-77f4d6a93ff8::ceiling-raw::1:6:4,1,6,4,57.82,93.49,0.836,0,1.0,,0.0,bad532ea-75de-411a-a390-77f4d6a93ff8::roof-flat::flat:1,1.0,,oblique_covered_by_flat
bad532ea-75de-411a-a390-77f4d6a93ff8,bad532ea-75de-411a-a390-77f4d6a93ff8::ceiling-raw::1:6:5,1,6,5,65.36,258.34,0.318,0,1.0,,0.0,bad532ea-75de-411a-a390-77f4d6a93ff8::roof-flat::flat:1,1.0,,oblique_covered_by_flat
bad532ea-75de-411a-a390-77f4d6a93ff8,bad532ea-75de-411a-a390-77f4d6a93ff8::ceiling-raw::1:6:6,1,6,6,66.3,174.35,0.651,0,1.0,,0.0,bad532ea-75de-411a-a390-77f4d6a93ff8::roof-flat::flat:1,1.0,,oblique_covered_by_flat
bad532ea-75de-411a-a390-77f4d6a93ff8,bad532ea-75de-411a-a390-77f4d6a93ff8::ceiling-raw::1:6:7,1,6,7,69.4,183.49,0.856,0,1.0,,0.0,bad532ea-75de-411a-a390-77f4d6a93ff8::roof-flat::flat:1,1.0,,oblique_covered_by_flat
bad532ea-75de-411a-a390-77f4d6a93ff8,bad532ea-75de-411a-a390-77f4d6a93ff8::ceiling-raw::1:6:8,1,6,8,76.46,256.16,0.415,0,1.0,,0.0,bad532ea-75de-411a-a390-77f4d6a93ff8::roof-flat::flat:1,1.0,,oblique_covered_by_flat
bad532ea-75de-411a-a390-77f4d6a93ff8,bad532ea-75de-411a-a390-77f4d6a93ff8::ceiling-raw::0:7:0,0,7,0,0.0,,1.082,0,1.0,,0.0,bad532ea-75de-411a-a390-77f4d6a93ff8::roof-flat::flat:7,1.0,,flat_matched
bad532ea-75de-411a-a390-77f4d6a93ff8,bad532ea-75de-411a-a390-77f4d6a93ff8::ceiling-raw::0:7:1,0,7,1,0.0,,9.802,0,1.0,,0.0,bad532ea-75de-411a-a390-77f4d6a93ff8::roof-flat::flat:7,1.0,,flat_matched
bad532ea-75de-411a-a390-77f4d6a93ff8,bad532ea-75de-411a-a390-77f4d6a93ff8::ceiling-raw::0:8:0,0,8,0,0.0,,11.139,0,1.0,,0.0,bad532ea-75de-411a-a390-77f4d6a93ff8::roof-flat::flat:7,1.0,,flat_matched
bad532ea-75de-411a-a390-77f4d6a93ff8,bad532ea-75de-411a-a390-77f4d6a93ff8::ceiling-raw::0:9:0,0,9,0,0.0,,6.679,0,1.0,,0.0,bad532ea-75de-411a-a390-77f4d6a93ff8::roof-flat::flat:7,1.0,,flat_matched
bad532ea-75de-411a-a390-77f4d6a93ff8,bad532ea-75de-411a-a390-77f4d6a93ff8::ceiling-raw::0:9:1,0,9,1,0.0,,0.555,0,1.0,,0.0,bad532ea-75de-411a-a390-77f4d6a93ff8::roof-flat::flat:7,1.0,,flat_matched
bad532ea-75de-411a-a390-77f4d6a93ff8,bad532ea-75de-411a-a390-77f4d6a93ff8::ceiling-raw::0:9:2,0,9,2,0.0,,0.271,0,1.0,,0.0,bad532ea-75de-411a-a390-77f4d6a93ff8::roof-flat::flat:4,1.0,,flat_matched
bad532ea-75de-411a-a390-77f4d6a93ff8,bad532ea-75de-411a-a390-77f4d6a93ff8::ceiling-raw::0:9:3,0,9,3,6.34,273.49,3.412,0,1.0,,0.0,bad532ea-75de-411a-a390-77f4d6a93ff8::roof-flat::flat:7,1.0,,oblique_covered_by_flat
bad532ea-75de-411a-a390-77f4d6a93ff8,bad532ea-75de-411a-a390-77f4d6a93ff8::ceiling-raw::0:9:4,0,9,4,13.69,186.13,1.369,0,1.0,,0.0,bad532ea-75de-411a-a390-77f4d6a93ff8::roof-flat::flat:7,1.0,,oblique_covered_by_flat
bad532ea-75de-411a-a390-77f4d6a93ff8,bad532ea-75de-411a-a390-77f4d6a93ff8::ceiling-raw::0:9:5,0,9,5,17.85,203.66,0.271,0,1.0,,0.0,bad532ea-75de-411a-a390-77f4d6a93ff8::roof-flat::flat:4,1.0,,oblique_covered_by_flat
bb00df25-e7be-420e-8ad1-1f9be60a4c4a,bb00df25-e7be-420e-8ad1-1f9be60a4c4a::ceiling-raw::0:0:0,0,0,0,0.0,,30.371,0,1.0,,0.0,bb00df25-e7be-420e-8ad1-1f9be60a4c4a::roof-flat::flat:9,1.0,,flat_matched
bb00df25-e7be-420e-8ad1-1f9be60a4c4a,bb00df25-e7be-420e-8ad1-1f9be60a4c4a::ceiling-raw::0:1:0,0,1,0,0.0,,2.548,0.079,1.0,bb00df25-e7be-420e-8ad1-1f9be60a4c4a::roof-oblique::oblique:0,0.079,bb00df25-e7be-420e-8ad1-1f9be60a4c4a::roof-flat::flat:9,1.0,0.94,flat_matched
bb00df25-e7be-420e-8ad1-1f9be60a4c4a,bb00df25-e7be-420e-8ad1-1f9be60a4c4a::ceiling-raw::0:2:0,0,2,0,0.0,,5.895,0,1.0,,0.0,bb00df25-e7be-420e-8ad1-1f9be60a4c4a::roof-flat::flat:2,1.0,,flat_matched
bb00df25-e7be-420e-8ad1-1f9be60a4c4a,bb00df25-e7be-420e-8ad1-1f9be60a4c4a::ceiling-raw::0:3:0,0,3,0,0.0,,14.057,0,1.0,,0.0,bb00df25-e7be-420e-8ad1-1f9be60a4c4a::roof-flat::flat:9,1.0,,flat_matched
bb00df25-e7be-420e-8ad1-1f9be60a4c4a,bb00df25-e7be-420e-8ad1-1f9be60a4c4a::ceiling-raw::0:3:1,0,3,1,0.0,,2.276,0,1.0,,0.0,bb00df25-e7be-420e-8ad1-1f9be60a4c4a::roof-flat::flat:9,1.0,,flat_matched
bb00df25-e7be-420e-8ad1-1f9be60a4c4a,bb00df25-e7be-420e-8ad1-1f9be60a4c4a::ceiling-raw::0:3:2,0,3,2,21.6,276.38,3.003,0,1.0,,0.0,bb00df25-e7be-420e-8ad1-1f9be60a4c4a::roof-flat::flat:9,1.0,,oblique_covered_by_flat
bb00df25-e7be-420e-8ad1-1f9be60a4c4a,bb00df25-e7be-420e-8ad1-1f9be60a4c4a::ceiling-raw::0:3:3,0,3,3,48.45,96.38,1.066,0,1.0,,0.0,bb00df25-e7be-420e-8ad1-1f9be60a4c4a::roof-flat::flat:3,1.0,,oblique_covered_by_flat
bb00df25-e7be-420e-8ad1-1f9be60a4c4a,bb00df25-e7be-420e-8ad1-1f9be60a4c4a::ceiling-raw::0:3:4,0,3,4,51.83,187.4,1.848,0,1.0,,0.0,bb00df25-e7be-420e-8ad1-1f9be60a4c4a::roof-flat::flat:9,1.0,,oblique_covered_by_flat
bb00df25-e7be-420e-8ad1-1f9be60a4c4a,bb00df25-e7be-420e-8ad1-1f9be60a4c4a::ceiling-raw::0:3:5,0,3,5,80.62,2.97,0.288,0,1.0,,0.0,bb00df25-e7be-420e-8ad1-1f9be60a4c4a::roof-flat::flat:3,1.0,,near_vertical_skip
bb00df25-e7be-420e-8ad1-1f9be60a4c4a,bb00df25-e7be-420e-8ad1-1f9be60a4c4a::ceiling-raw::0:3:6,0,3,6,80.68,17.35,0.102,0,1.0,,0.0,bb00df25-e7be-420e-8ad1-1f9be60a4c4a::roof-flat::flat:3,1.0,,near_vertical_skip
bb00df25-e7be-420e-8ad1-1f9be60a4c4a,bb00df25-e7be-420e-8ad1-1f9be60a4c4a::ceiling-raw::0:3:7,0,3,7,0.0,,0.983,0,1.0,,0.0,bb00df25-e7be-420e-8ad1-1f9be60a4c4a::roof-flat::flat:9,1.0,,flat_matched
bb00df25-e7be-420e-8ad1-1f9be60a4c4a,bb00df25-e7be-420e-8ad1-1f9be60a4c4a::ceiling-raw::0:4:0,0,4,0,0.0,,12.656,0,1.0,,0.0,bb00df25-e7be-420e-8ad1-1f9be60a4c4a::roof-flat::flat:9,1.0,,flat_matched
bb00df25-e7be-420e-8ad1-1f9be60a4c4a,bb00df25-e7be-420e-8ad1-1f9be60a4c4a::ceiling-raw::0:5:0,0,5,0,0.0,,7.676,0.19,1.0,bb00df25-e7be-420e-8ad1-1f9be60a4c4a::roof-oblique::oblique:0,0.19,bb00df25-e7be-420e-8ad1-1f9be60a4c4a::roof-flat::flat:9,1.0,0.94,flat_matched
bb00df25-e7be-420e-8ad1-1f9be60a4c4a,bb00df25-e7be-420e-8ad1-1f9be60a4c4a::ceiling-raw::0:5:1,0,5,1,19.36,275.69,4.4,1.0,1.0,bb00df25-e7be-420e-8ad1-1f9be60a4c4a::roof-oblique::oblique:0,1.0,bb00df25-e7be-420e-8ad1-1f9be60a4c4a::roof-flat::flat:5,1.0,1.0,oblique_matched
bb00df25-e7be-420e-8ad1-1f9be60a4c4a,bb00df25-e7be-420e-8ad1-1f9be60a4c4a::ceiling-raw::0:6:0,0,6,0,0.0,,8.237,0,1.0,,0.0,bb00df25-e7be-420e-8ad1-1f9be60a4c4a::roof-flat::flat:9,1.0,,flat_matched
bb00df25-e7be-420e-8ad1-1f9be60a4c4a,bb00df25-e7be-420e-8ad1-1f9be60a4c4a::ceiling-raw::0:7:0,0,7,0,0.0,,16.218,0,1.0,,0.0,bb00df25-e7be-420e-8ad1-1f9be60a4c4a::roof-flat::flat:9,1.0,,flat_matched
bb00df25-e7be-420e-8ad1-1f9be60a4c4a,bb00df25-e7be-420e-8ad1-1f9be60a4c4a::ceiling-raw::0:9:0,0,9,0,0.0,,3.759,0.303,1.0,bb00df25-e7be-420e-8ad1-1f9be60a4c4a::roof-oblique::oblique:0,0.303,bb00df25-e7be-420e-8ad1-1f9be60a4c4a::roof-flat::flat:5,1.0,0.94,flat_matched
bb00df25-e7be-420e-8ad1-1f9be60a4c4a,bb00df25-e7be-420e-8ad1-1f9be60a4c4a::ceiling-raw::0:9:1,0,9,1,0.0,,1.681,1.0,1.0,bb00df25-e7be-420e-8ad1-1f9be60a4c4a::roof-oblique::oblique:0,1.0,bb00df25-e7be-420e-8ad1-1f9be60a4c4a::roof-flat::flat:5,1.0,0.94,flat_matched
bb00df25-e7be-420e-8ad1-1f9be60a4c4a,bb00df25-e7be-420e-8ad1-1f9be60a4c4a::ceiling-raw::0:9:2,0,9,2,20.62,277.05,2.704,1.0,1.0,bb00df25-e7be-420e-8ad1-1f9be60a4c4a::roof-oblique::oblique:0,1.0,bb00df25-e7be-420e-8ad1-1f9be60a4c4a::roof-flat::flat:5,1.0,1.0,oblique_matched
bc2779a4-d0a2-4ba8-abbf-10129d3f82de,bc2779a4-d0a2-4ba8-abbf-10129d3f82de::ceiling-raw::1:0:0,1,0,0,0.0,,0.667,0,1.0,,0.0,bc2779a4-d0a2-4ba8-abbf-10129d3f82de::roof-flat::flat:7,1.0,,flat_matched
bc2779a4-d0a2-4ba8-abbf-10129d3f82de,bc2779a4-d0a2-4ba8-abbf-10129d3f82de::ceiling-raw::1:0:1,1,0,1,0.0,,5.482,0,1.0,,0.0,bc2779a4-d0a2-4ba8-abbf-10129d3f82de::roof-flat::flat:7,1.0,,flat_matched
bc2779a4-d0a2-4ba8-abbf-10129d3f82de,bc2779a4-d0a2-4ba8-abbf-10129d3f82de::ceiling-raw::1:1:0,1,1,0,0.0,,5.887,0,1.0,,0.0,bc2779a4-d0a2-4ba8-abbf-10129d3f82de::roof-flat::flat:7,1.0,,flat_matched
bc2779a4-d0a2-4ba8-abbf-10129d3f82de,bc2779a4-d0a2-4ba8-abbf-10129d3f82de::ceiling-raw::1:1:1,1,1,1,0.0,,20.015,0,1.0,,0.0,bc2779a4-d0a2-4ba8-abbf-10129d3f82de::roof-flat::flat:7,1.0,,flat_matched
bc2779a4-d0a2-4ba8-abbf-10129d3f82de,bc2779a4-d0a2-4ba8-abbf-10129d3f82de::ceiling-raw::1:4:0,1,4,0,0.0,,11.068,0,1.0,,0.0,bc2779a4-d0a2-4ba8-abbf-10129d3f82de::roof-flat::flat:7,1.0,,flat_matched
bc2779a4-d0a2-4ba8-abbf-10129d3f82de,bc2779a4-d0a2-4ba8-abbf-10129d3f82de::ceiling-raw::1:6:0,1,6,0,0.0,,2.5,0,1.0,,0.0,bc2779a4-d0a2-4ba8-abbf-10129d3f82de::roof-flat::flat:8,1.0,,flat_matched
bc2779a4-d0a2-4ba8-abbf-10129d3f82de,bc2779a4-d0a2-4ba8-abbf-10129d3f82de::ceiling-raw::1:6:1,1,6,1,30.47,52.83,0.689,0,1.0,,0.0,bc2779a4-d0a2-4ba8-abbf-10129d3f82de::roof-flat::flat:8,1.0,,oblique_covered_by_flat
bc2779a4-d0a2-4ba8-abbf-10129d3f82de,bc2779a4-d0a2-4ba8-abbf-10129d3f82de::ceiling-raw::1:6:2,1,6,2,0.0,,0.341,0,1.0,,0.0,bc2779a4-d0a2-4ba8-abbf-10129d3f82de::roof-flat::flat:3,1.0,,flat_matched
bc2779a4-d0a2-4ba8-abbf-10129d3f82de,bc2779a4-d0a2-4ba8-abbf-10129d3f82de::ceiling-raw::1:6:3,1,6,3,33.03,44.22,0.412,0,1.0,,0.0,bc2779a4-d0a2-4ba8-abbf-10129d3f82de::roof-flat::flat:3,1.0,,oblique_covered_by_flat
bc2779a4-d0a2-4ba8-abbf-10129d3f82de,bc2779a4-d0a2-4ba8-abbf-10129d3f82de::ceiling-raw::1:6:4,1,6,4,33.97,352.09,0.203,0,1.0,,0.0,bc2779a4-d0a2-4ba8-abbf-10129d3f82de::roof-flat::flat:3,0.937,,oblique_covered_by_flat
bc2779a4-d0a2-4ba8-abbf-10129d3f82de,bc2779a4-d0a2-4ba8-abbf-10129d3f82de::ceiling-raw::1:6:5,1,6,5,53.92,291.5,0.07,0,1.0,,0.0,bc2779a4-d0a2-4ba8-abbf-10129d3f82de::roof-flat::flat:3,1.0,,oblique_covered_by_flat
bc2779a4-d0a2-4ba8-abbf-10129d3f82de,bc2779a4-d0a2-4ba8-abbf-10129d3f82de::ceiling-raw::2:7:0,2,7,0,0.0,,0.375,0.766,1.0,bc2779a4-d0a2-4ba8-abbf-10129d3f82de::roof-oblique::oblique:0,0.766,bc2779a4-d0a2-4ba8-abbf-10129d3f82de::roof-flat::flat:9,1.0,0.993,flat_matched
bc2779a4-d0a2-4ba8-abbf-10129d3f82de,bc2779a4-d0a2-4ba8-abbf-10129d3f82de::ceiling-raw::2:7:1,2,7,1,0.0,,11.392,0.129,1.0,bc2779a4-d0a2-4ba8-abbf-10129d3f82de::roof-oblique::oblique:0,0.129,bc2779a4-d0a2-4ba8-abbf-10129d3f82de::roof-flat::flat:9,1.0,0.993,flat_matched
bc2779a4-d0a2-4ba8-abbf-10129d3f82de,bc2779a4-d0a2-4ba8-abbf-10129d3f82de::ceiling-raw::2:10:0,2,10,0,1.31,84.03,2.549,1.0,1.0,bc2779a4-d0a2-4ba8-abbf-10129d3f82de::roof-oblique::oblique:0,1.0,bc2779a4-d0a2-4ba8-abbf-10129d3f82de::roof-flat::flat:9,1.0,0.992,flat_matched
bc2779a4-d0a2-4ba8-abbf-10129d3f82de,bc2779a4-d0a2-4ba8-abbf-10129d3f82de::ceiling-raw::2:10:1,2,10,1,3.8,260.58,0.459,1.0,1.0,bc2779a4-d0a2-4ba8-abbf-10129d3f82de::roof-oblique::oblique:0,1.0,bc2779a4-d0a2-4ba8-abbf-10129d3f82de::roof-flat::flat:9,1.0,0.991,flat_matched
bc2779a4-d0a2-4ba8-abbf-10129d3f82de,bc2779a4-d0a2-4ba8-abbf-10129d3f82de::ceiling-raw::2:10:2,2,10,2,6.24,79.16,1.054,1.0,1.0,bc2779a4-d0a2-4ba8-abbf-10129d3f82de::roof-oblique::oblique:0,1.0,bc2779a4-d0a2-4ba8-abbf-10129d3f82de::roof-flat::flat:9,1.0,0.987,oblique_matched
bc2779a4-d0a2-4ba8-abbf-10129d3f82de,bc2779a4-d0a2-4ba8-abbf-10129d3f82de::ceiling-raw::2:10:3,2,10,3,7.23,319.01,1.054,1.0,1.0,bc2779a4-d0a2-4ba8-abbf-10129d3f82de::roof-oblique::oblique:0,1.0,bc2779a4-d0a2-4ba8-abbf-10129d3f82de::roof-flat::flat:9,1.0,0.998,oblique_matched
bc2779a4-d0a2-4ba8-abbf-10129d3f82de,bc2779a4-d0a2-4ba8-abbf-10129d3f82de::ceiling-raw::2:10:4,2,10,4,8.74,35.89,1.15,1.0,1.0,bc2779a4-d0a2-4ba8-abbf-10129d3f82de::roof-oblique::oblique:0,1.0,bc2779a4-d0a2-4ba8-abbf-10129d3f82de::roof-flat::flat:9,1.0,0.994,oblique_matched
bc2779a4-d0a2-4ba8-abbf-10129d3f82de,bc2779a4-d0a2-4ba8-abbf-10129d3f82de::ceiling-raw::2:10:5,2,10,5,10.48,134.4,0.821,1.0,1.0,bc2779a4-d0a2-4ba8-abbf-10129d3f82de::roof-oblique::oblique:0,1.0,bc2779a4-d0a2-4ba8-abbf-10129d3f82de::roof-flat::flat:9,1.0,0.959,oblique_matched
bc2779a4-d0a2-4ba8-abbf-10129d3f82de,bc2779a4-d0a2-4ba8-abbf-10129d3f82de::ceiling-raw::2:10:6,2,10,6,14.86,170.58,0.459,1.0,1.0,bc2779a4-d0a2-4ba8-abbf-10129d3f82de::roof-oblique::oblique:0,1.0,bc2779a4-d0a2-4ba8-abbf-10129d3f82de::roof-flat::flat:9,1.0,0.929,oblique_matched
bc2779a4-d0a2-4ba8-abbf-10129d3f82de,bc2779a4-d0a2-4ba8-abbf-10129d3f82de::ceiling-raw::2:10:7,2,10,7,47.06,350.82,0.37,0.999,1.0,bc2779a4-d0a2-4ba8-abbf-10129d3f82de::roof-oblique::oblique:0,0.999,bc2779a4-d0a2-4ba8-abbf-10129d3f82de::roof-flat::flat:9,1.0,0.764,oblique_wrong_orientation
bc2779a4-d0a2-4ba8-abbf-10129d3f82de,bc2779a4-d0a2-4ba8-abbf-10129d3f82de::ceiling-raw::2:10:8,2,10,8,60.37,80.5,0.37,0.999,1.0,bc2779a4-d0a2-4ba8-abbf-10129d3f82de::roof-oblique::oblique:0,0.999,bc2779a4-d0a2-4ba8-abbf-10129d3f82de::roof-flat::flat:9,1.0,0.492,oblique_wrong_orientation
bc2779a4-d0a2-4ba8-abbf-10129d3f82de,bc2779a4-d0a2-4ba8-abbf-10129d3f82de::ceiling-raw::2:11:0,2,11,0,0.0,,15.489,0.869,1.0,bc2779a4-d0a2-4ba8-abbf-10129d3f82de::roof-oblique::oblique:0,0.869,bc2779a4-d0a2-4ba8-abbf-10129d3f82de::roof-flat::flat:9,1.0,0.993,flat_matched
bc2779a4-d0a2-4ba8-abbf-10129d3f82de,bc2779a4-d0a2-4ba8-abbf-10129d3f82de::ceiling-raw::3:12:0,3,12,0,0.0,,1.753,0.256,0,bc2779a4-d0a2-4ba8-abbf-10129d3f82de::roof-oblique::oblique:1,0.256,,0.0,0.674,flat_partial
bc2779a4-d0a2-4ba8-abbf-10129d3f82de,bc2779a4-d0a2-4ba8-abbf-10129d3f82de::ceiling-raw::3:12:1,3,12,1,11.95,42.33,2.836,0,0,,0.0,,0.0,,uncovered
bc2779a4-d0a2-4ba8-abbf-10129d3f82de,bc2779a4-d0a2-4ba8-abbf-10129d3f82de::ceiling-raw::3:12:2,3,12,2,13.18,261.5,4.405,0.255,0,bc2779a4-d0a2-4ba8-abbf-10129d3f82de::roof-oblique::oblique:1,0.255,,0.0,0.658,oblique_partial
bc2779a4-d0a2-4ba8-abbf-10129d3f82de,bc2779a4-d0a2-4ba8-abbf-10129d3f82de::ceiling-raw::3:12:3,3,12,3,45.13,171.5,2.836,0,0,,0.0,,0.0,,uncovered
bc2779a4-d0a2-4ba8-abbf-10129d3f82de,bc2779a4-d0a2-4ba8-abbf-10129d3f82de::ceiling-raw::3:12:4,3,12,4,45.24,176.59,1.753,0.732,0,bc2779a4-d0a2-4ba8-abbf-10129d3f82de::roof-oblique::oblique:1,0.732,,0.0,0.047,oblique_wrong_orientation
bc2779a4-d0a2-4ba8-abbf-10129d3f82de,bc2779a4-d0a2-4ba8-abbf-10129d3f82de::ceiling-raw::3:12:5,3,12,5,46.3,351.5,4.405,0.756,0,bc2779a4-d0a2-4ba8-abbf-10129d3f82de::roof-oblique::oblique:1,0.756,,0.0,1.0,oblique_matched
bc2779a4-d0a2-4ba8-abbf-10129d3f82de,bc2779a4-d0a2-4ba8-abbf-10129d3f82de::ceiling-raw::3:13:0,3,13,0,0.0,,2.112,0,0,,0.0,,0.0,,uncovered
bc2779a4-d0a2-4ba8-abbf-10129d3f82de,bc2779a4-d0a2-4ba8-abbf-10129d3f82de::ceiling-raw::3:13:1,3,13,1,27.72,261.5,2.201,0.037,0,bc2779a4-d0a2-4ba8-abbf-10129d3f82de::roof-oblique::oblique:1,0.037,,0.0,0.599,uncovered
bc2779a4-d0a2-4ba8-abbf-10129d3f82de,bc2779a4-d0a2-4ba8-abbf-10129d3f82de::ceiling-raw::3:13:2,3,13,2,47.14,351.5,2.201,0.35,0,bc2779a4-d0a2-4ba8-abbf-10129d3f82de::roof-oblique::oblique:1,0.35,,0.0,1.0,oblique_partial
bc2779a4-d0a2-4ba8-abbf-10129d3f82de,bc2779a4-d0a2-4ba8-abbf-10129d3f82de::ceiling-raw::3:13:3,3,13,3,51.11,196.58,2.112,0.137,0,bc2779a4-d0a2-4ba8-abbf-10129d3f82de::roof-oblique::oblique:1,0.137,,0.0,0.096,oblique_partial
bc2779a4-d0a2-4ba8-abbf-10129d3f82de,bc2779a4-d0a2-4ba8-abbf-10129d3f82de::ceiling-raw::0:14:0,0,14,0,0.0,,5.872,0,1.0,,0.0,bc2779a4-d0a2-4ba8-abbf-10129d3f82de::roof-flat::flat:12,1.0,,flat_matched
bfd05652-9331-4260-886d-1b6779ee1bfa,bfd05652-9331-4260-886d-1b6779ee1bfa::ceiling-raw::1:6:0,1,6,0,0.0,,11.086,0,1.0,,0.0,bfd05652-9331-4260-886d-1b6779ee1bfa::roof-flat::flat:9,1.0,,flat_matched
bfd05652-9331-4260-886d-1b6779ee1bfa,bfd05652-9331-4260-886d-1b6779ee1bfa::ceiling-raw::1:7:0,1,7,0,0.0,,9.276,0,1.0,,0.0,bfd05652-9331-4260-886d-1b6779ee1bfa::roof-flat::flat:9,1.0,,flat_matched
bfd05652-9331-4260-886d-1b6779ee1bfa,bfd05652-9331-4260-886d-1b6779ee1bfa::ceiling-raw::1:8:0,1,8,0,0.0,,9.473,0,1.0,,0.0,bfd05652-9331-4260-886d-1b6779ee1bfa::roof-flat::flat:9,1.0,,flat_matched
bfd05652-9331-4260-886d-1b6779ee1bfa,bfd05652-9331-4260-886d-1b6779ee1bfa::ceiling-raw::1:9:0,1,9,0,0.0,,7.124,0,1.0,,0.0,bfd05652-9331-4260-886d-1b6779ee1bfa::roof-flat::flat:9,1.0,,flat_matched
bfd05652-9331-4260-886d-1b6779ee1bfa,bfd05652-9331-4260-886d-1b6779ee1bfa::ceiling-raw::1:10:0,1,10,0,0.0,,15.81,0,1.0,,0.0,bfd05652-9331-4260-886d-1b6779ee1bfa::roof-flat::flat:9,1.0,,flat_matched
bfd05652-9331-4260-886d-1b6779ee1bfa,bfd05652-9331-4260-886d-1b6779ee1bfa::ceiling-raw::1:10:1,1,10,1,24.02,174.87,1.968,0,1.0,,0.0,bfd05652-9331-4260-886d-1b6779ee1bfa::roof-flat::flat:9,1.0,,oblique_covered_by_flat
bfd05652-9331-4260-886d-1b6779ee1bfa,bfd05652-9331-4260-886d-1b6779ee1bfa::ceiling-raw::1:10:2,1,10,2,58.44,264.64,0.105,0,1.0,,0.0,bfd05652-9331-4260-886d-1b6779ee1bfa::roof-flat::flat:9,1.0,,oblique_covered_by_flat
bfd05652-9331-4260-886d-1b6779ee1bfa,bfd05652-9331-4260-886d-1b6779ee1bfa::ceiling-raw::1:10:3,1,10,3,0.0,,1.821,0,1.0,,0.0,bfd05652-9331-4260-886d-1b6779ee1bfa::roof-flat::flat:9,1.0,,flat_matched
bfd05652-9331-4260-886d-1b6779ee1bfa,bfd05652-9331-4260-886d-1b6779ee1bfa::ceiling-raw::1:11:0,1,11,0,0.0,,3.631,0,1.0,,0.0,bfd05652-9331-4260-886d-1b6779ee1bfa::roof-flat::flat:9,1.0,,flat_matched
bfd05652-9331-4260-886d-1b6779ee1bfa,bfd05652-9331-4260-886d-1b6779ee1bfa::ceiling-raw::1:12:0,1,12,0,0.0,,9.114,0.02,1.0,bfd05652-9331-4260-886d-1b6779ee1bfa::roof-oblique::oblique:0,0.02,bfd05652-9331-4260-886d-1b6779ee1bfa::roof-flat::flat:9,1.0,0.884,flat_matched
bfd05652-9331-4260-886d-1b6779ee1bfa,bfd05652-9331-4260-886d-1b6779ee1bfa::ceiling-raw::1:13:0,1,13,0,0.0,,37.936,0.056,1.0,bfd05652-9331-4260-886d-1b6779ee1bfa::roof-oblique::oblique:0,0.056,bfd05652-9331-4260-886d-1b6779ee1bfa::roof-flat::flat:9,1.0,0.884,flat_matched
bfd05652-9331-4260-886d-1b6779ee1bfa,bfd05652-9331-4260-886d-1b6779ee1bfa::ceiling-raw::1:13:1,1,13,1,27.88,355.84,4.648,0.999,1.0,bfd05652-9331-4260-886d-1b6779ee1bfa::roof-oblique::oblique:0,0.999,bfd05652-9331-4260-886d-1b6779ee1bfa::roof-flat::flat:7,0.999,1.0,oblique_matched
bfd05652-9331-4260-886d-1b6779ee1bfa,bfd05652-9331-4260-886d-1b6779ee1bfa::ceiling-raw::1:14:0,1,14,0,0.0,,27.109,0,1.0,,0.0,bfd05652-9331-4260-886d-1b6779ee1bfa::roof-flat::flat:9,1.0,,flat_matched
c001b1ca-ea07-472d-b888-6ab457d4e7d9,c001b1ca-ea07-472d-b888-6ab457d4e7d9::ceiling-raw::0:2:0,0,2,0,0.0,,4.192,0,1.0,,0.0,c001b1ca-ea07-472d-b888-6ab457d4e7d9::roof-flat::flat:6,1.0,,flat_matched
c001b1ca-ea07-472d-b888-6ab457d4e7d9,c001b1ca-ea07-472d-b888-6ab457d4e7d9::ceiling-raw::0:3:0,0,3,0,0.0,,4.935,0,1.0,,0.0,c001b1ca-ea07-472d-b888-6ab457d4e7d9::roof-flat::flat:7,1.0,,flat_matched
c001b1ca-ea07-472d-b888-6ab457d4e7d9,c001b1ca-ea07-472d-b888-6ab457d4e7d9::ceiling-raw::0:4:0,0,4,0,0.0,,7.558,0,1.0,,0.0,c001b1ca-ea07-472d-b888-6ab457d4e7d9::roof-flat::flat:6,1.0,,flat_matched
c001b1ca-ea07-472d-b888-6ab457d4e7d9,c001b1ca-ea07-472d-b888-6ab457d4e7d9::ceiling-raw::0:4:1,0,4,1,26.79,175.48,0.158,0,1.0,,0.0,c001b1ca-ea07-472d-b888-6ab457d4e7d9::roof-flat::flat:6,1.0,,oblique_covered_by_flat
c001b1ca-ea07-472d-b888-6ab457d4e7d9,c001b1ca-ea07-472d-b888-6ab457d4e7d9::ceiling-raw::0:4:2,0,4,2,32.35,182.59,0.125,0,1.0,,0.0,c001b1ca-ea07-472d-b888-6ab457d4e7d9::roof-flat::flat:6,1.0,,oblique_covered_by_flat
c001b1ca-ea07-472d-b888-6ab457d4e7d9,c001b1ca-ea07-472d-b888-6ab457d4e7d9::ceiling-raw::1:6:0,1,6,0,0.0,,13.762,0,1.0,,0.0,c001b1ca-ea07-472d-b888-6ab457d4e7d9::roof-flat::flat:8,1.0,,flat_matched
c001b1ca-ea07-472d-b888-6ab457d4e7d9,c001b1ca-ea07-472d-b888-6ab457d4e7d9::ceiling-raw::1:7:0,1,7,0,0.0,,10.795,0,1.0,,0.0,c001b1ca-ea07-472d-b888-6ab457d4e7d9::roof-flat::flat:8,1.0,,flat_matched
c001b1ca-ea07-472d-b888-6ab457d4e7d9,c001b1ca-ea07-472d-b888-6ab457d4e7d9::ceiling-raw::1:8:0,1,8,0,0.0,,4.164,0,1.0,,0.0,c001b1ca-ea07-472d-b888-6ab457d4e7d9::roof-flat::flat:8,1.0,,flat_matched
c001b1ca-ea07-472d-b888-6ab457d4e7d9,c001b1ca-ea07-472d-b888-6ab457d4e7d9::ceiling-raw::1:9:0,1,9,0,0.0,,24.958,0,1.0,,0.0,c001b1ca-ea07-472d-b888-6ab457d4e7d9::roof-flat::flat:8,1.0,,flat_matched
c2800052-b0e7-4c30-a881-f813cb0b2043,c2800052-b0e7-4c30-a881-f813cb0b2043::ceiling-raw::0:0:0,0,0,0,0.0,,13.584,0,1.0,,0.0,c2800052-b0e7-4c30-a881-f813cb0b2043::roof-flat::flat:10,1.0,,flat_matched
c2800052-b0e7-4c30-a881-f813cb0b2043,c2800052-b0e7-4c30-a881-f813cb0b2043::ceiling-raw::0:1:0,0,1,0,1.92,17.18,6.219,0,1.0,,0.0,c2800052-b0e7-4c30-a881-f813cb0b2043::roof-flat::flat:10,1.0,,flat_matched
c2800052-b0e7-4c30-a881-f813cb0b2043,c2800052-b0e7-4c30-a881-f813cb0b2043::ceiling-raw::0:1:1,0,1,1,39.07,107.58,0.158,0,1.0,,0.0,c2800052-b0e7-4c30-a881-f813cb0b2043::roof-flat::flat:10,1.0,,oblique_covered_by_flat
c2800052-b0e7-4c30-a881-f813cb0b2043,c2800052-b0e7-4c30-a881-f813cb0b2043::ceiling-raw::0:2:0,0,2,0,0.0,,7.805,0,1.0,,0.0,c2800052-b0e7-4c30-a881-f813cb0b2043::roof-flat::flat:10,1.0,,flat_matched
c2800052-b0e7-4c30-a881-f813cb0b2043,c2800052-b0e7-4c30-a881-f813cb0b2043::ceiling-raw::0:3:0,0,3,0,0.0,,3.89,0,1.0,,0.0,c2800052-b0e7-4c30-a881-f813cb0b2043::roof-flat::flat:11,1.0,,flat_matched
c2800052-b0e7-4c30-a881-f813cb0b2043,c2800052-b0e7-4c30-a881-f813cb0b2043::ceiling-raw::0:3:1,0,3,1,6.79,166.78,2.6,0,1.0,,0.0,c2800052-b0e7-4c30-a881-f813cb0b2043::roof-flat::flat:10,1.0,,oblique_covered_by_flat
c2800052-b0e7-4c30-a881-f813cb0b2043,c2800052-b0e7-4c30-a881-f813cb0b2043::ceiling-raw::0:5:0,0,5,0,0.0,,14.49,0,1.0,,0.0,c2800052-b0e7-4c30-a881-f813cb0b2043::roof-flat::flat:10,1.0,,flat_matched
c2800052-b0e7-4c30-a881-f813cb0b2043,c2800052-b0e7-4c30-a881-f813cb0b2043::ceiling-raw::0:6:0,0,6,0,0.0,,2.358,0,1.0,,0.0,c2800052-b0e7-4c30-a881-f813cb0b2043::roof-flat::flat:13,1.0,,flat_matched
c2800052-b0e7-4c30-a881-f813cb0b2043,c2800052-b0e7-4c30-a881-f813cb0b2043::ceiling-raw::1:8:0,1,8,0,0.0,,0.709,0,1.0,,0.0,c2800052-b0e7-4c30-a881-f813cb0b2043::roof-flat::flat:6,1.0,,flat_matched
c2800052-b0e7-4c30-a881-f813cb0b2043,c2800052-b0e7-4c30-a881-f813cb0b2043::ceiling-raw::1:8:1,1,8,1,0.0,,0.567,0,1.0,,0.0,c2800052-b0e7-4c30-a881-f813cb0b2043::roof-flat::flat:6,1.0,,flat_matched
c2800052-b0e7-4c30-a881-f813cb0b2043,c2800052-b0e7-4c30-a881-f813cb0b2043::ceiling-raw::1:8:2,1,8,2,0.0,,0.385,0,1.0,,0.0,c2800052-b0e7-4c30-a881-f813cb0b2043::roof-flat::flat:15,1.0,,flat_matched
c2800052-b0e7-4c30-a881-f813cb0b2043,c2800052-b0e7-4c30-a881-f813cb0b2043::ceiling-raw::1:8:3,1,8,3,6.76,108.08,0.593,0,1.0,,0.0,c2800052-b0e7-4c30-a881-f813cb0b2043::roof-flat::flat:6,1.0,,oblique_covered_by_flat
c2800052-b0e7-4c30-a881-f813cb0b2043,c2800052-b0e7-4c30-a881-f813cb0b2043::ceiling-raw::1:8:4,1,8,4,10.49,18.08,0.723,0,1.0,,0.0,c2800052-b0e7-4c30-a881-f813cb0b2043::roof-flat::flat:6,0.999,,oblique_covered_by_flat
c2800052-b0e7-4c30-a881-f813cb0b2043,c2800052-b0e7-4c30-a881-f813cb0b2043::ceiling-raw::1:8:5,1,8,5,10.88,159.98,0.717,0,1.0,,0.0,c2800052-b0e7-4c30-a881-f813cb0b2043::roof-flat::flat:6,1.0,,oblique_covered_by_flat
c2800052-b0e7-4c30-a881-f813cb0b2043,c2800052-b0e7-4c30-a881-f813cb0b2043::ceiling-raw::1:8:6,1,8,6,27.97,123.98,0.166,0,1.0,,0.0,c2800052-b0e7-4c30-a881-f813cb0b2043::roof-flat::flat:6,1.0,,oblique_covered_by_flat
c2800052-b0e7-4c30-a881-f813cb0b2043,c2800052-b0e7-4c30-a881-f813cb0b2043::ceiling-raw::1:8:7,1,8,7,31.49,108.79,0.115,0,1.0,,0.0,c2800052-b0e7-4c30-a881-f813cb0b2043::roof-flat::flat:15,1.0,,oblique_covered_by_flat
c2800052-b0e7-4c30-a881-f813cb0b2043,c2800052-b0e7-4c30-a881-f813cb0b2043::ceiling-raw::1:8:8,1,8,8,31.79,198.08,0.187,0,1.0,,0.0,c2800052-b0e7-4c30-a881-f813cb0b2043::roof-flat::flat:15,1.0,,oblique_covered_by_flat
c2800052-b0e7-4c30-a881-f813cb0b2043,c2800052-b0e7-4c30-a881-f813cb0b2043::ceiling-raw::1:8:9,1,8,9,37.87,325.33,0.46,0,1.0,,0.0,c2800052-b0e7-4c30-a881-f813cb0b2043::roof-flat::flat:6,1.0,,oblique_covered_by_flat
c2800052-b0e7-4c30-a881-f813cb0b2043,c2800052-b0e7-4c30-a881-f813cb0b2043::ceiling-raw::1:8:10,1,8,10,41.22,243.05,0.38,0,1.0,,0.0,c2800052-b0e7-4c30-a881-f813cb0b2043::roof-flat::flat:6,1.0,,oblique_covered_by_flat
c2800052-b0e7-4c30-a881-f813cb0b2043,c2800052-b0e7-4c30-a881-f813cb0b2043::ceiling-raw::2:9:0,2,9,0,0.0,,14.802,0,1.0,,0.0,c2800052-b0e7-4c30-a881-f813cb0b2043::roof-flat::flat:16,1.0,,flat_matched
c2800052-b0e7-4c30-a881-f813cb0b2043,c2800052-b0e7-4c30-a881-f813cb0b2043::ceiling-raw::2:10:0,2,10,0,0.0,,36.112,0,1.0,,0.0,c2800052-b0e7-4c30-a881-f813cb0b2043::roof-flat::flat:16,1.0,,flat_matched
c2800052-b0e7-4c30-a881-f813cb0b2043,c2800052-b0e7-4c30-a881-f813cb0b2043::ceiling-raw::2:11:0,2,11,0,0.0,,9.641,0,1.0,,0.0,c2800052-b0e7-4c30-a881-f813cb0b2043::roof-flat::flat:16,1.0,,flat_matched
c3ddcac0-827d-48dc-9223-4b219d874fa5,c3ddcac0-827d-48dc-9223-4b219d874fa5::ceiling-raw::0:0:0,0,0,0,0.0,,24.597,0,1.0,,0.0,c3ddcac0-827d-48dc-9223-4b219d874fa5::roof-flat::flat:10,1.0,,flat_matched
c3ddcac0-827d-48dc-9223-4b219d874fa5,c3ddcac0-827d-48dc-9223-4b219d874fa5::ceiling-raw::0:1:0,0,1,0,0.0,,8.453,0,1.0,,0.0,c3ddcac0-827d-48dc-9223-4b219d874fa5::roof-flat::flat:10,1.0,,flat_matched
c3ddcac0-827d-48dc-9223-4b219d874fa5,c3ddcac0-827d-48dc-9223-4b219d874fa5::ceiling-raw::0:1:1,0,1,1,21.31,253.74,0.599,0,1.0,,0.0,c3ddcac0-827d-48dc-9223-4b219d874fa5::roof-flat::flat:10,1.0,,oblique_covered_by_flat
c3ddcac0-827d-48dc-9223-4b219d874fa5,c3ddcac0-827d-48dc-9223-4b219d874fa5::ceiling-raw::0:1:2,0,1,2,59.43,85.4,0.141,0,1.0,,0.0,c3ddcac0-827d-48dc-9223-4b219d874fa5::roof-flat::flat:10,1.0,,oblique_covered_by_flat
c3ddcac0-827d-48dc-9223-4b219d874fa5,c3ddcac0-827d-48dc-9223-4b219d874fa5::ceiling-raw::0:1:3,0,1,3,0.0,,12.128,0,1.0,,0.0,c3ddcac0-827d-48dc-9223-4b219d874fa5::roof-flat::flat:1,1.0,,flat_matched
c3ddcac0-827d-48dc-9223-4b219d874fa5,c3ddcac0-827d-48dc-9223-4b219d874fa5::ceiling-raw::0:1:4,0,1,4,21.31,253.74,0.646,0,1.0,,0.0,c3ddcac0-827d-48dc-9223-4b219d874fa5::roof-flat::flat:1,1.0,,oblique_covered_by_flat
c3ddcac0-827d-48dc-9223-4b219d874fa5,c3ddcac0-827d-48dc-9223-4b219d874fa5::ceiling-raw::0:1:5,0,1,5,59.33,62.91,0.152,0,1.0,,0.0,c3ddcac0-827d-48dc-9223-4b219d874fa5::roof-flat::flat:1,1.0,,oblique_covered_by_flat
c3ddcac0-827d-48dc-9223-4b219d874fa5,c3ddcac0-827d-48dc-9223-4b219d874fa5::ceiling-raw::0:2:0,0,2,0,0.0,,9.029,0,1.0,,0.0,c3ddcac0-827d-48dc-9223-4b219d874fa5::roof-flat::flat:10,1.0,,flat_matched
c3ddcac0-827d-48dc-9223-4b219d874fa5,c3ddcac0-827d-48dc-9223-4b219d874fa5::ceiling-raw::1:3:0,1,3,0,0.0,,31.368,0.075,1.0,c3ddcac0-827d-48dc-9223-4b219d874fa5::roof-oblique::oblique:0,0.075,c3ddcac0-827d-48dc-9223-4b219d874fa5::roof-flat::flat:12,1.0,0.95,flat_matched
c3ddcac0-827d-48dc-9223-4b219d874fa5,c3ddcac0-827d-48dc-9223-4b219d874fa5::ceiling-raw::1:3:1,1,3,1,18.26,252.51,3.277,0.999,1.0,c3ddcac0-827d-48dc-9223-4b219d874fa5::roof-oblique::oblique:0,0.999,c3ddcac0-827d-48dc-9223-4b219d874fa5::roof-flat::flat:3,0.999,1.0,oblique_matched
c3ddcac0-827d-48dc-9223-4b219d874fa5,c3ddcac0-827d-48dc-9223-4b219d874fa5::ceiling-raw::1:4:0,1,4,0,0.0,,19.565,0,1.0,,0.0,c3ddcac0-827d-48dc-9223-4b219d874fa5::roof-flat::flat:12,1.0,,flat_matched
c3ddcac0-827d-48dc-9223-4b219d874fa5,c3ddcac0-827d-48dc-9223-4b219d874fa5::ceiling-raw::1:6:0,1,6,0,0.0,,8.09,0,1.0,,0.0,c3ddcac0-827d-48dc-9223-4b219d874fa5::roof-flat::flat:12,1.0,,flat_matched
c3ddcac0-827d-48dc-9223-4b219d874fa5,c3ddcac0-827d-48dc-9223-4b219d874fa5::ceiling-raw::1:7:0,1,7,0,0.0,,11.449,0,1.0,,0.0,c3ddcac0-827d-48dc-9223-4b219d874fa5::roof-flat::flat:12,1.0,,flat_matched
c3ddcac0-827d-48dc-9223-4b219d874fa5,c3ddcac0-827d-48dc-9223-4b219d874fa5::ceiling-raw::1:8:0,1,8,0,0.0,,8.915,0,1.0,,0.0,c3ddcac0-827d-48dc-9223-4b219d874fa5::roof-flat::flat:12,1.0,,flat_matched
c3ddcac0-827d-48dc-9223-4b219d874fa5,c3ddcac0-827d-48dc-9223-4b219d874fa5::ceiling-raw::1:8:1,1,8,1,0.0,,1.303,0,1.0,,0.0,c3ddcac0-827d-48dc-9223-4b219d874fa5::roof-flat::flat:12,1.0,,flat_matched
c3ddcac0-827d-48dc-9223-4b219d874fa5,c3ddcac0-827d-48dc-9223-4b219d874fa5::ceiling-raw::1:9:0,1,9,0,0.0,,2.896,0,1.0,,0.0,c3ddcac0-827d-48dc-9223-4b219d874fa5::roof-flat::flat:12,1.0,,flat_matched
c72ad855-9e52-46f1-886d-a9f37911521f,c72ad855-9e52-46f1-886d-a9f37911521f::ceiling-raw::0:1:0,0,1,0,0.0,,3.519,0,1.0,,0.0,c72ad855-9e52-46f1-886d-a9f37911521f::roof-flat::flat:4,1.0,,flat_matched
c72ad855-9e52-46f1-886d-a9f37911521f,c72ad855-9e52-46f1-886d-a9f37911521f::ceiling-raw::0:2:0,0,2,0,0.0,,7.269,0,1.0,,0.0,c72ad855-9e52-46f1-886d-a9f37911521f::roof-flat::flat:4,1.0,,flat_matched
c72ad855-9e52-46f1-886d-a9f37911521f,c72ad855-9e52-46f1-886d-a9f37911521f::ceiling-raw::0:5:0,0,5,0,0.39,315.07,32.927,0,1.0,,0.0,c72ad855-9e52-46f1-886d-a9f37911521f::roof-flat::flat:4,1.0,,flat_matched
c72ad855-9e52-46f1-886d-a9f37911521f,c72ad855-9e52-46f1-886d-a9f37911521f::ceiling-raw::0:5:1,0,5,1,17.37,354.29,6.731,0,1.0,,0.0,c72ad855-9e52-46f1-886d-a9f37911521f::roof-flat::flat:4,1.0,,oblique_covered_by_flat
c72ad855-9e52-46f1-886d-a9f37911521f,c72ad855-9e52-46f1-886d-a9f37911521f::ceiling-raw::0:5:2,0,5,2,18.06,174.29,6.955,0,1.0,,0.0,c72ad855-9e52-46f1-886d-a9f37911521f::roof-flat::flat:4,1.0,,oblique_covered_by_flat
c72ad855-9e52-46f1-886d-a9f37911521f,c72ad855-9e52-46f1-886d-a9f37911521f::ceiling-raw::1:6:0,1,6,0,0.0,,2.049,1.0,1.0,c72ad855-9e52-46f1-886d-a9f37911521f::roof-oblique::oblique:0,1.0,c72ad855-9e52-46f1-886d-a9f37911521f::roof-flat::flat:6,1.0,0.658,flat_matched
c72ad855-9e52-46f1-886d-a9f37911521f,c72ad855-9e52-46f1-886d-a9f37911521f::ceiling-raw::1:6:1,1,6,1,49.77,354.31,4.054,0.999,1.0,c72ad855-9e52-46f1-886d-a9f37911521f::roof-oblique::oblique:0,0.999,c72ad855-9e52-46f1-886d-a9f37911521f::roof-flat::flat:6,1.0,1.0,oblique_matched
c72ad855-9e52-46f1-886d-a9f37911521f,c72ad855-9e52-46f1-886d-a9f37911521f::ceiling-raw::1:7:0,1,7,0,0.0,,15.682,1.0,1.0,c72ad855-9e52-46f1-886d-a9f37911521f::roof-oblique::oblique:1,0.506,c72ad855-9e52-46f1-886d-a9f37911521f::roof-flat::flat:6,1.0,0.647,flat_matched
c72ad855-9e52-46f1-886d-a9f37911521f,c72ad855-9e52-46f1-886d-a9f37911521f::ceiling-raw::1:7:1,1,7,1,49.03,353.62,6.987,0.998,1.0,c72ad855-9e52-46f1-886d-a9f37911521f::roof-oblique::oblique:0,0.998,c72ad855-9e52-46f1-886d-a9f37911521f::roof-flat::flat:6,1.0,1.0,oblique_matched
c72ad855-9e52-46f1-886d-a9f37911521f,c72ad855-9e52-46f1-886d-a9f37911521f::ceiling-raw::1:7:2,1,7,2,50.36,174.61,9.457,1.0,1.0,c72ad855-9e52-46f1-886d-a9f37911521f::roof-oblique::oblique:1,1.0,c72ad855-9e52-46f1-886d-a9f37911521f::roof-flat::flat:6,1.0,1.0,oblique_matched
c72ad855-9e52-46f1-886d-a9f37911521f,c72ad855-9e52-46f1-886d-a9f37911521f::ceiling-raw::1:7:5,1,7,5,58.15,83.85,0.231,1.0,1.0,c72ad855-9e52-46f1-886d-a9f37911521f::roof-oblique::oblique:0,1.0,c72ad855-9e52-46f1-886d-a9f37911521f::roof-flat::flat:6,1.0,0.347,oblique_wrong_orientation
c72ad855-9e52-46f1-886d-a9f37911521f,c72ad855-9e52-46f1-886d-a9f37911521f::ceiling-raw::1:8:0,1,8,0,48.3,353.19,2.445,1.0,1.0,c72ad855-9e52-46f1-886d-a9f37911521f::roof-oblique::oblique:0,1.0,c72ad855-9e52-46f1-886d-a9f37911521f::roof-flat::flat:6,1.0,1.0,oblique_matched
c72ad855-9e52-46f1-886d-a9f37911521f,c72ad855-9e52-46f1-886d-a9f37911521f::ceiling-raw::1:9:0,1,9,0,0.0,,4.335,1.0,1.0,c72ad855-9e52-46f1-886d-a9f37911521f::roof-oblique::oblique:1,0.744,c72ad855-9e52-46f1-886d-a9f37911521f::roof-flat::flat:6,1.0,0.647,flat_matched
c72ad855-9e52-46f1-886d-a9f37911521f,c72ad855-9e52-46f1-886d-a9f37911521f::ceiling-raw::1:9:1,1,9,1,49.6,174.1,4.435,1.0,1.0,c72ad855-9e52-46f1-886d-a9f37911521f::roof-oblique::oblique:1,1.0,c72ad855-9e52-46f1-886d-a9f37911521f::roof-flat::flat:6,1.0,1.0,oblique_matched
c7898e89-b45b-47f3-96b7-8c1fa96ef9fd,c7898e89-b45b-47f3-96b7-8c1fa96ef9fd::ceiling-raw::0:0:0,0,0,0,0.0,,5.954,0,1.0,,0.0,c7898e89-b45b-47f3-96b7-8c1fa96ef9fd::roof-flat::flat:4,1.0,,flat_matched
c7898e89-b45b-47f3-96b7-8c1fa96ef9fd,c7898e89-b45b-47f3-96b7-8c1fa96ef9fd::ceiling-raw::0:1:0,0,1,0,0.0,,2.836,0,1.0,,0.0,c7898e89-b45b-47f3-96b7-8c1fa96ef9fd::roof-flat::flat:4,1.0,,flat_matched
c7898e89-b45b-47f3-96b7-8c1fa96ef9fd,c7898e89-b45b-47f3-96b7-8c1fa96ef9fd::ceiling-raw::0:2:0,0,2,0,0.0,,16.902,0,1.0,,0.0,c7898e89-b45b-47f3-96b7-8c1fa96ef9fd::roof-flat::flat:5,1.0,,flat_matched
c7898e89-b45b-47f3-96b7-8c1fa96ef9fd,c7898e89-b45b-47f3-96b7-8c1fa96ef9fd::ceiling-raw::0:3:0,0,3,0,0.0,,11.496,0,1.0,,0.0,c7898e89-b45b-47f3-96b7-8c1fa96ef9fd::roof-flat::flat:4,1.0,,flat_matched
c7898e89-b45b-47f3-96b7-8c1fa96ef9fd,c7898e89-b45b-47f3-96b7-8c1fa96ef9fd::ceiling-raw::1:5:0,1,5,0,0.0,,2.351,1.0,0,c7898e89-b45b-47f3-96b7-8c1fa96ef9fd::roof-oblique::oblique:1,1.0,,0.0,0.824,flat_covered_by_oblique
c7898e89-b45b-47f3-96b7-8c1fa96ef9fd,c7898e89-b45b-47f3-96b7-8c1fa96ef9fd::ceiling-raw::1:5:1,1,5,1,0.0,,1.915,1.0,0,c7898e89-b45b-47f3-96b7-8c1fa96ef9fd::roof-oblique::oblique:1,1.0,,0.0,0.824,flat_covered_by_oblique
c7898e89-b45b-47f3-96b7-8c1fa96ef9fd,c7898e89-b45b-47f3-96b7-8c1fa96ef9fd::ceiling-raw::1:5:2,1,5,2,0.0,,0.117,1.0,0,c7898e89-b45b-47f3-96b7-8c1fa96ef9fd::roof-oblique::oblique:1,0.997,,0.0,0.824,flat_covered_by_oblique
c7898e89-b45b-47f3-96b7-8c1fa96ef9fd,c7898e89-b45b-47f3-96b7-8c1fa96ef9fd::ceiling-raw::1:5:3,1,5,3,14.54,247.05,0.325,1.0,0,c7898e89-b45b-47f3-96b7-8c1fa96ef9fd::roof-oblique::oblique:1,1.0,,0.0,0.94,oblique_matched
c7898e89-b45b-47f3-96b7-8c1fa96ef9fd,c7898e89-b45b-47f3-96b7-8c1fa96ef9fd::ceiling-raw::1:5:4,1,5,4,16.79,216.29,2.351,1.0,0,c7898e89-b45b-47f3-96b7-8c1fa96ef9fd::roof-oblique::oblique:1,1.0,,0.0,0.93,oblique_matched
c7898e89-b45b-47f3-96b7-8c1fa96ef9fd,c7898e89-b45b-47f3-96b7-8c1fa96ef9fd::ceiling-raw::1:5:5,1,5,5,20.83,67.17,0.122,1.0,0,c7898e89-b45b-47f3-96b7-8c1fa96ef9fd::roof-oblique::oblique:0,1.0,,0.0,0.972,oblique_matched
c7898e89-b45b-47f3-96b7-8c1fa96ef9fd,c7898e89-b45b-47f3-96b7-8c1fa96ef9fd::ceiling-raw::1:5:6,1,5,6,21.24,157.05,0.868,1.0,0,c7898e89-b45b-47f3-96b7-8c1fa96ef9fd::roof-oblique::oblique:0,0.993,,0.0,0.769,oblique_wrong_orientation
c7898e89-b45b-47f3-96b7-8c1fa96ef9fd,c7898e89-b45b-47f3-96b7-8c1fa96ef9fd::ceiling-raw::1:5:7,1,5,7,28.68,157.05,2.284,1.0,0,c7898e89-b45b-47f3-96b7-8c1fa96ef9fd::roof-oblique::oblique:0,1.0,,0.0,0.724,oblique_wrong_orientation
c7898e89-b45b-47f3-96b7-8c1fa96ef9fd,c7898e89-b45b-47f3-96b7-8c1fa96ef9fd::ceiling-raw::1:5:8,1,5,8,30.25,17.78,0.759,1.0,0,c7898e89-b45b-47f3-96b7-8c1fa96ef9fd::roof-oblique::oblique:0,1.0,,0.0,0.898,oblique_matched
c7898e89-b45b-47f3-96b7-8c1fa96ef9fd,c7898e89-b45b-47f3-96b7-8c1fa96ef9fd::ceiling-raw::1:5:9,1,5,9,31.71,337.05,0.771,1.0,0,c7898e89-b45b-47f3-96b7-8c1fa96ef9fd::roof-oblique::oblique:0,1.0,,0.0,0.702,oblique_wrong_orientation
c7898e89-b45b-47f3-96b7-8c1fa96ef9fd,c7898e89-b45b-47f3-96b7-8c1fa96ef9fd::ceiling-raw::1:5:10,1,5,10,32.17,337.05,0.717,1.0,0,c7898e89-b45b-47f3-96b7-8c1fa96ef9fd::roof-oblique::oblique:1,1.0,,0.0,0.698,oblique_wrong_orientation
c7898e89-b45b-47f3-96b7-8c1fa96ef9fd,c7898e89-b45b-47f3-96b7-8c1fa96ef9fd::ceiling-raw::1:5:11,1,5,11,32.84,247.11,0.142,1.0,0,c7898e89-b45b-47f3-96b7-8c1fa96ef9fd::roof-oblique::oblique:1,0.991,,0.0,1.0,oblique_matched
c7898e89-b45b-47f3-96b7-8c1fa96ef9fd,c7898e89-b45b-47f3-96b7-8c1fa96ef9fd::ceiling-raw::1:5:12,1,5,12,33.51,67.11,0.181,1.0,0,c7898e89-b45b-47f3-96b7-8c1fa96ef9fd::roof-oblique::oblique:0,0.992,,0.0,1.0,oblique_matched
c7898e89-b45b-47f3-96b7-8c1fa96ef9fd,c7898e89-b45b-47f3-96b7-8c1fa96ef9fd::ceiling-raw::1:5:13,1,5,13,36.38,67.11,0.287,0.98,0,c7898e89-b45b-47f3-96b7-8c1fa96ef9fd::roof-oblique::oblique:0,0.974,,0.0,0.999,oblique_matched
c7898e89-b45b-47f3-96b7-8c1fa96ef9fd,c7898e89-b45b-47f3-96b7-8c1fa96ef9fd::ceiling-raw::1:5:14,1,5,14,36.01,234.79,0.837,1.0,0,c7898e89-b45b-47f3-96b7-8c1fa96ef9fd::roof-oblique::oblique:1,1.0,,0.0,0.992,oblique_matched
c7898e89-b45b-47f3-96b7-8c1fa96ef9fd,c7898e89-b45b-47f3-96b7-8c1fa96ef9fd::ceiling-raw::1:5:15,1,5,15,36.09,247.12,0.144,0.999,0,c7898e89-b45b-47f3-96b7-8c1fa96ef9fd::roof-oblique::oblique:1,0.999,,0.0,1.0,oblique_matched
c7898e89-b45b-47f3-96b7-8c1fa96ef9fd,c7898e89-b45b-47f3-96b7-8c1fa96ef9fd::ceiling-raw::1:5:16,1,5,16,38.52,280.95,0.808,1.0,0,c7898e89-b45b-47f3-96b7-8c1fa96ef9fd::roof-oblique::oblique:1,0.989,,0.0,0.938,oblique_matched
c7898e89-b45b-47f3-96b7-8c1fa96ef9fd,c7898e89-b45b-47f3-96b7-8c1fa96ef9fd::ceiling-raw::1:5:17,1,5,17,40.59,106.41,0.897,1.0,0,c7898e89-b45b-47f3-96b7-8c1fa96ef9fd::roof-oblique::oblique:0,1.0,,0.0,0.911,oblique_matched
c7898e89-b45b-47f3-96b7-8c1fa96ef9fd,c7898e89-b45b-47f3-96b7-8c1fa96ef9fd::ceiling-raw::1:5:18,1,5,18,42.45,31.93,2.792,0.999,0,c7898e89-b45b-47f3-96b7-8c1fa96ef9fd::roof-oblique::oblique:0,0.999,,0.0,0.921,oblique_matched
c7898e89-b45b-47f3-96b7-8c1fa96ef9fd,c7898e89-b45b-47f3-96b7-8c1fa96ef9fd::ceiling-raw::1:5:19,1,5,19,47.11,337.05,2.012,1.0,0,c7898e89-b45b-47f3-96b7-8c1fa96ef9fd::roof-oblique::oblique:0,1.0,,0.0,0.561,oblique_wrong_orientation
c7898e89-b45b-47f3-96b7-8c1fa96ef9fd,c7898e89-b45b-47f3-96b7-8c1fa96ef9fd::ceiling-raw::1:5:20,1,5,20,47.23,281.06,1.993,1.0,0,c7898e89-b45b-47f3-96b7-8c1fa96ef9fd::roof-oblique::oblique:1,1.0,,0.0,0.904,oblique_matched
c7898e89-b45b-47f3-96b7-8c1fa96ef9fd,c7898e89-b45b-47f3-96b7-8c1fa96ef9fd::ceiling-raw::1:5:21,1,5,21,52.73,119.02,2.263,1.0,0,c7898e89-b45b-47f3-96b7-8c1fa96ef9fd::roof-oblique::oblique:0,1.0,,0.0,0.777,oblique_wrong_orientation
c7898e89-b45b-47f3-96b7-8c1fa96ef9fd,c7898e89-b45b-47f3-96b7-8c1fa96ef9fd::ceiling-raw::1:5:22,1,5,22,61.12,234.79,0.823,1.0,0,c7898e89-b45b-47f3-96b7-8c1fa96ef9fd::roof-oblique::oblique:1,1.0,,0.0,0.882,oblique_matched
c7898e89-b45b-47f3-96b7-8c1fa96ef9fd,c7898e89-b45b-47f3-96b7-8c1fa96ef9fd::ceiling-raw::1:5:23,1,5,23,70.88,175.15,0.325,1.0,0,c7898e89-b45b-47f3-96b7-8c1fa96ef9fd::roof-oblique::oblique:1,1.0,,0.0,0.436,oblique_wrong_orientation
c7898e89-b45b-47f3-96b7-8c1fa96ef9fd,c7898e89-b45b-47f3-96b7-8c1fa96ef9fd::ceiling-raw::1:5:24,1,5,24,72.97,189.92,0.117,1.0,0,c7898e89-b45b-47f3-96b7-8c1fa96ef9fd::roof-oblique::oblique:1,1.0,,0.0,0.535,oblique_wrong_orientation
c7f2456f-91fe-4aaa-a9ba-d886ec8e0648,c7f2456f-91fe-4aaa-a9ba-d886ec8e0648::ceiling-raw::0:0:0,0,0,0,0.0,,43.606,0,1.0,,0.0,c7f2456f-91fe-4aaa-a9ba-d886ec8e0648::roof-flat::flat:9,1.0,,flat_matched
c7f2456f-91fe-4aaa-a9ba-d886ec8e0648,c7f2456f-91fe-4aaa-a9ba-d886ec8e0648::ceiling-raw::0:1:0,0,1,0,0.0,,1.638,0,1.0,,0.0,c7f2456f-91fe-4aaa-a9ba-d886ec8e0648::roof-flat::flat:9,1.0,,flat_matched
c7f2456f-91fe-4aaa-a9ba-d886ec8e0648,c7f2456f-91fe-4aaa-a9ba-d886ec8e0648::ceiling-raw::0:1:1,0,1,1,0.0,,9.071,0,1.0,,0.0,c7f2456f-91fe-4aaa-a9ba-d886ec8e0648::roof-flat::flat:9,1.0,,flat_matched
c7f2456f-91fe-4aaa-a9ba-d886ec8e0648,c7f2456f-91fe-4aaa-a9ba-d886ec8e0648::ceiling-raw::0:1:2,0,1,2,0.0,,1.325,0,1.0,,0.0,c7f2456f-91fe-4aaa-a9ba-d886ec8e0648::roof-flat::flat:9,1.0,,flat_matched
c7f2456f-91fe-4aaa-a9ba-d886ec8e0648,c7f2456f-91fe-4aaa-a9ba-d886ec8e0648::ceiling-raw::0:1:3,0,1,3,0.0,,1.288,0,1.0,,0.0,c7f2456f-91fe-4aaa-a9ba-d886ec8e0648::roof-flat::flat:1,1.0,,flat_matched
c7f2456f-91fe-4aaa-a9ba-d886ec8e0648,c7f2456f-91fe-4aaa-a9ba-d886ec8e0648::ceiling-raw::0:2:0,0,2,0,0.0,,6.823,0,1.0,,0.0,c7f2456f-91fe-4aaa-a9ba-d886ec8e0648::roof-flat::flat:9,1.0,,flat_matched
c7f2456f-91fe-4aaa-a9ba-d886ec8e0648,c7f2456f-91fe-4aaa-a9ba-d886ec8e0648::ceiling-raw::0:3:0,0,3,0,0.0,,6.908,0,1.0,,0.0,c7f2456f-91fe-4aaa-a9ba-d886ec8e0648::roof-flat::flat:9,1.0,,flat_matched
c7f2456f-91fe-4aaa-a9ba-d886ec8e0648,c7f2456f-91fe-4aaa-a9ba-d886ec8e0648::ceiling-raw::0:4:0,0,4,0,0.0,,9.993,0,1.0,,0.0,c7f2456f-91fe-4aaa-a9ba-d886ec8e0648::roof-flat::flat:9,1.0,,flat_matched
c7f2456f-91fe-4aaa-a9ba-d886ec8e0648,c7f2456f-91fe-4aaa-a9ba-d886ec8e0648::ceiling-raw::0:5:0,0,5,0,0.0,,8.427,0,1.0,,0.0,c7f2456f-91fe-4aaa-a9ba-d886ec8e0648::roof-flat::flat:9,1.0,,flat_matched
c7f2456f-91fe-4aaa-a9ba-d886ec8e0648,c7f2456f-91fe-4aaa-a9ba-d886ec8e0648::ceiling-raw::0:6:0,0,6,0,0.0,,4.516,0,1.0,,0.0,c7f2456f-91fe-4aaa-a9ba-d886ec8e0648::roof-flat::flat:9,1.0,,flat_matched
c7f2456f-91fe-4aaa-a9ba-d886ec8e0648,c7f2456f-91fe-4aaa-a9ba-d886ec8e0648::ceiling-raw::0:8:0,0,8,0,0.0,,3.645,0,1.0,,0.0,c7f2456f-91fe-4aaa-a9ba-d886ec8e0648::roof-flat::flat:9,1.0,,flat_matched
c7f2456f-91fe-4aaa-a9ba-d886ec8e0648,c7f2456f-91fe-4aaa-a9ba-d886ec8e0648::ceiling-raw::0:8:1,0,8,1,2.08,359.63,14.249,0,1.0,,0.0,c7f2456f-91fe-4aaa-a9ba-d886ec8e0648::roof-flat::flat:9,1.0,,flat_matched
c7f2456f-91fe-4aaa-a9ba-d886ec8e0648,c7f2456f-91fe-4aaa-a9ba-d886ec8e0648::ceiling-raw::0:9:0,0,9,0,0.0,,6.414,0,1.0,,0.0,c7f2456f-91fe-4aaa-a9ba-d886ec8e0648::roof-flat::flat:9,1.0,,flat_matched
c814dd8d-190b-4da2-ae80-d41c71e2b797,c814dd8d-190b-4da2-ae80-d41c71e2b797::ceiling-raw::0:0:0,0,0,0,0.0,,6.742,0,1.0,,0.0,c814dd8d-190b-4da2-ae80-d41c71e2b797::roof-flat::flat:6,1.0,,flat_matched
c814dd8d-190b-4da2-ae80-d41c71e2b797,c814dd8d-190b-4da2-ae80-d41c71e2b797::ceiling-raw::0:1:0,0,1,0,0.0,,43.507,0,1.0,,0.0,c814dd8d-190b-4da2-ae80-d41c71e2b797::roof-flat::flat:6,1.0,,flat_matched
c814dd8d-190b-4da2-ae80-d41c71e2b797,c814dd8d-190b-4da2-ae80-d41c71e2b797::ceiling-raw::0:2:0,0,2,0,0.0,,12.557,0,1.0,,0.0,c814dd8d-190b-4da2-ae80-d41c71e2b797::roof-flat::flat:6,1.0,,flat_matched
c814dd8d-190b-4da2-ae80-d41c71e2b797,c814dd8d-190b-4da2-ae80-d41c71e2b797::ceiling-raw::0:3:0,0,3,0,0.0,,1.853,0,1.0,,0.0,c814dd8d-190b-4da2-ae80-d41c71e2b797::roof-flat::flat:6,1.0,,flat_matched
c814dd8d-190b-4da2-ae80-d41c71e2b797,c814dd8d-190b-4da2-ae80-d41c71e2b797::ceiling-raw::0:4:0,0,4,0,0.0,,4.569,0,1.0,,0.0,c814dd8d-190b-4da2-ae80-d41c71e2b797::roof-flat::flat:2,1.0,,flat_matched
c814dd8d-190b-4da2-ae80-d41c71e2b797,c814dd8d-190b-4da2-ae80-d41c71e2b797::ceiling-raw::0:5:0,0,5,0,0.0,,6.599,0,1.0,,0.0,c814dd8d-190b-4da2-ae80-d41c71e2b797::roof-flat::flat:6,1.0,,flat_matched
c814dd8d-190b-4da2-ae80-d41c71e2b797,c814dd8d-190b-4da2-ae80-d41c71e2b797::ceiling-raw::0:6:0,0,6,0,0.0,,6.82,0,1.0,,0.0,c814dd8d-190b-4da2-ae80-d41c71e2b797::roof-flat::flat:6,1.0,,flat_matched
c814dd8d-190b-4da2-ae80-d41c71e2b797,c814dd8d-190b-4da2-ae80-d41c71e2b797::ceiling-raw::0:7:0,0,7,0,0.0,,10.841,0,1.0,,0.0,c814dd8d-190b-4da2-ae80-d41c71e2b797::roof-flat::flat:6,1.0,,flat_matched
c87c1e25-ff00-44ec-b823-b0966c81af70,c87c1e25-ff00-44ec-b823-b0966c81af70::ceiling-raw::0:1:0,0,1,0,0.0,,0.248,0,1.0,,0.0,c87c1e25-ff00-44ec-b823-b0966c81af70::roof-flat::flat:4,1.0,,flat_matched
c87c1e25-ff00-44ec-b823-b0966c81af70,c87c1e25-ff00-44ec-b823-b0966c81af70::ceiling-raw::0:1:1,0,1,1,46.97,86.15,0.09,0,1.0,,0.0,c87c1e25-ff00-44ec-b823-b0966c81af70::roof-flat::flat:4,1.0,,oblique_covered_by_flat
c87c1e25-ff00-44ec-b823-b0966c81af70,c87c1e25-ff00-44ec-b823-b0966c81af70::ceiling-raw::0:1:2,0,1,2,47.55,4.81,0.248,0,1.0,,0.0,c87c1e25-ff00-44ec-b823-b0966c81af70::roof-flat::flat:4,1.0,,oblique_covered_by_flat
c87c1e25-ff00-44ec-b823-b0966c81af70,c87c1e25-ff00-44ec-b823-b0966c81af70::ceiling-raw::0:1:3,0,1,3,52.53,30.1,0.09,0,1.0,,0.0,c87c1e25-ff00-44ec-b823-b0966c81af70::roof-flat::flat:4,1.0,,oblique_covered_by_flat
c87c1e25-ff00-44ec-b823-b0966c81af70,c87c1e25-ff00-44ec-b823-b0966c81af70::ceiling-raw::0:1:6,0,1,6,0.0,,0.346,0,1.0,,0.0,c87c1e25-ff00-44ec-b823-b0966c81af70::roof-flat::flat:4,1.0,,flat_matched
c87c1e25-ff00-44ec-b823-b0966c81af70,c87c1e25-ff00-44ec-b823-b0966c81af70::ceiling-raw::0:1:7,0,1,7,0.0,,1.24,0,1.0,,0.0,c87c1e25-ff00-44ec-b823-b0966c81af70::roof-flat::flat:4,1.0,,flat_matched
c87c1e25-ff00-44ec-b823-b0966c81af70,c87c1e25-ff00-44ec-b823-b0966c81af70::ceiling-raw::0:1:8,0,1,8,10.99,46.14,0.361,0,1.0,,0.0,c87c1e25-ff00-44ec-b823-b0966c81af70::roof-flat::flat:4,1.0,,oblique_covered_by_flat
c87c1e25-ff00-44ec-b823-b0966c81af70,c87c1e25-ff00-44ec-b823-b0966c81af70::ceiling-raw::0:1:9,0,1,9,20.19,104.24,1.24,0,1.0,,0.0,c87c1e25-ff00-44ec-b823-b0966c81af70::roof-flat::flat:4,1.0,,oblique_covered_by_flat
c87c1e25-ff00-44ec-b823-b0966c81af70,c87c1e25-ff00-44ec-b823-b0966c81af70::ceiling-raw::0:1:10,0,1,10,33.6,354.77,0.361,0,1.0,,0.0,c87c1e25-ff00-44ec-b823-b0966c81af70::roof-flat::flat:4,1.0,,oblique_covered_by_flat
c87c1e25-ff00-44ec-b823-b0966c81af70,c87c1e25-ff00-44ec-b823-b0966c81af70::ceiling-raw::0:1:11,0,1,11,48.92,114.95,0.517,0,1.0,,0.0,c87c1e25-ff00-44ec-b823-b0966c81af70::roof-flat::flat:4,1.0,,oblique_covered_by_flat
c87c1e25-ff00-44ec-b823-b0966c81af70,c87c1e25-ff00-44ec-b823-b0966c81af70::ceiling-raw::0:1:12,0,1,12,51.44,46.14,0.171,0,1.0,,0.0,c87c1e25-ff00-44ec-b823-b0966c81af70::roof-flat::flat:4,1.0,,oblique_covered_by_flat
c87c1e25-ff00-44ec-b823-b0966c81af70,c87c1e25-ff00-44ec-b823-b0966c81af70::ceiling-raw::0:3:0,0,3,0,0.0,,7.456,0,1.0,,0.0,c87c1e25-ff00-44ec-b823-b0966c81af70::roof-flat::flat:4,1.0,,flat_matched
c87c1e25-ff00-44ec-b823-b0966c81af70,c87c1e25-ff00-44ec-b823-b0966c81af70::ceiling-raw::0:4:0,0,4,0,0.0,,2.777,0,1.0,,0.0,c87c1e25-ff00-44ec-b823-b0966c81af70::roof-flat::flat:6,1.0,,flat_matched
c87c1e25-ff00-44ec-b823-b0966c81af70,c87c1e25-ff00-44ec-b823-b0966c81af70::ceiling-raw::0:4:1,0,4,1,0.0,,0.375,0,1.0,,0.0,c87c1e25-ff00-44ec-b823-b0966c81af70::roof-flat::flat:6,1.0,,flat_matched
c87c1e25-ff00-44ec-b823-b0966c81af70,c87c1e25-ff00-44ec-b823-b0966c81af70::ceiling-raw::0:5:0,0,5,0,0.0,,3.758,0,1.0,,0.0,c87c1e25-ff00-44ec-b823-b0966c81af70::roof-flat::flat:6,1.0,,flat_matched
c87c1e25-ff00-44ec-b823-b0966c81af70,c87c1e25-ff00-44ec-b823-b0966c81af70::ceiling-raw::1:7:0,1,7,0,0.0,,4.375,1.0,1.0,c87c1e25-ff00-44ec-b823-b0966c81af70::roof-oblique::oblique:0,1.0,c87c1e25-ff00-44ec-b823-b0966c81af70::roof-flat::flat:7,1.0,0.684,flat_matched
c87c1e25-ff00-44ec-b823-b0966c81af70,c87c1e25-ff00-44ec-b823-b0966c81af70::ceiling-raw::1:9:0,1,9,0,0.0,,9.613,1.0,1.0,c87c1e25-ff00-44ec-b823-b0966c81af70::roof-oblique::oblique:0,0.658,c87c1e25-ff00-44ec-b823-b0966c81af70::roof-flat::flat:7,1.0,0.684,flat_matched
c87c1e25-ff00-44ec-b823-b0966c81af70,c87c1e25-ff00-44ec-b823-b0966c81af70::ceiling-raw::1:9:1,1,9,1,45.63,45.5,3.659,1.0,0.907,c87c1e25-ff00-44ec-b823-b0966c81af70::roof-oblique::oblique:1,1.0,c87c1e25-ff00-44ec-b823-b0966c81af70::roof-flat::flat:7,0.907,1.0,oblique_matched
c87c1e25-ff00-44ec-b823-b0966c81af70,c87c1e25-ff00-44ec-b823-b0966c81af70::ceiling-raw::1:9:2,1,9,2,45.92,208.68,0.273,1.0,1.0,c87c1e25-ff00-44ec-b823-b0966c81af70::roof-oblique::oblique:0,1.0,c87c1e25-ff00-44ec-b823-b0966c81af70::roof-flat::flat:7,1.0,0.977,oblique_matched
c87c1e25-ff00-44ec-b823-b0966c81af70,c87c1e25-ff00-44ec-b823-b0966c81af70::ceiling-raw::1:9:3,1,9,3,47.51,225.69,2.878,1.0,0.898,c87c1e25-ff00-44ec-b823-b0966c81af70::roof-oblique::oblique:0,1.0,c87c1e25-ff00-44ec-b823-b0966c81af70::roof-flat::flat:7,0.898,1.0,oblique_matched
c87c1e25-ff00-44ec-b823-b0966c81af70,c87c1e25-ff00-44ec-b823-b0966c81af70::ceiling-raw::1:9:4,1,9,4,47.62,225.64,0.247,1.0,1.0,c87c1e25-ff00-44ec-b823-b0966c81af70::roof-oblique::oblique:0,1.0,c87c1e25-ff00-44ec-b823-b0966c81af70::roof-flat::flat:7,1.0,1.0,oblique_matched
c87c1e25-ff00-44ec-b823-b0966c81af70,c87c1e25-ff00-44ec-b823-b0966c81af70::ceiling-raw::1:10:0,1,10,0,0.0,,1.871,1.0,1.0,c87c1e25-ff00-44ec-b823-b0966c81af70::roof-oblique::oblique:0,0.863,c87c1e25-ff00-44ec-b823-b0966c81af70::roof-flat::flat:3,1.0,0.684,flat_matched
c87c1e25-ff00-44ec-b823-b0966c81af70,c87c1e25-ff00-44ec-b823-b0966c81af70::ceiling-raw::1:10:1,1,10,1,0.0,,10.094,1.0,1.0,c87c1e25-ff00-44ec-b823-b0966c81af70::roof-oblique::oblique:1,1.0,c87c1e25-ff00-44ec-b823-b0966c81af70::roof-flat::flat:7,1.0,0.7,flat_matched
c87c1e25-ff00-44ec-b823-b0966c81af70,c87c1e25-ff00-44ec-b823-b0966c81af70::ceiling-raw::1:10:2,1,10,2,0.0,,3.692,1.0,1.0,c87c1e25-ff00-44ec-b823-b0966c81af70::roof-oblique::oblique:0,0.796,c87c1e25-ff00-44ec-b823-b0966c81af70::roof-flat::flat:7,1.0,0.684,flat_matched
c9a43a7c-7171-484c-ac98-54f9ba59b6e6,c9a43a7c-7171-484c-ac98-54f9ba59b6e6::ceiling-raw::1:1:0,1,1,0,0.0,,0.96,0,1.0,,0.0,c9a43a7c-7171-484c-ac98-54f9ba59b6e6::roof-flat::flat:4,1.0,,flat_matched
c9a43a7c-7171-484c-ac98-54f9ba59b6e6,c9a43a7c-7171-484c-ac98-54f9ba59b6e6::ceiling-raw::1:1:1,1,1,1,0.0,,10.774,0,1.0,,0.0,c9a43a7c-7171-484c-ac98-54f9ba59b6e6::roof-flat::flat:4,1.0,,flat_matched
c9a43a7c-7171-484c-ac98-54f9ba59b6e6,c9a43a7c-7171-484c-ac98-54f9ba59b6e6::ceiling-raw::1:8:0,1,8,0,0.0,,4.52,0,1.0,,0.0,c9a43a7c-7171-484c-ac98-54f9ba59b6e6::roof-flat::flat:6,1.0,,flat_matched
c9a43a7c-7171-484c-ac98-54f9ba59b6e6,c9a43a7c-7171-484c-ac98-54f9ba59b6e6::ceiling-raw::2:9:0,2,9,0,0.0,,5.265,1.0,1.0,c9a43a7c-7171-484c-ac98-54f9ba59b6e6::roof-oblique::oblique:0,0.97,c9a43a7c-7171-484c-ac98-54f9ba59b6e6::roof-flat::flat:7,1.0,0.714,flat_matched
c9a43a7c-7171-484c-ac98-54f9ba59b6e6,c9a43a7c-7171-484c-ac98-54f9ba59b6e6::ceiling-raw::2:9:1,2,9,1,44.55,55.84,5.702,1.0,1.0,c9a43a7c-7171-484c-ac98-54f9ba59b6e6::roof-oblique::oblique:0,1.0,c9a43a7c-7171-484c-ac98-54f9ba59b6e6::roof-flat::flat:7,1.0,1.0,oblique_matched
c9a43a7c-7171-484c-ac98-54f9ba59b6e6,c9a43a7c-7171-484c-ac98-54f9ba59b6e6::ceiling-raw::2:10:0,2,10,0,0.0,,4.922,1.0,1.0,c9a43a7c-7171-484c-ac98-54f9ba59b6e6::roof-oblique::oblique:1,1.0,c9a43a7c-7171-484c-ac98-54f9ba59b6e6::roof-flat::flat:7,1.0,0.728,flat_matched
c9a43a7c-7171-484c-ac98-54f9ba59b6e6,c9a43a7c-7171-484c-ac98-54f9ba59b6e6::ceiling-raw::2:10:1,2,10,1,44.25,235.56,5.842,0.999,1.0,c9a43a7c-7171-484c-ac98-54f9ba59b6e6::roof-oblique::oblique:1,0.999,c9a43a7c-7171-484c-ac98-54f9ba59b6e6::roof-flat::flat:7,1.0,1.0,oblique_matched
c9a43a7c-7171-484c-ac98-54f9ba59b6e6,c9a43a7c-7171-484c-ac98-54f9ba59b6e6::ceiling-raw::2:11:0,2,11,0,0.0,,9.699,1.0,1.0,c9a43a7c-7171-484c-ac98-54f9ba59b6e6::roof-oblique::oblique:1,0.506,c9a43a7c-7171-484c-ac98-54f9ba59b6e6::roof-flat::flat:8,1.0,0.728,flat_matched
c9a43a7c-7171-484c-ac98-54f9ba59b6e6,c9a43a7c-7171-484c-ac98-54f9ba59b6e6::ceiling-raw::2:11:1,2,11,1,44.24,56.05,4.513,1.0,1.0,c9a43a7c-7171-484c-ac98-54f9ba59b6e6::roof-oblique::oblique:0,1.0,c9a43a7c-7171-484c-ac98-54f9ba59b6e6::roof-flat::flat:7,1.0,1.0,oblique_matched
c9a43a7c-7171-484c-ac98-54f9ba59b6e6,c9a43a7c-7171-484c-ac98-54f9ba59b6e6::ceiling-raw::2:12:0,2,12,0,0.0,,0.53,1.0,1.0,c9a43a7c-7171-484c-ac98-54f9ba59b6e6::roof-oblique::oblique:1,1.0,c9a43a7c-7171-484c-ac98-54f9ba59b6e6::roof-flat::flat:7,1.0,0.728,flat_matched
c9a43a7c-7171-484c-ac98-54f9ba59b6e6,c9a43a7c-7171-484c-ac98-54f9ba59b6e6::ceiling-raw::2:12:1,2,12,1,43.27,235.9,0.161,1.0,1.0,c9a43a7c-7171-484c-ac98-54f9ba59b6e6::roof-oblique::oblique:1,1.0,c9a43a7c-7171-484c-ac98-54f9ba59b6e6::roof-flat::flat:7,1.0,1.0,oblique_matched
c9a43a7c-7171-484c-ac98-54f9ba59b6e6,c9a43a7c-7171-484c-ac98-54f9ba59b6e6::ceiling-raw::2:12:2,2,12,2,44.58,235.9,1.852,1.0,1.0,c9a43a7c-7171-484c-ac98-54f9ba59b6e6::roof-oblique::oblique:1,1.0,c9a43a7c-7171-484c-ac98-54f9ba59b6e6::roof-flat::flat:7,1.0,1.0,oblique_matched
c9a43a7c-7171-484c-ac98-54f9ba59b6e6,c9a43a7c-7171-484c-ac98-54f9ba59b6e6::ceiling-raw::2:12:3,2,12,3,45.87,218.82,0.154,1.0,1.0,c9a43a7c-7171-484c-ac98-54f9ba59b6e6::roof-oblique::oblique:1,1.0,c9a43a7c-7171-484c-ac98-54f9ba59b6e6::roof-flat::flat:7,1.0,0.977,oblique_matched
c9a43a7c-7171-484c-ac98-54f9ba59b6e6,c9a43a7c-7171-484c-ac98-54f9ba59b6e6::ceiling-raw::2:13:0,2,13,0,0.0,,11.145,1.0,1.0,c9a43a7c-7171-484c-ac98-54f9ba59b6e6::roof-oblique::oblique:0,0.526,c9a43a7c-7171-484c-ac98-54f9ba59b6e6::roof-flat::flat:8,1.0,0.714,flat_matched
c9a43a7c-7171-484c-ac98-54f9ba59b6e6,c9a43a7c-7171-484c-ac98-54f9ba59b6e6::ceiling-raw::2:13:1,2,13,1,44.44,236.11,3.7,1.0,0.972,c9a43a7c-7171-484c-ac98-54f9ba59b6e6::roof-oblique::oblique:1,1.0,c9a43a7c-7171-484c-ac98-54f9ba59b6e6::roof-flat::flat:8,0.909,1.0,oblique_matched
c9a43a7c-7171-484c-ac98-54f9ba59b6e6,c9a43a7c-7171-484c-ac98-54f9ba59b6e6::ceiling-raw::2:14:0,2,14,0,0.0,,0.462,1.0,1.0,c9a43a7c-7171-484c-ac98-54f9ba59b6e6::roof-oblique::oblique:1,1.0,c9a43a7c-7171-484c-ac98-54f9ba59b6e6::roof-flat::flat:7,1.0,0.728,flat_matched
c9a43a7c-7171-484c-ac98-54f9ba59b6e6,c9a43a7c-7171-484c-ac98-54f9ba59b6e6::ceiling-raw::2:14:1,2,14,1,0.82,325.9,0.049,1.0,1.0,c9a43a7c-7171-484c-ac98-54f9ba59b6e6::roof-oblique::oblique:1,1.0,c9a43a7c-7171-484c-ac98-54f9ba59b6e6::roof-flat::flat:8,1.0,0.728,flat_matched
c9a43a7c-7171-484c-ac98-54f9ba59b6e6,c9a43a7c-7171-484c-ac98-54f9ba59b6e6::ceiling-raw::2:14:2,2,14,2,15.08,145.9,0.082,1.0,1.0,c9a43a7c-7171-484c-ac98-54f9ba59b6e6::roof-oblique::oblique:1,1.0,c9a43a7c-7171-484c-ac98-54f9ba59b6e6::roof-flat::flat:7,1.0,0.703,oblique_wrong_orientation
c9a43a7c-7171-484c-ac98-54f9ba59b6e6,c9a43a7c-7171-484c-ac98-54f9ba59b6e6::ceiling-raw::2:14:3,2,14,3,37.13,235.9,0.082,1.0,1.0,c9a43a7c-7171-484c-ac98-54f9ba59b6e6::roof-oblique::oblique:1,1.0,c9a43a7c-7171-484c-ac98-54f9ba59b6e6::roof-flat::flat:7,1.0,0.994,oblique_matched
c9a43a7c-7171-484c-ac98-54f9ba59b6e6,c9a43a7c-7171-484c-ac98-54f9ba59b6e6::ceiling-raw::2:14:4,2,14,4,38.78,216.31,0.305,1.0,1.0,c9a43a7c-7171-484c-ac98-54f9ba59b6e6::roof-oblique::oblique:1,1.0,c9a43a7c-7171-484c-ac98-54f9ba59b6e6::roof-flat::flat:7,1.0,0.972,oblique_matched
c9a43a7c-7171-484c-ac98-54f9ba59b6e6,c9a43a7c-7171-484c-ac98-54f9ba59b6e6::ceiling-raw::2:14:5,2,14,5,44.17,236.74,0.305,1.0,1.0,c9a43a7c-7171-484c-ac98-54f9ba59b6e6::roof-oblique::oblique:1,1.0,c9a43a7c-7171-484c-ac98-54f9ba59b6e6::roof-flat::flat:8,1.0,1.0,oblique_matched
c9a43a7c-7171-484c-ac98-54f9ba59b6e6,c9a43a7c-7171-484c-ac98-54f9ba59b6e6::ceiling-raw::2:14:6,2,14,6,44.89,248.65,0.049,1.0,1.0,c9a43a7c-7171-484c-ac98-54f9ba59b6e6::roof-oblique::oblique:1,1.0,c9a43a7c-7171-484c-ac98-54f9ba59b6e6::roof-flat::flat:8,1.0,0.988,oblique_matched
c9a43a7c-7171-484c-ac98-54f9ba59b6e6,c9a43a7c-7171-484c-ac98-54f9ba59b6e6::ceiling-raw::0:15:0,0,15,0,0.0,,9.769,0,1.0,,0.0,c9a43a7c-7171-484c-ac98-54f9ba59b6e6::roof-flat::flat:9,1.0,,flat_matched
cf982769-994b-4193-a621-91d46d1a3344,cf982769-994b-4193-a621-91d46d1a3344::ceiling-raw::0:0:0,0,0,0,0.0,,12.3,0,1.0,,0.0,cf982769-994b-4193-a621-91d46d1a3344::roof-flat::flat:2,1.0,,flat_matched
cf982769-994b-4193-a621-91d46d1a3344,cf982769-994b-4193-a621-91d46d1a3344::ceiling-raw::0:2:0,0,2,0,42.73,131.87,3.21,0,1.0,,0.0,cf982769-994b-4193-a621-91d46d1a3344::roof-flat::flat:3,1.0,,oblique_covered_by_flat
cf982769-994b-4193-a621-91d46d1a3344,cf982769-994b-4193-a621-91d46d1a3344::ceiling-raw::0:2:1,0,2,1,43.44,311.96,2.995,0,1.0,,0.0,cf982769-994b-4193-a621-91d46d1a3344::roof-flat::flat:3,1.0,,oblique_covered_by_flat
cf982769-994b-4193-a621-91d46d1a3344,cf982769-994b-4193-a621-91d46d1a3344::ceiling-raw::0:4:0,0,4,0,0.55,260.88,16.93,0,1.0,,0.0,cf982769-994b-4193-a621-91d46d1a3344::roof-flat::flat:3,1.0,,flat_matched
cf982769-994b-4193-a621-91d46d1a3344,cf982769-994b-4193-a621-91d46d1a3344::ceiling-raw::0:4:1,0,4,1,0.0,,13.349,0,1.0,,0.0,cf982769-994b-4193-a621-91d46d1a3344::roof-flat::flat:2,1.0,,flat_matched
cf982769-994b-4193-a621-91d46d1a3344,cf982769-994b-4193-a621-91d46d1a3344::ceiling-raw::0:4:2,0,4,2,9.62,218.8,11.394,0,1.0,,0.0,cf982769-994b-4193-a621-91d46d1a3344::roof-flat::flat:1,1.0,,oblique_covered_by_flat
cf982769-994b-4193-a621-91d46d1a3344,cf982769-994b-4193-a621-91d46d1a3344::ceiling-raw::0:4:3,0,4,3,48.99,308.8,0.255,0,1.0,,0.0,cf982769-994b-4193-a621-91d46d1a3344::roof-flat::flat:4,1.0,,oblique_covered_by_flat
cf982769-994b-4193-a621-91d46d1a3344,cf982769-994b-4193-a621-91d46d1a3344::ceiling-raw::1:5:0,1,5,0,0.0,,0.249,1.0,0,cf982769-994b-4193-a621-91d46d1a3344::roof-oblique::oblique:0,1.0,,0.0,0.743,flat_covered_by_oblique
cf982769-994b-4193-a621-91d46d1a3344,cf982769-994b-4193-a621-91d46d1a3344::ceiling-raw::1:5:1,1,5,1,4.33,183.69,0.649,1.0,0,cf982769-994b-4193-a621-91d46d1a3344::roof-oblique::oblique:0,1.0,,0.0,0.699,flat_covered_by_oblique
cf982769-994b-4193-a621-91d46d1a3344,cf982769-994b-4193-a621-91d46d1a3344::ceiling-raw::1:5:2,1,5,2,43.91,47.62,4.282,1.0,0,cf982769-994b-4193-a621-91d46d1a3344::roof-oblique::oblique:0,1.0,,0.0,0.993,oblique_matched
cf982769-994b-4193-a621-91d46d1a3344,cf982769-994b-4193-a621-91d46d1a3344::ceiling-raw::1:5:3,1,5,3,44.47,227.62,0.194,0.997,0,cf982769-994b-4193-a621-91d46d1a3344::roof-oblique::oblique:0,0.997,,0.0,0.067,oblique_wrong_orientation
cf982769-994b-4193-a621-91d46d1a3344,cf982769-994b-4193-a621-91d46d1a3344::ceiling-raw::1:5:4,1,5,4,45.81,3.69,0.473,1.0,0,cf982769-994b-4193-a621-91d46d1a3344::roof-oblique::oblique:0,1.0,,0.0,0.913,oblique_matched
cf982769-994b-4193-a621-91d46d1a3344,cf982769-994b-4193-a621-91d46d1a3344::ceiling-raw::1:5:5,1,5,5,46.96,11.97,0.678,1.0,0,cf982769-994b-4193-a621-91d46d1a3344::roof-oblique::oblique:0,1.0,,0.0,0.945,oblique_matched
cf982769-994b-4193-a621-91d46d1a3344,cf982769-994b-4193-a621-91d46d1a3344::ceiling-raw::1:5:6,1,5,6,48.08,61.47,0.662,1.0,0,cf982769-994b-4193-a621-91d46d1a3344::roof-oblique::oblique:0,1.0,,0.0,0.954,oblique_matched
cf982769-994b-4193-a621-91d46d1a3344,cf982769-994b-4193-a621-91d46d1a3344::ceiling-raw::1:5:7,1,5,7,48.65,39.04,4.636,1.0,0,cf982769-994b-4193-a621-91d46d1a3344::roof-oblique::oblique:0,1.0,,0.0,0.993,oblique_matched
cf982769-994b-4193-a621-91d46d1a3344,cf982769-994b-4193-a621-91d46d1a3344::ceiling-raw::1:5:8,1,5,8,54.75,129.03,0.379,1.0,0,cf982769-994b-4193-a621-91d46d1a3344::roof-oblique::oblique:0,1.0,,0.0,0.422,oblique_wrong_orientation
cf982769-994b-4193-a621-91d46d1a3344,cf982769-994b-4193-a621-91d46d1a3344::ceiling-raw::1:5:9,1,5,9,0.0,,3.411,0.994,0,cf982769-994b-4193-a621-91d46d1a3344::roof-oblique::oblique:0,0.994,,0.0,0.743,flat_covered_by_oblique
cf982769-994b-4193-a621-91d46d1a3344,cf982769-994b-4193-a621-91d46d1a3344::ceiling-raw::1:5:10,1,5,10,27.63,217.22,0.438,0.258,0,cf982769-994b-4193-a621-91d46d1a3344::roof-oblique::oblique:0,0.258,,0.0,0.347,oblique_partial
cf982769-994b-4193-a621-91d46d1a3344,cf982769-994b-4193-a621-91d46d1a3344::ceiling-raw::1:5:11,1,5,11,43.74,216.82,13.55,0,0,,0.0,,0.0,,uncovered
cf982769-994b-4193-a621-91d46d1a3344,cf982769-994b-4193-a621-91d46d1a3344::ceiling-raw::1:5:12,1,5,12,43.16,22.74,7.633,1.0,0,cf982769-994b-4193-a621-91d46d1a3344::roof-oblique::oblique:0,1.0,,0.0,0.983,oblique_matched
cf982769-994b-4193-a621-91d46d1a3344,cf982769-994b-4193-a621-91d46d1a3344::ceiling-raw::1:5:13,1,5,13,60.14,95.84,0.664,1.0,0,cf982769-994b-4193-a621-91d46d1a3344::roof-oblique::oblique:0,1.0,,0.0,0.682,oblique_wrong_orientation
cf982769-994b-4193-a621-91d46d1a3344,cf982769-994b-4193-a621-91d46d1a3344::ceiling-raw::1:5:14,1,5,14,60.98,39.04,4.459,1.0,0,cf982769-994b-4193-a621-91d46d1a3344::roof-oblique::oblique:0,1.0,,0.0,0.946,oblique_matched
cf982769-994b-4193-a621-91d46d1a3344,cf982769-994b-4193-a621-91d46d1a3344::ceiling-raw::1:5:15,1,5,15,4.3,183.49,0.251,0.24,0,cf982769-994b-4193-a621-91d46d1a3344::roof-oblique::oblique:0,0.24,,0.0,0.699,flat_partial
cf982769-994b-4193-a621-91d46d1a3344,cf982769-994b-4193-a621-91d46d1a3344::ceiling-raw::1:5:16,1,5,16,27.63,217.22,0.405,0.095,0,cf982769-994b-4193-a621-91d46d1a3344::roof-oblique::oblique:0,0.095,,0.0,0.347,uncovered
cf982769-994b-4193-a621-91d46d1a3344,cf982769-994b-4193-a621-91d46d1a3344::ceiling-raw::1:5:17,1,5,17,44.55,218.58,12.19,0,0,,0.0,,0.0,,uncovered
cf982769-994b-4193-a621-91d46d1a3344,cf982769-994b-4193-a621-91d46d1a3344::ceiling-raw::1:5:18,1,5,18,44.46,227.63,0.075,0.025,0,cf982769-994b-4193-a621-91d46d1a3344::roof-oblique::oblique:0,0.025,,0.0,0.067,uncovered
d28b528a-475b-4ac0-a38d-ee992cd877db,d28b528a-475b-4ac0-a38d-ee992cd877db::ceiling-raw::0:2:0,0,2,0,0.0,,10.799,0,1.0,,0.0,d28b528a-475b-4ac0-a38d-ee992cd877db::roof-flat::flat:7,1.0,,flat_matched
d28b528a-475b-4ac0-a38d-ee992cd877db,d28b528a-475b-4ac0-a38d-ee992cd877db::ceiling-raw::0:3:0,0,3,0,0.0,,1.442,0,1.0,,0.0,d28b528a-475b-4ac0-a38d-ee992cd877db::roof-flat::flat:7,1.0,,flat_matched
d28b528a-475b-4ac0-a38d-ee992cd877db,d28b528a-475b-4ac0-a38d-ee992cd877db::ceiling-raw::0:3:1,0,3,1,0.0,,6.766,0,1.0,,0.0,d28b528a-475b-4ac0-a38d-ee992cd877db::roof-flat::flat:7,1.0,,flat_matched
d28b528a-475b-4ac0-a38d-ee992cd877db,d28b528a-475b-4ac0-a38d-ee992cd877db::ceiling-raw::0:4:0,0,4,0,0.0,,2.192,0,1.0,,0.0,d28b528a-475b-4ac0-a38d-ee992cd877db::roof-flat::flat:2,1.0,,flat_matched
d28b528a-475b-4ac0-a38d-ee992cd877db,d28b528a-475b-4ac0-a38d-ee992cd877db::ceiling-raw::0:5:0,0,5,0,0.0,,18.776,0,1.0,,0.0,d28b528a-475b-4ac0-a38d-ee992cd877db::roof-flat::flat:7,1.0,,flat_matched
d28b528a-475b-4ac0-a38d-ee992cd877db,d28b528a-475b-4ac0-a38d-ee992cd877db::ceiling-raw::0:7:0,0,7,0,0.0,,24.554,0,1.0,,0.0,d28b528a-475b-4ac0-a38d-ee992cd877db::roof-flat::flat:7,1.0,,flat_matched
d28b528a-475b-4ac0-a38d-ee992cd877db,d28b528a-475b-4ac0-a38d-ee992cd877db::ceiling-raw::0:8:0,0,8,0,2.26,285.66,20.845,0,1.0,,0.0,d28b528a-475b-4ac0-a38d-ee992cd877db::roof-flat::flat:8,1.0,,flat_matched
d28b528a-475b-4ac0-a38d-ee992cd877db,d28b528a-475b-4ac0-a38d-ee992cd877db::ceiling-raw::1:11:0,1,11,0,0.0,,5.991,1.0,0,d28b528a-475b-4ac0-a38d-ee992cd877db::roof-oblique::oblique:0,1.0,,0.0,0.706,flat_covered_by_oblique
d28b528a-475b-4ac0-a38d-ee992cd877db,d28b528a-475b-4ac0-a38d-ee992cd877db::ceiling-raw::1:11:1,1,11,1,0.0,,1.408,1.0,0,d28b528a-475b-4ac0-a38d-ee992cd877db::roof-oblique::oblique:0,1.0,,0.0,0.706,flat_covered_by_oblique
d28b528a-475b-4ac0-a38d-ee992cd877db,d28b528a-475b-4ac0-a38d-ee992cd877db::ceiling-raw::1:11:2,1,11,2,1.13,102.67,1.402,1.0,0,d28b528a-475b-4ac0-a38d-ee992cd877db::roof-oblique::oblique:0,1.0,,0.0,0.706,flat_covered_by_oblique
d28b528a-475b-4ac0-a38d-ee992cd877db,d28b528a-475b-4ac0-a38d-ee992cd877db::ceiling-raw::1:11:3,1,11,3,1.87,282.67,3.712,1.0,0,d28b528a-475b-4ac0-a38d-ee992cd877db::roof-oblique::oblique:0,1.0,,0.0,0.705,flat_covered_by_oblique
d28b528a-475b-4ac0-a38d-ee992cd877db,d28b528a-475b-4ac0-a38d-ee992cd877db::ceiling-raw::1:11:4,1,11,4,2.58,51.98,0.246,1.0,0,d28b528a-475b-4ac0-a38d-ee992cd877db::roof-oblique::oblique:0,1.0,,0.0,0.73,flat_covered_by_oblique
d28b528a-475b-4ac0-a38d-ee992cd877db,d28b528a-475b-4ac0-a38d-ee992cd877db::ceiling-raw::1:11:5,1,11,5,11.51,8.06,2.245,1.0,0,d28b528a-475b-4ac0-a38d-ee992cd877db::roof-oblique::oblique:0,1.0,,0.0,0.832,oblique_matched
d28b528a-475b-4ac0-a38d-ee992cd877db,d28b528a-475b-4ac0-a38d-ee992cd877db::ceiling-raw::1:11:6,1,11,6,16.08,188.75,0.284,1.0,0,d28b528a-475b-4ac0-a38d-ee992cd877db::roof-oblique::oblique:0,1.0,,0.0,0.482,oblique_wrong_orientation
d28b528a-475b-4ac0-a38d-ee992cd877db,d28b528a-475b-4ac0-a38d-ee992cd877db::ceiling-raw::1:11:7,1,11,7,44.54,201.24,2.183,1.0,0,d28b528a-475b-4ac0-a38d-ee992cd877db::roof-oblique::oblique:0,1.0,,0.0,0.012,oblique_wrong_orientation
d28b528a-475b-4ac0-a38d-ee992cd877db,d28b528a-475b-4ac0-a38d-ee992cd877db::ceiling-raw::1:11:8,1,11,8,48.92,51.98,0.186,1.0,0,d28b528a-475b-4ac0-a38d-ee992cd877db::roof-oblique::oblique:0,1.0,,0.0,0.877,oblique_matched
d28b528a-475b-4ac0-a38d-ee992cd877db,d28b528a-475b-4ac0-a38d-ee992cd877db::ceiling-raw::1:11:9,1,11,9,51.79,334.61,0.155,1.0,0,d28b528a-475b-4ac0-a38d-ee992cd877db::roof-oblique::oblique:0,1.0,,0.0,0.875,oblique_matched
d28b528a-475b-4ac0-a38d-ee992cd877db,d28b528a-475b-4ac0-a38d-ee992cd877db::ceiling-raw::1:11:10,1,11,10,52.25,51.44,2.553,0.996,0,d28b528a-475b-4ac0-a38d-ee992cd877db::roof-oblique::oblique:0,0.996,,0.0,0.869,oblique_matched
d28b528a-475b-4ac0-a38d-ee992cd877db,d28b528a-475b-4ac0-a38d-ee992cd877db::ceiling-raw::1:11:11,1,11,11,68.16,303.5,0.91,1.0,0,d28b528a-475b-4ac0-a38d-ee992cd877db::roof-oblique::oblique:0,1.0,,0.0,0.496,oblique_wrong_orientation
d28b528a-475b-4ac0-a38d-ee992cd877db,d28b528a-475b-4ac0-a38d-ee992cd877db::ceiling-raw::1:11:12,1,11,12,0.0,,0.339,1.0,0,d28b528a-475b-4ac0-a38d-ee992cd877db::roof-oblique::oblique:0,1.0,,0.0,0.706,flat_covered_by_oblique
d28b528a-475b-4ac0-a38d-ee992cd877db,d28b528a-475b-4ac0-a38d-ee992cd877db::ceiling-raw::1:11:13,1,11,13,0.0,,0.243,0.543,0,d28b528a-475b-4ac0-a38d-ee992cd877db::roof-oblique::oblique:0,0.543,,0.0,0.706,flat_covered_by_oblique
d28b528a-475b-4ac0-a38d-ee992cd877db,d28b528a-475b-4ac0-a38d-ee992cd877db::ceiling-raw::1:11:14,1,11,14,1.65,102.66,1.579,1.0,0,d28b528a-475b-4ac0-a38d-ee992cd877db::roof-oblique::oblique:0,1.0,,0.0,0.706,flat_covered_by_oblique
d28b528a-475b-4ac0-a38d-ee992cd877db,d28b528a-475b-4ac0-a38d-ee992cd877db::ceiling-raw::1:11:15,1,11,15,45.91,26.99,3.744,1.0,0,d28b528a-475b-4ac0-a38d-ee992cd877db::roof-oblique::oblique:0,1.0,,0.0,0.984,oblique_matched
d28b528a-475b-4ac0-a38d-ee992cd877db,d28b528a-475b-4ac0-a38d-ee992cd877db::ceiling-raw::1:11:16,1,11,16,49.03,52.27,0.001,0.931,0,d28b528a-475b-4ac0-a38d-ee992cd877db::roof-oblique::oblique:0,0.931,,0.0,0.875,oblique_matched
d28b528a-475b-4ac0-a38d-ee992cd877db,d28b528a-475b-4ac0-a38d-ee992cd877db::ceiling-raw::1:11:17,1,11,17,51.79,334.61,0.01,0.931,0,d28b528a-475b-4ac0-a38d-ee992cd877db::roof-oblique::oblique:0,0.931,,0.0,0.875,oblique_matched
d28b528a-475b-4ac0-a38d-ee992cd877db,d28b528a-475b-4ac0-a38d-ee992cd877db::ceiling-raw::1:11:18,1,11,18,58.16,14.64,2.448,0.993,0,d28b528a-475b-4ac0-a38d-ee992cd877db::roof-oblique::oblique:0,0.993,,0.0,0.974,oblique_matched
d28b528a-475b-4ac0-a38d-ee992cd877db,d28b528a-475b-4ac0-a38d-ee992cd877db::ceiling-raw::1:11:19,1,11,19,68.16,303.5,0.053,0.931,0,d28b528a-475b-4ac0-a38d-ee992cd877db::roof-oblique::oblique:0,0.931,,0.0,0.497,oblique_wrong_orientation
d28b528a-475b-4ac0-a38d-ee992cd877db,d28b528a-475b-4ac0-a38d-ee992cd877db::ceiling-raw::1:11:20,1,11,20,86.49,12.66,0.205,0.546,0,d28b528a-475b-4ac0-a38d-ee992cd877db::roof-oblique::oblique:0,0.546,,0.0,0.75,near_vertical_skip
d28b528a-475b-4ac0-a38d-ee992cd877db,d28b528a-475b-4ac0-a38d-ee992cd877db::ceiling-raw::1:12:0,1,12,0,0.0,,12.183,0,1.0,,0.0,d28b528a-475b-4ac0-a38d-ee992cd877db::roof-flat::flat:9,1.0,,flat_matched
d28b528a-475b-4ac0-a38d-ee992cd877db,d28b528a-475b-4ac0-a38d-ee992cd877db::ceiling-raw::1:13:0,1,13,0,0.0,,2.841,0,1.0,,0.0,d28b528a-475b-4ac0-a38d-ee992cd877db::roof-flat::flat:10,1.0,,flat_matched
d28b528a-475b-4ac0-a38d-ee992cd877db,d28b528a-475b-4ac0-a38d-ee992cd877db::ceiling-raw::1:13:1,1,13,1,1.97,192.65,0.015,0,1.0,,0.0,d28b528a-475b-4ac0-a38d-ee992cd877db::roof-flat::flat:10,1.0,,flat_matched
d28b528a-475b-4ac0-a38d-ee992cd877db,d28b528a-475b-4ac0-a38d-ee992cd877db::ceiling-raw::1:13:2,1,13,2,40.4,102.66,3.509,0,1.0,,0.0,d28b528a-475b-4ac0-a38d-ee992cd877db::roof-flat::flat:10,1.0,,oblique_covered_by_flat
d28b528a-475b-4ac0-a38d-ee992cd877db,d28b528a-475b-4ac0-a38d-ee992cd877db::ceiling-raw::1:13:3,1,13,3,40.4,282.66,4.841,0,1.0,,0.0,d28b528a-475b-4ac0-a38d-ee992cd877db::roof-flat::flat:10,1.0,,oblique_covered_by_flat
d28b528a-475b-4ac0-a38d-ee992cd877db,d28b528a-475b-4ac0-a38d-ee992cd877db::ceiling-raw::1:13:4,1,13,4,41.68,12.67,10.988,0,1.0,,0.0,d28b528a-475b-4ac0-a38d-ee992cd877db::roof-flat::flat:10,1.0,,oblique_covered_by_flat
d28b528a-475b-4ac0-a38d-ee992cd877db,d28b528a-475b-4ac0-a38d-ee992cd877db::ceiling-raw::1:13:5,1,13,5,42.1,192.67,1.233,0,1.0,,0.0,d28b528a-475b-4ac0-a38d-ee992cd877db::roof-flat::flat:10,1.0,,oblique_covered_by_flat
d28b528a-475b-4ac0-a38d-ee992cd877db,d28b528a-475b-4ac0-a38d-ee992cd877db::ceiling-raw::1:13:6,1,13,6,84.93,192.66,0.114,0,1.0,,0.0,d28b528a-475b-4ac0-a38d-ee992cd877db::roof-flat::flat:10,1.0,,near_vertical_skip
d28b528a-475b-4ac0-a38d-ee992cd877db,d28b528a-475b-4ac0-a38d-ee992cd877db::ceiling-raw::1:14:0,1,14,0,0.0,,1.406,0,1.0,,0.0,d28b528a-475b-4ac0-a38d-ee992cd877db::roof-flat::flat:9,1.0,,flat_matched
d28b528a-475b-4ac0-a38d-ee992cd877db,d28b528a-475b-4ac0-a38d-ee992cd877db::ceiling-raw::1:14:1,1,14,1,42.48,193.63,10.739,0,1.0,,0.0,d28b528a-475b-4ac0-a38d-ee992cd877db::roof-flat::flat:10,0.984,,oblique_covered_by_flat
d28b528a-475b-4ac0-a38d-ee992cd877db,d28b528a-475b-4ac0-a38d-ee992cd877db::ceiling-raw::1:15:0,1,15,0,0.0,,0.046,0,1.0,,0.0,d28b528a-475b-4ac0-a38d-ee992cd877db::roof-flat::flat:10,1.0,,flat_matched
d28b528a-475b-4ac0-a38d-ee992cd877db,d28b528a-475b-4ac0-a38d-ee992cd877db::ceiling-raw::1:15:1,1,15,1,38.69,13.05,2.273,0,1.0,,0.0,d28b528a-475b-4ac0-a38d-ee992cd877db::roof-flat::flat:10,1.0,,oblique_covered_by_flat
d28b528a-475b-4ac0-a38d-ee992cd877db,d28b528a-475b-4ac0-a38d-ee992cd877db::ceiling-raw::1:15:2,1,15,2,40.84,192.66,9.851,0,1.0,,0.0,d28b528a-475b-4ac0-a38d-ee992cd877db::roof-flat::flat:10,1.0,,oblique_covered_by_flat
d28b528a-475b-4ac0-a38d-ee992cd877db,d28b528a-475b-4ac0-a38d-ee992cd877db::ceiling-raw::1:15:3,1,15,3,42.08,192.65,0.533,0,1.0,,0.0,d28b528a-475b-4ac0-a38d-ee992cd877db::roof-flat::flat:10,1.0,,oblique_covered_by_flat
d28b528a-475b-4ac0-a38d-ee992cd877db,d28b528a-475b-4ac0-a38d-ee992cd877db::ceiling-raw::1:15:4,1,15,4,42.75,178.56,1.644,0,1.0,,0.0,d28b528a-475b-4ac0-a38d-ee992cd877db::roof-flat::flat:10,1.0,,oblique_covered_by_flat
d28b528a-475b-4ac0-a38d-ee992cd877db,d28b528a-475b-4ac0-a38d-ee992cd877db::ceiling-raw::1:15:5,1,15,5,42.84,213.93,0.557,0,1.0,,0.0,d28b528a-475b-4ac0-a38d-ee992cd877db::roof-flat::flat:10,1.0,,oblique_covered_by_flat
d28b528a-475b-4ac0-a38d-ee992cd877db,d28b528a-475b-4ac0-a38d-ee992cd877db::ceiling-raw::1:15:6,1,15,6,47.45,12.66,0.2,0,1.0,,0.0,d28b528a-475b-4ac0-a38d-ee992cd877db::roof-flat::flat:10,1.0,,oblique_covered_by_flat
d28b528a-475b-4ac0-a38d-ee992cd877db,d28b528a-475b-4ac0-a38d-ee992cd877db::ceiling-raw::1:15:7,1,15,7,49.27,352.37,0.023,0,1.0,,0.0,d28b528a-475b-4ac0-a38d-ee992cd877db::roof-flat::flat:10,1.0,,oblique_covered_by_flat
d28b528a-475b-4ac0-a38d-ee992cd877db,d28b528a-475b-4ac0-a38d-ee992cd877db::ceiling-raw::1:16:0,1,16,0,0.0,,2.652,0,1.0,,0.0,d28b528a-475b-4ac0-a38d-ee992cd877db::roof-flat::flat:10,1.0,,flat_matched
d28b528a-475b-4ac0-a38d-ee992cd877db,d28b528a-475b-4ac0-a38d-ee992cd877db::ceiling-raw::1:16:1,1,16,1,31.24,13.03,0.547,0,1.0,,0.0,d28b528a-475b-4ac0-a38d-ee992cd877db::roof-flat::flat:10,1.0,,oblique_covered_by_flat
d28b528a-475b-4ac0-a38d-ee992cd877db,d28b528a-475b-4ac0-a38d-ee992cd877db::ceiling-raw::1:16:2,1,16,2,31.49,13.03,0.884,0,1.0,,0.0,d28b528a-475b-4ac0-a38d-ee992cd877db::roof-flat::flat:10,1.0,,oblique_covered_by_flat
d28b528a-475b-4ac0-a38d-ee992cd877db,d28b528a-475b-4ac0-a38d-ee992cd877db::ceiling-raw::1:16:3,1,16,3,41.74,17.06,0.174,0,1.0,,0.0,d28b528a-475b-4ac0-a38d-ee992cd877db::roof-flat::flat:10,1.0,,oblique_covered_by_flat
d28b528a-475b-4ac0-a38d-ee992cd877db,d28b528a-475b-4ac0-a38d-ee992cd877db::ceiling-raw::1:16:4,1,16,4,44.09,284.1,1.44,0,0.319,,0.0,d28b528a-475b-4ac0-a38d-ee992cd877db::roof-flat::flat:10,0.319,,oblique_partial
d28b528a-475b-4ac0-a38d-ee992cd877db,d28b528a-475b-4ac0-a38d-ee992cd877db::ceiling-raw::1:16:5,1,16,5,42.06,334.45,0.178,0,0.9,,0.0,d28b528a-475b-4ac0-a38d-ee992cd877db::roof-flat::flat:10,0.9,,oblique_covered_by_flat
d28b528a-475b-4ac0-a38d-ee992cd877db,d28b528a-475b-4ac0-a38d-ee992cd877db::ceiling-raw::1:16:6,1,16,6,42.84,12.84,1.298,0,1.0,,0.0,d28b528a-475b-4ac0-a38d-ee992cd877db::roof-flat::flat:10,1.0,,oblique_covered_by_flat
d28b528a-475b-4ac0-a38d-ee992cd877db,d28b528a-475b-4ac0-a38d-ee992cd877db::ceiling-raw::1:16:7,1,16,7,44.63,292.49,0.399,0,1.0,,0.0,d28b528a-475b-4ac0-a38d-ee992cd877db::roof-flat::flat:10,1.0,,oblique_covered_by_flat
d28b528a-475b-4ac0-a38d-ee992cd877db,d28b528a-475b-4ac0-a38d-ee992cd877db::ceiling-raw::1:16:8,1,16,8,47.15,341.78,0.491,0,1.0,,0.0,d28b528a-475b-4ac0-a38d-ee992cd877db::roof-flat::flat:10,1.0,,oblique_covered_by_flat
d28b528a-475b-4ac0-a38d-ee992cd877db,d28b528a-475b-4ac0-a38d-ee992cd877db::ceiling-raw::1:16:9,1,16,9,47.56,93.79,0.359,0,1.0,,0.0,d28b528a-475b-4ac0-a38d-ee992cd877db::roof-flat::flat:10,1.0,,oblique_covered_by_flat
d28b528a-475b-4ac0-a38d-ee992cd877db,d28b528a-475b-4ac0-a38d-ee992cd877db::ceiling-raw::1:16:10,1,16,10,54.44,147.3,0.21,0,0.135,,0.0,d28b528a-475b-4ac0-a38d-ee992cd877db::roof-flat::flat:10,0.135,,oblique_partial
d28b528a-475b-4ac0-a38d-ee992cd877db,d28b528a-475b-4ac0-a38d-ee992cd877db::ceiling-raw::1:16:11,1,16,11,59.37,70.86,0.562,0,1.0,,0.0,d28b528a-475b-4ac0-a38d-ee992cd877db::roof-flat::flat:10,1.0,,oblique_covered_by_flat
d28b528a-475b-4ac0-a38d-ee992cd877db,d28b528a-475b-4ac0-a38d-ee992cd877db::ceiling-raw::1:16:12,1,16,12,64.37,43.62,0.116,0,1.0,,0.0,d28b528a-475b-4ac0-a38d-ee992cd877db::roof-flat::flat:10,1.0,,oblique_covered_by_flat
d28b528a-475b-4ac0-a38d-ee992cd877db,d28b528a-475b-4ac0-a38d-ee992cd877db::ceiling-raw::1:16:13,1,16,13,67.51,101.55,0.326,0,0.679,,0.0,d28b528a-475b-4ac0-a38d-ee992cd877db::roof-flat::flat:10,0.679,,oblique_covered_by_flat
d28b528a-475b-4ac0-a38d-ee992cd877db,d28b528a-475b-4ac0-a38d-ee992cd877db::ceiling-raw::1:16:14,1,16,14,70.92,282.66,0.187,0,1.0,,0.0,d28b528a-475b-4ac0-a38d-ee992cd877db::roof-flat::flat:10,1.0,,oblique_covered_by_flat
d28b528a-475b-4ac0-a38d-ee992cd877db,d28b528a-475b-4ac0-a38d-ee992cd877db::ceiling-raw::1:16:15,1,16,15,73.13,359.76,0.068,0,1.0,,0.0,d28b528a-475b-4ac0-a38d-ee992cd877db::roof-flat::flat:10,1.0,,oblique_covered_by_flat
d28b528a-475b-4ac0-a38d-ee992cd877db,d28b528a-475b-4ac0-a38d-ee992cd877db::ceiling-raw::1:16:16,1,16,16,73.67,314.25,0.06,0,1.0,,0.0,d28b528a-475b-4ac0-a38d-ee992cd877db::roof-flat::flat:10,1.0,,oblique_covered_by_flat
d28b528a-475b-4ac0-a38d-ee992cd877db,d28b528a-475b-4ac0-a38d-ee992cd877db::ceiling-raw::1:16:17,1,16,17,74.11,36.4,0.204,0,1.0,,0.0,d28b528a-475b-4ac0-a38d-ee992cd877db::roof-flat::flat:10,1.0,,oblique_covered_by_flat
d32d5562-5763-4c71-a816-6732c638fa6a,d32d5562-5763-4c71-a816-6732c638fa6a::ceiling-raw::0:0:0,0,0,0,0.0,,12.925,0,1.0,,0.0,d32d5562-5763-4c71-a816-6732c638fa6a::roof-flat::flat:1,1.0,,flat_matched
d32d5562-5763-4c71-a816-6732c638fa6a,d32d5562-5763-4c71-a816-6732c638fa6a::ceiling-raw::0:0:1,0,0,1,1.57,94.19,22.89,0,1.0,,0.0,d32d5562-5763-4c71-a816-6732c638fa6a::roof-flat::flat:1,1.0,,flat_matched
d32d5562-5763-4c71-a816-6732c638fa6a,d32d5562-5763-4c71-a816-6732c638fa6a::ceiling-raw::0:0:2,0,0,2,1.93,207.67,1.117,0,1.0,,0.0,d32d5562-5763-4c71-a816-6732c638fa6a::roof-flat::flat:1,1.0,,flat_matched
d32d5562-5763-4c71-a816-6732c638fa6a,d32d5562-5763-4c71-a816-6732c638fa6a::ceiling-raw::0:0:3,0,0,3,7.45,282.72,0.47,0,1.0,,0.0,d32d5562-5763-4c71-a816-6732c638fa6a::roof-flat::flat:1,1.0,,oblique_covered_by_flat
d32d5562-5763-4c71-a816-6732c638fa6a,d32d5562-5763-4c71-a816-6732c638fa6a::ceiling-raw::0:0:4,0,0,4,9.89,297.68,2.362,0,1.0,,0.0,d32d5562-5763-4c71-a816-6732c638fa6a::roof-flat::flat:1,1.0,,oblique_covered_by_flat
d32d5562-5763-4c71-a816-6732c638fa6a,d32d5562-5763-4c71-a816-6732c638fa6a::ceiling-raw::0:0:5,0,0,5,22.54,298.36,0.285,0,1.0,,0.0,d32d5562-5763-4c71-a816-6732c638fa6a::roof-flat::flat:1,1.0,,oblique_covered_by_flat
d32d5562-5763-4c71-a816-6732c638fa6a,d32d5562-5763-4c71-a816-6732c638fa6a::ceiling-raw::0:1:0,0,1,0,0.0,,11.123,0,1.0,,0.0,d32d5562-5763-4c71-a816-6732c638fa6a::roof-flat::flat:1,1.0,,flat_matched
d32d5562-5763-4c71-a816-6732c638fa6a,d32d5562-5763-4c71-a816-6732c638fa6a::ceiling-raw::1:5:0,1,5,0,45.51,297.2,7.939,1.0,0,d32d5562-5763-4c71-a816-6732c638fa6a::roof-oblique::oblique:0,1.0,,0.0,1.0,oblique_matched
d32d5562-5763-4c71-a816-6732c638fa6a,d32d5562-5763-4c71-a816-6732c638fa6a::ceiling-raw::1:5:1,1,5,1,46.41,116.94,8.037,1.0,0,d32d5562-5763-4c71-a816-6732c638fa6a::roof-oblique::oblique:1,0.993,,0.0,1.0,oblique_matched
d32d5562-5763-4c71-a816-6732c638fa6a,d32d5562-5763-4c71-a816-6732c638fa6a::ceiling-raw::1:6:0,1,6,0,0.0,,0.386,1.0,0,d32d5562-5763-4c71-a816-6732c638fa6a::roof-oblique::oblique:0,1.0,,0.0,0.704,flat_covered_by_oblique
d32d5562-5763-4c71-a816-6732c638fa6a,d32d5562-5763-4c71-a816-6732c638fa6a::ceiling-raw::1:6:1,1,6,1,0.0,,8.171,1.0,0,d32d5562-5763-4c71-a816-6732c638fa6a::roof-oblique::oblique:0,0.692,,0.0,0.704,flat_covered_by_oblique
d32d5562-5763-4c71-a816-6732c638fa6a,d32d5562-5763-4c71-a816-6732c638fa6a::ceiling-raw::1:6:2,1,6,2,44.76,297.54,5.273,1.0,0,d32d5562-5763-4c71-a816-6732c638fa6a::roof-oblique::oblique:0,1.0,,0.0,1.0,oblique_matched
d32d5562-5763-4c71-a816-6732c638fa6a,d32d5562-5763-4c71-a816-6732c638fa6a::ceiling-raw::1:7:0,1,7,0,0.0,,8.681,1.0,0,d32d5562-5763-4c71-a816-6732c638fa6a::roof-oblique::oblique:1,1.0,,0.0,0.695,flat_covered_by_oblique
d32d5562-5763-4c71-a816-6732c638fa6a,d32d5562-5763-4c71-a816-6732c638fa6a::ceiling-raw::1:7:1,1,7,1,31.45,208.03,0.281,1.0,0,d32d5562-5763-4c71-a816-6732c638fa6a::roof-oblique::oblique:1,1.0,,0.0,0.59,oblique_wrong_orientation
d32d5562-5763-4c71-a816-6732c638fa6a,d32d5562-5763-4c71-a816-6732c638fa6a::ceiling-raw::1:8:0,1,8,0,0.0,,4.191,1.0,0,d32d5562-5763-4c71-a816-6732c638fa6a::roof-oblique::oblique:1,0.87,,0.0,0.695,flat_covered_by_oblique
d32d5562-5763-4c71-a816-6732c638fa6a,d32d5562-5763-4c71-a816-6732c638fa6a::ceiling-raw::1:8:1,1,8,1,26.03,118.02,0.415,0.998,0,d32d5562-5763-4c71-a816-6732c638fa6a::roof-oblique::oblique:1,0.998,,0.0,0.94,oblique_matched
d32d5562-5763-4c71-a816-6732c638fa6a,d32d5562-5763-4c71-a816-6732c638fa6a::ceiling-raw::1:8:2,1,8,2,33.95,116.19,0.415,1.0,0,d32d5562-5763-4c71-a816-6732c638fa6a::roof-oblique::oblique:1,1.0,,0.0,0.978,oblique_matched
d32d5562-5763-4c71-a816-6732c638fa6a,d32d5562-5763-4c71-a816-6732c638fa6a::ceiling-raw::1:8:3,1,8,3,44.42,116.77,2.404,1.0,0,d32d5562-5763-4c71-a816-6732c638fa6a::roof-oblique::oblique:1,1.0,,0.0,1.0,oblique_matched
d32d5562-5763-4c71-a816-6732c638fa6a,d32d5562-5763-4c71-a816-6732c638fa6a::ceiling-raw::1:9:0,1,9,0,0.0,,2.847,1.0,0,d32d5562-5763-4c71-a816-6732c638fa6a::roof-oblique::oblique:0,1.0,,0.0,0.704,flat_covered_by_oblique
d32d5562-5763-4c71-a816-6732c638fa6a,d32d5562-5763-4c71-a816-6732c638fa6a::ceiling-raw::1:9:1,1,9,1,45.03,298.75,3.337,0.999,0,d32d5562-5763-4c71-a816-6732c638fa6a::roof-oblique::oblique:0,0.999,,0.0,1.0,oblique_matched
d4665def-0566-4ccc-aa62-8d562ec6e424,d4665def-0566-4ccc-aa62-8d562ec6e424::ceiling-raw::0:0:0,0,0,0,0.0,,8.35,0,1.0,,0.0,d4665def-0566-4ccc-aa62-8d562ec6e424::roof-flat::flat:6,1.0,,flat_matched
d4665def-0566-4ccc-aa62-8d562ec6e424,d4665def-0566-4ccc-aa62-8d562ec6e424::ceiling-raw::0:1:0,0,1,0,0.0,,8.185,0,1.0,,0.0,d4665def-0566-4ccc-aa62-8d562ec6e424::roof-flat::flat:6,1.0,,flat_matched
d4665def-0566-4ccc-aa62-8d562ec6e424,d4665def-0566-4ccc-aa62-8d562ec6e424::ceiling-raw::0:2:0,0,2,0,0.0,,3.548,0,1.0,,0.0,d4665def-0566-4ccc-aa62-8d562ec6e424::roof-flat::flat:2,1.0,,flat_matched
d4665def-0566-4ccc-aa62-8d562ec6e424,d4665def-0566-4ccc-aa62-8d562ec6e424::ceiling-raw::0:3:0,0,3,0,0.0,,11.431,0,1.0,,0.0,d4665def-0566-4ccc-aa62-8d562ec6e424::roof-flat::flat:6,1.0,,flat_matched
d4665def-0566-4ccc-aa62-8d562ec6e424,d4665def-0566-4ccc-aa62-8d562ec6e424::ceiling-raw::0:4:0,0,4,0,0.0,,36.041,0,1.0,,0.0,d4665def-0566-4ccc-aa62-8d562ec6e424::roof-flat::flat:6,1.0,,flat_matched
d4665def-0566-4ccc-aa62-8d562ec6e424,d4665def-0566-4ccc-aa62-8d562ec6e424::ceiling-raw::0:5:0,0,5,0,0.0,,15.576,0,1.0,,0.0,d4665def-0566-4ccc-aa62-8d562ec6e424::roof-flat::flat:6,1.0,,flat_matched
d683f65d-ad08-4f69-ab23-dbd7ec1bcaed,d683f65d-ad08-4f69-ab23-dbd7ec1bcaed::ceiling-raw::0:0:0,0,0,0,0.0,,5.097,0.202,1.0,d683f65d-ad08-4f69-ab23-dbd7ec1bcaed::roof-oblique::oblique:1,0.202,d683f65d-ad08-4f69-ab23-dbd7ec1bcaed::roof-flat::flat:13,1.0,0.943,flat_matched
d683f65d-ad08-4f69-ab23-dbd7ec1bcaed,d683f65d-ad08-4f69-ab23-dbd7ec1bcaed::ceiling-raw::0:0:1,0,0,1,0.0,,2.272,0.196,1.0,d683f65d-ad08-4f69-ab23-dbd7ec1bcaed::roof-oblique::oblique:1,0.196,d683f65d-ad08-4f69-ab23-dbd7ec1bcaed::roof-flat::flat:0,1.0,0.943,flat_matched
d683f65d-ad08-4f69-ab23-dbd7ec1bcaed,d683f65d-ad08-4f69-ab23-dbd7ec1bcaed::ceiling-raw::0:0:3,0,0,3,0.0,,37.916,0.544,1.0,d683f65d-ad08-4f69-ab23-dbd7ec1bcaed::roof-oblique::oblique:0,0.287,d683f65d-ad08-4f69-ab23-dbd7ec1bcaed::roof-flat::flat:13,1.0,0.945,flat_matched
d683f65d-ad08-4f69-ab23-dbd7ec1bcaed,d683f65d-ad08-4f69-ab23-dbd7ec1bcaed::ceiling-raw::0:0:4,0,0,4,0.0,,1.323,1.0,1.0,d683f65d-ad08-4f69-ab23-dbd7ec1bcaed::roof-oblique::oblique:1,1.0,d683f65d-ad08-4f69-ab23-dbd7ec1bcaed::roof-flat::flat:13,1.0,0.943,flat_matched
d683f65d-ad08-4f69-ab23-dbd7ec1bcaed,d683f65d-ad08-4f69-ab23-dbd7ec1bcaed::ceiling-raw::0:1:0,0,1,0,0.0,,12.868,1.0,1.0,d683f65d-ad08-4f69-ab23-dbd7ec1bcaed::roof-oblique::oblique:0,1.0,d683f65d-ad08-4f69-ab23-dbd7ec1bcaed::roof-flat::flat:13,1.0,0.945,flat_matched
d683f65d-ad08-4f69-ab23-dbd7ec1bcaed,d683f65d-ad08-4f69-ab23-dbd7ec1bcaed::ceiling-raw::0:2:0,0,2,0,0.0,,16.143,1.0,1.0,d683f65d-ad08-4f69-ab23-dbd7ec1bcaed::roof-oblique::oblique:1,0.968,d683f65d-ad08-4f69-ab23-dbd7ec1bcaed::roof-flat::flat:13,1.0,0.943,flat_matched
d683f65d-ad08-4f69-ab23-dbd7ec1bcaed,d683f65d-ad08-4f69-ab23-dbd7ec1bcaed::ceiling-raw::0:3:0,0,3,0,0.0,,4.459,1.0,1.0,d683f65d-ad08-4f69-ab23-dbd7ec1bcaed::roof-oblique::oblique:0,1.0,d683f65d-ad08-4f69-ab23-dbd7ec1bcaed::roof-flat::flat:13,1.0,0.945,flat_matched
d683f65d-ad08-4f69-ab23-dbd7ec1bcaed,d683f65d-ad08-4f69-ab23-dbd7ec1bcaed::ceiling-raw::0:4:0,0,4,0,0.0,,0.824,1.0,1.0,d683f65d-ad08-4f69-ab23-dbd7ec1bcaed::roof-oblique::oblique:0,0.56,d683f65d-ad08-4f69-ab23-dbd7ec1bcaed::roof-flat::flat:13,1.0,0.945,flat_matched
d683f65d-ad08-4f69-ab23-dbd7ec1bcaed,d683f65d-ad08-4f69-ab23-dbd7ec1bcaed::ceiling-raw::0:4:1,0,4,1,16.48,50.9,0.715,1.0,1.0,d683f65d-ad08-4f69-ab23-dbd7ec1bcaed::roof-oblique::oblique:0,1.0,d683f65d-ad08-4f69-ab23-dbd7ec1bcaed::roof-flat::flat:13,1.0,0.999,oblique_matched
d683f65d-ad08-4f69-ab23-dbd7ec1bcaed,d683f65d-ad08-4f69-ab23-dbd7ec1bcaed::ceiling-raw::0:4:2,0,4,2,19.8,50.31,14.646,1.0,1.0,d683f65d-ad08-4f69-ab23-dbd7ec1bcaed::roof-oblique::oblique:0,1.0,d683f65d-ad08-4f69-ab23-dbd7ec1bcaed::roof-flat::flat:13,1.0,1.0,oblique_matched
d683f65d-ad08-4f69-ab23-dbd7ec1bcaed,d683f65d-ad08-4f69-ab23-dbd7ec1bcaed::ceiling-raw::0:4:3,0,4,3,19.85,229.14,14.952,0.999,1.0,d683f65d-ad08-4f69-ab23-dbd7ec1bcaed::roof-oblique::oblique:1,0.999,d683f65d-ad08-4f69-ab23-dbd7ec1bcaed::roof-flat::flat:13,1.0,1.0,oblique_matched
d683f65d-ad08-4f69-ab23-dbd7ec1bcaed,d683f65d-ad08-4f69-ab23-dbd7ec1bcaed::ceiling-raw::0:4:4,0,4,4,21.0,22.8,0.715,1.0,1.0,d683f65d-ad08-4f69-ab23-dbd7ec1bcaed::roof-oblique::oblique:0,1.0,d683f65d-ad08-4f69-ab23-dbd7ec1bcaed::roof-flat::flat:13,1.0,0.986,oblique_matched
d683f65d-ad08-4f69-ab23-dbd7ec1bcaed,d683f65d-ad08-4f69-ab23-dbd7ec1bcaed::ceiling-raw::0:5:0,0,5,0,0.0,,8.484,1.0,1.0,d683f65d-ad08-4f69-ab23-dbd7ec1bcaed::roof-oblique::oblique:1,0.797,d683f65d-ad08-4f69-ab23-dbd7ec1bcaed::roof-flat::flat:13,1.0,0.943,flat_matched
d683f65d-ad08-4f69-ab23-dbd7ec1bcaed,d683f65d-ad08-4f69-ab23-dbd7ec1bcaed::ceiling-raw::0:6:0,0,6,0,0.0,,9.242,1.0,1.0,d683f65d-ad08-4f69-ab23-dbd7ec1bcaed::roof-oblique::oblique:0,0.802,d683f65d-ad08-4f69-ab23-dbd7ec1bcaed::roof-flat::flat:5,1.0,0.945,flat_matched
d683f65d-ad08-4f69-ab23-dbd7ec1bcaed,d683f65d-ad08-4f69-ab23-dbd7ec1bcaed::ceiling-raw::0:7:0,0,7,0,0.0,,12.554,1.0,1.0,d683f65d-ad08-4f69-ab23-dbd7ec1bcaed::roof-oblique::oblique:1,1.0,d683f65d-ad08-4f69-ab23-dbd7ec1bcaed::roof-flat::flat:13,1.0,0.943,flat_matched
d683f65d-ad08-4f69-ab23-dbd7ec1bcaed,d683f65d-ad08-4f69-ab23-dbd7ec1bcaed::ceiling-raw::0:8:0,0,8,0,0.0,,30.66,1.0,1.0,d683f65d-ad08-4f69-ab23-dbd7ec1bcaed::roof-oblique::oblique:1,0.859,d683f65d-ad08-4f69-ab23-dbd7ec1bcaed::roof-flat::flat:13,1.0,0.943,flat_matched
d683f65d-ad08-4f69-ab23-dbd7ec1bcaed,d683f65d-ad08-4f69-ab23-dbd7ec1bcaed::ceiling-raw::0:9:0,0,9,0,0.0,,34.464,0.406,1.0,d683f65d-ad08-4f69-ab23-dbd7ec1bcaed::roof-oblique::oblique:1,0.406,d683f65d-ad08-4f69-ab23-dbd7ec1bcaed::roof-flat::flat:13,1.0,0.943,flat_matched
d683f65d-ad08-4f69-ab23-dbd7ec1bcaed,d683f65d-ad08-4f69-ab23-dbd7ec1bcaed::ceiling-raw::0:10:0,0,10,0,0.0,,1.99,1.0,1.0,d683f65d-ad08-4f69-ab23-dbd7ec1bcaed::roof-oblique::oblique:0,1.0,d683f65d-ad08-4f69-ab23-dbd7ec1bcaed::roof-flat::flat:13,1.0,0.945,flat_matched
d683f65d-ad08-4f69-ab23-dbd7ec1bcaed,d683f65d-ad08-4f69-ab23-dbd7ec1bcaed::ceiling-raw::0:10:1,0,10,1,0.0,,15.892,1.0,1.0,d683f65d-ad08-4f69-ab23-dbd7ec1bcaed::roof-oblique::oblique:0,1.0,d683f65d-ad08-4f69-ab23-dbd7ec1bcaed::roof-flat::flat:13,1.0,0.945,flat_matched
d683f65d-ad08-4f69-ab23-dbd7ec1bcaed,d683f65d-ad08-4f69-ab23-dbd7ec1bcaed::ceiling-raw::0:11:0,0,11,0,0.0,,17.202,1.0,1.0,d683f65d-ad08-4f69-ab23-dbd7ec1bcaed::roof-oblique::oblique:0,1.0,d683f65d-ad08-4f69-ab23-dbd7ec1bcaed::roof-flat::flat:13,1.0,0.945,flat_matched
d683f65d-ad08-4f69-ab23-dbd7ec1bcaed,d683f65d-ad08-4f69-ab23-dbd7ec1bcaed::ceiling-raw::0:12:0,0,12,0,0.0,,3.31,1.0,1.0,d683f65d-ad08-4f69-ab23-dbd7ec1bcaed::roof-oblique::oblique:0,1.0,d683f65d-ad08-4f69-ab23-dbd7ec1bcaed::roof-flat::flat:13,1.0,0.945,flat_matched
d683f65d-ad08-4f69-ab23-dbd7ec1bcaed,d683f65d-ad08-4f69-ab23-dbd7ec1bcaed::ceiling-raw::0:12:1,0,12,1,0.0,,9.244,1.0,1.0,d683f65d-ad08-4f69-ab23-dbd7ec1bcaed::roof-oblique::oblique:0,1.0,d683f65d-ad08-4f69-ab23-dbd7ec1bcaed::roof-flat::flat:13,1.0,0.945,flat_matched
d683f65d-ad08-4f69-ab23-dbd7ec1bcaed,d683f65d-ad08-4f69-ab23-dbd7ec1bcaed::ceiling-raw::0:13:0,0,13,0,0.0,,8.124,1.0,1.0,d683f65d-ad08-4f69-ab23-dbd7ec1bcaed::roof-oblique::oblique:0,1.0,d683f65d-ad08-4f69-ab23-dbd7ec1bcaed::roof-flat::flat:13,1.0,0.945,flat_matched
d7f1aa19-5ca9-4e1b-ac1a-c86d63f9ede7,d7f1aa19-5ca9-4e1b-ac1a-c86d63f9ede7::ceiling-raw::0:0:0,0,0,0,0.0,,5.445,0,1.0,,0.0,d7f1aa19-5ca9-4e1b-ac1a-c86d63f9ede7::roof-flat::flat:6,1.0,,flat_matched
d7f1aa19-5ca9-4e1b-ac1a-c86d63f9ede7,d7f1aa19-5ca9-4e1b-ac1a-c86d63f9ede7::ceiling-raw::0:1:0,0,1,0,0.0,,3.564,0,1.0,,0.0,d7f1aa19-5ca9-4e1b-ac1a-c86d63f9ede7::roof-flat::flat:6,1.0,,flat_matched
d7f1aa19-5ca9-4e1b-ac1a-c86d63f9ede7,d7f1aa19-5ca9-4e1b-ac1a-c86d63f9ede7::ceiling-raw::0:2:0,0,2,0,0.0,,16.273,0,1.0,,0.0,d7f1aa19-5ca9-4e1b-ac1a-c86d63f9ede7::roof-flat::flat:6,1.0,,flat_matched
d7f1aa19-5ca9-4e1b-ac1a-c86d63f9ede7,d7f1aa19-5ca9-4e1b-ac1a-c86d63f9ede7::ceiling-raw::0:3:0,0,3,0,0.0,,4.176,0,1.0,,0.0,d7f1aa19-5ca9-4e1b-ac1a-c86d63f9ede7::roof-flat::flat:6,1.0,,flat_matched
d7f1aa19-5ca9-4e1b-ac1a-c86d63f9ede7,d7f1aa19-5ca9-4e1b-ac1a-c86d63f9ede7::ceiling-raw::0:4:0,0,4,0,0.0,,11.583,0,1.0,,0.0,d7f1aa19-5ca9-4e1b-ac1a-c86d63f9ede7::roof-flat::flat:6,1.0,,flat_matched
d7f1aa19-5ca9-4e1b-ac1a-c86d63f9ede7,d7f1aa19-5ca9-4e1b-ac1a-c86d63f9ede7::ceiling-raw::0:5:0,0,5,0,0.0,,9.759,0,1.0,,0.0,d7f1aa19-5ca9-4e1b-ac1a-c86d63f9ede7::roof-flat::flat:6,1.0,,flat_matched
d8308bfc-c2c1-42bd-8503-282571708b8c,d8308bfc-c2c1-42bd-8503-282571708b8c::ceiling-raw::0:0:0,0,0,0,0.0,,5.071,0,1.0,,0.0,d8308bfc-c2c1-42bd-8503-282571708b8c::roof-flat::flat:11,1.0,,flat_matched
d8308bfc-c2c1-42bd-8503-282571708b8c,d8308bfc-c2c1-42bd-8503-282571708b8c::ceiling-raw::0:1:0,0,1,0,19.46,221.94,3.979,0.006,1.0,d8308bfc-c2c1-42bd-8503-282571708b8c::roof-oblique::oblique:0,0.006,d8308bfc-c2c1-42bd-8503-282571708b8c::roof-flat::flat:11,1.0,0.667,oblique_covered_by_flat
d8308bfc-c2c1-42bd-8503-282571708b8c,d8308bfc-c2c1-42bd-8503-282571708b8c::ceiling-raw::0:2:0,0,2,0,0.0,,1.235,1.0,1.0,d8308bfc-c2c1-42bd-8503-282571708b8c::roof-oblique::oblique:0,1.0,d8308bfc-c2c1-42bd-8503-282571708b8c::roof-flat::flat:11,1.0,0.707,flat_matched
d8308bfc-c2c1-42bd-8503-282571708b8c,d8308bfc-c2c1-42bd-8503-282571708b8c::ceiling-raw::0:2:1,0,2,1,3.5,221.94,1.06,0.542,1.0,d8308bfc-c2c1-42bd-8503-282571708b8c::roof-oblique::oblique:0,0.542,d8308bfc-c2c1-42bd-8503-282571708b8c::roof-flat::flat:11,1.0,0.706,flat_matched
d8308bfc-c2c1-42bd-8503-282571708b8c,d8308bfc-c2c1-42bd-8503-282571708b8c::ceiling-raw::0:2:2,0,2,2,12.67,42.49,3.595,1.0,1.0,d8308bfc-c2c1-42bd-8503-282571708b8c::roof-oblique::oblique:0,1.0,d8308bfc-c2c1-42bd-8503-282571708b8c::roof-flat::flat:11,1.0,0.688,oblique_wrong_orientation
d8308bfc-c2c1-42bd-8503-282571708b8c,d8308bfc-c2c1-42bd-8503-282571708b8c::ceiling-raw::0:2:3,0,2,3,17.14,222.7,1.066,0.931,1.0,d8308bfc-c2c1-42bd-8503-282571708b8c::roof-oblique::oblique:0,0.931,d8308bfc-c2c1-42bd-8503-282571708b8c::roof-flat::flat:11,1.0,0.678,oblique_wrong_orientation
d8308bfc-c2c1-42bd-8503-282571708b8c,d8308bfc-c2c1-42bd-8503-282571708b8c::ceiling-raw::0:2:4,0,2,4,19.27,250.02,1.131,0.544,1.0,d8308bfc-c2c1-42bd-8503-282571708b8c::roof-oblique::oblique:0,0.544,d8308bfc-c2c1-42bd-8503-282571708b8c::roof-flat::flat:11,1.0,0.777,oblique_wrong_orientation
d8308bfc-c2c1-42bd-8503-282571708b8c,d8308bfc-c2c1-42bd-8503-282571708b8c::ceiling-raw::0:2:5,0,2,5,21.15,222.83,1.14,0.932,1.0,d8308bfc-c2c1-42bd-8503-282571708b8c::roof-oblique::oblique:0,0.932,d8308bfc-c2c1-42bd-8503-282571708b8c::roof-flat::flat:11,1.0,0.663,oblique_wrong_orientation
d8308bfc-c2c1-42bd-8503-282571708b8c,d8308bfc-c2c1-42bd-8503-282571708b8c::ceiling-raw::0:3:0,0,3,0,0.0,,12.389,1.0,1.0,d8308bfc-c2c1-42bd-8503-282571708b8c::roof-oblique::oblique:0,0.508,d8308bfc-c2c1-42bd-8503-282571708b8c::roof-flat::flat:12,1.0,0.707,flat_matched
d8308bfc-c2c1-42bd-8503-282571708b8c,d8308bfc-c2c1-42bd-8503-282571708b8c::ceiling-raw::0:4:0,0,4,0,0.0,,12.576,1.0,1.0,d8308bfc-c2c1-42bd-8503-282571708b8c::roof-oblique::oblique:0,0.501,d8308bfc-c2c1-42bd-8503-282571708b8c::roof-flat::flat:12,1.0,0.707,flat_matched
d8308bfc-c2c1-42bd-8503-282571708b8c,d8308bfc-c2c1-42bd-8503-282571708b8c::ceiling-raw::0:5:0,0,5,0,0.33,41.89,10.066,0,1.0,,0.0,d8308bfc-c2c1-42bd-8503-282571708b8c::roof-flat::flat:11,1.0,,flat_matched
d8308bfc-c2c1-42bd-8503-282571708b8c,d8308bfc-c2c1-42bd-8503-282571708b8c::ceiling-raw::0:5:1,0,5,1,7.13,114.63,1.092,0,1.0,,0.0,d8308bfc-c2c1-42bd-8503-282571708b8c::roof-flat::flat:11,1.0,,oblique_covered_by_flat
d8308bfc-c2c1-42bd-8503-282571708b8c,d8308bfc-c2c1-42bd-8503-282571708b8c::ceiling-raw::0:6:0,0,6,0,0.0,,8.545,0,1.0,,0.0,d8308bfc-c2c1-42bd-8503-282571708b8c::roof-flat::flat:11,1.0,,flat_matched
d8308bfc-c2c1-42bd-8503-282571708b8c,d8308bfc-c2c1-42bd-8503-282571708b8c::ceiling-raw::0:7:0,0,7,0,0.0,,7.413,0,1.0,,0.0,d8308bfc-c2c1-42bd-8503-282571708b8c::roof-flat::flat:11,1.0,,flat_matched
d8308bfc-c2c1-42bd-8503-282571708b8c,d8308bfc-c2c1-42bd-8503-282571708b8c::ceiling-raw::0:8:0,0,8,0,0.0,,1.766,0,1.0,,0.0,d8308bfc-c2c1-42bd-8503-282571708b8c::roof-flat::flat:11,1.0,,flat_matched
d8308bfc-c2c1-42bd-8503-282571708b8c,d8308bfc-c2c1-42bd-8503-282571708b8c::ceiling-raw::0:9:0,0,9,0,0.0,,1.162,1.0,1.0,d8308bfc-c2c1-42bd-8503-282571708b8c::roof-oblique::oblique:1,0.501,d8308bfc-c2c1-42bd-8503-282571708b8c::roof-flat::flat:12,1.0,0.708,flat_matched
d8308bfc-c2c1-42bd-8503-282571708b8c,d8308bfc-c2c1-42bd-8503-282571708b8c::ceiling-raw::0:9:1,0,9,1,44.94,132.5,12.472,0.999,1.0,d8308bfc-c2c1-42bd-8503-282571708b8c::roof-oblique::oblique:1,0.999,d8308bfc-c2c1-42bd-8503-282571708b8c::roof-flat::flat:12,1.0,1.0,oblique_matched
d8308bfc-c2c1-42bd-8503-282571708b8c,d8308bfc-c2c1-42bd-8503-282571708b8c::ceiling-raw::0:9:2,0,9,2,45.0,312.1,12.445,1.0,1.0,d8308bfc-c2c1-42bd-8503-282571708b8c::roof-oblique::oblique:0,1.0,d8308bfc-c2c1-42bd-8503-282571708b8c::roof-flat::flat:12,1.0,1.0,oblique_matched
d8308bfc-c2c1-42bd-8503-282571708b8c,d8308bfc-c2c1-42bd-8503-282571708b8c::ceiling-raw::0:10:0,0,10,0,0.0,,12.724,0,1.0,,0.0,d8308bfc-c2c1-42bd-8503-282571708b8c::roof-flat::flat:11,1.0,,flat_matched
d8308bfc-c2c1-42bd-8503-282571708b8c,d8308bfc-c2c1-42bd-8503-282571708b8c::ceiling-raw::0:12:0,0,12,0,0.0,,4.667,0,1.0,,0.0,d8308bfc-c2c1-42bd-8503-282571708b8c::roof-flat::flat:11,1.0,,flat_matched
d8308bfc-c2c1-42bd-8503-282571708b8c,d8308bfc-c2c1-42bd-8503-282571708b8c::ceiling-raw::0:13:0,0,13,0,0.0,,18.123,0.448,1.0,d8308bfc-c2c1-42bd-8503-282571708b8c::roof-oblique::oblique:0,0.448,d8308bfc-c2c1-42bd-8503-282571708b8c::roof-flat::flat:11,1.0,0.707,flat_matched
d8308bfc-c2c1-42bd-8503-282571708b8c,d8308bfc-c2c1-42bd-8503-282571708b8c::ceiling-raw::0:13:1,0,13,1,3.15,41.94,0.577,0,1.0,,0.0,d8308bfc-c2c1-42bd-8503-282571708b8c::roof-flat::flat:10,1.0,,flat_matched
d8308bfc-c2c1-42bd-8503-282571708b8c,d8308bfc-c2c1-42bd-8503-282571708b8c::ceiling-raw::0:13:2,0,13,2,4.08,221.94,2.586,0,1.0,,0.0,d8308bfc-c2c1-42bd-8503-282571708b8c::roof-flat::flat:11,1.0,,flat_matched
d8308bfc-c2c1-42bd-8503-282571708b8c,d8308bfc-c2c1-42bd-8503-282571708b8c::ceiling-raw::0:13:3,0,13,3,7.43,270.03,0.526,0,1.0,,0.0,d8308bfc-c2c1-42bd-8503-282571708b8c::roof-flat::flat:11,1.0,,oblique_covered_by_flat
d8308bfc-c2c1-42bd-8503-282571708b8c,d8308bfc-c2c1-42bd-8503-282571708b8c::ceiling-raw::0:13:4,0,13,4,11.17,128.74,3.028,0,1.0,,0.0,d8308bfc-c2c1-42bd-8503-282571708b8c::roof-flat::flat:11,1.0,,oblique_covered_by_flat
d8308bfc-c2c1-42bd-8503-282571708b8c,d8308bfc-c2c1-42bd-8503-282571708b8c::ceiling-raw::0:13:5,0,13,5,25.94,41.94,0.22,0,1.0,,0.0,d8308bfc-c2c1-42bd-8503-282571708b8c::roof-flat::flat:10,1.0,,oblique_covered_by_flat
d8308bfc-c2c1-42bd-8503-282571708b8c,d8308bfc-c2c1-42bd-8503-282571708b8c::ceiling-raw::0:13:6,0,13,6,27.32,311.94,0.643,0,1.0,,0.0,d8308bfc-c2c1-42bd-8503-282571708b8c::roof-flat::flat:10,1.0,,oblique_covered_by_flat
d8308bfc-c2c1-42bd-8503-282571708b8c,d8308bfc-c2c1-42bd-8503-282571708b8c::ceiling-raw::0:13:7,0,13,7,0.0,,25.942,0.011,1.0,d8308bfc-c2c1-42bd-8503-282571708b8c::roof-oblique::oblique:0,0.011,d8308bfc-c2c1-42bd-8503-282571708b8c::roof-flat::flat:11,1.0,0.707,flat_matched
d904fdad-775d-4382-ba44-a4289889745e,d904fdad-775d-4382-ba44-a4289889745e::ceiling-raw::0:0:0,0,0,0,0.0,,9.614,0,1.0,,0.0,d904fdad-775d-4382-ba44-a4289889745e::roof-flat::flat:9,1.0,,flat_matched
d904fdad-775d-4382-ba44-a4289889745e,d904fdad-775d-4382-ba44-a4289889745e::ceiling-raw::0:0:1,0,0,1,0.0,,5.244,0,1.0,,0.0,d904fdad-775d-4382-ba44-a4289889745e::roof-flat::flat:9,1.0,,flat_matched
d904fdad-775d-4382-ba44-a4289889745e,d904fdad-775d-4382-ba44-a4289889745e::ceiling-raw::0:1:0,0,1,0,0.0,,5.384,0,1.0,,0.0,d904fdad-775d-4382-ba44-a4289889745e::roof-flat::flat:9,1.0,,flat_matched
d904fdad-775d-4382-ba44-a4289889745e,d904fdad-775d-4382-ba44-a4289889745e::ceiling-raw::0:2:0,0,2,0,0.0,,11.844,0,1.0,,0.0,d904fdad-775d-4382-ba44-a4289889745e::roof-flat::flat:10,1.0,,flat_matched
d904fdad-775d-4382-ba44-a4289889745e,d904fdad-775d-4382-ba44-a4289889745e::ceiling-raw::0:3:0,0,3,0,0.0,,10.967,0,1.0,,0.0,d904fdad-775d-4382-ba44-a4289889745e::roof-flat::flat:10,1.0,,flat_matched
d904fdad-775d-4382-ba44-a4289889745e,d904fdad-775d-4382-ba44-a4289889745e::ceiling-raw::0:4:0,0,4,0,0.0,,7.464,0,1.0,,0.0,d904fdad-775d-4382-ba44-a4289889745e::roof-flat::flat:10,1.0,,flat_matched
d904fdad-775d-4382-ba44-a4289889745e,d904fdad-775d-4382-ba44-a4289889745e::ceiling-raw::0:5:0,0,5,0,0.0,,10.623,0,1.0,,0.0,d904fdad-775d-4382-ba44-a4289889745e::roof-flat::flat:10,1.0,,flat_matched
d904fdad-775d-4382-ba44-a4289889745e,d904fdad-775d-4382-ba44-a4289889745e::ceiling-raw::0:6:0,0,6,0,0.0,,9.724,0,1.0,,0.0,d904fdad-775d-4382-ba44-a4289889745e::roof-flat::flat:10,1.0,,flat_matched
d904fdad-775d-4382-ba44-a4289889745e,d904fdad-775d-4382-ba44-a4289889745e::ceiling-raw::0:7:0,0,7,0,0.0,,32.937,0,1.0,,0.0,d904fdad-775d-4382-ba44-a4289889745e::roof-flat::flat:10,1.0,,flat_matched
d904fdad-775d-4382-ba44-a4289889745e,d904fdad-775d-4382-ba44-a4289889745e::ceiling-raw::0:8:0,0,8,0,0.0,,35.966,0,1.0,,0.0,d904fdad-775d-4382-ba44-a4289889745e::roof-flat::flat:10,1.0,,flat_matched
d928da15-65c0-490c-84df-613a196930f0,d928da15-65c0-490c-84df-613a196930f0::ceiling-raw::0:0:0,0,0,0,0.0,,11.524,0,1.0,,0.0,d928da15-65c0-490c-84df-613a196930f0::roof-flat::flat:7,1.0,,flat_matched
d928da15-65c0-490c-84df-613a196930f0,d928da15-65c0-490c-84df-613a196930f0::ceiling-raw::0:2:0,0,2,0,0.0,,5.827,0,1.0,,0.0,d928da15-65c0-490c-84df-613a196930f0::roof-flat::flat:7,1.0,,flat_matched
d928da15-65c0-490c-84df-613a196930f0,d928da15-65c0-490c-84df-613a196930f0::ceiling-raw::0:2:1,0,2,1,0.0,,3.167,0,1.0,,0.0,d928da15-65c0-490c-84df-613a196930f0::roof-flat::flat:7,1.0,,flat_matched
d928da15-65c0-490c-84df-613a196930f0,d928da15-65c0-490c-84df-613a196930f0::ceiling-raw::0:3:0,0,3,0,0.0,,12.161,0,1.0,,0.0,d928da15-65c0-490c-84df-613a196930f0::roof-flat::flat:7,1.0,,flat_matched
d928da15-65c0-490c-84df-613a196930f0,d928da15-65c0-490c-84df-613a196930f0::ceiling-raw::0:4:0,0,4,0,0.0,,29.501,0,1.0,,0.0,d928da15-65c0-490c-84df-613a196930f0::roof-flat::flat:7,1.0,,flat_matched
d928da15-65c0-490c-84df-613a196930f0,d928da15-65c0-490c-84df-613a196930f0::ceiling-raw::0:5:0,0,5,0,0.0,,13.951,0,1.0,,0.0,d928da15-65c0-490c-84df-613a196930f0::roof-flat::flat:7,1.0,,flat_matched
d928da15-65c0-490c-84df-613a196930f0,d928da15-65c0-490c-84df-613a196930f0::ceiling-raw::0:6:0,0,6,0,0.0,,9.814,0,1.0,,0.0,d928da15-65c0-490c-84df-613a196930f0::roof-flat::flat:7,1.0,,flat_matched
d928da15-65c0-490c-84df-613a196930f0,d928da15-65c0-490c-84df-613a196930f0::ceiling-raw::0:7:0,0,7,0,0.0,,5.113,0,1.0,,0.0,d928da15-65c0-490c-84df-613a196930f0::roof-flat::flat:7,1.0,,flat_matched
d98923f0-3373-4d3c-ba03-c0df5d8b29d8,d98923f0-3373-4d3c-ba03-c0df5d8b29d8::ceiling-raw::0:0:0,0,0,0,0.0,,37.636,0,1.0,,0.0,d98923f0-3373-4d3c-ba03-c0df5d8b29d8::roof-flat::flat:8,1.0,,flat_matched
d98923f0-3373-4d3c-ba03-c0df5d8b29d8,d98923f0-3373-4d3c-ba03-c0df5d8b29d8::ceiling-raw::0:1:0,0,1,0,0.0,,10.584,0,1.0,,0.0,d98923f0-3373-4d3c-ba03-c0df5d8b29d8::roof-flat::flat:8,1.0,,flat_matched
d98923f0-3373-4d3c-ba03-c0df5d8b29d8,d98923f0-3373-4d3c-ba03-c0df5d8b29d8::ceiling-raw::0:2:0,0,2,0,0.0,,3.66,0,1.0,,0.0,d98923f0-3373-4d3c-ba03-c0df5d8b29d8::roof-flat::flat:8,1.0,,flat_matched
d98923f0-3373-4d3c-ba03-c0df5d8b29d8,d98923f0-3373-4d3c-ba03-c0df5d8b29d8::ceiling-raw::0:2:1,0,2,1,0.0,,9.125,0,1.0,,0.0,d98923f0-3373-4d3c-ba03-c0df5d8b29d8::roof-flat::flat:8,1.0,,flat_matched
d98923f0-3373-4d3c-ba03-c0df5d8b29d8,d98923f0-3373-4d3c-ba03-c0df5d8b29d8::ceiling-raw::0:3:0,0,3,0,0.0,,5.681,0,1.0,,0.0,d98923f0-3373-4d3c-ba03-c0df5d8b29d8::roof-flat::flat:8,1.0,,flat_matched
d98923f0-3373-4d3c-ba03-c0df5d8b29d8,d98923f0-3373-4d3c-ba03-c0df5d8b29d8::ceiling-raw::0:4:0,0,4,0,0.0,,9.79,0,1.0,,0.0,d98923f0-3373-4d3c-ba03-c0df5d8b29d8::roof-flat::flat:8,1.0,,flat_matched
d98923f0-3373-4d3c-ba03-c0df5d8b29d8,d98923f0-3373-4d3c-ba03-c0df5d8b29d8::ceiling-raw::0:5:0,0,5,0,0.0,,2.282,0,1.0,,0.0,d98923f0-3373-4d3c-ba03-c0df5d8b29d8::roof-flat::flat:8,1.0,,flat_matched
d98923f0-3373-4d3c-ba03-c0df5d8b29d8,d98923f0-3373-4d3c-ba03-c0df5d8b29d8::ceiling-raw::0:6:0,0,6,0,0.0,,9.678,0,1.0,,0.0,d98923f0-3373-4d3c-ba03-c0df5d8b29d8::roof-flat::flat:8,1.0,,flat_matched
d98923f0-3373-4d3c-ba03-c0df5d8b29d8,d98923f0-3373-4d3c-ba03-c0df5d8b29d8::ceiling-raw::0:7:0,0,7,0,0.0,,13.278,0,1.0,,0.0,d98923f0-3373-4d3c-ba03-c0df5d8b29d8::roof-flat::flat:8,1.0,,flat_matched
dd4ba0e6-c9e0-444f-b815-9ad921cd3b87,dd4ba0e6-c9e0-444f-b815-9ad921cd3b87::ceiling-raw::0:0:0,0,0,0,0.0,,13.723,0,1.0,,0.0,dd4ba0e6-c9e0-444f-b815-9ad921cd3b87::roof-flat::flat:8,1.0,,flat_matched
dd4ba0e6-c9e0-444f-b815-9ad921cd3b87,dd4ba0e6-c9e0-444f-b815-9ad921cd3b87::ceiling-raw::0:1:0,0,1,0,0.0,,8.22,0,1.0,,0.0,dd4ba0e6-c9e0-444f-b815-9ad921cd3b87::roof-flat::flat:1,1.0,,flat_matched
dd4ba0e6-c9e0-444f-b815-9ad921cd3b87,dd4ba0e6-c9e0-444f-b815-9ad921cd3b87::ceiling-raw::0:2:0,0,2,0,0.0,,8.262,0,1.0,,0.0,dd4ba0e6-c9e0-444f-b815-9ad921cd3b87::roof-flat::flat:8,1.0,,flat_matched
dd4ba0e6-c9e0-444f-b815-9ad921cd3b87,dd4ba0e6-c9e0-444f-b815-9ad921cd3b87::ceiling-raw::0:3:0,0,3,0,0.0,,4.518,0,1.0,,0.0,dd4ba0e6-c9e0-444f-b815-9ad921cd3b87::roof-flat::flat:8,1.0,,flat_matched
dd4ba0e6-c9e0-444f-b815-9ad921cd3b87,dd4ba0e6-c9e0-444f-b815-9ad921cd3b87::ceiling-raw::0:3:1,0,3,1,0.0,,6.303,0,1.0,,0.0,dd4ba0e6-c9e0-444f-b815-9ad921cd3b87::roof-flat::flat:8,1.0,,flat_matched
dd4ba0e6-c9e0-444f-b815-9ad921cd3b87,dd4ba0e6-c9e0-444f-b815-9ad921cd3b87::ceiling-raw::0:3:2,0,3,2,0.0,,0.213,0,1.0,,0.0,dd4ba0e6-c9e0-444f-b815-9ad921cd3b87::roof-flat::flat:8,1.0,,flat_matched
dd4ba0e6-c9e0-444f-b815-9ad921cd3b87,dd4ba0e6-c9e0-444f-b815-9ad921cd3b87::ceiling-raw::0:3:3,0,3,3,5.95,58.57,0.55,0,1.0,,0.0,dd4ba0e6-c9e0-444f-b815-9ad921cd3b87::roof-flat::flat:8,1.0,,oblique_covered_by_flat
dd4ba0e6-c9e0-444f-b815-9ad921cd3b87,dd4ba0e6-c9e0-444f-b815-9ad921cd3b87::ceiling-raw::0:3:4,0,3,4,10.86,58.56,0.271,0,1.0,,0.0,dd4ba0e6-c9e0-444f-b815-9ad921cd3b87::roof-flat::flat:3,1.0,,oblique_covered_by_flat
dd4ba0e6-c9e0-444f-b815-9ad921cd3b87,dd4ba0e6-c9e0-444f-b815-9ad921cd3b87::ceiling-raw::0:3:5,0,3,5,30.58,148.69,0.752,0,1.0,,0.0,dd4ba0e6-c9e0-444f-b815-9ad921cd3b87::roof-flat::flat:8,1.0,,oblique_covered_by_flat
dd4ba0e6-c9e0-444f-b815-9ad921cd3b87,dd4ba0e6-c9e0-444f-b815-9ad921cd3b87::ceiling-raw::0:3:6,0,3,6,36.9,238.56,0.02,0,1.0,,0.0,dd4ba0e6-c9e0-444f-b815-9ad921cd3b87::roof-flat::flat:8,1.0,,oblique_covered_by_flat
dd4ba0e6-c9e0-444f-b815-9ad921cd3b87,dd4ba0e6-c9e0-444f-b815-9ad921cd3b87::ceiling-raw::0:3:7,0,3,7,37.87,331.12,0.361,0,1.0,,0.0,dd4ba0e6-c9e0-444f-b815-9ad921cd3b87::roof-flat::flat:8,1.0,,oblique_covered_by_flat
dd4ba0e6-c9e0-444f-b815-9ad921cd3b87,dd4ba0e6-c9e0-444f-b815-9ad921cd3b87::ceiling-raw::0:3:8,0,3,8,43.38,276.19,0.04,0,1.0,,0.0,dd4ba0e6-c9e0-444f-b815-9ad921cd3b87::roof-flat::flat:8,1.0,,oblique_covered_by_flat
dd4ba0e6-c9e0-444f-b815-9ad921cd3b87,dd4ba0e6-c9e0-444f-b815-9ad921cd3b87::ceiling-raw::0:3:11,0,3,11,0.0,,4.498,0,1.0,,0.0,dd4ba0e6-c9e0-444f-b815-9ad921cd3b87::roof-flat::flat:8,1.0,,flat_matched
dd4ba0e6-c9e0-444f-b815-9ad921cd3b87,dd4ba0e6-c9e0-444f-b815-9ad921cd3b87::ceiling-raw::0:4:0,0,4,0,0.0,,5.587,0,1.0,,0.0,dd4ba0e6-c9e0-444f-b815-9ad921cd3b87::roof-flat::flat:8,1.0,,flat_matched
dd4ba0e6-c9e0-444f-b815-9ad921cd3b87,dd4ba0e6-c9e0-444f-b815-9ad921cd3b87::ceiling-raw::0:6:0,0,6,0,0.0,,3.948,0,1.0,,0.0,dd4ba0e6-c9e0-444f-b815-9ad921cd3b87::roof-flat::flat:8,1.0,,flat_matched
dd4ba0e6-c9e0-444f-b815-9ad921cd3b87,dd4ba0e6-c9e0-444f-b815-9ad921cd3b87::ceiling-raw::0:6:1,0,6,1,0.0,,4.747,0,1.0,,0.0,dd4ba0e6-c9e0-444f-b815-9ad921cd3b87::roof-flat::flat:8,1.0,,flat_matched
dd4ba0e6-c9e0-444f-b815-9ad921cd3b87,dd4ba0e6-c9e0-444f-b815-9ad921cd3b87::ceiling-raw::0:8:0,0,8,0,0.0,,2.549,0,1.0,,0.0,dd4ba0e6-c9e0-444f-b815-9ad921cd3b87::roof-flat::flat:8,1.0,,flat_matched
df1f5f4f-8801-4d5d-9c64-f0ea8e1ce027,df1f5f4f-8801-4d5d-9c64-f0ea8e1ce027::ceiling-raw::0:0:0,0,0,0,0.0,,9.238,0,1.0,,0.0,df1f5f4f-8801-4d5d-9c64-f0ea8e1ce027::roof-flat::flat:8,1.0,,flat_matched
df1f5f4f-8801-4d5d-9c64-f0ea8e1ce027,df1f5f4f-8801-4d5d-9c64-f0ea8e1ce027::ceiling-raw::0:0:1,0,0,1,0.0,,11.52,0,1.0,,0.0,df1f5f4f-8801-4d5d-9c64-f0ea8e1ce027::roof-flat::flat:8,1.0,,flat_matched
df1f5f4f-8801-4d5d-9c64-f0ea8e1ce027,df1f5f4f-8801-4d5d-9c64-f0ea8e1ce027::ceiling-raw::0:1:0,0,1,0,0.0,,10.809,0,1.0,,0.0,df1f5f4f-8801-4d5d-9c64-f0ea8e1ce027::roof-flat::flat:8,1.0,,flat_matched
df1f5f4f-8801-4d5d-9c64-f0ea8e1ce027,df1f5f4f-8801-4d5d-9c64-f0ea8e1ce027::ceiling-raw::0:2:0,0,2,0,0.0,,8.574,0,1.0,,0.0,df1f5f4f-8801-4d5d-9c64-f0ea8e1ce027::roof-flat::flat:8,1.0,,flat_matched
df1f5f4f-8801-4d5d-9c64-f0ea8e1ce027,df1f5f4f-8801-4d5d-9c64-f0ea8e1ce027::ceiling-raw::0:3:0,0,3,0,0.0,,9.107,0,1.0,,0.0,df1f5f4f-8801-4d5d-9c64-f0ea8e1ce027::roof-flat::flat:8,1.0,,flat_matched
df1f5f4f-8801-4d5d-9c64-f0ea8e1ce027,df1f5f4f-8801-4d5d-9c64-f0ea8e1ce027::ceiling-raw::0:4:0,0,4,0,0.0,,12.948,0,1.0,,0.0,df1f5f4f-8801-4d5d-9c64-f0ea8e1ce027::roof-flat::flat:8,1.0,,flat_matched
df1f5f4f-8801-4d5d-9c64-f0ea8e1ce027,df1f5f4f-8801-4d5d-9c64-f0ea8e1ce027::ceiling-raw::0:5:0,0,5,0,0.0,,5.574,0,1.0,,0.0,df1f5f4f-8801-4d5d-9c64-f0ea8e1ce027::roof-flat::flat:8,1.0,,flat_matched
df1f5f4f-8801-4d5d-9c64-f0ea8e1ce027,df1f5f4f-8801-4d5d-9c64-f0ea8e1ce027::ceiling-raw::0:6:0,0,6,0,0.0,,36.255,0,1.0,,0.0,df1f5f4f-8801-4d5d-9c64-f0ea8e1ce027::roof-flat::flat:8,1.0,,flat_matched
dfb88995-ff0a-4025-878b-b544364f8e92,dfb88995-ff0a-4025-878b-b544364f8e92::ceiling-raw::0:0:0,0,0,0,0.0,,31.893,0,1.0,,0.0,dfb88995-ff0a-4025-878b-b544364f8e92::roof-flat::flat:2,1.0,,flat_matched
dfb88995-ff0a-4025-878b-b544364f8e92,dfb88995-ff0a-4025-878b-b544364f8e92::ceiling-raw::0:1:0,0,1,0,0.0,,13.912,0,1.0,,0.0,dfb88995-ff0a-4025-878b-b544364f8e92::roof-flat::flat:2,1.0,,flat_matched
dfb88995-ff0a-4025-878b-b544364f8e92,dfb88995-ff0a-4025-878b-b544364f8e92::ceiling-raw::1:4:0,1,4,0,0.0,,6.654,1.0,1.0,dfb88995-ff0a-4025-878b-b544364f8e92::roof-oblique::oblique:0,0.71,dfb88995-ff0a-4025-878b-b544364f8e92::roof-flat::flat:4,1.0,0.636,flat_matched
dfb88995-ff0a-4025-878b-b544364f8e92,dfb88995-ff0a-4025-878b-b544364f8e92::ceiling-raw::1:4:1,1,4,1,70.79,182.19,0.633,1.0,0.772,dfb88995-ff0a-4025-878b-b544364f8e92::roof-oblique::oblique:0,1.0,dfb88995-ff0a-4025-878b-b544364f8e92::roof-flat::flat:4,0.603,0.514,oblique_wrong_orientation
dfb88995-ff0a-4025-878b-b544364f8e92,dfb88995-ff0a-4025-878b-b544364f8e92::ceiling-raw::1:5:0,1,5,0,0.0,,6.547,1.0,1.0,dfb88995-ff0a-4025-878b-b544364f8e92::roof-oblique::oblique:0,1.0,dfb88995-ff0a-4025-878b-b544364f8e92::roof-flat::flat:4,1.0,0.636,flat_matched
dfb88995-ff0a-4025-878b-b544364f8e92,dfb88995-ff0a-4025-878b-b544364f8e92::ceiling-raw::1:5:1,1,5,1,50.32,117.51,6.719,1.0,1.0,dfb88995-ff0a-4025-878b-b544364f8e92::roof-oblique::oblique:0,1.0,dfb88995-ff0a-4025-878b-b544364f8e92::roof-flat::flat:5,1.0,1.0,oblique_matched
dfb88995-ff0a-4025-878b-b544364f8e92,dfb88995-ff0a-4025-878b-b544364f8e92::ceiling-raw::1:6:0,1,6,0,0.45,205.21,7.493,1.0,1.0,dfb88995-ff0a-4025-878b-b544364f8e92::roof-oblique::oblique:1,0.897,dfb88995-ff0a-4025-878b-b544364f8e92::roof-flat::flat:4,1.0,0.667,flat_matched
dfb88995-ff0a-4025-878b-b544364f8e92,dfb88995-ff0a-4025-878b-b544364f8e92::ceiling-raw::1:6:1,1,6,1,0.0,,0.516,1.0,0.791,dfb88995-ff0a-4025-878b-b544364f8e92::roof-oblique::oblique:1,1.0,dfb88995-ff0a-4025-878b-b544364f8e92::roof-flat::flat:4,0.494,0.668,flat_matched
dfb88995-ff0a-4025-878b-b544364f8e92,dfb88995-ff0a-4025-878b-b544364f8e92::ceiling-raw::1:6:2,1,6,2,19.93,27.07,1.014,1.0,1.0,dfb88995-ff0a-4025-878b-b544364f8e92::roof-oblique::oblique:1,1.0,dfb88995-ff0a-4025-878b-b544364f8e92::roof-flat::flat:5,1.0,0.628,oblique_wrong_orientation
dfb88995-ff0a-4025-878b-b544364f8e92,dfb88995-ff0a-4025-878b-b544364f8e92::ceiling-raw::1:6:3,1,6,3,50.32,297.89,1.065,1.0,1.0,dfb88995-ff0a-4025-878b-b544364f8e92::roof-oblique::oblique:1,1.0,dfb88995-ff0a-4025-878b-b544364f8e92::roof-flat::flat:5,1.0,0.999,oblique_matched
dfb88995-ff0a-4025-878b-b544364f8e92,dfb88995-ff0a-4025-878b-b544364f8e92::ceiling-raw::1:6:4,1,6,4,50.86,308.24,0.736,1.0,1.0,dfb88995-ff0a-4025-878b-b544364f8e92::roof-oblique::oblique:1,1.0,dfb88995-ff0a-4025-878b-b544364f8e92::roof-flat::flat:5,1.0,0.988,oblique_matched
dfb88995-ff0a-4025-878b-b544364f8e92,dfb88995-ff0a-4025-878b-b544364f8e92::ceiling-raw::1:6:5,1,6,5,51.95,272.59,0.713,1.0,1.0,dfb88995-ff0a-4025-878b-b544364f8e92::roof-oblique::oblique:1,1.0,dfb88995-ff0a-4025-878b-b544364f8e92::roof-flat::flat:4,1.0,0.945,oblique_matched
dfb88995-ff0a-4025-878b-b544364f8e92,dfb88995-ff0a-4025-878b-b544364f8e92::ceiling-raw::1:6:6,1,6,6,60.99,297.07,0.29,1.0,1.0,dfb88995-ff0a-4025-878b-b544364f8e92::roof-oblique::oblique:1,1.0,dfb88995-ff0a-4025-878b-b544364f8e92::roof-flat::flat:4,1.0,0.975,oblique_matched
dfb88995-ff0a-4025-878b-b544364f8e92,dfb88995-ff0a-4025-878b-b544364f8e92::ceiling-raw::1:6:7,1,6,7,61.47,308.43,0.736,1.0,1.0,dfb88995-ff0a-4025-878b-b544364f8e92::roof-oblique::oblique:1,1.0,dfb88995-ff0a-4025-878b-b544364f8e92::roof-flat::flat:5,1.0,0.96,oblique_matched
dfb88995-ff0a-4025-878b-b544364f8e92,dfb88995-ff0a-4025-878b-b544364f8e92::ceiling-raw::1:6:8,1,6,8,61.75,280.55,0.522,1.0,1.0,dfb88995-ff0a-4025-878b-b544364f8e92::roof-oblique::oblique:1,1.0,dfb88995-ff0a-4025-878b-b544364f8e92::roof-flat::flat:4,1.0,0.945,oblique_matched
dfb88995-ff0a-4025-878b-b544364f8e92,dfb88995-ff0a-4025-878b-b544364f8e92::ceiling-raw::1:7:0,1,7,0,0.0,,4.188,1.0,1.0,dfb88995-ff0a-4025-878b-b544364f8e92::roof-oblique::oblique:1,1.0,dfb88995-ff0a-4025-878b-b544364f8e92::roof-flat::flat:4,1.0,0.668,flat_matched
dfb88995-ff0a-4025-878b-b544364f8e92,dfb88995-ff0a-4025-878b-b544364f8e92::ceiling-raw::1:7:1,1,7,1,46.44,298.12,0.437,0.998,1.0,dfb88995-ff0a-4025-878b-b544364f8e92::roof-oblique::oblique:1,0.998,dfb88995-ff0a-4025-878b-b544364f8e92::roof-flat::flat:1,0.998,0.999,oblique_matched
e0155eef-34a5-4642-bca6-39b83ee42af1,e0155eef-34a5-4642-bca6-39b83ee42af1::ceiling-raw::3:0:0,3,0,0,0.0,,0.721,1.0,0,e0155eef-34a5-4642-bca6-39b83ee42af1::roof-oblique::oblique:0,1.0,,0.0,0.669,flat_covered_by_oblique
e0155eef-34a5-4642-bca6-39b83ee42af1,e0155eef-34a5-4642-bca6-39b83ee42af1::ceiling-raw::3:0:1,3,0,1,0.0,,1.63,1.0,0,e0155eef-34a5-4642-bca6-39b83ee42af1::roof-oblique::oblique:1,1.0,,0.0,0.67,flat_covered_by_oblique
e0155eef-34a5-4642-bca6-39b83ee42af1,e0155eef-34a5-4642-bca6-39b83ee42af1::ceiling-raw::3:0:2,3,0,2,0.0,,0.89,1.0,0,e0155eef-34a5-4642-bca6-39b83ee42af1::roof-oblique::oblique:1,1.0,,0.0,0.67,flat_covered_by_oblique
e0155eef-34a5-4642-bca6-39b83ee42af1,e0155eef-34a5-4642-bca6-39b83ee42af1::ceiling-raw::3:0:3,3,0,3,0.0,,0.325,1.0,0,e0155eef-34a5-4642-bca6-39b83ee42af1::roof-oblique::oblique:1,1.0,,0.0,0.67,flat_covered_by_oblique
e0155eef-34a5-4642-bca6-39b83ee42af1,e0155eef-34a5-4642-bca6-39b83ee42af1::ceiling-raw::3:0:4,3,0,4,9.9,295.75,0.418,1.0,0,e0155eef-34a5-4642-bca6-39b83ee42af1::roof-oblique::oblique:1,1.0,,0.0,0.661,oblique_wrong_orientation
e0155eef-34a5-4642-bca6-39b83ee42af1,e0155eef-34a5-4642-bca6-39b83ee42af1::ceiling-raw::3:0:5,3,0,5,26.05,295.74,0.861,1.0,0,e0155eef-34a5-4642-bca6-39b83ee42af1::roof-oblique::oblique:1,1.0,,0.0,0.604,oblique_wrong_orientation
e0155eef-34a5-4642-bca6-39b83ee42af1,e0155eef-34a5-4642-bca6-39b83ee42af1::ceiling-raw::3:0:6,3,0,6,33.15,26.02,7.412,1.0,0,e0155eef-34a5-4642-bca6-39b83ee42af1::roof-oblique::oblique:0,0.985,,0.0,0.967,oblique_matched
e0155eef-34a5-4642-bca6-39b83ee42af1,e0155eef-34a5-4642-bca6-39b83ee42af1::ceiling-raw::3:0:7,3,0,7,39.02,62.4,2.909,1.0,0,e0155eef-34a5-4642-bca6-39b83ee42af1::roof-oblique::oblique:0,1.0,,0.0,0.897,oblique_matched
e0155eef-34a5-4642-bca6-39b83ee42af1,e0155eef-34a5-4642-bca6-39b83ee42af1::ceiling-raw::3:0:8,3,0,8,46.8,206.12,0.832,1.0,0,e0155eef-34a5-4642-bca6-39b83ee42af1::roof-oblique::oblique:1,1.0,,0.0,1.0,oblique_matched
e0155eef-34a5-4642-bca6-39b83ee42af1,e0155eef-34a5-4642-bca6-39b83ee42af1::ceiling-raw::3:0:9,3,0,9,47.17,195.1,0.326,1.0,0,e0155eef-34a5-4642-bca6-39b83ee42af1::roof-oblique::oblique:1,1.0,,0.0,0.99,oblique_matched
e0155eef-34a5-4642-bca6-39b83ee42af1,e0155eef-34a5-4642-bca6-39b83ee42af1::ceiling-raw::3:0:10,3,0,10,47.92,26.13,2.898,1.0,0,e0155eef-34a5-4642-bca6-39b83ee42af1::roof-oblique::oblique:0,0.979,,0.0,1.0,oblique_matched
e0155eef-34a5-4642-bca6-39b83ee42af1,e0155eef-34a5-4642-bca6-39b83ee42af1::ceiling-raw::3:0:11,3,0,11,48.76,236.76,1.481,1.0,0,e0155eef-34a5-4642-bca6-39b83ee42af1::roof-oblique::oblique:1,1.0,,0.0,0.922,oblique_matched
e0155eef-34a5-4642-bca6-39b83ee42af1,e0155eef-34a5-4642-bca6-39b83ee42af1::ceiling-raw::3:0:12,3,0,12,49.11,206.12,0.418,1.0,0,e0155eef-34a5-4642-bca6-39b83ee42af1::roof-oblique::oblique:1,1.0,,0.0,1.0,oblique_matched
e0155eef-34a5-4642-bca6-39b83ee42af1,e0155eef-34a5-4642-bca6-39b83ee42af1::ceiling-raw::3:0:13,3,0,13,49.3,212.65,0.859,1.0,0,e0155eef-34a5-4642-bca6-39b83ee42af1::roof-oblique::oblique:1,1.0,,0.0,0.996,oblique_matched
e0155eef-34a5-4642-bca6-39b83ee42af1,e0155eef-34a5-4642-bca6-39b83ee42af1::ceiling-raw::3:0:14,3,0,14,49.43,214.72,0.284,1.0,0,e0155eef-34a5-4642-bca6-39b83ee42af1::roof-oblique::oblique:1,1.0,,0.0,0.993,oblique_matched
e0155eef-34a5-4642-bca6-39b83ee42af1,e0155eef-34a5-4642-bca6-39b83ee42af1::ceiling-raw::3:0:15,3,0,15,49.97,171.65,1.147,1.0,0,e0155eef-34a5-4642-bca6-39b83ee42af1::roof-oblique::oblique:1,1.0,,0.0,0.9,oblique_matched
e0155eef-34a5-4642-bca6-39b83ee42af1,e0155eef-34a5-4642-bca6-39b83ee42af1::ceiling-raw::3:0:16,3,0,16,50.49,2.64,2.875,1.0,0,e0155eef-34a5-4642-bca6-39b83ee42af1::roof-oblique::oblique:0,1.0,,0.0,0.952,oblique_matched
e0155eef-34a5-4642-bca6-39b83ee42af1,e0155eef-34a5-4642-bca6-39b83ee42af1::ceiling-raw::3:0:17,3,0,17,51.43,229.07,1.481,1.0,0,e0155eef-34a5-4642-bca6-39b83ee42af1::roof-oblique::oblique:1,1.0,,0.0,0.952,oblique_matched
e0155eef-34a5-4642-bca6-39b83ee42af1,e0155eef-34a5-4642-bca6-39b83ee42af1::ceiling-raw::3:0:18,3,0,18,57.56,210.94,0.285,1.0,0,e0155eef-34a5-4642-bca6-39b83ee42af1::roof-oblique::oblique:1,1.0,,0.0,0.984,oblique_matched
e0155eef-34a5-4642-bca6-39b83ee42af1,e0155eef-34a5-4642-bca6-39b83ee42af1::ceiling-raw::3:0:19,3,0,19,57.65,198.61,0.222,1.0,0,e0155eef-34a5-4642-bca6-39b83ee42af1::roof-oblique::oblique:1,1.0,,0.0,0.98,oblique_matched
e0155eef-34a5-4642-bca6-39b83ee42af1,e0155eef-34a5-4642-bca6-39b83ee42af1::ceiling-raw::3:0:20,3,0,20,61.19,184.36,0.667,1.0,0,e0155eef-34a5-4642-bca6-39b83ee42af1::roof-oblique::oblique:1,1.0,,0.0,0.927,oblique_matched
e0155eef-34a5-4642-bca6-39b83ee42af1,e0155eef-34a5-4642-bca6-39b83ee42af1::ceiling-raw::3:1:0,3,1,0,0.0,,1.71,1.0,0,e0155eef-34a5-4642-bca6-39b83ee42af1::roof-oblique::oblique:1,1.0,,0.0,0.67,flat_covered_by_oblique
e0155eef-34a5-4642-bca6-39b83ee42af1,e0155eef-34a5-4642-bca6-39b83ee42af1::ceiling-raw::3:1:1,3,1,1,22.18,206.67,0.59,1.0,0,e0155eef-34a5-4642-bca6-39b83ee42af1::roof-oblique::oblique:1,1.0,,0.0,0.901,oblique_matched
e0155eef-34a5-4642-bca6-39b83ee42af1,e0155eef-34a5-4642-bca6-39b83ee42af1::ceiling-raw::3:1:2,3,1,2,45.73,206.41,2.012,1.0,0,e0155eef-34a5-4642-bca6-39b83ee42af1::roof-oblique::oblique:1,1.0,,0.0,0.999,oblique_matched
e0155eef-34a5-4642-bca6-39b83ee42af1,e0155eef-34a5-4642-bca6-39b83ee42af1::ceiling-raw::3:1:3,3,1,3,45.92,219.71,0.181,1.0,0,e0155eef-34a5-4642-bca6-39b83ee42af1::roof-oblique::oblique:1,1.0,,0.0,0.984,oblique_matched
e0155eef-34a5-4642-bca6-39b83ee42af1,e0155eef-34a5-4642-bca6-39b83ee42af1::ceiling-raw::3:1:4,3,1,4,47.19,206.13,0.168,1.0,0,e0155eef-34a5-4642-bca6-39b83ee42af1::roof-oblique::oblique:1,1.0,,0.0,1.0,oblique_matched
e0155eef-34a5-4642-bca6-39b83ee42af1,e0155eef-34a5-4642-bca6-39b83ee42af1::ceiling-raw::3:2:0,3,2,0,0.0,,0.296,1.0,0,e0155eef-34a5-4642-bca6-39b83ee42af1::roof-oblique::oblique:1,1.0,,0.0,0.67,flat_covered_by_oblique
e0155eef-34a5-4642-bca6-39b83ee42af1,e0155eef-34a5-4642-bca6-39b83ee42af1::ceiling-raw::3:2:1,3,2,1,6.5,27.13,3.051,0.06,0,e0155eef-34a5-4642-bca6-39b83ee42af1::roof-oblique::oblique:1,0.06,,0.0,0.582,uncovered
e0155eef-34a5-4642-bca6-39b83ee42af1,e0155eef-34a5-4642-bca6-39b83ee42af1::ceiling-raw::3:2:2,3,2,2,20.99,295.92,0.826,0.178,0,e0155eef-34a5-4642-bca6-39b83ee42af1::roof-oblique::oblique:1,0.178,,0.0,0.626,oblique_partial
e0155eef-34a5-4642-bca6-39b83ee42af1,e0155eef-34a5-4642-bca6-39b83ee42af1::ceiling-raw::3:2:3,3,2,3,32.2,115.92,0.51,0.196,0,e0155eef-34a5-4642-bca6-39b83ee42af1::roof-oblique::oblique:1,0.196,,0.0,0.566,oblique_partial
e0155eef-34a5-4642-bca6-39b83ee42af1,e0155eef-34a5-4642-bca6-39b83ee42af1::ceiling-raw::2:3:0,2,3,0,0.0,,9.362,0.996,0,e0155eef-34a5-4642-bca6-39b83ee42af1::roof-oblique::oblique:3,0.628,,0.0,0.713,flat_covered_by_oblique
e0155eef-34a5-4642-bca6-39b83ee42af1,e0155eef-34a5-4642-bca6-39b83ee42af1::ceiling-raw::2:3:1,2,3,1,5.23,296.14,0.671,0.976,0,e0155eef-34a5-4642-bca6-39b83ee42af1::roof-oblique::oblique:3,0.976,,0.0,0.71,oblique_wrong_orientation
e0155eef-34a5-4642-bca6-39b83ee42af1,e0155eef-34a5-4642-bca6-39b83ee42af1::ceiling-raw::2:3:2,2,3,2,17.37,116.13,0.747,1.0,0,e0155eef-34a5-4642-bca6-39b83ee42af1::roof-oblique::oblique:3,1.0,,0.0,0.681,oblique_wrong_orientation
e0155eef-34a5-4642-bca6-39b83ee42af1,e0155eef-34a5-4642-bca6-39b83ee42af1::ceiling-raw::2:3:3,2,3,3,35.9,26.12,0.867,1.0,0,e0155eef-34a5-4642-bca6-39b83ee42af1::roof-oblique::oblique:3,1.0,,0.0,0.989,oblique_matched
e0155eef-34a5-4642-bca6-39b83ee42af1,e0155eef-34a5-4642-bca6-39b83ee42af1::ceiling-raw::2:3:4,2,3,4,42.5,26.1,0.064,1.0,0,e0155eef-34a5-4642-bca6-39b83ee42af1::roof-oblique::oblique:3,1.0,,0.0,0.999,oblique_matched
e0155eef-34a5-4642-bca6-39b83ee42af1,e0155eef-34a5-4642-bca6-39b83ee42af1::ceiling-raw::2:3:5,2,3,5,50.46,296.12,0.064,1.0,0,e0155eef-34a5-4642-bca6-39b83ee42af1::roof-oblique::oblique:3,1.0,,0.0,0.454,oblique_wrong_orientation
e0155eef-34a5-4642-bca6-39b83ee42af1,e0155eef-34a5-4642-bca6-39b83ee42af1::ceiling-raw::2:3:6,2,3,6,50.89,205.51,0.742,1.0,0,e0155eef-34a5-4642-bca6-39b83ee42af1::roof-oblique::oblique:2,1.0,,0.0,1.0,oblique_matched
e0155eef-34a5-4642-bca6-39b83ee42af1,e0155eef-34a5-4642-bca6-39b83ee42af1::ceiling-raw::2:3:7,2,3,7,51.59,205.92,2.888,1.0,0,e0155eef-34a5-4642-bca6-39b83ee42af1::roof-oblique::oblique:2,1.0,,0.0,1.0,oblique_matched
e0155eef-34a5-4642-bca6-39b83ee42af1,e0155eef-34a5-4642-bca6-39b83ee42af1::ceiling-raw::2:3:8,2,3,8,54.01,267.76,0.09,1.0,0,e0155eef-34a5-4642-bca6-39b83ee42af1::roof-oblique::oblique:3,1.0,,0.0,0.15,oblique_wrong_orientation
e0155eef-34a5-4642-bca6-39b83ee42af1,e0155eef-34a5-4642-bca6-39b83ee42af1::ceiling-raw::0:6:0,0,6,0,0.0,,10.952,0,1.0,,0.0,e0155eef-34a5-4642-bca6-39b83ee42af1::roof-flat::flat:6,1.0,,flat_matched
e0155eef-34a5-4642-bca6-39b83ee42af1,e0155eef-34a5-4642-bca6-39b83ee42af1::ceiling-raw::0:6:1,0,6,1,0.0,,0.621,0,1.0,,0.0,e0155eef-34a5-4642-bca6-39b83ee42af1::roof-flat::flat:6,1.0,,flat_matched
e0155eef-34a5-4642-bca6-39b83ee42af1,e0155eef-34a5-4642-bca6-39b83ee42af1::ceiling-raw::0:6:2,0,6,2,1.32,116.32,3.623,0,1.0,,0.0,e0155eef-34a5-4642-bca6-39b83ee42af1::roof-flat::flat:6,1.0,,flat_matched
e0155eef-34a5-4642-bca6-39b83ee42af1,e0155eef-34a5-4642-bca6-39b83ee42af1::ceiling-raw::0:6:3,0,6,3,0.0,,0.416,0,1.0,,0.0,e0155eef-34a5-4642-bca6-39b83ee42af1::roof-flat::flat:6,1.0,,flat_matched
e0155eef-34a5-4642-bca6-39b83ee42af1,e0155eef-34a5-4642-bca6-39b83ee42af1::ceiling-raw::0:6:4,0,6,4,0.0,,0.102,0,1.0,,0.0,e0155eef-34a5-4642-bca6-39b83ee42af1::roof-flat::flat:6,1.0,,flat_matched
e0155eef-34a5-4642-bca6-39b83ee42af1,e0155eef-34a5-4642-bca6-39b83ee42af1::ceiling-raw::0:6:5,0,6,5,0.0,,3.653,0,1.0,,0.0,e0155eef-34a5-4642-bca6-39b83ee42af1::roof-flat::flat:6,1.0,,flat_matched
e0155eef-34a5-4642-bca6-39b83ee42af1,e0155eef-34a5-4642-bca6-39b83ee42af1::ceiling-raw::0:6:6,0,6,6,0.0,,0.101,0,1.0,,0.0,e0155eef-34a5-4642-bca6-39b83ee42af1::roof-flat::flat:6,1.0,,flat_matched
e0155eef-34a5-4642-bca6-39b83ee42af1,e0155eef-34a5-4642-bca6-39b83ee42af1::ceiling-raw::0:6:7,0,6,7,5.84,34.97,4.064,0,1.0,,0.0,e0155eef-34a5-4642-bca6-39b83ee42af1::roof-flat::flat:6,1.0,,oblique_covered_by_flat
e0155eef-34a5-4642-bca6-39b83ee42af1,e0155eef-34a5-4642-bca6-39b83ee42af1::ceiling-raw::0:6:8,0,6,8,11.56,325.95,0.53,0,1.0,,0.0,e0155eef-34a5-4642-bca6-39b83ee42af1::roof-flat::flat:6,1.0,,oblique_covered_by_flat
e0155eef-34a5-4642-bca6-39b83ee42af1,e0155eef-34a5-4642-bca6-39b83ee42af1::ceiling-raw::0:6:9,0,6,9,12.92,26.33,0.328,0,1.0,,0.0,e0155eef-34a5-4642-bca6-39b83ee42af1::roof-flat::flat:0,1.0,,oblique_covered_by_flat
e0155eef-34a5-4642-bca6-39b83ee42af1,e0155eef-34a5-4642-bca6-39b83ee42af1::ceiling-raw::0:6:10,0,6,10,15.27,206.39,0.054,0,1.0,,0.0,e0155eef-34a5-4642-bca6-39b83ee42af1::roof-flat::flat:6,1.0,,oblique_covered_by_flat
e0155eef-34a5-4642-bca6-39b83ee42af1,e0155eef-34a5-4642-bca6-39b83ee42af1::ceiling-raw::0:6:11,0,6,11,19.53,246.03,0.275,0,1.0,,0.0,e0155eef-34a5-4642-bca6-39b83ee42af1::roof-flat::flat:0,1.0,,oblique_covered_by_flat
e0155eef-34a5-4642-bca6-39b83ee42af1,e0155eef-34a5-4642-bca6-39b83ee42af1::ceiling-raw::0:6:12,0,6,12,24.33,103.41,0.214,0,1.0,,0.0,e0155eef-34a5-4642-bca6-39b83ee42af1::roof-flat::flat:0,1.0,,oblique_covered_by_flat
e0155eef-34a5-4642-bca6-39b83ee42af1,e0155eef-34a5-4642-bca6-39b83ee42af1::ceiling-raw::0:6:13,0,6,13,27.89,307.34,0.181,0,1.0,,0.0,e0155eef-34a5-4642-bca6-39b83ee42af1::roof-flat::flat:6,1.0,,oblique_covered_by_flat
e0155eef-34a5-4642-bca6-39b83ee42af1,e0155eef-34a5-4642-bca6-39b83ee42af1::ceiling-raw::0:6:14,0,6,14,37.31,206.35,0.539,0,1.0,,0.0,e0155eef-34a5-4642-bca6-39b83ee42af1::roof-flat::flat:6,1.0,,oblique_covered_by_flat
e0155eef-34a5-4642-bca6-39b83ee42af1,e0155eef-34a5-4642-bca6-39b83ee42af1::ceiling-raw::0:6:15,0,6,15,38.5,222.88,0.099,0,1.0,,0.0,e0155eef-34a5-4642-bca6-39b83ee42af1::roof-flat::flat:0,1.0,,oblique_covered_by_flat
e0155eef-34a5-4642-bca6-39b83ee42af1,e0155eef-34a5-4642-bca6-39b83ee42af1::ceiling-raw::0:6:16,0,6,16,49.41,294.92,0.117,0,1.0,,0.0,e0155eef-34a5-4642-bca6-39b83ee42af1::roof-flat::flat:6,1.0,,oblique_covered_by_flat
e0155eef-34a5-4642-bca6-39b83ee42af1,e0155eef-34a5-4642-bca6-39b83ee42af1::ceiling-raw::0:6:17,0,6,17,0.0,,1.169,0,1.0,,0.0,e0155eef-34a5-4642-bca6-39b83ee42af1::roof-flat::flat:6,1.0,,flat_matched
e0155eef-34a5-4642-bca6-39b83ee42af1,e0155eef-34a5-4642-bca6-39b83ee42af1::ceiling-raw::0:7:0,0,7,0,0.0,,0.208,0,1.0,,0.0,e0155eef-34a5-4642-bca6-39b83ee42af1::roof-flat::flat:1,1.0,,flat_matched
e0155eef-34a5-4642-bca6-39b83ee42af1,e0155eef-34a5-4642-bca6-39b83ee42af1::ceiling-raw::0:7:1,0,7,1,0.0,,0.671,0,1.0,,0.0,e0155eef-34a5-4642-bca6-39b83ee42af1::roof-flat::flat:6,1.0,,flat_matched
e0155eef-34a5-4642-bca6-39b83ee42af1,e0155eef-34a5-4642-bca6-39b83ee42af1::ceiling-raw::0:7:2,0,7,2,0.0,,1.614,0,1.0,,0.0,e0155eef-34a5-4642-bca6-39b83ee42af1::roof-flat::flat:7,1.0,,flat_matched
e0155eef-34a5-4642-bca6-39b83ee42af1,e0155eef-34a5-4642-bca6-39b83ee42af1::ceiling-raw::0:7:3,0,7,3,0.0,,0.567,0,1.0,,0.0,e0155eef-34a5-4642-bca6-39b83ee42af1::roof-flat::flat:6,1.0,,flat_matched
e0155eef-34a5-4642-bca6-39b83ee42af1,e0155eef-34a5-4642-bca6-39b83ee42af1::ceiling-raw::0:8:0,0,8,0,0.0,,1.855,0,1.0,,0.0,e0155eef-34a5-4642-bca6-39b83ee42af1::roof-flat::flat:8,1.0,,flat_matched
e0155eef-34a5-4642-bca6-39b83ee42af1,e0155eef-34a5-4642-bca6-39b83ee42af1::ceiling-raw::0:9:0,0,9,0,0.0,,20.663,0,1.0,,0.0,e0155eef-34a5-4642-bca6-39b83ee42af1::roof-flat::flat:9,1.0,,flat_matched
e0155eef-34a5-4642-bca6-39b83ee42af1,e0155eef-34a5-4642-bca6-39b83ee42af1::ceiling-raw::0:10:0,0,10,0,0.0,,8.939,0,1.0,,0.0,e0155eef-34a5-4642-bca6-39b83ee42af1::roof-flat::flat:9,1.0,,flat_matched
e0155eef-34a5-4642-bca6-39b83ee42af1,e0155eef-34a5-4642-bca6-39b83ee42af1::ceiling-raw::0:10:1,0,10,1,0.0,,4.84,0,1.0,,0.0,e0155eef-34a5-4642-bca6-39b83ee42af1::roof-flat::flat:9,1.0,,flat_matched
e0155eef-34a5-4642-bca6-39b83ee42af1,e0155eef-34a5-4642-bca6-39b83ee42af1::ceiling-raw::0:11:0,0,11,0,0.0,,3.445,0,1.0,,0.0,e0155eef-34a5-4642-bca6-39b83ee42af1::roof-flat::flat:9,1.0,,flat_matched
e0155eef-34a5-4642-bca6-39b83ee42af1,e0155eef-34a5-4642-bca6-39b83ee42af1::ceiling-raw::0:11:1,0,11,1,22.69,296.12,1.111,0,1.0,,0.0,e0155eef-34a5-4642-bca6-39b83ee42af1::roof-flat::flat:10,1.0,,oblique_covered_by_flat
e01a968a-24dd-4ca3-b46f-5aff03b1779f,e01a968a-24dd-4ca3-b46f-5aff03b1779f::ceiling-raw::0:0:0,0,0,0,0.0,,2.236,0,1.0,,0.0,e01a968a-24dd-4ca3-b46f-5aff03b1779f::roof-flat::flat:7,1.0,,flat_matched
e01a968a-24dd-4ca3-b46f-5aff03b1779f,e01a968a-24dd-4ca3-b46f-5aff03b1779f::ceiling-raw::0:1:0,0,1,0,0.0,,6.809,0,1.0,,0.0,e01a968a-24dd-4ca3-b46f-5aff03b1779f::roof-flat::flat:7,1.0,,flat_matched
e01a968a-24dd-4ca3-b46f-5aff03b1779f,e01a968a-24dd-4ca3-b46f-5aff03b1779f::ceiling-raw::0:2:0,0,2,0,0.0,,10.378,0,1.0,,0.0,e01a968a-24dd-4ca3-b46f-5aff03b1779f::roof-flat::flat:7,1.0,,flat_matched
e01a968a-24dd-4ca3-b46f-5aff03b1779f,e01a968a-24dd-4ca3-b46f-5aff03b1779f::ceiling-raw::0:3:0,0,3,0,0.0,,10.003,0,1.0,,0.0,e01a968a-24dd-4ca3-b46f-5aff03b1779f::roof-flat::flat:7,1.0,,flat_matched
e01a968a-24dd-4ca3-b46f-5aff03b1779f,e01a968a-24dd-4ca3-b46f-5aff03b1779f::ceiling-raw::0:4:0,0,4,0,0.0,,49.618,0,1.0,,0.0,e01a968a-24dd-4ca3-b46f-5aff03b1779f::roof-flat::flat:7,1.0,,flat_matched
e01a968a-24dd-4ca3-b46f-5aff03b1779f,e01a968a-24dd-4ca3-b46f-5aff03b1779f::ceiling-raw::0:5:0,0,5,0,0.0,,16.374,0,1.0,,0.0,e01a968a-24dd-4ca3-b46f-5aff03b1779f::roof-flat::flat:7,1.0,,flat_matched
e01a968a-24dd-4ca3-b46f-5aff03b1779f,e01a968a-24dd-4ca3-b46f-5aff03b1779f::ceiling-raw::0:6:0,0,6,0,0.0,,9.577,0,1.0,,0.0,e01a968a-24dd-4ca3-b46f-5aff03b1779f::roof-flat::flat:7,1.0,,flat_matched
e028bcc5-73ee-45f9-924b-d7badbc66caf,e028bcc5-73ee-45f9-924b-d7badbc66caf::ceiling-raw::0:0:0,0,0,0,0.0,,8.202,0,1.0,,0.0,e028bcc5-73ee-45f9-924b-d7badbc66caf::roof-flat::flat:2,1.0,,flat_matched
e028bcc5-73ee-45f9-924b-d7badbc66caf,e028bcc5-73ee-45f9-924b-d7badbc66caf::ceiling-raw::1:10:0,1,10,0,0.0,,12.143,1.0,1.0,e028bcc5-73ee-45f9-924b-d7badbc66caf::roof-oblique::oblique:0,0.518,e028bcc5-73ee-45f9-924b-d7badbc66caf::roof-flat::flat:3,1.0,0.713,flat_matched
e028bcc5-73ee-45f9-924b-d7badbc66caf,e028bcc5-73ee-45f9-924b-d7badbc66caf::ceiling-raw::1:10:1,1,10,1,44.05,231.39,4.258,1.0,1.0,e028bcc5-73ee-45f9-924b-d7badbc66caf::roof-oblique::oblique:0,1.0,e028bcc5-73ee-45f9-924b-d7badbc66caf::roof-flat::flat:3,1.0,1.0,oblique_matched
e028bcc5-73ee-45f9-924b-d7badbc66caf,e028bcc5-73ee-45f9-924b-d7badbc66caf::ceiling-raw::1:10:2,1,10,2,45.95,50.96,3.986,0.998,1.0,e028bcc5-73ee-45f9-924b-d7badbc66caf::roof-oblique::oblique:1,0.998,e028bcc5-73ee-45f9-924b-d7badbc66caf::roof-flat::flat:3,1.0,1.0,oblique_matched
e028bcc5-73ee-45f9-924b-d7badbc66caf,e028bcc5-73ee-45f9-924b-d7badbc66caf::ceiling-raw::1:11:0,1,11,0,0.0,,4.007,1.0,1.0,e028bcc5-73ee-45f9-924b-d7badbc66caf::roof-oblique::oblique:0,1.0,e028bcc5-73ee-45f9-924b-d7badbc66caf::roof-flat::flat:3,1.0,0.713,flat_matched
e028bcc5-73ee-45f9-924b-d7badbc66caf,e028bcc5-73ee-45f9-924b-d7badbc66caf::ceiling-raw::1:11:1,1,11,1,46.0,231.69,4.298,0.998,1.0,e028bcc5-73ee-45f9-924b-d7badbc66caf::roof-oblique::oblique:0,0.998,e028bcc5-73ee-45f9-924b-d7badbc66caf::roof-flat::flat:3,1.0,1.0,oblique_matched
e028bcc5-73ee-45f9-924b-d7badbc66caf,e028bcc5-73ee-45f9-924b-d7badbc66caf::ceiling-raw::1:12:0,1,12,0,0.0,,8.17,1.0,1.0,e028bcc5-73ee-45f9-924b-d7badbc66caf::roof-oblique::oblique:1,0.748,e028bcc5-73ee-45f9-924b-d7badbc66caf::roof-flat::flat:3,1.0,0.699,flat_matched
e028bcc5-73ee-45f9-924b-d7badbc66caf,e028bcc5-73ee-45f9-924b-d7badbc66caf::ceiling-raw::1:12:1,1,12,1,25.23,51.42,1.667,1.0,1.0,e028bcc5-73ee-45f9-924b-d7badbc66caf::roof-oblique::oblique:1,1.0,e028bcc5-73ee-45f9-924b-d7badbc66caf::roof-flat::flat:3,1.0,0.937,oblique_matched
e028bcc5-73ee-45f9-924b-d7badbc66caf,e028bcc5-73ee-45f9-924b-d7badbc66caf::ceiling-raw::1:12:2,1,12,2,45.44,51.4,1.546,1.0,1.0,e028bcc5-73ee-45f9-924b-d7badbc66caf::roof-oblique::oblique:1,1.0,e028bcc5-73ee-45f9-924b-d7badbc66caf::roof-flat::flat:3,1.0,1.0,oblique_matched
e028bcc5-73ee-45f9-924b-d7badbc66caf,e028bcc5-73ee-45f9-924b-d7badbc66caf::ceiling-raw::1:12:3,1,12,3,45.62,51.36,0.994,1.0,1.0,e028bcc5-73ee-45f9-924b-d7badbc66caf::roof-oblique::oblique:1,1.0,e028bcc5-73ee-45f9-924b-d7badbc66caf::roof-flat::flat:3,1.0,1.0,oblique_matched
e028bcc5-73ee-45f9-924b-d7badbc66caf,e028bcc5-73ee-45f9-924b-d7badbc66caf::ceiling-raw::1:13:0,1,13,0,0.0,,0.044,0,1.0,,0.0,e028bcc5-73ee-45f9-924b-d7badbc66caf::roof-flat::flat:4,1.0,,flat_matched
e028bcc5-73ee-45f9-924b-d7badbc66caf,e028bcc5-73ee-45f9-924b-d7badbc66caf::ceiling-raw::1:13:1,1,13,1,0.0,,1.135,0.73,1.0,e028bcc5-73ee-45f9-924b-d7badbc66caf::roof-oblique::oblique:0,0.73,e028bcc5-73ee-45f9-924b-d7badbc66caf::roof-flat::flat:4,1.0,0.713,flat_matched
e028bcc5-73ee-45f9-924b-d7badbc66caf,e028bcc5-73ee-45f9-924b-d7badbc66caf::ceiling-raw::1:13:2,1,13,2,0.0,,1.08,0.73,1.0,e028bcc5-73ee-45f9-924b-d7badbc66caf::roof-oblique::oblique:0,0.73,e028bcc5-73ee-45f9-924b-d7badbc66caf::roof-flat::flat:3,1.0,0.713,flat_matched
e028bcc5-73ee-45f9-924b-d7badbc66caf,e028bcc5-73ee-45f9-924b-d7badbc66caf::ceiling-raw::1:13:3,1,13,3,6.04,321.37,0.394,0.297,1.0,e028bcc5-73ee-45f9-924b-d7badbc66caf::roof-oblique::oblique:2,0.297,e028bcc5-73ee-45f9-924b-d7badbc66caf::roof-flat::flat:3,1.0,0.678,oblique_covered_by_flat
e028bcc5-73ee-45f9-924b-d7badbc66caf,e028bcc5-73ee-45f9-924b-d7badbc66caf::ceiling-raw::1:13:4,1,13,4,11.62,51.08,1.159,0.0,1.0,e028bcc5-73ee-45f9-924b-d7badbc66caf::roof-oblique::oblique:1,0.0,e028bcc5-73ee-45f9-924b-d7badbc66caf::roof-flat::flat:3,1.0,0.829,oblique_covered_by_flat
e028bcc5-73ee-45f9-924b-d7badbc66caf,e028bcc5-73ee-45f9-924b-d7badbc66caf::ceiling-raw::1:13:5,1,13,5,11.62,321.36,3.58,0.244,1.0,e028bcc5-73ee-45f9-924b-d7badbc66caf::roof-oblique::oblique:0,0.244,e028bcc5-73ee-45f9-924b-d7badbc66caf::roof-flat::flat:3,1.0,0.698,oblique_covered_by_flat
e028bcc5-73ee-45f9-924b-d7badbc66caf,e028bcc5-73ee-45f9-924b-d7badbc66caf::ceiling-raw::1:13:6,1,13,6,12.54,52.09,4.244,0.736,1.0,e028bcc5-73ee-45f9-924b-d7badbc66caf::roof-oblique::oblique:0,0.736,e028bcc5-73ee-45f9-924b-d7badbc66caf::roof-flat::flat:3,1.0,0.544,oblique_wrong_orientation
e028bcc5-73ee-45f9-924b-d7badbc66caf,e028bcc5-73ee-45f9-924b-d7badbc66caf::ceiling-raw::1:13:7,1,13,7,17.91,151.77,0.31,0,1.0,,0.0,e028bcc5-73ee-45f9-924b-d7badbc66caf::roof-flat::flat:4,1.0,,oblique_covered_by_flat
e028bcc5-73ee-45f9-924b-d7badbc66caf,e028bcc5-73ee-45f9-924b-d7badbc66caf::ceiling-raw::1:13:8,1,13,8,18.62,121.97,1.135,0.231,1.0,e028bcc5-73ee-45f9-924b-d7badbc66caf::roof-oblique::oblique:0,0.231,e028bcc5-73ee-45f9-924b-d7badbc66caf::roof-flat::flat:4,1.0,0.601,oblique_covered_by_flat
e028bcc5-73ee-45f9-924b-d7badbc66caf,e028bcc5-73ee-45f9-924b-d7badbc66caf::ceiling-raw::1:13:9,1,13,9,19.4,339.89,1.08,0.231,1.0,e028bcc5-73ee-45f9-924b-d7badbc66caf::roof-oblique::oblique:0,0.231,e028bcc5-73ee-45f9-924b-d7badbc66caf::roof-flat::flat:4,1.0,0.598,oblique_covered_by_flat
e028bcc5-73ee-45f9-924b-d7badbc66caf,e028bcc5-73ee-45f9-924b-d7badbc66caf::ceiling-raw::1:13:10,1,13,10,22.26,231.36,0.266,0.009,1.0,e028bcc5-73ee-45f9-924b-d7badbc66caf::roof-oblique::oblique:2,0.009,e028bcc5-73ee-45f9-924b-d7badbc66caf::roof-flat::flat:4,1.0,0.694,oblique_covered_by_flat
e028bcc5-73ee-45f9-924b-d7badbc66caf,e028bcc5-73ee-45f9-924b-d7badbc66caf::ceiling-raw::1:13:11,1,13,11,42.83,231.54,5.419,0.991,1.0,e028bcc5-73ee-45f9-924b-d7badbc66caf::roof-oblique::oblique:0,0.991,e028bcc5-73ee-45f9-924b-d7badbc66caf::roof-flat::flat:3,1.0,1.0,oblique_matched
e028bcc5-73ee-45f9-924b-d7badbc66caf,e028bcc5-73ee-45f9-924b-d7badbc66caf::ceiling-raw::1:13:12,1,13,12,42.83,167.58,0.295,0.005,1.0,e028bcc5-73ee-45f9-924b-d7badbc66caf::roof-oblique::oblique:2,0.005,e028bcc5-73ee-45f9-924b-d7badbc66caf::roof-flat::flat:4,1.0,0.953,oblique_covered_by_flat
e028bcc5-73ee-45f9-924b-d7badbc66caf,e028bcc5-73ee-45f9-924b-d7badbc66caf::ceiling-raw::1:13:13,1,13,13,43.4,141.36,0.758,0.231,1.0,e028bcc5-73ee-45f9-924b-d7badbc66caf::roof-oblique::oblique:0,0.231,e028bcc5-73ee-45f9-924b-d7badbc66caf::roof-flat::flat:3,1.0,0.518,oblique_covered_by_flat
e028bcc5-73ee-45f9-924b-d7badbc66caf,e028bcc5-73ee-45f9-924b-d7badbc66caf::ceiling-raw::1:13:14,1,13,14,45.33,51.36,0.394,0.027,1.0,e028bcc5-73ee-45f9-924b-d7badbc66caf::roof-oblique::oblique:2,0.027,e028bcc5-73ee-45f9-924b-d7badbc66caf::roof-flat::flat:3,1.0,0.53,oblique_covered_by_flat
e028bcc5-73ee-45f9-924b-d7badbc66caf,e028bcc5-73ee-45f9-924b-d7badbc66caf::ceiling-raw::1:13:15,1,13,15,45.9,39.87,0.953,0.0,1.0,e028bcc5-73ee-45f9-924b-d7badbc66caf::roof-oblique::oblique:1,0.0,e028bcc5-73ee-45f9-924b-d7badbc66caf::roof-flat::flat:3,1.0,0.99,oblique_covered_by_flat
e028bcc5-73ee-45f9-924b-d7badbc66caf,e028bcc5-73ee-45f9-924b-d7badbc66caf::ceiling-raw::1:13:16,1,13,16,47.01,33.23,0.295,0,1.0,,0.0,e028bcc5-73ee-45f9-924b-d7badbc66caf::roof-flat::flat:4,1.0,,oblique_covered_by_flat
e028bcc5-73ee-45f9-924b-d7badbc66caf,e028bcc5-73ee-45f9-924b-d7badbc66caf::ceiling-raw::1:13:17,1,13,17,54.28,94.21,0.207,0,1.0,,0.0,e028bcc5-73ee-45f9-924b-d7badbc66caf::roof-flat::flat:3,1.0,,oblique_covered_by_flat
e028bcc5-73ee-45f9-924b-d7badbc66caf,e028bcc5-73ee-45f9-924b-d7badbc66caf::ceiling-raw::1:14:0,1,14,0,0.0,,9.909,0.359,1.0,e028bcc5-73ee-45f9-924b-d7badbc66caf::roof-oblique::oblique:2,0.359,e028bcc5-73ee-45f9-924b-d7badbc66caf::roof-flat::flat:4,1.0,0.752,flat_matched
e028bcc5-73ee-45f9-924b-d7badbc66caf,e028bcc5-73ee-45f9-924b-d7badbc66caf::ceiling-raw::1:14:1,1,14,1,43.98,142.98,4.584,0.995,1.0,e028bcc5-73ee-45f9-924b-d7badbc66caf::roof-oblique::oblique:2,0.995,e028bcc5-73ee-45f9-924b-d7badbc66caf::roof-flat::flat:4,1.0,0.999,oblique_matched
e028bcc5-73ee-45f9-924b-d7badbc66caf,e028bcc5-73ee-45f9-924b-d7badbc66caf::ceiling-raw::1:15:0,1,15,0,2.94,230.64,28.375,0.001,1.0,e028bcc5-73ee-45f9-924b-d7badbc66caf::roof-oblique::oblique:2,0.001,e028bcc5-73ee-45f9-924b-d7badbc66caf::roof-flat::flat:1,1.0,0.751,flat_matched
e028bcc5-73ee-45f9-924b-d7badbc66caf,e028bcc5-73ee-45f9-924b-d7badbc66caf::ceiling-raw::1:15:1,1,15,1,38.34,155.12,4.058,0.002,1.0,e028bcc5-73ee-45f9-924b-d7badbc66caf::roof-oblique::oblique:2,0.002,e028bcc5-73ee-45f9-924b-d7badbc66caf::roof-flat::flat:1,1.0,0.987,oblique_covered_by_flat
e028bcc5-73ee-45f9-924b-d7badbc66caf,e028bcc5-73ee-45f9-924b-d7badbc66caf::ceiling-raw::1:15:2,1,15,2,46.58,321.36,3.098,0,1.0,,0.0,e028bcc5-73ee-45f9-924b-d7badbc66caf::roof-flat::flat:1,1.0,,oblique_covered_by_flat
e028bcc5-73ee-45f9-924b-d7badbc66caf,e028bcc5-73ee-45f9-924b-d7badbc66caf::ceiling-raw::1:15:3,1,15,3,46.63,325.45,3.928,0,1.0,,0.0,e028bcc5-73ee-45f9-924b-d7badbc66caf::roof-flat::flat:1,1.0,,oblique_covered_by_flat
e028bcc5-73ee-45f9-924b-d7badbc66caf,e028bcc5-73ee-45f9-924b-d7badbc66caf::ceiling-raw::1:15:4,1,15,4,55.57,324.33,3.091,0,1.0,,0.0,e028bcc5-73ee-45f9-924b-d7badbc66caf::roof-flat::flat:1,1.0,,oblique_covered_by_flat
e028bcc5-73ee-45f9-924b-d7badbc66caf,e028bcc5-73ee-45f9-924b-d7badbc66caf::ceiling-raw::1:15:5,1,15,5,46.58,321.36,3.105,0,1.0,,0.0,e028bcc5-73ee-45f9-924b-d7badbc66caf::roof-flat::flat:1,1.0,,oblique_covered_by_flat
e028bcc5-73ee-45f9-924b-d7badbc66caf,e028bcc5-73ee-45f9-924b-d7badbc66caf::ceiling-raw::1:15:6,1,15,6,55.57,324.33,3.097,0,1.0,,0.0,e028bcc5-73ee-45f9-924b-d7badbc66caf::roof-flat::flat:1,1.0,,oblique_covered_by_flat
e028bcc5-73ee-45f9-924b-d7badbc66caf,e028bcc5-73ee-45f9-924b-d7badbc66caf::ceiling-raw::1:15:7,1,15,7,61.4,319.77,1.719,0.009,1.0,e028bcc5-73ee-45f9-924b-d7badbc66caf::roof-oblique::oblique:2,0.009,e028bcc5-73ee-45f9-924b-d7badbc66caf::roof-flat::flat:1,1.0,0.219,oblique_covered_by_flat
e028bcc5-73ee-45f9-924b-d7badbc66caf,e028bcc5-73ee-45f9-924b-d7badbc66caf::ceiling-raw::1:15:8,1,15,8,85.74,53.64,0.041,1.0,1.0,e028bcc5-73ee-45f9-924b-d7badbc66caf::roof-oblique::oblique:2,1.0,e028bcc5-73ee-45f9-924b-d7badbc66caf::roof-flat::flat:4,1.0,0.085,near_vertical_skip
e0796748-79fd-40ae-be1f-e5977a9fe1e5,e0796748-79fd-40ae-be1f-e5977a9fe1e5::ceiling-raw::0:0:0,0,0,0,0.0,,14.375,0,1.0,,0.0,e0796748-79fd-40ae-be1f-e5977a9fe1e5::roof-flat::flat:11,1.0,,flat_matched
e0796748-79fd-40ae-be1f-e5977a9fe1e5,e0796748-79fd-40ae-be1f-e5977a9fe1e5::ceiling-raw::0:1:0,0,1,0,0.0,,5.825,0,1.0,,0.0,e0796748-79fd-40ae-be1f-e5977a9fe1e5::roof-flat::flat:11,1.0,,flat_matched
e0796748-79fd-40ae-be1f-e5977a9fe1e5,e0796748-79fd-40ae-be1f-e5977a9fe1e5::ceiling-raw::0:2:0,0,2,0,0.0,,7.974,0,1.0,,0.0,e0796748-79fd-40ae-be1f-e5977a9fe1e5::roof-flat::flat:11,1.0,,flat_matched
e0796748-79fd-40ae-be1f-e5977a9fe1e5,e0796748-79fd-40ae-be1f-e5977a9fe1e5::ceiling-raw::0:3:0,0,3,0,0.0,,7.617,0,1.0,,0.0,e0796748-79fd-40ae-be1f-e5977a9fe1e5::roof-flat::flat:11,1.0,,flat_matched
e0796748-79fd-40ae-be1f-e5977a9fe1e5,e0796748-79fd-40ae-be1f-e5977a9fe1e5::ceiling-raw::0:4:0,0,4,0,0.0,,2.436,0,1.0,,0.0,e0796748-79fd-40ae-be1f-e5977a9fe1e5::roof-flat::flat:11,1.0,,flat_matched
e0796748-79fd-40ae-be1f-e5977a9fe1e5,e0796748-79fd-40ae-be1f-e5977a9fe1e5::ceiling-raw::0:5:0,0,5,0,0.0,,6.877,0,1.0,,0.0,e0796748-79fd-40ae-be1f-e5977a9fe1e5::roof-flat::flat:11,1.0,,flat_matched
e0796748-79fd-40ae-be1f-e5977a9fe1e5,e0796748-79fd-40ae-be1f-e5977a9fe1e5::ceiling-raw::0:6:0,0,6,0,0.0,,15.458,0,1.0,,0.0,e0796748-79fd-40ae-be1f-e5977a9fe1e5::roof-flat::flat:11,1.0,,flat_matched
e0796748-79fd-40ae-be1f-e5977a9fe1e5,e0796748-79fd-40ae-be1f-e5977a9fe1e5::ceiling-raw::0:7:0,0,7,0,0.0,,17.41,0,1.0,,0.0,e0796748-79fd-40ae-be1f-e5977a9fe1e5::roof-flat::flat:11,1.0,,flat_matched
e0796748-79fd-40ae-be1f-e5977a9fe1e5,e0796748-79fd-40ae-be1f-e5977a9fe1e5::ceiling-raw::0:8:0,0,8,0,0.0,,5.812,0,1.0,,0.0,e0796748-79fd-40ae-be1f-e5977a9fe1e5::roof-flat::flat:12,1.0,,flat_matched
e0796748-79fd-40ae-be1f-e5977a9fe1e5,e0796748-79fd-40ae-be1f-e5977a9fe1e5::ceiling-raw::0:8:1,0,8,1,0.0,,32.871,0,1.0,,0.0,e0796748-79fd-40ae-be1f-e5977a9fe1e5::roof-flat::flat:12,1.0,,flat_matched
e0796748-79fd-40ae-be1f-e5977a9fe1e5,e0796748-79fd-40ae-be1f-e5977a9fe1e5::ceiling-raw::0:9:0,0,9,0,0.0,,9.512,0,1.0,,0.0,e0796748-79fd-40ae-be1f-e5977a9fe1e5::roof-flat::flat:11,1.0,,flat_matched
e0796748-79fd-40ae-be1f-e5977a9fe1e5,e0796748-79fd-40ae-be1f-e5977a9fe1e5::ceiling-raw::0:10:0,0,10,0,0.0,,0.419,0,1.0,,0.0,e0796748-79fd-40ae-be1f-e5977a9fe1e5::roof-flat::flat:11,1.0,,flat_matched
e0796748-79fd-40ae-be1f-e5977a9fe1e5,e0796748-79fd-40ae-be1f-e5977a9fe1e5::ceiling-raw::0:10:1,0,10,1,32.06,79.34,0.422,0,1.0,,0.0,e0796748-79fd-40ae-be1f-e5977a9fe1e5::roof-flat::flat:9,1.0,,oblique_covered_by_flat
e0796748-79fd-40ae-be1f-e5977a9fe1e5,e0796748-79fd-40ae-be1f-e5977a9fe1e5::ceiling-raw::0:10:3,0,10,3,0.0,,4.166,0,1.0,,0.0,e0796748-79fd-40ae-be1f-e5977a9fe1e5::roof-flat::flat:11,1.0,,flat_matched
e0796748-79fd-40ae-be1f-e5977a9fe1e5,e0796748-79fd-40ae-be1f-e5977a9fe1e5::ceiling-raw::0:10:4,0,10,4,4.67,103.02,3.7,0,1.0,,0.0,e0796748-79fd-40ae-be1f-e5977a9fe1e5::roof-flat::flat:11,1.0,,flat_matched
e0796748-79fd-40ae-be1f-e5977a9fe1e5,e0796748-79fd-40ae-be1f-e5977a9fe1e5::ceiling-raw::0:10:5,0,10,5,14.21,13.01,2.959,0,1.0,,0.0,e0796748-79fd-40ae-be1f-e5977a9fe1e5::roof-flat::flat:11,1.0,,oblique_covered_by_flat
e0796748-79fd-40ae-be1f-e5977a9fe1e5,e0796748-79fd-40ae-be1f-e5977a9fe1e5::ceiling-raw::0:10:6,0,10,6,45.43,193.01,0.738,0,1.0,,0.0,e0796748-79fd-40ae-be1f-e5977a9fe1e5::roof-flat::flat:11,1.0,,oblique_covered_by_flat
e0796748-79fd-40ae-be1f-e5977a9fe1e5,e0796748-79fd-40ae-be1f-e5977a9fe1e5::ceiling-raw::0:11:0,0,11,0,0.0,,3.59,0,1.0,,0.0,e0796748-79fd-40ae-be1f-e5977a9fe1e5::roof-flat::flat:11,1.0,,flat_matched
e496ca55-bafb-4b8b-b3f1-5f6fb5ae8c7e,e496ca55-bafb-4b8b-b3f1-5f6fb5ae8c7e::ceiling-raw::0:2:0,0,2,0,0.0,,13.919,0,1.0,,0.0,e496ca55-bafb-4b8b-b3f1-5f6fb5ae8c7e::roof-flat::flat:6,1.0,,flat_matched
e496ca55-bafb-4b8b-b3f1-5f6fb5ae8c7e,e496ca55-bafb-4b8b-b3f1-5f6fb5ae8c7e::ceiling-raw::0:3:0,0,3,0,0.0,,3.308,0,1.0,,0.0,e496ca55-bafb-4b8b-b3f1-5f6fb5ae8c7e::roof-flat::flat:6,1.0,,flat_matched
e496ca55-bafb-4b8b-b3f1-5f6fb5ae8c7e,e496ca55-bafb-4b8b-b3f1-5f6fb5ae8c7e::ceiling-raw::2:5:0,2,5,0,0.0,,19.01,1.0,1.0,e496ca55-bafb-4b8b-b3f1-5f6fb5ae8c7e::roof-oblique::oblique:0,0.646,e496ca55-bafb-4b8b-b3f1-5f6fb5ae8c7e::roof-flat::flat:7,1.0,0.739,flat_matched
e496ca55-bafb-4b8b-b3f1-5f6fb5ae8c7e,e496ca55-bafb-4b8b-b3f1-5f6fb5ae8c7e::ceiling-raw::2:5:1,2,5,1,40.46,31.76,3.98,1.0,0.95,e496ca55-bafb-4b8b-b3f1-5f6fb5ae8c7e::roof-oblique::oblique:1,1.0,e496ca55-bafb-4b8b-b3f1-5f6fb5ae8c7e::roof-flat::flat:7,0.95,1.0,oblique_matched
e496ca55-bafb-4b8b-b3f1-5f6fb5ae8c7e,e496ca55-bafb-4b8b-b3f1-5f6fb5ae8c7e::ceiling-raw::2:5:2,2,5,2,48.21,258.48,0.783,1.0,1.0,e496ca55-bafb-4b8b-b3f1-5f6fb5ae8c7e::roof-oblique::oblique:0,1.0,e496ca55-bafb-4b8b-b3f1-5f6fb5ae8c7e::roof-flat::flat:7,1.0,0.837,oblique_matched
e496ca55-bafb-4b8b-b3f1-5f6fb5ae8c7e,e496ca55-bafb-4b8b-b3f1-5f6fb5ae8c7e::ceiling-raw::2:7:0,2,7,0,0.0,,22.994,1.0,1.0,e496ca55-bafb-4b8b-b3f1-5f6fb5ae8c7e::roof-oblique::oblique:1,1.0,e496ca55-bafb-4b8b-b3f1-5f6fb5ae8c7e::roof-flat::flat:7,1.0,0.744,flat_matched
e496ca55-bafb-4b8b-b3f1-5f6fb5ae8c7e,e496ca55-bafb-4b8b-b3f1-5f6fb5ae8c7e::ceiling-raw::2:8:0,2,8,0,0.0,,4.222,1.0,1.0,e496ca55-bafb-4b8b-b3f1-5f6fb5ae8c7e::roof-oblique::oblique:0,0.944,e496ca55-bafb-4b8b-b3f1-5f6fb5ae8c7e::roof-flat::flat:7,1.0,0.739,flat_matched
e496ca55-bafb-4b8b-b3f1-5f6fb5ae8c7e,e496ca55-bafb-4b8b-b3f1-5f6fb5ae8c7e::ceiling-raw::2:8:1,2,8,1,41.66,212.07,3.003,1.0,1.0,e496ca55-bafb-4b8b-b3f1-5f6fb5ae8c7e::roof-oblique::oblique:0,1.0,e496ca55-bafb-4b8b-b3f1-5f6fb5ae8c7e::roof-flat::flat:7,1.0,1.0,oblique_matched
e496ca55-bafb-4b8b-b3f1-5f6fb5ae8c7e,e496ca55-bafb-4b8b-b3f1-5f6fb5ae8c7e::ceiling-raw::2:10:0,2,10,0,0.0,,8.283,1.0,1.0,e496ca55-bafb-4b8b-b3f1-5f6fb5ae8c7e::roof-oblique::oblique:0,0.89,e496ca55-bafb-4b8b-b3f1-5f6fb5ae8c7e::roof-flat::flat:7,1.0,0.739,flat_matched
e496ca55-bafb-4b8b-b3f1-5f6fb5ae8c7e,e496ca55-bafb-4b8b-b3f1-5f6fb5ae8c7e::ceiling-raw::2:10:1,2,10,1,43.47,211.25,2.226,0.997,1.0,e496ca55-bafb-4b8b-b3f1-5f6fb5ae8c7e::roof-oblique::oblique:0,0.997,e496ca55-bafb-4b8b-b3f1-5f6fb5ae8c7e::roof-flat::flat:7,1.0,1.0,oblique_matched
e496ca55-bafb-4b8b-b3f1-5f6fb5ae8c7e,e496ca55-bafb-4b8b-b3f1-5f6fb5ae8c7e::ceiling-raw::2:11:0,2,11,0,0.0,,10.397,1.0,1.0,e496ca55-bafb-4b8b-b3f1-5f6fb5ae8c7e::roof-oblique::oblique:1,1.0,e496ca55-bafb-4b8b-b3f1-5f6fb5ae8c7e::roof-flat::flat:7,1.0,0.744,flat_matched
e496ca55-bafb-4b8b-b3f1-5f6fb5ae8c7e,e496ca55-bafb-4b8b-b3f1-5f6fb5ae8c7e::ceiling-raw::2:11:1,2,11,1,0.0,,0.118,1.0,1.0,e496ca55-bafb-4b8b-b3f1-5f6fb5ae8c7e::roof-oblique::oblique:1,1.0,e496ca55-bafb-4b8b-b3f1-5f6fb5ae8c7e::roof-flat::flat:7,1.0,0.744,flat_matched
e496ca55-bafb-4b8b-b3f1-5f6fb5ae8c7e,e496ca55-bafb-4b8b-b3f1-5f6fb5ae8c7e::ceiling-raw::2:11:2,2,11,2,41.6,28.44,0.291,1.0,0.236,e496ca55-bafb-4b8b-b3f1-5f6fb5ae8c7e::roof-oblique::oblique:1,1.0,e496ca55-bafb-4b8b-b3f1-5f6fb5ae8c7e::roof-flat::flat:7,0.236,0.999,oblique_matched
e496ca55-bafb-4b8b-b3f1-5f6fb5ae8c7e,e496ca55-bafb-4b8b-b3f1-5f6fb5ae8c7e::ceiling-raw::2:11:3,2,11,3,42.38,121.65,0.512,1.0,1.0,e496ca55-bafb-4b8b-b3f1-5f6fb5ae8c7e::roof-oblique::oblique:1,1.0,e496ca55-bafb-4b8b-b3f1-5f6fb5ae8c7e::roof-flat::flat:7,1.0,0.551,oblique_wrong_orientation
e496ca55-bafb-4b8b-b3f1-5f6fb5ae8c7e,e496ca55-bafb-4b8b-b3f1-5f6fb5ae8c7e::ceiling-raw::2:11:4,2,11,4,43.56,10.43,1.335,1.0,0.731,e496ca55-bafb-4b8b-b3f1-5f6fb5ae8c7e::roof-oblique::oblique:1,1.0,e496ca55-bafb-4b8b-b3f1-5f6fb5ae8c7e::roof-flat::flat:7,0.731,0.968,oblique_matched
e496ca55-bafb-4b8b-b3f1-5f6fb5ae8c7e,e496ca55-bafb-4b8b-b3f1-5f6fb5ae8c7e::ceiling-raw::2:11:5,2,11,5,45.14,31.65,0.512,1.0,1.0,e496ca55-bafb-4b8b-b3f1-5f6fb5ae8c7e::roof-oblique::oblique:1,1.0,e496ca55-bafb-4b8b-b3f1-5f6fb5ae8c7e::roof-flat::flat:7,1.0,0.998,oblique_matched
e496ca55-bafb-4b8b-b3f1-5f6fb5ae8c7e,e496ca55-bafb-4b8b-b3f1-5f6fb5ae8c7e::ceiling-raw::2:11:6,2,11,6,77.12,30.15,0.826,1.0,0.929,e496ca55-bafb-4b8b-b3f1-5f6fb5ae8c7e::roof-oblique::oblique:1,1.0,e496ca55-bafb-4b8b-b3f1-5f6fb5ae8c7e::roof-flat::flat:7,0.929,0.817,oblique_matched
e496ca55-bafb-4b8b-b3f1-5f6fb5ae8c7e,e496ca55-bafb-4b8b-b3f1-5f6fb5ae8c7e::ceiling-raw::2:11:7,2,11,7,77.38,43.44,0.118,1.0,1.0,e496ca55-bafb-4b8b-b3f1-5f6fb5ae8c7e::roof-oblique::oblique:1,1.0,e496ca55-bafb-4b8b-b3f1-5f6fb5ae8c7e::roof-flat::flat:7,1.0,0.801,oblique_matched
e496ca55-bafb-4b8b-b3f1-5f6fb5ae8c7e,e496ca55-bafb-4b8b-b3f1-5f6fb5ae8c7e::ceiling-raw::1:13:0,1,13,0,0.0,,30.821,0,1.0,,0.0,e496ca55-bafb-4b8b-b3f1-5f6fb5ae8c7e::roof-flat::flat:8,1.0,,flat_matched
e496ca55-bafb-4b8b-b3f1-5f6fb5ae8c7e,e496ca55-bafb-4b8b-b3f1-5f6fb5ae8c7e::ceiling-raw::1:14:0,1,14,0,0.0,,22.293,0,1.0,,0.0,e496ca55-bafb-4b8b-b3f1-5f6fb5ae8c7e::roof-flat::flat:9,1.0,,flat_matched
e496ca55-bafb-4b8b-b3f1-5f6fb5ae8c7e,e496ca55-bafb-4b8b-b3f1-5f6fb5ae8c7e::ceiling-raw::1:17:0,1,17,0,0.0,,34.969,0,1.0,,0.0,e496ca55-bafb-4b8b-b3f1-5f6fb5ae8c7e::roof-flat::flat:9,1.0,,flat_matched
e4fe9821-2270-4d23-bc74-703743b5d282,e4fe9821-2270-4d23-bc74-703743b5d282::ceiling-raw::0:0:0,0,0,0,0.0,,4.435,0,1.0,,0.0,e4fe9821-2270-4d23-bc74-703743b5d282::roof-flat::flat:10,1.0,,flat_matched
e4fe9821-2270-4d23-bc74-703743b5d282,e4fe9821-2270-4d23-bc74-703743b5d282::ceiling-raw::0:1:0,0,1,0,0.0,,13.654,0,1.0,,0.0,e4fe9821-2270-4d23-bc74-703743b5d282::roof-flat::flat:10,1.0,,flat_matched
e4fe9821-2270-4d23-bc74-703743b5d282,e4fe9821-2270-4d23-bc74-703743b5d282::ceiling-raw::0:2:0,0,2,0,0.0,,31.516,0,1.0,,0.0,e4fe9821-2270-4d23-bc74-703743b5d282::roof-flat::flat:10,1.0,,flat_matched
e4fe9821-2270-4d23-bc74-703743b5d282,e4fe9821-2270-4d23-bc74-703743b5d282::ceiling-raw::0:3:0,0,3,0,0.0,,0.656,0,1.0,,0.0,e4fe9821-2270-4d23-bc74-703743b5d282::roof-flat::flat:10,1.0,,flat_matched
e4fe9821-2270-4d23-bc74-703743b5d282,e4fe9821-2270-4d23-bc74-703743b5d282::ceiling-raw::0:3:1,0,3,1,0.0,,35.497,0,1.0,,0.0,e4fe9821-2270-4d23-bc74-703743b5d282::roof-flat::flat:10,1.0,,flat_matched
e4fe9821-2270-4d23-bc74-703743b5d282,e4fe9821-2270-4d23-bc74-703743b5d282::ceiling-raw::0:4:0,0,4,0,0.0,,1.952,0,1.0,,0.0,e4fe9821-2270-4d23-bc74-703743b5d282::roof-flat::flat:10,1.0,,flat_matched
e4fe9821-2270-4d23-bc74-703743b5d282,e4fe9821-2270-4d23-bc74-703743b5d282::ceiling-raw::0:4:1,0,4,1,0.0,,20.405,0,1.0,,0.0,e4fe9821-2270-4d23-bc74-703743b5d282::roof-flat::flat:10,1.0,,flat_matched
e4fe9821-2270-4d23-bc74-703743b5d282,e4fe9821-2270-4d23-bc74-703743b5d282::ceiling-raw::0:5:0,0,5,0,0.0,,13.253,0,1.0,,0.0,e4fe9821-2270-4d23-bc74-703743b5d282::roof-flat::flat:10,1.0,,flat_matched
e4fe9821-2270-4d23-bc74-703743b5d282,e4fe9821-2270-4d23-bc74-703743b5d282::ceiling-raw::0:6:0,0,6,0,0.0,,3.412,0,1.0,,0.0,e4fe9821-2270-4d23-bc74-703743b5d282::roof-flat::flat:10,1.0,,flat_matched
e4fe9821-2270-4d23-bc74-703743b5d282,e4fe9821-2270-4d23-bc74-703743b5d282::ceiling-raw::0:7:0,0,7,0,0.0,,4.95,0,1.0,,0.0,e4fe9821-2270-4d23-bc74-703743b5d282::roof-flat::flat:10,1.0,,flat_matched
e4fe9821-2270-4d23-bc74-703743b5d282,e4fe9821-2270-4d23-bc74-703743b5d282::ceiling-raw::0:9:0,0,9,0,0.0,,1.872,0,1.0,,0.0,e4fe9821-2270-4d23-bc74-703743b5d282::roof-flat::flat:10,1.0,,flat_matched
e4fe9821-2270-4d23-bc74-703743b5d282,e4fe9821-2270-4d23-bc74-703743b5d282::ceiling-raw::0:9:1,0,9,1,0.0,,9.403,0,1.0,,0.0,e4fe9821-2270-4d23-bc74-703743b5d282::roof-flat::flat:10,1.0,,flat_matched
e4fe9821-2270-4d23-bc74-703743b5d282,e4fe9821-2270-4d23-bc74-703743b5d282::ceiling-raw::0:10:0,0,10,0,0.0,,35.585,0,1.0,,0.0,e4fe9821-2270-4d23-bc74-703743b5d282::roof-flat::flat:11,1.0,,flat_matched
e5adc187-70eb-4828-aa90-5fe3c46dfbce,e5adc187-70eb-4828-aa90-5fe3c46dfbce::ceiling-raw::0:4:0,0,4,0,0.0,,4.269,0,1.0,,0.0,e5adc187-70eb-4828-aa90-5fe3c46dfbce::roof-flat::flat:2,1.0,,flat_matched
e5adc187-70eb-4828-aa90-5fe3c46dfbce,e5adc187-70eb-4828-aa90-5fe3c46dfbce::ceiling-raw::1:8:0,1,8,0,0.0,,6.821,1.0,1.0,e5adc187-70eb-4828-aa90-5fe3c46dfbce::roof-oblique::oblique:1,0.501,e5adc187-70eb-4828-aa90-5fe3c46dfbce::roof-flat::flat:3,1.0,0.682,flat_matched
e5adc187-70eb-4828-aa90-5fe3c46dfbce,e5adc187-70eb-4828-aa90-5fe3c46dfbce::ceiling-raw::1:8:1,1,8,1,46.98,217.28,2.795,0.998,1.0,e5adc187-70eb-4828-aa90-5fe3c46dfbce::roof-oblique::oblique:1,0.998,e5adc187-70eb-4828-aa90-5fe3c46dfbce::roof-flat::flat:3,1.0,1.0,oblique_matched
e5adc187-70eb-4828-aa90-5fe3c46dfbce,e5adc187-70eb-4828-aa90-5fe3c46dfbce::ceiling-raw::1:8:2,1,8,2,50.41,37.53,2.477,0.999,1.0,e5adc187-70eb-4828-aa90-5fe3c46dfbce::roof-oblique::oblique:0,0.999,e5adc187-70eb-4828-aa90-5fe3c46dfbce::roof-flat::flat:3,1.0,0.999,oblique_matched
e5adc187-70eb-4828-aa90-5fe3c46dfbce,e5adc187-70eb-4828-aa90-5fe3c46dfbce::ceiling-raw::1:9:0,1,9,0,0.0,,3.798,0.583,1.0,e5adc187-70eb-4828-aa90-5fe3c46dfbce::roof-oblique::oblique:0,0.583,e5adc187-70eb-4828-aa90-5fe3c46dfbce::roof-flat::flat:4,1.0,0.662,flat_matched
e5adc187-70eb-4828-aa90-5fe3c46dfbce,e5adc187-70eb-4828-aa90-5fe3c46dfbce::ceiling-raw::1:9:1,1,9,1,43.76,37.67,1.366,1.0,1.0,e5adc187-70eb-4828-aa90-5fe3c46dfbce::roof-oblique::oblique:0,1.0,e5adc187-70eb-4828-aa90-5fe3c46dfbce::roof-flat::flat:3,1.0,0.996,oblique_matched
e5adc187-70eb-4828-aa90-5fe3c46dfbce,e5adc187-70eb-4828-aa90-5fe3c46dfbce::ceiling-raw::1:9:2,1,9,2,44.05,29.5,0.422,1.0,1.0,e5adc187-70eb-4828-aa90-5fe3c46dfbce::roof-oblique::oblique:0,1.0,e5adc187-70eb-4828-aa90-5fe3c46dfbce::roof-flat::flat:4,1.0,0.992,oblique_matched
e5adc187-70eb-4828-aa90-5fe3c46dfbce,e5adc187-70eb-4828-aa90-5fe3c46dfbce::ceiling-raw::1:9:3,1,9,3,49.91,38.57,1.255,0.999,1.0,e5adc187-70eb-4828-aa90-5fe3c46dfbce::roof-oblique::oblique:0,0.999,e5adc187-70eb-4828-aa90-5fe3c46dfbce::roof-flat::flat:4,1.0,1.0,oblique_matched
e5adc187-70eb-4828-aa90-5fe3c46dfbce,e5adc187-70eb-4828-aa90-5fe3c46dfbce::ceiling-raw::1:10:0,1,10,0,0.0,,10.038,0.121,1.0,e5adc187-70eb-4828-aa90-5fe3c46dfbce::roof-oblique::oblique:2,0.121,e5adc187-70eb-4828-aa90-5fe3c46dfbce::roof-flat::flat:4,1.0,0.727,flat_matched
e5adc187-70eb-4828-aa90-5fe3c46dfbce,e5adc187-70eb-4828-aa90-5fe3c46dfbce::ceiling-raw::1:10:1,1,10,1,43.4,307.76,1.241,1.0,1.0,e5adc187-70eb-4828-aa90-5fe3c46dfbce::roof-oblique::oblique:2,1.0,e5adc187-70eb-4828-aa90-5fe3c46dfbce::roof-flat::flat:4,1.0,1.0,oblique_matched
e5adc187-70eb-4828-aa90-5fe3c46dfbce,e5adc187-70eb-4828-aa90-5fe3c46dfbce::ceiling-raw::1:10:2,1,10,2,47.06,127.67,0.446,0,1.0,,0.0,e5adc187-70eb-4828-aa90-5fe3c46dfbce::roof-flat::flat:4,1.0,,oblique_covered_by_flat
e721a943-1c4f-4bd6-b8a3-f9558de79921,e721a943-1c4f-4bd6-b8a3-f9558de79921::ceiling-raw::0:0:0,0,0,0,0.0,,6.504,0,1.0,,0.0,e721a943-1c4f-4bd6-b8a3-f9558de79921::roof-flat::flat:7,1.0,,flat_matched
e721a943-1c4f-4bd6-b8a3-f9558de79921,e721a943-1c4f-4bd6-b8a3-f9558de79921::ceiling-raw::0:1:0,0,1,0,0.0,,7.371,0,1.0,,0.0,e721a943-1c4f-4bd6-b8a3-f9558de79921::roof-flat::flat:7,1.0,,flat_matched
e721a943-1c4f-4bd6-b8a3-f9558de79921,e721a943-1c4f-4bd6-b8a3-f9558de79921::ceiling-raw::0:2:0,0,2,0,0.0,,3.44,0,1.0,,0.0,e721a943-1c4f-4bd6-b8a3-f9558de79921::roof-flat::flat:7,1.0,,flat_matched
e721a943-1c4f-4bd6-b8a3-f9558de79921,e721a943-1c4f-4bd6-b8a3-f9558de79921::ceiling-raw::0:3:0,0,3,0,0.0,,4.955,0,1.0,,0.0,e721a943-1c4f-4bd6-b8a3-f9558de79921::roof-flat::flat:7,1.0,,flat_matched
e721a943-1c4f-4bd6-b8a3-f9558de79921,e721a943-1c4f-4bd6-b8a3-f9558de79921::ceiling-raw::0:4:0,0,4,0,0.0,,6.522,0.192,1.0,e721a943-1c4f-4bd6-b8a3-f9558de79921::roof-oblique::oblique:0,0.192,e721a943-1c4f-4bd6-b8a3-f9558de79921::roof-flat::flat:7,1.0,0.947,flat_matched
e721a943-1c4f-4bd6-b8a3-f9558de79921,e721a943-1c4f-4bd6-b8a3-f9558de79921::ceiling-raw::0:5:0,0,5,0,0.0,,9.432,0,1.0,,0.0,e721a943-1c4f-4bd6-b8a3-f9558de79921::roof-flat::flat:7,1.0,,flat_matched
e721a943-1c4f-4bd6-b8a3-f9558de79921,e721a943-1c4f-4bd6-b8a3-f9558de79921::ceiling-raw::0:6:0,0,6,0,0.0,,27.291,0,1.0,,0.0,e721a943-1c4f-4bd6-b8a3-f9558de79921::roof-flat::flat:7,1.0,,flat_matched
e721a943-1c4f-4bd6-b8a3-f9558de79921,e721a943-1c4f-4bd6-b8a3-f9558de79921::ceiling-raw::0:7:0,0,7,0,18.75,29.85,6.664,1.0,1.0,e721a943-1c4f-4bd6-b8a3-f9558de79921::roof-oblique::oblique:0,1.0,e721a943-1c4f-4bd6-b8a3-f9558de79921::roof-flat::flat:6,1.0,1.0,oblique_matched
e721a943-1c4f-4bd6-b8a3-f9558de79921,e721a943-1c4f-4bd6-b8a3-f9558de79921::ceiling-raw::0:8:0,0,8,0,0.0,,1.852,0,1.0,,0.0,e721a943-1c4f-4bd6-b8a3-f9558de79921::roof-flat::flat:7,1.0,,flat_matched
e7452ac7-517e-4321-9201-d52bf7f0cae9,e7452ac7-517e-4321-9201-d52bf7f0cae9::ceiling-raw::0:0:0,0,0,0,0.0,,4.574,0.065,1.0,e7452ac7-517e-4321-9201-d52bf7f0cae9::roof-oblique::oblique:0,0.065,e7452ac7-517e-4321-9201-d52bf7f0cae9::roof-flat::flat:10,1.0,0.975,flat_matched
e7452ac7-517e-4321-9201-d52bf7f0cae9,e7452ac7-517e-4321-9201-d52bf7f0cae9::ceiling-raw::0:1:0,0,1,0,0.0,,12.42,0.057,1.0,e7452ac7-517e-4321-9201-d52bf7f0cae9::roof-oblique::oblique:0,0.057,e7452ac7-517e-4321-9201-d52bf7f0cae9::roof-flat::flat:10,1.0,0.975,flat_matched
e7452ac7-517e-4321-9201-d52bf7f0cae9,e7452ac7-517e-4321-9201-d52bf7f0cae9::ceiling-raw::0:1:1,0,1,1,0.0,,0.743,0.385,1.0,e7452ac7-517e-4321-9201-d52bf7f0cae9::roof-oblique::oblique:0,0.385,e7452ac7-517e-4321-9201-d52bf7f0cae9::roof-flat::flat:10,1.0,0.975,flat_matched
e7452ac7-517e-4321-9201-d52bf7f0cae9,e7452ac7-517e-4321-9201-d52bf7f0cae9::ceiling-raw::0:2:0,0,2,0,0.0,,7.408,0.004,1.0,e7452ac7-517e-4321-9201-d52bf7f0cae9::roof-oblique::oblique:0,0.004,e7452ac7-517e-4321-9201-d52bf7f0cae9::roof-flat::flat:10,1.0,0.975,flat_matched
e7452ac7-517e-4321-9201-d52bf7f0cae9,e7452ac7-517e-4321-9201-d52bf7f0cae9::ceiling-raw::0:3:0,0,3,0,0.0,,11.616,0.134,1.0,e7452ac7-517e-4321-9201-d52bf7f0cae9::roof-oblique::oblique:0,0.134,e7452ac7-517e-4321-9201-d52bf7f0cae9::roof-flat::flat:10,1.0,0.975,flat_matched
e7452ac7-517e-4321-9201-d52bf7f0cae9,e7452ac7-517e-4321-9201-d52bf7f0cae9::ceiling-raw::0:4:0,0,4,0,0.0,,17.394,0.081,1.0,e7452ac7-517e-4321-9201-d52bf7f0cae9::roof-oblique::oblique:0,0.081,e7452ac7-517e-4321-9201-d52bf7f0cae9::roof-flat::flat:10,1.0,0.975,flat_matched
e7452ac7-517e-4321-9201-d52bf7f0cae9,e7452ac7-517e-4321-9201-d52bf7f0cae9::ceiling-raw::0:5:0,0,5,0,0.0,,1.433,1.0,1.0,e7452ac7-517e-4321-9201-d52bf7f0cae9::roof-oblique::oblique:0,1.0,e7452ac7-517e-4321-9201-d52bf7f0cae9::roof-flat::flat:10,1.0,0.975,flat_matched
e7452ac7-517e-4321-9201-d52bf7f0cae9,e7452ac7-517e-4321-9201-d52bf7f0cae9::ceiling-raw::0:5:1,0,5,1,0.87,318.73,1.689,1.0,1.0,e7452ac7-517e-4321-9201-d52bf7f0cae9::roof-oblique::oblique:0,1.0,e7452ac7-517e-4321-9201-d52bf7f0cae9::roof-flat::flat:10,1.0,0.975,flat_matched
e7452ac7-517e-4321-9201-d52bf7f0cae9,e7452ac7-517e-4321-9201-d52bf7f0cae9::ceiling-raw::0:5:2,0,5,2,8.73,234.21,1.685,1.0,1.0,e7452ac7-517e-4321-9201-d52bf7f0cae9::roof-oblique::oblique:0,1.0,e7452ac7-517e-4321-9201-d52bf7f0cae9::roof-flat::flat:10,1.0,0.997,oblique_matched
e7452ac7-517e-4321-9201-d52bf7f0cae9,e7452ac7-517e-4321-9201-d52bf7f0cae9::ceiling-raw::0:5:3,0,5,3,8.75,228.57,1.691,0.999,1.0,e7452ac7-517e-4321-9201-d52bf7f0cae9::roof-oblique::oblique:0,0.999,e7452ac7-517e-4321-9201-d52bf7f0cae9::roof-flat::flat:10,1.0,0.997,oblique_matched
e7452ac7-517e-4321-9201-d52bf7f0cae9,e7452ac7-517e-4321-9201-d52bf7f0cae9::ceiling-raw::0:5:4,0,5,4,14.01,229.14,19.663,1.0,1.0,e7452ac7-517e-4321-9201-d52bf7f0cae9::roof-oblique::oblique:0,1.0,e7452ac7-517e-4321-9201-d52bf7f0cae9::roof-flat::flat:10,1.0,1.0,oblique_matched
e7452ac7-517e-4321-9201-d52bf7f0cae9,e7452ac7-517e-4321-9201-d52bf7f0cae9::ceiling-raw::0:6:0,0,6,0,0.0,,11.05,0.108,1.0,e7452ac7-517e-4321-9201-d52bf7f0cae9::roof-oblique::oblique:0,0.108,e7452ac7-517e-4321-9201-d52bf7f0cae9::roof-flat::flat:10,1.0,0.975,flat_matched
e7452ac7-517e-4321-9201-d52bf7f0cae9,e7452ac7-517e-4321-9201-d52bf7f0cae9::ceiling-raw::0:7:0,0,7,0,0.0,,10.564,0,1.0,,0.0,e7452ac7-517e-4321-9201-d52bf7f0cae9::roof-flat::flat:10,1.0,,flat_matched
e7452ac7-517e-4321-9201-d52bf7f0cae9,e7452ac7-517e-4321-9201-d52bf7f0cae9::ceiling-raw::0:8:0,0,8,0,0.0,,4.116,0,1.0,,0.0,e7452ac7-517e-4321-9201-d52bf7f0cae9::roof-flat::flat:10,1.0,,flat_matched
e7452ac7-517e-4321-9201-d52bf7f0cae9,e7452ac7-517e-4321-9201-d52bf7f0cae9::ceiling-raw::0:9:0,0,9,0,0.0,,9.532,0.053,1.0,e7452ac7-517e-4321-9201-d52bf7f0cae9::roof-oblique::oblique:0,0.053,e7452ac7-517e-4321-9201-d52bf7f0cae9::roof-flat::flat:10,1.0,0.975,flat_matched
e7452ac7-517e-4321-9201-d52bf7f0cae9,e7452ac7-517e-4321-9201-d52bf7f0cae9::ceiling-raw::0:10:0,0,10,0,0.0,,0.981,0,1.0,,0.0,e7452ac7-517e-4321-9201-d52bf7f0cae9::roof-flat::flat:10,1.0,,flat_matched
e7452ac7-517e-4321-9201-d52bf7f0cae9,e7452ac7-517e-4321-9201-d52bf7f0cae9::ceiling-raw::0:10:1,0,10,1,0.0,,5.947,0.045,1.0,e7452ac7-517e-4321-9201-d52bf7f0cae9::roof-oblique::oblique:0,0.045,e7452ac7-517e-4321-9201-d52bf7f0cae9::roof-flat::flat:10,1.0,0.975,flat_matched
e7452ac7-517e-4321-9201-d52bf7f0cae9,e7452ac7-517e-4321-9201-d52bf7f0cae9::ceiling-raw::0:11:0,0,11,0,0.78,138.59,2.246,1.0,1.0,e7452ac7-517e-4321-9201-d52bf7f0cae9::roof-oblique::oblique:0,1.0,e7452ac7-517e-4321-9201-d52bf7f0cae9::roof-flat::flat:10,1.0,0.975,flat_matched
e7452ac7-517e-4321-9201-d52bf7f0cae9,e7452ac7-517e-4321-9201-d52bf7f0cae9::ceiling-raw::0:11:1,0,11,1,8.13,48.6,2.079,1.0,1.0,e7452ac7-517e-4321-9201-d52bf7f0cae9::roof-oblique::oblique:0,1.0,e7452ac7-517e-4321-9201-d52bf7f0cae9::roof-flat::flat:10,1.0,0.934,oblique_matched
e7452ac7-517e-4321-9201-d52bf7f0cae9,e7452ac7-517e-4321-9201-d52bf7f0cae9::ceiling-raw::0:11:2,0,11,2,13.71,227.23,23.697,1.0,1.0,e7452ac7-517e-4321-9201-d52bf7f0cae9::roof-oblique::oblique:0,1.0,e7452ac7-517e-4321-9201-d52bf7f0cae9::roof-flat::flat:10,1.0,1.0,oblique_matched
e93694c4-b9a9-4184-ab47-4d0d0a8504b2,e93694c4-b9a9-4184-ab47-4d0d0a8504b2::ceiling-raw::0:0:0,0,0,0,0.0,,3.266,0.512,1.0,e93694c4-b9a9-4184-ab47-4d0d0a8504b2::roof-oblique::oblique:0,0.512,e93694c4-b9a9-4184-ab47-4d0d0a8504b2::roof-flat::flat:6,1.0,0.967,flat_matched
e93694c4-b9a9-4184-ab47-4d0d0a8504b2,e93694c4-b9a9-4184-ab47-4d0d0a8504b2::ceiling-raw::0:0:1,0,0,1,14.74,344.52,3.447,1.0,1.0,e93694c4-b9a9-4184-ab47-4d0d0a8504b2::roof-oblique::oblique:0,1.0,e93694c4-b9a9-4184-ab47-4d0d0a8504b2::roof-flat::flat:6,1.0,1.0,oblique_matched
e93694c4-b9a9-4184-ab47-4d0d0a8504b2,e93694c4-b9a9-4184-ab47-4d0d0a8504b2::ceiling-raw::0:1:0,0,1,0,0.0,,9.219,0,1.0,,0.0,e93694c4-b9a9-4184-ab47-4d0d0a8504b2::roof-flat::flat:6,1.0,,flat_matched
e93694c4-b9a9-4184-ab47-4d0d0a8504b2,e93694c4-b9a9-4184-ab47-4d0d0a8504b2::ceiling-raw::0:2:0,0,2,0,0.0,,1.792,0,1.0,,0.0,e93694c4-b9a9-4184-ab47-4d0d0a8504b2::roof-flat::flat:6,1.0,,flat_matched
e93694c4-b9a9-4184-ab47-4d0d0a8504b2,e93694c4-b9a9-4184-ab47-4d0d0a8504b2::ceiling-raw::0:3:0,0,3,0,0.0,,5.001,0.023,1.0,e93694c4-b9a9-4184-ab47-4d0d0a8504b2::roof-oblique::oblique:0,0.023,e93694c4-b9a9-4184-ab47-4d0d0a8504b2::roof-flat::flat:6,1.0,0.967,flat_matched
e93694c4-b9a9-4184-ab47-4d0d0a8504b2,e93694c4-b9a9-4184-ab47-4d0d0a8504b2::ceiling-raw::0:4:0,0,4,0,0.0,,32.512,0,1.0,,0.0,e93694c4-b9a9-4184-ab47-4d0d0a8504b2::roof-flat::flat:6,1.0,,flat_matched
e93694c4-b9a9-4184-ab47-4d0d0a8504b2,e93694c4-b9a9-4184-ab47-4d0d0a8504b2::ceiling-raw::0:4:1,0,4,1,0.0,,2.603,0,1.0,,0.0,e93694c4-b9a9-4184-ab47-4d0d0a8504b2::roof-flat::flat:6,1.0,,flat_matched
e93694c4-b9a9-4184-ab47-4d0d0a8504b2,e93694c4-b9a9-4184-ab47-4d0d0a8504b2::ceiling-raw::0:5:0,0,5,0,0.0,,3.265,0,1.0,,0.0,e93694c4-b9a9-4184-ab47-4d0d0a8504b2::roof-flat::flat:6,1.0,,flat_matched
e93694c4-b9a9-4184-ab47-4d0d0a8504b2,e93694c4-b9a9-4184-ab47-4d0d0a8504b2::ceiling-raw::0:6:0,0,6,0,0.0,,5.676,0,1.0,,0.0,e93694c4-b9a9-4184-ab47-4d0d0a8504b2::roof-flat::flat:6,1.0,,flat_matched
e9a5d5e2-17c8-4879-89f2-f6a3af5cfd38,e9a5d5e2-17c8-4879-89f2-f6a3af5cfd38::ceiling-raw::0:0:0,0,0,0,0.0,,10.579,0,1.0,,0.0,e9a5d5e2-17c8-4879-89f2-f6a3af5cfd38::roof-flat::flat:7,1.0,,flat_matched
e9a5d5e2-17c8-4879-89f2-f6a3af5cfd38,e9a5d5e2-17c8-4879-89f2-f6a3af5cfd38::ceiling-raw::0:1:0,0,1,0,0.0,,4.772,0,1.0,,0.0,e9a5d5e2-17c8-4879-89f2-f6a3af5cfd38::roof-flat::flat:7,1.0,,flat_matched
e9a5d5e2-17c8-4879-89f2-f6a3af5cfd38,e9a5d5e2-17c8-4879-89f2-f6a3af5cfd38::ceiling-raw::0:2:0,0,2,0,0.0,,10.112,0,1.0,,0.0,e9a5d5e2-17c8-4879-89f2-f6a3af5cfd38::roof-flat::flat:7,1.0,,flat_matched
e9a5d5e2-17c8-4879-89f2-f6a3af5cfd38,e9a5d5e2-17c8-4879-89f2-f6a3af5cfd38::ceiling-raw::0:3:0,0,3,0,0.0,,26.364,0,1.0,,0.0,e9a5d5e2-17c8-4879-89f2-f6a3af5cfd38::roof-flat::flat:7,1.0,,flat_matched
e9a5d5e2-17c8-4879-89f2-f6a3af5cfd38,e9a5d5e2-17c8-4879-89f2-f6a3af5cfd38::ceiling-raw::0:4:0,0,4,0,0.0,,5.558,0,1.0,,0.0,e9a5d5e2-17c8-4879-89f2-f6a3af5cfd38::roof-flat::flat:7,1.0,,flat_matched
e9a5d5e2-17c8-4879-89f2-f6a3af5cfd38,e9a5d5e2-17c8-4879-89f2-f6a3af5cfd38::ceiling-raw::0:5:0,0,5,0,0.0,,7.664,0,1.0,,0.0,e9a5d5e2-17c8-4879-89f2-f6a3af5cfd38::roof-flat::flat:7,1.0,,flat_matched
e9a5d5e2-17c8-4879-89f2-f6a3af5cfd38,e9a5d5e2-17c8-4879-89f2-f6a3af5cfd38::ceiling-raw::0:6:0,0,6,0,0.0,,7.5,0,1.0,,0.0,e9a5d5e2-17c8-4879-89f2-f6a3af5cfd38::roof-flat::flat:7,1.0,,flat_matched
e9a5d5e2-17c8-4879-89f2-f6a3af5cfd38,e9a5d5e2-17c8-4879-89f2-f6a3af5cfd38::ceiling-raw::0:7:0,0,7,0,0.0,,7.679,0,1.0,,0.0,e9a5d5e2-17c8-4879-89f2-f6a3af5cfd38::roof-flat::flat:7,1.0,,flat_matched
e9dddee6-297a-43f5-b862-90091889ea39,e9dddee6-297a-43f5-b862-90091889ea39::ceiling-raw::0:0:0,0,0,0,1.1,61.51,17.901,0,1.0,,0.0,e9dddee6-297a-43f5-b862-90091889ea39::roof-flat::flat:5,1.0,,flat_matched
e9dddee6-297a-43f5-b862-90091889ea39,e9dddee6-297a-43f5-b862-90091889ea39::ceiling-raw::0:1:0,0,1,0,0.0,,6.791,0,1.0,,0.0,e9dddee6-297a-43f5-b862-90091889ea39::roof-flat::flat:5,1.0,,flat_matched
e9dddee6-297a-43f5-b862-90091889ea39,e9dddee6-297a-43f5-b862-90091889ea39::ceiling-raw::0:2:0,0,2,0,0.0,,5.502,0,1.0,,0.0,e9dddee6-297a-43f5-b862-90091889ea39::roof-flat::flat:5,1.0,,flat_matched
e9dddee6-297a-43f5-b862-90091889ea39,e9dddee6-297a-43f5-b862-90091889ea39::ceiling-raw::0:2:1,0,2,1,5.42,145.59,2.378,0,1.0,,0.0,e9dddee6-297a-43f5-b862-90091889ea39::roof-flat::flat:5,1.0,,oblique_covered_by_flat
e9dddee6-297a-43f5-b862-90091889ea39,e9dddee6-297a-43f5-b862-90091889ea39::ceiling-raw::0:2:2,0,2,2,18.1,235.59,0.645,0,1.0,,0.0,e9dddee6-297a-43f5-b862-90091889ea39::roof-flat::flat:5,1.0,,oblique_covered_by_flat
e9dddee6-297a-43f5-b862-90091889ea39,e9dddee6-297a-43f5-b862-90091889ea39::ceiling-raw::1:6:0,1,6,0,0.0,,11.653,0,1.0,,0.0,e9dddee6-297a-43f5-b862-90091889ea39::roof-flat::flat:7,1.0,,flat_matched
e9dddee6-297a-43f5-b862-90091889ea39,e9dddee6-297a-43f5-b862-90091889ea39::ceiling-raw::1:6:1,1,6,1,16.91,52.2,0.264,0,1.0,,0.0,e9dddee6-297a-43f5-b862-90091889ea39::roof-flat::flat:7,1.0,,oblique_covered_by_flat
e9dddee6-297a-43f5-b862-90091889ea39,e9dddee6-297a-43f5-b862-90091889ea39::ceiling-raw::1:6:2,1,6,2,17.52,322.2,0.264,0,1.0,,0.0,e9dddee6-297a-43f5-b862-90091889ea39::roof-flat::flat:7,1.0,,oblique_covered_by_flat
e9dddee6-297a-43f5-b862-90091889ea39,e9dddee6-297a-43f5-b862-90091889ea39::ceiling-raw::1:7:0,1,7,0,0.0,,4.406,0,1.0,,0.0,e9dddee6-297a-43f5-b862-90091889ea39::roof-flat::flat:8,1.0,,flat_matched
e9dddee6-297a-43f5-b862-90091889ea39,e9dddee6-297a-43f5-b862-90091889ea39::ceiling-raw::2:9:0,2,9,0,0.0,,2.709,1.0,0,e9dddee6-297a-43f5-b862-90091889ea39::roof-oblique::oblique:0,1.0,,0.0,0.711,flat_covered_by_oblique
e9dddee6-297a-43f5-b862-90091889ea39,e9dddee6-297a-43f5-b862-90091889ea39::ceiling-raw::2:9:1,2,9,1,44.53,52.98,2.572,1.0,0,e9dddee6-297a-43f5-b862-90091889ea39::roof-oblique::oblique:0,1.0,,0.0,1.0,oblique_matched
e9dddee6-297a-43f5-b862-90091889ea39,e9dddee6-297a-43f5-b862-90091889ea39::ceiling-raw::2:10:0,2,10,0,0.0,,6.954,1.0,0,e9dddee6-297a-43f5-b862-90091889ea39::roof-oblique::oblique:0,1.0,,0.0,0.711,flat_covered_by_oblique
e9dddee6-297a-43f5-b862-90091889ea39,e9dddee6-297a-43f5-b862-90091889ea39::ceiling-raw::2:10:1,2,10,1,45.54,52.59,5.852,0.999,0,e9dddee6-297a-43f5-b862-90091889ea39::roof-oblique::oblique:0,0.999,,0.0,1.0,oblique_matched
e9dddee6-297a-43f5-b862-90091889ea39,e9dddee6-297a-43f5-b862-90091889ea39::ceiling-raw::2:11:0,2,11,0,0.0,,4.791,1.0,0,e9dddee6-297a-43f5-b862-90091889ea39::roof-oblique::oblique:1,1.0,,0.0,0.706,flat_covered_by_oblique
e9dddee6-297a-43f5-b862-90091889ea39,e9dddee6-297a-43f5-b862-90091889ea39::ceiling-raw::2:11:1,2,11,1,0.0,,0.947,1.0,0,e9dddee6-297a-43f5-b862-90091889ea39::roof-oblique::oblique:1,1.0,,0.0,0.706,flat_covered_by_oblique
e9dddee6-297a-43f5-b862-90091889ea39,e9dddee6-297a-43f5-b862-90091889ea39::ceiling-raw::2:11:2,2,11,2,13.93,231.98,3.734,1.0,0,e9dddee6-297a-43f5-b862-90091889ea39::roof-oblique::oblique:1,1.0,,0.0,0.856,oblique_matched
e9dddee6-297a-43f5-b862-90091889ea39,e9dddee6-297a-43f5-b862-90091889ea39::ceiling-raw::2:11:3,2,11,3,53.44,272.38,0.608,1.0,0,e9dddee6-297a-43f5-b862-90091889ea39::roof-oblique::oblique:1,1.0,,0.0,0.86,oblique_matched
e9dddee6-297a-43f5-b862-90091889ea39,e9dddee6-297a-43f5-b862-90091889ea39::ceiling-raw::2:11:4,2,11,4,62.46,173.22,0.339,1.0,0,e9dddee6-297a-43f5-b862-90091889ea39::roof-oblique::oblique:1,1.0,,0.0,0.642,oblique_wrong_orientation
e9dddee6-297a-43f5-b862-90091889ea39,e9dddee6-297a-43f5-b862-90091889ea39::ceiling-raw::2:12:0,2,12,0,0.0,,4.759,1.0,0,e9dddee6-297a-43f5-b862-90091889ea39::roof-oblique::oblique:0,0.694,,0.0,0.711,flat_covered_by_oblique
e9dddee6-297a-43f5-b862-90091889ea39,e9dddee6-297a-43f5-b862-90091889ea39::ceiling-raw::2:12:1,2,12,1,44.46,55.1,1.846,1.0,0,e9dddee6-297a-43f5-b862-90091889ea39::roof-oblique::oblique:0,1.0,,0.0,1.0,oblique_matched
e9f0631f-ae34-4d30-af21-d3369327755f,e9f0631f-ae34-4d30-af21-d3369327755f::ceiling-raw::0:0:0,0,0,0,0.0,,7.464,0.059,1.0,e9f0631f-ae34-4d30-af21-d3369327755f::roof-oblique::oblique:0,0.059,e9f0631f-ae34-4d30-af21-d3369327755f::roof-flat::flat:8,1.0,0.981,flat_matched
e9f0631f-ae34-4d30-af21-d3369327755f,e9f0631f-ae34-4d30-af21-d3369327755f::ceiling-raw::0:5:0,0,5,0,0.0,,3.904,0,1.0,,0.0,e9f0631f-ae34-4d30-af21-d3369327755f::roof-flat::flat:9,1.0,,flat_matched
e9f0631f-ae34-4d30-af21-d3369327755f,e9f0631f-ae34-4d30-af21-d3369327755f::ceiling-raw::0:6:0,0,6,0,0.0,,3.37,0,1.0,,0.0,e9f0631f-ae34-4d30-af21-d3369327755f::roof-flat::flat:8,1.0,,flat_matched
e9f0631f-ae34-4d30-af21-d3369327755f,e9f0631f-ae34-4d30-af21-d3369327755f::ceiling-raw::0:6:1,0,6,1,1.28,66.1,0.215,1.0,1.0,e9f0631f-ae34-4d30-af21-d3369327755f::roof-oblique::oblique:0,1.0,e9f0631f-ae34-4d30-af21-d3369327755f::roof-flat::flat:2,1.0,0.981,flat_matched
e9f0631f-ae34-4d30-af21-d3369327755f,e9f0631f-ae34-4d30-af21-d3369327755f::ceiling-raw::0:6:2,0,6,2,2.74,66.1,0.428,1.0,1.0,e9f0631f-ae34-4d30-af21-d3369327755f::roof-oblique::oblique:0,1.0,e9f0631f-ae34-4d30-af21-d3369327755f::roof-flat::flat:2,1.0,0.98,flat_matched
e9f0631f-ae34-4d30-af21-d3369327755f,e9f0631f-ae34-4d30-af21-d3369327755f::ceiling-raw::0:6:3,0,6,3,11.01,335.82,6.793,0,1.0,,0.0,e9f0631f-ae34-4d30-af21-d3369327755f::roof-flat::flat:8,1.0,,oblique_covered_by_flat
e9f0631f-ae34-4d30-af21-d3369327755f,e9f0631f-ae34-4d30-af21-d3369327755f::ceiling-raw::0:6:4,0,6,4,10.78,156.09,0.817,1.0,1.0,e9f0631f-ae34-4d30-af21-d3369327755f::roof-oblique::oblique:0,1.0,e9f0631f-ae34-4d30-af21-d3369327755f::roof-flat::flat:8,1.0,1.0,oblique_matched
e9f0631f-ae34-4d30-af21-d3369327755f,e9f0631f-ae34-4d30-af21-d3369327755f::ceiling-raw::0:6:5,0,6,5,10.83,336.09,0.215,1.0,1.0,e9f0631f-ae34-4d30-af21-d3369327755f::roof-oblique::oblique:0,1.0,e9f0631f-ae34-4d30-af21-d3369327755f::roof-flat::flat:2,1.0,0.927,oblique_matched
e9f0631f-ae34-4d30-af21-d3369327755f,e9f0631f-ae34-4d30-af21-d3369327755f::ceiling-raw::0:6:6,0,6,6,10.91,342.77,0.349,0.941,1.0,e9f0631f-ae34-4d30-af21-d3369327755f::roof-oblique::oblique:0,0.941,e9f0631f-ae34-4d30-af21-d3369327755f::roof-flat::flat:2,1.0,0.927,oblique_matched
e9f0631f-ae34-4d30-af21-d3369327755f,e9f0631f-ae34-4d30-af21-d3369327755f::ceiling-raw::0:6:7,0,6,7,11.62,156.09,0.428,1.0,1.0,e9f0631f-ae34-4d30-af21-d3369327755f::roof-oblique::oblique:0,1.0,e9f0631f-ae34-4d30-af21-d3369327755f::roof-flat::flat:2,1.0,1.0,oblique_matched
e9f0631f-ae34-4d30-af21-d3369327755f,e9f0631f-ae34-4d30-af21-d3369327755f::ceiling-raw::0:6:8,0,6,8,12.94,150.07,3.866,0.999,1.0,e9f0631f-ae34-4d30-af21-d3369327755f::roof-oblique::oblique:0,0.999,e9f0631f-ae34-4d30-af21-d3369327755f::roof-flat::flat:8,1.0,0.999,oblique_matched
e9f0631f-ae34-4d30-af21-d3369327755f,e9f0631f-ae34-4d30-af21-d3369327755f::ceiling-raw::0:6:9,0,6,9,15.66,20.55,0.879,0,1.0,,0.0,e9f0631f-ae34-4d30-af21-d3369327755f::roof-flat::flat:8,1.0,,oblique_covered_by_flat
e9f0631f-ae34-4d30-af21-d3369327755f,e9f0631f-ae34-4d30-af21-d3369327755f::ceiling-raw::0:6:10,0,6,10,16.37,187.24,0.817,1.0,1.0,e9f0631f-ae34-4d30-af21-d3369327755f::roof-oblique::oblique:0,1.0,e9f0631f-ae34-4d30-af21-d3369327755f::roof-flat::flat:8,1.0,0.988,oblique_matched
e9f0631f-ae34-4d30-af21-d3369327755f,e9f0631f-ae34-4d30-af21-d3369327755f::ceiling-raw::0:6:11,0,6,11,18.7,335.16,0.349,0.574,1.0,e9f0631f-ae34-4d30-af21-d3369327755f::roof-oblique::oblique:0,0.574,e9f0631f-ae34-4d30-af21-d3369327755f::roof-flat::flat:2,1.0,0.867,oblique_matched
e9f0631f-ae34-4d30-af21-d3369327755f,e9f0631f-ae34-4d30-af21-d3369327755f::ceiling-raw::1:12:0,1,12,0,0.0,,6.881,0.592,1.0,e9f0631f-ae34-4d30-af21-d3369327755f::roof-oblique::oblique:1,0.592,e9f0631f-ae34-4d30-af21-d3369327755f::roof-flat::flat:11,1.0,0.71,flat_matched
e9f0631f-ae34-4d30-af21-d3369327755f,e9f0631f-ae34-4d30-af21-d3369327755f::ceiling-raw::1:12:1,1,12,1,42.65,66.32,2.191,0.52,1.0,e9f0631f-ae34-4d30-af21-d3369327755f::roof-oblique::oblique:1,0.52,e9f0631f-ae34-4d30-af21-d3369327755f::roof-flat::flat:11,1.0,0.528,oblique_wrong_orientation
e9f0631f-ae34-4d30-af21-d3369327755f,e9f0631f-ae34-4d30-af21-d3369327755f::ceiling-raw::1:13:0,1,13,0,0.0,318.88,5.496,0,1.0,,0.0,e9f0631f-ae34-4d30-af21-d3369327755f::roof-flat::flat:12,1.0,,flat_matched
e9f0631f-ae34-4d30-af21-d3369327755f,e9f0631f-ae34-4d30-af21-d3369327755f::ceiling-raw::1:13:1,1,13,1,45.92,335.24,7.029,0,1.0,,0.0,e9f0631f-ae34-4d30-af21-d3369327755f::roof-flat::flat:12,1.0,,oblique_covered_by_flat
e9f0631f-ae34-4d30-af21-d3369327755f,e9f0631f-ae34-4d30-af21-d3369327755f::ceiling-raw::1:14:0,1,14,0,0.0,,12.661,0,1.0,,0.0,e9f0631f-ae34-4d30-af21-d3369327755f::roof-flat::flat:12,1.0,,flat_matched
e9f0631f-ae34-4d30-af21-d3369327755f,e9f0631f-ae34-4d30-af21-d3369327755f::ceiling-raw::1:14:1,1,14,1,45.7,155.15,7.04,0,1.0,,0.0,e9f0631f-ae34-4d30-af21-d3369327755f::roof-flat::flat:12,1.0,,oblique_covered_by_flat
e9f0631f-ae34-4d30-af21-d3369327755f,e9f0631f-ae34-4d30-af21-d3369327755f::ceiling-raw::1:16:0,1,16,0,0.0,,5.969,0.003,1.0,e9f0631f-ae34-4d30-af21-d3369327755f::roof-oblique::oblique:1,0.003,e9f0631f-ae34-4d30-af21-d3369327755f::roof-flat::flat:12,1.0,0.71,flat_matched
e9f0631f-ae34-4d30-af21-d3369327755f,e9f0631f-ae34-4d30-af21-d3369327755f::ceiling-raw::1:16:1,1,16,1,15.01,96.82,2.207,0.015,1.0,e9f0631f-ae34-4d30-af21-d3369327755f::roof-oblique::oblique:1,0.015,e9f0631f-ae34-4d30-af21-d3369327755f::roof-flat::flat:6,1.0,0.78,oblique_covered_by_flat
e9f0631f-ae34-4d30-af21-d3369327755f,e9f0631f-ae34-4d30-af21-d3369327755f::ceiling-raw::1:16:2,1,16,2,41.06,157.12,1.293,0.255,1.0,e9f0631f-ae34-4d30-af21-d3369327755f::roof-oblique::oblique:1,0.255,e9f0631f-ae34-4d30-af21-d3369327755f::roof-flat::flat:12,1.0,0.998,oblique_covered_by_flat
e9f0631f-ae34-4d30-af21-d3369327755f,e9f0631f-ae34-4d30-af21-d3369327755f::ceiling-raw::1:16:3,1,16,3,46.26,155.58,1.293,0.043,1.0,e9f0631f-ae34-4d30-af21-d3369327755f::roof-oblique::oblique:1,0.043,e9f0631f-ae34-4d30-af21-d3369327755f::roof-flat::flat:12,1.0,1.0,oblique_covered_by_flat
e9f0631f-ae34-4d30-af21-d3369327755f,e9f0631f-ae34-4d30-af21-d3369327755f::ceiling-raw::1:16:4,1,16,4,46.26,156.19,1.825,0,1.0,,0.0,e9f0631f-ae34-4d30-af21-d3369327755f::roof-flat::flat:6,1.0,,oblique_covered_by_flat
e9f0631f-ae34-4d30-af21-d3369327755f,e9f0631f-ae34-4d30-af21-d3369327755f::ceiling-raw::1:17:0,1,17,0,0.0,,0.92,1.0,1.0,e9f0631f-ae34-4d30-af21-d3369327755f::roof-oblique::oblique:2,1.0,e9f0631f-ae34-4d30-af21-d3369327755f::roof-flat::flat:12,1.0,0.717,flat_matched
e9f0631f-ae34-4d30-af21-d3369327755f,e9f0631f-ae34-4d30-af21-d3369327755f::ceiling-raw::1:17:1,1,17,1,8.6,155.58,7.006,1.0,1.0,e9f0631f-ae34-4d30-af21-d3369327755f::roof-oblique::oblique:2,1.0,e9f0631f-ae34-4d30-af21-d3369327755f::roof-flat::flat:14,1.0,0.709,oblique_wrong_orientation
e9f0631f-ae34-4d30-af21-d3369327755f,e9f0631f-ae34-4d30-af21-d3369327755f::ceiling-raw::1:17:2,1,17,2,43.46,245.22,5.29,0.999,1.0,e9f0631f-ae34-4d30-af21-d3369327755f::roof-oblique::oblique:2,0.999,e9f0631f-ae34-4d30-af21-d3369327755f::roof-flat::flat:12,1.0,0.04,oblique_wrong_orientation
e9f0631f-ae34-4d30-af21-d3369327755f,e9f0631f-ae34-4d30-af21-d3369327755f::ceiling-raw::1:17:3,1,17,3,43.26,74.83,2.112,1.0,1.0,e9f0631f-ae34-4d30-af21-d3369327755f::roof-oblique::oblique:2,1.0,e9f0631f-ae34-4d30-af21-d3369327755f::roof-flat::flat:15,1.0,0.994,oblique_matched
e9f0631f-ae34-4d30-af21-d3369327755f,e9f0631f-ae34-4d30-af21-d3369327755f::ceiling-raw::1:17:4,1,17,4,55.25,65.58,2.766,1.0,1.0,e9f0631f-ae34-4d30-af21-d3369327755f::roof-oblique::oblique:2,1.0,e9f0631f-ae34-4d30-af21-d3369327755f::roof-flat::flat:15,1.0,0.982,oblique_matched
e9f0631f-ae34-4d30-af21-d3369327755f,e9f0631f-ae34-4d30-af21-d3369327755f::ceiling-raw::1:18:0,1,18,0,0.0,,0.29,1.0,1.0,e9f0631f-ae34-4d30-af21-d3369327755f::roof-oblique::oblique:2,1.0,e9f0631f-ae34-4d30-af21-d3369327755f::roof-flat::flat:12,1.0,0.717,flat_matched
e9f0631f-ae34-4d30-af21-d3369327755f,e9f0631f-ae34-4d30-af21-d3369327755f::ceiling-raw::1:18:1,1,18,1,0.0,,2.511,1.0,1.0,e9f0631f-ae34-4d30-af21-d3369327755f::roof-oblique::oblique:2,1.0,e9f0631f-ae34-4d30-af21-d3369327755f::roof-flat::flat:7,1.0,0.717,flat_matched
e9f0631f-ae34-4d30-af21-d3369327755f,e9f0631f-ae34-4d30-af21-d3369327755f::ceiling-raw::1:18:2,1,18,2,3.21,155.56,0.196,1.0,1.0,e9f0631f-ae34-4d30-af21-d3369327755f::roof-oblique::oblique:2,1.0,e9f0631f-ae34-4d30-af21-d3369327755f::roof-flat::flat:14,1.0,0.715,flat_matched
e9f0631f-ae34-4d30-af21-d3369327755f,e9f0631f-ae34-4d30-af21-d3369327755f::ceiling-raw::1:18:3,1,18,3,39.98,335.58,3.028,1.0,1.0,e9f0631f-ae34-4d30-af21-d3369327755f::roof-oblique::oblique:2,1.0,e9f0631f-ae34-4d30-af21-d3369327755f::roof-flat::flat:7,1.0,0.549,oblique_wrong_orientation
e9f0631f-ae34-4d30-af21-d3369327755f,e9f0631f-ae34-4d30-af21-d3369327755f::ceiling-raw::1:18:4,1,18,4,41.2,245.58,3.028,1.0,1.0,e9f0631f-ae34-4d30-af21-d3369327755f::roof-oblique::oblique:2,1.0,e9f0631f-ae34-4d30-af21-d3369327755f::roof-flat::flat:7,1.0,0.08,oblique_wrong_orientation
e9f0631f-ae34-4d30-af21-d3369327755f,e9f0631f-ae34-4d30-af21-d3369327755f::ceiling-raw::1:18:5,1,18,5,44.17,67.79,3.973,1.0,1.0,e9f0631f-ae34-4d30-af21-d3369327755f::roof-oblique::oblique:2,1.0,e9f0631f-ae34-4d30-af21-d3369327755f::roof-flat::flat:14,1.0,1.0,oblique_matched
e9f0631f-ae34-4d30-af21-d3369327755f,e9f0631f-ae34-4d30-af21-d3369327755f::ceiling-raw::1:18:6,1,18,6,45.25,72.31,0.196,1.0,1.0,e9f0631f-ae34-4d30-af21-d3369327755f::roof-oblique::oblique:2,1.0,e9f0631f-ae34-4d30-af21-d3369327755f::roof-flat::flat:14,1.0,0.996,oblique_matched
e9f0631f-ae34-4d30-af21-d3369327755f,e9f0631f-ae34-4d30-af21-d3369327755f::ceiling-raw::1:18:7,1,18,7,83.78,60.34,0.29,1.0,1.0,e9f0631f-ae34-4d30-af21-d3369327755f::roof-oblique::oblique:2,1.0,e9f0631f-ae34-4d30-af21-d3369327755f::roof-flat::flat:7,1.0,0.768,near_vertical_skip
e9f0631f-ae34-4d30-af21-d3369327755f,e9f0631f-ae34-4d30-af21-d3369327755f::ceiling-raw::1:19:0,1,19,0,0.0,,0.461,1.0,1.0,e9f0631f-ae34-4d30-af21-d3369327755f::roof-oblique::oblique:2,1.0,e9f0631f-ae34-4d30-af21-d3369327755f::roof-flat::flat:12,1.0,0.717,flat_matched
e9f0631f-ae34-4d30-af21-d3369327755f,e9f0631f-ae34-4d30-af21-d3369327755f::ceiling-raw::1:19:1,1,19,1,8.06,348.42,7.35,1.0,1.0,e9f0631f-ae34-4d30-af21-d3369327755f::roof-oblique::oblique:2,1.0,e9f0631f-ae34-4d30-af21-d3369327755f::roof-flat::flat:14,1.0,0.731,oblique_wrong_orientation
e9f0631f-ae34-4d30-af21-d3369327755f,e9f0631f-ae34-4d30-af21-d3369327755f::ceiling-raw::1:19:2,1,19,2,11.63,285.25,1.048,1.0,1.0,e9f0631f-ae34-4d30-af21-d3369327755f::roof-oblique::oblique:2,1.0,e9f0631f-ae34-4d30-af21-d3369327755f::roof-flat::flat:14,1.0,0.594,oblique_wrong_orientation
e9f0631f-ae34-4d30-af21-d3369327755f,e9f0631f-ae34-4d30-af21-d3369327755f::ceiling-raw::1:19:3,1,19,3,43.02,58.2,2.355,1.0,1.0,e9f0631f-ae34-4d30-af21-d3369327755f::roof-oblique::oblique:2,1.0,e9f0631f-ae34-4d30-af21-d3369327755f::roof-flat::flat:15,1.0,0.996,oblique_matched
e9f0631f-ae34-4d30-af21-d3369327755f,e9f0631f-ae34-4d30-af21-d3369327755f::ceiling-raw::1:19:4,1,19,4,44.36,245.58,1.904,1.0,1.0,e9f0631f-ae34-4d30-af21-d3369327755f::roof-oblique::oblique:2,1.0,e9f0631f-ae34-4d30-af21-d3369327755f::roof-flat::flat:15,1.0,0.025,oblique_wrong_orientation
e9f0631f-ae34-4d30-af21-d3369327755f,e9f0631f-ae34-4d30-af21-d3369327755f::ceiling-raw::1:19:5,1,19,5,53.8,65.58,2.355,1.0,1.0,e9f0631f-ae34-4d30-af21-d3369327755f::roof-oblique::oblique:2,1.0,e9f0631f-ae34-4d30-af21-d3369327755f::roof-flat::flat:15,1.0,0.986,oblique_matched
e9f0631f-ae34-4d30-af21-d3369327755f,e9f0631f-ae34-4d30-af21-d3369327755f::ceiling-raw::1:19:6,1,19,6,55.45,248.22,2.524,1.0,1.0,e9f0631f-ae34-4d30-af21-d3369327755f::roof-oblique::oblique:2,1.0,e9f0631f-ae34-4d30-af21-d3369327755f::roof-flat::flat:14,1.0,0.167,oblique_wrong_orientation
ebd94f02-abc2-476d-8bf9-9bdfbc2a58dd,ebd94f02-abc2-476d-8bf9-9bdfbc2a58dd::ceiling-raw::1:4:0,1,4,0,0.0,,29.438,0,1.0,,0.0,ebd94f02-abc2-476d-8bf9-9bdfbc2a58dd::roof-flat::flat:7,1.0,,flat_matched
ebd94f02-abc2-476d-8bf9-9bdfbc2a58dd,ebd94f02-abc2-476d-8bf9-9bdfbc2a58dd::ceiling-raw::1:5:0,1,5,0,0.0,,55.691,0,1.0,,0.0,ebd94f02-abc2-476d-8bf9-9bdfbc2a58dd::roof-flat::flat:7,1.0,,flat_matched
ebd94f02-abc2-476d-8bf9-9bdfbc2a58dd,ebd94f02-abc2-476d-8bf9-9bdfbc2a58dd::ceiling-raw::1:6:0,1,6,0,0.0,,1.589,0,1.0,,0.0,ebd94f02-abc2-476d-8bf9-9bdfbc2a58dd::roof-flat::flat:7,1.0,,flat_matched
ebd94f02-abc2-476d-8bf9-9bdfbc2a58dd,ebd94f02-abc2-476d-8bf9-9bdfbc2a58dd::ceiling-raw::1:7:0,1,7,0,0.0,,16.499,0,1.0,,0.0,ebd94f02-abc2-476d-8bf9-9bdfbc2a58dd::roof-flat::flat:7,1.0,,flat_matched
ebd94f02-abc2-476d-8bf9-9bdfbc2a58dd,ebd94f02-abc2-476d-8bf9-9bdfbc2a58dd::ceiling-raw::1:8:0,1,8,0,0.0,,3.811,0,1.0,,0.0,ebd94f02-abc2-476d-8bf9-9bdfbc2a58dd::roof-flat::flat:7,1.0,,flat_matched
ebd94f02-abc2-476d-8bf9-9bdfbc2a58dd,ebd94f02-abc2-476d-8bf9-9bdfbc2a58dd::ceiling-raw::1:9:0,1,9,0,0.0,,3.967,0,1.0,,0.0,ebd94f02-abc2-476d-8bf9-9bdfbc2a58dd::roof-flat::flat:7,1.0,,flat_matched
ebd94f02-abc2-476d-8bf9-9bdfbc2a58dd,ebd94f02-abc2-476d-8bf9-9bdfbc2a58dd::ceiling-raw::1:10:0,1,10,0,0.0,,8.259,0,1.0,,0.0,ebd94f02-abc2-476d-8bf9-9bdfbc2a58dd::roof-flat::flat:7,1.0,,flat_matched
ebd94f02-abc2-476d-8bf9-9bdfbc2a58dd,ebd94f02-abc2-476d-8bf9-9bdfbc2a58dd::ceiling-raw::1:11:0,1,11,0,0.0,,14.224,0,1.0,,0.0,ebd94f02-abc2-476d-8bf9-9bdfbc2a58dd::roof-flat::flat:7,1.0,,flat_matched
ebd94f02-abc2-476d-8bf9-9bdfbc2a58dd,ebd94f02-abc2-476d-8bf9-9bdfbc2a58dd::ceiling-raw::1:12:0,1,12,0,0.0,,6.379,0,1.0,,0.0,ebd94f02-abc2-476d-8bf9-9bdfbc2a58dd::roof-flat::flat:7,1.0,,flat_matched
ebded652-9e37-4267-992a-8b575c9e1016,ebded652-9e37-4267-992a-8b575c9e1016::ceiling-raw::0:0:0,0,0,0,0.0,,8.568,0,1.0,,0.0,ebded652-9e37-4267-992a-8b575c9e1016::roof-flat::flat:7,1.0,,flat_matched
ebded652-9e37-4267-992a-8b575c9e1016,ebded652-9e37-4267-992a-8b575c9e1016::ceiling-raw::0:1:0,0,1,0,0.0,,17.714,0,1.0,,0.0,ebded652-9e37-4267-992a-8b575c9e1016::roof-flat::flat:7,1.0,,flat_matched
ebded652-9e37-4267-992a-8b575c9e1016,ebded652-9e37-4267-992a-8b575c9e1016::ceiling-raw::0:2:0,0,2,0,0.0,,41.103,0,1.0,,0.0,ebded652-9e37-4267-992a-8b575c9e1016::roof-flat::flat:7,1.0,,flat_matched
ebded652-9e37-4267-992a-8b575c9e1016,ebded652-9e37-4267-992a-8b575c9e1016::ceiling-raw::0:3:0,0,3,0,0.0,,7.22,0,1.0,,0.0,ebded652-9e37-4267-992a-8b575c9e1016::roof-flat::flat:7,1.0,,flat_matched
ebded652-9e37-4267-992a-8b575c9e1016,ebded652-9e37-4267-992a-8b575c9e1016::ceiling-raw::0:4:0,0,4,0,0.0,,9.929,0,1.0,,0.0,ebded652-9e37-4267-992a-8b575c9e1016::roof-flat::flat:7,1.0,,flat_matched
ebded652-9e37-4267-992a-8b575c9e1016,ebded652-9e37-4267-992a-8b575c9e1016::ceiling-raw::0:5:0,0,5,0,0.0,,12.892,0,1.0,,0.0,ebded652-9e37-4267-992a-8b575c9e1016::roof-flat::flat:8,1.0,,flat_matched
ebded652-9e37-4267-992a-8b575c9e1016,ebded652-9e37-4267-992a-8b575c9e1016::ceiling-raw::0:6:0,0,6,0,0.0,,2.375,0,1.0,,0.0,ebded652-9e37-4267-992a-8b575c9e1016::roof-flat::flat:8,1.0,,flat_matched
ebded652-9e37-4267-992a-8b575c9e1016,ebded652-9e37-4267-992a-8b575c9e1016::ceiling-raw::0:7:0,0,7,0,0.0,,11.987,0,1.0,,0.0,ebded652-9e37-4267-992a-8b575c9e1016::roof-flat::flat:7,1.0,,flat_matched
ebded652-9e37-4267-992a-8b575c9e1016,ebded652-9e37-4267-992a-8b575c9e1016::ceiling-raw::0:8:0,0,8,0,0.0,,6.456,0,1.0,,0.0,ebded652-9e37-4267-992a-8b575c9e1016::roof-flat::flat:8,1.0,,flat_matched
ed5231c3-375e-426e-b341-62f6d2b0b3f5,ed5231c3-375e-426e-b341-62f6d2b0b3f5::ceiling-raw::0:0:0,0,0,0,0.0,,3.808,0,1.0,,0.0,ed5231c3-375e-426e-b341-62f6d2b0b3f5::roof-flat::flat:7,1.0,,flat_matched
ed5231c3-375e-426e-b341-62f6d2b0b3f5,ed5231c3-375e-426e-b341-62f6d2b0b3f5::ceiling-raw::0:1:0,0,1,0,14.71,224.34,0.393,1.0,1.0,ed5231c3-375e-426e-b341-62f6d2b0b3f5::roof-oblique::oblique:0,1.0,ed5231c3-375e-426e-b341-62f6d2b0b3f5::roof-flat::flat:1,1.0,0.98,oblique_matched
ed5231c3-375e-426e-b341-62f6d2b0b3f5,ed5231c3-375e-426e-b341-62f6d2b0b3f5::ceiling-raw::0:1:1,0,1,1,16.2,328.89,0.334,1.0,1.0,ed5231c3-375e-426e-b341-62f6d2b0b3f5::roof-oblique::oblique:0,1.0,ed5231c3-375e-426e-b341-62f6d2b0b3f5::roof-flat::flat:1,1.0,0.973,oblique_matched
ed5231c3-375e-426e-b341-62f6d2b0b3f5,ed5231c3-375e-426e-b341-62f6d2b0b3f5::ceiling-raw::0:1:2,0,1,2,18.09,274.36,0.727,1.0,1.0,ed5231c3-375e-426e-b341-62f6d2b0b3f5::roof-oblique::oblique:0,1.0,ed5231c3-375e-426e-b341-62f6d2b0b3f5::roof-flat::flat:1,1.0,0.995,oblique_matched
ed5231c3-375e-426e-b341-62f6d2b0b3f5,ed5231c3-375e-426e-b341-62f6d2b0b3f5::ceiling-raw::0:1:3,0,1,3,11.64,271.47,7.125,0.996,1.0,ed5231c3-375e-426e-b341-62f6d2b0b3f5::roof-oblique::oblique:0,0.996,ed5231c3-375e-426e-b341-62f6d2b0b3f5::roof-flat::flat:1,0.996,1.0,oblique_matched
ed5231c3-375e-426e-b341-62f6d2b0b3f5,ed5231c3-375e-426e-b341-62f6d2b0b3f5::ceiling-raw::0:1:4,0,1,4,14.57,339.91,0.663,1.0,1.0,ed5231c3-375e-426e-b341-62f6d2b0b3f5::roof-oblique::oblique:0,1.0,ed5231c3-375e-426e-b341-62f6d2b0b3f5::roof-flat::flat:1,1.0,0.968,oblique_matched
ed5231c3-375e-426e-b341-62f6d2b0b3f5,ed5231c3-375e-426e-b341-62f6d2b0b3f5::ceiling-raw::0:1:5,0,1,5,15.69,274.36,4.975,1.0,1.0,ed5231c3-375e-426e-b341-62f6d2b0b3f5::roof-oblique::oblique:0,1.0,ed5231c3-375e-426e-b341-62f6d2b0b3f5::roof-flat::flat:1,1.0,0.998,oblique_matched
ed5231c3-375e-426e-b341-62f6d2b0b3f5,ed5231c3-375e-426e-b341-62f6d2b0b3f5::ceiling-raw::0:1:6,0,1,6,19.06,238.76,0.78,1.0,1.0,ed5231c3-375e-426e-b341-62f6d2b0b3f5::roof-oblique::oblique:0,1.0,ed5231c3-375e-426e-b341-62f6d2b0b3f5::roof-flat::flat:1,1.0,0.98,oblique_matched
ed5231c3-375e-426e-b341-62f6d2b0b3f5,ed5231c3-375e-426e-b341-62f6d2b0b3f5::ceiling-raw::0:2:0,0,2,0,0.0,,8.633,0,1.0,,0.0,ed5231c3-375e-426e-b341-62f6d2b0b3f5::roof-flat::flat:7,1.0,,flat_matched
ed5231c3-375e-426e-b341-62f6d2b0b3f5,ed5231c3-375e-426e-b341-62f6d2b0b3f5::ceiling-raw::0:3:0,0,3,0,0.0,,7.974,0,1.0,,0.0,ed5231c3-375e-426e-b341-62f6d2b0b3f5::roof-flat::flat:7,1.0,,flat_matched
ed5231c3-375e-426e-b341-62f6d2b0b3f5,ed5231c3-375e-426e-b341-62f6d2b0b3f5::ceiling-raw::0:4:0,0,4,0,0.0,,9.849,0.141,1.0,ed5231c3-375e-426e-b341-62f6d2b0b3f5::roof-oblique::oblique:0,0.141,ed5231c3-375e-426e-b341-62f6d2b0b3f5::roof-flat::flat:7,1.0,0.978,flat_matched
ed5231c3-375e-426e-b341-62f6d2b0b3f5,ed5231c3-375e-426e-b341-62f6d2b0b3f5::ceiling-raw::0:5:0,0,5,0,0.0,,44.824,0.015,1.0,ed5231c3-375e-426e-b341-62f6d2b0b3f5::roof-oblique::oblique:0,0.015,ed5231c3-375e-426e-b341-62f6d2b0b3f5::roof-flat::flat:7,1.0,0.978,flat_matched
ed5231c3-375e-426e-b341-62f6d2b0b3f5,ed5231c3-375e-426e-b341-62f6d2b0b3f5::ceiling-raw::0:6:0,0,6,0,0.0,,16.193,0,1.0,,0.0,ed5231c3-375e-426e-b341-62f6d2b0b3f5::roof-flat::flat:8,1.0,,flat_matched
ed646d77-0d2b-4d72-b20d-be6aac6aa669,ed646d77-0d2b-4d72-b20d-be6aac6aa669::ceiling-raw::0:1:0,0,1,0,0.0,,10.336,0,1.0,,0.0,ed646d77-0d2b-4d72-b20d-be6aac6aa669::roof-flat::flat:11,1.0,,flat_matched
ed646d77-0d2b-4d72-b20d-be6aac6aa669,ed646d77-0d2b-4d72-b20d-be6aac6aa669::ceiling-raw::1:3:0,1,3,0,0.0,,9.088,0,1.0,,0.0,ed646d77-0d2b-4d72-b20d-be6aac6aa669::roof-flat::flat:13,1.0,,flat_matched
ed646d77-0d2b-4d72-b20d-be6aac6aa669,ed646d77-0d2b-4d72-b20d-be6aac6aa669::ceiling-raw::1:4:0,1,4,0,0.0,,5.731,0,1.0,,0.0,ed646d77-0d2b-4d72-b20d-be6aac6aa669::roof-flat::flat:13,1.0,,flat_matched
ed646d77-0d2b-4d72-b20d-be6aac6aa669,ed646d77-0d2b-4d72-b20d-be6aac6aa669::ceiling-raw::1:5:0,1,5,0,0.0,,11.024,0,1.0,,0.0,ed646d77-0d2b-4d72-b20d-be6aac6aa669::roof-flat::flat:13,1.0,,flat_matched
ed646d77-0d2b-4d72-b20d-be6aac6aa669,ed646d77-0d2b-4d72-b20d-be6aac6aa669::ceiling-raw::1:6:0,1,6,0,0.0,,38.366,0,1.0,,0.0,ed646d77-0d2b-4d72-b20d-be6aac6aa669::roof-flat::flat:13,1.0,,flat_matched
ed646d77-0d2b-4d72-b20d-be6aac6aa669,ed646d77-0d2b-4d72-b20d-be6aac6aa669::ceiling-raw::1:7:0,1,7,0,0.0,,26.853,0,1.0,,0.0,ed646d77-0d2b-4d72-b20d-be6aac6aa669::roof-flat::flat:13,1.0,,flat_matched
ed646d77-0d2b-4d72-b20d-be6aac6aa669,ed646d77-0d2b-4d72-b20d-be6aac6aa669::ceiling-raw::1:8:0,1,8,0,0.0,,9.189,0,1.0,,0.0,ed646d77-0d2b-4d72-b20d-be6aac6aa669::roof-flat::flat:13,1.0,,flat_matched
ed646d77-0d2b-4d72-b20d-be6aac6aa669,ed646d77-0d2b-4d72-b20d-be6aac6aa669::ceiling-raw::1:9:0,1,9,0,0.0,,16.141,0,1.0,,0.0,ed646d77-0d2b-4d72-b20d-be6aac6aa669::roof-flat::flat:13,1.0,,flat_matched
ed646d77-0d2b-4d72-b20d-be6aac6aa669,ed646d77-0d2b-4d72-b20d-be6aac6aa669::ceiling-raw::1:10:0,1,10,0,0.0,,10.089,0,1.0,,0.0,ed646d77-0d2b-4d72-b20d-be6aac6aa669::roof-flat::flat:13,1.0,,flat_matched
ed646d77-0d2b-4d72-b20d-be6aac6aa669,ed646d77-0d2b-4d72-b20d-be6aac6aa669::ceiling-raw::1:11:0,1,11,0,0.0,,8.968,0,1.0,,0.0,ed646d77-0d2b-4d72-b20d-be6aac6aa669::roof-flat::flat:13,1.0,,flat_matched
ed646d77-0d2b-4d72-b20d-be6aac6aa669,ed646d77-0d2b-4d72-b20d-be6aac6aa669::ceiling-raw::1:12:0,1,12,0,0.0,,8.098,0,1.0,,0.0,ed646d77-0d2b-4d72-b20d-be6aac6aa669::roof-flat::flat:13,1.0,,flat_matched
ed646d77-0d2b-4d72-b20d-be6aac6aa669,ed646d77-0d2b-4d72-b20d-be6aac6aa669::ceiling-raw::1:13:0,1,13,0,0.0,,36.195,0,1.0,,0.0,ed646d77-0d2b-4d72-b20d-be6aac6aa669::roof-flat::flat:13,1.0,,flat_matched
ed89b2f2-38dd-455f-a3df-13d92cdc1f8b,ed89b2f2-38dd-455f-a3df-13d92cdc1f8b::ceiling-raw::0:0:0,0,0,0,0.0,,7.252,0,1.0,,0.0,ed89b2f2-38dd-455f-a3df-13d92cdc1f8b::roof-flat::flat:6,1.0,,flat_matched
ed89b2f2-38dd-455f-a3df-13d92cdc1f8b,ed89b2f2-38dd-455f-a3df-13d92cdc1f8b::ceiling-raw::0:1:0,0,1,0,0.0,,19.478,0,1.0,,0.0,ed89b2f2-38dd-455f-a3df-13d92cdc1f8b::roof-flat::flat:7,1.0,,flat_matched
ed89b2f2-38dd-455f-a3df-13d92cdc1f8b,ed89b2f2-38dd-455f-a3df-13d92cdc1f8b::ceiling-raw::0:2:0,0,2,0,0.0,,4.396,0,1.0,,0.0,ed89b2f2-38dd-455f-a3df-13d92cdc1f8b::roof-flat::flat:7,1.0,,flat_matched
ed89b2f2-38dd-455f-a3df-13d92cdc1f8b,ed89b2f2-38dd-455f-a3df-13d92cdc1f8b::ceiling-raw::0:2:1,0,2,1,0.0,,1.032,0,1.0,,0.0,ed89b2f2-38dd-455f-a3df-13d92cdc1f8b::roof-flat::flat:7,1.0,,flat_matched
ed89b2f2-38dd-455f-a3df-13d92cdc1f8b,ed89b2f2-38dd-455f-a3df-13d92cdc1f8b::ceiling-raw::0:3:0,0,3,0,0.0,,7.428,0,1.0,,0.0,ed89b2f2-38dd-455f-a3df-13d92cdc1f8b::roof-flat::flat:7,1.0,,flat_matched
ed89b2f2-38dd-455f-a3df-13d92cdc1f8b,ed89b2f2-38dd-455f-a3df-13d92cdc1f8b::ceiling-raw::0:4:0,0,4,0,0.0,,10.214,0,1.0,,0.0,ed89b2f2-38dd-455f-a3df-13d92cdc1f8b::roof-flat::flat:7,1.0,,flat_matched
ed89b2f2-38dd-455f-a3df-13d92cdc1f8b,ed89b2f2-38dd-455f-a3df-13d92cdc1f8b::ceiling-raw::0:5:0,0,5,0,0.0,,11.364,0,1.0,,0.0,ed89b2f2-38dd-455f-a3df-13d92cdc1f8b::roof-flat::flat:7,1.0,,flat_matched
ed89b2f2-38dd-455f-a3df-13d92cdc1f8b,ed89b2f2-38dd-455f-a3df-13d92cdc1f8b::ceiling-raw::0:6:0,0,6,0,0.0,,29.869,0,1.0,,0.0,ed89b2f2-38dd-455f-a3df-13d92cdc1f8b::roof-flat::flat:7,1.0,,flat_matched
eda4954e-036f-4e74-817f-23ce2d309aa3,eda4954e-036f-4e74-817f-23ce2d309aa3::ceiling-raw::0:0:0,0,0,0,0.0,,6.134,0,1.0,,0.0,eda4954e-036f-4e74-817f-23ce2d309aa3::roof-flat::flat:6,1.0,,flat_matched
eda4954e-036f-4e74-817f-23ce2d309aa3,eda4954e-036f-4e74-817f-23ce2d309aa3::ceiling-raw::0:1:0,0,1,0,0.0,,7.821,0,1.0,,0.0,eda4954e-036f-4e74-817f-23ce2d309aa3::roof-flat::flat:6,1.0,,flat_matched
eda4954e-036f-4e74-817f-23ce2d309aa3,eda4954e-036f-4e74-817f-23ce2d309aa3::ceiling-raw::0:3:0,0,3,0,0.0,,10.726,0,1.0,,0.0,eda4954e-036f-4e74-817f-23ce2d309aa3::roof-flat::flat:6,1.0,,flat_matched
eda4954e-036f-4e74-817f-23ce2d309aa3,eda4954e-036f-4e74-817f-23ce2d309aa3::ceiling-raw::0:4:0,0,4,0,0.0,,22.942,0,1.0,,0.0,eda4954e-036f-4e74-817f-23ce2d309aa3::roof-flat::flat:6,1.0,,flat_matched
eda4954e-036f-4e74-817f-23ce2d309aa3,eda4954e-036f-4e74-817f-23ce2d309aa3::ceiling-raw::0:5:0,0,5,0,0.0,,23.832,0,1.0,,0.0,eda4954e-036f-4e74-817f-23ce2d309aa3::roof-flat::flat:6,1.0,,flat_matched
eda4954e-036f-4e74-817f-23ce2d309aa3,eda4954e-036f-4e74-817f-23ce2d309aa3::ceiling-raw::0:5:1,0,5,1,0.0,,4.512,0,1.0,,0.0,eda4954e-036f-4e74-817f-23ce2d309aa3::roof-flat::flat:6,1.0,,flat_matched
ef522d94-2279-4b9e-bd8f-90bb37043910,ef522d94-2279-4b9e-bd8f-90bb37043910::ceiling-raw::0:0:0,0,0,0,0.0,,5.362,0,1.0,,0.0,ef522d94-2279-4b9e-bd8f-90bb37043910::roof-flat::flat:7,1.0,,flat_matched
ef522d94-2279-4b9e-bd8f-90bb37043910,ef522d94-2279-4b9e-bd8f-90bb37043910::ceiling-raw::0:1:0,0,1,0,0.0,,12.949,0,1.0,,0.0,ef522d94-2279-4b9e-bd8f-90bb37043910::roof-flat::flat:7,1.0,,flat_matched
ef522d94-2279-4b9e-bd8f-90bb37043910,ef522d94-2279-4b9e-bd8f-90bb37043910::ceiling-raw::0:2:0,0,2,0,0.0,,5.283,0,1.0,,0.0,ef522d94-2279-4b9e-bd8f-90bb37043910::roof-flat::flat:7,1.0,,flat_matched
ef522d94-2279-4b9e-bd8f-90bb37043910,ef522d94-2279-4b9e-bd8f-90bb37043910::ceiling-raw::0:3:0,0,3,0,0.0,,8.427,0,1.0,,0.0,ef522d94-2279-4b9e-bd8f-90bb37043910::roof-flat::flat:7,1.0,,flat_matched
ef522d94-2279-4b9e-bd8f-90bb37043910,ef522d94-2279-4b9e-bd8f-90bb37043910::ceiling-raw::0:4:0,0,4,0,0.0,,11.121,0,1.0,,0.0,ef522d94-2279-4b9e-bd8f-90bb37043910::roof-flat::flat:3,1.0,,flat_matched
ef522d94-2279-4b9e-bd8f-90bb37043910,ef522d94-2279-4b9e-bd8f-90bb37043910::ceiling-raw::0:5:0,0,5,0,0.0,,8.043,0,1.0,,0.0,ef522d94-2279-4b9e-bd8f-90bb37043910::roof-flat::flat:7,1.0,,flat_matched
ef522d94-2279-4b9e-bd8f-90bb37043910,ef522d94-2279-4b9e-bd8f-90bb37043910::ceiling-raw::0:6:0,0,6,0,0.0,,6.274,0,1.0,,0.0,ef522d94-2279-4b9e-bd8f-90bb37043910::roof-flat::flat:7,1.0,,flat_matched
ef522d94-2279-4b9e-bd8f-90bb37043910,ef522d94-2279-4b9e-bd8f-90bb37043910::ceiling-raw::0:7:0,0,7,0,0.0,,1.813,0,1.0,,0.0,ef522d94-2279-4b9e-bd8f-90bb37043910::roof-flat::flat:7,1.0,,flat_matched
ef522d94-2279-4b9e-bd8f-90bb37043910,ef522d94-2279-4b9e-bd8f-90bb37043910::ceiling-raw::0:8:0,0,8,0,0.0,,6.482,0,1.0,,0.0,ef522d94-2279-4b9e-bd8f-90bb37043910::roof-flat::flat:7,1.0,,flat_matched
ef522d94-2279-4b9e-bd8f-90bb37043910,ef522d94-2279-4b9e-bd8f-90bb37043910::ceiling-raw::0:9:0,0,9,0,0.0,,44.922,0,1.0,,0.0,ef522d94-2279-4b9e-bd8f-90bb37043910::roof-flat::flat:7,1.0,,flat_matched
f16973df-10b9-4369-9f0d-dd295a34d970,f16973df-10b9-4369-9f0d-dd295a34d970::ceiling-raw::0:0:0,0,0,0,0.0,,7.47,0,1.0,,0.0,f16973df-10b9-4369-9f0d-dd295a34d970::roof-flat::flat:10,1.0,,flat_matched
f16973df-10b9-4369-9f0d-dd295a34d970,f16973df-10b9-4369-9f0d-dd295a34d970::ceiling-raw::0:1:0,0,1,0,0.0,,10.623,0,1.0,,0.0,f16973df-10b9-4369-9f0d-dd295a34d970::roof-flat::flat:10,1.0,,flat_matched
f16973df-10b9-4369-9f0d-dd295a34d970,f16973df-10b9-4369-9f0d-dd295a34d970::ceiling-raw::0:2:0,0,2,0,0.0,,3.448,0,1.0,,0.0,f16973df-10b9-4369-9f0d-dd295a34d970::roof-flat::flat:10,1.0,,flat_matched
f16973df-10b9-4369-9f0d-dd295a34d970,f16973df-10b9-4369-9f0d-dd295a34d970::ceiling-raw::0:3:0,0,3,0,0.0,,35.949,0,1.0,,0.0,f16973df-10b9-4369-9f0d-dd295a34d970::roof-flat::flat:10,1.0,,flat_matched
f16973df-10b9-4369-9f0d-dd295a34d970,f16973df-10b9-4369-9f0d-dd295a34d970::ceiling-raw::0:4:0,0,4,0,0.0,,4.232,0,1.0,,0.0,f16973df-10b9-4369-9f0d-dd295a34d970::roof-flat::flat:10,1.0,,flat_matched
f16973df-10b9-4369-9f0d-dd295a34d970,f16973df-10b9-4369-9f0d-dd295a34d970::ceiling-raw::0:5:0,0,5,0,0.0,,7.955,0,1.0,,0.0,f16973df-10b9-4369-9f0d-dd295a34d970::roof-flat::flat:10,1.0,,flat_matched
f16973df-10b9-4369-9f0d-dd295a34d970,f16973df-10b9-4369-9f0d-dd295a34d970::ceiling-raw::0:6:0,0,6,0,0.0,,9.957,0,1.0,,0.0,f16973df-10b9-4369-9f0d-dd295a34d970::roof-flat::flat:10,1.0,,flat_matched
f16973df-10b9-4369-9f0d-dd295a34d970,f16973df-10b9-4369-9f0d-dd295a34d970::ceiling-raw::0:7:0,0,7,0,0.0,,8.249,0,1.0,,0.0,f16973df-10b9-4369-9f0d-dd295a34d970::roof-flat::flat:10,1.0,,flat_matched
f16973df-10b9-4369-9f0d-dd295a34d970,f16973df-10b9-4369-9f0d-dd295a34d970::ceiling-raw::0:8:0,0,8,0,0.0,,5.609,0,1.0,,0.0,f16973df-10b9-4369-9f0d-dd295a34d970::roof-flat::flat:10,1.0,,flat_matched
f16973df-10b9-4369-9f0d-dd295a34d970,f16973df-10b9-4369-9f0d-dd295a34d970::ceiling-raw::0:9:0,0,9,0,0.0,,18.793,0,1.0,,0.0,f16973df-10b9-4369-9f0d-dd295a34d970::roof-flat::flat:10,0.998,,flat_matched
f16973df-10b9-4369-9f0d-dd295a34d970,f16973df-10b9-4369-9f0d-dd295a34d970::ceiling-raw::0:9:1,0,9,1,32.4,44.31,0.222,0,1.0,,0.0,f16973df-10b9-4369-9f0d-dd295a34d970::roof-flat::flat:10,1.0,,oblique_covered_by_flat
f16973df-10b9-4369-9f0d-dd295a34d970,f16973df-10b9-4369-9f0d-dd295a34d970::ceiling-raw::0:9:2,0,9,2,62.56,57.87,0.182,0,1.0,,0.0,f16973df-10b9-4369-9f0d-dd295a34d970::roof-flat::flat:10,1.0,,oblique_covered_by_flat
f16973df-10b9-4369-9f0d-dd295a34d970,f16973df-10b9-4369-9f0d-dd295a34d970::ceiling-raw::0:9:3,0,9,3,69.78,64.82,1.016,0,1.0,,0.0,f16973df-10b9-4369-9f0d-dd295a34d970::roof-flat::flat:10,1.0,,oblique_covered_by_flat
f40dcc9f-b97b-4bef-8b40-ba011aabf0bd,f40dcc9f-b97b-4bef-8b40-ba011aabf0bd::ceiling-raw::0:0:0,0,0,0,0.0,,12.255,0,1.0,,0.0,f40dcc9f-b97b-4bef-8b40-ba011aabf0bd::roof-flat::flat:9,1.0,,flat_matched
f40dcc9f-b97b-4bef-8b40-ba011aabf0bd,f40dcc9f-b97b-4bef-8b40-ba011aabf0bd::ceiling-raw::0:1:0,0,1,0,0.0,,9.25,0,1.0,,0.0,f40dcc9f-b97b-4bef-8b40-ba011aabf0bd::roof-flat::flat:9,1.0,,flat_matched
f40dcc9f-b97b-4bef-8b40-ba011aabf0bd,f40dcc9f-b97b-4bef-8b40-ba011aabf0bd::ceiling-raw::0:2:0,0,2,0,0.0,,7.442,0,1.0,,0.0,f40dcc9f-b97b-4bef-8b40-ba011aabf0bd::roof-flat::flat:9,1.0,,flat_matched
f40dcc9f-b97b-4bef-8b40-ba011aabf0bd,f40dcc9f-b97b-4bef-8b40-ba011aabf0bd::ceiling-raw::0:3:0,0,3,0,0.0,,3.838,0,1.0,,0.0,f40dcc9f-b97b-4bef-8b40-ba011aabf0bd::roof-flat::flat:9,1.0,,flat_matched
f40dcc9f-b97b-4bef-8b40-ba011aabf0bd,f40dcc9f-b97b-4bef-8b40-ba011aabf0bd::ceiling-raw::0:4:0,0,4,0,0.0,,7.723,0,1.0,,0.0,f40dcc9f-b97b-4bef-8b40-ba011aabf0bd::roof-flat::flat:9,1.0,,flat_matched
f40dcc9f-b97b-4bef-8b40-ba011aabf0bd,f40dcc9f-b97b-4bef-8b40-ba011aabf0bd::ceiling-raw::0:5:0,0,5,0,0.0,,8.002,0,1.0,,0.0,f40dcc9f-b97b-4bef-8b40-ba011aabf0bd::roof-flat::flat:9,1.0,,flat_matched
f40dcc9f-b97b-4bef-8b40-ba011aabf0bd,f40dcc9f-b97b-4bef-8b40-ba011aabf0bd::ceiling-raw::0:6:0,0,6,0,0.0,,11.578,0,1.0,,0.0,f40dcc9f-b97b-4bef-8b40-ba011aabf0bd::roof-flat::flat:9,1.0,,flat_matched
f40dcc9f-b97b-4bef-8b40-ba011aabf0bd,f40dcc9f-b97b-4bef-8b40-ba011aabf0bd::ceiling-raw::0:7:0,0,7,0,0.0,,32.772,0,1.0,,0.0,f40dcc9f-b97b-4bef-8b40-ba011aabf0bd::roof-flat::flat:9,1.0,,flat_matched
f40dcc9f-b97b-4bef-8b40-ba011aabf0bd,f40dcc9f-b97b-4bef-8b40-ba011aabf0bd::ceiling-raw::0:8:0,0,8,0,0.0,,27.877,0,1.0,,0.0,f40dcc9f-b97b-4bef-8b40-ba011aabf0bd::roof-flat::flat:10,1.0,,flat_matched
f46b4d89-ae67-405c-af8b-eb7396b06ef8,f46b4d89-ae67-405c-af8b-eb7396b06ef8::ceiling-raw::1:6:0,1,6,0,0.0,,1.39,1.0,1.0,f46b4d89-ae67-405c-af8b-eb7396b06ef8::roof-oblique::oblique:0,1.0,f46b4d89-ae67-405c-af8b-eb7396b06ef8::roof-flat::flat:2,1.0,0.771,flat_matched
f46b4d89-ae67-405c-af8b-eb7396b06ef8,f46b4d89-ae67-405c-af8b-eb7396b06ef8::ceiling-raw::1:6:1,1,6,1,0.0,,0.372,1.0,1.0,f46b4d89-ae67-405c-af8b-eb7396b06ef8::roof-oblique::oblique:0,1.0,f46b4d89-ae67-405c-af8b-eb7396b06ef8::roof-flat::flat:2,1.0,0.771,flat_matched
f46b4d89-ae67-405c-af8b-eb7396b06ef8,f46b4d89-ae67-405c-af8b-eb7396b06ef8::ceiling-raw::1:6:2,1,6,2,0.0,,0.778,0.999,1.0,f46b4d89-ae67-405c-af8b-eb7396b06ef8::roof-oblique::oblique:0,0.999,f46b4d89-ae67-405c-af8b-eb7396b06ef8::roof-flat::flat:3,1.0,0.771,flat_matched
f46b4d89-ae67-405c-af8b-eb7396b06ef8,f46b4d89-ae67-405c-af8b-eb7396b06ef8::ceiling-raw::1:6:3,1,6,3,10.78,176.76,0.402,1.0,1.0,f46b4d89-ae67-405c-af8b-eb7396b06ef8::roof-oblique::oblique:0,1.0,f46b4d89-ae67-405c-af8b-eb7396b06ef8::roof-flat::flat:0,1.0,0.744,oblique_wrong_orientation
f46b4d89-ae67-405c-af8b-eb7396b06ef8,f46b4d89-ae67-405c-af8b-eb7396b06ef8::ceiling-raw::1:6:4,1,6,4,13.33,350.13,0.915,1.0,1.0,f46b4d89-ae67-405c-af8b-eb7396b06ef8::roof-oblique::oblique:0,1.0,f46b4d89-ae67-405c-af8b-eb7396b06ef8::roof-flat::flat:0,1.0,0.75,oblique_wrong_orientation
f46b4d89-ae67-405c-af8b-eb7396b06ef8,f46b4d89-ae67-405c-af8b-eb7396b06ef8::ceiling-raw::1:6:5,1,6,5,21.09,170.13,0.877,1.0,1.0,f46b4d89-ae67-405c-af8b-eb7396b06ef8::roof-oblique::oblique:0,1.0,f46b4d89-ae67-405c-af8b-eb7396b06ef8::roof-flat::flat:3,1.0,0.72,oblique_wrong_orientation
f46b4d89-ae67-405c-af8b-eb7396b06ef8,f46b4d89-ae67-405c-af8b-eb7396b06ef8::ceiling-raw::1:6:6,1,6,6,21.91,44.05,0.877,1.0,1.0,f46b4d89-ae67-405c-af8b-eb7396b06ef8::roof-oblique::oblique:0,1.0,f46b4d89-ae67-405c-af8b-eb7396b06ef8::roof-flat::flat:0,1.0,0.908,oblique_matched
f46b4d89-ae67-405c-af8b-eb7396b06ef8,f46b4d89-ae67-405c-af8b-eb7396b06ef8::ceiling-raw::1:6:7,1,6,7,35.05,170.13,0.197,1.0,1.0,f46b4d89-ae67-405c-af8b-eb7396b06ef8::roof-oblique::oblique:0,1.0,f46b4d89-ae67-405c-af8b-eb7396b06ef8::roof-flat::flat:2,1.0,0.631,oblique_wrong_orientation
f46b4d89-ae67-405c-af8b-eb7396b06ef8,f46b4d89-ae67-405c-af8b-eb7396b06ef8::ceiling-raw::1:6:8,1,6,8,37.71,145.27,0.778,1.0,1.0,f46b4d89-ae67-405c-af8b-eb7396b06ef8::roof-oblique::oblique:0,1.0,f46b4d89-ae67-405c-af8b-eb7396b06ef8::roof-flat::flat:3,1.0,0.774,oblique_wrong_orientation
f46b4d89-ae67-405c-af8b-eb7396b06ef8,f46b4d89-ae67-405c-af8b-eb7396b06ef8::ceiling-raw::1:6:9,1,6,9,41.45,80.13,0.107,0.999,1.0,f46b4d89-ae67-405c-af8b-eb7396b06ef8::roof-oblique::oblique:0,0.999,f46b4d89-ae67-405c-af8b-eb7396b06ef8::roof-flat::flat:2,1.0,0.999,oblique_matched
f46b4d89-ae67-405c-af8b-eb7396b06ef8,f46b4d89-ae67-405c-af8b-eb7396b06ef8::ceiling-raw::1:6:10,1,6,10,42.21,93.19,0.025,1.0,1.0,f46b4d89-ae67-405c-af8b-eb7396b06ef8::roof-oblique::oblique:0,1.0,f46b4d89-ae67-405c-af8b-eb7396b06ef8::roof-flat::flat:2,1.0,0.988,oblique_matched
f46b4d89-ae67-405c-af8b-eb7396b06ef8,f46b4d89-ae67-405c-af8b-eb7396b06ef8::ceiling-raw::1:6:11,1,6,11,47.91,90.86,0.21,1.0,1.0,f46b4d89-ae67-405c-af8b-eb7396b06ef8::roof-oblique::oblique:0,1.0,f46b4d89-ae67-405c-af8b-eb7396b06ef8::roof-flat::flat:2,1.0,0.981,oblique_matched
f46b4d89-ae67-405c-af8b-eb7396b06ef8,f46b4d89-ae67-405c-af8b-eb7396b06ef8::ceiling-raw::1:6:12,1,6,12,52.13,80.13,1.191,0.999,1.0,f46b4d89-ae67-405c-af8b-eb7396b06ef8::roof-oblique::oblique:0,0.999,f46b4d89-ae67-405c-af8b-eb7396b06ef8::roof-flat::flat:2,1.0,0.976,oblique_matched
f46b4d89-ae67-405c-af8b-eb7396b06ef8,f46b4d89-ae67-405c-af8b-eb7396b06ef8::ceiling-raw::1:7:0,1,7,0,0.0,,7.493,0.993,1.0,f46b4d89-ae67-405c-af8b-eb7396b06ef8::roof-oblique::oblique:1,0.553,f46b4d89-ae67-405c-af8b-eb7396b06ef8::roof-flat::flat:3,1.0,0.759,flat_matched
f46b4d89-ae67-405c-af8b-eb7396b06ef8,f46b4d89-ae67-405c-af8b-eb7396b06ef8::ceiling-raw::1:7:1,1,7,1,41.41,259.7,1.927,0.998,1.0,f46b4d89-ae67-405c-af8b-eb7396b06ef8::roof-oblique::oblique:1,0.998,f46b4d89-ae67-405c-af8b-eb7396b06ef8::roof-flat::flat:2,1.0,1.0,oblique_matched
f46b4d89-ae67-405c-af8b-eb7396b06ef8,f46b4d89-ae67-405c-af8b-eb7396b06ef8::ceiling-raw::1:8:0,1,8,0,2.64,350.12,1.485,1.0,1.0,f46b4d89-ae67-405c-af8b-eb7396b06ef8::roof-oblique::oblique:0,1.0,f46b4d89-ae67-405c-af8b-eb7396b06ef8::roof-flat::flat:3,1.0,0.77,flat_matched
f46b4d89-ae67-405c-af8b-eb7396b06ef8,f46b4d89-ae67-405c-af8b-eb7396b06ef8::ceiling-raw::1:8:1,1,8,1,40.13,78.96,3.291,0.998,1.0,f46b4d89-ae67-405c-af8b-eb7396b06ef8::roof-oblique::oblique:0,0.998,f46b4d89-ae67-405c-af8b-eb7396b06ef8::roof-flat::flat:3,1.0,1.0,oblique_matched
f46b4d89-ae67-405c-af8b-eb7396b06ef8,f46b4d89-ae67-405c-af8b-eb7396b06ef8::ceiling-raw::1:9:0,1,9,0,0.0,,12.011,1.0,1.0,f46b4d89-ae67-405c-af8b-eb7396b06ef8::roof-oblique::oblique:1,0.769,f46b4d89-ae67-405c-af8b-eb7396b06ef8::roof-flat::flat:3,1.0,0.759,flat_matched
f46b4d89-ae67-405c-af8b-eb7396b06ef8,f46b4d89-ae67-405c-af8b-eb7396b06ef8::ceiling-raw::1:9:1,1,9,1,24.93,170.12,0.302,1.0,1.0,f46b4d89-ae67-405c-af8b-eb7396b06ef8::roof-oblique::oblique:1,1.0,f46b4d89-ae67-405c-af8b-eb7396b06ef8::roof-flat::flat:3,1.0,0.688,oblique_wrong_orientation
f46b4d89-ae67-405c-af8b-eb7396b06ef8,f46b4d89-ae67-405c-af8b-eb7396b06ef8::ceiling-raw::1:9:2,1,9,2,38.35,260.12,0.27,1.0,1.0,f46b4d89-ae67-405c-af8b-eb7396b06ef8::roof-oblique::oblique:1,1.0,f46b4d89-ae67-405c-af8b-eb7396b06ef8::roof-flat::flat:2,1.0,0.999,oblique_matched
f46b4d89-ae67-405c-af8b-eb7396b06ef8,f46b4d89-ae67-405c-af8b-eb7396b06ef8::ceiling-raw::1:9:3,1,9,3,41.4,350.12,0.27,1.0,1.0,f46b4d89-ae67-405c-af8b-eb7396b06ef8::roof-oblique::oblique:1,1.0,f46b4d89-ae67-405c-af8b-eb7396b06ef8::roof-flat::flat:2,1.0,0.569,oblique_wrong_orientation
f46b4d89-ae67-405c-af8b-eb7396b06ef8,f46b4d89-ae67-405c-af8b-eb7396b06ef8::ceiling-raw::1:9:4,1,9,4,44.21,80.13,0.302,1.0,1.0,f46b4d89-ae67-405c-af8b-eb7396b06ef8::roof-oblique::oblique:1,1.0,f46b4d89-ae67-405c-af8b-eb7396b06ef8::roof-flat::flat:3,1.0,0.09,oblique_wrong_orientation
f46b4d89-ae67-405c-af8b-eb7396b06ef8,f46b4d89-ae67-405c-af8b-eb7396b06ef8::ceiling-raw::1:9:5,1,9,5,44.9,232.32,0.333,1.0,1.0,f46b4d89-ae67-405c-af8b-eb7396b06ef8::roof-oblique::oblique:1,1.0,f46b4d89-ae67-405c-af8b-eb7396b06ef8::roof-flat::flat:3,1.0,0.944,oblique_matched
f919a443-ea71-4391-9bcb-bff1cf08c45d,f919a443-ea71-4391-9bcb-bff1cf08c45d::ceiling-raw::0:0:0,0,0,0,0.0,,12.021,0,1.0,,0.0,f919a443-ea71-4391-9bcb-bff1cf08c45d::roof-flat::flat:7,1.0,,flat_matched
f919a443-ea71-4391-9bcb-bff1cf08c45d,f919a443-ea71-4391-9bcb-bff1cf08c45d::ceiling-raw::0:1:0,0,1,0,0.0,,13.322,0,1.0,,0.0,f919a443-ea71-4391-9bcb-bff1cf08c45d::roof-flat::flat:7,1.0,,flat_matched
f919a443-ea71-4391-9bcb-bff1cf08c45d,f919a443-ea71-4391-9bcb-bff1cf08c45d::ceiling-raw::0:2:0,0,2,0,0.0,,9.783,0,1.0,,0.0,f919a443-ea71-4391-9bcb-bff1cf08c45d::roof-flat::flat:7,1.0,,flat_matched
f919a443-ea71-4391-9bcb-bff1cf08c45d,f919a443-ea71-4391-9bcb-bff1cf08c45d::ceiling-raw::0:4:0,0,4,0,0.0,,11.747,0,1.0,,0.0,f919a443-ea71-4391-9bcb-bff1cf08c45d::roof-flat::flat:7,1.0,,flat_matched
f919a443-ea71-4391-9bcb-bff1cf08c45d,f919a443-ea71-4391-9bcb-bff1cf08c45d::ceiling-raw::0:5:0,0,5,0,0.0,,37.619,0,1.0,,0.0,f919a443-ea71-4391-9bcb-bff1cf08c45d::roof-flat::flat:7,1.0,,flat_matched
f919a443-ea71-4391-9bcb-bff1cf08c45d,f919a443-ea71-4391-9bcb-bff1cf08c45d::ceiling-raw::0:5:1,0,5,1,0.0,,2.157,0,1.0,,0.0,f919a443-ea71-4391-9bcb-bff1cf08c45d::roof-flat::flat:5,1.0,,flat_matched
f919a443-ea71-4391-9bcb-bff1cf08c45d,f919a443-ea71-4391-9bcb-bff1cf08c45d::ceiling-raw::0:6:0,0,6,0,0.0,,14.047,0,1.0,,0.0,f919a443-ea71-4391-9bcb-bff1cf08c45d::roof-flat::flat:7,1.0,,flat_matched
f919a443-ea71-4391-9bcb-bff1cf08c45d,f919a443-ea71-4391-9bcb-bff1cf08c45d::ceiling-raw::0:7:0,0,7,0,0.0,,7.218,0,1.0,,0.0,f919a443-ea71-4391-9bcb-bff1cf08c45d::roof-flat::flat:7,1.0,,flat_matched
f919a443-ea71-4391-9bcb-bff1cf08c45d,f919a443-ea71-4391-9bcb-bff1cf08c45d::ceiling-raw::0:7:1,0,7,1,0.0,,4.523,0,1.0,,0.0,f919a443-ea71-4391-9bcb-bff1cf08c45d::roof-flat::flat:7,1.0,,flat_matched
f932e0d3-b002-4f89-97e7-ec54d4703506,f932e0d3-b002-4f89-97e7-ec54d4703506::ceiling-raw::0:3:0,0,3,0,0.0,,2.444,0,1.0,,0.0,f932e0d3-b002-4f89-97e7-ec54d4703506::roof-flat::flat:3,1.0,,flat_matched
f932e0d3-b002-4f89-97e7-ec54d4703506,f932e0d3-b002-4f89-97e7-ec54d4703506::ceiling-raw::0:4:0,0,4,0,0.0,,7.954,0,1.0,,0.0,f932e0d3-b002-4f89-97e7-ec54d4703506::roof-flat::flat:3,1.0,,flat_matched
f932e0d3-b002-4f89-97e7-ec54d4703506,f932e0d3-b002-4f89-97e7-ec54d4703506::ceiling-raw::2:10:0,2,10,0,0.0,,3.163,1.0,1.0,f932e0d3-b002-4f89-97e7-ec54d4703506::roof-oblique::oblique:0,1.0,f932e0d3-b002-4f89-97e7-ec54d4703506::roof-flat::flat:5,1.0,0.699,flat_matched
f932e0d3-b002-4f89-97e7-ec54d4703506,f932e0d3-b002-4f89-97e7-ec54d4703506::ceiling-raw::2:10:1,2,10,1,46.53,66.95,1.601,1.0,1.0,f932e0d3-b002-4f89-97e7-ec54d4703506::roof-oblique::oblique:0,1.0,f932e0d3-b002-4f89-97e7-ec54d4703506::roof-flat::flat:6,1.0,1.0,oblique_matched
f932e0d3-b002-4f89-97e7-ec54d4703506,f932e0d3-b002-4f89-97e7-ec54d4703506::ceiling-raw::2:11:0,2,11,0,0.0,,9.634,1.0,1.0,f932e0d3-b002-4f89-97e7-ec54d4703506::roof-oblique::oblique:1,1.0,f932e0d3-b002-4f89-97e7-ec54d4703506::roof-flat::flat:5,1.0,0.711,flat_matched
f932e0d3-b002-4f89-97e7-ec54d4703506,f932e0d3-b002-4f89-97e7-ec54d4703506::ceiling-raw::2:11:1,2,11,1,45.37,247.01,4.658,1.0,1.0,f932e0d3-b002-4f89-97e7-ec54d4703506::roof-oblique::oblique:1,1.0,f932e0d3-b002-4f89-97e7-ec54d4703506::roof-flat::flat:6,1.0,1.0,oblique_matched
f932e0d3-b002-4f89-97e7-ec54d4703506,f932e0d3-b002-4f89-97e7-ec54d4703506::ceiling-raw::2:12:0,2,12,0,0.0,,3.559,1.0,1.0,f932e0d3-b002-4f89-97e7-ec54d4703506::roof-oblique::oblique:0,1.0,f932e0d3-b002-4f89-97e7-ec54d4703506::roof-flat::flat:5,1.0,0.699,flat_matched
f932e0d3-b002-4f89-97e7-ec54d4703506,f932e0d3-b002-4f89-97e7-ec54d4703506::ceiling-raw::2:12:1,2,12,1,13.81,337.05,3.071,1.0,1.0,f932e0d3-b002-4f89-97e7-ec54d4703506::roof-oblique::oblique:0,1.0,f932e0d3-b002-4f89-97e7-ec54d4703506::roof-flat::flat:5,1.0,0.679,oblique_wrong_orientation
f932e0d3-b002-4f89-97e7-ec54d4703506,f932e0d3-b002-4f89-97e7-ec54d4703506::ceiling-raw::2:12:2,2,12,2,14.64,157.04,0.138,1.0,1.0,f932e0d3-b002-4f89-97e7-ec54d4703506::roof-oblique::oblique:0,1.0,f932e0d3-b002-4f89-97e7-ec54d4703506::roof-flat::flat:5,1.0,0.677,oblique_wrong_orientation
f932e0d3-b002-4f89-97e7-ec54d4703506,f932e0d3-b002-4f89-97e7-ec54d4703506::ceiling-raw::2:12:3,2,12,3,43.91,52.25,0.452,1.0,1.0,f932e0d3-b002-4f89-97e7-ec54d4703506::roof-oblique::oblique:0,1.0,f932e0d3-b002-4f89-97e7-ec54d4703506::roof-flat::flat:5,1.0,0.983,oblique_matched
f932e0d3-b002-4f89-97e7-ec54d4703506,f932e0d3-b002-4f89-97e7-ec54d4703506::ceiling-raw::2:12:4,2,12,4,46.62,67.05,0.33,1.0,1.0,f932e0d3-b002-4f89-97e7-ec54d4703506::roof-oblique::oblique:0,1.0,f932e0d3-b002-4f89-97e7-ec54d4703506::roof-flat::flat:5,1.0,1.0,oblique_matched
f932e0d3-b002-4f89-97e7-ec54d4703506,f932e0d3-b002-4f89-97e7-ec54d4703506::ceiling-raw::2:12:5,2,12,5,46.61,67.05,0.138,1.0,1.0,f932e0d3-b002-4f89-97e7-ec54d4703506::roof-oblique::oblique:0,1.0,f932e0d3-b002-4f89-97e7-ec54d4703506::roof-flat::flat:5,1.0,1.0,oblique_matched
f932e0d3-b002-4f89-97e7-ec54d4703506,f932e0d3-b002-4f89-97e7-ec54d4703506::ceiling-raw::2:12:6,2,12,6,56.31,67.05,0.92,1.0,1.0,f932e0d3-b002-4f89-97e7-ec54d4703506::roof-oblique::oblique:0,1.0,f932e0d3-b002-4f89-97e7-ec54d4703506::roof-flat::flat:5,1.0,0.983,oblique_matched
f932e0d3-b002-4f89-97e7-ec54d4703506,f932e0d3-b002-4f89-97e7-ec54d4703506::ceiling-raw::2:12:7,2,12,7,56.7,76.93,0.33,1.0,1.0,f932e0d3-b002-4f89-97e7-ec54d4703506::roof-oblique::oblique:0,1.0,f932e0d3-b002-4f89-97e7-ec54d4703506::roof-flat::flat:5,1.0,0.972,oblique_matched
f932e0d3-b002-4f89-97e7-ec54d4703506,f932e0d3-b002-4f89-97e7-ec54d4703506::ceiling-raw::2:13:0,2,13,0,0.0,,11.005,1.0,1.0,f932e0d3-b002-4f89-97e7-ec54d4703506::roof-oblique::oblique:1,0.506,f932e0d3-b002-4f89-97e7-ec54d4703506::roof-flat::flat:5,1.0,0.711,flat_matched
f932e0d3-b002-4f89-97e7-ec54d4703506,f932e0d3-b002-4f89-97e7-ec54d4703506::ceiling-raw::2:13:1,2,13,1,45.1,247.55,2.707,0.999,1.0,f932e0d3-b002-4f89-97e7-ec54d4703506::roof-oblique::oblique:1,0.999,f932e0d3-b002-4f89-97e7-ec54d4703506::roof-flat::flat:6,1.0,1.0,oblique_matched
f932e0d3-b002-4f89-97e7-ec54d4703506,f932e0d3-b002-4f89-97e7-ec54d4703506::ceiling-raw::2:13:2,2,13,2,45.54,66.85,2.665,0.999,1.0,f932e0d3-b002-4f89-97e7-ec54d4703506::roof-oblique::oblique:0,0.999,f932e0d3-b002-4f89-97e7-ec54d4703506::roof-flat::flat:6,1.0,1.0,oblique_matched
fb279aa5-092f-4146-83ff-b557415e7ba4,fb279aa5-092f-4146-83ff-b557415e7ba4::ceiling-raw::0:0:0,0,0,0,0.0,,7.529,1.0,1.0,fb279aa5-092f-4146-83ff-b557415e7ba4::roof-oblique::oblique:1,0.978,fb279aa5-092f-4146-83ff-b557415e7ba4::roof-flat::flat:6,1.0,0.971,flat_matched
fb279aa5-092f-4146-83ff-b557415e7ba4,fb279aa5-092f-4146-83ff-b557415e7ba4::ceiling-raw::0:0:1,0,0,1,12.23,245.49,0.388,0.455,1.0,fb279aa5-092f-4146-83ff-b557415e7ba4::roof-oblique::oblique:1,0.455,fb279aa5-092f-4146-83ff-b557415e7ba4::roof-flat::flat:6,1.0,0.952,oblique_covered_by_flat
fb279aa5-092f-4146-83ff-b557415e7ba4,fb279aa5-092f-4146-83ff-b557415e7ba4::ceiling-raw::0:0:2,0,0,2,14.78,227.76,0.468,1.0,1.0,fb279aa5-092f-4146-83ff-b557415e7ba4::roof-oblique::oblique:1,1.0,fb279aa5-092f-4146-83ff-b557415e7ba4::roof-flat::flat:6,1.0,0.924,oblique_matched
fb279aa5-092f-4146-83ff-b557415e7ba4,fb279aa5-092f-4146-83ff-b557415e7ba4::ceiling-raw::0:0:3,0,0,3,18.41,243.07,1.485,0.999,1.0,fb279aa5-092f-4146-83ff-b557415e7ba4::roof-oblique::oblique:1,0.757,fb279aa5-092f-4146-83ff-b557415e7ba4::roof-flat::flat:6,1.0,0.922,oblique_matched
fb279aa5-092f-4146-83ff-b557415e7ba4,fb279aa5-092f-4146-83ff-b557415e7ba4::ceiling-raw::0:0:4,0,0,4,0.0,,9.911,0.86,1.0,fb279aa5-092f-4146-83ff-b557415e7ba4::roof-oblique::oblique:1,0.86,fb279aa5-092f-4146-83ff-b557415e7ba4::roof-flat::flat:6,1.0,0.971,flat_matched
fb279aa5-092f-4146-83ff-b557415e7ba4,fb279aa5-092f-4146-83ff-b557415e7ba4::ceiling-raw::0:1:0,0,1,0,0.0,,8.685,0.281,1.0,fb279aa5-092f-4146-83ff-b557415e7ba4::roof-oblique::oblique:0,0.281,fb279aa5-092f-4146-83ff-b557415e7ba4::roof-flat::flat:6,1.0,0.959,flat_matched
fb279aa5-092f-4146-83ff-b557415e7ba4,fb279aa5-092f-4146-83ff-b557415e7ba4::ceiling-raw::0:1:1,0,1,1,13.6,242.13,0.952,1.0,1.0,fb279aa5-092f-4146-83ff-b557415e7ba4::roof-oblique::oblique:0,1.0,fb279aa5-092f-4146-83ff-b557415e7ba4::roof-flat::flat:6,1.0,0.999,oblique_matched
fb279aa5-092f-4146-83ff-b557415e7ba4,fb279aa5-092f-4146-83ff-b557415e7ba4::ceiling-raw::0:1:2,0,1,2,13.67,236.83,0.499,1.0,1.0,fb279aa5-092f-4146-83ff-b557415e7ba4::roof-oblique::oblique:0,1.0,fb279aa5-092f-4146-83ff-b557415e7ba4::roof-flat::flat:6,1.0,0.998,oblique_matched
fb279aa5-092f-4146-83ff-b557415e7ba4,fb279aa5-092f-4146-83ff-b557415e7ba4::ceiling-raw::0:1:3,0,1,3,20.28,238.64,0.952,1.0,1.0,fb279aa5-092f-4146-83ff-b557415e7ba4::roof-oblique::oblique:0,1.0,fb279aa5-092f-4146-83ff-b557415e7ba4::roof-flat::flat:6,1.0,0.998,oblique_matched
fb279aa5-092f-4146-83ff-b557415e7ba4,fb279aa5-092f-4146-83ff-b557415e7ba4::ceiling-raw::0:3:0,0,3,0,0.0,,12.4,0.009,1.0,fb279aa5-092f-4146-83ff-b557415e7ba4::roof-oblique::oblique:1,0.009,fb279aa5-092f-4146-83ff-b557415e7ba4::roof-flat::flat:6,1.0,0.971,flat_matched
fb279aa5-092f-4146-83ff-b557415e7ba4,fb279aa5-092f-4146-83ff-b557415e7ba4::ceiling-raw::0:4:0,0,4,0,0.0,,10.363,1.0,1.0,fb279aa5-092f-4146-83ff-b557415e7ba4::roof-oblique::oblique:1,1.0,fb279aa5-092f-4146-83ff-b557415e7ba4::roof-flat::flat:6,1.0,0.971,flat_matched
fb279aa5-092f-4146-83ff-b557415e7ba4,fb279aa5-092f-4146-83ff-b557415e7ba4::ceiling-raw::0:6:0,0,6,0,0.0,,52.517,1.0,1.0,fb279aa5-092f-4146-83ff-b557415e7ba4::roof-oblique::oblique:1,0.505,fb279aa5-092f-4146-83ff-b557415e7ba4::roof-flat::flat:6,1.0,0.971,flat_matched
fb279aa5-092f-4146-83ff-b557415e7ba4,fb279aa5-092f-4146-83ff-b557415e7ba4::ceiling-raw::0:7:0,0,7,0,0.0,,2.374,0.998,1.0,fb279aa5-092f-4146-83ff-b557415e7ba4::roof-oblique::oblique:2,0.844,fb279aa5-092f-4146-83ff-b557415e7ba4::roof-flat::flat:6,1.0,0.974,flat_matched
fb279aa5-092f-4146-83ff-b557415e7ba4,fb279aa5-092f-4146-83ff-b557415e7ba4::ceiling-raw::0:7:1,0,7,1,13.84,332.26,16.866,1.0,1.0,fb279aa5-092f-4146-83ff-b557415e7ba4::roof-oblique::oblique:1,1.0,fb279aa5-092f-4146-83ff-b557415e7ba4::roof-flat::flat:6,1.0,1.0,oblique_matched
fb279aa5-092f-4146-83ff-b557415e7ba4,fb279aa5-092f-4146-83ff-b557415e7ba4::ceiling-raw::0:8:0,0,8,0,13.17,152.13,14.788,1.0,1.0,fb279aa5-092f-4146-83ff-b557415e7ba4::roof-oblique::oblique:2,1.0,fb279aa5-092f-4146-83ff-b557415e7ba4::roof-flat::flat:6,1.0,1.0,oblique_matched
fc46b0be-a3aa-4a28-820c-a16691bcdd61,fc46b0be-a3aa-4a28-820c-a16691bcdd61::ceiling-raw::0:0:0,0,0,0,0.0,,14.446,0,1.0,,0.0,fc46b0be-a3aa-4a28-820c-a16691bcdd61::roof-flat::flat:8,1.0,,flat_matched
fc46b0be-a3aa-4a28-820c-a16691bcdd61,fc46b0be-a3aa-4a28-820c-a16691bcdd61::ceiling-raw::0:1:0,0,1,0,0.0,,11.103,0,1.0,,0.0,fc46b0be-a3aa-4a28-820c-a16691bcdd61::roof-flat::flat:8,1.0,,flat_matched
fc46b0be-a3aa-4a28-820c-a16691bcdd61,fc46b0be-a3aa-4a28-820c-a16691bcdd61::ceiling-raw::0:3:0,0,3,0,0.0,,10.702,0,1.0,,0.0,fc46b0be-a3aa-4a28-820c-a16691bcdd61::roof-flat::flat:8,1.0,,flat_matched
fc46b0be-a3aa-4a28-820c-a16691bcdd61,fc46b0be-a3aa-4a28-820c-a16691bcdd61::ceiling-raw::0:3:1,0,3,1,0.0,,5.44,0,1.0,,0.0,fc46b0be-a3aa-4a28-820c-a16691bcdd61::roof-flat::flat:8,1.0,,flat_matched
fc46b0be-a3aa-4a28-820c-a16691bcdd61,fc46b0be-a3aa-4a28-820c-a16691bcdd61::ceiling-raw::0:4:0,0,4,0,0.0,,7.892,0,1.0,,0.0,fc46b0be-a3aa-4a28-820c-a16691bcdd61::roof-flat::flat:8,1.0,,flat_matched
fc46b0be-a3aa-4a28-820c-a16691bcdd61,fc46b0be-a3aa-4a28-820c-a16691bcdd61::ceiling-raw::0:5:0,0,5,0,0.0,,2.915,0,1.0,,0.0,fc46b0be-a3aa-4a28-820c-a16691bcdd61::roof-flat::flat:8,1.0,,flat_matched
fc46b0be-a3aa-4a28-820c-a16691bcdd61,fc46b0be-a3aa-4a28-820c-a16691bcdd61::ceiling-raw::0:6:0,0,6,0,0.0,,19.444,0,1.0,,0.0,fc46b0be-a3aa-4a28-820c-a16691bcdd61::roof-flat::flat:8,1.0,,flat_matched
fc46b0be-a3aa-4a28-820c-a16691bcdd61,fc46b0be-a3aa-4a28-820c-a16691bcdd61::ceiling-raw::0:7:0,0,7,0,0.0,,40.505,0,1.0,,0.0,fc46b0be-a3aa-4a28-820c-a16691bcdd61::roof-flat::flat:8,1.0,,flat_matched
fc46b0be-a3aa-4a28-820c-a16691bcdd61,fc46b0be-a3aa-4a28-820c-a16691bcdd61::ceiling-raw::0:8:0,0,8,0,0.0,,8.023,0,1.0,,0.0,fc46b0be-a3aa-4a28-820c-a16691bcdd61::roof-flat::flat:8,1.0,,flat_matched
fd6ee1a7-7243-4c9b-ad7a-5d146b7f8706,fd6ee1a7-7243-4c9b-ad7a-5d146b7f8706::ceiling-raw::0:0:0,0,0,0,0.0,,13.192,0,1.0,,0.0,fd6ee1a7-7243-4c9b-ad7a-5d146b7f8706::roof-flat::flat:8,1.0,,flat_matched
fd6ee1a7-7243-4c9b-ad7a-5d146b7f8706,fd6ee1a7-7243-4c9b-ad7a-5d146b7f8706::ceiling-raw::0:0:1,0,0,1,0.0,,35.827,0,1.0,,0.0,fd6ee1a7-7243-4c9b-ad7a-5d146b7f8706::roof-flat::flat:8,1.0,,flat_matched
fd6ee1a7-7243-4c9b-ad7a-5d146b7f8706,fd6ee1a7-7243-4c9b-ad7a-5d146b7f8706::ceiling-raw::0:1:0,0,1,0,0.0,,22.465,0,1.0,,0.0,fd6ee1a7-7243-4c9b-ad7a-5d146b7f8706::roof-flat::flat:8,1.0,,flat_matched
fd6ee1a7-7243-4c9b-ad7a-5d146b7f8706,fd6ee1a7-7243-4c9b-ad7a-5d146b7f8706::ceiling-raw::0:1:1,0,1,1,0.0,,7.059,0,1.0,,0.0,fd6ee1a7-7243-4c9b-ad7a-5d146b7f8706::roof-flat::flat:8,1.0,,flat_matched
fd6ee1a7-7243-4c9b-ad7a-5d146b7f8706,fd6ee1a7-7243-4c9b-ad7a-5d146b7f8706::ceiling-raw::0:1:2,0,1,2,0.0,,1.311,0,1.0,,0.0,fd6ee1a7-7243-4c9b-ad7a-5d146b7f8706::roof-flat::flat:1,1.0,,flat_matched
fd6ee1a7-7243-4c9b-ad7a-5d146b7f8706,fd6ee1a7-7243-4c9b-ad7a-5d146b7f8706::ceiling-raw::0:1:3,0,1,3,0.0,,7.694,0,1.0,,0.0,fd6ee1a7-7243-4c9b-ad7a-5d146b7f8706::roof-flat::flat:8,1.0,,flat_matched
fd6ee1a7-7243-4c9b-ad7a-5d146b7f8706,fd6ee1a7-7243-4c9b-ad7a-5d146b7f8706::ceiling-raw::0:3:0,0,3,0,0.0,,6.651,0,1.0,,0.0,fd6ee1a7-7243-4c9b-ad7a-5d146b7f8706::roof-flat::flat:8,1.0,,flat_matched
fd6ee1a7-7243-4c9b-ad7a-5d146b7f8706,fd6ee1a7-7243-4c9b-ad7a-5d146b7f8706::ceiling-raw::0:4:0,0,4,0,0.0,,8.191,0,1.0,,0.0,fd6ee1a7-7243-4c9b-ad7a-5d146b7f8706::roof-flat::flat:8,1.0,,flat_matched
fd6ee1a7-7243-4c9b-ad7a-5d146b7f8706,fd6ee1a7-7243-4c9b-ad7a-5d146b7f8706::ceiling-raw::0:5:0,0,5,0,0.0,,11.431,0,1.0,,0.0,fd6ee1a7-7243-4c9b-ad7a-5d146b7f8706::roof-flat::flat:8,1.0,,flat_matched
fd6ee1a7-7243-4c9b-ad7a-5d146b7f8706,fd6ee1a7-7243-4c9b-ad7a-5d146b7f8706::ceiling-raw::0:6:0,0,6,0,0.0,,14.504,0,1.0,,0.0,fd6ee1a7-7243-4c9b-ad7a-5d146b7f8706::roof-flat::flat:8,1.0,,flat_matched
fd6ee1a7-7243-4c9b-ad7a-5d146b7f8706,fd6ee1a7-7243-4c9b-ad7a-5d146b7f8706::ceiling-raw::0:8:0,0,8,0,0.0,,9.596,0,1.0,,0.0,fd6ee1a7-7243-4c9b-ad7a-5d146b7f8706::roof-flat::flat:8,1.0,,flat_matched
fe829d59-c9f1-4194-a40b-39600a4f27b6,fe829d59-c9f1-4194-a40b-39600a4f27b6::ceiling-raw::0:1:0,0,1,0,0.0,,8.194,0,1.0,,0.0,fe829d59-c9f1-4194-a40b-39600a4f27b6::roof-flat::flat:6,1.0,,flat_matched
fe829d59-c9f1-4194-a40b-39600a4f27b6,fe829d59-c9f1-4194-a40b-39600a4f27b6::ceiling-raw::0:2:0,0,2,0,0.0,,3.295,0,1.0,,0.0,fe829d59-c9f1-4194-a40b-39600a4f27b6::roof-flat::flat:6,1.0,,flat_matched
fe829d59-c9f1-4194-a40b-39600a4f27b6,fe829d59-c9f1-4194-a40b-39600a4f27b6::ceiling-raw::0:2:1,0,2,1,0.0,,4.055,0,1.0,,0.0,fe829d59-c9f1-4194-a40b-39600a4f27b6::roof-flat::flat:6,1.0,,flat_matched
fe829d59-c9f1-4194-a40b-39600a4f27b6,fe829d59-c9f1-4194-a40b-39600a4f27b6::ceiling-raw::1:7:0,1,7,0,0.0,,19.907,0,1.0,,0.0,fe829d59-c9f1-4194-a40b-39600a4f27b6::roof-flat::flat:7,1.0,,flat_matched
fe829d59-c9f1-4194-a40b-39600a4f27b6,fe829d59-c9f1-4194-a40b-39600a4f27b6::ceiling-raw::2:9:0,2,9,0,0.0,,3.652,1.0,1.0,fe829d59-c9f1-4194-a40b-39600a4f27b6::roof-oblique::oblique:0,1.0,fe829d59-c9f1-4194-a40b-39600a4f27b6::roof-flat::flat:9,1.0,0.719,flat_matched
fe829d59-c9f1-4194-a40b-39600a4f27b6,fe829d59-c9f1-4194-a40b-39600a4f27b6::ceiling-raw::2:9:1,2,9,1,0.0,,2.389,1.0,1.0,fe829d59-c9f1-4194-a40b-39600a4f27b6::roof-oblique::oblique:0,1.0,fe829d59-c9f1-4194-a40b-39600a4f27b6::roof-flat::flat:9,1.0,0.719,flat_matched
fe829d59-c9f1-4194-a40b-39600a4f27b6,fe829d59-c9f1-4194-a40b-39600a4f27b6::ceiling-raw::2:9:2,2,9,2,43.31,348.06,1.446,0.999,1.0,fe829d59-c9f1-4194-a40b-39600a4f27b6::roof-oblique::oblique:0,0.999,fe829d59-c9f1-4194-a40b-39600a4f27b6::roof-flat::flat:10,1.0,1.0,oblique_matched
fe829d59-c9f1-4194-a40b-39600a4f27b6,fe829d59-c9f1-4194-a40b-39600a4f27b6::ceiling-raw::2:10:0,2,10,0,0.0,,12.817,1.0,1.0,fe829d59-c9f1-4194-a40b-39600a4f27b6::roof-oblique::oblique:1,0.804,fe829d59-c9f1-4194-a40b-39600a4f27b6::roof-flat::flat:9,1.0,0.724,flat_matched
fe829d59-c9f1-4194-a40b-39600a4f27b6,fe829d59-c9f1-4194-a40b-39600a4f27b6::ceiling-raw::2:10:1,2,10,1,40.87,168.8,2.44,1.0,1.0,fe829d59-c9f1-4194-a40b-39600a4f27b6::roof-oblique::oblique:1,1.0,fe829d59-c9f1-4194-a40b-39600a4f27b6::roof-flat::flat:3,0.997,0.999,oblique_matched
fe829d59-c9f1-4194-a40b-39600a4f27b6,fe829d59-c9f1-4194-a40b-39600a4f27b6::ceiling-raw::2:11:0,2,11,0,0.0,,6.148,1.0,1.0,fe829d59-c9f1-4194-a40b-39600a4f27b6::roof-oblique::oblique:0,1.0,fe829d59-c9f1-4194-a40b-39600a4f27b6::roof-flat::flat:9,1.0,0.719,flat_matched
fe829d59-c9f1-4194-a40b-39600a4f27b6,fe829d59-c9f1-4194-a40b-39600a4f27b6::ceiling-raw::2:11:1,2,11,1,44.3,350.24,5.898,0.998,1.0,fe829d59-c9f1-4194-a40b-39600a4f27b6::roof-oblique::oblique:0,0.998,fe829d59-c9f1-4194-a40b-39600a4f27b6::roof-flat::flat:9,0.984,1.0,oblique_matched
fe829d59-c9f1-4194-a40b-39600a4f27b6,fe829d59-c9f1-4194-a40b-39600a4f27b6::ceiling-raw::2:12:0,2,12,0,0.0,,3.089,1.0,1.0,fe829d59-c9f1-4194-a40b-39600a4f27b6::roof-oblique::oblique:0,1.0,fe829d59-c9f1-4194-a40b-39600a4f27b6::roof-flat::flat:9,1.0,0.719,flat_matched
fe829d59-c9f1-4194-a40b-39600a4f27b6,fe829d59-c9f1-4194-a40b-39600a4f27b6::ceiling-raw::2:12:1,2,12,1,43.39,349.11,0.082,1.0,1.0,fe829d59-c9f1-4194-a40b-39600a4f27b6::roof-oblique::oblique:0,1.0,fe829d59-c9f1-4194-a40b-39600a4f27b6::roof-flat::flat:9,1.0,1.0,oblique_matched
fe829d59-c9f1-4194-a40b-39600a4f27b6,fe829d59-c9f1-4194-a40b-39600a4f27b6::ceiling-raw::2:12:2,2,12,2,46.72,328.55,0.292,1.0,1.0,fe829d59-c9f1-4194-a40b-39600a4f27b6::roof-oblique::oblique:0,1.0,fe829d59-c9f1-4194-a40b-39600a4f27b6::roof-flat::flat:9,1.0,0.968,oblique_matched
fe829d59-c9f1-4194-a40b-39600a4f27b6,fe829d59-c9f1-4194-a40b-39600a4f27b6::ceiling-raw::2:12:3,2,12,3,54.3,79.1,0.082,0.999,1.0,fe829d59-c9f1-4194-a40b-39600a4f27b6::roof-oblique::oblique:0,0.999,fe829d59-c9f1-4194-a40b-39600a4f27b6::roof-flat::flat:9,1.0,0.416,oblique_wrong_orientation
fe829d59-c9f1-4194-a40b-39600a4f27b6,fe829d59-c9f1-4194-a40b-39600a4f27b6::ceiling-raw::2:13:0,2,13,0,0.0,,8.331,0.999,1.0,fe829d59-c9f1-4194-a40b-39600a4f27b6::roof-oblique::oblique:1,0.999,fe829d59-c9f1-4194-a40b-39600a4f27b6::roof-flat::flat:5,1.0,0.724,flat_matched
fe829d59-c9f1-4194-a40b-39600a4f27b6,fe829d59-c9f1-4194-a40b-39600a4f27b6::ceiling-raw::2:13:1,2,13,1,46.82,169.57,1.761,1.0,1.0,fe829d59-c9f1-4194-a40b-39600a4f27b6::roof-oblique::oblique:1,1.0,fe829d59-c9f1-4194-a40b-39600a4f27b6::roof-flat::flat:9,1.0,0.998,oblique_matched
feccbd0c-0420-4775-b5b7-49b99559947e,feccbd0c-0420-4775-b5b7-49b99559947e::ceiling-raw::0:0:0,0,0,0,0.0,,14.851,0,1.0,,0.0,feccbd0c-0420-4775-b5b7-49b99559947e::roof-flat::flat:9,1.0,,flat_matched
feccbd0c-0420-4775-b5b7-49b99559947e,feccbd0c-0420-4775-b5b7-49b99559947e::ceiling-raw::0:1:0,0,1,0,0.0,,7.861,0,1.0,,0.0,feccbd0c-0420-4775-b5b7-49b99559947e::roof-flat::flat:9,1.0,,flat_matched
feccbd0c-0420-4775-b5b7-49b99559947e,feccbd0c-0420-4775-b5b7-49b99559947e::ceiling-raw::0:2:0,0,2,0,0.0,,24.547,0,1.0,,0.0,feccbd0c-0420-4775-b5b7-49b99559947e::roof-flat::flat:9,1.0,,flat_matched
feccbd0c-0420-4775-b5b7-49b99559947e,feccbd0c-0420-4775-b5b7-49b99559947e::ceiling-raw::0:3:0,0,3,0,0.0,,9.297,0,1.0,,0.0,feccbd0c-0420-4775-b5b7-49b99559947e::roof-flat::flat:9,1.0,,flat_matched
feccbd0c-0420-4775-b5b7-49b99559947e,feccbd0c-0420-4775-b5b7-49b99559947e::ceiling-raw::0:4:0,0,4,0,0.0,,0.062,0,1.0,,0.0,feccbd0c-0420-4775-b5b7-49b99559947e::roof-flat::flat:3,1.0,,flat_matched
feccbd0c-0420-4775-b5b7-49b99559947e,feccbd0c-0420-4775-b5b7-49b99559947e::ceiling-raw::0:4:1,0,4,1,6.26,207.59,0.577,0,1.0,,0.0,feccbd0c-0420-4775-b5b7-49b99559947e::roof-flat::flat:3,1.0,,oblique_covered_by_flat
feccbd0c-0420-4775-b5b7-49b99559947e,feccbd0c-0420-4775-b5b7-49b99559947e::ceiling-raw::0:4:2,0,4,2,13.86,283.68,0.516,0,1.0,,0.0,feccbd0c-0420-4775-b5b7-49b99559947e::roof-flat::flat:3,1.0,,oblique_covered_by_flat
feccbd0c-0420-4775-b5b7-49b99559947e,feccbd0c-0420-4775-b5b7-49b99559947e::ceiling-raw::0:4:3,0,4,3,15.04,260.34,1.418,0,1.0,,0.0,feccbd0c-0420-4775-b5b7-49b99559947e::roof-flat::flat:3,1.0,,oblique_covered_by_flat
feccbd0c-0420-4775-b5b7-49b99559947e,feccbd0c-0420-4775-b5b7-49b99559947e::ceiling-raw::0:4:4,0,4,4,23.05,293.94,1.418,0,1.0,,0.0,feccbd0c-0420-4775-b5b7-49b99559947e::roof-flat::flat:3,1.0,,oblique_covered_by_flat
feccbd0c-0420-4775-b5b7-49b99559947e,feccbd0c-0420-4775-b5b7-49b99559947e::ceiling-raw::0:5:0,0,5,0,0.0,,3.117,0,1.0,,0.0,feccbd0c-0420-4775-b5b7-49b99559947e::roof-flat::flat:9,1.0,,flat_matched
feccbd0c-0420-4775-b5b7-49b99559947e,feccbd0c-0420-4775-b5b7-49b99559947e::ceiling-raw::0:6:0,0,6,0,0.0,,6.509,0,1.0,,0.0,feccbd0c-0420-4775-b5b7-49b99559947e::roof-flat::flat:9,1.0,,flat_matched
feccbd0c-0420-4775-b5b7-49b99559947e,feccbd0c-0420-4775-b5b7-49b99559947e::ceiling-raw::0:7:0,0,7,0,0.0,,7.383,0,1.0,,0.0,feccbd0c-0420-4775-b5b7-49b99559947e::roof-flat::flat:9,1.0,,flat_matched
feccbd0c-0420-4775-b5b7-49b99559947e,feccbd0c-0420-4775-b5b7-49b99559947e::ceiling-raw::0:8:0,0,8,0,0.0,,5.553,0,1.0,,0.0,feccbd0c-0420-4775-b5b7-49b99559947e::roof-flat::flat:9,1.0,,flat_matched
feccbd0c-0420-4775-b5b7-49b99559947e,feccbd0c-0420-4775-b5b7-49b99559947e::ceiling-raw::0:9:0,0,9,0,0.0,,8.6,0,1.0,,0.0,feccbd0c-0420-4775-b5b7-49b99559947e::roof-flat::flat:10,1.0,,flat_matched
