uuid,story,room_index,n_planes,n_oblique_raw,raw_majority_class,pipeline_class,raw_vs_pipeline_agrees,incl_p50_deg,classification_counts
016980bc-6762-4022-bfbf-17df4112e10c,0,0,1,0,flat,none,False,0.0,"{""uncovered"": 1}"
016980bc-6762-4022-bfbf-17df4112e10c,1,6,1,0,flat,flat,True,0.0,"{""flat_matched"": 1}"
016980bc-6762-4022-bfbf-17df4112e10c,2,9,2,1,flat,mixed,False,22.66,"{""flat_matched"": 1, ""oblique_covered_by_flat"": 1}"
016980bc-6762-4022-bfbf-17df4112e10c,2,10,4,3,oblique,mixed,False,42.57,"{""flat_matched"": 1, ""oblique_matched"": 2, ""oblique_covered_by_flat"": 1}"
016980bc-6762-4022-bfbf-17df4112e10c,2,11,2,1,flat,flat,True,22.09,"{""flat_matched"": 1, ""oblique_covered_by_flat"": 1}"
019e1376-9762-42d6-8520-b664b8c752df,1,0,4,3,oblique,mixed,False,20.63,"{""flat_matched"": 1, ""oblique_matched"": 3}"
019e1376-9762-42d6-8520-b664b8c752df,1,1,2,1,flat,mixed,False,12.39,"{""flat_matched"": 1, ""oblique_matched"": 1}"
019e1376-9762-42d6-8520-b664b8c752df,1,3,2,1,flat,mixed,False,13.3,"{""flat_matched"": 1, ""oblique_matched"": 1}"
019e1376-9762-42d6-8520-b664b8c752df,1,4,3,2,oblique,mixed,False,11.06,"{""flat_matched"": 1, ""oblique_matched"": 1, ""oblique_covered_by_flat"": 1}"
019e1376-9762-42d6-8520-b664b8c752df,0,5,1,0,flat,flat,True,0.0,"{""flat_matched"": 1}"
019e1376-9762-42d6-8520-b664b8c752df,1,6,2,1,flat,mixed,False,12.23,"{""flat_matched"": 1, ""oblique_matched"": 1}"
0430ebc2-236b-4b5d-991f-3e97ad246b78,0,0,1,0,flat,flat,True,0.0,"{""flat_matched"": 1}"
0430ebc2-236b-4b5d-991f-3e97ad246b78,0,1,1,0,flat,flat,True,0.0,"{""flat_matched"": 1}"
0430ebc2-236b-4b5d-991f-3e97ad246b78,0,2,1,0,flat,flat,True,0.0,"{""flat_matched"": 1}"
0430ebc2-236b-4b5d-991f-3e97ad246b78,0,3,1,0,flat,flat,True,0.0,"{""flat_matched"": 1}"
0430ebc2-236b-4b5d-991f-3e97ad246b78,0,4,1,0,flat,flat,True,0.0,"{""flat_matched"": 1}"
0430ebc2-236b-4b5d-991f-3e97ad246b78,0,5,1,0,flat,flat,True,0.0,"{""flat_matched"": 1}"
0430ebc2-236b-4b5d-991f-3e97ad246b78,0,6,2,0,flat,flat,True,0.0,"{""flat_matched"": 2}"
0430ebc2-236b-4b5d-991f-3e97ad246b78,0,7,1,0,flat,flat,True,0.0,"{""flat_matched"": 1}"
05cecad4-119e-4dd2-beaf-d4af36973644,0,0,1,0,flat,flat,True,0.0,"{""flat_matched"": 1}"
05cecad4-119e-4dd2-beaf-d4af36973644,0,1,1,0,flat,flat,True,0.0,"{""flat_matched"": 1}"
05cecad4-119e-4dd2-beaf-d4af36973644,0,2,1,0,flat,flat,True,0.0,"{""flat_matched"": 1}"
05cecad4-119e-4dd2-beaf-d4af36973644,0,3,1,0,flat,flat,True,0.0,"{""flat_matched"": 1}"
05cecad4-119e-4dd2-beaf-d4af36973644,0,4,1,0,flat,flat,True,0.0,"{""flat_matched"": 1}"
05cecad4-119e-4dd2-beaf-d4af36973644,0,5,1,0,flat,flat,True,0.0,"{""flat_matched"": 1}"
05cecad4-119e-4dd2-beaf-d4af36973644,0,6,2,1,flat,flat,True,12.29,"{""flat_matched"": 1, ""oblique_covered_by_flat"": 1}"
0a5032e9-85a0-4970-9143-c430bbdaa0f5,0,0,1,0,flat,mixed,False,0.0,"{""flat_matched"": 1}"
0a5032e9-85a0-4970-9143-c430bbdaa0f5,0,1,1,0,flat,mixed,False,0.0,"{""flat_matched"": 1}"
0a5032e9-85a0-4970-9143-c430bbdaa0f5,0,2,3,3,oblique,mixed,False,12.83,"{""oblique_matched"": 3}"
0a5032e9-85a0-4970-9143-c430bbdaa0f5,0,3,2,0,flat,mixed,False,0.0,"{""flat_matched"": 2}"
0a5032e9-85a0-4970-9143-c430bbdaa0f5,0,6,2,0,flat,mixed,False,0.0,"{""flat_matched"": 2}"
0a5032e9-85a0-4970-9143-c430bbdaa0f5,0,7,1,0,flat,mixed,False,0.0,"{""flat_matched"": 1}"
0a5032e9-85a0-4970-9143-c430bbdaa0f5,0,8,1,0,flat,mixed,False,0.0,"{""flat_matched"": 1}"
0b75d30e-c50c-4fc6-88ff-fce983078aa4,1,0,26,22,oblique,oblique,True,49.88,"{""flat_covered_by_oblique"": 4, ""oblique_matched"": 8, ""oblique_wrong_orientation"": 12, ""near_vertical_skip"": 2}"
0b75d30e-c50c-4fc6-88ff-fce983078aa4,0,1,2,0,flat,flat,True,0.0,"{""flat_matched"": 2}"
0b75d30e-c50c-4fc6-88ff-fce983078aa4,0,2,1,0,flat,flat,True,0.0,"{""flat_matched"": 1}"
0b75d30e-c50c-4fc6-88ff-fce983078aa4,0,4,3,2,oblique,flat,False,6.36,"{""flat_matched"": 1, ""oblique_covered_by_flat"": 2}"
0b75d30e-c50c-4fc6-88ff-fce983078aa4,0,5,1,1,oblique,flat,False,6.38,"{""oblique_covered_by_flat"": 1}"
0ce3ac3a-93ce-4ac0-9704-3cf7d31a636d,0,0,1,0,flat,flat,True,0.0,"{""flat_matched"": 1}"
0ce3ac3a-93ce-4ac0-9704-3cf7d31a636d,0,1,1,0,flat,flat,True,0.0,"{""flat_matched"": 1}"
0ce3ac3a-93ce-4ac0-9704-3cf7d31a636d,0,2,1,0,flat,flat,True,0.0,"{""flat_matched"": 1}"
0ce3ac3a-93ce-4ac0-9704-3cf7d31a636d,0,3,5,3,oblique,flat,False,8.95,"{""flat_matched"": 2, ""oblique_covered_by_flat"": 3}"
0ce3ac3a-93ce-4ac0-9704-3cf7d31a636d,0,4,1,0,flat,flat,True,0.0,"{""flat_matched"": 1}"
0ce3ac3a-93ce-4ac0-9704-3cf7d31a636d,0,5,1,0,flat,flat,True,0.0,"{""flat_matched"": 1}"
0ce3ac3a-93ce-4ac0-9704-3cf7d31a636d,0,6,2,1,flat,flat,True,5.52,"{""flat_matched"": 1, ""oblique_covered_by_flat"": 1}"
0d3f2993-8386-4130-8f1c-b2938c410828,1,0,6,4,oblique,flat,False,51.01,"{""flat_matched"": 2, ""oblique_covered_by_flat"": 4}"
0d3f2993-8386-4130-8f1c-b2938c410828,1,1,10,8,oblique,mixed,False,45.22,"{""flat_matched"": 2, ""oblique_covered_by_flat"": 4, ""oblique_wrong_orientation"": 1, ""oblique_matched"": 3}"
0d3f2993-8386-4130-8f1c-b2938c410828,1,2,2,1,flat,flat,True,23.98,"{""flat_matched"": 1, ""oblique_covered_by_flat"": 1}"
0d3f2993-8386-4130-8f1c-b2938c410828,1,3,3,2,oblique,flat,False,43.27,"{""flat_matched"": 1, ""oblique_covered_by_flat"": 2}"
0d3f2993-8386-4130-8f1c-b2938c410828,1,4,8,6,oblique,mixed,False,40.48,"{""flat_matched"": 2, ""oblique_wrong_orientation"": 3, ""oblique_matched"": 3}"
0d3f2993-8386-4130-8f1c-b2938c410828,1,5,5,4,oblique,flat,False,47.73,"{""flat_matched"": 1, ""oblique_covered_by_flat"": 4}"
0d3f2993-8386-4130-8f1c-b2938c410828,1,6,6,4,oblique,flat,False,26.94,"{""flat_matched"": 2, ""oblique_covered_by_flat"": 4}"
0d3f2993-8386-4130-8f1c-b2938c410828,0,7,1,0,flat,flat,True,0.0,"{""flat_matched"": 1}"
0d3f2993-8386-4130-8f1c-b2938c410828,0,10,1,0,flat,flat,True,0.0,"{""flat_matched"": 1}"
0f911051-6084-4f0d-8f9a-24fc5b20f6ff,0,0,1,0,flat,flat,True,0.0,"{""flat_matched"": 1}"
0f911051-6084-4f0d-8f9a-24fc5b20f6ff,0,1,1,0,flat,flat,True,0.0,"{""flat_matched"": 1}"
0f911051-6084-4f0d-8f9a-24fc5b20f6ff,0,2,1,0,flat,flat,True,0.0,"{""flat_matched"": 1}"
0f911051-6084-4f0d-8f9a-24fc5b20f6ff,0,3,1,0,flat,flat,True,0.0,"{""flat_matched"": 1}"
0f911051-6084-4f0d-8f9a-24fc5b20f6ff,0,4,1,0,flat,flat,True,0.0,"{""flat_matched"": 1}"
0f911051-6084-4f0d-8f9a-24fc5b20f6ff,0,5,1,0,flat,flat,True,0.0,"{""flat_matched"": 1}"
0f911051-6084-4f0d-8f9a-24fc5b20f6ff,0,6,2,0,flat,flat,True,0.0,"{""flat_matched"": 2}"
0f911051-6084-4f0d-8f9a-24fc5b20f6ff,0,7,2,0,flat,flat,True,0.0,"{""flat_matched"": 2}"
0f911051-6084-4f0d-8f9a-24fc5b20f6ff,0,8,1,0,flat,flat,True,0.0,"{""flat_matched"": 1}"
0f911051-6084-4f0d-8f9a-24fc5b20f6ff,0,9,1,0,flat,flat,True,0.0,"{""flat_matched"": 1}"
0f911051-6084-4f0d-8f9a-24fc5b20f6ff,0,10,1,0,flat,flat,True,0.0,"{""flat_matched"": 1}"
0f911051-6084-4f0d-8f9a-24fc5b20f6ff,0,11,1,0,flat,flat,True,1.42,"{""flat_matched"": 1}"
0fe789ce-e653-4828-863c-0f6ce7fee21d,1,0,3,2,oblique,mixed,False,22.65,"{""flat_matched"": 1, ""oblique_matched"": 2}"
0fe789ce-e653-4828-863c-0f6ce7fee21d,1,1,2,2,oblique,mixed,False,24.62,"{""oblique_wrong_orientation"": 1, ""oblique_matched"": 1}"
0fe789ce-e653-4828-863c-0f6ce7fee21d,1,3,18,15,oblique,mixed,False,18.8,"{""flat_matched"": 3, ""oblique_wrong_orientation"": 8, ""oblique_matched"": 7}"
0fe789ce-e653-4828-863c-0f6ce7fee21d,0,4,1,0,flat,flat,True,0.0,"{""flat_matched"": 1}"
0fe789ce-e653-4828-863c-0f6ce7fee21d,0,7,1,0,flat,flat,True,0.0,"{""flat_matched"": 1}"
107e8496-9bff-42bb-b776-720f44b70e55,0,0,1,0,flat,flat,True,0.0,"{""flat_matched"": 1}"
107e8496-9bff-42bb-b776-720f44b70e55,0,1,1,0,flat,flat,True,0.0,"{""flat_matched"": 1}"
107e8496-9bff-42bb-b776-720f44b70e55,0,2,1,0,flat,flat,True,0.0,"{""flat_matched"": 1}"
107e8496-9bff-42bb-b776-720f44b70e55,0,3,1,0,flat,flat,True,0.0,"{""flat_matched"": 1}"
107e8496-9bff-42bb-b776-720f44b70e55,0,4,1,0,flat,flat,True,0.0,"{""flat_matched"": 1}"
107e8496-9bff-42bb-b776-720f44b70e55,0,5,1,0,flat,flat,True,0.0,"{""flat_matched"": 1}"
107e8496-9bff-42bb-b776-720f44b70e55,0,6,1,0,flat,flat,True,0.0,"{""flat_matched"": 1}"
107e8496-9bff-42bb-b776-720f44b70e55,0,7,1,1,oblique,oblique,True,19.14,"{""oblique_matched"": 1}"
107e8496-9bff-42bb-b776-720f44b70e55,0,8,1,1,oblique,mixed,False,17.48,"{""oblique_matched"": 1}"
10d27382-8fce-456b-897d-3d5194ff5de5,1,0,1,0,flat,flat,True,0.0,"{""flat_matched"": 1}"
10d27382-8fce-456b-897d-3d5194ff5de5,1,1,1,0,flat,flat,True,0.0,"{""flat_matched"": 1}"
10d27382-8fce-456b-897d-3d5194ff5de5,1,2,1,0,flat,flat,True,0.0,"{""flat_matched"": 1}"
10d27382-8fce-456b-897d-3d5194ff5de5,1,3,1,0,flat,flat,True,0.0,"{""flat_matched"": 1}"
10d27382-8fce-456b-897d-3d5194ff5de5,1,4,1,0,flat,flat,True,0.0,"{""flat_matched"": 1}"
10d27382-8fce-456b-897d-3d5194ff5de5,1,5,1,0,flat,flat,True,0.0,"{""flat_matched"": 1}"
10d27382-8fce-456b-897d-3d5194ff5de5,1,6,1,0,flat,flat,True,0.0,"{""flat_matched"": 1}"
10d27382-8fce-456b-897d-3d5194ff5de5,1,7,1,0,flat,flat,True,0.0,"{""flat_matched"": 1}"
10d27382-8fce-456b-897d-3d5194ff5de5,0,8,1,0,flat,flat,True,0.0,"{""flat_matched"": 1}"
117d172e-00d6-436e-8df2-050f25977602,0,1,1,0,flat,flat,True,0.0,"{""flat_matched"": 1}"
117d172e-00d6-436e-8df2-050f25977602,0,2,1,0,flat,none,False,0.0,"{""uncovered"": 1}"
117d172e-00d6-436e-8df2-050f25977602,1,5,5,4,oblique,oblique,True,44.8,"{""flat_covered_by_oblique"": 1, ""oblique_matched"": 4}"
117d172e-00d6-436e-8df2-050f25977602,1,6,20,18,oblique,oblique,True,42.81,"{""oblique_wrong_orientation"": 5, ""oblique_matched"": 13, ""flat_covered_by_oblique"": 2}"
117d172e-00d6-436e-8df2-050f25977602,1,7,2,1,flat,oblique,False,23.08,"{""flat_covered_by_oblique"": 1, ""oblique_matched"": 1}"
117d172e-00d6-436e-8df2-050f25977602,1,8,2,1,flat,oblique,False,22.59,"{""flat_covered_by_oblique"": 1, ""oblique_matched"": 1}"
121ff4c2-ec13-46b8-b557-b31775259e5d,0,0,1,0,flat,flat,True,0.0,"{""flat_matched"": 1}"
121ff4c2-ec13-46b8-b557-b31775259e5d,0,1,1,0,flat,flat,True,0.0,"{""flat_matched"": 1}"
121ff4c2-ec13-46b8-b557-b31775259e5d,0,2,1,0,flat,flat,True,0.0,"{""flat_matched"": 1}"
121ff4c2-ec13-46b8-b557-b31775259e5d,0,3,1,1,oblique,flat,False,24.66,"{""oblique_covered_by_flat"": 1}"
121ff4c2-ec13-46b8-b557-b31775259e5d,0,4,1,0,flat,flat,True,0.0,"{""flat_matched"": 1}"
121ff4c2-ec13-46b8-b557-b31775259e5d,0,5,1,0,flat,flat,True,0.0,"{""flat_matched"": 1}"
121ff4c2-ec13-46b8-b557-b31775259e5d,0,6,1,0,flat,flat,True,0.0,"{""flat_matched"": 1}"
146ecf8b-ffa1-4239-ba58-040b61861fd9,0,0,4,3,oblique,mixed,False,35.15,"{""flat_matched"": 1, ""oblique_matched"": 3}"
146ecf8b-ffa1-4239-ba58-040b61861fd9,0,1,4,3,oblique,mixed,False,26.07,"{""flat_matched"": 1, ""oblique_matched"": 2, ""oblique_wrong_orientation"": 1}"
146ecf8b-ffa1-4239-ba58-040b61861fd9,0,2,1,0,flat,mixed,False,0.0,"{""flat_matched"": 1}"
146ecf8b-ffa1-4239-ba58-040b61861fd9,1,4,10,9,oblique,oblique,True,54.94,"{""flat_covered_by_oblique"": 1, ""oblique_wrong_orientation"": 4, ""oblique_matched"": 5}"
146ecf8b-ffa1-4239-ba58-040b61861fd9,1,5,1,0,flat,oblique,False,0.0,"{""flat_covered_by_oblique"": 1}"
146ecf8b-ffa1-4239-ba58-040b61861fd9,1,6,4,3,oblique,oblique,True,20.38,"{""flat_covered_by_oblique"": 1, ""oblique_wrong_orientation"": 1, ""oblique_matched"": 2}"
16784bad-2cd9-4f4c-bb26-60355981cfe2,1,0,10,9,oblique,oblique,True,46.4,"{""flat_covered_by_oblique"": 1, ""oblique_wrong_orientation"": 3, ""oblique_matched"": 4, ""oblique_partial"": 2}"
16784bad-2cd9-4f4c-bb26-60355981cfe2,1,1,2,1,flat,oblique,False,22.61,"{""flat_covered_by_oblique"": 1, ""oblique_matched"": 1}"
16784bad-2cd9-4f4c-bb26-60355981cfe2,1,2,3,2,oblique,oblique,True,46.07,"{""flat_covered_by_oblique"": 1, ""oblique_matched"": 2}"
16784bad-2cd9-4f4c-bb26-60355981cfe2,1,3,6,4,oblique,oblique,True,41.0,"{""flat_covered_by_oblique"": 2, ""oblique_wrong_orientation"": 3, ""oblique_matched"": 1}"
16784bad-2cd9-4f4c-bb26-60355981cfe2,1,4,3,2,oblique,oblique,True,47.9,"{""flat_partial"": 1, ""oblique_matched"": 1, ""uncovered"": 1}"
16784bad-2cd9-4f4c-bb26-60355981cfe2,1,5,2,1,flat,oblique,False,23.14,"{""flat_covered_by_oblique"": 1, ""oblique_wrong_orientation"": 1}"
1825a812-09d0-4407-9265-182a07053cfc,0,0,1,0,flat,flat,True,0.0,"{""flat_matched"": 1}"
1825a812-09d0-4407-9265-182a07053cfc,0,1,1,0,flat,flat,True,0.0,"{""flat_matched"": 1}"
1825a812-09d0-4407-9265-182a07053cfc,0,2,1,0,flat,flat,True,0.0,"{""flat_matched"": 1}"
1825a812-09d0-4407-9265-182a07053cfc,0,3,1,0,flat,flat,True,0.0,"{""flat_matched"": 1}"
1825a812-09d0-4407-9265-182a07053cfc,0,4,1,0,flat,flat,True,0.0,"{""flat_matched"": 1}"
1825a812-09d0-4407-9265-182a07053cfc,0,5,1,0,flat,flat,True,0.0,"{""flat_matched"": 1}"
1825a812-09d0-4407-9265-182a07053cfc,0,6,1,0,flat,flat,True,0.0,"{""flat_matched"": 1}"
1825a812-09d0-4407-9265-182a07053cfc,0,7,1,0,flat,flat,True,0.0,"{""flat_matched"": 1}"
1825a812-09d0-4407-9265-182a07053cfc,0,8,1,0,flat,flat,True,0.0,"{""flat_matched"": 1}"
1825a812-09d0-4407-9265-182a07053cfc,0,9,1,0,flat,flat,True,0.0,"{""flat_matched"": 1}"
1825a812-09d0-4407-9265-182a07053cfc,0,10,4,2,flat,flat,True,3.96,"{""flat_matched"": 2, ""oblique_covered_by_flat"": 2}"
1900be91-8684-4316-98e2-c4fef6e6296f,1,0,16,14,oblique,oblique,True,46.69,"{""flat_covered_by_oblique"": 2, ""oblique_wrong_orientation"": 3, ""oblique_matched"": 11}"
1900be91-8684-4316-98e2-c4fef6e6296f,1,1,16,14,oblique,oblique,True,45.95,"{""flat_covered_by_oblique"": 2, ""oblique_wrong_orientation"": 4, ""oblique_matched"": 10}"
1900be91-8684-4316-98e2-c4fef6e6296f,1,2,4,2,flat,oblique,False,24.78,"{""flat_covered_by_oblique"": 2, ""oblique_matched"": 2}"
1900be91-8684-4316-98e2-c4fef6e6296f,1,3,1,1,oblique,oblique,True,46.25,"{""oblique_matched"": 1}"
1900be91-8684-4316-98e2-c4fef6e6296f,0,4,1,0,flat,flat,True,0.0,"{""flat_matched"": 1}"
1900be91-8684-4316-98e2-c4fef6e6296f,0,5,2,0,flat,flat,True,0.0,"{""flat_matched"": 2}"
1900be91-8684-4316-98e2-c4fef6e6296f,0,6,1,0,flat,flat,True,0.0,"{""flat_matched"": 1}"
1900be91-8684-4316-98e2-c4fef6e6296f,0,8,1,1,oblique,flat,False,6.68,"{""oblique_covered_by_flat"": 1}"
1900be91-8684-4316-98e2-c4fef6e6296f,0,10,1,0,flat,flat,True,0.0,"{""flat_matched"": 1}"
1900be91-8684-4316-98e2-c4fef6e6296f,0,11,4,3,oblique,flat,False,9.76,"{""flat_matched"": 1, ""oblique_covered_by_flat"": 3}"
191e11c0-fd47-489c-9e3d-c8072713a761,0,1,1,0,flat,flat,True,0.0,"{""flat_matched"": 1}"
191e11c0-fd47-489c-9e3d-c8072713a761,0,2,1,0,flat,flat,True,0.0,"{""flat_matched"": 1}"
191e11c0-fd47-489c-9e3d-c8072713a761,0,3,2,0,flat,flat,True,0.0,"{""flat_matched"": 2}"
191e11c0-fd47-489c-9e3d-c8072713a761,0,4,1,0,flat,flat,True,0.0,"{""flat_matched"": 1}"
191e11c0-fd47-489c-9e3d-c8072713a761,0,5,1,0,flat,flat,True,0.0,"{""flat_matched"": 1}"
191e11c0-fd47-489c-9e3d-c8072713a761,0,6,2,0,flat,flat,True,0.0,"{""flat_matched"": 2}"
193c3c70-2271-4c42-ab2c-586e1d64d4cb,0,0,1,0,flat,flat,True,0.0,"{""flat_matched"": 1}"
193c3c70-2271-4c42-ab2c-586e1d64d4cb,0,1,1,0,flat,flat,True,0.0,"{""flat_matched"": 1}"
193c3c70-2271-4c42-ab2c-586e1d64d4cb,0,2,1,0,flat,flat,True,0.0,"{""flat_matched"": 1}"
193c3c70-2271-4c42-ab2c-586e1d64d4cb,0,3,1,0,flat,flat,True,0.0,"{""flat_matched"": 1}"
193c3c70-2271-4c42-ab2c-586e1d64d4cb,0,4,1,0,flat,flat,True,0.0,"{""flat_matched"": 1}"
193c3c70-2271-4c42-ab2c-586e1d64d4cb,0,5,1,0,flat,flat,True,0.0,"{""flat_matched"": 1}"
19459014-f39b-4bf6-945e-c5b50930dea3,0,0,2,0,flat,flat,True,0.0,"{""flat_matched"": 2}"
19459014-f39b-4bf6-945e-c5b50930dea3,0,2,1,0,flat,flat,True,0.0,"{""flat_matched"": 1}"
19459014-f39b-4bf6-945e-c5b50930dea3,0,5,1,0,flat,flat,True,0.0,"{""flat_matched"": 1}"
19459014-f39b-4bf6-945e-c5b50930dea3,0,6,1,0,flat,flat,True,0.0,"{""flat_matched"": 1}"
19459014-f39b-4bf6-945e-c5b50930dea3,1,8,5,4,oblique,oblique,True,43.19,"{""oblique_matched"": 4, ""flat_covered_by_oblique"": 1}"
19459014-f39b-4bf6-945e-c5b50930dea3,1,9,2,1,flat,oblique,False,21.45,"{""flat_covered_by_oblique"": 1, ""oblique_matched"": 1}"
19459014-f39b-4bf6-945e-c5b50930dea3,1,10,2,1,flat,oblique,False,21.68,"{""flat_covered_by_oblique"": 1, ""oblique_matched"": 1}"
19bf6498-09eb-4c62-8fc8-8623942351ba,0,0,1,0,flat,flat,True,0.0,"{""flat_matched"": 1}"
19bf6498-09eb-4c62-8fc8-8623942351ba,0,1,1,0,flat,flat,True,0.0,"{""flat_matched"": 1}"
19bf6498-09eb-4c62-8fc8-8623942351ba,0,2,1,0,flat,flat,True,0.0,"{""flat_matched"": 1}"
19bf6498-09eb-4c62-8fc8-8623942351ba,0,3,1,0,flat,flat,True,0.0,"{""flat_matched"": 1}"
19bf6498-09eb-4c62-8fc8-8623942351ba,0,4,1,0,flat,flat,True,0.0,"{""flat_matched"": 1}"
19bf6498-09eb-4c62-8fc8-8623942351ba,0,5,1,0,flat,flat,True,0.0,"{""flat_matched"": 1}"
19bf6498-09eb-4c62-8fc8-8623942351ba,0,6,1,0,flat,flat,True,0.0,"{""flat_matched"": 1}"
19bf6498-09eb-4c62-8fc8-8623942351ba,0,7,1,0,flat,flat,True,0.0,"{""flat_matched"": 1}"
19bf6498-09eb-4c62-8fc8-8623942351ba,0,8,1,0,flat,flat,True,0.0,"{""flat_matched"": 1}"
1a453338-ca2e-49d0-9bd2-da33c07fd348,0,0,1,0,flat,flat,True,0.0,"{""flat_matched"": 1}"
1a453338-ca2e-49d0-9bd2-da33c07fd348,0,1,1,0,flat,flat,True,0.0,"{""flat_matched"": 1}"
1a453338-ca2e-49d0-9bd2-da33c07fd348,0,2,1,0,flat,flat,True,0.0,"{""flat_matched"": 1}"
1a453338-ca2e-49d0-9bd2-da33c07fd348,0,3,1,0,flat,flat,True,0.0,"{""flat_matched"": 1}"
1a453338-ca2e-49d0-9bd2-da33c07fd348,0,4,1,0,flat,flat,True,0.0,"{""flat_matched"": 1}"
1a453338-ca2e-49d0-9bd2-da33c07fd348,0,5,1,0,flat,flat,True,0.0,"{""flat_matched"": 1}"
1a453338-ca2e-49d0-9bd2-da33c07fd348,0,6,1,0,flat,flat,True,0.0,"{""flat_matched"": 1}"
1a453338-ca2e-49d0-9bd2-da33c07fd348,0,7,1,0,flat,flat,True,0.0,"{""flat_matched"": 1}"
1a453338-ca2e-49d0-9bd2-da33c07fd348,0,8,1,0,flat,flat,True,0.0,"{""flat_matched"": 1}"
1a453338-ca2e-49d0-9bd2-da33c07fd348,0,9,1,0,flat,flat,True,0.0,"{""flat_matched"": 1}"
1d26eda3-c927-4cdf-a3b0-218036828a55,1,0,6,4,oblique,mixed,False,11.18,"{""flat_matched"": 2, ""oblique_covered_by_flat"": 3, ""oblique_matched"": 1}"
1d26eda3-c927-4cdf-a3b0-218036828a55,1,1,15,13,oblique,mixed,False,52.47,"{""flat_matched"": 2, ""oblique_covered_by_flat"": 6, ""oblique_matched"": 5, ""oblique_wrong_orientation"": 2}"
1d26eda3-c927-4cdf-a3b0-218036828a55,1,2,14,11,oblique,mixed,False,26.7,"{""flat_matched"": 3, ""oblique_wrong_orientation"": 6, ""oblique_matched"": 5}"
1d26eda3-c927-4cdf-a3b0-218036828a55,1,3,3,2,oblique,mixed,False,50.18,"{""flat_matched"": 1, ""oblique_matched"": 2}"
1d26eda3-c927-4cdf-a3b0-218036828a55,1,4,1,0,flat,flat,True,0.0,"{""flat_matched"": 1}"
1d26eda3-c927-4cdf-a3b0-218036828a55,1,5,2,1,flat,flat,True,19.91,"{""flat_matched"": 1, ""oblique_covered_by_flat"": 1}"
1d26eda3-c927-4cdf-a3b0-218036828a55,0,6,2,0,flat,flat,True,0.0,"{""flat_matched"": 2}"
1d26eda3-c927-4cdf-a3b0-218036828a55,1,9,1,0,flat,flat,True,0.0,"{""flat_matched"": 1}"
1f03f6e0-dfe6-4b25-bb45-f44ad146c0a3,1,0,38,32,oblique,flat,False,33.82,"{""flat_matched"": 6, ""oblique_covered_by_flat"": 32}"
1f03f6e0-dfe6-4b25-bb45-f44ad146c0a3,1,1,25,21,oblique,mixed,False,49.54,"{""flat_matched"": 4, ""oblique_matched"": 7, ""oblique_covered_by_flat"": 12, ""oblique_wrong_orientation"": 1, ""near_vertical_skip"": 1}"
1f03f6e0-dfe6-4b25-bb45-f44ad146c0a3,1,2,4,3,oblique,flat,False,46.47,"{""flat_matched"": 1, ""oblique_covered_by_flat"": 3}"
1f03f6e0-dfe6-4b25-bb45-f44ad146c0a3,1,3,5,3,oblique,mixed,False,46.59,"{""flat_matched"": 2, ""oblique_matched"": 2, ""oblique_covered_by_flat"": 1}"
1f03f6e0-dfe6-4b25-bb45-f44ad146c0a3,1,4,4,3,oblique,mixed,False,43.73,"{""flat_matched"": 1, ""oblique_matched"": 1, ""oblique_wrong_orientation"": 2}"
1f03f6e0-dfe6-4b25-bb45-f44ad146c0a3,1,5,3,2,oblique,mixed,False,44.21,"{""flat_matched"": 1, ""oblique_wrong_orientation"": 1, ""oblique_covered_by_flat"": 1}"
1f03f6e0-dfe6-4b25-bb45-f44ad146c0a3,1,6,26,24,oblique,mixed,False,47.59,"{""flat_matched"": 2, ""oblique_wrong_orientation"": 17, ""oblique_covered_by_flat"": 1, ""oblique_matched"": 6}"
1f03f6e0-dfe6-4b25-bb45-f44ad146c0a3,1,7,7,6,oblique,mixed,False,48.49,"{""flat_matched"": 1, ""oblique_covered_by_flat"": 4, ""oblique_wrong_orientation"": 1, ""near_vertical_skip"": 1}"
1f03f6e0-dfe6-4b25-bb45-f44ad146c0a3,1,9,1,0,flat,flat,True,0.0,"{""flat_matched"": 1}"
1f03f6e0-dfe6-4b25-bb45-f44ad146c0a3,1,10,2,1,flat,flat,True,9.88,"{""flat_matched"": 1, ""oblique_covered_by_flat"": 1}"
1f03f6e0-dfe6-4b25-bb45-f44ad146c0a3,1,11,1,0,flat,flat,True,0.0,"{""flat_matched"": 1}"
1f03f6e0-dfe6-4b25-bb45-f44ad146c0a3,1,12,1,0,flat,flat,True,1.37,"{""flat_matched"": 1}"
1f03f6e0-dfe6-4b25-bb45-f44ad146c0a3,1,13,4,2,flat,flat,True,4.89,"{""flat_matched"": 2, ""oblique_covered_by_flat"": 2}"
1f03f6e0-dfe6-4b25-bb45-f44ad146c0a3,1,14,6,4,oblique,flat,False,12.31,"{""flat_matched"": 2, ""oblique_covered_by_flat"": 4}"
1f03f6e0-dfe6-4b25-bb45-f44ad146c0a3,1,15,2,1,flat,flat,True,6.52,"{""flat_matched"": 1, ""oblique_covered_by_flat"": 1}"
1f03f6e0-dfe6-4b25-bb45-f44ad146c0a3,1,16,3,1,flat,flat,True,1.61,"{""flat_matched"": 2, ""oblique_covered_by_flat"": 1}"
1f03f6e0-dfe6-4b25-bb45-f44ad146c0a3,1,17,1,0,flat,flat,True,0.0,"{""flat_matched"": 1}"
1f03f6e0-dfe6-4b25-bb45-f44ad146c0a3,1,18,2,1,flat,flat,True,20.9,"{""flat_matched"": 1, ""oblique_covered_by_flat"": 1}"
1f03f6e0-dfe6-4b25-bb45-f44ad146c0a3,1,19,1,0,flat,flat,True,0.0,"{""flat_matched"": 1}"
1f03f6e0-dfe6-4b25-bb45-f44ad146c0a3,1,20,3,1,flat,flat,True,0.0,"{""flat_matched"": 2, ""oblique_covered_by_flat"": 1}"
1f03f6e0-dfe6-4b25-bb45-f44ad146c0a3,0,23,2,0,flat,flat,True,0.0,"{""flat_matched"": 2}"
1f03f6e0-dfe6-4b25-bb45-f44ad146c0a3,0,27,9,5,oblique,flat,False,6.43,"{""flat_matched"": 4, ""oblique_covered_by_flat"": 5}"
1f03f6e0-dfe6-4b25-bb45-f44ad146c0a3,0,28,1,0,flat,flat,True,0.0,"{""flat_matched"": 1}"
21af2a12-2a29-44b5-b703-fbaa208996e9,1,6,4,3,oblique,mixed,False,39.53,"{""flat_matched"": 1, ""oblique_matched"": 3}"
21af2a12-2a29-44b5-b703-fbaa208996e9,1,7,6,5,oblique,mixed,False,41.67,"{""flat_matched"": 1, ""oblique_matched"": 4, ""near_vertical_skip"": 1}"
21af2a12-2a29-44b5-b703-fbaa208996e9,1,8,5,4,oblique,mixed,False,59.99,"{""flat_matched"": 1, ""oblique_covered_by_flat"": 3, ""oblique_wrong_orientation"": 1}"
21af2a12-2a29-44b5-b703-fbaa208996e9,1,9,10,9,oblique,mixed,False,41.29,"{""flat_matched"": 1, ""oblique_covered_by_flat"": 7, ""oblique_matched"": 1, ""oblique_wrong_orientation"": 1}"
21af2a12-2a29-44b5-b703-fbaa208996e9,1,10,1,0,flat,mixed,False,0.0,"{""flat_matched"": 1}"
2388d90c-8cc9-4cca-b232-d658e184074d,1,0,2,1,flat,mixed,False,23.5,"{""flat_matched"": 1, ""oblique_matched"": 1}"
2388d90c-8cc9-4cca-b232-d658e184074d,1,1,5,4,oblique,mixed,False,37.15,"{""flat_matched"": 1, ""oblique_matched"": 3, ""oblique_wrong_orientation"": 1}"
2388d90c-8cc9-4cca-b232-d658e184074d,1,2,2,1,flat,mixed,False,25.46,"{""flat_matched"": 1, ""oblique_matched"": 1}"
2388d90c-8cc9-4cca-b232-d658e184074d,1,3,2,1,flat,mixed,False,25.77,"{""flat_matched"": 1, ""oblique_matched"": 1}"
2388d90c-8cc9-4cca-b232-d658e184074d,0,4,1,0,flat,flat,True,0.0,"{""flat_matched"": 1}"
2388d90c-8cc9-4cca-b232-d658e184074d,0,8,1,0,flat,flat,True,0.0,"{""flat_matched"": 1}"
2388d90c-8cc9-4cca-b232-d658e184074d,0,9,1,0,flat,flat,True,0.0,"{""flat_matched"": 1}"
2388d90c-8cc9-4cca-b232-d658e184074d,0,10,1,0,flat,flat,True,0.0,"{""flat_matched"": 1}"
2388d90c-8cc9-4cca-b232-d658e184074d,0,11,1,0,flat,flat,True,0.0,"{""flat_matched"": 1}"
2388d90c-8cc9-4cca-b232-d658e184074d,0,12,1,0,flat,flat,True,0.0,"{""flat_matched"": 1}"
2388d90c-8cc9-4cca-b232-d658e184074d,0,13,1,0,flat,flat,True,0.0,"{""flat_matched"": 1}"
2388d90c-8cc9-4cca-b232-d658e184074d,0,14,1,0,flat,flat,True,0.0,"{""flat_matched"": 1}"
23cbb422-ada0-454d-8f91-30888256960d,1,0,1,0,flat,flat,True,0.0,"{""flat_matched"": 1}"
23cbb422-ada0-454d-8f91-30888256960d,1,1,1,0,flat,flat,True,0.0,"{""flat_matched"": 1}"
23cbb422-ada0-454d-8f91-30888256960d,1,2,1,0,flat,flat,True,0.0,"{""flat_matched"": 1}"
23cbb422-ada0-454d-8f91-30888256960d,1,3,5,4,oblique,flat,False,49.74,"{""flat_matched"": 1, ""oblique_covered_by_flat"": 4}"
23cbb422-ada0-454d-8f91-30888256960d,1,4,1,0,flat,flat,True,0.0,"{""flat_matched"": 1}"
23cbb422-ada0-454d-8f91-30888256960d,1,5,1,0,flat,flat,True,0.0,"{""flat_matched"": 1}"
23cbb422-ada0-454d-8f91-30888256960d,1,6,1,0,flat,flat,True,0.0,"{""flat_matched"": 1}"
23cbb422-ada0-454d-8f91-30888256960d,1,7,1,0,flat,flat,True,0.0,"{""flat_matched"": 1}"
23cbb422-ada0-454d-8f91-30888256960d,0,8,4,3,oblique,flat,False,6.73,"{""flat_matched"": 1, ""oblique_covered_by_flat"": 3}"
24e8aaa7-ec15-4a72-be5f-c67b95a53411,0,0,1,0,flat,flat,True,0.0,"{""flat_matched"": 1}"
24e8aaa7-ec15-4a72-be5f-c67b95a53411,0,1,2,0,flat,flat,True,0.0,"{""flat_matched"": 2}"
24e8aaa7-ec15-4a72-be5f-c67b95a53411,0,3,1,0,flat,flat,True,0.0,"{""flat_matched"": 1}"
24e8aaa7-ec15-4a72-be5f-c67b95a53411,0,4,2,0,flat,flat,True,0.0,"{""flat_matched"": 2}"
24e8aaa7-ec15-4a72-be5f-c67b95a53411,0,5,1,0,flat,flat,True,0.0,"{""flat_matched"": 1}"
24e8aaa7-ec15-4a72-be5f-c67b95a53411,0,6,1,0,flat,flat,True,0.0,"{""flat_matched"": 1}"
24e8aaa7-ec15-4a72-be5f-c67b95a53411,0,7,1,0,flat,flat,True,0.0,"{""flat_matched"": 1}"
287808db-3826-4351-b9a1-6f9831bdc870,0,0,1,0,flat,flat,True,0.0,"{""flat_matched"": 1}"
287808db-3826-4351-b9a1-6f9831bdc870,0,1,1,0,flat,flat,True,0.0,"{""flat_matched"": 1}"
287808db-3826-4351-b9a1-6f9831bdc870,0,2,1,0,flat,flat,True,0.0,"{""flat_matched"": 1}"
287808db-3826-4351-b9a1-6f9831bdc870,2,5,7,6,oblique,mixed,False,38.96,"{""flat_matched"": 1, ""oblique_wrong_orientation"": 2, ""oblique_matched"": 4}"
287808db-3826-4351-b9a1-6f9831bdc870,2,7,2,1,flat,mixed,False,20.76,"{""flat_matched"": 1, ""oblique_matched"": 1}"
287808db-3826-4351-b9a1-6f9831bdc870,3,8,7,5,oblique,flat,False,36.1,"{""flat_matched"": 2, ""oblique_covered_by_flat"": 5}"
287808db-3826-4351-b9a1-6f9831bdc870,3,9,3,2,oblique,flat,False,41.45,"{""flat_matched"": 1, ""oblique_covered_by_flat"": 2}"
287808db-3826-4351-b9a1-6f9831bdc870,3,10,2,1,flat,flat,True,4.39,"{""flat_matched"": 1, ""oblique_covered_by_flat"": 1}"
294c5209-06ff-47ae-841b-e7e973b3699e,0,0,1,0,flat,flat,True,0.0,"{""flat_matched"": 1}"
294c5209-06ff-47ae-841b-e7e973b3699e,0,1,1,0,flat,flat,True,0.0,"{""flat_matched"": 1}"
294c5209-06ff-47ae-841b-e7e973b3699e,0,2,1,0,flat,flat,True,0.0,"{""flat_matched"": 1}"
294c5209-06ff-47ae-841b-e7e973b3699e,0,3,1,0,flat,flat,True,0.0,"{""flat_matched"": 1}"
294c5209-06ff-47ae-841b-e7e973b3699e,0,5,1,0,flat,flat,True,0.0,"{""flat_matched"": 1}"
294c5209-06ff-47ae-841b-e7e973b3699e,0,6,1,0,flat,flat,True,1.46,"{""flat_matched"": 1}"
294c5209-06ff-47ae-841b-e7e973b3699e,0,7,2,0,flat,flat,True,0.0,"{""flat_matched"": 2}"
29865ccb-e7e8-4ad6-a01c-d632f20761b7,0,0,1,0,flat,flat,True,0.0,"{""flat_matched"": 1}"
29865ccb-e7e8-4ad6-a01c-d632f20761b7,0,1,1,0,flat,flat,True,0.0,"{""flat_matched"": 1}"
29865ccb-e7e8-4ad6-a01c-d632f20761b7,1,5,1,0,flat,mixed,False,0.0,"{""flat_matched"": 1}"
29865ccb-e7e8-4ad6-a01c-d632f20761b7,1,6,4,3,oblique,mixed,False,33.88,"{""flat_matched"": 1, ""oblique_matched"": 3}"
29865ccb-e7e8-4ad6-a01c-d632f20761b7,1,7,2,1,flat,mixed,False,18.98,"{""flat_matched"": 1, ""oblique_matched"": 1}"
29865ccb-e7e8-4ad6-a01c-d632f20761b7,1,8,2,1,flat,mixed,False,18.6,"{""flat_matched"": 1, ""oblique_matched"": 1}"
29865ccb-e7e8-4ad6-a01c-d632f20761b7,1,9,2,1,flat,mixed,False,19.16,"{""flat_matched"": 1, ""oblique_matched"": 1}"
29a9cb5c-e7e7-4a01-b8ed-b2a2dd0edd2a,0,0,2,1,flat,flat,True,14.3,"{""flat_matched"": 1, ""oblique_covered_by_flat"": 1}"
29a9cb5c-e7e7-4a01-b8ed-b2a2dd0edd2a,0,1,1,0,flat,flat,True,0.0,"{""flat_matched"": 1}"
29a9cb5c-e7e7-4a01-b8ed-b2a2dd0edd2a,0,2,1,0,flat,flat,True,0.0,"{""flat_matched"": 1}"
29a9cb5c-e7e7-4a01-b8ed-b2a2dd0edd2a,0,3,1,0,flat,flat,True,0.0,"{""flat_matched"": 1}"
29a9cb5c-e7e7-4a01-b8ed-b2a2dd0edd2a,0,4,1,0,flat,flat,True,0.0,"{""flat_matched"": 1}"
29a9cb5c-e7e7-4a01-b8ed-b2a2dd0edd2a,0,5,1,0,flat,flat,True,0.0,"{""flat_matched"": 1}"
29a9cb5c-e7e7-4a01-b8ed-b2a2dd0edd2a,0,6,3,2,oblique,flat,False,13.7,"{""flat_matched"": 1, ""oblique_covered_by_flat"": 2}"
2d80b27f-ca29-4b3e-9197-ad3c4af7cbfb,0,0,1,0,flat,flat,True,0.0,"{""flat_matched"": 1}"
2d80b27f-ca29-4b3e-9197-ad3c4af7cbfb,0,1,1,0,flat,flat,True,0.0,"{""flat_matched"": 1}"
2d80b27f-ca29-4b3e-9197-ad3c4af7cbfb,0,2,1,0,flat,flat,True,0.0,"{""flat_matched"": 1}"
2d80b27f-ca29-4b3e-9197-ad3c4af7cbfb,0,3,1,0,flat,flat,True,0.0,"{""flat_matched"": 1}"
2d80b27f-ca29-4b3e-9197-ad3c4af7cbfb,0,4,1,0,flat,flat,True,0.0,"{""flat_matched"": 1}"
2d80b27f-ca29-4b3e-9197-ad3c4af7cbfb,0,5,1,0,flat,flat,True,0.0,"{""flat_matched"": 1}"
2d80b27f-ca29-4b3e-9197-ad3c4af7cbfb,0,7,1,0,flat,flat,True,0.0,"{""flat_matched"": 1}"
2de0ff98-b554-446b-a501-b9fab4577f5a,0,0,1,0,flat,flat,True,0.0,"{""flat_matched"": 1}"
2de0ff98-b554-446b-a501-b9fab4577f5a,0,1,1,0,flat,flat,True,0.0,"{""flat_matched"": 1}"
2de0ff98-b554-446b-a501-b9fab4577f5a,0,2,1,0,flat,flat,True,0.0,"{""flat_matched"": 1}"
2de0ff98-b554-446b-a501-b9fab4577f5a,0,3,1,0,flat,flat,True,0.0,"{""flat_matched"": 1}"
2de0ff98-b554-446b-a501-b9fab4577f5a,0,4,2,0,flat,flat,True,0.0,"{""flat_matched"": 2}"
2de0ff98-b554-446b-a501-b9fab4577f5a,0,5,1,0,flat,flat,True,0.0,"{""flat_matched"": 1}"
2de0ff98-b554-446b-a501-b9fab4577f5a,0,6,1,0,flat,flat,True,0.0,"{""flat_matched"": 1}"
2de0ff98-b554-446b-a501-b9fab4577f5a,0,7,1,0,flat,flat,True,0.0,"{""flat_matched"": 1}"
2df1d2ed-54c9-41e9-9ed8-c4110e3868e0,0,0,1,0,flat,flat,True,0.0,"{""flat_matched"": 1}"
2df1d2ed-54c9-41e9-9ed8-c4110e3868e0,0,1,1,0,flat,flat,True,0.0,"{""flat_matched"": 1}"
2df1d2ed-54c9-41e9-9ed8-c4110e3868e0,0,2,1,0,flat,flat,True,0.0,"{""flat_matched"": 1}"
2df1d2ed-54c9-41e9-9ed8-c4110e3868e0,0,3,1,0,flat,flat,True,0.0,"{""flat_matched"": 1}"
2df1d2ed-54c9-41e9-9ed8-c4110e3868e0,0,4,1,0,flat,flat,True,0.0,"{""flat_matched"": 1}"
2df1d2ed-54c9-41e9-9ed8-c4110e3868e0,0,5,1,0,flat,flat,True,0.0,"{""flat_matched"": 1}"
2df1d2ed-54c9-41e9-9ed8-c4110e3868e0,0,6,1,0,flat,flat,True,0.0,"{""flat_matched"": 1}"
2df1d2ed-54c9-41e9-9ed8-c4110e3868e0,0,7,1,0,flat,flat,True,0.0,"{""flat_matched"": 1}"
2df1d2ed-54c9-41e9-9ed8-c4110e3868e0,0,8,1,0,flat,flat,True,0.0,"{""flat_matched"": 1}"
2df1d2ed-54c9-41e9-9ed8-c4110e3868e0,0,9,1,0,flat,flat,True,0.0,"{""flat_matched"": 1}"
2ea3b759-e047-424c-8034-f8ee5b811fb4,0,0,1,0,flat,flat,True,0.0,"{""flat_matched"": 1}"
2ea3b759-e047-424c-8034-f8ee5b811fb4,0,1,1,0,flat,flat,True,0.0,"{""flat_matched"": 1}"
2ea3b759-e047-424c-8034-f8ee5b811fb4,0,2,1,0,flat,flat,True,0.0,"{""flat_matched"": 1}"
2ea3b759-e047-424c-8034-f8ee5b811fb4,0,3,4,0,flat,flat,True,0.0,"{""flat_matched"": 4}"
2ea3b759-e047-424c-8034-f8ee5b811fb4,0,5,1,0,flat,flat,True,0.0,"{""flat_matched"": 1}"
2ea3b759-e047-424c-8034-f8ee5b811fb4,0,6,1,0,flat,flat,True,0.0,"{""flat_matched"": 1}"
2ea3b759-e047-424c-8034-f8ee5b811fb4,0,8,1,0,flat,flat,True,0.0,"{""flat_matched"": 1}"
2ea3b759-e047-424c-8034-f8ee5b811fb4,0,9,1,0,flat,flat,True,0.0,"{""flat_matched"": 1}"
2ea3b759-e047-424c-8034-f8ee5b811fb4,0,10,1,0,flat,flat,True,0.0,"{""flat_matched"": 1}"
2f382701-addb-48a5-8749-0e8e7f988a10,1,0,4,2,flat,flat,True,3.38,"{""flat_matched"": 2, ""oblique_covered_by_flat"": 2}"
2f382701-addb-48a5-8749-0e8e7f988a10,1,1,10,6,oblique,flat,False,6.34,"{""flat_matched"": 4, ""oblique_covered_by_flat"": 6}"
2f382701-addb-48a5-8749-0e8e7f988a10,1,2,1,0,flat,flat,True,0.0,"{""flat_matched"": 1}"
2f382701-addb-48a5-8749-0e8e7f988a10,1,3,1,0,flat,flat,True,0.0,"{""flat_matched"": 1}"
2f382701-addb-48a5-8749-0e8e7f988a10,1,5,1,0,flat,flat,True,0.0,"{""flat_matched"": 1}"
2f382701-addb-48a5-8749-0e8e7f988a10,0,6,6,5,oblique,flat,False,49.98,"{""flat_matched"": 1, ""oblique_covered_by_flat"": 4, ""near_vertical_skip"": 1}"
2f382701-addb-48a5-8749-0e8e7f988a10,2,7,1,0,flat,flat,True,0.0,"{""flat_matched"": 1}"
2f382701-addb-48a5-8749-0e8e7f988a10,2,8,2,1,flat,mixed,False,24.07,"{""flat_matched"": 1, ""oblique_matched"": 1}"
2f382701-addb-48a5-8749-0e8e7f988a10,2,9,2,1,flat,mixed,False,23.75,"{""flat_matched"": 1, ""oblique_matched"": 1}"
2f382701-addb-48a5-8749-0e8e7f988a10,2,10,4,3,oblique,mixed,False,41.51,"{""flat_matched"": 1, ""oblique_matched"": 3}"
2f382701-addb-48a5-8749-0e8e7f988a10,2,11,1,0,flat,mixed,False,0.0,"{""flat_matched"": 1}"
2f382701-addb-48a5-8749-0e8e7f988a10,2,12,1,0,flat,mixed,False,0.0,"{""flat_matched"": 1}"
3297bc28-5d39-4358-bd2e-0f1183cae489,0,0,1,0,flat,flat,True,0.0,"{""flat_matched"": 1}"
3297bc28-5d39-4358-bd2e-0f1183cae489,1,5,8,8,oblique,flat,False,38.7,"{""oblique_covered_by_flat"": 8}"
3297bc28-5d39-4358-bd2e-0f1183cae489,1,6,1,0,flat,flat,True,0.0,"{""flat_matched"": 1}"
3297bc28-5d39-4358-bd2e-0f1183cae489,1,7,1,0,flat,flat,True,0.0,"{""flat_matched"": 1}"
3297bc28-5d39-4358-bd2e-0f1183cae489,1,8,2,1,flat,flat,True,3.64,"{""flat_matched"": 1, ""oblique_covered_by_flat"": 1}"
3297bc28-5d39-4358-bd2e-0f1183cae489,2,9,3,1,flat,mixed,False,0.0,"{""flat_matched"": 2, ""oblique_matched"": 1}"
3297bc28-5d39-4358-bd2e-0f1183cae489,2,11,5,3,oblique,mixed,False,6.91,"{""flat_matched"": 2, ""oblique_wrong_orientation"": 1, ""oblique_matched"": 2}"
3297bc28-5d39-4358-bd2e-0f1183cae489,2,12,6,4,oblique,mixed,False,32.91,"{""flat_matched"": 2, ""oblique_wrong_orientation"": 1, ""oblique_matched"": 3}"
3297bc28-5d39-4358-bd2e-0f1183cae489,2,13,4,2,flat,mixed,False,26.84,"{""flat_matched"": 2, ""oblique_matched"": 2}"
36f034dc-17ec-4e9d-9ec0-e8b0139201c8,0,0,1,0,flat,flat,True,0.0,"{""flat_matched"": 1}"
36f034dc-17ec-4e9d-9ec0-e8b0139201c8,0,1,1,0,flat,flat,True,0.0,"{""flat_matched"": 1}"
36f034dc-17ec-4e9d-9ec0-e8b0139201c8,0,2,1,0,flat,flat,True,0.0,"{""flat_matched"": 1}"
36f034dc-17ec-4e9d-9ec0-e8b0139201c8,0,3,1,0,flat,flat,True,0.0,"{""flat_matched"": 1}"
36f034dc-17ec-4e9d-9ec0-e8b0139201c8,0,4,2,1,flat,flat,True,18.8,"{""flat_matched"": 1, ""oblique_covered_by_flat"": 1}"
36f034dc-17ec-4e9d-9ec0-e8b0139201c8,0,5,2,0,flat,flat,True,0.0,"{""flat_matched"": 2}"
36f034dc-17ec-4e9d-9ec0-e8b0139201c8,0,6,1,0,flat,flat,True,0.0,"{""flat_matched"": 1}"
36f034dc-17ec-4e9d-9ec0-e8b0139201c8,0,7,5,3,oblique,flat,False,14.13,"{""flat_matched"": 2, ""oblique_covered_by_flat"": 3}"
36f034dc-17ec-4e9d-9ec0-e8b0139201c8,0,8,1,0,flat,flat,True,0.0,"{""flat_matched"": 1}"
37e9355f-29a7-4303-abae-240c55df13e4,0,0,1,0,flat,flat,True,0.0,"{""flat_matched"": 1}"
37e9355f-29a7-4303-abae-240c55df13e4,0,2,1,0,flat,flat,True,0.0,"{""flat_matched"": 1}"
37e9355f-29a7-4303-abae-240c55df13e4,0,3,2,0,flat,flat,True,0.0,"{""flat_matched"": 2}"
37e9355f-29a7-4303-abae-240c55df13e4,0,4,1,0,flat,flat,True,0.0,"{""flat_matched"": 1}"
37e9355f-29a7-4303-abae-240c55df13e4,0,5,1,0,flat,flat,True,0.0,"{""flat_matched"": 1}"
37e9355f-29a7-4303-abae-240c55df13e4,0,6,1,0,flat,flat,True,0.0,"{""flat_matched"": 1}"
37e9355f-29a7-4303-abae-240c55df13e4,0,7,1,0,flat,flat,True,0.0,"{""flat_matched"": 1}"
37e9355f-29a7-4303-abae-240c55df13e4,0,8,1,0,flat,flat,True,0.0,"{""flat_matched"": 1}"
37e9355f-29a7-4303-abae-240c55df13e4,0,9,5,3,oblique,flat,False,10.45,"{""flat_matched"": 2, ""oblique_covered_by_flat"": 3}"
37e9355f-29a7-4303-abae-240c55df13e4,0,11,1,0,flat,flat,True,0.0,"{""flat_matched"": 1}"
38158927-652c-4d01-9aa3-770956648d85,0,4,1,0,flat,flat,True,0.0,"{""flat_matched"": 1}"
38158927-652c-4d01-9aa3-770956648d85,1,5,1,0,flat,mixed,False,0.0,"{""flat_matched"": 1}"
38158927-652c-4d01-9aa3-770956648d85,1,6,1,0,flat,mixed,False,0.0,"{""flat_matched"": 1}"
38158927-652c-4d01-9aa3-770956648d85,1,7,2,2,oblique,mixed,False,42.34,"{""oblique_matched"": 2}"
38158927-652c-4d01-9aa3-770956648d85,1,8,1,0,flat,mixed,False,0.0,"{""flat_matched"": 1}"
38158927-652c-4d01-9aa3-770956648d85,1,9,3,3,oblique,mixed,False,41.28,"{""oblique_matched"": 3}"
38f71f1d-2c71-4fcd-9997-83b2914416b0,0,2,1,0,flat,flat,True,0.0,"{""flat_matched"": 1}"
38f71f1d-2c71-4fcd-9997-83b2914416b0,0,3,1,0,flat,flat,True,0.0,"{""flat_matched"": 1}"
38f71f1d-2c71-4fcd-9997-83b2914416b0,0,5,1,0,flat,flat,True,0.0,"{""flat_matched"": 1}"
38f71f1d-2c71-4fcd-9997-83b2914416b0,1,6,2,1,flat,oblique,False,23.79,"{""flat_covered_by_oblique"": 1, ""oblique_matched"": 1}"
38f71f1d-2c71-4fcd-9997-83b2914416b0,1,7,4,3,oblique,oblique,True,48.09,"{""flat_covered_by_oblique"": 1, ""oblique_matched"": 3}"
38f71f1d-2c71-4fcd-9997-83b2914416b0,1,10,2,1,flat,oblique,False,24.88,"{""flat_covered_by_oblique"": 1, ""oblique_matched"": 1}"
38f71f1d-2c71-4fcd-9997-83b2914416b0,1,11,5,4,oblique,oblique,True,44.91,"{""flat_covered_by_oblique"": 1, ""oblique_matched"": 3, ""oblique_wrong_orientation"": 1}"
3a034c99-8986-4749-aedb-0a5a04ea803f,1,0,2,1,flat,mixed,False,21.43,"{""flat_matched"": 1, ""oblique_matched"": 1}"
3a034c99-8986-4749-aedb-0a5a04ea803f,1,1,2,1,flat,mixed,False,21.82,"{""flat_matched"": 1, ""oblique_matched"": 1}"
3a034c99-8986-4749-aedb-0a5a04ea803f,1,2,2,1,flat,mixed,False,21.61,"{""flat_matched"": 1, ""oblique_matched"": 1}"
3a034c99-8986-4749-aedb-0a5a04ea803f,1,3,2,1,flat,mixed,False,21.81,"{""flat_matched"": 1, ""oblique_matched"": 1}"
3a034c99-8986-4749-aedb-0a5a04ea803f,1,4,1,0,flat,mixed,False,0.0,"{""flat_matched"": 1}"
3a576e1b-4b3e-4f5d-8c20-b39b157fcf03,2,0,7,6,oblique,mixed,False,38.96,"{""flat_matched"": 1, ""oblique_matched"": 5, ""oblique_wrong_orientation"": 1}"
3a576e1b-4b3e-4f5d-8c20-b39b157fcf03,2,1,7,6,oblique,mixed,False,21.38,"{""flat_matched"": 1, ""oblique_wrong_orientation"": 3, ""oblique_matched"": 3}"
3a576e1b-4b3e-4f5d-8c20-b39b157fcf03,2,2,5,4,oblique,mixed,False,44.45,"{""flat_matched"": 1, ""oblique_matched"": 4}"
3a576e1b-4b3e-4f5d-8c20-b39b157fcf03,2,3,7,6,oblique,mixed,False,42.93,"{""flat_matched"": 1, ""oblique_matched"": 5, ""oblique_wrong_orientation"": 1}"
3a576e1b-4b3e-4f5d-8c20-b39b157fcf03,1,4,1,0,flat,flat,True,0.0,"{""flat_matched"": 1}"
3a576e1b-4b3e-4f5d-8c20-b39b157fcf03,1,5,1,0,flat,flat,True,0.0,"{""flat_matched"": 1}"
3c74f488-a562-4bc4-9d7a-3f707fe85133,1,0,1,0,flat,flat,True,0.0,"{""flat_matched"": 1}"
3c74f488-a562-4bc4-9d7a-3f707fe85133,1,1,1,0,flat,flat,True,0.0,"{""flat_matched"": 1}"
3c74f488-a562-4bc4-9d7a-3f707fe85133,1,2,2,1,flat,flat,True,10.02,"{""flat_matched"": 1, ""oblique_covered_by_flat"": 1}"
3c74f488-a562-4bc4-9d7a-3f707fe85133,1,3,1,0,flat,flat,True,0.0,"{""flat_matched"": 1}"
3c74f488-a562-4bc4-9d7a-3f707fe85133,1,4,2,0,flat,flat,True,0.0,"{""flat_matched"": 2}"
3c74f488-a562-4bc4-9d7a-3f707fe85133,1,5,1,0,flat,flat,True,0.0,"{""flat_matched"": 1}"
3c74f488-a562-4bc4-9d7a-3f707fe85133,1,6,8,3,flat,flat,True,0.0,"{""flat_matched"": 5, ""oblique_covered_by_flat"": 3}"
3c74f488-a562-4bc4-9d7a-3f707fe85133,2,7,2,1,flat,mixed,False,23.8,"{""flat_matched"": 1, ""oblique_matched"": 1}"
3c74f488-a562-4bc4-9d7a-3f707fe85133,2,8,1,0,flat,mixed,False,0.0,"{""flat_matched"": 1}"
3c74f488-a562-4bc4-9d7a-3f707fe85133,2,9,3,2,oblique,mixed,False,47.12,"{""flat_matched"": 1, ""oblique_matched"": 2}"
3c74f488-a562-4bc4-9d7a-3f707fe85133,2,10,2,1,flat,mixed,False,24.33,"{""flat_matched"": 1, ""oblique_matched"": 1}"
3c74f488-a562-4bc4-9d7a-3f707fe85133,2,11,1,0,flat,mixed,False,0.0,"{""flat_matched"": 1}"
3c74f488-a562-4bc4-9d7a-3f707fe85133,2,12,4,2,flat,mixed,False,23.84,"{""flat_matched"": 2, ""oblique_matched"": 2}"
3e378d10-6d7f-451c-b5e8-705731e6f37e,0,3,1,0,flat,flat,True,0.0,"{""flat_matched"": 1}"
3e378d10-6d7f-451c-b5e8-705731e6f37e,1,5,11,9,oblique,oblique,True,34.99,"{""flat_covered_by_oblique"": 2, ""oblique_matched"": 5, ""oblique_wrong_orientation"": 4}"
3e378d10-6d7f-451c-b5e8-705731e6f37e,1,6,1,1,oblique,oblique,True,38.82,"{""oblique_matched"": 1}"
3e378d10-6d7f-451c-b5e8-705731e6f37e,1,7,11,10,oblique,oblique,True,40.27,"{""flat_covered_by_oblique"": 1, ""oblique_matched"": 7, ""oblique_wrong_orientation"": 3}"
3ee81b85-a21f-4f55-a100-5995f36f84f9,0,0,1,1,oblique,mixed,False,14.05,"{""oblique_matched"": 1}"
3ee81b85-a21f-4f55-a100-5995f36f84f9,0,1,1,0,flat,flat,True,0.0,"{""flat_matched"": 1}"
3ee81b85-a21f-4f55-a100-5995f36f84f9,0,2,1,0,flat,flat,True,0.0,"{""flat_matched"": 1}"
3ee81b85-a21f-4f55-a100-5995f36f84f9,0,3,1,0,flat,flat,True,0.0,"{""flat_matched"": 1}"
3ee81b85-a21f-4f55-a100-5995f36f84f9,0,4,1,0,flat,flat,True,0.0,"{""flat_matched"": 1}"
3ee81b85-a21f-4f55-a100-5995f36f84f9,0,5,1,0,flat,flat,True,0.0,"{""flat_matched"": 1}"
3ee81b85-a21f-4f55-a100-5995f36f84f9,0,6,1,0,flat,flat,True,0.0,"{""flat_matched"": 1}"
3ee81b85-a21f-4f55-a100-5995f36f84f9,0,7,1,0,flat,flat,True,0.0,"{""flat_matched"": 1}"
3ee81b85-a21f-4f55-a100-5995f36f84f9,0,8,1,0,flat,flat,True,0.0,"{""flat_matched"": 1}"
43674d8e-302d-4915-878f-f50d2d9f8d1b,0,0,1,0,flat,flat,True,0.0,"{""flat_matched"": 1}"
43674d8e-302d-4915-878f-f50d2d9f8d1b,0,1,1,0,flat,flat,True,0.0,"{""flat_matched"": 1}"
43674d8e-302d-4915-878f-f50d2d9f8d1b,0,2,1,0,flat,flat,True,0.0,"{""flat_matched"": 1}"
43674d8e-302d-4915-878f-f50d2d9f8d1b,0,3,1,0,flat,flat,True,0.0,"{""flat_matched"": 1}"
43674d8e-302d-4915-878f-f50d2d9f8d1b,0,4,1,0,flat,flat,True,0.0,"{""flat_matched"": 1}"
43674d8e-302d-4915-878f-f50d2d9f8d1b,0,5,1,0,flat,flat,True,0.0,"{""flat_matched"": 1}"
43674d8e-302d-4915-878f-f50d2d9f8d1b,0,6,1,0,flat,flat,True,0.0,"{""flat_matched"": 1}"
43674d8e-302d-4915-878f-f50d2d9f8d1b,0,7,1,0,flat,flat,True,0.0,"{""flat_matched"": 1}"
43674d8e-302d-4915-878f-f50d2d9f8d1b,0,8,1,0,flat,flat,True,0.0,"{""flat_matched"": 1}"
43674d8e-302d-4915-878f-f50d2d9f8d1b,0,9,1,0,flat,flat,True,0.0,"{""flat_matched"": 1}"
45b933f5-4f12-488c-b77a-065cf3c2d719,0,0,1,0,flat,flat,True,0.0,"{""flat_matched"": 1}"
45b933f5-4f12-488c-b77a-065cf3c2d719,0,1,1,0,flat,flat,True,0.0,"{""flat_matched"": 1}"
45b933f5-4f12-488c-b77a-065cf3c2d719,0,2,1,0,flat,flat,True,0.0,"{""flat_matched"": 1}"
45b933f5-4f12-488c-b77a-065cf3c2d719,0,3,1,0,flat,flat,True,0.0,"{""flat_matched"": 1}"
45b933f5-4f12-488c-b77a-065cf3c2d719,0,4,1,0,flat,flat,True,0.0,"{""flat_matched"": 1}"
45b933f5-4f12-488c-b77a-065cf3c2d719,0,5,1,0,flat,flat,True,0.0,"{""flat_matched"": 1}"
45b933f5-4f12-488c-b77a-065cf3c2d719,0,6,1,0,flat,flat,True,0.0,"{""flat_matched"": 1}"
45b933f5-4f12-488c-b77a-065cf3c2d719,0,7,1,0,flat,flat,True,0.0,"{""flat_matched"": 1}"
45b933f5-4f12-488c-b77a-065cf3c2d719,0,8,1,0,flat,flat,True,0.0,"{""flat_matched"": 1}"
45b933f5-4f12-488c-b77a-065cf3c2d719,0,9,1,0,flat,flat,True,0.0,"{""flat_matched"": 1}"
466d0aa8-7021-4825-8f7b-b954c824c13a,0,0,1,0,flat,flat,True,0.0,"{""flat_matched"": 1}"
466d0aa8-7021-4825-8f7b-b954c824c13a,0,2,1,0,flat,flat,True,0.0,"{""flat_matched"": 1}"
466d0aa8-7021-4825-8f7b-b954c824c13a,1,8,2,1,flat,oblique,False,22.12,"{""flat_covered_by_oblique"": 1, ""oblique_matched"": 1}"
466d0aa8-7021-4825-8f7b-b954c824c13a,1,9,2,1,flat,oblique,False,22.73,"{""flat_covered_by_oblique"": 1, ""oblique_matched"": 1}"
466d0aa8-7021-4825-8f7b-b954c824c13a,1,10,8,7,oblique,oblique,True,44.58,"{""flat_covered_by_oblique"": 1, ""oblique_wrong_orientation"": 2, ""oblique_matched"": 5}"
466d0aa8-7021-4825-8f7b-b954c824c13a,1,11,2,1,flat,oblique,False,22.05,"{""flat_covered_by_oblique"": 1, ""oblique_matched"": 1}"
466d0aa8-7021-4825-8f7b-b954c824c13a,1,12,2,1,flat,oblique,False,22.18,"{""flat_covered_by_oblique"": 1, ""oblique_matched"": 1}"
466d0aa8-7021-4825-8f7b-b954c824c13a,1,13,2,1,flat,oblique,False,22.52,"{""flat_covered_by_oblique"": 1, ""oblique_matched"": 1}"
466d0aa8-7021-4825-8f7b-b954c824c13a,1,14,2,1,flat,oblique,False,22.65,"{""flat_covered_by_oblique"": 1, ""oblique_matched"": 1}"
46ea557e-3151-43d2-b72b-f212290516cc,0,0,6,3,flat,flat,True,8.63,"{""flat_matched"": 3, ""oblique_covered_by_flat"": 3}"
46ea557e-3151-43d2-b72b-f212290516cc,0,1,1,0,flat,flat,True,0.0,"{""flat_matched"": 1}"
46ea557e-3151-43d2-b72b-f212290516cc,0,2,1,0,flat,flat,True,0.0,"{""flat_matched"": 1}"
46ea557e-3151-43d2-b72b-f212290516cc,0,3,1,0,flat,flat,True,0.0,"{""flat_matched"": 1}"
46ea557e-3151-43d2-b72b-f212290516cc,0,4,1,0,flat,flat,True,0.0,"{""flat_matched"": 1}"
46ea557e-3151-43d2-b72b-f212290516cc,0,5,1,0,flat,flat,True,0.0,"{""flat_matched"": 1}"
46ea557e-3151-43d2-b72b-f212290516cc,0,6,1,0,flat,flat,True,0.0,"{""flat_matched"": 1}"
46ea557e-3151-43d2-b72b-f212290516cc,0,7,1,0,flat,flat,True,0.0,"{""flat_matched"": 1}"
494a97c4-ab7e-4021-9345-c46fecfd1d67,0,0,1,0,flat,flat,True,0.0,"{""flat_matched"": 1}"
494a97c4-ab7e-4021-9345-c46fecfd1d67,0,1,1,0,flat,flat,True,0.0,"{""flat_matched"": 1}"
494a97c4-ab7e-4021-9345-c46fecfd1d67,0,2,1,0,flat,flat,True,0.0,"{""flat_matched"": 1}"
494a97c4-ab7e-4021-9345-c46fecfd1d67,0,3,1,0,flat,flat,True,0.0,"{""flat_matched"": 1}"
494a97c4-ab7e-4021-9345-c46fecfd1d67,0,4,1,0,flat,flat,True,0.0,"{""flat_matched"": 1}"
494a97c4-ab7e-4021-9345-c46fecfd1d67,0,5,1,0,flat,flat,True,0.0,"{""flat_matched"": 1}"
494a97c4-ab7e-4021-9345-c46fecfd1d67,0,6,3,2,oblique,flat,False,6.38,"{""flat_matched"": 1, ""oblique_covered_by_flat"": 2}"
494a97c4-ab7e-4021-9345-c46fecfd1d67,0,7,3,2,oblique,flat,False,11.19,"{""flat_matched"": 1, ""oblique_covered_by_flat"": 2}"
494a97c4-ab7e-4021-9345-c46fecfd1d67,0,8,1,0,flat,flat,True,0.0,"{""flat_matched"": 1}"
494a97c4-ab7e-4021-9345-c46fecfd1d67,0,9,1,0,flat,flat,True,0.0,"{""flat_matched"": 1}"
494a97c4-ab7e-4021-9345-c46fecfd1d67,0,10,1,0,flat,flat,True,0.0,"{""flat_matched"": 1}"
494a97c4-ab7e-4021-9345-c46fecfd1d67,0,11,1,0,flat,flat,True,0.0,"{""flat_matched"": 1}"
4fe068d2-f39e-47ed-8c15-35b6396862bf,2,0,1,0,flat,flat,True,0.0,"{""flat_matched"": 1}"
4fe068d2-f39e-47ed-8c15-35b6396862bf,2,1,1,0,flat,flat,True,0.0,"{""flat_matched"": 1}"
4fe068d2-f39e-47ed-8c15-35b6396862bf,2,2,1,0,flat,flat,True,0.0,"{""flat_matched"": 1}"
4fe068d2-f39e-47ed-8c15-35b6396862bf,2,3,1,0,flat,flat,True,0.0,"{""flat_matched"": 1}"
4fe068d2-f39e-47ed-8c15-35b6396862bf,2,5,1,0,flat,flat,True,0.0,"{""flat_matched"": 1}"
4fe068d2-f39e-47ed-8c15-35b6396862bf,0,6,1,0,flat,flat,True,0.0,"{""flat_matched"": 1}"
4fe068d2-f39e-47ed-8c15-35b6396862bf,0,7,1,0,flat,flat,True,0.0,"{""flat_matched"": 1}"
4fe068d2-f39e-47ed-8c15-35b6396862bf,0,8,1,0,flat,flat,True,0.0,"{""flat_matched"": 1}"
4fe068d2-f39e-47ed-8c15-35b6396862bf,0,9,3,1,flat,flat,True,0.0,"{""flat_matched"": 2, ""oblique_covered_by_flat"": 1}"
4fe068d2-f39e-47ed-8c15-35b6396862bf,0,10,1,0,flat,flat,True,0.0,"{""flat_matched"": 1}"
513a4b03-cfb1-4221-99ff-d9b7d1e1d3f6,0,0,1,0,flat,flat,True,0.0,"{""flat_matched"": 1}"
513a4b03-cfb1-4221-99ff-d9b7d1e1d3f6,0,2,1,0,flat,flat,True,0.0,"{""flat_matched"": 1}"
513a4b03-cfb1-4221-99ff-d9b7d1e1d3f6,1,4,3,2,oblique,oblique,True,42.75,"{""flat_covered_by_oblique"": 1, ""oblique_matched"": 2}"
513a4b03-cfb1-4221-99ff-d9b7d1e1d3f6,1,5,4,3,oblique,oblique,True,42.56,"{""flat_covered_by_oblique"": 1, ""oblique_matched"": 3}"
52f91e67-3891-4729-8bf3-be2c0a6a0d04,1,1,1,0,flat,flat,True,0.0,"{""flat_matched"": 1}"
52f91e67-3891-4729-8bf3-be2c0a6a0d04,1,2,1,0,flat,flat,True,0.0,"{""flat_matched"": 1}"
52f91e67-3891-4729-8bf3-be2c0a6a0d04,1,3,1,0,flat,flat,True,0.0,"{""flat_matched"": 1}"
52f91e67-3891-4729-8bf3-be2c0a6a0d04,2,4,15,13,oblique,oblique,True,47.05,"{""flat_covered_by_oblique"": 2, ""oblique_matched"": 13}"
52f91e67-3891-4729-8bf3-be2c0a6a0d04,0,6,6,0,flat,flat,True,0.0,"{""flat_matched"": 6}"
53ba9e35-1aeb-43e2-87d2-27be83b949f5,0,0,1,0,flat,flat,True,0.0,"{""flat_matched"": 1}"
53ba9e35-1aeb-43e2-87d2-27be83b949f5,0,1,1,0,flat,flat,True,0.0,"{""flat_matched"": 1}"
53ba9e35-1aeb-43e2-87d2-27be83b949f5,0,2,1,0,flat,flat,True,0.0,"{""flat_matched"": 1}"
53ba9e35-1aeb-43e2-87d2-27be83b949f5,0,3,1,0,flat,flat,True,0.0,"{""flat_matched"": 1}"
53ba9e35-1aeb-43e2-87d2-27be83b949f5,0,4,1,0,flat,flat,True,0.0,"{""flat_matched"": 1}"
53ba9e35-1aeb-43e2-87d2-27be83b949f5,0,5,1,0,flat,flat,True,0.0,"{""flat_matched"": 1}"
53ba9e35-1aeb-43e2-87d2-27be83b949f5,0,6,1,0,flat,flat,True,0.0,"{""flat_matched"": 1}"
53ba9e35-1aeb-43e2-87d2-27be83b949f5,0,7,1,0,flat,flat,True,0.0,"{""flat_matched"": 1}"
53c380e7-407e-48f7-8c72-b449e2334798,0,0,3,2,oblique,mixed,False,17.09,"{""flat_matched"": 1, ""oblique_matched"": 2}"
53c380e7-407e-48f7-8c72-b449e2334798,0,1,2,1,flat,mixed,False,9.96,"{""flat_matched"": 1, ""oblique_matched"": 1}"
53c380e7-407e-48f7-8c72-b449e2334798,0,2,2,1,flat,mixed,False,8.63,"{""flat_matched"": 1, ""oblique_matched"": 1}"
53c380e7-407e-48f7-8c72-b449e2334798,0,3,2,1,flat,mixed,False,10.06,"{""flat_matched"": 1, ""oblique_matched"": 1}"
53c380e7-407e-48f7-8c72-b449e2334798,0,4,2,1,flat,mixed,False,9.06,"{""flat_matched"": 1, ""oblique_matched"": 1}"
53c380e7-407e-48f7-8c72-b449e2334798,0,5,2,1,flat,mixed,False,9.4,"{""flat_matched"": 1, ""oblique_matched"": 1}"
53c380e7-407e-48f7-8c72-b449e2334798,0,6,2,1,flat,mixed,False,8.47,"{""flat_matched"": 1, ""oblique_matched"": 1}"
53c380e7-407e-48f7-8c72-b449e2334798,0,7,2,1,flat,mixed,False,9.26,"{""flat_matched"": 1, ""oblique_matched"": 1}"
56108837-05d5-4fe4-bfd5-aec6b649d825,0,0,1,0,flat,flat,True,0.0,"{""flat_matched"": 1}"
56108837-05d5-4fe4-bfd5-aec6b649d825,0,1,1,0,flat,flat,True,0.0,"{""flat_matched"": 1}"
56108837-05d5-4fe4-bfd5-aec6b649d825,0,2,1,0,flat,flat,True,0.0,"{""flat_matched"": 1}"
56108837-05d5-4fe4-bfd5-aec6b649d825,0,3,1,0,flat,flat,True,0.0,"{""flat_matched"": 1}"
56108837-05d5-4fe4-bfd5-aec6b649d825,0,4,1,0,flat,flat,True,0.0,"{""flat_matched"": 1}"
56108837-05d5-4fe4-bfd5-aec6b649d825,0,5,2,1,flat,flat,True,12.62,"{""flat_matched"": 1, ""oblique_covered_by_flat"": 1}"
56108837-05d5-4fe4-bfd5-aec6b649d825,0,6,1,0,flat,flat,True,0.0,"{""flat_matched"": 1}"
56108837-05d5-4fe4-bfd5-aec6b649d825,0,7,1,1,oblique,mixed,False,26.0,"{""oblique_matched"": 1}"
573ee2ba-67b9-4bb0-b4ba-47015d09377c,0,0,1,0,flat,flat,True,0.0,"{""flat_matched"": 1}"
573ee2ba-67b9-4bb0-b4ba-47015d09377c,0,1,1,0,flat,flat,True,0.0,"{""flat_matched"": 1}"
573ee2ba-67b9-4bb0-b4ba-47015d09377c,0,2,1,0,flat,flat,True,0.0,"{""flat_matched"": 1}"
573ee2ba-67b9-4bb0-b4ba-47015d09377c,0,3,1,0,flat,flat,True,0.0,"{""flat_matched"": 1}"
573ee2ba-67b9-4bb0-b4ba-47015d09377c,0,4,1,0,flat,flat,True,0.0,"{""flat_matched"": 1}"
573ee2ba-67b9-4bb0-b4ba-47015d09377c,0,5,1,0,flat,flat,True,0.0,"{""flat_matched"": 1}"
5831141f-829c-4adb-9bae-289c2140c72d,1,5,2,1,flat,flat,True,5.12,"{""flat_matched"": 1, ""oblique_covered_by_flat"": 1}"
5831141f-829c-4adb-9bae-289c2140c72d,1,6,4,3,oblique,flat,False,26.51,"{""flat_matched"": 1, ""oblique_covered_by_flat"": 3}"
5831141f-829c-4adb-9bae-289c2140c72d,2,8,5,4,oblique,oblique,True,57.55,"{""flat_covered_by_oblique"": 1, ""oblique_matched"": 4}"
5831141f-829c-4adb-9bae-289c2140c72d,2,10,12,9,oblique,oblique,True,52.97,"{""flat_partial"": 2, ""oblique_partial"": 1, ""flat_covered_by_oblique"": 1, ""oblique_matched"": 5, ""near_vertical_skip"": 2, ""oblique_wrong_orientation"": 1}"
59b505e7-b384-451b-90b1-80f2654dd10d,1,1,2,0,flat,flat,True,0.0,"{""flat_partial"": 1, ""flat_matched"": 1}"
59b505e7-b384-451b-90b1-80f2654dd10d,1,3,1,0,flat,flat,True,0.0,"{""flat_matched"": 1}"
59b505e7-b384-451b-90b1-80f2654dd10d,2,6,2,1,flat,flat,True,23.34,"{""flat_matched"": 1, ""oblique_covered_by_flat"": 1}"
59b505e7-b384-451b-90b1-80f2654dd10d,2,7,9,8,oblique,mixed,False,48.56,"{""flat_matched"": 1, ""oblique_matched"": 2, ""oblique_wrong_orientation"": 6}"
59b505e7-b384-451b-90b1-80f2654dd10d,2,8,2,1,flat,flat,True,23.54,"{""flat_matched"": 1, ""oblique_covered_by_flat"": 1}"
59b505e7-b384-451b-90b1-80f2654dd10d,2,9,2,1,flat,flat,True,23.51,"{""flat_matched"": 1, ""oblique_covered_by_flat"": 1}"
59b505e7-b384-451b-90b1-80f2654dd10d,2,10,12,10,oblique,mixed,False,45.24,"{""flat_matched"": 2, ""oblique_wrong_orientation"": 2, ""oblique_matched"": 3, ""oblique_covered_by_flat"": 5}"
59b505e7-b384-451b-90b1-80f2654dd10d,2,11,8,6,oblique,mixed,False,51.14,"{""flat_matched"": 2, ""oblique_covered_by_flat"": 4, ""uncovered"": 2}"
5a97cb51-78cd-40c7-9dd5-423bdea306a6,0,0,1,0,flat,mixed,False,0.0,"{""flat_matched"": 1}"
5a97cb51-78cd-40c7-9dd5-423bdea306a6,0,1,1,0,flat,mixed,False,0.0,"{""flat_matched"": 1}"
5a97cb51-78cd-40c7-9dd5-423bdea306a6,0,2,1,0,flat,mixed,False,0.0,"{""flat_matched"": 1}"
5a97cb51-78cd-40c7-9dd5-423bdea306a6,0,3,1,0,flat,mixed,False,0.0,"{""flat_matched"": 1}"
5a97cb51-78cd-40c7-9dd5-423bdea306a6,0,4,1,0,flat,mixed,False,0.0,"{""flat_matched"": 1}"
5a97cb51-78cd-40c7-9dd5-423bdea306a6,0,5,1,0,flat,mixed,False,0.0,"{""flat_matched"": 1}"
5a97cb51-78cd-40c7-9dd5-423bdea306a6,0,6,1,0,flat,mixed,False,0.0,"{""flat_matched"": 1}"
5a97cb51-78cd-40c7-9dd5-423bdea306a6,0,7,1,0,flat,mixed,False,0.0,"{""flat_matched"": 1}"
5a97cb51-78cd-40c7-9dd5-423bdea306a6,0,8,4,2,flat,mixed,False,7.43,"{""flat_matched"": 2, ""oblique_matched"": 2}"
5c557e06-393e-466e-a957-f7391b76b8ff,0,0,2,1,flat,mixed,False,4.47,"{""flat_matched"": 1, ""oblique_matched"": 1}"
5c557e06-393e-466e-a957-f7391b76b8ff,0,1,5,3,oblique,mixed,False,9.73,"{""flat_matched"": 2, ""oblique_matched"": 3}"
5c557e06-393e-466e-a957-f7391b76b8ff,0,2,15,12,oblique,mixed,False,9.86,"{""flat_matched"": 3, ""oblique_matched"": 11, ""oblique_covered_by_flat"": 1}"
5c557e06-393e-466e-a957-f7391b76b8ff,0,3,1,1,oblique,mixed,False,9.26,"{""oblique_matched"": 1}"
5c557e06-393e-466e-a957-f7391b76b8ff,0,4,1,1,oblique,mixed,False,19.28,"{""oblique_matched"": 1}"
5ecc6e8c-228b-4167-9331-de247c802320,1,0,1,0,flat,flat,True,0.0,"{""flat_matched"": 1}"
5ecc6e8c-228b-4167-9331-de247c802320,1,1,1,0,flat,flat,True,0.0,"{""flat_matched"": 1}"
5ecc6e8c-228b-4167-9331-de247c802320,1,3,1,0,flat,flat,True,0.0,"{""flat_matched"": 1}"
5ecc6e8c-228b-4167-9331-de247c802320,2,5,2,1,flat,oblique,False,17.99,"{""flat_covered_by_oblique"": 1, ""oblique_matched"": 1}"
5ecc6e8c-228b-4167-9331-de247c802320,2,6,2,1,flat,oblique,False,17.87,"{""flat_covered_by_oblique"": 1, ""oblique_matched"": 1}"
5ecc6e8c-228b-4167-9331-de247c802320,2,7,2,1,flat,oblique,False,17.97,"{""flat_covered_by_oblique"": 1, ""oblique_matched"": 1}"
5ecc6e8c-228b-4167-9331-de247c802320,2,8,4,3,oblique,oblique,True,37.27,"{""flat_covered_by_oblique"": 1, ""oblique_matched"": 3}"
5ecc6e8c-228b-4167-9331-de247c802320,2,9,5,3,oblique,oblique,True,20.35,"{""flat_covered_by_oblique"": 2, ""oblique_matched"": 3}"
60f2f02b-8910-461c-879a-75925d256989,0,0,1,1,oblique,oblique,True,13.27,"{""oblique_matched"": 1}"
60f2f02b-8910-461c-879a-75925d256989,1,7,2,1,flat,mixed,False,25.11,"{""flat_matched"": 1, ""oblique_matched"": 1}"
60f2f02b-8910-461c-879a-75925d256989,1,8,1,0,flat,mixed,False,0.0,"{""flat_matched"": 1}"
60f2f02b-8910-461c-879a-75925d256989,1,9,6,5,oblique,mixed,False,50.84,"{""flat_matched"": 1, ""oblique_matched"": 5}"
60f2f02b-8910-461c-879a-75925d256989,1,10,4,3,oblique,mixed,False,35.76,"{""flat_matched"": 1, ""oblique_matched"": 3}"
60f2f02b-8910-461c-879a-75925d256989,1,11,1,0,flat,mixed,False,0.0,"{""flat_matched"": 1}"
60f2f02b-8910-461c-879a-75925d256989,1,12,2,1,flat,mixed,False,23.56,"{""flat_matched"": 1, ""oblique_matched"": 1}"
60fa343a-d19a-4d18-b939-33b80e790be6,0,2,2,0,flat,flat,True,0.0,"{""flat_matched"": 2}"
60fa343a-d19a-4d18-b939-33b80e790be6,1,5,1,0,flat,flat,True,0.0,"{""flat_matched"": 1}"
60fa343a-d19a-4d18-b939-33b80e790be6,1,6,1,0,flat,flat,True,0.0,"{""flat_matched"": 1}"
60fa343a-d19a-4d18-b939-33b80e790be6,1,7,1,0,flat,flat,True,0.0,"{""flat_matched"": 1}"
60fa343a-d19a-4d18-b939-33b80e790be6,1,8,1,0,flat,flat,True,0.0,"{""flat_matched"": 1}"
60fa343a-d19a-4d18-b939-33b80e790be6,1,9,1,0,flat,flat,True,0.0,"{""flat_matched"": 1}"
612d1bc8-dbed-47cb-aef5-3e64964ccc04,0,0,1,0,flat,flat,True,0.0,"{""flat_matched"": 1}"
612d1bc8-dbed-47cb-aef5-3e64964ccc04,0,1,1,0,flat,flat,True,0.0,"{""flat_matched"": 1}"
612d1bc8-dbed-47cb-aef5-3e64964ccc04,0,2,1,0,flat,flat,True,0.0,"{""flat_matched"": 1}"
612d1bc8-dbed-47cb-aef5-3e64964ccc04,0,3,1,0,flat,flat,True,0.0,"{""flat_matched"": 1}"
612d1bc8-dbed-47cb-aef5-3e64964ccc04,0,4,1,0,flat,flat,True,0.0,"{""flat_matched"": 1}"
612d1bc8-dbed-47cb-aef5-3e64964ccc04,0,5,1,0,flat,flat,True,0.0,"{""flat_matched"": 1}"
612d1bc8-dbed-47cb-aef5-3e64964ccc04,0,6,1,0,flat,flat,True,0.0,"{""flat_matched"": 1}"
612d1bc8-dbed-47cb-aef5-3e64964ccc04,0,7,1,0,flat,flat,True,0.0,"{""flat_matched"": 1}"
612d1bc8-dbed-47cb-aef5-3e64964ccc04,0,8,1,0,flat,flat,True,0.0,"{""flat_matched"": 1}"
612d1bc8-dbed-47cb-aef5-3e64964ccc04,0,9,1,0,flat,flat,True,0.0,"{""flat_matched"": 1}"
6203a969-742b-4935-bc4d-8eae644b8f73,0,0,1,0,flat,flat,True,0.0,"{""flat_matched"": 1}"
6203a969-742b-4935-bc4d-8eae644b8f73,0,1,1,0,flat,mixed,False,0.0,"{""flat_matched"": 1}"
6203a969-742b-4935-bc4d-8eae644b8f73,0,2,1,0,flat,flat,True,0.0,"{""flat_matched"": 1}"
6203a969-742b-4935-bc4d-8eae644b8f73,0,3,3,2,oblique,mixed,False,49.56,"{""flat_matched"": 1, ""oblique_matched"": 2}"
6203a969-742b-4935-bc4d-8eae644b8f73,0,4,1,0,flat,mixed,False,0.0,"{""flat_matched"": 1}"
6203a969-742b-4935-bc4d-8eae644b8f73,0,5,1,0,flat,mixed,False,0.0,"{""flat_matched"": 1}"
6203a969-742b-4935-bc4d-8eae644b8f73,0,6,1,0,flat,mixed,False,0.0,"{""flat_matched"": 1}"
6203a969-742b-4935-bc4d-8eae644b8f73,0,7,1,0,flat,mixed,False,0.0,"{""flat_matched"": 1}"
6203a969-742b-4935-bc4d-8eae644b8f73,0,8,1,0,flat,flat,True,0.0,"{""flat_matched"": 1}"
6203a969-742b-4935-bc4d-8eae644b8f73,0,9,1,0,flat,flat,True,0.0,"{""flat_matched"": 1}"
6203a969-742b-4935-bc4d-8eae644b8f73,0,10,1,0,flat,flat,True,0.0,"{""flat_matched"": 1}"
6203a969-742b-4935-bc4d-8eae644b8f73,0,11,1,0,flat,flat,True,0.0,"{""flat_matched"": 1}"
6203a969-742b-4935-bc4d-8eae644b8f73,0,12,1,0,flat,flat,True,0.0,"{""flat_matched"": 1}"
66a72e63-8b3c-4e57-977b-32f5119a9d09,2,0,9,7,oblique,mixed,False,40.37,"{""oblique_matched"": 5, ""flat_matched"": 2, ""oblique_wrong_orientation"": 2}"
66a72e63-8b3c-4e57-977b-32f5119a9d09,2,1,1,0,flat,mixed,False,0.0,"{""flat_matched"": 1}"
66a72e63-8b3c-4e57-977b-32f5119a9d09,2,2,2,1,flat,mixed,False,20.48,"{""flat_matched"": 1, ""oblique_matched"": 1}"
66a72e63-8b3c-4e57-977b-32f5119a9d09,2,4,19,17,oblique,mixed,False,41.24,"{""flat_matched"": 2, ""oblique_wrong_orientation"": 6, ""oblique_matched"": 11}"
66a72e63-8b3c-4e57-977b-32f5119a9d09,1,9,1,0,flat,flat,True,0.0,"{""flat_matched"": 1}"
66a72e63-8b3c-4e57-977b-32f5119a9d09,0,14,1,0,flat,flat,True,0.0,"{""flat_matched"": 1}"
670a8030-c451-4e80-badd-6702cef02a03,1,5,2,0,flat,flat,True,0.0,"{""flat_matched"": 2}"
670a8030-c451-4e80-badd-6702cef02a03,2,8,2,1,flat,mixed,False,22.34,"{""flat_matched"": 1, ""oblique_matched"": 1}"
670a8030-c451-4e80-badd-6702cef02a03,2,9,5,3,oblique,mixed,False,12.16,"{""flat_matched"": 2, ""oblique_wrong_orientation"": 1, ""oblique_matched"": 2}"
670a8030-c451-4e80-badd-6702cef02a03,2,10,12,11,oblique,mixed,False,40.81,"{""flat_matched"": 1, ""oblique_wrong_orientation"": 2, ""oblique_matched"": 9}"
670a8030-c451-4e80-badd-6702cef02a03,2,11,3,2,oblique,mixed,False,34.73,"{""flat_matched"": 1, ""oblique_wrong_orientation"": 1, ""oblique_matched"": 1}"
6c29deb7-51e6-437d-bfe4-0eb83e559881,2,2,1,0,flat,flat,True,0.0,"{""flat_matched"": 1}"
6c29deb7-51e6-437d-bfe4-0eb83e559881,2,3,1,0,flat,flat,True,0.0,"{""flat_matched"": 1}"
6c29deb7-51e6-437d-bfe4-0eb83e559881,2,4,1,0,flat,flat,True,0.0,"{""flat_matched"": 1}"
6c29deb7-51e6-437d-bfe4-0eb83e559881,2,5,2,1,flat,flat,True,20.34,"{""flat_matched"": 1, ""oblique_covered_by_flat"": 1}"
6c29deb7-51e6-437d-bfe4-0eb83e559881,2,6,6,5,oblique,mixed,False,43.83,"{""flat_matched"": 1, ""oblique_wrong_orientation"": 1, ""oblique_matched"": 4}"
6e8a252f-fc38-4ffa-8691-3f43938a0a16,0,0,1,0,flat,flat,True,0.0,"{""flat_matched"": 1}"
6e8a252f-fc38-4ffa-8691-3f43938a0a16,0,1,1,0,flat,flat,True,0.0,"{""flat_matched"": 1}"
6e8a252f-fc38-4ffa-8691-3f43938a0a16,0,2,1,0,flat,flat,True,0.0,"{""flat_matched"": 1}"
6e8a252f-fc38-4ffa-8691-3f43938a0a16,0,3,1,0,flat,flat,True,0.0,"{""flat_matched"": 1}"
6e8a252f-fc38-4ffa-8691-3f43938a0a16,0,4,1,0,flat,flat,True,0.0,"{""flat_matched"": 1}"
6e8a252f-fc38-4ffa-8691-3f43938a0a16,0,5,1,0,flat,flat,True,0.0,"{""flat_matched"": 1}"
6e8a252f-fc38-4ffa-8691-3f43938a0a16,0,6,1,0,flat,flat,True,0.0,"{""flat_matched"": 1}"
6e8a252f-fc38-4ffa-8691-3f43938a0a16,0,7,1,0,flat,flat,True,0.0,"{""flat_matched"": 1}"
6e8a252f-fc38-4ffa-8691-3f43938a0a16,0,8,1,0,flat,flat,True,0.0,"{""flat_matched"": 1}"
6e8a252f-fc38-4ffa-8691-3f43938a0a16,0,9,1,0,flat,flat,True,0.0,"{""flat_matched"": 1}"
7153d532-16c1-45e8-b7c9-f5cd1ba5cc85,0,0,1,0,flat,flat,True,0.0,"{""flat_matched"": 1}"
7153d532-16c1-45e8-b7c9-f5cd1ba5cc85,0,1,1,0,flat,flat,True,0.0,"{""flat_matched"": 1}"
7153d532-16c1-45e8-b7c9-f5cd1ba5cc85,0,2,1,0,flat,flat,True,0.0,"{""flat_matched"": 1}"
7153d532-16c1-45e8-b7c9-f5cd1ba5cc85,0,3,1,0,flat,flat,True,0.0,"{""flat_matched"": 1}"
7153d532-16c1-45e8-b7c9-f5cd1ba5cc85,0,4,1,0,flat,flat,True,0.0,"{""flat_matched"": 1}"
7153d532-16c1-45e8-b7c9-f5cd1ba5cc85,0,5,2,0,flat,flat,True,0.0,"{""flat_matched"": 2}"
7153d532-16c1-45e8-b7c9-f5cd1ba5cc85,0,6,1,0,flat,flat,True,0.0,"{""flat_matched"": 1}"
7153d532-16c1-45e8-b7c9-f5cd1ba5cc85,0,7,1,0,flat,flat,True,0.0,"{""flat_matched"": 1}"
7153d532-16c1-45e8-b7c9-f5cd1ba5cc85,1,8,10,9,oblique,mixed,False,20.87,"{""flat_matched"": 1, ""oblique_covered_by_flat"": 4, ""oblique_wrong_orientation"": 5}"
7153d532-16c1-45e8-b7c9-f5cd1ba5cc85,1,9,2,1,flat,mixed,False,9.56,"{""flat_matched"": 1, ""oblique_matched"": 1}"
7153d532-16c1-45e8-b7c9-f5cd1ba5cc85,1,10,2,1,flat,mixed,False,9.18,"{""flat_matched"": 1, ""oblique_matched"": 1}"
7153d532-16c1-45e8-b7c9-f5cd1ba5cc85,1,11,2,1,flat,flat,True,7.72,"{""flat_matched"": 1, ""oblique_covered_by_flat"": 1}"
7153d532-16c1-45e8-b7c9-f5cd1ba5cc85,1,12,9,8,oblique,mixed,False,19.59,"{""flat_matched"": 1, ""oblique_matched"": 6, ""oblique_wrong_orientation"": 2}"
7153d532-16c1-45e8-b7c9-f5cd1ba5cc85,1,13,3,2,oblique,mixed,False,19.01,"{""flat_matched"": 1, ""oblique_matched"": 1, ""oblique_wrong_orientation"": 1}"
7153d532-16c1-45e8-b7c9-f5cd1ba5cc85,1,14,7,6,oblique,mixed,False,19.22,"{""flat_matched"": 1, ""oblique_covered_by_flat"": 3, ""oblique_matched"": 1, ""oblique_wrong_orientation"": 2}"
7153d532-16c1-45e8-b7c9-f5cd1ba5cc85,1,15,3,2,oblique,mixed,False,19.78,"{""oblique_matched"": 2, ""flat_matched"": 1}"
71ee522c-1e78-411f-b3ce-33d59516038f,0,0,6,3,flat,flat,True,4.79,"{""flat_matched"": 3, ""oblique_covered_by_flat"": 3}"
71ee522c-1e78-411f-b3ce-33d59516038f,0,1,3,1,flat,flat,True,1.71,"{""flat_matched"": 2, ""oblique_covered_by_flat"": 1}"
71ee522c-1e78-411f-b3ce-33d59516038f,0,2,7,4,oblique,flat,False,5.08,"{""flat_matched"": 3, ""oblique_covered_by_flat"": 4}"
71ee522c-1e78-411f-b3ce-33d59516038f,0,3,1,0,flat,flat,True,0.0,"{""flat_matched"": 1}"
71ee522c-1e78-411f-b3ce-33d59516038f,0,4,2,0,flat,flat,True,0.0,"{""flat_matched"": 2}"
71ee522c-1e78-411f-b3ce-33d59516038f,0,5,1,0,flat,mixed,False,0.0,"{""flat_matched"": 1}"
71ee522c-1e78-411f-b3ce-33d59516038f,0,6,3,2,oblique,mixed,False,47.92,"{""flat_matched"": 1, ""oblique_matched"": 2}"
71ee522c-1e78-411f-b3ce-33d59516038f,0,7,1,0,flat,mixed,False,0.0,"{""flat_matched"": 1}"
720c2f50-9586-47b5-b27c-130214cd8b5d,1,0,2,2,oblique,mixed,False,21.91,"{""oblique_matched"": 2}"
720c2f50-9586-47b5-b27c-130214cd8b5d,1,1,5,4,oblique,mixed,False,27.01,"{""flat_matched"": 1, ""oblique_matched"": 4}"
720c2f50-9586-47b5-b27c-130214cd8b5d,1,2,1,0,flat,flat,True,0.0,"{""flat_matched"": 1}"
720c2f50-9586-47b5-b27c-130214cd8b5d,1,3,1,0,flat,mixed,False,0.0,"{""flat_matched"": 1}"
720c2f50-9586-47b5-b27c-130214cd8b5d,1,4,1,0,flat,flat,True,0.0,"{""flat_matched"": 1}"
720c2f50-9586-47b5-b27c-130214cd8b5d,1,5,1,0,flat,flat,True,0.0,"{""flat_matched"": 1}"
720c2f50-9586-47b5-b27c-130214cd8b5d,1,6,1,0,flat,flat,True,0.0,"{""flat_matched"": 1}"
720c2f50-9586-47b5-b27c-130214cd8b5d,2,8,2,1,flat,mixed,False,19.75,"{""flat_matched"": 1, ""oblique_matched"": 1}"
720c2f50-9586-47b5-b27c-130214cd8b5d,2,9,2,1,flat,mixed,False,20.6,"{""flat_matched"": 1, ""oblique_matched"": 1}"
720c2f50-9586-47b5-b27c-130214cd8b5d,2,11,4,3,oblique,mixed,False,19.73,"{""flat_matched"": 1, ""oblique_wrong_orientation"": 1, ""oblique_matched"": 2}"
720c2f50-9586-47b5-b27c-130214cd8b5d,2,12,1,0,flat,mixed,False,0.0,"{""flat_matched"": 1}"
72122129-7ee2-4a14-a645-23d44df3d2b5,2,0,2,1,flat,mixed,False,25.04,"{""flat_matched"": 1, ""oblique_matched"": 1}"
72122129-7ee2-4a14-a645-23d44df3d2b5,2,1,2,1,flat,mixed,False,25.47,"{""flat_matched"": 1, ""oblique_matched"": 1}"
72122129-7ee2-4a14-a645-23d44df3d2b5,2,2,5,3,oblique,mixed,False,37.66,"{""flat_matched"": 2, ""oblique_matched"": 3}"
72122129-7ee2-4a14-a645-23d44df3d2b5,2,3,2,1,flat,mixed,False,25.39,"{""flat_matched"": 1, ""oblique_matched"": 1}"
72122129-7ee2-4a14-a645-23d44df3d2b5,1,5,2,1,flat,flat,True,27.35,"{""flat_matched"": 1, ""oblique_covered_by_flat"": 1}"
72122129-7ee2-4a14-a645-23d44df3d2b5,1,6,1,0,flat,flat,True,0.0,"{""flat_matched"": 1}"
72122129-7ee2-4a14-a645-23d44df3d2b5,1,7,1,0,flat,flat,True,0.0,"{""flat_matched"": 1}"
72122129-7ee2-4a14-a645-23d44df3d2b5,1,8,1,0,flat,flat,True,0.0,"{""flat_matched"": 1}"
72122129-7ee2-4a14-a645-23d44df3d2b5,0,13,1,0,flat,flat,True,0.0,"{""flat_matched"": 1}"
73465f84-d5f5-4b84-8509-0e818beb5ecd,1,4,1,1,oblique,mixed,False,7.07,"{""oblique_matched"": 1}"
73465f84-d5f5-4b84-8509-0e818beb5ecd,1,5,1,0,flat,flat,True,1.43,"{""flat_matched"": 1}"
73465f84-d5f5-4b84-8509-0e818beb5ecd,1,6,1,1,oblique,mixed,False,7.05,"{""oblique_matched"": 1}"
73465f84-d5f5-4b84-8509-0e818beb5ecd,1,7,1,0,flat,flat,True,0.0,"{""flat_matched"": 1}"
73465f84-d5f5-4b84-8509-0e818beb5ecd,1,8,6,4,oblique,flat,False,17.92,"{""flat_matched"": 2, ""oblique_covered_by_flat"": 4}"
73465f84-d5f5-4b84-8509-0e818beb5ecd,1,9,1,0,flat,flat,True,0.0,"{""flat_matched"": 1}"
73465f84-d5f5-4b84-8509-0e818beb5ecd,1,10,1,0,flat,flat,True,0.0,"{""flat_matched"": 1}"
73465f84-d5f5-4b84-8509-0e818beb5ecd,1,11,1,0,flat,flat,True,0.0,"{""flat_matched"": 1}"
73465f84-d5f5-4b84-8509-0e818beb5ecd,1,13,1,0,flat,flat,True,0.0,"{""flat_matched"": 1}"
73c1d779-2257-4e39-838a-5b026bca2401,0,0,1,0,flat,flat,True,0.0,"{""flat_matched"": 1}"
73c1d779-2257-4e39-838a-5b026bca2401,0,1,1,0,flat,flat,True,0.0,"{""flat_matched"": 1}"
73c1d779-2257-4e39-838a-5b026bca2401,0,2,1,0,flat,flat,True,0.0,"{""flat_matched"": 1}"
73c1d779-2257-4e39-838a-5b026bca2401,0,3,1,0,flat,flat,True,0.0,"{""flat_matched"": 1}"
73c1d779-2257-4e39-838a-5b026bca2401,0,4,1,0,flat,flat,True,0.0,"{""flat_matched"": 1}"
73c1d779-2257-4e39-838a-5b026bca2401,0,5,1,0,flat,flat,True,0.0,"{""flat_matched"": 1}"
73c1d779-2257-4e39-838a-5b026bca2401,0,6,1,0,flat,flat,True,0.0,"{""flat_matched"": 1}"
73c1d779-2257-4e39-838a-5b026bca2401,0,7,1,0,flat,flat,True,0.0,"{""flat_matched"": 1}"
73c1d779-2257-4e39-838a-5b026bca2401,0,8,1,0,flat,flat,True,0.0,"{""flat_matched"": 1}"
73c1d779-2257-4e39-838a-5b026bca2401,0,9,1,0,flat,flat,True,0.0,"{""flat_matched"": 1}"
73c1d779-2257-4e39-838a-5b026bca2401,0,10,1,0,flat,flat,True,0.0,"{""flat_matched"": 1}"
73c1d779-2257-4e39-838a-5b026bca2401,0,11,3,1,flat,flat,True,0.0,"{""flat_matched"": 2, ""oblique_covered_by_flat"": 1}"
73c1d779-2257-4e39-838a-5b026bca2401,0,12,1,0,flat,flat,True,0.0,"{""flat_matched"": 1}"
777b25c6-42e6-40d3-a0a4-aaafdd23842e,1,0,2,1,flat,oblique,False,21.57,"{""flat_partial"": 1, ""oblique_matched"": 1}"
777b25c6-42e6-40d3-a0a4-aaafdd23842e,1,1,2,1,flat,oblique,False,22.03,"{""flat_covered_by_oblique"": 1, ""oblique_matched"": 1}"
777b25c6-42e6-40d3-a0a4-aaafdd23842e,1,2,8,6,oblique,oblique,True,42.39,"{""flat_covered_by_oblique"": 2, ""oblique_wrong_orientation"": 1, ""oblique_matched"": 3, ""oblique_partial"": 2}"
777b25c6-42e6-40d3-a0a4-aaafdd23842e,1,3,4,4,oblique,oblique,True,46.07,"{""oblique_matched"": 4}"
777b25c6-42e6-40d3-a0a4-aaafdd23842e,0,5,1,0,flat,flat,True,0.0,"{""flat_matched"": 1}"
777b25c6-42e6-40d3-a0a4-aaafdd23842e,0,6,1,0,flat,flat,True,0.0,"{""flat_matched"": 1}"
7791ff1d-7641-4da1-8380-1773d30a7bcc,1,0,1,0,flat,flat,True,0.0,"{""flat_matched"": 1}"
7791ff1d-7641-4da1-8380-1773d30a7bcc,1,1,2,0,flat,flat,True,0.0,"{""flat_matched"": 2}"
7791ff1d-7641-4da1-8380-1773d30a7bcc,0,2,1,0,flat,flat,True,0.0,"{""flat_matched"": 1}"
7791ff1d-7641-4da1-8380-1773d30a7bcc,0,3,1,0,flat,flat,True,0.0,"{""flat_matched"": 1}"
7791ff1d-7641-4da1-8380-1773d30a7bcc,0,4,2,0,flat,flat,True,0.0,"{""flat_matched"": 2}"
7791ff1d-7641-4da1-8380-1773d30a7bcc,0,5,1,0,flat,flat,True,0.0,"{""flat_matched"": 1}"
7791ff1d-7641-4da1-8380-1773d30a7bcc,0,6,1,0,flat,flat,True,0.0,"{""flat_matched"": 1}"
795ceae3-b6ef-42bc-bd48-9b69f06e9de6,0,0,2,1,flat,mixed,False,13.21,"{""flat_matched"": 1, ""oblique_matched"": 1}"
795ceae3-b6ef-42bc-bd48-9b69f06e9de6,0,1,2,1,flat,mixed,False,13.26,"{""flat_matched"": 1, ""oblique_matched"": 1}"
795ceae3-b6ef-42bc-bd48-9b69f06e9de6,0,2,1,0,flat,flat,True,0.0,"{""flat_matched"": 1}"
795ceae3-b6ef-42bc-bd48-9b69f06e9de6,0,3,1,0,flat,flat,True,0.0,"{""flat_matched"": 1}"
795ceae3-b6ef-42bc-bd48-9b69f06e9de6,0,4,1,0,flat,flat,True,0.0,"{""flat_matched"": 1}"
795ceae3-b6ef-42bc-bd48-9b69f06e9de6,0,5,1,0,flat,flat,True,0.0,"{""flat_matched"": 1}"
795ceae3-b6ef-42bc-bd48-9b69f06e9de6,0,6,1,0,flat,flat,True,0.0,"{""flat_matched"": 1}"
795ceae3-b6ef-42bc-bd48-9b69f06e9de6,0,7,1,0,flat,flat,True,0.0,"{""flat_matched"": 1}"
795ceae3-b6ef-42bc-bd48-9b69f06e9de6,0,8,1,0,flat,flat,True,0.0,"{""flat_matched"": 1}"
795ceae3-b6ef-42bc-bd48-9b69f06e9de6,0,9,1,0,flat,flat,True,0.0,"{""flat_matched"": 1}"
7cabc39b-6328-4a6e-9491-822fa6b3c3fb,0,0,2,1,flat,mixed,False,9.38,"{""flat_matched"": 1, ""oblique_matched"": 1}"
7cabc39b-6328-4a6e-9491-822fa6b3c3fb,0,1,1,1,oblique,mixed,False,16.11,"{""oblique_matched"": 1}"
7cabc39b-6328-4a6e-9491-822fa6b3c3fb,0,2,1,1,oblique,mixed,False,16.05,"{""oblique_matched"": 1}"
7cabc39b-6328-4a6e-9491-822fa6b3c3fb,0,3,1,1,oblique,mixed,False,11.5,"{""oblique_matched"": 1}"
7cabc39b-6328-4a6e-9491-822fa6b3c3fb,0,4,1,1,oblique,mixed,False,16.18,"{""oblique_matched"": 1}"
7cabc39b-6328-4a6e-9491-822fa6b3c3fb,0,5,1,1,oblique,mixed,False,11.43,"{""oblique_matched"": 1}"
7cabc39b-6328-4a6e-9491-822fa6b3c3fb,0,6,2,0,flat,mixed,False,0.0,"{""flat_matched"": 2}"
7cabc39b-6328-4a6e-9491-822fa6b3c3fb,0,7,1,1,oblique,mixed,False,15.99,"{""oblique_matched"": 1}"
7cabc39b-6328-4a6e-9491-822fa6b3c3fb,0,8,2,2,oblique,mixed,False,13.56,"{""oblique_matched"": 2}"
7cabc39b-6328-4a6e-9491-822fa6b3c3fb,0,9,1,0,flat,mixed,False,0.0,"{""flat_matched"": 1}"
7cabc39b-6328-4a6e-9491-822fa6b3c3fb,0,10,1,0,flat,mixed,False,0.0,"{""flat_matched"": 1}"
7cabc39b-6328-4a6e-9491-822fa6b3c3fb,0,11,1,1,oblique,mixed,False,11.13,"{""oblique_matched"": 1}"
7dbc53a6-17e8-4806-83de-42286b95726c,1,0,8,4,flat,flat,True,9.21,"{""flat_matched"": 4, ""oblique_covered_by_flat"": 4}"
7dbc53a6-17e8-4806-83de-42286b95726c,1,3,1,0,flat,flat,True,0.0,"{""flat_matched"": 1}"
7dbc53a6-17e8-4806-83de-42286b95726c,1,5,16,11,oblique,flat,False,11.12,"{""flat_matched"": 5, ""oblique_covered_by_flat"": 11}"
7dbc53a6-17e8-4806-83de-42286b95726c,0,6,3,2,oblique,flat,False,5.29,"{""flat_matched"": 1, ""oblique_covered_by_flat"": 2}"
7dbc53a6-17e8-4806-83de-42286b95726c,2,7,7,6,oblique,mixed,False,50.59,"{""flat_matched"": 1, ""oblique_wrong_orientation"": 1, ""oblique_matched"": 5}"
7dbc53a6-17e8-4806-83de-42286b95726c,2,10,2,0,flat,mixed,False,0.0,"{""flat_matched"": 2}"
7dbc53a6-17e8-4806-83de-42286b95726c,3,11,9,8,oblique,flat,False,76.72,"{""flat_matched"": 1, ""oblique_covered_by_flat"": 5, ""near_vertical_skip"": 3}"
7e42a701-1f0a-451a-8229-05f581454979,0,0,1,0,flat,flat,True,0.0,"{""flat_matched"": 1}"
7e42a701-1f0a-451a-8229-05f581454979,0,1,1,0,flat,flat,True,0.0,"{""flat_matched"": 1}"
7e42a701-1f0a-451a-8229-05f581454979,0,2,1,0,flat,flat,True,0.0,"{""flat_matched"": 1}"
7e42a701-1f0a-451a-8229-05f581454979,0,3,1,0,flat,flat,True,0.0,"{""flat_matched"": 1}"
7e42a701-1f0a-451a-8229-05f581454979,0,4,1,0,flat,flat,True,0.0,"{""flat_matched"": 1}"
7e42a701-1f0a-451a-8229-05f581454979,0,5,1,0,flat,flat,True,0.0,"{""flat_matched"": 1}"
7e42a701-1f0a-451a-8229-05f581454979,0,6,1,0,flat,flat,True,0.0,"{""flat_matched"": 1}"
7e42a701-1f0a-451a-8229-05f581454979,0,7,1,0,flat,flat,True,0.0,"{""flat_matched"": 1}"
7e42a701-1f0a-451a-8229-05f581454979,0,8,1,0,flat,flat,True,0.0,"{""flat_matched"": 1}"
7e42a701-1f0a-451a-8229-05f581454979,0,9,1,0,flat,flat,True,0.0,"{""flat_matched"": 1}"
7e42a701-1f0a-451a-8229-05f581454979,0,10,1,0,flat,flat,True,0.0,"{""flat_matched"": 1}"
7e42a701-1f0a-451a-8229-05f581454979,0,11,1,0,flat,flat,True,0.0,"{""flat_matched"": 1}"
7e42a701-1f0a-451a-8229-05f581454979,0,12,1,0,flat,flat,True,0.0,"{""flat_matched"": 1}"
85b7d943-95c9-4937-af42-121f705ed3e0,0,0,1,0,flat,flat,True,0.0,"{""flat_matched"": 1}"
85b7d943-95c9-4937-af42-121f705ed3e0,0,1,1,0,flat,flat,True,0.0,"{""flat_matched"": 1}"
85b7d943-95c9-4937-af42-121f705ed3e0,0,2,1,0,flat,flat,True,0.0,"{""flat_matched"": 1}"
85b7d943-95c9-4937-af42-121f705ed3e0,0,3,1,0,flat,flat,True,0.0,"{""flat_matched"": 1}"
85b7d943-95c9-4937-af42-121f705ed3e0,0,4,1,0,flat,flat,True,0.0,"{""flat_matched"": 1}"
85b7d943-95c9-4937-af42-121f705ed3e0,0,5,1,0,flat,flat,True,0.0,"{""flat_matched"": 1}"
85b7d943-95c9-4937-af42-121f705ed3e0,0,6,1,0,flat,flat,True,0.0,"{""flat_matched"": 1}"
85b7d943-95c9-4937-af42-121f705ed3e0,0,7,1,0,flat,flat,True,0.0,"{""flat_matched"": 1}"
85b7d943-95c9-4937-af42-121f705ed3e0,0,8,1,0,flat,flat,True,0.0,"{""flat_matched"": 1}"
873952bc-1159-43dd-b4bd-6535a55c57cf,1,0,5,3,oblique,mixed,False,47.43,"{""flat_matched"": 2, ""oblique_matched"": 2, ""near_vertical_skip"": 1}"
873952bc-1159-43dd-b4bd-6535a55c57cf,1,1,5,4,oblique,mixed,False,46.34,"{""flat_matched"": 1, ""oblique_matched"": 4}"
873952bc-1159-43dd-b4bd-6535a55c57cf,1,2,3,1,flat,mixed,False,1.53,"{""flat_matched"": 2, ""oblique_wrong_orientation"": 1}"
873952bc-1159-43dd-b4bd-6535a55c57cf,0,4,1,0,flat,flat,True,0.0,"{""flat_matched"": 1}"
873952bc-1159-43dd-b4bd-6535a55c57cf,0,6,6,3,flat,flat,True,5.68,"{""flat_matched"": 3, ""oblique_covered_by_flat"": 3}"
893d4535-3169-4907-a93a-b3ab8f66ec1c,0,1,1,0,flat,mixed,False,0.0,"{""flat_matched"": 1}"
893d4535-3169-4907-a93a-b3ab8f66ec1c,0,2,1,0,flat,mixed,False,0.0,"{""flat_matched"": 1}"
893d4535-3169-4907-a93a-b3ab8f66ec1c,0,3,1,0,flat,mixed,False,0.0,"{""flat_matched"": 1}"
893d4535-3169-4907-a93a-b3ab8f66ec1c,0,4,25,24,oblique,mixed,False,21.32,"{""flat_matched"": 1, ""oblique_matched"": 22, ""oblique_wrong_orientation"": 2}"
893d4535-3169-4907-a93a-b3ab8f66ec1c,0,5,1,0,flat,mixed,False,0.0,"{""flat_matched"": 1}"
893d4535-3169-4907-a93a-b3ab8f66ec1c,0,6,1,0,flat,mixed,False,0.0,"{""flat_matched"": 1}"
893d4535-3169-4907-a93a-b3ab8f66ec1c,0,7,1,0,flat,mixed,False,0.0,"{""flat_matched"": 1}"
893d4535-3169-4907-a93a-b3ab8f66ec1c,0,8,1,0,flat,mixed,False,0.0,"{""flat_matched"": 1}"
893d4535-3169-4907-a93a-b3ab8f66ec1c,0,9,1,0,flat,mixed,False,0.0,"{""flat_matched"": 1}"
893d4535-3169-4907-a93a-b3ab8f66ec1c,0,10,1,0,flat,mixed,False,0.0,"{""flat_matched"": 1}"
893d4535-3169-4907-a93a-b3ab8f66ec1c,0,11,2,0,flat,mixed,False,0.0,"{""flat_matched"": 2}"
8ab161a4-c958-49c9-8ca8-7a997292d52f,0,1,1,0,flat,flat,True,0.0,"{""flat_matched"": 1}"
8ab161a4-c958-49c9-8ca8-7a997292d52f,0,2,2,0,flat,flat,True,0.0,"{""flat_matched"": 2}"
8ab161a4-c958-49c9-8ca8-7a997292d52f,0,3,2,0,flat,flat,True,0.0,"{""flat_matched"": 2}"
8ab161a4-c958-49c9-8ca8-7a997292d52f,0,4,1,0,flat,flat,True,0.0,"{""flat_matched"": 1}"
8ab161a4-c958-49c9-8ca8-7a997292d52f,0,5,1,0,flat,flat,True,0.0,"{""flat_matched"": 1}"
8b723372-749f-4992-a044-d62bb99b84cc,0,0,1,0,flat,flat,True,0.0,"{""flat_matched"": 1}"
8b723372-749f-4992-a044-d62bb99b84cc,0,3,1,0,flat,flat,True,0.0,"{""flat_matched"": 1}"
8b723372-749f-4992-a044-d62bb99b84cc,0,4,2,1,flat,flat,True,7.13,"{""flat_matched"": 1, ""oblique_covered_by_flat"": 1}"
8b723372-749f-4992-a044-d62bb99b84cc,0,5,1,0,flat,flat,True,0.0,"{""flat_matched"": 1}"
8b723372-749f-4992-a044-d62bb99b84cc,1,6,2,1,flat,oblique,False,23.11,"{""flat_covered_by_oblique"": 1, ""oblique_matched"": 1}"
8b723372-749f-4992-a044-d62bb99b84cc,1,7,4,3,oblique,oblique,True,39.17,"{""flat_covered_by_oblique"": 1, ""oblique_matched"": 3}"
8b723372-749f-4992-a044-d62bb99b84cc,1,8,12,11,oblique,oblique,True,46.31,"{""flat_covered_by_oblique"": 1, ""oblique_wrong_orientation"": 1, ""oblique_matched"": 10}"
8e7e69b2-e1db-4482-8f21-93be6904a5f1,0,1,6,4,oblique,flat,False,6.46,"{""flat_matched"": 2, ""oblique_covered_by_flat"": 4}"
8e7e69b2-e1db-4482-8f21-93be6904a5f1,1,2,1,0,flat,flat,True,0.0,"{""flat_matched"": 1}"
8e7e69b2-e1db-4482-8f21-93be6904a5f1,1,3,1,0,flat,flat,True,0.0,"{""flat_matched"": 1}"
8e7e69b2-e1db-4482-8f21-93be6904a5f1,1,4,1,0,flat,flat,True,0.0,"{""flat_matched"": 1}"
8e7e69b2-e1db-4482-8f21-93be6904a5f1,1,5,1,0,flat,flat,True,0.0,"{""flat_matched"": 1}"
8e7e69b2-e1db-4482-8f21-93be6904a5f1,1,6,1,0,flat,flat,True,0.0,"{""flat_matched"": 1}"
8e7e69b2-e1db-4482-8f21-93be6904a5f1,1,7,2,1,flat,mixed,False,8.43,"{""flat_matched"": 1, ""oblique_matched"": 1}"
8e7e69b2-e1db-4482-8f21-93be6904a5f1,1,8,1,0,flat,flat,True,0.0,"{""flat_matched"": 1}"
8e7e69b2-e1db-4482-8f21-93be6904a5f1,1,9,1,0,flat,flat,True,0.0,"{""flat_matched"": 1}"
8fc0de5f-99be-4295-b529-d389a4670a8f,0,0,1,0,flat,flat,True,0.0,"{""flat_matched"": 1}"
8fc0de5f-99be-4295-b529-d389a4670a8f,0,1,1,0,flat,flat,True,0.0,"{""flat_matched"": 1}"
8fc0de5f-99be-4295-b529-d389a4670a8f,0,2,1,0,flat,flat,True,0.0,"{""flat_matched"": 1}"
8fc0de5f-99be-4295-b529-d389a4670a8f,0,3,1,0,flat,flat,True,0.0,"{""flat_matched"": 1}"
8fc0de5f-99be-4295-b529-d389a4670a8f,0,4,1,0,flat,flat,True,0.0,"{""flat_matched"": 1}"
8fc0de5f-99be-4295-b529-d389a4670a8f,0,5,1,0,flat,flat,True,0.0,"{""flat_matched"": 1}"
8fc0de5f-99be-4295-b529-d389a4670a8f,0,6,1,0,flat,flat,True,0.0,"{""flat_matched"": 1}"
8fc0de5f-99be-4295-b529-d389a4670a8f,0,7,1,0,flat,flat,True,0.0,"{""flat_matched"": 1}"
90683bb0-28ca-42a8-82b8-09d82cd434d5,0,1,1,0,flat,flat,True,0.0,"{""flat_matched"": 1}"
90683bb0-28ca-42a8-82b8-09d82cd434d5,0,2,1,0,flat,flat,True,0.0,"{""flat_matched"": 1}"
90683bb0-28ca-42a8-82b8-09d82cd434d5,2,3,17,15,oblique,oblique,True,43.19,"{""flat_covered_by_oblique"": 2, ""oblique_wrong_orientation"": 6, ""oblique_matched"": 9}"
90683bb0-28ca-42a8-82b8-09d82cd434d5,2,4,1,1,oblique,oblique,True,42.87,"{""oblique_matched"": 1}"
91f66e67-37e3-4cc9-9815-a4ce71c56a0a,0,0,1,0,flat,flat,True,0.0,"{""flat_matched"": 1}"
91f66e67-37e3-4cc9-9815-a4ce71c56a0a,0,1,1,0,flat,flat,True,0.0,"{""flat_matched"": 1}"
91f66e67-37e3-4cc9-9815-a4ce71c56a0a,0,2,1,0,flat,flat,True,0.0,"{""flat_matched"": 1}"
91f66e67-37e3-4cc9-9815-a4ce71c56a0a,0,4,1,0,flat,flat,True,0.0,"{""flat_matched"": 1}"
91f66e67-37e3-4cc9-9815-a4ce71c56a0a,0,5,1,0,flat,flat,True,0.0,"{""flat_matched"": 1}"
91f66e67-37e3-4cc9-9815-a4ce71c56a0a,0,6,1,0,flat,flat,True,0.0,"{""flat_matched"": 1}"
91f66e67-37e3-4cc9-9815-a4ce71c56a0a,0,7,1,0,flat,flat,True,0.0,"{""flat_matched"": 1}"
91f66e67-37e3-4cc9-9815-a4ce71c56a0a,0,8,2,0,flat,flat,True,0.0,"{""flat_matched"": 2}"
938d6ed6-d916-462b-ba37-f421feb2af21,0,0,2,0,flat,flat,True,0.0,"{""flat_matched"": 2}"
938d6ed6-d916-462b-ba37-f421feb2af21,0,1,1,0,flat,flat,True,0.0,"{""flat_matched"": 1}"
938d6ed6-d916-462b-ba37-f421feb2af21,0,2,1,0,flat,flat,True,0.0,"{""flat_matched"": 1}"
938d6ed6-d916-462b-ba37-f421feb2af21,0,3,1,0,flat,flat,True,0.0,"{""flat_matched"": 1}"
938d6ed6-d916-462b-ba37-f421feb2af21,0,4,5,3,oblique,flat,False,6.34,"{""flat_matched"": 2, ""oblique_covered_by_flat"": 3}"
938d6ed6-d916-462b-ba37-f421feb2af21,0,5,1,0,flat,flat,True,0.0,"{""flat_matched"": 1}"
938d6ed6-d916-462b-ba37-f421feb2af21,0,6,1,0,flat,flat,True,0.0,"{""flat_matched"": 1}"
938d6ed6-d916-462b-ba37-f421feb2af21,0,7,1,0,flat,flat,True,0.0,"{""flat_matched"": 1}"
938d6ed6-d916-462b-ba37-f421feb2af21,0,8,1,0,flat,flat,True,0.0,"{""flat_matched"": 1}"
938d6ed6-d916-462b-ba37-f421feb2af21,0,9,1,0,flat,flat,True,0.0,"{""flat_matched"": 1}"
938d6ed6-d916-462b-ba37-f421feb2af21,0,10,1,0,flat,flat,True,0.0,"{""flat_matched"": 1}"
938d6ed6-d916-462b-ba37-f421feb2af21,0,11,1,0,flat,flat,True,0.0,"{""flat_matched"": 1}"
938d6ed6-d916-462b-ba37-f421feb2af21,0,12,1,0,flat,flat,True,0.0,"{""flat_matched"": 1}"
938d6ed6-d916-462b-ba37-f421feb2af21,2,13,1,0,flat,flat,True,0.0,"{""flat_matched"": 1}"
938d6ed6-d916-462b-ba37-f421feb2af21,2,14,1,0,flat,flat,True,0.0,"{""flat_matched"": 1}"
938d6ed6-d916-462b-ba37-f421feb2af21,2,15,1,0,flat,flat,True,0.0,"{""flat_matched"": 1}"
938d6ed6-d916-462b-ba37-f421feb2af21,2,16,1,0,flat,flat,True,0.0,"{""flat_matched"": 1}"
938d6ed6-d916-462b-ba37-f421feb2af21,2,17,1,0,flat,flat,True,0.0,"{""flat_matched"": 1}"
938d6ed6-d916-462b-ba37-f421feb2af21,2,18,1,0,flat,flat,True,0.0,"{""flat_matched"": 1}"
938d6ed6-d916-462b-ba37-f421feb2af21,1,19,1,0,flat,flat,True,0.0,"{""flat_matched"": 1}"
938d6ed6-d916-462b-ba37-f421feb2af21,2,20,1,0,flat,flat,True,0.0,"{""flat_matched"": 1}"
938d6ed6-d916-462b-ba37-f421feb2af21,2,21,1,0,flat,flat,True,0.0,"{""flat_matched"": 1}"
940c5969-1037-4f02-810b-6d4c89b0582b,0,0,1,0,flat,flat,True,0.0,"{""flat_matched"": 1}"
940c5969-1037-4f02-810b-6d4c89b0582b,0,1,1,0,flat,flat,True,0.0,"{""flat_matched"": 1}"
940c5969-1037-4f02-810b-6d4c89b0582b,0,2,1,0,flat,flat,True,0.0,"{""flat_matched"": 1}"
940c5969-1037-4f02-810b-6d4c89b0582b,0,3,1,0,flat,flat,True,0.0,"{""flat_matched"": 1}"
940c5969-1037-4f02-810b-6d4c89b0582b,0,4,1,0,flat,flat,True,0.0,"{""flat_matched"": 1}"
940c5969-1037-4f02-810b-6d4c89b0582b,0,5,1,0,flat,flat,True,0.0,"{""flat_matched"": 1}"
9419424d-2dd9-4dd2-a9d9-e029e32c1f28,0,0,1,0,flat,flat,True,0.0,"{""flat_matched"": 1}"
9419424d-2dd9-4dd2-a9d9-e029e32c1f28,0,1,4,3,oblique,mixed,False,12.65,"{""flat_matched"": 1, ""oblique_matched"": 3}"
9419424d-2dd9-4dd2-a9d9-e029e32c1f28,0,2,1,0,flat,flat,True,0.0,"{""flat_matched"": 1}"
9419424d-2dd9-4dd2-a9d9-e029e32c1f28,0,3,1,0,flat,flat,True,0.0,"{""flat_matched"": 1}"
9419424d-2dd9-4dd2-a9d9-e029e32c1f28,0,4,3,2,oblique,mixed,False,16.02,"{""flat_matched"": 1, ""oblique_matched"": 2}"
9419424d-2dd9-4dd2-a9d9-e029e32c1f28,0,5,3,1,flat,mixed,False,0.0,"{""flat_matched"": 2, ""oblique_matched"": 1}"
9419424d-2dd9-4dd2-a9d9-e029e32c1f28,0,7,1,0,flat,flat,True,0.0,"{""flat_matched"": 1}"
9419424d-2dd9-4dd2-a9d9-e029e32c1f28,0,8,1,1,oblique,mixed,False,14.64,"{""oblique_matched"": 1}"
9419424d-2dd9-4dd2-a9d9-e029e32c1f28,0,9,4,3,oblique,mixed,False,14.48,"{""flat_matched"": 1, ""oblique_matched"": 2, ""oblique_wrong_orientation"": 1}"
945b16b9-0ebf-409e-af08-aab7672801d2,0,0,1,1,oblique,mixed,False,11.85,"{""oblique_matched"": 1}"
945b16b9-0ebf-409e-af08-aab7672801d2,0,1,1,0,flat,flat,True,0.0,"{""flat_matched"": 1}"
945b16b9-0ebf-409e-af08-aab7672801d2,0,2,1,0,flat,flat,True,0.0,"{""flat_matched"": 1}"
945b16b9-0ebf-409e-af08-aab7672801d2,0,3,1,0,flat,flat,True,0.0,"{""flat_matched"": 1}"
945b16b9-0ebf-409e-af08-aab7672801d2,0,4,1,0,flat,flat,True,0.0,"{""flat_matched"": 1}"
945b16b9-0ebf-409e-af08-aab7672801d2,0,5,1,0,flat,flat,True,0.0,"{""flat_matched"": 1}"
945b16b9-0ebf-409e-af08-aab7672801d2,0,6,1,0,flat,flat,True,0.0,"{""flat_matched"": 1}"
945b16b9-0ebf-409e-af08-aab7672801d2,0,7,5,3,oblique,mixed,False,10.92,"{""flat_matched"": 2, ""oblique_matched"": 3}"
964a40ac-d9df-44e1-b64b-84e02b909004,0,0,2,1,flat,flat,True,12.65,"{""flat_matched"": 1, ""oblique_covered_by_flat"": 1}"
964a40ac-d9df-44e1-b64b-84e02b909004,0,1,1,0,flat,flat,True,0.0,"{""flat_matched"": 1}"
964a40ac-d9df-44e1-b64b-84e02b909004,0,2,1,0,flat,flat,True,0.0,"{""flat_matched"": 1}"
964a40ac-d9df-44e1-b64b-84e02b909004,0,3,1,0,flat,flat,True,0.0,"{""flat_matched"": 1}"
964a40ac-d9df-44e1-b64b-84e02b909004,0,4,1,0,flat,flat,True,0.0,"{""flat_matched"": 1}"
964a40ac-d9df-44e1-b64b-84e02b909004,0,5,1,0,flat,flat,True,0.0,"{""flat_matched"": 1}"
964a40ac-d9df-44e1-b64b-84e02b909004,0,6,1,0,flat,flat,True,0.0,"{""flat_matched"": 1}"
964a40ac-d9df-44e1-b64b-84e02b909004,0,7,3,1,flat,flat,True,0.0,"{""flat_matched"": 2, ""oblique_covered_by_flat"": 1}"
964a40ac-d9df-44e1-b64b-84e02b909004,0,8,1,0,flat,flat,True,3.81,"{""flat_matched"": 1}"
97571caa-1065-4ac5-a385-2ec9758026dd,0,0,1,1,oblique,mixed,False,12.44,"{""oblique_matched"": 1}"
97571caa-1065-4ac5-a385-2ec9758026dd,0,1,2,0,flat,mixed,False,0.0,"{""flat_matched"": 2}"
97571caa-1065-4ac5-a385-2ec9758026dd,0,2,10,8,oblique,mixed,False,14.5,"{""flat_matched"": 2, ""oblique_matched"": 7, ""oblique_wrong_orientation"": 1}"
97571caa-1065-4ac5-a385-2ec9758026dd,0,3,1,1,oblique,mixed,False,14.33,"{""oblique_matched"": 1}"
97571caa-1065-4ac5-a385-2ec9758026dd,0,4,10,9,oblique,mixed,False,14.55,"{""flat_matched"": 1, ""oblique_matched"": 9}"
97571caa-1065-4ac5-a385-2ec9758026dd,0,5,1,0,flat,mixed,False,0.0,"{""flat_matched"": 1}"
97571caa-1065-4ac5-a385-2ec9758026dd,0,6,1,1,oblique,mixed,False,13.37,"{""oblique_matched"": 1}"
97571caa-1065-4ac5-a385-2ec9758026dd,0,7,1,0,flat,mixed,False,0.0,"{""flat_matched"": 1}"
97571caa-1065-4ac5-a385-2ec9758026dd,0,8,1,0,flat,mixed,False,0.0,"{""flat_matched"": 1}"
97571caa-1065-4ac5-a385-2ec9758026dd,0,9,1,0,flat,mixed,False,0.0,"{""flat_matched"": 1}"
97571caa-1065-4ac5-a385-2ec9758026dd,0,10,4,3,oblique,mixed,False,67.15,"{""oblique_wrong_orientation"": 3, ""flat_matched"": 1}"
9829323a-4939-45bf-ae66-b950b18ddf52,0,0,1,0,flat,flat,True,0.0,"{""flat_matched"": 1}"
9829323a-4939-45bf-ae66-b950b18ddf52,0,1,1,0,flat,flat,True,0.0,"{""flat_matched"": 1}"
9829323a-4939-45bf-ae66-b950b18ddf52,0,2,1,0,flat,flat,True,0.0,"{""flat_matched"": 1}"
9829323a-4939-45bf-ae66-b950b18ddf52,0,3,1,0,flat,flat,True,0.0,"{""flat_matched"": 1}"
9829323a-4939-45bf-ae66-b950b18ddf52,0,4,1,0,flat,flat,True,0.0,"{""flat_matched"": 1}"
98472f6b-45bc-4814-a4b8-914f8f6976dd,0,0,1,1,oblique,mixed,False,7.63,"{""oblique_matched"": 1}"
98472f6b-45bc-4814-a4b8-914f8f6976dd,0,1,5,2,flat,mixed,False,1.68,"{""flat_matched"": 3, ""oblique_matched"": 2}"
98472f6b-45bc-4814-a4b8-914f8f6976dd,0,2,7,6,oblique,mixed,False,14.9,"{""oblique_matched"": 5, ""flat_matched"": 1, ""oblique_wrong_orientation"": 1}"
98472f6b-45bc-4814-a4b8-914f8f6976dd,0,3,2,1,flat,mixed,False,4.35,"{""flat_matched"": 1, ""oblique_matched"": 1}"
98472f6b-45bc-4814-a4b8-914f8f6976dd,0,4,4,2,flat,mixed,False,3.83,"{""flat_matched"": 2, ""oblique_matched"": 2}"
98472f6b-45bc-4814-a4b8-914f8f6976dd,0,5,1,1,oblique,mixed,False,5.2,"{""oblique_matched"": 1}"
98472f6b-45bc-4814-a4b8-914f8f6976dd,0,6,5,4,oblique,mixed,False,6.69,"{""flat_matched"": 1, ""oblique_matched"": 4}"
992198d7-4dfe-4ecd-9fa0-b66fa6cac3fd,0,0,1,0,flat,mixed,False,0.0,"{""flat_matched"": 1}"
992198d7-4dfe-4ecd-9fa0-b66fa6cac3fd,0,1,1,0,flat,mixed,False,0.0,"{""flat_matched"": 1}"
992198d7-4dfe-4ecd-9fa0-b66fa6cac3fd,0,2,1,0,flat,mixed,False,0.0,"{""flat_matched"": 1}"
992198d7-4dfe-4ecd-9fa0-b66fa6cac3fd,0,3,2,0,flat,mixed,False,0.0,"{""flat_matched"": 2}"
992198d7-4dfe-4ecd-9fa0-b66fa6cac3fd,0,4,9,7,oblique,mixed,False,14.01,"{""flat_matched"": 2, ""oblique_matched"": 4, ""oblique_wrong_orientation"": 3}"
992198d7-4dfe-4ecd-9fa0-b66fa6cac3fd,0,5,2,0,flat,mixed,False,0.0,"{""flat_matched"": 2}"
992198d7-4dfe-4ecd-9fa0-b66fa6cac3fd,0,6,1,0,flat,mixed,False,0.0,"{""flat_matched"": 1}"
992198d7-4dfe-4ecd-9fa0-b66fa6cac3fd,0,7,2,0,flat,mixed,False,0.0,"{""flat_matched"": 2}"
9bb4ada4-60fb-4ab0-8e05-de49acc92623,0,0,1,0,flat,flat,True,0.0,"{""flat_matched"": 1}"
9bb4ada4-60fb-4ab0-8e05-de49acc92623,0,1,2,0,flat,flat,True,0.0,"{""flat_matched"": 2}"
9bb4ada4-60fb-4ab0-8e05-de49acc92623,0,2,1,0,flat,flat,True,0.0,"{""flat_matched"": 1}"
9bb4ada4-60fb-4ab0-8e05-de49acc92623,0,3,2,1,flat,mixed,False,3.47,"{""flat_matched"": 1, ""oblique_matched"": 1}"
9bb4ada4-60fb-4ab0-8e05-de49acc92623,0,5,1,0,flat,flat,True,0.0,"{""flat_matched"": 1}"
9bb4ada4-60fb-4ab0-8e05-de49acc92623,0,6,1,0,flat,flat,True,0.0,"{""flat_matched"": 1}"
9bb4ada4-60fb-4ab0-8e05-de49acc92623,0,7,2,0,flat,flat,True,0.0,"{""flat_matched"": 2}"
9bc73438-328e-440e-a4be-25efa61d3b7c,0,2,1,1,oblique,mixed,False,6.11,"{""oblique_matched"": 1}"
9bc73438-328e-440e-a4be-25efa61d3b7c,0,3,1,0,flat,mixed,False,0.0,"{""flat_matched"": 1}"
9bc73438-328e-440e-a4be-25efa61d3b7c,0,4,3,1,flat,mixed,False,0.0,"{""flat_matched"": 2, ""oblique_matched"": 1}"
9bc73438-328e-440e-a4be-25efa61d3b7c,0,6,1,0,flat,flat,True,0.0,"{""flat_matched"": 1}"
9bc73438-328e-440e-a4be-25efa61d3b7c,0,7,1,0,flat,flat,True,0.0,"{""flat_matched"": 1}"
9bc73438-328e-440e-a4be-25efa61d3b7c,0,8,1,0,flat,flat,True,0.0,"{""flat_matched"": 1}"
9bdc330e-6144-499b-9c70-3fc6f0c4ebf3,1,0,1,0,flat,flat,True,0.0,"{""flat_matched"": 1}"
9bdc330e-6144-499b-9c70-3fc6f0c4ebf3,1,1,1,0,flat,flat,True,0.0,"{""flat_matched"": 1}"
9bdc330e-6144-499b-9c70-3fc6f0c4ebf3,1,2,1,0,flat,flat,True,0.0,"{""flat_matched"": 1}"
9bdc330e-6144-499b-9c70-3fc6f0c4ebf3,1,3,1,0,flat,flat,True,0.0,"{""flat_matched"": 1}"
9bdc330e-6144-499b-9c70-3fc6f0c4ebf3,1,4,1,0,flat,flat,True,0.0,"{""flat_matched"": 1}"
9bdc330e-6144-499b-9c70-3fc6f0c4ebf3,1,5,1,0,flat,flat,True,0.0,"{""flat_matched"": 1}"
9bdc330e-6144-499b-9c70-3fc6f0c4ebf3,1,6,1,0,flat,flat,True,0.0,"{""flat_matched"": 1}"
9bdc330e-6144-499b-9c70-3fc6f0c4ebf3,1,7,1,0,flat,flat,True,0.0,"{""flat_matched"": 1}"
9bdc330e-6144-499b-9c70-3fc6f0c4ebf3,1,8,1,0,flat,flat,True,0.0,"{""flat_matched"": 1}"
9bdc330e-6144-499b-9c70-3fc6f0c4ebf3,1,9,1,0,flat,flat,True,0.0,"{""flat_matched"": 1}"
9bdc330e-6144-499b-9c70-3fc6f0c4ebf3,1,10,1,0,flat,flat,True,0.0,"{""flat_matched"": 1}"
9bdc330e-6144-499b-9c70-3fc6f0c4ebf3,1,11,1,0,flat,flat,True,0.0,"{""flat_matched"": 1}"
9bdc330e-6144-499b-9c70-3fc6f0c4ebf3,0,13,1,0,flat,flat,True,0.0,"{""flat_matched"": 1}"
9c07bf97-56cd-4d82-a99d-00809d1d8537,0,0,1,0,flat,flat,True,0.0,"{""flat_matched"": 1}"
9c07bf97-56cd-4d82-a99d-00809d1d8537,0,1,1,0,flat,flat,True,0.0,"{""flat_matched"": 1}"
9c07bf97-56cd-4d82-a99d-00809d1d8537,0,2,1,0,flat,flat,True,0.0,"{""flat_matched"": 1}"
9c07bf97-56cd-4d82-a99d-00809d1d8537,0,3,1,0,flat,flat,True,0.0,"{""flat_matched"": 1}"
9c07bf97-56cd-4d82-a99d-00809d1d8537,0,4,1,0,flat,flat,True,0.0,"{""flat_matched"": 1}"
9c07bf97-56cd-4d82-a99d-00809d1d8537,0,5,1,0,flat,flat,True,0.0,"{""flat_matched"": 1}"
9c07bf97-56cd-4d82-a99d-00809d1d8537,0,6,1,0,flat,flat,True,0.0,"{""flat_matched"": 1}"
9c07bf97-56cd-4d82-a99d-00809d1d8537,0,7,1,0,flat,flat,True,0.0,"{""flat_matched"": 1}"
9c07bf97-56cd-4d82-a99d-00809d1d8537,0,8,1,0,flat,flat,True,0.0,"{""flat_matched"": 1}"
9c07bf97-56cd-4d82-a99d-00809d1d8537,0,9,1,0,flat,flat,True,0.0,"{""flat_matched"": 1}"
9c07bf97-56cd-4d82-a99d-00809d1d8537,0,10,1,0,flat,flat,True,0.0,"{""flat_matched"": 1}"
9c42b8bc-b55c-427b-b695-9d073c5f8a75,1,9,5,4,oblique,oblique,True,46.09,"{""flat_covered_by_oblique"": 1, ""oblique_wrong_orientation"": 1, ""oblique_matched"": 3}"
9c42b8bc-b55c-427b-b695-9d073c5f8a75,1,10,7,6,oblique,oblique,True,47.48,"{""flat_covered_by_oblique"": 1, ""oblique_matched"": 4, ""oblique_wrong_orientation"": 2}"
9c42b8bc-b55c-427b-b695-9d073c5f8a75,1,11,3,2,oblique,oblique,True,46.79,"{""flat_covered_by_oblique"": 1, ""oblique_matched"": 2}"
9c42b8bc-b55c-427b-b695-9d073c5f8a75,1,12,2,1,flat,oblique,False,23.25,"{""flat_covered_by_oblique"": 1, ""oblique_matched"": 1}"
9c42b8bc-b55c-427b-b695-9d073c5f8a75,1,13,2,1,flat,oblique,False,22.57,"{""flat_covered_by_oblique"": 1, ""oblique_matched"": 1}"
9c80d7ae-2804-4b2f-83bb-544927398846,0,0,1,0,flat,flat,True,0.0,"{""flat_matched"": 1}"
9c80d7ae-2804-4b2f-83bb-544927398846,0,1,1,0,flat,flat,True,0.0,"{""flat_matched"": 1}"
9c80d7ae-2804-4b2f-83bb-544927398846,0,2,1,0,flat,flat,True,0.0,"{""flat_matched"": 1}"
9c80d7ae-2804-4b2f-83bb-544927398846,0,3,1,0,flat,flat,True,0.0,"{""flat_matched"": 1}"
9c80d7ae-2804-4b2f-83bb-544927398846,0,4,1,0,flat,flat,True,0.0,"{""flat_matched"": 1}"
9c80d7ae-2804-4b2f-83bb-544927398846,0,7,1,0,flat,flat,True,0.0,"{""flat_matched"": 1}"
9c80d7ae-2804-4b2f-83bb-544927398846,0,8,1,0,flat,flat,True,0.0,"{""flat_matched"": 1}"
9c80d7ae-2804-4b2f-83bb-544927398846,0,9,1,0,flat,flat,True,0.0,"{""flat_matched"": 1}"
9c80d7ae-2804-4b2f-83bb-544927398846,0,11,1,0,flat,flat,True,0.0,"{""flat_matched"": 1}"
9c80d7ae-2804-4b2f-83bb-544927398846,0,12,1,0,flat,flat,True,0.0,"{""flat_matched"": 1}"
9c80d7ae-2804-4b2f-83bb-544927398846,0,13,1,0,flat,flat,True,0.0,"{""flat_matched"": 1}"
9c80d7ae-2804-4b2f-83bb-544927398846,0,14,1,0,flat,flat,True,0.0,"{""flat_matched"": 1}"
9c80d7ae-2804-4b2f-83bb-544927398846,1,15,1,0,flat,flat,True,0.0,"{""flat_matched"": 1}"
9c80d7ae-2804-4b2f-83bb-544927398846,1,16,1,0,flat,flat,True,0.0,"{""flat_matched"": 1}"
9dce7b8f-036f-42bb-9645-a1b5cc17fbd1,0,0,1,0,flat,flat,True,0.0,"{""flat_matched"": 1}"
9dce7b8f-036f-42bb-9645-a1b5cc17fbd1,0,1,1,0,flat,flat,True,0.0,"{""flat_matched"": 1}"
9dce7b8f-036f-42bb-9645-a1b5cc17fbd1,0,2,1,0,flat,flat,True,0.0,"{""flat_matched"": 1}"
9dce7b8f-036f-42bb-9645-a1b5cc17fbd1,0,3,1,0,flat,flat,True,0.0,"{""flat_matched"": 1}"
9dce7b8f-036f-42bb-9645-a1b5cc17fbd1,0,4,1,0,flat,flat,True,0.0,"{""flat_matched"": 1}"
9dce7b8f-036f-42bb-9645-a1b5cc17fbd1,0,5,1,0,flat,flat,True,0.0,"{""flat_matched"": 1}"
9dce7b8f-036f-42bb-9645-a1b5cc17fbd1,0,6,1,0,flat,flat,True,0.0,"{""flat_matched"": 1}"
9dce7b8f-036f-42bb-9645-a1b5cc17fbd1,0,7,1,0,flat,flat,True,0.0,"{""flat_matched"": 1}"
9dce7b8f-036f-42bb-9645-a1b5cc17fbd1,0,8,7,5,oblique,mixed,False,24.17,"{""flat_matched"": 2, ""oblique_matched"": 3, ""oblique_covered_by_flat"": 2}"
a085ad69-b4d4-4296-bc5e-731a0cceec5e,0,0,1,0,flat,flat,True,0.0,"{""flat_matched"": 1}"
a085ad69-b4d4-4296-bc5e-731a0cceec5e,0,1,1,0,flat,flat,True,0.0,"{""flat_matched"": 1}"
a085ad69-b4d4-4296-bc5e-731a0cceec5e,0,2,1,0,flat,flat,True,0.0,"{""flat_matched"": 1}"
a085ad69-b4d4-4296-bc5e-731a0cceec5e,0,3,1,0,flat,flat,True,0.0,"{""flat_matched"": 1}"
a085ad69-b4d4-4296-bc5e-731a0cceec5e,0,4,1,0,flat,flat,True,0.0,"{""flat_matched"": 1}"
a085ad69-b4d4-4296-bc5e-731a0cceec5e,0,5,1,0,flat,flat,True,0.0,"{""flat_matched"": 1}"
a085ad69-b4d4-4296-bc5e-731a0cceec5e,0,6,1,0,flat,flat,True,0.0,"{""flat_matched"": 1}"
a085ad69-b4d4-4296-bc5e-731a0cceec5e,0,7,1,0,flat,flat,True,0.0,"{""flat_matched"": 1}"
a085ad69-b4d4-4296-bc5e-731a0cceec5e,0,8,1,0,flat,flat,True,0.0,"{""flat_matched"": 1}"
a085ad69-b4d4-4296-bc5e-731a0cceec5e,0,9,1,0,flat,flat,True,0.0,"{""flat_matched"": 1}"
a085ad69-b4d4-4296-bc5e-731a0cceec5e,0,10,1,0,flat,flat,True,1.27,"{""flat_matched"": 1}"
a1ac389f-7406-4ddf-a270-d9a5e72dbf51,2,2,12,10,oblique,mixed,False,45.03,"{""flat_matched"": 2, ""oblique_matched"": 5, ""oblique_covered_by_flat"": 1, ""oblique_wrong_orientation"": 4}"
a1ac389f-7406-4ddf-a270-d9a5e72dbf51,2,3,1,0,flat,flat,True,0.0,"{""flat_matched"": 1}"
a1ac389f-7406-4ddf-a270-d9a5e72dbf51,1,4,1,0,flat,flat,True,0.0,"{""flat_matched"": 1}"
a1ac389f-7406-4ddf-a270-d9a5e72dbf51,1,5,1,0,flat,flat,True,0.0,"{""flat_matched"": 1}"
a1ac389f-7406-4ddf-a270-d9a5e72dbf51,0,9,3,0,flat,flat,True,0.0,"{""flat_matched"": 3}"
a317a543-06cf-4f1b-97d2-139c26c1cb13,1,0,4,1,flat,flat,True,0.0,"{""flat_matched"": 3, ""oblique_covered_by_flat"": 1}"
a317a543-06cf-4f1b-97d2-139c26c1cb13,1,1,1,0,flat,flat,True,0.0,"{""flat_matched"": 1}"
a317a543-06cf-4f1b-97d2-139c26c1cb13,1,2,1,0,flat,flat,True,0.0,"{""flat_matched"": 1}"
a317a543-06cf-4f1b-97d2-139c26c1cb13,1,3,1,0,flat,flat,True,0.0,"{""flat_matched"": 1}"
a317a543-06cf-4f1b-97d2-139c26c1cb13,1,4,7,4,oblique,flat,False,6.06,"{""flat_matched"": 3, ""oblique_covered_by_flat"": 4}"
a317a543-06cf-4f1b-97d2-139c26c1cb13,1,5,8,7,oblique,flat,False,46.45,"{""flat_matched"": 1, ""oblique_covered_by_flat"": 7}"
a317a543-06cf-4f1b-97d2-139c26c1cb13,2,8,13,12,oblique,mixed,False,48.06,"{""flat_matched"": 1, ""oblique_covered_by_flat"": 8, ""oblique_matched"": 3, ""oblique_wrong_orientation"": 1}"
a317a543-06cf-4f1b-97d2-139c26c1cb13,2,9,3,2,oblique,mixed,False,18.21,"{""flat_matched"": 1, ""oblique_wrong_orientation"": 1, ""oblique_matched"": 1}"
a317a543-06cf-4f1b-97d2-139c26c1cb13,2,10,16,14,oblique,mixed,False,48.21,"{""flat_matched"": 2, ""oblique_matched"": 7, ""oblique_wrong_orientation"": 4, ""oblique_covered_by_flat"": 3}"
a317a543-06cf-4f1b-97d2-139c26c1cb13,2,11,1,0,flat,mixed,False,0.0,"{""flat_matched"": 1}"
a3997c27-0367-483e-a462-64847105997d,0,0,1,0,flat,flat,True,0.0,"{""flat_matched"": 1}"
a3997c27-0367-483e-a462-64847105997d,0,1,1,0,flat,flat,True,0.0,"{""flat_matched"": 1}"
a3997c27-0367-483e-a462-64847105997d,0,2,1,0,flat,flat,True,0.0,"{""flat_matched"": 1}"
a3997c27-0367-483e-a462-64847105997d,0,3,1,0,flat,flat,True,0.0,"{""flat_matched"": 1}"
a3997c27-0367-483e-a462-64847105997d,0,4,1,0,flat,flat,True,0.0,"{""flat_matched"": 1}"
a3997c27-0367-483e-a462-64847105997d,0,5,1,0,flat,flat,True,0.0,"{""flat_matched"": 1}"
a3997c27-0367-483e-a462-64847105997d,0,6,1,0,flat,flat,True,0.0,"{""flat_matched"": 1}"
a3997c27-0367-483e-a462-64847105997d,0,7,1,0,flat,flat,True,0.0,"{""flat_matched"": 1}"
a3997c27-0367-483e-a462-64847105997d,0,8,1,0,flat,flat,True,0.0,"{""flat_matched"": 1}"
a3997c27-0367-483e-a462-64847105997d,0,9,1,0,flat,flat,True,0.0,"{""flat_matched"": 1}"
a3997c27-0367-483e-a462-64847105997d,0,10,1,0,flat,flat,True,0.0,"{""flat_matched"": 1}"
a430ffa9-a314-4352-8b54-dfbd04634861,1,0,5,3,oblique,mixed,False,30.05,"{""flat_matched"": 2, ""oblique_matched"": 2, ""oblique_covered_by_flat"": 1}"
a430ffa9-a314-4352-8b54-dfbd04634861,1,1,2,1,flat,mixed,False,21.63,"{""flat_matched"": 1, ""oblique_matched"": 1}"
a430ffa9-a314-4352-8b54-dfbd04634861,1,2,1,0,flat,mixed,False,0.0,"{""flat_matched"": 1}"
a430ffa9-a314-4352-8b54-dfbd04634861,1,3,2,1,flat,mixed,False,21.15,"{""flat_matched"": 1, ""oblique_matched"": 1}"
a430ffa9-a314-4352-8b54-dfbd04634861,0,5,1,0,flat,flat,True,0.0,"{""flat_matched"": 1}"
a430ffa9-a314-4352-8b54-dfbd04634861,0,8,1,0,flat,flat,True,0.0,"{""flat_matched"": 1}"
a443b86f-c86a-47a7-abef-0a56893c99b0,0,1,2,0,flat,flat,True,0.0,"{""flat_matched"": 2}"
a443b86f-c86a-47a7-abef-0a56893c99b0,0,2,1,0,flat,flat,True,0.0,"{""flat_matched"": 1}"
a443b86f-c86a-47a7-abef-0a56893c99b0,0,3,2,0,flat,flat,True,0.0,"{""flat_matched"": 2}"
a443b86f-c86a-47a7-abef-0a56893c99b0,0,4,1,0,flat,flat,True,0.0,"{""flat_matched"": 1}"
a443b86f-c86a-47a7-abef-0a56893c99b0,1,6,6,5,oblique,mixed,False,44.64,"{""flat_matched"": 1, ""oblique_covered_by_flat"": 4, ""oblique_matched"": 1}"
a443b86f-c86a-47a7-abef-0a56893c99b0,1,7,1,0,flat,flat,True,0.0,"{""flat_matched"": 1}"
a443b86f-c86a-47a7-abef-0a56893c99b0,1,8,5,4,oblique,flat,False,39.27,"{""flat_matched"": 1, ""oblique_covered_by_flat"": 4}"
a443b86f-c86a-47a7-abef-0a56893c99b0,1,9,2,1,flat,mixed,False,22.16,"{""flat_matched"": 1, ""oblique_matched"": 1}"
a492a5d6-ab9f-4b1e-bbfe-4762c1370a40,0,0,6,3,flat,flat,True,6.52,"{""flat_matched"": 3, ""oblique_covered_by_flat"": 3}"
a492a5d6-ab9f-4b1e-bbfe-4762c1370a40,1,1,1,0,flat,flat,True,0.0,"{""flat_matched"": 1}"
a492a5d6-ab9f-4b1e-bbfe-4762c1370a40,1,2,1,0,flat,flat,True,0.0,"{""flat_matched"": 1}"
a492a5d6-ab9f-4b1e-bbfe-4762c1370a40,1,4,1,0,flat,flat,True,0.0,"{""flat_matched"": 1}"
a492a5d6-ab9f-4b1e-bbfe-4762c1370a40,1,5,1,1,oblique,mixed,False,6.37,"{""oblique_matched"": 1}"
a492a5d6-ab9f-4b1e-bbfe-4762c1370a40,1,6,1,0,flat,flat,True,0.0,"{""flat_matched"": 1}"
a492a5d6-ab9f-4b1e-bbfe-4762c1370a40,2,8,9,7,oblique,oblique,True,15.18,"{""flat_covered_by_oblique"": 2, ""oblique_wrong_orientation"": 2, ""oblique_matched"": 5}"
a492a5d6-ab9f-4b1e-bbfe-4762c1370a40,2,9,4,3,oblique,oblique,True,43.17,"{""flat_covered_by_oblique"": 1, ""oblique_matched"": 3}"
a492a5d6-ab9f-4b1e-bbfe-4762c1370a40,2,10,3,2,oblique,oblique,True,9.65,"{""flat_covered_by_oblique"": 1, ""oblique_matched"": 1, ""oblique_wrong_orientation"": 1}"
a4d6eef3-6107-45a3-bd37-3cf2ef4e9efb,0,0,1,0,flat,flat,True,0.0,"{""flat_matched"": 1}"
a4d6eef3-6107-45a3-bd37-3cf2ef4e9efb,0,1,1,0,flat,flat,True,0.0,"{""flat_matched"": 1}"
a4d6eef3-6107-45a3-bd37-3cf2ef4e9efb,0,2,1,0,flat,flat,True,0.0,"{""flat_matched"": 1}"
a4d6eef3-6107-45a3-bd37-3cf2ef4e9efb,0,3,1,0,flat,flat,True,0.0,"{""flat_matched"": 1}"
a4d6eef3-6107-45a3-bd37-3cf2ef4e9efb,0,4,1,0,flat,flat,True,0.0,"{""flat_matched"": 1}"
a4d6eef3-6107-45a3-bd37-3cf2ef4e9efb,0,5,1,0,flat,flat,True,0.0,"{""flat_matched"": 1}"
a4d6eef3-6107-45a3-bd37-3cf2ef4e9efb,0,6,1,0,flat,flat,True,0.0,"{""flat_matched"": 1}"
a4d6eef3-6107-45a3-bd37-3cf2ef4e9efb,0,7,1,0,flat,flat,True,0.0,"{""flat_matched"": 1}"
a4d6eef3-6107-45a3-bd37-3cf2ef4e9efb,0,8,1,0,flat,flat,True,0.0,"{""flat_matched"": 1}"
a4d6eef3-6107-45a3-bd37-3cf2ef4e9efb,0,9,4,3,oblique,mixed,False,18.66,"{""flat_matched"": 1, ""oblique_covered_by_flat"": 2, ""oblique_matched"": 1}"
a8a3b04b-42d0-4468-8b3a-5e2135b9313b,0,1,4,0,flat,flat,True,0.0,"{""flat_matched"": 4}"
a8a3b04b-42d0-4468-8b3a-5e2135b9313b,0,3,1,0,flat,flat,True,0.0,"{""flat_matched"": 1}"
a8a3b04b-42d0-4468-8b3a-5e2135b9313b,0,4,1,0,flat,flat,True,0.0,"{""flat_matched"": 1}"
a8a3b04b-42d0-4468-8b3a-5e2135b9313b,0,5,1,0,flat,flat,True,0.0,"{""flat_matched"": 1}"
a8a3b04b-42d0-4468-8b3a-5e2135b9313b,0,6,1,0,flat,flat,True,0.0,"{""flat_matched"": 1}"
a8a3b04b-42d0-4468-8b3a-5e2135b9313b,0,7,1,0,flat,flat,True,0.0,"{""flat_matched"": 1}"
a8aca518-ee19-4cef-8df9-1b574c2d43d1,0,0,1,0,flat,flat,True,0.0,"{""flat_matched"": 1}"
a8aca518-ee19-4cef-8df9-1b574c2d43d1,0,2,14,11,oblique,flat,False,22.16,"{""flat_matched"": 3, ""oblique_covered_by_flat"": 11}"
a8aca518-ee19-4cef-8df9-1b574c2d43d1,0,4,1,0,flat,flat,True,0.0,"{""flat_matched"": 1}"
a8aca518-ee19-4cef-8df9-1b574c2d43d1,1,6,2,1,flat,flat,True,9.62,"{""flat_matched"": 1, ""oblique_covered_by_flat"": 1}"
a8aca518-ee19-4cef-8df9-1b574c2d43d1,1,7,1,0,flat,flat,True,0.0,"{""flat_matched"": 1}"
a8aca518-ee19-4cef-8df9-1b574c2d43d1,1,8,1,0,flat,flat,True,0.0,"{""flat_matched"": 1}"
a8aca518-ee19-4cef-8df9-1b574c2d43d1,1,9,1,0,flat,flat,True,0.0,"{""flat_matched"": 1}"
a8aca518-ee19-4cef-8df9-1b574c2d43d1,1,10,1,0,flat,flat,True,0.0,"{""flat_matched"": 1}"
a8aca518-ee19-4cef-8df9-1b574c2d43d1,2,11,2,1,flat,oblique,False,22.91,"{""flat_covered_by_oblique"": 1, ""oblique_matched"": 1}"
a8aca518-ee19-4cef-8df9-1b574c2d43d1,2,12,2,1,flat,oblique,False,23.52,"{""flat_covered_by_oblique"": 1, ""oblique_matched"": 1}"
a8aca518-ee19-4cef-8df9-1b574c2d43d1,2,13,5,4,oblique,oblique,True,39.82,"{""flat_covered_by_oblique"": 1, ""oblique_wrong_orientation"": 1, ""oblique_matched"": 3}"
a8aca518-ee19-4cef-8df9-1b574c2d43d1,2,14,7,6,oblique,oblique,True,44.0,"{""flat_covered_by_oblique"": 1, ""oblique_matched"": 5, ""oblique_wrong_orientation"": 1}"
aa047931-2b45-497d-a093-f637a2934699,1,6,1,0,flat,flat,True,0.0,"{""flat_matched"": 1}"
aa047931-2b45-497d-a093-f637a2934699,1,7,1,0,flat,flat,True,0.0,"{""flat_matched"": 1}"
aa047931-2b45-497d-a093-f637a2934699,1,8,1,0,flat,flat,True,0.0,"{""flat_matched"": 1}"
aa047931-2b45-497d-a093-f637a2934699,1,9,1,0,flat,flat,True,0.0,"{""flat_matched"": 1}"
aa047931-2b45-497d-a093-f637a2934699,1,10,1,0,flat,flat,True,0.0,"{""flat_matched"": 1}"
aa047931-2b45-497d-a093-f637a2934699,1,11,1,0,flat,flat,True,0.0,"{""flat_matched"": 1}"
aa047931-2b45-497d-a093-f637a2934699,1,12,1,0,flat,flat,True,0.0,"{""flat_matched"": 1}"
aa047931-2b45-497d-a093-f637a2934699,1,13,1,0,flat,flat,True,0.0,"{""flat_matched"": 1}"
ad2243cf-dac2-4f43-aa8d-37d50dc46a33,0,0,1,0,flat,flat,True,0.0,"{""flat_matched"": 1}"
ad2243cf-dac2-4f43-aa8d-37d50dc46a33,0,1,1,0,flat,flat,True,0.0,"{""flat_matched"": 1}"
ad2243cf-dac2-4f43-aa8d-37d50dc46a33,0,2,1,0,flat,flat,True,0.0,"{""flat_matched"": 1}"
ad2243cf-dac2-4f43-aa8d-37d50dc46a33,0,3,1,0,flat,flat,True,0.0,"{""flat_matched"": 1}"
ad2243cf-dac2-4f43-aa8d-37d50dc46a33,0,4,1,0,flat,flat,True,0.0,"{""flat_matched"": 1}"
ad2243cf-dac2-4f43-aa8d-37d50dc46a33,0,5,1,0,flat,flat,True,0.0,"{""flat_matched"": 1}"
ad2243cf-dac2-4f43-aa8d-37d50dc46a33,0,6,1,0,flat,flat,True,0.0,"{""flat_matched"": 1}"
ad2243cf-dac2-4f43-aa8d-37d50dc46a33,0,7,1,0,flat,flat,True,0.0,"{""flat_matched"": 1}"
ad2243cf-dac2-4f43-aa8d-37d50dc46a33,0,8,1,0,flat,flat,True,0.0,"{""flat_matched"": 1}"
b01824fc-be43-451f-bc6e-aaab701c144d,0,0,1,0,flat,flat,True,0.0,"{""flat_matched"": 1}"
b01824fc-be43-451f-bc6e-aaab701c144d,0,1,2,0,flat,flat,True,0.0,"{""flat_matched"": 2}"
b01824fc-be43-451f-bc6e-aaab701c144d,0,2,5,2,flat,flat,True,3.38,"{""flat_matched"": 3, ""oblique_covered_by_flat"": 2}"
b01824fc-be43-451f-bc6e-aaab701c144d,0,3,1,0,flat,flat,True,0.0,"{""flat_matched"": 1}"
b01824fc-be43-451f-bc6e-aaab701c144d,0,4,1,0,flat,flat,True,0.0,"{""flat_matched"": 1}"
b01824fc-be43-451f-bc6e-aaab701c144d,0,6,1,0,flat,flat,True,0.0,"{""flat_matched"": 1}"
b01824fc-be43-451f-bc6e-aaab701c144d,0,7,3,0,flat,flat,True,0.0,"{""flat_matched"": 3}"
b4f7407a-5941-4165-947a-a726dc432c69,0,0,1,0,flat,flat,True,0.0,"{""flat_matched"": 1}"
b4f7407a-5941-4165-947a-a726dc432c69,0,1,1,0,flat,flat,True,0.0,"{""flat_matched"": 1}"
b4f7407a-5941-4165-947a-a726dc432c69,0,2,1,0,flat,flat,True,0.0,"{""flat_matched"": 1}"
b4f7407a-5941-4165-947a-a726dc432c69,0,3,1,0,flat,flat,True,0.0,"{""flat_matched"": 1}"
b4f7407a-5941-4165-947a-a726dc432c69,0,4,1,0,flat,flat,True,0.0,"{""flat_matched"": 1}"
b4f7407a-5941-4165-947a-a726dc432c69,0,5,1,0,flat,flat,True,0.0,"{""flat_matched"": 1}"
b4f7407a-5941-4165-947a-a726dc432c69,0,6,1,0,flat,flat,True,0.0,"{""flat_matched"": 1}"
b4f7407a-5941-4165-947a-a726dc432c69,0,7,1,0,flat,flat,True,0.0,"{""flat_matched"": 1}"
b4f7407a-5941-4165-947a-a726dc432c69,0,8,1,0,flat,flat,True,0.0,"{""flat_matched"": 1}"
b53c11aa-8db7-4aad-a24d-3ffa9eeff5de,1,0,1,0,flat,flat,True,0.0,"{""flat_matched"": 1}"
b53c11aa-8db7-4aad-a24d-3ffa9eeff5de,1,3,1,0,flat,flat,True,0.0,"{""flat_matched"": 1}"
b53c11aa-8db7-4aad-a24d-3ffa9eeff5de,1,5,1,0,flat,flat,True,0.0,"{""flat_matched"": 1}"
b53c11aa-8db7-4aad-a24d-3ffa9eeff5de,1,6,1,0,flat,flat,True,0.0,"{""flat_matched"": 1}"
b53c11aa-8db7-4aad-a24d-3ffa9eeff5de,1,7,3,0,flat,flat,True,0.0,"{""flat_matched"": 3}"
b53c11aa-8db7-4aad-a24d-3ffa9eeff5de,2,9,10,9,oblique,oblique,True,44.12,"{""oblique_matched"": 8, ""flat_covered_by_oblique"": 1, ""oblique_wrong_orientation"": 1}"
b53c11aa-8db7-4aad-a24d-3ffa9eeff5de,2,10,2,1,flat,oblique,False,22.08,"{""flat_covered_by_oblique"": 1, ""oblique_matched"": 1}"
b53c11aa-8db7-4aad-a24d-3ffa9eeff5de,2,11,3,2,oblique,oblique,True,7.76,"{""flat_covered_by_oblique"": 1, ""oblique_wrong_orientation"": 1, ""oblique_matched"": 1}"
b65126ae-ccca-4032-876f-e9c1c059862c,0,0,1,0,flat,flat,True,0.0,"{""flat_matched"": 1}"
b65126ae-ccca-4032-876f-e9c1c059862c,1,5,1,0,flat,flat,True,0.0,"{""flat_matched"": 1}"
b65126ae-ccca-4032-876f-e9c1c059862c,2,8,2,2,oblique,mixed,False,47.39,"{""oblique_covered_by_flat"": 1, ""oblique_matched"": 1}"
b65126ae-ccca-4032-876f-e9c1c059862c,2,9,1,1,oblique,oblique,True,47.68,"{""oblique_matched"": 1}"
b65126ae-ccca-4032-876f-e9c1c059862c,2,10,6,5,oblique,oblique,True,60.28,"{""flat_covered_by_oblique"": 1, ""oblique_matched"": 2, ""oblique_wrong_orientation"": 3}"
b65126ae-ccca-4032-876f-e9c1c059862c,2,11,7,7,oblique,mixed,False,36.5,"{""oblique_matched"": 3, ""oblique_covered_by_flat"": 3, ""oblique_wrong_orientation"": 1}"
b65126ae-ccca-4032-876f-e9c1c059862c,2,12,2,2,oblique,mixed,False,20.59,"{""oblique_wrong_orientation"": 2}"
b8782b87-5800-42dd-8926-07d8f11cafc0,0,0,1,0,flat,flat,True,0.0,"{""flat_matched"": 1}"
b8782b87-5800-42dd-8926-07d8f11cafc0,0,1,1,0,flat,flat,True,0.0,"{""flat_matched"": 1}"
b8782b87-5800-42dd-8926-07d8f11cafc0,0,2,1,0,flat,flat,True,0.0,"{""flat_matched"": 1}"
b8782b87-5800-42dd-8926-07d8f11cafc0,0,3,1,0,flat,flat,True,0.0,"{""flat_matched"": 1}"
b8782b87-5800-42dd-8926-07d8f11cafc0,0,4,1,0,flat,flat,True,0.0,"{""flat_matched"": 1}"
b8782b87-5800-42dd-8926-07d8f11cafc0,0,5,1,0,flat,flat,True,0.0,"{""flat_matched"": 1}"
b8782b87-5800-42dd-8926-07d8f11cafc0,0,6,1,0,flat,flat,True,0.0,"{""flat_matched"": 1}"
b8782b87-5800-42dd-8926-07d8f11cafc0,0,7,2,0,flat,flat,True,0.0,"{""flat_matched"": 2}"
b8782b87-5800-42dd-8926-07d8f11cafc0,0,9,1,0,flat,flat,True,0.0,"{""flat_matched"": 1}"
b8cefbc4-bb4e-4d53-be56-990780166cae,0,2,1,0,flat,flat,True,0.0,"{""flat_matched"": 1}"
b8cefbc4-bb4e-4d53-be56-990780166cae,0,4,1,0,flat,flat,True,0.0,"{""flat_matched"": 1}"
b8cefbc4-bb4e-4d53-be56-990780166cae,0,5,1,0,flat,flat,True,0.0,"{""flat_matched"": 1}"
b8cefbc4-bb4e-4d53-be56-990780166cae,2,12,2,1,flat,oblique,False,24.46,"{""flat_covered_by_oblique"": 1, ""oblique_matched"": 1}"
b8cefbc4-bb4e-4d53-be56-990780166cae,2,13,7,4,oblique,oblique,True,15.77,"{""flat_covered_by_oblique"": 3, ""oblique_matched"": 3, ""oblique_wrong_orientation"": 1}"
b8cefbc4-bb4e-4d53-be56-990780166cae,2,14,7,6,oblique,oblique,True,43.85,"{""flat_covered_by_oblique"": 1, ""oblique_wrong_orientation"": 4, ""oblique_matched"": 2}"
b8cefbc4-bb4e-4d53-be56-990780166cae,2,15,2,1,flat,oblique,False,23.2,"{""flat_covered_by_oblique"": 1, ""oblique_matched"": 1}"
b8cefbc4-bb4e-4d53-be56-990780166cae,2,16,15,13,oblique,oblique,True,48.96,"{""flat_covered_by_oblique"": 2, ""oblique_wrong_orientation"": 6, ""oblique_matched"": 3, ""uncovered"": 4}"
b8def755-9829-4141-8ecb-3e71ef446d0d,1,6,1,0,flat,flat,True,0.0,"{""flat_matched"": 1}"
b8def755-9829-4141-8ecb-3e71ef446d0d,1,8,1,0,flat,flat,True,0.0,"{""flat_matched"": 1}"
b8def755-9829-4141-8ecb-3e71ef446d0d,1,9,2,2,oblique,flat,False,22.38,"{""oblique_covered_by_flat"": 2}"
b8def755-9829-4141-8ecb-3e71ef446d0d,2,10,13,11,oblique,oblique,True,48.58,"{""flat_covered_by_oblique"": 2, ""oblique_matched"": 7, ""oblique_wrong_orientation"": 4}"
b8f923d9-dc6a-4cc2-b99c-b98bb7d01f57,0,0,2,1,flat,flat,True,8.63,"{""flat_matched"": 1, ""oblique_covered_by_flat"": 1}"
b8f923d9-dc6a-4cc2-b99c-b98bb7d01f57,0,1,8,6,oblique,flat,False,36.2,"{""flat_matched"": 2, ""oblique_covered_by_flat"": 6}"
b9575f6d-aa02-4540-ba49-d8e823a41067,0,0,1,0,flat,flat,True,0.0,"{""flat_matched"": 1}"
b9575f6d-aa02-4540-ba49-d8e823a41067,0,1,1,0,flat,flat,True,0.0,"{""flat_matched"": 1}"
b9575f6d-aa02-4540-ba49-d8e823a41067,0,2,1,0,flat,flat,True,0.0,"{""flat_matched"": 1}"
b9575f6d-aa02-4540-ba49-d8e823a41067,0,3,1,0,flat,flat,True,0.0,"{""flat_matched"": 1}"
b9575f6d-aa02-4540-ba49-d8e823a41067,0,4,2,0,flat,flat,True,0.0,"{""flat_matched"": 2}"
b9575f6d-aa02-4540-ba49-d8e823a41067,0,5,1,0,flat,flat,True,0.0,"{""flat_matched"": 1}"
b9575f6d-aa02-4540-ba49-d8e823a41067,0,6,1,0,flat,flat,True,0.0,"{""flat_matched"": 1}"
b9575f6d-aa02-4540-ba49-d8e823a41067,0,7,1,0,flat,flat,True,0.0,"{""flat_matched"": 1}"
b9575f6d-aa02-4540-ba49-d8e823a41067,0,8,1,0,flat,flat,True,0.0,"{""flat_matched"": 1}"
bad532ea-75de-411a-a390-77f4d6a93ff8,4,0,18,17,oblique,oblique,True,43.55,"{""flat_covered_by_oblique"": 1, ""oblique_matched"": 13, ""oblique_wrong_orientation"": 4}"
bad532ea-75de-411a-a390-77f4d6a93ff8,2,5,13,10,oblique,flat,False,21.72,"{""flat_matched"": 3, ""oblique_covered_by_flat"": 9, ""near_vertical_skip"": 1}"
bad532ea-75de-411a-a390-77f4d6a93ff8,1,6,9,9,oblique,flat,False,57.82,"{""oblique_covered_by_flat"": 9}"
bad532ea-75de-411a-a390-77f4d6a93ff8,0,7,2,0,flat,flat,True,0.0,"{""flat_matched"": 2}"
bad532ea-75de-411a-a390-77f4d6a93ff8,0,8,1,0,flat,flat,True,0.0,"{""flat_matched"": 1}"
bad532ea-75de-411a-a390-77f4d6a93ff8,0,9,6,3,flat,flat,True,3.17,"{""flat_matched"": 3, ""oblique_covered_by_flat"": 3}"
bb00df25-e7be-420e-8ad1-1f9be60a4c4a,0,0,1,0,flat,flat,True,0.0,"{""flat_matched"": 1}"
bb00df25-e7be-420e-8ad1-1f9be60a4c4a,0,1,1,0,flat,flat,True,0.0,"{""flat_matched"": 1}"
bb00df25-e7be-420e-8ad1-1f9be60a4c4a,0,2,1,0,flat,flat,True,0.0,"{""flat_matched"": 1}"
bb00df25-e7be-420e-8ad1-1f9be60a4c4a,0,3,8,5,oblique,flat,False,35.03,"{""flat_matched"": 3, ""oblique_covered_by_flat"": 3, ""near_vertical_skip"": 2}"
bb00df25-e7be-420e-8ad1-1f9be60a4c4a,0,4,1,0,flat,flat,True,0.0,"{""flat_matched"": 1}"
bb00df25-e7be-420e-8ad1-1f9be60a4c4a,0,5,2,1,flat,mixed,False,9.68,"{""flat_matched"": 1, ""oblique_matched"": 1}"
bb00df25-e7be-420e-8ad1-1f9be60a4c4a,0,6,1,0,flat,flat,True,0.0,"{""flat_matched"": 1}"
bb00df25-e7be-420e-8ad1-1f9be60a4c4a,0,7,1,0,flat,flat,True,0.0,"{""flat_matched"": 1}"
bb00df25-e7be-420e-8ad1-1f9be60a4c4a,0,9,3,1,flat,mixed,False,0.0,"{""flat_matched"": 2, ""oblique_matched"": 1}"
bc2779a4-d0a2-4ba8-abbf-10129d3f82de,1,0,2,0,flat,flat,True,0.0,"{""flat_matched"": 2}"
bc2779a4-d0a2-4ba8-abbf-10129d3f82de,1,1,2,0,flat,flat,True,0.0,"{""flat_matched"": 2}"
bc2779a4-d0a2-4ba8-abbf-10129d3f82de,1,4,1,0,flat,flat,True,0.0,"{""flat_matched"": 1}"
bc2779a4-d0a2-4ba8-abbf-10129d3f82de,1,6,6,4,oblique,flat,False,31.75,"{""flat_matched"": 2, ""oblique_covered_by_flat"": 4}"
bc2779a4-d0a2-4ba8-abbf-10129d3f82de,2,7,2,0,flat,mixed,False,0.0,"{""flat_matched"": 2}"
bc2779a4-d0a2-4ba8-abbf-10129d3f82de,2,10,9,7,oblique,mixed,False,8.74,"{""flat_matched"": 2, ""oblique_matched"": 5, ""oblique_wrong_orientation"": 2}"
bc2779a4-d0a2-4ba8-abbf-10129d3f82de,2,11,1,0,flat,mixed,False,0.0,"{""flat_matched"": 1}"
bc2779a4-d0a2-4ba8-abbf-10129d3f82de,3,12,6,5,oblique,oblique,True,29.16,"{""flat_partial"": 1, ""uncovered"": 2, ""oblique_partial"": 1, ""oblique_wrong_orientation"": 1, ""oblique_matched"": 1}"
bc2779a4-d0a2-4ba8-abbf-10129d3f82de,3,13,4,3,oblique,none,False,37.43,"{""uncovered"": 2, ""oblique_partial"": 2}"
bc2779a4-d0a2-4ba8-abbf-10129d3f82de,0,14,1,0,flat,flat,True,0.0,"{""flat_matched"": 1}"
bfd05652-9331-4260-886d-1b6779ee1bfa,1,6,1,0,flat,flat,True,0.0,"{""flat_matched"": 1}"
bfd05652-9331-4260-886d-1b6779ee1bfa,1,7,1,0,flat,flat,True,0.0,"{""flat_matched"": 1}"
bfd05652-9331-4260-886d-1b6779ee1bfa,1,8,1,0,flat,flat,True,0.0,"{""flat_matched"": 1}"
bfd05652-9331-4260-886d-1b6779ee1bfa,1,9,1,0,flat,flat,True,0.0,"{""flat_matched"": 1}"
bfd05652-9331-4260-886d-1b6779ee1bfa,1,10,4,2,flat,flat,True,12.01,"{""flat_matched"": 2, ""oblique_covered_by_flat"": 2}"
bfd05652-9331-4260-886d-1b6779ee1bfa,1,11,1,0,flat,flat,True,0.0,"{""flat_matched"": 1}"
bfd05652-9331-4260-886d-1b6779ee1bfa,1,12,1,0,flat,flat,True,0.0,"{""flat_matched"": 1}"
bfd05652-9331-4260-886d-1b6779ee1bfa,1,13,2,1,flat,mixed,False,13.94,"{""flat_matched"": 1, ""oblique_matched"": 1}"
bfd05652-9331-4260-886d-1b6779ee1bfa,1,14,1,0,flat,flat,True,0.0,"{""flat_matched"": 1}"
c001b1ca-ea07-472d-b888-6ab457d4e7d9,0,2,1,0,flat,flat,True,0.0,"{""flat_matched"": 1}"
c001b1ca-ea07-472d-b888-6ab457d4e7d9,0,3,1,0,flat,flat,True,0.0,"{""flat_matched"": 1}"
c001b1ca-ea07-472d-b888-6ab457d4e7d9,0,4,3,2,oblique,flat,False,26.79,"{""flat_matched"": 1, ""oblique_covered_by_flat"": 2}"
c001b1ca-ea07-472d-b888-6ab457d4e7d9,1,6,1,0,flat,flat,True,0.0,"{""flat_matched"": 1}"
c001b1ca-ea07-472d-b888-6ab457d4e7d9,1,7,1,0,flat,flat,True,0.0,"{""flat_matched"": 1}"
c001b1ca-ea07-472d-b888-6ab457d4e7d9,1,8,1,0,flat,flat,True,0.0,"{""flat_matched"": 1}"
c001b1ca-ea07-472d-b888-6ab457d4e7d9,1,9,1,0,flat,flat,True,0.0,"{""flat_matched"": 1}"
c2800052-b0e7-4c30-a881-f813cb0b2043,0,0,1,0,flat,flat,True,0.0,"{""flat_matched"": 1}"
c2800052-b0e7-4c30-a881-f813cb0b2043,0,1,2,1,flat,flat,True,20.5,"{""flat_matched"": 1, ""oblique_covered_by_flat"": 1}"
c2800052-b0e7-4c30-a881-f813cb0b2043,0,2,1,0,flat,flat,True,0.0,"{""flat_matched"": 1}"
c2800052-b0e7-4c30-a881-f813cb0b2043,0,3,2,1,flat,flat,True,3.4,"{""flat_matched"": 1, ""oblique_covered_by_flat"": 1}"
c2800052-b0e7-4c30-a881-f813cb0b2043,0,5,1,0,flat,flat,True,0.0,"{""flat_matched"": 1}"
c2800052-b0e7-4c30-a881-f813cb0b2043,0,6,1,0,flat,flat,True,0.0,"{""flat_matched"": 1}"
c2800052-b0e7-4c30-a881-f813cb0b2043,1,8,11,8,oblique,flat,False,10.88,"{""flat_matched"": 3, ""oblique_covered_by_flat"": 8}"
c2800052-b0e7-4c30-a881-f813cb0b2043,2,9,1,0,flat,flat,True,0.0,"{""flat_matched"": 1}"
c2800052-b0e7-4c30-a881-f813cb0b2043,2,10,1,0,flat,flat,True,0.0,"{""flat_matched"": 1}"
c2800052-b0e7-4c30-a881-f813cb0b2043,2,11,1,0,flat,flat,True,0.0,"{""flat_matched"": 1}"
c3ddcac0-827d-48dc-9223-4b219d874fa5,0,0,1,0,flat,flat,True,0.0,"{""flat_matched"": 1}"
c3ddcac0-827d-48dc-9223-4b219d874fa5,0,1,6,4,oblique,flat,False,21.31,"{""flat_matched"": 2, ""oblique_covered_by_flat"": 4}"
c3ddcac0-827d-48dc-9223-4b219d874fa5,0,2,1,0,flat,flat,True,0.0,"{""flat_matched"": 1}"
c3ddcac0-827d-48dc-9223-4b219d874fa5,1,3,2,1,flat,mixed,False,9.13,"{""flat_matched"": 1, ""oblique_matched"": 1}"
c3ddcac0-827d-48dc-9223-4b219d874fa5,1,4,1,0,flat,flat,True,0.0,"{""flat_matched"": 1}"
c3ddcac0-827d-48dc-9223-4b219d874fa5,1,6,1,0,flat,flat,True,0.0,"{""flat_matched"": 1}"
c3ddcac0-827d-48dc-9223-4b219d874fa5,1,7,1,0,flat,flat,True,0.0,"{""flat_matched"": 1}"
c3ddcac0-827d-48dc-9223-4b219d874fa5,1,8,2,0,flat,flat,True,0.0,"{""flat_matched"": 2}"
c3ddcac0-827d-48dc-9223-4b219d874fa5,1,9,1,0,flat,flat,True,0.0,"{""flat_matched"": 1}"
c72ad855-9e52-46f1-886d-a9f37911521f,0,1,1,0,flat,flat,True,0.0,"{""flat_matched"": 1}"
c72ad855-9e52-46f1-886d-a9f37911521f,0,2,1,0,flat,flat,True,0.0,"{""flat_matched"": 1}"
c72ad855-9e52-46f1-886d-a9f37911521f,0,5,3,2,oblique,flat,False,17.37,"{""flat_matched"": 1, ""oblique_covered_by_flat"": 2}"
c72ad855-9e52-46f1-886d-a9f37911521f,1,6,2,1,flat,mixed,False,24.89,"{""flat_matched"": 1, ""oblique_matched"": 1}"
c72ad855-9e52-46f1-886d-a9f37911521f,1,7,4,3,oblique,mixed,False,49.7,"{""flat_matched"": 1, ""oblique_matched"": 2, ""oblique_wrong_orientation"": 1}"
c72ad855-9e52-46f1-886d-a9f37911521f,1,8,1,1,oblique,mixed,False,48.3,"{""oblique_matched"": 1}"
c72ad855-9e52-46f1-886d-a9f37911521f,1,9,2,1,flat,mixed,False,24.8,"{""flat_matched"": 1, ""oblique_matched"": 1}"
c7898e89-b45b-47f3-96b7-8c1fa96ef9fd,0,0,1,0,flat,flat,True,0.0,"{""flat_matched"": 1}"
c7898e89-b45b-47f3-96b7-8c1fa96ef9fd,0,1,1,0,flat,flat,True,0.0,"{""flat_matched"": 1}"
c7898e89-b45b-47f3-96b7-8c1fa96ef9fd,0,2,1,0,flat,flat,True,0.0,"{""flat_matched"": 1}"
c7898e89-b45b-47f3-96b7-8c1fa96ef9fd,0,3,1,0,flat,flat,True,0.0,"{""flat_matched"": 1}"
c7898e89-b45b-47f3-96b7-8c1fa96ef9fd,1,5,25,22,oblique,oblique,True,33.51,"{""flat_covered_by_oblique"": 3, ""oblique_matched"": 14, ""oblique_wrong_orientation"": 8}"
c7f2456f-91fe-4aaa-a9ba-d886ec8e0648,0,0,1,0,flat,flat,True,0.0,"{""flat_matched"": 1}"
c7f2456f-91fe-4aaa-a9ba-d886ec8e0648,0,1,4,0,flat,flat,True,0.0,"{""flat_matched"": 4}"
c7f2456f-91fe-4aaa-a9ba-d886ec8e0648,0,2,1,0,flat,flat,True,0.0,"{""flat_matched"": 1}"
c7f2456f-91fe-4aaa-a9ba-d886ec8e0648,0,3,1,0,flat,flat,True,0.0,"{""flat_matched"": 1}"
c7f2456f-91fe-4aaa-a9ba-d886ec8e0648,0,4,1,0,flat,flat,True,0.0,"{""flat_matched"": 1}"
c7f2456f-91fe-4aaa-a9ba-d886ec8e0648,0,5,1,0,flat,flat,True,0.0,"{""flat_matched"": 1}"
c7f2456f-91fe-4aaa-a9ba-d886ec8e0648,0,6,1,0,flat,flat,True,0.0,"{""flat_matched"": 1}"
c7f2456f-91fe-4aaa-a9ba-d886ec8e0648,0,8,2,0,flat,flat,True,1.04,"{""flat_matched"": 2}"
c7f2456f-91fe-4aaa-a9ba-d886ec8e0648,0,9,1,0,flat,flat,True,0.0,"{""flat_matched"": 1}"
c814dd8d-190b-4da2-ae80-d41c71e2b797,0,0,1,0,flat,flat,True,0.0,"{""flat_matched"": 1}"
c814dd8d-190b-4da2-ae80-d41c71e2b797,0,1,1,0,flat,flat,True,0.0,"{""flat_matched"": 1}"
c814dd8d-190b-4da2-ae80-d41c71e2b797,0,2,1,0,flat,flat,True,0.0,"{""flat_matched"": 1}"
c814dd8d-190b-4da2-ae80-d41c71e2b797,0,3,1,0,flat,flat,True,0.0,"{""flat_matched"": 1}"
c814dd8d-190b-4da2-ae80-d41c71e2b797,0,4,1,0,flat,flat,True,0.0,"{""flat_matched"": 1}"
c814dd8d-190b-4da2-ae80-d41c71e2b797,0,5,1,0,flat,flat,True,0.0,"{""flat_matched"": 1}"
c814dd8d-190b-4da2-ae80-d41c71e2b797,0,6,1,0,flat,flat,True,0.0,"{""flat_matched"": 1}"
c814dd8d-190b-4da2-ae80-d41c71e2b797,0,7,1,0,flat,flat,True,0.0,"{""flat_matched"": 1}"
c87c1e25-ff00-44ec-b823-b0966c81af70,0,1,11,8,oblique,flat,False,33.6,"{""flat_matched"": 3, ""oblique_covered_by_flat"": 8}"
c87c1e25-ff00-44ec-b823-b0966c81af70,0,3,1,0,flat,flat,True,0.0,"{""flat_matched"": 1}"
c87c1e25-ff00-44ec-b823-b0966c81af70,0,4,2,0,flat,flat,True,0.0,"{""flat_matched"": 2}"
c87c1e25-ff00-44ec-b823-b0966c81af70,0,5,1,0,flat,flat,True,0.0,"{""flat_matched"": 1}"
c87c1e25-ff00-44ec-b823-b0966c81af70,1,7,1,0,flat,mixed,False,0.0,"{""flat_matched"": 1}"
c87c1e25-ff00-44ec-b823-b0966c81af70,1,9,5,4,oblique,mixed,False,45.92,"{""flat_matched"": 1, ""oblique_matched"": 4}"
c87c1e25-ff00-44ec-b823-b0966c81af70,1,10,3,0,flat,mixed,False,0.0,"{""flat_matched"": 3}"
c9a43a7c-7171-484c-ac98-54f9ba59b6e6,1,1,2,0,flat,flat,True,0.0,"{""flat_matched"": 2}"
c9a43a7c-7171-484c-ac98-54f9ba59b6e6,1,8,1,0,flat,flat,True,0.0,"{""flat_matched"": 1}"
c9a43a7c-7171-484c-ac98-54f9ba59b6e6,2,9,2,1,flat,mixed,False,22.27,"{""flat_matched"": 1, ""oblique_matched"": 1}"
c9a43a7c-7171-484c-ac98-54f9ba59b6e6,2,10,2,1,flat,mixed,False,22.12,"{""flat_matched"": 1, ""oblique_matched"": 1}"
c9a43a7c-7171-484c-ac98-54f9ba59b6e6,2,11,2,1,flat,mixed,False,22.12,"{""flat_matched"": 1, ""oblique_matched"": 1}"
c9a43a7c-7171-484c-ac98-54f9ba59b6e6,2,12,4,3,oblique,mixed,False,43.92,"{""flat_matched"": 1, ""oblique_matched"": 3}"
c9a43a7c-7171-484c-ac98-54f9ba59b6e6,2,13,2,1,flat,mixed,False,22.22,"{""flat_matched"": 1, ""oblique_matched"": 1}"
c9a43a7c-7171-484c-ac98-54f9ba59b6e6,2,14,7,5,oblique,mixed,False,37.13,"{""flat_matched"": 2, ""oblique_wrong_orientation"": 1, ""oblique_matched"": 4}"
c9a43a7c-7171-484c-ac98-54f9ba59b6e6,0,15,1,0,flat,flat,True,0.0,"{""flat_matched"": 1}"
cf982769-994b-4193-a621-91d46d1a3344,0,0,1,0,flat,flat,True,0.0,"{""flat_matched"": 1}"
cf982769-994b-4193-a621-91d46d1a3344,0,2,2,2,oblique,flat,False,43.08,"{""oblique_covered_by_flat"": 2}"
cf982769-994b-4193-a621-91d46d1a3344,0,4,4,2,flat,flat,True,5.08,"{""flat_matched"": 2, ""oblique_covered_by_flat"": 2}"
cf982769-994b-4193-a621-91d46d1a3344,1,5,19,15,oblique,oblique,True,44.46,"{""flat_covered_by_oblique"": 3, ""oblique_matched"": 7, ""oblique_wrong_orientation"": 3, ""oblique_partial"": 1, ""uncovered"": 4, ""flat_partial"": 1}"
d28b528a-475b-4ac0-a38d-ee992cd877db,0,2,1,0,flat,flat,True,0.0,"{""flat_matched"": 1}"
d28b528a-475b-4ac0-a38d-ee992cd877db,0,3,2,0,flat,flat,True,0.0,"{""flat_matched"": 2}"
d28b528a-475b-4ac0-a38d-ee992cd877db,0,4,1,0,flat,flat,True,0.0,"{""flat_matched"": 1}"
d28b528a-475b-4ac0-a38d-ee992cd877db,0,5,1,0,flat,flat,True,0.0,"{""flat_matched"": 1}"
d28b528a-475b-4ac0-a38d-ee992cd877db,0,7,1,0,flat,flat,True,0.0,"{""flat_matched"": 1}"
d28b528a-475b-4ac0-a38d-ee992cd877db,0,8,1,0,flat,flat,True,2.26,"{""flat_matched"": 1}"
d28b528a-475b-4ac0-a38d-ee992cd877db,1,11,21,13,oblique,oblique,True,44.54,"{""flat_covered_by_oblique"": 8, ""oblique_matched"": 8, ""oblique_wrong_orientation"": 4, ""near_vertical_skip"": 1}"
d28b528a-475b-4ac0-a38d-ee992cd877db,1,12,1,0,flat,flat,True,0.0,"{""flat_matched"": 1}"
d28b528a-475b-4ac0-a38d-ee992cd877db,1,13,7,5,oblique,flat,False,40.4,"{""flat_matched"": 2, ""oblique_covered_by_flat"": 4, ""near_vertical_skip"": 1}"
d28b528a-475b-4ac0-a38d-ee992cd877db,1,14,2,1,flat,flat,True,21.24,"{""flat_matched"": 1, ""oblique_covered_by_flat"": 1}"
d28b528a-475b-4ac0-a38d-ee992cd877db,1,15,8,7,oblique,flat,False,42.41,"{""flat_matched"": 1, ""oblique_covered_by_flat"": 7}"
d28b528a-475b-4ac0-a38d-ee992cd877db,1,16,18,17,oblique,flat,False,47.36,"{""flat_matched"": 1, ""oblique_covered_by_flat"": 15, ""oblique_partial"": 2}"
d32d5562-5763-4c71-a816-6732c638fa6a,0,0,6,3,flat,flat,True,4.69,"{""flat_matched"": 3, ""oblique_covered_by_flat"": 3}"
d32d5562-5763-4c71-a816-6732c638fa6a,0,1,1,0,flat,flat,True,0.0,"{""flat_matched"": 1}"
d32d5562-5763-4c71-a816-6732c638fa6a,1,5,2,2,oblique,oblique,True,45.96,"{""oblique_matched"": 2}"
d32d5562-5763-4c71-a816-6732c638fa6a,1,6,3,1,flat,oblique,False,0.0,"{""flat_covered_by_oblique"": 2, ""oblique_matched"": 1}"
d32d5562-5763-4c71-a816-6732c638fa6a,1,7,2,1,flat,oblique,False,15.72,"{""flat_covered_by_oblique"": 1, ""oblique_wrong_orientation"": 1}"
d32d5562-5763-4c71-a816-6732c638fa6a,1,8,4,3,oblique,oblique,True,29.99,"{""flat_covered_by_oblique"": 1, ""oblique_matched"": 3}"
d32d5562-5763-4c71-a816-6732c638fa6a,1,9,2,1,flat,oblique,False,22.52,"{""flat_covered_by_oblique"": 1, ""oblique_matched"": 1}"
d4665def-0566-4ccc-aa62-8d562ec6e424,0,0,1,0,flat,flat,True,0.0,"{""flat_matched"": 1}"
d4665def-0566-4ccc-aa62-8d562ec6e424,0,1,1,0,flat,flat,True,0.0,"{""flat_matched"": 1}"
d4665def-0566-4ccc-aa62-8d562ec6e424,0,2,1,0,flat,flat,True,0.0,"{""flat_matched"": 1}"
d4665def-0566-4ccc-aa62-8d562ec6e424,0,3,1,0,flat,flat,True,0.0,"{""flat_matched"": 1}"
d4665def-0566-4ccc-aa62-8d562ec6e424,0,4,1,0,flat,flat,True,0.0,"{""flat_matched"": 1}"
d4665def-0566-4ccc-aa62-8d562ec6e424,0,5,1,0,flat,flat,True,0.0,"{""flat_matched"": 1}"
d683f65d-ad08-4f69-ab23-dbd7ec1bcaed,0,0,4,0,flat,mixed,False,0.0,"{""flat_matched"": 4}"
d683f65d-ad08-4f69-ab23-dbd7ec1bcaed,0,1,1,0,flat,mixed,False,0.0,"{""flat_matched"": 1}"
d683f65d-ad08-4f69-ab23-dbd7ec1bcaed,0,2,1,0,flat,mixed,False,0.0,"{""flat_matched"": 1}"
d683f65d-ad08-4f69-ab23-dbd7ec1bcaed,0,3,1,0,flat,mixed,False,0.0,"{""flat_matched"": 1}"
d683f65d-ad08-4f69-ab23-dbd7ec1bcaed,0,4,5,4,oblique,mixed,False,19.8,"{""flat_matched"": 1, ""oblique_matched"": 4}"
d683f65d-ad08-4f69-ab23-dbd7ec1bcaed,0,5,1,0,flat,mixed,False,0.0,"{""flat_matched"": 1}"
d683f65d-ad08-4f69-ab23-dbd7ec1bcaed,0,6,1,0,flat,mixed,False,0.0,"{""flat_matched"": 1}"
d683f65d-ad08-4f69-ab23-dbd7ec1bcaed,0,7,1,0,flat,mixed,False,0.0,"{""flat_matched"": 1}"
d683f65d-ad08-4f69-ab23-dbd7ec1bcaed,0,8,1,0,flat,mixed,False,0.0,"{""flat_matched"": 1}"
d683f65d-ad08-4f69-ab23-dbd7ec1bcaed,0,9,1,0,flat,flat,True,0.0,"{""flat_matched"": 1}"
d683f65d-ad08-4f69-ab23-dbd7ec1bcaed,0,10,2,0,flat,mixed,False,0.0,"{""flat_matched"": 2}"
d683f65d-ad08-4f69-ab23-dbd7ec1bcaed,0,11,1,0,flat,mixed,False,0.0,"{""flat_matched"": 1}"
d683f65d-ad08-4f69-ab23-dbd7ec1bcaed,0,12,2,0,flat,mixed,False,0.0,"{""flat_matched"": 2}"
d683f65d-ad08-4f69-ab23-dbd7ec1bcaed,0,13,1,0,flat,mixed,False,0.0,"{""flat_matched"": 1}"
d7f1aa19-5ca9-4e1b-ac1a-c86d63f9ede7,0,0,1,0,flat,flat,True,0.0,"{""flat_matched"": 1}"
d7f1aa19-5ca9-4e1b-ac1a-c86d63f9ede7,0,1,1,0,flat,flat,True,0.0,"{""flat_matched"": 1}"
d7f1aa19-5ca9-4e1b-ac1a-c86d63f9ede7,0,2,1,0,flat,flat,True,0.0,"{""flat_matched"": 1}"
d7f1aa19-5ca9-4e1b-ac1a-c86d63f9ede7,0,3,1,0,flat,flat,True,0.0,"{""flat_matched"": 1}"
d7f1aa19-5ca9-4e1b-ac1a-c86d63f9ede7,0,4,1,0,flat,flat,True,0.0,"{""flat_matched"": 1}"
d7f1aa19-5ca9-4e1b-ac1a-c86d63f9ede7,0,5,1,0,flat,flat,True,0.0,"{""flat_matched"": 1}"
d8308bfc-c2c1-42bd-8503-282571708b8c,0,0,1,0,flat,flat,True,0.0,"{""flat_matched"": 1}"
d8308bfc-c2c1-42bd-8503-282571708b8c,0,1,1,1,oblique,flat,False,19.46,"{""oblique_covered_by_flat"": 1}"
d8308bfc-c2c1-42bd-8503-282571708b8c,0,2,6,4,oblique,mixed,False,14.91,"{""flat_matched"": 2, ""oblique_wrong_orientation"": 4}"
d8308bfc-c2c1-42bd-8503-282571708b8c,0,3,1,0,flat,mixed,False,0.0,"{""flat_matched"": 1}"
d8308bfc-c2c1-42bd-8503-282571708b8c,0,4,1,0,flat,mixed,False,0.0,"{""flat_matched"": 1}"
d8308bfc-c2c1-42bd-8503-282571708b8c,0,5,2,1,flat,flat,True,3.73,"{""flat_matched"": 1, ""oblique_covered_by_flat"": 1}"
d8308bfc-c2c1-42bd-8503-282571708b8c,0,6,1,0,flat,flat,True,0.0,"{""flat_matched"": 1}"
d8308bfc-c2c1-42bd-8503-282571708b8c,0,7,1,0,flat,flat,True,0.0,"{""flat_matched"": 1}"
d8308bfc-c2c1-42bd-8503-282571708b8c,0,8,1,0,flat,flat,True,0.0,"{""flat_matched"": 1}"
d8308bfc-c2c1-42bd-8503-282571708b8c,0,9,3,2,oblique,mixed,False,44.94,"{""flat_matched"": 1, ""oblique_matched"": 2}"
d8308bfc-c2c1-42bd-8503-282571708b8c,0,10,1,0,flat,flat,True,0.0,"{""flat_matched"": 1}"
d8308bfc-c2c1-42bd-8503-282571708b8c,0,12,1,0,flat,flat,True,0.0,"{""flat_matched"": 1}"
d8308bfc-c2c1-42bd-8503-282571708b8c,0,13,8,4,flat,flat,True,5.75,"{""flat_matched"": 4, ""oblique_covered_by_flat"": 4}"
d904fdad-775d-4382-ba44-a4289889745e,0,0,2,0,flat,flat,True,0.0,"{""flat_matched"": 2}"
d904fdad-775d-4382-ba44-a4289889745e,0,1,1,0,flat,flat,True,0.0,"{""flat_matched"": 1}"
d904fdad-775d-4382-ba44-a4289889745e,0,2,1,0,flat,flat,True,0.0,"{""flat_matched"": 1}"
d904fdad-775d-4382-ba44-a4289889745e,0,3,1,0,flat,flat,True,0.0,"{""flat_matched"": 1}"
d904fdad-775d-4382-ba44-a4289889745e,0,4,1,0,flat,flat,True,0.0,"{""flat_matched"": 1}"
d904fdad-775d-4382-ba44-a4289889745e,0,5,1,0,flat,flat,True,0.0,"{""flat_matched"": 1}"
d904fdad-775d-4382-ba44-a4289889745e,0,6,1,0,flat,flat,True,0.0,"{""flat_matched"": 1}"
d904fdad-775d-4382-ba44-a4289889745e,0,7,1,0,flat,flat,True,0.0,"{""flat_matched"": 1}"
d904fdad-775d-4382-ba44-a4289889745e,0,8,1,0,flat,flat,True,0.0,"{""flat_matched"": 1}"
d928da15-65c0-490c-84df-613a196930f0,0,0,1,0,flat,flat,True,0.0,"{""flat_matched"": 1}"
d928da15-65c0-490c-84df-613a196930f0,0,2,2,0,flat,flat,True,0.0,"{""flat_matched"": 2}"
d928da15-65c0-490c-84df-613a196930f0,0,3,1,0,flat,flat,True,0.0,"{""flat_matched"": 1}"
d928da15-65c0-490c-84df-613a196930f0,0,4,1,0,flat,flat,True,0.0,"{""flat_matched"": 1}"
d928da15-65c0-490c-84df-613a196930f0,0,5,1,0,flat,flat,True,0.0,"{""flat_matched"": 1}"
d928da15-65c0-490c-84df-613a196930f0,0,6,1,0,flat,flat,True,0.0,"{""flat_matched"": 1}"
d928da15-65c0-490c-84df-613a196930f0,0,7,1,0,flat,flat,True,0.0,"{""flat_matched"": 1}"
d98923f0-3373-4d3c-ba03-c0df5d8b29d8,0,0,1,0,flat,flat,True,0.0,"{""flat_matched"": 1}"
d98923f0-3373-4d3c-ba03-c0df5d8b29d8,0,1,1,0,flat,flat,True,0.0,"{""flat_matched"": 1}"
d98923f0-3373-4d3c-ba03-c0df5d8b29d8,0,2,2,0,flat,flat,True,0.0,"{""flat_matched"": 2}"
d98923f0-3373-4d3c-ba03-c0df5d8b29d8,0,3,1,0,flat,flat,True,0.0,"{""flat_matched"": 1}"
d98923f0-3373-4d3c-ba03-c0df5d8b29d8,0,4,1,0,flat,flat,True,0.0,"{""flat_matched"": 1}"
d98923f0-3373-4d3c-ba03-c0df5d8b29d8,0,5,1,0,flat,flat,True,0.0,"{""flat_matched"": 1}"
d98923f0-3373-4d3c-ba03-c0df5d8b29d8,0,6,1,0,flat,flat,True,0.0,"{""flat_matched"": 1}"
d98923f0-3373-4d3c-ba03-c0df5d8b29d8,0,7,1,0,flat,flat,True,0.0,"{""flat_matched"": 1}"
dd4ba0e6-c9e0-444f-b815-9ad921cd3b87,0,0,1,0,flat,flat,True,0.0,"{""flat_matched"": 1}"
dd4ba0e6-c9e0-444f-b815-9ad921cd3b87,0,1,1,0,flat,flat,True,0.0,"{""flat_matched"": 1}"
dd4ba0e6-c9e0-444f-b815-9ad921cd3b87,0,2,1,0,flat,flat,True,0.0,"{""flat_matched"": 1}"
dd4ba0e6-c9e0-444f-b815-9ad921cd3b87,0,3,10,6,oblique,flat,False,8.4,"{""flat_matched"": 4, ""oblique_covered_by_flat"": 6}"
dd4ba0e6-c9e0-444f-b815-9ad921cd3b87,0,4,1,0,flat,flat,True,0.0,"{""flat_matched"": 1}"
dd4ba0e6-c9e0-444f-b815-9ad921cd3b87,0,6,2,0,flat,flat,True,0.0,"{""flat_matched"": 2}"
dd4ba0e6-c9e0-444f-b815-9ad921cd3b87,0,8,1,0,flat,flat,True,0.0,"{""flat_matched"": 1}"
df1f5f4f-8801-4d5d-9c64-f0ea8e1ce027,0,0,2,0,flat,flat,True,0.0,"{""flat_matched"": 2}"
df1f5f4f-8801-4d5d-9c64-f0ea8e1ce027,0,1,1,0,flat,flat,True,0.0,"{""flat_matched"": 1}"
df1f5f4f-8801-4d5d-9c64-f0ea8e1ce027,0,2,1,0,flat,flat,True,0.0,"{""flat_matched"": 1}"
df1f5f4f-8801-4d5d-9c64-f0ea8e1ce027,0,3,1,0,flat,flat,True,0.0,"{""flat_matched"": 1}"
df1f5f4f-8801-4d5d-9c64-f0ea8e1ce027,0,4,1,0,flat,flat,True,0.0,"{""flat_matched"": 1}"
df1f5f4f-8801-4d5d-9c64-f0ea8e1ce027,0,5,1,0,flat,flat,True,0.0,"{""flat_matched"": 1}"
df1f5f4f-8801-4d5d-9c64-f0ea8e1ce027,0,6,1,0,flat,flat,True,0.0,"{""flat_matched"": 1}"
dfb88995-ff0a-4025-878b-b544364f8e92,0,0,1,0,flat,flat,True,0.0,"{""flat_matched"": 1}"
dfb88995-ff0a-4025-878b-b544364f8e92,0,1,1,0,flat,flat,True,0.0,"{""flat_matched"": 1}"
dfb88995-ff0a-4025-878b-b544364f8e92,1,4,2,1,flat,mixed,False,35.4,"{""flat_matched"": 1, ""oblique_wrong_orientation"": 1}"
dfb88995-ff0a-4025-878b-b544364f8e92,1,5,2,1,flat,mixed,False,25.16,"{""flat_matched"": 1, ""oblique_matched"": 1}"
dfb88995-ff0a-4025-878b-b544364f8e92,1,6,9,7,oblique,mixed,False,50.86,"{""flat_matched"": 2, ""oblique_wrong_orientation"": 1, ""oblique_matched"": 6}"
dfb88995-ff0a-4025-878b-b544364f8e92,1,7,2,1,flat,mixed,False,23.22,"{""flat_matched"": 1, ""oblique_matched"": 1}"
e0155eef-34a5-4642-bca6-39b83ee42af1,3,0,21,17,oblique,oblique,True,47.92,"{""flat_covered_by_oblique"": 4, ""oblique_wrong_orientation"": 2, ""oblique_matched"": 15}"
e0155eef-34a5-4642-bca6-39b83ee42af1,3,1,5,4,oblique,oblique,True,45.73,"{""flat_covered_by_oblique"": 1, ""oblique_matched"": 4}"
e0155eef-34a5-4642-bca6-39b83ee42af1,3,2,4,3,oblique,oblique,True,13.74,"{""flat_covered_by_oblique"": 1, ""uncovered"": 1, ""oblique_partial"": 2}"
e0155eef-34a5-4642-bca6-39b83ee42af1,2,3,9,8,oblique,oblique,True,42.5,"{""flat_covered_by_oblique"": 1, ""oblique_wrong_orientation"": 4, ""oblique_matched"": 4}"
e0155eef-34a5-4642-bca6-39b83ee42af1,0,6,18,10,oblique,flat,False,8.7,"{""flat_matched"": 8, ""oblique_covered_by_flat"": 10}"
e0155eef-34a5-4642-bca6-39b83ee42af1,0,7,4,0,flat,flat,True,0.0,"{""flat_matched"": 4}"
e0155eef-34a5-4642-bca6-39b83ee42af1,0,8,1,0,flat,flat,True,0.0,"{""flat_matched"": 1}"
e0155eef-34a5-4642-bca6-39b83ee42af1,0,9,1,0,flat,flat,True,0.0,"{""flat_matched"": 1}"
e0155eef-34a5-4642-bca6-39b83ee42af1,0,10,2,0,flat,flat,True,0.0,"{""flat_matched"": 2}"
e0155eef-34a5-4642-bca6-39b83ee42af1,0,11,2,1,flat,flat,True,11.35,"{""flat_matched"": 1, ""oblique_covered_by_flat"": 1}"
e01a968a-24dd-4ca3-b46f-5aff03b1779f,0,0,1,0,flat,flat,True,0.0,"{""flat_matched"": 1}"
e01a968a-24dd-4ca3-b46f-5aff03b1779f,0,1,1,0,flat,flat,True,0.0,"{""flat_matched"": 1}"
e01a968a-24dd-4ca3-b46f-5aff03b1779f,0,2,1,0,flat,flat,True,0.0,"{""flat_matched"": 1}"
e01a968a-24dd-4ca3-b46f-5aff03b1779f,0,3,1,0,flat,flat,True,0.0,"{""flat_matched"": 1}"
e01a968a-24dd-4ca3-b46f-5aff03b1779f,0,4,1,0,flat,flat,True,0.0,"{""flat_matched"": 1}"
e01a968a-24dd-4ca3-b46f-5aff03b1779f,0,5,1,0,flat,flat,True,0.0,"{""flat_matched"": 1}"
e01a968a-24dd-4ca3-b46f-5aff03b1779f,0,6,1,0,flat,flat,True,0.0,"{""flat_matched"": 1}"
e028bcc5-73ee-45f9-924b-d7badbc66caf,0,0,1,0,flat,flat,True,0.0,"{""flat_matched"": 1}"
e028bcc5-73ee-45f9-924b-d7badbc66caf,1,10,3,2,oblique,mixed,False,44.05,"{""flat_matched"": 1, ""oblique_matched"": 2}"
e028bcc5-73ee-45f9-924b-d7badbc66caf,1,11,2,1,flat,mixed,False,23.0,"{""flat_matched"": 1, ""oblique_matched"": 1}"
e028bcc5-73ee-45f9-924b-d7badbc66caf,1,12,4,3,oblique,mixed,False,35.34,"{""flat_matched"": 1, ""oblique_matched"": 3}"
e028bcc5-73ee-45f9-924b-d7badbc66caf,1,13,18,15,oblique,mixed,False,19.01,"{""flat_matched"": 3, ""oblique_covered_by_flat"": 13, ""oblique_wrong_orientation"": 1, ""oblique_matched"": 1}"
e028bcc5-73ee-45f9-924b-d7badbc66caf,1,14,2,1,flat,mixed,False,21.99,"{""flat_matched"": 1, ""oblique_matched"": 1}"
e028bcc5-73ee-45f9-924b-d7badbc66caf,1,15,9,8,oblique,mixed,False,46.63,"{""flat_matched"": 1, ""oblique_covered_by_flat"": 7, ""near_vertical_skip"": 1}"
e0796748-79fd-40ae-be1f-e5977a9fe1e5,0,0,1,0,flat,flat,True,0.0,"{""flat_matched"": 1}"
e0796748-79fd-40ae-be1f-e5977a9fe1e5,0,1,1,0,flat,flat,True,0.0,"{""flat_matched"": 1}"
e0796748-79fd-40ae-be1f-e5977a9fe1e5,0,2,1,0,flat,flat,True,0.0,"{""flat_matched"": 1}"
e0796748-79fd-40ae-be1f-e5977a9fe1e5,0,3,1,0,flat,flat,True,0.0,"{""flat_matched"": 1}"
e0796748-79fd-40ae-be1f-e5977a9fe1e5,0,4,1,0,flat,flat,True,0.0,"{""flat_matched"": 1}"
e0796748-79fd-40ae-be1f-e5977a9fe1e5,0,5,1,0,flat,flat,True,0.0,"{""flat_matched"": 1}"
e0796748-79fd-40ae-be1f-e5977a9fe1e5,0,6,1,0,flat,flat,True,0.0,"{""flat_matched"": 1}"
e0796748-79fd-40ae-be1f-e5977a9fe1e5,0,7,1,0,flat,flat,True,0.0,"{""flat_matched"": 1}"
e0796748-79fd-40ae-be1f-e5977a9fe1e5,0,8,2,0,flat,flat,True,0.0,"{""flat_matched"": 2}"
e0796748-79fd-40ae-be1f-e5977a9fe1e5,0,9,1,0,flat,flat,True,0.0,"{""flat_matched"": 1}"
e0796748-79fd-40ae-be1f-e5977a9fe1e5,0,10,6,3,flat,flat,True,9.44,"{""flat_matched"": 3, ""oblique_covered_by_flat"": 3}"
e0796748-79fd-40ae-be1f-e5977a9fe1e5,0,11,1,0,flat,flat,True,0.0,"{""flat_matched"": 1}"
e496ca55-bafb-4b8b-b3f1-5f6fb5ae8c7e,0,2,1,0,flat,flat,True,0.0,"{""flat_matched"": 1}"
e496ca55-bafb-4b8b-b3f1-5f6fb5ae8c7e,0,3,1,0,flat,flat,True,0.0,"{""flat_matched"": 1}"
e496ca55-bafb-4b8b-b3f1-5f6fb5ae8c7e,2,5,3,2,oblique,mixed,False,40.46,"{""flat_matched"": 1, ""oblique_matched"": 2}"
e496ca55-bafb-4b8b-b3f1-5f6fb5ae8c7e,2,7,1,0,flat,mixed,False,0.0,"{""flat_matched"": 1}"
e496ca55-bafb-4b8b-b3f1-5f6fb5ae8c7e,2,8,2,1,flat,mixed,False,20.83,"{""flat_matched"": 1, ""oblique_matched"": 1}"
e496ca55-bafb-4b8b-b3f1-5f6fb5ae8c7e,2,10,2,1,flat,mixed,False,21.73,"{""flat_matched"": 1, ""oblique_matched"": 1}"
e496ca55-bafb-4b8b-b3f1-5f6fb5ae8c7e,2,11,8,6,oblique,mixed,False,42.97,"{""flat_matched"": 2, ""oblique_matched"": 5, ""oblique_wrong_orientation"": 1}"
e496ca55-bafb-4b8b-b3f1-5f6fb5ae8c7e,1,13,1,0,flat,flat,True,0.0,"{""flat_matched"": 1}"
e496ca55-bafb-4b8b-b3f1-5f6fb5ae8c7e,1,14,1,0,flat,flat,True,0.0,"{""flat_matched"": 1}"
e496ca55-bafb-4b8b-b3f1-5f6fb5ae8c7e,1,17,1,0,flat,flat,True,0.0,"{""flat_matched"": 1}"
e4fe9821-2270-4d23-bc74-703743b5d282,0,0,1,0,flat,flat,True,0.0,"{""flat_matched"": 1}"
e4fe9821-2270-4d23-bc74-703743b5d282,0,1,1,0,flat,flat,True,0.0,"{""flat_matched"": 1}"
e4fe9821-2270-4d23-bc74-703743b5d282,0,2,1,0,flat,flat,True,0.0,"{""flat_matched"": 1}"
e4fe9821-2270-4d23-bc74-703743b5d282,0,3,2,0,flat,flat,True,0.0,"{""flat_matched"": 2}"
e4fe9821-2270-4d23-bc74-703743b5d282,0,4,2,0,flat,flat,True,0.0,"{""flat_matched"": 2}"
e4fe9821-2270-4d23-bc74-703743b5d282,0,5,1,0,flat,flat,True,0.0,"{""flat_matched"": 1}"
e4fe9821-2270-4d23-bc74-703743b5d282,0,6,1,0,flat,flat,True,0.0,"{""flat_matched"": 1}"
e4fe9821-2270-4d23-bc74-703743b5d282,0,7,1,0,flat,flat,True,0.0,"{""flat_matched"": 1}"
e4fe9821-2270-4d23-bc74-703743b5d282,0,9,2,0,flat,flat,True,0.0,"{""flat_matched"": 2}"
e4fe9821-2270-4d23-bc74-703743b5d282,0,10,1,0,flat,flat,True,0.0,"{""flat_matched"": 1}"
e5adc187-70eb-4828-aa90-5fe3c46dfbce,0,4,1,0,flat,flat,True,0.0,"{""flat_matched"": 1}"
e5adc187-70eb-4828-aa90-5fe3c46dfbce,1,8,3,2,oblique,mixed,False,46.98,"{""flat_matched"": 1, ""oblique_matched"": 2}"
e5adc187-70eb-4828-aa90-5fe3c46dfbce,1,9,4,3,oblique,mixed,False,43.91,"{""flat_matched"": 1, ""oblique_matched"": 3}"
e5adc187-70eb-4828-aa90-5fe3c46dfbce,1,10,3,2,oblique,mixed,False,43.4,"{""flat_matched"": 1, ""oblique_matched"": 1, ""oblique_covered_by_flat"": 1}"
e721a943-1c4f-4bd6-b8a3-f9558de79921,0,0,1,0,flat,flat,True,0.0,"{""flat_matched"": 1}"
e721a943-1c4f-4bd6-b8a3-f9558de79921,0,1,1,0,flat,flat,True,0.0,"{""flat_matched"": 1}"
e721a943-1c4f-4bd6-b8a3-f9558de79921,0,2,1,0,flat,flat,True,0.0,"{""flat_matched"": 1}"
e721a943-1c4f-4bd6-b8a3-f9558de79921,0,3,1,0,flat,flat,True,0.0,"{""flat_matched"": 1}"
e721a943-1c4f-4bd6-b8a3-f9558de79921,0,4,1,0,flat,flat,True,0.0,"{""flat_matched"": 1}"
e721a943-1c4f-4bd6-b8a3-f9558de79921,0,5,1,0,flat,flat,True,0.0,"{""flat_matched"": 1}"
e721a943-1c4f-4bd6-b8a3-f9558de79921,0,6,1,0,flat,flat,True,0.0,"{""flat_matched"": 1}"
e721a943-1c4f-4bd6-b8a3-f9558de79921,0,7,1,1,oblique,mixed,False,18.75,"{""oblique_matched"": 1}"
e721a943-1c4f-4bd6-b8a3-f9558de79921,0,8,1,0,flat,flat,True,0.0,"{""flat_matched"": 1}"
e7452ac7-517e-4321-9201-d52bf7f0cae9,0,0,1,0,flat,flat,True,0.0,"{""flat_matched"": 1}"
e7452ac7-517e-4321-9201-d52bf7f0cae9,0,1,2,0,flat,flat,True,0.0,"{""flat_matched"": 2}"
e7452ac7-517e-4321-9201-d52bf7f0cae9,0,2,1,0,flat,flat,True,0.0,"{""flat_matched"": 1}"
e7452ac7-517e-4321-9201-d52bf7f0cae9,0,3,1,0,flat,flat,True,0.0,"{""flat_matched"": 1}"
e7452ac7-517e-4321-9201-d52bf7f0cae9,0,4,1,0,flat,flat,True,0.0,"{""flat_matched"": 1}"
e7452ac7-517e-4321-9201-d52bf7f0cae9,0,5,5,3,oblique,mixed,False,8.73,"{""flat_matched"": 2, ""oblique_matched"": 3}"
e7452ac7-517e-4321-9201-d52bf7f0cae9,0,6,1,0,flat,flat,True,0.0,"{""flat_matched"": 1}"
e7452ac7-517e-4321-9201-d52bf7f0cae9,0,7,1,0,flat,flat,True,0.0,"{""flat_matched"": 1}"
e7452ac7-517e-4321-9201-d52bf7f0cae9,0,8,1,0,flat,flat,True,0.0,"{""flat_matched"": 1}"
e7452ac7-517e-4321-9201-d52bf7f0cae9,0,9,1,0,flat,flat,True,0.0,"{""flat_matched"": 1}"
e7452ac7-517e-4321-9201-d52bf7f0cae9,0,10,2,0,flat,flat,True,0.0,"{""flat_matched"": 2}"
e7452ac7-517e-4321-9201-d52bf7f0cae9,0,11,3,2,oblique,mixed,False,8.13,"{""flat_matched"": 1, ""oblique_matched"": 2}"
e93694c4-b9a9-4184-ab47-4d0d0a8504b2,0,0,2,1,flat,mixed,False,7.37,"{""flat_matched"": 1, ""oblique_matched"": 1}"
e93694c4-b9a9-4184-ab47-4d0d0a8504b2,0,1,1,0,flat,flat,True,0.0,"{""flat_matched"": 1}"
e93694c4-b9a9-4184-ab47-4d0d0a8504b2,0,2,1,0,flat,flat,True,0.0,"{""flat_matched"": 1}"
e93694c4-b9a9-4184-ab47-4d0d0a8504b2,0,3,1,0,flat,flat,True,0.0,"{""flat_matched"": 1}"
e93694c4-b9a9-4184-ab47-4d0d0a8504b2,0,4,2,0,flat,flat,True,0.0,"{""flat_matched"": 2}"
e93694c4-b9a9-4184-ab47-4d0d0a8504b2,0,5,1,0,flat,flat,True,0.0,"{""flat_matched"": 1}"
e93694c4-b9a9-4184-ab47-4d0d0a8504b2,0,6,1,0,flat,flat,True,0.0,"{""flat_matched"": 1}"
e9a5d5e2-17c8-4879-89f2-f6a3af5cfd38,0,0,1,0,flat,flat,True,0.0,"{""flat_matched"": 1}"
e9a5d5e2-17c8-4879-89f2-f6a3af5cfd38,0,1,1,0,flat,flat,True,0.0,"{""flat_matched"": 1}"
e9a5d5e2-17c8-4879-89f2-f6a3af5cfd38,0,2,1,0,flat,flat,True,0.0,"{""flat_matched"": 1}"
e9a5d5e2-17c8-4879-89f2-f6a3af5cfd38,0,3,1,0,flat,flat,True,0.0,"{""flat_matched"": 1}"
e9a5d5e2-17c8-4879-89f2-f6a3af5cfd38,0,4,1,0,flat,flat,True,0.0,"{""flat_matched"": 1}"
e9a5d5e2-17c8-4879-89f2-f6a3af5cfd38,0,5,1,0,flat,flat,True,0.0,"{""flat_matched"": 1}"
e9a5d5e2-17c8-4879-89f2-f6a3af5cfd38,0,6,1,0,flat,flat,True,0.0,"{""flat_matched"": 1}"
e9a5d5e2-17c8-4879-89f2-f6a3af5cfd38,0,7,1,0,flat,flat,True,0.0,"{""flat_matched"": 1}"
e9dddee6-297a-43f5-b862-90091889ea39,0,0,1,0,flat,flat,True,1.1,"{""flat_matched"": 1}"
e9dddee6-297a-43f5-b862-90091889ea39,0,1,1,0,flat,flat,True,0.0,"{""flat_matched"": 1}"
e9dddee6-297a-43f5-b862-90091889ea39,0,2,3,2,oblique,flat,False,5.42,"{""flat_matched"": 1, ""oblique_covered_by_flat"": 2}"
e9dddee6-297a-43f5-b862-90091889ea39,1,6,3,2,oblique,flat,False,16.91,"{""flat_matched"": 1, ""oblique_covered_by_flat"": 2}"
e9dddee6-297a-43f5-b862-90091889ea39,1,7,1,0,flat,flat,True,0.0,"{""flat_matched"": 1}"
e9dddee6-297a-43f5-b862-90091889ea39,2,9,2,1,flat,oblique,False,22.27,"{""flat_covered_by_oblique"": 1, ""oblique_matched"": 1}"
e9dddee6-297a-43f5-b862-90091889ea39,2,10,2,1,flat,oblique,False,22.77,"{""flat_covered_by_oblique"": 1, ""oblique_matched"": 1}"
e9dddee6-297a-43f5-b862-90091889ea39,2,11,5,3,oblique,oblique,True,13.93,"{""flat_covered_by_oblique"": 2, ""oblique_matched"": 2, ""oblique_wrong_orientation"": 1}"
e9dddee6-297a-43f5-b862-90091889ea39,2,12,2,1,flat,oblique,False,22.23,"{""flat_covered_by_oblique"": 1, ""oblique_matched"": 1}"
e9f0631f-ae34-4d30-af21-d3369327755f,0,0,1,0,flat,flat,True,0.0,"{""flat_matched"": 1}"
e9f0631f-ae34-4d30-af21-d3369327755f,0,5,1,0,flat,flat,True,0.0,"{""flat_matched"": 1}"
e9f0631f-ae34-4d30-af21-d3369327755f,0,6,12,9,oblique,mixed,False,10.96,"{""flat_matched"": 3, ""oblique_covered_by_flat"": 2, ""oblique_matched"": 7}"
e9f0631f-ae34-4d30-af21-d3369327755f,1,12,2,1,flat,mixed,False,21.32,"{""flat_matched"": 1, ""oblique_wrong_orientation"": 1}"
e9f0631f-ae34-4d30-af21-d3369327755f,1,13,2,1,flat,flat,True,22.96,"{""flat_matched"": 1, ""oblique_covered_by_flat"": 1}"
e9f0631f-ae34-4d30-af21-d3369327755f,1,14,2,1,flat,flat,True,22.85,"{""flat_matched"": 1, ""oblique_covered_by_flat"": 1}"
e9f0631f-ae34-4d30-af21-d3369327755f,1,16,5,4,oblique,flat,False,41.06,"{""flat_matched"": 1, ""oblique_covered_by_flat"": 4}"
e9f0631f-ae34-4d30-af21-d3369327755f,1,17,5,4,oblique,mixed,False,43.26,"{""flat_matched"": 1, ""oblique_wrong_orientation"": 2, ""oblique_matched"": 2}"
e9f0631f-ae34-4d30-af21-d3369327755f,1,18,8,5,oblique,mixed,False,40.59,"{""flat_matched"": 3, ""oblique_wrong_orientation"": 2, ""oblique_matched"": 2, ""near_vertical_skip"": 1}"
e9f0631f-ae34-4d30-af21-d3369327755f,1,19,7,6,oblique,mixed,False,43.02,"{""flat_matched"": 1, ""oblique_wrong_orientation"": 4, ""oblique_matched"": 2}"
ebd94f02-abc2-476d-8bf9-9bdfbc2a58dd,1,4,1,0,flat,flat,True,0.0,"{""flat_matched"": 1}"
ebd94f02-abc2-476d-8bf9-9bdfbc2a58dd,1,5,1,0,flat,flat,True,0.0,"{""flat_matched"": 1}"
ebd94f02-abc2-476d-8bf9-9bdfbc2a58dd,1,6,1,0,flat,flat,True,0.0,"{""flat_matched"": 1}"
ebd94f02-abc2-476d-8bf9-9bdfbc2a58dd,1,7,1,0,flat,flat,True,0.0,"{""flat_matched"": 1}"
ebd94f02-abc2-476d-8bf9-9bdfbc2a58dd,1,8,1,0,flat,flat,True,0.0,"{""flat_matched"": 1}"
ebd94f02-abc2-476d-8bf9-9bdfbc2a58dd,1,9,1,0,flat,flat,True,0.0,"{""flat_matched"": 1}"
ebd94f02-abc2-476d-8bf9-9bdfbc2a58dd,1,10,1,0,flat,flat,True,0.0,"{""flat_matched"": 1}"
ebd94f02-abc2-476d-8bf9-9bdfbc2a58dd,1,11,1,0,flat,flat,True,0.0,"{""flat_matched"": 1}"
ebd94f02-abc2-476d-8bf9-9bdfbc2a58dd,1,12,1,0,flat,flat,True,0.0,"{""flat_matched"": 1}"
ebded652-9e37-4267-992a-8b575c9e1016,0,0,1,0,flat,flat,True,0.0,"{""flat_matched"": 1}"
ebded652-9e37-4267-992a-8b575c9e1016,0,1,1,0,flat,flat,True,0.0,"{""flat_matched"": 1}"
ebded652-9e37-4267-992a-8b575c9e1016,0,2,1,0,flat,flat,True,0.0,"{""flat_matched"": 1}"
ebded652-9e37-4267-992a-8b575c9e1016,0,3,1,0,flat,flat,True,0.0,"{""flat_matched"": 1}"
ebded652-9e37-4267-992a-8b575c9e1016,0,4,1,0,flat,flat,True,0.0,"{""flat_matched"": 1}"
ebded652-9e37-4267-992a-8b575c9e1016,0,5,1,0,flat,flat,True,0.0,"{""flat_matched"": 1}"
ebded652-9e37-4267-992a-8b575c9e1016,0,6,1,0,flat,flat,True,0.0,"{""flat_matched"": 1}"
ebded652-9e37-4267-992a-8b575c9e1016,0,7,1,0,flat,flat,True,0.0,"{""flat_matched"": 1}"
ebded652-9e37-4267-992a-8b575c9e1016,0,8,1,0,flat,flat,True,0.0,"{""flat_matched"": 1}"
ed5231c3-375e-426e-b341-62f6d2b0b3f5,0,0,1,0,flat,flat,True,0.0,"{""flat_matched"": 1}"
ed5231c3-375e-426e-b341-62f6d2b0b3f5,0,1,7,7,oblique,mixed,False,15.69,"{""oblique_matched"": 7}"
ed5231c3-375e-426e-b341-62f6d2b0b3f5,0,2,1,0,flat,flat,True,0.0,"{""flat_matched"": 1}"
ed5231c3-375e-426e-b341-62f6d2b0b3f5,0,3,1,0,flat,flat,True,0.0,"{""flat_matched"": 1}"
ed5231c3-375e-426e-b341-62f6d2b0b3f5,0,4,1,0,flat,flat,True,0.0,"{""flat_matched"": 1}"
ed5231c3-375e-426e-b341-62f6d2b0b3f5,0,5,1,0,flat,flat,True,0.0,"{""flat_matched"": 1}"
ed5231c3-375e-426e-b341-62f6d2b0b3f5,0,6,1,0,flat,flat,True,0.0,"{""flat_matched"": 1}"
ed646d77-0d2b-4d72-b20d-be6aac6aa669,0,1,1,0,flat,flat,True,0.0,"{""flat_matched"": 1}"
ed646d77-0d2b-4d72-b20d-be6aac6aa669,1,3,1,0,flat,flat,True,0.0,"{""flat_matched"": 1}"
ed646d77-0d2b-4d72-b20d-be6aac6aa669,1,4,1,0,flat,flat,True,0.0,"{""flat_matched"": 1}"
ed646d77-0d2b-4d72-b20d-be6aac6aa669,1,5,1,0,flat,flat,True,0.0,"{""flat_matched"": 1}"
ed646d77-0d2b-4d72-b20d-be6aac6aa669,1,6,1,0,flat,flat,True,0.0,"{""flat_matched"": 1}"
ed646d77-0d2b-4d72-b20d-be6aac6aa669,1,7,1,0,flat,flat,True,0.0,"{""flat_matched"": 1}"
ed646d77-0d2b-4d72-b20d-be6aac6aa669,1,8,1,0,flat,flat,True,0.0,"{""flat_matched"": 1}"
ed646d77-0d2b-4d72-b20d-be6aac6aa669,1,9,1,0,flat,flat,True,0.0,"{""flat_matched"": 1}"
ed646d77-0d2b-4d72-b20d-be6aac6aa669,1,10,1,0,flat,flat,True,0.0,"{""flat_matched"": 1}"
ed646d77-0d2b-4d72-b20d-be6aac6aa669,1,11,1,0,flat,flat,True,0.0,"{""flat_matched"": 1}"
ed646d77-0d2b-4d72-b20d-be6aac6aa669,1,12,1,0,flat,flat,True,0.0,"{""flat_matched"": 1}"
ed646d77-0d2b-4d72-b20d-be6aac6aa669,1,13,1,0,flat,flat,True,0.0,"{""flat_matched"": 1}"
ed89b2f2-38dd-455f-a3df-13d92cdc1f8b,0,0,1,0,flat,flat,True,0.0,"{""flat_matched"": 1}"
ed89b2f2-38dd-455f-a3df-13d92cdc1f8b,0,1,1,0,flat,flat,True,0.0,"{""flat_matched"": 1}"
ed89b2f2-38dd-455f-a3df-13d92cdc1f8b,0,2,2,0,flat,flat,True,0.0,"{""flat_matched"": 2}"
ed89b2f2-38dd-455f-a3df-13d92cdc1f8b,0,3,1,0,flat,flat,True,0.0,"{""flat_matched"": 1}"
ed89b2f2-38dd-455f-a3df-13d92cdc1f8b,0,4,1,0,flat,flat,True,0.0,"{""flat_matched"": 1}"
ed89b2f2-38dd-455f-a3df-13d92cdc1f8b,0,5,1,0,flat,flat,True,0.0,"{""flat_matched"": 1}"
ed89b2f2-38dd-455f-a3df-13d92cdc1f8b,0,6,1,0,flat,flat,True,0.0,"{""flat_matched"": 1}"
eda4954e-036f-4e74-817f-23ce2d309aa3,0,0,1,0,flat,flat,True,0.0,"{""flat_matched"": 1}"
eda4954e-036f-4e74-817f-23ce2d309aa3,0,1,1,0,flat,flat,True,0.0,"{""flat_matched"": 1}"
eda4954e-036f-4e74-817f-23ce2d309aa3,0,3,1,0,flat,flat,True,0.0,"{""flat_matched"": 1}"
eda4954e-036f-4e74-817f-23ce2d309aa3,0,4,1,0,flat,flat,True,0.0,"{""flat_matched"": 1}"
eda4954e-036f-4e74-817f-23ce2d309aa3,0,5,2,0,flat,flat,True,0.0,"{""flat_matched"": 2}"
ef522d94-2279-4b9e-bd8f-90bb37043910,0,0,1,0,flat,flat,True,0.0,"{""flat_matched"": 1}"
ef522d94-2279-4b9e-bd8f-90bb37043910,0,1,1,0,flat,flat,True,0.0,"{""flat_matched"": 1}"
ef522d94-2279-4b9e-bd8f-90bb37043910,0,2,1,0,flat,flat,True,0.0,"{""flat_matched"": 1}"
ef522d94-2279-4b9e-bd8f-90bb37043910,0,3,1,0,flat,flat,True,0.0,"{""flat_matched"": 1}"
ef522d94-2279-4b9e-bd8f-90bb37043910,0,4,1,0,flat,flat,True,0.0,"{""flat_matched"": 1}"
ef522d94-2279-4b9e-bd8f-90bb37043910,0,5,1,0,flat,flat,True,0.0,"{""flat_matched"": 1}"
ef522d94-2279-4b9e-bd8f-90bb37043910,0,6,1,0,flat,flat,True,0.0,"{""flat_matched"": 1}"
ef522d94-2279-4b9e-bd8f-90bb37043910,0,7,1,0,flat,flat,True,0.0,"{""flat_matched"": 1}"
ef522d94-2279-4b9e-bd8f-90bb37043910,0,8,1,0,flat,flat,True,0.0,"{""flat_matched"": 1}"
ef522d94-2279-4b9e-bd8f-90bb37043910,0,9,1,0,flat,flat,True,0.0,"{""flat_matched"": 1}"
f16973df-10b9-4369-9f0d-dd295a34d970,0,0,1,0,flat,flat,True,0.0,"{""flat_matched"": 1}"
f16973df-10b9-4369-9f0d-dd295a34d970,0,1,1,0,flat,flat,True,0.0,"{""flat_matched"": 1}"
f16973df-10b9-4369-9f0d-dd295a34d970,0,2,1,0,flat,flat,True,0.0,"{""flat_matched"": 1}"
f16973df-10b9-4369-9f0d-dd295a34d970,0,3,1,0,flat,flat,True,0.0,"{""flat_matched"": 1}"
f16973df-10b9-4369-9f0d-dd295a34d970,0,4,1,0,flat,flat,True,0.0,"{""flat_matched"": 1}"
f16973df-10b9-4369-9f0d-dd295a34d970,0,5,1,0,flat,flat,True,0.0,"{""flat_matched"": 1}"
f16973df-10b9-4369-9f0d-dd295a34d970,0,6,1,0,flat,flat,True,0.0,"{""flat_matched"": 1}"
f16973df-10b9-4369-9f0d-dd295a34d970,0,7,1,0,flat,flat,True,0.0,"{""flat_matched"": 1}"
f16973df-10b9-4369-9f0d-dd295a34d970,0,8,1,0,flat,flat,True,0.0,"{""flat_matched"": 1}"
f16973df-10b9-4369-9f0d-dd295a34d970,0,9,4,3,oblique,flat,False,47.48,"{""flat_matched"": 1, ""oblique_covered_by_flat"": 3}"
f40dcc9f-b97b-4bef-8b40-ba011aabf0bd,0,0,1,0,flat,flat,True,0.0,"{""flat_matched"": 1}"
f40dcc9f-b97b-4bef-8b40-ba011aabf0bd,0,1,1,0,flat,flat,True,0.0,"{""flat_matched"": 1}"
f40dcc9f-b97b-4bef-8b40-ba011aabf0bd,0,2,1,0,flat,flat,True,0.0,"{""flat_matched"": 1}"
f40dcc9f-b97b-4bef-8b40-ba011aabf0bd,0,3,1,0,flat,flat,True,0.0,"{""flat_matched"": 1}"
f40dcc9f-b97b-4bef-8b40-ba011aabf0bd,0,4,1,0,flat,flat,True,0.0,"{""flat_matched"": 1}"
f40dcc9f-b97b-4bef-8b40-ba011aabf0bd,0,5,1,0,flat,flat,True,0.0,"{""flat_matched"": 1}"
f40dcc9f-b97b-4bef-8b40-ba011aabf0bd,0,6,1,0,flat,flat,True,0.0,"{""flat_matched"": 1}"
f40dcc9f-b97b-4bef-8b40-ba011aabf0bd,0,7,1,0,flat,flat,True,0.0,"{""flat_matched"": 1}"
f40dcc9f-b97b-4bef-8b40-ba011aabf0bd,0,8,1,0,flat,flat,True,0.0,"{""flat_matched"": 1}"
f46b4d89-ae67-405c-af8b-eb7396b06ef8,1,6,13,10,oblique,mixed,False,21.91,"{""flat_matched"": 3, ""oblique_wrong_orientation"": 5, ""oblique_matched"": 5}"
f46b4d89-ae67-405c-af8b-eb7396b06ef8,1,7,2,1,flat,mixed,False,20.7,"{""flat_matched"": 1, ""oblique_matched"": 1}"
f46b4d89-ae67-405c-af8b-eb7396b06ef8,1,8,2,1,flat,mixed,False,21.39,"{""flat_matched"": 1, ""oblique_matched"": 1}"
f46b4d89-ae67-405c-af8b-eb7396b06ef8,1,9,6,5,oblique,mixed,False,39.88,"{""flat_matched"": 1, ""oblique_wrong_orientation"": 3, ""oblique_matched"": 2}"
f919a443-ea71-4391-9bcb-bff1cf08c45d,0,0,1,0,flat,flat,True,0.0,"{""flat_matched"": 1}"
f919a443-ea71-4391-9bcb-bff1cf08c45d,0,1,1,0,flat,flat,True,0.0,"{""flat_matched"": 1}"
f919a443-ea71-4391-9bcb-bff1cf08c45d,0,2,1,0,flat,flat,True,0.0,"{""flat_matched"": 1}"
f919a443-ea71-4391-9bcb-bff1cf08c45d,0,4,1,0,flat,flat,True,0.0,"{""flat_matched"": 1}"
f919a443-ea71-4391-9bcb-bff1cf08c45d,0,5,2,0,flat,flat,True,0.0,"{""flat_matched"": 2}"
f919a443-ea71-4391-9bcb-bff1cf08c45d,0,6,1,0,flat,flat,True,0.0,"{""flat_matched"": 1}"
f919a443-ea71-4391-9bcb-bff1cf08c45d,0,7,2,0,flat,flat,True,0.0,"{""flat_matched"": 2}"
f932e0d3-b002-4f89-97e7-ec54d4703506,0,3,1,0,flat,flat,True,0.0,"{""flat_matched"": 1}"
f932e0d3-b002-4f89-97e7-ec54d4703506,0,4,1,0,flat,flat,True,0.0,"{""flat_matched"": 1}"
f932e0d3-b002-4f89-97e7-ec54d4703506,2,10,2,1,flat,mixed,False,23.27,"{""flat_matched"": 1, ""oblique_matched"": 1}"
f932e0d3-b002-4f89-97e7-ec54d4703506,2,11,2,1,flat,mixed,False,22.68,"{""flat_matched"": 1, ""oblique_matched"": 1}"
f932e0d3-b002-4f89-97e7-ec54d4703506,2,12,8,7,oblique,mixed,False,45.26,"{""flat_matched"": 1, ""oblique_wrong_orientation"": 2, ""oblique_matched"": 5}"
f932e0d3-b002-4f89-97e7-ec54d4703506,2,13,3,2,oblique,mixed,False,45.1,"{""flat_matched"": 1, ""oblique_matched"": 2}"
fb279aa5-092f-4146-83ff-b557415e7ba4,0,0,5,3,oblique,mixed,False,12.23,"{""flat_matched"": 2, ""oblique_covered_by_flat"": 1, ""oblique_matched"": 2}"
fb279aa5-092f-4146-83ff-b557415e7ba4,0,1,4,3,oblique,mixed,False,13.63,"{""flat_matched"": 1, ""oblique_matched"": 3}"
fb279aa5-092f-4146-83ff-b557415e7ba4,0,3,1,0,flat,flat,True,0.0,"{""flat_matched"": 1}"
fb279aa5-092f-4146-83ff-b557415e7ba4,0,4,1,0,flat,mixed,False,0.0,"{""flat_matched"": 1}"
fb279aa5-092f-4146-83ff-b557415e7ba4,0,6,1,0,flat,mixed,False,0.0,"{""flat_matched"": 1}"
fb279aa5-092f-4146-83ff-b557415e7ba4,0,7,2,1,flat,mixed,False,6.92,"{""flat_matched"": 1, ""oblique_matched"": 1}"
fb279aa5-092f-4146-83ff-b557415e7ba4,0,8,1,1,oblique,mixed,False,13.17,"{""oblique_matched"": 1}"
fc46b0be-a3aa-4a28-820c-a16691bcdd61,0,0,1,0,flat,flat,True,0.0,"{""flat_matched"": 1}"
fc46b0be-a3aa-4a28-820c-a16691bcdd61,0,1,1,0,flat,flat,True,0.0,"{""flat_matched"": 1}"
fc46b0be-a3aa-4a28-820c-a16691bcdd61,0,3,2,0,flat,flat,True,0.0,"{""flat_matched"": 2}"
fc46b0be-a3aa-4a28-820c-a16691bcdd61,0,4,1,0,flat,flat,True,0.0,"{""flat_matched"": 1}"
fc46b0be-a3aa-4a28-820c-a16691bcdd61,0,5,1,0,flat,flat,True,0.0,"{""flat_matched"": 1}"
fc46b0be-a3aa-4a28-820c-a16691bcdd61,0,6,1,0,flat,flat,True,0.0,"{""flat_matched"": 1}"
fc46b0be-a3aa-4a28-820c-a16691bcdd61,0,7,1,0,flat,flat,True,0.0,"{""flat_matched"": 1}"
fc46b0be-a3aa-4a28-820c-a16691bcdd61,0,8,1,0,flat,flat,True,0.0,"{""flat_matched"": 1}"
fd6ee1a7-7243-4c9b-ad7a-5d146b7f8706,0,0,2,0,flat,flat,True,0.0,"{""flat_matched"": 2}"
fd6ee1a7-7243-4c9b-ad7a-5d146b7f8706,0,1,4,0,flat,flat,True,0.0,"{""flat_matched"": 4}"
fd6ee1a7-7243-4c9b-ad7a-5d146b7f8706,0,3,1,0,flat,flat,True,0.0,"{""flat_matched"": 1}"
fd6ee1a7-7243-4c9b-ad7a-5d146b7f8706,0,4,1,0,flat,flat,True,0.0,"{""flat_matched"": 1}"
fd6ee1a7-7243-4c9b-ad7a-5d146b7f8706,0,5,1,0,flat,flat,True,0.0,"{""flat_matched"": 1}"
fd6ee1a7-7243-4c9b-ad7a-5d146b7f8706,0,6,1,0,flat,flat,True,0.0,"{""flat_matched"": 1}"
fd6ee1a7-7243-4c9b-ad7a-5d146b7f8706,0,8,1,0,flat,flat,True,0.0,"{""flat_matched"": 1}"
fe829d59-c9f1-4194-a40b-39600a4f27b6,0,1,1,0,flat,flat,True,0.0,"{""flat_matched"": 1}"
fe829d59-c9f1-4194-a40b-39600a4f27b6,0,2,2,0,flat,flat,True,0.0,"{""flat_matched"": 2}"
fe829d59-c9f1-4194-a40b-39600a4f27b6,1,7,1,0,flat,flat,True,0.0,"{""flat_matched"": 1}"
fe829d59-c9f1-4194-a40b-39600a4f27b6,2,9,3,1,flat,mixed,False,0.0,"{""flat_matched"": 2, ""oblique_matched"": 1}"
fe829d59-c9f1-4194-a40b-39600a4f27b6,2,10,2,1,flat,mixed,False,20.43,"{""flat_matched"": 1, ""oblique_matched"": 1}"
fe829d59-c9f1-4194-a40b-39600a4f27b6,2,11,2,1,flat,mixed,False,22.15,"{""flat_matched"": 1, ""oblique_matched"": 1}"
fe829d59-c9f1-4194-a40b-39600a4f27b6,2,12,4,3,oblique,mixed,False,45.05,"{""flat_matched"": 1, ""oblique_matched"": 2, ""oblique_wrong_orientation"": 1}"
fe829d59-c9f1-4194-a40b-39600a4f27b6,2,13,2,1,flat,mixed,False,23.41,"{""flat_matched"": 1, ""oblique_matched"": 1}"
feccbd0c-0420-4775-b5b7-49b99559947e,0,0,1,0,flat,flat,True,0.0,"{""flat_matched"": 1}"
feccbd0c-0420-4775-b5b7-49b99559947e,0,1,1,0,flat,flat,True,0.0,"{""flat_matched"": 1}"
feccbd0c-0420-4775-b5b7-49b99559947e,0,2,1,0,flat,flat,True,0.0,"{""flat_matched"": 1}"
feccbd0c-0420-4775-b5b7-49b99559947e,0,3,1,0,flat,flat,True,0.0,"{""flat_matched"": 1}"
feccbd0c-0420-4775-b5b7-49b99559947e,0,4,5,4,oblique,flat,False,13.86,"{""flat_matched"": 1, ""oblique_covered_by_flat"": 4}"
feccbd0c-0420-4775-b5b7-49b99559947e,0,5,1,0,flat,flat,True,0.0,"{""flat_matched"": 1}"
feccbd0c-0420-4775-b5b7-49b99559947e,0,6,1,0,flat,flat,True,0.0,"{""flat_matched"": 1}"
feccbd0c-0420-4775-b5b7-49b99559947e,0,7,1,0,flat,flat,True,0.0,"{""flat_matched"": 1}"
feccbd0c-0420-4775-b5b7-49b99559947e,0,8,1,0,flat,flat,True,0.0,"{""flat_matched"": 1}"
feccbd0c-0420-4775-b5b7-49b99559947e,0,9,1,0,flat,flat,True,0.0,"{""flat_matched"": 1}"
