uuid,story,room_index,n_planes,n_corners_total,trust_score,p50_dist_m,p95_dist_m
016980bc-6762-4022-bfbf-17df4112e10c,0,0,1,4,1.0,0.0,0.0
016980bc-6762-4022-bfbf-17df4112e10c,0,1,1,4,1.0,0.0,0.0
016980bc-6762-4022-bfbf-17df4112e10c,0,2,6,20,1.0,0.0,0.084
016980bc-6762-4022-bfbf-17df4112e10c,0,3,9,28,0.857,0.136,0.709
016980bc-6762-4022-bfbf-17df4112e10c,0,4,3,11,1.0,0.0,0.0
016980bc-6762-4022-bfbf-17df4112e10c,1,5,1,6,1.0,0.0,0.0
016980bc-6762-4022-bfbf-17df4112e10c,1,6,1,6,1.0,0.0,0.0
016980bc-6762-4022-bfbf-17df4112e10c,1,7,9,32,0.531,0.146,0.912
016980bc-6762-4022-bfbf-17df4112e10c,1,8,1,4,1.0,0.0,0.0
016980bc-6762-4022-bfbf-17df4112e10c,2,9,4,20,1.0,0.0,0.21
016980bc-6762-4022-bfbf-17df4112e10c,2,10,5,18,1.0,0.0,0.004
016980bc-6762-4022-bfbf-17df4112e10c,2,11,2,9,1.0,0.0,0.0
019e1376-9762-42d6-8520-b664b8c752df,1,0,4,20,0.85,0.0,0.551
019e1376-9762-42d6-8520-b664b8c752df,1,1,2,8,1.0,0.002,0.004
019e1376-9762-42d6-8520-b664b8c752df,1,2,15,59,0.78,0.143,0.782
019e1376-9762-42d6-8520-b664b8c752df,1,3,2,8,1.0,0.003,0.008
019e1376-9762-42d6-8520-b664b8c752df,1,4,4,15,0.8,0.0,0.94
019e1376-9762-42d6-8520-b664b8c752df,0,5,1,4,1.0,0.0,0.0
019e1376-9762-42d6-8520-b664b8c752df,1,6,2,8,1.0,0.003,0.009
0430ebc2-236b-4b5d-991f-3e97ad246b78,0,0,1,4,1.0,0.0,0.0
0430ebc2-236b-4b5d-991f-3e97ad246b78,0,1,1,4,1.0,0.0,0.0
0430ebc2-236b-4b5d-991f-3e97ad246b78,0,2,1,4,1.0,0.0,0.0
0430ebc2-236b-4b5d-991f-3e97ad246b78,0,3,1,4,1.0,0.0,0.0
0430ebc2-236b-4b5d-991f-3e97ad246b78,0,4,1,4,1.0,0.0,0.0
0430ebc2-236b-4b5d-991f-3e97ad246b78,0,5,1,4,1.0,0.0,0.0
0430ebc2-236b-4b5d-991f-3e97ad246b78,0,6,2,8,1.0,0.0,0.0
0430ebc2-236b-4b5d-991f-3e97ad246b78,0,7,1,4,1.0,0.0,0.0
05cecad4-119e-4dd2-beaf-d4af36973644,0,0,1,8,1.0,0.0,0.0
05cecad4-119e-4dd2-beaf-d4af36973644,0,1,1,4,1.0,0.0,0.0
05cecad4-119e-4dd2-beaf-d4af36973644,0,2,1,6,1.0,0.0,0.0
05cecad4-119e-4dd2-beaf-d4af36973644,0,3,1,4,1.0,0.0,0.0
05cecad4-119e-4dd2-beaf-d4af36973644,0,4,1,6,1.0,0.0,0.0
05cecad4-119e-4dd2-beaf-d4af36973644,0,5,1,6,1.0,0.0,0.0
05cecad4-119e-4dd2-beaf-d4af36973644,0,6,2,8,1.0,0.008,0.018
0a5032e9-85a0-4970-9143-c430bbdaa0f5,0,0,1,8,1.0,0.0,0.0
0a5032e9-85a0-4970-9143-c430bbdaa0f5,0,1,1,4,1.0,0.0,0.0
0a5032e9-85a0-4970-9143-c430bbdaa0f5,0,2,4,17,0.471,1.025,2.151
0a5032e9-85a0-4970-9143-c430bbdaa0f5,0,3,2,10,1.0,0.0,0.126
0a5032e9-85a0-4970-9143-c430bbdaa0f5,0,6,2,10,0.6,0.201,2.589
0a5032e9-85a0-4970-9143-c430bbdaa0f5,0,7,1,6,1.0,0.0,0.0
0a5032e9-85a0-4970-9143-c430bbdaa0f5,0,8,4,18,1.0,0.0,0.245
0b75d30e-c50c-4fc6-88ff-fce983078aa4,1,0,33,109,0.229,1.13,2.969
0b75d30e-c50c-4fc6-88ff-fce983078aa4,0,1,2,14,1.0,0.0,0.0
0b75d30e-c50c-4fc6-88ff-fce983078aa4,0,2,1,4,1.0,0.0,0.0
0b75d30e-c50c-4fc6-88ff-fce983078aa4,0,3,4,12,1.0,0.0,0.0
0b75d30e-c50c-4fc6-88ff-fce983078aa4,0,4,3,11,1.0,0.0,0.024
0b75d30e-c50c-4fc6-88ff-fce983078aa4,0,5,1,4,1.0,0.0,0.0
0ce3ac3a-93ce-4ac0-9704-3cf7d31a636d,0,0,1,6,1.0,0.0,0.0
0ce3ac3a-93ce-4ac0-9704-3cf7d31a636d,0,1,1,4,1.0,0.0,0.0
0ce3ac3a-93ce-4ac0-9704-3cf7d31a636d,0,2,1,4,1.0,0.0,0.0
0ce3ac3a-93ce-4ac0-9704-3cf7d31a636d,0,3,7,24,0.833,0.0,0.81
0ce3ac3a-93ce-4ac0-9704-3cf7d31a636d,0,4,1,4,1.0,0.0,0.0
0ce3ac3a-93ce-4ac0-9704-3cf7d31a636d,0,5,1,4,1.0,0.0,0.0
0ce3ac3a-93ce-4ac0-9704-3cf7d31a636d,0,6,2,6,1.0,0.0,0.0
0d3f2993-8386-4130-8f1c-b2938c410828,1,0,8,30,0.467,0.614,1.731
0d3f2993-8386-4130-8f1c-b2938c410828,1,1,14,64,0.781,0.004,1.084
0d3f2993-8386-4130-8f1c-b2938c410828,1,2,3,12,1.0,0.0,0.138
0d3f2993-8386-4130-8f1c-b2938c410828,1,3,3,13,0.846,0.007,0.381
0d3f2993-8386-4130-8f1c-b2938c410828,1,4,13,48,0.479,0.308,0.989
0d3f2993-8386-4130-8f1c-b2938c410828,1,5,9,37,0.432,0.436,1.329
0d3f2993-8386-4130-8f1c-b2938c410828,1,6,8,27,0.741,0.004,0.453
0d3f2993-8386-4130-8f1c-b2938c410828,0,7,1,6,0.833,0.0,2.21
0d3f2993-8386-4130-8f1c-b2938c410828,0,8,1,4,1.0,0.0,0.0
0d3f2993-8386-4130-8f1c-b2938c410828,0,9,1,4,1.0,0.077,0.077
0d3f2993-8386-4130-8f1c-b2938c410828,0,10,1,4,1.0,0.145,0.145
0d3f2993-8386-4130-8f1c-b2938c410828,0,11,1,10,1.0,0.0,0.0
0d3f2993-8386-4130-8f1c-b2938c410828,0,12,1,4,1.0,0.0,0.0
0d3f2993-8386-4130-8f1c-b2938c410828,0,13,3,15,0.933,0.06,0.576
0f911051-6084-4f0d-8f9a-24fc5b20f6ff,0,0,1,6,1.0,0.0,0.0
0f911051-6084-4f0d-8f9a-24fc5b20f6ff,0,1,1,6,1.0,0.0,0.0
0f911051-6084-4f0d-8f9a-24fc5b20f6ff,0,2,1,4,1.0,0.0,0.0
0f911051-6084-4f0d-8f9a-24fc5b20f6ff,0,3,1,6,1.0,0.0,0.0
0f911051-6084-4f0d-8f9a-24fc5b20f6ff,0,4,1,4,1.0,0.0,0.0
0f911051-6084-4f0d-8f9a-24fc5b20f6ff,0,5,1,4,1.0,0.0,0.0
0f911051-6084-4f0d-8f9a-24fc5b20f6ff,0,6,2,11,1.0,0.0,0.0
0f911051-6084-4f0d-8f9a-24fc5b20f6ff,0,7,2,14,1.0,0.0,0.0
0f911051-6084-4f0d-8f9a-24fc5b20f6ff,0,8,1,4,1.0,0.0,0.0
0f911051-6084-4f0d-8f9a-24fc5b20f6ff,0,9,1,6,1.0,0.0,0.0
0f911051-6084-4f0d-8f9a-24fc5b20f6ff,0,10,1,4,1.0,0.0,0.0
0f911051-6084-4f0d-8f9a-24fc5b20f6ff,0,11,2,9,0.667,0.056,3.396
0fe789ce-e653-4828-863c-0f6ce7fee21d,1,0,5,18,0.889,0.0,0.621
0fe789ce-e653-4828-863c-0f6ce7fee21d,1,1,2,8,1.0,0.001,0.004
0fe789ce-e653-4828-863c-0f6ce7fee21d,1,2,3,10,1.0,0.0,0.0
0fe789ce-e653-4828-863c-0f6ce7fee21d,1,3,24,83,0.506,0.194,1.406
0fe789ce-e653-4828-863c-0f6ce7fee21d,0,4,1,6,1.0,0.0,0.0
0fe789ce-e653-4828-863c-0f6ce7fee21d,0,5,1,8,1.0,0.0,0.0
0fe789ce-e653-4828-863c-0f6ce7fee21d,0,6,1,4,1.0,0.0,0.0
0fe789ce-e653-4828-863c-0f6ce7fee21d,0,7,1,4,1.0,0.0,0.0
0fe789ce-e653-4828-863c-0f6ce7fee21d,0,8,1,6,1.0,0.0,0.0
107e8496-9bff-42bb-b776-720f44b70e55,0,0,1,4,0.75,0.0,2.737
107e8496-9bff-42bb-b776-720f44b70e55,0,1,1,4,1.0,0.0,0.0
107e8496-9bff-42bb-b776-720f44b70e55,0,2,1,4,1.0,0.0,0.0
107e8496-9bff-42bb-b776-720f44b70e55,0,3,1,4,1.0,0.0,0.0
107e8496-9bff-42bb-b776-720f44b70e55,0,4,1,4,1.0,0.0,0.0
107e8496-9bff-42bb-b776-720f44b70e55,0,5,1,4,1.0,0.0,0.0
107e8496-9bff-42bb-b776-720f44b70e55,0,6,1,4,1.0,0.0,0.0
107e8496-9bff-42bb-b776-720f44b70e55,0,7,1,6,0.667,0.075,2.783
107e8496-9bff-42bb-b776-720f44b70e55,0,8,1,4,1.0,0.0,0.0
10d27382-8fce-456b-897d-3d5194ff5de5,1,0,1,7,1.0,0.0,0.0
10d27382-8fce-456b-897d-3d5194ff5de5,1,1,1,4,1.0,0.0,0.0
10d27382-8fce-456b-897d-3d5194ff5de5,1,2,1,8,1.0,0.0,0.0
10d27382-8fce-456b-897d-3d5194ff5de5,1,3,1,4,1.0,0.0,0.0
10d27382-8fce-456b-897d-3d5194ff5de5,1,4,1,4,1.0,0.0,0.0
10d27382-8fce-456b-897d-3d5194ff5de5,1,5,1,6,1.0,0.0,0.0
10d27382-8fce-456b-897d-3d5194ff5de5,1,6,1,4,1.0,0.0,0.0
10d27382-8fce-456b-897d-3d5194ff5de5,1,7,1,6,1.0,0.0,0.155
10d27382-8fce-456b-897d-3d5194ff5de5,0,8,1,6,0.833,0.0,0.476
117d172e-00d6-436e-8df2-050f25977602,0,0,1,8,1.0,0.0,0.0
117d172e-00d6-436e-8df2-050f25977602,0,1,1,4,1.0,0.0,0.0
117d172e-00d6-436e-8df2-050f25977602,0,2,1,4,0.75,0.0,1.271
117d172e-00d6-436e-8df2-050f25977602,0,3,1,4,1.0,0.0,0.0
117d172e-00d6-436e-8df2-050f25977602,0,4,30,101,0.356,0.49,1.066
117d172e-00d6-436e-8df2-050f25977602,1,5,6,24,0.667,0.0,0.754
117d172e-00d6-436e-8df2-050f25977602,1,6,20,67,0.821,0.0,0.612
117d172e-00d6-436e-8df2-050f25977602,1,7,2,8,1.0,0.0,0.001
117d172e-00d6-436e-8df2-050f25977602,1,8,2,10,1.0,0.0,0.002
121ff4c2-ec13-46b8-b557-b31775259e5d,0,0,1,4,1.0,0.0,0.0
121ff4c2-ec13-46b8-b557-b31775259e5d,0,1,1,6,1.0,0.0,0.0
121ff4c2-ec13-46b8-b557-b31775259e5d,0,2,1,6,1.0,0.0,0.0
121ff4c2-ec13-46b8-b557-b31775259e5d,0,3,1,4,1.0,0.0,0.0
121ff4c2-ec13-46b8-b557-b31775259e5d,0,4,1,4,1.0,0.0,0.0
121ff4c2-ec13-46b8-b557-b31775259e5d,0,5,1,4,1.0,0.0,0.0
121ff4c2-ec13-46b8-b557-b31775259e5d,0,6,1,6,1.0,0.0,0.0
146ecf8b-ffa1-4239-ba58-040b61861fd9,0,0,5,18,0.333,0.519,1.624
146ecf8b-ffa1-4239-ba58-040b61861fd9,0,1,6,21,0.333,0.911,1.263
146ecf8b-ffa1-4239-ba58-040b61861fd9,0,2,1,4,1.0,0.0,0.0
146ecf8b-ffa1-4239-ba58-040b61861fd9,0,3,1,8,1.0,0.0,0.0
146ecf8b-ffa1-4239-ba58-040b61861fd9,1,4,11,35,0.629,0.0,0.906
146ecf8b-ffa1-4239-ba58-040b61861fd9,1,5,3,12,0.833,0.0,2.371
146ecf8b-ffa1-4239-ba58-040b61861fd9,1,6,5,17,1.0,0.0,0.005
16784bad-2cd9-4f4c-bb26-60355981cfe2,1,0,10,40,0.65,0.0,1.154
16784bad-2cd9-4f4c-bb26-60355981cfe2,1,1,2,8,1.0,0.002,0.005
16784bad-2cd9-4f4c-bb26-60355981cfe2,1,2,3,12,1.0,0.001,0.001
16784bad-2cd9-4f4c-bb26-60355981cfe2,1,3,7,29,0.414,0.485,0.882
16784bad-2cd9-4f4c-bb26-60355981cfe2,1,4,4,18,0.889,0.002,1.05
16784bad-2cd9-4f4c-bb26-60355981cfe2,1,5,2,8,1.0,0.0,0.0
16784bad-2cd9-4f4c-bb26-60355981cfe2,0,6,1,4,1.0,0.0,0.0
16784bad-2cd9-4f4c-bb26-60355981cfe2,0,7,5,19,0.895,0.069,0.379
16784bad-2cd9-4f4c-bb26-60355981cfe2,0,8,3,11,1.0,0.012,0.165
16784bad-2cd9-4f4c-bb26-60355981cfe2,0,9,8,28,0.821,0.0,0.345
16784bad-2cd9-4f4c-bb26-60355981cfe2,0,10,1,6,1.0,0.011,0.018
1825a812-09d0-4407-9265-182a07053cfc,0,0,1,4,1.0,0.0,0.0
1825a812-09d0-4407-9265-182a07053cfc,0,1,1,4,1.0,0.0,0.0
1825a812-09d0-4407-9265-182a07053cfc,0,2,1,4,1.0,0.0,0.0
1825a812-09d0-4407-9265-182a07053cfc,0,3,1,4,1.0,0.0,0.0
1825a812-09d0-4407-9265-182a07053cfc,0,4,1,6,1.0,0.0,0.0
1825a812-09d0-4407-9265-182a07053cfc,0,5,1,4,1.0,0.0,0.0
1825a812-09d0-4407-9265-182a07053cfc,0,6,1,6,1.0,0.0,0.0
1825a812-09d0-4407-9265-182a07053cfc,0,7,1,4,0.5,0.427,1.524
1825a812-09d0-4407-9265-182a07053cfc,0,8,1,4,1.0,0.0,0.0
1825a812-09d0-4407-9265-182a07053cfc,0,9,1,4,1.0,0.0,0.0
1825a812-09d0-4407-9265-182a07053cfc,0,10,6,24,0.708,0.08,0.545
1825a812-09d0-4407-9265-182a07053cfc,0,11,3,11,0.818,0.0,1.642
1900be91-8684-4316-98e2-c4fef6e6296f,1,0,18,64,0.219,0.853,1.637
1900be91-8684-4316-98e2-c4fef6e6296f,1,1,20,70,0.429,0.571,1.236
1900be91-8684-4316-98e2-c4fef6e6296f,1,2,4,14,0.786,0.0,0.407
1900be91-8684-4316-98e2-c4fef6e6296f,1,3,1,4,1.0,0.0,0.0
1900be91-8684-4316-98e2-c4fef6e6296f,0,4,1,4,1.0,0.0,0.0
1900be91-8684-4316-98e2-c4fef6e6296f,0,5,2,8,1.0,0.0,0.0
1900be91-8684-4316-98e2-c4fef6e6296f,0,6,1,4,1.0,0.0,0.0
1900be91-8684-4316-98e2-c4fef6e6296f,0,7,22,74,0.703,0.0,0.776
1900be91-8684-4316-98e2-c4fef6e6296f,0,8,1,4,1.0,0.0,0.0
1900be91-8684-4316-98e2-c4fef6e6296f,0,9,11,47,0.596,0.04,1.182
1900be91-8684-4316-98e2-c4fef6e6296f,0,10,1,4,1.0,0.0,0.0
1900be91-8684-4316-98e2-c4fef6e6296f,0,11,5,17,0.824,0.0,1.356
191e11c0-fd47-489c-9e3d-c8072713a761,0,1,1,4,1.0,0.0,0.0
191e11c0-fd47-489c-9e3d-c8072713a761,0,2,1,6,1.0,0.0,0.0
191e11c0-fd47-489c-9e3d-c8072713a761,0,3,2,9,1.0,0.0,0.0
191e11c0-fd47-489c-9e3d-c8072713a761,0,4,1,4,1.0,0.0,0.0
191e11c0-fd47-489c-9e3d-c8072713a761,0,5,1,6,1.0,0.0,0.0
191e11c0-fd47-489c-9e3d-c8072713a761,0,6,2,11,0.545,0.158,1.742
193c3c70-2271-4c42-ab2c-586e1d64d4cb,0,0,1,10,1.0,0.0,0.0
193c3c70-2271-4c42-ab2c-586e1d64d4cb,0,1,1,4,1.0,0.0,0.0
193c3c70-2271-4c42-ab2c-586e1d64d4cb,0,2,1,4,1.0,0.0,0.0
193c3c70-2271-4c42-ab2c-586e1d64d4cb,0,3,1,6,1.0,0.0,0.0
193c3c70-2271-4c42-ab2c-586e1d64d4cb,0,4,1,6,1.0,0.0,0.0
193c3c70-2271-4c42-ab2c-586e1d64d4cb,0,5,1,4,1.0,0.0,0.0
19459014-f39b-4bf6-945e-c5b50930dea3,0,0,2,10,1.0,0.0,0.0
19459014-f39b-4bf6-945e-c5b50930dea3,0,1,1,6,1.0,0.0,0.0
19459014-f39b-4bf6-945e-c5b50930dea3,0,2,1,4,1.0,0.0,0.0
19459014-f39b-4bf6-945e-c5b50930dea3,0,3,1,4,1.0,0.0,0.0
19459014-f39b-4bf6-945e-c5b50930dea3,0,4,1,4,1.0,0.0,0.0
19459014-f39b-4bf6-945e-c5b50930dea3,0,5,1,4,1.0,0.0,0.0
19459014-f39b-4bf6-945e-c5b50930dea3,0,6,1,4,1.0,0.0,0.0
19459014-f39b-4bf6-945e-c5b50930dea3,1,7,3,12,0.667,0.003,1.527
19459014-f39b-4bf6-945e-c5b50930dea3,1,8,8,33,0.606,0.018,1.734
19459014-f39b-4bf6-945e-c5b50930dea3,1,9,4,18,0.889,0.0,0.362
19459014-f39b-4bf6-945e-c5b50930dea3,1,10,2,9,0.778,0.012,0.881
19bf6498-09eb-4c62-8fc8-8623942351ba,0,0,1,4,1.0,0.0,0.0
19bf6498-09eb-4c62-8fc8-8623942351ba,0,1,1,4,1.0,0.0,0.0
19bf6498-09eb-4c62-8fc8-8623942351ba,0,2,1,4,1.0,0.0,0.0
19bf6498-09eb-4c62-8fc8-8623942351ba,0,3,1,4,1.0,0.0,0.0
19bf6498-09eb-4c62-8fc8-8623942351ba,0,4,1,6,1.0,0.0,0.0
19bf6498-09eb-4c62-8fc8-8623942351ba,0,5,1,6,1.0,0.0,0.0
19bf6498-09eb-4c62-8fc8-8623942351ba,0,6,1,5,1.0,0.0,0.0
19bf6498-09eb-4c62-8fc8-8623942351ba,0,7,1,4,0.75,0.0,1.903
19bf6498-09eb-4c62-8fc8-8623942351ba,0,8,1,6,1.0,0.0,0.0
1a453338-ca2e-49d0-9bd2-da33c07fd348,0,0,1,4,1.0,0.0,0.0
1a453338-ca2e-49d0-9bd2-da33c07fd348,0,1,1,4,1.0,0.0,0.0
1a453338-ca2e-49d0-9bd2-da33c07fd348,0,2,1,4,1.0,0.0,0.0
1a453338-ca2e-49d0-9bd2-da33c07fd348,0,3,1,4,1.0,0.0,0.0
1a453338-ca2e-49d0-9bd2-da33c07fd348,0,4,1,4,1.0,0.0,0.0
1a453338-ca2e-49d0-9bd2-da33c07fd348,0,5,1,6,1.0,0.0,0.0
1a453338-ca2e-49d0-9bd2-da33c07fd348,0,6,1,4,1.0,0.0,0.0
1a453338-ca2e-49d0-9bd2-da33c07fd348,0,7,1,4,1.0,0.0,0.0
1a453338-ca2e-49d0-9bd2-da33c07fd348,0,8,1,4,1.0,0.0,0.0
1a453338-ca2e-49d0-9bd2-da33c07fd348,0,9,1,8,1.0,0.0,0.0
1d26eda3-c927-4cdf-a3b0-218036828a55,1,0,9,37,0.568,0.007,1.897
1d26eda3-c927-4cdf-a3b0-218036828a55,1,1,19,80,0.475,0.311,1.436
1d26eda3-c927-4cdf-a3b0-218036828a55,1,2,19,63,0.413,0.509,1.509
1d26eda3-c927-4cdf-a3b0-218036828a55,1,3,4,15,1.0,0.008,0.115
1d26eda3-c927-4cdf-a3b0-218036828a55,1,4,1,4,1.0,0.0,0.0
1d26eda3-c927-4cdf-a3b0-218036828a55,1,5,4,14,1.0,0.0,0.0
1d26eda3-c927-4cdf-a3b0-218036828a55,0,6,2,10,1.0,0.0,0.0
1d26eda3-c927-4cdf-a3b0-218036828a55,0,7,1,6,1.0,0.0,0.0
1d26eda3-c927-4cdf-a3b0-218036828a55,1,9,1,8,0.875,0.0,0.36
1f03f6e0-dfe6-4b25-bb45-f44ad146c0a3,1,0,42,141,0.241,1.579,2.701
1f03f6e0-dfe6-4b25-bb45-f44ad146c0a3,1,1,29,106,0.434,0.876,3.437
1f03f6e0-dfe6-4b25-bb45-f44ad146c0a3,1,2,4,14,1.0,0.0,0.003
1f03f6e0-dfe6-4b25-bb45-f44ad146c0a3,1,3,5,24,1.0,0.001,0.027
1f03f6e0-dfe6-4b25-bb45-f44ad146c0a3,1,4,4,16,0.562,0.0,2.152
1f03f6e0-dfe6-4b25-bb45-f44ad146c0a3,1,5,3,10,1.0,0.0,0.0
1f03f6e0-dfe6-4b25-bb45-f44ad146c0a3,1,6,29,100,0.41,0.829,3.204
1f03f6e0-dfe6-4b25-bb45-f44ad146c0a3,1,7,9,31,0.355,2.052,3.535
1f03f6e0-dfe6-4b25-bb45-f44ad146c0a3,1,9,1,4,1.0,0.0,0.0
1f03f6e0-dfe6-4b25-bb45-f44ad146c0a3,1,10,2,8,0.875,0.0,0.208
1f03f6e0-dfe6-4b25-bb45-f44ad146c0a3,1,11,1,4,1.0,0.0,0.0
1f03f6e0-dfe6-4b25-bb45-f44ad146c0a3,1,12,3,19,1.0,0.016,0.126
1f03f6e0-dfe6-4b25-bb45-f44ad146c0a3,1,13,4,16,1.0,0.0,0.051
1f03f6e0-dfe6-4b25-bb45-f44ad146c0a3,1,14,6,20,0.95,0.0,0.021
1f03f6e0-dfe6-4b25-bb45-f44ad146c0a3,1,15,4,17,1.0,0.0,0.176
1f03f6e0-dfe6-4b25-bb45-f44ad146c0a3,1,16,3,16,1.0,0.057,0.256
1f03f6e0-dfe6-4b25-bb45-f44ad146c0a3,1,17,2,16,1.0,0.0,0.224
1f03f6e0-dfe6-4b25-bb45-f44ad146c0a3,1,18,2,13,0.846,0.0,0.448
1f03f6e0-dfe6-4b25-bb45-f44ad146c0a3,1,19,1,8,0.75,0.0,1.137
1f03f6e0-dfe6-4b25-bb45-f44ad146c0a3,1,20,4,17,0.882,0.0,0.592
1f03f6e0-dfe6-4b25-bb45-f44ad146c0a3,0,21,7,31,0.968,0.009,0.209
1f03f6e0-dfe6-4b25-bb45-f44ad146c0a3,0,22,1,4,1.0,0.0,0.0
1f03f6e0-dfe6-4b25-bb45-f44ad146c0a3,0,23,2,9,1.0,0.0,0.0
1f03f6e0-dfe6-4b25-bb45-f44ad146c0a3,0,24,1,4,1.0,0.0,0.0
1f03f6e0-dfe6-4b25-bb45-f44ad146c0a3,0,25,2,8,1.0,0.0,0.0
1f03f6e0-dfe6-4b25-bb45-f44ad146c0a3,0,26,1,4,0.75,0.0,1.634
1f03f6e0-dfe6-4b25-bb45-f44ad146c0a3,0,27,9,30,0.733,0.025,0.695
1f03f6e0-dfe6-4b25-bb45-f44ad146c0a3,0,28,1,6,1.0,0.0,0.0
21af2a12-2a29-44b5-b703-fbaa208996e9,0,0,1,4,1.0,0.0,0.0
21af2a12-2a29-44b5-b703-fbaa208996e9,0,1,1,4,1.0,0.0,0.0
21af2a12-2a29-44b5-b703-fbaa208996e9,0,2,1,4,1.0,0.0,0.0
21af2a12-2a29-44b5-b703-fbaa208996e9,0,3,1,6,1.0,0.0,0.0
21af2a12-2a29-44b5-b703-fbaa208996e9,0,4,2,18,0.833,0.0,1.26
21af2a12-2a29-44b5-b703-fbaa208996e9,1,6,5,21,0.714,0.019,0.588
21af2a12-2a29-44b5-b703-fbaa208996e9,1,7,8,30,0.5,0.266,1.211
21af2a12-2a29-44b5-b703-fbaa208996e9,1,8,8,34,0.706,0.0,1.896
21af2a12-2a29-44b5-b703-fbaa208996e9,1,9,13,45,0.356,0.588,1.891
21af2a12-2a29-44b5-b703-fbaa208996e9,1,10,1,4,1.0,0.0,0.0
2388d90c-8cc9-4cca-b232-d658e184074d,1,0,2,8,1.0,0.0,0.001
2388d90c-8cc9-4cca-b232-d658e184074d,1,1,7,29,0.448,0.378,1.188
2388d90c-8cc9-4cca-b232-d658e184074d,1,2,4,14,1.0,0.0,0.285
2388d90c-8cc9-4cca-b232-d658e184074d,1,3,2,9,0.667,0.01,1.816
2388d90c-8cc9-4cca-b232-d658e184074d,0,4,1,6,0.667,0.0,0.639
2388d90c-8cc9-4cca-b232-d658e184074d,0,5,1,6,0.833,0.0,0.814
2388d90c-8cc9-4cca-b232-d658e184074d,0,6,3,14,1.0,0.024,0.087
2388d90c-8cc9-4cca-b232-d658e184074d,0,7,1,12,1.0,0.0,0.041
2388d90c-8cc9-4cca-b232-d658e184074d,0,8,1,4,1.0,0.0,0.0
2388d90c-8cc9-4cca-b232-d658e184074d,0,9,1,12,0.917,0.0,0.302
2388d90c-8cc9-4cca-b232-d658e184074d,0,10,1,4,1.0,0.0,0.0
2388d90c-8cc9-4cca-b232-d658e184074d,0,11,1,4,1.0,0.0,0.0
2388d90c-8cc9-4cca-b232-d658e184074d,0,12,1,4,1.0,0.0,0.0
2388d90c-8cc9-4cca-b232-d658e184074d,0,13,1,4,1.0,0.0,0.0
2388d90c-8cc9-4cca-b232-d658e184074d,0,14,1,4,1.0,0.0,0.0
23cbb422-ada0-454d-8f91-30888256960d,1,0,1,4,1.0,0.0,0.0
23cbb422-ada0-454d-8f91-30888256960d,1,1,1,4,1.0,0.0,0.0
23cbb422-ada0-454d-8f91-30888256960d,1,2,1,4,1.0,0.0,0.0
23cbb422-ada0-454d-8f91-30888256960d,1,3,6,21,0.476,0.846,1.64
23cbb422-ada0-454d-8f91-30888256960d,1,4,1,4,1.0,0.0,0.0
23cbb422-ada0-454d-8f91-30888256960d,1,5,2,8,1.0,0.0,0.0
23cbb422-ada0-454d-8f91-30888256960d,1,6,1,4,1.0,0.0,0.0
23cbb422-ada0-454d-8f91-30888256960d,1,7,1,4,1.0,0.0,0.0
23cbb422-ada0-454d-8f91-30888256960d,0,8,5,19,0.579,0.198,0.784
24e8aaa7-ec15-4a72-be5f-c67b95a53411,0,0,1,4,1.0,0.0,0.0
24e8aaa7-ec15-4a72-be5f-c67b95a53411,0,1,2,8,0.875,0.0,0.44
24e8aaa7-ec15-4a72-be5f-c67b95a53411,0,3,1,4,1.0,0.0,0.0
24e8aaa7-ec15-4a72-be5f-c67b95a53411,0,4,2,20,0.85,0.0,1.931
24e8aaa7-ec15-4a72-be5f-c67b95a53411,0,5,1,6,1.0,0.0,0.0
24e8aaa7-ec15-4a72-be5f-c67b95a53411,0,6,2,8,1.0,0.0,0.0
24e8aaa7-ec15-4a72-be5f-c67b95a53411,0,7,1,4,1.0,0.0,0.0
287808db-3826-4351-b9a1-6f9831bdc870,0,0,1,4,1.0,0.0,0.0
287808db-3826-4351-b9a1-6f9831bdc870,0,1,1,6,1.0,0.0,0.0
287808db-3826-4351-b9a1-6f9831bdc870,0,2,1,4,1.0,0.0,0.0
287808db-3826-4351-b9a1-6f9831bdc870,1,3,2,12,1.0,0.0,0.0
287808db-3826-4351-b9a1-6f9831bdc870,1,4,12,42,1.0,0.0,0.103
287808db-3826-4351-b9a1-6f9831bdc870,2,5,8,24,0.667,0.0,0.463
287808db-3826-4351-b9a1-6f9831bdc870,2,6,2,11,1.0,0.0,0.098
287808db-3826-4351-b9a1-6f9831bdc870,2,7,2,12,0.833,0.006,0.358
287808db-3826-4351-b9a1-6f9831bdc870,3,8,11,40,0.35,1.202,2.04
287808db-3826-4351-b9a1-6f9831bdc870,3,9,3,14,1.0,0.002,0.006
287808db-3826-4351-b9a1-6f9831bdc870,3,10,2,9,0.222,1.017,3.065
294c5209-06ff-47ae-841b-e7e973b3699e,0,0,1,4,1.0,0.0,0.0
294c5209-06ff-47ae-841b-e7e973b3699e,0,1,1,4,1.0,0.0,0.0
294c5209-06ff-47ae-841b-e7e973b3699e,0,2,1,6,1.0,0.0,0.0
294c5209-06ff-47ae-841b-e7e973b3699e,0,3,2,8,1.0,0.0,0.0
294c5209-06ff-47ae-841b-e7e973b3699e,0,5,1,4,1.0,0.0,0.0
294c5209-06ff-47ae-841b-e7e973b3699e,0,6,2,8,1.0,0.034,0.123
294c5209-06ff-47ae-841b-e7e973b3699e,0,7,2,10,0.7,0.074,1.678
29865ccb-e7e8-4ad6-a01c-d632f20761b7,0,0,2,12,0.917,0.0,0.385
29865ccb-e7e8-4ad6-a01c-d632f20761b7,0,1,1,4,1.0,0.0,0.0
29865ccb-e7e8-4ad6-a01c-d632f20761b7,0,2,1,4,1.0,0.0,0.0
29865ccb-e7e8-4ad6-a01c-d632f20761b7,0,3,1,6,1.0,0.0,0.0
29865ccb-e7e8-4ad6-a01c-d632f20761b7,0,4,1,6,1.0,0.0,0.106
29865ccb-e7e8-4ad6-a01c-d632f20761b7,1,5,1,4,1.0,0.0,0.0
29865ccb-e7e8-4ad6-a01c-d632f20761b7,1,6,6,24,0.625,0.004,2.038
29865ccb-e7e8-4ad6-a01c-d632f20761b7,1,7,2,10,1.0,0.007,0.014
29865ccb-e7e8-4ad6-a01c-d632f20761b7,1,8,2,10,1.0,0.001,0.052
29865ccb-e7e8-4ad6-a01c-d632f20761b7,1,9,2,10,1.0,0.006,0.055
29a9cb5c-e7e7-4a01-b8ed-b2a2dd0edd2a,0,0,2,8,0.875,0.0,0.274
29a9cb5c-e7e7-4a01-b8ed-b2a2dd0edd2a,0,1,1,4,1.0,0.0,0.0
29a9cb5c-e7e7-4a01-b8ed-b2a2dd0edd2a,0,2,1,8,1.0,0.0,0.0
29a9cb5c-e7e7-4a01-b8ed-b2a2dd0edd2a,0,3,1,6,1.0,0.0,0.0
29a9cb5c-e7e7-4a01-b8ed-b2a2dd0edd2a,0,4,1,4,1.0,0.0,0.0
29a9cb5c-e7e7-4a01-b8ed-b2a2dd0edd2a,0,5,1,4,1.0,0.0,0.0
29a9cb5c-e7e7-4a01-b8ed-b2a2dd0edd2a,0,6,5,24,0.958,0.0,0.226
2d80b27f-ca29-4b3e-9197-ad3c4af7cbfb,0,0,1,4,1.0,0.0,0.0
2d80b27f-ca29-4b3e-9197-ad3c4af7cbfb,0,1,1,8,1.0,0.0,0.0
2d80b27f-ca29-4b3e-9197-ad3c4af7cbfb,0,2,1,6,1.0,0.0,0.0
2d80b27f-ca29-4b3e-9197-ad3c4af7cbfb,0,3,1,6,1.0,0.0,0.0
2d80b27f-ca29-4b3e-9197-ad3c4af7cbfb,0,4,1,4,1.0,0.0,0.0
2d80b27f-ca29-4b3e-9197-ad3c4af7cbfb,0,5,1,6,1.0,0.0,0.0
2d80b27f-ca29-4b3e-9197-ad3c4af7cbfb,0,6,7,22,0.773,0.0,0.884
2d80b27f-ca29-4b3e-9197-ad3c4af7cbfb,0,7,1,4,1.0,0.0,0.0
2de0ff98-b554-446b-a501-b9fab4577f5a,0,0,1,4,1.0,0.0,0.0
2de0ff98-b554-446b-a501-b9fab4577f5a,0,1,1,6,1.0,0.0,0.0
2de0ff98-b554-446b-a501-b9fab4577f5a,0,2,1,7,1.0,0.0,0.0
2de0ff98-b554-446b-a501-b9fab4577f5a,0,3,1,4,1.0,0.0,0.0
2de0ff98-b554-446b-a501-b9fab4577f5a,0,4,2,14,1.0,0.0,0.0
2de0ff98-b554-446b-a501-b9fab4577f5a,0,5,3,17,1.0,0.0,0.113
2de0ff98-b554-446b-a501-b9fab4577f5a,0,6,1,6,1.0,0.0,0.0
2de0ff98-b554-446b-a501-b9fab4577f5a,0,7,1,4,1.0,0.0,0.0
2df1d2ed-54c9-41e9-9ed8-c4110e3868e0,0,0,1,4,1.0,0.0,0.0
2df1d2ed-54c9-41e9-9ed8-c4110e3868e0,0,1,1,4,1.0,0.0,0.0
2df1d2ed-54c9-41e9-9ed8-c4110e3868e0,0,2,1,4,1.0,0.0,0.0
2df1d2ed-54c9-41e9-9ed8-c4110e3868e0,0,3,1,6,1.0,0.0,0.0
2df1d2ed-54c9-41e9-9ed8-c4110e3868e0,0,4,1,4,1.0,0.0,0.0
2df1d2ed-54c9-41e9-9ed8-c4110e3868e0,0,5,1,4,1.0,0.0,0.0
2df1d2ed-54c9-41e9-9ed8-c4110e3868e0,0,6,3,12,1.0,0.0,0.201
2df1d2ed-54c9-41e9-9ed8-c4110e3868e0,0,7,1,4,1.0,0.0,0.0
2df1d2ed-54c9-41e9-9ed8-c4110e3868e0,0,8,1,4,1.0,0.0,0.0
2df1d2ed-54c9-41e9-9ed8-c4110e3868e0,0,9,1,4,1.0,0.0,0.0
2ea3b759-e047-424c-8034-f8ee5b811fb4,0,0,1,6,1.0,0.0,0.0
2ea3b759-e047-424c-8034-f8ee5b811fb4,0,1,1,6,1.0,0.0,0.0
2ea3b759-e047-424c-8034-f8ee5b811fb4,0,2,1,7,1.0,0.0,0.025
2ea3b759-e047-424c-8034-f8ee5b811fb4,0,3,4,19,0.842,0.012,0.614
2ea3b759-e047-424c-8034-f8ee5b811fb4,0,5,1,4,1.0,0.0,0.0
2ea3b759-e047-424c-8034-f8ee5b811fb4,0,6,1,8,1.0,0.0,0.0
2ea3b759-e047-424c-8034-f8ee5b811fb4,0,8,1,4,1.0,0.0,0.0
2ea3b759-e047-424c-8034-f8ee5b811fb4,0,9,1,4,1.0,0.0,0.0
2ea3b759-e047-424c-8034-f8ee5b811fb4,0,10,1,4,1.0,0.0,0.0
2f382701-addb-48a5-8749-0e8e7f988a10,1,0,5,22,1.0,0.0,0.019
2f382701-addb-48a5-8749-0e8e7f988a10,1,1,10,34,0.971,0.0,0.129
2f382701-addb-48a5-8749-0e8e7f988a10,1,2,1,8,1.0,0.0,0.0
2f382701-addb-48a5-8749-0e8e7f988a10,1,3,1,8,1.0,0.0,0.0
2f382701-addb-48a5-8749-0e8e7f988a10,1,4,3,10,0.8,0.0,1.124
2f382701-addb-48a5-8749-0e8e7f988a10,1,5,1,6,1.0,0.0,0.0
2f382701-addb-48a5-8749-0e8e7f988a10,0,6,8,26,0.5,0.679,1.634
2f382701-addb-48a5-8749-0e8e7f988a10,2,7,1,4,1.0,0.0,0.0
2f382701-addb-48a5-8749-0e8e7f988a10,2,8,2,8,1.0,0.002,0.006
2f382701-addb-48a5-8749-0e8e7f988a10,2,9,2,10,1.0,0.0,0.004
2f382701-addb-48a5-8749-0e8e7f988a10,2,10,4,17,0.824,0.0,0.739
2f382701-addb-48a5-8749-0e8e7f988a10,2,11,1,4,1.0,0.0,0.0
2f382701-addb-48a5-8749-0e8e7f988a10,2,12,1,6,1.0,0.0,0.0
3297bc28-5d39-4358-bd2e-0f1183cae489,0,0,1,6,1.0,0.0,0.0
3297bc28-5d39-4358-bd2e-0f1183cae489,0,1,3,16,1.0,0.0,0.13
3297bc28-5d39-4358-bd2e-0f1183cae489,0,2,4,19,0.684,0.0,0.588
3297bc28-5d39-4358-bd2e-0f1183cae489,0,3,3,10,1.0,0.0,0.0
3297bc28-5d39-4358-bd2e-0f1183cae489,0,4,1,4,1.0,0.0,0.0
3297bc28-5d39-4358-bd2e-0f1183cae489,1,5,10,34,0.088,1.43,3.657
3297bc28-5d39-4358-bd2e-0f1183cae489,1,6,2,8,0.625,0.0,1.454
3297bc28-5d39-4358-bd2e-0f1183cae489,1,7,1,6,1.0,0.0,0.0
3297bc28-5d39-4358-bd2e-0f1183cae489,1,8,2,12,0.833,0.034,0.941
3297bc28-5d39-4358-bd2e-0f1183cae489,2,9,3,18,0.944,0.0,0.063
3297bc28-5d39-4358-bd2e-0f1183cae489,2,10,2,8,1.0,0.0,0.0
3297bc28-5d39-4358-bd2e-0f1183cae489,2,11,10,31,0.645,0.193,0.575
3297bc28-5d39-4358-bd2e-0f1183cae489,2,12,8,29,0.828,0.0,0.555
3297bc28-5d39-4358-bd2e-0f1183cae489,2,13,4,18,0.444,0.55,0.708
36f034dc-17ec-4e9d-9ec0-e8b0139201c8,0,0,1,8,1.0,0.0,0.0
36f034dc-17ec-4e9d-9ec0-e8b0139201c8,0,1,1,8,1.0,0.0,0.0
36f034dc-17ec-4e9d-9ec0-e8b0139201c8,0,2,1,6,1.0,0.0,0.0
36f034dc-17ec-4e9d-9ec0-e8b0139201c8,0,3,1,4,1.0,0.0,0.0
36f034dc-17ec-4e9d-9ec0-e8b0139201c8,0,4,3,11,1.0,0.0,0.0
36f034dc-17ec-4e9d-9ec0-e8b0139201c8,0,5,2,10,1.0,0.0,0.0
36f034dc-17ec-4e9d-9ec0-e8b0139201c8,0,6,1,4,1.0,0.0,0.0
36f034dc-17ec-4e9d-9ec0-e8b0139201c8,0,7,7,26,1.0,0.0,0.001
36f034dc-17ec-4e9d-9ec0-e8b0139201c8,0,8,1,8,0.875,0.0,0.311
37e9355f-29a7-4303-abae-240c55df13e4,0,0,1,6,1.0,0.0,0.0
37e9355f-29a7-4303-abae-240c55df13e4,0,2,1,4,1.0,0.0,0.0
37e9355f-29a7-4303-abae-240c55df13e4,0,3,2,10,0.7,0.132,1.754
37e9355f-29a7-4303-abae-240c55df13e4,0,4,2,15,1.0,0.0,0.0
37e9355f-29a7-4303-abae-240c55df13e4,0,5,2,8,1.0,0.0,0.0
37e9355f-29a7-4303-abae-240c55df13e4,0,6,1,4,1.0,0.0,0.0
37e9355f-29a7-4303-abae-240c55df13e4,0,7,1,4,1.0,0.0,0.0
37e9355f-29a7-4303-abae-240c55df13e4,0,8,1,4,1.0,0.0,0.0
37e9355f-29a7-4303-abae-240c55df13e4,0,9,7,22,0.409,1.464,3.213
37e9355f-29a7-4303-abae-240c55df13e4,0,10,2,7,0.714,0.0,0.923
37e9355f-29a7-4303-abae-240c55df13e4,0,11,1,4,1.0,0.0,0.0
38158927-652c-4d01-9aa3-770956648d85,0,0,1,4,1.0,0.0,0.0
38158927-652c-4d01-9aa3-770956648d85,0,1,3,10,1.0,0.0,0.0
38158927-652c-4d01-9aa3-770956648d85,0,2,1,4,1.0,0.0,0.0
38158927-652c-4d01-9aa3-770956648d85,0,3,1,6,1.0,0.0,0.0
38158927-652c-4d01-9aa3-770956648d85,0,4,1,8,1.0,0.0,0.0
38158927-652c-4d01-9aa3-770956648d85,1,5,1,4,1.0,0.0,0.0
38158927-652c-4d01-9aa3-770956648d85,1,6,1,4,1.0,0.0,0.0
38158927-652c-4d01-9aa3-770956648d85,1,7,2,8,0.5,0.382,0.853
38158927-652c-4d01-9aa3-770956648d85,1,8,1,4,1.0,0.0,0.0
38158927-652c-4d01-9aa3-770956648d85,1,9,3,13,0.538,0.021,1.071
38f71f1d-2c71-4fcd-9997-83b2914416b0,0,0,1,4,1.0,0.0,0.0
38f71f1d-2c71-4fcd-9997-83b2914416b0,0,1,1,8,1.0,0.0,0.0
38f71f1d-2c71-4fcd-9997-83b2914416b0,0,2,1,6,1.0,0.0,0.0
38f71f1d-2c71-4fcd-9997-83b2914416b0,0,3,1,4,1.0,0.0,0.0
38f71f1d-2c71-4fcd-9997-83b2914416b0,0,4,6,20,0.7,0.0,0.408
38f71f1d-2c71-4fcd-9997-83b2914416b0,0,5,1,6,1.0,0.0,0.0
38f71f1d-2c71-4fcd-9997-83b2914416b0,1,6,2,14,1.0,0.0,0.015
38f71f1d-2c71-4fcd-9997-83b2914416b0,1,7,5,21,1.0,0.0,0.236
38f71f1d-2c71-4fcd-9997-83b2914416b0,1,8,4,15,0.533,0.002,1.832
38f71f1d-2c71-4fcd-9997-83b2914416b0,1,9,2,8,1.0,0.0,0.0
38f71f1d-2c71-4fcd-9997-83b2914416b0,1,10,2,8,1.0,0.0,0.0
38f71f1d-2c71-4fcd-9997-83b2914416b0,1,11,7,32,0.688,0.0,1.534
3a034c99-8986-4749-aedb-0a5a04ea803f,1,0,3,11,1.0,0.0,0.079
3a034c99-8986-4749-aedb-0a5a04ea803f,1,1,2,8,1.0,0.002,0.005
3a034c99-8986-4749-aedb-0a5a04ea803f,1,2,2,8,1.0,0.002,0.005
3a034c99-8986-4749-aedb-0a5a04ea803f,1,3,2,8,1.0,0.0,0.003
3a034c99-8986-4749-aedb-0a5a04ea803f,1,4,1,4,1.0,0.0,0.0
3a034c99-8986-4749-aedb-0a5a04ea803f,0,5,1,4,1.0,0.0,0.0
3a034c99-8986-4749-aedb-0a5a04ea803f,0,6,1,6,1.0,0.0,0.0
3a034c99-8986-4749-aedb-0a5a04ea803f,0,7,1,4,1.0,0.0,0.0
3a034c99-8986-4749-aedb-0a5a04ea803f,0,8,1,4,1.0,0.0,0.0
3a034c99-8986-4749-aedb-0a5a04ea803f,0,9,5,17,1.0,0.0,0.27
3a576e1b-4b3e-4f5d-8c20-b39b157fcf03,2,0,9,33,0.424,0.641,1.749
3a576e1b-4b3e-4f5d-8c20-b39b157fcf03,2,1,9,35,0.6,0.0,0.974
3a576e1b-4b3e-4f5d-8c20-b39b157fcf03,2,2,6,24,1.0,0.0,0.167
3a576e1b-4b3e-4f5d-8c20-b39b157fcf03,2,3,11,47,0.66,0.024,1.627
3a576e1b-4b3e-4f5d-8c20-b39b157fcf03,1,4,1,7,1.0,0.0,0.055
3a576e1b-4b3e-4f5d-8c20-b39b157fcf03,1,5,1,6,1.0,0.0,0.0
3a576e1b-4b3e-4f5d-8c20-b39b157fcf03,1,6,3,17,0.706,0.034,2.87
3a576e1b-4b3e-4f5d-8c20-b39b157fcf03,1,8,1,4,1.0,0.0,0.0
3a576e1b-4b3e-4f5d-8c20-b39b157fcf03,1,9,1,4,1.0,0.0,0.0
3a576e1b-4b3e-4f5d-8c20-b39b157fcf03,0,10,1,8,1.0,0.0,0.0
3c74f488-a562-4bc4-9d7a-3f707fe85133,1,0,1,6,1.0,0.0,0.0
3c74f488-a562-4bc4-9d7a-3f707fe85133,1,1,1,8,1.0,0.0,0.0
3c74f488-a562-4bc4-9d7a-3f707fe85133,1,2,4,14,0.5,0.38,2.241
3c74f488-a562-4bc4-9d7a-3f707fe85133,1,3,1,4,1.0,0.0,0.0
3c74f488-a562-4bc4-9d7a-3f707fe85133,1,4,2,10,1.0,0.0,0.0
3c74f488-a562-4bc4-9d7a-3f707fe85133,1,5,1,6,1.0,0.0,0.0
3c74f488-a562-4bc4-9d7a-3f707fe85133,1,6,13,43,0.814,0.0,0.339
3c74f488-a562-4bc4-9d7a-3f707fe85133,2,7,2,10,1.0,0.0,0.002
3c74f488-a562-4bc4-9d7a-3f707fe85133,2,8,1,10,1.0,0.0,0.0
3c74f488-a562-4bc4-9d7a-3f707fe85133,2,9,5,17,1.0,0.0,0.296
3c74f488-a562-4bc4-9d7a-3f707fe85133,2,10,2,8,1.0,0.002,0.006
3c74f488-a562-4bc4-9d7a-3f707fe85133,2,11,1,10,1.0,0.0,0.0
3c74f488-a562-4bc4-9d7a-3f707fe85133,2,12,5,20,0.9,0.0,1.257
3c74f488-a562-4bc4-9d7a-3f707fe85133,0,13,48,178,0.854,0.029,0.623
3e378d10-6d7f-451c-b5e8-705731e6f37e,0,0,1,5,1.0,0.0,0.0
3e378d10-6d7f-451c-b5e8-705731e6f37e,0,1,1,6,1.0,0.0,0.0
3e378d10-6d7f-451c-b5e8-705731e6f37e,0,2,1,5,1.0,0.0,0.0
3e378d10-6d7f-451c-b5e8-705731e6f37e,0,3,1,5,1.0,0.0,0.0
3e378d10-6d7f-451c-b5e8-705731e6f37e,0,4,12,42,0.429,0.72,1.067
3e378d10-6d7f-451c-b5e8-705731e6f37e,1,5,15,51,0.588,0.263,3.589
3e378d10-6d7f-451c-b5e8-705731e6f37e,1,6,1,4,1.0,0.0,0.0
3e378d10-6d7f-451c-b5e8-705731e6f37e,1,7,13,41,0.122,1.332,3.933
3ee81b85-a21f-4f55-a100-5995f36f84f9,0,0,1,4,1.0,0.0,0.0
3ee81b85-a21f-4f55-a100-5995f36f84f9,0,1,1,4,1.0,0.0,0.0
3ee81b85-a21f-4f55-a100-5995f36f84f9,0,2,1,8,1.0,0.0,0.08
3ee81b85-a21f-4f55-a100-5995f36f84f9,0,3,1,7,1.0,0.0,0.0
3ee81b85-a21f-4f55-a100-5995f36f84f9,0,4,1,4,0.5,1.001,2.002
3ee81b85-a21f-4f55-a100-5995f36f84f9,0,5,1,5,1.0,0.0,0.0
3ee81b85-a21f-4f55-a100-5995f36f84f9,0,6,1,4,1.0,0.0,0.0
3ee81b85-a21f-4f55-a100-5995f36f84f9,0,7,1,4,1.0,0.0,0.0
3ee81b85-a21f-4f55-a100-5995f36f84f9,0,8,1,4,1.0,0.0,0.0
43674d8e-302d-4915-878f-f50d2d9f8d1b,0,0,1,6,1.0,0.0,0.0
43674d8e-302d-4915-878f-f50d2d9f8d1b,0,1,1,6,1.0,0.0,0.0
43674d8e-302d-4915-878f-f50d2d9f8d1b,0,2,1,4,1.0,0.0,0.0
43674d8e-302d-4915-878f-f50d2d9f8d1b,0,3,1,4,1.0,0.0,0.0
43674d8e-302d-4915-878f-f50d2d9f8d1b,0,4,1,4,1.0,0.0,0.0
43674d8e-302d-4915-878f-f50d2d9f8d1b,0,5,1,4,0.75,0.0,1.794
43674d8e-302d-4915-878f-f50d2d9f8d1b,0,6,1,4,1.0,0.0,0.0
43674d8e-302d-4915-878f-f50d2d9f8d1b,0,7,1,6,0.833,0.0,1.297
43674d8e-302d-4915-878f-f50d2d9f8d1b,0,8,1,4,1.0,0.0,0.0
43674d8e-302d-4915-878f-f50d2d9f8d1b,0,9,1,4,1.0,0.0,0.0
45b933f5-4f12-488c-b77a-065cf3c2d719,0,0,1,6,1.0,0.0,0.0
45b933f5-4f12-488c-b77a-065cf3c2d719,0,1,1,7,1.0,0.0,0.0
45b933f5-4f12-488c-b77a-065cf3c2d719,0,2,1,6,1.0,0.0,0.0
45b933f5-4f12-488c-b77a-065cf3c2d719,0,3,1,4,1.0,0.0,0.0
45b933f5-4f12-488c-b77a-065cf3c2d719,0,4,1,4,0.5,2.71,5.42
45b933f5-4f12-488c-b77a-065cf3c2d719,0,5,1,6,1.0,0.0,0.056
45b933f5-4f12-488c-b77a-065cf3c2d719,0,6,1,6,1.0,0.0,0.0
45b933f5-4f12-488c-b77a-065cf3c2d719,0,7,1,6,1.0,0.0,0.0
45b933f5-4f12-488c-b77a-065cf3c2d719,0,8,1,4,1.0,0.0,0.0
45b933f5-4f12-488c-b77a-065cf3c2d719,0,9,1,4,0.75,0.0,1.88
466d0aa8-7021-4825-8f7b-b954c824c13a,0,0,1,6,1.0,0.0,0.0
466d0aa8-7021-4825-8f7b-b954c824c13a,0,1,1,5,1.0,0.0,0.0
466d0aa8-7021-4825-8f7b-b954c824c13a,0,2,1,5,0.8,0.0,0.859
466d0aa8-7021-4825-8f7b-b954c824c13a,0,3,1,9,1.0,0.0,0.0
466d0aa8-7021-4825-8f7b-b954c824c13a,0,4,1,7,1.0,0.0,0.0
466d0aa8-7021-4825-8f7b-b954c824c13a,0,5,1,8,1.0,0.0,0.0
466d0aa8-7021-4825-8f7b-b954c824c13a,0,6,1,6,1.0,0.0,0.0
466d0aa8-7021-4825-8f7b-b954c824c13a,0,7,1,7,1.0,0.0,0.0
466d0aa8-7021-4825-8f7b-b954c824c13a,1,8,2,10,1.0,0.0,0.005
466d0aa8-7021-4825-8f7b-b954c824c13a,1,9,2,10,1.0,0.0,0.002
466d0aa8-7021-4825-8f7b-b954c824c13a,1,10,10,42,0.786,0.0,1.467
466d0aa8-7021-4825-8f7b-b954c824c13a,1,11,2,8,1.0,0.001,0.002
466d0aa8-7021-4825-8f7b-b954c824c13a,1,12,2,8,1.0,0.0,0.0
466d0aa8-7021-4825-8f7b-b954c824c13a,1,13,2,10,1.0,0.0,0.003
466d0aa8-7021-4825-8f7b-b954c824c13a,1,14,2,10,1.0,0.0,0.014
46ea557e-3151-43d2-b72b-f212290516cc,0,0,7,26,0.385,0.648,1.506
46ea557e-3151-43d2-b72b-f212290516cc,0,1,1,4,1.0,0.0,0.0
46ea557e-3151-43d2-b72b-f212290516cc,0,2,1,4,1.0,0.0,0.0
46ea557e-3151-43d2-b72b-f212290516cc,0,3,1,4,1.0,0.0,0.0
46ea557e-3151-43d2-b72b-f212290516cc,0,4,1,4,1.0,0.0,0.0
46ea557e-3151-43d2-b72b-f212290516cc,0,5,1,10,1.0,0.0,0.0
46ea557e-3151-43d2-b72b-f212290516cc,0,6,2,7,0.857,0.042,0.518
46ea557e-3151-43d2-b72b-f212290516cc,0,7,1,4,1.0,0.0,0.0
494a97c4-ab7e-4021-9345-c46fecfd1d67,0,0,1,6,1.0,0.0,0.0
494a97c4-ab7e-4021-9345-c46fecfd1d67,0,1,1,7,1.0,0.0,0.0
494a97c4-ab7e-4021-9345-c46fecfd1d67,0,2,1,6,1.0,0.0,0.0
494a97c4-ab7e-4021-9345-c46fecfd1d67,0,3,1,8,1.0,0.0,0.0
494a97c4-ab7e-4021-9345-c46fecfd1d67,0,4,1,4,1.0,0.0,0.0
494a97c4-ab7e-4021-9345-c46fecfd1d67,0,5,1,5,1.0,0.0,0.0
494a97c4-ab7e-4021-9345-c46fecfd1d67,0,6,6,26,0.731,0.12,0.884
494a97c4-ab7e-4021-9345-c46fecfd1d67,0,7,7,36,0.889,0.061,0.675
494a97c4-ab7e-4021-9345-c46fecfd1d67,0,8,1,6,1.0,0.0,0.0
494a97c4-ab7e-4021-9345-c46fecfd1d67,0,9,1,7,1.0,0.0,0.0
494a97c4-ab7e-4021-9345-c46fecfd1d67,0,10,1,4,1.0,0.0,0.0
494a97c4-ab7e-4021-9345-c46fecfd1d67,0,11,1,4,1.0,0.0,0.0
4fe068d2-f39e-47ed-8c15-35b6396862bf,2,0,1,4,1.0,0.0,0.0
4fe068d2-f39e-47ed-8c15-35b6396862bf,2,1,1,6,1.0,0.0,0.0
4fe068d2-f39e-47ed-8c15-35b6396862bf,2,2,1,4,1.0,0.0,0.0
4fe068d2-f39e-47ed-8c15-35b6396862bf,2,3,1,6,1.0,0.0,0.0
4fe068d2-f39e-47ed-8c15-35b6396862bf,1,4,2,8,1.0,0.004,0.01
4fe068d2-f39e-47ed-8c15-35b6396862bf,2,5,1,4,1.0,0.0,0.0
4fe068d2-f39e-47ed-8c15-35b6396862bf,0,6,1,4,1.0,0.0,0.0
4fe068d2-f39e-47ed-8c15-35b6396862bf,0,7,1,4,1.0,0.0,0.0
4fe068d2-f39e-47ed-8c15-35b6396862bf,0,8,1,9,1.0,0.0,0.0
4fe068d2-f39e-47ed-8c15-35b6396862bf,0,9,3,12,1.0,0.0,0.0
4fe068d2-f39e-47ed-8c15-35b6396862bf,0,10,1,4,1.0,0.0,0.0
4fe068d2-f39e-47ed-8c15-35b6396862bf,0,11,10,35,0.514,0.0,1.286
513a4b03-cfb1-4221-99ff-d9b7d1e1d3f6,0,0,1,6,1.0,0.0,0.0
513a4b03-cfb1-4221-99ff-d9b7d1e1d3f6,0,1,1,5,1.0,0.0,0.0
513a4b03-cfb1-4221-99ff-d9b7d1e1d3f6,0,2,1,4,1.0,0.0,0.0
513a4b03-cfb1-4221-99ff-d9b7d1e1d3f6,0,3,1,6,1.0,0.0,0.0
513a4b03-cfb1-4221-99ff-d9b7d1e1d3f6,1,4,3,12,0.833,0.001,1.415
513a4b03-cfb1-4221-99ff-d9b7d1e1d3f6,1,5,4,18,0.722,0.004,0.867
52f91e67-3891-4729-8bf3-be2c0a6a0d04,1,0,90,317,0.24,1.004,1.966
52f91e67-3891-4729-8bf3-be2c0a6a0d04,1,1,1,8,1.0,0.0,0.0
52f91e67-3891-4729-8bf3-be2c0a6a0d04,1,2,1,4,1.0,0.0,0.0
52f91e67-3891-4729-8bf3-be2c0a6a0d04,1,3,1,4,1.0,0.0,0.0
52f91e67-3891-4729-8bf3-be2c0a6a0d04,2,4,15,61,0.967,0.0,0.254
52f91e67-3891-4729-8bf3-be2c0a6a0d04,0,5,1,8,1.0,0.109,0.109
52f91e67-3891-4729-8bf3-be2c0a6a0d04,0,6,6,33,0.97,0.076,0.076
53ba9e35-1aeb-43e2-87d2-27be83b949f5,0,0,1,6,1.0,0.0,0.0
53ba9e35-1aeb-43e2-87d2-27be83b949f5,0,1,1,4,1.0,0.0,0.0
53ba9e35-1aeb-43e2-87d2-27be83b949f5,0,2,1,6,1.0,0.0,0.0
53ba9e35-1aeb-43e2-87d2-27be83b949f5,0,3,1,6,1.0,0.0,0.0
53ba9e35-1aeb-43e2-87d2-27be83b949f5,0,4,1,4,1.0,0.0,0.0
53ba9e35-1aeb-43e2-87d2-27be83b949f5,0,5,1,6,1.0,0.0,0.0
53ba9e35-1aeb-43e2-87d2-27be83b949f5,0,6,1,4,1.0,0.0,0.0
53ba9e35-1aeb-43e2-87d2-27be83b949f5,0,7,1,4,1.0,0.0,0.0
53c380e7-407e-48f7-8c72-b449e2334798,0,0,3,20,0.9,0.0,1.064
53c380e7-407e-48f7-8c72-b449e2334798,0,1,2,8,1.0,0.002,0.004
53c380e7-407e-48f7-8c72-b449e2334798,0,2,2,8,0.75,0.003,1.342
53c380e7-407e-48f7-8c72-b449e2334798,0,3,2,8,1.0,0.002,0.005
53c380e7-407e-48f7-8c72-b449e2334798,0,4,2,8,1.0,0.002,0.005
53c380e7-407e-48f7-8c72-b449e2334798,0,5,2,10,1.0,0.0,0.002
53c380e7-407e-48f7-8c72-b449e2334798,0,6,2,14,0.929,0.0,0.248
53c380e7-407e-48f7-8c72-b449e2334798,0,7,2,10,1.0,0.002,0.017
56108837-05d5-4fe4-bfd5-aec6b649d825,0,0,1,6,1.0,0.0,0.0
56108837-05d5-4fe4-bfd5-aec6b649d825,0,1,1,8,1.0,0.0,0.0
56108837-05d5-4fe4-bfd5-aec6b649d825,0,2,1,4,1.0,0.0,0.0
56108837-05d5-4fe4-bfd5-aec6b649d825,0,3,1,4,1.0,0.0,0.0
56108837-05d5-4fe4-bfd5-aec6b649d825,0,4,1,8,1.0,0.0,0.0
56108837-05d5-4fe4-bfd5-aec6b649d825,0,5,2,8,1.0,0.001,0.003
56108837-05d5-4fe4-bfd5-aec6b649d825,0,6,1,6,1.0,0.0,0.0
56108837-05d5-4fe4-bfd5-aec6b649d825,0,7,1,4,1.0,0.0,0.0
573ee2ba-67b9-4bb0-b4ba-47015d09377c,0,0,1,4,1.0,0.0,0.0
573ee2ba-67b9-4bb0-b4ba-47015d09377c,0,1,1,4,1.0,0.0,0.0
573ee2ba-67b9-4bb0-b4ba-47015d09377c,0,2,1,8,0.875,0.0,0.888
573ee2ba-67b9-4bb0-b4ba-47015d09377c,0,3,1,4,1.0,0.0,0.0
573ee2ba-67b9-4bb0-b4ba-47015d09377c,0,4,1,4,1.0,0.0,0.0
573ee2ba-67b9-4bb0-b4ba-47015d09377c,0,5,1,4,1.0,0.0,0.0
5831141f-829c-4adb-9bae-289c2140c72d,0,0,1,4,1.0,0.0,0.0
5831141f-829c-4adb-9bae-289c2140c72d,0,1,1,4,1.0,0.0,0.0
5831141f-829c-4adb-9bae-289c2140c72d,0,2,1,6,1.0,0.0,0.0
5831141f-829c-4adb-9bae-289c2140c72d,0,3,7,22,0.773,0.0,0.874
5831141f-829c-4adb-9bae-289c2140c72d,1,4,1,8,1.0,0.0,0.0
5831141f-829c-4adb-9bae-289c2140c72d,1,5,4,15,0.933,0.0,0.1
5831141f-829c-4adb-9bae-289c2140c72d,1,6,5,18,0.556,0.005,0.858
5831141f-829c-4adb-9bae-289c2140c72d,1,7,5,18,0.833,0.0,0.454
5831141f-829c-4adb-9bae-289c2140c72d,2,8,10,38,0.605,0.188,2.814
5831141f-829c-4adb-9bae-289c2140c72d,2,9,1,4,0.75,0.006,1.127
5831141f-829c-4adb-9bae-289c2140c72d,2,10,14,57,0.526,0.254,1.595
59b505e7-b384-451b-90b1-80f2654dd10d,1,1,3,16,0.688,0.0,5.166
59b505e7-b384-451b-90b1-80f2654dd10d,1,2,1,6,1.0,0.0,0.0
59b505e7-b384-451b-90b1-80f2654dd10d,1,3,1,5,1.0,0.0,0.0
59b505e7-b384-451b-90b1-80f2654dd10d,1,4,4,18,0.778,0.076,0.588
59b505e7-b384-451b-90b1-80f2654dd10d,1,5,2,10,0.6,0.0,0.779
59b505e7-b384-451b-90b1-80f2654dd10d,2,6,2,10,1.0,0.0,0.013
59b505e7-b384-451b-90b1-80f2654dd10d,2,7,9,32,0.5,0.315,1.46
59b505e7-b384-451b-90b1-80f2654dd10d,2,8,2,8,1.0,0.002,0.006
59b505e7-b384-451b-90b1-80f2654dd10d,2,9,2,10,1.0,0.0,0.006
59b505e7-b384-451b-90b1-80f2654dd10d,2,10,13,46,0.457,0.599,1.718
59b505e7-b384-451b-90b1-80f2654dd10d,2,11,10,49,0.51,0.019,1.09
59b505e7-b384-451b-90b1-80f2654dd10d,0,12,5,17,0.941,0.083,0.395
59b505e7-b384-451b-90b1-80f2654dd10d,0,13,1,4,1.0,0.0,0.0
59b505e7-b384-451b-90b1-80f2654dd10d,0,14,3,14,1.0,0.0,0.0
59b505e7-b384-451b-90b1-80f2654dd10d,0,15,2,13,0.385,1.126,2.314
59b505e7-b384-451b-90b1-80f2654dd10d,0,16,1,6,1.0,0.0,0.0
59b505e7-b384-451b-90b1-80f2654dd10d,0,17,1,7,1.0,0.0,0.0
59b505e7-b384-451b-90b1-80f2654dd10d,0,18,1,5,1.0,0.0,0.0
5a97cb51-78cd-40c7-9dd5-423bdea306a6,0,0,1,4,0.75,0.0,1.38
5a97cb51-78cd-40c7-9dd5-423bdea306a6,0,1,1,4,1.0,0.0,0.0
5a97cb51-78cd-40c7-9dd5-423bdea306a6,0,2,1,4,1.0,0.0,0.0
5a97cb51-78cd-40c7-9dd5-423bdea306a6,0,3,1,6,1.0,0.0,0.0
5a97cb51-78cd-40c7-9dd5-423bdea306a6,0,4,2,8,1.0,0.0,0.277
5a97cb51-78cd-40c7-9dd5-423bdea306a6,0,5,1,4,0.5,1.206,2.413
5a97cb51-78cd-40c7-9dd5-423bdea306a6,0,6,1,4,1.0,0.0,0.0
5a97cb51-78cd-40c7-9dd5-423bdea306a6,0,7,1,6,1.0,0.0,0.0
5a97cb51-78cd-40c7-9dd5-423bdea306a6,0,8,4,18,0.444,0.866,3.342
5c557e06-393e-466e-a957-f7391b76b8ff,0,0,2,8,1.0,0.0,0.158
5c557e06-393e-466e-a957-f7391b76b8ff,0,1,5,16,0.312,0.878,1.264
5c557e06-393e-466e-a957-f7391b76b8ff,0,2,15,67,0.657,0.026,0.992
5c557e06-393e-466e-a957-f7391b76b8ff,0,3,1,4,1.0,0.0,0.0
5c557e06-393e-466e-a957-f7391b76b8ff,0,4,1,4,1.0,0.0,0.0
5ecc6e8c-228b-4167-9331-de247c802320,1,0,1,4,1.0,0.0,0.0
5ecc6e8c-228b-4167-9331-de247c802320,1,1,1,4,1.0,0.0,0.0
5ecc6e8c-228b-4167-9331-de247c802320,1,2,16,51,0.216,1.064,2.136
5ecc6e8c-228b-4167-9331-de247c802320,1,3,1,4,1.0,0.0,0.0
5ecc6e8c-228b-4167-9331-de247c802320,1,4,1,6,1.0,0.0,0.0
5ecc6e8c-228b-4167-9331-de247c802320,2,5,2,12,0.833,0.001,1.362
5ecc6e8c-228b-4167-9331-de247c802320,2,6,2,8,1.0,0.001,0.003
5ecc6e8c-228b-4167-9331-de247c802320,2,7,2,8,1.0,0.002,0.004
5ecc6e8c-228b-4167-9331-de247c802320,2,8,4,17,1.0,0.0,0.142
5ecc6e8c-228b-4167-9331-de247c802320,2,9,8,31,0.613,0.027,0.856
5ecc6e8c-228b-4167-9331-de247c802320,0,10,1,4,1.0,0.0,0.0
5ecc6e8c-228b-4167-9331-de247c802320,0,11,1,4,1.0,0.0,0.0
5ecc6e8c-228b-4167-9331-de247c802320,0,12,1,6,1.0,0.0,0.0
5ecc6e8c-228b-4167-9331-de247c802320,0,13,1,6,0.833,0.0,0.94
5ecc6e8c-228b-4167-9331-de247c802320,0,14,14,47,0.638,0.012,1.075
60f2f02b-8910-461c-879a-75925d256989,0,0,1,4,1.0,0.099,0.205
60f2f02b-8910-461c-879a-75925d256989,0,1,1,6,1.0,0.0,0.0
60f2f02b-8910-461c-879a-75925d256989,0,2,1,5,1.0,0.0,0.0
60f2f02b-8910-461c-879a-75925d256989,0,3,1,6,1.0,0.0,0.0
60f2f02b-8910-461c-879a-75925d256989,0,4,1,9,1.0,0.0,0.0
60f2f02b-8910-461c-879a-75925d256989,0,5,1,5,1.0,0.0,0.0
60f2f02b-8910-461c-879a-75925d256989,0,6,5,15,0.667,0.0,0.66
60f2f02b-8910-461c-879a-75925d256989,1,7,2,8,0.75,0.002,2.155
60f2f02b-8910-461c-879a-75925d256989,1,8,1,6,1.0,0.0,0.0
60f2f02b-8910-461c-879a-75925d256989,1,9,7,29,0.586,0.0,1.045
60f2f02b-8910-461c-879a-75925d256989,1,10,6,24,0.875,0.0,0.623
60f2f02b-8910-461c-879a-75925d256989,1,11,1,6,1.0,0.0,0.0
60f2f02b-8910-461c-879a-75925d256989,1,12,2,8,1.0,0.001,0.004
60fa343a-d19a-4d18-b939-33b80e790be6,0,0,14,47,0.447,0.44,1.506
60fa343a-d19a-4d18-b939-33b80e790be6,0,1,13,46,0.565,0.27,0.569
60fa343a-d19a-4d18-b939-33b80e790be6,0,2,3,14,1.0,0.0,0.246
60fa343a-d19a-4d18-b939-33b80e790be6,0,3,1,4,0.75,0.0,0.305
60fa343a-d19a-4d18-b939-33b80e790be6,0,4,1,4,1.0,0.0,0.0
60fa343a-d19a-4d18-b939-33b80e790be6,1,5,1,6,1.0,0.0,0.0
60fa343a-d19a-4d18-b939-33b80e790be6,1,6,1,4,1.0,0.0,0.0
60fa343a-d19a-4d18-b939-33b80e790be6,1,7,1,6,1.0,0.0,0.0
60fa343a-d19a-4d18-b939-33b80e790be6,1,8,1,8,1.0,0.0,0.0
60fa343a-d19a-4d18-b939-33b80e790be6,1,9,1,4,1.0,0.0,0.0
612d1bc8-dbed-47cb-aef5-3e64964ccc04,0,0,1,6,1.0,0.0,0.0
612d1bc8-dbed-47cb-aef5-3e64964ccc04,0,1,1,6,1.0,0.0,0.0
612d1bc8-dbed-47cb-aef5-3e64964ccc04,0,2,1,4,1.0,0.0,0.0
612d1bc8-dbed-47cb-aef5-3e64964ccc04,0,3,1,10,1.0,0.0,0.0
612d1bc8-dbed-47cb-aef5-3e64964ccc04,0,4,1,4,1.0,0.0,0.0
612d1bc8-dbed-47cb-aef5-3e64964ccc04,0,5,1,4,1.0,0.0,0.0
612d1bc8-dbed-47cb-aef5-3e64964ccc04,0,6,1,4,1.0,0.0,0.0
612d1bc8-dbed-47cb-aef5-3e64964ccc04,0,7,1,4,1.0,0.0,0.0
612d1bc8-dbed-47cb-aef5-3e64964ccc04,0,8,1,4,1.0,0.0,0.0
612d1bc8-dbed-47cb-aef5-3e64964ccc04,0,9,1,6,1.0,0.0,0.0
6203a969-742b-4935-bc4d-8eae644b8f73,0,0,1,4,1.0,0.0,0.0
6203a969-742b-4935-bc4d-8eae644b8f73,0,1,1,6,1.0,0.0,0.0
6203a969-742b-4935-bc4d-8eae644b8f73,0,2,1,4,1.0,0.0,0.0
6203a969-742b-4935-bc4d-8eae644b8f73,0,3,4,15,1.0,0.006,0.118
6203a969-742b-4935-bc4d-8eae644b8f73,0,4,1,6,1.0,0.0,0.0
6203a969-742b-4935-bc4d-8eae644b8f73,0,5,1,4,1.0,0.0,0.0
6203a969-742b-4935-bc4d-8eae644b8f73,0,6,1,4,1.0,0.0,0.0
6203a969-742b-4935-bc4d-8eae644b8f73,0,7,1,4,0.5,0.55,1.233
6203a969-742b-4935-bc4d-8eae644b8f73,0,8,1,6,0.667,0.0,1.373
6203a969-742b-4935-bc4d-8eae644b8f73,0,9,1,4,0.75,0.0,2.765
6203a969-742b-4935-bc4d-8eae644b8f73,0,10,1,4,1.0,0.0,0.0
6203a969-742b-4935-bc4d-8eae644b8f73,0,11,1,4,1.0,0.0,0.0
6203a969-742b-4935-bc4d-8eae644b8f73,0,12,1,4,1.0,0.0,0.0
66a72e63-8b3c-4e57-977b-32f5119a9d09,2,0,11,36,0.944,0.0,0.341
66a72e63-8b3c-4e57-977b-32f5119a9d09,2,1,1,6,1.0,0.0,0.0
66a72e63-8b3c-4e57-977b-32f5119a9d09,2,2,2,16,0.875,0.0,0.661
66a72e63-8b3c-4e57-977b-32f5119a9d09,2,3,5,19,0.368,0.454,1.098
66a72e63-8b3c-4e57-977b-32f5119a9d09,2,4,25,94,0.33,0.554,2.067
66a72e63-8b3c-4e57-977b-32f5119a9d09,1,5,2,13,0.769,0.0,1.105
66a72e63-8b3c-4e57-977b-32f5119a9d09,1,6,1,4,1.0,0.0,0.0
66a72e63-8b3c-4e57-977b-32f5119a9d09,1,7,1,8,1.0,0.0,0.0
66a72e63-8b3c-4e57-977b-32f5119a9d09,1,8,1,8,1.0,0.0,0.0
66a72e63-8b3c-4e57-977b-32f5119a9d09,1,9,1,4,0.75,0.0,1.059
66a72e63-8b3c-4e57-977b-32f5119a9d09,0,10,6,27,0.593,0.154,0.815
66a72e63-8b3c-4e57-977b-32f5119a9d09,0,11,1,6,1.0,0.0,0.0
66a72e63-8b3c-4e57-977b-32f5119a9d09,0,12,1,4,1.0,0.0,0.0
66a72e63-8b3c-4e57-977b-32f5119a9d09,0,13,15,59,0.712,0.179,1.02
66a72e63-8b3c-4e57-977b-32f5119a9d09,0,14,1,4,1.0,0.0,0.0
66a72e63-8b3c-4e57-977b-32f5119a9d09,0,15,4,15,0.533,0.0,0.615
670a8030-c451-4e80-badd-6702cef02a03,0,0,1,4,1.0,0.0,0.0
670a8030-c451-4e80-badd-6702cef02a03,0,1,1,4,1.0,0.0,0.0
670a8030-c451-4e80-badd-6702cef02a03,0,2,1,4,1.0,0.0,0.0
670a8030-c451-4e80-badd-6702cef02a03,0,3,6,20,1.0,0.0,0.0
670a8030-c451-4e80-badd-6702cef02a03,0,4,1,6,1.0,0.0,0.0
670a8030-c451-4e80-badd-6702cef02a03,1,5,2,8,1.0,0.0,0.0
670a8030-c451-4e80-badd-6702cef02a03,1,6,5,19,1.0,0.0,0.18
670a8030-c451-4e80-badd-6702cef02a03,1,7,1,4,1.0,0.0,0.0
670a8030-c451-4e80-badd-6702cef02a03,2,8,2,8,1.0,0.004,0.01
670a8030-c451-4e80-badd-6702cef02a03,2,9,6,25,1.0,0.0,0.138
670a8030-c451-4e80-badd-6702cef02a03,2,10,14,51,0.647,0.123,0.721
670a8030-c451-4e80-badd-6702cef02a03,2,11,5,24,0.625,0.0,2.896
6c29deb7-51e6-437d-bfe4-0eb83e559881,1,0,6,29,1.0,0.0,0.0
6c29deb7-51e6-437d-bfe4-0eb83e559881,1,1,7,24,0.792,0.0,0.67
6c29deb7-51e6-437d-bfe4-0eb83e559881,2,2,1,6,1.0,0.0,0.0
6c29deb7-51e6-437d-bfe4-0eb83e559881,2,3,1,4,1.0,0.0,0.0
6c29deb7-51e6-437d-bfe4-0eb83e559881,2,4,1,7,1.0,0.0,0.0
6c29deb7-51e6-437d-bfe4-0eb83e559881,2,5,2,12,1.0,0.0,0.012
6c29deb7-51e6-437d-bfe4-0eb83e559881,2,6,7,24,0.75,0.015,0.818
6c29deb7-51e6-437d-bfe4-0eb83e559881,0,7,33,111,0.532,0.082,0.912
6e8a252f-fc38-4ffa-8691-3f43938a0a16,0,0,1,8,1.0,0.0,0.0
6e8a252f-fc38-4ffa-8691-3f43938a0a16,0,1,1,6,1.0,0.0,0.0
6e8a252f-fc38-4ffa-8691-3f43938a0a16,0,2,1,8,0.875,0.0,0.759
6e8a252f-fc38-4ffa-8691-3f43938a0a16,0,3,1,4,1.0,0.0,0.0
6e8a252f-fc38-4ffa-8691-3f43938a0a16,0,4,1,6,1.0,0.0,0.0
6e8a252f-fc38-4ffa-8691-3f43938a0a16,0,5,1,6,1.0,0.0,0.0
6e8a252f-fc38-4ffa-8691-3f43938a0a16,0,6,1,4,1.0,0.0,0.0
6e8a252f-fc38-4ffa-8691-3f43938a0a16,0,7,1,4,1.0,0.0,0.0
6e8a252f-fc38-4ffa-8691-3f43938a0a16,0,8,1,4,1.0,0.0,0.0
6e8a252f-fc38-4ffa-8691-3f43938a0a16,0,9,1,4,1.0,0.0,0.0
7153d532-16c1-45e8-b7c9-f5cd1ba5cc85,0,0,1,4,1.0,0.177,0.177
7153d532-16c1-45e8-b7c9-f5cd1ba5cc85,0,1,1,4,1.0,0.207,0.207
7153d532-16c1-45e8-b7c9-f5cd1ba5cc85,0,2,1,8,1.0,0.212,0.212
7153d532-16c1-45e8-b7c9-f5cd1ba5cc85,0,3,1,6,0.667,0.181,0.901
7153d532-16c1-45e8-b7c9-f5cd1ba5cc85,0,4,1,8,1.0,0.0,0.085
7153d532-16c1-45e8-b7c9-f5cd1ba5cc85,0,5,2,13,0.385,0.325,0.907
7153d532-16c1-45e8-b7c9-f5cd1ba5cc85,0,6,1,4,1.0,0.28,0.28
7153d532-16c1-45e8-b7c9-f5cd1ba5cc85,0,7,1,7,0.0,0.304,0.818
7153d532-16c1-45e8-b7c9-f5cd1ba5cc85,1,8,14,50,0.92,0.0,0.575
7153d532-16c1-45e8-b7c9-f5cd1ba5cc85,1,9,2,8,1.0,0.002,0.004
7153d532-16c1-45e8-b7c9-f5cd1ba5cc85,1,10,2,10,1.0,0.001,0.136
7153d532-16c1-45e8-b7c9-f5cd1ba5cc85,1,11,2,8,1.0,0.004,0.032
7153d532-16c1-45e8-b7c9-f5cd1ba5cc85,1,12,9,31,0.419,1.177,2.421
7153d532-16c1-45e8-b7c9-f5cd1ba5cc85,1,13,3,11,0.182,2.35,3.423
7153d532-16c1-45e8-b7c9-f5cd1ba5cc85,1,14,7,29,0.586,0.038,1.422
7153d532-16c1-45e8-b7c9-f5cd1ba5cc85,1,15,3,13,1.0,0.01,0.031
71ee522c-1e78-411f-b3ce-33d59516038f,0,0,7,27,0.926,0.026,0.349
71ee522c-1e78-411f-b3ce-33d59516038f,0,1,3,12,1.0,0.048,0.097
71ee522c-1e78-411f-b3ce-33d59516038f,0,2,9,30,0.733,0.163,1.575
71ee522c-1e78-411f-b3ce-33d59516038f,0,3,1,4,1.0,0.0,0.0
71ee522c-1e78-411f-b3ce-33d59516038f,0,4,2,11,1.0,0.0,0.0
71ee522c-1e78-411f-b3ce-33d59516038f,0,5,1,8,1.0,0.0,0.0
71ee522c-1e78-411f-b3ce-33d59516038f,0,6,3,12,1.0,0.009,0.018
71ee522c-1e78-411f-b3ce-33d59516038f,0,7,1,4,1.0,0.0,0.0
720c2f50-9586-47b5-b27c-130214cd8b5d,1,0,2,8,0.5,0.882,1.788
720c2f50-9586-47b5-b27c-130214cd8b5d,1,1,5,16,0.625,0.299,1.086
720c2f50-9586-47b5-b27c-130214cd8b5d,1,2,1,4,1.0,0.0,0.0
720c2f50-9586-47b5-b27c-130214cd8b5d,1,3,1,4,1.0,0.0,0.0
720c2f50-9586-47b5-b27c-130214cd8b5d,1,4,1,6,1.0,0.0,0.0
720c2f50-9586-47b5-b27c-130214cd8b5d,1,5,1,4,1.0,0.0,0.0
720c2f50-9586-47b5-b27c-130214cd8b5d,1,6,1,4,1.0,0.0,0.0
720c2f50-9586-47b5-b27c-130214cd8b5d,1,7,9,33,0.333,0.861,1.677
720c2f50-9586-47b5-b27c-130214cd8b5d,2,8,2,8,1.0,0.001,0.002
720c2f50-9586-47b5-b27c-130214cd8b5d,2,9,2,12,0.833,0.026,1.112
720c2f50-9586-47b5-b27c-130214cd8b5d,2,10,5,17,0.824,0.004,0.968
720c2f50-9586-47b5-b27c-130214cd8b5d,2,11,6,24,0.708,0.003,0.842
720c2f50-9586-47b5-b27c-130214cd8b5d,2,12,1,4,1.0,0.0,0.0
720c2f50-9586-47b5-b27c-130214cd8b5d,0,13,1,4,1.0,0.0,0.0
72122129-7ee2-4a14-a645-23d44df3d2b5,2,0,2,8,1.0,0.003,0.011
72122129-7ee2-4a14-a645-23d44df3d2b5,2,1,2,10,1.0,0.0,0.014
72122129-7ee2-4a14-a645-23d44df3d2b5,2,2,7,29,0.586,0.0,3.506
72122129-7ee2-4a14-a645-23d44df3d2b5,2,3,2,12,1.0,0.0,0.003
72122129-7ee2-4a14-a645-23d44df3d2b5,1,4,7,30,0.867,0.01,0.99
72122129-7ee2-4a14-a645-23d44df3d2b5,1,5,4,15,1.0,0.0,0.27
72122129-7ee2-4a14-a645-23d44df3d2b5,1,6,1,5,0.8,0.0,0.896
72122129-7ee2-4a14-a645-23d44df3d2b5,1,7,1,6,0.667,0.0,1.057
72122129-7ee2-4a14-a645-23d44df3d2b5,1,8,1,4,1.0,0.0,0.0
72122129-7ee2-4a14-a645-23d44df3d2b5,0,9,1,6,1.0,0.0,0.0
72122129-7ee2-4a14-a645-23d44df3d2b5,0,10,1,4,1.0,0.0,0.0
72122129-7ee2-4a14-a645-23d44df3d2b5,0,11,3,18,1.0,0.04,0.085
72122129-7ee2-4a14-a645-23d44df3d2b5,0,13,1,4,0.5,0.709,1.417
72122129-7ee2-4a14-a645-23d44df3d2b5,0,14,1,4,1.0,0.0,0.0
72122129-7ee2-4a14-a645-23d44df3d2b5,0,15,1,4,1.0,0.0,0.0
73465f84-d5f5-4b84-8509-0e818beb5ecd,0,0,2,12,1.0,0.264,0.264
73465f84-d5f5-4b84-8509-0e818beb5ecd,0,1,1,6,0.833,0.281,0.585
73465f84-d5f5-4b84-8509-0e818beb5ecd,0,2,2,8,1.0,0.225,0.225
73465f84-d5f5-4b84-8509-0e818beb5ecd,0,3,2,9,0.889,0.254,0.409
73465f84-d5f5-4b84-8509-0e818beb5ecd,1,4,1,4,1.0,0.0,0.0
73465f84-d5f5-4b84-8509-0e818beb5ecd,1,5,1,4,1.0,0.026,0.026
73465f84-d5f5-4b84-8509-0e818beb5ecd,1,6,1,4,1.0,0.0,0.0
73465f84-d5f5-4b84-8509-0e818beb5ecd,1,7,1,4,1.0,0.0,0.0
73465f84-d5f5-4b84-8509-0e818beb5ecd,1,8,8,28,1.0,0.0,0.258
73465f84-d5f5-4b84-8509-0e818beb5ecd,1,9,1,4,1.0,0.0,0.0
73465f84-d5f5-4b84-8509-0e818beb5ecd,1,10,1,4,1.0,0.0,0.0
73465f84-d5f5-4b84-8509-0e818beb5ecd,1,11,1,6,1.0,0.0,0.0
73465f84-d5f5-4b84-8509-0e818beb5ecd,1,12,4,17,0.765,0.0,1.18
73465f84-d5f5-4b84-8509-0e818beb5ecd,1,13,1,9,0.889,0.0,0.572
73c1d779-2257-4e39-838a-5b026bca2401,0,0,1,4,1.0,0.0,0.0
73c1d779-2257-4e39-838a-5b026bca2401,0,1,1,6,1.0,0.0,0.0
73c1d779-2257-4e39-838a-5b026bca2401,0,2,1,6,1.0,0.0,0.0
73c1d779-2257-4e39-838a-5b026bca2401,0,3,1,10,1.0,0.0,0.0
73c1d779-2257-4e39-838a-5b026bca2401,0,4,1,4,1.0,0.0,0.0
73c1d779-2257-4e39-838a-5b026bca2401,0,5,1,4,1.0,0.0,0.0
73c1d779-2257-4e39-838a-5b026bca2401,0,6,1,4,1.0,0.0,0.0
73c1d779-2257-4e39-838a-5b026bca2401,0,7,1,4,1.0,0.0,0.0
73c1d779-2257-4e39-838a-5b026bca2401,0,8,1,4,1.0,0.0,0.0
73c1d779-2257-4e39-838a-5b026bca2401,0,9,1,4,1.0,0.0,0.0
73c1d779-2257-4e39-838a-5b026bca2401,0,10,1,4,1.0,0.0,0.0
73c1d779-2257-4e39-838a-5b026bca2401,0,11,5,19,0.842,0.0,0.345
73c1d779-2257-4e39-838a-5b026bca2401,0,12,1,4,1.0,0.0,0.0
777b25c6-42e6-40d3-a0a4-aaafdd23842e,1,0,2,8,1.0,0.005,0.014
777b25c6-42e6-40d3-a0a4-aaafdd23842e,1,1,2,8,1.0,0.005,0.013
777b25c6-42e6-40d3-a0a4-aaafdd23842e,1,2,11,46,0.217,2.523,3.381
777b25c6-42e6-40d3-a0a4-aaafdd23842e,1,3,4,12,0.917,0.0,0.479
777b25c6-42e6-40d3-a0a4-aaafdd23842e,0,4,5,17,0.706,0.0,1.068
777b25c6-42e6-40d3-a0a4-aaafdd23842e,0,5,1,4,1.0,0.0,0.0
777b25c6-42e6-40d3-a0a4-aaafdd23842e,0,6,2,9,1.0,0.0,0.0
7791ff1d-7641-4da1-8380-1773d30a7bcc,1,0,1,4,0.5,0.819,1.638
7791ff1d-7641-4da1-8380-1773d30a7bcc,1,1,2,18,1.0,0.0,0.005
7791ff1d-7641-4da1-8380-1773d30a7bcc,0,2,1,4,1.0,0.0,0.0
7791ff1d-7641-4da1-8380-1773d30a7bcc,0,3,1,4,1.0,0.0,0.0
7791ff1d-7641-4da1-8380-1773d30a7bcc,0,4,2,12,0.5,0.357,2.971
7791ff1d-7641-4da1-8380-1773d30a7bcc,0,5,1,4,1.0,0.0,0.0
7791ff1d-7641-4da1-8380-1773d30a7bcc,0,6,1,4,1.0,0.0,0.0
795ceae3-b6ef-42bc-bd48-9b69f06e9de6,0,0,2,8,1.0,0.001,0.001
795ceae3-b6ef-42bc-bd48-9b69f06e9de6,0,1,2,8,1.0,0.0,0.0
795ceae3-b6ef-42bc-bd48-9b69f06e9de6,0,2,1,4,1.0,0.0,0.0
795ceae3-b6ef-42bc-bd48-9b69f06e9de6,0,3,1,5,1.0,0.0,0.0
795ceae3-b6ef-42bc-bd48-9b69f06e9de6,0,4,1,7,1.0,0.0,0.0
795ceae3-b6ef-42bc-bd48-9b69f06e9de6,0,5,1,4,1.0,0.0,0.0
795ceae3-b6ef-42bc-bd48-9b69f06e9de6,0,6,1,4,1.0,0.0,0.0
795ceae3-b6ef-42bc-bd48-9b69f06e9de6,0,7,1,8,1.0,0.0,0.0
795ceae3-b6ef-42bc-bd48-9b69f06e9de6,0,8,1,4,1.0,0.0,0.0
795ceae3-b6ef-42bc-bd48-9b69f06e9de6,0,9,1,6,1.0,0.0,0.0
7cabc39b-6328-4a6e-9491-822fa6b3c3fb,0,0,3,11,0.818,0.152,0.345
7cabc39b-6328-4a6e-9491-822fa6b3c3fb,0,1,1,4,1.0,0.0,0.0
7cabc39b-6328-4a6e-9491-822fa6b3c3fb,0,2,1,4,1.0,0.0,0.0
7cabc39b-6328-4a6e-9491-822fa6b3c3fb,0,3,1,4,1.0,0.0,0.0
7cabc39b-6328-4a6e-9491-822fa6b3c3fb,0,4,1,4,1.0,0.0,0.0
7cabc39b-6328-4a6e-9491-822fa6b3c3fb,0,5,1,4,1.0,0.0,0.0
7cabc39b-6328-4a6e-9491-822fa6b3c3fb,0,6,2,8,1.0,0.0,0.0
7cabc39b-6328-4a6e-9491-822fa6b3c3fb,0,7,1,4,1.0,0.0,0.0
7cabc39b-6328-4a6e-9491-822fa6b3c3fb,0,8,2,8,0.5,0.253,0.507
7cabc39b-6328-4a6e-9491-822fa6b3c3fb,0,9,1,4,1.0,0.0,0.0
7cabc39b-6328-4a6e-9491-822fa6b3c3fb,0,10,1,4,1.0,0.0,0.0
7cabc39b-6328-4a6e-9491-822fa6b3c3fb,0,11,1,4,1.0,0.0,0.0
7dbc53a6-17e8-4806-83de-42286b95726c,1,0,8,32,1.0,0.0,0.157
7dbc53a6-17e8-4806-83de-42286b95726c,1,1,2,11,1.0,0.0,0.0
7dbc53a6-17e8-4806-83de-42286b95726c,1,2,1,8,1.0,0.0,0.0
7dbc53a6-17e8-4806-83de-42286b95726c,1,3,1,6,1.0,0.0,0.0
7dbc53a6-17e8-4806-83de-42286b95726c,1,4,1,4,1.0,0.0,0.0
7dbc53a6-17e8-4806-83de-42286b95726c,1,5,18,58,0.621,0.0,0.348
7dbc53a6-17e8-4806-83de-42286b95726c,0,6,4,13,0.615,0.127,0.4
7dbc53a6-17e8-4806-83de-42286b95726c,2,7,9,34,0.412,0.367,2.475
7dbc53a6-17e8-4806-83de-42286b95726c,2,8,74,272,0.467,0.443,3.308
7dbc53a6-17e8-4806-83de-42286b95726c,2,9,1,4,1.0,0.0,0.0
7dbc53a6-17e8-4806-83de-42286b95726c,2,10,2,9,1.0,0.0,0.0
7dbc53a6-17e8-4806-83de-42286b95726c,3,11,11,44,0.295,1.418,1.961
7e42a701-1f0a-451a-8229-05f581454979,0,0,1,6,1.0,0.0,0.0
7e42a701-1f0a-451a-8229-05f581454979,0,1,1,4,1.0,0.0,0.0
7e42a701-1f0a-451a-8229-05f581454979,0,2,1,4,1.0,0.0,0.0
7e42a701-1f0a-451a-8229-05f581454979,0,3,1,8,1.0,0.0,0.0
7e42a701-1f0a-451a-8229-05f581454979,0,4,1,4,1.0,0.0,0.0
7e42a701-1f0a-451a-8229-05f581454979,0,5,1,4,1.0,0.0,0.0
7e42a701-1f0a-451a-8229-05f581454979,0,6,1,4,1.0,0.0,0.0
7e42a701-1f0a-451a-8229-05f581454979,0,7,1,4,1.0,0.0,0.0
7e42a701-1f0a-451a-8229-05f581454979,0,8,1,6,1.0,0.0,0.0
7e42a701-1f0a-451a-8229-05f581454979,0,9,1,4,1.0,0.0,0.0
7e42a701-1f0a-451a-8229-05f581454979,0,10,1,8,1.0,0.0,0.0
7e42a701-1f0a-451a-8229-05f581454979,0,11,1,4,1.0,0.0,0.0
7e42a701-1f0a-451a-8229-05f581454979,0,12,1,4,0.75,0.0,2.237
85b7d943-95c9-4937-af42-121f705ed3e0,0,0,1,4,1.0,0.0,0.0
85b7d943-95c9-4937-af42-121f705ed3e0,0,1,1,4,1.0,0.0,0.0
85b7d943-95c9-4937-af42-121f705ed3e0,0,2,1,8,1.0,0.0,0.0
85b7d943-95c9-4937-af42-121f705ed3e0,0,3,1,4,1.0,0.0,0.0
85b7d943-95c9-4937-af42-121f705ed3e0,0,4,1,4,1.0,0.0,0.0
85b7d943-95c9-4937-af42-121f705ed3e0,0,5,1,4,1.0,0.0,0.0
85b7d943-95c9-4937-af42-121f705ed3e0,0,6,1,6,1.0,0.0,0.0
85b7d943-95c9-4937-af42-121f705ed3e0,0,7,1,6,1.0,0.0,0.0
85b7d943-95c9-4937-af42-121f705ed3e0,0,8,1,4,1.0,0.0,0.0
873952bc-1159-43dd-b4bd-6535a55c57cf,1,0,5,17,1.0,0.004,0.255
873952bc-1159-43dd-b4bd-6535a55c57cf,1,1,9,35,0.714,0.004,1.11
873952bc-1159-43dd-b4bd-6535a55c57cf,1,2,6,21,0.905,0.0,1.922
873952bc-1159-43dd-b4bd-6535a55c57cf,0,3,14,52,0.827,0.037,0.891
873952bc-1159-43dd-b4bd-6535a55c57cf,0,4,1,6,0.667,0.0,2.612
873952bc-1159-43dd-b4bd-6535a55c57cf,0,5,12,39,1.0,0.0,0.267
873952bc-1159-43dd-b4bd-6535a55c57cf,0,6,9,31,1.0,0.204,0.259
893d4535-3169-4907-a93a-b3ab8f66ec1c,0,1,1,8,1.0,0.0,0.045
893d4535-3169-4907-a93a-b3ab8f66ec1c,0,2,1,5,1.0,0.0,0.0
893d4535-3169-4907-a93a-b3ab8f66ec1c,0,3,1,4,1.0,0.0,0.0
893d4535-3169-4907-a93a-b3ab8f66ec1c,0,4,26,103,0.243,1.176,3.3
893d4535-3169-4907-a93a-b3ab8f66ec1c,0,5,1,6,1.0,0.0,0.0
893d4535-3169-4907-a93a-b3ab8f66ec1c,0,6,1,4,1.0,0.0,0.0
893d4535-3169-4907-a93a-b3ab8f66ec1c,0,7,1,5,1.0,0.0,0.0
893d4535-3169-4907-a93a-b3ab8f66ec1c,0,8,1,9,1.0,0.0,0.0
893d4535-3169-4907-a93a-b3ab8f66ec1c,0,9,1,9,1.0,0.0,0.0
893d4535-3169-4907-a93a-b3ab8f66ec1c,0,10,1,6,1.0,0.0,0.0
893d4535-3169-4907-a93a-b3ab8f66ec1c,0,11,2,11,1.0,0.0,0.127
8ab161a4-c958-49c9-8ca8-7a997292d52f,0,0,6,23,0.826,0.0,0.682
8ab161a4-c958-49c9-8ca8-7a997292d52f,0,1,1,4,1.0,0.0,0.0
8ab161a4-c958-49c9-8ca8-7a997292d52f,0,2,3,12,0.667,0.0,0.32
8ab161a4-c958-49c9-8ca8-7a997292d52f,0,3,3,12,0.667,0.0,0.42
8ab161a4-c958-49c9-8ca8-7a997292d52f,0,4,1,4,1.0,0.0,0.0
8ab161a4-c958-49c9-8ca8-7a997292d52f,0,5,1,4,1.0,0.0,0.0
8b723372-749f-4992-a044-d62bb99b84cc,0,0,1,4,1.0,0.0,0.0
8b723372-749f-4992-a044-d62bb99b84cc,0,1,1,6,1.0,0.0,0.0
8b723372-749f-4992-a044-d62bb99b84cc,0,2,1,6,1.0,0.0,0.0
8b723372-749f-4992-a044-d62bb99b84cc,0,3,1,4,1.0,0.0,0.0
8b723372-749f-4992-a044-d62bb99b84cc,0,4,5,18,0.778,0.158,0.37
8b723372-749f-4992-a044-d62bb99b84cc,0,5,1,4,1.0,0.0,0.0
8b723372-749f-4992-a044-d62bb99b84cc,1,6,2,10,0.7,0.009,0.738
8b723372-749f-4992-a044-d62bb99b84cc,1,7,6,21,0.571,0.001,1.081
8b723372-749f-4992-a044-d62bb99b84cc,1,8,15,55,0.418,0.613,2.944
8e7e69b2-e1db-4482-8f21-93be6904a5f1,0,0,9,33,0.97,0.0,0.039
8e7e69b2-e1db-4482-8f21-93be6904a5f1,0,1,7,23,0.957,0.0,0.254
8e7e69b2-e1db-4482-8f21-93be6904a5f1,1,2,1,10,1.0,0.0,0.0
8e7e69b2-e1db-4482-8f21-93be6904a5f1,1,3,1,4,1.0,0.0,0.0
8e7e69b2-e1db-4482-8f21-93be6904a5f1,1,4,1,4,1.0,0.0,0.0
8e7e69b2-e1db-4482-8f21-93be6904a5f1,1,5,1,4,1.0,0.0,0.0
8e7e69b2-e1db-4482-8f21-93be6904a5f1,1,6,1,8,1.0,0.0,0.0
8e7e69b2-e1db-4482-8f21-93be6904a5f1,1,7,2,8,1.0,0.002,0.004
8e7e69b2-e1db-4482-8f21-93be6904a5f1,1,8,1,4,1.0,0.0,0.0
8e7e69b2-e1db-4482-8f21-93be6904a5f1,1,9,1,4,1.0,0.0,0.0
8fc0de5f-99be-4295-b529-d389a4670a8f,0,0,1,4,1.0,0.0,0.0
8fc0de5f-99be-4295-b529-d389a4670a8f,0,1,1,4,1.0,0.0,0.0
8fc0de5f-99be-4295-b529-d389a4670a8f,0,2,1,4,1.0,0.0,0.0
8fc0de5f-99be-4295-b529-d389a4670a8f,0,3,1,4,1.0,0.0,0.0
8fc0de5f-99be-4295-b529-d389a4670a8f,0,4,1,6,1.0,0.0,0.0
8fc0de5f-99be-4295-b529-d389a4670a8f,0,5,1,4,1.0,0.0,0.0
8fc0de5f-99be-4295-b529-d389a4670a8f,0,6,1,4,1.0,0.0,0.0
8fc0de5f-99be-4295-b529-d389a4670a8f,0,7,1,5,1.0,0.0,0.0
90683bb0-28ca-42a8-82b8-09d82cd434d5,1,0,10,34,0.882,0.101,1.411
90683bb0-28ca-42a8-82b8-09d82cd434d5,0,1,1,4,1.0,0.0,0.0
90683bb0-28ca-42a8-82b8-09d82cd434d5,0,2,1,6,1.0,0.0,0.0
90683bb0-28ca-42a8-82b8-09d82cd434d5,2,3,21,68,0.382,1.383,2.455
90683bb0-28ca-42a8-82b8-09d82cd434d5,2,4,1,5,0.8,0.012,0.647
91f66e67-37e3-4cc9-9815-a4ce71c56a0a,0,0,1,4,1.0,0.0,0.0
91f66e67-37e3-4cc9-9815-a4ce71c56a0a,0,1,1,4,0.75,0.0,1.833
91f66e67-37e3-4cc9-9815-a4ce71c56a0a,0,2,1,4,1.0,0.0,0.0
91f66e67-37e3-4cc9-9815-a4ce71c56a0a,0,4,1,6,1.0,0.0,0.0
91f66e67-37e3-4cc9-9815-a4ce71c56a0a,0,5,1,4,1.0,0.0,0.0
91f66e67-37e3-4cc9-9815-a4ce71c56a0a,0,6,1,4,1.0,0.0,0.0
91f66e67-37e3-4cc9-9815-a4ce71c56a0a,0,7,1,4,1.0,0.0,0.0
91f66e67-37e3-4cc9-9815-a4ce71c56a0a,0,8,2,11,0.727,0.119,2.279
938d6ed6-d916-462b-ba37-f421feb2af21,0,0,4,19,1.0,0.0,0.0
938d6ed6-d916-462b-ba37-f421feb2af21,0,1,1,5,0.4,2.187,2.807
938d6ed6-d916-462b-ba37-f421feb2af21,0,2,1,4,1.0,0.0,0.0
938d6ed6-d916-462b-ba37-f421feb2af21,0,3,1,6,1.0,0.0,0.0
938d6ed6-d916-462b-ba37-f421feb2af21,0,4,5,23,0.87,0.0,0.589
938d6ed6-d916-462b-ba37-f421feb2af21,0,5,1,4,1.0,0.0,0.0
938d6ed6-d916-462b-ba37-f421feb2af21,0,6,1,4,1.0,0.0,0.0
938d6ed6-d916-462b-ba37-f421feb2af21,0,7,1,6,1.0,0.0,0.0
938d6ed6-d916-462b-ba37-f421feb2af21,0,8,1,4,1.0,0.0,0.0
938d6ed6-d916-462b-ba37-f421feb2af21,0,9,1,6,1.0,0.0,0.0
938d6ed6-d916-462b-ba37-f421feb2af21,0,10,1,10,1.0,0.0,0.0
938d6ed6-d916-462b-ba37-f421feb2af21,0,11,1,10,1.0,0.0,0.0
938d6ed6-d916-462b-ba37-f421feb2af21,0,12,1,4,0.75,0.0,1.117
938d6ed6-d916-462b-ba37-f421feb2af21,2,13,1,7,1.0,0.0,0.0
938d6ed6-d916-462b-ba37-f421feb2af21,2,14,1,8,0.875,0.0,0.42
938d6ed6-d916-462b-ba37-f421feb2af21,2,15,1,10,1.0,0.0,0.0
938d6ed6-d916-462b-ba37-f421feb2af21,2,16,1,4,1.0,0.0,0.0
938d6ed6-d916-462b-ba37-f421feb2af21,2,17,1,8,1.0,0.0,0.0
938d6ed6-d916-462b-ba37-f421feb2af21,2,18,1,4,1.0,0.0,0.0
938d6ed6-d916-462b-ba37-f421feb2af21,1,19,1,4,1.0,0.0,0.0
938d6ed6-d916-462b-ba37-f421feb2af21,2,20,1,8,1.0,0.0,0.0
938d6ed6-d916-462b-ba37-f421feb2af21,2,21,1,4,1.0,0.0,0.0
940c5969-1037-4f02-810b-6d4c89b0582b,0,0,1,4,1.0,0.0,0.0
940c5969-1037-4f02-810b-6d4c89b0582b,0,1,1,4,1.0,0.0,0.0
940c5969-1037-4f02-810b-6d4c89b0582b,0,2,1,10,0.9,0.0,0.26
940c5969-1037-4f02-810b-6d4c89b0582b,0,3,1,5,0.8,0.0,2.549
940c5969-1037-4f02-810b-6d4c89b0582b,0,4,1,4,1.0,0.0,0.0
940c5969-1037-4f02-810b-6d4c89b0582b,0,5,1,4,1.0,0.0,0.0
9419424d-2dd9-4dd2-a9d9-e029e32c1f28,0,0,1,6,0.833,0.0,0.671
9419424d-2dd9-4dd2-a9d9-e029e32c1f28,0,1,5,20,0.7,0.003,0.539
9419424d-2dd9-4dd2-a9d9-e029e32c1f28,0,2,1,6,1.0,0.0,0.0
9419424d-2dd9-4dd2-a9d9-e029e32c1f28,0,3,1,4,1.0,0.0,0.0
9419424d-2dd9-4dd2-a9d9-e029e32c1f28,0,4,3,12,1.0,0.0,0.272
9419424d-2dd9-4dd2-a9d9-e029e32c1f28,0,5,4,15,0.933,0.0,0.13
9419424d-2dd9-4dd2-a9d9-e029e32c1f28,0,6,14,54,0.389,0.385,1.783
9419424d-2dd9-4dd2-a9d9-e029e32c1f28,0,7,1,4,1.0,0.0,0.0
9419424d-2dd9-4dd2-a9d9-e029e32c1f28,0,8,1,6,1.0,0.002,0.003
9419424d-2dd9-4dd2-a9d9-e029e32c1f28,0,9,7,27,0.296,0.521,1.782
945b16b9-0ebf-409e-af08-aab7672801d2,0,0,1,4,1.0,0.024,0.068
945b16b9-0ebf-409e-af08-aab7672801d2,0,1,3,12,1.0,0.0,0.18
945b16b9-0ebf-409e-af08-aab7672801d2,0,2,1,6,1.0,0.0,0.0
945b16b9-0ebf-409e-af08-aab7672801d2,0,3,1,6,1.0,0.0,0.0
945b16b9-0ebf-409e-af08-aab7672801d2,0,4,1,4,1.0,0.0,0.0
945b16b9-0ebf-409e-af08-aab7672801d2,0,5,1,6,1.0,0.0,0.0
945b16b9-0ebf-409e-af08-aab7672801d2,0,6,1,6,1.0,0.0,0.0
945b16b9-0ebf-409e-af08-aab7672801d2,0,7,5,17,1.0,0.024,0.283
964a40ac-d9df-44e1-b64b-84e02b909004,0,0,2,8,1.0,0.001,0.005
964a40ac-d9df-44e1-b64b-84e02b909004,0,1,1,8,1.0,0.0,0.0
964a40ac-d9df-44e1-b64b-84e02b909004,0,2,1,10,1.0,0.0,0.0
964a40ac-d9df-44e1-b64b-84e02b909004,0,3,1,6,1.0,0.0,0.0
964a40ac-d9df-44e1-b64b-84e02b909004,0,4,1,4,1.0,0.0,0.0
964a40ac-d9df-44e1-b64b-84e02b909004,0,5,1,4,1.0,0.0,0.0
964a40ac-d9df-44e1-b64b-84e02b909004,0,6,1,4,1.0,0.0,0.0
964a40ac-d9df-44e1-b64b-84e02b909004,0,7,5,19,0.789,0.115,1.385
964a40ac-d9df-44e1-b64b-84e02b909004,0,8,1,4,0.75,0.0,0.653
97571caa-1065-4ac5-a385-2ec9758026dd,0,0,2,10,0.8,0.027,1.148
97571caa-1065-4ac5-a385-2ec9758026dd,0,1,2,8,1.0,0.0,0.0
97571caa-1065-4ac5-a385-2ec9758026dd,0,2,10,39,0.333,0.979,3.105
97571caa-1065-4ac5-a385-2ec9758026dd,0,3,1,4,1.0,0.0,0.0
97571caa-1065-4ac5-a385-2ec9758026dd,0,4,10,33,0.545,0.051,0.712
97571caa-1065-4ac5-a385-2ec9758026dd,0,5,1,4,1.0,0.0,0.0
97571caa-1065-4ac5-a385-2ec9758026dd,0,6,1,4,0.5,1.182,2.447
97571caa-1065-4ac5-a385-2ec9758026dd,0,7,1,4,1.0,0.0,0.0
97571caa-1065-4ac5-a385-2ec9758026dd,0,8,1,4,1.0,0.0,0.0
97571caa-1065-4ac5-a385-2ec9758026dd,0,9,1,6,1.0,0.0,0.0
97571caa-1065-4ac5-a385-2ec9758026dd,0,10,6,22,0.273,0.621,0.801
9829323a-4939-45bf-ae66-b950b18ddf52,0,0,1,8,1.0,0.0,0.0
9829323a-4939-45bf-ae66-b950b18ddf52,0,1,1,4,1.0,0.0,0.0
9829323a-4939-45bf-ae66-b950b18ddf52,0,2,1,4,1.0,0.0,0.0
9829323a-4939-45bf-ae66-b950b18ddf52,0,3,1,4,1.0,0.0,0.0
9829323a-4939-45bf-ae66-b950b18ddf52,0,4,1,5,1.0,0.0,0.0
9829323a-4939-45bf-ae66-b950b18ddf52,0,5,8,26,1.0,0.0,0.074
98472f6b-45bc-4814-a4b8-914f8f6976dd,0,0,1,4,1.0,0.009,0.025
98472f6b-45bc-4814-a4b8-914f8f6976dd,0,1,6,19,0.789,0.0,0.46
98472f6b-45bc-4814-a4b8-914f8f6976dd,0,2,9,30,0.7,0.0,0.309
98472f6b-45bc-4814-a4b8-914f8f6976dd,0,3,2,10,1.0,0.0,0.0
98472f6b-45bc-4814-a4b8-914f8f6976dd,0,4,4,16,0.688,0.132,1.062
98472f6b-45bc-4814-a4b8-914f8f6976dd,0,5,1,3,0.667,0.0,1.046
98472f6b-45bc-4814-a4b8-914f8f6976dd,0,6,5,16,0.812,0.0,0.627
992198d7-4dfe-4ecd-9fa0-b66fa6cac3fd,0,0,1,4,1.0,0.0,0.0
992198d7-4dfe-4ecd-9fa0-b66fa6cac3fd,0,1,1,4,1.0,0.0,0.0
992198d7-4dfe-4ecd-9fa0-b66fa6cac3fd,0,2,1,6,1.0,0.0,0.0
992198d7-4dfe-4ecd-9fa0-b66fa6cac3fd,0,3,2,12,1.0,0.0,0.0
992198d7-4dfe-4ecd-9fa0-b66fa6cac3fd,0,4,9,32,0.625,0.032,2.987
992198d7-4dfe-4ecd-9fa0-b66fa6cac3fd,0,5,2,11,1.0,0.0,0.009
992198d7-4dfe-4ecd-9fa0-b66fa6cac3fd,0,6,1,6,1.0,0.0,0.215
992198d7-4dfe-4ecd-9fa0-b66fa6cac3fd,0,7,2,12,0.917,0.0,0.681
9bb4ada4-60fb-4ab0-8e05-de49acc92623,0,0,1,6,1.0,0.0,0.0
9bb4ada4-60fb-4ab0-8e05-de49acc92623,0,1,2,11,1.0,0.0,0.0
9bb4ada4-60fb-4ab0-8e05-de49acc92623,0,2,1,4,1.0,0.0,0.0
9bb4ada4-60fb-4ab0-8e05-de49acc92623,0,3,2,8,0.625,0.02,1.076
9bb4ada4-60fb-4ab0-8e05-de49acc92623,0,5,1,6,1.0,0.0,0.0
9bb4ada4-60fb-4ab0-8e05-de49acc92623,0,6,1,6,1.0,0.0,0.0
9bb4ada4-60fb-4ab0-8e05-de49acc92623,0,7,2,12,0.667,0.08,2.267
9bc73438-328e-440e-a4be-25efa61d3b7c,1,0,2,8,1.0,0.0,0.0
9bc73438-328e-440e-a4be-25efa61d3b7c,0,1,13,42,0.524,0.046,1.871
9bc73438-328e-440e-a4be-25efa61d3b7c,0,2,1,4,1.0,0.0,0.0
9bc73438-328e-440e-a4be-25efa61d3b7c,0,3,1,4,1.0,0.0,0.0
9bc73438-328e-440e-a4be-25efa61d3b7c,0,4,3,13,0.846,0.0,0.402
9bc73438-328e-440e-a4be-25efa61d3b7c,0,5,4,14,0.786,0.001,0.586
9bc73438-328e-440e-a4be-25efa61d3b7c,0,6,1,6,1.0,0.0,0.0
9bc73438-328e-440e-a4be-25efa61d3b7c,0,7,2,10,1.0,0.0,0.0
9bc73438-328e-440e-a4be-25efa61d3b7c,0,8,1,4,1.0,0.0,0.0
9bc73438-328e-440e-a4be-25efa61d3b7c,0,9,3,11,0.818,0.0,0.314
9bdc330e-6144-499b-9c70-3fc6f0c4ebf3,1,0,1,6,1.0,0.0,0.0
9bdc330e-6144-499b-9c70-3fc6f0c4ebf3,1,1,1,4,1.0,0.0,0.0
9bdc330e-6144-499b-9c70-3fc6f0c4ebf3,1,2,1,6,1.0,0.0,0.0
9bdc330e-6144-499b-9c70-3fc6f0c4ebf3,1,3,1,8,1.0,0.0,0.0
9bdc330e-6144-499b-9c70-3fc6f0c4ebf3,1,4,1,4,1.0,0.0,0.0
9bdc330e-6144-499b-9c70-3fc6f0c4ebf3,1,5,1,4,1.0,0.0,0.0
9bdc330e-6144-499b-9c70-3fc6f0c4ebf3,1,6,1,4,1.0,0.0,0.0
9bdc330e-6144-499b-9c70-3fc6f0c4ebf3,1,7,1,5,1.0,0.0,0.0
9bdc330e-6144-499b-9c70-3fc6f0c4ebf3,1,8,1,4,1.0,0.0,0.0
9bdc330e-6144-499b-9c70-3fc6f0c4ebf3,1,9,1,4,1.0,0.0,0.0
9bdc330e-6144-499b-9c70-3fc6f0c4ebf3,1,10,1,8,0.875,0.0,0.347
9bdc330e-6144-499b-9c70-3fc6f0c4ebf3,1,11,1,4,1.0,0.0,0.0
9bdc330e-6144-499b-9c70-3fc6f0c4ebf3,0,12,1,4,1.0,0.0,0.0
9bdc330e-6144-499b-9c70-3fc6f0c4ebf3,0,13,2,8,1.0,0.0,0.0
9bdc330e-6144-499b-9c70-3fc6f0c4ebf3,0,14,2,10,1.0,0.0,0.0
9bdc330e-6144-499b-9c70-3fc6f0c4ebf3,0,15,1,6,1.0,0.0,0.0
9bdc330e-6144-499b-9c70-3fc6f0c4ebf3,0,16,2,8,1.0,0.0,0.0
9c07bf97-56cd-4d82-a99d-00809d1d8537,0,0,1,6,1.0,0.0,0.0
9c07bf97-56cd-4d82-a99d-00809d1d8537,0,1,1,10,1.0,0.0,0.0
9c07bf97-56cd-4d82-a99d-00809d1d8537,0,2,1,4,1.0,0.0,0.0
9c07bf97-56cd-4d82-a99d-00809d1d8537,0,3,1,4,1.0,0.0,0.0
9c07bf97-56cd-4d82-a99d-00809d1d8537,0,4,1,4,1.0,0.0,0.0
9c07bf97-56cd-4d82-a99d-00809d1d8537,0,5,1,6,0.833,0.0,0.884
9c07bf97-56cd-4d82-a99d-00809d1d8537,0,6,1,4,1.0,0.0,0.0
9c07bf97-56cd-4d82-a99d-00809d1d8537,0,7,1,4,1.0,0.0,0.0
9c07bf97-56cd-4d82-a99d-00809d1d8537,0,8,1,4,1.0,0.0,0.0
9c07bf97-56cd-4d82-a99d-00809d1d8537,0,9,1,4,1.0,0.0,0.0
9c07bf97-56cd-4d82-a99d-00809d1d8537,0,10,1,8,1.0,0.0,0.0
9c42b8bc-b55c-427b-b695-9d073c5f8a75,0,0,1,5,1.0,0.0,0.0
9c42b8bc-b55c-427b-b695-9d073c5f8a75,0,1,1,8,1.0,0.0,0.0
9c42b8bc-b55c-427b-b695-9d073c5f8a75,0,2,1,4,1.0,0.0,0.0
9c42b8bc-b55c-427b-b695-9d073c5f8a75,0,3,22,83,0.916,0.0,0.305
9c42b8bc-b55c-427b-b695-9d073c5f8a75,0,4,1,8,1.0,0.0,0.0
9c42b8bc-b55c-427b-b695-9d073c5f8a75,0,5,1,10,1.0,0.0,0.0
9c42b8bc-b55c-427b-b695-9d073c5f8a75,0,6,1,6,1.0,0.0,0.0
9c42b8bc-b55c-427b-b695-9d073c5f8a75,0,7,1,4,0.5,2.698,5.395
9c42b8bc-b55c-427b-b695-9d073c5f8a75,0,8,12,53,0.698,0.173,2.756
9c42b8bc-b55c-427b-b695-9d073c5f8a75,1,9,6,26,0.654,0.001,0.616
9c42b8bc-b55c-427b-b695-9d073c5f8a75,1,10,10,43,0.442,0.523,2.363
9c42b8bc-b55c-427b-b695-9d073c5f8a75,1,11,4,17,0.647,0.038,1.242
9c42b8bc-b55c-427b-b695-9d073c5f8a75,1,12,3,12,0.917,0.018,0.541
9c42b8bc-b55c-427b-b695-9d073c5f8a75,1,13,3,11,1.0,0.0,0.075
9c80d7ae-2804-4b2f-83bb-544927398846,0,0,1,8,0.625,0.0,0.435
9c80d7ae-2804-4b2f-83bb-544927398846,0,1,1,4,1.0,0.0,0.0
9c80d7ae-2804-4b2f-83bb-544927398846,0,2,1,4,1.0,0.0,0.0
9c80d7ae-2804-4b2f-83bb-544927398846,0,3,2,8,0.625,0.081,0.479
9c80d7ae-2804-4b2f-83bb-544927398846,0,4,1,6,0.833,0.0,1.018
9c80d7ae-2804-4b2f-83bb-544927398846,0,5,6,21,0.714,0.19,1.054
9c80d7ae-2804-4b2f-83bb-544927398846,0,6,3,13,1.0,0.0,0.247
9c80d7ae-2804-4b2f-83bb-544927398846,0,7,1,10,1.0,0.0,0.0
9c80d7ae-2804-4b2f-83bb-544927398846,0,8,1,4,0.75,0.0,0.35
9c80d7ae-2804-4b2f-83bb-544927398846,0,9,1,6,1.0,0.0,0.0
9c80d7ae-2804-4b2f-83bb-544927398846,0,10,1,4,1.0,0.0,0.0
9c80d7ae-2804-4b2f-83bb-544927398846,0,11,1,4,1.0,0.0,0.0
9c80d7ae-2804-4b2f-83bb-544927398846,0,12,1,4,1.0,0.0,0.0
9c80d7ae-2804-4b2f-83bb-544927398846,0,13,1,4,0.5,0.784,1.569
9c80d7ae-2804-4b2f-83bb-544927398846,0,14,1,4,0.75,0.0,2.635
9c80d7ae-2804-4b2f-83bb-544927398846,1,15,2,9,0.889,0.0,0.197
9c80d7ae-2804-4b2f-83bb-544927398846,1,16,1,4,1.0,0.0,0.0
9c80d7ae-2804-4b2f-83bb-544927398846,1,17,3,13,0.846,0.011,0.416
9dce7b8f-036f-42bb-9645-a1b5cc17fbd1,0,0,1,4,1.0,0.0,0.0
9dce7b8f-036f-42bb-9645-a1b5cc17fbd1,0,1,1,4,1.0,0.0,0.0
9dce7b8f-036f-42bb-9645-a1b5cc17fbd1,0,2,1,4,1.0,0.0,0.0
9dce7b8f-036f-42bb-9645-a1b5cc17fbd1,0,3,1,6,1.0,0.0,0.0
9dce7b8f-036f-42bb-9645-a1b5cc17fbd1,0,4,1,4,1.0,0.0,0.0
9dce7b8f-036f-42bb-9645-a1b5cc17fbd1,0,5,1,6,1.0,0.0,0.0
9dce7b8f-036f-42bb-9645-a1b5cc17fbd1,0,6,1,8,1.0,0.0,0.0
9dce7b8f-036f-42bb-9645-a1b5cc17fbd1,0,7,1,4,1.0,0.0,0.0
9dce7b8f-036f-42bb-9645-a1b5cc17fbd1,0,8,9,34,0.971,0.0,0.197
a085ad69-b4d4-4296-bc5e-731a0cceec5e,0,0,1,4,0.75,0.0,2.084
a085ad69-b4d4-4296-bc5e-731a0cceec5e,0,1,1,6,1.0,0.0,0.0
a085ad69-b4d4-4296-bc5e-731a0cceec5e,0,2,1,8,1.0,0.0,0.0
a085ad69-b4d4-4296-bc5e-731a0cceec5e,0,3,1,4,1.0,0.0,0.0
a085ad69-b4d4-4296-bc5e-731a0cceec5e,0,4,1,4,1.0,0.0,0.0
a085ad69-b4d4-4296-bc5e-731a0cceec5e,0,5,1,4,1.0,0.0,0.0
a085ad69-b4d4-4296-bc5e-731a0cceec5e,0,6,1,4,1.0,0.0,0.0
a085ad69-b4d4-4296-bc5e-731a0cceec5e,0,7,1,8,1.0,0.0,0.0
a085ad69-b4d4-4296-bc5e-731a0cceec5e,0,8,1,4,1.0,0.0,0.0
a085ad69-b4d4-4296-bc5e-731a0cceec5e,0,9,1,6,1.0,0.0,0.0
a085ad69-b4d4-4296-bc5e-731a0cceec5e,0,10,2,8,1.0,0.113,0.197
a1ac389f-7406-4ddf-a270-d9a5e72dbf51,2,0,2,9,0.556,0.002,1.11
a1ac389f-7406-4ddf-a270-d9a5e72dbf51,2,1,2,10,1.0,0.0,0.007
a1ac389f-7406-4ddf-a270-d9a5e72dbf51,2,2,14,48,0.604,0.0,1.358
a1ac389f-7406-4ddf-a270-d9a5e72dbf51,2,3,1,7,0.714,0.0,0.95
a1ac389f-7406-4ddf-a270-d9a5e72dbf51,1,4,1,4,1.0,0.0,0.0
a1ac389f-7406-4ddf-a270-d9a5e72dbf51,1,5,2,9,0.778,0.0,0.627
a1ac389f-7406-4ddf-a270-d9a5e72dbf51,1,6,6,24,0.583,0.158,1.761
a1ac389f-7406-4ddf-a270-d9a5e72dbf51,0,7,5,18,0.889,0.0,0.495
a1ac389f-7406-4ddf-a270-d9a5e72dbf51,0,8,1,4,1.0,0.0,0.0
a1ac389f-7406-4ddf-a270-d9a5e72dbf51,0,9,3,16,0.75,0.003,1.18
a317a543-06cf-4f1b-97d2-139c26c1cb13,1,0,9,50,1.0,0.0,0.107
a317a543-06cf-4f1b-97d2-139c26c1cb13,1,1,1,6,1.0,0.0,0.0
a317a543-06cf-4f1b-97d2-139c26c1cb13,1,2,1,6,1.0,0.0,0.0
a317a543-06cf-4f1b-97d2-139c26c1cb13,1,3,1,10,1.0,0.0,0.0
a317a543-06cf-4f1b-97d2-139c26c1cb13,1,4,8,44,1.0,0.023,0.104
a317a543-06cf-4f1b-97d2-139c26c1cb13,1,5,11,41,0.439,0.401,1.043
a317a543-06cf-4f1b-97d2-139c26c1cb13,1,6,10,37,0.351,0.379,0.751
a317a543-06cf-4f1b-97d2-139c26c1cb13,0,7,5,19,0.579,0.253,0.936
a317a543-06cf-4f1b-97d2-139c26c1cb13,2,8,16,56,0.393,0.479,1.859
a317a543-06cf-4f1b-97d2-139c26c1cb13,2,9,4,15,0.467,1.385,2.401
a317a543-06cf-4f1b-97d2-139c26c1cb13,2,10,21,86,0.57,0.151,1.643
a317a543-06cf-4f1b-97d2-139c26c1cb13,2,11,1,4,1.0,0.0,0.0
a3997c27-0367-483e-a462-64847105997d,0,0,1,4,1.0,0.0,0.0
a3997c27-0367-483e-a462-64847105997d,0,1,1,4,1.0,0.0,0.0
a3997c27-0367-483e-a462-64847105997d,0,2,1,4,1.0,0.0,0.0
a3997c27-0367-483e-a462-64847105997d,0,3,1,4,1.0,0.0,0.0
a3997c27-0367-483e-a462-64847105997d,0,4,1,4,1.0,0.0,0.0
a3997c27-0367-483e-a462-64847105997d,0,5,1,4,1.0,0.0,0.0
a3997c27-0367-483e-a462-64847105997d,0,6,1,4,1.0,0.0,0.0
a3997c27-0367-483e-a462-64847105997d,0,7,1,4,1.0,0.0,0.0
a3997c27-0367-483e-a462-64847105997d,0,8,1,6,1.0,0.0,0.0
a3997c27-0367-483e-a462-64847105997d,0,9,1,4,0.75,0.0,0.944
a3997c27-0367-483e-a462-64847105997d,0,10,1,4,1.0,0.0,0.0
a430ffa9-a314-4352-8b54-dfbd04634861,1,0,8,32,0.969,0.016,0.221
a430ffa9-a314-4352-8b54-dfbd04634861,1,1,2,8,1.0,0.002,0.006
a430ffa9-a314-4352-8b54-dfbd04634861,1,2,1,4,1.0,0.0,0.0
a430ffa9-a314-4352-8b54-dfbd04634861,1,3,2,8,1.0,0.005,0.013
a430ffa9-a314-4352-8b54-dfbd04634861,0,4,7,28,0.857,0.01,0.38
a430ffa9-a314-4352-8b54-dfbd04634861,0,5,2,10,1.0,0.0,0.0
a430ffa9-a314-4352-8b54-dfbd04634861,0,6,7,26,1.0,0.0,0.285
a430ffa9-a314-4352-8b54-dfbd04634861,0,7,1,5,1.0,0.0,0.0
a430ffa9-a314-4352-8b54-dfbd04634861,0,8,1,4,1.0,0.0,0.0
a430ffa9-a314-4352-8b54-dfbd04634861,0,9,5,16,1.0,0.0,0.035
a430ffa9-a314-4352-8b54-dfbd04634861,0,10,3,12,0.917,0.0,0.219
a430ffa9-a314-4352-8b54-dfbd04634861,0,11,1,4,1.0,0.0,0.0
a430ffa9-a314-4352-8b54-dfbd04634861,0,12,1,6,1.0,0.0,0.068
a443b86f-c86a-47a7-abef-0a56893c99b0,0,1,2,9,1.0,0.0,0.0
a443b86f-c86a-47a7-abef-0a56893c99b0,0,2,1,6,1.0,0.0,0.0
a443b86f-c86a-47a7-abef-0a56893c99b0,0,3,2,12,0.667,0.137,5.512
a443b86f-c86a-47a7-abef-0a56893c99b0,0,4,2,8,1.0,0.0,0.0
a443b86f-c86a-47a7-abef-0a56893c99b0,0,5,1,8,1.0,0.0,0.0
a443b86f-c86a-47a7-abef-0a56893c99b0,1,6,6,29,0.793,0.002,1.759
a443b86f-c86a-47a7-abef-0a56893c99b0,1,7,1,12,1.0,0.0,0.0
a443b86f-c86a-47a7-abef-0a56893c99b0,1,8,6,22,0.545,0.132,0.902
a443b86f-c86a-47a7-abef-0a56893c99b0,1,9,2,13,0.846,0.0,1.35
a443b86f-c86a-47a7-abef-0a56893c99b0,1,10,6,19,0.737,0.0,1.047
a492a5d6-ab9f-4b1e-bbfe-4762c1370a40,0,0,8,26,0.577,0.001,1.249
a492a5d6-ab9f-4b1e-bbfe-4762c1370a40,1,1,1,8,0.875,0.0,0.536
a492a5d6-ab9f-4b1e-bbfe-4762c1370a40,1,2,1,4,1.0,0.0,0.0
a492a5d6-ab9f-4b1e-bbfe-4762c1370a40,1,3,1,4,1.0,0.0,0.0
a492a5d6-ab9f-4b1e-bbfe-4762c1370a40,1,4,1,5,1.0,0.0,0.0
a492a5d6-ab9f-4b1e-bbfe-4762c1370a40,1,5,1,4,1.0,0.0,0.0
a492a5d6-ab9f-4b1e-bbfe-4762c1370a40,1,6,1,6,0.667,0.0,0.55
a492a5d6-ab9f-4b1e-bbfe-4762c1370a40,1,7,6,23,0.913,0.03,2.319
a492a5d6-ab9f-4b1e-bbfe-4762c1370a40,2,8,9,34,0.912,0.0,0.883
a492a5d6-ab9f-4b1e-bbfe-4762c1370a40,2,9,4,14,1.0,0.0,0.0
a492a5d6-ab9f-4b1e-bbfe-4762c1370a40,2,10,7,24,0.625,0.299,1.851
a4d6eef3-6107-45a3-bd37-3cf2ef4e9efb,0,0,1,6,1.0,0.0,0.0
a4d6eef3-6107-45a3-bd37-3cf2ef4e9efb,0,1,1,4,1.0,0.0,0.0
a4d6eef3-6107-45a3-bd37-3cf2ef4e9efb,0,2,1,4,1.0,0.0,0.0
a4d6eef3-6107-45a3-bd37-3cf2ef4e9efb,0,3,1,4,0.75,0.0,2.021
a4d6eef3-6107-45a3-bd37-3cf2ef4e9efb,0,4,1,4,1.0,0.0,0.0
a4d6eef3-6107-45a3-bd37-3cf2ef4e9efb,0,5,1,4,1.0,0.0,0.0
a4d6eef3-6107-45a3-bd37-3cf2ef4e9efb,0,6,1,10,1.0,0.0,0.023
a4d6eef3-6107-45a3-bd37-3cf2ef4e9efb,0,7,1,4,1.0,0.0,0.0
a4d6eef3-6107-45a3-bd37-3cf2ef4e9efb,0,8,1,8,1.0,0.0,0.0
a4d6eef3-6107-45a3-bd37-3cf2ef4e9efb,0,9,5,17,1.0,0.0,0.01
a8a3b04b-42d0-4468-8b3a-5e2135b9313b,0,1,4,27,0.667,0.075,3.85
a8a3b04b-42d0-4468-8b3a-5e2135b9313b,0,3,1,4,1.0,0.0,0.0
a8a3b04b-42d0-4468-8b3a-5e2135b9313b,0,4,1,8,1.0,0.0,0.0
a8a3b04b-42d0-4468-8b3a-5e2135b9313b,0,5,1,4,1.0,0.0,0.0
a8a3b04b-42d0-4468-8b3a-5e2135b9313b,0,6,1,4,1.0,0.0,0.0
a8a3b04b-42d0-4468-8b3a-5e2135b9313b,0,7,1,4,1.0,0.0,0.0
a8aca518-ee19-4cef-8df9-1b574c2d43d1,0,0,1,4,1.0,0.0,0.0
a8aca518-ee19-4cef-8df9-1b574c2d43d1,0,1,1,5,1.0,0.0,0.0
a8aca518-ee19-4cef-8df9-1b574c2d43d1,0,2,19,61,0.23,0.835,2.558
a8aca518-ee19-4cef-8df9-1b574c2d43d1,0,3,1,6,1.0,0.0,0.0
a8aca518-ee19-4cef-8df9-1b574c2d43d1,0,4,1,6,1.0,0.0,0.091
a8aca518-ee19-4cef-8df9-1b574c2d43d1,1,6,3,12,0.917,0.074,0.559
a8aca518-ee19-4cef-8df9-1b574c2d43d1,1,7,1,4,1.0,0.0,0.0
a8aca518-ee19-4cef-8df9-1b574c2d43d1,1,8,1,4,1.0,0.0,0.0
a8aca518-ee19-4cef-8df9-1b574c2d43d1,1,9,1,4,1.0,0.0,0.0
a8aca518-ee19-4cef-8df9-1b574c2d43d1,1,10,1,4,1.0,0.0,0.0
a8aca518-ee19-4cef-8df9-1b574c2d43d1,2,11,2,10,1.0,0.0,0.007
a8aca518-ee19-4cef-8df9-1b574c2d43d1,2,12,2,10,1.0,0.0,0.011
a8aca518-ee19-4cef-8df9-1b574c2d43d1,2,13,6,19,0.579,0.0,1.134
a8aca518-ee19-4cef-8df9-1b574c2d43d1,2,14,9,32,0.469,0.736,0.985
aa047931-2b45-497d-a093-f637a2934699,0,0,1,4,1.0,0.0,0.0
aa047931-2b45-497d-a093-f637a2934699,0,1,1,6,1.0,0.0,0.0
aa047931-2b45-497d-a093-f637a2934699,0,2,2,10,1.0,0.0,0.0
aa047931-2b45-497d-a093-f637a2934699,0,3,4,18,0.833,0.044,0.943
aa047931-2b45-497d-a093-f637a2934699,0,4,1,6,1.0,0.0,0.0
aa047931-2b45-497d-a093-f637a2934699,0,5,2,9,1.0,0.0,0.0
aa047931-2b45-497d-a093-f637a2934699,1,6,1,6,0.833,0.0,1.198
aa047931-2b45-497d-a093-f637a2934699,1,7,1,4,1.0,0.0,0.0
aa047931-2b45-497d-a093-f637a2934699,1,8,1,4,1.0,0.0,0.0
aa047931-2b45-497d-a093-f637a2934699,1,9,1,6,1.0,0.0,0.0
aa047931-2b45-497d-a093-f637a2934699,1,10,1,4,0.75,0.0,2.933
aa047931-2b45-497d-a093-f637a2934699,1,11,1,4,0.5,0.939,1.878
aa047931-2b45-497d-a093-f637a2934699,1,12,1,6,1.0,0.0,0.0
aa047931-2b45-497d-a093-f637a2934699,1,13,1,8,1.0,0.0,0.102
ad2243cf-dac2-4f43-aa8d-37d50dc46a33,0,0,1,6,1.0,0.0,0.0
ad2243cf-dac2-4f43-aa8d-37d50dc46a33,0,1,1,4,1.0,0.0,0.0
ad2243cf-dac2-4f43-aa8d-37d50dc46a33,0,2,1,4,1.0,0.0,0.0
ad2243cf-dac2-4f43-aa8d-37d50dc46a33,0,3,1,4,1.0,0.0,0.0
ad2243cf-dac2-4f43-aa8d-37d50dc46a33,0,4,1,4,1.0,0.0,0.0
ad2243cf-dac2-4f43-aa8d-37d50dc46a33,0,5,1,4,1.0,0.0,0.0
ad2243cf-dac2-4f43-aa8d-37d50dc46a33,0,6,1,4,1.0,0.0,0.0
ad2243cf-dac2-4f43-aa8d-37d50dc46a33,0,7,1,8,1.0,0.0,0.0
ad2243cf-dac2-4f43-aa8d-37d50dc46a33,0,8,1,4,1.0,0.0,0.0
b01824fc-be43-451f-bc6e-aaab701c144d,0,0,1,5,0.8,0.0,2.648
b01824fc-be43-451f-bc6e-aaab701c144d,0,1,2,10,0.9,0.0,0.707
b01824fc-be43-451f-bc6e-aaab701c144d,0,2,7,22,1.0,0.0,0.177
b01824fc-be43-451f-bc6e-aaab701c144d,0,3,1,4,0.75,0.0,1.735
b01824fc-be43-451f-bc6e-aaab701c144d,0,4,1,4,1.0,0.0,0.0
b01824fc-be43-451f-bc6e-aaab701c144d,0,6,1,4,0.75,0.0,1.824
b01824fc-be43-451f-bc6e-aaab701c144d,0,7,3,19,0.789,0.0,2.366
b4f7407a-5941-4165-947a-a726dc432c69,0,0,1,4,1.0,0.0,0.0
b4f7407a-5941-4165-947a-a726dc432c69,0,1,1,6,1.0,0.0,0.0
b4f7407a-5941-4165-947a-a726dc432c69,0,2,1,4,1.0,0.0,0.0
b4f7407a-5941-4165-947a-a726dc432c69,0,3,1,4,1.0,0.0,0.0
b4f7407a-5941-4165-947a-a726dc432c69,0,4,1,4,1.0,0.0,0.0
b4f7407a-5941-4165-947a-a726dc432c69,0,5,1,4,1.0,0.0,0.0
b4f7407a-5941-4165-947a-a726dc432c69,0,6,1,4,1.0,0.0,0.0
b4f7407a-5941-4165-947a-a726dc432c69,0,7,1,4,1.0,0.0,0.0
b4f7407a-5941-4165-947a-a726dc432c69,0,8,1,4,1.0,0.0,0.0
b53c11aa-8db7-4aad-a24d-3ffa9eeff5de,1,0,1,6,1.0,0.0,0.0
b53c11aa-8db7-4aad-a24d-3ffa9eeff5de,1,1,1,6,1.0,0.0,0.0
b53c11aa-8db7-4aad-a24d-3ffa9eeff5de,1,2,7,24,0.542,0.0,0.663
b53c11aa-8db7-4aad-a24d-3ffa9eeff5de,1,3,1,6,1.0,0.0,0.0
b53c11aa-8db7-4aad-a24d-3ffa9eeff5de,1,4,1,4,0.75,0.0,0.299
b53c11aa-8db7-4aad-a24d-3ffa9eeff5de,1,5,1,4,1.0,0.0,0.0
b53c11aa-8db7-4aad-a24d-3ffa9eeff5de,1,6,1,6,1.0,0.0,0.0
b53c11aa-8db7-4aad-a24d-3ffa9eeff5de,1,7,3,20,1.0,0.0,0.002
b53c11aa-8db7-4aad-a24d-3ffa9eeff5de,0,8,1,4,1.0,0.0,0.0
b53c11aa-8db7-4aad-a24d-3ffa9eeff5de,2,9,11,38,1.0,0.005,0.112
b53c11aa-8db7-4aad-a24d-3ffa9eeff5de,2,10,2,12,0.833,0.005,0.369
b53c11aa-8db7-4aad-a24d-3ffa9eeff5de,2,11,4,15,1.0,0.0,0.005
b65126ae-ccca-4032-876f-e9c1c059862c,0,0,1,4,1.0,0.0,0.0
b65126ae-ccca-4032-876f-e9c1c059862c,0,1,2,14,1.0,0.0,0.0
b65126ae-ccca-4032-876f-e9c1c059862c,0,2,1,4,1.0,0.0,0.0
b65126ae-ccca-4032-876f-e9c1c059862c,0,3,1,4,1.0,0.0,0.0
b65126ae-ccca-4032-876f-e9c1c059862c,0,4,1,4,1.0,0.0,0.0
b65126ae-ccca-4032-876f-e9c1c059862c,1,5,1,6,1.0,0.0,0.0
b65126ae-ccca-4032-876f-e9c1c059862c,1,6,1,6,1.0,0.0,0.0
b65126ae-ccca-4032-876f-e9c1c059862c,1,7,6,27,0.519,0.277,1.51
b65126ae-ccca-4032-876f-e9c1c059862c,2,8,2,8,0.5,0.69,1.388
b65126ae-ccca-4032-876f-e9c1c059862c,2,9,1,5,1.0,0.015,0.025
b65126ae-ccca-4032-876f-e9c1c059862c,2,10,12,45,0.244,1.169,3.107
b65126ae-ccca-4032-876f-e9c1c059862c,2,11,10,33,0.455,0.538,1.064
b65126ae-ccca-4032-876f-e9c1c059862c,2,12,2,8,0.5,0.995,2.016
b8782b87-5800-42dd-8926-07d8f11cafc0,0,0,1,6,1.0,0.0,0.0
b8782b87-5800-42dd-8926-07d8f11cafc0,0,1,1,4,1.0,0.0,0.0
b8782b87-5800-42dd-8926-07d8f11cafc0,0,2,1,4,1.0,0.0,0.0
b8782b87-5800-42dd-8926-07d8f11cafc0,0,3,1,4,1.0,0.0,0.0
b8782b87-5800-42dd-8926-07d8f11cafc0,0,4,1,6,1.0,0.0,0.0
b8782b87-5800-42dd-8926-07d8f11cafc0,0,5,1,4,0.75,0.0,1.259
b8782b87-5800-42dd-8926-07d8f11cafc0,0,6,1,4,1.0,0.0,0.0
b8782b87-5800-42dd-8926-07d8f11cafc0,0,7,2,14,0.714,0.047,1.868
b8782b87-5800-42dd-8926-07d8f11cafc0,0,9,1,6,1.0,0.0,0.0
b8cefbc4-bb4e-4d53-be56-990780166cae,0,0,1,4,0.75,0.0,0.872
b8cefbc4-bb4e-4d53-be56-990780166cae,0,1,13,59,0.797,0.001,0.757
b8cefbc4-bb4e-4d53-be56-990780166cae,0,2,1,4,1.0,0.0,0.0
b8cefbc4-bb4e-4d53-be56-990780166cae,0,3,3,10,0.7,0.025,0.885
b8cefbc4-bb4e-4d53-be56-990780166cae,0,4,1,4,1.0,0.0,0.0
b8cefbc4-bb4e-4d53-be56-990780166cae,0,5,1,4,1.0,0.0,0.0
b8cefbc4-bb4e-4d53-be56-990780166cae,0,6,2,8,1.0,0.0,0.0
b8cefbc4-bb4e-4d53-be56-990780166cae,1,7,23,77,0.584,0.253,0.75
b8cefbc4-bb4e-4d53-be56-990780166cae,1,8,1,4,1.0,0.0,0.0
b8cefbc4-bb4e-4d53-be56-990780166cae,1,9,1,6,1.0,0.0,0.0
b8cefbc4-bb4e-4d53-be56-990780166cae,1,10,1,4,1.0,0.0,0.0
b8cefbc4-bb4e-4d53-be56-990780166cae,1,11,1,6,1.0,0.0,0.0
b8cefbc4-bb4e-4d53-be56-990780166cae,2,12,2,8,1.0,0.002,0.005
b8cefbc4-bb4e-4d53-be56-990780166cae,2,13,9,35,0.714,0.001,1.224
b8cefbc4-bb4e-4d53-be56-990780166cae,2,14,7,24,0.625,0.076,1.338
b8cefbc4-bb4e-4d53-be56-990780166cae,2,15,2,8,1.0,0.002,0.034
b8cefbc4-bb4e-4d53-be56-990780166cae,2,16,18,59,0.356,0.564,1.774
b8def755-9829-4141-8ecb-3e71ef446d0d,0,0,1,4,1.0,0.0,0.0
b8def755-9829-4141-8ecb-3e71ef446d0d,0,1,16,60,0.717,0.0,0.659
b8def755-9829-4141-8ecb-3e71ef446d0d,0,2,1,4,0.75,0.0,1.873
b8def755-9829-4141-8ecb-3e71ef446d0d,0,3,1,4,0.75,0.0,1.872
b8def755-9829-4141-8ecb-3e71ef446d0d,0,4,5,17,0.471,1.009,1.225
b8def755-9829-4141-8ecb-3e71ef446d0d,1,5,1,4,1.0,0.0,0.0
b8def755-9829-4141-8ecb-3e71ef446d0d,1,6,1,6,1.0,0.0,0.0
b8def755-9829-4141-8ecb-3e71ef446d0d,1,7,1,4,1.0,0.0,0.0
b8def755-9829-4141-8ecb-3e71ef446d0d,1,8,1,6,1.0,0.0,0.0
b8def755-9829-4141-8ecb-3e71ef446d0d,1,9,2,7,0.429,0.871,1.982
b8def755-9829-4141-8ecb-3e71ef446d0d,2,10,19,63,0.349,1.509,3.197
b8def755-9829-4141-8ecb-3e71ef446d0d,2,11,3,12,0.667,0.008,0.84
b8f923d9-dc6a-4cc2-b99c-b98bb7d01f57,0,0,2,7,1.0,0.0,0.293
b8f923d9-dc6a-4cc2-b99c-b98bb7d01f57,0,1,8,27,0.815,0.0,0.619
b9575f6d-aa02-4540-ba49-d8e823a41067,0,0,1,6,1.0,0.0,0.0
b9575f6d-aa02-4540-ba49-d8e823a41067,0,1,1,4,0.75,0.0,0.317
b9575f6d-aa02-4540-ba49-d8e823a41067,0,2,1,4,1.0,0.0,0.0
b9575f6d-aa02-4540-ba49-d8e823a41067,0,3,1,4,1.0,0.0,0.0
b9575f6d-aa02-4540-ba49-d8e823a41067,0,4,2,10,1.0,0.0,0.0
b9575f6d-aa02-4540-ba49-d8e823a41067,0,5,1,6,1.0,0.0,0.0
b9575f6d-aa02-4540-ba49-d8e823a41067,0,6,1,4,1.0,0.0,0.0
b9575f6d-aa02-4540-ba49-d8e823a41067,0,7,1,4,1.0,0.0,0.0
b9575f6d-aa02-4540-ba49-d8e823a41067,0,8,1,4,1.0,0.0,0.0
bad532ea-75de-411a-a390-77f4d6a93ff8,4,0,23,75,0.253,1.311,3.806
bad532ea-75de-411a-a390-77f4d6a93ff8,3,1,2,9,0.778,0.0,0.551
bad532ea-75de-411a-a390-77f4d6a93ff8,3,2,1,6,1.0,0.0,0.0
bad532ea-75de-411a-a390-77f4d6a93ff8,3,3,1,4,1.0,0.0,0.0
bad532ea-75de-411a-a390-77f4d6a93ff8,3,4,1,8,1.0,0.0,0.0
bad532ea-75de-411a-a390-77f4d6a93ff8,2,5,16,55,0.473,0.356,0.669
bad532ea-75de-411a-a390-77f4d6a93ff8,1,6,11,36,0.444,0.437,1.856
bad532ea-75de-411a-a390-77f4d6a93ff8,0,7,2,15,0.533,0.0,1.553
bad532ea-75de-411a-a390-77f4d6a93ff8,0,8,2,8,1.0,0.0,0.174
bad532ea-75de-411a-a390-77f4d6a93ff8,0,9,7,26,0.808,0.0,0.466
bb00df25-e7be-420e-8ad1-1f9be60a4c4a,0,0,1,6,1.0,0.0,0.0
bb00df25-e7be-420e-8ad1-1f9be60a4c4a,0,1,1,4,0.75,0.0,1.039
bb00df25-e7be-420e-8ad1-1f9be60a4c4a,0,2,1,4,1.0,0.0,0.0
bb00df25-e7be-420e-8ad1-1f9be60a4c4a,0,3,8,40,0.75,0.005,1.389
bb00df25-e7be-420e-8ad1-1f9be60a4c4a,0,4,1,5,0.8,0.0,0.962
bb00df25-e7be-420e-8ad1-1f9be60a4c4a,0,5,2,8,1.0,0.004,0.008
bb00df25-e7be-420e-8ad1-1f9be60a4c4a,0,6,1,4,1.0,0.0,0.0
bb00df25-e7be-420e-8ad1-1f9be60a4c4a,0,7,1,4,1.0,0.0,0.0
bb00df25-e7be-420e-8ad1-1f9be60a4c4a,0,9,4,16,0.75,0.114,0.697
bc2779a4-d0a2-4ba8-abbf-10129d3f82de,1,0,2,11,1.0,0.0,0.0
bc2779a4-d0a2-4ba8-abbf-10129d3f82de,1,1,2,12,1.0,0.0,0.0
bc2779a4-d0a2-4ba8-abbf-10129d3f82de,1,2,1,6,1.0,0.0,0.0
bc2779a4-d0a2-4ba8-abbf-10129d3f82de,1,3,3,12,1.0,0.0,0.044
bc2779a4-d0a2-4ba8-abbf-10129d3f82de,1,4,1,6,1.0,0.0,0.0
bc2779a4-d0a2-4ba8-abbf-10129d3f82de,1,5,6,24,0.583,0.134,0.968
bc2779a4-d0a2-4ba8-abbf-10129d3f82de,1,6,6,20,0.95,0.0,0.243
bc2779a4-d0a2-4ba8-abbf-10129d3f82de,2,7,4,18,1.0,0.0,0.137
bc2779a4-d0a2-4ba8-abbf-10129d3f82de,2,8,13,46,1.0,0.0,0.273
bc2779a4-d0a2-4ba8-abbf-10129d3f82de,2,9,6,20,1.0,0.0,0.041
bc2779a4-d0a2-4ba8-abbf-10129d3f82de,2,10,14,45,0.556,0.179,1.594
bc2779a4-d0a2-4ba8-abbf-10129d3f82de,2,11,4,18,1.0,0.0,0.188
bc2779a4-d0a2-4ba8-abbf-10129d3f82de,3,12,9,27,0.63,0.0,2.033
bc2779a4-d0a2-4ba8-abbf-10129d3f82de,3,13,4,12,0.5,0.703,2.114
bc2779a4-d0a2-4ba8-abbf-10129d3f82de,0,14,2,8,1.0,0.0,0.0
bfd05652-9331-4260-886d-1b6779ee1bfa,0,0,1,4,1.0,0.0,0.0
bfd05652-9331-4260-886d-1b6779ee1bfa,0,1,1,4,1.0,0.0,0.0
bfd05652-9331-4260-886d-1b6779ee1bfa,0,2,1,6,1.0,0.0,0.0
bfd05652-9331-4260-886d-1b6779ee1bfa,0,3,1,5,1.0,0.0,0.0
bfd05652-9331-4260-886d-1b6779ee1bfa,0,4,5,21,0.81,0.0,1.194
bfd05652-9331-4260-886d-1b6779ee1bfa,0,5,1,4,1.0,0.0,0.0
bfd05652-9331-4260-886d-1b6779ee1bfa,1,6,1,4,1.0,0.0,0.0
bfd05652-9331-4260-886d-1b6779ee1bfa,1,7,1,4,1.0,0.0,0.0
bfd05652-9331-4260-886d-1b6779ee1bfa,1,8,1,4,1.0,0.0,0.0
bfd05652-9331-4260-886d-1b6779ee1bfa,1,9,1,6,1.0,0.0,0.0
bfd05652-9331-4260-886d-1b6779ee1bfa,1,10,4,18,1.0,0.0,0.002
bfd05652-9331-4260-886d-1b6779ee1bfa,1,11,1,8,1.0,0.0,0.0
bfd05652-9331-4260-886d-1b6779ee1bfa,1,12,1,4,1.0,0.0,0.0
bfd05652-9331-4260-886d-1b6779ee1bfa,1,13,2,9,1.0,0.0,0.009
bfd05652-9331-4260-886d-1b6779ee1bfa,1,14,1,4,1.0,0.0,0.0
c001b1ca-ea07-472d-b888-6ab457d4e7d9,0,0,1,4,1.0,0.0,0.0
c001b1ca-ea07-472d-b888-6ab457d4e7d9,0,1,1,4,1.0,0.0,0.0
c001b1ca-ea07-472d-b888-6ab457d4e7d9,0,2,1,4,1.0,0.0,0.0
c001b1ca-ea07-472d-b888-6ab457d4e7d9,0,3,1,4,1.0,0.0,0.0
c001b1ca-ea07-472d-b888-6ab457d4e7d9,0,4,3,12,1.0,0.055,0.296
c001b1ca-ea07-472d-b888-6ab457d4e7d9,0,5,1,5,0.8,0.0,0.66
c001b1ca-ea07-472d-b888-6ab457d4e7d9,1,6,1,4,1.0,0.0,0.0
c001b1ca-ea07-472d-b888-6ab457d4e7d9,1,7,1,8,0.875,0.0,0.339
c001b1ca-ea07-472d-b888-6ab457d4e7d9,1,8,1,4,1.0,0.0,0.0
c001b1ca-ea07-472d-b888-6ab457d4e7d9,1,9,1,6,1.0,0.0,0.202
c2800052-b0e7-4c30-a881-f813cb0b2043,0,0,1,4,1.0,0.0,0.0
c2800052-b0e7-4c30-a881-f813cb0b2043,0,1,4,15,1.0,0.0,0.053
c2800052-b0e7-4c30-a881-f813cb0b2043,0,2,1,6,1.0,0.0,0.0
c2800052-b0e7-4c30-a881-f813cb0b2043,0,3,3,14,1.0,0.0,0.18
c2800052-b0e7-4c30-a881-f813cb0b2043,0,4,14,54,0.981,0.0,0.15
c2800052-b0e7-4c30-a881-f813cb0b2043,0,5,1,5,1.0,0.0,0.0
c2800052-b0e7-4c30-a881-f813cb0b2043,0,6,1,4,1.0,0.0,0.0
c2800052-b0e7-4c30-a881-f813cb0b2043,1,7,1,4,1.0,0.0,0.0
c2800052-b0e7-4c30-a881-f813cb0b2043,1,8,12,39,0.59,0.0,0.914
c2800052-b0e7-4c30-a881-f813cb0b2043,2,9,1,4,1.0,0.0,0.0
c2800052-b0e7-4c30-a881-f813cb0b2043,2,10,1,6,1.0,0.0,0.0
c2800052-b0e7-4c30-a881-f813cb0b2043,2,11,1,6,1.0,0.0,0.0
c3ddcac0-827d-48dc-9223-4b219d874fa5,0,0,1,6,1.0,0.0,0.0
c3ddcac0-827d-48dc-9223-4b219d874fa5,0,1,6,24,1.0,0.0,0.204
c3ddcac0-827d-48dc-9223-4b219d874fa5,0,2,1,4,1.0,0.0,0.0
c3ddcac0-827d-48dc-9223-4b219d874fa5,1,3,2,12,1.0,0.0,0.013
c3ddcac0-827d-48dc-9223-4b219d874fa5,1,4,1,6,1.0,0.0,0.0
c3ddcac0-827d-48dc-9223-4b219d874fa5,1,6,1,4,1.0,0.0,0.0
c3ddcac0-827d-48dc-9223-4b219d874fa5,1,7,1,4,1.0,0.0,0.0
c3ddcac0-827d-48dc-9223-4b219d874fa5,1,8,2,10,0.4,1.015,2.491
c3ddcac0-827d-48dc-9223-4b219d874fa5,1,9,1,4,1.0,0.0,0.0
c72ad855-9e52-46f1-886d-a9f37911521f,0,0,1,6,1.0,0.0,0.0
c72ad855-9e52-46f1-886d-a9f37911521f,0,1,1,4,1.0,0.0,0.0
c72ad855-9e52-46f1-886d-a9f37911521f,0,2,1,4,1.0,0.0,0.0
c72ad855-9e52-46f1-886d-a9f37911521f,0,3,1,4,1.0,0.0,0.0
c72ad855-9e52-46f1-886d-a9f37911521f,0,4,1,4,1.0,0.0,0.0
c72ad855-9e52-46f1-886d-a9f37911521f,0,5,3,14,1.0,0.099,0.184
c72ad855-9e52-46f1-886d-a9f37911521f,1,6,2,8,1.0,0.003,0.009
c72ad855-9e52-46f1-886d-a9f37911521f,1,7,8,35,0.514,0.032,1.072
c72ad855-9e52-46f1-886d-a9f37911521f,1,8,1,4,0.5,0.662,1.337
c72ad855-9e52-46f1-886d-a9f37911521f,1,9,2,8,1.0,0.002,0.006
c7898e89-b45b-47f3-96b7-8c1fa96ef9fd,0,0,1,4,1.0,0.0,0.0
c7898e89-b45b-47f3-96b7-8c1fa96ef9fd,0,1,1,4,1.0,0.0,0.0
c7898e89-b45b-47f3-96b7-8c1fa96ef9fd,0,2,1,4,1.0,0.094,0.094
c7898e89-b45b-47f3-96b7-8c1fa96ef9fd,0,3,1,4,1.0,0.0,0.0
c7898e89-b45b-47f3-96b7-8c1fa96ef9fd,0,4,1,4,1.0,0.227,0.227
c7898e89-b45b-47f3-96b7-8c1fa96ef9fd,1,5,31,105,0.257,1.337,3.271
c7f2456f-91fe-4aaa-a9ba-d886ec8e0648,0,0,1,6,1.0,0.0,0.0
c7f2456f-91fe-4aaa-a9ba-d886ec8e0648,0,1,4,20,0.9,0.0,1.095
c7f2456f-91fe-4aaa-a9ba-d886ec8e0648,0,2,1,4,1.0,0.0,0.0
c7f2456f-91fe-4aaa-a9ba-d886ec8e0648,0,3,1,4,1.0,0.0,0.0
c7f2456f-91fe-4aaa-a9ba-d886ec8e0648,0,4,1,4,1.0,0.0,0.0
c7f2456f-91fe-4aaa-a9ba-d886ec8e0648,0,5,2,8,1.0,0.0,0.21
c7f2456f-91fe-4aaa-a9ba-d886ec8e0648,0,6,1,6,0.833,0.0,0.845
c7f2456f-91fe-4aaa-a9ba-d886ec8e0648,0,8,4,14,1.0,0.0,0.216
c7f2456f-91fe-4aaa-a9ba-d886ec8e0648,0,9,1,6,0.5,0.452,2.628
c814dd8d-190b-4da2-ae80-d41c71e2b797,0,0,1,6,1.0,0.0,0.0
c814dd8d-190b-4da2-ae80-d41c71e2b797,0,1,1,4,1.0,0.0,0.0
c814dd8d-190b-4da2-ae80-d41c71e2b797,0,2,1,8,1.0,0.0,0.0
c814dd8d-190b-4da2-ae80-d41c71e2b797,0,3,2,8,1.0,0.0,0.0
c814dd8d-190b-4da2-ae80-d41c71e2b797,0,4,1,4,1.0,0.0,0.0
c814dd8d-190b-4da2-ae80-d41c71e2b797,0,5,1,4,1.0,0.0,0.0
c814dd8d-190b-4da2-ae80-d41c71e2b797,0,6,2,8,1.0,0.0,0.0
c814dd8d-190b-4da2-ae80-d41c71e2b797,0,7,1,4,1.0,0.0,0.0
c87c1e25-ff00-44ec-b823-b0966c81af70,0,0,1,5,1.0,0.0,0.0
c87c1e25-ff00-44ec-b823-b0966c81af70,0,1,15,47,0.894,0.158,0.52
c87c1e25-ff00-44ec-b823-b0966c81af70,0,2,1,10,1.0,0.0,0.0
c87c1e25-ff00-44ec-b823-b0966c81af70,0,3,1,4,1.0,0.0,0.0
c87c1e25-ff00-44ec-b823-b0966c81af70,0,4,2,13,1.0,0.0,0.104
c87c1e25-ff00-44ec-b823-b0966c81af70,0,5,2,12,1.0,0.0,0.0
c87c1e25-ff00-44ec-b823-b0966c81af70,0,6,15,49,0.612,0.054,0.614
c87c1e25-ff00-44ec-b823-b0966c81af70,1,7,3,10,0.8,0.0,2.08
c87c1e25-ff00-44ec-b823-b0966c81af70,1,9,7,32,0.562,0.003,1.352
c87c1e25-ff00-44ec-b823-b0966c81af70,1,10,3,12,0.75,0.0,1.548
c9a43a7c-7171-484c-ac98-54f9ba59b6e6,1,0,1,4,1.0,0.0,0.0
c9a43a7c-7171-484c-ac98-54f9ba59b6e6,1,1,2,10,1.0,0.0,0.0
c9a43a7c-7171-484c-ac98-54f9ba59b6e6,1,2,1,4,1.0,0.0,0.0
c9a43a7c-7171-484c-ac98-54f9ba59b6e6,1,3,1,4,1.0,0.0,0.0
c9a43a7c-7171-484c-ac98-54f9ba59b6e6,1,4,1,8,0.875,0.0,0.563
c9a43a7c-7171-484c-ac98-54f9ba59b6e6,1,5,1,6,0.833,0.0,0.701
c9a43a7c-7171-484c-ac98-54f9ba59b6e6,1,6,1,6,1.0,0.0,0.0
c9a43a7c-7171-484c-ac98-54f9ba59b6e6,1,7,1,6,1.0,0.0,0.0
c9a43a7c-7171-484c-ac98-54f9ba59b6e6,1,8,1,4,1.0,0.0,0.0
c9a43a7c-7171-484c-ac98-54f9ba59b6e6,2,9,2,11,1.0,0.0,0.002
c9a43a7c-7171-484c-ac98-54f9ba59b6e6,2,10,2,11,1.0,0.0,0.008
c9a43a7c-7171-484c-ac98-54f9ba59b6e6,2,11,2,14,0.929,0.0,0.295
c9a43a7c-7171-484c-ac98-54f9ba59b6e6,2,12,4,15,1.0,0.0,0.227
c9a43a7c-7171-484c-ac98-54f9ba59b6e6,2,13,2,8,1.0,0.002,0.005
c9a43a7c-7171-484c-ac98-54f9ba59b6e6,2,14,9,30,0.333,1.252,2.388
c9a43a7c-7171-484c-ac98-54f9ba59b6e6,0,15,1,4,1.0,0.0,0.0
cf982769-994b-4193-a621-91d46d1a3344,0,0,1,4,1.0,0.0,0.0
cf982769-994b-4193-a621-91d46d1a3344,0,2,2,8,0.375,0.978,1.822
cf982769-994b-4193-a621-91d46d1a3344,0,3,10,35,0.971,0.0,0.153
cf982769-994b-4193-a621-91d46d1a3344,0,4,4,17,0.765,0.0,2.953
cf982769-994b-4193-a621-91d46d1a3344,1,5,19,60,0.717,0.0,3.532
d28b528a-475b-4ac0-a38d-ee992cd877db,0,0,12,52,0.596,0.027,1.043
d28b528a-475b-4ac0-a38d-ee992cd877db,0,1,3,10,0.7,0.052,1.879
d28b528a-475b-4ac0-a38d-ee992cd877db,0,2,1,6,0.833,0.0,1.367
d28b528a-475b-4ac0-a38d-ee992cd877db,0,3,2,12,1.0,0.0,0.0
d28b528a-475b-4ac0-a38d-ee992cd877db,0,4,1,4,1.0,0.0,0.0
d28b528a-475b-4ac0-a38d-ee992cd877db,0,5,1,6,1.0,0.0,0.0
d28b528a-475b-4ac0-a38d-ee992cd877db,0,6,1,4,1.0,0.0,0.0
d28b528a-475b-4ac0-a38d-ee992cd877db,0,7,1,8,1.0,0.0,0.0
d28b528a-475b-4ac0-a38d-ee992cd877db,0,8,2,9,1.0,0.041,0.116
d28b528a-475b-4ac0-a38d-ee992cd877db,0,9,15,48,0.146,1.476,2.043
d28b528a-475b-4ac0-a38d-ee992cd877db,0,10,2,10,1.0,0.0,0.0
d28b528a-475b-4ac0-a38d-ee992cd877db,1,11,24,79,0.481,0.39,2.337
d28b528a-475b-4ac0-a38d-ee992cd877db,1,12,3,10,0.8,0.0,2.41
d28b528a-475b-4ac0-a38d-ee992cd877db,1,13,10,34,0.412,1.383,3.464
d28b528a-475b-4ac0-a38d-ee992cd877db,1,14,2,8,1.0,0.009,0.024
d28b528a-475b-4ac0-a38d-ee992cd877db,1,15,12,42,0.881,0.102,1.011
d28b528a-475b-4ac0-a38d-ee992cd877db,1,16,20,75,0.48,0.408,1.098
d32d5562-5763-4c71-a816-6732c638fa6a,0,0,7,27,0.741,0.105,0.934
d32d5562-5763-4c71-a816-6732c638fa6a,0,1,1,6,1.0,0.0,0.0
d32d5562-5763-4c71-a816-6732c638fa6a,0,2,1,4,1.0,0.0,0.0
d32d5562-5763-4c71-a816-6732c638fa6a,0,3,1,4,1.0,0.0,0.0
d32d5562-5763-4c71-a816-6732c638fa6a,0,4,1,8,1.0,0.0,0.15
d32d5562-5763-4c71-a816-6732c638fa6a,1,5,3,11,0.636,0.232,3.731
d32d5562-5763-4c71-a816-6732c638fa6a,1,6,4,22,0.909,0.0,1.279
d32d5562-5763-4c71-a816-6732c638fa6a,1,7,4,16,0.875,0.0,0.552
d32d5562-5763-4c71-a816-6732c638fa6a,1,8,5,17,0.647,0.0,0.375
d32d5562-5763-4c71-a816-6732c638fa6a,1,9,2,8,1.0,0.004,0.012
d4665def-0566-4ccc-aa62-8d562ec6e424,0,0,1,4,1.0,0.0,0.0
d4665def-0566-4ccc-aa62-8d562ec6e424,0,1,1,6,1.0,0.0,0.0
d4665def-0566-4ccc-aa62-8d562ec6e424,0,2,1,4,1.0,0.0,0.0
d4665def-0566-4ccc-aa62-8d562ec6e424,0,3,1,4,1.0,0.0,0.0
d4665def-0566-4ccc-aa62-8d562ec6e424,0,4,1,6,1.0,0.0,0.0
d4665def-0566-4ccc-aa62-8d562ec6e424,0,5,1,4,0.75,0.0,0.308
d683f65d-ad08-4f69-ab23-dbd7ec1bcaed,0,0,6,29,0.862,0.0,0.303
d683f65d-ad08-4f69-ab23-dbd7ec1bcaed,0,1,1,8,1.0,0.0,0.0
d683f65d-ad08-4f69-ab23-dbd7ec1bcaed,0,2,1,6,1.0,0.0,0.0
d683f65d-ad08-4f69-ab23-dbd7ec1bcaed,0,3,1,4,1.0,0.0,0.0
d683f65d-ad08-4f69-ab23-dbd7ec1bcaed,0,4,6,22,0.818,0.016,3.784
d683f65d-ad08-4f69-ab23-dbd7ec1bcaed,0,5,1,6,1.0,0.0,0.0
d683f65d-ad08-4f69-ab23-dbd7ec1bcaed,0,6,1,4,1.0,0.0,0.0
d683f65d-ad08-4f69-ab23-dbd7ec1bcaed,0,7,1,4,1.0,0.0,0.0
d683f65d-ad08-4f69-ab23-dbd7ec1bcaed,0,8,1,4,1.0,0.0,0.0
d683f65d-ad08-4f69-ab23-dbd7ec1bcaed,0,9,1,4,1.0,0.0,0.0
d683f65d-ad08-4f69-ab23-dbd7ec1bcaed,0,10,2,11,1.0,0.0,0.0
d683f65d-ad08-4f69-ab23-dbd7ec1bcaed,0,11,1,4,1.0,0.0,0.0
d683f65d-ad08-4f69-ab23-dbd7ec1bcaed,0,12,2,11,1.0,0.0,0.0
d683f65d-ad08-4f69-ab23-dbd7ec1bcaed,0,13,1,4,1.0,0.0,0.0
d7f1aa19-5ca9-4e1b-ac1a-c86d63f9ede7,0,0,1,4,1.0,0.0,0.0
d7f1aa19-5ca9-4e1b-ac1a-c86d63f9ede7,0,1,1,6,1.0,0.0,0.0
d7f1aa19-5ca9-4e1b-ac1a-c86d63f9ede7,0,2,1,4,1.0,0.0,0.0
d7f1aa19-5ca9-4e1b-ac1a-c86d63f9ede7,0,3,1,6,1.0,0.0,0.0
d7f1aa19-5ca9-4e1b-ac1a-c86d63f9ede7,0,4,3,11,1.0,0.0,0.1
d7f1aa19-5ca9-4e1b-ac1a-c86d63f9ede7,0,5,1,4,1.0,0.0,0.0
d8308bfc-c2c1-42bd-8503-282571708b8c,0,0,1,4,1.0,0.0,0.0
d8308bfc-c2c1-42bd-8503-282571708b8c,0,1,1,4,1.0,0.0,0.0
d8308bfc-c2c1-42bd-8503-282571708b8c,0,2,11,34,0.441,1.072,2.396
d8308bfc-c2c1-42bd-8503-282571708b8c,0,3,1,4,1.0,0.0,0.0
d8308bfc-c2c1-42bd-8503-282571708b8c,0,4,1,4,0.75,0.0,2.12
d8308bfc-c2c1-42bd-8503-282571708b8c,0,5,2,12,0.5,0.437,1.114
d8308bfc-c2c1-42bd-8503-282571708b8c,0,6,1,6,1.0,0.0,0.0
d8308bfc-c2c1-42bd-8503-282571708b8c,0,7,1,4,1.0,0.0,0.0
d8308bfc-c2c1-42bd-8503-282571708b8c,0,8,1,4,1.0,0.0,0.0
d8308bfc-c2c1-42bd-8503-282571708b8c,0,9,3,12,1.0,0.005,0.018
d8308bfc-c2c1-42bd-8503-282571708b8c,0,10,1,6,1.0,0.0,0.0
d8308bfc-c2c1-42bd-8503-282571708b8c,0,12,1,6,1.0,0.0,0.037
d8308bfc-c2c1-42bd-8503-282571708b8c,0,13,8,39,0.744,0.129,1.249
d904fdad-775d-4382-ba44-a4289889745e,0,0,2,10,1.0,0.0,0.063
d904fdad-775d-4382-ba44-a4289889745e,0,1,2,8,1.0,0.0,0.0
d904fdad-775d-4382-ba44-a4289889745e,0,2,1,6,1.0,0.0,0.0
d904fdad-775d-4382-ba44-a4289889745e,0,3,1,4,1.0,0.0,0.0
d904fdad-775d-4382-ba44-a4289889745e,0,4,1,4,1.0,0.0,0.0
d904fdad-775d-4382-ba44-a4289889745e,0,5,1,4,1.0,0.0,0.0
d904fdad-775d-4382-ba44-a4289889745e,0,6,1,4,1.0,0.0,0.0
d904fdad-775d-4382-ba44-a4289889745e,0,7,1,6,1.0,0.0,0.0
d904fdad-775d-4382-ba44-a4289889745e,0,8,1,6,1.0,0.0,0.0
d928da15-65c0-490c-84df-613a196930f0,0,0,1,4,0.75,0.0,2.885
d928da15-65c0-490c-84df-613a196930f0,0,2,2,11,0.636,0.106,1.468
d928da15-65c0-490c-84df-613a196930f0,0,3,2,10,0.9,0.0,0.641
d928da15-65c0-490c-84df-613a196930f0,0,4,1,6,0.833,0.0,0.561
d928da15-65c0-490c-84df-613a196930f0,0,5,1,4,1.0,0.0,0.0
d928da15-65c0-490c-84df-613a196930f0,0,6,1,6,1.0,0.0,0.0
d928da15-65c0-490c-84df-613a196930f0,0,7,1,4,1.0,0.0,0.0
d98923f0-3373-4d3c-ba03-c0df5d8b29d8,0,0,1,6,1.0,0.0,0.0
d98923f0-3373-4d3c-ba03-c0df5d8b29d8,0,1,1,6,1.0,0.0,0.0
d98923f0-3373-4d3c-ba03-c0df5d8b29d8,0,2,2,11,1.0,0.0,0.0
d98923f0-3373-4d3c-ba03-c0df5d8b29d8,0,3,1,4,1.0,0.0,0.0
d98923f0-3373-4d3c-ba03-c0df5d8b29d8,0,4,1,4,1.0,0.0,0.0
d98923f0-3373-4d3c-ba03-c0df5d8b29d8,0,5,1,4,1.0,0.0,0.0
d98923f0-3373-4d3c-ba03-c0df5d8b29d8,0,6,1,4,1.0,0.0,0.0
d98923f0-3373-4d3c-ba03-c0df5d8b29d8,0,7,1,4,1.0,0.0,0.0
dd4ba0e6-c9e0-444f-b815-9ad921cd3b87,0,0,1,4,1.0,0.0,0.0
dd4ba0e6-c9e0-444f-b815-9ad921cd3b87,0,1,1,4,1.0,0.0,0.0
dd4ba0e6-c9e0-444f-b815-9ad921cd3b87,0,2,1,4,1.0,0.0,0.0
dd4ba0e6-c9e0-444f-b815-9ad921cd3b87,0,3,12,50,0.94,0.023,0.293
dd4ba0e6-c9e0-444f-b815-9ad921cd3b87,0,4,1,4,0.75,0.0,1.476
dd4ba0e6-c9e0-444f-b815-9ad921cd3b87,0,6,2,8,1.0,0.0,0.0
dd4ba0e6-c9e0-444f-b815-9ad921cd3b87,0,7,7,28,1.0,0.0,0.243
dd4ba0e6-c9e0-444f-b815-9ad921cd3b87,0,8,2,8,1.0,0.0,0.0
df1f5f4f-8801-4d5d-9c64-f0ea8e1ce027,0,0,2,10,0.3,1.091,3.391
df1f5f4f-8801-4d5d-9c64-f0ea8e1ce027,0,1,1,4,1.0,0.0,0.0
df1f5f4f-8801-4d5d-9c64-f0ea8e1ce027,0,2,1,4,1.0,0.0,0.0
df1f5f4f-8801-4d5d-9c64-f0ea8e1ce027,0,3,1,4,1.0,0.0,0.0
df1f5f4f-8801-4d5d-9c64-f0ea8e1ce027,0,4,1,4,1.0,0.0,0.0
df1f5f4f-8801-4d5d-9c64-f0ea8e1ce027,0,5,1,4,1.0,0.0,0.0
df1f5f4f-8801-4d5d-9c64-f0ea8e1ce027,0,6,1,6,1.0,0.0,0.0
dfb88995-ff0a-4025-878b-b544364f8e92,0,0,1,10,1.0,0.0,0.0
dfb88995-ff0a-4025-878b-b544364f8e92,0,1,1,4,1.0,0.0,0.0
dfb88995-ff0a-4025-878b-b544364f8e92,0,2,9,32,0.531,0.243,0.959
dfb88995-ff0a-4025-878b-b544364f8e92,0,3,1,4,1.0,0.0,0.0
dfb88995-ff0a-4025-878b-b544364f8e92,1,4,3,18,0.611,0.0,1.846
dfb88995-ff0a-4025-878b-b544364f8e92,1,5,2,12,0.833,0.004,0.941
dfb88995-ff0a-4025-878b-b544364f8e92,1,6,13,49,0.265,0.634,1.866
dfb88995-ff0a-4025-878b-b544364f8e92,1,7,2,9,1.0,0.0,0.006
e0155eef-34a5-4642-bca6-39b83ee42af1,3,0,25,80,0.438,0.52,3.402
e0155eef-34a5-4642-bca6-39b83ee42af1,3,1,7,26,0.846,0.001,0.324
e0155eef-34a5-4642-bca6-39b83ee42af1,3,2,4,14,1.0,0.0,0.002
e0155eef-34a5-4642-bca6-39b83ee42af1,2,3,12,51,0.706,0.003,0.934
e0155eef-34a5-4642-bca6-39b83ee42af1,1,4,1,4,1.0,0.0,0.0
e0155eef-34a5-4642-bca6-39b83ee42af1,1,5,1,4,1.0,0.0,0.0
e0155eef-34a5-4642-bca6-39b83ee42af1,0,6,18,65,0.831,0.0,0.924
e0155eef-34a5-4642-bca6-39b83ee42af1,0,7,4,18,1.0,0.0,0.0
e0155eef-34a5-4642-bca6-39b83ee42af1,0,8,1,4,1.0,0.0,0.0
e0155eef-34a5-4642-bca6-39b83ee42af1,0,9,1,4,1.0,0.0,0.0
e0155eef-34a5-4642-bca6-39b83ee42af1,0,10,2,10,1.0,0.0,0.0
e0155eef-34a5-4642-bca6-39b83ee42af1,0,11,3,10,0.7,0.083,0.615
e01a968a-24dd-4ca3-b46f-5aff03b1779f,0,0,1,4,1.0,0.0,0.0
e01a968a-24dd-4ca3-b46f-5aff03b1779f,0,1,1,4,1.0,0.0,0.0
e01a968a-24dd-4ca3-b46f-5aff03b1779f,0,2,1,4,1.0,0.0,0.0
e01a968a-24dd-4ca3-b46f-5aff03b1779f,0,3,1,4,1.0,0.0,0.0
e01a968a-24dd-4ca3-b46f-5aff03b1779f,0,4,1,4,1.0,0.0,0.0
e01a968a-24dd-4ca3-b46f-5aff03b1779f,0,5,1,13,1.0,0.0,0.128
e01a968a-24dd-4ca3-b46f-5aff03b1779f,0,6,1,6,1.0,0.0,0.0
e028bcc5-73ee-45f9-924b-d7badbc66caf,0,0,1,6,1.0,0.0,0.0
e028bcc5-73ee-45f9-924b-d7badbc66caf,0,1,9,36,0.639,0.035,1.329
e028bcc5-73ee-45f9-924b-d7badbc66caf,0,2,1,4,1.0,0.0,0.0
e028bcc5-73ee-45f9-924b-d7badbc66caf,0,3,1,10,1.0,0.0,0.0
e028bcc5-73ee-45f9-924b-d7badbc66caf,0,4,1,6,1.0,0.0,0.0
e028bcc5-73ee-45f9-924b-d7badbc66caf,0,5,1,4,1.0,0.0,0.0
e028bcc5-73ee-45f9-924b-d7badbc66caf,0,6,1,4,1.0,0.0,0.0
e028bcc5-73ee-45f9-924b-d7badbc66caf,0,7,1,4,1.0,0.0,0.0
e028bcc5-73ee-45f9-924b-d7badbc66caf,0,8,1,4,1.0,0.0,0.0
e028bcc5-73ee-45f9-924b-d7badbc66caf,0,9,1,4,1.0,0.0,0.0
e028bcc5-73ee-45f9-924b-d7badbc66caf,1,10,3,12,1.0,0.001,0.012
e028bcc5-73ee-45f9-924b-d7badbc66caf,1,11,2,8,1.0,0.004,0.012
e028bcc5-73ee-45f9-924b-d7badbc66caf,1,12,6,21,0.571,0.0,1.269
e028bcc5-73ee-45f9-924b-d7badbc66caf,1,13,19,60,0.417,0.535,1.465
e028bcc5-73ee-45f9-924b-d7badbc66caf,1,14,3,11,1.0,0.0,0.186
e028bcc5-73ee-45f9-924b-d7badbc66caf,1,15,11,36,0.361,1.412,4.361
e0796748-79fd-40ae-be1f-e5977a9fe1e5,0,0,1,4,1.0,0.0,0.0
e0796748-79fd-40ae-be1f-e5977a9fe1e5,0,1,1,6,1.0,0.0,0.0
e0796748-79fd-40ae-be1f-e5977a9fe1e5,0,2,1,4,1.0,0.0,0.0
e0796748-79fd-40ae-be1f-e5977a9fe1e5,0,3,1,4,1.0,0.0,0.0
e0796748-79fd-40ae-be1f-e5977a9fe1e5,0,4,1,4,1.0,0.0,0.0
e0796748-79fd-40ae-be1f-e5977a9fe1e5,0,5,1,6,0.667,0.0,1.282
e0796748-79fd-40ae-be1f-e5977a9fe1e5,0,6,1,8,1.0,0.0,0.0
e0796748-79fd-40ae-be1f-e5977a9fe1e5,0,7,1,4,0.75,0.0,3.294
e0796748-79fd-40ae-be1f-e5977a9fe1e5,0,8,2,10,1.0,0.0,0.128
e0796748-79fd-40ae-be1f-e5977a9fe1e5,0,9,1,6,1.0,0.0,0.0
e0796748-79fd-40ae-be1f-e5977a9fe1e5,0,10,7,22,1.0,0.0,0.0
e0796748-79fd-40ae-be1f-e5977a9fe1e5,0,11,1,4,1.0,0.0,0.0
e496ca55-bafb-4b8b-b3f1-5f6fb5ae8c7e,0,0,2,14,1.0,0.0,0.0
e496ca55-bafb-4b8b-b3f1-5f6fb5ae8c7e,0,1,2,7,1.0,0.0,0.142
e496ca55-bafb-4b8b-b3f1-5f6fb5ae8c7e,0,2,1,4,0.75,0.0,2.931
e496ca55-bafb-4b8b-b3f1-5f6fb5ae8c7e,0,3,1,4,1.0,0.0,0.0
e496ca55-bafb-4b8b-b3f1-5f6fb5ae8c7e,0,4,1,4,1.0,0.0,0.0
e496ca55-bafb-4b8b-b3f1-5f6fb5ae8c7e,2,5,6,25,0.84,0.0,1.006
e496ca55-bafb-4b8b-b3f1-5f6fb5ae8c7e,2,6,3,12,0.833,0.0,0.4
e496ca55-bafb-4b8b-b3f1-5f6fb5ae8c7e,2,7,2,16,1.0,0.0,0.059
e496ca55-bafb-4b8b-b3f1-5f6fb5ae8c7e,2,8,2,10,1.0,0.0,0.006
e496ca55-bafb-4b8b-b3f1-5f6fb5ae8c7e,2,9,4,17,0.824,0.0,1.376
e496ca55-bafb-4b8b-b3f1-5f6fb5ae8c7e,2,10,2,8,1.0,0.0,0.009
e496ca55-bafb-4b8b-b3f1-5f6fb5ae8c7e,2,11,12,47,0.532,0.296,1.534
e496ca55-bafb-4b8b-b3f1-5f6fb5ae8c7e,1,12,1,7,1.0,0.0,0.0
e496ca55-bafb-4b8b-b3f1-5f6fb5ae8c7e,1,13,1,4,1.0,0.0,0.0
e496ca55-bafb-4b8b-b3f1-5f6fb5ae8c7e,1,14,1,5,1.0,0.0,0.0
e496ca55-bafb-4b8b-b3f1-5f6fb5ae8c7e,1,15,10,33,0.606,0.252,0.716
e496ca55-bafb-4b8b-b3f1-5f6fb5ae8c7e,1,16,1,4,1.0,0.0,0.0
e496ca55-bafb-4b8b-b3f1-5f6fb5ae8c7e,1,17,1,6,1.0,0.0,0.0
e4fe9821-2270-4d23-bc74-703743b5d282,0,0,1,4,1.0,0.0,0.0
e4fe9821-2270-4d23-bc74-703743b5d282,0,1,1,4,1.0,0.0,0.0
e4fe9821-2270-4d23-bc74-703743b5d282,0,2,1,4,0.5,0.199,4.875
e4fe9821-2270-4d23-bc74-703743b5d282,0,3,2,13,0.846,0.0,0.337
e4fe9821-2270-4d23-bc74-703743b5d282,0,4,2,10,0.4,1.77,3.619
e4fe9821-2270-4d23-bc74-703743b5d282,0,5,1,6,0.667,0.0,2.205
e4fe9821-2270-4d23-bc74-703743b5d282,0,6,1,4,1.0,0.0,0.0
e4fe9821-2270-4d23-bc74-703743b5d282,0,7,1,4,1.0,0.0,0.0
e4fe9821-2270-4d23-bc74-703743b5d282,0,8,2,8,1.0,0.0,0.0
e4fe9821-2270-4d23-bc74-703743b5d282,0,9,2,8,1.0,0.0,0.0
e4fe9821-2270-4d23-bc74-703743b5d282,0,10,1,4,0.75,0.0,0.705
e5adc187-70eb-4828-aa90-5fe3c46dfbce,0,0,1,10,1.0,0.0,0.0
e5adc187-70eb-4828-aa90-5fe3c46dfbce,0,1,1,4,1.0,0.0,0.0
e5adc187-70eb-4828-aa90-5fe3c46dfbce,0,2,1,4,1.0,0.0,0.0
e5adc187-70eb-4828-aa90-5fe3c46dfbce,0,3,1,6,1.0,0.0,0.0
e5adc187-70eb-4828-aa90-5fe3c46dfbce,0,4,1,4,1.0,0.0,0.0
e5adc187-70eb-4828-aa90-5fe3c46dfbce,0,5,1,4,1.0,0.0,0.0
e5adc187-70eb-4828-aa90-5fe3c46dfbce,0,6,4,13,1.0,0.0,0.247
e5adc187-70eb-4828-aa90-5fe3c46dfbce,0,7,1,6,1.0,0.0,0.0
e5adc187-70eb-4828-aa90-5fe3c46dfbce,1,8,3,12,1.0,0.003,0.009
e5adc187-70eb-4828-aa90-5fe3c46dfbce,1,9,6,24,0.5,0.488,1.763
e5adc187-70eb-4828-aa90-5fe3c46dfbce,1,10,4,17,0.824,0.0,0.529
e721a943-1c4f-4bd6-b8a3-f9558de79921,0,0,1,4,1.0,0.0,0.0
e721a943-1c4f-4bd6-b8a3-f9558de79921,0,1,1,4,1.0,0.0,0.0
e721a943-1c4f-4bd6-b8a3-f9558de79921,0,2,1,5,1.0,0.0,0.0
e721a943-1c4f-4bd6-b8a3-f9558de79921,0,3,1,4,1.0,0.0,0.0
e721a943-1c4f-4bd6-b8a3-f9558de79921,0,4,1,4,1.0,0.0,0.0
e721a943-1c4f-4bd6-b8a3-f9558de79921,0,5,1,4,1.0,0.0,0.0
e721a943-1c4f-4bd6-b8a3-f9558de79921,0,6,1,6,1.0,0.0,0.0
e721a943-1c4f-4bd6-b8a3-f9558de79921,0,7,1,4,1.0,0.0,0.0
e721a943-1c4f-4bd6-b8a3-f9558de79921,0,8,1,4,1.0,0.0,0.0
e7452ac7-517e-4321-9201-d52bf7f0cae9,0,0,2,11,0.455,0.364,1.062
e7452ac7-517e-4321-9201-d52bf7f0cae9,0,1,2,12,1.0,0.0,0.0
e7452ac7-517e-4321-9201-d52bf7f0cae9,0,2,1,4,1.0,0.0,0.0
e7452ac7-517e-4321-9201-d52bf7f0cae9,0,3,1,4,1.0,0.0,0.0
e7452ac7-517e-4321-9201-d52bf7f0cae9,0,4,1,4,1.0,0.0,0.0
e7452ac7-517e-4321-9201-d52bf7f0cae9,0,5,5,18,0.833,0.0,0.581
e7452ac7-517e-4321-9201-d52bf7f0cae9,0,6,1,4,1.0,0.0,0.0
e7452ac7-517e-4321-9201-d52bf7f0cae9,0,7,1,4,1.0,0.0,0.0
e7452ac7-517e-4321-9201-d52bf7f0cae9,0,8,1,4,1.0,0.0,0.0
e7452ac7-517e-4321-9201-d52bf7f0cae9,0,9,1,4,1.0,0.0,0.0
e7452ac7-517e-4321-9201-d52bf7f0cae9,0,10,2,12,1.0,0.0,0.0
e7452ac7-517e-4321-9201-d52bf7f0cae9,0,11,3,10,1.0,0.0,0.019
e93694c4-b9a9-4184-ab47-4d0d0a8504b2,0,0,2,8,1.0,0.002,0.004
e93694c4-b9a9-4184-ab47-4d0d0a8504b2,0,1,1,4,1.0,0.0,0.0
e93694c4-b9a9-4184-ab47-4d0d0a8504b2,0,2,1,4,1.0,0.0,0.0
e93694c4-b9a9-4184-ab47-4d0d0a8504b2,0,3,1,4,1.0,0.0,0.0
e93694c4-b9a9-4184-ab47-4d0d0a8504b2,0,4,2,17,0.882,0.0,0.341
e93694c4-b9a9-4184-ab47-4d0d0a8504b2,0,5,1,4,1.0,0.0,0.0
e93694c4-b9a9-4184-ab47-4d0d0a8504b2,0,6,1,6,1.0,0.0,0.0
e9a5d5e2-17c8-4879-89f2-f6a3af5cfd38,0,0,1,4,1.0,0.0,0.0
e9a5d5e2-17c8-4879-89f2-f6a3af5cfd38,0,1,1,4,0.5,1.269,2.538
e9a5d5e2-17c8-4879-89f2-f6a3af5cfd38,0,2,1,4,1.0,0.0,0.0
e9a5d5e2-17c8-4879-89f2-f6a3af5cfd38,0,3,1,6,1.0,0.0,0.0
e9a5d5e2-17c8-4879-89f2-f6a3af5cfd38,0,4,1,6,1.0,0.0,0.0
e9a5d5e2-17c8-4879-89f2-f6a3af5cfd38,0,5,1,4,1.0,0.0,0.0
e9a5d5e2-17c8-4879-89f2-f6a3af5cfd38,0,6,1,6,1.0,0.0,0.0
e9a5d5e2-17c8-4879-89f2-f6a3af5cfd38,0,7,1,4,1.0,0.0,0.0
e9dddee6-297a-43f5-b862-90091889ea39,0,0,3,12,1.0,0.035,0.104
e9dddee6-297a-43f5-b862-90091889ea39,0,1,1,4,1.0,0.0,0.0
e9dddee6-297a-43f5-b862-90091889ea39,0,2,5,17,0.824,0.0,0.644
e9dddee6-297a-43f5-b862-90091889ea39,0,3,1,5,1.0,0.0,0.0
e9dddee6-297a-43f5-b862-90091889ea39,0,4,1,6,1.0,0.0,0.0
e9dddee6-297a-43f5-b862-90091889ea39,1,5,7,31,0.871,0.181,0.348
e9dddee6-297a-43f5-b862-90091889ea39,1,6,5,20,0.65,0.0,0.748
e9dddee6-297a-43f5-b862-90091889ea39,1,7,1,6,1.0,0.0,0.0
e9dddee6-297a-43f5-b862-90091889ea39,1,8,20,63,0.635,0.0,1.428
e9dddee6-297a-43f5-b862-90091889ea39,2,9,2,14,0.714,0.004,0.891
e9dddee6-297a-43f5-b862-90091889ea39,2,10,2,12,0.833,0.002,1.238
e9dddee6-297a-43f5-b862-90091889ea39,2,11,7,26,0.923,0.0,0.789
e9dddee6-297a-43f5-b862-90091889ea39,2,12,2,12,1.0,0.0,0.014
e9dddee6-297a-43f5-b862-90091889ea39,2,13,11,42,0.738,0.0,1.03
e9f0631f-ae34-4d30-af21-d3369327755f,0,0,1,6,1.0,0.0,0.0
e9f0631f-ae34-4d30-af21-d3369327755f,0,1,1,4,1.0,0.0,0.0
e9f0631f-ae34-4d30-af21-d3369327755f,0,2,2,14,1.0,0.0,0.0
e9f0631f-ae34-4d30-af21-d3369327755f,0,3,7,25,0.32,0.402,0.42
e9f0631f-ae34-4d30-af21-d3369327755f,0,4,2,8,0.375,1.236,3.796
e9f0631f-ae34-4d30-af21-d3369327755f,0,5,1,4,1.0,0.0,0.0
e9f0631f-ae34-4d30-af21-d3369327755f,0,6,13,45,0.689,0.0,1.643
e9f0631f-ae34-4d30-af21-d3369327755f,0,7,5,16,1.0,0.0,0.0
e9f0631f-ae34-4d30-af21-d3369327755f,0,8,10,32,0.438,0.451,2.474
e9f0631f-ae34-4d30-af21-d3369327755f,0,9,1,10,1.0,0.0,0.0
e9f0631f-ae34-4d30-af21-d3369327755f,0,10,1,6,1.0,0.0,0.0
e9f0631f-ae34-4d30-af21-d3369327755f,0,11,3,12,0.667,0.0,0.45
e9f0631f-ae34-4d30-af21-d3369327755f,1,12,2,8,1.0,0.006,0.016
e9f0631f-ae34-4d30-af21-d3369327755f,1,13,2,8,1.0,0.003,0.01
e9f0631f-ae34-4d30-af21-d3369327755f,1,14,3,13,0.846,0.0,1.691
e9f0631f-ae34-4d30-af21-d3369327755f,1,15,2,12,1.0,0.0,0.0
e9f0631f-ae34-4d30-af21-d3369327755f,1,16,6,20,0.65,0.0,0.851
e9f0631f-ae34-4d30-af21-d3369327755f,1,17,5,19,0.789,0.0,0.586
e9f0631f-ae34-4d30-af21-d3369327755f,1,18,12,41,0.439,2.121,2.899
e9f0631f-ae34-4d30-af21-d3369327755f,1,19,12,42,0.5,0.268,0.94
ebd94f02-abc2-476d-8bf9-9bdfbc2a58dd,0,0,1,4,1.0,0.0,0.0
ebd94f02-abc2-476d-8bf9-9bdfbc2a58dd,0,1,1,4,1.0,0.0,0.0
ebd94f02-abc2-476d-8bf9-9bdfbc2a58dd,0,2,1,8,0.875,0.0,0.584
ebd94f02-abc2-476d-8bf9-9bdfbc2a58dd,0,3,1,4,1.0,0.0,0.0
ebd94f02-abc2-476d-8bf9-9bdfbc2a58dd,1,4,1,6,1.0,0.0,0.0
ebd94f02-abc2-476d-8bf9-9bdfbc2a58dd,1,5,1,14,1.0,0.0,0.0
ebd94f02-abc2-476d-8bf9-9bdfbc2a58dd,1,6,1,4,1.0,0.0,0.0
ebd94f02-abc2-476d-8bf9-9bdfbc2a58dd,1,7,1,4,1.0,0.0,0.0
ebd94f02-abc2-476d-8bf9-9bdfbc2a58dd,1,8,1,4,1.0,0.0,0.0
ebd94f02-abc2-476d-8bf9-9bdfbc2a58dd,1,9,1,6,1.0,0.0,0.0
ebd94f02-abc2-476d-8bf9-9bdfbc2a58dd,1,10,1,4,1.0,0.0,0.0
ebd94f02-abc2-476d-8bf9-9bdfbc2a58dd,1,11,1,4,1.0,0.0,0.0
ebd94f02-abc2-476d-8bf9-9bdfbc2a58dd,1,12,1,8,1.0,0.0,0.0
ebded652-9e37-4267-992a-8b575c9e1016,0,0,1,6,1.0,0.0,0.0
ebded652-9e37-4267-992a-8b575c9e1016,0,1,1,4,1.0,0.0,0.0
ebded652-9e37-4267-992a-8b575c9e1016,0,2,1,6,1.0,0.0,0.0
ebded652-9e37-4267-992a-8b575c9e1016,0,3,1,4,1.0,0.0,0.0
ebded652-9e37-4267-992a-8b575c9e1016,0,4,1,6,1.0,0.0,0.0
ebded652-9e37-4267-992a-8b575c9e1016,0,5,1,6,1.0,0.0,0.0
ebded652-9e37-4267-992a-8b575c9e1016,0,6,1,4,1.0,0.0,0.0
ebded652-9e37-4267-992a-8b575c9e1016,0,7,1,8,1.0,0.0,0.0
ebded652-9e37-4267-992a-8b575c9e1016,0,8,1,6,1.0,0.0,0.0
ed5231c3-375e-426e-b341-62f6d2b0b3f5,0,0,1,4,1.0,0.0,0.0
ed5231c3-375e-426e-b341-62f6d2b0b3f5,0,1,7,22,0.5,0.533,1.052
ed5231c3-375e-426e-b341-62f6d2b0b3f5,0,2,1,4,1.0,0.0,0.0
ed5231c3-375e-426e-b341-62f6d2b0b3f5,0,3,1,4,1.0,0.0,0.0
ed5231c3-375e-426e-b341-62f6d2b0b3f5,0,4,1,4,1.0,0.0,0.0
ed5231c3-375e-426e-b341-62f6d2b0b3f5,0,5,1,10,0.9,0.0,0.416
ed5231c3-375e-426e-b341-62f6d2b0b3f5,0,6,1,4,1.0,0.0,0.0
ed646d77-0d2b-4d72-b20d-be6aac6aa669,0,0,1,12,0.917,0.0,0.565
ed646d77-0d2b-4d72-b20d-be6aac6aa669,0,1,1,4,1.0,0.0,0.0
ed646d77-0d2b-4d72-b20d-be6aac6aa669,0,2,1,4,1.0,0.0,0.0
ed646d77-0d2b-4d72-b20d-be6aac6aa669,1,3,1,5,1.0,0.0,0.0
ed646d77-0d2b-4d72-b20d-be6aac6aa669,1,4,1,4,1.0,0.0,0.0
ed646d77-0d2b-4d72-b20d-be6aac6aa669,1,5,1,4,1.0,0.0,0.0
ed646d77-0d2b-4d72-b20d-be6aac6aa669,1,6,1,15,1.0,0.0,0.0
ed646d77-0d2b-4d72-b20d-be6aac6aa669,1,7,1,6,1.0,0.0,0.0
ed646d77-0d2b-4d72-b20d-be6aac6aa669,1,8,1,4,0.75,0.0,2.201
ed646d77-0d2b-4d72-b20d-be6aac6aa669,1,9,1,11,1.0,0.0,0.0
ed646d77-0d2b-4d72-b20d-be6aac6aa669,1,10,1,10,1.0,0.0,0.0
ed646d77-0d2b-4d72-b20d-be6aac6aa669,1,11,1,11,1.0,0.0,0.045
ed646d77-0d2b-4d72-b20d-be6aac6aa669,1,12,1,9,0.667,0.0,1.923
ed646d77-0d2b-4d72-b20d-be6aac6aa669,1,13,1,6,1.0,0.0,0.0
ed89b2f2-38dd-455f-a3df-13d92cdc1f8b,0,0,1,4,1.0,0.0,0.0
ed89b2f2-38dd-455f-a3df-13d92cdc1f8b,0,1,1,10,1.0,0.0,0.0
ed89b2f2-38dd-455f-a3df-13d92cdc1f8b,0,2,2,10,1.0,0.0,0.0
ed89b2f2-38dd-455f-a3df-13d92cdc1f8b,0,3,1,4,1.0,0.0,0.0
ed89b2f2-38dd-455f-a3df-13d92cdc1f8b,0,4,1,4,1.0,0.0,0.0
ed89b2f2-38dd-455f-a3df-13d92cdc1f8b,0,5,1,6,1.0,0.0,0.0
ed89b2f2-38dd-455f-a3df-13d92cdc1f8b,0,6,1,4,1.0,0.0,0.0
eda4954e-036f-4e74-817f-23ce2d309aa3,0,0,1,4,1.0,0.0,0.0
eda4954e-036f-4e74-817f-23ce2d309aa3,0,1,1,6,1.0,0.0,0.0
eda4954e-036f-4e74-817f-23ce2d309aa3,0,3,1,4,0.75,0.0,2.498
eda4954e-036f-4e74-817f-23ce2d309aa3,0,4,1,4,1.0,0.0,0.0
eda4954e-036f-4e74-817f-23ce2d309aa3,0,5,2,18,0.5,0.489,4.558
ef522d94-2279-4b9e-bd8f-90bb37043910,0,0,1,6,1.0,0.0,0.0
ef522d94-2279-4b9e-bd8f-90bb37043910,0,1,1,8,1.0,0.0,0.0
ef522d94-2279-4b9e-bd8f-90bb37043910,0,2,1,4,1.0,0.0,0.0
ef522d94-2279-4b9e-bd8f-90bb37043910,0,3,1,4,1.0,0.0,0.0
ef522d94-2279-4b9e-bd8f-90bb37043910,0,4,1,4,1.0,0.0,0.0
ef522d94-2279-4b9e-bd8f-90bb37043910,0,5,1,4,1.0,0.0,0.0
ef522d94-2279-4b9e-bd8f-90bb37043910,0,6,1,4,1.0,0.0,0.0
ef522d94-2279-4b9e-bd8f-90bb37043910,0,7,1,6,1.0,0.0,0.0
ef522d94-2279-4b9e-bd8f-90bb37043910,0,8,1,4,1.0,0.0,0.0
ef522d94-2279-4b9e-bd8f-90bb37043910,0,9,1,12,1.0,0.0,0.0
f16973df-10b9-4369-9f0d-dd295a34d970,0,0,1,4,1.0,0.0,0.0
f16973df-10b9-4369-9f0d-dd295a34d970,0,1,1,6,0.833,0.0,2.208
f16973df-10b9-4369-9f0d-dd295a34d970,0,2,1,4,1.0,0.0,0.0
f16973df-10b9-4369-9f0d-dd295a34d970,0,3,2,10,0.7,0.0,2.316
f16973df-10b9-4369-9f0d-dd295a34d970,0,4,1,4,1.0,0.0,0.0
f16973df-10b9-4369-9f0d-dd295a34d970,0,5,1,4,1.0,0.0,0.0
f16973df-10b9-4369-9f0d-dd295a34d970,0,6,1,4,1.0,0.0,0.0
f16973df-10b9-4369-9f0d-dd295a34d970,0,7,1,6,1.0,0.0,0.0
f16973df-10b9-4369-9f0d-dd295a34d970,0,8,1,4,1.0,0.0,0.0
f16973df-10b9-4369-9f0d-dd295a34d970,0,9,7,29,0.138,1.44,2.444
f40dcc9f-b97b-4bef-8b40-ba011aabf0bd,0,0,1,4,1.0,0.0,0.0
f40dcc9f-b97b-4bef-8b40-ba011aabf0bd,0,1,1,4,1.0,0.0,0.0
f40dcc9f-b97b-4bef-8b40-ba011aabf0bd,0,2,1,6,1.0,0.0,0.0
f40dcc9f-b97b-4bef-8b40-ba011aabf0bd,0,3,1,4,1.0,0.0,0.0
f40dcc9f-b97b-4bef-8b40-ba011aabf0bd,0,4,1,4,1.0,0.0,0.0
f40dcc9f-b97b-4bef-8b40-ba011aabf0bd,0,5,1,6,1.0,0.0,0.0
f40dcc9f-b97b-4bef-8b40-ba011aabf0bd,0,6,1,4,1.0,0.0,0.0
f40dcc9f-b97b-4bef-8b40-ba011aabf0bd,0,7,1,6,1.0,0.0,0.0
f40dcc9f-b97b-4bef-8b40-ba011aabf0bd,0,8,1,4,1.0,0.0,0.0
f46b4d89-ae67-405c-af8b-eb7396b06ef8,0,1,7,25,0.6,0.0,0.989
f46b4d89-ae67-405c-af8b-eb7396b06ef8,0,3,2,10,0.5,1.036,4.839
f46b4d89-ae67-405c-af8b-eb7396b06ef8,0,4,5,21,0.381,0.426,2.444
f46b4d89-ae67-405c-af8b-eb7396b06ef8,0,5,1,4,0.5,0.732,1.465
f46b4d89-ae67-405c-af8b-eb7396b06ef8,1,6,16,57,0.456,0.475,1.442
f46b4d89-ae67-405c-af8b-eb7396b06ef8,1,7,2,8,1.0,0.003,0.007
f46b4d89-ae67-405c-af8b-eb7396b06ef8,1,8,3,11,1.0,0.0,0.018
f46b4d89-ae67-405c-af8b-eb7396b06ef8,1,9,8,29,0.621,0.0,0.75
f919a443-ea71-4391-9bcb-bff1cf08c45d,0,0,1,4,1.0,0.0,0.0
f919a443-ea71-4391-9bcb-bff1cf08c45d,0,1,1,6,1.0,0.0,0.0
f919a443-ea71-4391-9bcb-bff1cf08c45d,0,2,1,4,0.75,0.0,2.25
f919a443-ea71-4391-9bcb-bff1cf08c45d,0,4,1,4,1.0,0.0,0.0
f919a443-ea71-4391-9bcb-bff1cf08c45d,0,5,2,14,1.0,0.0,0.141
f919a443-ea71-4391-9bcb-bff1cf08c45d,0,6,1,8,1.0,0.0,0.0
f919a443-ea71-4391-9bcb-bff1cf08c45d,0,7,2,10,0.3,2.497,3.829
f932e0d3-b002-4f89-97e7-ec54d4703506,0,0,1,6,1.0,0.0,0.0
f932e0d3-b002-4f89-97e7-ec54d4703506,0,1,2,14,1.0,0.0,0.0
f932e0d3-b002-4f89-97e7-ec54d4703506,0,2,1,6,1.0,0.0,0.0
f932e0d3-b002-4f89-97e7-ec54d4703506,0,3,1,4,1.0,0.0,0.0
f932e0d3-b002-4f89-97e7-ec54d4703506,0,4,1,4,1.0,0.0,0.0
f932e0d3-b002-4f89-97e7-ec54d4703506,1,5,1,6,1.0,0.0,0.0
f932e0d3-b002-4f89-97e7-ec54d4703506,1,6,1,5,1.0,0.0,0.0
f932e0d3-b002-4f89-97e7-ec54d4703506,1,8,1,6,1.0,0.0,0.0
f932e0d3-b002-4f89-97e7-ec54d4703506,1,9,6,25,0.68,0.098,1.026
f932e0d3-b002-4f89-97e7-ec54d4703506,2,10,2,8,1.0,0.0,0.001
f932e0d3-b002-4f89-97e7-ec54d4703506,2,11,3,12,1.0,0.0,0.216
f932e0d3-b002-4f89-97e7-ec54d4703506,2,12,9,33,0.545,0.258,1.127
f932e0d3-b002-4f89-97e7-ec54d4703506,2,13,3,12,1.0,0.004,0.009
fb279aa5-092f-4146-83ff-b557415e7ba4,0,0,5,24,0.708,0.015,1.75
fb279aa5-092f-4146-83ff-b557415e7ba4,0,1,4,13,0.769,0.0,0.313
fb279aa5-092f-4146-83ff-b557415e7ba4,0,3,1,4,1.0,0.0,0.0
fb279aa5-092f-4146-83ff-b557415e7ba4,0,4,1,4,1.0,0.0,0.0
fb279aa5-092f-4146-83ff-b557415e7ba4,0,6,1,6,1.0,0.0,0.0
fb279aa5-092f-4146-83ff-b557415e7ba4,0,7,2,8,1.0,0.001,0.001
fb279aa5-092f-4146-83ff-b557415e7ba4,0,8,1,4,1.0,0.0,0.0
fb279aa5-092f-4146-83ff-b557415e7ba4,0,9,3,11,0.818,0.0,0.333
fc46b0be-a3aa-4a28-820c-a16691bcdd61,0,0,1,4,1.0,0.0,0.0
fc46b0be-a3aa-4a28-820c-a16691bcdd61,0,1,1,4,1.0,0.0,0.0
fc46b0be-a3aa-4a28-820c-a16691bcdd61,0,3,2,10,0.7,0.121,2.339
fc46b0be-a3aa-4a28-820c-a16691bcdd61,0,4,1,4,1.0,0.0,0.0
fc46b0be-a3aa-4a28-820c-a16691bcdd61,0,5,1,4,0.75,0.0,1.286
fc46b0be-a3aa-4a28-820c-a16691bcdd61,0,6,1,6,0.833,0.0,1.277
fc46b0be-a3aa-4a28-820c-a16691bcdd61,0,7,1,6,1.0,0.0,0.0
fc46b0be-a3aa-4a28-820c-a16691bcdd61,0,8,1,4,1.0,0.0,0.0
fd6ee1a7-7243-4c9b-ad7a-5d146b7f8706,0,0,2,11,1.0,0.0,0.0
fd6ee1a7-7243-4c9b-ad7a-5d146b7f8706,0,1,4,21,0.667,0.089,2.382
fd6ee1a7-7243-4c9b-ad7a-5d146b7f8706,0,3,1,4,1.0,0.0,0.0
fd6ee1a7-7243-4c9b-ad7a-5d146b7f8706,0,4,1,4,1.0,0.0,0.0
fd6ee1a7-7243-4c9b-ad7a-5d146b7f8706,0,5,1,4,1.0,0.0,0.0
fd6ee1a7-7243-4c9b-ad7a-5d146b7f8706,0,6,1,4,1.0,0.0,0.0
fd6ee1a7-7243-4c9b-ad7a-5d146b7f8706,0,8,1,4,1.0,0.0,0.0
fe829d59-c9f1-4194-a40b-39600a4f27b6,0,0,2,14,1.0,0.0,0.116
fe829d59-c9f1-4194-a40b-39600a4f27b6,0,1,1,5,1.0,0.0,0.0
fe829d59-c9f1-4194-a40b-39600a4f27b6,0,2,2,10,1.0,0.0,0.0
fe829d59-c9f1-4194-a40b-39600a4f27b6,0,3,2,13,1.0,0.0,0.0
fe829d59-c9f1-4194-a40b-39600a4f27b6,0,4,1,6,1.0,0.0,0.0
fe829d59-c9f1-4194-a40b-39600a4f27b6,1,5,1,6,1.0,0.0,0.0
fe829d59-c9f1-4194-a40b-39600a4f27b6,1,6,1,4,1.0,0.0,0.0
fe829d59-c9f1-4194-a40b-39600a4f27b6,1,7,1,8,1.0,0.0,0.0
fe829d59-c9f1-4194-a40b-39600a4f27b6,1,8,5,17,0.647,0.105,0.842
fe829d59-c9f1-4194-a40b-39600a4f27b6,2,9,3,14,1.0,0.0,0.007
fe829d59-c9f1-4194-a40b-39600a4f27b6,2,10,2,13,0.846,0.0,0.746
fe829d59-c9f1-4194-a40b-39600a4f27b6,2,11,2,12,0.833,0.002,0.59
fe829d59-c9f1-4194-a40b-39600a4f27b6,2,12,6,22,0.545,0.0,0.656
fe829d59-c9f1-4194-a40b-39600a4f27b6,2,13,2,10,0.8,0.013,0.721
feccbd0c-0420-4775-b5b7-49b99559947e,0,0,1,4,1.0,0.0,0.0
feccbd0c-0420-4775-b5b7-49b99559947e,0,1,1,4,1.0,0.0,0.0
feccbd0c-0420-4775-b5b7-49b99559947e,0,2,1,6,1.0,0.0,0.0
feccbd0c-0420-4775-b5b7-49b99559947e,0,3,1,8,1.0,0.0,0.0
feccbd0c-0420-4775-b5b7-49b99559947e,0,4,6,18,0.833,0.0,0.727
feccbd0c-0420-4775-b5b7-49b99559947e,0,5,1,4,1.0,0.0,0.0
feccbd0c-0420-4775-b5b7-49b99559947e,0,6,1,7,1.0,0.0,0.0
feccbd0c-0420-4775-b5b7-49b99559947e,0,7,1,6,1.0,0.0,0.0
feccbd0c-0420-4775-b5b7-49b99559947e,0,8,1,4,1.0,0.0,0.0
feccbd0c-0420-4775-b5b7-49b99559947e,0,9,1,4,1.0,0.0,0.0
