uuid,story,chain_id,edge_count,total_length_m,azimuth_deg,y_mean,start_xz,end_xz,member_plane_ids
016980bc-6762-4022-bfbf-17df4112e10c,0,016980bc-6762-4022-bfbf-17df4112e10c::eave-chain::0:0,1,4.120255,125.802142,-4.3879,"[2.6241, 1.7527]","[-0.7176, 4.163]","[""016980bc-6762-4022-bfbf-17df4112e10c::ceiling-raw::0:0:0""]"
016980bc-6762-4022-bfbf-17df4112e10c,0,016980bc-6762-4022-bfbf-17df4112e10c::eave-chain::0:1,1,4.068106,35.802258,-4.3879,"[-0.7176, 4.163]","[-3.0974, 0.8636]","[""016980bc-6762-4022-bfbf-17df4112e10c::ceiling-raw::0:0:0""]"
016980bc-6762-4022-bfbf-17df4112e10c,0,016980bc-6762-4022-bfbf-17df4112e10c::eave-chain::0:2,1,4.120255,125.802142,-4.3879,"[-3.0974, 0.8636]","[0.2443, -1.5467]","[""016980bc-6762-4022-bfbf-17df4112e10c::ceiling-raw::0:0:0""]"
016980bc-6762-4022-bfbf-17df4112e10c,0,016980bc-6762-4022-bfbf-17df4112e10c::eave-chain::0:3,1,4.068106,35.802258,-4.3879,"[0.2443, -1.5467]","[2.6241, 1.7527]","[""016980bc-6762-4022-bfbf-17df4112e10c::ceiling-raw::0:0:0""]"
016980bc-6762-4022-bfbf-17df4112e10c,1,016980bc-6762-4022-bfbf-17df4112e10c::eave-chain::1:0,1,3.251467,34.674424,-1.5856,"[0.4795, -1.4554]","[-1.3703, -4.1294]","[""016980bc-6762-4022-bfbf-17df4112e10c::ceiling-raw::1:6:0""]"
016980bc-6762-4022-bfbf-17df4112e10c,1,016980bc-6762-4022-bfbf-17df4112e10c::eave-chain::1:1,1,3.034408,124.674136,-1.5856,"[-1.3703, -4.1294]","[1.1252, -5.8557]","[""016980bc-6762-4022-bfbf-17df4112e10c::ceiling-raw::1:6:0""]"
016980bc-6762-4022-bfbf-17df4112e10c,1,016980bc-6762-4022-bfbf-17df4112e10c::eave-chain::1:2,1,3.58331,34.674625,-1.5856,"[1.1252, -5.8557]","[3.1638, -2.9088]","[""016980bc-6762-4022-bfbf-17df4112e10c::ceiling-raw::1:6:0""]"
016980bc-6762-4022-bfbf-17df4112e10c,1,016980bc-6762-4022-bfbf-17df4112e10c::eave-chain::1:3,1,2.690555,124.674682,-1.5856,"[3.1638, -2.9088]","[0.9511, -1.3781]","[""016980bc-6762-4022-bfbf-17df4112e10c::ceiling-raw::1:6:0""]"
016980bc-6762-4022-bfbf-17df4112e10c,2,016980bc-6762-4022-bfbf-17df4112e10c::eave-chain::2:0,2,4.175662,125.625856,0.87384,"[4.081078, -1.527027]","[0.688748, 0.903959]","[""016980bc-6762-4022-bfbf-17df4112e10c::ceiling-raw::2:10:1"", ""016980bc-6762-4022-bfbf-17df4112e10c::ceiling-raw::2:9:0""]"
016980bc-6762-4022-bfbf-17df4112e10c,2,016980bc-6762-4022-bfbf-17df4112e10c::eave-chain::2:1,1,1.491466,35.236239,0.9552,"[1.5998, 0.2277]","[0.7393, -0.9905]","[""016980bc-6762-4022-bfbf-17df4112e10c::ceiling-raw::2:9:0""]"
016980bc-6762-4022-bfbf-17df4112e10c,2,016980bc-6762-4022-bfbf-17df4112e10c::eave-chain::2:2,1,3.246284,35.2332,0.9552,"[2.2093, -4.1772]","[4.0821, -1.5256]","[""016980bc-6762-4022-bfbf-17df4112e10c::ceiling-raw::2:9:0""]"
016980bc-6762-4022-bfbf-17df4112e10c,2,016980bc-6762-4022-bfbf-17df4112e10c::eave-chain::2:3,1,3.089908,125.417828,-0.0183,"[-0.853, -3.157]","[1.6651, -4.9477]","[""016980bc-6762-4022-bfbf-17df4112e10c::ceiling-raw::2:9:1""]"
016980bc-6762-4022-bfbf-17df4112e10c,2,016980bc-6762-4022-bfbf-17df4112e10c::eave-chain::2:4,1,3.084558,35.233215,0.9245,"[-1.845, 2.5173]","[-3.6245, -0.0022]","[""016980bc-6762-4022-bfbf-17df4112e10c::ceiling-raw::2:10:0""]"
016980bc-6762-4022-bfbf-17df4112e10c,2,016980bc-6762-4022-bfbf-17df4112e10c::eave-chain::2:5,1,4.136986,125.234033,-0.0591,"[2.1061, 0.9404]","[-1.273, 3.3271]","[""016980bc-6762-4022-bfbf-17df4112e10c::ceiling-raw::2:10:1""]"
016980bc-6762-4022-bfbf-17df4112e10c,2,016980bc-6762-4022-bfbf-17df4112e10c::eave-chain::2:6,1,3.000294,125.126095,-0.05915,"[-4.1473, -0.7424]","[-1.6934, -2.4687]","[""016980bc-6762-4022-bfbf-17df4112e10c::ceiling-raw::2:10:3""]"
016980bc-6762-4022-bfbf-17df4112e10c,2,016980bc-6762-4022-bfbf-17df4112e10c::eave-chain::2:7,1,0.980181,125.113655,-1.1702,"[-2.3168, -3.487]","[-1.515, -4.0508]","[""016980bc-6762-4022-bfbf-17df4112e10c::ceiling-raw::2:11:1""]"
019e1376-9762-42d6-8520-b664b8c752df,0,019e1376-9762-42d6-8520-b664b8c752df::eave-chain::0:0,1,1.110507,13.078921,-0.4987,"[5.0456, -5.5477]","[5.2969, -4.466]","[""019e1376-9762-42d6-8520-b664b8c752df::ceiling-raw::0:5:0""]"
019e1376-9762-42d6-8520-b664b8c752df,0,019e1376-9762-42d6-8520-b664b8c752df::eave-chain::0:1,1,2.254976,103.076699,-0.4987,"[5.2969, -4.466]","[3.1004, -3.9558]","[""019e1376-9762-42d6-8520-b664b8c752df::ceiling-raw::0:5:0""]"
019e1376-9762-42d6-8520-b664b8c752df,0,019e1376-9762-42d6-8520-b664b8c752df::eave-chain::0:2,1,1.110387,13.075062,-0.4987,"[3.1004, -3.9558]","[2.8492, -5.0374]","[""019e1376-9762-42d6-8520-b664b8c752df::ceiling-raw::0:5:0""]"
019e1376-9762-42d6-8520-b664b8c752df,0,019e1376-9762-42d6-8520-b664b8c752df::eave-chain::0:3,1,2.254901,103.079749,-0.4987,"[2.8492, -5.0374]","[5.0456, -5.5477]","[""019e1376-9762-42d6-8520-b664b8c752df::ceiling-raw::0:5:0""]"
019e1376-9762-42d6-8520-b664b8c752df,1,019e1376-9762-42d6-8520-b664b8c752df::eave-chain::1:0,1,2.063321,13.078495,0.9192,"[-3.1685, -0.9994]","[-2.7016, 1.0104]","[""019e1376-9762-42d6-8520-b664b8c752df::ceiling-raw::1:0:0""]"
019e1376-9762-42d6-8520-b664b8c752df,1,019e1376-9762-42d6-8520-b664b8c752df::eave-chain::1:1,3,3.756192,12.821343,0.938349,"[2.001014, -2.175147]","[2.453434, -0.187244]","[""019e1376-9762-42d6-8520-b664b8c752df::ceiling-raw::1:0:0"", ""019e1376-9762-42d6-8520-b664b8c752df::ceiling-raw::1:2:0"", ""019e1376-9762-42d6-8520-b664b8c752df::ceiling-raw::1:3:0""]"
019e1376-9762-42d6-8520-b664b8c752df,1,019e1376-9762-42d6-8520-b664b8c752df::eave-chain::1:2,4,8.558559,102.751419,0.756234,"[2.283753, -0.991785]","[8.34257, -2.362913]","[""019e1376-9762-42d6-8520-b664b8c752df::ceiling-raw::1:0:0"", ""019e1376-9762-42d6-8520-b664b8c752df::ceiling-raw::1:1:0"", ""019e1376-9762-42d6-8520-b664b8c752df::ceiling-raw::1:2:0"", ""019e1376-9762-42d6-8520-b664b8c752df::ceiling-raw::1:4:0""]"
019e1376-9762-42d6-8520-b664b8c752df,1,019e1376-9762-42d6-8520-b664b8c752df::eave-chain::1:3,4,8.180098,14.545658,0.879163,"[3.17196, -2.059346]","[4.310355, 2.328075]","[""019e1376-9762-42d6-8520-b664b8c752df::ceiling-raw::1:0:0"", ""019e1376-9762-42d6-8520-b664b8c752df::ceiling-raw::1:2:0"", ""019e1376-9762-42d6-8520-b664b8c752df::ceiling-raw::1:2:2"", ""019e1376-9762-42d6-8520-b664b8c752df::ceiling-raw::1:4:0""]"
019e1376-9762-42d6-8520-b664b8c752df,1,019e1376-9762-42d6-8520-b664b8c752df::eave-chain::1:4,1,4.754097,13.077452,0.9192,"[-5.6365, 4.4906]","[-6.7122, -0.1402]","[""019e1376-9762-42d6-8520-b664b8c752df::ceiling-raw::1:0:0""]"
019e1376-9762-42d6-8520-b664b8c752df,1,019e1376-9762-42d6-8520-b664b8c752df::eave-chain::1:5,3,8.619429,102.390122,0.676767,"[-6.839268, -0.687407]","[1.834143, -2.592813]","[""019e1376-9762-42d6-8520-b664b8c752df::ceiling-raw::1:0:2"", ""019e1376-9762-42d6-8520-b664b8c752df::ceiling-raw::1:3:1"", ""019e1376-9762-42d6-8520-b664b8c752df::ceiling-raw::1:6:1""]"
019e1376-9762-42d6-8520-b664b8c752df,1,019e1376-9762-42d6-8520-b664b8c752df::eave-chain::1:6,2,14.975951,103.350526,0.650384,"[9.432033, 1.589979]","[-5.487674, 5.130744]","[""019e1376-9762-42d6-8520-b664b8c752df::ceiling-raw::1:0:3"", ""019e1376-9762-42d6-8520-b664b8c752df::ceiling-raw::1:4:1""]"
019e1376-9762-42d6-8520-b664b8c752df,1,019e1376-9762-42d6-8520-b664b8c752df::eave-chain::1:7,1,1.858181,13.075969,0.5563,"[7.9181, -4.1909]","[8.3385, -2.3809]","[""019e1376-9762-42d6-8520-b664b8c752df::ceiling-raw::1:1:0""]"
019e1376-9762-42d6-8520-b664b8c752df,1,019e1376-9762-42d6-8520-b664b8c752df::eave-chain::1:8,4,4.462636,13.511636,0.561082,"[5.93694, -1.822713]","[5.319138, -4.393743]","[""019e1376-9762-42d6-8520-b664b8c752df::ceiling-raw::1:1:0"", ""019e1376-9762-42d6-8520-b664b8c752df::ceiling-raw::1:2:1"", ""019e1376-9762-42d6-8520-b664b8c752df::ceiling-raw::1:2:2"", ""019e1376-9762-42d6-8520-b664b8c752df::ceiling-raw::1:2:3""]"
019e1376-9762-42d6-8520-b664b8c752df,1,019e1376-9762-42d6-8520-b664b8c752df::eave-chain::1:9,1,2.422795,103.009506,-0.3498,"[5.1099, -5.572]","[7.4705, -6.1174]","[""019e1376-9762-42d6-8520-b664b8c752df::ceiling-raw::1:1:1""]"
019e1376-9762-42d6-8520-b664b8c752df,1,019e1376-9762-42d6-8520-b664b8c752df::eave-chain::1:10,2,4.880791,13.078114,0.7773,"[7.61702, -2.179405]","[8.287405, 0.706399]","[""019e1376-9762-42d6-8520-b664b8c752df::ceiling-raw::1:4:0"", ""019e1376-9762-42d6-8520-b664b8c752df::ceiling-raw::1:4:2""]"
019e1376-9762-42d6-8520-b664b8c752df,1,019e1376-9762-42d6-8520-b664b8c752df::eave-chain::1:11,1,3.03081,13.077933,0.5598,"[8.7446, -1.3691]","[9.4304, 1.5831]","[""019e1376-9762-42d6-8520-b664b8c752df::ceiling-raw::1:4:2""]"
019e1376-9762-42d6-8520-b664b8c752df,1,019e1376-9762-42d6-8520-b664b8c752df::eave-chain::1:12,1,0.971256,131.431211,0.9786,"[2.248, -2.0879]","[2.9762, -2.7306]","[""019e1376-9762-42d6-8520-b664b8c752df::ceiling-raw::1:2:0""]"
019e1376-9762-42d6-8520-b664b8c752df,1,019e1376-9762-42d6-8520-b664b8c752df::eave-chain::1:13,1,2.241342,103.078923,0.5646,"[3.1291, -3.8849]","[5.3123, -4.3921]","[""019e1376-9762-42d6-8520-b664b8c752df::ceiling-raw::1:2:4""]"
0430ebc2-236b-4b5d-991f-3e97ad246b78,0,0430ebc2-236b-4b5d-991f-3e97ad246b78::eave-chain::0:0,4,20.226004,65.340663,0.976654,"[10.359431, 3.318006]","[-1.079542, -1.933501]","[""0430ebc2-236b-4b5d-991f-3e97ad246b78::ceiling-raw::0:0:0"", ""0430ebc2-236b-4b5d-991f-3e97ad246b78::ceiling-raw::0:1:0"", ""0430ebc2-236b-4b5d-991f-3e97ad246b78::ceiling-raw::0:2:0"", ""0430ebc2-236b-4b5d-991f-3e97ad246b78::ceiling-raw::0:7:0""]"
0430ebc2-236b-4b5d-991f-3e97ad246b78,0,0430ebc2-236b-4b5d-991f-3e97ad246b78::eave-chain::0:1,5,10.869418,156.956374,0.946692,"[-2.14866, 0.646786]","[2.26455, -9.728114]","[""0430ebc2-236b-4b5d-991f-3e97ad246b78::ceiling-raw::0:0:0"", ""0430ebc2-236b-4b5d-991f-3e97ad246b78::ceiling-raw::0:4:0"", ""0430ebc2-236b-4b5d-991f-3e97ad246b78::ceiling-raw::0:5:0"", ""0430ebc2-236b-4b5d-991f-3e97ad246b78::ceiling-raw::0:6:1"", ""0430ebc2-236b-4b5d-991f-3e97ad246b78::ceiling-raw::0:7:0""]"
0430ebc2-236b-4b5d-991f-3e97ad246b78,0,0430ebc2-236b-4b5d-991f-3e97ad246b78::eave-chain::0:2,2,6.109333,66.748708,0.927594,"[0.032948, -4.52916]","[3.58929, -3.001141]","[""0430ebc2-236b-4b5d-991f-3e97ad246b78::ceiling-raw::0:0:0"", ""0430ebc2-236b-4b5d-991f-3e97ad246b78::ceiling-raw::0:4:0""]"
0430ebc2-236b-4b5d-991f-3e97ad246b78,0,0430ebc2-236b-4b5d-991f-3e97ad246b78::eave-chain::0:3,1,2.412142,157.275804,1.0166,"[5.9437, 1.4358]","[5.0119, 3.6607]","[""0430ebc2-236b-4b5d-991f-3e97ad246b78::ceiling-raw::0:1:0""]"
0430ebc2-236b-4b5d-991f-3e97ad246b78,0,0430ebc2-236b-4b5d-991f-3e97ad246b78::eave-chain::0:4,2,7.708267,67.17231,0.954163,"[5.011882, 3.660744]","[-2.158469, 0.642528]","[""0430ebc2-236b-4b5d-991f-3e97ad246b78::ceiling-raw::0:1:0"", ""0430ebc2-236b-4b5d-991f-3e97ad246b78::ceiling-raw::0:7:0""]"
0430ebc2-236b-4b5d-991f-3e97ad246b78,0,0430ebc2-236b-4b5d-991f-3e97ad246b78::eave-chain::0:5,2,5.206609,157.397058,0.949673,"[2.510935, -0.431496]","[1.431522, 2.161253]","[""0430ebc2-236b-4b5d-991f-3e97ad246b78::ceiling-raw::0:1:0"", ""0430ebc2-236b-4b5d-991f-3e97ad246b78::ceiling-raw::0:7:0""]"
0430ebc2-236b-4b5d-991f-3e97ad246b78,0,0430ebc2-236b-4b5d-991f-3e97ad246b78::eave-chain::0:6,1,5.334217,157.274458,1.0226,"[12.4654, -1.7007]","[10.4047, 3.2194]","[""0430ebc2-236b-4b5d-991f-3e97ad246b78::ceiling-raw::0:2:0""]"
0430ebc2-236b-4b5d-991f-3e97ad246b78,0,0430ebc2-236b-4b5d-991f-3e97ad246b78::eave-chain::0:7,2,12.505882,66.946321,0.996466,"[4.520541, -5.114038]","[12.476987, -1.727926]","[""0430ebc2-236b-4b5d-991f-3e97ad246b78::ceiling-raw::0:2:0"", ""0430ebc2-236b-4b5d-991f-3e97ad246b78::ceiling-raw::0:3:0""]"
0430ebc2-236b-4b5d-991f-3e97ad246b78,0,0430ebc2-236b-4b5d-991f-3e97ad246b78::eave-chain::0:8,2,7.150274,67.487436,0.970307,"[2.231039, -9.741911]","[9.423877, -6.760692]","[""0430ebc2-236b-4b5d-991f-3e97ad246b78::ceiling-raw::0:3:0"", ""0430ebc2-236b-4b5d-991f-3e97ad246b78::ceiling-raw::0:5:0""]"
0430ebc2-236b-4b5d-991f-3e97ad246b78,0,0430ebc2-236b-4b5d-991f-3e97ad246b78::eave-chain::0:9,1,3.368283,157.274932,0.9379,"[9.4233, -6.7593]","[8.1221, -3.6525]","[""0430ebc2-236b-4b5d-991f-3e97ad246b78::ceiling-raw::0:3:0""]"
0430ebc2-236b-4b5d-991f-3e97ad246b78,0,0430ebc2-236b-4b5d-991f-3e97ad246b78::eave-chain::0:10,1,3.368375,157.275589,0.9379,"[4.5629, -5.1431]","[5.8641, -8.25]","[""0430ebc2-236b-4b5d-991f-3e97ad246b78::ceiling-raw::0:3:0""]"
0430ebc2-236b-4b5d-991f-3e97ad246b78,0,0430ebc2-236b-4b5d-991f-3e97ad246b78::eave-chain::0:11,2,4.553915,67.294107,0.976358,"[2.894274, -5.250242]","[0.758268, -6.14401]","[""0430ebc2-236b-4b5d-991f-3e97ad246b78::ceiling-raw::0:4:0"", ""0430ebc2-236b-4b5d-991f-3e97ad246b78::ceiling-raw::0:6:1""]"
0430ebc2-236b-4b5d-991f-3e97ad246b78,0,0430ebc2-236b-4b5d-991f-3e97ad246b78::eave-chain::0:12,1,2.399012,157.276519,1.0083,"[5.2672, -8.4708]","[4.3405, -6.258]","[""0430ebc2-236b-4b5d-991f-3e97ad246b78::ceiling-raw::0:5:0""]"
0430ebc2-236b-4b5d-991f-3e97ad246b78,0,0430ebc2-236b-4b5d-991f-3e97ad246b78::eave-chain::0:13,2,5.607002,67.429389,1.008506,"[4.332997, -6.239949]","[1.293572, -7.50331]","[""0430ebc2-236b-4b5d-991f-3e97ad246b78::ceiling-raw::0:5:0"", ""0430ebc2-236b-4b5d-991f-3e97ad246b78::ceiling-raw::0:6:1""]"
05cecad4-119e-4dd2-beaf-d4af36973644,0,05cecad4-119e-4dd2-beaf-d4af36973644::eave-chain::0:0,2,1.42813,150.305747,1.159218,"[-0.997303, -0.004941]","[-1.391078, 0.685581]","[""05cecad4-119e-4dd2-beaf-d4af36973644::ceiling-raw::0:0:0"", ""05cecad4-119e-4dd2-beaf-d4af36973644::ceiling-raw::0:6:0""]"
05cecad4-119e-4dd2-beaf-d4af36973644,0,05cecad4-119e-4dd2-beaf-d4af36973644::eave-chain::0:1,2,3.101024,61.372962,1.159937,"[0.110955, 1.450187]","[-1.395447, 0.627948]","[""05cecad4-119e-4dd2-beaf-d4af36973644::ceiling-raw::0:0:0"", ""05cecad4-119e-4dd2-beaf-d4af36973644::ceiling-raw::0:6:0""]"
05cecad4-119e-4dd2-beaf-d4af36973644,0,05cecad4-119e-4dd2-beaf-d4af36973644::eave-chain::0:2,4,6.970909,151.624391,1.148405,"[0.291503, 0.905752]","[-3.157692, 7.291399]","[""05cecad4-119e-4dd2-beaf-d4af36973644::ceiling-raw::0:0:0"", ""05cecad4-119e-4dd2-beaf-d4af36973644::ceiling-raw::0:1:0"", ""05cecad4-119e-4dd2-beaf-d4af36973644::ceiling-raw::0:2:0"", ""05cecad4-119e-4dd2-beaf-d4af36973644::ceiling-raw::0:6:0""]"
05cecad4-119e-4dd2-beaf-d4af36973644,0,05cecad4-119e-4dd2-beaf-d4af36973644::eave-chain::0:3,2,3.997774,60.774395,1.139247,"[-2.766059, 2.147852]","[-0.890277, 3.197292]","[""05cecad4-119e-4dd2-beaf-d4af36973644::ceiling-raw::0:0:0"", ""05cecad4-119e-4dd2-beaf-d4af36973644::ceiling-raw::0:1:0""]"
05cecad4-119e-4dd2-beaf-d4af36973644,0,05cecad4-119e-4dd2-beaf-d4af36973644::eave-chain::0:4,4,14.47655,150.740835,1.127021,"[-6.572392, 5.508555]","[-2.919249, -1.012156]","[""05cecad4-119e-4dd2-beaf-d4af36973644::ceiling-raw::0:0:0"", ""05cecad4-119e-4dd2-beaf-d4af36973644::ceiling-raw::0:3:0"", ""05cecad4-119e-4dd2-beaf-d4af36973644::ceiling-raw::0:4:0"", ""05cecad4-119e-4dd2-beaf-d4af36973644::ceiling-raw::0:5:0""]"
05cecad4-119e-4dd2-beaf-d4af36973644,0,05cecad4-119e-4dd2-beaf-d4af36973644::eave-chain::0:5,2,7.69205,62.083538,1.136632,"[-7.97148, -3.613813]","[-1.069665, 0.043049]","[""05cecad4-119e-4dd2-beaf-d4af36973644::ceiling-raw::0:0:0"", ""05cecad4-119e-4dd2-beaf-d4af36973644::ceiling-raw::0:5:0""]"
05cecad4-119e-4dd2-beaf-d4af36973644,0,05cecad4-119e-4dd2-beaf-d4af36973644::eave-chain::0:6,2,4.141505,60.92319,1.140045,"[-1.625437, 4.550264]","[-3.455471, 3.53265]","[""05cecad4-119e-4dd2-beaf-d4af36973644::ceiling-raw::0:1:0"", ""05cecad4-119e-4dd2-beaf-d4af36973644::ceiling-raw::0:2:0""]"
05cecad4-119e-4dd2-beaf-d4af36973644,0,05cecad4-119e-4dd2-beaf-d4af36973644::eave-chain::0:7,2,3.350887,151.184661,1.129182,"[-4.761239, 4.585933]","[-5.641813, 6.186676]","[""05cecad4-119e-4dd2-beaf-d4af36973644::ceiling-raw::0:2:0"", ""05cecad4-119e-4dd2-beaf-d4af36973644::ceiling-raw::0:4:0""]"
05cecad4-119e-4dd2-beaf-d4af36973644,0,05cecad4-119e-4dd2-beaf-d4af36973644::eave-chain::0:8,1,2.680477,60.951624,1.1529,"[-3.1501, 7.2955]","[-5.4934, 5.994]","[""05cecad4-119e-4dd2-beaf-d4af36973644::ceiling-raw::0:2:0""]"
05cecad4-119e-4dd2-beaf-d4af36973644,0,05cecad4-119e-4dd2-beaf-d4af36973644::eave-chain::0:9,3,6.587814,58.915649,1.124741,"[-5.620108, 6.08532]","[-11.416038, 2.59115]","[""05cecad4-119e-4dd2-beaf-d4af36973644::ceiling-raw::0:3:0"", ""05cecad4-119e-4dd2-beaf-d4af36973644::ceiling-raw::0:4:0"", ""05cecad4-119e-4dd2-beaf-d4af36973644::ceiling-raw::0:5:0""]"
05cecad4-119e-4dd2-beaf-d4af36973644,0,05cecad4-119e-4dd2-beaf-d4af36973644::eave-chain::0:10,2,6.593914,150.970829,1.12742,"[-7.249756, 1.164903]","[-8.890472, 4.121281]","[""05cecad4-119e-4dd2-beaf-d4af36973644::ceiling-raw::0:3:0"", ""05cecad4-119e-4dd2-beaf-d4af36973644::ceiling-raw::0:5:0""]"
05cecad4-119e-4dd2-beaf-d4af36973644,0,05cecad4-119e-4dd2-beaf-d4af36973644::eave-chain::0:11,1,7.153588,150.952631,1.1309,"[-11.4397, 2.6304]","[-7.9664, -3.6234]","[""05cecad4-119e-4dd2-beaf-d4af36973644::ceiling-raw::0:5:0""]"
05cecad4-119e-4dd2-beaf-d4af36973644,0,05cecad4-119e-4dd2-beaf-d4af36973644::eave-chain::0:12,1,1.6436,60.460105,0.09225,"[0.1351, -1.9784]","[1.5648, -1.1682]","[""05cecad4-119e-4dd2-beaf-d4af36973644::ceiling-raw::0:6:1""]"
0a5032e9-85a0-4970-9143-c430bbdaa0f5,0,0a5032e9-85a0-4970-9143-c430bbdaa0f5::eave-chain::0:0,1,2.825578,97.231909,0.7191,"[-6.6564, -0.2706]","[-3.8533, -0.6263]","[""0a5032e9-85a0-4970-9143-c430bbdaa0f5::ceiling-raw::0:0:0""]"
0a5032e9-85a0-4970-9143-c430bbdaa0f5,0,0a5032e9-85a0-4970-9143-c430bbdaa0f5::eave-chain::0:1,1,0.469665,7.450342,0.7191,"[-3.8533, -0.6263]","[-3.9142, -1.092]","[""0a5032e9-85a0-4970-9143-c430bbdaa0f5::ceiling-raw::0:0:0""]"
0a5032e9-85a0-4970-9143-c430bbdaa0f5,0,0a5032e9-85a0-4970-9143-c430bbdaa0f5::eave-chain::0:2,1,2.39459,97.445541,0.7191,"[-3.9142, -1.092]","[-1.5398, -1.4023]","[""0a5032e9-85a0-4970-9143-c430bbdaa0f5::ceiling-raw::0:0:0""]"
0a5032e9-85a0-4970-9143-c430bbdaa0f5,0,0a5032e9-85a0-4970-9143-c430bbdaa0f5::eave-chain::0:3,2,7.245245,7.439933,0.760174,"[-1.031968, 2.21641]","[-1.509469, -1.440194]","[""0a5032e9-85a0-4970-9143-c430bbdaa0f5::ceiling-raw::0:0:0"", ""0a5032e9-85a0-4970-9143-c430bbdaa0f5::ceiling-raw::0:8:0""]"
0a5032e9-85a0-4970-9143-c430bbdaa0f5,0,0a5032e9-85a0-4970-9143-c430bbdaa0f5::eave-chain::0:4,3,7.19626,97.27341,0.768377,"[3.656109, 1.555724]","[-3.601797, 2.48206]","[""0a5032e9-85a0-4970-9143-c430bbdaa0f5::ceiling-raw::0:0:0"", ""0a5032e9-85a0-4970-9143-c430bbdaa0f5::ceiling-raw::0:7:0"", ""0a5032e9-85a0-4970-9143-c430bbdaa0f5::ceiling-raw::0:8:0""]"
0a5032e9-85a0-4970-9143-c430bbdaa0f5,0,0a5032e9-85a0-4970-9143-c430bbdaa0f5::eave-chain::0:5,2,3.431395,8.777053,0.740136,"[-3.601568, 2.454839]","[-3.069744, 5.899336]","[""0a5032e9-85a0-4970-9143-c430bbdaa0f5::ceiling-raw::0:0:0"", ""0a5032e9-85a0-4970-9143-c430bbdaa0f5::ceiling-raw::0:1:0""]"
0a5032e9-85a0-4970-9143-c430bbdaa0f5,0,0a5032e9-85a0-4970-9143-c430bbdaa0f5::eave-chain::0:6,2,5.35788,97.397917,0.737094,"[-6.067673, 4.235251]","[-3.336211, 3.880597]","[""0a5032e9-85a0-4970-9143-c430bbdaa0f5::ceiling-raw::0:0:0"", ""0a5032e9-85a0-4970-9143-c430bbdaa0f5::ceiling-raw::0:1:0""]"
0a5032e9-85a0-4970-9143-c430bbdaa0f5,0,0a5032e9-85a0-4970-9143-c430bbdaa0f5::eave-chain::0:7,2,6.529706,8.000331,0.730154,"[-5.744211, 6.247584]","[-6.660245, -0.27006]","[""0a5032e9-85a0-4970-9143-c430bbdaa0f5::ceiling-raw::0:0:0"", ""0a5032e9-85a0-4970-9143-c430bbdaa0f5::ceiling-raw::0:1:0""]"
0a5032e9-85a0-4970-9143-c430bbdaa0f5,0,0a5032e9-85a0-4970-9143-c430bbdaa0f5::eave-chain::0:8,1,2.68556,97.415311,0.755,"[-3.0734, 5.8999]","[-5.7365, 6.2465]","[""0a5032e9-85a0-4970-9143-c430bbdaa0f5::ceiling-raw::0:1:0""]"
0a5032e9-85a0-4970-9143-c430bbdaa0f5,0,0a5032e9-85a0-4970-9143-c430bbdaa0f5::eave-chain::0:9,2,16.275168,7.183312,0.851806,"[-1.419026, -12.872779]","[-0.005903, -1.660498]","[""0a5032e9-85a0-4970-9143-c430bbdaa0f5::ceiling-raw::0:2:1"", ""0a5032e9-85a0-4970-9143-c430bbdaa0f5::ceiling-raw::0:3:0""]"
0a5032e9-85a0-4970-9143-c430bbdaa0f5,0,0a5032e9-85a0-4970-9143-c430bbdaa0f5::eave-chain::0:10,1,3.829809,7.992368,0.87795,"[-5.2054, -11.4209]","[-4.6729, -7.6283]","[""0a5032e9-85a0-4970-9143-c430bbdaa0f5::ceiling-raw::0:2:2""]"
0a5032e9-85a0-4970-9143-c430bbdaa0f5,0,0a5032e9-85a0-4970-9143-c430bbdaa0f5::eave-chain::0:11,1,3.82956,7.464434,0.45875,"[-5.6391, -7.5025]","[-6.1366, -11.2996]","[""0a5032e9-85a0-4970-9143-c430bbdaa0f5::ceiling-raw::0:2:2""]"
0a5032e9-85a0-4970-9143-c430bbdaa0f5,0,0a5032e9-85a0-4970-9143-c430bbdaa0f5::eave-chain::0:12,3,9.821063,8.410004,0.812743,"[1.737901, -13.282725]","[2.950556, -5.080554]","[""0a5032e9-85a0-4970-9143-c430bbdaa0f5::ceiling-raw::0:3:0"", ""0a5032e9-85a0-4970-9143-c430bbdaa0f5::ceiling-raw::0:3:1"", ""0a5032e9-85a0-4970-9143-c430bbdaa0f5::ceiling-raw::0:6:0""]"
0a5032e9-85a0-4970-9143-c430bbdaa0f5,0,0a5032e9-85a0-4970-9143-c430bbdaa0f5::eave-chain::0:13,3,7.316332,97.778127,0.812659,"[-0.688414, -6.971498]","[2.713951, -7.436241]","[""0a5032e9-85a0-4970-9143-c430bbdaa0f5::ceiling-raw::0:3:0"", ""0a5032e9-85a0-4970-9143-c430bbdaa0f5::ceiling-raw::0:3:1"", ""0a5032e9-85a0-4970-9143-c430bbdaa0f5::ceiling-raw::0:6:0""]"
0a5032e9-85a0-4970-9143-c430bbdaa0f5,0,0a5032e9-85a0-4970-9143-c430bbdaa0f5::eave-chain::0:14,1,3.200671,97.415664,0.814,"[-1.3895, -12.8765]","[1.7844, -13.2896]","[""0a5032e9-85a0-4970-9143-c430bbdaa0f5::ceiling-raw::0:3:0""]"
0a5032e9-85a0-4970-9143-c430bbdaa0f5,0,0a5032e9-85a0-4970-9143-c430bbdaa0f5::eave-chain::0:15,1,2.136179,97.41811,0.7869,"[0.1783, -8.7654]","[2.2966, -9.0412]","[""0a5032e9-85a0-4970-9143-c430bbdaa0f5::ceiling-raw::0:3:1""]"
0a5032e9-85a0-4970-9143-c430bbdaa0f5,0,0a5032e9-85a0-4970-9143-c430bbdaa0f5::eave-chain::0:16,1,2.21856,97.315612,0.828,"[3.0158, -5.0902]","[0.8153, -4.8077]","[""0a5032e9-85a0-4970-9143-c430bbdaa0f5::ceiling-raw::0:6:0""]"
0a5032e9-85a0-4970-9143-c430bbdaa0f5,0,0a5032e9-85a0-4970-9143-c430bbdaa0f5::eave-chain::0:17,1,1.945486,97.418711,0.7906,"[1.1433, -2.6769]","[3.0725, -2.9281]","[""0a5032e9-85a0-4970-9143-c430bbdaa0f5::ceiling-raw::0:7:0""]"
0a5032e9-85a0-4970-9143-c430bbdaa0f5,0,0a5032e9-85a0-4970-9143-c430bbdaa0f5::eave-chain::0:18,1,4.490773,7.416831,0.7906,"[3.0725, -2.9281]","[3.6522, 1.5251]","[""0a5032e9-85a0-4970-9143-c430bbdaa0f5::ceiling-raw::0:7:0""]"
0a5032e9-85a0-4970-9143-c430bbdaa0f5,0,0a5032e9-85a0-4970-9143-c430bbdaa0f5::eave-chain::0:19,2,6.718291,7.411385,0.795289,"[0.98367, -1.498852]","[1.425345, 1.896577]","[""0a5032e9-85a0-4970-9143-c430bbdaa0f5::ceiling-raw::0:7:0"", ""0a5032e9-85a0-4970-9143-c430bbdaa0f5::ceiling-raw::0:8:0""]"
0b75d30e-c50c-4fc6-88ff-fce983078aa4,0,0b75d30e-c50c-4fc6-88ff-fce983078aa4::eave-chain::0:0,1,0.781016,116.689721,1.8679,"[-1.3642, -5.3727]","[-2.062, -5.0219]","[""0b75d30e-c50c-4fc6-88ff-fce983078aa4::ceiling-raw::0:1:0""]"
0b75d30e-c50c-4fc6-88ff-fce983078aa4,0,0b75d30e-c50c-4fc6-88ff-fce983078aa4::eave-chain::0:1,2,5.384956,116.687243,1.8679,"[-1.582787, -4.068675]","[-6.394091, -1.650183]","[""0b75d30e-c50c-4fc6-88ff-fce983078aa4::ceiling-raw::0:1:0"", ""0b75d30e-c50c-4fc6-88ff-fce983078aa4::ceiling-raw::0:1:1""]"
0b75d30e-c50c-4fc6-88ff-fce983078aa4,0,0b75d30e-c50c-4fc6-88ff-fce983078aa4::eave-chain::0:2,2,5.280174,117.015156,1.852119,"[-5.261597, -6.38304]","[-2.56394, -7.758464]","[""0b75d30e-c50c-4fc6-88ff-fce983078aa4::ceiling-raw::0:1:0"", ""0b75d30e-c50c-4fc6-88ff-fce983078aa4::ceiling-raw::0:2:0""]"
0b75d30e-c50c-4fc6-88ff-fce983078aa4,0,0b75d30e-c50c-4fc6-88ff-fce983078aa4::eave-chain::0:3,2,5.785266,26.927732,1.847536,"[-4.039389, -10.640255]","[-1.363882, -5.372862]","[""0b75d30e-c50c-4fc6-88ff-fce983078aa4::ceiling-raw::0:1:0"", ""0b75d30e-c50c-4fc6-88ff-fce983078aa4::ceiling-raw::0:2:0""]"
0b75d30e-c50c-4fc6-88ff-fce983078aa4,0,0b75d30e-c50c-4fc6-88ff-fce983078aa4::eave-chain::0:4,1,6.96179,26.686511,1.8679,"[-6.3941, -1.6502]","[-9.5207, -7.8704]","[""0b75d30e-c50c-4fc6-88ff-fce983078aa4::ceiling-raw::0:1:1""]"
0b75d30e-c50c-4fc6-88ff-fce983078aa4,0,0b75d30e-c50c-4fc6-88ff-fce983078aa4::eave-chain::0:5,2,6.052116,116.804007,1.854133,"[-9.520222, -7.869453]","[-4.038595, -10.638904]","[""0b75d30e-c50c-4fc6-88ff-fce983078aa4::ceiling-raw::0:1:1"", ""0b75d30e-c50c-4fc6-88ff-fce983078aa4::ceiling-raw::0:2:0""]"
0b75d30e-c50c-4fc6-88ff-fce983078aa4,0,0b75d30e-c50c-4fc6-88ff-fce983078aa4::eave-chain::0:6,2,6.477643,26.679545,1.849713,"[-6.089495, -9.607455]","[-4.605728, -6.654687]","[""0b75d30e-c50c-4fc6-88ff-fce983078aa4::ceiling-raw::0:1:1"", ""0b75d30e-c50c-4fc6-88ff-fce983078aa4::ceiling-raw::0:2:0""]"
0b75d30e-c50c-4fc6-88ff-fce983078aa4,1,0b75d30e-c50c-4fc6-88ff-fce983078aa4::eave-chain::1:0,2,2.437316,111.678051,3.000511,"[-0.430477, -3.756164]","[-2.695189, -2.855931]","[""0b75d30e-c50c-4fc6-88ff-fce983078aa4::ceiling-raw::1:0:8""]"
0b75d30e-c50c-4fc6-88ff-fce983078aa4,1,0b75d30e-c50c-4fc6-88ff-fce983078aa4::eave-chain::1:1,1,2.436821,112.128441,5.96115,"[-3.9137, -5.8251]","[-1.6564, -6.743]","[""0b75d30e-c50c-4fc6-88ff-fce983078aa4::ceiling-raw::1:0:8""]"
0b75d30e-c50c-4fc6-88ff-fce983078aa4,1,0b75d30e-c50c-4fc6-88ff-fce983078aa4::eave-chain::1:2,1,1.457896,112.388899,5.9622,"[-5.9214, -4.9907]","[-7.2694, -4.4354]","[""0b75d30e-c50c-4fc6-88ff-fce983078aa4::ceiling-raw::1:0:9""]"
0ce3ac3a-93ce-4ac0-9704-3cf7d31a636d,0,0ce3ac3a-93ce-4ac0-9704-3cf7d31a636d::eave-chain::0:0,2,6.897364,28.188767,1.152501,"[-0.768414, -6.417846]","[0.903404, -3.298449]","[""0ce3ac3a-93ce-4ac0-9704-3cf7d31a636d::ceiling-raw::0:0:0"", ""0ce3ac3a-93ce-4ac0-9704-3cf7d31a636d::ceiling-raw::0:4:0""]"
0ce3ac3a-93ce-4ac0-9704-3cf7d31a636d,0,0ce3ac3a-93ce-4ac0-9704-3cf7d31a636d::eave-chain::0:1,3,8.340829,119.06681,1.142388,"[4.180148, -5.164072]","[-3.289177, -1.012364]","[""0ce3ac3a-93ce-4ac0-9704-3cf7d31a636d::ceiling-raw::0:0:0"", ""0ce3ac3a-93ce-4ac0-9704-3cf7d31a636d::ceiling-raw::0:1:0"", ""0ce3ac3a-93ce-4ac0-9704-3cf7d31a636d::ceiling-raw::0:4:0""]"
0ce3ac3a-93ce-4ac0-9704-3cf7d31a636d,0,0ce3ac3a-93ce-4ac0-9704-3cf7d31a636d::eave-chain::0:2,3,12.527323,118.807334,1.137279,"[2.553327, -8.193387]","[-5.016558, -4.030546]","[""0ce3ac3a-93ce-4ac0-9704-3cf7d31a636d::ceiling-raw::0:1:0"", ""0ce3ac3a-93ce-4ac0-9704-3cf7d31a636d::ceiling-raw::0:2:0"", ""0ce3ac3a-93ce-4ac0-9704-3cf7d31a636d::ceiling-raw::0:4:0""]"
0ce3ac3a-93ce-4ac0-9704-3cf7d31a636d,0,0ce3ac3a-93ce-4ac0-9704-3cf7d31a636d::eave-chain::0:3,2,6.996065,29.007927,1.127414,"[-3.294697, -1.022302]","[-6.715362, -7.191333]","[""0ce3ac3a-93ce-4ac0-9704-3cf7d31a636d::ceiling-raw::0:1:0"", ""0ce3ac3a-93ce-4ac0-9704-3cf7d31a636d::ceiling-raw::0:2:0""]"
0ce3ac3a-93ce-4ac0-9704-3cf7d31a636d,0,0ce3ac3a-93ce-4ac0-9704-3cf7d31a636d::eave-chain::0:4,2,5.329081,27.837097,1.203753,"[-0.823989, -10.360088]","[0.83588, -7.216802]","[""0ce3ac3a-93ce-4ac0-9704-3cf7d31a636d::ceiling-raw::0:2:0"", ""0ce3ac3a-93ce-4ac0-9704-3cf7d31a636d::ceiling-raw::0:3:1""]"
0ce3ac3a-93ce-4ac0-9704-3cf7d31a636d,0,0ce3ac3a-93ce-4ac0-9704-3cf7d31a636d::eave-chain::0:5,3,8.47626,118.265466,1.180629,"[-6.714577, -7.191471]","[0.81131, -11.237895]","[""0ce3ac3a-93ce-4ac0-9704-3cf7d31a636d::ceiling-raw::0:2:0"", ""0ce3ac3a-93ce-4ac0-9704-3cf7d31a636d::ceiling-raw::0:3:1"", ""0ce3ac3a-93ce-4ac0-9704-3cf7d31a636d::ceiling-raw::0:3:2""]"
0ce3ac3a-93ce-4ac0-9704-3cf7d31a636d,0,0ce3ac3a-93ce-4ac0-9704-3cf7d31a636d::eave-chain::0:6,2,1.735748,118.236368,1.6146,"[0.8882, -9.2605]","[1.6528, -9.6711]","[""0ce3ac3a-93ce-4ac0-9704-3cf7d31a636d::ceiling-raw::0:3:0"", ""0ce3ac3a-93ce-4ac0-9704-3cf7d31a636d::ceiling-raw::0:3:2""]"
0ce3ac3a-93ce-4ac0-9704-3cf7d31a636d,0,0ce3ac3a-93ce-4ac0-9704-3cf7d31a636d::eave-chain::0:7,1,1.598442,28.238849,1.6146,"[1.6528, -9.6711]","[2.4091, -8.2629]","[""0ce3ac3a-93ce-4ac0-9704-3cf7d31a636d::ceiling-raw::0:3:0""]"
0ce3ac3a-93ce-4ac0-9704-3cf7d31a636d,0,0ce3ac3a-93ce-4ac0-9704-3cf7d31a636d::eave-chain::0:8,1,0.867874,118.236368,1.6146,"[2.4091, -8.2629]","[1.6445, -7.8523]","[""0ce3ac3a-93ce-4ac0-9704-3cf7d31a636d::ceiling-raw::0:3:0""]"
0ce3ac3a-93ce-4ac0-9704-3cf7d31a636d,0,0ce3ac3a-93ce-4ac0-9704-3cf7d31a636d::eave-chain::0:9,1,3.448191,28.238747,1.1479,"[2.5498, -8.1998]","[4.1813, -5.162]","[""0ce3ac3a-93ce-4ac0-9704-3cf7d31a636d::ceiling-raw::0:4:0""]"
0ce3ac3a-93ce-4ac0-9704-3cf7d31a636d,0,0ce3ac3a-93ce-4ac0-9704-3cf7d31a636d::eave-chain::0:10,2,6.50427,117.933997,0.678482,"[0.525691, -0.610006]","[-2.428079, 0.95618]","[""0ce3ac3a-93ce-4ac0-9704-3cf7d31a636d::ceiling-raw::0:5:0"", ""0ce3ac3a-93ce-4ac0-9704-3cf7d31a636d::ceiling-raw::0:6:1""]"
0ce3ac3a-93ce-4ac0-9704-3cf7d31a636d,0,0ce3ac3a-93ce-4ac0-9704-3cf7d31a636d::eave-chain::0:11,2,3.610498,28.729434,0.680473,"[-1.57713, 2.441002]","[-3.369304, -0.828483]","[""0ce3ac3a-93ce-4ac0-9704-3cf7d31a636d::ceiling-raw::0:5:0"", ""0ce3ac3a-93ce-4ac0-9704-3cf7d31a636d::ceiling-raw::0:6:0""]"
0ce3ac3a-93ce-4ac0-9704-3cf7d31a636d,0,0ce3ac3a-93ce-4ac0-9704-3cf7d31a636d::eave-chain::0:12,1,3.345339,119.601912,0.7125,"[-3.3638, -0.8315]","[-0.4551, -2.484]","[""0ce3ac3a-93ce-4ac0-9704-3cf7d31a636d::ceiling-raw::0:5:0""]"
0ce3ac3a-93ce-4ac0-9704-3cf7d31a636d,0,0ce3ac3a-93ce-4ac0-9704-3cf7d31a636d::eave-chain::0:13,1,2.074171,27.620107,0.7125,"[-0.4551, -2.484]","[0.5065, -0.6462]","[""0ce3ac3a-93ce-4ac0-9704-3cf7d31a636d::ceiling-raw::0:5:0""]"
0d3f2993-8386-4130-8f1c-b2938c410828,0,0d3f2993-8386-4130-8f1c-b2938c410828::eave-chain::0:0,1,2.307139,179.664737,0.7623,"[4.1283, 0.536]","[4.1418, -1.7711]","[""0d3f2993-8386-4130-8f1c-b2938c410828::ceiling-raw::0:7:0""]"
0d3f2993-8386-4130-8f1c-b2938c410828,0,0d3f2993-8386-4130-8f1c-b2938c410828::eave-chain::0:1,1,4.584979,89.662595,0.7623,"[4.1418, -1.7711]","[8.7267, -1.7441]","[""0d3f2993-8386-4130-8f1c-b2938c410828::ceiling-raw::0:7:0""]"
0d3f2993-8386-4130-8f1c-b2938c410828,0,0d3f2993-8386-4130-8f1c-b2938c410828::eave-chain::0:2,1,2.946451,179.661643,0.7623,"[8.7267, -1.7441]","[8.7093, 1.2023]","[""0d3f2993-8386-4130-8f1c-b2938c410828::ceiling-raw::0:7:0""]"
0d3f2993-8386-4130-8f1c-b2938c410828,0,0d3f2993-8386-4130-8f1c-b2938c410828::eave-chain::0:3,1,3.504761,89.66323,0.7623,"[8.7093, 1.2023]","[5.2046, 1.1817]","[""0d3f2993-8386-4130-8f1c-b2938c410828::ceiling-raw::0:7:0""]"
0d3f2993-8386-4130-8f1c-b2938c410828,0,0d3f2993-8386-4130-8f1c-b2938c410828::eave-chain::0:4,1,3.085351,85.397053,1.1328,"[4.3077, 8.4713]","[1.2323, 8.2237]","[""0d3f2993-8386-4130-8f1c-b2938c410828::ceiling-raw::0:10:0""]"
0d3f2993-8386-4130-8f1c-b2938c410828,0,0d3f2993-8386-4130-8f1c-b2938c410828::eave-chain::0:5,1,3.411556,0.937181,1.1328,"[1.2323, 8.2237]","[1.1765, 4.8126]","[""0d3f2993-8386-4130-8f1c-b2938c410828::ceiling-raw::0:10:0""]"
0d3f2993-8386-4130-8f1c-b2938c410828,0,0d3f2993-8386-4130-8f1c-b2938c410828::eave-chain::0:6,1,3.07101,90.936622,1.1328,"[1.1765, 4.8126]","[4.2471, 4.7624]","[""0d3f2993-8386-4130-8f1c-b2938c410828::ceiling-raw::0:10:0""]"
0d3f2993-8386-4130-8f1c-b2938c410828,1,0d3f2993-8386-4130-8f1c-b2938c410828::eave-chain::1:0,1,1.779301,176.961995,3.0788,"[8.0214, 11.577]","[8.1157, 9.8002]","[""0d3f2993-8386-4130-8f1c-b2938c410828::ceiling-raw::1:0:2""]"
0d3f2993-8386-4130-8f1c-b2938c410828,1,0d3f2993-8386-4130-8f1c-b2938c410828::eave-chain::1:1,1,1.777264,3.729369,2.0734,"[8.7307, 9.7909]","[8.8463, 11.5644]","[""0d3f2993-8386-4130-8f1c-b2938c410828::ceiling-raw::1:0:5""]"
0d3f2993-8386-4130-8f1c-b2938c410828,1,0d3f2993-8386-4130-8f1c-b2938c410828::eave-chain::1:2,4,5.076936,94.164408,2.956792,"[-0.501731, 2.77797]","[3.094772, 2.516106]","[""0d3f2993-8386-4130-8f1c-b2938c410828::ceiling-raw::1:1:0"", ""0d3f2993-8386-4130-8f1c-b2938c410828::ceiling-raw::1:3:1"", ""0d3f2993-8386-4130-8f1c-b2938c410828::ceiling-raw::1:3:2""]"
0d3f2993-8386-4130-8f1c-b2938c410828,1,0d3f2993-8386-4130-8f1c-b2938c410828::eave-chain::1:3,2,2.225827,3.523336,3.151347,"[2.252062, 2.552302]","[2.174499, 1.292589]","[""0d3f2993-8386-4130-8f1c-b2938c410828::ceiling-raw::1:1:0"", ""0d3f2993-8386-4130-8f1c-b2938c410828::ceiling-raw::1:3:0""]"
0d3f2993-8386-4130-8f1c-b2938c410828,1,0d3f2993-8386-4130-8f1c-b2938c410828::eave-chain::1:4,1,3.486816,93.309626,3.1313,"[2.8876, -1.3266]","[6.3686, -1.5279]","[""0d3f2993-8386-4130-8f1c-b2938c410828::ceiling-raw::1:1:0""]"
0d3f2993-8386-4130-8f1c-b2938c410828,1,0d3f2993-8386-4130-8f1c-b2938c410828::eave-chain::1:5,1,1.316937,4.542523,3.1313,"[6.3686, -1.5279]","[6.4729, -0.2151]","[""0d3f2993-8386-4130-8f1c-b2938c410828::ceiling-raw::1:1:0""]"
0d3f2993-8386-4130-8f1c-b2938c410828,1,0d3f2993-8386-4130-8f1c-b2938c410828::eave-chain::1:6,1,0.23389,3.30892,1.9557,"[-5.141, 0.754]","[-5.1545, 0.5205]","[""0d3f2993-8386-4130-8f1c-b2938c410828::ceiling-raw::1:1:1""]"
0d3f2993-8386-4130-8f1c-b2938c410828,1,0d3f2993-8386-4130-8f1c-b2938c410828::eave-chain::1:7,1,0.319986,2.651352,2.33365,"[2.1442, 0.3515]","[2.1294, 0.0319]","[""0d3f2993-8386-4130-8f1c-b2938c410828::ceiling-raw::1:1:4""]"
0d3f2993-8386-4130-8f1c-b2938c410828,1,0d3f2993-8386-4130-8f1c-b2938c410828::eave-chain::1:8,1,1.474576,93.386311,2.33815,"[0.6552, 0.4573]","[2.1272, 0.3702]","[""0d3f2993-8386-4130-8f1c-b2938c410828::ceiling-raw::1:1:5""]"
0d3f2993-8386-4130-8f1c-b2938c410828,1,0d3f2993-8386-4130-8f1c-b2938c410828::eave-chain::1:9,1,1.898067,3.310269,2.2279,"[2.4317, 4.8396]","[2.3221, 2.9447]","[""0d3f2993-8386-4130-8f1c-b2938c410828::ceiling-raw::1:1:7""]"
0d3f2993-8386-4130-8f1c-b2938c410828,1,0d3f2993-8386-4130-8f1c-b2938c410828::eave-chain::1:10,3,7.001627,1.153298,2.17234,"[7.983139, -0.224642]","[8.129796, 7.060264]","[""0d3f2993-8386-4130-8f1c-b2938c410828::ceiling-raw::1:2:1"", ""0d3f2993-8386-4130-8f1c-b2938c410828::ceiling-raw::1:4:3"", ""0d3f2993-8386-4130-8f1c-b2938c410828::ceiling-raw::1:4:5""]"
0d3f2993-8386-4130-8f1c-b2938c410828,1,0d3f2993-8386-4130-8f1c-b2938c410828::eave-chain::1:11,3,9.529771,94.339413,1.914782,"[1.117915, 3.604245]","[-8.549973, 4.337866]","[""0d3f2993-8386-4130-8f1c-b2938c410828::ceiling-raw::1:3:2"", ""0d3f2993-8386-4130-8f1c-b2938c410828::ceiling-raw::1:5:4"", ""0d3f2993-8386-4130-8f1c-b2938c410828::ceiling-raw::1:6:3""]"
0d3f2993-8386-4130-8f1c-b2938c410828,1,0d3f2993-8386-4130-8f1c-b2938c410828::eave-chain::1:12,2,7.046353,90.803367,2.831275,"[-5.082015, 3.369224]","[-8.607879, 3.418665]","[""0d3f2993-8386-4130-8f1c-b2938c410828::ceiling-raw::1:6:3"", ""0d3f2993-8386-4130-8f1c-b2938c410828::ceiling-raw::1:6:4""]"
0d3f2993-8386-4130-8f1c-b2938c410828,1,0d3f2993-8386-4130-8f1c-b2938c410828::eave-chain::1:13,1,3.516786,93.598083,1.9643,"[-8.7506, 0.7654]","[-5.2408, 0.5447]","[""0d3f2993-8386-4130-8f1c-b2938c410828::ceiling-raw::1:6:5""]"
0f911051-6084-4f0d-8f9a-24fc5b20f6ff,0,0f911051-6084-4f0d-8f9a-24fc5b20f6ff::eave-chain::0:0,2,10.511691,132.791447,0.611137,"[-9.576223, 2.33093]","[-3.953579, -2.874136]","[""0f911051-6084-4f0d-8f9a-24fc5b20f6ff::ceiling-raw::0:0:0"", ""0f911051-6084-4f0d-8f9a-24fc5b20f6ff::ceiling-raw::0:1:0""]"
0f911051-6084-4f0d-8f9a-24fc5b20f6ff,0,0f911051-6084-4f0d-8f9a-24fc5b20f6ff::eave-chain::0:1,1,5.415524,42.159749,0.5496,"[-6.1713, -0.9464]","[-9.8062, -4.9608]","[""0f911051-6084-4f0d-8f9a-24fc5b20f6ff::ceiling-raw::0:0:0""]"
0f911051-6084-4f0d-8f9a-24fc5b20f6ff,0,0f911051-6084-4f0d-8f9a-24fc5b20f6ff::eave-chain::0:2,1,7.503848,132.158895,0.5496,"[-9.8062, -4.9608]","[-4.2437, -9.9973]","[""0f911051-6084-4f0d-8f9a-24fc5b20f6ff::ceiling-raw::0:0:0""]"
0f911051-6084-4f0d-8f9a-24fc5b20f6ff,0,0f911051-6084-4f0d-8f9a-24fc5b20f6ff::eave-chain::0:3,6,24.335102,42.222222,0.651254,"[-4.251807, -9.989943]","[12.435797, 8.399582]","[""0f911051-6084-4f0d-8f9a-24fc5b20f6ff::ceiling-raw::0:0:0"", ""0f911051-6084-4f0d-8f9a-24fc5b20f6ff::ceiling-raw::0:10:0"", ""0f911051-6084-4f0d-8f9a-24fc5b20f6ff::ceiling-raw::0:11:0"", ""0f911051-6084-4f0d-8f9a-24fc5b20f6ff::ceiling-raw::0:7:0"", ""0f911051-6084-4f0d-8f9a-24fc5b20f6ff::ceiling-raw::0:7:1""]"
0f911051-6084-4f0d-8f9a-24fc5b20f6ff,0,0f911051-6084-4f0d-8f9a-24fc5b20f6ff::eave-chain::0:4,2,6.521611,131.233375,0.575052,"[0.949477, -4.271694]","[-2.490664, -1.256537]","[""0f911051-6084-4f0d-8f9a-24fc5b20f6ff::ceiling-raw::0:0:0"", ""0f911051-6084-4f0d-8f9a-24fc5b20f6ff::ceiling-raw::0:11:0""]"
0f911051-6084-4f0d-8f9a-24fc5b20f6ff,0,0f911051-6084-4f0d-8f9a-24fc5b20f6ff::eave-chain::0:5,2,6.542557,132.09585,0.630619,"[-4.256531, 3.000561]","[-6.848906, 5.34261]","[""0f911051-6084-4f0d-8f9a-24fc5b20f6ff::ceiling-raw::0:1:0"", ""0f911051-6084-4f0d-8f9a-24fc5b20f6ff::ceiling-raw::0:2:0""]"
0f911051-6084-4f0d-8f9a-24fc5b20f6ff,0,0f911051-6084-4f0d-8f9a-24fc5b20f6ff::eave-chain::0:6,3,12.644754,42.112194,0.651734,"[-0.873887, 11.763777]","[-9.456941, 2.268786]","[""0f911051-6084-4f0d-8f9a-24fc5b20f6ff::ceiling-raw::0:1:0"", ""0f911051-6084-4f0d-8f9a-24fc5b20f6ff::ceiling-raw::0:2:0"", ""0f911051-6084-4f0d-8f9a-24fc5b20f6ff::ceiling-raw::0:3:0""]"
0f911051-6084-4f0d-8f9a-24fc5b20f6ff,0,0f911051-6084-4f0d-8f9a-24fc5b20f6ff::eave-chain::0:7,2,6.39742,132.217552,0.649154,"[-5.331942, 6.977892]","[-2.835455, 4.712821]","[""0f911051-6084-4f0d-8f9a-24fc5b20f6ff::ceiling-raw::0:2:0"", ""0f911051-6084-4f0d-8f9a-24fc5b20f6ff::ceiling-raw::0:3:0""]"
0f911051-6084-4f0d-8f9a-24fc5b20f6ff,0,0f911051-6084-4f0d-8f9a-24fc5b20f6ff::eave-chain::0:8,2,5.445312,42.682276,0.661408,"[1.235633, 10.975939]","[-0.98813, 8.564573]","[""0f911051-6084-4f0d-8f9a-24fc5b20f6ff::ceiling-raw::0:3:0"", ""0f911051-6084-4f0d-8f9a-24fc5b20f6ff::ceiling-raw::0:4:0""]"
0f911051-6084-4f0d-8f9a-24fc5b20f6ff,0,0f911051-6084-4f0d-8f9a-24fc5b20f6ff::eave-chain::0:9,1,2.143826,132.158451,0.6706,"[0.6467, 10.3869]","[-0.9425, 11.8258]","[""0f911051-6084-4f0d-8f9a-24fc5b20f6ff::ceiling-raw::0:3:0""]"
0f911051-6084-4f0d-8f9a-24fc5b20f6ff,0,0f911051-6084-4f0d-8f9a-24fc5b20f6ff::eave-chain::0:10,2,5.399546,131.844571,0.670361,"[3.570667, 8.924411]","[1.272559, 10.982376]","[""0f911051-6084-4f0d-8f9a-24fc5b20f6ff::ceiling-raw::0:4:0"", ""0f911051-6084-4f0d-8f9a-24fc5b20f6ff::ceiling-raw::0:6:1""]"
0f911051-6084-4f0d-8f9a-24fc5b20f6ff,0,0f911051-6084-4f0d-8f9a-24fc5b20f6ff::eave-chain::0:11,2,5.76286,132.023497,0.74998,"[2.709414, 11.71217]","[5.270918, 9.403878]","[""0f911051-6084-4f0d-8f9a-24fc5b20f6ff::ceiling-raw::0:6:1"", ""0f911051-6084-4f0d-8f9a-24fc5b20f6ff::ceiling-raw::0:8:0""]"
0f911051-6084-4f0d-8f9a-24fc5b20f6ff,0,0f911051-6084-4f0d-8f9a-24fc5b20f6ff::eave-chain::0:12,2,5.396206,42.093657,0.762767,"[5.371601, 14.65317]","[1.728859, 10.620769]","[""0f911051-6084-4f0d-8f9a-24fc5b20f6ff::ceiling-raw::0:6:1"", ""0f911051-6084-4f0d-8f9a-24fc5b20f6ff::ceiling-raw::0:8:0""]"
0f911051-6084-4f0d-8f9a-24fc5b20f6ff,0,0f911051-6084-4f0d-8f9a-24fc5b20f6ff::eave-chain::0:13,2,1.208068,132.181808,0.7983,"[7.9233, 3.468]","[7.4757, 3.8736]","[""0f911051-6084-4f0d-8f9a-24fc5b20f6ff::ceiling-raw::0:7:0"", ""0f911051-6084-4f0d-8f9a-24fc5b20f6ff::ceiling-raw::0:7:1""]"
0f911051-6084-4f0d-8f9a-24fc5b20f6ff,0,0f911051-6084-4f0d-8f9a-24fc5b20f6ff::eave-chain::0:14,1,0.973729,132.186215,0.7983,"[6.1587, 2.971]","[6.8802, 2.3171]","[""0f911051-6084-4f0d-8f9a-24fc5b20f6ff::ceiling-raw::0:7:0""]"
0f911051-6084-4f0d-8f9a-24fc5b20f6ff,0,0f911051-6084-4f0d-8f9a-24fc5b20f6ff::eave-chain::0:15,2,5.90424,132.10202,0.775182,"[7.516812, 7.392929]","[9.750482, 5.374511]","[""0f911051-6084-4f0d-8f9a-24fc5b20f6ff::ceiling-raw::0:10:0"", ""0f911051-6084-4f0d-8f9a-24fc5b20f6ff::ceiling-raw::0:7:1""]"
0f911051-6084-4f0d-8f9a-24fc5b20f6ff,0,0f911051-6084-4f0d-8f9a-24fc5b20f6ff::eave-chain::0:16,2,7.344128,42.26867,0.783331,"[5.302043, 9.394728]","[8.036374, 12.40302]","[""0f911051-6084-4f0d-8f9a-24fc5b20f6ff::ceiling-raw::0:8:0"", ""0f911051-6084-4f0d-8f9a-24fc5b20f6ff::ceiling-raw::0:9:0""]"
0f911051-6084-4f0d-8f9a-24fc5b20f6ff,0,0f911051-6084-4f0d-8f9a-24fc5b20f6ff::eave-chain::0:17,3,9.362857,131.443471,0.773513,"[12.48294, 8.392992]","[5.381283, 14.663527]","[""0f911051-6084-4f0d-8f9a-24fc5b20f6ff::ceiling-raw::0:10:0"", ""0f911051-6084-4f0d-8f9a-24fc5b20f6ff::ceiling-raw::0:8:0"", ""0f911051-6084-4f0d-8f9a-24fc5b20f6ff::ceiling-raw::0:9:0""]"
0f911051-6084-4f0d-8f9a-24fc5b20f6ff,0,0f911051-6084-4f0d-8f9a-24fc5b20f6ff::eave-chain::0:18,2,6.773284,42.039884,0.762627,"[10.256847, 10.392485]","[7.599844, 7.445711]","[""0f911051-6084-4f0d-8f9a-24fc5b20f6ff::ceiling-raw::0:10:0"", ""0f911051-6084-4f0d-8f9a-24fc5b20f6ff::ceiling-raw::0:9:0""]"
0fe789ce-e653-4828-863c-0f6ce7fee21d,0,0fe789ce-e653-4828-863c-0f6ce7fee21d::eave-chain::0:0,2,6.227228,104.564939,0.966832,"[-1.870929, -5.090317]","[-5.342033, -4.18843]","[""0fe789ce-e653-4828-863c-0f6ce7fee21d::ceiling-raw::0:4:0"", ""0fe789ce-e653-4828-863c-0f6ce7fee21d::ceiling-raw::0:7:0""]"
0fe789ce-e653-4828-863c-0f6ce7fee21d,0,0fe789ce-e653-4828-863c-0f6ce7fee21d::eave-chain::0:1,2,4.472662,14.827372,0.948949,"[-4.949114, -2.809799]","[-6.124584, -7.250184]","[""0fe789ce-e653-4828-863c-0f6ce7fee21d::ceiling-raw::0:4:0"", ""0fe789ce-e653-4828-863c-0f6ce7fee21d::ceiling-raw::0:7:0""]"
0fe789ce-e653-4828-863c-0f6ce7fee21d,0,0fe789ce-e653-4828-863c-0f6ce7fee21d::eave-chain::0:2,1,7.201187,104.273021,0.9011,"[-6.1215, -7.251]","[0.8574, -9.0264]","[""0fe789ce-e653-4828-863c-0f6ce7fee21d::ceiling-raw::0:4:0""]"
0fe789ce-e653-4828-863c-0f6ce7fee21d,0,0fe789ce-e653-4828-863c-0f6ce7fee21d::eave-chain::0:3,1,6.193782,14.272718,0.9011,"[0.8574, -9.0264]","[2.3844, -3.0238]","[""0fe789ce-e653-4828-863c-0f6ce7fee21d::ceiling-raw::0:4:0""]"
0fe789ce-e653-4828-863c-0f6ce7fee21d,0,0fe789ce-e653-4828-863c-0f6ce7fee21d::eave-chain::0:4,1,3.614685,104.273443,0.9011,"[2.3844, -3.0238]","[-1.1187, -2.1326]","[""0fe789ce-e653-4828-863c-0f6ce7fee21d::ceiling-raw::0:4:0""]"
0fe789ce-e653-4828-863c-0f6ce7fee21d,0,0fe789ce-e653-4828-863c-0f6ce7fee21d::eave-chain::0:5,1,2.64092,104.27303,1.0561,"[-2.3848, -3.4622]","[-4.9442, -2.8111]","[""0fe789ce-e653-4828-863c-0f6ce7fee21d::ceiling-raw::0:7:0""]"
0fe789ce-e653-4828-863c-0f6ce7fee21d,1,0fe789ce-e653-4828-863c-0f6ce7fee21d::eave-chain::1:0,1,2.369012,103.464314,3.4341,"[-3.651, -7.884]","[-1.3471, -8.4356]","[""0fe789ce-e653-4828-863c-0f6ce7fee21d::ceiling-raw::1:0:0""]"
0fe789ce-e653-4828-863c-0f6ce7fee21d,1,0fe789ce-e653-4828-863c-0f6ce7fee21d::eave-chain::1:1,1,3.03015,13.461608,2.9895,"[-3.9822, -4.689]","[-4.6876, -7.6359]","[""0fe789ce-e653-4828-863c-0f6ce7fee21d::ceiling-raw::1:0:1""]"
0fe789ce-e653-4828-863c-0f6ce7fee21d,1,0fe789ce-e653-4828-863c-0f6ce7fee21d::eave-chain::1:2,1,3.030292,13.191042,2.36435,"[-0.2753, -8.6922]","[0.4162, -5.7419]","[""0fe789ce-e653-4828-863c-0f6ce7fee21d::ceiling-raw::1:0:2""]"
0fe789ce-e653-4828-863c-0f6ce7fee21d,1,0fe789ce-e653-4828-863c-0f6ce7fee21d::eave-chain::1:3,2,2.836353,103.587864,2.950506,"[0.95099, 0.621871]","[-1.877215, 1.305452]","[""0fe789ce-e653-4828-863c-0f6ce7fee21d::ceiling-raw::1:1:0"", ""0fe789ce-e653-4828-863c-0f6ce7fee21d::ceiling-raw::1:2:1""]"
0fe789ce-e653-4828-863c-0f6ce7fee21d,1,0fe789ce-e653-4828-863c-0f6ce7fee21d::eave-chain::1:4,1,3.180671,13.359035,1.91775,"[-2.9563, 1.5634]","[-3.6912, -1.5312]","[""0fe789ce-e653-4828-863c-0f6ce7fee21d::ceiling-raw::1:1:1""]"
0fe789ce-e653-4828-863c-0f6ce7fee21d,1,0fe789ce-e653-4828-863c-0f6ce7fee21d::eave-chain::1:5,1,1.076378,103.463021,3.3354,"[-0.3892, -0.3533]","[0.6576, -0.6039]","[""0fe789ce-e653-4828-863c-0f6ce7fee21d::ceiling-raw::1:2:1""]"
107e8496-9bff-42bb-b776-720f44b70e55,0,107e8496-9bff-42bb-b776-720f44b70e55::eave-chain::0:0,4,18.318145,3.923748,1.282873,"[-4.744281, -2.899508]","[-3.967221, 8.429617]","[""107e8496-9bff-42bb-b776-720f44b70e55::ceiling-raw::0:0:0"", ""107e8496-9bff-42bb-b776-720f44b70e55::ceiling-raw::0:1:0"", ""107e8496-9bff-42bb-b776-720f44b70e55::ceiling-raw::0:4:0"", ""107e8496-9bff-42bb-b776-720f44b70e55::ceiling-raw::0:5:0""]"
107e8496-9bff-42bb-b776-720f44b70e55,0,107e8496-9bff-42bb-b776-720f44b70e55::eave-chain::0:1,2,7.257239,93.860838,1.290994,"[-8.75116, -2.61279]","[-1.40884, -3.108298]","[""107e8496-9bff-42bb-b776-720f44b70e55::ceiling-raw::0:0:0"", ""107e8496-9bff-42bb-b776-720f44b70e55::ceiling-raw::0:1:0""]"
107e8496-9bff-42bb-b776-720f44b70e55,0,107e8496-9bff-42bb-b776-720f44b70e55::eave-chain::0:2,4,15.854975,3.858531,1.291577,"[-0.658786, 8.159136]","[-1.419182, -3.115]","[""107e8496-9bff-42bb-b776-720f44b70e55::ceiling-raw::0:0:0"", ""107e8496-9bff-42bb-b776-720f44b70e55::ceiling-raw::0:5:0"", ""107e8496-9bff-42bb-b776-720f44b70e55::ceiling-raw::0:6:0"", ""107e8496-9bff-42bb-b776-720f44b70e55::ceiling-raw::0:7:0""]"
107e8496-9bff-42bb-b776-720f44b70e55,0,107e8496-9bff-42bb-b776-720f44b70e55::eave-chain::0:3,2,6.351711,94.42026,1.295464,"[-4.38314, 2.905449]","[-8.33267, 3.210754]","[""107e8496-9bff-42bb-b776-720f44b70e55::ceiling-raw::0:1:0"", ""107e8496-9bff-42bb-b776-720f44b70e55::ceiling-raw::0:2:0""]"
107e8496-9bff-42bb-b776-720f44b70e55,0,107e8496-9bff-42bb-b776-720f44b70e55::eave-chain::0:4,3,11.162775,4.277321,1.291237,"[-7.911755, 8.70484]","[-8.758121, -2.611375]","[""107e8496-9bff-42bb-b776-720f44b70e55::ceiling-raw::0:1:0"", ""107e8496-9bff-42bb-b776-720f44b70e55::ceiling-raw::0:2:0"", ""107e8496-9bff-42bb-b776-720f44b70e55::ceiling-raw::0:3:0""]"
107e8496-9bff-42bb-b776-720f44b70e55,0,107e8496-9bff-42bb-b776-720f44b70e55::eave-chain::0:5,2,4.771152,94.081839,1.280133,"[-5.639821, 6.983851]","[-8.042879, 7.155338]","[""107e8496-9bff-42bb-b776-720f44b70e55::ceiling-raw::0:2:0"", ""107e8496-9bff-42bb-b776-720f44b70e55::ceiling-raw::0:3:0""]"
107e8496-9bff-42bb-b776-720f44b70e55,0,107e8496-9bff-42bb-b776-720f44b70e55::eave-chain::0:6,3,7.123195,94.336086,1.274383,"[-0.662434, 8.162908]","[-7.902617, 8.711886]","[""107e8496-9bff-42bb-b776-720f44b70e55::ceiling-raw::0:3:0"", ""107e8496-9bff-42bb-b776-720f44b70e55::ceiling-raw::0:4:0"", ""107e8496-9bff-42bb-b776-720f44b70e55::ceiling-raw::0:5:0""]"
107e8496-9bff-42bb-b776-720f44b70e55,0,107e8496-9bff-42bb-b776-720f44b70e55::eave-chain::0:7,2,6.987854,3.647883,1.265684,"[-5.501422, 8.539282]","[-5.850474, 3.06428]","[""107e8496-9bff-42bb-b776-720f44b70e55::ceiling-raw::0:3:0"", ""107e8496-9bff-42bb-b776-720f44b70e55::ceiling-raw::0:4:0""]"
107e8496-9bff-42bb-b776-720f44b70e55,0,107e8496-9bff-42bb-b776-720f44b70e55::eave-chain::0:8,2,6.615695,94.116377,1.267964,"[-0.897109, 4.295711]","[-4.221975, 4.534996]","[""107e8496-9bff-42bb-b776-720f44b70e55::ceiling-raw::0:5:0"", ""107e8496-9bff-42bb-b776-720f44b70e55::ceiling-raw::0:6:0""]"
107e8496-9bff-42bb-b776-720f44b70e55,0,107e8496-9bff-42bb-b776-720f44b70e55::eave-chain::0:9,2,4.584966,3.832774,0.345395,"[1.466396, -3.3223]","[1.778525, 1.336725]","[""107e8496-9bff-42bb-b776-720f44b70e55::ceiling-raw::0:7:0"", ""107e8496-9bff-42bb-b776-720f44b70e55::ceiling-raw::0:8:0""]"
107e8496-9bff-42bb-b776-720f44b70e55,0,107e8496-9bff-42bb-b776-720f44b70e55::eave-chain::0:10,2,3.880236,4.061889,0.700045,"[0.57497, -0.530582]","[0.717773, 1.480376]","[""107e8496-9bff-42bb-b776-720f44b70e55::ceiling-raw::0:7:0"", ""107e8496-9bff-42bb-b776-720f44b70e55::ceiling-raw::0:8:0""]"
10d27382-8fce-456b-897d-3d5194ff5de5,0,10d27382-8fce-456b-897d-3d5194ff5de5::eave-chain::0:0,1,2.239208,174.014432,0.3213,"[-1.3071, 1.0213]","[-1.0736, -1.2057]","[""10d27382-8fce-456b-897d-3d5194ff5de5::ceiling-raw::0:8:0""]"
10d27382-8fce-456b-897d-3d5194ff5de5,0,10d27382-8fce-456b-897d-3d5194ff5de5::eave-chain::0:1,1,0.444628,84.00988,0.3213,"[-1.0736, -1.2057]","[-0.6314, -1.1593]","[""10d27382-8fce-456b-897d-3d5194ff5de5::ceiling-raw::0:8:0""]"
10d27382-8fce-456b-897d-3d5194ff5de5,0,10d27382-8fce-456b-897d-3d5194ff5de5::eave-chain::0:2,1,0.60479,174.020746,0.3213,"[-0.6314, -1.1593]","[-0.5684, -1.7608]","[""10d27382-8fce-456b-897d-3d5194ff5de5::ceiling-raw::0:8:0""]"
10d27382-8fce-456b-897d-3d5194ff5de5,0,10d27382-8fce-456b-897d-3d5194ff5de5::eave-chain::0:3,1,1.36856,84.01488,0.3213,"[-0.5684, -1.7608]","[0.7927, -1.6181]","[""10d27382-8fce-456b-897d-3d5194ff5de5::ceiling-raw::0:8:0""]"
10d27382-8fce-456b-897d-3d5194ff5de5,0,10d27382-8fce-456b-897d-3d5194ff5de5::eave-chain::0:4,1,1.813188,84.013654,0.3213,"[0.4962, 1.2104]","[-1.3071, 1.0213]","[""10d27382-8fce-456b-897d-3d5194ff5de5::ceiling-raw::0:8:0""]"
10d27382-8fce-456b-897d-3d5194ff5de5,1,10d27382-8fce-456b-897d-3d5194ff5de5::eave-chain::1:0,1,1.845189,160.984719,2.6176,"[-1.7158, 3.4441]","[-1.1146, 1.6996]","[""10d27382-8fce-456b-897d-3d5194ff5de5::ceiling-raw::1:0:0""]"
10d27382-8fce-456b-897d-3d5194ff5de5,1,10d27382-8fce-456b-897d-3d5194ff5de5::eave-chain::1:1,4,14.360423,174.047638,2.53874,"[-1.102536, 1.700858]","[0.437448, -13.069229]","[""10d27382-8fce-456b-897d-3d5194ff5de5::ceiling-raw::1:0:0"", ""10d27382-8fce-456b-897d-3d5194ff5de5::ceiling-raw::1:4:0"", ""10d27382-8fce-456b-897d-3d5194ff5de5::ceiling-raw::1:6:0"", ""10d27382-8fce-456b-897d-3d5194ff5de5::ceiling-raw::1:7:0""]"
10d27382-8fce-456b-897d-3d5194ff5de5,1,10d27382-8fce-456b-897d-3d5194ff5de5::eave-chain::1:2,2,3.773504,83.802854,2.590903,"[-0.747065, -1.813742]","[1.408173, -1.579717]","[""10d27382-8fce-456b-897d-3d5194ff5de5::ceiling-raw::1:0:0"", ""10d27382-8fce-456b-897d-3d5194ff5de5::ceiling-raw::1:7:0""]"
10d27382-8fce-456b-897d-3d5194ff5de5,1,10d27382-8fce-456b-897d-3d5194ff5de5::eave-chain::1:3,2,3.66569,174.15907,2.617058,"[0.478856, 1.803695]","[0.285472, 3.694098]","[""10d27382-8fce-456b-897d-3d5194ff5de5::ceiling-raw::1:0:0"", ""10d27382-8fce-456b-897d-3d5194ff5de5::ceiling-raw::1:1:0""]"
10d27382-8fce-456b-897d-3d5194ff5de5,1,10d27382-8fce-456b-897d-3d5194ff5de5::eave-chain::1:4,2,5.347053,83.602354,2.616901,"[3.723638, 4.056839]","[-1.716114, 3.446899]","[""10d27382-8fce-456b-897d-3d5194ff5de5::ceiling-raw::1:0:0"", ""10d27382-8fce-456b-897d-3d5194ff5de5::ceiling-raw::1:1:0""]"
10d27382-8fce-456b-897d-3d5194ff5de5,1,10d27382-8fce-456b-897d-3d5194ff5de5::eave-chain::1:5,2,6.23198,84.06022,2.59566,"[0.535631, 1.892764]","[3.930544, 2.245976]","[""10d27382-8fce-456b-897d-3d5194ff5de5::ceiling-raw::1:1:0"", ""10d27382-8fce-456b-897d-3d5194ff5de5::ceiling-raw::1:2:0""]"
10d27382-8fce-456b-897d-3d5194ff5de5,1,10d27382-8fce-456b-897d-3d5194ff5de5::eave-chain::1:6,4,16.45925,173.796503,2.580711,"[5.530459, -12.545174]","[3.726106, 4.05474]","[""10d27382-8fce-456b-897d-3d5194ff5de5::ceiling-raw::1:1:0"", ""10d27382-8fce-456b-897d-3d5194ff5de5::ceiling-raw::1:2:0"", ""10d27382-8fce-456b-897d-3d5194ff5de5::ceiling-raw::1:3:0"", ""10d27382-8fce-456b-897d-3d5194ff5de5::ceiling-raw::1:5:0""]"
10d27382-8fce-456b-897d-3d5194ff5de5,1,10d27382-8fce-456b-897d-3d5194ff5de5::eave-chain::1:7,4,9.877708,83.151397,2.520911,"[4.8468, -6.101327]","[-0.223044, -6.710232]","[""10d27382-8fce-456b-897d-3d5194ff5de5::ceiling-raw::1:2:0"", ""10d27382-8fce-456b-897d-3d5194ff5de5::ceiling-raw::1:3:0"", ""10d27382-8fce-456b-897d-3d5194ff5de5::ceiling-raw::1:6:0"", ""10d27382-8fce-456b-897d-3d5194ff5de5::ceiling-raw::1:7:0""]"
10d27382-8fce-456b-897d-3d5194ff5de5,1,10d27382-8fce-456b-897d-3d5194ff5de5::eave-chain::1:8,2,5.84809,84.149556,2.53183,"[1.859725, -7.938577]","[5.006588, -7.616131]","[""10d27382-8fce-456b-897d-3d5194ff5de5::ceiling-raw::1:3:0"", ""10d27382-8fce-456b-897d-3d5194ff5de5::ceiling-raw::1:5:0""]"
10d27382-8fce-456b-897d-3d5194ff5de5,1,10d27382-8fce-456b-897d-3d5194ff5de5::eave-chain::1:9,2,5.080102,84.123697,2.55717,"[0.398466, -13.073938]","[5.520152, -12.546804]","[""10d27382-8fce-456b-897d-3d5194ff5de5::ceiling-raw::1:4:0"", ""10d27382-8fce-456b-897d-3d5194ff5de5::ceiling-raw::1:5:0""]"
10d27382-8fce-456b-897d-3d5194ff5de5,1,10d27382-8fce-456b-897d-3d5194ff5de5::eave-chain::1:10,2,7.870407,174.14324,2.549028,"[1.90506, -8.430128]","[2.361255, -12.877454]","[""10d27382-8fce-456b-897d-3d5194ff5de5::ceiling-raw::1:4:0"", ""10d27382-8fce-456b-897d-3d5194ff5de5::ceiling-raw::1:5:0""]"
10d27382-8fce-456b-897d-3d5194ff5de5,1,10d27382-8fce-456b-897d-3d5194ff5de5::eave-chain::1:11,2,3.745831,83.941357,2.483425,"[1.967846, -9.412673]","[0.035906, -9.617728]","[""10d27382-8fce-456b-897d-3d5194ff5de5::ceiling-raw::1:4:0"", ""10d27382-8fce-456b-897d-3d5194ff5de5::ceiling-raw::1:6:0""]"
117d172e-00d6-436e-8df2-050f25977602,0,117d172e-00d6-436e-8df2-050f25977602::eave-chain::0:0,1,3.761241,143.505147,-1.8664,"[2.3466, 3.7077]","[0.1096, 6.7314]","[""117d172e-00d6-436e-8df2-050f25977602::ceiling-raw::0:1:0""]"
117d172e-00d6-436e-8df2-050f25977602,0,117d172e-00d6-436e-8df2-050f25977602::eave-chain::0:1,1,6.734584,53.505124,-1.8664,"[0.1096, 6.7314]","[-5.3044, 2.726]","[""117d172e-00d6-436e-8df2-050f25977602::ceiling-raw::0:1:0""]"
117d172e-00d6-436e-8df2-050f25977602,0,117d172e-00d6-436e-8df2-050f25977602::eave-chain::0:2,1,3.761181,143.506371,-1.8664,"[-5.3044, 2.726]","[-3.0675, -0.2977]","[""117d172e-00d6-436e-8df2-050f25977602::ceiling-raw::0:1:0""]"
117d172e-00d6-436e-8df2-050f25977602,0,117d172e-00d6-436e-8df2-050f25977602::eave-chain::0:3,1,6.734665,53.50563,-1.8664,"[-3.0675, -0.2977]","[2.3466, 3.7077]","[""117d172e-00d6-436e-8df2-050f25977602::ceiling-raw::0:1:0""]"
117d172e-00d6-436e-8df2-050f25977602,0,117d172e-00d6-436e-8df2-050f25977602::eave-chain::0:4,1,1.495572,143.50478,-2.1474,"[4.9657, 0.0948]","[4.0762, 1.2971]","[""117d172e-00d6-436e-8df2-050f25977602::ceiling-raw::0:2:0""]"
117d172e-00d6-436e-8df2-050f25977602,0,117d172e-00d6-436e-8df2-050f25977602::eave-chain::0:5,1,2.026444,53.50615,-2.1474,"[4.0762, 1.2971]","[2.4471, 0.0919]","[""117d172e-00d6-436e-8df2-050f25977602::ceiling-raw::0:2:0""]"
117d172e-00d6-436e-8df2-050f25977602,0,117d172e-00d6-436e-8df2-050f25977602::eave-chain::0:6,1,1.495572,143.50478,-2.1474,"[2.4471, 0.0919]","[3.3366, -1.1104]","[""117d172e-00d6-436e-8df2-050f25977602::ceiling-raw::0:2:0""]"
117d172e-00d6-436e-8df2-050f25977602,0,117d172e-00d6-436e-8df2-050f25977602::eave-chain::0:7,1,2.026444,53.50615,-2.1474,"[3.3366, -1.1104]","[4.9657, 0.0948]","[""117d172e-00d6-436e-8df2-050f25977602::ceiling-raw::0:2:0""]"
117d172e-00d6-436e-8df2-050f25977602,1,117d172e-00d6-436e-8df2-050f25977602::eave-chain::1:0,1,2.54414,144.654482,0.8165,"[2.912, -0.632]","[4.3838, -2.7072]","[""117d172e-00d6-436e-8df2-050f25977602::ceiling-raw::1:5:1""]"
117d172e-00d6-436e-8df2-050f25977602,1,117d172e-00d6-436e-8df2-050f25977602::eave-chain::1:1,1,2.540843,141.707508,0.8165,"[2.6465, -4.079]","[1.072, -2.0848]","[""117d172e-00d6-436e-8df2-050f25977602::ceiling-raw::1:5:3""]"
117d172e-00d6-436e-8df2-050f25977602,1,117d172e-00d6-436e-8df2-050f25977602::eave-chain::1:2,3,10.019147,141.83879,-0.514941,"[-4.5825, 3.035665]","[1.63559, -4.877135]","[""117d172e-00d6-436e-8df2-050f25977602::ceiling-raw::1:5:3"", ""117d172e-00d6-436e-8df2-050f25977602::ceiling-raw::1:7:1"", ""117d172e-00d6-436e-8df2-050f25977602::ceiling-raw::1:8:1""]"
117d172e-00d6-436e-8df2-050f25977602,1,117d172e-00d6-436e-8df2-050f25977602::eave-chain::1:3,1,2.540765,141.706111,0.3656,"[4.7966, -2.3813]","[3.2221, -0.3872]","[""117d172e-00d6-436e-8df2-050f25977602::ceiling-raw::1:5:4""]"
117d172e-00d6-436e-8df2-050f25977602,1,117d172e-00d6-436e-8df2-050f25977602::eave-chain::1:4,1,1.244651,162.310396,0.7913,"[1.1638, 0.6985]","[0.7856, 1.8843]","[""117d172e-00d6-436e-8df2-050f25977602::ceiling-raw::1:6:7""]"
117d172e-00d6-436e-8df2-050f25977602,1,117d172e-00d6-436e-8df2-050f25977602::eave-chain::1:5,2,4.180418,143.504652,0.818516,"[0.813667, 1.905065]","[-1.703979, 5.308046]","[""117d172e-00d6-436e-8df2-050f25977602::ceiling-raw::1:6:7"", ""117d172e-00d6-436e-8df2-050f25977602::ceiling-raw::1:7:0""]"
117d172e-00d6-436e-8df2-050f25977602,1,117d172e-00d6-436e-8df2-050f25977602::eave-chain::1:6,2,3.065037,52.257983,0.81661,"[-1.410427, 1.094125]","[0.465451, 2.546167]","[""117d172e-00d6-436e-8df2-050f25977602::ceiling-raw::1:6:7"", ""117d172e-00d6-436e-8df2-050f25977602::ceiling-raw::1:7:0""]"
117d172e-00d6-436e-8df2-050f25977602,1,117d172e-00d6-436e-8df2-050f25977602::eave-chain::1:7,1,2.368892,51.70584,0.824,"[-1.7108, 5.303]","[-3.57, 3.835]","[""117d172e-00d6-436e-8df2-050f25977602::ceiling-raw::1:7:0""]"
121ff4c2-ec13-46b8-b557-b31775259e5d,0,121ff4c2-ec13-46b8-b557-b31775259e5d::eave-chain::0:0,2,6.343075,128.176008,0.734836,"[-7.799016, -4.150301]","[-2.795589, -8.084219]","[""121ff4c2-ec13-46b8-b557-b31775259e5d::ceiling-raw::0:0:0"", ""121ff4c2-ec13-46b8-b557-b31775259e5d::ceiling-raw::0:1:0""]"
121ff4c2-ec13-46b8-b557-b31775259e5d,0,121ff4c2-ec13-46b8-b557-b31775259e5d::eave-chain::0:1,5,11.701147,39.226547,0.76462,"[-2.785814, -8.086584]","[5.195962, 1.690788]","[""121ff4c2-ec13-46b8-b557-b31775259e5d::ceiling-raw::0:0:0"", ""121ff4c2-ec13-46b8-b557-b31775259e5d::ceiling-raw::0:1:0"", ""121ff4c2-ec13-46b8-b557-b31775259e5d::ceiling-raw::0:2:0"", ""121ff4c2-ec13-46b8-b557-b31775259e5d::ceiling-raw::0:3:0"", ""121ff4c2-ec13-46b8-b557-b31775259e5d::ceiling-raw::0:4:0""]"
121ff4c2-ec13-46b8-b557-b31775259e5d,0,121ff4c2-ec13-46b8-b557-b31775259e5d::eave-chain::0:2,2,4.315263,128.51584,0.722636,"[-2.680021, -4.506569]","[-0.959877, -5.875611]","[""121ff4c2-ec13-46b8-b557-b31775259e5d::ceiling-raw::0:0:0"", ""121ff4c2-ec13-46b8-b557-b31775259e5d::ceiling-raw::0:1:0""]"
121ff4c2-ec13-46b8-b557-b31775259e5d,0,121ff4c2-ec13-46b8-b557-b31775259e5d::eave-chain::0:3,2,5.775117,38.531276,0.722737,"[-4.483217, -6.788156]","[-2.645711, -4.480681]","[""121ff4c2-ec13-46b8-b557-b31775259e5d::ceiling-raw::0:0:0"", ""121ff4c2-ec13-46b8-b557-b31775259e5d::ceiling-raw::0:1:0""]"
121ff4c2-ec13-46b8-b557-b31775259e5d,0,121ff4c2-ec13-46b8-b557-b31775259e5d::eave-chain::0:4,3,12.788825,128.403184,0.8059,"[1.386145, -3.085736]","[-3.724749, 0.965571]","[""121ff4c2-ec13-46b8-b557-b31775259e5d::ceiling-raw::0:1:0"", ""121ff4c2-ec13-46b8-b557-b31775259e5d::ceiling-raw::0:2:0"", ""121ff4c2-ec13-46b8-b557-b31775259e5d::ceiling-raw::0:6:0""]"
121ff4c2-ec13-46b8-b557-b31775259e5d,0,121ff4c2-ec13-46b8-b557-b31775259e5d::eave-chain::0:5,3,11.937014,39.087954,0.817716,"[0.172988, 5.660481]","[-7.796113, -4.149708]","[""121ff4c2-ec13-46b8-b557-b31775259e5d::ceiling-raw::0:1:0"", ""121ff4c2-ec13-46b8-b557-b31775259e5d::ceiling-raw::0:5:0"", ""121ff4c2-ec13-46b8-b557-b31775259e5d::ceiling-raw::0:6:0""]"
121ff4c2-ec13-46b8-b557-b31775259e5d,0,121ff4c2-ec13-46b8-b557-b31775259e5d::eave-chain::0:6,1,2.206885,128.492757,0.8118,"[2.3432, -1.8823]","[0.6159, -0.5087]","[""121ff4c2-ec13-46b8-b557-b31775259e5d::ceiling-raw::0:2:0""]"
121ff4c2-ec13-46b8-b557-b31775259e5d,0,121ff4c2-ec13-46b8-b557-b31775259e5d::eave-chain::0:7,1,3.206271,128.533105,0.8514,"[1.3309, 2.0176]","[3.839, 0.0202]","[""121ff4c2-ec13-46b8-b557-b31775259e5d::ceiling-raw::0:4:0""]"
121ff4c2-ec13-46b8-b557-b31775259e5d,0,121ff4c2-ec13-46b8-b557-b31775259e5d::eave-chain::0:8,2,6.369968,128.317778,0.866746,"[5.179959, 1.703974]","[0.159291, 5.671589]","[""121ff4c2-ec13-46b8-b557-b31775259e5d::ceiling-raw::0:4:0"", ""121ff4c2-ec13-46b8-b557-b31775259e5d::ceiling-raw::0:5:0""]"
121ff4c2-ec13-46b8-b557-b31775259e5d,0,121ff4c2-ec13-46b8-b557-b31775259e5d::eave-chain::0:9,2,5.4618,38.656374,0.870122,"[0.580501, 1.10552]","[2.662744, 3.708644]","[""121ff4c2-ec13-46b8-b557-b31775259e5d::ceiling-raw::0:4:0"", ""121ff4c2-ec13-46b8-b557-b31775259e5d::ceiling-raw::0:5:0""]"
121ff4c2-ec13-46b8-b557-b31775259e5d,0,121ff4c2-ec13-46b8-b557-b31775259e5d::eave-chain::0:10,2,4.160635,129.409787,0.8846,"[-1.91181, 3.071327]","[0.532209, 1.063088]","[""121ff4c2-ec13-46b8-b557-b31775259e5d::ceiling-raw::0:5:0"", ""121ff4c2-ec13-46b8-b557-b31775259e5d::ceiling-raw::0:6:0""]"
121ff4c2-ec13-46b8-b557-b31775259e5d,0,121ff4c2-ec13-46b8-b557-b31775259e5d::eave-chain::0:11,1,0.570739,38.526544,0.8919,"[-0.2752, 1.666]","[-0.6307, 1.2195]","[""121ff4c2-ec13-46b8-b557-b31775259e5d::ceiling-raw::0:6:0""]"
121ff4c2-ec13-46b8-b557-b31775259e5d,0,121ff4c2-ec13-46b8-b557-b31775259e5d::eave-chain::0:12,1,2.151627,128.533382,0.8919,"[-0.6307, 1.2195]","[-2.3138, 2.5599]","[""121ff4c2-ec13-46b8-b557-b31775259e5d::ceiling-raw::0:6:0""]"
146ecf8b-ffa1-4239-ba58-040b61861fd9,0,146ecf8b-ffa1-4239-ba58-040b61861fd9::eave-chain::0:0,1,4.050061,100.394053,-2.5005,"[-8.3641, -3.1543]","[-4.3805, -3.885]","[""146ecf8b-ffa1-4239-ba58-040b61861fd9::ceiling-raw::0:2:0""]"
146ecf8b-ffa1-4239-ba58-040b61861fd9,0,146ecf8b-ffa1-4239-ba58-040b61861fd9::eave-chain::0:1,1,2.655066,10.393634,-2.5005,"[-4.3805, -3.885]","[-3.9015, -1.2735]","[""146ecf8b-ffa1-4239-ba58-040b61861fd9::ceiling-raw::0:2:0""]"
146ecf8b-ffa1-4239-ba58-040b61861fd9,0,146ecf8b-ffa1-4239-ba58-040b61861fd9::eave-chain::0:2,1,4.050061,100.394053,-2.5005,"[-3.9015, -1.2735]","[-7.8851, -0.5428]","[""146ecf8b-ffa1-4239-ba58-040b61861fd9::ceiling-raw::0:2:0""]"
146ecf8b-ffa1-4239-ba58-040b61861fd9,0,146ecf8b-ffa1-4239-ba58-040b61861fd9::eave-chain::0:3,1,2.655066,10.393634,-2.5005,"[-7.8851, -0.5428]","[-8.3641, -3.1543]","[""146ecf8b-ffa1-4239-ba58-040b61861fd9::ceiling-raw::0:2:0""]"
146ecf8b-ffa1-4239-ba58-040b61861fd9,1,146ecf8b-ffa1-4239-ba58-040b61861fd9::eave-chain::1:0,1,2.275545,99.429207,-0.5435,"[0.0154, 4.0501]","[-2.2294, 4.4229]","[""146ecf8b-ffa1-4239-ba58-040b61861fd9::ceiling-raw::1:4:3""]"
146ecf8b-ffa1-4239-ba58-040b61861fd9,1,146ecf8b-ffa1-4239-ba58-040b61861fd9::eave-chain::1:1,1,2.333702,86.602543,1.837,"[-2.5413, 2.5442]","[-0.2117, 2.6825]","[""146ecf8b-ffa1-4239-ba58-040b61861fd9::ceiling-raw::1:4:4""]"
146ecf8b-ffa1-4239-ba58-040b61861fd9,1,146ecf8b-ffa1-4239-ba58-040b61861fd9::eave-chain::1:2,2,6.456839,10.021213,0.909781,"[-0.339695, -2.332533]","[0.520012, 2.532573]","[""146ecf8b-ffa1-4239-ba58-040b61861fd9::ceiling-raw::1:5:0"", ""146ecf8b-ffa1-4239-ba58-040b61861fd9::ceiling-raw::1:6:0""]"
146ecf8b-ffa1-4239-ba58-040b61861fd9,1,146ecf8b-ffa1-4239-ba58-040b61861fd9::eave-chain::1:3,1,2.805882,100.146497,0.8054,"[-0.0412, 1.3473]","[-2.8032, 1.8416]","[""146ecf8b-ffa1-4239-ba58-040b61861fd9::ceiling-raw::1:5:0""]"
146ecf8b-ffa1-4239-ba58-040b61861fd9,1,146ecf8b-ffa1-4239-ba58-040b61861fd9::eave-chain::1:4,1,3.841901,10.147847,0.8054,"[-2.8032, 1.8416]","[-3.4801, -1.9402]","[""146ecf8b-ffa1-4239-ba58-040b61861fd9::ceiling-raw::1:5:0""]"
146ecf8b-ffa1-4239-ba58-040b61861fd9,1,146ecf8b-ffa1-4239-ba58-040b61861fd9::eave-chain::1:5,1,3.151425,97.10878,0.8054,"[-3.4801, -1.9402]","[-0.3529, -2.3302]","[""146ecf8b-ffa1-4239-ba58-040b61861fd9::ceiling-raw::1:5:0""]"
146ecf8b-ffa1-4239-ba58-040b61861fd9,1,146ecf8b-ffa1-4239-ba58-040b61861fd9::eave-chain::1:6,2,3.443009,9.427727,1.0313,"[3.849795, -1.020499]","[4.413772, 2.376005]","[""146ecf8b-ffa1-4239-ba58-040b61861fd9::ceiling-raw::1:6:0"", ""146ecf8b-ffa1-4239-ba58-040b61861fd9::ceiling-raw::1:6:1""]"
146ecf8b-ffa1-4239-ba58-040b61861fd9,1,146ecf8b-ffa1-4239-ba58-040b61861fd9::eave-chain::1:7,1,3.872664,99.323439,-0.5205,"[-0.1793, -1.6431]","[3.6422, -2.2705]","[""146ecf8b-ffa1-4239-ba58-040b61861fd9::ceiling-raw::1:6:3""]"
16784bad-2cd9-4f4c-bb26-60355981cfe2,0,16784bad-2cd9-4f4c-bb26-60355981cfe2::eave-chain::0:0,1,2.26733,84.387986,0.8939,"[-0.3597, 4.1657]","[-2.6159, 3.944]","[""16784bad-2cd9-4f4c-bb26-60355981cfe2::ceiling-raw::0:7:0""]"
16784bad-2cd9-4f4c-bb26-60355981cfe2,0,16784bad-2cd9-4f4c-bb26-60355981cfe2::eave-chain::0:1,1,3.149637,128.347279,0.8939,"[-2.6159, 3.944]","[-0.1459, 1.99]","[""16784bad-2cd9-4f4c-bb26-60355981cfe2::ceiling-raw::0:7:0""]"
16784bad-2cd9-4f4c-bb26-60355981cfe2,0,16784bad-2cd9-4f4c-bb26-60355981cfe2::eave-chain::0:2,1,2.423616,174.388205,0.9862,"[4.7611, 2.2336]","[4.5241, 4.6456]","[""16784bad-2cd9-4f4c-bb26-60355981cfe2::ceiling-raw::0:7:0""]"
16784bad-2cd9-4f4c-bb26-60355981cfe2,0,16784bad-2cd9-4f4c-bb26-60355981cfe2::eave-chain::0:3,2,4.482847,174.683645,0.634197,"[-2.44652, 1.672456]","[-2.659261, 3.958645]","[""16784bad-2cd9-4f4c-bb26-60355981cfe2::ceiling-raw::0:7:1"", ""16784bad-2cd9-4f4c-bb26-60355981cfe2::ceiling-raw::0:9:5""]"
16784bad-2cd9-4f4c-bb26-60355981cfe2,0,16784bad-2cd9-4f4c-bb26-60355981cfe2::eave-chain::0:4,1,1.048821,174.391599,1.4973,"[4.8637, 1.1898]","[4.7612, 2.2336]","[""16784bad-2cd9-4f4c-bb26-60355981cfe2::ceiling-raw::0:7:2""]"
16784bad-2cd9-4f4c-bb26-60355981cfe2,0,16784bad-2cd9-4f4c-bb26-60355981cfe2::eave-chain::0:5,2,2.392252,173.625567,0.728099,"[-1.586577, 0.829557]","[-1.438187, -0.498721]","[""16784bad-2cd9-4f4c-bb26-60355981cfe2::ceiling-raw::0:10:0"", ""16784bad-2cd9-4f4c-bb26-60355981cfe2::ceiling-raw::0:8:2""]"
16784bad-2cd9-4f4c-bb26-60355981cfe2,0,16784bad-2cd9-4f4c-bb26-60355981cfe2::eave-chain::0:6,1,1.189033,174.488396,0.3283,"[-3.3909, 0.5756]","[-3.2767, -0.6079]","[""16784bad-2cd9-4f4c-bb26-60355981cfe2::ceiling-raw::0:8:2""]"
16784bad-2cd9-4f4c-bb26-60355981cfe2,0,16784bad-2cd9-4f4c-bb26-60355981cfe2::eave-chain::0:7,1,1.32293,9.831857,0.056,"[-4.2899, 0.4889]","[-4.5158, -0.8146]","[""16784bad-2cd9-4f4c-bb26-60355981cfe2::ceiling-raw::0:9:2""]"
16784bad-2cd9-4f4c-bb26-60355981cfe2,0,16784bad-2cd9-4f4c-bb26-60355981cfe2::eave-chain::0:8,1,2.5097,174.661507,0.0536,"[-4.9394, 3.7471]","[-4.7059, 1.2483]","[""16784bad-2cd9-4f4c-bb26-60355981cfe2::ceiling-raw::0:9:5""]"
16784bad-2cd9-4f4c-bb26-60355981cfe2,0,16784bad-2cd9-4f4c-bb26-60355981cfe2::eave-chain::0:9,1,2.21926,174.523195,1.0321,"[0.0562, -0.3502]","[-0.1556, 1.8588]","[""16784bad-2cd9-4f4c-bb26-60355981cfe2::ceiling-raw::0:10:0""]"
16784bad-2cd9-4f4c-bb26-60355981cfe2,1,16784bad-2cd9-4f4c-bb26-60355981cfe2::eave-chain::1:0,2,6.078819,174.89175,2.337307,"[0.392261, -0.336007]","[0.94274, -6.493993]","[""16784bad-2cd9-4f4c-bb26-60355981cfe2::ceiling-raw::1:0:3"", ""16784bad-2cd9-4f4c-bb26-60355981cfe2::ceiling-raw::1:2:1""]"
16784bad-2cd9-4f4c-bb26-60355981cfe2,1,16784bad-2cd9-4f4c-bb26-60355981cfe2::eave-chain::1:1,3,7.961937,174.347076,2.341528,"[5.817839, -6.036138]","[5.019321, 2.031051]","[""16784bad-2cd9-4f4c-bb26-60355981cfe2::ceiling-raw::1:0:4"", ""16784bad-2cd9-4f4c-bb26-60355981cfe2::ceiling-raw::1:1:1"", ""16784bad-2cd9-4f4c-bb26-60355981cfe2::ceiling-raw::1:2:2""]"
16784bad-2cd9-4f4c-bb26-60355981cfe2,1,16784bad-2cd9-4f4c-bb26-60355981cfe2::eave-chain::1:2,1,2.341355,84.635419,3.6777,"[2.215, -6.3745]","[4.5461, -6.1556]","[""16784bad-2cd9-4f4c-bb26-60355981cfe2::ceiling-raw::1:2:0""]"
16784bad-2cd9-4f4c-bb26-60355981cfe2,1,16784bad-2cd9-4f4c-bb26-60355981cfe2::eave-chain::1:3,1,1.593262,175.301467,2.3374,"[4.907, 3.2407]","[4.7765, 4.8285]","[""16784bad-2cd9-4f4c-bb26-60355981cfe2::ceiling-raw::1:3:3""]"
16784bad-2cd9-4f4c-bb26-60355981cfe2,1,16784bad-2cd9-4f4c-bb26-60355981cfe2::eave-chain::1:4,1,2.528992,175.659505,3.60195,"[3.5175, 4.7102]","[3.7089, 2.1885]","[""16784bad-2cd9-4f4c-bb26-60355981cfe2::ceiling-raw::1:3:3""]"
16784bad-2cd9-4f4c-bb26-60355981cfe2,1,16784bad-2cd9-4f4c-bb26-60355981cfe2::eave-chain::1:5,1,2.277373,174.635878,3.7034,"[-4.921, 2.5858]","[-4.7081, 0.3184]","[""16784bad-2cd9-4f4c-bb26-60355981cfe2::ceiling-raw::1:4:0""]"
16784bad-2cd9-4f4c-bb26-60355981cfe2,1,16784bad-2cd9-4f4c-bb26-60355981cfe2::eave-chain::1:6,1,2.082594,84.527846,2.4741,"[-4.6048, -0.7814]","[-2.5317, -0.5828]","[""16784bad-2cd9-4f4c-bb26-60355981cfe2::ceiling-raw::1:4:1""]"
16784bad-2cd9-4f4c-bb26-60355981cfe2,1,16784bad-2cd9-4f4c-bb26-60355981cfe2::eave-chain::1:7,4,5.187777,85.93905,2.467235,"[0.695919, 4.089651]","[-5.023981, 3.683562]","[""16784bad-2cd9-4f4c-bb26-60355981cfe2::ceiling-raw::1:4:2"", ""16784bad-2cd9-4f4c-bb26-60355981cfe2::ceiling-raw::1:5:1""]"
1825a812-09d0-4407-9265-182a07053cfc,0,1825a812-09d0-4407-9265-182a07053cfc::eave-chain::0:0,4,11.852837,5.802891,0.767214,"[-9.289269, -7.007074]","[-8.593173, -0.157574]","[""1825a812-09d0-4407-9265-182a07053cfc::ceiling-raw::0:0:0"", ""1825a812-09d0-4407-9265-182a07053cfc::ceiling-raw::0:1:0"", ""1825a812-09d0-4407-9265-182a07053cfc::ceiling-raw::0:4:0"", ""1825a812-09d0-4407-9265-182a07053cfc::ceiling-raw::0:5:0""]"
1825a812-09d0-4407-9265-182a07053cfc,0,1825a812-09d0-4407-9265-182a07053cfc::eave-chain::0:1,2,6.603885,5.656607,0.747622,"[-12.414578, -3.347181]","[-12.743118, -6.664146]","[""1825a812-09d0-4407-9265-182a07053cfc::ceiling-raw::0:0:0"", ""1825a812-09d0-4407-9265-182a07053cfc::ceiling-raw::0:3:0""]"
1825a812-09d0-4407-9265-182a07053cfc,0,1825a812-09d0-4407-9265-182a07053cfc::eave-chain::0:2,4,13.68277,95.495463,0.76094,"[-15.042714, -6.418832]","[-1.038628, -7.766153]","[""1825a812-09d0-4407-9265-182a07053cfc::ceiling-raw::0:0:0"", ""1825a812-09d0-4407-9265-182a07053cfc::ceiling-raw::0:3:0"", ""1825a812-09d0-4407-9265-182a07053cfc::ceiling-raw::0:4:0"", ""1825a812-09d0-4407-9265-182a07053cfc::ceiling-raw::0:9:0""]"
1825a812-09d0-4407-9265-182a07053cfc,0,1825a812-09d0-4407-9265-182a07053cfc::eave-chain::0:3,5,17.602929,94.933098,0.844614,"[-14.393004, 0.313864]","[3.531677, -1.233255]","[""1825a812-09d0-4407-9265-182a07053cfc::ceiling-raw::0:11:1"", ""1825a812-09d0-4407-9265-182a07053cfc::ceiling-raw::0:1:0"", ""1825a812-09d0-4407-9265-182a07053cfc::ceiling-raw::0:2:0"", ""1825a812-09d0-4407-9265-182a07053cfc::ceiling-raw::0:5:0"", ""1825a812-09d0-4407-9265-182a07053cfc::ceiling-raw::0:8:0""]"
1825a812-09d0-4407-9265-182a07053cfc,0,1825a812-09d0-4407-9265-182a07053cfc::eave-chain::0:4,2,6.888266,5.677819,0.759282,"[-11.079309, 0.089543]","[-11.422335, -3.360649]","[""1825a812-09d0-4407-9265-182a07053cfc::ceiling-raw::0:1:0"", ""1825a812-09d0-4407-9265-182a07053cfc::ceiling-raw::0:2:0""]"
1825a812-09d0-4407-9265-182a07053cfc,0,1825a812-09d0-4407-9265-182a07053cfc::eave-chain::0:5,2,6.707179,5.503603,0.756572,"[-14.386933, 0.386922]","[-15.039666, -6.387503]","[""1825a812-09d0-4407-9265-182a07053cfc::ceiling-raw::0:2:0"", ""1825a812-09d0-4407-9265-182a07053cfc::ceiling-raw::0:3:0""]"
1825a812-09d0-4407-9265-182a07053cfc,0,1825a812-09d0-4407-9265-182a07053cfc::eave-chain::0:6,2,5.522498,95.325488,0.758334,"[-14.731346, -3.090151]","[-11.473635, -3.393822]","[""1825a812-09d0-4407-9265-182a07053cfc::ceiling-raw::0:2:0"", ""1825a812-09d0-4407-9265-182a07053cfc::ceiling-raw::0:3:0""]"
1825a812-09d0-4407-9265-182a07053cfc,0,1825a812-09d0-4407-9265-182a07053cfc::eave-chain::0:7,2,4.910799,5.171989,0.768138,"[-4.117284, -7.504254]","[-3.816669, -4.183058]","[""1825a812-09d0-4407-9265-182a07053cfc::ceiling-raw::0:4:0"", ""1825a812-09d0-4407-9265-182a07053cfc::ceiling-raw::0:9:0""]"
1825a812-09d0-4407-9265-182a07053cfc,0,1825a812-09d0-4407-9265-182a07053cfc::eave-chain::0:8,2,6.769986,5.614949,0.811109,"[-4.91068, -4.120079]","[-4.56218, -0.575325]","[""1825a812-09d0-4407-9265-182a07053cfc::ceiling-raw::0:5:0"", ""1825a812-09d0-4407-9265-182a07053cfc::ceiling-raw::0:8:0""]"
1825a812-09d0-4407-9265-182a07053cfc,0,1825a812-09d0-4407-9265-182a07053cfc::eave-chain::0:9,2,6.420091,5.701119,0.854025,"[-2.870479, -4.124191]","[-2.518609, -0.5996]","[""1825a812-09d0-4407-9265-182a07053cfc::ceiling-raw::0:10:0"", ""1825a812-09d0-4407-9265-182a07053cfc::ceiling-raw::0:8:0""]"
1825a812-09d0-4407-9265-182a07053cfc,0,1825a812-09d0-4407-9265-182a07053cfc::eave-chain::0:10,1,1.575901,5.666457,0.7879,"[-1.0364, -7.743]","[-0.8808, -6.1748]","[""1825a812-09d0-4407-9265-182a07053cfc::ceiling-raw::0:9:0""]"
1825a812-09d0-4407-9265-182a07053cfc,0,1825a812-09d0-4407-9265-182a07053cfc::eave-chain::0:11,1,3.097142,176.275265,0.8938,"[-2.3094, -3.691]","[-2.5106, -0.6004]","[""1825a812-09d0-4407-9265-182a07053cfc::ceiling-raw::0:10:0""]"
1825a812-09d0-4407-9265-182a07053cfc,0,1825a812-09d0-4407-9265-182a07053cfc::eave-chain::0:12,1,3.055631,5.666374,0.8938,"[-0.7824, -3.8425]","[-0.4807, -0.8018]","[""1825a812-09d0-4407-9265-182a07053cfc::ceiling-raw::0:10:2""]"
1900be91-8684-4316-98e2-c4fef6e6296f,0,1900be91-8684-4316-98e2-c4fef6e6296f::eave-chain::0:0,1,1.788484,169.354171,1.019,"[5.6404, -8.402]","[5.31, -6.6443]","[""1900be91-8684-4316-98e2-c4fef6e6296f::ceiling-raw::0:4:0""]"
1900be91-8684-4316-98e2-c4fef6e6296f,0,1900be91-8684-4316-98e2-c4fef6e6296f::eave-chain::0:1,2,3.146659,77.454772,0.980758,"[2.01077, -7.375162]","[5.309302, -6.641163]","[""1900be91-8684-4316-98e2-c4fef6e6296f::ceiling-raw::0:10:0"", ""1900be91-8684-4316-98e2-c4fef6e6296f::ceiling-raw::0:4:0""]"
1900be91-8684-4316-98e2-c4fef6e6296f,0,1900be91-8684-4316-98e2-c4fef6e6296f::eave-chain::0:2,1,1.210444,169.403025,1.1862,"[7.3652, -17.8974]","[7.1426, -16.7076]","[""1900be91-8684-4316-98e2-c4fef6e6296f::ceiling-raw::0:5:0""]"
1900be91-8684-4316-98e2-c4fef6e6296f,0,1900be91-8684-4316-98e2-c4fef6e6296f::eave-chain::0:3,3,9.779017,79.064953,1.208542,"[3.506039, -17.41352]","[10.942626, -15.976741]","[""1900be91-8684-4316-98e2-c4fef6e6296f::ceiling-raw::0:5:0"", ""1900be91-8684-4316-98e2-c4fef6e6296f::ceiling-raw::0:5:1"", ""1900be91-8684-4316-98e2-c4fef6e6296f::ceiling-raw::0:6:0""]"
1900be91-8684-4316-98e2-c4fef6e6296f,0,1900be91-8684-4316-98e2-c4fef6e6296f::eave-chain::0:4,1,1.185928,169.402604,1.1862,"[4.8393, -17.1634]","[5.0574, -18.3291]","[""1900be91-8684-4316-98e2-c4fef6e6296f::ceiling-raw::0:5:0""]"
1900be91-8684-4316-98e2-c4fef6e6296f,0,1900be91-8684-4316-98e2-c4fef6e6296f::eave-chain::0:5,1,2.34783,79.40463,1.1862,"[5.0574, -18.3291]","[7.3652, -17.8974]","[""1900be91-8684-4316-98e2-c4fef6e6296f::ceiling-raw::0:5:0""]"
1900be91-8684-4316-98e2-c4fef6e6296f,0,1900be91-8684-4316-98e2-c4fef6e6296f::eave-chain::0:6,1,6.807644,169.405782,1.1862,"[2.2543, -10.7212]","[3.5059, -17.4128]","[""1900be91-8684-4316-98e2-c4fef6e6296f::ceiling-raw::0:5:1""]"
1900be91-8684-4316-98e2-c4fef6e6296f,0,1900be91-8684-4316-98e2-c4fef6e6296f::eave-chain::0:7,2,11.637699,169.172907,1.215984,"[7.878685, -16.56965]","[6.604514, -9.907327]","[""1900be91-8684-4316-98e2-c4fef6e6296f::ceiling-raw::0:5:1"", ""1900be91-8684-4316-98e2-c4fef6e6296f::ceiling-raw::0:6:0""]"
1900be91-8684-4316-98e2-c4fef6e6296f,0,1900be91-8684-4316-98e2-c4fef6e6296f::eave-chain::0:8,1,4.371005,79.406031,1.1862,"[6.5508, -9.9176]","[2.2543, -10.7212]","[""1900be91-8684-4316-98e2-c4fef6e6296f::ceiling-raw::0:5:1""]"
1900be91-8684-4316-98e2-c4fef6e6296f,0,1900be91-8684-4316-98e2-c4fef6e6296f::eave-chain::0:9,1,4.854554,169.354389,1.2576,"[10.9437, -15.9823]","[10.0469, -11.2113]","[""1900be91-8684-4316-98e2-c4fef6e6296f::ceiling-raw::0:6:0""]"
1900be91-8684-4316-98e2-c4fef6e6296f,0,1900be91-8684-4316-98e2-c4fef6e6296f::eave-chain::0:10,1,3.060068,79.35435,1.2576,"[10.0469, -11.2113]","[7.0395, -11.7766]","[""1900be91-8684-4316-98e2-c4fef6e6296f::ceiling-raw::0:6:0""]"
1900be91-8684-4316-98e2-c4fef6e6296f,0,1900be91-8684-4316-98e2-c4fef6e6296f::eave-chain::0:11,1,2.790135,169.352971,0.943,"[3.5661, -7.0792]","[3.0506, -4.3371]","[""1900be91-8684-4316-98e2-c4fef6e6296f::ceiling-raw::0:10:0""]"
1900be91-8684-4316-98e2-c4fef6e6296f,0,1900be91-8684-4316-98e2-c4fef6e6296f::eave-chain::0:12,1,1.583254,79.353668,0.943,"[3.0506, -4.3371]","[1.4946, -4.6296]","[""1900be91-8684-4316-98e2-c4fef6e6296f::ceiling-raw::0:10:0""]"
1900be91-8684-4316-98e2-c4fef6e6296f,0,1900be91-8684-4316-98e2-c4fef6e6296f::eave-chain::0:13,1,2.790116,169.354989,0.943,"[1.4946, -4.6296]","[2.01, -7.3717]","[""1900be91-8684-4316-98e2-c4fef6e6296f::ceiling-raw::0:10:0""]"
1900be91-8684-4316-98e2-c4fef6e6296f,1,1900be91-8684-4316-98e2-c4fef6e6296f::eave-chain::1:0,1,3.495371,170.596425,1.9626,"[2.1863, -4.2823]","[2.7574, -7.7307]","[""1900be91-8684-4316-98e2-c4fef6e6296f::ceiling-raw::1:0:5""]"
1900be91-8684-4316-98e2-c4fef6e6296f,1,1900be91-8684-4316-98e2-c4fef6e6296f::eave-chain::1:1,1,3.521,177.519283,3.1372,"[3.7309, -4.0265]","[3.8833, -7.5442]","[""1900be91-8684-4316-98e2-c4fef6e6296f::ceiling-raw::1:0:6""]"
1900be91-8684-4316-98e2-c4fef6e6296f,1,1900be91-8684-4316-98e2-c4fef6e6296f::eave-chain::1:2,1,3.566741,2.07591,3.1372,"[3.183, -7.6602]","[3.3122, -4.0958]","[""1900be91-8684-4316-98e2-c4fef6e6296f::ceiling-raw::1:0:7""]"
1900be91-8684-4316-98e2-c4fef6e6296f,1,1900be91-8684-4316-98e2-c4fef6e6296f::eave-chain::1:3,1,1.041813,170.591926,3.8828,"[7.0447, -8.1438]","[6.8744, -7.116]","[""1900be91-8684-4316-98e2-c4fef6e6296f::ceiling-raw::1:1:11""]"
1900be91-8684-4316-98e2-c4fef6e6296f,1,1900be91-8684-4316-98e2-c4fef6e6296f::eave-chain::1:4,2,2.688221,170.59675,5.2666,"[5.668398, -7.3157]","[5.937394, -8.940001]","[""1900be91-8684-4316-98e2-c4fef6e6296f::ceiling-raw::1:1:11"", ""1900be91-8684-4316-98e2-c4fef6e6296f::ceiling-raw::1:1:12""]"
1900be91-8684-4316-98e2-c4fef6e6296f,1,1900be91-8684-4316-98e2-c4fef6e6296f::eave-chain::1:5,1,1.041813,170.591926,4.6594,"[5.1729, -7.3978]","[5.3432, -8.4256]","[""1900be91-8684-4316-98e2-c4fef6e6296f::ceiling-raw::1:1:12""]"
1900be91-8684-4316-98e2-c4fef6e6296f,1,1900be91-8684-4316-98e2-c4fef6e6296f::eave-chain::1:6,2,5.52103,169.625738,1.968906,"[2.879026, -8.833507]","[3.896519, -14.391452]","[""1900be91-8684-4316-98e2-c4fef6e6296f::ceiling-raw::1:1:14"", ""1900be91-8684-4316-98e2-c4fef6e6296f::ceiling-raw::1:3:0""]"
1900be91-8684-4316-98e2-c4fef6e6296f,1,1900be91-8684-4316-98e2-c4fef6e6296f::eave-chain::1:7,2,0.779071,80.595106,4.2964,"[7.231203, -21.271218]","[7.999802, -21.14391]","[""1900be91-8684-4316-98e2-c4fef6e6296f::ceiling-raw::1:2:0"", ""1900be91-8684-4316-98e2-c4fef6e6296f::ceiling-raw::1:2:1""]"
1900be91-8684-4316-98e2-c4fef6e6296f,1,1900be91-8684-4316-98e2-c4fef6e6296f::eave-chain::1:8,1,6.040744,170.58664,2.01155,"[4.1197, -15.6635]","[5.1077, -21.6229]","[""1900be91-8684-4316-98e2-c4fef6e6296f::ceiling-raw::1:2:2""]"
191e11c0-fd47-489c-9e3d-c8072713a761,0,191e11c0-fd47-489c-9e3d-c8072713a761::eave-chain::0:0,1,7.475883,141.62961,1.2549,"[7.1363, 2.9435]","[2.4957, 8.8047]","[""191e11c0-fd47-489c-9e3d-c8072713a761::ceiling-raw::0:1:0""]"
191e11c0-fd47-489c-9e3d-c8072713a761,0,191e11c0-fd47-489c-9e3d-c8072713a761::eave-chain::0:1,3,11.308898,51.103715,1.256413,"[2.493464, 8.807472]","[-7.006331, 1.143121]","[""191e11c0-fd47-489c-9e3d-c8072713a761::ceiling-raw::0:1:0"", ""191e11c0-fd47-489c-9e3d-c8072713a761::ceiling-raw::0:2:0"", ""191e11c0-fd47-489c-9e3d-c8072713a761::ceiling-raw::0:3:0""]"
191e11c0-fd47-489c-9e3d-c8072713a761,0,191e11c0-fd47-489c-9e3d-c8072713a761::eave-chain::0:2,2,10.592209,141.451751,1.254812,"[-1.617392, 5.547992]","[3.041358, -0.298746]","[""191e11c0-fd47-489c-9e3d-c8072713a761::ceiling-raw::0:1:0"", ""191e11c0-fd47-489c-9e3d-c8072713a761::ceiling-raw::0:2:0""]"
191e11c0-fd47-489c-9e3d-c8072713a761,0,191e11c0-fd47-489c-9e3d-c8072713a761::eave-chain::0:3,1,5.204245,51.629565,1.2549,"[3.0561, -0.287]","[7.1363, 2.9435]","[""191e11c0-fd47-489c-9e3d-c8072713a761::ceiling-raw::0:1:0""]"
191e11c0-fd47-489c-9e3d-c8072713a761,0,191e11c0-fd47-489c-9e3d-c8072713a761::eave-chain::0:4,1,2.525878,141.947754,1.2546,"[-3.8241, 3.7349]","[-2.2672, 1.7459]","[""191e11c0-fd47-489c-9e3d-c8072713a761::ceiling-raw::0:2:0""]"
191e11c0-fd47-489c-9e3d-c8072713a761,0,191e11c0-fd47-489c-9e3d-c8072713a761::eave-chain::0:5,1,0.892203,134.414211,1.2604,"[-3.7923, 2.5246]","[-4.4296, 3.149]","[""191e11c0-fd47-489c-9e3d-c8072713a761::ceiling-raw::0:3:0""]"
191e11c0-fd47-489c-9e3d-c8072713a761,0,191e11c0-fd47-489c-9e3d-c8072713a761::eave-chain::0:6,3,7.106169,142.19359,1.257683,"[-7.010523, 1.165199]","[-2.529646, -4.610179]","[""191e11c0-fd47-489c-9e3d-c8072713a761::ceiling-raw::0:3:0"", ""191e11c0-fd47-489c-9e3d-c8072713a761::ceiling-raw::0:4:0"", ""191e11c0-fd47-489c-9e3d-c8072713a761::ceiling-raw::0:5:0""]"
191e11c0-fd47-489c-9e3d-c8072713a761,0,191e11c0-fd47-489c-9e3d-c8072713a761::eave-chain::0:7,2,5.619113,52.075236,1.256474,"[-5.102603, -1.33388]","[-2.428062, 0.75005]","[""191e11c0-fd47-489c-9e3d-c8072713a761::ceiling-raw::0:3:0"", ""191e11c0-fd47-489c-9e3d-c8072713a761::ceiling-raw::0:4:0""]"
191e11c0-fd47-489c-9e3d-c8072713a761,0,191e11c0-fd47-489c-9e3d-c8072713a761::eave-chain::0:8,2,4.618162,51.970318,1.254795,"[-2.207704, -1.166847]","[-4.089978, -2.639012]","[""191e11c0-fd47-489c-9e3d-c8072713a761::ceiling-raw::0:4:0"", ""191e11c0-fd47-489c-9e3d-c8072713a761::ceiling-raw::0:5:0""]"
191e11c0-fd47-489c-9e3d-c8072713a761,0,191e11c0-fd47-489c-9e3d-c8072713a761::eave-chain::0:9,1,3.345335,51.94551,1.2588,"[-2.5405, -4.6186]","[0.0937, -2.5565]","[""191e11c0-fd47-489c-9e3d-c8072713a761::ceiling-raw::0:5:0""]"
191e11c0-fd47-489c-9e3d-c8072713a761,0,191e11c0-fd47-489c-9e3d-c8072713a761::eave-chain::0:10,1,2.924003,141.947657,1.2588,"[0.0937, -2.5565]","[-1.7086, -0.254]","[""191e11c0-fd47-489c-9e3d-c8072713a761::ceiling-raw::0:5:0""]"
193c3c70-2271-4c42-ab2c-586e1d64d4cb,0,193c3c70-2271-4c42-ab2c-586e1d64d4cb::eave-chain::0:0,3,13.342512,37.175922,0.718395,"[-3.659668, 5.237439]","[-11.770333, -5.457298]","[""193c3c70-2271-4c42-ab2c-586e1d64d4cb::ceiling-raw::0:0:0"", ""193c3c70-2271-4c42-ab2c-586e1d64d4cb::ceiling-raw::0:2:0"", ""193c3c70-2271-4c42-ab2c-586e1d64d4cb::ceiling-raw::0:4:0""]"
193c3c70-2271-4c42-ab2c-586e1d64d4cb,0,193c3c70-2271-4c42-ab2c-586e1d64d4cb::eave-chain::0:1,2,6.461715,126.989288,0.712088,"[-8.070142, -0.574429]","[-5.453571, -2.545389]","[""193c3c70-2271-4c42-ab2c-586e1d64d4cb::ceiling-raw::0:0:0"", ""193c3c70-2271-4c42-ab2c-586e1d64d4cb::ceiling-raw::0:2:0""]"
193c3c70-2271-4c42-ab2c-586e1d64d4cb,0,193c3c70-2271-4c42-ab2c-586e1d64d4cb::eave-chain::0:2,2,5.108052,126.97459,0.711898,"[-4.614252, -3.264002]","[-2.500271, -4.855531]","[""193c3c70-2271-4c42-ab2c-586e1d64d4cb::ceiling-raw::0:0:0"", ""193c3c70-2271-4c42-ab2c-586e1d64d4cb::ceiling-raw::0:1:0""]"
193c3c70-2271-4c42-ab2c-586e1d64d4cb,0,193c3c70-2271-4c42-ab2c-586e1d64d4cb::eave-chain::0:3,4,13.199851,37.457483,0.704887,"[-6.25255, -9.651323]","[1.921804, 1.018086]","[""193c3c70-2271-4c42-ab2c-586e1d64d4cb::ceiling-raw::0:0:0"", ""193c3c70-2271-4c42-ab2c-586e1d64d4cb::ceiling-raw::0:1:0"", ""193c3c70-2271-4c42-ab2c-586e1d64d4cb::ceiling-raw::0:3:0"", ""193c3c70-2271-4c42-ab2c-586e1d64d4cb::ceiling-raw::0:5:0""]"
193c3c70-2271-4c42-ab2c-586e1d64d4cb,0,193c3c70-2271-4c42-ab2c-586e1d64d4cb::eave-chain::0:4,2,4.09309,126.973362,0.699453,"[-0.047518, -1.599929]","[-1.719188, -0.341453]","[""193c3c70-2271-4c42-ab2c-586e1d64d4cb::ceiling-raw::0:0:0"", ""193c3c70-2271-4c42-ab2c-586e1d64d4cb::ceiling-raw::0:5:0""]"
193c3c70-2271-4c42-ab2c-586e1d64d4cb,0,193c3c70-2271-4c42-ab2c-586e1d64d4cb::eave-chain::0:5,2,6.564396,37.005636,0.699338,"[-1.712464, -0.389228]","[0.287224, 2.263904]","[""193c3c70-2271-4c42-ab2c-586e1d64d4cb::ceiling-raw::0:0:0"", ""193c3c70-2271-4c42-ab2c-586e1d64d4cb::ceiling-raw::0:5:0""]"
193c3c70-2271-4c42-ab2c-586e1d64d4cb,0,193c3c70-2271-4c42-ab2c-586e1d64d4cb::eave-chain::0:6,2,6.913156,127.080045,0.70396,"[1.906511, 1.031705]","[-3.663678, 5.241358]","[""193c3c70-2271-4c42-ab2c-586e1d64d4cb::ceiling-raw::0:0:0"", ""193c3c70-2271-4c42-ab2c-586e1d64d4cb::ceiling-raw::0:5:0""]"
193c3c70-2271-4c42-ab2c-586e1d64d4cb,0,193c3c70-2271-4c42-ab2c-586e1d64d4cb::eave-chain::0:7,2,4.996312,126.988046,0.710204,"[-4.483379, -7.334152]","[-6.50778, -5.809319]","[""193c3c70-2271-4c42-ab2c-586e1d64d4cb::ceiling-raw::0:1:0"", ""193c3c70-2271-4c42-ab2c-586e1d64d4cb::ceiling-raw::0:3:0""]"
193c3c70-2271-4c42-ab2c-586e1d64d4cb,0,193c3c70-2271-4c42-ab2c-586e1d64d4cb::eave-chain::0:8,2,6.410535,126.987115,0.727598,"[-9.895659, -2.963275]","[-7.318672, -4.904266]","[""193c3c70-2271-4c42-ab2c-586e1d64d4cb::ceiling-raw::0:2:0"", ""193c3c70-2271-4c42-ab2c-586e1d64d4cb::ceiling-raw::0:4:0""]"
193c3c70-2271-4c42-ab2c-586e1d64d4cb,0,193c3c70-2271-4c42-ab2c-586e1d64d4cb::eave-chain::0:9,2,3.558628,36.962581,0.724482,"[-8.437182, -8.005579]","[-7.338134, -6.545109]","[""193c3c70-2271-4c42-ab2c-586e1d64d4cb::ceiling-raw::0:3:0"", ""193c3c70-2271-4c42-ab2c-586e1d64d4cb::ceiling-raw::0:4:0""]"
193c3c70-2271-4c42-ab2c-586e1d64d4cb,0,193c3c70-2271-4c42-ab2c-586e1d64d4cb::eave-chain::0:10,2,6.917936,127.234753,0.727891,"[-11.772324, -5.454179]","[-6.236631, -9.661294]","[""193c3c70-2271-4c42-ab2c-586e1d64d4cb::ceiling-raw::0:3:0"", ""193c3c70-2271-4c42-ab2c-586e1d64d4cb::ceiling-raw::0:4:0""]"
19459014-f39b-4bf6-945e-c5b50930dea3,0,19459014-f39b-4bf6-945e-c5b50930dea3::eave-chain::0:0,2,5.483447,97.224188,-1.846858,"[6.25772, -1.392966]","[9.268178, -1.774567]","[""19459014-f39b-4bf6-945e-c5b50930dea3::ceiling-raw::0:0:0"", ""19459014-f39b-4bf6-945e-c5b50930dea3::ceiling-raw::0:6:0""]"
19459014-f39b-4bf6-945e-c5b50930dea3,0,19459014-f39b-4bf6-945e-c5b50930dea3::eave-chain::0:1,1,8.465502,6.098103,-1.8188,"[3.4973, -2.6092]","[2.598, -11.0268]","[""19459014-f39b-4bf6-945e-c5b50930dea3::ceiling-raw::0:0:0""]"
19459014-f39b-4bf6-945e-c5b50930dea3,0,19459014-f39b-4bf6-945e-c5b50930dea3::eave-chain::0:2,1,5.507102,96.726004,-1.8188,"[2.598, -11.0268]","[8.0672, -11.6718]","[""19459014-f39b-4bf6-945e-c5b50930dea3::ceiling-raw::0:0:0""]"
19459014-f39b-4bf6-945e-c5b50930dea3,0,19459014-f39b-4bf6-945e-c5b50930dea3::eave-chain::0:3,2,13.047874,6.659825,-1.831106,"[8.076468, -11.672882]","[9.612469, 1.482071]","[""19459014-f39b-4bf6-945e-c5b50930dea3::ceiling-raw::0:0:0"", ""19459014-f39b-4bf6-945e-c5b50930dea3::ceiling-raw::0:6:0""]"
19459014-f39b-4bf6-945e-c5b50930dea3,0,19459014-f39b-4bf6-945e-c5b50930dea3::eave-chain::0:4,2,6.498098,6.840672,-1.90915,"[6.209617, -1.389328]","[6.60279, 1.888127]","[""19459014-f39b-4bf6-945e-c5b50930dea3::ceiling-raw::0:2:0"", ""19459014-f39b-4bf6-945e-c5b50930dea3::ceiling-raw::0:6:0""]"
19459014-f39b-4bf6-945e-c5b50930dea3,0,19459014-f39b-4bf6-945e-c5b50930dea3::eave-chain::0:5,2,5.415445,97.166226,-1.905073,"[9.584443, 1.496185]","[4.106279, 2.184958]","[""19459014-f39b-4bf6-945e-c5b50930dea3::ceiling-raw::0:2:0"", ""19459014-f39b-4bf6-945e-c5b50930dea3::ceiling-raw::0:6:0""]"
19459014-f39b-4bf6-945e-c5b50930dea3,0,19459014-f39b-4bf6-945e-c5b50930dea3::eave-chain::0:6,1,3.290548,6.726113,-1.9478,"[4.1047, 2.1724]","[3.7193, -1.0955]","[""19459014-f39b-4bf6-945e-c5b50930dea3::ceiling-raw::0:2:0""]"
19459014-f39b-4bf6-945e-c5b50930dea3,0,19459014-f39b-4bf6-945e-c5b50930dea3::eave-chain::0:7,1,2.307983,96.725645,-1.6437,"[-1.9631, 2.8862]","[-4.2552, 3.1565]","[""19459014-f39b-4bf6-945e-c5b50930dea3::ceiling-raw::0:5:0""]"
19459014-f39b-4bf6-945e-c5b50930dea3,0,19459014-f39b-4bf6-945e-c5b50930dea3::eave-chain::0:8,1,3.257727,6.726893,-1.6437,"[-4.2552, 3.1565]","[-4.6368, -0.0788]","[""19459014-f39b-4bf6-945e-c5b50930dea3::ceiling-raw::0:5:0""]"
19459014-f39b-4bf6-945e-c5b50930dea3,0,19459014-f39b-4bf6-945e-c5b50930dea3::eave-chain::0:9,1,2.307994,96.72811,-1.6437,"[-4.6368, -0.0788]","[-2.3447, -0.3492]","[""19459014-f39b-4bf6-945e-c5b50930dea3::ceiling-raw::0:5:0""]"
19459014-f39b-4bf6-945e-c5b50930dea3,0,19459014-f39b-4bf6-945e-c5b50930dea3::eave-chain::0:10,1,3.257826,6.726687,-1.6437,"[-2.3447, -0.3492]","[-1.9631, 2.8862]","[""19459014-f39b-4bf6-945e-c5b50930dea3::ceiling-raw::0:5:0""]"
19459014-f39b-4bf6-945e-c5b50930dea3,1,19459014-f39b-4bf6-945e-c5b50930dea3::eave-chain::1:0,2,5.889213,98.286353,-0.233491,"[-2.295241, -3.450388]","[3.094294, -4.235325]","[""19459014-f39b-4bf6-945e-c5b50930dea3::ceiling-raw::1:8:0"", ""19459014-f39b-4bf6-945e-c5b50930dea3::ceiling-raw::1:8:5""]"
19459014-f39b-4bf6-945e-c5b50930dea3,1,19459014-f39b-4bf6-945e-c5b50930dea3::eave-chain::1:1,1,1.091016,96.404566,0.9306,"[-1.0967, -2.4838]","[-2.1809, -2.3621]","[""19459014-f39b-4bf6-945e-c5b50930dea3::ceiling-raw::1:8:0""]"
19459014-f39b-4bf6-945e-c5b50930dea3,1,19459014-f39b-4bf6-945e-c5b50930dea3::eave-chain::1:2,2,2.426946,89.289207,0.028043,"[3.659779, 1.298447]","[1.21769, 1.26815]","[""19459014-f39b-4bf6-945e-c5b50930dea3::ceiling-raw::1:9:1""]"
19459014-f39b-4bf6-945e-c5b50930dea3,1,19459014-f39b-4bf6-945e-c5b50930dea3::eave-chain::1:3,1,0.881245,95.757173,0.9567,"[-0.9238, 0.7183]","[-1.8006, 0.8067]","[""19459014-f39b-4bf6-945e-c5b50930dea3::ceiling-raw::1:10:0""]"
19459014-f39b-4bf6-945e-c5b50930dea3,1,19459014-f39b-4bf6-945e-c5b50930dea3::eave-chain::1:4,1,0.90034,5.756185,0.9567,"[-1.8006, 0.8067]","[-1.8909, -0.0891]","[""19459014-f39b-4bf6-945e-c5b50930dea3::ceiling-raw::1:10:0""]"
19459014-f39b-4bf6-945e-c5b50930dea3,1,19459014-f39b-4bf6-945e-c5b50930dea3::eave-chain::1:5,1,2.864544,95.75617,0.9567,"[-1.8909, -0.0891]","[0.9592, -0.3764]","[""19459014-f39b-4bf6-945e-c5b50930dea3::ceiling-raw::1:10:0""]"
19459014-f39b-4bf6-945e-c5b50930dea3,1,19459014-f39b-4bf6-945e-c5b50930dea3::eave-chain::1:6,1,1.983108,96.235856,-0.8219,"[1.2338, 2.3494]","[-0.7375, 2.5648]","[""19459014-f39b-4bf6-945e-c5b50930dea3::ceiling-raw::1:10:1""]"
19bf6498-09eb-4c62-8fc8-8623942351ba,0,19bf6498-09eb-4c62-8fc8-8623942351ba::eave-chain::0:0,2,7.386807,142.893568,0.898601,"[0.857225, 2.461368]","[3.779168, -1.401233]","[""19bf6498-09eb-4c62-8fc8-8623942351ba::ceiling-raw::0:0:0"", ""19bf6498-09eb-4c62-8fc8-8623942351ba::ceiling-raw::0:1:0""]"
19bf6498-09eb-4c62-8fc8-8623942351ba,0,19bf6498-09eb-4c62-8fc8-8623942351ba::eave-chain::0:1,2,6.678986,53.054204,0.899858,"[2.172547, 0.677955]","[-1.071311, -1.76166]","[""19bf6498-09eb-4c62-8fc8-8623942351ba::ceiling-raw::0:0:0"", ""19bf6498-09eb-4c62-8fc8-8623942351ba::ceiling-raw::0:8:0""]"
19bf6498-09eb-4c62-8fc8-8623942351ba,0,19bf6498-09eb-4c62-8fc8-8623942351ba::eave-chain::0:2,6,13.986311,142.970334,0.954529,"[-8.103703, 7.581761]","[0.508117, -3.834208]","[""19bf6498-09eb-4c62-8fc8-8623942351ba::ceiling-raw::0:0:0"", ""19bf6498-09eb-4c62-8fc8-8623942351ba::ceiling-raw::0:3:0"", ""19bf6498-09eb-4c62-8fc8-8623942351ba::ceiling-raw::0:4:0"", ""19bf6498-09eb-4c62-8fc8-8623942351ba::ceiling-raw::0:6:0"", ""19bf6498-09eb-4c62-8fc8-8623942351ba::ceiling-raw::0:7:0"", ""19bf6498-09eb-4c62-8fc8-8623942351ba::ceiling-raw::0:8:0""]"
19bf6498-09eb-4c62-8fc8-8623942351ba,0,19bf6498-09eb-4c62-8fc8-8623942351ba::eave-chain::0:3,2,6.967474,53.081888,0.896466,"[0.51185, -3.829202]","[6.121779, 0.385626]","[""19bf6498-09eb-4c62-8fc8-8623942351ba::ceiling-raw::0:0:0"", ""19bf6498-09eb-4c62-8fc8-8623942351ba::ceiling-raw::0:1:0""]"
19bf6498-09eb-4c62-8fc8-8623942351ba,0,19bf6498-09eb-4c62-8fc8-8623942351ba::eave-chain::0:4,3,9.878359,142.579787,0.918841,"[6.127256, 0.387257]","[0.084823, 8.284656]","[""19bf6498-09eb-4c62-8fc8-8623942351ba::ceiling-raw::0:1:0"", ""19bf6498-09eb-4c62-8fc8-8623942351ba::ceiling-raw::0:2:0"", ""19bf6498-09eb-4c62-8fc8-8623942351ba::ceiling-raw::0:5:0""]"
19bf6498-09eb-4c62-8fc8-8623942351ba,0,19bf6498-09eb-4c62-8fc8-8623942351ba::eave-chain::0:5,2,5.835583,52.703529,0.910407,"[0.853092, 2.478545]","[3.178307, 4.249657]","[""19bf6498-09eb-4c62-8fc8-8623942351ba::ceiling-raw::0:1:0"", ""19bf6498-09eb-4c62-8fc8-8623942351ba::ceiling-raw::0:2:0""]"
19bf6498-09eb-4c62-8fc8-8623942351ba,0,19bf6498-09eb-4c62-8fc8-8623942351ba::eave-chain::0:6,4,13.79969,52.9803,0.953659,"[-4.189811, 2.333916]","[1.41472, 6.560256]","[""19bf6498-09eb-4c62-8fc8-8623942351ba::ceiling-raw::0:2:0"", ""19bf6498-09eb-4c62-8fc8-8623942351ba::ceiling-raw::0:4:0"", ""19bf6498-09eb-4c62-8fc8-8623942351ba::ceiling-raw::0:5:0"", ""19bf6498-09eb-4c62-8fc8-8623942351ba::ceiling-raw::0:6:0""]"
19bf6498-09eb-4c62-8fc8-8623942351ba,0,19bf6498-09eb-4c62-8fc8-8623942351ba::eave-chain::0:7,2,3.552319,52.703211,0.929664,"[-0.641224, 0.708651]","[-2.104012, -0.405566]","[""19bf6498-09eb-4c62-8fc8-8623942351ba::ceiling-raw::0:3:0"", ""19bf6498-09eb-4c62-8fc8-8623942351ba::ceiling-raw::0:8:0""]"
19bf6498-09eb-4c62-8fc8-8623942351ba,0,19bf6498-09eb-4c62-8fc8-8623942351ba::eave-chain::0:8,2,4.429604,52.463556,0.953479,"[-2.980947, 0.746843]","[-0.827193, 2.401654]","[""19bf6498-09eb-4c62-8fc8-8623942351ba::ceiling-raw::0:3:0"", ""19bf6498-09eb-4c62-8fc8-8623942351ba::ceiling-raw::0:4:0""]"
19bf6498-09eb-4c62-8fc8-8623942351ba,0,19bf6498-09eb-4c62-8fc8-8623942351ba::eave-chain::0:9,1,3.696441,55.052805,0.957,"[0.0773, 8.2789]","[3.1072, 10.3963]","[""19bf6498-09eb-4c62-8fc8-8623942351ba::ceiling-raw::0:5:0""]"
19bf6498-09eb-4c62-8fc8-8623942351ba,0,19bf6498-09eb-4c62-8fc8-8623942351ba::eave-chain::0:10,1,4.599352,142.344517,0.957,"[3.1072, 10.3963]","[0.2974, 14.0376]","[""19bf6498-09eb-4c62-8fc8-8623942351ba::ceiling-raw::0:5:0""]"
19bf6498-09eb-4c62-8fc8-8623942351ba,0,19bf6498-09eb-4c62-8fc8-8623942351ba::eave-chain::0:11,2,10.631737,52.427105,0.969264,"[0.299348, 14.035067]","[-8.095421, 7.576549]","[""19bf6498-09eb-4c62-8fc8-8623942351ba::ceiling-raw::0:5:0"", ""19bf6498-09eb-4c62-8fc8-8623942351ba::ceiling-raw::0:7:0""]"
19bf6498-09eb-4c62-8fc8-8623942351ba,0,19bf6498-09eb-4c62-8fc8-8623942351ba::eave-chain::0:12,2,8.81206,142.517904,0.968964,"[-5.912141, 9.25107]","[-1.909521, 4.031378]","[""19bf6498-09eb-4c62-8fc8-8623942351ba::ceiling-raw::0:5:0"", ""19bf6498-09eb-4c62-8fc8-8623942351ba::ceiling-raw::0:7:0""]"
19bf6498-09eb-4c62-8fc8-8623942351ba,0,19bf6498-09eb-4c62-8fc8-8623942351ba::eave-chain::0:13,2,5.537955,52.693688,0.993648,"[-4.528242, 7.462019]","[-6.748967, 5.769893]","[""19bf6498-09eb-4c62-8fc8-8623942351ba::ceiling-raw::0:6:0"", ""19bf6498-09eb-4c62-8fc8-8623942351ba::ceiling-raw::0:7:0""]"
1a453338-ca2e-49d0-9bd2-da33c07fd348,0,1a453338-ca2e-49d0-9bd2-da33c07fd348::eave-chain::0:0,3,11.228785,165.763266,0.785497,"[6.336807, -4.914285]","[3.538827, 6.113489]","[""1a453338-ca2e-49d0-9bd2-da33c07fd348::ceiling-raw::0:0:0"", ""1a453338-ca2e-49d0-9bd2-da33c07fd348::ceiling-raw::0:8:0"", ""1a453338-ca2e-49d0-9bd2-da33c07fd348::ceiling-raw::0:9:0""]"
1a453338-ca2e-49d0-9bd2-da33c07fd348,0,1a453338-ca2e-49d0-9bd2-da33c07fd348::eave-chain::0:1,2,6.218831,75.603919,0.755852,"[1.142927, 2.893171]","[4.168987, 3.66991]","[""1a453338-ca2e-49d0-9bd2-da33c07fd348::ceiling-raw::0:0:0"", ""1a453338-ca2e-49d0-9bd2-da33c07fd348::ceiling-raw::0:8:0""]"
1a453338-ca2e-49d0-9bd2-da33c07fd348,0,1a453338-ca2e-49d0-9bd2-da33c07fd348::eave-chain::0:2,2,6.298942,75.593257,0.800645,"[5.332119, -0.948097]","[2.250263, -1.73977]","[""1a453338-ca2e-49d0-9bd2-da33c07fd348::ceiling-raw::0:0:0"", ""1a453338-ca2e-49d0-9bd2-da33c07fd348::ceiling-raw::0:9:0""]"
1a453338-ca2e-49d0-9bd2-da33c07fd348,0,1a453338-ca2e-49d0-9bd2-da33c07fd348::eave-chain::0:3,2,3.89125,165.302247,0.675341,"[0.487059, 5.356875]","[1.125817, 2.921685]","[""1a453338-ca2e-49d0-9bd2-da33c07fd348::ceiling-raw::0:1:0"", ""1a453338-ca2e-49d0-9bd2-da33c07fd348::ceiling-raw::0:8:0""]"
1a453338-ca2e-49d0-9bd2-da33c07fd348,0,1a453338-ca2e-49d0-9bd2-da33c07fd348::eave-chain::0:4,5,12.907766,75.634184,0.764978,"[3.539607, 6.13029]","[-9.384371, 2.820194]","[""1a453338-ca2e-49d0-9bd2-da33c07fd348::ceiling-raw::0:1:0"", ""1a453338-ca2e-49d0-9bd2-da33c07fd348::ceiling-raw::0:3:0"", ""1a453338-ca2e-49d0-9bd2-da33c07fd348::ceiling-raw::0:5:0"", ""1a453338-ca2e-49d0-9bd2-da33c07fd348::ceiling-raw::0:7:0"", ""1a453338-ca2e-49d0-9bd2-da33c07fd348::ceiling-raw::0:8:0""]"
1a453338-ca2e-49d0-9bd2-da33c07fd348,0,1a453338-ca2e-49d0-9bd2-da33c07fd348::eave-chain::0:5,2,2.780324,165.652674,0.581285,"[-1.013725, 4.97291]","[-0.667531, 3.619408]","[""1a453338-ca2e-49d0-9bd2-da33c07fd348::ceiling-raw::0:1:0"", ""1a453338-ca2e-49d0-9bd2-da33c07fd348::ceiling-raw::0:3:0""]"
1a453338-ca2e-49d0-9bd2-da33c07fd348,0,1a453338-ca2e-49d0-9bd2-da33c07fd348::eave-chain::0:6,2,4.268229,166.644463,0.77949,"[-1.825841, 1.800705]","[-2.492128, 4.607146]","[""1a453338-ca2e-49d0-9bd2-da33c07fd348::ceiling-raw::0:3:0"", ""1a453338-ca2e-49d0-9bd2-da33c07fd348::ceiling-raw::0:7:0""]"
1a453338-ca2e-49d0-9bd2-da33c07fd348,0,1a453338-ca2e-49d0-9bd2-da33c07fd348::eave-chain::0:7,2,5.745099,165.678709,0.856082,"[-4.520858, 4.089823]","[-3.803142, 1.278477]","[""1a453338-ca2e-49d0-9bd2-da33c07fd348::ceiling-raw::0:5:0"", ""1a453338-ca2e-49d0-9bd2-da33c07fd348::ceiling-raw::0:7:0""]"
1a453338-ca2e-49d0-9bd2-da33c07fd348,0,1a453338-ca2e-49d0-9bd2-da33c07fd348::eave-chain::0:8,2,6.946565,165.272008,0.884884,"[-9.381986, 2.803857]","[-7.604927, -3.956433]","[""1a453338-ca2e-49d0-9bd2-da33c07fd348::ceiling-raw::0:5:0"", ""1a453338-ca2e-49d0-9bd2-da33c07fd348::ceiling-raw::0:6:0""]"
1a453338-ca2e-49d0-9bd2-da33c07fd348,0,1a453338-ca2e-49d0-9bd2-da33c07fd348::eave-chain::0:9,2,5.299991,75.863624,0.902386,"[-5.153813, -0.33255]","[-8.370731, -1.142756]","[""1a453338-ca2e-49d0-9bd2-da33c07fd348::ceiling-raw::0:5:0"", ""1a453338-ca2e-49d0-9bd2-da33c07fd348::ceiling-raw::0:6:0""]"
1a453338-ca2e-49d0-9bd2-da33c07fd348,0,1a453338-ca2e-49d0-9bd2-da33c07fd348::eave-chain::0:10,1,2.889103,165.653036,0.9357,"[-4.4344, -3.1455]","[-5.1503, -0.3465]","[""1a453338-ca2e-49d0-9bd2-da33c07fd348::ceiling-raw::0:6:0""]"
1a453338-ca2e-49d0-9bd2-da33c07fd348,0,1a453338-ca2e-49d0-9bd2-da33c07fd348::eave-chain::0:11,2,6.033793,75.632751,0.887247,"[-7.602866, -3.956031]","[-1.267701, -2.333296]","[""1a453338-ca2e-49d0-9bd2-da33c07fd348::ceiling-raw::0:6:0"", ""1a453338-ca2e-49d0-9bd2-da33c07fd348::ceiling-raw::0:9:0""]"
1a453338-ca2e-49d0-9bd2-da33c07fd348,0,1a453338-ca2e-49d0-9bd2-da33c07fd348::eave-chain::0:12,1,2.86691,165.653054,0.8299,"[-4.6552, -0.2406]","[-3.9448, -3.0181]","[""1a453338-ca2e-49d0-9bd2-da33c07fd348::ceiling-raw::0:9:0""]"
1a453338-ca2e-49d0-9bd2-da33c07fd348,0,1a453338-ca2e-49d0-9bd2-da33c07fd348::eave-chain::0:13,1,4.384938,165.653818,0.8299,"[-1.2677, -2.3333]","[-0.1812, -6.5815]","[""1a453338-ca2e-49d0-9bd2-da33c07fd348::ceiling-raw::0:9:0""]"
1a453338-ca2e-49d0-9bd2-da33c07fd348,0,1a453338-ca2e-49d0-9bd2-da33c07fd348::eave-chain::0:14,1,6.731045,75.652221,0.8299,"[-0.1812, -6.5815]","[6.3399, -4.9135]","[""1a453338-ca2e-49d0-9bd2-da33c07fd348::ceiling-raw::0:9:0""]"
1d26eda3-c927-4cdf-a3b0-218036828a55,0,1d26eda3-c927-4cdf-a3b0-218036828a55::eave-chain::0:0,2,1.691674,30.53973,-1.7014,"[2.0574, -9.8569]","[2.4872, -9.1284]","[""1d26eda3-c927-4cdf-a3b0-218036828a55::ceiling-raw::0:6:0"", ""1d26eda3-c927-4cdf-a3b0-218036828a55::ceiling-raw::0:6:1""]"
1d26eda3-c927-4cdf-a3b0-218036828a55,0,1d26eda3-c927-4cdf-a3b0-218036828a55::eave-chain::0:1,1,0.8457,30.537337,-1.7014,"[1.6278, -8.6215]","[1.1981, -9.3499]","[""1d26eda3-c927-4cdf-a3b0-218036828a55::ceiling-raw::0:6:0""]"
1d26eda3-c927-4cdf-a3b0-218036828a55,0,1d26eda3-c927-4cdf-a3b0-218036828a55::eave-chain::0:2,2,2.502268,120.536979,-1.7014,"[1.198079, -9.349935]","[3.353286, -10.621323]","[""1d26eda3-c927-4cdf-a3b0-218036828a55::ceiling-raw::0:6:0"", ""1d26eda3-c927-4cdf-a3b0-218036828a55::ceiling-raw::0:6:1""]"
1d26eda3-c927-4cdf-a3b0-218036828a55,0,1d26eda3-c927-4cdf-a3b0-218036828a55::eave-chain::0:3,1,2.299774,30.536914,-1.7014,"[3.3533, -10.6213]","[4.5218, -8.6405]","[""1d26eda3-c927-4cdf-a3b0-218036828a55::ceiling-raw::0:6:1""]"
1d26eda3-c927-4cdf-a3b0-218036828a55,0,1d26eda3-c927-4cdf-a3b0-218036828a55::eave-chain::0:4,1,2.502182,120.538455,-1.7014,"[4.5218, -8.6405]","[2.3667, -7.3691]","[""1d26eda3-c927-4cdf-a3b0-218036828a55::ceiling-raw::0:6:1""]"
1d26eda3-c927-4cdf-a3b0-218036828a55,1,1d26eda3-c927-4cdf-a3b0-218036828a55::eave-chain::1:0,1,1.810869,30.618105,0.5331,"[2.8774, -8.1533]","[1.9551, -9.7117]","[""1d26eda3-c927-4cdf-a3b0-218036828a55::ceiling-raw::1:0:3""]"
1d26eda3-c927-4cdf-a3b0-218036828a55,1,1d26eda3-c927-4cdf-a3b0-218036828a55::eave-chain::1:1,1,1.810869,30.618105,-0.8011,"[3.0955, -10.3866]","[4.0178, -8.8282]","[""1d26eda3-c927-4cdf-a3b0-218036828a55::ceiling-raw::1:0:3""]"
1d26eda3-c927-4cdf-a3b0-218036828a55,1,1d26eda3-c927-4cdf-a3b0-218036828a55::eave-chain::1:2,3,7.528662,29.482414,0.524582,"[0.169383, -8.618917]","[4.129099, -1.615127]","[""1d26eda3-c927-4cdf-a3b0-218036828a55::ceiling-raw::1:0:4"", ""1d26eda3-c927-4cdf-a3b0-218036828a55::ceiling-raw::1:1:8""]"
1d26eda3-c927-4cdf-a3b0-218036828a55,1,1d26eda3-c927-4cdf-a3b0-218036828a55::eave-chain::1:3,2,7.557962,29.815246,-0.803122,"[3.092934, -0.970876]","[-0.920495, -7.974397]","[""1d26eda3-c927-4cdf-a3b0-218036828a55::ceiling-raw::1:0:4"", ""1d26eda3-c927-4cdf-a3b0-218036828a55::ceiling-raw::1:1:8""]"
1d26eda3-c927-4cdf-a3b0-218036828a55,1,1d26eda3-c927-4cdf-a3b0-218036828a55::eave-chain::1:4,1,0.816649,121.336771,-0.0647,"[5.8355, -2.674]","[5.138, -2.2493]","[""1d26eda3-c927-4cdf-a3b0-218036828a55::ceiling-raw::1:1:9""]"
1d26eda3-c927-4cdf-a3b0-218036828a55,1,1d26eda3-c927-4cdf-a3b0-218036828a55::eave-chain::1:5,1,1.756753,120.893839,0.5183,"[4.3964, -2.3308]","[5.9039, -3.2328]","[""1d26eda3-c927-4cdf-a3b0-218036828a55::ceiling-raw::1:1:9""]"
1d26eda3-c927-4cdf-a3b0-218036828a55,1,1d26eda3-c927-4cdf-a3b0-218036828a55::eave-chain::1:6,1,4.39606,120.362919,0.51785,"[6.1318, -2.8489]","[9.9249, -5.071]","[""1d26eda3-c927-4cdf-a3b0-218036828a55::ceiling-raw::1:1:15""]"
1d26eda3-c927-4cdf-a3b0-218036828a55,1,1d26eda3-c927-4cdf-a3b0-218036828a55::eave-chain::1:7,2,9.674961,120.44912,-0.764492,"[15.27239, -7.588512]","[6.111805, -2.203466]","[""1d26eda3-c927-4cdf-a3b0-218036828a55::ceiling-raw::1:1:15"", ""1d26eda3-c927-4cdf-a3b0-218036828a55::ceiling-raw::1:3:2""]"
1d26eda3-c927-4cdf-a3b0-218036828a55,1,1d26eda3-c927-4cdf-a3b0-218036828a55::eave-chain::1:8,1,0.934736,30.620005,0.6058,"[14.2667, -9.2877]","[14.7428, -8.4833]","[""1d26eda3-c927-4cdf-a3b0-218036828a55::ceiling-raw::1:3:1""]"
1d26eda3-c927-4cdf-a3b0-218036828a55,1,1d26eda3-c927-4cdf-a3b0-218036828a55::eave-chain::1:9,1,4.931654,120.756539,-0.72525,"[9.5168, -7.6307]","[13.7548, -10.1527]","[""1d26eda3-c927-4cdf-a3b0-218036828a55::ceiling-raw::1:3:3""]"
1d26eda3-c927-4cdf-a3b0-218036828a55,1,1d26eda3-c927-4cdf-a3b0-218036828a55::eave-chain::1:10,3,13.75654,168.940563,0.787209,"[3.077388, -3.032686]","[0.447663, 10.421543]","[""1d26eda3-c927-4cdf-a3b0-218036828a55::ceiling-raw::1:4:0"", ""1d26eda3-c927-4cdf-a3b0-218036828a55::ceiling-raw::1:5:0"", ""1d26eda3-c927-4cdf-a3b0-218036828a55::ceiling-raw::1:9:0""]"
1d26eda3-c927-4cdf-a3b0-218036828a55,1,1d26eda3-c927-4cdf-a3b0-218036828a55::eave-chain::1:11,1,4.145388,81.075301,0.7065,"[0.582, 10.4478]","[-3.5132, 9.8047]","[""1d26eda3-c927-4cdf-a3b0-218036828a55::ceiling-raw::1:4:0""]"
1d26eda3-c927-4cdf-a3b0-218036828a55,1,1d26eda3-c927-4cdf-a3b0-218036828a55::eave-chain::1:12,2,9.814321,169.738308,0.773314,"[-3.559831, 9.796258]","[-1.796628, 0.056969]","[""1d26eda3-c927-4cdf-a3b0-218036828a55::ceiling-raw::1:4:0"", ""1d26eda3-c927-4cdf-a3b0-218036828a55::ceiling-raw::1:5:0""]"
1d26eda3-c927-4cdf-a3b0-218036828a55,1,1d26eda3-c927-4cdf-a3b0-218036828a55::eave-chain::1:13,2,8.135458,80.143095,0.756723,"[-2.984625, 6.392758]","[1.106714, 7.103641]","[""1d26eda3-c927-4cdf-a3b0-218036828a55::ceiling-raw::1:4:0"", ""1d26eda3-c927-4cdf-a3b0-218036828a55::ceiling-raw::1:5:0""]"
1d26eda3-c927-4cdf-a3b0-218036828a55,1,1d26eda3-c927-4cdf-a3b0-218036828a55::eave-chain::1:14,2,8.656141,78.742064,0.815854,"[2.392529, 0.857288]","[-2.183704, -0.053641]","[""1d26eda3-c927-4cdf-a3b0-218036828a55::ceiling-raw::1:5:0"", ""1d26eda3-c927-4cdf-a3b0-218036828a55::ceiling-raw::1:9:0""]"
1d26eda3-c927-4cdf-a3b0-218036828a55,1,1d26eda3-c927-4cdf-a3b0-218036828a55::eave-chain::1:15,1,2.847727,78.463971,0.8218,"[-1.0398, -5.6585]","[1.7504, -5.089]","[""1d26eda3-c927-4cdf-a3b0-218036828a55::ceiling-raw::1:9:0""]"
1d26eda3-c927-4cdf-a3b0-218036828a55,1,1d26eda3-c927-4cdf-a3b0-218036828a55::eave-chain::1:16,1,5.690668,168.463386,0.8218,"[-2.1779, -0.0828]","[-1.0398, -5.6585]","[""1d26eda3-c927-4cdf-a3b0-218036828a55::ceiling-raw::1:9:0""]"
1f03f6e0-dfe6-4b25-bb45-f44ad146c0a3,0,1f03f6e0-dfe6-4b25-bb45-f44ad146c0a3::eave-chain::0:0,2,6.336933,19.046828,0.539,"[12.7498, 0.8492]","[11.7158, -2.1458]","[""1f03f6e0-dfe6-4b25-bb45-f44ad146c0a3::ceiling-raw::0:23:0"", ""1f03f6e0-dfe6-4b25-bb45-f44ad146c0a3::ceiling-raw::0:23:1""]"
1f03f6e0-dfe6-4b25-bb45-f44ad146c0a3,0,1f03f6e0-dfe6-4b25-bb45-f44ad146c0a3::eave-chain::0:1,2,5.101425,108.457908,0.420125,"[13.329329, -2.717883]","[9.53509, -1.451447]","[""1f03f6e0-dfe6-4b25-bb45-f44ad146c0a3::ceiling-raw::0:21:1"", ""1f03f6e0-dfe6-4b25-bb45-f44ad146c0a3::ceiling-raw::0:23:0""]"
1f03f6e0-dfe6-4b25-bb45-f44ad146c0a3,0,1f03f6e0-dfe6-4b25-bb45-f44ad146c0a3::eave-chain::0:2,1,3.155564,19.047033,0.539,"[13.1833, -2.6388]","[14.2131, 0.344]","[""1f03f6e0-dfe6-4b25-bb45-f44ad146c0a3::ceiling-raw::0:23:0""]"
1f03f6e0-dfe6-4b25-bb45-f44ad146c0a3,0,1f03f6e0-dfe6-4b25-bb45-f44ad146c0a3::eave-chain::0:3,2,3.798238,109.046463,0.539,"[14.213103, 0.344009]","[10.622802, 1.583506]","[""1f03f6e0-dfe6-4b25-bb45-f44ad146c0a3::ceiling-raw::0:23:0"", ""1f03f6e0-dfe6-4b25-bb45-f44ad146c0a3::ceiling-raw::0:23:1""]"
1f03f6e0-dfe6-4b25-bb45-f44ad146c0a3,0,1f03f6e0-dfe6-4b25-bb45-f44ad146c0a3::eave-chain::0:4,1,6.991057,109.047113,0.5315,"[6.2512, -1.799]","[12.8595, -4.0805]","[""1f03f6e0-dfe6-4b25-bb45-f44ad146c0a3::ceiling-raw::0:21:1""]"
1f03f6e0-dfe6-4b25-bb45-f44ad146c0a3,1,1f03f6e0-dfe6-4b25-bb45-f44ad146c0a3::eave-chain::1:0,4,10.812255,150.570139,1.591799,"[13.949158, -1.89589]","[8.584084, 7.61399]","[""1f03f6e0-dfe6-4b25-bb45-f44ad146c0a3::ceiling-raw::1:0:11"", ""1f03f6e0-dfe6-4b25-bb45-f44ad146c0a3::ceiling-raw::1:0:17"", ""1f03f6e0-dfe6-4b25-bb45-f44ad146c0a3::ceiling-raw::1:0:20"", ""1f03f6e0-dfe6-4b25-bb45-f44ad146c0a3::ceiling-raw::1:1:15""]"
1f03f6e0-dfe6-4b25-bb45-f44ad146c0a3,1,1f03f6e0-dfe6-4b25-bb45-f44ad146c0a3::eave-chain::1:1,1,1.13228,60.811219,3.0868,"[2.3208, 7.7969]","[3.3093, 8.3491]","[""1f03f6e0-dfe6-4b25-bb45-f44ad146c0a3::ceiling-raw::1:1:7""]"
1f03f6e0-dfe6-4b25-bb45-f44ad146c0a3,1,1f03f6e0-dfe6-4b25-bb45-f44ad146c0a3::eave-chain::1:2,1,1.137068,150.813252,1.5733,"[5.0979, 5.147]","[5.6524, 4.1543]","[""1f03f6e0-dfe6-4b25-bb45-f44ad146c0a3::ceiling-raw::1:1:16""]"
1f03f6e0-dfe6-4b25-bb45-f44ad146c0a3,1,1f03f6e0-dfe6-4b25-bb45-f44ad146c0a3::eave-chain::1:3,3,12.200839,60.240048,1.723703,"[14.279026, 16.111037]","[3.66774, 10.043742]","[""1f03f6e0-dfe6-4b25-bb45-f44ad146c0a3::ceiling-raw::1:1:17"", ""1f03f6e0-dfe6-4b25-bb45-f44ad146c0a3::ceiling-raw::1:2:2"", ""1f03f6e0-dfe6-4b25-bb45-f44ad146c0a3::ceiling-raw::1:3:3""]"
1f03f6e0-dfe6-4b25-bb45-f44ad146c0a3,1,1f03f6e0-dfe6-4b25-bb45-f44ad146c0a3::eave-chain::1:4,3,9.183381,59.712124,1.775108,"[8.736498, 7.261656]","[16.779349, 11.959236]","[""1f03f6e0-dfe6-4b25-bb45-f44ad146c0a3::ceiling-raw::1:2:3"", ""1f03f6e0-dfe6-4b25-bb45-f44ad146c0a3::ceiling-raw::1:3:1"", ""1f03f6e0-dfe6-4b25-bb45-f44ad146c0a3::ceiling-raw::1:3:4""]"
1f03f6e0-dfe6-4b25-bb45-f44ad146c0a3,1,1f03f6e0-dfe6-4b25-bb45-f44ad146c0a3::eave-chain::1:5,1,2.008705,59.90946,2.9277,"[17.9932, 19.4492]","[16.2552, 18.4421]","[""1f03f6e0-dfe6-4b25-bb45-f44ad146c0a3::ceiling-raw::1:5:0""]"
1f03f6e0-dfe6-4b25-bb45-f44ad146c0a3,1,1f03f6e0-dfe6-4b25-bb45-f44ad146c0a3::eave-chain::1:6,1,2.748002,149.910904,2.9277,"[16.2552, 18.4421]","[17.6329, 16.0644]","[""1f03f6e0-dfe6-4b25-bb45-f44ad146c0a3::ceiling-raw::1:5:0""]"
1f03f6e0-dfe6-4b25-bb45-f44ad146c0a3,1,1f03f6e0-dfe6-4b25-bb45-f44ad146c0a3::eave-chain::1:7,1,2.748052,149.9091,1.9303,"[20.26, 17.5866]","[18.8822, 19.9643]","[""1f03f6e0-dfe6-4b25-bb45-f44ad146c0a3::ceiling-raw::1:5:2""]"
1f03f6e0-dfe6-4b25-bb45-f44ad146c0a3,1,1f03f6e0-dfe6-4b25-bb45-f44ad146c0a3::eave-chain::1:8,2,7.088589,148.748803,1.516673,"[24.260193, 11.555832]","[20.517182, 17.723832]","[""1f03f6e0-dfe6-4b25-bb45-f44ad146c0a3::ceiling-raw::1:6:12"", ""1f03f6e0-dfe6-4b25-bb45-f44ad146c0a3::ceiling-raw::1:7:2""]"
1f03f6e0-dfe6-4b25-bb45-f44ad146c0a3,1,1f03f6e0-dfe6-4b25-bb45-f44ad146c0a3::eave-chain::1:9,1,3.431052,148.674532,1.5426,"[18.0555, 11.7959]","[19.8393, 8.865]","[""1f03f6e0-dfe6-4b25-bb45-f44ad146c0a3::ceiling-raw::1:7:5""]"
1f03f6e0-dfe6-4b25-bb45-f44ad146c0a3,1,1f03f6e0-dfe6-4b25-bb45-f44ad146c0a3::eave-chain::1:10,1,2.201168,110.873802,3.1395,"[13.2437, -3.1996]","[11.187, -2.4153]","[""1f03f6e0-dfe6-4b25-bb45-f44ad146c0a3::ceiling-raw::1:9:0""]"
1f03f6e0-dfe6-4b25-bb45-f44ad146c0a3,1,1f03f6e0-dfe6-4b25-bb45-f44ad146c0a3::eave-chain::1:11,2,9.192085,110.571827,3.159882,"[12.788704, -4.489495]","[6.243759, -2.033084]","[""1f03f6e0-dfe6-4b25-bb45-f44ad146c0a3::ceiling-raw::1:11:0"", ""1f03f6e0-dfe6-4b25-bb45-f44ad146c0a3::ceiling-raw::1:9:0""]"
1f03f6e0-dfe6-4b25-bb45-f44ad146c0a3,1,1f03f6e0-dfe6-4b25-bb45-f44ad146c0a3::eave-chain::1:12,2,6.729442,20.622463,3.16095,"[10.854457, -9.568099]","[13.250155, -3.202029]","[""1f03f6e0-dfe6-4b25-bb45-f44ad146c0a3::ceiling-raw::1:11:0"", ""1f03f6e0-dfe6-4b25-bb45-f44ad146c0a3::ceiling-raw::1:9:0""]"
1f03f6e0-dfe6-4b25-bb45-f44ad146c0a3,1,1f03f6e0-dfe6-4b25-bb45-f44ad146c0a3::eave-chain::1:13,1,5.386094,20.873535,3.1663,"[6.2397, -2.0439]","[4.3206, -7.0765]","[""1f03f6e0-dfe6-4b25-bb45-f44ad146c0a3::ceiling-raw::1:11:0""]"
1f03f6e0-dfe6-4b25-bb45-f44ad146c0a3,1,1f03f6e0-dfe6-4b25-bb45-f44ad146c0a3::eave-chain::1:14,1,6.990823,110.873751,3.1663,"[4.3206, -7.0765]","[10.8526, -9.5674]","[""1f03f6e0-dfe6-4b25-bb45-f44ad146c0a3::ceiling-raw::1:11:0""]"
1f03f6e0-dfe6-4b25-bb45-f44ad146c0a3,1,1f03f6e0-dfe6-4b25-bb45-f44ad146c0a3::eave-chain::1:15,4,16.317599,112.09213,3.053774,"[-9.282469, -1.734498]","[1.433646, -6.084146]","[""1f03f6e0-dfe6-4b25-bb45-f44ad146c0a3::ceiling-raw::1:12:0"", ""1f03f6e0-dfe6-4b25-bb45-f44ad146c0a3::ceiling-raw::1:17:0"", ""1f03f6e0-dfe6-4b25-bb45-f44ad146c0a3::ceiling-raw::1:19:0"", ""1f03f6e0-dfe6-4b25-bb45-f44ad146c0a3::ceiling-raw::1:20:0""]"
1f03f6e0-dfe6-4b25-bb45-f44ad146c0a3,1,1f03f6e0-dfe6-4b25-bb45-f44ad146c0a3::eave-chain::1:16,1,1.936457,156.530578,2.96135,"[1.4072, -6.1493]","[2.1783, -7.9253]","[""1f03f6e0-dfe6-4b25-bb45-f44ad146c0a3::ceiling-raw::1:12:0""]"
1f03f6e0-dfe6-4b25-bb45-f44ad146c0a3,1,1f03f6e0-dfe6-4b25-bb45-f44ad146c0a3::eave-chain::1:17,1,1.936372,66.58769,2.961,"[2.1783, -7.9253]","[3.955, -7.156]","[""1f03f6e0-dfe6-4b25-bb45-f44ad146c0a3::ceiling-raw::1:12:0""]"
1f03f6e0-dfe6-4b25-bb45-f44ad146c0a3,1,1f03f6e0-dfe6-4b25-bb45-f44ad146c0a3::eave-chain::1:18,4,11.866282,110.882295,3.014339,"[7.667482, 2.405176]","[-3.861247, 6.803488]","[""1f03f6e0-dfe6-4b25-bb45-f44ad146c0a3::ceiling-raw::1:13:0"", ""1f03f6e0-dfe6-4b25-bb45-f44ad146c0a3::ceiling-raw::1:13:1"", ""1f03f6e0-dfe6-4b25-bb45-f44ad146c0a3::ceiling-raw::1:13:2"", ""1f03f6e0-dfe6-4b25-bb45-f44ad146c0a3::ceiling-raw::1:16:0""]"
1f03f6e0-dfe6-4b25-bb45-f44ad146c0a3,1,1f03f6e0-dfe6-4b25-bb45-f44ad146c0a3::eave-chain::1:19,2,0.948629,17.316424,3.056284,"[-5.003453, 3.883067]","[-4.790035, 4.567582]","[""1f03f6e0-dfe6-4b25-bb45-f44ad146c0a3::ceiling-raw::1:16:0"", ""1f03f6e0-dfe6-4b25-bb45-f44ad146c0a3::ceiling-raw::1:18:0""]"
1f03f6e0-dfe6-4b25-bb45-f44ad146c0a3,1,1f03f6e0-dfe6-4b25-bb45-f44ad146c0a3::eave-chain::1:20,2,4.835396,65.064695,3.074507,"[-5.041056, 3.904808]","[-7.285012, 2.861518]","[""1f03f6e0-dfe6-4b25-bb45-f44ad146c0a3::ceiling-raw::1:17:0"", ""1f03f6e0-dfe6-4b25-bb45-f44ad146c0a3::ceiling-raw::1:18:0""]"
1f03f6e0-dfe6-4b25-bb45-f44ad146c0a3,1,1f03f6e0-dfe6-4b25-bb45-f44ad146c0a3::eave-chain::1:21,2,0.882351,111.661067,3.074492,"[-7.667313, 3.046301]","[-7.240857, 2.876929]","[""1f03f6e0-dfe6-4b25-bb45-f44ad146c0a3::ceiling-raw::1:17:0"", ""1f03f6e0-dfe6-4b25-bb45-f44ad146c0a3::ceiling-raw::1:18:0""]"
1f03f6e0-dfe6-4b25-bb45-f44ad146c0a3,1,1f03f6e0-dfe6-4b25-bb45-f44ad146c0a3::eave-chain::1:22,3,13.690739,19.682402,3.084793,"[-6.751258, 5.463024]","[-11.449882, -7.672434]","[""1f03f6e0-dfe6-4b25-bb45-f44ad146c0a3::ceiling-raw::1:17:0"", ""1f03f6e0-dfe6-4b25-bb45-f44ad146c0a3::ceiling-raw::1:18:0"", ""1f03f6e0-dfe6-4b25-bb45-f44ad146c0a3::ceiling-raw::1:19:0""]"
1f03f6e0-dfe6-4b25-bb45-f44ad146c0a3,1,1f03f6e0-dfe6-4b25-bb45-f44ad146c0a3::eave-chain::1:23,2,9.507794,21.161347,3.089592,"[-5.778295, -9.757821]","[-2.358529, -0.923466]","[""1f03f6e0-dfe6-4b25-bb45-f44ad146c0a3::ceiling-raw::1:17:0"", ""1f03f6e0-dfe6-4b25-bb45-f44ad146c0a3::ceiling-raw::1:20:0""]"
1f03f6e0-dfe6-4b25-bb45-f44ad146c0a3,1,1f03f6e0-dfe6-4b25-bb45-f44ad146c0a3::eave-chain::1:24,1,1.137236,110.87329,3.074,"[-4.8026, 4.5715]","[-5.8652, 4.9767]","[""1f03f6e0-dfe6-4b25-bb45-f44ad146c0a3::ceiling-raw::1:18:0""]"
1f03f6e0-dfe6-4b25-bb45-f44ad146c0a3,1,1f03f6e0-dfe6-4b25-bb45-f44ad146c0a3::eave-chain::1:25,1,0.995178,110.622083,2.01225,"[-5.3887, 6.2263]","[-6.3201, 6.5768]","[""1f03f6e0-dfe6-4b25-bb45-f44ad146c0a3::ceiling-raw::1:18:1""]"
1f03f6e0-dfe6-4b25-bb45-f44ad146c0a3,1,1f03f6e0-dfe6-4b25-bb45-f44ad146c0a3::eave-chain::1:26,1,3.530624,20.873812,3.097,"[-8.7055, -8.7201]","[-7.4475, -5.4212]","[""1f03f6e0-dfe6-4b25-bb45-f44ad146c0a3::ceiling-raw::1:19:0""]"
1f03f6e0-dfe6-4b25-bb45-f44ad146c0a3,1,1f03f6e0-dfe6-4b25-bb45-f44ad146c0a3::eave-chain::1:27,2,5.418365,110.133308,3.097045,"[-11.501232, -7.66126]","[-5.771037, -9.761992]","[""1f03f6e0-dfe6-4b25-bb45-f44ad146c0a3::ceiling-raw::1:19:0"", ""1f03f6e0-dfe6-4b25-bb45-f44ad146c0a3::ceiling-raw::1:20:0""]"
1f03f6e0-dfe6-4b25-bb45-f44ad146c0a3,1,1f03f6e0-dfe6-4b25-bb45-f44ad146c0a3::eave-chain::1:28,1,0.833169,150.970778,3.0971,"[-8.4474, -8.1752]","[-8.0431, -8.9037]","[""1f03f6e0-dfe6-4b25-bb45-f44ad146c0a3::ceiling-raw::1:20:0""]"
21af2a12-2a29-44b5-b703-fbaa208996e9,1,21af2a12-2a29-44b5-b703-fbaa208996e9::eave-chain::1:0,1,2.944562,100.447044,-0.98675,"[0.9662, -2.5065]","[3.8618, -3.0404]","[""21af2a12-2a29-44b5-b703-fbaa208996e9::ceiling-raw::1:6:1""]"
21af2a12-2a29-44b5-b703-fbaa208996e9,1,21af2a12-2a29-44b5-b703-fbaa208996e9::eave-chain::1:1,1,2.944346,100.614515,0.7156,"[1.5126, 0.5964]","[4.4063, 0.0541]","[""21af2a12-2a29-44b5-b703-fbaa208996e9::ceiling-raw::1:6:2""]"
21af2a12-2a29-44b5-b703-fbaa208996e9,1,21af2a12-2a29-44b5-b703-fbaa208996e9::eave-chain::1:2,1,3.532441,100.61258,-0.9868,"[4.7657, 2.0975]","[1.294, 2.748]","[""21af2a12-2a29-44b5-b703-fbaa208996e9::ceiling-raw::1:6:2""]"
21af2a12-2a29-44b5-b703-fbaa208996e9,1,21af2a12-2a29-44b5-b703-fbaa208996e9::eave-chain::1:3,1,0.589818,100.086762,-0.9739,"[-1.0003, 3.1891]","[-1.581, 3.2924]","[""21af2a12-2a29-44b5-b703-fbaa208996e9::ceiling-raw::1:7:2""]"
21af2a12-2a29-44b5-b703-fbaa208996e9,1,21af2a12-2a29-44b5-b703-fbaa208996e9::eave-chain::1:4,1,1.288184,9.977834,-0.7421,"[-1.7235, 2.9686]","[-1.5003, 4.2373]","[""21af2a12-2a29-44b5-b703-fbaa208996e9::ceiling-raw::1:8:2""]"
21af2a12-2a29-44b5-b703-fbaa208996e9,1,21af2a12-2a29-44b5-b703-fbaa208996e9::eave-chain::1:5,1,2.819279,9.982198,0.7053,"[-2.1793, 5.2017]","[-2.668, 2.4251]","[""21af2a12-2a29-44b5-b703-fbaa208996e9::ceiling-raw::1:8:2""]"
21af2a12-2a29-44b5-b703-fbaa208996e9,1,21af2a12-2a29-44b5-b703-fbaa208996e9::eave-chain::1:6,1,0.846311,9.982096,0.6943,"[-4.6269, -1.4678]","[-4.4802, -0.6343]","[""21af2a12-2a29-44b5-b703-fbaa208996e9::ceiling-raw::1:9:5""]"
21af2a12-2a29-44b5-b703-fbaa208996e9,1,21af2a12-2a29-44b5-b703-fbaa208996e9::eave-chain::1:7,1,1.538475,9.979071,0.7126,"[0.9411, -2.3252]","[1.2077, -0.81]","[""21af2a12-2a29-44b5-b703-fbaa208996e9::ceiling-raw::1:10:0""]"
21af2a12-2a29-44b5-b703-fbaa208996e9,1,21af2a12-2a29-44b5-b703-fbaa208996e9::eave-chain::1:8,1,2.468864,99.980824,0.7126,"[1.2077, -0.81]","[-1.2238, -0.3821]","[""21af2a12-2a29-44b5-b703-fbaa208996e9::ceiling-raw::1:10:0""]"
21af2a12-2a29-44b5-b703-fbaa208996e9,1,21af2a12-2a29-44b5-b703-fbaa208996e9::eave-chain::1:9,1,1.538493,9.982739,0.7126,"[-1.2238, -0.3821]","[-1.4905, -1.8973]","[""21af2a12-2a29-44b5-b703-fbaa208996e9::ceiling-raw::1:10:0""]"
21af2a12-2a29-44b5-b703-fbaa208996e9,1,21af2a12-2a29-44b5-b703-fbaa208996e9::eave-chain::1:10,1,2.468963,99.980421,0.7126,"[-1.4905, -1.8973]","[0.9411, -2.3252]","[""21af2a12-2a29-44b5-b703-fbaa208996e9::ceiling-raw::1:10:0""]"
2388d90c-8cc9-4cca-b232-d658e184074d,0,2388d90c-8cc9-4cca-b232-d658e184074d::eave-chain::0:0,5,14.106389,153.179821,0.992861,"[8.74567, 1.492428]","[2.170168, 14.498327]","[""2388d90c-8cc9-4cca-b232-d658e184074d::ceiling-raw::0:10:0"", ""2388d90c-8cc9-4cca-b232-d658e184074d::ceiling-raw::0:11:0"", ""2388d90c-8cc9-4cca-b232-d658e184074d::ceiling-raw::0:13:0"", ""2388d90c-8cc9-4cca-b232-d658e184074d::ceiling-raw::0:8:0"", ""2388d90c-8cc9-4cca-b232-d658e184074d::ceiling-raw::0:9:0""]"
2388d90c-8cc9-4cca-b232-d658e184074d,0,2388d90c-8cc9-4cca-b232-d658e184074d::eave-chain::0:1,2,3.504035,62.115341,0.943477,"[2.162176, 14.494823]","[-0.977897, 12.833316]","[""2388d90c-8cc9-4cca-b232-d658e184074d::ceiling-raw::0:8:0"", ""2388d90c-8cc9-4cca-b232-d658e184074d::ceiling-raw::0:9:0""]"
2388d90c-8cc9-4cca-b232-d658e184074d,0,2388d90c-8cc9-4cca-b232-d658e184074d::eave-chain::0:2,2,5.848392,153.432412,0.93944,"[2.240308, 10.374455]","[0.579701, 13.6953]","[""2388d90c-8cc9-4cca-b232-d658e184074d::ceiling-raw::0:8:0"", ""2388d90c-8cc9-4cca-b232-d658e184074d::ceiling-raw::0:9:0""]"
2388d90c-8cc9-4cca-b232-d658e184074d,0,2388d90c-8cc9-4cca-b232-d658e184074d::eave-chain::0:3,2,3.553273,63.220956,0.98445,"[3.204284, 12.49067]","[1.598727, 11.680382]","[""2388d90c-8cc9-4cca-b232-d658e184074d::ceiling-raw::0:10:0"", ""2388d90c-8cc9-4cca-b232-d658e184074d::ceiling-raw::0:8:0""]"
2388d90c-8cc9-4cca-b232-d658e184074d,0,2388d90c-8cc9-4cca-b232-d658e184074d::eave-chain::0:4,1,2.731736,63.208892,0.9272,"[0.0007, 10.8951]","[-2.4378, 9.6638]","[""2388d90c-8cc9-4cca-b232-d658e184074d::ceiling-raw::0:9:0""]"
2388d90c-8cc9-4cca-b232-d658e184074d,0,2388d90c-8cc9-4cca-b232-d658e184074d::eave-chain::0:5,1,4.524003,153.209525,0.9272,"[-2.4378, 9.6638]","[-0.3987, 5.6254]","[""2388d90c-8cc9-4cca-b232-d658e184074d::ceiling-raw::0:9:0""]"
2388d90c-8cc9-4cca-b232-d658e184074d,0,2388d90c-8cc9-4cca-b232-d658e184074d::eave-chain::0:6,1,0.449095,63.212431,0.9272,"[-0.3987, 5.6254]","[0.0022, 5.8278]","[""2388d90c-8cc9-4cca-b232-d658e184074d::ceiling-raw::0:9:0""]"
2388d90c-8cc9-4cca-b232-d658e184074d,0,2388d90c-8cc9-4cca-b232-d658e184074d::eave-chain::0:7,3,11.890473,153.440402,0.987579,"[3.611056, -1.397576]","[-0.000178, 5.826611]","[""2388d90c-8cc9-4cca-b232-d658e184074d::ceiling-raw::0:12:0"", ""2388d90c-8cc9-4cca-b232-d658e184074d::ceiling-raw::0:14:0"", ""2388d90c-8cc9-4cca-b232-d658e184074d::ceiling-raw::0:9:0""]"
2388d90c-8cc9-4cca-b232-d658e184074d,0,2388d90c-8cc9-4cca-b232-d658e184074d::eave-chain::0:8,4,15.045679,62.569099,0.985629,"[-1.344476, 0.796864]","[6.942261, 5.097973]","[""2388d90c-8cc9-4cca-b232-d658e184074d::ceiling-raw::0:12:0"", ""2388d90c-8cc9-4cca-b232-d658e184074d::ceiling-raw::0:13:0"", ""2388d90c-8cc9-4cca-b232-d658e184074d::ceiling-raw::0:14:0"", ""2388d90c-8cc9-4cca-b232-d658e184074d::ceiling-raw::0:9:0""]"
2388d90c-8cc9-4cca-b232-d658e184074d,0,2388d90c-8cc9-4cca-b232-d658e184074d::eave-chain::0:9,2,6.093154,63.130091,0.96073,"[5.862383, 7.235624]","[3.049348, 5.810347]","[""2388d90c-8cc9-4cca-b232-d658e184074d::ceiling-raw::0:11:0"", ""2388d90c-8cc9-4cca-b232-d658e184074d::ceiling-raw::0:9:0""]"
2388d90c-8cc9-4cca-b232-d658e184074d,0,2388d90c-8cc9-4cca-b232-d658e184074d::eave-chain::0:10,2,4.738086,62.594111,1.001217,"[3.875137, 11.16304]","[1.235678, 9.794531]","[""2388d90c-8cc9-4cca-b232-d658e184074d::ceiling-raw::0:10:0"", ""2388d90c-8cc9-4cca-b232-d658e184074d::ceiling-raw::0:11:0""]"
2388d90c-8cc9-4cca-b232-d658e184074d,0,2388d90c-8cc9-4cca-b232-d658e184074d::eave-chain::0:11,2,7.966993,153.21106,1.029336,"[4.190623, 3.671843]","[5.992818, 0.102391]","[""2388d90c-8cc9-4cca-b232-d658e184074d::ceiling-raw::0:12:0"", ""2388d90c-8cc9-4cca-b232-d658e184074d::ceiling-raw::0:13:0""]"
2388d90c-8cc9-4cca-b232-d658e184074d,0,2388d90c-8cc9-4cca-b232-d658e184074d::eave-chain::0:12,3,9.17998,61.381749,1.022965,"[0.532735, -2.922371]","[8.710099, 1.539452]","[""2388d90c-8cc9-4cca-b232-d658e184074d::ceiling-raw::0:12:0"", ""2388d90c-8cc9-4cca-b232-d658e184074d::ceiling-raw::0:13:0"", ""2388d90c-8cc9-4cca-b232-d658e184074d::ceiling-raw::0:14:0""]"
2388d90c-8cc9-4cca-b232-d658e184074d,0,2388d90c-8cc9-4cca-b232-d658e184074d::eave-chain::0:13,1,4.171998,153.210159,1.0113,"[-1.3351, 0.7788]","[0.5453, -2.9454]","[""2388d90c-8cc9-4cca-b232-d658e184074d::ceiling-raw::0:14:0""]"
2388d90c-8cc9-4cca-b232-d658e184074d,1,2388d90c-8cc9-4cca-b232-d658e184074d::eave-chain::1:0,1,2.164791,66.952585,3.1819,"[0.0442, 13.8153]","[-1.9478, 12.9678]","[""2388d90c-8cc9-4cca-b232-d658e184074d::ceiling-raw::1:0:0""]"
2388d90c-8cc9-4cca-b232-d658e184074d,1,2388d90c-8cc9-4cca-b232-d658e184074d::eave-chain::1:1,1,2.437791,156.952012,3.1819,"[-1.9478, 12.9678]","[-0.9934, 10.7246]","[""2388d90c-8cc9-4cca-b232-d658e184074d::ceiling-raw::1:0:0""]"
2388d90c-8cc9-4cca-b232-d658e184074d,1,2388d90c-8cc9-4cca-b232-d658e184074d::eave-chain::1:2,1,2.170253,66.950818,3.1819,"[-0.9934, 10.7246]","[1.0036, 11.5743]","[""2388d90c-8cc9-4cca-b232-d658e184074d::ceiling-raw::1:0:0""]"
2388d90c-8cc9-4cca-b232-d658e184074d,1,2388d90c-8cc9-4cca-b232-d658e184074d::eave-chain::1:3,2,3.381084,157.363429,2.330999,"[1.725424, 11.881376]","[0.383605, 15.099101]","[""2388d90c-8cc9-4cca-b232-d658e184074d::ceiling-raw::1:0:1"", ""2388d90c-8cc9-4cca-b232-d658e184074d::ceiling-raw::1:1:4""]"
2388d90c-8cc9-4cca-b232-d658e184074d,1,2388d90c-8cc9-4cca-b232-d658e184074d::eave-chain::1:4,1,5.392269,157.155934,2.3253,"[-0.192, 16.4604]","[-2.2854, 21.4297]","[""2388d90c-8cc9-4cca-b232-d658e184074d::ceiling-raw::1:1:3""]"
2388d90c-8cc9-4cca-b232-d658e184074d,1,2388d90c-8cc9-4cca-b232-d658e184074d::eave-chain::1:5,1,5.393154,157.700247,3.1814,"[-3.0288, 21.1137]","[-0.9824, 16.124]","[""2388d90c-8cc9-4cca-b232-d658e184074d::ceiling-raw::1:1:3""]"
2388d90c-8cc9-4cca-b232-d658e184074d,1,2388d90c-8cc9-4cca-b232-d658e184074d::eave-chain::1:6,1,3.714619,156.951689,3.1839,"[-3.0687, 20.0391]","[-4.523, 23.4572]","[""2388d90c-8cc9-4cca-b232-d658e184074d::ceiling-raw::1:2:0""]"
2388d90c-8cc9-4cca-b232-d658e184074d,1,2388d90c-8cc9-4cca-b232-d658e184074d::eave-chain::1:7,1,2.082974,66.951661,3.1839,"[-4.523, 23.4572]","[-6.4397, 22.6417]","[""2388d90c-8cc9-4cca-b232-d658e184074d::ceiling-raw::1:2:0""]"
2388d90c-8cc9-4cca-b232-d658e184074d,1,2388d90c-8cc9-4cca-b232-d658e184074d::eave-chain::1:8,1,2.082974,66.951661,3.1839,"[-4.9854, 19.2236]","[-3.0687, 20.0391]","[""2388d90c-8cc9-4cca-b232-d658e184074d::ceiling-raw::1:2:0""]"
2388d90c-8cc9-4cca-b232-d658e184074d,1,2388d90c-8cc9-4cca-b232-d658e184074d::eave-chain::1:9,2,5.832093,157.590911,2.063726,"[-7.248657, 22.297324]","[-4.696415, 16.107906]","[""2388d90c-8cc9-4cca-b232-d658e184074d::ceiling-raw::1:2:1"", ""2388d90c-8cc9-4cca-b232-d658e184074d::ceiling-raw::1:3:1""]"
2388d90c-8cc9-4cca-b232-d658e184074d,1,2388d90c-8cc9-4cca-b232-d658e184074d::eave-chain::1:10,1,3.523357,157.902652,3.18815,"[-3.3322, 15.161]","[-4.6576, 18.4255]","[""2388d90c-8cc9-4cca-b232-d658e184074d::ceiling-raw::1:3:1""]"
23cbb422-ada0-454d-8f91-30888256960d,1,23cbb422-ada0-454d-8f91-30888256960d::eave-chain::1:0,3,10.658732,134.756518,2.941363,"[-1.557716, 5.281409]","[3.618059, 0.149438]","[""23cbb422-ada0-454d-8f91-30888256960d::ceiling-raw::1:0:0"", ""23cbb422-ada0-454d-8f91-30888256960d::ceiling-raw::1:1:0"", ""23cbb422-ada0-454d-8f91-30888256960d::ceiling-raw::1:4:0""]"
23cbb422-ada0-454d-8f91-30888256960d,1,23cbb422-ada0-454d-8f91-30888256960d::eave-chain::1:1,4,9.115823,45.907415,2.944665,"[2.073384, 8.712707]","[-4.711481, 2.139418]","[""23cbb422-ada0-454d-8f91-30888256960d::ceiling-raw::1:0:0"", ""23cbb422-ada0-454d-8f91-30888256960d::ceiling-raw::1:4:0"", ""23cbb422-ada0-454d-8f91-30888256960d::ceiling-raw::1:5:0"", ""23cbb422-ada0-454d-8f91-30888256960d::ceiling-raw::1:6:0""]"
23cbb422-ada0-454d-8f91-30888256960d,1,23cbb422-ada0-454d-8f91-30888256960d::eave-chain::1:2,2,5.178717,134.568063,2.944765,"[-3.717724, 3.127802]","[-1.179609, 0.627669]","[""23cbb422-ada0-454d-8f91-30888256960d::ceiling-raw::1:0:0"", ""23cbb422-ada0-454d-8f91-30888256960d::ceiling-raw::1:6:0""]"
23cbb422-ada0-454d-8f91-30888256960d,1,23cbb422-ada0-454d-8f91-30888256960d::eave-chain::1:3,1,5.054407,45.100997,2.9722,"[3.6205, 0.1519]","[7.2008, 3.7196]","[""23cbb422-ada0-454d-8f91-30888256960d::ceiling-raw::1:1:0""]"
23cbb422-ada0-454d-8f91-30888256960d,1,23cbb422-ada0-454d-8f91-30888256960d::eave-chain::1:4,2,7.071432,134.229493,2.979283,"[7.201415, 3.720232]","[2.072819, 8.712712]","[""23cbb422-ada0-454d-8f91-30888256960d::ceiling-raw::1:1:0"", ""23cbb422-ada0-454d-8f91-30888256960d::ceiling-raw::1:5:0""]"
23cbb422-ada0-454d-8f91-30888256960d,1,23cbb422-ada0-454d-8f91-30888256960d::eave-chain::1:5,2,6.921101,44.667636,2.976057,"[4.641941, 6.286899]","[1.08883, 2.692324]","[""23cbb422-ada0-454d-8f91-30888256960d::ceiling-raw::1:1:0"", ""23cbb422-ada0-454d-8f91-30888256960d::ceiling-raw::1:5:0""]"
23cbb422-ada0-454d-8f91-30888256960d,1,23cbb422-ada0-454d-8f91-30888256960d::eave-chain::1:6,1,2.899355,45.102007,2.9471,"[0.3547, -2.9448]","[2.4085, -0.8983]","[""23cbb422-ada0-454d-8f91-30888256960d::ceiling-raw::1:2:0""]"
23cbb422-ada0-454d-8f91-30888256960d,1,23cbb422-ada0-454d-8f91-30888256960d::eave-chain::1:7,1,3.53957,135.10187,2.9471,"[2.4085, -0.8983]","[-0.0899, 1.609]","[""23cbb422-ada0-454d-8f91-30888256960d::ceiling-raw::1:2:0""]"
23cbb422-ada0-454d-8f91-30888256960d,1,23cbb422-ada0-454d-8f91-30888256960d::eave-chain::1:8,2,4.251698,45.744533,2.951712,"[-0.105311, 1.624817]","[-2.181851, -0.398444]","[""23cbb422-ada0-454d-8f91-30888256960d::ceiling-raw::1:2:0"", ""23cbb422-ada0-454d-8f91-30888256960d::ceiling-raw::1:7:0""]"
23cbb422-ada0-454d-8f91-30888256960d,1,23cbb422-ada0-454d-8f91-30888256960d::eave-chain::1:9,3,6.983044,135.12974,2.955847,"[-4.687642, 2.129326]","[0.359148, -2.940372]","[""23cbb422-ada0-454d-8f91-30888256960d::ceiling-raw::1:2:0"", ""23cbb422-ada0-454d-8f91-30888256960d::ceiling-raw::1:6:0"", ""23cbb422-ada0-454d-8f91-30888256960d::ceiling-raw::1:7:0""]"
23cbb422-ada0-454d-8f91-30888256960d,1,23cbb422-ada0-454d-8f91-30888256960d::eave-chain::1:10,2,7.029854,135.086995,2.95193,"[3.17715, 4.86829]","[0.679388, 7.373648]","[""23cbb422-ada0-454d-8f91-30888256960d::ceiling-raw::1:4:0"", ""23cbb422-ada0-454d-8f91-30888256960d::ceiling-raw::1:5:0""]"
23cbb422-ada0-454d-8f91-30888256960d,1,23cbb422-ada0-454d-8f91-30888256960d::eave-chain::1:11,2,2.724487,45.142224,2.965075,"[-3.524492, 0.947744]","[-2.547776, 1.919623]","[""23cbb422-ada0-454d-8f91-30888256960d::ceiling-raw::1:6:0"", ""23cbb422-ada0-454d-8f91-30888256960d::ceiling-raw::1:7:0""]"
24e8aaa7-ec15-4a72-be5f-c67b95a53411,0,24e8aaa7-ec15-4a72-be5f-c67b95a53411::eave-chain::0:0,2,7.794346,5.467764,1.181501,"[1.832338, -9.318426]","[2.206769, -5.406739]","[""24e8aaa7-ec15-4a72-be5f-c67b95a53411::ceiling-raw::0:0:0"", ""24e8aaa7-ec15-4a72-be5f-c67b95a53411::ceiling-raw::0:5:0""]"
24e8aaa7-ec15-4a72-be5f-c67b95a53411,0,24e8aaa7-ec15-4a72-be5f-c67b95a53411::eave-chain::0:1,3,14.550192,95.221888,1.171937,"[-5.930449, -8.580417]","[8.678053, -9.915522]","[""24e8aaa7-ec15-4a72-be5f-c67b95a53411::ceiling-raw::0:0:0"", ""24e8aaa7-ec15-4a72-be5f-c67b95a53411::ceiling-raw::0:1:0"", ""24e8aaa7-ec15-4a72-be5f-c67b95a53411::ceiling-raw::0:5:0""]"
24e8aaa7-ec15-4a72-be5f-c67b95a53411,0,24e8aaa7-ec15-4a72-be5f-c67b95a53411::eave-chain::0:2,2,7.700026,5.467838,1.169868,"[4.876956, -9.57054]","[5.24522, -5.723346]","[""24e8aaa7-ec15-4a72-be5f-c67b95a53411::ceiling-raw::0:0:0"", ""24e8aaa7-ec15-4a72-be5f-c67b95a53411::ceiling-raw::0:1:0""]"
24e8aaa7-ec15-4a72-be5f-c67b95a53411,0,24e8aaa7-ec15-4a72-be5f-c67b95a53411::eave-chain::0:3,4,9.530851,5.540885,1.157494,"[8.68108, -9.916399]","[9.432545, -2.170083]","[""24e8aaa7-ec15-4a72-be5f-c67b95a53411::ceiling-raw::0:1:0"", ""24e8aaa7-ec15-4a72-be5f-c67b95a53411::ceiling-raw::0:1:1"", ""24e8aaa7-ec15-4a72-be5f-c67b95a53411::ceiling-raw::0:4:0"", ""24e8aaa7-ec15-4a72-be5f-c67b95a53411::ceiling-raw::0:4:1""]"
24e8aaa7-ec15-4a72-be5f-c67b95a53411,0,24e8aaa7-ec15-4a72-be5f-c67b95a53411::eave-chain::0:4,2,5.026038,169.851361,1.1521,"[8.8128, -8.5075]","[8.37, -6.0338]","[""24e8aaa7-ec15-4a72-be5f-c67b95a53411::ceiling-raw::0:1:0"", ""24e8aaa7-ec15-4a72-be5f-c67b95a53411::ceiling-raw::0:1:1""]"
24e8aaa7-ec15-4a72-be5f-c67b95a53411,0,24e8aaa7-ec15-4a72-be5f-c67b95a53411::eave-chain::0:5,3,6.019174,96.011206,1.161921,"[6.0383, -5.698385]","[9.097709, -6.020546]","[""24e8aaa7-ec15-4a72-be5f-c67b95a53411::ceiling-raw::0:1:1"", ""24e8aaa7-ec15-4a72-be5f-c67b95a53411::ceiling-raw::0:4:0"", ""24e8aaa7-ec15-4a72-be5f-c67b95a53411::ceiling-raw::0:4:1""]"
24e8aaa7-ec15-4a72-be5f-c67b95a53411,0,24e8aaa7-ec15-4a72-be5f-c67b95a53411::eave-chain::0:6,5,14.281948,96.138207,1.165609,"[9.399318, -2.190178]","[-5.168663, -0.623484]","[""24e8aaa7-ec15-4a72-be5f-c67b95a53411::ceiling-raw::0:3:0"", ""24e8aaa7-ec15-4a72-be5f-c67b95a53411::ceiling-raw::0:4:0"", ""24e8aaa7-ec15-4a72-be5f-c67b95a53411::ceiling-raw::0:4:1"", ""24e8aaa7-ec15-4a72-be5f-c67b95a53411::ceiling-raw::0:5:0"", ""24e8aaa7-ec15-4a72-be5f-c67b95a53411::ceiling-raw::0:6:0""]"
24e8aaa7-ec15-4a72-be5f-c67b95a53411,0,24e8aaa7-ec15-4a72-be5f-c67b95a53411::eave-chain::0:7,2,5.425569,5.404701,1.154935,"[4.886804, -4.452643]","[5.152015, -1.64946]","[""24e8aaa7-ec15-4a72-be5f-c67b95a53411::ceiling-raw::0:3:0"", ""24e8aaa7-ec15-4a72-be5f-c67b95a53411::ceiling-raw::0:4:1""]"
24e8aaa7-ec15-4a72-be5f-c67b95a53411,0,24e8aaa7-ec15-4a72-be5f-c67b95a53411::eave-chain::0:8,2,5.432405,5.427496,1.146539,"[7.099693, -1.946819]","[6.83273, -4.756603]","[""24e8aaa7-ec15-4a72-be5f-c67b95a53411::ceiling-raw::0:3:0"", ""24e8aaa7-ec15-4a72-be5f-c67b95a53411::ceiling-raw::0:4:0""]"
24e8aaa7-ec15-4a72-be5f-c67b95a53411,0,24e8aaa7-ec15-4a72-be5f-c67b95a53411::eave-chain::0:9,1,2.250038,95.467855,1.1723,"[9.2845, -4.0866]","[7.0447, -3.8722]","[""24e8aaa7-ec15-4a72-be5f-c67b95a53411::ceiling-raw::0:4:1""]"
24e8aaa7-ec15-4a72-be5f-c67b95a53411,0,24e8aaa7-ec15-4a72-be5f-c67b95a53411::eave-chain::0:10,2,4.181314,5.459207,1.169315,"[3.546452, -1.495936]","[3.34018, -3.654258]","[""24e8aaa7-ec15-4a72-be5f-c67b95a53411::ceiling-raw::0:4:1"", ""24e8aaa7-ec15-4a72-be5f-c67b95a53411::ceiling-raw::0:6:0""]"
24e8aaa7-ec15-4a72-be5f-c67b95a53411,0,24e8aaa7-ec15-4a72-be5f-c67b95a53411::eave-chain::0:11,2,6.047512,5.920457,1.172437,"[0.880978, -5.280098]","[1.297089, -1.267486]","[""24e8aaa7-ec15-4a72-be5f-c67b95a53411::ceiling-raw::0:5:0"", ""24e8aaa7-ec15-4a72-be5f-c67b95a53411::ceiling-raw::0:6:0""]"
24e8aaa7-ec15-4a72-be5f-c67b95a53411,0,24e8aaa7-ec15-4a72-be5f-c67b95a53411::eave-chain::0:12,1,7.963723,5.466832,1.1756,"[-5.1713, -0.648]","[-5.93, -8.5755]","[""24e8aaa7-ec15-4a72-be5f-c67b95a53411::ceiling-raw::0:5:0""]"
24e8aaa7-ec15-4a72-be5f-c67b95a53411,0,24e8aaa7-ec15-4a72-be5f-c67b95a53411::eave-chain::0:13,1,6.238979,95.466975,0.6632,"[-1.0714, 0.4184]","[-7.282, 1.0128]","[""24e8aaa7-ec15-4a72-be5f-c67b95a53411::ceiling-raw::0:7:0""]"
24e8aaa7-ec15-4a72-be5f-c67b95a53411,0,24e8aaa7-ec15-4a72-be5f-c67b95a53411::eave-chain::0:14,1,1.438448,5.469222,0.6632,"[-7.282, 1.0128]","[-7.4191, -0.4191]","[""24e8aaa7-ec15-4a72-be5f-c67b95a53411::ceiling-raw::0:7:0""]"
24e8aaa7-ec15-4a72-be5f-c67b95a53411,0,24e8aaa7-ec15-4a72-be5f-c67b95a53411::eave-chain::0:15,1,6.239069,95.465973,0.6632,"[-7.4191, -0.4191]","[-1.2084, -1.0134]","[""24e8aaa7-ec15-4a72-be5f-c67b95a53411::ceiling-raw::0:7:0""]"
24e8aaa7-ec15-4a72-be5f-c67b95a53411,0,24e8aaa7-ec15-4a72-be5f-c67b95a53411::eave-chain::0:16,1,1.438339,5.465636,0.6632,"[-1.2084, -1.0134]","[-1.0714, 0.4184]","[""24e8aaa7-ec15-4a72-be5f-c67b95a53411::ceiling-raw::0:7:0""]"
287808db-3826-4351-b9a1-6f9831bdc870,0,287808db-3826-4351-b9a1-6f9831bdc870::eave-chain::0:0,2,6.321144,56.357069,-3.263893,"[1.170433, 0.046641]","[3.824627, 1.812951]","[""287808db-3826-4351-b9a1-6f9831bdc870::ceiling-raw::0:0:0"", ""287808db-3826-4351-b9a1-6f9831bdc870::ceiling-raw::0:1:0""]"
287808db-3826-4351-b9a1-6f9831bdc870,0,287808db-3826-4351-b9a1-6f9831bdc870::eave-chain::0:1,3,6.168574,147.888429,-3.263089,"[5.364281, -0.752674]","[1.961082, 4.670057]","[""287808db-3826-4351-b9a1-6f9831bdc870::ceiling-raw::0:0:0"", ""287808db-3826-4351-b9a1-6f9831bdc870::ceiling-raw::0:1:0"", ""287808db-3826-4351-b9a1-6f9831bdc870::ceiling-raw::0:2:0""]"
287808db-3826-4351-b9a1-6f9831bdc870,0,287808db-3826-4351-b9a1-6f9831bdc870::eave-chain::0:2,1,3.188113,56.362768,-3.2744,"[1.9347, 4.6535]","[-0.7196, 2.8875]","[""287808db-3826-4351-b9a1-6f9831bdc870::ceiling-raw::0:0:0""]"
287808db-3826-4351-b9a1-6f9831bdc870,0,287808db-3826-4351-b9a1-6f9831bdc870::eave-chain::0:3,1,3.37219,146.364125,-3.2744,"[-0.7196, 2.8875]","[1.1483, 0.0799]","[""287808db-3826-4351-b9a1-6f9831bdc870::ceiling-raw::0:0:0""]"
287808db-3826-4351-b9a1-6f9831bdc870,0,287808db-3826-4351-b9a1-6f9831bdc870::eave-chain::0:4,2,7.803054,56.660352,-3.250712,"[0.62427, -1.697897]","[4.439419, 0.811969]","[""287808db-3826-4351-b9a1-6f9831bdc870::ceiling-raw::0:1:0"", ""287808db-3826-4351-b9a1-6f9831bdc870::ceiling-raw::0:2:0""]"
287808db-3826-4351-b9a1-6f9831bdc870,0,287808db-3826-4351-b9a1-6f9831bdc870::eave-chain::0:5,1,1.748804,146.363544,-3.2472,"[1.6817, -1.1016]","[2.6504, -2.5576]","[""287808db-3826-4351-b9a1-6f9831bdc870::ceiling-raw::0:2:0""]"
287808db-3826-4351-b9a1-6f9831bdc870,0,287808db-3826-4351-b9a1-6f9831bdc870::eave-chain::0:6,1,3.236289,56.362472,-3.2472,"[2.6504, -2.5576]","[5.3448, -0.7649]","[""287808db-3826-4351-b9a1-6f9831bdc870::ceiling-raw::0:2:0""]"
287808db-3826-4351-b9a1-6f9831bdc870,2,287808db-3826-4351-b9a1-6f9831bdc870::eave-chain::2:0,1,2.21478,146.360875,-0.371,"[-0.5345, 1.8845]","[0.6924, 0.0406]","[""287808db-3826-4351-b9a1-6f9831bdc870::ceiling-raw::2:7:0""]"
287808db-3826-4351-b9a1-6f9831bdc870,2,287808db-3826-4351-b9a1-6f9831bdc870::eave-chain::2:1,2,6.427952,56.354205,-0.377833,"[1.104921, 0.045778]","[3.796282, 1.837017]","[""287808db-3826-4351-b9a1-6f9831bdc870::ceiling-raw::2:6:0"", ""287808db-3826-4351-b9a1-6f9831bdc870::ceiling-raw::2:7:0""]"
287808db-3826-4351-b9a1-6f9831bdc870,2,287808db-3826-4351-b9a1-6f9831bdc870::eave-chain::2:2,2,4.490189,146.708481,-0.377504,"[4.978699, 0.011065]","[2.466391, 3.836923]","[""287808db-3826-4351-b9a1-6f9831bdc870::ceiling-raw::2:6:0"", ""287808db-3826-4351-b9a1-6f9831bdc870::ceiling-raw::2:7:0""]"
287808db-3826-4351-b9a1-6f9831bdc870,2,287808db-3826-4351-b9a1-6f9831bdc870::eave-chain::2:3,1,3.578754,57.001371,-1.24085,"[1.927, 4.6457]","[-1.0742, 2.6968]","[""287808db-3826-4351-b9a1-6f9831bdc870::ceiling-raw::2:7:1""]"
287808db-3826-4351-b9a1-6f9831bdc870,2,287808db-3826-4351-b9a1-6f9831bdc870::eave-chain::2:4,1,1.767109,146.361191,-0.3847,"[-0.0975, -1.1106]","[0.8814, -2.5818]","[""287808db-3826-4351-b9a1-6f9831bdc870::ceiling-raw::2:6:0""]"
287808db-3826-4351-b9a1-6f9831bdc870,2,287808db-3826-4351-b9a1-6f9831bdc870::eave-chain::2:5,1,2.727906,56.364691,-0.3847,"[0.8814, -2.5818]","[3.1526, -1.0708]","[""287808db-3826-4351-b9a1-6f9831bdc870::ceiling-raw::2:6:0""]"
287808db-3826-4351-b9a1-6f9831bdc870,2,287808db-3826-4351-b9a1-6f9831bdc870::eave-chain::2:6,1,2.120024,57.196076,-1.2694,"[3.7235, -1.9289]","[5.5052, -0.7805]","[""287808db-3826-4351-b9a1-6f9831bdc870::ceiling-raw::2:6:1""]"
287808db-3826-4351-b9a1-6f9831bdc870,3,287808db-3826-4351-b9a1-6f9831bdc870::eave-chain::3:0,1,1.793735,146.363087,0.9327,"[-4.1355, -2.174]","[-3.1419, -3.6674]","[""287808db-3826-4351-b9a1-6f9831bdc870::ceiling-raw::3:9:0""]"
287808db-3826-4351-b9a1-6f9831bdc870,3,287808db-3826-4351-b9a1-6f9831bdc870::eave-chain::3:1,2,5.616008,55.912912,0.932567,"[-0.671693, -1.992851]","[-3.143292, -3.665437]","[""287808db-3826-4351-b9a1-6f9831bdc870::ceiling-raw::3:9:0"", ""287808db-3826-4351-b9a1-6f9831bdc870::ceiling-raw::3:9:1""]"
287808db-3826-4351-b9a1-6f9831bdc870,3,287808db-3826-4351-b9a1-6f9831bdc870::eave-chain::3:2,1,2.98429,56.300348,-0.0176,"[-2.5527, -4.5531]","[-0.0699, -2.8973]","[""287808db-3826-4351-b9a1-6f9831bdc870::ceiling-raw::3:9:1""]"
287808db-3826-4351-b9a1-6f9831bdc870,3,287808db-3826-4351-b9a1-6f9831bdc870::eave-chain::3:3,1,2.992982,56.45488,-0.0197,"[-2.1943, 0.3115]","[-4.6888, -1.3424]","[""287808db-3826-4351-b9a1-6f9831bdc870::ceiling-raw::3:9:2""]"
294c5209-06ff-47ae-841b-e7e973b3699e,0,294c5209-06ff-47ae-841b-e7e973b3699e::eave-chain::0:0,2,5.761649,153.673993,0.863656,"[0.324514, 0.744509]","[1.831676, -2.301519]","[""294c5209-06ff-47ae-841b-e7e973b3699e::ceiling-raw::0:0:0"", ""294c5209-06ff-47ae-841b-e7e973b3699e::ceiling-raw::0:1:0""]"
294c5209-06ff-47ae-841b-e7e973b3699e,0,294c5209-06ff-47ae-841b-e7e973b3699e::eave-chain::0:1,1,4.151944,63.576892,0.8406,"[0.7687, -0.1897]","[-2.9495, -2.0373]","[""294c5209-06ff-47ae-841b-e7e973b3699e::ceiling-raw::0:0:0""]"
294c5209-06ff-47ae-841b-e7e973b3699e,0,294c5209-06ff-47ae-841b-e7e973b3699e::eave-chain::0:2,1,2.364291,153.576923,0.8406,"[-2.9495, -2.0373]","[-1.8974, -4.1546]","[""294c5209-06ff-47ae-841b-e7e973b3699e::ceiling-raw::0:0:0""]"
294c5209-06ff-47ae-841b-e7e973b3699e,0,294c5209-06ff-47ae-841b-e7e973b3699e::eave-chain::0:3,2,7.48052,63.568351,0.857998,"[-1.897394, -4.154612]","[4.827305, -0.811811]","[""294c5209-06ff-47ae-841b-e7e973b3699e::ceiling-raw::0:0:0"", ""294c5209-06ff-47ae-841b-e7e973b3699e::ceiling-raw::0:1:0""]"
294c5209-06ff-47ae-841b-e7e973b3699e,0,294c5209-06ff-47ae-841b-e7e973b3699e::eave-chain::0:4,2,10.435403,153.777322,0.866144,"[4.831108, -0.809925]","[0.209998, 8.572035]","[""294c5209-06ff-47ae-841b-e7e973b3699e::ceiling-raw::0:1:0"", ""294c5209-06ff-47ae-841b-e7e973b3699e::ceiling-raw::0:2:0""]"
294c5209-06ff-47ae-841b-e7e973b3699e,0,294c5209-06ff-47ae-841b-e7e973b3699e::eave-chain::0:5,2,6.695479,63.574261,0.869592,"[0.329554, 0.759653]","[3.345047, 2.258245]","[""294c5209-06ff-47ae-841b-e7e973b3699e::ceiling-raw::0:1:0"", ""294c5209-06ff-47ae-841b-e7e973b3699e::ceiling-raw::0:2:0""]"
294c5209-06ff-47ae-841b-e7e973b3699e,0,294c5209-06ff-47ae-841b-e7e973b3699e::eave-chain::0:6,2,7.511557,63.434907,0.845111,"[0.207709, 8.571883]","[-6.557929, 5.189058]","[""294c5209-06ff-47ae-841b-e7e973b3699e::ceiling-raw::0:2:0"", ""294c5209-06ff-47ae-841b-e7e973b3699e::ceiling-raw::0:5:0""]"
294c5209-06ff-47ae-841b-e7e973b3699e,0,294c5209-06ff-47ae-841b-e7e973b3699e::eave-chain::0:7,2,6.639085,153.282726,0.849811,"[-3.908555, 6.525319]","[-1.715533, 2.168254]","[""294c5209-06ff-47ae-841b-e7e973b3699e::ceiling-raw::0:2:0"", ""294c5209-06ff-47ae-841b-e7e973b3699e::ceiling-raw::0:5:0""]"
294c5209-06ff-47ae-841b-e7e973b3699e,0,294c5209-06ff-47ae-841b-e7e973b3699e::eave-chain::0:8,1,2.914142,63.576513,0.8258,"[-4.3635, 0.8693]","[-1.7538, 2.1661]","[""294c5209-06ff-47ae-841b-e7e973b3699e::ceiling-raw::0:3:0""]"
294c5209-06ff-47ae-841b-e7e973b3699e,0,294c5209-06ff-47ae-841b-e7e973b3699e::eave-chain::0:9,2,5.86357,63.587989,0.824241,"[-5.758667, 3.580633]","[-3.110334, 4.895969]","[""294c5209-06ff-47ae-841b-e7e973b3699e::ceiling-raw::0:3:0"", ""294c5209-06ff-47ae-841b-e7e973b3699e::ceiling-raw::0:5:0""]"
294c5209-06ff-47ae-841b-e7e973b3699e,0,294c5209-06ff-47ae-841b-e7e973b3699e::eave-chain::0:10,2,4.77563,153.078994,0.824657,"[-6.554616, 5.189414]","[-4.361437, 0.870348]","[""294c5209-06ff-47ae-841b-e7e973b3699e::ceiling-raw::0:3:0"", ""294c5209-06ff-47ae-841b-e7e973b3699e::ceiling-raw::0:5:0""]"
29865ccb-e7e8-4ad6-a01c-d632f20761b7,0,29865ccb-e7e8-4ad6-a01c-d632f20761b7::eave-chain::0:0,2,6.705633,63.50826,-1.810104,"[-4.763027, -1.011147]","[1.30301, 2.012175]","[""29865ccb-e7e8-4ad6-a01c-d632f20761b7::ceiling-raw::0:0:0"", ""29865ccb-e7e8-4ad6-a01c-d632f20761b7::ceiling-raw::0:1:0""]"
29865ccb-e7e8-4ad6-a01c-d632f20761b7,0,29865ccb-e7e8-4ad6-a01c-d632f20761b7::eave-chain::0:1,1,1.935905,153.585838,-1.845,"[1.3021, 2.014]","[0.4409, 3.7478]","[""29865ccb-e7e8-4ad6-a01c-d632f20761b7::ceiling-raw::0:0:0""]"
29865ccb-e7e8-4ad6-a01c-d632f20761b7,0,29865ccb-e7e8-4ad6-a01c-d632f20761b7::eave-chain::0:2,1,0.855746,63.584663,-1.845,"[0.3059, 4.8861]","[1.0723, 5.2668]","[""29865ccb-e7e8-4ad6-a01c-d632f20761b7::ceiling-raw::0:0:0""]"
29865ccb-e7e8-4ad6-a01c-d632f20761b7,0,29865ccb-e7e8-4ad6-a01c-d632f20761b7::eave-chain::0:3,1,0.872964,153.58171,-1.845,"[1.0723, 5.2668]","[0.6839, 6.0486]","[""29865ccb-e7e8-4ad6-a01c-d632f20761b7::ceiling-raw::0:0:0""]"
29865ccb-e7e8-4ad6-a01c-d632f20761b7,0,29865ccb-e7e8-4ad6-a01c-d632f20761b7::eave-chain::0:4,2,7.946879,63.910725,-1.815555,"[0.681739, 6.053013]","[-6.520216, 2.526483]","[""29865ccb-e7e8-4ad6-a01c-d632f20761b7::ceiling-raw::0:0:0"", ""29865ccb-e7e8-4ad6-a01c-d632f20761b7::ceiling-raw::0:1:0""]"
29865ccb-e7e8-4ad6-a01c-d632f20761b7,0,29865ccb-e7e8-4ad6-a01c-d632f20761b7::eave-chain::0:5,2,7.83512,153.580048,-1.822837,"[0.032022, 1.371409]","[-1.724019, 4.905839]","[""29865ccb-e7e8-4ad6-a01c-d632f20761b7::ceiling-raw::0:0:0"", ""29865ccb-e7e8-4ad6-a01c-d632f20761b7::ceiling-raw::0:1:0""]"
29865ccb-e7e8-4ad6-a01c-d632f20761b7,0,29865ccb-e7e8-4ad6-a01c-d632f20761b7::eave-chain::0:6,1,3.946629,153.585575,-1.801,"[-6.519, 2.524]","[-4.7633, -1.0106]","[""29865ccb-e7e8-4ad6-a01c-d632f20761b7::ceiling-raw::0:1:0""]"
29865ccb-e7e8-4ad6-a01c-d632f20761b7,1,29865ccb-e7e8-4ad6-a01c-d632f20761b7::eave-chain::1:0,1,2.667354,65.448848,0.7752,"[0.1595, 1.0589]","[2.5857, 2.1672]","[""29865ccb-e7e8-4ad6-a01c-d632f20761b7::ceiling-raw::1:5:0""]"
29865ccb-e7e8-4ad6-a01c-d632f20761b7,1,29865ccb-e7e8-4ad6-a01c-d632f20761b7::eave-chain::1:1,2,1.790901,165.821802,0.835211,"[2.736226, 0.898765]","[2.12141, 3.332388]","[""29865ccb-e7e8-4ad6-a01c-d632f20761b7::ceiling-raw::1:5:0"", ""29865ccb-e7e8-4ad6-a01c-d632f20761b7::ceiling-raw::1:9:0""]"
29865ccb-e7e8-4ad6-a01c-d632f20761b7,1,29865ccb-e7e8-4ad6-a01c-d632f20761b7::eave-chain::1:2,1,1.265991,155.445177,0.7752,"[-0.3666, 2.2104]","[0.1595, 1.0589]","[""29865ccb-e7e8-4ad6-a01c-d632f20761b7::ceiling-raw::1:5:0""]"
29865ccb-e7e8-4ad6-a01c-d632f20761b7,1,29865ccb-e7e8-4ad6-a01c-d632f20761b7::eave-chain::1:3,1,1.24688,65.644655,-0.1736,"[1.4117, 4.8901]","[0.2758, 4.3759]","[""29865ccb-e7e8-4ad6-a01c-d632f20761b7::ceiling-raw::1:6:1""]"
29865ccb-e7e8-4ad6-a01c-d632f20761b7,1,29865ccb-e7e8-4ad6-a01c-d632f20761b7::eave-chain::1:4,2,8.266258,64.989436,0.982748,"[-1.246272, 1.28825]","[-5.308013, -0.606683]","[""29865ccb-e7e8-4ad6-a01c-d632f20761b7::ceiling-raw::1:7:0"", ""29865ccb-e7e8-4ad6-a01c-d632f20761b7::ceiling-raw::1:8:0""]"
29865ccb-e7e8-4ad6-a01c-d632f20761b7,1,29865ccb-e7e8-4ad6-a01c-d632f20761b7::eave-chain::1:5,2,1.97799,164.027425,0.980558,"[-5.281396, 0.083196]","[-4.621391, -2.222679]","[""29865ccb-e7e8-4ad6-a01c-d632f20761b7::ceiling-raw::1:7:0"", ""29865ccb-e7e8-4ad6-a01c-d632f20761b7::ceiling-raw::1:8:0""]"
29865ccb-e7e8-4ad6-a01c-d632f20761b7,1,29865ccb-e7e8-4ad6-a01c-d632f20761b7::eave-chain::1:6,1,3.108602,65.437522,-0.8408,"[-3.3955, 3.5305]","[-6.2228, 2.2383]","[""29865ccb-e7e8-4ad6-a01c-d632f20761b7::ceiling-raw::1:7:1""]"
29865ccb-e7e8-4ad6-a01c-d632f20761b7,1,29865ccb-e7e8-4ad6-a01c-d632f20761b7::eave-chain::1:7,2,4.590536,65.987414,-0.368787,"[-3.836454, -3.824392]","[0.810959, -1.754007]","[""29865ccb-e7e8-4ad6-a01c-d632f20761b7::ceiling-raw::1:8:1"", ""29865ccb-e7e8-4ad6-a01c-d632f20761b7::ceiling-raw::1:9:1""]"
29865ccb-e7e8-4ad6-a01c-d632f20761b7,1,29865ccb-e7e8-4ad6-a01c-d632f20761b7::eave-chain::1:8,1,3.87043,65.4486,0.9792,"[2.5139, 1.3771]","[-1.0066, -0.2311]","[""29865ccb-e7e8-4ad6-a01c-d632f20761b7::ceiling-raw::1:9:0""]"
29a9cb5c-e7e7-4a01-b8ed-b2a2dd0edd2a,0,29a9cb5c-e7e7-4a01-b8ed-b2a2dd0edd2a::eave-chain::0:0,1,0.89137,73.531019,0.7676,"[0.4482, -1.8257]","[-0.4066, -2.0784]","[""29a9cb5c-e7e7-4a01-b8ed-b2a2dd0edd2a::ceiling-raw::0:0:0""]"
29a9cb5c-e7e7-4a01-b8ed-b2a2dd0edd2a,0,29a9cb5c-e7e7-4a01-b8ed-b2a2dd0edd2a::eave-chain::0:1,3,8.33901,164.238016,0.741343,"[-1.233452, 1.079938]","[1.002443, -6.841606]","[""29a9cb5c-e7e7-4a01-b8ed-b2a2dd0edd2a::ceiling-raw::0:0:0"", ""29a9cb5c-e7e7-4a01-b8ed-b2a2dd0edd2a::ceiling-raw::0:6:0"", ""29a9cb5c-e7e7-4a01-b8ed-b2a2dd0edd2a::ceiling-raw::0:6:1""]"
29a9cb5c-e7e7-4a01-b8ed-b2a2dd0edd2a,0,29a9cb5c-e7e7-4a01-b8ed-b2a2dd0edd2a::eave-chain::0:2,1,2.919019,73.533696,0.7676,"[1.0014, -6.8419]","[3.8007, -6.0145]","[""29a9cb5c-e7e7-4a01-b8ed-b2a2dd0edd2a::ceiling-raw::0:0:0""]"
29a9cb5c-e7e7-4a01-b8ed-b2a2dd0edd2a,0,29a9cb5c-e7e7-4a01-b8ed-b2a2dd0edd2a::eave-chain::0:3,1,5.035325,163.533339,0.7676,"[3.8007, -6.0145]","[2.3734, -1.1857]","[""29a9cb5c-e7e7-4a01-b8ed-b2a2dd0edd2a::ceiling-raw::0:0:0""]"
29a9cb5c-e7e7-4a01-b8ed-b2a2dd0edd2a,0,29a9cb5c-e7e7-4a01-b8ed-b2a2dd0edd2a::eave-chain::0:4,2,5.4952,163.533642,1.310247,"[7.235584, 3.594711]","[8.033936, 0.893697]","[""29a9cb5c-e7e7-4a01-b8ed-b2a2dd0edd2a::ceiling-raw::0:1:0"", ""29a9cb5c-e7e7-4a01-b8ed-b2a2dd0edd2a::ceiling-raw::0:3:0""]"
29a9cb5c-e7e7-4a01-b8ed-b2a2dd0edd2a,0,29a9cb5c-e7e7-4a01-b8ed-b2a2dd0edd2a::eave-chain::0:5,3,8.877265,73.186787,1.342978,"[10.220905, 4.462315]","[1.597851, 1.856691]","[""29a9cb5c-e7e7-4a01-b8ed-b2a2dd0edd2a::ceiling-raw::0:1:0"", ""29a9cb5c-e7e7-4a01-b8ed-b2a2dd0edd2a::ceiling-raw::0:2:0"", ""29a9cb5c-e7e7-4a01-b8ed-b2a2dd0edd2a::ceiling-raw::0:3:0""]"
29a9cb5c-e7e7-4a01-b8ed-b2a2dd0edd2a,0,29a9cb5c-e7e7-4a01-b8ed-b2a2dd0edd2a::eave-chain::0:6,2,5.407271,163.53615,1.323233,"[5.70839, 0.245714]","[4.935103, 2.862347]","[""29a9cb5c-e7e7-4a01-b8ed-b2a2dd0edd2a::ceiling-raw::0:1:0"", ""29a9cb5c-e7e7-4a01-b8ed-b2a2dd0edd2a::ceiling-raw::0:2:0""]"
29a9cb5c-e7e7-4a01-b8ed-b2a2dd0edd2a,0,29a9cb5c-e7e7-4a01-b8ed-b2a2dd0edd2a::eave-chain::0:7,4,14.620304,74.668921,1.369459,"[12.185466, -2.030372]","[3.452952, -4.42441]","[""29a9cb5c-e7e7-4a01-b8ed-b2a2dd0edd2a::ceiling-raw::0:2:0"", ""29a9cb5c-e7e7-4a01-b8ed-b2a2dd0edd2a::ceiling-raw::0:4:0"", ""29a9cb5c-e7e7-4a01-b8ed-b2a2dd0edd2a::ceiling-raw::0:5:0""]"
29a9cb5c-e7e7-4a01-b8ed-b2a2dd0edd2a,0,29a9cb5c-e7e7-4a01-b8ed-b2a2dd0edd2a::eave-chain::0:8,1,6.50561,163.533919,1.386,"[1.5925, 1.8744]","[3.4365, -4.3644]","[""29a9cb5c-e7e7-4a01-b8ed-b2a2dd0edd2a::ceiling-raw::0:2:0""]"
29a9cb5c-e7e7-4a01-b8ed-b2a2dd0edd2a,0,29a9cb5c-e7e7-4a01-b8ed-b2a2dd0edd2a::eave-chain::0:9,1,3.976382,73.533861,1.3587,"[7.4768, -0.2825]","[11.2901, 0.8446]","[""29a9cb5c-e7e7-4a01-b8ed-b2a2dd0edd2a::ceiling-raw::0:3:0""]"
29a9cb5c-e7e7-4a01-b8ed-b2a2dd0edd2a,0,29a9cb5c-e7e7-4a01-b8ed-b2a2dd0edd2a::eave-chain::0:10,3,11.125388,163.356664,1.360047,"[13.633185, -6.923157]","[10.224867, 4.478312]","[""29a9cb5c-e7e7-4a01-b8ed-b2a2dd0edd2a::ceiling-raw::0:3:0"", ""29a9cb5c-e7e7-4a01-b8ed-b2a2dd0edd2a::ceiling-raw::0:4:0"", ""29a9cb5c-e7e7-4a01-b8ed-b2a2dd0edd2a::ceiling-raw::0:5:0""]"
29a9cb5c-e7e7-4a01-b8ed-b2a2dd0edd2a,0,29a9cb5c-e7e7-4a01-b8ed-b2a2dd0edd2a::eave-chain::0:11,1,4.003814,73.533498,1.3622,"[11.5338, 0.1786]","[7.6942, -0.9563]","[""29a9cb5c-e7e7-4a01-b8ed-b2a2dd0edd2a::ceiling-raw::0:4:0""]"
29a9cb5c-e7e7-4a01-b8ed-b2a2dd0edd2a,0,29a9cb5c-e7e7-4a01-b8ed-b2a2dd0edd2a::eave-chain::0:12,1,5.095697,163.533491,1.3601,"[6.7504, -3.644]","[8.1948, -8.5307]","[""29a9cb5c-e7e7-4a01-b8ed-b2a2dd0edd2a::ceiling-raw::0:5:0""]"
29a9cb5c-e7e7-4a01-b8ed-b2a2dd0edd2a,0,29a9cb5c-e7e7-4a01-b8ed-b2a2dd0edd2a::eave-chain::0:13,1,5.658281,73.533143,1.3601,"[8.1948, -8.5307]","[13.621, -6.9268]","[""29a9cb5c-e7e7-4a01-b8ed-b2a2dd0edd2a::ceiling-raw::0:5:0""]"
29a9cb5c-e7e7-4a01-b8ed-b2a2dd0edd2a,0,29a9cb5c-e7e7-4a01-b8ed-b2a2dd0edd2a::eave-chain::0:14,1,0.78638,81.141387,0.7604,"[-0.5775, -1.1736]","[0.1995, -1.0525]","[""29a9cb5c-e7e7-4a01-b8ed-b2a2dd0edd2a::ceiling-raw::0:6:0""]"
29a9cb5c-e7e7-4a01-b8ed-b2a2dd0edd2a,0,29a9cb5c-e7e7-4a01-b8ed-b2a2dd0edd2a::eave-chain::0:15,1,0.718069,163.528507,0.7604,"[1.7415, 1.2107]","[1.5379, 1.8993]","[""29a9cb5c-e7e7-4a01-b8ed-b2a2dd0edd2a::ceiling-raw::0:6:0""]"
29a9cb5c-e7e7-4a01-b8ed-b2a2dd0edd2a,0,29a9cb5c-e7e7-4a01-b8ed-b2a2dd0edd2a::eave-chain::0:16,1,2.899651,73.531845,0.7604,"[1.5379, 1.8993]","[-1.2428, 1.0773]","[""29a9cb5c-e7e7-4a01-b8ed-b2a2dd0edd2a::ceiling-raw::0:6:0""]"
2d80b27f-ca29-4b3e-9197-ad3c4af7cbfb,0,2d80b27f-ca29-4b3e-9197-ad3c4af7cbfb::eave-chain::0:0,2,1.549524,154.336057,0.987926,"[0.52844, -2.640949]","[0.925982, -3.468312]","[""2d80b27f-ca29-4b3e-9197-ad3c4af7cbfb::ceiling-raw::0:1:0"", ""2d80b27f-ca29-4b3e-9197-ad3c4af7cbfb::ceiling-raw::0:6:2""]"
2d80b27f-ca29-4b3e-9197-ad3c4af7cbfb,0,2d80b27f-ca29-4b3e-9197-ad3c4af7cbfb::eave-chain::0:1,1,1.765367,65.203098,0.9463,"[0.5044, -2.6525]","[2.107, -1.9121]","[""2d80b27f-ca29-4b3e-9197-ad3c4af7cbfb::ceiling-raw::0:1:0""]"
2d80b27f-ca29-4b3e-9197-ad3c4af7cbfb,0,2d80b27f-ca29-4b3e-9197-ad3c4af7cbfb::eave-chain::0:2,4,6.922402,155.238138,0.968378,"[2.463323, -2.757625]","[-0.694341, 4.088149]","[""2d80b27f-ca29-4b3e-9197-ad3c4af7cbfb::ceiling-raw::0:1:0"", ""2d80b27f-ca29-4b3e-9197-ad3c4af7cbfb::ceiling-raw::0:2:0"", ""2d80b27f-ca29-4b3e-9197-ad3c4af7cbfb::ceiling-raw::0:6:2"", ""2d80b27f-ca29-4b3e-9197-ad3c4af7cbfb::ceiling-raw::0:7:0""]"
2d80b27f-ca29-4b3e-9197-ad3c4af7cbfb,0,2d80b27f-ca29-4b3e-9197-ad3c4af7cbfb::eave-chain::0:3,2,4.256947,65.18498,0.958309,"[1.282958, -0.128579]","[-0.694695, -1.043013]","[""2d80b27f-ca29-4b3e-9197-ad3c4af7cbfb::ceiling-raw::0:1:0"", ""2d80b27f-ca29-4b3e-9197-ad3c4af7cbfb::ceiling-raw::0:7:0""]"
2d80b27f-ca29-4b3e-9197-ad3c4af7cbfb,0,2d80b27f-ca29-4b3e-9197-ad3c4af7cbfb::eave-chain::0:4,4,14.655932,155.161008,0.986801,"[-4.284269, 2.58887]","[-1.140238, -4.203292]","[""2d80b27f-ca29-4b3e-9197-ad3c4af7cbfb::ceiling-raw::0:1:0"", ""2d80b27f-ca29-4b3e-9197-ad3c4af7cbfb::ceiling-raw::0:3:0"", ""2d80b27f-ca29-4b3e-9197-ad3c4af7cbfb::ceiling-raw::0:4:0"", ""2d80b27f-ca29-4b3e-9197-ad3c4af7cbfb::ceiling-raw::0:5:0""]"
2d80b27f-ca29-4b3e-9197-ad3c4af7cbfb,0,2d80b27f-ca29-4b3e-9197-ad3c4af7cbfb::eave-chain::0:5,2,7.67063,65.023314,1.011325,"[-6.251797, -6.566909]","[0.796173, -3.283877]","[""2d80b27f-ca29-4b3e-9197-ad3c4af7cbfb::ceiling-raw::0:1:0"", ""2d80b27f-ca29-4b3e-9197-ad3c4af7cbfb::ceiling-raw::0:5:0""]"
2d80b27f-ca29-4b3e-9197-ad3c4af7cbfb,0,2d80b27f-ca29-4b3e-9197-ad3c4af7cbfb::eave-chain::0:6,2,4.183298,65.204474,0.988361,"[-1.310367, 0.393788]","[0.600617, 1.276606]","[""2d80b27f-ca29-4b3e-9197-ad3c4af7cbfb::ceiling-raw::0:2:0"", ""2d80b27f-ca29-4b3e-9197-ad3c4af7cbfb::ceiling-raw::0:7:0""]"
2d80b27f-ca29-4b3e-9197-ad3c4af7cbfb,0,2d80b27f-ca29-4b3e-9197-ad3c4af7cbfb::eave-chain::0:7,4,9.304894,65.553926,1.008064,"[-0.717735, 4.130673]","[-9.375892, 0.194761]","[""2d80b27f-ca29-4b3e-9197-ad3c4af7cbfb::ceiling-raw::0:2:0"", ""2d80b27f-ca29-4b3e-9197-ad3c4af7cbfb::ceiling-raw::0:3:0"", ""2d80b27f-ca29-4b3e-9197-ad3c4af7cbfb::ceiling-raw::0:4:0"", ""2d80b27f-ca29-4b3e-9197-ad3c4af7cbfb::ceiling-raw::0:5:0""]"
2d80b27f-ca29-4b3e-9197-ad3c4af7cbfb,0,2d80b27f-ca29-4b3e-9197-ad3c4af7cbfb::eave-chain::0:8,2,3.201514,155.133046,0.986918,"[-2.501019, 1.530413]","[-3.219614, 3.080835]","[""2d80b27f-ca29-4b3e-9197-ad3c4af7cbfb::ceiling-raw::0:2:0"", ""2d80b27f-ca29-4b3e-9197-ad3c4af7cbfb::ceiling-raw::0:3:0""]"
2d80b27f-ca29-4b3e-9197-ad3c4af7cbfb,0,2d80b27f-ca29-4b3e-9197-ad3c4af7cbfb::eave-chain::0:9,2,6.743652,155.208637,1.010564,"[-4.768539, -1.471143]","[-6.202481, 1.633422]","[""2d80b27f-ca29-4b3e-9197-ad3c4af7cbfb::ceiling-raw::0:4:0"", ""2d80b27f-ca29-4b3e-9197-ad3c4af7cbfb::ceiling-raw::0:5:0""]"
2d80b27f-ca29-4b3e-9197-ad3c4af7cbfb,0,2d80b27f-ca29-4b3e-9197-ad3c4af7cbfb::eave-chain::0:10,1,7.421724,155.200488,1.0358,"[-9.3655, 0.1719]","[-6.2525, -6.5654]","[""2d80b27f-ca29-4b3e-9197-ad3c4af7cbfb::ceiling-raw::0:5:0""]"
2d80b27f-ca29-4b3e-9197-ad3c4af7cbfb,0,2d80b27f-ca29-4b3e-9197-ad3c4af7cbfb::eave-chain::0:11,1,2.316191,155.200844,0.8062,"[0.4115, -3.7056]","[1.383, -5.8082]","[""2d80b27f-ca29-4b3e-9197-ad3c4af7cbfb::ceiling-raw::0:6:4""]"
2de0ff98-b554-446b-a501-b9fab4577f5a,0,2de0ff98-b554-446b-a501-b9fab4577f5a::eave-chain::0:0,2,4.900279,147.064327,0.766936,"[5.365943, -12.047897]","[3.787877, -9.611905]","[""2de0ff98-b554-446b-a501-b9fab4577f5a::ceiling-raw::0:0:0"", ""2de0ff98-b554-446b-a501-b9fab4577f5a::ceiling-raw::0:1:0""]"
2de0ff98-b554-446b-a501-b9fab4577f5a,0,2de0ff98-b554-446b-a501-b9fab4577f5a::eave-chain::0:1,2,6.940035,57.457438,0.777759,"[3.718854, -9.549536]","[0.596606, -11.541889]","[""2de0ff98-b554-446b-a501-b9fab4577f5a::ceiling-raw::0:0:0"", ""2de0ff98-b554-446b-a501-b9fab4577f5a::ceiling-raw::0:2:0""]"
2de0ff98-b554-446b-a501-b9fab4577f5a,0,2de0ff98-b554-446b-a501-b9fab4577f5a::eave-chain::0:2,4,16.286566,147.58602,0.821396,"[-6.743273, 0.026226]","[2.210785, -14.075505]","[""2de0ff98-b554-446b-a501-b9fab4577f5a::ceiling-raw::0:0:0"", ""2de0ff98-b554-446b-a501-b9fab4577f5a::ceiling-raw::0:2:0"", ""2de0ff98-b554-446b-a501-b9fab4577f5a::ceiling-raw::0:5:0"", ""2de0ff98-b554-446b-a501-b9fab4577f5a::ceiling-raw::0:6:0""]"
2de0ff98-b554-446b-a501-b9fab4577f5a,0,2de0ff98-b554-446b-a501-b9fab4577f5a::eave-chain::0:3,2,6.700786,56.669158,0.766813,"[2.221497, -14.071068]","[7.871655, -10.355252]","[""2de0ff98-b554-446b-a501-b9fab4577f5a::ceiling-raw::0:0:0"", ""2de0ff98-b554-446b-a501-b9fab4577f5a::ceiling-raw::0:1:0""]"
2de0ff98-b554-446b-a501-b9fab4577f5a,0,2de0ff98-b554-446b-a501-b9fab4577f5a::eave-chain::0:4,2,3.802343,57.219719,0.791734,"[3.411585, -6.886782]","[5.032228, -5.843138]","[""2de0ff98-b554-446b-a501-b9fab4577f5a::ceiling-raw::0:1:0"", ""2de0ff98-b554-446b-a501-b9fab4577f5a::ceiling-raw::0:3:0""]"
2de0ff98-b554-446b-a501-b9fab4577f5a,0,2de0ff98-b554-446b-a501-b9fab4577f5a::eave-chain::0:5,5,16.173227,147.490109,0.820158,"[7.883773, -10.345469]","[-1.03409, 3.64744]","[""2de0ff98-b554-446b-a501-b9fab4577f5a::ceiling-raw::0:1:0"", ""2de0ff98-b554-446b-a501-b9fab4577f5a::ceiling-raw::0:3:0"", ""2de0ff98-b554-446b-a501-b9fab4577f5a::ceiling-raw::0:4:1"", ""2de0ff98-b554-446b-a501-b9fab4577f5a::ceiling-raw::0:5:0"", ""2de0ff98-b554-446b-a501-b9fab4577f5a::ceiling-raw::0:7:0""]"
2de0ff98-b554-446b-a501-b9fab4577f5a,0,2de0ff98-b554-446b-a501-b9fab4577f5a::eave-chain::0:6,2,6.832292,57.519217,0.817562,"[1.647616, -6.766203]","[-1.25969, -8.616991]","[""2de0ff98-b554-446b-a501-b9fab4577f5a::ceiling-raw::0:2:0"", ""2de0ff98-b554-446b-a501-b9fab4577f5a::ceiling-raw::0:5:0""]"
2de0ff98-b554-446b-a501-b9fab4577f5a,0,2de0ff98-b554-446b-a501-b9fab4577f5a::eave-chain::0:7,2,3.268392,56.419049,0.821686,"[3.848854, -3.96365]","[2.227123, -5.040349]","[""2de0ff98-b554-446b-a501-b9fab4577f5a::ceiling-raw::0:3:0"", ""2de0ff98-b554-446b-a501-b9fab4577f5a::ceiling-raw::0:4:1""]"
2de0ff98-b554-446b-a501-b9fab4577f5a,0,2de0ff98-b554-446b-a501-b9fab4577f5a::eave-chain::0:8,2,4.693488,57.324965,0.837299,"[0.616928, -3.385737]","[2.643165, -2.086163]","[""2de0ff98-b554-446b-a501-b9fab4577f5a::ceiling-raw::0:4:1"", ""2de0ff98-b554-446b-a501-b9fab4577f5a::ceiling-raw::0:5:0""]"
2de0ff98-b554-446b-a501-b9fab4577f5a,0,2de0ff98-b554-446b-a501-b9fab4577f5a::eave-chain::0:9,2,7.080675,57.736252,0.847223,"[-0.540717, -3.151211]","[-3.681848, -5.13417]","[""2de0ff98-b554-446b-a501-b9fab4577f5a::ceiling-raw::0:5:0"", ""2de0ff98-b554-446b-a501-b9fab4577f5a::ceiling-raw::0:6:0""]"
2de0ff98-b554-446b-a501-b9fab4577f5a,0,2de0ff98-b554-446b-a501-b9fab4577f5a::eave-chain::0:10,2,5.244767,57.303813,0.856272,"[1.174227, 0.238124]","[-1.569462, -1.523035]","[""2de0ff98-b554-446b-a501-b9fab4577f5a::ceiling-raw::0:5:0"", ""2de0ff98-b554-446b-a501-b9fab4577f5a::ceiling-raw::0:7:0""]"
2de0ff98-b554-446b-a501-b9fab4577f5a,0,2de0ff98-b554-446b-a501-b9fab4577f5a::eave-chain::0:11,2,8.06582,147.269764,0.859891,"[-0.569185, -0.843824]","[-2.769495, 2.579537]","[""2de0ff98-b554-446b-a501-b9fab4577f5a::ceiling-raw::0:6:0"", ""2de0ff98-b554-446b-a501-b9fab4577f5a::ceiling-raw::0:7:0""]"
2de0ff98-b554-446b-a501-b9fab4577f5a,0,2de0ff98-b554-446b-a501-b9fab4577f5a::eave-chain::0:12,2,6.63238,57.591646,0.855041,"[-1.062898, 3.63505]","[-6.699058, 0.057082]","[""2de0ff98-b554-446b-a501-b9fab4577f5a::ceiling-raw::0:6:0"", ""2de0ff98-b554-446b-a501-b9fab4577f5a::ceiling-raw::0:7:0""]"
2df1d2ed-54c9-41e9-9ed8-c4110e3868e0,0,2df1d2ed-54c9-41e9-9ed8-c4110e3868e0::eave-chain::0:0,2,4.952005,64.690226,1.017506,"[3.090735, -10.478408]","[5.361253, -9.404666]","[""2df1d2ed-54c9-41e9-9ed8-c4110e3868e0::ceiling-raw::0:0:0"", ""2df1d2ed-54c9-41e9-9ed8-c4110e3868e0::ceiling-raw::0:3:0""]"
2df1d2ed-54c9-41e9-9ed8-c4110e3868e0,0,2df1d2ed-54c9-41e9-9ed8-c4110e3868e0::eave-chain::0:1,5,15.877477,154.899678,1.013836,"[-2.148666, 0.713899]","[4.725616, -13.960908]","[""2df1d2ed-54c9-41e9-9ed8-c4110e3868e0::ceiling-raw::0:0:0"", ""2df1d2ed-54c9-41e9-9ed8-c4110e3868e0::ceiling-raw::0:3:0"", ""2df1d2ed-54c9-41e9-9ed8-c4110e3868e0::ceiling-raw::0:6:0"", ""2df1d2ed-54c9-41e9-9ed8-c4110e3868e0::ceiling-raw::0:7:0"", ""2df1d2ed-54c9-41e9-9ed8-c4110e3868e0::ceiling-raw::0:9:0""]"
2df1d2ed-54c9-41e9-9ed8-c4110e3868e0,0,2df1d2ed-54c9-41e9-9ed8-c4110e3868e0::eave-chain::0:2,3,7.213895,65.169044,1.018382,"[4.726419, -13.93902]","[11.391655, -10.854877]","[""2df1d2ed-54c9-41e9-9ed8-c4110e3868e0::ceiling-raw::0:0:0"", ""2df1d2ed-54c9-41e9-9ed8-c4110e3868e0::ceiling-raw::0:1:0"", ""2df1d2ed-54c9-41e9-9ed8-c4110e3868e0::ceiling-raw::0:2:0""]"
2df1d2ed-54c9-41e9-9ed8-c4110e3868e0,0,2df1d2ed-54c9-41e9-9ed8-c4110e3868e0::eave-chain::0:3,2,6.065349,154.461004,1.019437,"[6.974895, -12.89776]","[5.325636, -9.446064]","[""2df1d2ed-54c9-41e9-9ed8-c4110e3868e0::ceiling-raw::0:0:0"", ""2df1d2ed-54c9-41e9-9ed8-c4110e3868e0::ceiling-raw::0:1:0""]"
2df1d2ed-54c9-41e9-9ed8-c4110e3868e0,0,2df1d2ed-54c9-41e9-9ed8-c4110e3868e0::eave-chain::0:4,2,5.755442,154.963138,1.01279,"[7.074987, -9.018503]","[8.562742, -12.20365]","[""2df1d2ed-54c9-41e9-9ed8-c4110e3868e0::ceiling-raw::0:1:0"", ""2df1d2ed-54c9-41e9-9ed8-c4110e3868e0::ceiling-raw::0:2:0""]"
2df1d2ed-54c9-41e9-9ed8-c4110e3868e0,0,2df1d2ed-54c9-41e9-9ed8-c4110e3868e0::eave-chain::0:5,4,16.044954,154.952693,1.013072,"[11.406295, -10.859982]","[4.504942, 3.90817]","[""2df1d2ed-54c9-41e9-9ed8-c4110e3868e0::ceiling-raw::0:2:0"", ""2df1d2ed-54c9-41e9-9ed8-c4110e3868e0::ceiling-raw::0:4:0"", ""2df1d2ed-54c9-41e9-9ed8-c4110e3868e0::ceiling-raw::0:5:0"", ""2df1d2ed-54c9-41e9-9ed8-c4110e3868e0::ceiling-raw::0:8:0""]"
2df1d2ed-54c9-41e9-9ed8-c4110e3868e0,0,2df1d2ed-54c9-41e9-9ed8-c4110e3868e0::eave-chain::0:6,2,6.20196,64.691923,1.008319,"[7.081538, -8.969326]","[9.90785, -7.632847]","[""2df1d2ed-54c9-41e9-9ed8-c4110e3868e0::ceiling-raw::0:2:0"", ""2df1d2ed-54c9-41e9-9ed8-c4110e3868e0::ceiling-raw::0:4:0""]"
2df1d2ed-54c9-41e9-9ed8-c4110e3868e0,0,2df1d2ed-54c9-41e9-9ed8-c4110e3868e0::eave-chain::0:7,4,14.690284,65.002147,1.009867,"[2.073783, -8.320812]","[8.800058, -5.184605]","[""2df1d2ed-54c9-41e9-9ed8-c4110e3868e0::ceiling-raw::0:3:0"", ""2df1d2ed-54c9-41e9-9ed8-c4110e3868e0::ceiling-raw::0:4:0"", ""2df1d2ed-54c9-41e9-9ed8-c4110e3868e0::ceiling-raw::0:5:0"", ""2df1d2ed-54c9-41e9-9ed8-c4110e3868e0::ceiling-raw::0:6:0""]"
2df1d2ed-54c9-41e9-9ed8-c4110e3868e0,0,2df1d2ed-54c9-41e9-9ed8-c4110e3868e0::eave-chain::0:8,4,14.627968,64.485516,1.010072,"[-0.896133, -1.949777]","[5.768168, 1.230999]","[""2df1d2ed-54c9-41e9-9ed8-c4110e3868e0::ceiling-raw::0:5:0"", ""2df1d2ed-54c9-41e9-9ed8-c4110e3868e0::ceiling-raw::0:7:0"", ""2df1d2ed-54c9-41e9-9ed8-c4110e3868e0::ceiling-raw::0:8:0"", ""2df1d2ed-54c9-41e9-9ed8-c4110e3868e0::ceiling-raw::0:9:0""]"
2df1d2ed-54c9-41e9-9ed8-c4110e3868e0,0,2df1d2ed-54c9-41e9-9ed8-c4110e3868e0::eave-chain::0:9,2,6.120324,64.692023,1.009597,"[2.800215, -2.632355]","[0.012014, -3.950807]","[""2df1d2ed-54c9-41e9-9ed8-c4110e3868e0::ceiling-raw::0:6:0"", ""2df1d2ed-54c9-41e9-9ed8-c4110e3868e0::ceiling-raw::0:7:0""]"
2df1d2ed-54c9-41e9-9ed8-c4110e3868e0,0,2df1d2ed-54c9-41e9-9ed8-c4110e3868e0::eave-chain::0:10,2,7.287702,64.367423,1.010365,"[4.488476, 3.903342]","[-2.155855, 0.715266]","[""2df1d2ed-54c9-41e9-9ed8-c4110e3868e0::ceiling-raw::0:8:0"", ""2df1d2ed-54c9-41e9-9ed8-c4110e3868e0::ceiling-raw::0:9:0""]"
2df1d2ed-54c9-41e9-9ed8-c4110e3868e0,0,2df1d2ed-54c9-41e9-9ed8-c4110e3868e0::eave-chain::0:11,2,5.806751,154.724685,1.008618,"[0.101292, 1.827062]","[1.356042, -0.830346]","[""2df1d2ed-54c9-41e9-9ed8-c4110e3868e0::ceiling-raw::0:8:0"", ""2df1d2ed-54c9-41e9-9ed8-c4110e3868e0::ceiling-raw::0:9:0""]"
2ea3b759-e047-424c-8034-f8ee5b811fb4,0,2ea3b759-e047-424c-8034-f8ee5b811fb4::eave-chain::0:0,4,13.05173,143.690809,0.898808,"[7.777206, 10.248593]","[11.672474, 4.947611]","[""2ea3b759-e047-424c-8034-f8ee5b811fb4::ceiling-raw::0:0:0"", ""2ea3b759-e047-424c-8034-f8ee5b811fb4::ceiling-raw::0:2:0"", ""2ea3b759-e047-424c-8034-f8ee5b811fb4::ceiling-raw::0:3:0"", ""2ea3b759-e047-424c-8034-f8ee5b811fb4::ceiling-raw::0:9:0""]"
2ea3b759-e047-424c-8034-f8ee5b811fb4,0,2ea3b759-e047-424c-8034-f8ee5b811fb4::eave-chain::0:1,2,4.354103,143.635466,0.884231,"[12.925752, 8.736696]","[14.356303, 6.793826]","[""2ea3b759-e047-424c-8034-f8ee5b811fb4::ceiling-raw::0:0:0"", ""2ea3b759-e047-424c-8034-f8ee5b811fb4::ceiling-raw::0:1:0""]"
2ea3b759-e047-424c-8034-f8ee5b811fb4,0,2ea3b759-e047-424c-8034-f8ee5b811fb4::eave-chain::0:2,9,23.207647,53.478623,0.913516,"[0.238742, -3.482263]","[17.079561, 8.989013]","[""2ea3b759-e047-424c-8034-f8ee5b811fb4::ceiling-raw::0:0:0"", ""2ea3b759-e047-424c-8034-f8ee5b811fb4::ceiling-raw::0:10:0"", ""2ea3b759-e047-424c-8034-f8ee5b811fb4::ceiling-raw::0:1:0"", ""2ea3b759-e047-424c-8034-f8ee5b811fb4::ceiling-raw::0:2:0"", ""2ea3b759-e047-424c-8034-f8ee5b811fb4::ceiling-raw::0:3:0"", ""2ea3b759-e047-424c-8034-f8ee5b811fb4::ceiling-raw::0:3:1"", ""2ea3b759-e047-424c-8034-f8ee5b811fb4::ceiling-raw::0:3:3"", ""2ea3b759-e047-424c-8034-f8ee5b811fb4::ceiling-raw::0:6:0""]"
2ea3b759-e047-424c-8034-f8ee5b811fb4,0,2ea3b759-e047-424c-8034-f8ee5b811fb4::eave-chain::0:3,1,6.675743,143.759912,0.8746,"[17.1751, 8.86]","[13.2286, 14.2443]","[""2ea3b759-e047-424c-8034-f8ee5b811fb4::ceiling-raw::0:0:0""]"
2ea3b759-e047-424c-8034-f8ee5b811fb4,0,2ea3b759-e047-424c-8034-f8ee5b811fb4::eave-chain::0:4,5,20.171958,53.793496,0.897991,"[13.235422, 14.234981]","[-3.674241, 1.85603]","[""2ea3b759-e047-424c-8034-f8ee5b811fb4::ceiling-raw::0:0:0"", ""2ea3b759-e047-424c-8034-f8ee5b811fb4::ceiling-raw::0:10:0"", ""2ea3b759-e047-424c-8034-f8ee5b811fb4::ceiling-raw::0:5:0"", ""2ea3b759-e047-424c-8034-f8ee5b811fb4::ceiling-raw::0:8:0"", ""2ea3b759-e047-424c-8034-f8ee5b811fb4::ceiling-raw::0:9:0""]"
2ea3b759-e047-424c-8034-f8ee5b811fb4,0,2ea3b759-e047-424c-8034-f8ee5b811fb4::eave-chain::0:5,2,2.340101,144.010898,0.900438,"[11.786021, 6.910557]","[12.676922, 5.683847]","[""2ea3b759-e047-424c-8034-f8ee5b811fb4::ceiling-raw::0:1:0"", ""2ea3b759-e047-424c-8034-f8ee5b811fb4::ceiling-raw::0:2:0""]"
2ea3b759-e047-424c-8034-f8ee5b811fb4,0,2ea3b759-e047-424c-8034-f8ee5b811fb4::eave-chain::0:6,5,16.138476,53.75564,0.902953,"[9.537542, 7.7735]","[2.049844, 2.284426]","[""2ea3b759-e047-424c-8034-f8ee5b811fb4::ceiling-raw::0:3:0"", ""2ea3b759-e047-424c-8034-f8ee5b811fb4::ceiling-raw::0:3:1"", ""2ea3b759-e047-424c-8034-f8ee5b811fb4::ceiling-raw::0:3:2"", ""2ea3b759-e047-424c-8034-f8ee5b811fb4::ceiling-raw::0:5:0"", ""2ea3b759-e047-424c-8034-f8ee5b811fb4::ceiling-raw::0:8:0""]"
2ea3b759-e047-424c-8034-f8ee5b811fb4,0,2ea3b759-e047-424c-8034-f8ee5b811fb4::eave-chain::0:7,5,13.568223,140.917572,0.91122,"[3.454835, 7.067165]","[7.603281, 1.959303]","[""2ea3b759-e047-424c-8034-f8ee5b811fb4::ceiling-raw::0:3:0"", ""2ea3b759-e047-424c-8034-f8ee5b811fb4::ceiling-raw::0:3:1"", ""2ea3b759-e047-424c-8034-f8ee5b811fb4::ceiling-raw::0:3:2"", ""2ea3b759-e047-424c-8034-f8ee5b811fb4::ceiling-raw::0:3:3"", ""2ea3b759-e047-424c-8034-f8ee5b811fb4::ceiling-raw::0:8:0""]"
2ea3b759-e047-424c-8034-f8ee5b811fb4,0,2ea3b759-e047-424c-8034-f8ee5b811fb4::eave-chain::0:8,3,6.226656,143.81595,0.915844,"[3.363779, 3.237787]","[5.481837, 0.342137]","[""2ea3b759-e047-424c-8034-f8ee5b811fb4::ceiling-raw::0:3:1"", ""2ea3b759-e047-424c-8034-f8ee5b811fb4::ceiling-raw::0:3:3"", ""2ea3b759-e047-424c-8034-f8ee5b811fb4::ceiling-raw::0:6:0""]"
2ea3b759-e047-424c-8034-f8ee5b811fb4,0,2ea3b759-e047-424c-8034-f8ee5b811fb4::eave-chain::0:9,1,3.009842,143.760592,0.8757,"[4.6206, 4.1901]","[2.8413, 6.6177]","[""2ea3b759-e047-424c-8034-f8ee5b811fb4::ceiling-raw::0:5:0""]"
2ea3b759-e047-424c-8034-f8ee5b811fb4,0,2ea3b759-e047-424c-8034-f8ee5b811fb4::eave-chain::0:10,3,13.173475,143.593132,0.917883,"[4.180006, -0.61216]","[0.235679, 4.736452]","[""2ea3b759-e047-424c-8034-f8ee5b811fb4::ceiling-raw::0:10:0"", ""2ea3b759-e047-424c-8034-f8ee5b811fb4::ceiling-raw::0:5:0"", ""2ea3b759-e047-424c-8034-f8ee5b811fb4::ceiling-raw::0:6:0""]"
2ea3b759-e047-424c-8034-f8ee5b811fb4,0,2ea3b759-e047-424c-8034-f8ee5b811fb4::eave-chain::0:11,2,5.9856,143.761623,0.900796,"[7.35349, 6.202791]","[5.579257, 8.62357]","[""2ea3b759-e047-424c-8034-f8ee5b811fb4::ceiling-raw::0:8:0"", ""2ea3b759-e047-424c-8034-f8ee5b811fb4::ceiling-raw::0:9:0""]"
2ea3b759-e047-424c-8034-f8ee5b811fb4,0,2ea3b759-e047-424c-8034-f8ee5b811fb4::eave-chain::0:12,1,6.600119,143.759836,0.9424,"[-3.6811, 1.8654]","[0.2207, -3.4579]","[""2ea3b759-e047-424c-8034-f8ee5b811fb4::ceiling-raw::0:10:0""]"
2f382701-addb-48a5-8749-0e8e7f988a10,1,2f382701-addb-48a5-8749-0e8e7f988a10::eave-chain::1:0,1,1.020158,138.107134,-2.8334,"[-10.0566, -3.5847]","[-9.3754, -4.3441]","[""2f382701-addb-48a5-8749-0e8e7f988a10::ceiling-raw::1:0:0""]"
2f382701-addb-48a5-8749-0e8e7f988a10,1,2f382701-addb-48a5-8749-0e8e7f988a10::eave-chain::1:1,1,1.241209,173.054195,-2.8334,"[-9.3754, -4.3441]","[-9.2253, -5.5762]","[""2f382701-addb-48a5-8749-0e8e7f988a10::ceiling-raw::1:0:0""]"
2f382701-addb-48a5-8749-0e8e7f988a10,1,2f382701-addb-48a5-8749-0e8e7f988a10::eave-chain::1:2,1,3.261746,11.256535,-2.8334,"[-9.2253, -5.5762]","[-9.862, -8.7752]","[""2f382701-addb-48a5-8749-0e8e7f988a10::ceiling-raw::1:0:0""]"
2f382701-addb-48a5-8749-0e8e7f988a10,1,2f382701-addb-48a5-8749-0e8e7f988a10::eave-chain::1:3,1,2.961865,101.255302,-2.8334,"[-9.862, -8.7752]","[-6.9571, -9.3533]","[""2f382701-addb-48a5-8749-0e8e7f988a10::ceiling-raw::1:0:0""]"
2f382701-addb-48a5-8749-0e8e7f988a10,1,2f382701-addb-48a5-8749-0e8e7f988a10::eave-chain::1:4,2,5.335772,10.986047,-2.820139,"[-6.916489, -9.361184]","[-6.302171, -6.196675]","[""2f382701-addb-48a5-8749-0e8e7f988a10::ceiling-raw::1:0:0"", ""2f382701-addb-48a5-8749-0e8e7f988a10::ceiling-raw::1:1:7""]"
2f382701-addb-48a5-8749-0e8e7f988a10,1,2f382701-addb-48a5-8749-0e8e7f988a10::eave-chain::1:5,2,10.480117,100.230615,-2.935086,"[-9.426201, -0.415451]","[-0.255486, -2.070582]","[""2f382701-addb-48a5-8749-0e8e7f988a10::ceiling-raw::1:0:0"", ""2f382701-addb-48a5-8749-0e8e7f988a10::ceiling-raw::1:5:0""]"
2f382701-addb-48a5-8749-0e8e7f988a10,1,2f382701-addb-48a5-8749-0e8e7f988a10::eave-chain::1:6,2,6.420113,11.229245,-2.83055,"[-10.056204, -3.58482]","[-9.431094, -0.43622]","[""2f382701-addb-48a5-8749-0e8e7f988a10::ceiling-raw::1:0:0"", ""2f382701-addb-48a5-8749-0e8e7f988a10::ceiling-raw::1:0:2""]"
2f382701-addb-48a5-8749-0e8e7f988a10,1,2f382701-addb-48a5-8749-0e8e7f988a10::eave-chain::1:7,1,0.568384,116.082676,-3.0059,"[-11.7798, -3.0935]","[-11.2693, -3.3434]","[""2f382701-addb-48a5-8749-0e8e7f988a10::ceiling-raw::1:0:1""]"
2f382701-addb-48a5-8749-0e8e7f988a10,1,2f382701-addb-48a5-8749-0e8e7f988a10::eave-chain::1:8,2,6.512905,1.582878,-3.005925,"[-11.270406, -3.343369]","[-11.180444, -0.087829]","[""2f382701-addb-48a5-8749-0e8e7f988a10::ceiling-raw::1:0:1"", ""2f382701-addb-48a5-8749-0e8e7f988a10::ceiling-raw::1:0:2""]"
2f382701-addb-48a5-8749-0e8e7f988a10,1,2f382701-addb-48a5-8749-0e8e7f988a10::eave-chain::1:9,1,3.064669,11.257868,-3.0059,"[-11.1815, -0.0878]","[-11.7798, -3.0935]","[""2f382701-addb-48a5-8749-0e8e7f988a10::ceiling-raw::1:0:1""]"
2f382701-addb-48a5-8749-0e8e7f988a10,1,2f382701-addb-48a5-8749-0e8e7f988a10::eave-chain::1:10,1,1.425527,98.130102,-2.929,"[-3.0551, -9.2745]","[-4.4663, -9.0729]","[""2f382701-addb-48a5-8749-0e8e7f988a10::ceiling-raw::1:1:0""]"
2f382701-addb-48a5-8749-0e8e7f988a10,1,2f382701-addb-48a5-8749-0e8e7f988a10::eave-chain::1:11,1,0.90228,20.955903,-2.929,"[-4.4663, -9.0729]","[-4.789, -9.9155]","[""2f382701-addb-48a5-8749-0e8e7f988a10::ceiling-raw::1:1:0""]"
2f382701-addb-48a5-8749-0e8e7f988a10,1,2f382701-addb-48a5-8749-0e8e7f988a10::eave-chain::1:12,1,1.578632,101.062227,-2.929,"[-4.789, -9.9155]","[-3.2397, -10.2184]","[""2f382701-addb-48a5-8749-0e8e7f988a10::ceiling-raw::1:1:0""]"
2f382701-addb-48a5-8749-0e8e7f988a10,1,2f382701-addb-48a5-8749-0e8e7f988a10::eave-chain::1:13,1,0.961782,11.065754,-2.929,"[-3.2397, -10.2184]","[-3.0551, -9.2745]","[""2f382701-addb-48a5-8749-0e8e7f988a10::ceiling-raw::1:1:0""]"
2f382701-addb-48a5-8749-0e8e7f988a10,1,2f382701-addb-48a5-8749-0e8e7f988a10::eave-chain::1:14,2,4.029817,57.799899,-2.7999,"[-4.487, -8.9509]","[-2.782, -7.8772]","[""2f382701-addb-48a5-8749-0e8e7f988a10::ceiling-raw::1:1:5"", ""2f382701-addb-48a5-8749-0e8e7f988a10::ceiling-raw::1:1:8""]"
2f382701-addb-48a5-8749-0e8e7f988a10,1,2f382701-addb-48a5-8749-0e8e7f988a10::eave-chain::1:15,2,3.652908,11.84452,-2.817732,"[-2.775952, -7.878468]","[-2.016236, -4.255975]","[""2f382701-addb-48a5-8749-0e8e7f988a10::ceiling-raw::1:1:5"", ""2f382701-addb-48a5-8749-0e8e7f988a10::ceiling-raw::1:2:0""]"
2f382701-addb-48a5-8749-0e8e7f988a10,1,2f382701-addb-48a5-8749-0e8e7f988a10::eave-chain::1:16,2,4.440301,101.53024,-2.815041,"[-5.397611, -6.450718]","[-2.570358, -7.027484]","[""2f382701-addb-48a5-8749-0e8e7f988a10::ceiling-raw::1:1:5"", ""2f382701-addb-48a5-8749-0e8e7f988a10::ceiling-raw::1:2:0""]"
2f382701-addb-48a5-8749-0e8e7f988a10,1,2f382701-addb-48a5-8749-0e8e7f988a10::eave-chain::1:17,1,2.898885,148.042598,-2.86445,"[-6.45, -7.1471]","[-4.9158, -9.6064]","[""2f382701-addb-48a5-8749-0e8e7f988a10::ceiling-raw::1:1:6""]"
2f382701-addb-48a5-8749-0e8e7f988a10,1,2f382701-addb-48a5-8749-0e8e7f988a10::eave-chain::1:18,1,0.506221,33.22124,-2.86725,"[-4.9158, -9.6064]","[-4.6391, -9.1839]","[""2f382701-addb-48a5-8749-0e8e7f988a10::ceiling-raw::1:1:6""]"
2f382701-addb-48a5-8749-0e8e7f988a10,1,2f382701-addb-48a5-8749-0e8e7f988a10::eave-chain::1:19,1,4.819929,101.257012,-3.0111,"[-0.9736, 0.3522]","[-5.7008, 1.2931]","[""2f382701-addb-48a5-8749-0e8e7f988a10::ceiling-raw::1:5:0""]"
2f382701-addb-48a5-8749-0e8e7f988a10,1,2f382701-addb-48a5-8749-0e8e7f988a10::eave-chain::1:20,1,2.228174,11.25799,-3.0111,"[-5.7008, 1.2931]","[-6.1358, -0.8922]","[""2f382701-addb-48a5-8749-0e8e7f988a10::ceiling-raw::1:5:0""]"
2f382701-addb-48a5-8749-0e8e7f988a10,1,2f382701-addb-48a5-8749-0e8e7f988a10::eave-chain::1:21,1,1.57297,11.258499,-3.0111,"[-0.2541, -2.0629]","[0.053, -0.5202]","[""2f382701-addb-48a5-8749-0e8e7f988a10::ceiling-raw::1:5:0""]"
2f382701-addb-48a5-8749-0e8e7f988a10,2,2f382701-addb-48a5-8749-0e8e7f988a10::eave-chain::2:0,2,6.432816,98.747614,0.727625,"[2.666818, 2.32362]","[-4.259307, 3.389357]","[""2f382701-addb-48a5-8749-0e8e7f988a10::ceiling-raw::2:11:0"", ""2f382701-addb-48a5-8749-0e8e7f988a10::ceiling-raw::2:7:0""]"
2f382701-addb-48a5-8749-0e8e7f988a10,2,2f382701-addb-48a5-8749-0e8e7f988a10::eave-chain::2:1,1,3.774877,9.870553,0.7379,"[-4.2583, 3.3959]","[-4.9054, -0.3231]","[""2f382701-addb-48a5-8749-0e8e7f988a10::ceiling-raw::2:7:0""]"
2f382701-addb-48a5-8749-0e8e7f988a10,2,2f382701-addb-48a5-8749-0e8e7f988a10::eave-chain::2:2,1,3.774877,9.870553,0.7379,"[-1.5414, -0.9084]","[-0.8943, 2.8106]","[""2f382701-addb-48a5-8749-0e8e7f988a10::ceiling-raw::2:7:0""]"
2f382701-addb-48a5-8749-0e8e7f988a10,2,2f382701-addb-48a5-8749-0e8e7f988a10::eave-chain::2:3,2,2.855765,100.306587,0.702121,"[-3.663714, -5.200779]","[-0.797685, -5.721965]","[""2f382701-addb-48a5-8749-0e8e7f988a10::ceiling-raw::2:8:0"", ""2f382701-addb-48a5-8749-0e8e7f988a10::ceiling-raw::2:9:0""]"
2f382701-addb-48a5-8749-0e8e7f988a10,2,2f382701-addb-48a5-8749-0e8e7f988a10::eave-chain::2:4,2,5.754883,9.64565,0.701523,"[-2.300684, -5.460062]","[-1.714924, -2.013546]","[""2f382701-addb-48a5-8749-0e8e7f988a10::ceiling-raw::2:8:0"", ""2f382701-addb-48a5-8749-0e8e7f988a10::ceiling-raw::2:9:0""]"
2f382701-addb-48a5-8749-0e8e7f988a10,2,2f382701-addb-48a5-8749-0e8e7f988a10::eave-chain::2:5,1,1.649078,10.08265,-0.4705,"[0.2716, -5.9075]","[0.5603, -4.2839]","[""2f382701-addb-48a5-8749-0e8e7f988a10::ceiling-raw::2:9:1""]"
2f382701-addb-48a5-8749-0e8e7f988a10,2,2f382701-addb-48a5-8749-0e8e7f988a10::eave-chain::2:6,2,3.773974,7.913729,0.72312,"[-0.286153, -2.445034]","[0.119057, 0.470024]","[""2f382701-addb-48a5-8749-0e8e7f988a10::ceiling-raw::2:10:0"", ""2f382701-addb-48a5-8749-0e8e7f988a10::ceiling-raw::2:12:0""]"
2f382701-addb-48a5-8749-0e8e7f988a10,2,2f382701-addb-48a5-8749-0e8e7f988a10::eave-chain::2:7,1,2.147385,9.870264,0.716,"[-0.3072, 2.8383]","[-0.6753, 0.7227]","[""2f382701-addb-48a5-8749-0e8e7f988a10::ceiling-raw::2:11:0""]"
2f382701-addb-48a5-8749-0e8e7f988a10,2,2f382701-addb-48a5-8749-0e8e7f988a10::eave-chain::2:8,2,4.478669,100.510615,0.721674,"[-0.664454, 0.781158]","[2.315653, 0.228257]","[""2f382701-addb-48a5-8749-0e8e7f988a10::ceiling-raw::2:11:0"", ""2f382701-addb-48a5-8749-0e8e7f988a10::ceiling-raw::2:12:0""]"
2f382701-addb-48a5-8749-0e8e7f988a10,2,2f382701-addb-48a5-8749-0e8e7f988a10::eave-chain::2:9,2,3.815016,9.031448,0.723606,"[2.053811, -1.458233]","[2.654787, 2.322746]","[""2f382701-addb-48a5-8749-0e8e7f988a10::ceiling-raw::2:11:0"", ""2f382701-addb-48a5-8749-0e8e7f988a10::ceiling-raw::2:12:0""]"
2f382701-addb-48a5-8749-0e8e7f988a10,2,2f382701-addb-48a5-8749-0e8e7f988a10::eave-chain::2:10,1,2.170456,98.267486,0.7334,"[-0.0792, -1.1485]","[2.0687, -1.4606]","[""2f382701-addb-48a5-8749-0e8e7f988a10::ceiling-raw::2:12:0""]"
3297bc28-5d39-4358-bd2e-0f1183cae489,0,3297bc28-5d39-4358-bd2e-0f1183cae489::eave-chain::0:0,1,2.056387,136.030452,-4.5032,"[-5.4227, -1.4874]","[-3.995, -2.9674]","[""3297bc28-5d39-4358-bd2e-0f1183cae489::ceiling-raw::0:0:0""]"
3297bc28-5d39-4358-bd2e-0f1183cae489,0,3297bc28-5d39-4358-bd2e-0f1183cae489::eave-chain::0:1,1,1.113658,176.690035,-4.5032,"[-3.995, -2.9674]","[-3.9307, -4.0792]","[""3297bc28-5d39-4358-bd2e-0f1183cae489::ceiling-raw::0:0:0""]"
3297bc28-5d39-4358-bd2e-0f1183cae489,0,3297bc28-5d39-4358-bd2e-0f1183cae489::eave-chain::0:2,1,2.766907,86.693244,-4.5032,"[-3.9307, -4.0792]","[-1.1684, -3.9196]","[""3297bc28-5d39-4358-bd2e-0f1183cae489::ceiling-raw::0:0:0""]"
3297bc28-5d39-4358-bd2e-0f1183cae489,0,3297bc28-5d39-4358-bd2e-0f1183cae489::eave-chain::0:3,1,3.475688,176.692976,-4.5032,"[-1.1684, -3.9196]","[-1.3689, -0.4497]","[""3297bc28-5d39-4358-bd2e-0f1183cae489::ceiling-raw::0:0:0""]"
3297bc28-5d39-4358-bd2e-0f1183cae489,0,3297bc28-5d39-4358-bd2e-0f1183cae489::eave-chain::0:4,1,4.106938,86.693179,-4.5032,"[-1.3689, -0.4497]","[-5.469, -0.6866]","[""3297bc28-5d39-4358-bd2e-0f1183cae489::ceiling-raw::0:0:0""]"
3297bc28-5d39-4358-bd2e-0f1183cae489,0,3297bc28-5d39-4358-bd2e-0f1183cae489::eave-chain::0:5,1,0.802137,176.691003,-4.5032,"[-5.469, -0.6866]","[-5.4227, -1.4874]","[""3297bc28-5d39-4358-bd2e-0f1183cae489::ceiling-raw::0:0:0""]"
3297bc28-5d39-4358-bd2e-0f1183cae489,1,3297bc28-5d39-4358-bd2e-0f1183cae489::eave-chain::1:0,1,0.867802,176.941403,-3.38165,"[0.2272, 3.4192]","[0.2735, 2.5527]","[""3297bc28-5d39-4358-bd2e-0f1183cae489::ceiling-raw::1:5:3""]"
3297bc28-5d39-4358-bd2e-0f1183cae489,1,3297bc28-5d39-4358-bd2e-0f1183cae489::eave-chain::1:1,1,0.867682,176.445085,-4.14325,"[1.2219, 2.6075]","[1.1681, 3.4735]","[""3297bc28-5d39-4358-bd2e-0f1183cae489::ceiling-raw::1:5:3""]"
3297bc28-5d39-4358-bd2e-0f1183cae489,1,3297bc28-5d39-4358-bd2e-0f1183cae489::eave-chain::1:2,1,3.478295,86.692157,-1.6323,"[2.5114, 1.0283]","[-0.9611, 0.8276]","[""3297bc28-5d39-4358-bd2e-0f1183cae489::ceiling-raw::1:7:0""]"
3297bc28-5d39-4358-bd2e-0f1183cae489,1,3297bc28-5d39-4358-bd2e-0f1183cae489::eave-chain::1:3,2,11.592232,176.613992,-1.563737,"[-1.080156, -3.887784]","[-1.508716, 3.355579]","[""3297bc28-5d39-4358-bd2e-0f1183cae489::ceiling-raw::1:7:0"", ""3297bc28-5d39-4358-bd2e-0f1183cae489::ceiling-raw::1:8:0""]"
3297bc28-5d39-4358-bd2e-0f1183cae489,1,3297bc28-5d39-4358-bd2e-0f1183cae489::eave-chain::1:4,1,3.855925,86.692001,-1.6323,"[-1.0669, -3.887]","[2.7826, -3.6645]","[""3297bc28-5d39-4358-bd2e-0f1183cae489::ceiling-raw::1:7:0""]"
3297bc28-5d39-4358-bd2e-0f1183cae489,1,3297bc28-5d39-4358-bd2e-0f1183cae489::eave-chain::1:5,1,4.70063,176.692518,-1.6323,"[2.7826, -3.6645]","[2.5114, 1.0283]","[""3297bc28-5d39-4358-bd2e-0f1183cae489::ceiling-raw::1:7:0""]"
3297bc28-5d39-4358-bd2e-0f1183cae489,1,3297bc28-5d39-4358-bd2e-0f1183cae489::eave-chain::1:6,2,2.641515,176.725287,-1.58575,"[-4.321683, 3.192761]","[-4.170791, 0.55556]","[""3297bc28-5d39-4358-bd2e-0f1183cae489::ceiling-raw::1:8:0""]"
3297bc28-5d39-4358-bd2e-0f1183cae489,1,3297bc28-5d39-4358-bd2e-0f1183cae489::eave-chain::1:7,1,1.341966,86.696986,-1.60065,"[-4.1701, 0.5556]","[-5.5095, 0.4783]","[""3297bc28-5d39-4358-bd2e-0f1183cae489::ceiling-raw::1:8:0""]"
3297bc28-5d39-4358-bd2e-0f1183cae489,1,3297bc28-5d39-4358-bd2e-0f1183cae489::eave-chain::1:8,1,1.960901,176.725678,-1.6156,"[-5.5095, 0.4783]","[-5.3975, -1.4794]","[""3297bc28-5d39-4358-bd2e-0f1183cae489::ceiling-raw::1:8:0""]"
3297bc28-5d39-4358-bd2e-0f1183cae489,1,3297bc28-5d39-4358-bd2e-0f1183cae489::eave-chain::1:9,1,1.959869,133.668453,-1.6005,"[-5.3975, -1.4794]","[-3.98, -2.8325]","[""3297bc28-5d39-4358-bd2e-0f1183cae489::ceiling-raw::1:8:0""]"
3297bc28-5d39-4358-bd2e-0f1183cae489,1,3297bc28-5d39-4358-bd2e-0f1183cae489::eave-chain::1:10,1,1.220138,176.687586,-1.58545,"[-3.98, -2.8325]","[-3.9095, -4.0506]","[""3297bc28-5d39-4358-bd2e-0f1183cae489::ceiling-raw::1:8:0""]"
3297bc28-5d39-4358-bd2e-0f1183cae489,1,3297bc28-5d39-4358-bd2e-0f1183cae489::eave-chain::1:11,1,1.877322,42.305716,-1.6351,"[-4.2454, 1.8667]","[-5.509, 0.4783]","[""3297bc28-5d39-4358-bd2e-0f1183cae489::ceiling-raw::1:8:1""]"
3297bc28-5d39-4358-bd2e-0f1183cae489,2,3297bc28-5d39-4358-bd2e-0f1183cae489::eave-chain::2:0,1,2.415499,87.192794,0.9669,"[1.0067, 3.4256]","[-1.4059, 3.3073]","[""3297bc28-5d39-4358-bd2e-0f1183cae489::ceiling-raw::2:9:1""]"
3297bc28-5d39-4358-bd2e-0f1183cae489,2,3297bc28-5d39-4358-bd2e-0f1183cae489::eave-chain::2:1,1,2.388862,177.195086,0.9669,"[-1.4059, 3.3073]","[-1.289, 0.9213]","[""3297bc28-5d39-4358-bd2e-0f1183cae489::ceiling-raw::2:9:1""]"
3297bc28-5d39-4358-bd2e-0f1183cae489,2,3297bc28-5d39-4358-bd2e-0f1183cae489::eave-chain::2:2,1,1.139235,178.028013,0.00525,"[1.6845, 2.3182]","[1.6453, 3.4567]","[""3297bc28-5d39-4358-bd2e-0f1183cae489::ceiling-raw::2:9:2""]"
3297bc28-5d39-4358-bd2e-0f1183cae489,2,3297bc28-5d39-4358-bd2e-0f1183cae489::eave-chain::2:3,1,3.85557,87.240821,0.9944,"[-2.5104, -3.9922]","[1.3407, -3.8066]","[""3297bc28-5d39-4358-bd2e-0f1183cae489::ceiling-raw::2:12:1""]"
3297bc28-5d39-4358-bd2e-0f1183cae489,2,3297bc28-5d39-4358-bd2e-0f1183cae489::eave-chain::2:4,1,2.53304,177.239368,0.5365,"[1.6541, -3.7915]","[1.5321, -1.2614]","[""3297bc28-5d39-4358-bd2e-0f1183cae489::ceiling-raw::2:12:3""]"
36f034dc-17ec-4e9d-9ec0-e8b0139201c8,0,36f034dc-17ec-4e9d-9ec0-e8b0139201c8::eave-chain::0:0,2,7.11708,97.150294,0.888959,"[-2.49355, 13.470191]","[4.628273, 12.576772]","[""36f034dc-17ec-4e9d-9ec0-e8b0139201c8::ceiling-raw::0:0:0"", ""36f034dc-17ec-4e9d-9ec0-e8b0139201c8::ceiling-raw::0:2:0""]"
36f034dc-17ec-4e9d-9ec0-e8b0139201c8,0,36f034dc-17ec-4e9d-9ec0-e8b0139201c8::eave-chain::0:1,4,15.338802,7.205322,0.927657,"[3.845934, 6.867358]","[5.881215, 22.96624]","[""36f034dc-17ec-4e9d-9ec0-e8b0139201c8::ceiling-raw::0:0:0"", ""36f034dc-17ec-4e9d-9ec0-e8b0139201c8::ceiling-raw::0:1:0"", ""36f034dc-17ec-4e9d-9ec0-e8b0139201c8::ceiling-raw::0:3:0"", ""36f034dc-17ec-4e9d-9ec0-e8b0139201c8::ceiling-raw::0:6:0""]"
36f034dc-17ec-4e9d-9ec0-e8b0139201c8,0,36f034dc-17ec-4e9d-9ec0-e8b0139201c8::eave-chain::0:2,2,7.7084,96.858314,0.880371,"[1.04601, 19.074652]","[5.351119, 18.556854]","[""36f034dc-17ec-4e9d-9ec0-e8b0139201c8::ceiling-raw::0:0:0"", ""36f034dc-17ec-4e9d-9ec0-e8b0139201c8::ceiling-raw::0:1:0""]"
36f034dc-17ec-4e9d-9ec0-e8b0139201c8,0,36f034dc-17ec-4e9d-9ec0-e8b0139201c8::eave-chain::0:3,2,5.404114,96.499851,0.92376,"[5.665146, 21.205128]","[2.954651, 21.513943]","[""36f034dc-17ec-4e9d-9ec0-e8b0139201c8::ceiling-raw::0:1:0"", ""36f034dc-17ec-4e9d-9ec0-e8b0139201c8::ceiling-raw::0:3:0""]"
36f034dc-17ec-4e9d-9ec0-e8b0139201c8,0,36f034dc-17ec-4e9d-9ec0-e8b0139201c8::eave-chain::0:4,2,3.473938,6.576658,0.923824,"[2.969578, 21.471754]","[3.177504, 23.275236]","[""36f034dc-17ec-4e9d-9ec0-e8b0139201c8::ceiling-raw::0:1:0"", ""36f034dc-17ec-4e9d-9ec0-e8b0139201c8::ceiling-raw::0:3:0""]"
36f034dc-17ec-4e9d-9ec0-e8b0139201c8,0,36f034dc-17ec-4e9d-9ec0-e8b0139201c8::eave-chain::0:5,2,7.169601,95.928769,0.91983,"[5.865931, 22.962624]","[-1.306478, 23.707461]","[""36f034dc-17ec-4e9d-9ec0-e8b0139201c8::ceiling-raw::0:1:0"", ""36f034dc-17ec-4e9d-9ec0-e8b0139201c8::ceiling-raw::0:3:0""]"
36f034dc-17ec-4e9d-9ec0-e8b0139201c8,0,36f034dc-17ec-4e9d-9ec0-e8b0139201c8::eave-chain::0:6,4,17.560444,5.830798,0.930743,"[-1.351883, 23.715775]","[-3.205872, 5.560668]","[""36f034dc-17ec-4e9d-9ec0-e8b0139201c8::ceiling-raw::0:1:0"", ""36f034dc-17ec-4e9d-9ec0-e8b0139201c8::ceiling-raw::0:2:0"", ""36f034dc-17ec-4e9d-9ec0-e8b0139201c8::ceiling-raw::0:5:0"", ""36f034dc-17ec-4e9d-9ec0-e8b0139201c8::ceiling-raw::0:5:1""]"
36f034dc-17ec-4e9d-9ec0-e8b0139201c8,0,36f034dc-17ec-4e9d-9ec0-e8b0139201c8::eave-chain::0:7,2,5.74441,96.511793,0.914671,"[0.927432, 18.032035]","[-1.935229, 18.358791]","[""36f034dc-17ec-4e9d-9ec0-e8b0139201c8::ceiling-raw::0:1:0"", ""36f034dc-17ec-4e9d-9ec0-e8b0139201c8::ceiling-raw::0:2:0""]"
36f034dc-17ec-4e9d-9ec0-e8b0139201c8,0,36f034dc-17ec-4e9d-9ec0-e8b0139201c8::eave-chain::0:8,1,1.788962,6.460798,0.9537,"[0.2592, 5.1682]","[0.4605, 6.9458]","[""36f034dc-17ec-4e9d-9ec0-e8b0139201c8::ceiling-raw::0:5:0""]"
36f034dc-17ec-4e9d-9ec0-e8b0139201c8,0,36f034dc-17ec-4e9d-9ec0-e8b0139201c8::eave-chain::0:9,2,6.98304,96.89074,0.9537,"[0.4605, 6.9458]","[-3.0058, 7.3647]","[""36f034dc-17ec-4e9d-9ec0-e8b0139201c8::ceiling-raw::0:5:0"", ""36f034dc-17ec-4e9d-9ec0-e8b0139201c8::ceiling-raw::0:5:1""]"
36f034dc-17ec-4e9d-9ec0-e8b0139201c8,0,36f034dc-17ec-4e9d-9ec0-e8b0139201c8::eave-chain::0:10,2,7.342728,97.1099,0.962826,"[3.630452, 4.699215]","[-3.211162, 5.552584]","[""36f034dc-17ec-4e9d-9ec0-e8b0139201c8::ceiling-raw::0:5:0"", ""36f034dc-17ec-4e9d-9ec0-e8b0139201c8::ceiling-raw::0:7:4""]"
36f034dc-17ec-4e9d-9ec0-e8b0139201c8,0,36f034dc-17ec-4e9d-9ec0-e8b0139201c8::eave-chain::0:11,2,6.788655,97.002696,0.978327,"[4.431931, 11.999877]","[-2.386066, 12.837347]","[""36f034dc-17ec-4e9d-9ec0-e8b0139201c8::ceiling-raw::0:5:1"", ""36f034dc-17ec-4e9d-9ec0-e8b0139201c8::ceiling-raw::0:6:0""]"
36f034dc-17ec-4e9d-9ec0-e8b0139201c8,0,36f034dc-17ec-4e9d-9ec0-e8b0139201c8::eave-chain::0:12,1,2.244101,96.516975,1.0282,"[1.616, 7.1221]","[3.8456, 6.8674]","[""36f034dc-17ec-4e9d-9ec0-e8b0139201c8::ceiling-raw::0:6:0""]"
36f034dc-17ec-4e9d-9ec0-e8b0139201c8,0,36f034dc-17ec-4e9d-9ec0-e8b0139201c8::eave-chain::0:13,2,5.304315,6.862319,0.912187,"[3.147244, 0.459017]","[3.870191, 6.466256]","[""36f034dc-17ec-4e9d-9ec0-e8b0139201c8::ceiling-raw::0:7:1"", ""36f034dc-17ec-4e9d-9ec0-e8b0139201c8::ceiling-raw::0:7:4""]"
36f034dc-17ec-4e9d-9ec0-e8b0139201c8,0,36f034dc-17ec-4e9d-9ec0-e8b0139201c8::eave-chain::0:14,1,4.25619,6.419874,0.9711,"[-0.1979, 5.1184]","[-0.6738, 0.8889]","[""36f034dc-17ec-4e9d-9ec0-e8b0139201c8::ceiling-raw::0:7:4""]"
36f034dc-17ec-4e9d-9ec0-e8b0139201c8,0,36f034dc-17ec-4e9d-9ec0-e8b0139201c8::eave-chain::0:15,3,11.182281,96.422382,0.940418,"[3.571038, 0.314855]","[-3.886134, 1.154261]","[""36f034dc-17ec-4e9d-9ec0-e8b0139201c8::ceiling-raw::0:7:4"", ""36f034dc-17ec-4e9d-9ec0-e8b0139201c8::ceiling-raw::0:8:0""]"
36f034dc-17ec-4e9d-9ec0-e8b0139201c8,0,36f034dc-17ec-4e9d-9ec0-e8b0139201c8::eave-chain::0:16,1,7.962426,6.51541,0.9243,"[-3.889, 1.1288]","[-4.7925, -6.7822]","[""36f034dc-17ec-4e9d-9ec0-e8b0139201c8::ceiling-raw::0:8:0""]"
36f034dc-17ec-4e9d-9ec0-e8b0139201c8,0,36f034dc-17ec-4e9d-9ec0-e8b0139201c8::eave-chain::0:17,3,7.504941,96.621726,0.9243,"[-4.792436, -6.781648]","[2.661825, -7.647]","[""36f034dc-17ec-4e9d-9ec0-e8b0139201c8::ceiling-raw::0:8:0""]"
36f034dc-17ec-4e9d-9ec0-e8b0139201c8,0,36f034dc-17ec-4e9d-9ec0-e8b0139201c8::eave-chain::0:18,1,7.948137,6.515566,0.9243,"[2.6615, -7.6498]","[3.5634, 0.247]","[""36f034dc-17ec-4e9d-9ec0-e8b0139201c8::ceiling-raw::0:8:0""]"
37e9355f-29a7-4303-abae-240c55df13e4,0,37e9355f-29a7-4303-abae-240c55df13e4::eave-chain::0:0,2,6.015595,178.517351,1.089551,"[2.486966, -10.272994]","[2.565078, -13.290905]","[""37e9355f-29a7-4303-abae-240c55df13e4::ceiling-raw::0:0:0"", ""37e9355f-29a7-4303-abae-240c55df13e4::ceiling-raw::0:2:0""]"
37e9355f-29a7-4303-abae-240c55df13e4,0,37e9355f-29a7-4303-abae-240c55df13e4::eave-chain::0:1,2,6.939499,88.678823,1.089887,"[-1.005405, -13.364003]","[6.033501, -13.201664]","[""37e9355f-29a7-4303-abae-240c55df13e4::ceiling-raw::0:0:0"", ""37e9355f-29a7-4303-abae-240c55df13e4::ceiling-raw::0:2:0""]"
37e9355f-29a7-4303-abae-240c55df13e4,0,37e9355f-29a7-4303-abae-240c55df13e4::eave-chain::0:2,1,6.512657,178.525359,1.0699,"[6.0335, -13.2016]","[5.8659, -6.6911]","[""37e9355f-29a7-4303-abae-240c55df13e4::ceiling-raw::0:0:0""]"
37e9355f-29a7-4303-abae-240c55df13e4,0,37e9355f-29a7-4303-abae-240c55df13e4::eave-chain::0:3,2,4.982849,89.37399,1.103048,"[2.436174, -10.244465]","[-1.083496, -10.282923]","[""37e9355f-29a7-4303-abae-240c55df13e4::ceiling-raw::0:2:0"", ""37e9355f-29a7-4303-abae-240c55df13e4::ceiling-raw::0:3:1""]"
37e9355f-29a7-4303-abae-240c55df13e4,0,37e9355f-29a7-4303-abae-240c55df13e4::eave-chain::0:4,6,13.192529,179.989008,1.116847,"[-1.112138, 0.620774]","[-1.109455, -13.36422]","[""37e9355f-29a7-4303-abae-240c55df13e4::ceiling-raw::0:11:0"", ""37e9355f-29a7-4303-abae-240c55df13e4::ceiling-raw::0:2:0"", ""37e9355f-29a7-4303-abae-240c55df13e4::ceiling-raw::0:3:0"", ""37e9355f-29a7-4303-abae-240c55df13e4::ceiling-raw::0:3:1"", ""37e9355f-29a7-4303-abae-240c55df13e4::ceiling-raw::0:4:0"", ""37e9355f-29a7-4303-abae-240c55df13e4::ceiling-raw::0:5:0""]"
37e9355f-29a7-4303-abae-240c55df13e4,0,37e9355f-29a7-4303-abae-240c55df13e4::eave-chain::0:5,2,3.217963,88.638281,1.090673,"[-1.261294, -8.177461]","[0.493487, -8.135748]","[""37e9355f-29a7-4303-abae-240c55df13e4::ceiling-raw::0:3:0"", ""37e9355f-29a7-4303-abae-240c55df13e4::ceiling-raw::0:3:1""]"
37e9355f-29a7-4303-abae-240c55df13e4,0,37e9355f-29a7-4303-abae-240c55df13e4::eave-chain::0:6,2,10.180479,87.989087,1.113859,"[-1.296132, -6.83672]","[5.952058, -6.582226]","[""37e9355f-29a7-4303-abae-240c55df13e4::ceiling-raw::0:3:0"", ""37e9355f-29a7-4303-abae-240c55df13e4::ceiling-raw::0:4:0""]"
37e9355f-29a7-4303-abae-240c55df13e4,0,37e9355f-29a7-4303-abae-240c55df13e4::eave-chain::0:7,2,5.068317,88.452409,1.107351,"[1.35932, -2.580463]","[-1.219539, -2.650136]","[""37e9355f-29a7-4303-abae-240c55df13e4::ceiling-raw::0:4:0"", ""37e9355f-29a7-4303-abae-240c55df13e4::ceiling-raw::0:5:0""]"
37e9355f-29a7-4303-abae-240c55df13e4,0,37e9355f-29a7-4303-abae-240c55df13e4::eave-chain::0:8,2,4.054842,89.324225,1.142919,"[1.311242, -0.653279]","[-1.198471, -0.682881]","[""37e9355f-29a7-4303-abae-240c55df13e4::ceiling-raw::0:11:0"", ""37e9355f-29a7-4303-abae-240c55df13e4::ceiling-raw::0:5:0""]"
37e9355f-29a7-4303-abae-240c55df13e4,0,37e9355f-29a7-4303-abae-240c55df13e4::eave-chain::0:9,2,5.965878,88.561383,1.160402,"[5.850636, -1.593304]","[2.820564, -1.669401]","[""37e9355f-29a7-4303-abae-240c55df13e4::ceiling-raw::0:6:0"", ""37e9355f-29a7-4303-abae-240c55df13e4::ceiling-raw::0:7:0""]"
37e9355f-29a7-4303-abae-240c55df13e4,0,37e9355f-29a7-4303-abae-240c55df13e4::eave-chain::0:10,4,10.08204,175.139527,1.134517,"[5.706584, 0.89955]","[6.473516, -8.119432]","[""37e9355f-29a7-4303-abae-240c55df13e4::ceiling-raw::0:6:0"", ""37e9355f-29a7-4303-abae-240c55df13e4::ceiling-raw::0:7:0"", ""37e9355f-29a7-4303-abae-240c55df13e4::ceiling-raw::0:9:0"", ""37e9355f-29a7-4303-abae-240c55df13e4::ceiling-raw::0:9:1""]"
37e9355f-29a7-4303-abae-240c55df13e4,0,37e9355f-29a7-4303-abae-240c55df13e4::eave-chain::0:11,3,6.564876,87.519159,1.189751,"[5.710389, 0.907089]","[-0.975553, 0.617414]","[""37e9355f-29a7-4303-abae-240c55df13e4::ceiling-raw::0:11:0"", ""37e9355f-29a7-4303-abae-240c55df13e4::ceiling-raw::0:7:0"", ""37e9355f-29a7-4303-abae-240c55df13e4::ceiling-raw::0:8:0""]"
37e9355f-29a7-4303-abae-240c55df13e4,0,37e9355f-29a7-4303-abae-240c55df13e4::eave-chain::0:12,2,3.817963,177.894279,1.178129,"[2.695507, 0.821561]","[2.784998, -1.612354]","[""37e9355f-29a7-4303-abae-240c55df13e4::ceiling-raw::0:7:0"", ""37e9355f-29a7-4303-abae-240c55df13e4::ceiling-raw::0:8:0""]"
37e9355f-29a7-4303-abae-240c55df13e4,0,37e9355f-29a7-4303-abae-240c55df13e4::eave-chain::0:13,2,2.561548,178.46346,1.202085,"[0.580152, 0.694626]","[0.617216, -0.687135]","[""37e9355f-29a7-4303-abae-240c55df13e4::ceiling-raw::0:11:0"", ""37e9355f-29a7-4303-abae-240c55df13e4::ceiling-raw::0:8:0""]"
37e9355f-29a7-4303-abae-240c55df13e4,0,37e9355f-29a7-4303-abae-240c55df13e4::eave-chain::0:14,1,1.443477,178.527231,0.869,"[9.5935, -8.044]","[9.5564, -6.601]","[""37e9355f-29a7-4303-abae-240c55df13e4::ceiling-raw::0:9:1""]"
37e9355f-29a7-4303-abae-240c55df13e4,0,37e9355f-29a7-4303-abae-240c55df13e4::eave-chain::0:15,1,3.204262,88.524645,1.1104,"[9.4586, -2.8014]","[6.2554, -2.8839]","[""37e9355f-29a7-4303-abae-240c55df13e4::ceiling-raw::0:9:3""]"
37e9355f-29a7-4303-abae-240c55df13e4,0,37e9355f-29a7-4303-abae-240c55df13e4::eave-chain::0:16,1,5.396447,135.531544,0.7965,"[9.7168, -2.6583]","[5.9365, 1.1928]","[""37e9355f-29a7-4303-abae-240c55df13e4::ceiling-raw::0:10:1""]"
38158927-652c-4d01-9aa3-770956648d85,0,38158927-652c-4d01-9aa3-770956648d85::eave-chain::0:0,1,3.018267,141.456702,-1.5905,"[-4.1135, 1.6032]","[-2.2328, -0.7575]","[""38158927-652c-4d01-9aa3-770956648d85::ceiling-raw::0:4:0""]"
38158927-652c-4d01-9aa3-770956648d85,0,38158927-652c-4d01-9aa3-770956648d85::eave-chain::0:1,1,2.762079,51.455846,-1.5905,"[-2.2328, -0.7575]","[-0.0725, 0.9636]","[""38158927-652c-4d01-9aa3-770956648d85::ceiling-raw::0:4:0""]"
38158927-652c-4d01-9aa3-770956648d85,0,38158927-652c-4d01-9aa3-770956648d85::eave-chain::0:2,1,3.431863,141.457001,-1.5905,"[0.5914, 0.097]","[2.7298, -2.5872]","[""38158927-652c-4d01-9aa3-770956648d85::ceiling-raw::0:4:0""]"
38158927-652c-4d01-9aa3-770956648d85,0,38158927-652c-4d01-9aa3-770956648d85::eave-chain::0:3,1,4.150967,51.458322,-1.5905,"[2.7298, -2.5872]","[5.9765, -0.0008]","[""38158927-652c-4d01-9aa3-770956648d85::ceiling-raw::0:4:0""]"
38158927-652c-4d01-9aa3-770956648d85,0,38158927-652c-4d01-9aa3-770956648d85::eave-chain::0:4,1,7.541615,141.456943,-1.5905,"[5.9765, -0.0008]","[1.2773, 5.8978]","[""38158927-652c-4d01-9aa3-770956648d85::ceiling-raw::0:4:0""]"
38158927-652c-4d01-9aa3-770956648d85,0,38158927-652c-4d01-9aa3-770956648d85::eave-chain::0:5,1,6.892337,51.457296,-1.5905,"[1.2773, 5.8978]","[-4.1135, 1.6032]","[""38158927-652c-4d01-9aa3-770956648d85::ceiling-raw::0:4:0""]"
38158927-652c-4d01-9aa3-770956648d85,1,38158927-652c-4d01-9aa3-770956648d85::eave-chain::1:0,2,6.778302,51.804756,1.064989,"[-2.335868, -0.719587]","[3.073848, 3.536712]","[""38158927-652c-4d01-9aa3-770956648d85::ceiling-raw::1:5:0"", ""38158927-652c-4d01-9aa3-770956648d85::ceiling-raw::1:6:0""]"
38158927-652c-4d01-9aa3-770956648d85,1,38158927-652c-4d01-9aa3-770956648d85::eave-chain::1:1,2,5.939129,141.495675,1.065001,"[-1.48415, 3.74984]","[0.385379, 1.399884]","[""38158927-652c-4d01-9aa3-770956648d85::ceiling-raw::1:5:0"", ""38158927-652c-4d01-9aa3-770956648d85::ceiling-raw::1:6:0""]"
38158927-652c-4d01-9aa3-770956648d85,1,38158927-652c-4d01-9aa3-770956648d85::eave-chain::1:2,2,6.778145,51.793432,1.064989,"[1.225543, 5.861819]","[-4.183262, 1.604505]","[""38158927-652c-4d01-9aa3-770956648d85::ceiling-raw::1:5:0"", ""38158927-652c-4d01-9aa3-770956648d85::ceiling-raw::1:6:0""]"
38158927-652c-4d01-9aa3-770956648d85,1,38158927-652c-4d01-9aa3-770956648d85::eave-chain::1:3,1,2.968893,141.519221,1.0597,"[-4.1831, 1.6043]","[-2.3357, -0.7198]","[""38158927-652c-4d01-9aa3-770956648d85::ceiling-raw::1:5:0""]"
38158927-652c-4d01-9aa3-770956648d85,1,38158927-652c-4d01-9aa3-770956648d85::eave-chain::1:4,1,2.970236,141.517633,1.0703,"[3.0737, 3.5369]","[1.2254, 5.862]","[""38158927-652c-4d01-9aa3-770956648d85::ceiling-raw::1:6:0""]"
38158927-652c-4d01-9aa3-770956648d85,1,38158927-652c-4d01-9aa3-770956648d85::eave-chain::1:5,1,2.335557,51.685008,-0.63155,"[3.5896, -0.9027]","[5.4221, 0.5453]","[""38158927-652c-4d01-9aa3-770956648d85::ceiling-raw::1:7:0""]"
38158927-652c-4d01-9aa3-770956648d85,1,38158927-652c-4d01-9aa3-770956648d85::eave-chain::1:6,2,6.818068,51.576677,1.448732,"[3.120279, 3.440956]","[-2.261263, -0.827969]","[""38158927-652c-4d01-9aa3-770956648d85::ceiling-raw::1:7:1"", ""38158927-652c-4d01-9aa3-770956648d85::ceiling-raw::1:9:1""]"
38158927-652c-4d01-9aa3-770956648d85,1,38158927-652c-4d01-9aa3-770956648d85::eave-chain::1:7,1,2.848748,141.517662,1.0012,"[-0.3946, -0.7822]","[1.3781, -3.0122]","[""38158927-652c-4d01-9aa3-770956648d85::ceiling-raw::1:8:0""]"
38158927-652c-4d01-9aa3-770956648d85,1,38158927-652c-4d01-9aa3-770956648d85::eave-chain::1:8,1,2.95187,51.516919,1.0012,"[1.3781, -3.0122]","[3.6888, -1.1753]","[""38158927-652c-4d01-9aa3-770956648d85::ceiling-raw::1:8:0""]"
38158927-652c-4d01-9aa3-770956648d85,1,38158927-652c-4d01-9aa3-770956648d85::eave-chain::1:9,2,2.77771,50.674287,1.628525,"[-0.525427, -0.781431]","[-1.599267, -1.661164]","[""38158927-652c-4d01-9aa3-770956648d85::ceiling-raw::1:9:0"", ""38158927-652c-4d01-9aa3-770956648d85::ceiling-raw::1:9:2""]"
38158927-652c-4d01-9aa3-770956648d85,1,38158927-652c-4d01-9aa3-770956648d85::eave-chain::1:10,1,1.387255,52.224642,-0.2223,"[-0.2976, -3.2979]","[0.7988, -2.4482]","[""38158927-652c-4d01-9aa3-770956648d85::ceiling-raw::1:9:2""]"
38f71f1d-2c71-4fcd-9997-83b2914416b0,0,38f71f1d-2c71-4fcd-9997-83b2914416b0::eave-chain::0:0,2,8.071202,175.365318,-1.931173,"[-0.073573, 4.066703]","[0.254888, 0.015]","[""38f71f1d-2c71-4fcd-9997-83b2914416b0::ceiling-raw::0:2:0"", ""38f71f1d-2c71-4fcd-9997-83b2914416b0::ceiling-raw::0:3:0""]"
38f71f1d-2c71-4fcd-9997-83b2914416b0,0,38f71f1d-2c71-4fcd-9997-83b2914416b0::eave-chain::0:1,2,13.406456,85.230926,-1.921307,"[8.432965, 4.758116]","[-5.015908, 3.636092]","[""38f71f1d-2c71-4fcd-9997-83b2914416b0::ceiling-raw::0:2:0"", ""38f71f1d-2c71-4fcd-9997-83b2914416b0::ceiling-raw::0:3:0""]"
38f71f1d-2c71-4fcd-9997-83b2914416b0,0,38f71f1d-2c71-4fcd-9997-83b2914416b0::eave-chain::0:2,1,4.720242,175.364177,-1.9695,"[-5.0157, 3.6336]","[-4.6342, -1.0712]","[""38f71f1d-2c71-4fcd-9997-83b2914416b0::ceiling-raw::0:2:0""]"
38f71f1d-2c71-4fcd-9997-83b2914416b0,0,38f71f1d-2c71-4fcd-9997-83b2914416b0::eave-chain::0:3,1,2.88965,85.365124,-1.9695,"[-4.6342, -1.0712]","[-1.754, -0.8377]","[""38f71f1d-2c71-4fcd-9997-83b2914416b0::ceiling-raw::0:2:0""]"
38f71f1d-2c71-4fcd-9997-83b2914416b0,0,38f71f1d-2c71-4fcd-9997-83b2914416b0::eave-chain::0:4,1,8.490076,85.364082,-1.8934,"[0.2993, 0.0186]","[8.7616, 0.7048]","[""38f71f1d-2c71-4fcd-9997-83b2914416b0::ceiling-raw::0:3:0""]"
38f71f1d-2c71-4fcd-9997-83b2914416b0,0,38f71f1d-2c71-4fcd-9997-83b2914416b0::eave-chain::0:5,1,4.064995,175.364764,-1.8934,"[8.7616, 0.7048]","[8.4331, 4.7565]","[""38f71f1d-2c71-4fcd-9997-83b2914416b0::ceiling-raw::0:3:0""]"
38f71f1d-2c71-4fcd-9997-83b2914416b0,0,38f71f1d-2c71-4fcd-9997-83b2914416b0::eave-chain::0:6,2,2.163174,179.616814,-1.8645,"[6.407818, -3.450327]","[6.393287, -1.277649]","[""38f71f1d-2c71-4fcd-9997-83b2914416b0::ceiling-raw::0:5:0""]"
38f71f1d-2c71-4fcd-9997-83b2914416b0,0,38f71f1d-2c71-4fcd-9997-83b2914416b0::eave-chain::0:7,2,1.405905,77.772296,-1.8645,"[5.161862, -3.559784]","[6.55325, -3.258251]","[""38f71f1d-2c71-4fcd-9997-83b2914416b0::ceiling-raw::0:5:0""]"
38f71f1d-2c71-4fcd-9997-83b2914416b0,0,38f71f1d-2c71-4fcd-9997-83b2914416b0::eave-chain::0:8,1,2.163274,175.36525,-1.8645,"[4.9844, -1.3913]","[5.1592, -3.5475]","[""38f71f1d-2c71-4fcd-9997-83b2914416b0::ceiling-raw::0:5:0""]"
38f71f1d-2c71-4fcd-9997-83b2914416b0,1,38f71f1d-2c71-4fcd-9997-83b2914416b0::eave-chain::1:0,2,3.895426,175.752825,0.690573,"[9.097008, -1.644603]","[8.754072, 2.973242]","[""38f71f1d-2c71-4fcd-9997-83b2914416b0::ceiling-raw::1:6:0"", ""38f71f1d-2c71-4fcd-9997-83b2914416b0::ceiling-raw::1:7:0""]"
38f71f1d-2c71-4fcd-9997-83b2914416b0,1,38f71f1d-2c71-4fcd-9997-83b2914416b0::eave-chain::1:1,1,4.518823,85.533611,0.6648,"[8.9301, 0.5104]","[4.425, 0.1585]","[""38f71f1d-2c71-4fcd-9997-83b2914416b0::ceiling-raw::1:6:0""]"
38f71f1d-2c71-4fcd-9997-83b2914416b0,1,38f71f1d-2c71-4fcd-9997-83b2914416b0::eave-chain::1:2,4,13.565164,85.976105,-0.471382,"[-4.504672, -3.657394]","[9.180669, -2.694686]","[""38f71f1d-2c71-4fcd-9997-83b2914416b0::ceiling-raw::1:10:1"", ""38f71f1d-2c71-4fcd-9997-83b2914416b0::ceiling-raw::1:11:2"", ""38f71f1d-2c71-4fcd-9997-83b2914416b0::ceiling-raw::1:6:1"", ""38f71f1d-2c71-4fcd-9997-83b2914416b0::ceiling-raw::1:8:2""]"
38f71f1d-2c71-4fcd-9997-83b2914416b0,1,38f71f1d-2c71-4fcd-9997-83b2914416b0::eave-chain::1:3,1,3.402834,85.533497,0.7227,"[5.496, 0.9795]","[8.8885, 1.2445]","[""38f71f1d-2c71-4fcd-9997-83b2914416b0::ceiling-raw::1:7:0""]"
38f71f1d-2c71-4fcd-9997-83b2914416b0,1,38f71f1d-2c71-4fcd-9997-83b2914416b0::eave-chain::1:4,1,4.250607,85.533786,-0.3427,"[8.6836, 3.8674]","[4.4459, 3.5364]","[""38f71f1d-2c71-4fcd-9997-83b2914416b0::ceiling-raw::1:7:2""]"
3a034c99-8986-4749-aedb-0a5a04ea803f,1,3a034c99-8986-4749-aedb-0a5a04ea803f::eave-chain::1:0,2,4.477756,127.376196,3.338805,"[3.150843, 4.85748]","[-0.478365, 7.629831]","[""3a034c99-8986-4749-aedb-0a5a04ea803f::ceiling-raw::1:0:0"", ""3a034c99-8986-4749-aedb-0a5a04ea803f::ceiling-raw::1:2:0""]"
3a034c99-8986-4749-aedb-0a5a04ea803f,1,3a034c99-8986-4749-aedb-0a5a04ea803f::eave-chain::1:1,2,7.081485,37.016175,3.34437,"[-0.569704, 3.245086]","[1.570436, 6.083481]","[""3a034c99-8986-4749-aedb-0a5a04ea803f::ceiling-raw::1:0:0"", ""3a034c99-8986-4749-aedb-0a5a04ea803f::ceiling-raw::1:2:0""]"
3a034c99-8986-4749-aedb-0a5a04ea803f,1,3a034c99-8986-4749-aedb-0a5a04ea803f::eave-chain::1:2,2,6.787111,37.400019,1.826812,"[-1.734337, 8.575664]","[-5.886732, 3.14456]","[""3a034c99-8986-4749-aedb-0a5a04ea803f::ceiling-raw::1:0:1"", ""3a034c99-8986-4749-aedb-0a5a04ea803f::ceiling-raw::1:1:1""]"
3a034c99-8986-4749-aedb-0a5a04ea803f,1,3a034c99-8986-4749-aedb-0a5a04ea803f::eave-chain::1:3,3,4.439915,127.246444,3.385481,"[-4.633344, 2.201026]","[-0.98457, -0.573209]","[""3a034c99-8986-4749-aedb-0a5a04ea803f::ceiling-raw::1:1:0"", ""3a034c99-8986-4749-aedb-0a5a04ea803f::ceiling-raw::1:3:0"", ""3a034c99-8986-4749-aedb-0a5a04ea803f::ceiling-raw::1:4:0""]"
3a034c99-8986-4749-aedb-0a5a04ea803f,1,3a034c99-8986-4749-aedb-0a5a04ea803f::eave-chain::1:4,2,6.488723,37.02233,3.378817,"[-1.501793, 3.907088]","[-3.462528, 1.307214]","[""3a034c99-8986-4749-aedb-0a5a04ea803f::ceiling-raw::1:1:0"", ""3a034c99-8986-4749-aedb-0a5a04ea803f::ceiling-raw::1:4:0""]"
3a034c99-8986-4749-aedb-0a5a04ea803f,1,3a034c99-8986-4749-aedb-0a5a04ea803f::eave-chain::1:5,2,6.743036,37.573489,1.876629,"[0.263199, -1.515946]","[4.426075, 3.894835]","[""3a034c99-8986-4749-aedb-0a5a04ea803f::ceiling-raw::1:2:1"", ""3a034c99-8986-4749-aedb-0a5a04ea803f::ceiling-raw::1:3:1""]"
3a034c99-8986-4749-aedb-0a5a04ea803f,1,3a034c99-8986-4749-aedb-0a5a04ea803f::eave-chain::1:6,2,6.472723,37.006549,3.399303,"[-1.662148, -0.063985]","[0.30433, 2.544998]","[""3a034c99-8986-4749-aedb-0a5a04ea803f::ceiling-raw::1:3:0"", ""3a034c99-8986-4749-aedb-0a5a04ea803f::ceiling-raw::1:4:0""]"
3a576e1b-4b3e-4f5d-8c20-b39b157fcf03,1,3a576e1b-4b3e-4f5d-8c20-b39b157fcf03::eave-chain::1:0,1,1.865463,114.977,2.8097,"[2.444, -1.9022]","[4.135, -2.6899]","[""3a576e1b-4b3e-4f5d-8c20-b39b157fcf03::ceiling-raw::1:4:0""]"
3a576e1b-4b3e-4f5d-8c20-b39b157fcf03,1,3a576e1b-4b3e-4f5d-8c20-b39b157fcf03::eave-chain::1:1,1,5.137492,27.386527,2.8097,"[4.135, -2.6899]","[6.4982, 1.8718]","[""3a576e1b-4b3e-4f5d-8c20-b39b157fcf03::ceiling-raw::1:4:0""]"
3a576e1b-4b3e-4f5d-8c20-b39b157fcf03,1,3a576e1b-4b3e-4f5d-8c20-b39b157fcf03::eave-chain::1:2,2,6.716972,117.033244,2.801033,"[6.499523, 1.874392]","[0.474802, 4.948545]","[""3a576e1b-4b3e-4f5d-8c20-b39b157fcf03::ceiling-raw::1:4:0"", ""3a576e1b-4b3e-4f5d-8c20-b39b157fcf03::ceiling-raw::1:5:0""]"
3a576e1b-4b3e-4f5d-8c20-b39b157fcf03,1,3a576e1b-4b3e-4f5d-8c20-b39b157fcf03::eave-chain::1:3,2,5.333065,27.39088,2.799143,"[1.835812, 0.963666]","[3.193463, 3.58386]","[""3a576e1b-4b3e-4f5d-8c20-b39b157fcf03::ceiling-raw::1:4:0"", ""3a576e1b-4b3e-4f5d-8c20-b39b157fcf03::ceiling-raw::1:5:0""]"
3a576e1b-4b3e-4f5d-8c20-b39b157fcf03,1,3a576e1b-4b3e-4f5d-8c20-b39b157fcf03::eave-chain::1:4,1,6.024732,27.231093,2.7904,"[0.4733, 4.9456]","[-2.2835, -0.4114]","[""3a576e1b-4b3e-4f5d-8c20-b39b157fcf03::ceiling-raw::1:5:0""]"
3a576e1b-4b3e-4f5d-8c20-b39b157fcf03,1,3a576e1b-4b3e-4f5d-8c20-b39b157fcf03::eave-chain::1:5,1,3.370198,117.341336,2.7904,"[-2.2835, -0.4114]","[0.7102, -1.9593]","[""3a576e1b-4b3e-4f5d-8c20-b39b157fcf03::ceiling-raw::1:5:0""]"
3a576e1b-4b3e-4f5d-8c20-b39b157fcf03,2,3a576e1b-4b3e-4f5d-8c20-b39b157fcf03::eave-chain::2:0,1,3.375035,27.587756,4.96805,"[-1.065, -2.2263]","[-2.628, -5.2176]","[""3a576e1b-4b3e-4f5d-8c20-b39b157fcf03::ceiling-raw::2:0:3""]"
3a576e1b-4b3e-4f5d-8c20-b39b157fcf03,2,3a576e1b-4b3e-4f5d-8c20-b39b157fcf03::eave-chain::2:1,1,3.375097,27.420692,5.30555,"[-2.2539, -5.4135]","[-0.6996, -2.4176]","[""3a576e1b-4b3e-4f5d-8c20-b39b157fcf03::ceiling-raw::2:0:3""]"
3a576e1b-4b3e-4f5d-8c20-b39b157fcf03,2,3a576e1b-4b3e-4f5d-8c20-b39b157fcf03::eave-chain::2:2,1,1.325685,27.639777,5.3057,"[0.2385, -5.2224]","[-0.3765, -6.3968]","[""3a576e1b-4b3e-4f5d-8c20-b39b157fcf03::ceiling-raw::2:0:5""]"
3a576e1b-4b3e-4f5d-8c20-b39b157fcf03,2,3a576e1b-4b3e-4f5d-8c20-b39b157fcf03::eave-chain::2:3,1,2.392569,26.79105,3.8258,"[2.9265, -3.2193]","[4.0048, -1.0838]","[""3a576e1b-4b3e-4f5d-8c20-b39b157fcf03::ceiling-raw::2:2:3""]"
3a576e1b-4b3e-4f5d-8c20-b39b157fcf03,2,3a576e1b-4b3e-4f5d-8c20-b39b157fcf03::eave-chain::2:4,1,1.415234,27.642389,5.2884,"[4.3442, 2.9119]","[3.6876, 1.6582]","[""3a576e1b-4b3e-4f5d-8c20-b39b157fcf03::ceiling-raw::2:3:3""]"
3a576e1b-4b3e-4f5d-8c20-b39b157fcf03,2,3a576e1b-4b3e-4f5d-8c20-b39b157fcf03::eave-chain::2:5,1,1.41528,27.645975,3.8638,"[5.0442, 0.9477]","[5.7009, 2.2014]","[""3a576e1b-4b3e-4f5d-8c20-b39b157fcf03::ceiling-raw::2:3:3""]"
3a576e1b-4b3e-4f5d-8c20-b39b157fcf03,2,3a576e1b-4b3e-4f5d-8c20-b39b157fcf03::eave-chain::2:6,1,2.989285,28.011265,5.28905,"[1.0851, 1.2445]","[2.489, 3.8836]","[""3a576e1b-4b3e-4f5d-8c20-b39b157fcf03::ceiling-raw::2:3:4""]"
3a576e1b-4b3e-4f5d-8c20-b39b157fcf03,2,3a576e1b-4b3e-4f5d-8c20-b39b157fcf03::eave-chain::2:7,1,2.989121,27.76354,3.8632,"[1.2178, 4.5493]","[-0.1746, 1.9043]","[""3a576e1b-4b3e-4f5d-8c20-b39b157fcf03::ceiling-raw::2:3:4""]"
3c74f488-a562-4bc4-9d7a-3f707fe85133,0,3c74f488-a562-4bc4-9d7a-3f707fe85133::eave-chain::0:0,3,6.158469,25.012414,0.8347,"[-6.113389, -4.526305]","[-4.46117, -0.985114]","[""3c74f488-a562-4bc4-9d7a-3f707fe85133::ceiling-raw::0:13:2"", ""3c74f488-a562-4bc4-9d7a-3f707fe85133::ceiling-raw::0:13:6"", ""3c74f488-a562-4bc4-9d7a-3f707fe85133::ceiling-raw::0:13:8""]"
3c74f488-a562-4bc4-9d7a-3f707fe85133,0,3c74f488-a562-4bc4-9d7a-3f707fe85133::eave-chain::0:1,1,2.8676,45.567966,0.8347,"[-2.4135, 1.0224]","[-4.4612, -0.9851]","[""3c74f488-a562-4bc4-9d7a-3f707fe85133::ceiling-raw::0:13:3""]"
3c74f488-a562-4bc4-9d7a-3f707fe85133,0,3c74f488-a562-4bc4-9d7a-3f707fe85133::eave-chain::0:2,1,0.576146,135.864962,0.8347,"[-5.1617, -2.4866]","[-5.5629, -2.0731]","[""3c74f488-a562-4bc4-9d7a-3f707fe85133::ceiling-raw::0:13:6""]"
3c74f488-a562-4bc4-9d7a-3f707fe85133,0,3c74f488-a562-4bc4-9d7a-3f707fe85133::eave-chain::0:3,1,2.110535,45.568217,0.8347,"[-5.5629, -2.0731]","[-7.07, -3.5506]","[""3c74f488-a562-4bc4-9d7a-3f707fe85133::ceiling-raw::0:13:6""]"
3c74f488-a562-4bc4-9d7a-3f707fe85133,0,3c74f488-a562-4bc4-9d7a-3f707fe85133::eave-chain::0:4,5,8.737622,134.820932,0.838118,"[-7.082899, -3.563579]","[-0.886191, -9.721674]","[""3c74f488-a562-4bc4-9d7a-3f707fe85133::ceiling-raw::0:13:11"", ""3c74f488-a562-4bc4-9d7a-3f707fe85133::ceiling-raw::0:13:12"", ""3c74f488-a562-4bc4-9d7a-3f707fe85133::ceiling-raw::0:13:17"", ""3c74f488-a562-4bc4-9d7a-3f707fe85133::ceiling-raw::0:13:6"", ""3c74f488-a562-4bc4-9d7a-3f707fe85133::ceiling-raw::0:13:7""]"
3c74f488-a562-4bc4-9d7a-3f707fe85133,0,3c74f488-a562-4bc4-9d7a-3f707fe85133::eave-chain::0:5,3,5.717207,47.623231,0.8347,"[-5.751729, -4.880087]","[-3.076527, -2.43928]","[""3c74f488-a562-4bc4-9d7a-3f707fe85133::ceiling-raw::0:13:17"", ""3c74f488-a562-4bc4-9d7a-3f707fe85133::ceiling-raw::0:13:7""]"
3c74f488-a562-4bc4-9d7a-3f707fe85133,0,3c74f488-a562-4bc4-9d7a-3f707fe85133::eave-chain::0:6,1,2.168586,59.98148,0.8347,"[-4.2357, -3.4414]","[-6.1134, -4.5263]","[""3c74f488-a562-4bc4-9d7a-3f707fe85133::ceiling-raw::0:13:7""]"
3c74f488-a562-4bc4-9d7a-3f707fe85133,0,3c74f488-a562-4bc4-9d7a-3f707fe85133::eave-chain::0:7,2,5.713913,32.634358,0.853553,"[-2.507533, -8.073435]","[-0.957055, -5.652221]","[""3c74f488-a562-4bc4-9d7a-3f707fe85133::ceiling-raw::0:13:11"", ""3c74f488-a562-4bc4-9d7a-3f707fe85133::ceiling-raw::0:13:12""]"
3c74f488-a562-4bc4-9d7a-3f707fe85133,0,3c74f488-a562-4bc4-9d7a-3f707fe85133::eave-chain::0:8,3,8.73556,45.338162,0.8347,"[-0.887557, -9.72596]","[5.32563, -3.585684]","[""3c74f488-a562-4bc4-9d7a-3f707fe85133::ceiling-raw::0:13:11"", ""3c74f488-a562-4bc4-9d7a-3f707fe85133::ceiling-raw::0:13:16"", ""3c74f488-a562-4bc4-9d7a-3f707fe85133::ceiling-raw::0:13:31""]"
3c74f488-a562-4bc4-9d7a-3f707fe85133,0,3c74f488-a562-4bc4-9d7a-3f707fe85133::eave-chain::0:9,2,5.718517,134.940488,0.8347,"[1.1219, -7.7537]","[-0.902, -5.734]","[""3c74f488-a562-4bc4-9d7a-3f707fe85133::ceiling-raw::0:13:11"", ""3c74f488-a562-4bc4-9d7a-3f707fe85133::ceiling-raw::0:13:16""]"
3c74f488-a562-4bc4-9d7a-3f707fe85133,0,3c74f488-a562-4bc4-9d7a-3f707fe85133::eave-chain::0:10,2,6.14025,45.563957,0.841077,"[-4.098009, -6.582091]","[-1.754515, -4.284283]","[""3c74f488-a562-4bc4-9d7a-3f707fe85133::ceiling-raw::0:13:12"", ""3c74f488-a562-4bc4-9d7a-3f707fe85133::ceiling-raw::0:13:17""]"
3c74f488-a562-4bc4-9d7a-3f707fe85133,0,3c74f488-a562-4bc4-9d7a-3f707fe85133::eave-chain::0:11,2,6.272284,132.152884,0.8347,"[2.3029, -6.5569]","[-0.0221, -4.4522]","[""3c74f488-a562-4bc4-9d7a-3f707fe85133::ceiling-raw::0:13:16"", ""3c74f488-a562-4bc4-9d7a-3f707fe85133::ceiling-raw::0:13:31""]"
3c74f488-a562-4bc4-9d7a-3f707fe85133,0,3c74f488-a562-4bc4-9d7a-3f707fe85133::eave-chain::0:12,2,1.882887,127.655771,0.83305,"[-2.28249, -3.065835]","[-3.027886, -2.490645]","[""3c74f488-a562-4bc4-9d7a-3f707fe85133::ceiling-raw::0:13:17"", ""3c74f488-a562-4bc4-9d7a-3f707fe85133::ceiling-raw::0:13:25""]"
3c74f488-a562-4bc4-9d7a-3f707fe85133,0,3c74f488-a562-4bc4-9d7a-3f707fe85133::eave-chain::0:13,2,7.382218,135.578483,0.8347,"[5.329478, -3.589621]","[0.16243, 1.682832]","[""3c74f488-a562-4bc4-9d7a-3f707fe85133::ceiling-raw::0:13:31"", ""3c74f488-a562-4bc4-9d7a-3f707fe85133::ceiling-raw::0:13:37""]"
3c74f488-a562-4bc4-9d7a-3f707fe85133,0,3c74f488-a562-4bc4-9d7a-3f707fe85133::eave-chain::0:14,2,3.574601,45.568972,0.8347,"[1.3963, 0.4237]","[0.12, -0.8275]","[""3c74f488-a562-4bc4-9d7a-3f707fe85133::ceiling-raw::0:13:31"", ""3c74f488-a562-4bc4-9d7a-3f707fe85133::ceiling-raw::0:13:37""]"
3c74f488-a562-4bc4-9d7a-3f707fe85133,0,3c74f488-a562-4bc4-9d7a-3f707fe85133::eave-chain::0:15,1,1.118078,23.051903,0.8347,"[0.1625, 1.6829]","[-0.2753, 0.6541]","[""3c74f488-a562-4bc4-9d7a-3f707fe85133::ceiling-raw::0:13:37""]"
3c74f488-a562-4bc4-9d7a-3f707fe85133,0,3c74f488-a562-4bc4-9d7a-3f707fe85133::eave-chain::0:16,1,1.402761,135.58631,1.2484,"[0.1625, 1.6829]","[-0.8192, 2.6849]","[""3c74f488-a562-4bc4-9d7a-3f707fe85133::ceiling-raw::0:13:44""]"
3c74f488-a562-4bc4-9d7a-3f707fe85133,1,3c74f488-a562-4bc4-9d7a-3f707fe85133::eave-chain::1:0,2,7.701708,45.558083,3.551172,"[-0.908624, -3.516181]","[-4.066538, -6.613168]","[""3c74f488-a562-4bc4-9d7a-3f707fe85133::ceiling-raw::1:0:0"", ""3c74f488-a562-4bc4-9d7a-3f707fe85133::ceiling-raw::1:5:0""]"
3c74f488-a562-4bc4-9d7a-3f707fe85133,1,3c74f488-a562-4bc4-9d7a-3f707fe85133::eave-chain::1:1,2,4.899421,135.153342,3.522141,"[-1.653452, -3.69305]","[-4.363818, -0.968138]","[""3c74f488-a562-4bc4-9d7a-3f707fe85133::ceiling-raw::1:0:0"", ""3c74f488-a562-4bc4-9d7a-3f707fe85133::ceiling-raw::1:1:0""]"
3c74f488-a562-4bc4-9d7a-3f707fe85133,1,3c74f488-a562-4bc4-9d7a-3f707fe85133::eave-chain::1:2,2,5.620058,45.898162,3.516776,"[-2.347764, 0.953595]","[-6.978756, -3.534437]","[""3c74f488-a562-4bc4-9d7a-3f707fe85133::ceiling-raw::1:0:0"", ""3c74f488-a562-4bc4-9d7a-3f707fe85133::ceiling-raw::1:3:0""]"
3c74f488-a562-4bc4-9d7a-3f707fe85133,1,3c74f488-a562-4bc4-9d7a-3f707fe85133::eave-chain::1:3,2,8.524665,136.025182,3.547758,"[-6.97542, -3.537919]","[-1.020774, -9.709561]","[""3c74f488-a562-4bc4-9d7a-3f707fe85133::ceiling-raw::1:0:0"", ""3c74f488-a562-4bc4-9d7a-3f707fe85133::ceiling-raw::1:5:0""]"
3c74f488-a562-4bc4-9d7a-3f707fe85133,1,3c74f488-a562-4bc4-9d7a-3f707fe85133::eave-chain::1:4,2,4.721749,45.410458,3.515012,"[-1.06806, -0.341064]","[-3.014996, -2.260304]","[""3c74f488-a562-4bc4-9d7a-3f707fe85133::ceiling-raw::1:1:0"", ""3c74f488-a562-4bc4-9d7a-3f707fe85133::ceiling-raw::1:3:0""]"
3c74f488-a562-4bc4-9d7a-3f707fe85133,1,3c74f488-a562-4bc4-9d7a-3f707fe85133::eave-chain::1:5,1,1.766835,135.463199,3.5065,"[-1.1076, -0.3068]","[-2.3468, 0.9526]","[""3c74f488-a562-4bc4-9d7a-3f707fe85133::ceiling-raw::1:3:0""]"
3c74f488-a562-4bc4-9d7a-3f707fe85133,1,3c74f488-a562-4bc4-9d7a-3f707fe85133::eave-chain::1:6,1,1.766835,135.463199,3.5065,"[-3.7637, -0.4415]","[-2.5245, -1.7009]","[""3c74f488-a562-4bc4-9d7a-3f707fe85133::ceiling-raw::1:3:0""]"
3c74f488-a562-4bc4-9d7a-3f707fe85133,1,3c74f488-a562-4bc4-9d7a-3f707fe85133::eave-chain::1:7,1,2.269887,45.464068,3.5511,"[1.3975, 0.3777]","[-0.2205, -1.2143]","[""3c74f488-a562-4bc4-9d7a-3f707fe85133::ceiling-raw::1:4:1""]"
3c74f488-a562-4bc4-9d7a-3f707fe85133,1,3c74f488-a562-4bc4-9d7a-3f707fe85133::eave-chain::1:8,2,7.341567,45.187736,3.56383,"[2.921692, -1.171081]","[-0.182214, -4.254713]","[""3c74f488-a562-4bc4-9d7a-3f707fe85133::ceiling-raw::1:4:1"", ""3c74f488-a562-4bc4-9d7a-3f707fe85133::ceiling-raw::1:5:0""]"
3c74f488-a562-4bc4-9d7a-3f707fe85133,1,3c74f488-a562-4bc4-9d7a-3f707fe85133::eave-chain::1:9,2,5.394836,135.543227,3.564042,"[5.245335, -3.54436]","[1.39722, 0.377425]","[""3c74f488-a562-4bc4-9d7a-3f707fe85133::ceiling-raw::1:4:1"", ""3c74f488-a562-4bc4-9d7a-3f707fe85133::ceiling-raw::1:5:0""]"
3c74f488-a562-4bc4-9d7a-3f707fe85133,1,3c74f488-a562-4bc4-9d7a-3f707fe85133::eave-chain::1:10,2,10.074941,44.7308,3.554459,"[-1.170755, -10.028219]","[5.249193, -3.547659]","[""3c74f488-a562-4bc4-9d7a-3f707fe85133::ceiling-raw::1:5:0"", ""3c74f488-a562-4bc4-9d7a-3f707fe85133::ceiling-raw::1:6:5""]"
3c74f488-a562-4bc4-9d7a-3f707fe85133,1,3c74f488-a562-4bc4-9d7a-3f707fe85133::eave-chain::1:11,2,6.790359,137.91407,3.092,"[0.9075, -14.7649]","[-1.3681, -12.2452]","[""3c74f488-a562-4bc4-9d7a-3f707fe85133::ceiling-raw::1:6:0"", ""3c74f488-a562-4bc4-9d7a-3f707fe85133::ceiling-raw::1:6:1""]"
3c74f488-a562-4bc4-9d7a-3f707fe85133,1,3c74f488-a562-4bc4-9d7a-3f707fe85133::eave-chain::1:12,2,6.351285,45.355578,3.092,"[-1.367753, -12.245551]","[-3.74778, -14.59622]","[""3c74f488-a562-4bc4-9d7a-3f707fe85133::ceiling-raw::1:6:0"", ""3c74f488-a562-4bc4-9d7a-3f707fe85133::ceiling-raw::1:6:6""]"
3c74f488-a562-4bc4-9d7a-3f707fe85133,1,3c74f488-a562-4bc4-9d7a-3f707fe85133::eave-chain::1:13,2,4.768185,135.17505,3.092,"[-4.711298, -13.626798]","[-1.349999, -17.008699]","[""3c74f488-a562-4bc4-9d7a-3f707fe85133::ceiling-raw::1:6:0"", ""3c74f488-a562-4bc4-9d7a-3f707fe85133::ceiling-raw::1:6:6""]"
3c74f488-a562-4bc4-9d7a-3f707fe85133,1,3c74f488-a562-4bc4-9d7a-3f707fe85133::eave-chain::1:14,2,6.332948,45.174648,3.092,"[-1.350005, -17.008695]","[3.141695, -12.544295]","[""3c74f488-a562-4bc4-9d7a-3f707fe85133::ceiling-raw::1:6:0"", ""3c74f488-a562-4bc4-9d7a-3f707fe85133::ceiling-raw::1:6:1""]"
3c74f488-a562-4bc4-9d7a-3f707fe85133,1,3c74f488-a562-4bc4-9d7a-3f707fe85133::eave-chain::1:15,1,3.480106,122.774498,3.092,"[3.1417, -12.5443]","[0.2156, -10.6604]","[""3c74f488-a562-4bc4-9d7a-3f707fe85133::ceiling-raw::1:6:1""]"
3c74f488-a562-4bc4-9d7a-3f707fe85133,1,3c74f488-a562-4bc4-9d7a-3f707fe85133::eave-chain::1:16,2,1.494682,44.983737,3.431,"[0.7439, -10.1318]","[0.2156, -10.6604]","[""3c74f488-a562-4bc4-9d7a-3f707fe85133::ceiling-raw::1:6:2"", ""3c74f488-a562-4bc4-9d7a-3f707fe85133::ceiling-raw::1:6:5""]"
3c74f488-a562-4bc4-9d7a-3f707fe85133,1,3c74f488-a562-4bc4-9d7a-3f707fe85133::eave-chain::1:17,2,2.941823,113.754058,3.2615,"[-1.1307, -10.0679]","[0.2156, -10.6604]","[""3c74f488-a562-4bc4-9d7a-3f707fe85133::ceiling-raw::1:6:5"", ""3c74f488-a562-4bc4-9d7a-3f707fe85133::ceiling-raw::1:6:7""]"
3c74f488-a562-4bc4-9d7a-3f707fe85133,1,3c74f488-a562-4bc4-9d7a-3f707fe85133::eave-chain::1:18,1,1.366773,135.17489,3.431,"[0.7439, -10.1318]","[-0.2196, -9.1624]","[""3c74f488-a562-4bc4-9d7a-3f707fe85133::ceiling-raw::1:6:5""]"
3c74f488-a562-4bc4-9d7a-3f707fe85133,1,3c74f488-a562-4bc4-9d7a-3f707fe85133::eave-chain::1:19,2,6.6128,69.783271,3.092,"[-1.6086, -12.4842]","[-4.7113, -13.6268]","[""3c74f488-a562-4bc4-9d7a-3f707fe85133::ceiling-raw::1:6:6"", ""3c74f488-a562-4bc4-9d7a-3f707fe85133::ceiling-raw::1:6:8""]"
3c74f488-a562-4bc4-9d7a-3f707fe85133,1,3c74f488-a562-4bc4-9d7a-3f707fe85133::eave-chain::1:20,1,2.190204,6.222614,3.092,"[-1.1307, -10.0679]","[-1.3681, -12.2452]","[""3c74f488-a562-4bc4-9d7a-3f707fe85133::ceiling-raw::1:6:7""]"
3c74f488-a562-4bc4-9d7a-3f707fe85133,2,3c74f488-a562-4bc4-9d7a-3f707fe85133::eave-chain::2:0,2,3.107189,136.095146,6.330691,"[-1.857441, -3.557848]","[-3.452528, -1.900588]","[""3c74f488-a562-4bc4-9d7a-3f707fe85133::ceiling-raw::2:7:0"", ""3c74f488-a562-4bc4-9d7a-3f707fe85133::ceiling-raw::2:8:0""]"
3c74f488-a562-4bc4-9d7a-3f707fe85133,2,3c74f488-a562-4bc4-9d7a-3f707fe85133::eave-chain::2:1,2,5.449822,136.354397,6.3576,"[-6.084283, -4.425021]","[-2.282403, -8.41103]","[""3c74f488-a562-4bc4-9d7a-3f707fe85133::ceiling-raw::2:12:0"", ""3c74f488-a562-4bc4-9d7a-3f707fe85133::ceiling-raw::2:7:0""]"
3c74f488-a562-4bc4-9d7a-3f707fe85133,2,3c74f488-a562-4bc4-9d7a-3f707fe85133::eave-chain::2:2,2,7.628904,46.234276,6.360511,"[-1.07729, -3.348395]","[-4.23861, -6.376364]","[""3c74f488-a562-4bc4-9d7a-3f707fe85133::ceiling-raw::2:12:0"", ""3c74f488-a562-4bc4-9d7a-3f707fe85133::ceiling-raw::2:7:0""]"
3c74f488-a562-4bc4-9d7a-3f707fe85133,2,3c74f488-a562-4bc4-9d7a-3f707fe85133::eave-chain::2:3,2,5.612389,46.162391,5.104547,"[-2.188854, 0.842356]","[-6.849549, -3.632966]","[""3c74f488-a562-4bc4-9d7a-3f707fe85133::ceiling-raw::2:10:1"", ""3c74f488-a562-4bc4-9d7a-3f707fe85133::ceiling-raw::2:7:1""]"
3c74f488-a562-4bc4-9d7a-3f707fe85133,2,3c74f488-a562-4bc4-9d7a-3f707fe85133::eave-chain::2:4,1,2.781936,46.119991,6.3224,"[-1.1636, -0.246]","[-3.1688, -2.1743]","[""3c74f488-a562-4bc4-9d7a-3f707fe85133::ceiling-raw::2:8:0""]"
3c74f488-a562-4bc4-9d7a-3f707fe85133,2,3c74f488-a562-4bc4-9d7a-3f707fe85133::eave-chain::2:5,1,2.159795,46.048651,6.323,"[-0.3232, -0.9644]","[1.2317, 0.5346]","[""3c74f488-a562-4bc4-9d7a-3f707fe85133::ceiling-raw::2:9:0""]"
3c74f488-a562-4bc4-9d7a-3f707fe85133,2,3c74f488-a562-4bc4-9d7a-3f707fe85133::eave-chain::2:6,3,4.825589,135.907003,6.354539,"[4.023536, -2.361131]","[0.131508, 1.656113]","[""3c74f488-a562-4bc4-9d7a-3f707fe85133::ceiling-raw::2:11:0"", ""3c74f488-a562-4bc4-9d7a-3f707fe85133::ceiling-raw::2:12:3"", ""3c74f488-a562-4bc4-9d7a-3f707fe85133::ceiling-raw::2:9:0""]"
3c74f488-a562-4bc4-9d7a-3f707fe85133,2,3c74f488-a562-4bc4-9d7a-3f707fe85133::eave-chain::2:7,1,2.176768,46.04792,4.5887,"[-0.8367, 2.68]","[-2.4038, 1.1692]","[""3c74f488-a562-4bc4-9d7a-3f707fe85133::ceiling-raw::2:9:1""]"
3c74f488-a562-4bc4-9d7a-3f707fe85133,2,3c74f488-a562-4bc4-9d7a-3f707fe85133::eave-chain::2:8,1,0.240173,136.04592,6.3518,"[-2.8313, -1.3621]","[-2.6646, -1.535]","[""3c74f488-a562-4bc4-9d7a-3f707fe85133::ceiling-raw::2:10:0""]"
3c74f488-a562-4bc4-9d7a-3f707fe85133,2,3c74f488-a562-4bc4-9d7a-3f707fe85133::eave-chain::2:9,2,7.017293,45.737176,6.372031,"[2.811719, -1.07936]","[-0.313563, -4.125239]","[""3c74f488-a562-4bc4-9d7a-3f707fe85133::ceiling-raw::2:11:0"", ""3c74f488-a562-4bc4-9d7a-3f707fe85133::ceiling-raw::2:12:3""]"
3c74f488-a562-4bc4-9d7a-3f707fe85133,2,3c74f488-a562-4bc4-9d7a-3f707fe85133::eave-chain::2:10,1,0.716489,46.04615,6.3581,"[1.6583, 0.0398]","[1.1425, -0.4575]","[""3c74f488-a562-4bc4-9d7a-3f707fe85133::ceiling-raw::2:11:0""]"
3c74f488-a562-4bc4-9d7a-3f707fe85133,2,3c74f488-a562-4bc4-9d7a-3f707fe85133::eave-chain::2:11,2,8.754358,46.042056,5.092885,"[-1.4703, -9.257378]","[4.831529, -3.180705]","[""3c74f488-a562-4bc4-9d7a-3f707fe85133::ceiling-raw::2:12:1"", ""3c74f488-a562-4bc4-9d7a-3f707fe85133::ceiling-raw::2:12:4""]"
3e378d10-6d7f-451c-b5e8-705731e6f37e,0,3e378d10-6d7f-451c-b5e8-705731e6f37e::eave-chain::0:0,1,2.73934,114.560106,-1.6599,"[-4.0411, 1.6297]","[-1.5496, 0.4911]","[""3e378d10-6d7f-451c-b5e8-705731e6f37e::ceiling-raw::0:3:0""]"
3e378d10-6d7f-451c-b5e8-705731e6f37e,0,3e378d10-6d7f-451c-b5e8-705731e6f37e::eave-chain::0:1,1,1.605584,24.561793,-1.6599,"[-1.5496, 0.4911]","[-0.8822, 1.9514]","[""3e378d10-6d7f-451c-b5e8-705731e6f37e::ceiling-raw::0:3:0""]"
3e378d10-6d7f-451c-b5e8-705731e6f37e,0,3e378d10-6d7f-451c-b5e8-705731e6f37e::eave-chain::0:2,1,1.19204,160.204561,-1.6599,"[-0.8822, 1.9514]","[-1.2859, 3.073]","[""3e378d10-6d7f-451c-b5e8-705731e6f37e::ceiling-raw::0:3:0""]"
3e378d10-6d7f-451c-b5e8-705731e6f37e,0,3e378d10-6d7f-451c-b5e8-705731e6f37e::eave-chain::0:3,1,3.081147,70.205953,-1.6599,"[-1.2859, 3.073]","[-4.185, 2.0296]","[""3e378d10-6d7f-451c-b5e8-705731e6f37e::ceiling-raw::0:3:0""]"
3e378d10-6d7f-451c-b5e8-705731e6f37e,0,3e378d10-6d7f-451c-b5e8-705731e6f37e::eave-chain::0:4,1,0.425003,160.209242,-1.6599,"[-4.185, 2.0296]","[-4.0411, 1.6297]","[""3e378d10-6d7f-451c-b5e8-705731e6f37e::ceiling-raw::0:3:0""]"
3e378d10-6d7f-451c-b5e8-705731e6f37e,1,3e378d10-6d7f-451c-b5e8-705731e6f37e::eave-chain::1:0,1,4.819031,70.391125,-0.4917,"[-1.0053, 1.7438]","[-5.5447, 0.1266]","[""3e378d10-6d7f-451c-b5e8-705731e6f37e::ceiling-raw::1:5:6""]"
3e378d10-6d7f-451c-b5e8-705731e6f37e,1,3e378d10-6d7f-451c-b5e8-705731e6f37e::eave-chain::1:1,1,4.094718,69.874513,-0.5964,"[1.827, -3.1135]","[5.6717, -1.7046]","[""3e378d10-6d7f-451c-b5e8-705731e6f37e::ceiling-raw::1:6:0""]"
3e378d10-6d7f-451c-b5e8-705731e6f37e,1,3e378d10-6d7f-451c-b5e8-705731e6f37e::eave-chain::1:2,1,4.094812,69.874994,1.6441,"[4.7135, 0.9103]","[0.8687, -0.4986]","[""3e378d10-6d7f-451c-b5e8-705731e6f37e::ceiling-raw::1:6:0""]"
3e378d10-6d7f-451c-b5e8-705731e6f37e,1,3e378d10-6d7f-451c-b5e8-705731e6f37e::eave-chain::1:3,1,2.89506,69.875031,-0.8229,"[3.6733, 3.8824]","[0.955, 2.8863]","[""3e378d10-6d7f-451c-b5e8-705731e6f37e::ceiling-raw::1:7:4""]"
3e378d10-6d7f-451c-b5e8-705731e6f37e,1,3e378d10-6d7f-451c-b5e8-705731e6f37e::eave-chain::1:4,1,3.067929,89.312715,1.65715,"[1.657, 0.9764]","[4.7247, 1.0132]","[""3e378d10-6d7f-451c-b5e8-705731e6f37e::ceiling-raw::1:7:5""]"
3ee81b85-a21f-4f55-a100-5995f36f84f9,0,3ee81b85-a21f-4f55-a100-5995f36f84f9::eave-chain::0:0,4,12.247983,33.165566,0.782802,"[8.270378, -7.809323]","[13.394629, 0.031634]","[""3ee81b85-a21f-4f55-a100-5995f36f84f9::ceiling-raw::0:0:0"", ""3ee81b85-a21f-4f55-a100-5995f36f84f9::ceiling-raw::0:1:0"", ""3ee81b85-a21f-4f55-a100-5995f36f84f9::ceiling-raw::0:3:0"", ""3ee81b85-a21f-4f55-a100-5995f36f84f9::ceiling-raw::0:4:0""]"
3ee81b85-a21f-4f55-a100-5995f36f84f9,0,3ee81b85-a21f-4f55-a100-5995f36f84f9::eave-chain::0:1,1,3.01732,33.657941,-0.0177,"[10.9161, -9.5708]","[12.5884, -7.0593]","[""3ee81b85-a21f-4f55-a100-5995f36f84f9::ceiling-raw::0:0:0""]"
3ee81b85-a21f-4f55-a100-5995f36f84f9,0,3ee81b85-a21f-4f55-a100-5995f36f84f9::eave-chain::0:2,2,11.532145,33.15543,0.791035,"[5.355741, -5.798783]","[10.519123, 2.105104]","[""3ee81b85-a21f-4f55-a100-5995f36f84f9::ceiling-raw::0:1:0"", ""3ee81b85-a21f-4f55-a100-5995f36f84f9::ceiling-raw::0:2:0""]"
3ee81b85-a21f-4f55-a100-5995f36f84f9,0,3ee81b85-a21f-4f55-a100-5995f36f84f9::eave-chain::0:3,3,14.112001,124.068221,0.785611,"[-3.881363, 0.46683]","[8.286432, -7.761547]","[""3ee81b85-a21f-4f55-a100-5995f36f84f9::ceiling-raw::0:1:0"", ""3ee81b85-a21f-4f55-a100-5995f36f84f9::ceiling-raw::0:2:0"", ""3ee81b85-a21f-4f55-a100-5995f36f84f9::ceiling-raw::0:8:0""]"
3ee81b85-a21f-4f55-a100-5995f36f84f9,0,3ee81b85-a21f-4f55-a100-5995f36f84f9::eave-chain::0:4,1,4.623249,33.368688,0.7972,"[8.0536, 3.7287]","[5.5107, -0.1324]","[""3ee81b85-a21f-4f55-a100-5995f36f84f9::ceiling-raw::0:2:0""]"
3ee81b85-a21f-4f55-a100-5995f36f84f9,0,3ee81b85-a21f-4f55-a100-5995f36f84f9::eave-chain::0:5,3,7.968003,123.808869,0.766935,"[5.527404, -0.107456]","[-1.243267, 4.426631]","[""3ee81b85-a21f-4f55-a100-5995f36f84f9::ceiling-raw::0:2:0"", ""3ee81b85-a21f-4f55-a100-5995f36f84f9::ceiling-raw::0:6:0"", ""3ee81b85-a21f-4f55-a100-5995f36f84f9::ceiling-raw::0:7:0""]"
3ee81b85-a21f-4f55-a100-5995f36f84f9,0,3ee81b85-a21f-4f55-a100-5995f36f84f9::eave-chain::0:6,3,6.698722,34.158624,0.784096,"[3.147985, 1.599285]","[0.360151, -2.509267]","[""3ee81b85-a21f-4f55-a100-5995f36f84f9::ceiling-raw::0:2:0"", ""3ee81b85-a21f-4f55-a100-5995f36f84f9::ceiling-raw::0:6:0""]"
3ee81b85-a21f-4f55-a100-5995f36f84f9,0,3ee81b85-a21f-4f55-a100-5995f36f84f9::eave-chain::0:7,2,6.052147,124.774182,0.802746,"[13.392481, 0.026508]","[8.055877, 3.73198]","[""3ee81b85-a21f-4f55-a100-5995f36f84f9::ceiling-raw::0:2:0"", ""3ee81b85-a21f-4f55-a100-5995f36f84f9::ceiling-raw::0:3:0""]"
3ee81b85-a21f-4f55-a100-5995f36f84f9,0,3ee81b85-a21f-4f55-a100-5995f36f84f9::eave-chain::0:8,1,2.467147,35.107885,0.808,"[10.8007, 1.7411]","[9.3818, -0.2772]","[""3ee81b85-a21f-4f55-a100-5995f36f84f9::ceiling-raw::0:3:0""]"
3ee81b85-a21f-4f55-a100-5995f36f84f9,0,3ee81b85-a21f-4f55-a100-5995f36f84f9::eave-chain::0:9,2,5.472,123.883192,0.792014,"[8.011969, -1.831245]","[10.90692, -3.775339]","[""3ee81b85-a21f-4f55-a100-5995f36f84f9::ceiling-raw::0:3:0"", ""3ee81b85-a21f-4f55-a100-5995f36f84f9::ceiling-raw::0:4:0""]"
3ee81b85-a21f-4f55-a100-5995f36f84f9,0,3ee81b85-a21f-4f55-a100-5995f36f84f9::eave-chain::0:10,2,4.375115,34.113214,0.749557,"[0.022496, 0.405339]","[1.503202, 2.591248]","[""3ee81b85-a21f-4f55-a100-5995f36f84f9::ceiling-raw::0:6:0"", ""3ee81b85-a21f-4f55-a100-5995f36f84f9::ceiling-raw::0:7:0""]"
3ee81b85-a21f-4f55-a100-5995f36f84f9,0,3ee81b85-a21f-4f55-a100-5995f36f84f9::eave-chain::0:11,2,4.709405,33.670247,0.767405,"[-1.246083, 4.422389]","[-3.868383, 0.485989]","[""3ee81b85-a21f-4f55-a100-5995f36f84f9::ceiling-raw::0:7:0"", ""3ee81b85-a21f-4f55-a100-5995f36f84f9::ceiling-raw::0:8:0""]"
3ee81b85-a21f-4f55-a100-5995f36f84f9,0,3ee81b85-a21f-4f55-a100-5995f36f84f9::eave-chain::0:12,2,7.89333,123.706087,0.772818,"[1.151779, -0.361235]","[-2.715076, 2.21823]","[""3ee81b85-a21f-4f55-a100-5995f36f84f9::ceiling-raw::0:7:0"", ""3ee81b85-a21f-4f55-a100-5995f36f84f9::ceiling-raw::0:8:0""]"
3ee81b85-a21f-4f55-a100-5995f36f84f9,0,3ee81b85-a21f-4f55-a100-5995f36f84f9::eave-chain::0:13,1,2.069171,33.657812,0.7877,"[0.0006, -2.0901]","[1.1474, -0.3678]","[""3ee81b85-a21f-4f55-a100-5995f36f84f9::ceiling-raw::0:8:0""]"
43674d8e-302d-4915-878f-f50d2d9f8d1b,0,43674d8e-302d-4915-878f-f50d2d9f8d1b::eave-chain::0:0,2,3.247903,106.720739,0.964209,"[2.652454, 9.786246]","[4.240192, 9.309276]","[""43674d8e-302d-4915-878f-f50d2d9f8d1b::ceiling-raw::0:0:0"", ""43674d8e-302d-4915-878f-f50d2d9f8d1b::ceiling-raw::0:8:0""]"
43674d8e-302d-4915-878f-f50d2d9f8d1b,0,43674d8e-302d-4915-878f-f50d2d9f8d1b::eave-chain::0:1,6,11.989629,16.683451,0.968518,"[1.021971, -1.486309]","[4.545782, 10.2715]","[""43674d8e-302d-4915-878f-f50d2d9f8d1b::ceiling-raw::0:0:0"", ""43674d8e-302d-4915-878f-f50d2d9f8d1b::ceiling-raw::0:1:0"", ""43674d8e-302d-4915-878f-f50d2d9f8d1b::ceiling-raw::0:6:0"", ""43674d8e-302d-4915-878f-f50d2d9f8d1b::ceiling-raw::0:7:0"", ""43674d8e-302d-4915-878f-f50d2d9f8d1b::ceiling-raw::0:8:0"", ""43674d8e-302d-4915-878f-f50d2d9f8d1b::ceiling-raw::0:9:0""]"
43674d8e-302d-4915-878f-f50d2d9f8d1b,0,43674d8e-302d-4915-878f-f50d2d9f8d1b::eave-chain::0:2,2,8.244605,106.691117,0.97068,"[4.530115, 10.27625]","[-3.40859, 12.656634]","[""43674d8e-302d-4915-878f-f50d2d9f8d1b::ceiling-raw::0:0:0"", ""43674d8e-302d-4915-878f-f50d2d9f8d1b::ceiling-raw::0:1:0""]"
43674d8e-302d-4915-878f-f50d2d9f8d1b,0,43674d8e-302d-4915-878f-f50d2d9f8d1b::eave-chain::0:3,2,4.077189,16.706771,0.970051,"[0.860287, 9.212581]","[1.456279, 11.198273]","[""43674d8e-302d-4915-878f-f50d2d9f8d1b::ceiling-raw::0:0:0"", ""43674d8e-302d-4915-878f-f50d2d9f8d1b::ceiling-raw::0:1:0""]"
43674d8e-302d-4915-878f-f50d2d9f8d1b,0,43674d8e-302d-4915-878f-f50d2d9f8d1b::eave-chain::0:4,2,4.878564,106.112413,0.969187,"[4.006301, 8.331175]","[0.847139, 9.243761]","[""43674d8e-302d-4915-878f-f50d2d9f8d1b::ceiling-raw::0:1:0"", ""43674d8e-302d-4915-878f-f50d2d9f8d1b::ceiling-raw::0:8:0""]"
43674d8e-302d-4915-878f-f50d2d9f8d1b,0,43674d8e-302d-4915-878f-f50d2d9f8d1b::eave-chain::0:5,4,12.074636,16.685397,0.970924,"[-3.404454, 12.655357]","[-6.910069, 0.959705]","[""43674d8e-302d-4915-878f-f50d2d9f8d1b::ceiling-raw::0:1:0"", ""43674d8e-302d-4915-878f-f50d2d9f8d1b::ceiling-raw::0:3:0"", ""43674d8e-302d-4915-878f-f50d2d9f8d1b::ceiling-raw::0:4:0"", ""43674d8e-302d-4915-878f-f50d2d9f8d1b::ceiling-raw::0:5:0""]"
43674d8e-302d-4915-878f-f50d2d9f8d1b,0,43674d8e-302d-4915-878f-f50d2d9f8d1b::eave-chain::0:6,3,15.296093,107.033791,0.966297,"[-4.888273, 7.732824]","[3.094173, 5.287196]","[""43674d8e-302d-4915-878f-f50d2d9f8d1b::ceiling-raw::0:1:0"", ""43674d8e-302d-4915-878f-f50d2d9f8d1b::ceiling-raw::0:5:0"", ""43674d8e-302d-4915-878f-f50d2d9f8d1b::ceiling-raw::0:6:0""]"
43674d8e-302d-4915-878f-f50d2d9f8d1b,0,43674d8e-302d-4915-878f-f50d2d9f8d1b::eave-chain::0:7,2,9.750135,16.965754,0.971045,"[-1.291479, 6.602417]","[-3.3474, -0.1366]","[""43674d8e-302d-4915-878f-f50d2d9f8d1b::ceiling-raw::0:2:0"", ""43674d8e-302d-4915-878f-f50d2d9f8d1b::ceiling-raw::0:3:0""]"
43674d8e-302d-4915-878f-f50d2d9f8d1b,0,43674d8e-302d-4915-878f-f50d2d9f8d1b::eave-chain::0:8,3,8.209012,107.184132,0.975351,"[-6.92442, 0.971002]","[1.013595, -1.483815]","[""43674d8e-302d-4915-878f-f50d2d9f8d1b::ceiling-raw::0:2:0"", ""43674d8e-302d-4915-878f-f50d2d9f8d1b::ceiling-raw::0:3:0"", ""43674d8e-302d-4915-878f-f50d2d9f8d1b::ceiling-raw::0:9:0""]"
43674d8e-302d-4915-878f-f50d2d9f8d1b,0,43674d8e-302d-4915-878f-f50d2d9f8d1b::eave-chain::0:9,2,9.109637,16.579205,0.963909,"[-2.055213, -0.563904]","[-0.033938, 6.225329]","[""43674d8e-302d-4915-878f-f50d2d9f8d1b::ceiling-raw::0:2:0"", ""43674d8e-302d-4915-878f-f50d2d9f8d1b::ceiling-raw::0:9:0""]"
43674d8e-302d-4915-878f-f50d2d9f8d1b,0,43674d8e-302d-4915-878f-f50d2d9f8d1b::eave-chain::0:10,2,7.410827,106.675308,0.976447,"[-2.55556, 2.526733]","[-6.136532, 3.599394]","[""43674d8e-302d-4915-878f-f50d2d9f8d1b::ceiling-raw::0:3:0"", ""43674d8e-302d-4915-878f-f50d2d9f8d1b::ceiling-raw::0:4:0""]"
43674d8e-302d-4915-878f-f50d2d9f8d1b,0,43674d8e-302d-4915-878f-f50d2d9f8d1b::eave-chain::0:11,2,7.447847,106.688395,0.956491,"[-5.500337, 5.690924]","[-1.902563, 4.612335]","[""43674d8e-302d-4915-878f-f50d2d9f8d1b::ceiling-raw::0:4:0"", ""43674d8e-302d-4915-878f-f50d2d9f8d1b::ceiling-raw::0:5:0""]"
43674d8e-302d-4915-878f-f50d2d9f8d1b,0,43674d8e-302d-4915-878f-f50d2d9f8d1b::eave-chain::0:12,2,6.392609,106.698709,0.969651,"[2.278418, 2.60126]","[-0.835012, 3.535258]","[""43674d8e-302d-4915-878f-f50d2d9f8d1b::ceiling-raw::0:6:0"", ""43674d8e-302d-4915-878f-f50d2d9f8d1b::ceiling-raw::0:7:0""]"
43674d8e-302d-4915-878f-f50d2d9f8d1b,0,43674d8e-302d-4915-878f-f50d2d9f8d1b::eave-chain::0:13,2,5.983474,106.555443,0.967048,"[1.622727, 0.548797]","[-1.440367, 1.459352]","[""43674d8e-302d-4915-878f-f50d2d9f8d1b::ceiling-raw::0:7:0"", ""43674d8e-302d-4915-878f-f50d2d9f8d1b::ceiling-raw::0:9:0""]"
45b933f5-4f12-488c-b77a-065cf3c2d719,0,45b933f5-4f12-488c-b77a-065cf3c2d719::eave-chain::0:0,2,7.224723,148.582704,0.71303,"[0.662126, -3.331554]","[-1.3871, 0.02334]","[""45b933f5-4f12-488c-b77a-065cf3c2d719::ceiling-raw::0:0:0"", ""45b933f5-4f12-488c-b77a-065cf3c2d719::ceiling-raw::0:9:0""]"
45b933f5-4f12-488c-b77a-065cf3c2d719,0,45b933f5-4f12-488c-b77a-065cf3c2d719::eave-chain::0:1,2,7.074071,58.650746,0.700145,"[-4.436386, 3.897304]","[-7.941884, 1.761798]","[""45b933f5-4f12-488c-b77a-065cf3c2d719::ceiling-raw::0:0:0"", ""45b933f5-4f12-488c-b77a-065cf3c2d719::ceiling-raw::0:8:0""]"
45b933f5-4f12-488c-b77a-065cf3c2d719,0,45b933f5-4f12-488c-b77a-065cf3c2d719::eave-chain::0:2,3,15.310265,148.577473,0.696282,"[-11.654327, 7.854273]","[-3.327172, -5.775743]","[""45b933f5-4f12-488c-b77a-065cf3c2d719::ceiling-raw::0:0:0"", ""45b933f5-4f12-488c-b77a-065cf3c2d719::ceiling-raw::0:7:0"", ""45b933f5-4f12-488c-b77a-065cf3c2d719::ceiling-raw::0:8:0""]"
45b933f5-4f12-488c-b77a-065cf3c2d719,0,45b933f5-4f12-488c-b77a-065cf3c2d719::eave-chain::0:3,2,6.917333,58.284494,0.698628,"[-3.320961, -5.773596]","[2.510698, -2.16971]","[""45b933f5-4f12-488c-b77a-065cf3c2d719::ceiling-raw::0:0:0"", ""45b933f5-4f12-488c-b77a-065cf3c2d719::ceiling-raw::0:9:0""]"
45b933f5-4f12-488c-b77a-065cf3c2d719,0,45b933f5-4f12-488c-b77a-065cf3c2d719::eave-chain::0:4,2,3.800022,58.428634,0.729389,"[0.83838, 0.681851]","[-1.100348, -0.509528]","[""45b933f5-4f12-488c-b77a-065cf3c2d719::ceiling-raw::0:1:0"", ""45b933f5-4f12-488c-b77a-065cf3c2d719::ceiling-raw::0:9:0""]"
45b933f5-4f12-488c-b77a-065cf3c2d719,0,45b933f5-4f12-488c-b77a-065cf3c2d719::eave-chain::0:5,6,14.667052,148.84456,0.708149,"[2.517759, -2.161444]","[-5.696171, 11.425201]","[""45b933f5-4f12-488c-b77a-065cf3c2d719::ceiling-raw::0:1:0"", ""45b933f5-4f12-488c-b77a-065cf3c2d719::ceiling-raw::0:2:0"", ""45b933f5-4f12-488c-b77a-065cf3c2d719::ceiling-raw::0:3:0"", ""45b933f5-4f12-488c-b77a-065cf3c2d719::ceiling-raw::0:5:0"", ""45b933f5-4f12-488c-b77a-065cf3c2d719::ceiling-raw::0:6:0"", ""45b933f5-4f12-488c-b77a-065cf3c2d719::ceiling-raw::0:9:0""]"
45b933f5-4f12-488c-b77a-065cf3c2d719,0,45b933f5-4f12-488c-b77a-065cf3c2d719::eave-chain::0:6,1,1.161739,107.363439,0.672,"[-1.0292, 3.73]","[-2.138, 4.0767]","[""45b933f5-4f12-488c-b77a-065cf3c2d719::ceiling-raw::0:1:0""]"
45b933f5-4f12-488c-b77a-065cf3c2d719,0,45b933f5-4f12-488c-b77a-065cf3c2d719::eave-chain::0:7,2,4.846587,58.27389,0.676292,"[-3.887796, 3.036001]","[-1.492349, 4.516967]","[""45b933f5-4f12-488c-b77a-065cf3c2d719::ceiling-raw::0:1:0"", ""45b933f5-4f12-488c-b77a-065cf3c2d719::ceiling-raw::0:2:0""]"
45b933f5-4f12-488c-b77a-065cf3c2d719,0,45b933f5-4f12-488c-b77a-065cf3c2d719::eave-chain::0:8,2,3.161146,58.474765,0.700048,"[-2.546613, 6.237556]","[-3.935158, 5.385814]","[""45b933f5-4f12-488c-b77a-065cf3c2d719::ceiling-raw::0:2:0"", ""45b933f5-4f12-488c-b77a-065cf3c2d719::ceiling-raw::0:3:0""]"
45b933f5-4f12-488c-b77a-065cf3c2d719,0,45b933f5-4f12-488c-b77a-065cf3c2d719::eave-chain::0:9,2,3.206081,58.58221,0.705292,"[-4.634176, 6.422547]","[-3.205618, 7.295152]","[""45b933f5-4f12-488c-b77a-065cf3c2d719::ceiling-raw::0:3:0"", ""45b933f5-4f12-488c-b77a-065cf3c2d719::ceiling-raw::0:5:0""]"
45b933f5-4f12-488c-b77a-065cf3c2d719,0,45b933f5-4f12-488c-b77a-065cf3c2d719::eave-chain::0:10,2,5.635513,58.494269,0.697861,"[-6.47356, 7.265727]","[-4.052268, 8.74983]","[""45b933f5-4f12-488c-b77a-065cf3c2d719::ceiling-raw::0:5:0"", ""45b933f5-4f12-488c-b77a-065cf3c2d719::ceiling-raw::0:6:0""]"
45b933f5-4f12-488c-b77a-065cf3c2d719,0,45b933f5-4f12-488c-b77a-065cf3c2d719::eave-chain::0:11,2,3.455158,148.500756,0.716841,"[-7.727502, 8.189699]","[-8.649917, 9.694989]","[""45b933f5-4f12-488c-b77a-065cf3c2d719::ceiling-raw::0:6:0"", ""45b933f5-4f12-488c-b77a-065cf3c2d719::ceiling-raw::0:7:0""]"
45b933f5-4f12-488c-b77a-065cf3c2d719,0,45b933f5-4f12-488c-b77a-065cf3c2d719::eave-chain::0:12,2,6.9351,59.06529,0.716793,"[-5.6928, 11.427466]","[-11.648037, 7.858428]","[""45b933f5-4f12-488c-b77a-065cf3c2d719::ceiling-raw::0:6:0"", ""45b933f5-4f12-488c-b77a-065cf3c2d719::ceiling-raw::0:7:0""]"
45b933f5-4f12-488c-b77a-065cf3c2d719,0,45b933f5-4f12-488c-b77a-065cf3c2d719::eave-chain::0:13,2,4.74845,148.501722,0.743025,"[-5.41967, 3.336218]","[-8.21599, 7.899706]","[""45b933f5-4f12-488c-b77a-065cf3c2d719::ceiling-raw::0:7:0"", ""45b933f5-4f12-488c-b77a-065cf3c2d719::ceiling-raw::0:8:0""]"
45b933f5-4f12-488c-b77a-065cf3c2d719,0,45b933f5-4f12-488c-b77a-065cf3c2d719::eave-chain::0:14,1,2.947982,58.504927,0.7277,"[-10.0423, 5.2375]","[-7.5286, 6.7776]","[""45b933f5-4f12-488c-b77a-065cf3c2d719::ceiling-raw::0:7:0""]"
45b933f5-4f12-488c-b77a-065cf3c2d719,0,45b933f5-4f12-488c-b77a-065cf3c2d719::eave-chain::0:15,1,2.973021,58.506758,0.7489,"[-7.2129, 6.2631]","[-9.748, 4.71]","[""45b933f5-4f12-488c-b77a-065cf3c2d719::ceiling-raw::0:8:0""]"
466d0aa8-7021-4825-8f7b-b954c824c13a,0,466d0aa8-7021-4825-8f7b-b954c824c13a::eave-chain::0:0,1,1.81542,62.295847,-1.783,"[-0.3052, -1.0967]","[-1.9125, -1.9407]","[""466d0aa8-7021-4825-8f7b-b954c824c13a::ceiling-raw::0:2:0""]"
466d0aa8-7021-4825-8f7b-b954c824c13a,0,466d0aa8-7021-4825-8f7b-b954c824c13a::eave-chain::0:1,1,3.565533,152.296543,-1.783,"[-1.9125, -1.9407]","[-0.2549, -5.0975]","[""466d0aa8-7021-4825-8f7b-b954c824c13a::ceiling-raw::0:2:0""]"
466d0aa8-7021-4825-8f7b-b954c824c13a,0,466d0aa8-7021-4825-8f7b-b954c824c13a::eave-chain::0:2,1,2.554541,62.296407,-1.783,"[-0.2549, -5.0975]","[2.0068, -3.9099]","[""466d0aa8-7021-4825-8f7b-b954c824c13a::ceiling-raw::0:2:0""]"
466d0aa8-7021-4825-8f7b-b954c824c13a,0,466d0aa8-7021-4825-8f7b-b954c824c13a::eave-chain::0:3,1,2.78754,152.296887,-1.783,"[2.0068, -3.9099]","[0.7109, -1.4419]","[""466d0aa8-7021-4825-8f7b-b954c824c13a::ceiling-raw::0:2:0""]"
466d0aa8-7021-4825-8f7b-b954c824c13a,1,466d0aa8-7021-4825-8f7b-b954c824c13a::eave-chain::1:0,2,6.817732,60.367584,0.824955,"[10.186474, 4.69083]","[7.214541, 3.000312]","[""466d0aa8-7021-4825-8f7b-b954c824c13a::ceiling-raw::1:8:0"", ""466d0aa8-7021-4825-8f7b-b954c824c13a::ceiling-raw::1:9:0""]"
466d0aa8-7021-4825-8f7b-b954c824c13a,1,466d0aa8-7021-4825-8f7b-b954c824c13a::eave-chain::1:1,2,2.90738,150.272372,0.824942,"[10.921241, 3.399124]","[9.439629, 5.993759]","[""466d0aa8-7021-4825-8f7b-b954c824c13a::ceiling-raw::1:8:0"", ""466d0aa8-7021-4825-8f7b-b954c824c13a::ceiling-raw::1:9:0""]"
466d0aa8-7021-4825-8f7b-b954c824c13a,1,466d0aa8-7021-4825-8f7b-b954c824c13a::eave-chain::1:2,4,13.567658,60.697133,-0.698901,"[-0.37626, -4.732975]","[11.693593, 2.041104]","[""466d0aa8-7021-4825-8f7b-b954c824c13a::ceiling-raw::1:11:1"", ""466d0aa8-7021-4825-8f7b-b954c824c13a::ceiling-raw::1:12:1"", ""466d0aa8-7021-4825-8f7b-b954c824c13a::ceiling-raw::1:13:1"", ""466d0aa8-7021-4825-8f7b-b954c824c13a::ceiling-raw::1:8:1""]"
466d0aa8-7021-4825-8f7b-b954c824c13a,1,466d0aa8-7021-4825-8f7b-b954c824c13a::eave-chain::1:3,1,4.258486,60.399138,-0.71775,"[8.6882, 7.3151]","[4.9855, 5.2116]","[""466d0aa8-7021-4825-8f7b-b954c824c13a::ceiling-raw::1:9:1""]"
466d0aa8-7021-4825-8f7b-b954c824c13a,1,466d0aa8-7021-4825-8f7b-b954c824c13a::eave-chain::1:4,1,1.597656,150.179055,-1.3409,"[5.3377, 4.4326]","[4.5432, 5.8187]","[""466d0aa8-7021-4825-8f7b-b954c824c13a::ceiling-raw::1:10:1""]"
466d0aa8-7021-4825-8f7b-b954c824c13a,1,466d0aa8-7021-4825-8f7b-b954c824c13a::eave-chain::1:5,2,8.372675,60.523359,-0.694243,"[3.919123, 4.649214]","[-3.375181, 0.52622]","[""466d0aa8-7021-4825-8f7b-b954c824c13a::ceiling-raw::1:10:4"", ""466d0aa8-7021-4825-8f7b-b954c824c13a::ceiling-raw::1:14:1""]"
466d0aa8-7021-4825-8f7b-b954c824c13a,1,466d0aa8-7021-4825-8f7b-b954c824c13a::eave-chain::1:6,2,7.073095,60.374047,0.887496,"[1.204931, -0.351517]","[-1.878712, -2.105118]","[""466d0aa8-7021-4825-8f7b-b954c824c13a::ceiling-raw::1:13:0"", ""466d0aa8-7021-4825-8f7b-b954c824c13a::ceiling-raw::1:14:0""]"
466d0aa8-7021-4825-8f7b-b954c824c13a,1,466d0aa8-7021-4825-8f7b-b954c824c13a::eave-chain::1:7,2,2.855211,150.236539,0.887457,"[-2.594963, -0.846036]","[-1.138716, -3.392552]","[""466d0aa8-7021-4825-8f7b-b954c824c13a::ceiling-raw::1:13:0"", ""466d0aa8-7021-4825-8f7b-b954c824c13a::ceiling-raw::1:14:0""]"
46ea557e-3151-43d2-b72b-f212290516cc,0,46ea557e-3151-43d2-b72b-f212290516cc::eave-chain::0:0,2,4.133971,49.864612,0.726515,"[-3.397316, -7.578337]","[-5.001972, -8.931277]","[""46ea557e-3151-43d2-b72b-f212290516cc::ceiling-raw::0:1:0"", ""46ea557e-3151-43d2-b72b-f212290516cc::ceiling-raw::0:5:0""]"
46ea557e-3151-43d2-b72b-f212290516cc,0,46ea557e-3151-43d2-b72b-f212290516cc::eave-chain::0:1,3,8.232938,138.907357,0.68288,"[-7.943302, -2.40698]","[-2.208854, -8.982205]","[""46ea557e-3151-43d2-b72b-f212290516cc::ceiling-raw::0:1:0"", ""46ea557e-3151-43d2-b72b-f212290516cc::ceiling-raw::0:5:0"", ""46ea557e-3151-43d2-b72b-f212290516cc::ceiling-raw::0:6:1""]"
46ea557e-3151-43d2-b72b-f212290516cc,0,46ea557e-3151-43d2-b72b-f212290516cc::eave-chain::0:2,3,12.219216,49.765922,0.616069,"[-6.610638, -6.952966]","[2.572817, 0.817022]","[""46ea557e-3151-43d2-b72b-f212290516cc::ceiling-raw::0:1:0"", ""46ea557e-3151-43d2-b72b-f212290516cc::ceiling-raw::0:6:1"", ""46ea557e-3151-43d2-b72b-f212290516cc::ceiling-raw::0:7:0""]"
46ea557e-3151-43d2-b72b-f212290516cc,0,46ea557e-3151-43d2-b72b-f212290516cc::eave-chain::0:3,2,5.573224,139.482109,0.818157,"[-10.650031, -9.517212]","[-7.005316, -13.781928]","[""46ea557e-3151-43d2-b72b-f212290516cc::ceiling-raw::0:2:0"", ""46ea557e-3151-43d2-b72b-f212290516cc::ceiling-raw::0:4:0""]"
46ea557e-3151-43d2-b72b-f212290516cc,0,46ea557e-3151-43d2-b72b-f212290516cc::eave-chain::0:4,2,6.146618,49.933531,0.818211,"[-8.843128, -11.664877]","[-6.471362, -9.670035]","[""46ea557e-3151-43d2-b72b-f212290516cc::ceiling-raw::0:2:0"", ""46ea557e-3151-43d2-b72b-f212290516cc::ceiling-raw::0:4:0""]"
46ea557e-3151-43d2-b72b-f212290516cc,0,46ea557e-3151-43d2-b72b-f212290516cc::eave-chain::0:5,1,3.090805,49.928123,0.8289,"[-8.2847, -7.5274]","[-10.6499, -9.5171]","[""46ea557e-3151-43d2-b72b-f212290516cc::ceiling-raw::0:2:0""]"
46ea557e-3151-43d2-b72b-f212290516cc,0,46ea557e-3151-43d2-b72b-f212290516cc::eave-chain::0:6,2,5.468822,49.12594,0.801752,"[-7.001548, -13.78645]","[-2.346206, -9.757554]","[""46ea557e-3151-43d2-b72b-f212290516cc::ceiling-raw::0:4:0"", ""46ea557e-3151-43d2-b72b-f212290516cc::ceiling-raw::0:5:0""]"
46ea557e-3151-43d2-b72b-f212290516cc,0,46ea557e-3151-43d2-b72b-f212290516cc::eave-chain::0:7,2,3.978674,139.84025,0.803559,"[-4.654557, -11.8043]","[-6.450461, -9.676104]","[""46ea557e-3151-43d2-b72b-f212290516cc::ceiling-raw::0:4:0"", ""46ea557e-3151-43d2-b72b-f212290516cc::ceiling-raw::0:5:0""]"
46ea557e-3151-43d2-b72b-f212290516cc,0,46ea557e-3151-43d2-b72b-f212290516cc::eave-chain::0:8,1,0.658629,49.92711,0.7946,"[-4.9994, -11.3751]","[-4.4954, -10.9511]","[""46ea557e-3151-43d2-b72b-f212290516cc::ceiling-raw::0:5:0""]"
46ea557e-3151-43d2-b72b-f212290516cc,0,46ea557e-3151-43d2-b72b-f212290516cc::eave-chain::0:9,1,0.471616,139.928438,0.7946,"[-4.4954, -10.9511]","[-4.1918, -11.312]","[""46ea557e-3151-43d2-b72b-f212290516cc::ceiling-raw::0:5:0""]"
46ea557e-3151-43d2-b72b-f212290516cc,0,46ea557e-3151-43d2-b72b-f212290516cc::eave-chain::0:10,1,0.505828,139.931925,0.7946,"[-2.3453, -9.7586]","[-2.6709, -9.3715]","[""46ea557e-3151-43d2-b72b-f212290516cc::ceiling-raw::0:5:0""]"
46ea557e-3151-43d2-b72b-f212290516cc,0,46ea557e-3151-43d2-b72b-f212290516cc::eave-chain::0:11,1,0.577721,49.929037,0.7946,"[-2.6709, -9.3715]","[-2.2288, -8.9996]","[""46ea557e-3151-43d2-b72b-f212290516cc::ceiling-raw::0:5:0""]"
46ea557e-3151-43d2-b72b-f212290516cc,0,46ea557e-3151-43d2-b72b-f212290516cc::eave-chain::0:12,2,8.173029,139.96755,0.593966,"[-0.262684, -1.691045]","[-3.090599, 1.67526]","[""46ea557e-3151-43d2-b72b-f212290516cc::ceiling-raw::0:6:1"", ""46ea557e-3151-43d2-b72b-f212290516cc::ceiling-raw::0:7:0""]"
46ea557e-3151-43d2-b72b-f212290516cc,0,46ea557e-3151-43d2-b72b-f212290516cc::eave-chain::0:13,2,10.163268,51.769061,0.607647,"[0.0038, 3.872564]","[-7.953916, -2.396501]","[""46ea557e-3151-43d2-b72b-f212290516cc::ceiling-raw::0:6:1"", ""46ea557e-3151-43d2-b72b-f212290516cc::ceiling-raw::0:7:0""]"
46ea557e-3151-43d2-b72b-f212290516cc,0,46ea557e-3151-43d2-b72b-f212290516cc::eave-chain::0:14,1,4.059799,139.927898,0.5378,"[2.6335, 0.7453]","[0.02, 3.852]","[""46ea557e-3151-43d2-b72b-f212290516cc::ceiling-raw::0:7:0""]"
494a97c4-ab7e-4021-9345-c46fecfd1d67,0,494a97c4-ab7e-4021-9345-c46fecfd1d67::eave-chain::0:0,1,0.59806,154.656102,0.863,"[-15.3672, -4.6019]","[-15.1112, -5.1424]","[""494a97c4-ab7e-4021-9345-c46fecfd1d67::ceiling-raw::0:0:0""]"
494a97c4-ab7e-4021-9345-c46fecfd1d67,0,494a97c4-ab7e-4021-9345-c46fecfd1d67::eave-chain::0:1,2,1.803585,100.328569,0.865006,"[-14.149142, -5.358017]","[-15.148683, -5.175855]","[""494a97c4-ab7e-4021-9345-c46fecfd1d67::ceiling-raw::0:0:0"", ""494a97c4-ab7e-4021-9345-c46fecfd1d67::ceiling-raw::0:1:0""]"
494a97c4-ab7e-4021-9345-c46fecfd1d67,0,494a97c4-ab7e-4021-9345-c46fecfd1d67::eave-chain::0:2,2,8.612094,65.182883,0.863271,"[-11.0945, -2.577435]","[-17.823647, -5.689177]","[""494a97c4-ab7e-4021-9345-c46fecfd1d67::ceiling-raw::0:0:0"", ""494a97c4-ab7e-4021-9345-c46fecfd1d67::ceiling-raw::0:2:0""]"
494a97c4-ab7e-4021-9345-c46fecfd1d67,0,494a97c4-ab7e-4021-9345-c46fecfd1d67::eave-chain::0:3,2,6.437136,154.628174,0.856373,"[-11.681283, -7.87511]","[-13.076373, -4.933325]","[""494a97c4-ab7e-4021-9345-c46fecfd1d67::ceiling-raw::0:1:0"", ""494a97c4-ab7e-4021-9345-c46fecfd1d67::ceiling-raw::0:4:0""]"
494a97c4-ab7e-4021-9345-c46fecfd1d67,0,494a97c4-ab7e-4021-9345-c46fecfd1d67::eave-chain::0:4,1,1.279164,69.775804,0.8667,"[-15.1525, -5.1968]","[-16.3528, -5.639]","[""494a97c4-ab7e-4021-9345-c46fecfd1d67::ceiling-raw::0:1:0""]"
494a97c4-ab7e-4021-9345-c46fecfd1d67,0,494a97c4-ab7e-4021-9345-c46fecfd1d67::eave-chain::0:5,1,4.037038,154.366108,0.8667,"[-16.3528, -5.639]","[-14.6063, -9.2787]","[""494a97c4-ab7e-4021-9345-c46fecfd1d67::ceiling-raw::0:1:0""]"
494a97c4-ab7e-4021-9345-c46fecfd1d67,0,494a97c4-ab7e-4021-9345-c46fecfd1d67::eave-chain::0:6,4,10.20394,65.256758,0.869231,"[-14.630613, -9.225945]","[-5.218664, -4.888323]","[""494a97c4-ab7e-4021-9345-c46fecfd1d67::ceiling-raw::0:1:0"", ""494a97c4-ab7e-4021-9345-c46fecfd1d67::ceiling-raw::0:4:0"", ""494a97c4-ab7e-4021-9345-c46fecfd1d67::ceiling-raw::0:5:0"", ""494a97c4-ab7e-4021-9345-c46fecfd1d67::ceiling-raw::0:7:1""]"
494a97c4-ab7e-4021-9345-c46fecfd1d67,0,494a97c4-ab7e-4021-9345-c46fecfd1d67::eave-chain::0:7,2,4.767544,154.898319,0.855856,"[-15.246477, -3.392762]","[-16.277728, -1.191445]","[""494a97c4-ab7e-4021-9345-c46fecfd1d67::ceiling-raw::0:2:0"", ""494a97c4-ab7e-4021-9345-c46fecfd1d67::ceiling-raw::0:3:0""]"
494a97c4-ab7e-4021-9345-c46fecfd1d67,0,494a97c4-ab7e-4021-9345-c46fecfd1d67::eave-chain::0:8,2,7.363164,65.140705,0.854862,"[-12.561556, 0.513657]","[-19.272943, -2.595871]","[""494a97c4-ab7e-4021-9345-c46fecfd1d67::ceiling-raw::0:2:0"", ""494a97c4-ab7e-4021-9345-c46fecfd1d67::ceiling-raw::0:3:0""]"
494a97c4-ab7e-4021-9345-c46fecfd1d67,0,494a97c4-ab7e-4021-9345-c46fecfd1d67::eave-chain::0:9,1,3.404087,154.894643,0.8636,"[-19.2733, -2.5951]","[-17.829, -5.6776]","[""494a97c4-ab7e-4021-9345-c46fecfd1d67::ceiling-raw::0:2:0""]"
494a97c4-ab7e-4021-9345-c46fecfd1d67,0,494a97c4-ab7e-4021-9345-c46fecfd1d67::eave-chain::0:10,2,4.440325,154.532888,0.919285,"[-12.555507, 0.517445]","[-11.113594, -2.51006]","[""494a97c4-ab7e-4021-9345-c46fecfd1d67::ceiling-raw::0:3:0"", ""494a97c4-ab7e-4021-9345-c46fecfd1d67::ceiling-raw::0:7:0""]"
494a97c4-ab7e-4021-9345-c46fecfd1d67,0,494a97c4-ab7e-4021-9345-c46fecfd1d67::eave-chain::0:11,2,6.431854,154.872156,0.855157,"[-11.221578, -4.064109]","[-9.838425, -7.013092]","[""494a97c4-ab7e-4021-9345-c46fecfd1d67::ceiling-raw::0:4:0"", ""494a97c4-ab7e-4021-9345-c46fecfd1d67::ceiling-raw::0:5:0""]"
494a97c4-ab7e-4021-9345-c46fecfd1d67,0,494a97c4-ab7e-4021-9345-c46fecfd1d67::eave-chain::0:12,1,1.826475,154.89271,0.8643,"[-7.6875, -6.0052]","[-8.4625, -4.3513]","[""494a97c4-ab7e-4021-9345-c46fecfd1d67::ceiling-raw::0:5:0""]"
494a97c4-ab7e-4021-9345-c46fecfd1d67,0,494a97c4-ab7e-4021-9345-c46fecfd1d67::eave-chain::0:13,1,0.67102,124.826927,1.04495,"[-5.5914, -4.0931]","[-5.0406, -4.4763]","[""494a97c4-ab7e-4021-9345-c46fecfd1d67::ceiling-raw::0:7:0""]"
494a97c4-ab7e-4021-9345-c46fecfd1d67,0,494a97c4-ab7e-4021-9345-c46fecfd1d67::eave-chain::0:14,1,0.831312,20.5867,1.04495,"[-5.0406, -4.4763]","[-4.7483, -3.6981]","[""494a97c4-ab7e-4021-9345-c46fecfd1d67::ceiling-raw::0:7:0""]"
494a97c4-ab7e-4021-9345-c46fecfd1d67,0,494a97c4-ab7e-4021-9345-c46fecfd1d67::eave-chain::0:15,2,4.757195,154.88786,0.942547,"[-4.737253, -3.692923]","[-5.766686, -1.496531]","[""494a97c4-ab7e-4021-9345-c46fecfd1d67::ceiling-raw::0:7:0"", ""494a97c4-ab7e-4021-9345-c46fecfd1d67::ceiling-raw::0:8:0""]"
494a97c4-ab7e-4021-9345-c46fecfd1d67,0,494a97c4-ab7e-4021-9345-c46fecfd1d67::eave-chain::0:16,1,4.658433,64.893274,0.9709,"[-7.8757, 1.5741]","[-12.094, -0.4025]","[""494a97c4-ab7e-4021-9345-c46fecfd1d67::ceiling-raw::0:7:0""]"
494a97c4-ab7e-4021-9345-c46fecfd1d67,0,494a97c4-ab7e-4021-9345-c46fecfd1d67::eave-chain::0:17,2,3.544467,154.516442,0.853267,"[-3.546793, -1.666933]","[-2.569878, -3.716591]","[""494a97c4-ab7e-4021-9345-c46fecfd1d67::ceiling-raw::0:8:0"", ""494a97c4-ab7e-4021-9345-c46fecfd1d67::ceiling-raw::0:9:0""]"
494a97c4-ab7e-4021-9345-c46fecfd1d67,0,494a97c4-ab7e-4021-9345-c46fecfd1d67::eave-chain::0:18,1,1.906104,64.89231,0.8541,"[-4.7362, -3.667]","[-3.0102, -2.8582]","[""494a97c4-ab7e-4021-9345-c46fecfd1d67::ceiling-raw::0:8:0""]"
494a97c4-ab7e-4021-9345-c46fecfd1d67,0,494a97c4-ab7e-4021-9345-c46fecfd1d67::eave-chain::0:19,2,4.492149,64.425372,0.874837,"[-2.554304, -3.710954]","[1.578194, -1.733242]","[""494a97c4-ab7e-4021-9345-c46fecfd1d67::ceiling-raw::0:11:0"", ""494a97c4-ab7e-4021-9345-c46fecfd1d67::ceiling-raw::0:9:0""]"
494a97c4-ab7e-4021-9345-c46fecfd1d67,0,494a97c4-ab7e-4021-9345-c46fecfd1d67::eave-chain::0:20,2,6.539575,154.885031,0.878666,"[-0.150968, -2.583001]","[-1.561683, 0.426505]","[""494a97c4-ab7e-4021-9345-c46fecfd1d67::ceiling-raw::0:11:0"", ""494a97c4-ab7e-4021-9345-c46fecfd1d67::ceiling-raw::0:9:0""]"
494a97c4-ab7e-4021-9345-c46fecfd1d67,0,494a97c4-ab7e-4021-9345-c46fecfd1d67::eave-chain::0:21,2,5.360515,65.401313,0.882883,"[-2.975289, -0.241725]","[0.198738, 1.21137]","[""494a97c4-ab7e-4021-9345-c46fecfd1d67::ceiling-raw::0:10:0"", ""494a97c4-ab7e-4021-9345-c46fecfd1d67::ceiling-raw::0:11:0""]"
494a97c4-ab7e-4021-9345-c46fecfd1d67,0,494a97c4-ab7e-4021-9345-c46fecfd1d67::eave-chain::0:22,2,6.89724,154.796932,0.886879,"[1.577469, -1.732062]","[-1.399145, 4.592685]","[""494a97c4-ab7e-4021-9345-c46fecfd1d67::ceiling-raw::0:10:0"", ""494a97c4-ab7e-4021-9345-c46fecfd1d67::ceiling-raw::0:11:0""]"
494a97c4-ab7e-4021-9345-c46fecfd1d67,0,494a97c4-ab7e-4021-9345-c46fecfd1d67::eave-chain::0:23,1,3.478527,64.894347,0.8707,"[-1.3989, 4.5928]","[-4.5488, 3.1169]","[""494a97c4-ab7e-4021-9345-c46fecfd1d67::ceiling-raw::0:10:0""]"
494a97c4-ab7e-4021-9345-c46fecfd1d67,0,494a97c4-ab7e-4021-9345-c46fecfd1d67::eave-chain::0:24,1,3.681537,154.893224,0.8707,"[-4.5488, 3.1169]","[-2.9867, -0.2168]","[""494a97c4-ab7e-4021-9345-c46fecfd1d67::ceiling-raw::0:10:0""]"
4fe068d2-f39e-47ed-8c15-35b6396862bf,0,4fe068d2-f39e-47ed-8c15-35b6396862bf::eave-chain::0:0,2,7.367009,88.200753,0.740644,"[6.021707, -1.293352]","[1.700854, -1.429083]","[""4fe068d2-f39e-47ed-8c15-35b6396862bf::ceiling-raw::0:6:0"", ""4fe068d2-f39e-47ed-8c15-35b6396862bf::ceiling-raw::0:7:0""]"
4fe068d2-f39e-47ed-8c15-35b6396862bf,0,4fe068d2-f39e-47ed-8c15-35b6396862bf::eave-chain::0:1,2,7.295181,176.888829,0.738946,"[1.778765, -4.405417]","[1.360327, 3.293022]","[""4fe068d2-f39e-47ed-8c15-35b6396862bf::ceiling-raw::0:10:0"", ""4fe068d2-f39e-47ed-8c15-35b6396862bf::ceiling-raw::0:6:0""]"
4fe068d2-f39e-47ed-8c15-35b6396862bf,0,4fe068d2-f39e-47ed-8c15-35b6396862bf::eave-chain::0:2,1,4.323008,88.389465,0.7399,"[1.7846, -4.4051]","[6.1059, -4.2836]","[""4fe068d2-f39e-47ed-8c15-35b6396862bf::ceiling-raw::0:6:0""]"
4fe068d2-f39e-47ed-8c15-35b6396862bf,0,4fe068d2-f39e-47ed-8c15-35b6396862bf::eave-chain::0:3,3,9.104794,178.201524,0.740926,"[6.10439, -4.283647]","[5.813434, 4.982566]","[""4fe068d2-f39e-47ed-8c15-35b6396862bf::ceiling-raw::0:6:0"", ""4fe068d2-f39e-47ed-8c15-35b6396862bf::ceiling-raw::0:7:0"", ""4fe068d2-f39e-47ed-8c15-35b6396862bf::ceiling-raw::0:8:0""]"
4fe068d2-f39e-47ed-8c15-35b6396862bf,0,4fe068d2-f39e-47ed-8c15-35b6396862bf::eave-chain::0:4,2,7.0947,88.590049,0.741415,"[1.867104, 1.355555]","[5.923952, 1.455407]","[""4fe068d2-f39e-47ed-8c15-35b6396862bf::ceiling-raw::0:7:0"", ""4fe068d2-f39e-47ed-8c15-35b6396862bf::ceiling-raw::0:8:0""]"
4fe068d2-f39e-47ed-8c15-35b6396862bf,0,4fe068d2-f39e-47ed-8c15-35b6396862bf::eave-chain::0:5,2,2.062716,178.353734,0.745104,"[2.343555, 4.890622]","[2.373691, 3.84208]","[""4fe068d2-f39e-47ed-8c15-35b6396862bf::ceiling-raw::0:8:0"", ""4fe068d2-f39e-47ed-8c15-35b6396862bf::ceiling-raw::0:9:0""]"
4fe068d2-f39e-47ed-8c15-35b6396862bf,0,4fe068d2-f39e-47ed-8c15-35b6396862bf::eave-chain::0:6,2,3.881733,88.452811,0.742065,"[5.817706, 4.98249]","[1.900438, 4.876684]","[""4fe068d2-f39e-47ed-8c15-35b6396862bf::ceiling-raw::0:8:0"", ""4fe068d2-f39e-47ed-8c15-35b6396862bf::ceiling-raw::0:9:0""]"
4fe068d2-f39e-47ed-8c15-35b6396862bf,0,4fe068d2-f39e-47ed-8c15-35b6396862bf::eave-chain::0:7,1,4.348018,178.389504,0.7383,"[-0.4092, 3.2436]","[-0.287, -1.1027]","[""4fe068d2-f39e-47ed-8c15-35b6396862bf::ceiling-raw::0:10:0""]"
4fe068d2-f39e-47ed-8c15-35b6396862bf,0,4fe068d2-f39e-47ed-8c15-35b6396862bf::eave-chain::0:8,1,1.782701,88.392796,0.7383,"[-0.287, -1.1027]","[1.495, -1.0527]","[""4fe068d2-f39e-47ed-8c15-35b6396862bf::ceiling-raw::0:10:0""]"
4fe068d2-f39e-47ed-8c15-35b6396862bf,1,4fe068d2-f39e-47ed-8c15-35b6396862bf::eave-chain::1:0,1,1.12803,89.13141,3.0205,"[1.4066, -1.1648]","[0.2787, -1.1819]","[""4fe068d2-f39e-47ed-8c15-35b6396862bf::ceiling-raw::1:4:0""]"
4fe068d2-f39e-47ed-8c15-35b6396862bf,1,4fe068d2-f39e-47ed-8c15-35b6396862bf::eave-chain::1:1,1,1.037708,88.393069,3.0205,"[0.4631, -4.5317]","[1.5004, -4.5026]","[""4fe068d2-f39e-47ed-8c15-35b6396862bf::ceiling-raw::1:4:0""]"
4fe068d2-f39e-47ed-8c15-35b6396862bf,1,4fe068d2-f39e-47ed-8c15-35b6396862bf::eave-chain::1:2,1,3.339118,178.390278,3.0205,"[1.5004, -4.5026]","[1.4066, -1.1648]","[""4fe068d2-f39e-47ed-8c15-35b6396862bf::ceiling-raw::1:4:0""]"
4fe068d2-f39e-47ed-8c15-35b6396862bf,1,4fe068d2-f39e-47ed-8c15-35b6396862bf::eave-chain::1:3,1,3.353637,178.236558,2.5143,"[-0.7441, -1.2107]","[-0.6409, -4.5627]","[""4fe068d2-f39e-47ed-8c15-35b6396862bf::ceiling-raw::1:4:1""]"
4fe068d2-f39e-47ed-8c15-35b6396862bf,2,4fe068d2-f39e-47ed-8c15-35b6396862bf::eave-chain::2:0,2,8.340292,88.31425,3.367188,"[5.869942, 1.449137]","[1.518711, 1.321079]","[""4fe068d2-f39e-47ed-8c15-35b6396862bf::ceiling-raw::2:0:0"", ""4fe068d2-f39e-47ed-8c15-35b6396862bf::ceiling-raw::2:1:0""]"
4fe068d2-f39e-47ed-8c15-35b6396862bf,2,4fe068d2-f39e-47ed-8c15-35b6396862bf::eave-chain::2:1,2,9.987842,178.101418,3.377728,"[1.416613, 3.244828]","[1.671679, -4.449809]","[""4fe068d2-f39e-47ed-8c15-35b6396862bf::ceiling-raw::2:0:0"", ""4fe068d2-f39e-47ed-8c15-35b6396862bf::ceiling-raw::2:3:0""]"
4fe068d2-f39e-47ed-8c15-35b6396862bf,2,4fe068d2-f39e-47ed-8c15-35b6396862bf::eave-chain::2:2,1,4.353118,88.390075,3.3898,"[1.681, -4.4495]","[6.0324, -4.3272]","[""4fe068d2-f39e-47ed-8c15-35b6396862bf::ceiling-raw::2:0:0""]"
4fe068d2-f39e-47ed-8c15-35b6396862bf,2,4fe068d2-f39e-47ed-8c15-35b6396862bf::eave-chain::2:3,2,9.212136,178.379133,3.371829,"[6.032482, -4.327198]","[5.768301, 5.008803]","[""4fe068d2-f39e-47ed-8c15-35b6396862bf::ceiling-raw::2:0:0"", ""4fe068d2-f39e-47ed-8c15-35b6396862bf::ceiling-raw::2:1:0""]"
4fe068d2-f39e-47ed-8c15-35b6396862bf,2,4fe068d2-f39e-47ed-8c15-35b6396862bf::eave-chain::2:4,3,12.000838,88.514823,3.271918,"[-3.545582, 4.776986]","[5.76795, 5.018459]","[""4fe068d2-f39e-47ed-8c15-35b6396862bf::ceiling-raw::2:1:0"", ""4fe068d2-f39e-47ed-8c15-35b6396862bf::ceiling-raw::2:3:0"", ""4fe068d2-f39e-47ed-8c15-35b6396862bf::ceiling-raw::2:5:0""]"
4fe068d2-f39e-47ed-8c15-35b6396862bf,2,4fe068d2-f39e-47ed-8c15-35b6396862bf::eave-chain::2:5,1,5.928141,178.389591,3.3616,"[-3.5451, 4.7584]","[-3.3785, -1.1674]","[""4fe068d2-f39e-47ed-8c15-35b6396862bf::ceiling-raw::2:3:0""]"
4fe068d2-f39e-47ed-8c15-35b6396862bf,2,4fe068d2-f39e-47ed-8c15-35b6396862bf::eave-chain::2:6,1,4.904234,88.39105,3.3616,"[-3.3785, -1.1674]","[1.5238, -1.0297]","[""4fe068d2-f39e-47ed-8c15-35b6396862bf::ceiling-raw::2:3:0""]"
4fe068d2-f39e-47ed-8c15-35b6396862bf,2,4fe068d2-f39e-47ed-8c15-35b6396862bf::eave-chain::2:7,1,4.68905,88.390538,3.1498,"[2.0005, 8.8434]","[-2.6867, 8.7117]","[""4fe068d2-f39e-47ed-8c15-35b6396862bf::ceiling-raw::2:5:0""]"
4fe068d2-f39e-47ed-8c15-35b6396862bf,2,4fe068d2-f39e-47ed-8c15-35b6396862bf::eave-chain::2:8,1,3.886432,178.39138,3.1498,"[-2.6867, 8.7117]","[-2.5776, 4.8268]","[""4fe068d2-f39e-47ed-8c15-35b6396862bf::ceiling-raw::2:5:0""]"
4fe068d2-f39e-47ed-8c15-35b6396862bf,2,4fe068d2-f39e-47ed-8c15-35b6396862bf::eave-chain::2:9,1,3.886434,178.389907,3.1498,"[2.1097, 4.9585]","[2.0005, 8.8434]","[""4fe068d2-f39e-47ed-8c15-35b6396862bf::ceiling-raw::2:5:0""]"
513a4b03-cfb1-4221-99ff-d9b7d1e1d3f6,0,513a4b03-cfb1-4221-99ff-d9b7d1e1d3f6::eave-chain::0:0,1,3.72399,13.82541,-1.4467,"[2.36, -5.3312]","[3.2499, -1.7151]","[""513a4b03-cfb1-4221-99ff-d9b7d1e1d3f6::ceiling-raw::0:0:0""]"
513a4b03-cfb1-4221-99ff-d9b7d1e1d3f6,0,513a4b03-cfb1-4221-99ff-d9b7d1e1d3f6::eave-chain::0:1,1,3.217403,103.824607,-1.4467,"[3.2499, -1.7151]","[0.1257, -0.9463]","[""513a4b03-cfb1-4221-99ff-d9b7d1e1d3f6::ceiling-raw::0:0:0""]"
513a4b03-cfb1-4221-99ff-d9b7d1e1d3f6,0,513a4b03-cfb1-4221-99ff-d9b7d1e1d3f6::eave-chain::0:2,2,7.421592,13.812953,-1.489189,"[-3.383911, -0.059566]","[-4.278358, -3.697551]","[""513a4b03-cfb1-4221-99ff-d9b7d1e1d3f6::ceiling-raw::0:0:0"", ""513a4b03-cfb1-4221-99ff-d9b7d1e1d3f6::ceiling-raw::0:2:0""]"
513a4b03-cfb1-4221-99ff-d9b7d1e1d3f6,0,513a4b03-cfb1-4221-99ff-d9b7d1e1d3f6::eave-chain::0:3,2,8.655573,104.221175,-1.465142,"[-6.112298, -3.188217]","[2.359007, -5.335119]","[""513a4b03-cfb1-4221-99ff-d9b7d1e1d3f6::ceiling-raw::0:0:0"", ""513a4b03-cfb1-4221-99ff-d9b7d1e1d3f6::ceiling-raw::0:2:0""]"
513a4b03-cfb1-4221-99ff-d9b7d1e1d3f6,0,513a4b03-cfb1-4221-99ff-d9b7d1e1d3f6::eave-chain::0:4,1,1.860406,103.826351,-1.5325,"[-3.4244, -0.0514]","[-5.2309, 0.3932]","[""513a4b03-cfb1-4221-99ff-d9b7d1e1d3f6::ceiling-raw::0:2:0""]"
513a4b03-cfb1-4221-99ff-d9b7d1e1d3f6,0,513a4b03-cfb1-4221-99ff-d9b7d1e1d3f6::eave-chain::0:5,1,3.675264,13.824506,-1.5325,"[-5.2309, 0.3932]","[-6.1091, -3.1756]","[""513a4b03-cfb1-4221-99ff-d9b7d1e1d3f6::ceiling-raw::0:2:0""]"
513a4b03-cfb1-4221-99ff-d9b7d1e1d3f6,1,513a4b03-cfb1-4221-99ff-d9b7d1e1d3f6::eave-chain::1:0,3,13.77397,105.351566,0.705723,"[3.504655, -0.734624]","[-4.858889, 1.561476]","[""513a4b03-cfb1-4221-99ff-d9b7d1e1d3f6::ceiling-raw::1:4:0"", ""513a4b03-cfb1-4221-99ff-d9b7d1e1d3f6::ceiling-raw::1:4:1"", ""513a4b03-cfb1-4221-99ff-d9b7d1e1d3f6::ceiling-raw::1:5:3""]"
513a4b03-cfb1-4221-99ff-d9b7d1e1d3f6,1,513a4b03-cfb1-4221-99ff-d9b7d1e1d3f6::eave-chain::1:1,1,2.719795,15.427133,0.6956,"[-4.8546, 1.5771]","[-5.5781, -1.0447]","[""513a4b03-cfb1-4221-99ff-d9b7d1e1d3f6::ceiling-raw::1:4:0""]"
513a4b03-cfb1-4221-99ff-d9b7d1e1d3f6,1,513a4b03-cfb1-4221-99ff-d9b7d1e1d3f6::eave-chain::1:2,2,8.620477,105.423217,-0.301202,"[3.78972, 0.298824]","[-4.57079, 2.605337]","[""513a4b03-cfb1-4221-99ff-d9b7d1e1d3f6::ceiling-raw::1:4:1"", ""513a4b03-cfb1-4221-99ff-d9b7d1e1d3f6::ceiling-raw::1:5:3""]"
513a4b03-cfb1-4221-99ff-d9b7d1e1d3f6,1,513a4b03-cfb1-4221-99ff-d9b7d1e1d3f6::eave-chain::1:3,2,8.545103,105.590342,-0.302938,"[-5.866812, -2.090958]","[2.487063, -4.421883]","[""513a4b03-cfb1-4221-99ff-d9b7d1e1d3f6::ceiling-raw::1:4:2"", ""513a4b03-cfb1-4221-99ff-d9b7d1e1d3f6::ceiling-raw::1:5:1""]"
513a4b03-cfb1-4221-99ff-d9b7d1e1d3f6,1,513a4b03-cfb1-4221-99ff-d9b7d1e1d3f6::eave-chain::1:4,1,2.979858,106.371419,0.74265,"[2.7813, -3.3554]","[-0.0777, -2.5155]","[""513a4b03-cfb1-4221-99ff-d9b7d1e1d3f6::ceiling-raw::1:5:1""]"
52f91e67-3891-4729-8bf3-be2c0a6a0d04,0,52f91e67-3891-4729-8bf3-be2c0a6a0d04::eave-chain::0:0,1,4.006498,89.599577,0.5734,"[-0.8551, -1.5052]","[-4.8615, -1.5332]","[""52f91e67-3891-4729-8bf3-be2c0a6a0d04::ceiling-raw::0:6:0""]"
52f91e67-3891-4729-8bf3-be2c0a6a0d04,0,52f91e67-3891-4729-8bf3-be2c0a6a0d04::eave-chain::0:1,1,4.117896,179.440654,0.5734,"[-4.8615, -1.5332]","[-4.8213, -5.6509]","[""52f91e67-3891-4729-8bf3-be2c0a6a0d04::ceiling-raw::0:6:0""]"
52f91e67-3891-4729-8bf3-be2c0a6a0d04,0,52f91e67-3891-4729-8bf3-be2c0a6a0d04::eave-chain::0:2,2,7.118339,89.440585,0.5734,"[-4.8213, -5.650901]","[2.2967, -5.581401]","[""52f91e67-3891-4729-8bf3-be2c0a6a0d04::ceiling-raw::0:6:0"", ""52f91e67-3891-4729-8bf3-be2c0a6a0d04::ceiling-raw::0:6:1""]"
52f91e67-3891-4729-8bf3-be2c0a6a0d04,0,52f91e67-3891-4729-8bf3-be2c0a6a0d04::eave-chain::0:3,3,8.026347,179.69917,0.5734,"[2.298496, -5.581391]","[2.256355, 2.444644]","[""52f91e67-3891-4729-8bf3-be2c0a6a0d04::ceiling-raw::0:6:1"", ""52f91e67-3891-4729-8bf3-be2c0a6a0d04::ceiling-raw::0:6:2"", ""52f91e67-3891-4729-8bf3-be2c0a6a0d04::ceiling-raw::0:6:3""]"
52f91e67-3891-4729-8bf3-be2c0a6a0d04,0,52f91e67-3891-4729-8bf3-be2c0a6a0d04::eave-chain::0:4,2,2.166783,91.893648,0.5734,"[2.2814, -1.5209]","[1.1986, -1.4851]","[""52f91e67-3891-4729-8bf3-be2c0a6a0d04::ceiling-raw::0:6:1"", ""52f91e67-3891-4729-8bf3-be2c0a6a0d04::ceiling-raw::0:6:2""]"
52f91e67-3891-4729-8bf3-be2c0a6a0d04,0,52f91e67-3891-4729-8bf3-be2c0a6a0d04::eave-chain::0:5,2,2.165222,90.259327,0.5734,"[2.2535, 1.3414]","[1.1709, 1.3463]","[""52f91e67-3891-4729-8bf3-be2c0a6a0d04::ceiling-raw::0:6:2"", ""52f91e67-3891-4729-8bf3-be2c0a6a0d04::ceiling-raw::0:6:3""]"
52f91e67-3891-4729-8bf3-be2c0a6a0d04,0,52f91e67-3891-4729-8bf3-be2c0a6a0d04::eave-chain::0:6,2,2.21183,1.569993,0.5734,"[1.2012, 2.4518]","[1.1709, 1.3463]","[""52f91e67-3891-4729-8bf3-be2c0a6a0d04::ceiling-raw::0:6:3"", ""52f91e67-3891-4729-8bf3-be2c0a6a0d04::ceiling-raw::0:6:4""]"
52f91e67-3891-4729-8bf3-be2c0a6a0d04,0,52f91e67-3891-4729-8bf3-be2c0a6a0d04::eave-chain::0:7,4,4.955009,93.179751,0.5734,"[2.263473, 2.381216]","[-2.695727, 2.65672]","[""52f91e67-3891-4729-8bf3-be2c0a6a0d04::ceiling-raw::0:6:3"", ""52f91e67-3891-4729-8bf3-be2c0a6a0d04::ceiling-raw::0:6:4"", ""52f91e67-3891-4729-8bf3-be2c0a6a0d04::ceiling-raw::0:6:5""]"
52f91e67-3891-4729-8bf3-be2c0a6a0d04,0,52f91e67-3891-4729-8bf3-be2c0a6a0d04::eave-chain::0:8,2,4.127196,179.441915,0.5734,"[-0.4803, 2.4354]","[-0.4602, 0.3719]","[""52f91e67-3891-4729-8bf3-be2c0a6a0d04::ceiling-raw::0:6:4"", ""52f91e67-3891-4729-8bf3-be2c0a6a0d04::ceiling-raw::0:6:5""]"
52f91e67-3891-4729-8bf3-be2c0a6a0d04,0,52f91e67-3891-4729-8bf3-be2c0a6a0d04::eave-chain::0:9,1,0.328016,179.441035,0.5734,"[-1.2994, 2.4274]","[-1.3026, 2.7554]","[""52f91e67-3891-4729-8bf3-be2c0a6a0d04::ceiling-raw::0:6:5""]"
52f91e67-3891-4729-8bf3-be2c0a6a0d04,0,52f91e67-3891-4729-8bf3-be2c0a6a0d04::eave-chain::0:10,1,2.390115,179.439047,0.5734,"[-2.691, 2.7418]","[-2.6676, 0.3518]","[""52f91e67-3891-4729-8bf3-be2c0a6a0d04::ceiling-raw::0:6:5""]"
52f91e67-3891-4729-8bf3-be2c0a6a0d04,1,52f91e67-3891-4729-8bf3-be2c0a6a0d04::eave-chain::1:0,3,10.444804,87.900191,3.070301,"[1.762474, -8.859486]","[-4.343764, -9.083371]","[""52f91e67-3891-4729-8bf3-be2c0a6a0d04::ceiling-raw::1:1:0"", ""52f91e67-3891-4729-8bf3-be2c0a6a0d04::ceiling-raw::1:2:0"", ""52f91e67-3891-4729-8bf3-be2c0a6a0d04::ceiling-raw::1:3:0""]"
52f91e67-3891-4729-8bf3-be2c0a6a0d04,1,52f91e67-3891-4729-8bf3-be2c0a6a0d04::eave-chain::1:1,2,7.643086,177.800031,3.088151,"[1.924403, -13.447558]","[1.628318, -5.740149]","[""52f91e67-3891-4729-8bf3-be2c0a6a0d04::ceiling-raw::1:1:0"", ""52f91e67-3891-4729-8bf3-be2c0a6a0d04::ceiling-raw::1:3:0""]"
52f91e67-3891-4729-8bf3-be2c0a6a0d04,1,52f91e67-3891-4729-8bf3-be2c0a6a0d04::eave-chain::1:2,1,1.412767,87.992082,3.1623,"[1.627, -5.7402]","[0.2151, -5.7897]","[""52f91e67-3891-4729-8bf3-be2c0a6a0d04::ceiling-raw::1:1:0""]"
52f91e67-3891-4729-8bf3-be2c0a6a0d04,1,52f91e67-3891-4729-8bf3-be2c0a6a0d04::eave-chain::1:3,1,1.397656,87.994974,3.0204,"[-1.4048, -5.9041]","[-2.8016, -5.953]","[""52f91e67-3891-4729-8bf3-be2c0a6a0d04::ceiling-raw::1:2:0""]"
52f91e67-3891-4729-8bf3-be2c0a6a0d04,1,52f91e67-3891-4729-8bf3-be2c0a6a0d04::eave-chain::1:4,1,3.048268,177.994038,3.0204,"[-2.8016, -5.953]","[-2.6949, -8.9994]","[""52f91e67-3891-4729-8bf3-be2c0a6a0d04::ceiling-raw::1:2:0""]"
52f91e67-3891-4729-8bf3-be2c0a6a0d04,1,52f91e67-3891-4729-8bf3-be2c0a6a0d04::eave-chain::1:5,1,4.541084,177.993455,3.0375,"[-4.3423, -9.1233]","[-4.1833, -13.6616]","[""52f91e67-3891-4729-8bf3-be2c0a6a0d04::ceiling-raw::1:3:0""]"
52f91e67-3891-4729-8bf3-be2c0a6a0d04,1,52f91e67-3891-4729-8bf3-be2c0a6a0d04::eave-chain::1:6,1,6.110349,87.992945,3.0375,"[-4.1833, -13.6616]","[1.9233, -13.4476]","[""52f91e67-3891-4729-8bf3-be2c0a6a0d04::ceiling-raw::1:3:0""]"
52f91e67-3891-4729-8bf3-be2c0a6a0d04,2,52f91e67-3891-4729-8bf3-be2c0a6a0d04::eave-chain::2:0,1,3.180184,176.369047,6.2388,"[-3.0974, -2.4556]","[-2.896, -5.6294]","[""52f91e67-3891-4729-8bf3-be2c0a6a0d04::ceiling-raw::2:4:0""]"
52f91e67-3891-4729-8bf3-be2c0a6a0d04,2,52f91e67-3891-4729-8bf3-be2c0a6a0d04::eave-chain::2:1,1,3.529189,88.280474,6.2388,"[-2.896, -5.6294]","[0.6316, -5.5235]","[""52f91e67-3891-4729-8bf3-be2c0a6a0d04::ceiling-raw::2:4:0""]"
52f91e67-3891-4729-8bf3-be2c0a6a0d04,2,52f91e67-3891-4729-8bf3-be2c0a6a0d04::eave-chain::2:2,2,3.759496,88.27902,6.2388,"[0.4352, 2.633009]","[-3.3226, 2.520103]","[""52f91e67-3891-4729-8bf3-be2c0a6a0d04::ceiling-raw::2:4:0"", ""52f91e67-3891-4729-8bf3-be2c0a6a0d04::ceiling-raw::2:4:13""]"
52f91e67-3891-4729-8bf3-be2c0a6a0d04,2,52f91e67-3891-4729-8bf3-be2c0a6a0d04::eave-chain::2:3,2,7.786911,178.27945,6.2388,"[-0.4839, 2.6054]","[-0.367, -1.2863]","[""52f91e67-3891-4729-8bf3-be2c0a6a0d04::ceiling-raw::2:4:0"", ""52f91e67-3891-4729-8bf3-be2c0a6a0d04::ceiling-raw::2:4:13""]"
52f91e67-3891-4729-8bf3-be2c0a6a0d04,2,52f91e67-3891-4729-8bf3-be2c0a6a0d04::eave-chain::2:4,1,2.610894,178.070669,5.3302,"[1.4604, -5.4985]","[1.3725, -2.8891]","[""52f91e67-3891-4729-8bf3-be2c0a6a0d04::ceiling-raw::2:4:6""]"
52f91e67-3891-4729-8bf3-be2c0a6a0d04,2,52f91e67-3891-4729-8bf3-be2c0a6a0d04::eave-chain::2:5,2,3.904707,173.201024,4.342255,"[2.341145, -1.21698]","[1.877079, 2.675381]","[""52f91e67-3891-4729-8bf3-be2c0a6a0d04::ceiling-raw::2:4:7"", ""52f91e67-3891-4729-8bf3-be2c0a6a0d04::ceiling-raw::2:4:8""]"
52f91e67-3891-4729-8bf3-be2c0a6a0d04,2,52f91e67-3891-4729-8bf3-be2c0a6a0d04::eave-chain::2:6,2,8.158526,178.30683,5.327799,"[-4.074882, 2.497465]","[-3.83382, -5.657539]","[""52f91e67-3891-4729-8bf3-be2c0a6a0d04::ceiling-raw::2:4:11"", ""52f91e67-3891-4729-8bf3-be2c0a6a0d04::ceiling-raw::2:4:14""]"
53ba9e35-1aeb-43e2-87d2-27be83b949f5,0,53ba9e35-1aeb-43e2-87d2-27be83b949f5::eave-chain::0:0,2,3.690917,162.894785,1.139212,"[-7.842091, -2.561591]","[-7.239948, -4.518254]","[""53ba9e35-1aeb-43e2-87d2-27be83b949f5::ceiling-raw::0:0:0"", ""53ba9e35-1aeb-43e2-87d2-27be83b949f5::ceiling-raw::0:2:0""]"
53ba9e35-1aeb-43e2-87d2-27be83b949f5,0,53ba9e35-1aeb-43e2-87d2-27be83b949f5::eave-chain::0:1,5,12.650375,73.19626,1.132711,"[-9.857882, -5.196964]","[2.611999, -1.431197]","[""53ba9e35-1aeb-43e2-87d2-27be83b949f5::ceiling-raw::0:0:0"", ""53ba9e35-1aeb-43e2-87d2-27be83b949f5::ceiling-raw::0:1:0"", ""53ba9e35-1aeb-43e2-87d2-27be83b949f5::ceiling-raw::0:2:0"", ""53ba9e35-1aeb-43e2-87d2-27be83b949f5::ceiling-raw::0:5:0"", ""53ba9e35-1aeb-43e2-87d2-27be83b949f5::ceiling-raw::0:7:0""]"
53ba9e35-1aeb-43e2-87d2-27be83b949f5,0,53ba9e35-1aeb-43e2-87d2-27be83b949f5::eave-chain::0:2,4,14.623735,162.633983,1.117654,"[-6.129068, -4.176281]","[-8.355537, 2.943185]","[""53ba9e35-1aeb-43e2-87d2-27be83b949f5::ceiling-raw::0:0:0"", ""53ba9e35-1aeb-43e2-87d2-27be83b949f5::ceiling-raw::0:1:0"", ""53ba9e35-1aeb-43e2-87d2-27be83b949f5::ceiling-raw::0:3:0"", ""53ba9e35-1aeb-43e2-87d2-27be83b949f5::ceiling-raw::0:5:0""]"
53ba9e35-1aeb-43e2-87d2-27be83b949f5,0,53ba9e35-1aeb-43e2-87d2-27be83b949f5::eave-chain::0:3,2,6.805007,162.916976,1.106779,"[-5.059891, -0.174358]","[-4.040265, -3.492203]","[""53ba9e35-1aeb-43e2-87d2-27be83b949f5::ceiling-raw::0:1:0"", ""53ba9e35-1aeb-43e2-87d2-27be83b949f5::ceiling-raw::0:5:0""]"
53ba9e35-1aeb-43e2-87d2-27be83b949f5,0,53ba9e35-1aeb-43e2-87d2-27be83b949f5::eave-chain::0:4,2,4.151,72.903776,1.131718,"[-8.549749, -2.363302]","[-10.540337, -2.975543]","[""53ba9e35-1aeb-43e2-87d2-27be83b949f5::ceiling-raw::0:2:0"", ""53ba9e35-1aeb-43e2-87d2-27be83b949f5::ceiling-raw::0:4:0""]"
53ba9e35-1aeb-43e2-87d2-27be83b949f5,0,53ba9e35-1aeb-43e2-87d2-27be83b949f5::eave-chain::0:5,3,7.077419,162.25064,1.12595,"[-12.064691, 1.765836]","[-9.868177, -5.096335]","[""53ba9e35-1aeb-43e2-87d2-27be83b949f5::ceiling-raw::0:2:0"", ""53ba9e35-1aeb-43e2-87d2-27be83b949f5::ceiling-raw::0:3:0"", ""53ba9e35-1aeb-43e2-87d2-27be83b949f5::ceiling-raw::0:4:0""]"
53ba9e35-1aeb-43e2-87d2-27be83b949f5,0,53ba9e35-1aeb-43e2-87d2-27be83b949f5::eave-chain::0:6,2,4.293845,72.915992,1.119865,"[-11.312802, -0.715754]","[-9.187714, -0.06264]","[""53ba9e35-1aeb-43e2-87d2-27be83b949f5::ceiling-raw::0:3:0"", ""53ba9e35-1aeb-43e2-87d2-27be83b949f5::ceiling-raw::0:4:0""]"
53ba9e35-1aeb-43e2-87d2-27be83b949f5,0,53ba9e35-1aeb-43e2-87d2-27be83b949f5::eave-chain::0:7,3,12.904377,72.811176,1.110545,"[0.436006, 5.640486]","[-12.077007, 1.769736]","[""53ba9e35-1aeb-43e2-87d2-27be83b949f5::ceiling-raw::0:3:0"", ""53ba9e35-1aeb-43e2-87d2-27be83b949f5::ceiling-raw::0:5:0"", ""53ba9e35-1aeb-43e2-87d2-27be83b949f5::ceiling-raw::0:6:0""]"
53ba9e35-1aeb-43e2-87d2-27be83b949f5,0,53ba9e35-1aeb-43e2-87d2-27be83b949f5::eave-chain::0:8,3,14.687412,162.862962,1.121339,"[-0.68766, -2.461322]","[-2.873925, 4.628931]","[""53ba9e35-1aeb-43e2-87d2-27be83b949f5::ceiling-raw::0:5:0"", ""53ba9e35-1aeb-43e2-87d2-27be83b949f5::ceiling-raw::0:6:0"", ""53ba9e35-1aeb-43e2-87d2-27be83b949f5::ceiling-raw::0:7:0""]"
53ba9e35-1aeb-43e2-87d2-27be83b949f5,0,53ba9e35-1aeb-43e2-87d2-27be83b949f5::eave-chain::0:9,2,7.267744,162.894588,1.162113,"[2.596836, -1.38122]","[0.438538, 5.632081]","[""53ba9e35-1aeb-43e2-87d2-27be83b949f5::ceiling-raw::0:6:0"", ""53ba9e35-1aeb-43e2-87d2-27be83b949f5::ceiling-raw::0:7:0""]"
53ba9e35-1aeb-43e2-87d2-27be83b949f5,0,53ba9e35-1aeb-43e2-87d2-27be83b949f5::eave-chain::0:10,2,6.840908,72.90939,1.1639,"[1.678998, 1.604207]","[-1.592092, 0.598475]","[""53ba9e35-1aeb-43e2-87d2-27be83b949f5::ceiling-raw::0:6:0"", ""53ba9e35-1aeb-43e2-87d2-27be83b949f5::ceiling-raw::0:7:0""]"
53c380e7-407e-48f7-8c72-b449e2334798,0,53c380e7-407e-48f7-8c72-b449e2334798::eave-chain::0:0,2,4.783252,9.192151,1.337196,"[6.787317, -5.541763]","[7.559978, -0.767071]","[""53c380e7-407e-48f7-8c72-b449e2334798::ceiling-raw::0:0:0"", ""53c380e7-407e-48f7-8c72-b449e2334798::ceiling-raw::0:5:0""]"
53c380e7-407e-48f7-8c72-b449e2334798,0,53c380e7-407e-48f7-8c72-b449e2334798::eave-chain::0:1,2,6.489868,98.758839,1.347151,"[7.369829, -2.025473]","[3.928436, -1.495249]","[""53c380e7-407e-48f7-8c72-b449e2334798::ceiling-raw::0:0:0"", ""53c380e7-407e-48f7-8c72-b449e2334798::ceiling-raw::0:5:0""]"
53c380e7-407e-48f7-8c72-b449e2334798,0,53c380e7-407e-48f7-8c72-b449e2334798::eave-chain::0:2,7,16.220444,98.650721,1.039853,"[7.719521, 0.227294]","[-8.792888, 2.739515]","[""53c380e7-407e-48f7-8c72-b449e2334798::ceiling-raw::0:0:1"", ""53c380e7-407e-48f7-8c72-b449e2334798::ceiling-raw::0:1:1"", ""53c380e7-407e-48f7-8c72-b449e2334798::ceiling-raw::0:3:1"", ""53c380e7-407e-48f7-8c72-b449e2334798::ceiling-raw::0:4:1"", ""53c380e7-407e-48f7-8c72-b449e2334798::ceiling-raw::0:5:1"", ""53c380e7-407e-48f7-8c72-b449e2334798::ceiling-raw::0:6:1"", ""53c380e7-407e-48f7-8c72-b449e2334798::ceiling-raw::0:7:1""]"
53c380e7-407e-48f7-8c72-b449e2334798,0,53c380e7-407e-48f7-8c72-b449e2334798::eave-chain::0:3,2,16.799996,99.383874,1.011174,"[-9.835881, -3.837605]","[6.631368, -6.558979]","[""53c380e7-407e-48f7-8c72-b449e2334798::ceiling-raw::0:0:2"", ""53c380e7-407e-48f7-8c72-b449e2334798::ceiling-raw::0:2:1""]"
53c380e7-407e-48f7-8c72-b449e2334798,0,53c380e7-407e-48f7-8c72-b449e2334798::eave-chain::0:4,2,4.399817,9.09664,1.41204,"[-8.92681, 1.876738]","[-9.630714, -2.51953]","[""53c380e7-407e-48f7-8c72-b449e2334798::ceiling-raw::0:1:0"", ""53c380e7-407e-48f7-8c72-b449e2334798::ceiling-raw::0:2:0""]"
53c380e7-407e-48f7-8c72-b449e2334798,0,53c380e7-407e-48f7-8c72-b449e2334798::eave-chain::0:5,2,7.231847,99.081339,1.428661,"[-4.242591, -1.253883]","[-9.308489, -0.44415]","[""53c380e7-407e-48f7-8c72-b449e2334798::ceiling-raw::0:1:0"", ""53c380e7-407e-48f7-8c72-b449e2334798::ceiling-raw::0:2:0""]"
56108837-05d5-4fe4-bfd5-aec6b649d825,0,56108837-05d5-4fe4-bfd5-aec6b649d825::eave-chain::0:0,2,3.207646,172.022204,1.13689,"[-3.642205, -5.243444]","[-3.397508, -6.98946]","[""56108837-05d5-4fe4-bfd5-aec6b649d825::ceiling-raw::0:0:0"", ""56108837-05d5-4fe4-bfd5-aec6b649d825::ceiling-raw::0:1:0""]"
56108837-05d5-4fe4-bfd5-aec6b649d825,0,56108837-05d5-4fe4-bfd5-aec6b649d825::eave-chain::0:1,2,4.121696,82.129881,1.153456,"[-4.315929, -3.782874]","[-6.418866, -4.073563]","[""56108837-05d5-4fe4-bfd5-aec6b649d825::ceiling-raw::0:0:0"", ""56108837-05d5-4fe4-bfd5-aec6b649d825::ceiling-raw::0:3:0""]"
56108837-05d5-4fe4-bfd5-aec6b649d825,0,56108837-05d5-4fe4-bfd5-aec6b649d825::eave-chain::0:2,4,7.189744,173.001171,1.166096,"[-6.937543, 0.362462]","[-6.020863, -7.104558]","[""56108837-05d5-4fe4-bfd5-aec6b649d825::ceiling-raw::0:0:0"", ""56108837-05d5-4fe4-bfd5-aec6b649d825::ceiling-raw::0:3:0"", ""56108837-05d5-4fe4-bfd5-aec6b649d825::ceiling-raw::0:4:0"", ""56108837-05d5-4fe4-bfd5-aec6b649d825::ceiling-raw::0:5:0""]"
56108837-05d5-4fe4-bfd5-aec6b649d825,0,56108837-05d5-4fe4-bfd5-aec6b649d825::eave-chain::0:3,4,7.615968,81.036844,1.156111,"[-5.98462, -7.226004]","[1.932141, -5.97733]","[""56108837-05d5-4fe4-bfd5-aec6b649d825::ceiling-raw::0:0:0"", ""56108837-05d5-4fe4-bfd5-aec6b649d825::ceiling-raw::0:1:0"", ""56108837-05d5-4fe4-bfd5-aec6b649d825::ceiling-raw::0:2:0"", ""56108837-05d5-4fe4-bfd5-aec6b649d825::ceiling-raw::0:6:0""]"
56108837-05d5-4fe4-bfd5-aec6b649d825,0,56108837-05d5-4fe4-bfd5-aec6b649d825::eave-chain::0:4,4,14.490407,172.17577,1.178898,"[-3.278765, 0.652453]","[-2.268783, -6.697482]","[""56108837-05d5-4fe4-bfd5-aec6b649d825::ceiling-raw::0:1:0"", ""56108837-05d5-4fe4-bfd5-aec6b649d825::ceiling-raw::0:2:0"", ""56108837-05d5-4fe4-bfd5-aec6b649d825::ceiling-raw::0:4:0"", ""56108837-05d5-4fe4-bfd5-aec6b649d825::ceiling-raw::0:6:0""]"
56108837-05d5-4fe4-bfd5-aec6b649d825,0,56108837-05d5-4fe4-bfd5-aec6b649d825::eave-chain::0:5,2,5.170792,172.241557,1.179077,"[-0.510495, -3.633602]","[-0.146779, -6.303195]","[""56108837-05d5-4fe4-bfd5-aec6b649d825::ceiling-raw::0:2:0"", ""56108837-05d5-4fe4-bfd5-aec6b649d825::ceiling-raw::0:6:0""]"
56108837-05d5-4fe4-bfd5-aec6b649d825,0,56108837-05d5-4fe4-bfd5-aec6b649d825::eave-chain::0:6,2,4.279653,82.210372,1.194065,"[-6.650267, -2.542142]","[-4.449141, -2.241031]","[""56108837-05d5-4fe4-bfd5-aec6b649d825::ceiling-raw::0:3:0"", ""56108837-05d5-4fe4-bfd5-aec6b649d825::ceiling-raw::0:4:0""]"
56108837-05d5-4fe4-bfd5-aec6b649d825,0,56108837-05d5-4fe4-bfd5-aec6b649d825::eave-chain::0:7,2,1.577073,171.481899,1.207509,"[-5.279757, -0.37035]","[-5.424022, 0.592863]","[""56108837-05d5-4fe4-bfd5-aec6b649d825::ceiling-raw::0:4:0"", ""56108837-05d5-4fe4-bfd5-aec6b649d825::ceiling-raw::0:5:0""]"
56108837-05d5-4fe4-bfd5-aec6b649d825,0,56108837-05d5-4fe4-bfd5-aec6b649d825::eave-chain::0:8,2,3.130938,82.014024,1.206856,"[-5.273368, -0.296851]","[-6.926101, -0.528715]","[""56108837-05d5-4fe4-bfd5-aec6b649d825::ceiling-raw::0:4:0"", ""56108837-05d5-4fe4-bfd5-aec6b649d825::ceiling-raw::0:5:0""]"
56108837-05d5-4fe4-bfd5-aec6b649d825,0,56108837-05d5-4fe4-bfd5-aec6b649d825::eave-chain::0:9,2,6.245203,82.274301,1.206559,"[0.945768, 1.222197]","[-5.363894, 0.366216]","[""56108837-05d5-4fe4-bfd5-aec6b649d825::ceiling-raw::0:4:0"", ""56108837-05d5-4fe4-bfd5-aec6b649d825::ceiling-raw::0:6:0""]"
56108837-05d5-4fe4-bfd5-aec6b649d825,0,56108837-05d5-4fe4-bfd5-aec6b649d825::eave-chain::0:10,1,1.461908,82.120982,0.21535,"[-5.7252, 2.6751]","[-7.1733, 2.4747]","[""56108837-05d5-4fe4-bfd5-aec6b649d825::ceiling-raw::0:5:1""]"
56108837-05d5-4fe4-bfd5-aec6b649d825,0,56108837-05d5-4fe4-bfd5-aec6b649d825::eave-chain::0:11,1,7.231733,172.204468,1.2088,"[1.9266, -5.9422]","[0.9457, 1.2227]","[""56108837-05d5-4fe4-bfd5-aec6b649d825::ceiling-raw::0:6:0""]"
56108837-05d5-4fe4-bfd5-aec6b649d825,0,56108837-05d5-4fe4-bfd5-aec6b649d825::eave-chain::0:12,1,4.358581,82.204344,2.1351,"[-3.2591, 0.7885]","[1.0592, 1.3797]","[""56108837-05d5-4fe4-bfd5-aec6b649d825::ceiling-raw::0:7:0""]"
56108837-05d5-4fe4-bfd5-aec6b649d825,0,56108837-05d5-4fe4-bfd5-aec6b649d825::eave-chain::0:13,1,4.358581,82.204344,1.1228,"[0.7777, 3.4362]","[-3.5406, 2.845]","[""56108837-05d5-4fe4-bfd5-aec6b649d825::ceiling-raw::0:7:0""]"
573ee2ba-67b9-4bb0-b4ba-47015d09377c,0,573ee2ba-67b9-4bb0-b4ba-47015d09377c::eave-chain::0:0,2,6.416892,62.514325,1.066021,"[-0.187954, -6.583718]","[2.755178, -5.052556]","[""573ee2ba-67b9-4bb0-b4ba-47015d09377c::ceiling-raw::0:0:0"", ""573ee2ba-67b9-4bb0-b4ba-47015d09377c::ceiling-raw::0:2:0""]"
573ee2ba-67b9-4bb0-b4ba-47015d09377c,0,573ee2ba-67b9-4bb0-b4ba-47015d09377c::eave-chain::0:1,4,9.90463,152.592471,1.077479,"[-3.968445, 0.733821]","[0.69892, -8.267542]","[""573ee2ba-67b9-4bb0-b4ba-47015d09377c::ceiling-raw::0:0:0"", ""573ee2ba-67b9-4bb0-b4ba-47015d09377c::ceiling-raw::0:2:0"", ""573ee2ba-67b9-4bb0-b4ba-47015d09377c::ceiling-raw::0:3:0"", ""573ee2ba-67b9-4bb0-b4ba-47015d09377c::ceiling-raw::0:4:0""]"
573ee2ba-67b9-4bb0-b4ba-47015d09377c,0,573ee2ba-67b9-4bb0-b4ba-47015d09377c::eave-chain::0:2,2,7.079025,61.822672,1.064608,"[0.711429, -8.258501]","[7.076623, -4.848756]","[""573ee2ba-67b9-4bb0-b4ba-47015d09377c::ceiling-raw::0:0:0"", ""573ee2ba-67b9-4bb0-b4ba-47015d09377c::ceiling-raw::0:1:0""]"
573ee2ba-67b9-4bb0-b4ba-47015d09377c,0,573ee2ba-67b9-4bb0-b4ba-47015d09377c::eave-chain::0:3,1,1.864075,152.549675,1.0365,"[3.463, -6.8318]","[2.6037, -5.1776]","[""573ee2ba-67b9-4bb0-b4ba-47015d09377c::ceiling-raw::0:0:0""]"
573ee2ba-67b9-4bb0-b4ba-47015d09377c,0,573ee2ba-67b9-4bb0-b4ba-47015d09377c::eave-chain::0:4,2,7.48948,62.609604,1.090217,"[2.512158, -4.584751]","[6.000752, -2.777177]","[""573ee2ba-67b9-4bb0-b4ba-47015d09377c::ceiling-raw::0:1:0"", ""573ee2ba-67b9-4bb0-b4ba-47015d09377c::ceiling-raw::0:2:0""]"
573ee2ba-67b9-4bb0-b4ba-47015d09377c,0,573ee2ba-67b9-4bb0-b4ba-47015d09377c::eave-chain::0:5,1,2.337677,162.673463,1.0865,"[2.8504, -4.4545]","[3.5466, -6.6861]","[""573ee2ba-67b9-4bb0-b4ba-47015d09377c::ceiling-raw::0:1:0""]"
573ee2ba-67b9-4bb0-b4ba-47015d09377c,0,573ee2ba-67b9-4bb0-b4ba-47015d09377c::eave-chain::0:6,3,9.879316,152.32953,1.092461,"[7.081116, -4.850171]","[2.411498, 4.05529]","[""573ee2ba-67b9-4bb0-b4ba-47015d09377c::ceiling-raw::0:1:0"", ""573ee2ba-67b9-4bb0-b4ba-47015d09377c::ceiling-raw::0:2:0"", ""573ee2ba-67b9-4bb0-b4ba-47015d09377c::ceiling-raw::0:5:0""]"
573ee2ba-67b9-4bb0-b4ba-47015d09377c,0,573ee2ba-67b9-4bb0-b4ba-47015d09377c::eave-chain::0:7,2,10.15528,62.40613,1.094331,"[3.833538, 1.376664]","[-1.298844, -1.305781]","[""573ee2ba-67b9-4bb0-b4ba-47015d09377c::ceiling-raw::0:2:0"", ""573ee2ba-67b9-4bb0-b4ba-47015d09377c::ceiling-raw::0:5:0""]"
573ee2ba-67b9-4bb0-b4ba-47015d09377c,0,573ee2ba-67b9-4bb0-b4ba-47015d09377c::eave-chain::0:8,2,4.267417,62.032309,1.083819,"[-1.9409, -3.224567]","[0.549907, -1.901982]","[""573ee2ba-67b9-4bb0-b4ba-47015d09377c::ceiling-raw::0:2:0"", ""573ee2ba-67b9-4bb0-b4ba-47015d09377c::ceiling-raw::0:3:0""]"
573ee2ba-67b9-4bb0-b4ba-47015d09377c,0,573ee2ba-67b9-4bb0-b4ba-47015d09377c::eave-chain::0:9,2,5.575537,62.543131,1.081469,"[-0.55662, 0.227912]","[-3.059223, -1.072467]","[""573ee2ba-67b9-4bb0-b4ba-47015d09377c::ceiling-raw::0:3:0"", ""573ee2ba-67b9-4bb0-b4ba-47015d09377c::ceiling-raw::0:4:0""]"
573ee2ba-67b9-4bb0-b4ba-47015d09377c,0,573ee2ba-67b9-4bb0-b4ba-47015d09377c::eave-chain::0:10,2,7.119412,62.498753,1.091004,"[2.409654, 4.054681]","[-3.949403, 0.74419]","[""573ee2ba-67b9-4bb0-b4ba-47015d09377c::ceiling-raw::0:4:0"", ""573ee2ba-67b9-4bb0-b4ba-47015d09377c::ceiling-raw::0:5:0""]"
573ee2ba-67b9-4bb0-b4ba-47015d09377c,0,573ee2ba-67b9-4bb0-b4ba-47015d09377c::eave-chain::0:11,2,4.970296,152.339812,1.090876,"[-1.489226, 2.029107]","[-0.10152, -0.618553]","[""573ee2ba-67b9-4bb0-b4ba-47015d09377c::ceiling-raw::0:4:0"", ""573ee2ba-67b9-4bb0-b4ba-47015d09377c::ceiling-raw::0:5:0""]"
5831141f-829c-4adb-9bae-289c2140c72d,1,5831141f-829c-4adb-9bae-289c2140c72d::eave-chain::1:0,1,1.842517,29.997904,-1.2861,"[-2.0566, -3.0926]","[-2.9778, -4.6883]","[""5831141f-829c-4adb-9bae-289c2140c72d::ceiling-raw::1:5:0""]"
5831141f-829c-4adb-9bae-289c2140c72d,1,5831141f-829c-4adb-9bae-289c2140c72d::eave-chain::1:1,1,0.627945,120.002918,-1.2861,"[-1.6379, -5.4978]","[-1.0941, -5.8118]","[""5831141f-829c-4adb-9bae-289c2140c72d::ceiling-raw::1:5:0""]"
5831141f-829c-4adb-9bae-289c2140c72d,1,5831141f-829c-4adb-9bae-289c2140c72d::eave-chain::1:2,1,1.873786,29.996716,-1.2861,"[-1.0941, -5.8118]","[-0.1573, -4.189]","[""5831141f-829c-4adb-9bae-289c2140c72d::ceiling-raw::1:5:0""]"
5831141f-829c-4adb-9bae-289c2140c72d,1,5831141f-829c-4adb-9bae-289c2140c72d::eave-chain::1:3,1,2.193042,119.996349,-1.2861,"[-0.1573, -4.189]","[-2.0566, -3.0926]","[""5831141f-829c-4adb-9bae-289c2140c72d::ceiling-raw::1:5:0""]"
5831141f-829c-4adb-9bae-289c2140c72d,1,5831141f-829c-4adb-9bae-289c2140c72d::eave-chain::1:4,1,1.56509,120.015057,-1.6161,"[-3.8988, -6.2838]","[-2.5436, -7.0667]","[""5831141f-829c-4adb-9bae-289c2140c72d::ceiling-raw::1:5:1""]"
5831141f-829c-4adb-9bae-289c2140c72d,2,5831141f-829c-4adb-9bae-289c2140c72d::eave-chain::2:0,2,7.558393,30.007374,1.289408,"[-4.395776, -4.019804]","[-0.439172, 2.831199]","[""5831141f-829c-4adb-9bae-289c2140c72d::ceiling-raw::2:8:4"", ""5831141f-829c-4adb-9bae-289c2140c72d::ceiling-raw::2:9:0""]"
5831141f-829c-4adb-9bae-289c2140c72d,2,5831141f-829c-4adb-9bae-289c2140c72d::eave-chain::2:1,2,7.870058,30.251372,0.060267,"[-1.157461, 3.235328]","[-5.143444, -3.599174]","[""5831141f-829c-4adb-9bae-289c2140c72d::ceiling-raw::2:8:4"", ""5831141f-829c-4adb-9bae-289c2140c72d::ceiling-raw::2:9:0""]"
5831141f-829c-4adb-9bae-289c2140c72d,2,5831141f-829c-4adb-9bae-289c2140c72d::eave-chain::2:2,1,3.858402,28.458761,1.278,"[1.1772, 1.9221]","[-0.6614, -1.47]","[""5831141f-829c-4adb-9bae-289c2140c72d::ceiling-raw::2:10:1""]"
5831141f-829c-4adb-9bae-289c2140c72d,2,5831141f-829c-4adb-9bae-289c2140c72d::eave-chain::2:3,1,3.858038,28.971373,0.2282,"[0.0601, -1.8758]","[1.9288, 1.4994]","[""5831141f-829c-4adb-9bae-289c2140c72d::ceiling-raw::2:10:1""]"
5831141f-829c-4adb-9bae-289c2140c72d,2,5831141f-829c-4adb-9bae-289c2140c72d::eave-chain::2:4,1,2.081102,29.49423,-1.05035,"[-0.1741, -4.0828]","[0.8505, -2.2714]","[""5831141f-829c-4adb-9bae-289c2140c72d::ceiling-raw::2:10:4""]"
59b505e7-b384-451b-90b1-80f2654dd10d,0,59b505e7-b384-451b-90b1-80f2654dd10d::eave-chain::0:0,1,2.261492,136.591041,0.8461,"[2.477, 8.356]","[4.0311, 6.7131]","[""59b505e7-b384-451b-90b1-80f2654dd10d::ceiling-raw::0:12:1""]"
59b505e7-b384-451b-90b1-80f2654dd10d,0,59b505e7-b384-451b-90b1-80f2654dd10d::eave-chain::0:1,1,2.253838,141.293344,1.2139,"[4.5483, 7.1275]","[3.1389, 8.8863]","[""59b505e7-b384-451b-90b1-80f2654dd10d::ceiling-raw::0:12:2""]"
59b505e7-b384-451b-90b1-80f2654dd10d,0,59b505e7-b384-451b-90b1-80f2654dd10d::eave-chain::0:2,1,2.417646,50.693585,0.9022,"[5.7952, 5.5181]","[3.9245, 3.9866]","[""59b505e7-b384-451b-90b1-80f2654dd10d::ceiling-raw::0:14:0""]"
59b505e7-b384-451b-90b1-80f2654dd10d,0,59b505e7-b384-451b-90b1-80f2654dd10d::eave-chain::0:3,1,3.157085,141.396311,0.9022,"[2.0688, 2.011]","[4.0386, -0.4562]","[""59b505e7-b384-451b-90b1-80f2654dd10d::ceiling-raw::0:14:0""]"
59b505e7-b384-451b-90b1-80f2654dd10d,0,59b505e7-b384-451b-90b1-80f2654dd10d::eave-chain::0:4,1,5.100294,51.396684,0.9022,"[4.0386, -0.4562]","[8.0244, 2.726]","[""59b505e7-b384-451b-90b1-80f2654dd10d::ceiling-raw::0:14:0""]"
59b505e7-b384-451b-90b1-80f2654dd10d,0,59b505e7-b384-451b-90b1-80f2654dd10d::eave-chain::0:5,1,3.572836,141.396292,0.9022,"[8.0244, 2.726]","[5.7952, 5.5181]","[""59b505e7-b384-451b-90b1-80f2654dd10d::ceiling-raw::0:14:0""]"
59b505e7-b384-451b-90b1-80f2654dd10d,1,59b505e7-b384-451b-90b1-80f2654dd10d::eave-chain::1:0,1,1.56072,53.149926,3.6092,"[4.9352, 4.6604]","[6.1841, 5.5964]","[""59b505e7-b384-451b-90b1-80f2654dd10d::ceiling-raw::1:3:0""]"
59b505e7-b384-451b-90b1-80f2654dd10d,1,59b505e7-b384-451b-90b1-80f2654dd10d::eave-chain::1:1,1,1.84694,143.148095,3.6092,"[6.1841, 5.5964]","[5.0764, 7.0743]","[""59b505e7-b384-451b-90b1-80f2654dd10d::ceiling-raw::1:3:0""]"
59b505e7-b384-451b-90b1-80f2654dd10d,1,59b505e7-b384-451b-90b1-80f2654dd10d::eave-chain::1:2,1,1.21356,53.149932,3.6092,"[5.0764, 7.0743]","[4.1053, 6.3465]","[""59b505e7-b384-451b-90b1-80f2654dd10d::ceiling-raw::1:3:0""]"
59b505e7-b384-451b-90b1-80f2654dd10d,2,59b505e7-b384-451b-90b1-80f2654dd10d::eave-chain::2:0,1,1.483845,51.894389,6.4456,"[5.9508, 5.8559]","[4.7832, 4.9402]","[""59b505e7-b384-451b-90b1-80f2654dd10d::ceiling-raw::2:6:0""]"
59b505e7-b384-451b-90b1-80f2654dd10d,2,59b505e7-b384-451b-90b1-80f2654dd10d::eave-chain::2:1,1,2.470675,141.893962,6.4456,"[7.4755, 3.9118]","[5.9508, 5.8559]","[""59b505e7-b384-451b-90b1-80f2654dd10d::ceiling-raw::2:6:0""]"
59b505e7-b384-451b-90b1-80f2654dd10d,2,59b505e7-b384-451b-90b1-80f2654dd10d::eave-chain::2:2,1,3.286138,51.572194,5.2653,"[5.6038, 0.9734]","[8.1781, 3.0158]","[""59b505e7-b384-451b-90b1-80f2654dd10d::ceiling-raw::2:6:1""]"
59b505e7-b384-451b-90b1-80f2654dd10d,2,59b505e7-b384-451b-90b1-80f2654dd10d::eave-chain::2:3,2,4.355155,142.284116,6.360154,"[-2.752885, 1.978417]","[0.182457, -1.817297]","[""59b505e7-b384-451b-90b1-80f2654dd10d::ceiling-raw::2:8:0"", ""59b505e7-b384-451b-90b1-80f2654dd10d::ceiling-raw::2:9:0""]"
59b505e7-b384-451b-90b1-80f2654dd10d,2,59b505e7-b384-451b-90b1-80f2654dd10d::eave-chain::2:4,1,3.853517,51.893547,6.3697,"[1.9451, 2.1809]","[-1.0871, -0.1972]","[""59b505e7-b384-451b-90b1-80f2654dd10d::ceiling-raw::2:8:0""]"
59b505e7-b384-451b-90b1-80f2654dd10d,2,59b505e7-b384-451b-90b1-80f2654dd10d::eave-chain::2:5,1,3.8535,52.012215,5.20495,"[0.8585, -2.6779]","[3.8956, -0.3061]","[""59b505e7-b384-451b-90b1-80f2654dd10d::ceiling-raw::2:8:1""]"
59b505e7-b384-451b-90b1-80f2654dd10d,2,59b505e7-b384-451b-90b1-80f2654dd10d::eave-chain::2:6,1,2.803732,51.894882,6.3516,"[-1.3367, 0.1701]","[0.8695, 1.9003]","[""59b505e7-b384-451b-90b1-80f2654dd10d::ceiling-raw::2:9:0""]"
59b505e7-b384-451b-90b1-80f2654dd10d,2,59b505e7-b384-451b-90b1-80f2654dd10d::eave-chain::2:7,1,3.8264,52.00879,5.16065,"[-0.416, 5.1964]","[-3.4316, 2.8411]","[""59b505e7-b384-451b-90b1-80f2654dd10d::ceiling-raw::2:9:1""]"
59b505e7-b384-451b-90b1-80f2654dd10d,2,59b505e7-b384-451b-90b1-80f2654dd10d::eave-chain::2:8,1,1.092955,141.892828,6.3223,"[0.5419, 6.0584]","[1.2164, 5.1984]","[""59b505e7-b384-451b-90b1-80f2654dd10d::ceiling-raw::2:10:3""]"
59b505e7-b384-451b-90b1-80f2654dd10d,2,59b505e7-b384-451b-90b1-80f2654dd10d::eave-chain::2:9,1,1.344531,51.383452,5.31,"[2.8906, 7.6345]","[1.8401, 6.7954]","[""59b505e7-b384-451b-90b1-80f2654dd10d::ceiling-raw::2:11:2""]"
5a97cb51-78cd-40c7-9dd5-423bdea306a6,0,5a97cb51-78cd-40c7-9dd5-423bdea306a6::eave-chain::0:0,3,13.470489,78.334439,1.456984,"[-7.140918, 1.253213]","[1.675571, 3.073494]","[""5a97cb51-78cd-40c7-9dd5-423bdea306a6::ceiling-raw::0:0:0"", ""5a97cb51-78cd-40c7-9dd5-423bdea306a6::ceiling-raw::0:7:0"", ""5a97cb51-78cd-40c7-9dd5-423bdea306a6::ceiling-raw::0:8:0""]"
5a97cb51-78cd-40c7-9dd5-423bdea306a6,0,5a97cb51-78cd-40c7-9dd5-423bdea306a6::eave-chain::0:1,3,9.736015,166.056659,1.504276,"[1.665093, 3.144066]","[-0.735575, 12.813343]","[""5a97cb51-78cd-40c7-9dd5-423bdea306a6::ceiling-raw::0:0:0"", ""5a97cb51-78cd-40c7-9dd5-423bdea306a6::ceiling-raw::0:1:0"", ""5a97cb51-78cd-40c7-9dd5-423bdea306a6::ceiling-raw::0:2:0""]"
5a97cb51-78cd-40c7-9dd5-423bdea306a6,0,5a97cb51-78cd-40c7-9dd5-423bdea306a6::eave-chain::0:2,2,8.749091,76.534991,1.501647,"[0.881552, 6.456382]","[-4.044516, 5.276919]","[""5a97cb51-78cd-40c7-9dd5-423bdea306a6::ceiling-raw::0:0:0"", ""5a97cb51-78cd-40c7-9dd5-423bdea306a6::ceiling-raw::0:1:0""]"
5a97cb51-78cd-40c7-9dd5-423bdea306a6,0,5a97cb51-78cd-40c7-9dd5-423bdea306a6::eave-chain::0:3,4,17.498422,76.985699,1.493215,"[-8.666135, 7.743271]","[0.041115, 9.755787]","[""5a97cb51-78cd-40c7-9dd5-423bdea306a6::ceiling-raw::0:1:0"", ""5a97cb51-78cd-40c7-9dd5-423bdea306a6::ceiling-raw::0:2:0"", ""5a97cb51-78cd-40c7-9dd5-423bdea306a6::ceiling-raw::0:3:0"", ""5a97cb51-78cd-40c7-9dd5-423bdea306a6::ceiling-raw::0:7:0""]"
5a97cb51-78cd-40c7-9dd5-423bdea306a6,0,5a97cb51-78cd-40c7-9dd5-423bdea306a6::eave-chain::0:4,2,7.969819,77.429557,1.478383,"[-0.729062, 12.815727]","[-9.232111, 10.919676]","[""5a97cb51-78cd-40c7-9dd5-423bdea306a6::ceiling-raw::0:2:0"", ""5a97cb51-78cd-40c7-9dd5-423bdea306a6::ceiling-raw::0:3:0""]"
5a97cb51-78cd-40c7-9dd5-423bdea306a6,0,5a97cb51-78cd-40c7-9dd5-423bdea306a6::eave-chain::0:5,1,3.109512,166.763278,1.5038,"[-3.9643, 12.054]","[-3.2523, 9.0271]","[""5a97cb51-78cd-40c7-9dd5-423bdea306a6::ceiling-raw::0:2:0""]"
5a97cb51-78cd-40c7-9dd5-423bdea306a6,0,5a97cb51-78cd-40c7-9dd5-423bdea306a6::eave-chain::0:6,1,2.469302,166.763466,1.4602,"[-4.1425, 9.573]","[-4.7079, 11.9767]","[""5a97cb51-78cd-40c7-9dd5-423bdea306a6::ceiling-raw::0:3:0""]"
5a97cb51-78cd-40c7-9dd5-423bdea306a6,0,5a97cb51-78cd-40c7-9dd5-423bdea306a6::eave-chain::0:7,2,9.696598,167.747835,1.486304,"[-9.248572, 10.908997]","[-7.158765, 1.285684]","[""5a97cb51-78cd-40c7-9dd5-423bdea306a6::ceiling-raw::0:3:0"", ""5a97cb51-78cd-40c7-9dd5-423bdea306a6::ceiling-raw::0:7:0""]"
5a97cb51-78cd-40c7-9dd5-423bdea306a6,0,5a97cb51-78cd-40c7-9dd5-423bdea306a6::eave-chain::0:8,2,6.479609,166.757597,1.376264,"[-2.769462, -2.074878]","[-2.02313, -5.24632]","[""5a97cb51-78cd-40c7-9dd5-423bdea306a6::ceiling-raw::0:4:0"", ""5a97cb51-78cd-40c7-9dd5-423bdea306a6::ceiling-raw::0:5:0""]"
5a97cb51-78cd-40c7-9dd5-423bdea306a6,0,5a97cb51-78cd-40c7-9dd5-423bdea306a6::eave-chain::0:9,1,3.46588,76.763266,1.4073,"[-2.8044, -2.0831]","[-6.1782, -2.8767]","[""5a97cb51-78cd-40c7-9dd5-423bdea306a6::ceiling-raw::0:4:0""]"
5a97cb51-78cd-40c7-9dd5-423bdea306a6,0,5a97cb51-78cd-40c7-9dd5-423bdea306a6::eave-chain::0:10,1,3.235959,166.764245,1.4073,"[-6.1782, -2.8767]","[-5.4373, -6.0267]","[""5a97cb51-78cd-40c7-9dd5-423bdea306a6::ceiling-raw::0:4:0""]"
5a97cb51-78cd-40c7-9dd5-423bdea306a6,0,5a97cb51-78cd-40c7-9dd5-423bdea306a6::eave-chain::0:11,3,8.849559,77.130743,1.369985,"[-5.438418, -6.021805]","[3.180231, -4.052737]","[""5a97cb51-78cd-40c7-9dd5-423bdea306a6::ceiling-raw::0:4:0"", ""5a97cb51-78cd-40c7-9dd5-423bdea306a6::ceiling-raw::0:5:0"", ""5a97cb51-78cd-40c7-9dd5-423bdea306a6::ceiling-raw::0:6:0""]"
5a97cb51-78cd-40c7-9dd5-423bdea306a6,0,5a97cb51-78cd-40c7-9dd5-423bdea306a6::eave-chain::0:12,2,6.491421,166.776778,1.3459,"[-0.421457, -1.537601]","[0.327173, -4.723595]","[""5a97cb51-78cd-40c7-9dd5-423bdea306a6::ceiling-raw::0:5:0"", ""5a97cb51-78cd-40c7-9dd5-423bdea306a6::ceiling-raw::0:6:0""]"
5a97cb51-78cd-40c7-9dd5-423bdea306a6,0,5a97cb51-78cd-40c7-9dd5-423bdea306a6::eave-chain::0:13,1,3.248087,166.763823,1.3465,"[3.1802, -4.0526]","[2.4365, -0.8908]","[""5a97cb51-78cd-40c7-9dd5-423bdea306a6::ceiling-raw::0:6:0""]"
5a97cb51-78cd-40c7-9dd5-423bdea306a6,0,5a97cb51-78cd-40c7-9dd5-423bdea306a6::eave-chain::0:14,2,6.836805,76.952555,1.327614,"[-1.332871, -1.724106]","[2.433075, -0.851384]","[""5a97cb51-78cd-40c7-9dd5-423bdea306a6::ceiling-raw::0:6:0"", ""5a97cb51-78cd-40c7-9dd5-423bdea306a6::ceiling-raw::0:8:0""]"
5c557e06-393e-466e-a957-f7391b76b8ff,0,5c557e06-393e-466e-a957-f7391b76b8ff::eave-chain::0:0,5,22.127335,42.895829,0.652482,"[-1.932945, -12.056465]","[5.690552, -3.851407]","[""5c557e06-393e-466e-a957-f7391b76b8ff::ceiling-raw::0:0:0"", ""5c557e06-393e-466e-a957-f7391b76b8ff::ceiling-raw::0:0:1"", ""5c557e06-393e-466e-a957-f7391b76b8ff::ceiling-raw::0:2:5"", ""5c557e06-393e-466e-a957-f7391b76b8ff::ceiling-raw::0:2:6""]"
5c557e06-393e-466e-a957-f7391b76b8ff,0,5c557e06-393e-466e-a957-f7391b76b8ff::eave-chain::0:1,2,11.193799,43.665762,1.185207,"[0.401037, -4.482636]","[-4.498918, -9.616284]","[""5c557e06-393e-466e-a957-f7391b76b8ff::ceiling-raw::0:0:1"", ""5c557e06-393e-466e-a957-f7391b76b8ff::ceiling-raw::0:1:2""]"
5c557e06-393e-466e-a957-f7391b76b8ff,0,5c557e06-393e-466e-a957-f7391b76b8ff::eave-chain::0:2,2,1.345777,133.541732,0.818116,"[-6.750017, -7.450517]","[-5.323811, -8.805912]","[""5c557e06-393e-466e-a957-f7391b76b8ff::ceiling-raw::0:1:0"", ""5c557e06-393e-466e-a957-f7391b76b8ff::ceiling-raw::0:1:1""]"
5c557e06-393e-466e-a957-f7391b76b8ff,0,5c557e06-393e-466e-a957-f7391b76b8ff::eave-chain::0:3,2,8.282086,35.179161,0.6438,"[-6.3135, -7.8654]","[-3.9277, -4.4807]","[""5c557e06-393e-466e-a957-f7391b76b8ff::ceiling-raw::0:1:0"", ""5c557e06-393e-466e-a957-f7391b76b8ff::ceiling-raw::0:1:3""]"
5c557e06-393e-466e-a957-f7391b76b8ff,0,5c557e06-393e-466e-a957-f7391b76b8ff::eave-chain::0:4,5,13.382321,42.326626,0.661744,"[0.832466, 0.803891]","[-6.714727, -7.482626]","[""5c557e06-393e-466e-a957-f7391b76b8ff::ceiling-raw::0:1:0"", ""5c557e06-393e-466e-a957-f7391b76b8ff::ceiling-raw::0:2:10"", ""5c557e06-393e-466e-a957-f7391b76b8ff::ceiling-raw::0:2:3"", ""5c557e06-393e-466e-a957-f7391b76b8ff::ceiling-raw::0:3:0"", ""5c557e06-393e-466e-a957-f7391b76b8ff::ceiling-raw::0:4:0""]"
5c557e06-393e-466e-a957-f7391b76b8ff,0,5c557e06-393e-466e-a957-f7391b76b8ff::eave-chain::0:5,4,9.743578,44.557865,1.1849,"[3.088429, -1.374328]","[0.87855, -3.618578]","[""5c557e06-393e-466e-a957-f7391b76b8ff::ceiling-raw::0:2:11"", ""5c557e06-393e-466e-a957-f7391b76b8ff::ceiling-raw::0:2:6"", ""5c557e06-393e-466e-a957-f7391b76b8ff::ceiling-raw::0:2:7""]"
5c557e06-393e-466e-a957-f7391b76b8ff,0,5c557e06-393e-466e-a957-f7391b76b8ff::eave-chain::0:6,1,0.298566,133.547895,1.1849,"[3.1798, -1.4643]","[2.9634, -1.2586]","[""5c557e06-393e-466e-a957-f7391b76b8ff::ceiling-raw::0:2:7""]"
5c557e06-393e-466e-a957-f7391b76b8ff,0,5c557e06-393e-466e-a957-f7391b76b8ff::eave-chain::0:7,1,2.443646,43.61713,0.8522,"[-0.0032, -1.8098]","[1.6825, -0.0407]","[""5c557e06-393e-466e-a957-f7391b76b8ff::ceiling-raw::0:2:10""]"
5c557e06-393e-466e-a957-f7391b76b8ff,0,5c557e06-393e-466e-a957-f7391b76b8ff::eave-chain::0:8,1,2.681154,19.29741,0.8866,"[1.6819, -0.0402]","[0.796, -2.5703]","[""5c557e06-393e-466e-a957-f7391b76b8ff::ceiling-raw::0:2:13""]"
5c557e06-393e-466e-a957-f7391b76b8ff,0,5c557e06-393e-466e-a957-f7391b76b8ff::eave-chain::0:9,1,3.08356,43.541437,-0.2003,"[-1.031, 2.5737]","[-3.1552, 0.3385]","[""5c557e06-393e-466e-a957-f7391b76b8ff::ceiling-raw::0:4:0""]"
5ecc6e8c-228b-4167-9331-de247c802320,1,5ecc6e8c-228b-4167-9331-de247c802320::eave-chain::1:0,2,11.149945,114.309154,3.509507,"[3.974772, -3.945037]","[-3.165325, -0.719787]","[""5ecc6e8c-228b-4167-9331-de247c802320::ceiling-raw::1:0:0"", ""5ecc6e8c-228b-4167-9331-de247c802320::ceiling-raw::1:1:0""]"
5ecc6e8c-228b-4167-9331-de247c802320,1,5ecc6e8c-228b-4167-9331-de247c802320::eave-chain::1:1,1,4.001298,24.542316,3.5082,"[-3.1717, -0.7339]","[-4.8337, -4.3737]","[""5ecc6e8c-228b-4167-9331-de247c802320::ceiling-raw::1:0:0""]"
5ecc6e8c-228b-4167-9331-de247c802320,1,5ecc6e8c-228b-4167-9331-de247c802320::eave-chain::1:2,1,6.734942,114.541749,3.5082,"[-4.8337, -4.3737]","[1.2928, -7.1711]","[""5ecc6e8c-228b-4167-9331-de247c802320::ceiling-raw::1:0:0""]"
5ecc6e8c-228b-4167-9331-de247c802320,1,5ecc6e8c-228b-4167-9331-de247c802320::eave-chain::1:3,1,4.001207,24.542911,3.5082,"[1.2928, -7.1711]","[2.9548, -3.5314]","[""5ecc6e8c-228b-4167-9331-de247c802320::ceiling-raw::1:0:0""]"
5ecc6e8c-228b-4167-9331-de247c802320,1,5ecc6e8c-228b-4167-9331-de247c802320::eave-chain::1:4,1,6.833163,24.542703,3.5115,"[3.9831, -3.9266]","[6.8214, 2.2892]","[""5ecc6e8c-228b-4167-9331-de247c802320::ceiling-raw::1:1:0""]"
5ecc6e8c-228b-4167-9331-de247c802320,1,5ecc6e8c-228b-4167-9331-de247c802320::eave-chain::1:5,1,4.414961,114.542014,3.5115,"[6.8214, 2.2892]","[2.8053, 4.123]","[""5ecc6e8c-228b-4167-9331-de247c802320::ceiling-raw::1:1:0""]"
5ecc6e8c-228b-4167-9331-de247c802320,1,5ecc6e8c-228b-4167-9331-de247c802320::eave-chain::1:6,1,6.833163,24.542703,3.5115,"[2.8053, 4.123]","[-0.033, -2.0928]","[""5ecc6e8c-228b-4167-9331-de247c802320::ceiling-raw::1:1:0""]"
5ecc6e8c-228b-4167-9331-de247c802320,1,5ecc6e8c-228b-4167-9331-de247c802320::eave-chain::1:7,1,2.15499,114.542093,3.4566,"[0.7081, 2.431]","[-1.2522, 3.3261]","[""5ecc6e8c-228b-4167-9331-de247c802320::ceiling-raw::1:3:0""]"
5ecc6e8c-228b-4167-9331-de247c802320,1,5ecc6e8c-228b-4167-9331-de247c802320::eave-chain::1:8,1,1.696801,24.542603,3.4566,"[-1.2522, 3.3261]","[-1.957, 1.7826]","[""5ecc6e8c-228b-4167-9331-de247c802320::ceiling-raw::1:3:0""]"
5ecc6e8c-228b-4167-9331-de247c802320,1,5ecc6e8c-228b-4167-9331-de247c802320::eave-chain::1:9,1,2.155031,114.544511,3.4566,"[-1.957, 1.7826]","[0.0033, 0.8874]","[""5ecc6e8c-228b-4167-9331-de247c802320::ceiling-raw::1:3:0""]"
5ecc6e8c-228b-4167-9331-de247c802320,2,5ecc6e8c-228b-4167-9331-de247c802320::eave-chain::2:0,1,1.583511,116.299675,5.994,"[-2.1259, -5.4596]","[-0.7063, -6.1612]","[""5ecc6e8c-228b-4167-9331-de247c802320::ceiling-raw::2:5:0""]"
5ecc6e8c-228b-4167-9331-de247c802320,2,5ecc6e8c-228b-4167-9331-de247c802320::eave-chain::2:1,1,1.714143,26.300466,5.994,"[-0.7063, -6.1612]","[0.0532, -4.6245]","[""5ecc6e8c-228b-4167-9331-de247c802320::ceiling-raw::2:5:0""]"
5ecc6e8c-228b-4167-9331-de247c802320,2,5ecc6e8c-228b-4167-9331-de247c802320::eave-chain::2:2,1,3.90441,26.131249,4.6543,"[-2.0915, -1.1213]","[-3.8111, -4.6266]","[""5ecc6e8c-228b-4167-9331-de247c802320::ceiling-raw::2:5:1""]"
5ecc6e8c-228b-4167-9331-de247c802320,2,5ecc6e8c-228b-4167-9331-de247c802320::eave-chain::2:3,2,8.688247,26.220295,4.781343,"[1.815687, -5.430109]","[5.691852, 2.440259]","[""5ecc6e8c-228b-4167-9331-de247c802320::ceiling-raw::2:6:1"", ""5ecc6e8c-228b-4167-9331-de247c802320::ceiling-raw::2:7:1""]"
5ecc6e8c-228b-4167-9331-de247c802320,2,5ecc6e8c-228b-4167-9331-de247c802320::eave-chain::2:4,2,1.876752,114.665736,5.926583,"[4.256667, 3.143103]","[2.472731, 3.96233]","[""5ecc6e8c-228b-4167-9331-de247c802320::ceiling-raw::2:7:0"", ""5ecc6e8c-228b-4167-9331-de247c802320::ceiling-raw::2:8:0""]"
5ecc6e8c-228b-4167-9331-de247c802320,2,5ecc6e8c-228b-4167-9331-de247c802320::eave-chain::2:5,2,6.99123,25.958379,5.92545,"[3.692836, 3.42785]","[1.699551, -0.666536]","[""5ecc6e8c-228b-4167-9331-de247c802320::ceiling-raw::2:7:0"", ""5ecc6e8c-228b-4167-9331-de247c802320::ceiling-raw::2:8:0""]"
5ecc6e8c-228b-4167-9331-de247c802320,2,5ecc6e8c-228b-4167-9331-de247c802320::eave-chain::2:6,1,3.634096,26.300644,4.8244,"[1.2062, 4.5933]","[-0.404, 1.3354]","[""5ecc6e8c-228b-4167-9331-de247c802320::ceiling-raw::2:8:2""]"
5ecc6e8c-228b-4167-9331-de247c802320,2,5ecc6e8c-228b-4167-9331-de247c802320::eave-chain::2:7,1,2.63876,26.885543,3.97385,"[-1.9334, 1.7551]","[-3.1265, -0.5981]","[""5ecc6e8c-228b-4167-9331-de247c802320::ceiling-raw::2:9:4""]"
60f2f02b-8910-461c-879a-75925d256989,0,60f2f02b-8910-461c-879a-75925d256989::eave-chain::0:0,1,4.022556,146.448201,-2.2568,"[6.1491, 3.6465]","[3.9259, 6.9988]","[""60f2f02b-8910-461c-879a-75925d256989::ceiling-raw::0:0:0""]"
60f2f02b-8910-461c-879a-75925d256989,0,60f2f02b-8910-461c-879a-75925d256989::eave-chain::0:1,1,4.191782,148.888326,-1.2596,"[0.2838, 5.0086]","[2.4497, 1.4198]","[""60f2f02b-8910-461c-879a-75925d256989::ceiling-raw::0:0:0""]"
60f2f02b-8910-461c-879a-75925d256989,1,60f2f02b-8910-461c-879a-75925d256989::eave-chain::1:0,3,6.021075,58.196646,-0.462705,"[0.077141, 4.93331]","[-4.69542, 1.973811]","[""60f2f02b-8910-461c-879a-75925d256989::ceiling-raw::1:7:1"", ""60f2f02b-8910-461c-879a-75925d256989::ceiling-raw::1:9:1"", ""60f2f02b-8910-461c-879a-75925d256989::ceiling-raw::1:9:4""]"
60f2f02b-8910-461c-879a-75925d256989,1,60f2f02b-8910-461c-879a-75925d256989::eave-chain::1:1,1,0.622694,45.403393,0.901,"[-6.6229, -0.5573]","[-7.0663, -0.9945]","[""60f2f02b-8910-461c-879a-75925d256989::ceiling-raw::1:10:0""]"
60f2f02b-8910-461c-879a-75925d256989,1,60f2f02b-8910-461c-879a-75925d256989::eave-chain::1:2,2,5.477785,148.486239,0.902121,"[-7.065312, -0.993894]","[-4.165358, -5.723639]","[""60f2f02b-8910-461c-879a-75925d256989::ceiling-raw::1:10:0"", ""60f2f02b-8910-461c-879a-75925d256989::ceiling-raw::1:11:0""]"
60f2f02b-8910-461c-879a-75925d256989,1,60f2f02b-8910-461c-879a-75925d256989::eave-chain::1:3,2,1.244683,58.166364,0.902486,"[-4.757161, -3.558282]","[-5.298859, -3.89459]","[""60f2f02b-8910-461c-879a-75925d256989::ceiling-raw::1:10:0"", ""60f2f02b-8910-461c-879a-75925d256989::ceiling-raw::1:11:0""]"
60f2f02b-8910-461c-879a-75925d256989,1,60f2f02b-8910-461c-879a-75925d256989::eave-chain::1:4,1,2.853405,148.250032,0.901,"[-2.6678, -1.4654]","[-4.1693, 0.961]","[""60f2f02b-8910-461c-879a-75925d256989::ceiling-raw::1:10:0""]"
60f2f02b-8910-461c-879a-75925d256989,1,60f2f02b-8910-461c-879a-75925d256989::eave-chain::1:5,1,0.607538,57.511436,0.54885,"[-6.8733, -0.1526]","[-7.3854, -0.4787]","[""60f2f02b-8910-461c-879a-75925d256989::ceiling-raw::1:10:2""]"
60f2f02b-8910-461c-879a-75925d256989,1,60f2f02b-8910-461c-879a-75925d256989::eave-chain::1:6,1,4.565859,58.250275,0.9039,"[-4.1666, -5.7244]","[-0.284, -3.3218]","[""60f2f02b-8910-461c-879a-75925d256989::ceiling-raw::1:11:0""]"
60f2f02b-8910-461c-879a-75925d256989,1,60f2f02b-8910-461c-879a-75925d256989::eave-chain::1:7,1,2.778505,148.249704,0.9039,"[-0.284, -3.3218]","[-1.7461, -0.9591]","[""60f2f02b-8910-461c-879a-75925d256989::ceiling-raw::1:11:0""]"
60f2f02b-8910-461c-879a-75925d256989,1,60f2f02b-8910-461c-879a-75925d256989::eave-chain::1:8,1,2.412834,148.251865,1.0591,"[-0.9284, -0.4535]","[0.3412, -2.5053]","[""60f2f02b-8910-461c-879a-75925d256989::ceiling-raw::1:12:0""]"
60f2f02b-8910-461c-879a-75925d256989,1,60f2f02b-8910-461c-879a-75925d256989::eave-chain::1:9,1,2.389577,148.250811,1.0591,"[3.4698, -0.5419]","[2.2124, 1.4901]","[""60f2f02b-8910-461c-879a-75925d256989::ceiling-raw::1:12:0""]"
60f2f02b-8910-461c-879a-75925d256989,1,60f2f02b-8910-461c-879a-75925d256989::eave-chain::1:10,1,3.693536,58.249816,1.0591,"[2.2124, 1.4901]","[-0.9284, -0.4535]","[""60f2f02b-8910-461c-879a-75925d256989::ceiling-raw::1:12:0""]"
60f2f02b-8910-461c-879a-75925d256989,1,60f2f02b-8910-461c-879a-75925d256989::eave-chain::1:11,1,3.693528,58.152965,0.30355,"[0.7059, -3.0946]","[3.8434, -1.1457]","[""60f2f02b-8910-461c-879a-75925d256989::ceiling-raw::1:12:1""]"
60fa343a-d19a-4d18-b939-33b80e790be6,0,60fa343a-d19a-4d18-b939-33b80e790be6::eave-chain::0:0,1,3.548884,88.036416,-1.7779,"[-4.4289, -3.2588]","[-0.8821, -3.1372]","[""60fa343a-d19a-4d18-b939-33b80e790be6::ceiling-raw::0:2:0""]"
60fa343a-d19a-4d18-b939-33b80e790be6,0,60fa343a-d19a-4d18-b939-33b80e790be6::eave-chain::0:1,1,2.830263,178.035949,-1.7779,"[-0.8821, -3.1372]","[-0.9791, -0.3086]","[""60fa343a-d19a-4d18-b939-33b80e790be6::ceiling-raw::0:2:0""]"
60fa343a-d19a-4d18-b939-33b80e790be6,0,60fa343a-d19a-4d18-b939-33b80e790be6::eave-chain::0:2,2,7.183024,88.035029,-1.804759,"[2.5599, 2.525094]","[-4.6189, 2.278799]","[""60fa343a-d19a-4d18-b939-33b80e790be6::ceiling-raw::0:2:0"", ""60fa343a-d19a-4d18-b939-33b80e790be6::ceiling-raw::0:2:1""]"
60fa343a-d19a-4d18-b939-33b80e790be6,0,60fa343a-d19a-4d18-b939-33b80e790be6::eave-chain::0:3,1,5.540859,178.034902,-1.7779,"[-4.6189, 2.2788]","[-4.4289, -3.2588]","[""60fa343a-d19a-4d18-b939-33b80e790be6::ceiling-raw::0:2:0""]"
60fa343a-d19a-4d18-b939-33b80e790be6,0,60fa343a-d19a-4d18-b939-33b80e790be6::eave-chain::0:4,1,0.726727,88.036478,-2.0239,"[1.9265, -0.2089]","[2.6528, -0.184]","[""60fa343a-d19a-4d18-b939-33b80e790be6::ceiling-raw::0:2:1""]"
60fa343a-d19a-4d18-b939-33b80e790be6,0,60fa343a-d19a-4d18-b939-33b80e790be6::eave-chain::0:5,1,2.710692,178.035992,-2.0239,"[2.6528, -0.184]","[2.5599, 2.5251]","[""60fa343a-d19a-4d18-b939-33b80e790be6::ceiling-raw::0:2:1""]"
60fa343a-d19a-4d18-b939-33b80e790be6,1,60fa343a-d19a-4d18-b939-33b80e790be6::eave-chain::1:0,2,3.081732,177.435015,0.808155,"[0.302097, 6.521996]","[0.375063, 4.893179]","[""60fa343a-d19a-4d18-b939-33b80e790be6::ceiling-raw::1:5:0"", ""60fa343a-d19a-4d18-b939-33b80e790be6::ceiling-raw::1:7:0""]"
60fa343a-d19a-4d18-b939-33b80e790be6,1,60fa343a-d19a-4d18-b939-33b80e790be6::eave-chain::1:1,2,4.525099,86.737081,0.806627,"[2.177259, 6.601013]","[-2.437431, 6.337929]","[""60fa343a-d19a-4d18-b939-33b80e790be6::ceiling-raw::1:5:0"", ""60fa343a-d19a-4d18-b939-33b80e790be6::ceiling-raw::1:7:0""]"
60fa343a-d19a-4d18-b939-33b80e790be6,1,60fa343a-d19a-4d18-b939-33b80e790be6::eave-chain::1:2,2,6.717984,177.67414,0.789248,"[-2.486021, 6.338933]","[-2.335942, 2.643882]","[""60fa343a-d19a-4d18-b939-33b80e790be6::ceiling-raw::1:5:0"", ""60fa343a-d19a-4d18-b939-33b80e790be6::ceiling-raw::1:6:0""]"
60fa343a-d19a-4d18-b939-33b80e790be6,1,60fa343a-d19a-4d18-b939-33b80e790be6::eave-chain::1:3,1,2.295479,87.503183,0.774,"[-2.5179, 5.681]","[-4.8112, 5.581]","[""60fa343a-d19a-4d18-b939-33b80e790be6::ceiling-raw::1:6:0""]"
60fa343a-d19a-4d18-b939-33b80e790be6,1,60fa343a-d19a-4d18-b939-33b80e790be6::eave-chain::1:4,2,8.594663,177.415891,0.745266,"[-4.81001, 5.581054]","[-4.418649, -3.090466]","[""60fa343a-d19a-4d18-b939-33b80e790be6::ceiling-raw::1:6:0"", ""60fa343a-d19a-4d18-b939-33b80e790be6::ceiling-raw::1:8:0""]"
60fa343a-d19a-4d18-b939-33b80e790be6,1,60fa343a-d19a-4d18-b939-33b80e790be6::eave-chain::1:5,2,6.601172,87.889149,0.745105,"[-0.361617, 2.69139]","[-4.678435, 2.53228]","[""60fa343a-d19a-4d18-b939-33b80e790be6::ceiling-raw::1:6:0"", ""60fa343a-d19a-4d18-b939-33b80e790be6::ceiling-raw::1:8:0""]"
60fa343a-d19a-4d18-b939-33b80e790be6,1,60fa343a-d19a-4d18-b939-33b80e790be6::eave-chain::1:6,2,5.483407,87.537504,0.771065,"[2.376641, 3.925351]","[-0.41033, 3.805497]","[""60fa343a-d19a-4d18-b939-33b80e790be6::ceiling-raw::1:7:0"", ""60fa343a-d19a-4d18-b939-33b80e790be6::ceiling-raw::1:8:0""]"
60fa343a-d19a-4d18-b939-33b80e790be6,1,60fa343a-d19a-4d18-b939-33b80e790be6::eave-chain::1:7,3,9.134071,176.903585,0.76143,"[2.693073, -2.754579]","[2.1868, 6.604325]","[""60fa343a-d19a-4d18-b939-33b80e790be6::ceiling-raw::1:7:0"", ""60fa343a-d19a-4d18-b939-33b80e790be6::ceiling-raw::1:8:0"", ""60fa343a-d19a-4d18-b939-33b80e790be6::ceiling-raw::1:9:0""]"
60fa343a-d19a-4d18-b939-33b80e790be6,1,60fa343a-d19a-4d18-b939-33b80e790be6::eave-chain::1:8,2,6.752217,87.625534,0.741574,"[-1.045834, -0.127718]","[2.556915, 0.021674]","[""60fa343a-d19a-4d18-b939-33b80e790be6::ceiling-raw::1:8:0"", ""60fa343a-d19a-4d18-b939-33b80e790be6::ceiling-raw::1:9:0""]"
60fa343a-d19a-4d18-b939-33b80e790be6,1,60fa343a-d19a-4d18-b939-33b80e790be6::eave-chain::1:9,2,6.65612,87.284864,0.741746,"[-4.41935, -3.091549]","[2.67788, -2.754973]","[""60fa343a-d19a-4d18-b939-33b80e790be6::ceiling-raw::1:8:0"", ""60fa343a-d19a-4d18-b939-33b80e790be6::ceiling-raw::1:9:0""]"
60fa343a-d19a-4d18-b939-33b80e790be6,1,60fa343a-d19a-4d18-b939-33b80e790be6::eave-chain::1:10,1,2.862817,177.503492,0.7297,"[-0.9232, -2.938]","[-1.0479, -0.0779]","[""60fa343a-d19a-4d18-b939-33b80e790be6::ceiling-raw::1:8:0""]"
60fa343a-d19a-4d18-b939-33b80e790be6,1,60fa343a-d19a-4d18-b939-33b80e790be6::eave-chain::1:11,1,2.729291,177.503152,0.7551,"[-0.5946, -0.1662]","[-0.4757, -2.8929]","[""60fa343a-d19a-4d18-b939-33b80e790be6::ceiling-raw::1:9:0""]"
612d1bc8-dbed-47cb-aef5-3e64964ccc04,0,612d1bc8-dbed-47cb-aef5-3e64964ccc04::eave-chain::0:0,2,5.074928,86.827356,1.048665,"[2.579909, 3.525218]","[6.196504, 3.725685]","[""612d1bc8-dbed-47cb-aef5-3e64964ccc04::ceiling-raw::0:0:0"", ""612d1bc8-dbed-47cb-aef5-3e64964ccc04::ceiling-raw::0:4:0""]"
612d1bc8-dbed-47cb-aef5-3e64964ccc04,0,612d1bc8-dbed-47cb-aef5-3e64964ccc04::eave-chain::0:1,2,3.987919,176.404674,1.058024,"[4.262929, 1.706814]","[4.408906, -0.616455]","[""612d1bc8-dbed-47cb-aef5-3e64964ccc04::ceiling-raw::0:0:0"", ""612d1bc8-dbed-47cb-aef5-3e64964ccc04::ceiling-raw::0:1:0""]"
612d1bc8-dbed-47cb-aef5-3e64964ccc04,0,612d1bc8-dbed-47cb-aef5-3e64964ccc04::eave-chain::0:2,1,1.974775,86.600487,1.0588,"[4.4257, -0.6154]","[6.397, -0.4983]","[""612d1bc8-dbed-47cb-aef5-3e64964ccc04::ceiling-raw::0:0:0""]"
612d1bc8-dbed-47cb-aef5-3e64964ccc04,0,612d1bc8-dbed-47cb-aef5-3e64964ccc04::eave-chain::0:3,2,7.28522,176.992448,1.052819,"[6.395212, -0.498394]","[6.01122, 6.810185]","[""612d1bc8-dbed-47cb-aef5-3e64964ccc04::ceiling-raw::0:0:0"", ""612d1bc8-dbed-47cb-aef5-3e64964ccc04::ceiling-raw::0:4:0""]"
612d1bc8-dbed-47cb-aef5-3e64964ccc04,0,612d1bc8-dbed-47cb-aef5-3e64964ccc04::eave-chain::0:4,4,16.216529,174.763946,1.061488,"[3.045627, -0.177343]","[2.0697, 10.47204]","[""612d1bc8-dbed-47cb-aef5-3e64964ccc04::ceiling-raw::0:1:0"", ""612d1bc8-dbed-47cb-aef5-3e64964ccc04::ceiling-raw::0:2:0"", ""612d1bc8-dbed-47cb-aef5-3e64964ccc04::ceiling-raw::0:3:0"", ""612d1bc8-dbed-47cb-aef5-3e64964ccc04::ceiling-raw::0:4:0""]"
612d1bc8-dbed-47cb-aef5-3e64964ccc04,0,612d1bc8-dbed-47cb-aef5-3e64964ccc04::eave-chain::0:5,2,3.073805,84.931612,1.0603,"[1.168465, -0.295244]","[4.347428, -0.013297]","[""612d1bc8-dbed-47cb-aef5-3e64964ccc04::ceiling-raw::0:1:0"", ""612d1bc8-dbed-47cb-aef5-3e64964ccc04::ceiling-raw::0:2:0""]"
612d1bc8-dbed-47cb-aef5-3e64964ccc04,0,612d1bc8-dbed-47cb-aef5-3e64964ccc04::eave-chain::0:6,2,5.676489,176.742422,1.050448,"[1.148556, -0.77812]","[0.972647, 2.312518]","[""612d1bc8-dbed-47cb-aef5-3e64964ccc04::ceiling-raw::0:2:0"", ""612d1bc8-dbed-47cb-aef5-3e64964ccc04::ceiling-raw::0:9:0""]"
612d1bc8-dbed-47cb-aef5-3e64964ccc04,0,612d1bc8-dbed-47cb-aef5-3e64964ccc04::eave-chain::0:7,1,4.527169,86.599873,1.0708,"[2.114, 10.4761]","[-2.4052, 10.2076]","[""612d1bc8-dbed-47cb-aef5-3e64964ccc04::ceiling-raw::0:3:0""]"
612d1bc8-dbed-47cb-aef5-3e64964ccc04,0,612d1bc8-dbed-47cb-aef5-3e64964ccc04::eave-chain::0:8,1,3.894451,176.600969,1.0708,"[-2.4052, 10.2076]","[-2.1743, 6.32]","[""612d1bc8-dbed-47cb-aef5-3e64964ccc04::ceiling-raw::0:3:0""]"
612d1bc8-dbed-47cb-aef5-3e64964ccc04,0,612d1bc8-dbed-47cb-aef5-3e64964ccc04::eave-chain::0:9,3,8.525605,87.004267,1.159184,"[-2.175482, 6.34259]","[-11.227903, 5.868849]","[""612d1bc8-dbed-47cb-aef5-3e64964ccc04::ceiling-raw::0:3:0"", ""612d1bc8-dbed-47cb-aef5-3e64964ccc04::ceiling-raw::0:5:0"", ""612d1bc8-dbed-47cb-aef5-3e64964ccc04::ceiling-raw::0:7:0""]"
612d1bc8-dbed-47cb-aef5-3e64964ccc04,0,612d1bc8-dbed-47cb-aef5-3e64964ccc04::eave-chain::0:10,1,7.299442,176.600813,1.0708,"[-5.2684, 6.1362]","[-4.8356, -1.1504]","[""612d1bc8-dbed-47cb-aef5-3e64964ccc04::ceiling-raw::0:3:0""]"
612d1bc8-dbed-47cb-aef5-3e64964ccc04,0,612d1bc8-dbed-47cb-aef5-3e64964ccc04::eave-chain::0:11,2,5.86262,86.436015,1.056613,"[-4.835575, -1.150805]","[1.108512, -0.780585]","[""612d1bc8-dbed-47cb-aef5-3e64964ccc04::ceiling-raw::0:3:0"", ""612d1bc8-dbed-47cb-aef5-3e64964ccc04::ceiling-raw::0:9:0""]"
612d1bc8-dbed-47cb-aef5-3e64964ccc04,0,612d1bc8-dbed-47cb-aef5-3e64964ccc04::eave-chain::0:12,2,4.950314,176.083936,1.059924,"[-1.656937, -0.96106]","[-1.874052, 2.210582]","[""612d1bc8-dbed-47cb-aef5-3e64964ccc04::ceiling-raw::0:3:0"", ""612d1bc8-dbed-47cb-aef5-3e64964ccc04::ceiling-raw::0:9:0""]"
612d1bc8-dbed-47cb-aef5-3e64964ccc04,0,612d1bc8-dbed-47cb-aef5-3e64964ccc04::eave-chain::0:13,1,3.622175,86.600286,1.0446,"[6.0134, 6.8103]","[2.3976, 6.5955]","[""612d1bc8-dbed-47cb-aef5-3e64964ccc04::ceiling-raw::0:4:0""]"
612d1bc8-dbed-47cb-aef5-3e64964ccc04,0,612d1bc8-dbed-47cb-aef5-3e64964ccc04::eave-chain::0:14,2,5.650839,176.832199,1.20736,"[-7.962071, 2.342149]","[-8.168823, 6.077857]","[""612d1bc8-dbed-47cb-aef5-3e64964ccc04::ceiling-raw::0:5:0"", ""612d1bc8-dbed-47cb-aef5-3e64964ccc04::ceiling-raw::0:7:0""]"
612d1bc8-dbed-47cb-aef5-3e64964ccc04,0,612d1bc8-dbed-47cb-aef5-3e64964ccc04::eave-chain::0:15,2,7.303353,176.577533,1.218843,"[-11.226094, 5.8344]","[-10.794222, -1.387001]","[""612d1bc8-dbed-47cb-aef5-3e64964ccc04::ceiling-raw::0:5:0"", ""612d1bc8-dbed-47cb-aef5-3e64964ccc04::ceiling-raw::0:8:0""]"
612d1bc8-dbed-47cb-aef5-3e64964ccc04,0,612d1bc8-dbed-47cb-aef5-3e64964ccc04::eave-chain::0:16,3,10.369348,85.888127,1.223053,"[-5.524518, 2.585915]","[-11.010076, 2.191563]","[""612d1bc8-dbed-47cb-aef5-3e64964ccc04::ceiling-raw::0:5:0"", ""612d1bc8-dbed-47cb-aef5-3e64964ccc04::ceiling-raw::0:6:0"", ""612d1bc8-dbed-47cb-aef5-3e64964ccc04::ceiling-raw::0:8:0""]"
612d1bc8-dbed-47cb-aef5-3e64964ccc04,0,612d1bc8-dbed-47cb-aef5-3e64964ccc04::eave-chain::0:17,2,3.532618,176.110812,1.222353,"[-5.527028, 2.612057]","[-5.772317, 6.220124]","[""612d1bc8-dbed-47cb-aef5-3e64964ccc04::ceiling-raw::0:6:0"", ""612d1bc8-dbed-47cb-aef5-3e64964ccc04::ceiling-raw::0:7:0""]"
612d1bc8-dbed-47cb-aef5-3e64964ccc04,0,612d1bc8-dbed-47cb-aef5-3e64964ccc04::eave-chain::0:18,1,3.623778,176.600208,1.2395,"[-5.8774, -1.0949]","[-6.0923, 2.5225]","[""612d1bc8-dbed-47cb-aef5-3e64964ccc04::ceiling-raw::0:8:0""]"
612d1bc8-dbed-47cb-aef5-3e64964ccc04,0,612d1bc8-dbed-47cb-aef5-3e64964ccc04::eave-chain::0:19,1,4.925469,86.600136,1.2395,"[-10.7942, -1.387]","[-5.8774, -1.0949]","[""612d1bc8-dbed-47cb-aef5-3e64964ccc04::ceiling-raw::0:8:0""]"
6203a969-742b-4935-bc4d-8eae644b8f73,0,6203a969-742b-4935-bc4d-8eae644b8f73::eave-chain::0:0,5,13.564423,5.850509,0.628771,"[-0.620778, -18.982859]","[0.798377, -5.132986]","[""6203a969-742b-4935-bc4d-8eae644b8f73::ceiling-raw::0:0:0"", ""6203a969-742b-4935-bc4d-8eae644b8f73::ceiling-raw::0:1:0"", ""6203a969-742b-4935-bc4d-8eae644b8f73::ceiling-raw::0:4:0"", ""6203a969-742b-4935-bc4d-8eae644b8f73::ceiling-raw::0:5:0"", ""6203a969-742b-4935-bc4d-8eae644b8f73::ceiling-raw::0:6:0""]"
6203a969-742b-4935-bc4d-8eae644b8f73,0,6203a969-742b-4935-bc4d-8eae644b8f73::eave-chain::0:1,2,6.020682,96.70949,0.621139,"[-3.594869, -15.265034]","[-0.231819, -15.660666]","[""6203a969-742b-4935-bc4d-8eae644b8f73::ceiling-raw::0:0:0"", ""6203a969-742b-4935-bc4d-8eae644b8f73::ceiling-raw::0:1:0""]"
6203a969-742b-4935-bc4d-8eae644b8f73,0,6203a969-742b-4935-bc4d-8eae644b8f73::eave-chain::0:2,1,3.313676,6.557104,0.5825,"[-2.8788, -15.3881]","[-3.2572, -18.6801]","[""6203a969-742b-4935-bc4d-8eae644b8f73::ceiling-raw::0:0:0""]"
6203a969-742b-4935-bc4d-8eae644b8f73,0,6203a969-742b-4935-bc4d-8eae644b8f73::eave-chain::0:3,2,5.860223,97.134187,0.631599,"[-7.208352, -18.16022]","[-0.640078, -18.982322]","[""6203a969-742b-4935-bc4d-8eae644b8f73::ceiling-raw::0:0:0"", ""6203a969-742b-4935-bc4d-8eae644b8f73::ceiling-raw::0:2:0""]"
6203a969-742b-4935-bc4d-8eae644b8f73,0,6203a969-742b-4935-bc4d-8eae644b8f73::eave-chain::0:4,2,3.555655,96.709153,0.623001,"[0.148744, -12.35157]","[-1.714569, -12.132379]","[""6203a969-742b-4935-bc4d-8eae644b8f73::ceiling-raw::0:1:0"", ""6203a969-742b-4935-bc4d-8eae644b8f73::ceiling-raw::0:5:0""]"
6203a969-742b-4935-bc4d-8eae644b8f73,0,6203a969-742b-4935-bc4d-8eae644b8f73::eave-chain::0:5,2,9.565645,96.58682,0.507929,"[-9.732519, -11.291329]","[-3.257811, -12.038969]","[""6203a969-742b-4935-bc4d-8eae644b8f73::ceiling-raw::0:2:0"", ""6203a969-742b-4935-bc4d-8eae644b8f73::ceiling-raw::0:3:2""]"
6203a969-742b-4935-bc4d-8eae644b8f73,0,6203a969-742b-4935-bc4d-8eae644b8f73::eave-chain::0:6,1,6.524672,6.556445,0.6717,"[-6.4639, -11.6826]","[-7.2089, -18.1646]","[""6203a969-742b-4935-bc4d-8eae644b8f73::ceiling-raw::0:2:0""]"
6203a969-742b-4935-bc4d-8eae644b8f73,0,6203a969-742b-4935-bc4d-8eae644b8f73::eave-chain::0:7,1,6.524584,6.557418,0.6717,"[-4.0043, -18.5329]","[-3.2592, -12.051]","[""6203a969-742b-4935-bc4d-8eae644b8f73::ceiling-raw::0:2:0""]"
6203a969-742b-4935-bc4d-8eae644b8f73,0,6203a969-742b-4935-bc4d-8eae644b8f73::eave-chain::0:8,1,4.149737,6.556095,2.1139,"[-9.1013, -5.799]","[-9.5751, -9.9216]","[""6203a969-742b-4935-bc4d-8eae644b8f73::ceiling-raw::0:3:0""]"
6203a969-742b-4935-bc4d-8eae644b8f73,0,6203a969-742b-4935-bc4d-8eae644b8f73::eave-chain::0:9,2,6.806319,96.555869,0.647784,"[0.373193, -9.251825]","[-3.020911, -8.861763]","[""6203a969-742b-4935-bc4d-8eae644b8f73::ceiling-raw::0:4:0"", ""6203a969-742b-4935-bc4d-8eae644b8f73::ceiling-raw::0:6:0""]"
6203a969-742b-4935-bc4d-8eae644b8f73,0,6203a969-742b-4935-bc4d-8eae644b8f73::eave-chain::0:10,2,5.105993,97.104959,0.626596,"[-3.244999, -10.721959]","[0.15494, -11.145743]","[""6203a969-742b-4935-bc4d-8eae644b8f73::ceiling-raw::0:4:0"", ""6203a969-742b-4935-bc4d-8eae644b8f73::ceiling-raw::0:5:0""]"
6203a969-742b-4935-bc4d-8eae644b8f73,0,6203a969-742b-4935-bc4d-8eae644b8f73::eave-chain::0:11,1,3.389974,96.556889,0.6518,"[0.8356, -5.1368]","[-2.5322, -4.7497]","[""6203a969-742b-4935-bc4d-8eae644b8f73::ceiling-raw::0:6:0""]"
6203a969-742b-4935-bc4d-8eae644b8f73,0,6203a969-742b-4935-bc4d-8eae644b8f73::eave-chain::0:12,2,6.833584,6.556759,0.726932,"[-1.83094, -0.033543]","[-1.439137, 3.37524]","[""6203a969-742b-4935-bc4d-8eae644b8f73::ceiling-raw::0:12:0"", ""6203a969-742b-4935-bc4d-8eae644b8f73::ceiling-raw::0:9:0""]"
6203a969-742b-4935-bc4d-8eae644b8f73,0,6203a969-742b-4935-bc4d-8eae644b8f73::eave-chain::0:13,2,6.651615,96.721078,0.727251,"[1.929092, 2.968829]","[-4.663913, 3.745788]","[""6203a969-742b-4935-bc4d-8eae644b8f73::ceiling-raw::0:12:0"", ""6203a969-742b-4935-bc4d-8eae644b8f73::ceiling-raw::0:9:0""]"
6203a969-742b-4935-bc4d-8eae644b8f73,0,6203a969-742b-4935-bc4d-8eae644b8f73::eave-chain::0:14,1,3.421381,6.557119,0.7133,"[-4.6639, 3.7459]","[-5.0546, 0.3469]","[""6203a969-742b-4935-bc4d-8eae644b8f73::ceiling-raw::0:9:0""]"
6203a969-742b-4935-bc4d-8eae644b8f73,0,6203a969-742b-4935-bc4d-8eae644b8f73::eave-chain::0:15,3,10.056486,96.908442,0.722832,"[1.537755, -0.45751]","[-5.055276, 0.34132]","[""6203a969-742b-4935-bc4d-8eae644b8f73::ceiling-raw::0:10:0"", ""6203a969-742b-4935-bc4d-8eae644b8f73::ceiling-raw::0:12:0"", ""6203a969-742b-4935-bc4d-8eae644b8f73::ceiling-raw::0:9:0""]"
6203a969-742b-4935-bc4d-8eae644b8f73,0,6203a969-742b-4935-bc4d-8eae644b8f73::eave-chain::0:16,2,6.819913,96.547042,0.723064,"[1.371665, -1.900747]","[-2.042164, -1.508951]","[""6203a969-742b-4935-bc4d-8eae644b8f73::ceiling-raw::0:10:0"", ""6203a969-742b-4935-bc4d-8eae644b8f73::ceiling-raw::0:11:0""]"
6203a969-742b-4935-bc4d-8eae644b8f73,0,6203a969-742b-4935-bc4d-8eae644b8f73::eave-chain::0:17,3,6.32194,6.716418,0.732725,"[1.177878, -3.455392]","[1.934352, 2.968281]","[""6203a969-742b-4935-bc4d-8eae644b8f73::ceiling-raw::0:10:0"", ""6203a969-742b-4935-bc4d-8eae644b8f73::ceiling-raw::0:11:0"", ""6203a969-742b-4935-bc4d-8eae644b8f73::ceiling-raw::0:12:0""]"
6203a969-742b-4935-bc4d-8eae644b8f73,0,6203a969-742b-4935-bc4d-8eae644b8f73::eave-chain::0:18,1,3.415241,96.557138,0.7319,"[-2.2209, -3.0647]","[1.172, -3.4547]","[""6203a969-742b-4935-bc4d-8eae644b8f73::ceiling-raw::0:11:0""]"
66a72e63-8b3c-4e57-977b-32f5119a9d09,0,66a72e63-8b3c-4e57-977b-32f5119a9d09::eave-chain::0:0,1,1.005789,173.744106,0.6629,"[-2.9115, -2.6607]","[-2.8019, -3.6605]","[""66a72e63-8b3c-4e57-977b-32f5119a9d09::ceiling-raw::0:14:0""]"
66a72e63-8b3c-4e57-977b-32f5119a9d09,0,66a72e63-8b3c-4e57-977b-32f5119a9d09::eave-chain::0:1,1,2.296293,83.739716,0.6629,"[-2.8019, -3.6605]","[-0.5193, -3.4101]","[""66a72e63-8b3c-4e57-977b-32f5119a9d09::ceiling-raw::0:14:0""]"
66a72e63-8b3c-4e57-977b-32f5119a9d09,0,66a72e63-8b3c-4e57-977b-32f5119a9d09::eave-chain::0:2,1,1.005789,173.744106,0.6629,"[-0.5193, -3.4101]","[-0.6289, -2.4103]","[""66a72e63-8b3c-4e57-977b-32f5119a9d09::ceiling-raw::0:14:0""]"
66a72e63-8b3c-4e57-977b-32f5119a9d09,1,66a72e63-8b3c-4e57-977b-32f5119a9d09::eave-chain::1:0,1,1.245594,173.384487,3.5091,"[-1.6687, 3.9966]","[-1.5252, 2.7593]","[""66a72e63-8b3c-4e57-977b-32f5119a9d09::ceiling-raw::1:9:0""]"
66a72e63-8b3c-4e57-977b-32f5119a9d09,1,66a72e63-8b3c-4e57-977b-32f5119a9d09::eave-chain::1:1,1,1.245605,173.379917,3.5091,"[1.262, 3.0826]","[1.1184, 4.3199]","[""66a72e63-8b3c-4e57-977b-32f5119a9d09::ceiling-raw::1:9:0""]"
66a72e63-8b3c-4e57-977b-32f5119a9d09,1,66a72e63-8b3c-4e57-977b-32f5119a9d09::eave-chain::1:2,1,2.805789,83.383335,3.5091,"[1.1184, 4.3199]","[-1.6687, 3.9966]","[""66a72e63-8b3c-4e57-977b-32f5119a9d09::ceiling-raw::1:9:0""]"
66a72e63-8b3c-4e57-977b-32f5119a9d09,2,66a72e63-8b3c-4e57-977b-32f5119a9d09::eave-chain::2:0,2,5.135538,82.116351,5.9871,"[-4.5815, 0.367]","[-7.125, 0.0148]","[""66a72e63-8b3c-4e57-977b-32f5119a9d09::ceiling-raw::2:0:2"", ""66a72e63-8b3c-4e57-977b-32f5119a9d09::ceiling-raw::2:0:6""]"
66a72e63-8b3c-4e57-977b-32f5119a9d09,2,66a72e63-8b3c-4e57-977b-32f5119a9d09::eave-chain::2:1,2,3.468872,172.11815,5.9871,"[-7.311669, 1.363004]","[-6.83598, -2.073097]","[""66a72e63-8b3c-4e57-977b-32f5119a9d09::ceiling-raw::2:0:2"", ""66a72e63-8b3c-4e57-977b-32f5119a9d09::ceiling-raw::2:0:5""]"
66a72e63-8b3c-4e57-977b-32f5119a9d09,2,66a72e63-8b3c-4e57-977b-32f5119a9d09::eave-chain::2:2,1,2.567667,82.370409,4.6275,"[-6.6136, -3.6788]","[-4.0687, -3.3379]","[""66a72e63-8b3c-4e57-977b-32f5119a9d09::ceiling-raw::2:0:3""]"
66a72e63-8b3c-4e57-977b-32f5119a9d09,2,66a72e63-8b3c-4e57-977b-32f5119a9d09::eave-chain::2:3,1,2.29529,82.117013,4.5203,"[-5.2086, 2.9095]","[-7.4822, 2.5947]","[""66a72e63-8b3c-4e57-977b-32f5119a9d09::ceiling-raw::2:0:9""]"
66a72e63-8b3c-4e57-977b-32f5119a9d09,2,66a72e63-8b3c-4e57-977b-32f5119a9d09::eave-chain::2:4,1,2.950586,172.116506,6.0266,"[-0.7493, -3.4311]","[-1.154, -0.5084]","[""66a72e63-8b3c-4e57-977b-32f5119a9d09::ceiling-raw::2:1:0""]"
66a72e63-8b3c-4e57-977b-32f5119a9d09,2,66a72e63-8b3c-4e57-977b-32f5119a9d09::eave-chain::2:5,1,3.368929,172.117871,6.0266,"[-4.3843, -0.5333]","[-3.9223, -3.8704]","[""66a72e63-8b3c-4e57-977b-32f5119a9d09::ceiling-raw::2:1:0""]"
66a72e63-8b3c-4e57-977b-32f5119a9d09,2,66a72e63-8b3c-4e57-977b-32f5119a9d09::eave-chain::2:6,1,3.203266,82.117542,6.0266,"[-3.9223, -3.8704]","[-0.7493, -3.4311]","[""66a72e63-8b3c-4e57-977b-32f5119a9d09::ceiling-raw::2:1:0""]"
66a72e63-8b3c-4e57-977b-32f5119a9d09,2,66a72e63-8b3c-4e57-977b-32f5119a9d09::eave-chain::2:7,1,3.180726,81.892061,4.87585,"[-1.7308, 3.4582]","[-4.8797, 3.0096]","[""66a72e63-8b3c-4e57-977b-32f5119a9d09::ceiling-raw::2:2:1""]"
66a72e63-8b3c-4e57-977b-32f5119a9d09,2,66a72e63-8b3c-4e57-977b-32f5119a9d09::eave-chain::2:8,2,2.081643,82.344809,5.305483,"[1.555796, 3.443734]","[-0.506855, 3.166495]","[""66a72e63-8b3c-4e57-977b-32f5119a9d09::ceiling-raw::2:4:8""]"
66a72e63-8b3c-4e57-977b-32f5119a9d09,2,66a72e63-8b3c-4e57-977b-32f5119a9d09::eave-chain::2:9,1,1.468229,82.044844,6.0293,"[1.771, 1.9027]","[3.2251, 2.1059]","[""66a72e63-8b3c-4e57-977b-32f5119a9d09::ceiling-raw::2:4:10""]"
66a72e63-8b3c-4e57-977b-32f5119a9d09,2,66a72e63-8b3c-4e57-977b-32f5119a9d09::eave-chain::2:10,1,1.662945,56.505829,6.0293,"[3.5467, 0.0369]","[2.1599, -0.8808]","[""66a72e63-8b3c-4e57-977b-32f5119a9d09::ceiling-raw::2:4:14""]"
670a8030-c451-4e80-badd-6702cef02a03,1,670a8030-c451-4e80-badd-6702cef02a03::eave-chain::1:0,3,10.713704,140.721787,-1.473035,"[3.045906, -4.699877]","[-1.620694, 1.00602]","[""670a8030-c451-4e80-badd-6702cef02a03::ceiling-raw::1:5:0"", ""670a8030-c451-4e80-badd-6702cef02a03::ceiling-raw::1:5:1"", ""670a8030-c451-4e80-badd-6702cef02a03::ceiling-raw::1:6:0""]"
670a8030-c451-4e80-badd-6702cef02a03,1,670a8030-c451-4e80-badd-6702cef02a03::eave-chain::1:1,2,7.759976,53.383336,-1.47,"[0.941308, -1.807111]","[-2.3299, -4.238001]","[""670a8030-c451-4e80-badd-6702cef02a03::ceiling-raw::1:5:0"", ""670a8030-c451-4e80-badd-6702cef02a03::ceiling-raw::1:5:1""]"
670a8030-c451-4e80-badd-6702cef02a03,1,670a8030-c451-4e80-badd-6702cef02a03::eave-chain::1:2,2,7.360991,143.382615,-1.47,"[-4.587815, -1.199611]","[-0.197215, -7.107811]","[""670a8030-c451-4e80-badd-6702cef02a03::ceiling-raw::1:5:0"", ""670a8030-c451-4e80-badd-6702cef02a03::ceiling-raw::1:5:1""]"
670a8030-c451-4e80-badd-6702cef02a03,1,670a8030-c451-4e80-badd-6702cef02a03::eave-chain::1:3,1,4.07554,53.383155,-1.47,"[-0.1972, -7.1078]","[3.074, -4.6769]","[""670a8030-c451-4e80-badd-6702cef02a03::ceiling-raw::1:5:0""]"
670a8030-c451-4e80-badd-6702cef02a03,1,670a8030-c451-4e80-badd-6702cef02a03::eave-chain::1:4,3,6.786007,53.378565,-1.520204,"[1.253954, 3.142262]","[-4.587801, -1.199599]","[""670a8030-c451-4e80-badd-6702cef02a03::ceiling-raw::1:5:1"", ""670a8030-c451-4e80-badd-6702cef02a03::ceiling-raw::1:6:0"", ""670a8030-c451-4e80-badd-6702cef02a03::ceiling-raw::1:6:2""]"
670a8030-c451-4e80-badd-6702cef02a03,1,670a8030-c451-4e80-badd-6702cef02a03::eave-chain::1:5,2,5.208285,121.199587,-1.4797,"[3.2538, 0.4512]","[1.0263, 1.8002]","[""670a8030-c451-4e80-badd-6702cef02a03::ceiling-raw::1:6:0"", ""670a8030-c451-4e80-badd-6702cef02a03::ceiling-raw::1:6:1""]"
670a8030-c451-4e80-badd-6702cef02a03,1,670a8030-c451-4e80-badd-6702cef02a03::eave-chain::1:6,1,1.031107,119.299636,-1.4797,"[0.4305, 1.3574]","[-0.4687, 1.862]","[""670a8030-c451-4e80-badd-6702cef02a03::ceiling-raw::1:6:0""]"
670a8030-c451-4e80-badd-6702cef02a03,1,670a8030-c451-4e80-badd-6702cef02a03::eave-chain::1:7,1,3.522335,53.383859,-1.4797,"[0.4266, -1.6497]","[3.2538, 0.4512]","[""670a8030-c451-4e80-badd-6702cef02a03::ceiling-raw::1:6:0""]"
670a8030-c451-4e80-badd-6702cef02a03,2,670a8030-c451-4e80-badd-6702cef02a03::eave-chain::2:0,1,1.543848,52.78644,0.9651,"[-1.7225, 0.8992]","[-2.952, -0.0345]","[""670a8030-c451-4e80-badd-6702cef02a03::ceiling-raw::2:8:0""]"
670a8030-c451-4e80-badd-6702cef02a03,2,670a8030-c451-4e80-badd-6702cef02a03::eave-chain::2:1,1,3.34226,142.78553,0.9651,"[0.2989, -1.7625]","[-1.7225, 0.8992]","[""670a8030-c451-4e80-badd-6702cef02a03::ceiling-raw::2:8:0""]"
670a8030-c451-4e80-badd-6702cef02a03,2,670a8030-c451-4e80-badd-6702cef02a03::eave-chain::2:2,2,6.660415,142.419078,-0.424615,"[-4.045512, -0.864979]","[0.413296, -6.658849]","[""670a8030-c451-4e80-badd-6702cef02a03::ceiling-raw::2:8:1"", ""670a8030-c451-4e80-badd-6702cef02a03::ceiling-raw::2:9:4""]"
670a8030-c451-4e80-badd-6702cef02a03,2,670a8030-c451-4e80-badd-6702cef02a03::eave-chain::2:3,1,2.382847,142.771828,0.9194,"[3.5063, -4.3088]","[2.0647, -2.4115]","[""670a8030-c451-4e80-badd-6702cef02a03::ceiling-raw::2:9:3""]"
670a8030-c451-4e80-badd-6702cef02a03,2,670a8030-c451-4e80-badd-6702cef02a03::eave-chain::2:4,1,2.453508,52.773272,0.9194,"[1.5527, -5.7931]","[3.5063, -4.3088]","[""670a8030-c451-4e80-badd-6702cef02a03::ceiling-raw::2:9:3""]"
670a8030-c451-4e80-badd-6702cef02a03,2,670a8030-c451-4e80-badd-6702cef02a03::eave-chain::2:5,1,1.563908,142.787917,-0.2677,"[3.4601, -1.3864]","[2.5143, -0.1409]","[""670a8030-c451-4e80-badd-6702cef02a03::ceiling-raw::2:10:4""]"
670a8030-c451-4e80-badd-6702cef02a03,2,670a8030-c451-4e80-badd-6702cef02a03::eave-chain::2:6,1,2.964574,142.784923,0.9109,"[-0.2228, 1.5495]","[1.5702, -0.8114]","[""670a8030-c451-4e80-badd-6702cef02a03::ceiling-raw::2:11:2""]"
6c29deb7-51e6-437d-bfe4-0eb83e559881,2,6c29deb7-51e6-437d-bfe4-0eb83e559881::eave-chain::2:0,1,2.293498,114.769383,6.1089,"[-1.3673, 3.0508]","[0.7152, 2.0899]","[""6c29deb7-51e6-437d-bfe4-0eb83e559881::ceiling-raw::2:2:0""]"
6c29deb7-51e6-437d-bfe4-0eb83e559881,2,6c29deb7-51e6-437d-bfe4-0eb83e559881::eave-chain::2:1,2,7.295556,25.927026,6.094718,"[2.123274, 1.408319]","[3.817259, 4.892759]","[""6c29deb7-51e6-437d-bfe4-0eb83e559881::ceiling-raw::2:2:0"", ""6c29deb7-51e6-437d-bfe4-0eb83e559881::ceiling-raw::2:3:0""]"
6c29deb7-51e6-437d-bfe4-0eb83e559881,2,6c29deb7-51e6-437d-bfe4-0eb83e559881::eave-chain::2:2,2,7.64383,115.704965,6.093798,"[7.31346, 3.200725]","[0.331767, 6.561532]","[""6c29deb7-51e6-437d-bfe4-0eb83e559881::ceiling-raw::2:2:0"", ""6c29deb7-51e6-437d-bfe4-0eb83e559881::ceiling-raw::2:3:0""]"
6c29deb7-51e6-437d-bfe4-0eb83e559881,2,6c29deb7-51e6-437d-bfe4-0eb83e559881::eave-chain::2:3,1,3.900341,25.8253,6.1089,"[0.3318, 6.5616]","[-1.3673, 3.0508]","[""6c29deb7-51e6-437d-bfe4-0eb83e559881::ceiling-raw::2:2:0""]"
6c29deb7-51e6-437d-bfe4-0eb83e559881,2,6c29deb7-51e6-437d-bfe4-0eb83e559881::eave-chain::2:4,2,5.63281,26.301927,6.074201,"[4.775543, -1.939408]","[7.315577, 3.199524]","[""6c29deb7-51e6-437d-bfe4-0eb83e559881::ceiling-raw::2:3:0"", ""6c29deb7-51e6-437d-bfe4-0eb83e559881::ceiling-raw::2:4:0""]"
6c29deb7-51e6-437d-bfe4-0eb83e559881,2,6c29deb7-51e6-437d-bfe4-0eb83e559881::eave-chain::2:5,2,7.273014,115.890521,6.073222,"[2.343177, 1.734506]","[5.793294, 0.059924]","[""6c29deb7-51e6-437d-bfe4-0eb83e559881::ceiling-raw::2:3:0"", ""6c29deb7-51e6-437d-bfe4-0eb83e559881::ceiling-raw::2:4:0""]"
6c29deb7-51e6-437d-bfe4-0eb83e559881,2,6c29deb7-51e6-437d-bfe4-0eb83e559881::eave-chain::2:6,1,3.601264,115.825057,6.067,"[1.5315, -0.3694]","[4.7731, -1.9382]","[""6c29deb7-51e6-437d-bfe4-0eb83e559881::ceiling-raw::2:4:0""]"
6c29deb7-51e6-437d-bfe4-0eb83e559881,2,6c29deb7-51e6-437d-bfe4-0eb83e559881::eave-chain::2:7,2,3.547234,116.173755,6.096995,"[-1.27624, -1.216661]","[2.037081, -2.845132]","[""6c29deb7-51e6-437d-bfe4-0eb83e559881::ceiling-raw::2:5:0"", ""6c29deb7-51e6-437d-bfe4-0eb83e559881::ceiling-raw::2:6:0""]"
6c29deb7-51e6-437d-bfe4-0eb83e559881,2,6c29deb7-51e6-437d-bfe4-0eb83e559881::eave-chain::2:8,2,7.838749,8.553157,6.094895,"[0.007288, -1.875692]","[0.598768, 2.057026]","[""6c29deb7-51e6-437d-bfe4-0eb83e559881::ceiling-raw::2:5:0"", ""6c29deb7-51e6-437d-bfe4-0eb83e559881::ceiling-raw::2:6:0""]"
6c29deb7-51e6-437d-bfe4-0eb83e559881,2,6c29deb7-51e6-437d-bfe4-0eb83e559881::eave-chain::2:9,1,1.905437,26.497811,4.34995,"[3.8949, -3.7534]","[4.745, -2.0482]","[""6c29deb7-51e6-437d-bfe4-0eb83e559881::ceiling-raw::2:5:1""]"
6c29deb7-51e6-437d-bfe4-0eb83e559881,2,6c29deb7-51e6-437d-bfe4-0eb83e559881::eave-chain::2:10,2,1.296189,98.303888,6.0859,"[-0.6355, -1.3114]","[-1.2768, -1.2178]","[""6c29deb7-51e6-437d-bfe4-0eb83e559881::ceiling-raw::2:6:0"", ""6c29deb7-51e6-437d-bfe4-0eb83e559881::ceiling-raw::2:6:1""]"
6c29deb7-51e6-437d-bfe4-0eb83e559881,2,6c29deb7-51e6-437d-bfe4-0eb83e559881::eave-chain::2:11,1,2.167261,25.414584,4.64325,"[-0.6542, 2.6354]","[-1.5843, 0.6779]","[""6c29deb7-51e6-437d-bfe4-0eb83e559881::ceiling-raw::2:6:4""]"
6e8a252f-fc38-4ffa-8691-3f43938a0a16,0,6e8a252f-fc38-4ffa-8691-3f43938a0a16::eave-chain::0:0,2,7.140841,86.135862,1.129283,"[12.003042, -0.568881]","[7.920367, -0.844642]","[""6e8a252f-fc38-4ffa-8691-3f43938a0a16::ceiling-raw::0:0:0"", ""6e8a252f-fc38-4ffa-8691-3f43938a0a16::ceiling-raw::0:6:0""]"
6e8a252f-fc38-4ffa-8691-3f43938a0a16,0,6e8a252f-fc38-4ffa-8691-3f43938a0a16::eave-chain::0:1,2,3.750744,178.747228,1.066413,"[2.140173, -4.024904]","[2.195482, -6.554107]","[""6e8a252f-fc38-4ffa-8691-3f43938a0a16::ceiling-raw::0:0:0"", ""6e8a252f-fc38-4ffa-8691-3f43938a0a16::ceiling-raw::0:1:0""]"
6e8a252f-fc38-4ffa-8691-3f43938a0a16,0,6e8a252f-fc38-4ffa-8691-3f43938a0a16::eave-chain::0:2,3,20.629695,86.520582,1.063222,"[-2.280944, -6.835537]","[12.656989, -5.92728]","[""6e8a252f-fc38-4ffa-8691-3f43938a0a16::ceiling-raw::0:0:0"", ""6e8a252f-fc38-4ffa-8691-3f43938a0a16::ceiling-raw::0:1:0"", ""6e8a252f-fc38-4ffa-8691-3f43938a0a16::ceiling-raw::0:7:0""]"
6e8a252f-fc38-4ffa-8691-3f43938a0a16,0,6e8a252f-fc38-4ffa-8691-3f43938a0a16::eave-chain::0:3,3,11.732428,174.757122,1.098381,"[12.854995, -9.583586]","[11.766559, 2.27796]","[""6e8a252f-fc38-4ffa-8691-3f43938a0a16::ceiling-raw::0:0:0"", ""6e8a252f-fc38-4ffa-8691-3f43938a0a16::ceiling-raw::0:6:0"", ""6e8a252f-fc38-4ffa-8691-3f43938a0a16::ceiling-raw::0:7:0""]"
6e8a252f-fc38-4ffa-8691-3f43938a0a16,0,6e8a252f-fc38-4ffa-8691-3f43938a0a16::eave-chain::0:4,2,7.695891,86.313927,1.080627,"[-2.509587, -3.283089]","[1.341984, -3.034959]","[""6e8a252f-fc38-4ffa-8691-3f43938a0a16::ceiling-raw::0:1:0"", ""6e8a252f-fc38-4ffa-8691-3f43938a0a16::ceiling-raw::0:8:0""]"
6e8a252f-fc38-4ffa-8691-3f43938a0a16,0,6e8a252f-fc38-4ffa-8691-3f43938a0a16::eave-chain::0:5,2,5.765205,176.324038,1.078488,"[-2.655433, -1.007102]","[-2.280828, -6.837902]","[""6e8a252f-fc38-4ffa-8691-3f43938a0a16::ceiling-raw::0:1:0"", ""6e8a252f-fc38-4ffa-8691-3f43938a0a16::ceiling-raw::0:8:0""]"
6e8a252f-fc38-4ffa-8691-3f43938a0a16,0,6e8a252f-fc38-4ffa-8691-3f43938a0a16::eave-chain::0:6,2,4.728064,176.956044,1.087918,"[2.484577, -1.60362]","[2.313208, 1.618991]","[""6e8a252f-fc38-4ffa-8691-3f43938a0a16::ceiling-raw::0:2:0"", ""6e8a252f-fc38-4ffa-8691-3f43938a0a16::ceiling-raw::0:3:0""]"
6e8a252f-fc38-4ffa-8691-3f43938a0a16,0,6e8a252f-fc38-4ffa-8691-3f43938a0a16::eave-chain::0:7,6,13.584149,86.257353,1.143525,"[11.821421, 2.250371]","[-2.107984, 1.339184]","[""6e8a252f-fc38-4ffa-8691-3f43938a0a16::ceiling-raw::0:2:0"", ""6e8a252f-fc38-4ffa-8691-3f43938a0a16::ceiling-raw::0:3:0"", ""6e8a252f-fc38-4ffa-8691-3f43938a0a16::ceiling-raw::0:4:0"", ""6e8a252f-fc38-4ffa-8691-3f43938a0a16::ceiling-raw::0:5:0"", ""6e8a252f-fc38-4ffa-8691-3f43938a0a16::ceiling-raw::0:6:0"", ""6e8a252f-fc38-4ffa-8691-3f43938a0a16::ceiling-raw::0:9:0""]"
6e8a252f-fc38-4ffa-8691-3f43938a0a16,0,6e8a252f-fc38-4ffa-8691-3f43938a0a16::eave-chain::0:8,2,7.917552,175.934709,1.100372,"[1.049841, 1.584293]","[1.45333, -4.092892]","[""6e8a252f-fc38-4ffa-8691-3f43938a0a16::ceiling-raw::0:2:0"", ""6e8a252f-fc38-4ffa-8691-3f43938a0a16::ceiling-raw::0:9:0""]"
6e8a252f-fc38-4ffa-8691-3f43938a0a16,0,6e8a252f-fc38-4ffa-8691-3f43938a0a16::eave-chain::0:9,2,3.099402,176.299124,1.097589,"[3.461021, 1.700152]","[3.564213, 0.104784]","[""6e8a252f-fc38-4ffa-8691-3f43938a0a16::ceiling-raw::0:3:0"", ""6e8a252f-fc38-4ffa-8691-3f43938a0a16::ceiling-raw::0:4:0""]"
6e8a252f-fc38-4ffa-8691-3f43938a0a16,0,6e8a252f-fc38-4ffa-8691-3f43938a0a16::eave-chain::0:10,2,7.391565,176.110112,1.144379,"[5.193358, 1.811752]","[5.485179, -2.480006]","[""6e8a252f-fc38-4ffa-8691-3f43938a0a16::ceiling-raw::0:4:0"", ""6e8a252f-fc38-4ffa-8691-3f43938a0a16::ceiling-raw::0:5:0""]"
6e8a252f-fc38-4ffa-8691-3f43938a0a16,0,6e8a252f-fc38-4ffa-8691-3f43938a0a16::eave-chain::0:11,2,5.575512,176.332342,1.187965,"[8.739699, 2.084633]","[8.920272, -0.732413]","[""6e8a252f-fc38-4ffa-8691-3f43938a0a16::ceiling-raw::0:5:0"", ""6e8a252f-fc38-4ffa-8691-3f43938a0a16::ceiling-raw::0:6:0""]"
6e8a252f-fc38-4ffa-8691-3f43938a0a16,0,6e8a252f-fc38-4ffa-8691-3f43938a0a16::eave-chain::0:12,1,6.256515,86.317871,1.0563,"[6.6483, -9.982]","[12.8919, -9.5802]","[""6e8a252f-fc38-4ffa-8691-3f43938a0a16::ceiling-raw::0:7:0""]"
6e8a252f-fc38-4ffa-8691-3f43938a0a16,0,6e8a252f-fc38-4ffa-8691-3f43938a0a16::eave-chain::0:13,1,3.625588,176.316906,1.0563,"[6.4154, -6.3639]","[6.6483, -9.982]","[""6e8a252f-fc38-4ffa-8691-3f43938a0a16::ceiling-raw::0:7:0""]"
6e8a252f-fc38-4ffa-8691-3f43938a0a16,0,6e8a252f-fc38-4ffa-8691-3f43938a0a16::eave-chain::0:14,2,6.997945,86.200717,1.098578,"[1.192749, -0.717874]","[-2.657627, -0.973567]","[""6e8a252f-fc38-4ffa-8691-3f43938a0a16::ceiling-raw::0:8:0"", ""6e8a252f-fc38-4ffa-8691-3f43938a0a16::ceiling-raw::0:9:0""]"
6e8a252f-fc38-4ffa-8691-3f43938a0a16,0,6e8a252f-fc38-4ffa-8691-3f43938a0a16::eave-chain::0:15,1,2.272089,176.318274,1.109,"[-2.1107, 1.3807]","[-1.9648, -0.8867]","[""6e8a252f-fc38-4ffa-8691-3f43938a0a16::ceiling-raw::0:9:0""]"
7153d532-16c1-45e8-b7c9-f5cd1ba5cc85,0,7153d532-16c1-45e8-b7c9-f5cd1ba5cc85::eave-chain::0:0,1,4.03649,64.467817,-1.6603,"[-1.9314, -2.1544]","[-5.5737, -3.8942]","[""7153d532-16c1-45e8-b7c9-f5cd1ba5cc85::ceiling-raw::0:0:0""]"
7153d532-16c1-45e8-b7c9-f5cd1ba5cc85,0,7153d532-16c1-45e8-b7c9-f5cd1ba5cc85::eave-chain::0:1,1,2.032826,154.467341,-1.6603,"[-5.5737, -3.8942]","[-4.6975, -5.7285]","[""7153d532-16c1-45e8-b7c9-f5cd1ba5cc85::ceiling-raw::0:0:0""]"
7153d532-16c1-45e8-b7c9-f5cd1ba5cc85,0,7153d532-16c1-45e8-b7c9-f5cd1ba5cc85::eave-chain::0:2,3,7.015006,64.533298,-1.647032,"[-4.698856, -5.725653]","[2.022346, -2.524597]","[""7153d532-16c1-45e8-b7c9-f5cd1ba5cc85::ceiling-raw::0:0:0"", ""7153d532-16c1-45e8-b7c9-f5cd1ba5cc85::ceiling-raw::0:1:0"", ""7153d532-16c1-45e8-b7c9-f5cd1ba5cc85::ceiling-raw::0:2:0""]"
7153d532-16c1-45e8-b7c9-f5cd1ba5cc85,0,7153d532-16c1-45e8-b7c9-f5cd1ba5cc85::eave-chain::0:3,2,4.002586,154.389604,-1.645782,"[-0.965247, -3.945582]","[-1.843934, -2.112474]","[""7153d532-16c1-45e8-b7c9-f5cd1ba5cc85::ceiling-raw::0:0:0"", ""7153d532-16c1-45e8-b7c9-f5cd1ba5cc85::ceiling-raw::0:1:0""]"
7153d532-16c1-45e8-b7c9-f5cd1ba5cc85,0,7153d532-16c1-45e8-b7c9-f5cd1ba5cc85::eave-chain::0:4,2,4.069345,154.417552,-1.628169,"[0.090686, -1.130301]","[0.997293, -3.024025]","[""7153d532-16c1-45e8-b7c9-f5cd1ba5cc85::ceiling-raw::0:1:0"", ""7153d532-16c1-45e8-b7c9-f5cd1ba5cc85::ceiling-raw::0:2:0""]"
7153d532-16c1-45e8-b7c9-f5cd1ba5cc85,0,7153d532-16c1-45e8-b7c9-f5cd1ba5cc85::eave-chain::0:5,1,3.685737,154.102361,-1.6257,"[2.0233, -2.5266]","[0.4135, 0.789]","[""7153d532-16c1-45e8-b7c9-f5cd1ba5cc85::ceiling-raw::0:2:0""]"
7153d532-16c1-45e8-b7c9-f5cd1ba5cc85,0,7153d532-16c1-45e8-b7c9-f5cd1ba5cc85::eave-chain::0:6,1,1.81476,155.200162,-2.0271,"[1.2626, -0.8687]","[2.0238, -2.5161]","[""7153d532-16c1-45e8-b7c9-f5cd1ba5cc85::ceiling-raw::0:4:0""]"
7153d532-16c1-45e8-b7c9-f5cd1ba5cc85,0,7153d532-16c1-45e8-b7c9-f5cd1ba5cc85::eave-chain::0:7,1,1.244023,65.200412,-2.0271,"[2.0238, -2.5161]","[3.1531, -1.9943]","[""7153d532-16c1-45e8-b7c9-f5cd1ba5cc85::ceiling-raw::0:4:0""]"
7153d532-16c1-45e8-b7c9-f5cd1ba5cc85,0,7153d532-16c1-45e8-b7c9-f5cd1ba5cc85::eave-chain::0:8,1,3.656227,155.198482,-2.0271,"[3.1531, -1.9943]","[1.6194, 1.3247]","[""7153d532-16c1-45e8-b7c9-f5cd1ba5cc85::ceiling-raw::0:4:0""]"
7153d532-16c1-45e8-b7c9-f5cd1ba5cc85,0,7153d532-16c1-45e8-b7c9-f5cd1ba5cc85::eave-chain::0:9,1,2.104526,64.467479,-1.5575,"[-2.0828, 3.8362]","[-3.9818, 2.9291]","[""7153d532-16c1-45e8-b7c9-f5cd1ba5cc85::ceiling-raw::0:6:0""]"
7153d532-16c1-45e8-b7c9-f5cd1ba5cc85,0,7153d532-16c1-45e8-b7c9-f5cd1ba5cc85::eave-chain::0:10,1,2.656209,154.467194,-1.5575,"[-3.9818, 2.9291]","[-2.8369, 0.5323]","[""7153d532-16c1-45e8-b7c9-f5cd1ba5cc85::ceiling-raw::0:6:0""]"
7153d532-16c1-45e8-b7c9-f5cd1ba5cc85,1,7153d532-16c1-45e8-b7c9-f5cd1ba5cc85::eave-chain::1:0,1,3.569482,64.072412,0.24525,"[2.2002, 5.9131]","[-1.01, 4.3524]","[""7153d532-16c1-45e8-b7c9-f5cd1ba5cc85::ceiling-raw::1:8:3""]"
7153d532-16c1-45e8-b7c9-f5cd1ba5cc85,1,7153d532-16c1-45e8-b7c9-f5cd1ba5cc85::eave-chain::1:1,5,14.864461,64.629493,0.285332,"[-4.826761, -5.889006]","[7.995738, 0.191478]","[""7153d532-16c1-45e8-b7c9-f5cd1ba5cc85::ceiling-raw::1:10:1"", ""7153d532-16c1-45e8-b7c9-f5cd1ba5cc85::ceiling-raw::1:12:2"", ""7153d532-16c1-45e8-b7c9-f5cd1ba5cc85::ceiling-raw::1:14:4"", ""7153d532-16c1-45e8-b7c9-f5cd1ba5cc85::ceiling-raw::1:15:0"", ""7153d532-16c1-45e8-b7c9-f5cd1ba5cc85::ceiling-raw::1:9:1""]"
7153d532-16c1-45e8-b7c9-f5cd1ba5cc85,1,7153d532-16c1-45e8-b7c9-f5cd1ba5cc85::eave-chain::1:2,2,4.742665,154.018265,0.74115,"[7.355211, 1.52559]","[5.233535, 5.879194]","[""7153d532-16c1-45e8-b7c9-f5cd1ba5cc85::ceiling-raw::1:10:0"", ""7153d532-16c1-45e8-b7c9-f5cd1ba5cc85::ceiling-raw::1:11:0""]"
7153d532-16c1-45e8-b7c9-f5cd1ba5cc85,1,7153d532-16c1-45e8-b7c9-f5cd1ba5cc85::eave-chain::1:3,2,5.595461,64.399663,0.742197,"[6.605518, 3.101914]","[3.964496, 1.836529]","[""7153d532-16c1-45e8-b7c9-f5cd1ba5cc85::ceiling-raw::1:10:0"", ""7153d532-16c1-45e8-b7c9-f5cd1ba5cc85::ceiling-raw::1:11:0""]"
7153d532-16c1-45e8-b7c9-f5cd1ba5cc85,1,7153d532-16c1-45e8-b7c9-f5cd1ba5cc85::eave-chain::1:4,2,2.580244,64.249618,-0.688336,"[6.959363, -3.17113]","[9.283366, -2.050145]","[""7153d532-16c1-45e8-b7c9-f5cd1ba5cc85::ceiling-raw::1:12:4"", ""7153d532-16c1-45e8-b7c9-f5cd1ba5cc85::ceiling-raw::1:12:6""]"
7153d532-16c1-45e8-b7c9-f5cd1ba5cc85,1,7153d532-16c1-45e8-b7c9-f5cd1ba5cc85::eave-chain::1:5,1,0.696468,64.229651,-0.194,"[8.6792, -0.7987]","[8.052, -1.1015]","[""7153d532-16c1-45e8-b7c9-f5cd1ba5cc85::ceiling-raw::1:12:4""]"
7153d532-16c1-45e8-b7c9-f5cd1ba5cc85,1,7153d532-16c1-45e8-b7c9-f5cd1ba5cc85::eave-chain::1:6,1,0.762168,64.601619,0.19495,"[7.0479, -1.5756]","[6.3594, -1.9025]","[""7153d532-16c1-45e8-b7c9-f5cd1ba5cc85::ceiling-raw::1:12:6""]"
7153d532-16c1-45e8-b7c9-f5cd1ba5cc85,1,7153d532-16c1-45e8-b7c9-f5cd1ba5cc85::eave-chain::1:7,1,0.23894,154.464489,0.3131,"[-4.1318, 3.1936]","[-4.0288, 2.978]","[""7153d532-16c1-45e8-b7c9-f5cd1ba5cc85::ceiling-raw::1:13:0""]"
7153d532-16c1-45e8-b7c9-f5cd1ba5cc85,1,7153d532-16c1-45e8-b7c9-f5cd1ba5cc85::eave-chain::1:8,1,4.18962,64.571992,0.31245,"[-1.7221, 7.8692]","[-5.5058, 6.0703]","[""7153d532-16c1-45e8-b7c9-f5cd1ba5cc85::ceiling-raw::1:13:1""]"
7153d532-16c1-45e8-b7c9-f5cd1ba5cc85,1,7153d532-16c1-45e8-b7c9-f5cd1ba5cc85::eave-chain::1:9,1,4.247901,55.359698,1.3438,"[-3.3224, 0.6923]","[-6.8173, -1.7223]","[""7153d532-16c1-45e8-b7c9-f5cd1ba5cc85::ceiling-raw::1:14:0""]"
7153d532-16c1-45e8-b7c9-f5cd1ba5cc85,1,7153d532-16c1-45e8-b7c9-f5cd1ba5cc85::eave-chain::1:10,1,4.194342,64.466825,1.3438,"[-6.8173, -1.7223]","[-3.0326, 0.0856]","[""7153d532-16c1-45e8-b7c9-f5cd1ba5cc85::ceiling-raw::1:14:0""]"
7153d532-16c1-45e8-b7c9-f5cd1ba5cc85,1,7153d532-16c1-45e8-b7c9-f5cd1ba5cc85::eave-chain::1:11,1,1.338952,154.4684,1.3404,"[-6.6558, -2.0602]","[-6.0787, -3.2684]","[""7153d532-16c1-45e8-b7c9-f5cd1ba5cc85::ceiling-raw::1:14:0""]"
7153d532-16c1-45e8-b7c9-f5cd1ba5cc85,1,7153d532-16c1-45e8-b7c9-f5cd1ba5cc85::eave-chain::1:12,1,4.194203,64.467469,0.3362,"[-4.3509, 2.8453]","[-8.1355, 1.0375]","[""7153d532-16c1-45e8-b7c9-f5cd1ba5cc85::ceiling-raw::1:14:3""]"
71ee522c-1e78-411f-b3ce-33d59516038f,0,71ee522c-1e78-411f-b3ce-33d59516038f::eave-chain::0:0,1,1.559518,98.521864,1.0512,"[-6.0978, -12.7017]","[-7.6401, -12.4706]","[""71ee522c-1e78-411f-b3ce-33d59516038f::ceiling-raw::0:0:0""]"
71ee522c-1e78-411f-b3ce-33d59516038f,0,71ee522c-1e78-411f-b3ce-33d59516038f::eave-chain::0:1,1,2.752492,8.522223,1.0512,"[-7.6401, -12.4706]","[-8.048, -15.1927]","[""71ee522c-1e78-411f-b3ce-33d59516038f::ceiling-raw::0:0:0""]"
71ee522c-1e78-411f-b3ce-33d59516038f,0,71ee522c-1e78-411f-b3ce-33d59516038f::eave-chain::0:2,2,5.659688,98.527479,1.064965,"[-8.04801, -15.192764]","[-2.007708, -16.098455]","[""71ee522c-1e78-411f-b3ce-33d59516038f::ceiling-raw::0:0:0"", ""71ee522c-1e78-411f-b3ce-33d59516038f::ceiling-raw::0:0:5""]"
71ee522c-1e78-411f-b3ce-33d59516038f,0,71ee522c-1e78-411f-b3ce-33d59516038f::eave-chain::0:3,2,6.085921,98.186421,1.228789,"[-1.342045, -11.774849]","[-5.315209, -11.203268]","[""71ee522c-1e78-411f-b3ce-33d59516038f::ceiling-raw::0:0:5"", ""71ee522c-1e78-411f-b3ce-33d59516038f::ceiling-raw::0:1:0""]"
71ee522c-1e78-411f-b3ce-33d59516038f,0,71ee522c-1e78-411f-b3ce-33d59516038f::eave-chain::0:4,3,10.951827,8.755252,1.172138,"[-1.350975, -11.748994]","[0.393028, -0.424927]","[""71ee522c-1e78-411f-b3ce-33d59516038f::ceiling-raw::0:1:0"", ""71ee522c-1e78-411f-b3ce-33d59516038f::ceiling-raw::0:4:0"", ""71ee522c-1e78-411f-b3ce-33d59516038f::ceiling-raw::0:5:0""]"
71ee522c-1e78-411f-b3ce-33d59516038f,0,71ee522c-1e78-411f-b3ce-33d59516038f::eave-chain::0:5,4,12.109519,97.725006,1.122668,"[-6.66107, -4.945358]","[-0.435958, -5.789793]","[""71ee522c-1e78-411f-b3ce-33d59516038f::ceiling-raw::0:1:0"", ""71ee522c-1e78-411f-b3ce-33d59516038f::ceiling-raw::0:3:0"", ""71ee522c-1e78-411f-b3ce-33d59516038f::ceiling-raw::0:4:0"", ""71ee522c-1e78-411f-b3ce-33d59516038f::ceiling-raw::0:4:1""]"
71ee522c-1e78-411f-b3ce-33d59516038f,0,71ee522c-1e78-411f-b3ce-33d59516038f::eave-chain::0:6,2,7.814684,6.762124,1.071308,"[-5.880526, 0.4116]","[-6.854269, -7.800624]","[""71ee522c-1e78-411f-b3ce-33d59516038f::ceiling-raw::0:3:0"", ""71ee522c-1e78-411f-b3ce-33d59516038f::ceiling-raw::0:4:1""]"
71ee522c-1e78-411f-b3ce-33d59516038f,0,71ee522c-1e78-411f-b3ce-33d59516038f::eave-chain::0:7,1,2.544414,98.340921,1.0823,"[-6.8317, -7.8033]","[-4.3142, -8.1724]","[""71ee522c-1e78-411f-b3ce-33d59516038f::ceiling-raw::0:3:0""]"
71ee522c-1e78-411f-b3ce-33d59516038f,0,71ee522c-1e78-411f-b3ce-33d59516038f::eave-chain::0:8,2,2.200513,97.918025,1.067272,"[-0.076529, -3.67119]","[-1.227897, -3.511055]","[""71ee522c-1e78-411f-b3ce-33d59516038f::ceiling-raw::0:4:0"", ""71ee522c-1e78-411f-b3ce-33d59516038f::ceiling-raw::0:5:0""]"
71ee522c-1e78-411f-b3ce-33d59516038f,0,71ee522c-1e78-411f-b3ce-33d59516038f::eave-chain::0:9,4,17.54301,97.879187,1.120881,"[-8.719318, 0.873906]","[2.68747, -0.704694]","[""71ee522c-1e78-411f-b3ce-33d59516038f::ceiling-raw::0:4:1"", ""71ee522c-1e78-411f-b3ce-33d59516038f::ceiling-raw::0:5:0"", ""71ee522c-1e78-411f-b3ce-33d59516038f::ceiling-raw::0:6:1"", ""71ee522c-1e78-411f-b3ce-33d59516038f::ceiling-raw::0:7:0""]"
71ee522c-1e78-411f-b3ce-33d59516038f,0,71ee522c-1e78-411f-b3ce-33d59516038f::eave-chain::0:10,1,3.669513,8.340761,2.2838,"[-8.0374, 5.5305]","[-8.5697, 1.8998]","[""71ee522c-1e78-411f-b3ce-33d59516038f::ceiling-raw::0:6:0""]"
71ee522c-1e78-411f-b3ce-33d59516038f,0,71ee522c-1e78-411f-b3ce-33d59516038f::eave-chain::0:11,1,3.625545,8.34041,2.2838,"[-0.8781, 0.8675]","[-0.3522, 4.4547]","[""71ee522c-1e78-411f-b3ce-33d59516038f::ceiling-raw::0:6:0""]"
71ee522c-1e78-411f-b3ce-33d59516038f,0,71ee522c-1e78-411f-b3ce-33d59516038f::eave-chain::0:12,1,7.759998,98.238802,1.1861,"[-0.2127, 5.4059]","[-7.8926, 6.5179]","[""71ee522c-1e78-411f-b3ce-33d59516038f::ceiling-raw::0:6:2""]"
71ee522c-1e78-411f-b3ce-33d59516038f,0,71ee522c-1e78-411f-b3ce-33d59516038f::eave-chain::0:13,1,3.653136,98.340374,1.0733,"[3.0459, 1.7418]","[-0.5686, 2.2717]","[""71ee522c-1e78-411f-b3ce-33d59516038f::ceiling-raw::0:7:0""]"
71ee522c-1e78-411f-b3ce-33d59516038f,0,71ee522c-1e78-411f-b3ce-33d59516038f::eave-chain::0:14,1,2.434458,8.342122,1.0733,"[-0.5686, 2.2717]","[-0.9218, -0.137]","[""71ee522c-1e78-411f-b3ce-33d59516038f::ceiling-raw::0:7:0""]"
71ee522c-1e78-411f-b3ce-33d59516038f,0,71ee522c-1e78-411f-b3ce-33d59516038f::eave-chain::0:15,1,2.434458,8.342122,1.0733,"[2.6927, -0.6669]","[3.0459, 1.7418]","[""71ee522c-1e78-411f-b3ce-33d59516038f::ceiling-raw::0:7:0""]"
720c2f50-9586-47b5-b27c-130214cd8b5d,1,720c2f50-9586-47b5-b27c-130214cd8b5d::eave-chain::1:0,2,4.532054,143.881205,2.120224,"[-0.213638, -7.772711]","[-2.92836, -4.052462]","[""720c2f50-9586-47b5-b27c-130214cd8b5d::ceiling-raw::1:0:0"", ""720c2f50-9586-47b5-b27c-130214cd8b5d::ceiling-raw::1:1:1""]"
720c2f50-9586-47b5-b27c-130214cd8b5d,1,720c2f50-9586-47b5-b27c-130214cd8b5d::eave-chain::1:1,2,4.53231,143.140826,2.120642,"[-5.599601, -6.034001]","[-2.83699, -9.718918]","[""720c2f50-9586-47b5-b27c-130214cd8b5d::ceiling-raw::1:0:1"", ""720c2f50-9586-47b5-b27c-130214cd8b5d::ceiling-raw::1:1:4""]"
720c2f50-9586-47b5-b27c-130214cd8b5d,1,720c2f50-9586-47b5-b27c-130214cd8b5d::eave-chain::1:2,1,1.702079,145.518177,2.7737,"[-2.5108, -7.3591]","[-1.5472, -8.7621]","[""720c2f50-9586-47b5-b27c-130214cd8b5d::ceiling-raw::1:1:1""]"
720c2f50-9586-47b5-b27c-130214cd8b5d,1,720c2f50-9586-47b5-b27c-130214cd8b5d::eave-chain::1:3,1,2.094588,53.428812,2.6766,"[-10.6617, -7.1299]","[-8.9795, -5.8819]","[""720c2f50-9586-47b5-b27c-130214cd8b5d::ceiling-raw::1:2:0""]"
720c2f50-9586-47b5-b27c-130214cd8b5d,1,720c2f50-9586-47b5-b27c-130214cd8b5d::eave-chain::1:4,1,2.293951,143.428328,2.6766,"[-8.9795, -5.8819]","[-10.3463, -4.0396]","[""720c2f50-9586-47b5-b27c-130214cd8b5d::ceiling-raw::1:2:0""]"
720c2f50-9586-47b5-b27c-130214cd8b5d,1,720c2f50-9586-47b5-b27c-130214cd8b5d::eave-chain::1:5,5,14.795721,54.398326,2.824209,"[-12.039988, -5.271555]","[-1.122849, 2.544831]","[""720c2f50-9586-47b5-b27c-130214cd8b5d::ceiling-raw::1:2:0"", ""720c2f50-9586-47b5-b27c-130214cd8b5d::ceiling-raw::1:4:0"", ""720c2f50-9586-47b5-b27c-130214cd8b5d::ceiling-raw::1:5:0"", ""720c2f50-9586-47b5-b27c-130214cd8b5d::ceiling-raw::1:6:0""]"
720c2f50-9586-47b5-b27c-130214cd8b5d,1,720c2f50-9586-47b5-b27c-130214cd8b5d::eave-chain::1:6,1,2.293951,143.428328,2.6766,"[-12.0285, -5.2876]","[-10.6617, -7.1299]","[""720c2f50-9586-47b5-b27c-130214cd8b5d::ceiling-raw::1:2:0""]"
720c2f50-9586-47b5-b27c-130214cd8b5d,1,720c2f50-9586-47b5-b27c-130214cd8b5d::eave-chain::1:7,2,7.835887,143.428605,2.791605,"[-0.377322, -1.684566]","[-2.714009, 1.46507]","[""720c2f50-9586-47b5-b27c-130214cd8b5d::ceiling-raw::1:3:0"", ""720c2f50-9586-47b5-b27c-130214cd8b5d::ceiling-raw::1:4:0""]"
720c2f50-9586-47b5-b27c-130214cd8b5d,1,720c2f50-9586-47b5-b27c-130214cd8b5d::eave-chain::1:8,1,3.921833,143.429013,2.9501,"[-8.061, -2.5017]","[-5.7243, -5.6514]","[""720c2f50-9586-47b5-b27c-130214cd8b5d::ceiling-raw::1:3:0""]"
720c2f50-9586-47b5-b27c-130214cd8b5d,1,720c2f50-9586-47b5-b27c-130214cd8b5d::eave-chain::1:9,2,8.500236,53.426963,2.879893,"[-5.724289, -5.651415]","[1.163733, -0.540945]","[""720c2f50-9586-47b5-b27c-130214cd8b5d::ceiling-raw::1:3:0"", ""720c2f50-9586-47b5-b27c-130214cd8b5d::ceiling-raw::1:4:0""]"
720c2f50-9586-47b5-b27c-130214cd8b5d,1,720c2f50-9586-47b5-b27c-130214cd8b5d::eave-chain::1:10,2,7.807007,142.879849,2.765611,"[1.163879, -0.540765]","[-3.700279, 5.886105]","[""720c2f50-9586-47b5-b27c-130214cd8b5d::ceiling-raw::1:4:0"", ""720c2f50-9586-47b5-b27c-130214cd8b5d::ceiling-raw::1:5:0""]"
720c2f50-9586-47b5-b27c-130214cd8b5d,1,720c2f50-9586-47b5-b27c-130214cd8b5d::eave-chain::1:11,2,10.820287,53.598451,2.886055,"[-3.697688, 5.885928]","[-12.417455, -0.543203]","[""720c2f50-9586-47b5-b27c-130214cd8b5d::ceiling-raw::1:5:0"", ""720c2f50-9586-47b5-b27c-130214cd8b5d::ceiling-raw::1:6:0""]"
720c2f50-9586-47b5-b27c-130214cd8b5d,1,720c2f50-9586-47b5-b27c-130214cd8b5d::eave-chain::1:12,2,8.186211,143.427576,2.88595,"[-6.918202, -1.594034]","[-9.375194, 1.717637]","[""720c2f50-9586-47b5-b27c-130214cd8b5d::ceiling-raw::1:5:0"", ""720c2f50-9586-47b5-b27c-130214cd8b5d::ceiling-raw::1:6:0""]"
720c2f50-9586-47b5-b27c-130214cd8b5d,1,720c2f50-9586-47b5-b27c-130214cd8b5d::eave-chain::1:13,1,4.096036,143.42889,2.8856,"[-12.4193, -0.5407]","[-9.9788, -3.8303]","[""720c2f50-9586-47b5-b27c-130214cd8b5d::ceiling-raw::1:6:0""]"
720c2f50-9586-47b5-b27c-130214cd8b5d,2,720c2f50-9586-47b5-b27c-130214cd8b5d::eave-chain::2:0,2,3.907452,142.762692,5.43544,"[-11.227848, -2.183336]","[-8.784689, -5.397731]","[""720c2f50-9586-47b5-b27c-130214cd8b5d::ceiling-raw::2:8:0"", ""720c2f50-9586-47b5-b27c-130214cd8b5d::ceiling-raw::2:9:0""]"
720c2f50-9586-47b5-b27c-130214cd8b5d,2,720c2f50-9586-47b5-b27c-130214cd8b5d::eave-chain::2:1,1,3.654877,52.130516,4.5904,"[-8.9686, 0.8611]","[-11.8538, -1.3825]","[""720c2f50-9586-47b5-b27c-130214cd8b5d::ceiling-raw::2:8:1""]"
720c2f50-9586-47b5-b27c-130214cd8b5d,2,720c2f50-9586-47b5-b27c-130214cd8b5d::eave-chain::2:2,1,2.211258,52.687513,3.7056,"[-7.544, -7.001]","[-5.7854, -5.6607]","[""720c2f50-9586-47b5-b27c-130214cd8b5d::ceiling-raw::2:9:1""]"
720c2f50-9586-47b5-b27c-130214cd8b5d,2,720c2f50-9586-47b5-b27c-130214cd8b5d::eave-chain::2:3,1,2.003729,69.909157,5.4231,"[-4.5648, 3.7669]","[-2.683, 4.4552]","[""720c2f50-9586-47b5-b27c-130214cd8b5d::ceiling-raw::2:11:3""]"
720c2f50-9586-47b5-b27c-130214cd8b5d,2,720c2f50-9586-47b5-b27c-130214cd8b5d::eave-chain::2:4,1,4.888012,142.16583,5.4849,"[-3.9053, -0.1129]","[-6.9035, 3.7476]","[""720c2f50-9586-47b5-b27c-130214cd8b5d::ceiling-raw::2:12:0""]"
720c2f50-9586-47b5-b27c-130214cd8b5d,2,720c2f50-9586-47b5-b27c-130214cd8b5d::eave-chain::2:5,1,3.30829,52.164358,5.4849,"[-6.9035, 3.7476]","[-9.5163, 1.7183]","[""720c2f50-9586-47b5-b27c-130214cd8b5d::ceiling-raw::2:12:0""]"
720c2f50-9586-47b5-b27c-130214cd8b5d,2,720c2f50-9586-47b5-b27c-130214cd8b5d::eave-chain::2:6,1,4.887872,142.166037,5.4849,"[-9.5163, 1.7183]","[-6.5182, -2.1421]","[""720c2f50-9586-47b5-b27c-130214cd8b5d::ceiling-raw::2:12:0""]"
720c2f50-9586-47b5-b27c-130214cd8b5d,2,720c2f50-9586-47b5-b27c-130214cd8b5d::eave-chain::2:7,1,1.233775,142.164117,5.4772,"[-0.1828, 1.2288]","[-0.9396, 2.2032]","[""720c2f50-9586-47b5-b27c-130214cd8b5d::ceiling-raw::2:10:0""]"
720c2f50-9586-47b5-b27c-130214cd8b5d,2,720c2f50-9586-47b5-b27c-130214cd8b5d::eave-chain::2:8,1,2.691201,52.16647,5.4772,"[-0.9396, 2.2032]","[-3.0651, 0.5525]","[""720c2f50-9586-47b5-b27c-130214cd8b5d::ceiling-raw::2:10:0""]"
72122129-7ee2-4a14-a645-23d44df3d2b5,1,72122129-7ee2-4a14-a645-23d44df3d2b5::eave-chain::1:0,1,0.823059,21.705751,3.5221,"[0.568, -3.0621]","[0.8724, -2.2974]","[""72122129-7ee2-4a14-a645-23d44df3d2b5::ceiling-raw::1:5:0""]"
72122129-7ee2-4a14-a645-23d44df3d2b5,1,72122129-7ee2-4a14-a645-23d44df3d2b5::eave-chain::1:1,1,0.225174,111.711634,3.5221,"[0.8724, -2.2974]","[0.6632, -2.2141]","[""72122129-7ee2-4a14-a645-23d44df3d2b5::ceiling-raw::1:5:0""]"
72122129-7ee2-4a14-a645-23d44df3d2b5,1,72122129-7ee2-4a14-a645-23d44df3d2b5::eave-chain::1:2,1,0.798307,125.563542,3.5221,"[0.6632, -2.2141]","[0.0138, -1.7498]","[""72122129-7ee2-4a14-a645-23d44df3d2b5::ceiling-raw::1:5:0""]"
72122129-7ee2-4a14-a645-23d44df3d2b5,1,72122129-7ee2-4a14-a645-23d44df3d2b5::eave-chain::1:3,2,2.02645,21.582348,3.506814,"[-0.405068, -1.574816]","[-0.780961, -2.525066]","[""72122129-7ee2-4a14-a645-23d44df3d2b5::ceiling-raw::1:5:0"", ""72122129-7ee2-4a14-a645-23d44df3d2b5::ceiling-raw::1:6:0""]"
72122129-7ee2-4a14-a645-23d44df3d2b5,1,72122129-7ee2-4a14-a645-23d44df3d2b5::eave-chain::1:4,2,2.704689,112.487613,3.507513,"[-2.001899, -2.006243]","[0.56518, -3.068912]","[""72122129-7ee2-4a14-a645-23d44df3d2b5::ceiling-raw::1:5:0"", ""72122129-7ee2-4a14-a645-23d44df3d2b5::ceiling-raw::1:6:0""]"
72122129-7ee2-4a14-a645-23d44df3d2b5,1,72122129-7ee2-4a14-a645-23d44df3d2b5::eave-chain::1:5,1,2.311942,111.198536,3.4915,"[-0.4405, -1.5608]","[-2.596, -0.7248]","[""72122129-7ee2-4a14-a645-23d44df3d2b5::ceiling-raw::1:6:0""]"
72122129-7ee2-4a14-a645-23d44df3d2b5,1,72122129-7ee2-4a14-a645-23d44df3d2b5::eave-chain::1:6,1,1.134704,21.534178,3.4915,"[-2.596, -0.7248]","[-3.0125, -1.7803]","[""72122129-7ee2-4a14-a645-23d44df3d2b5::ceiling-raw::1:6:0""]"
72122129-7ee2-4a14-a645-23d44df3d2b5,1,72122129-7ee2-4a14-a645-23d44df3d2b5::eave-chain::1:7,1,1.036926,102.1758,3.4915,"[-3.0125, -1.7803]","[-1.9989, -1.999]","[""72122129-7ee2-4a14-a645-23d44df3d2b5::ceiling-raw::1:6:0""]"
72122129-7ee2-4a14-a645-23d44df3d2b5,2,72122129-7ee2-4a14-a645-23d44df3d2b5::eave-chain::2:0,2,3.046762,24.644629,5.904589,"[1.095429, -1.407963]","[2.404856, 1.4462]","[""72122129-7ee2-4a14-a645-23d44df3d2b5::ceiling-raw::2:0:0"", ""72122129-7ee2-4a14-a645-23d44df3d2b5::ceiling-raw::2:1:0""]"
72122129-7ee2-4a14-a645-23d44df3d2b5,2,72122129-7ee2-4a14-a645-23d44df3d2b5::eave-chain::2:1,2,4.038315,115.358847,5.907204,"[1.662182, -0.216029]","[-0.209384, 0.671009]","[""72122129-7ee2-4a14-a645-23d44df3d2b5::ceiling-raw::2:0:0"", ""72122129-7ee2-4a14-a645-23d44df3d2b5::ceiling-raw::2:1:0""]"
72122129-7ee2-4a14-a645-23d44df3d2b5,2,72122129-7ee2-4a14-a645-23d44df3d2b5::eave-chain::2:2,1,1.967043,114.868724,4.5319,"[2.8863, 2.457]","[1.1017, 3.2842]","[""72122129-7ee2-4a14-a645-23d44df3d2b5::ceiling-raw::2:0:1""]"
72122129-7ee2-4a14-a645-23d44df3d2b5,2,72122129-7ee2-4a14-a645-23d44df3d2b5::eave-chain::2:3,1,2.229303,25.376493,5.9206,"[-0.5517, 1.7879]","[-1.5071, -0.2263]","[""72122129-7ee2-4a14-a645-23d44df3d2b5::ceiling-raw::2:1:0""]"
72122129-7ee2-4a14-a645-23d44df3d2b5,2,72122129-7ee2-4a14-a645-23d44df3d2b5::eave-chain::2:4,1,2.859063,115.093287,4.92035,"[-1.85, -0.9493]","[0.7392, -2.1618]","[""72122129-7ee2-4a14-a645-23d44df3d2b5::ceiling-raw::2:1:1""]"
72122129-7ee2-4a14-a645-23d44df3d2b5,2,72122129-7ee2-4a14-a645-23d44df3d2b5::eave-chain::2:5,2,4.531918,113.207376,5.922685,"[0.631216, 2.377639]","[-3.991644, 4.359704]","[""72122129-7ee2-4a14-a645-23d44df3d2b5::ceiling-raw::2:2:2"", ""72122129-7ee2-4a14-a645-23d44df3d2b5::ceiling-raw::2:3:0""]"
72122129-7ee2-4a14-a645-23d44df3d2b5,2,72122129-7ee2-4a14-a645-23d44df3d2b5::eave-chain::2:6,1,2.164666,115.376517,5.3338,"[0.7949, 2.7231]","[-1.1609, 3.6508]","[""72122129-7ee2-4a14-a645-23d44df3d2b5::ceiling-raw::2:2:2""]"
72122129-7ee2-4a14-a645-23d44df3d2b5,2,72122129-7ee2-4a14-a645-23d44df3d2b5::eave-chain::2:7,1,1.897041,25.376344,5.9483,"[-2.4788, 0.1367]","[-1.6658, 1.8507]","[""72122129-7ee2-4a14-a645-23d44df3d2b5::ceiling-raw::2:3:0""]"
72122129-7ee2-4a14-a645-23d44df3d2b5,2,72122129-7ee2-4a14-a645-23d44df3d2b5::eave-chain::2:8,1,0.777828,25.372454,5.9483,"[-1.8329, 2.4918]","[-1.4996, 3.1946]","[""72122129-7ee2-4a14-a645-23d44df3d2b5::ceiling-raw::2:3:0""]"
72122129-7ee2-4a14-a645-23d44df3d2b5,2,72122129-7ee2-4a14-a645-23d44df3d2b5::eave-chain::2:9,1,3.168653,25.377053,5.9483,"[-3.9856, 4.3738]","[-5.3436, 1.5109]","[""72122129-7ee2-4a14-a645-23d44df3d2b5::ceiling-raw::2:3:0""]"
72122129-7ee2-4a14-a645-23d44df3d2b5,2,72122129-7ee2-4a14-a645-23d44df3d2b5::eave-chain::2:10,1,3.17725,115.45125,4.9415,"[-5.6981, 0.7634]","[-2.8292, -0.602]","[""72122129-7ee2-4a14-a645-23d44df3d2b5::ceiling-raw::2:3:1""]"
73465f84-d5f5-4b84-8509-0e818beb5ecd,1,73465f84-d5f5-4b84-8509-0e818beb5ecd::eave-chain::1:0,6,18.330319,95.712159,1.184852,"[1.898543, 3.846027]","[-11.859916, 5.222252]","[""73465f84-d5f5-4b84-8509-0e818beb5ecd::ceiling-raw::1:11:0"", ""73465f84-d5f5-4b84-8509-0e818beb5ecd::ceiling-raw::1:12:0"", ""73465f84-d5f5-4b84-8509-0e818beb5ecd::ceiling-raw::1:4:0"", ""73465f84-d5f5-4b84-8509-0e818beb5ecd::ceiling-raw::1:6:0"", ""73465f84-d5f5-4b84-8509-0e818beb5ecd::ceiling-raw::1:8:2""]"
73465f84-d5f5-4b84-8509-0e818beb5ecd,1,73465f84-d5f5-4b84-8509-0e818beb5ecd::eave-chain::1:1,2,6.145733,96.674682,1.065325,"[-12.234845, 2.097858]","[-5.572129, 1.318153]","[""73465f84-d5f5-4b84-8509-0e818beb5ecd::ceiling-raw::1:4:0"", ""73465f84-d5f5-4b84-8509-0e818beb5ecd::ceiling-raw::1:6:0""]"
73465f84-d5f5-4b84-8509-0e818beb5ecd,1,73465f84-d5f5-4b84-8509-0e818beb5ecd::eave-chain::1:2,4,10.709632,94.844085,1.037558,"[2.320012, 7.601842]","[-8.715247, 8.53705]","[""73465f84-d5f5-4b84-8509-0e818beb5ecd::ceiling-raw::1:10:0"", ""73465f84-d5f5-4b84-8509-0e818beb5ecd::ceiling-raw::1:11:0"", ""73465f84-d5f5-4b84-8509-0e818beb5ecd::ceiling-raw::1:7:0"", ""73465f84-d5f5-4b84-8509-0e818beb5ecd::ceiling-raw::1:9:0""]"
73465f84-d5f5-4b84-8509-0e818beb5ecd,1,73465f84-d5f5-4b84-8509-0e818beb5ecd::eave-chain::1:3,1,1.796631,6.824789,1.1292,"[-8.7127, 8.5671]","[-8.9262, 6.7832]","[""73465f84-d5f5-4b84-8509-0e818beb5ecd::ceiling-raw::1:7:0""]"
73465f84-d5f5-4b84-8509-0e818beb5ecd,1,73465f84-d5f5-4b84-8509-0e818beb5ecd::eave-chain::1:4,2,3.606534,6.803821,1.058235,"[-6.869802, 8.346535]","[-7.084497, 6.547065]","[""73465f84-d5f5-4b84-8509-0e818beb5ecd::ceiling-raw::1:10:0"", ""73465f84-d5f5-4b84-8509-0e818beb5ecd::ceiling-raw::1:7:0""]"
73465f84-d5f5-4b84-8509-0e818beb5ecd,1,73465f84-d5f5-4b84-8509-0e818beb5ecd::eave-chain::1:5,2,4.019994,7.140351,1.068668,"[-4.625047, 8.409223]","[-4.892592, 6.273507]","[""73465f84-d5f5-4b84-8509-0e818beb5ecd::ceiling-raw::1:11:0"", ""73465f84-d5f5-4b84-8509-0e818beb5ecd::ceiling-raw::1:9:0""]"
73465f84-d5f5-4b84-8509-0e818beb5ecd,1,73465f84-d5f5-4b84-8509-0e818beb5ecd::eave-chain::1:6,2,3.688866,6.910707,1.067718,"[-5.894314, 8.278483]","[-6.120393, 6.413196]","[""73465f84-d5f5-4b84-8509-0e818beb5ecd::ceiling-raw::1:10:0"", ""73465f84-d5f5-4b84-8509-0e818beb5ecd::ceiling-raw::1:9:0""]"
73465f84-d5f5-4b84-8509-0e818beb5ecd,1,73465f84-d5f5-4b84-8509-0e818beb5ecd::eave-chain::1:7,1,1.545445,6.822896,1.0027,"[-1.1747, 5.8282]","[-1.3583, 4.2937]","[""73465f84-d5f5-4b84-8509-0e818beb5ecd::ceiling-raw::1:11:0""]"
73465f84-d5f5-4b84-8509-0e818beb5ecd,1,73465f84-d5f5-4b84-8509-0e818beb5ecd::eave-chain::1:8,2,8.00839,7.198977,1.012066,"[1.32631, -0.429636]","[2.337467, 7.575641]","[""73465f84-d5f5-4b84-8509-0e818beb5ecd::ceiling-raw::1:11:0"", ""73465f84-d5f5-4b84-8509-0e818beb5ecd::ceiling-raw::1:12:0""]"
73465f84-d5f5-4b84-8509-0e818beb5ecd,1,73465f84-d5f5-4b84-8509-0e818beb5ecd::eave-chain::1:9,1,3.623191,6.472039,1.0201,"[-5.1429, 4.4447]","[-5.5513, 0.8446]","[""73465f84-d5f5-4b84-8509-0e818beb5ecd::ceiling-raw::1:12:0""]"
73465f84-d5f5-4b84-8509-0e818beb5ecd,1,73465f84-d5f5-4b84-8509-0e818beb5ecd::eave-chain::1:10,1,1.511536,96.472887,1.0201,"[-5.5513, 0.8446]","[-4.0494, 0.6742]","[""73465f84-d5f5-4b84-8509-0e818beb5ecd::ceiling-raw::1:12:0""]"
73c1d779-2257-4e39-838a-5b026bca2401,0,73c1d779-2257-4e39-838a-5b026bca2401::eave-chain::0:0,2,7.403634,120.669384,0.759471,"[10.957826, -4.25246]","[5.944836, -1.279586]","[""73c1d779-2257-4e39-838a-5b026bca2401::ceiling-raw::0:0:0"", ""73c1d779-2257-4e39-838a-5b026bca2401::ceiling-raw::0:2:0""]"
73c1d779-2257-4e39-838a-5b026bca2401,0,73c1d779-2257-4e39-838a-5b026bca2401::eave-chain::0:1,2,5.994875,30.860212,0.776083,"[5.866469, -1.239007]","[4.309084, -3.845312]","[""73c1d779-2257-4e39-838a-5b026bca2401::ceiling-raw::0:0:0"", ""73c1d779-2257-4e39-838a-5b026bca2401::ceiling-raw::0:5:0""]"
73c1d779-2257-4e39-838a-5b026bca2401,0,73c1d779-2257-4e39-838a-5b026bca2401::eave-chain::0:2,5,20.167528,121.550976,0.793685,"[-8.301271, 3.963267]","[9.373721, -6.889625]","[""73c1d779-2257-4e39-838a-5b026bca2401::ceiling-raw::0:0:0"", ""73c1d779-2257-4e39-838a-5b026bca2401::ceiling-raw::0:10:0"", ""73c1d779-2257-4e39-838a-5b026bca2401::ceiling-raw::0:11:3"", ""73c1d779-2257-4e39-838a-5b026bca2401::ceiling-raw::0:12:0"", ""73c1d779-2257-4e39-838a-5b026bca2401::ceiling-raw::0:5:0""]"
73c1d779-2257-4e39-838a-5b026bca2401,0,73c1d779-2257-4e39-838a-5b026bca2401::eave-chain::0:3,2,5.08811,30.950669,0.749223,"[9.379804, -6.879283]","[12.018155, -2.479753]","[""73c1d779-2257-4e39-838a-5b026bca2401::ceiling-raw::0:0:0"", ""73c1d779-2257-4e39-838a-5b026bca2401::ceiling-raw::0:2:0""]"
73c1d779-2257-4e39-838a-5b026bca2401,0,73c1d779-2257-4e39-838a-5b026bca2401::eave-chain::0:4,2,1.77815,127.618582,0.731054,"[12.017955, -2.480478]","[10.670473, -1.44208]","[""73c1d779-2257-4e39-838a-5b026bca2401::ceiling-raw::0:1:0"", ""73c1d779-2257-4e39-838a-5b026bca2401::ceiling-raw::0:2:0""]"
73c1d779-2257-4e39-838a-5b026bca2401,0,73c1d779-2257-4e39-838a-5b026bca2401::eave-chain::0:5,2,2.193349,33.020261,0.739875,"[10.877817, -2.49171]","[12.187574, -0.476422]","[""73c1d779-2257-4e39-838a-5b026bca2401::ceiling-raw::0:1:0"", ""73c1d779-2257-4e39-838a-5b026bca2401::ceiling-raw::0:2:0""]"
73c1d779-2257-4e39-838a-5b026bca2401,0,73c1d779-2257-4e39-838a-5b026bca2401::eave-chain::0:6,7,24.068609,121.309905,0.784933,"[12.937432, -0.892574]","[-4.854252, 9.929152]","[""73c1d779-2257-4e39-838a-5b026bca2401::ceiling-raw::0:1:0"", ""73c1d779-2257-4e39-838a-5b026bca2401::ceiling-raw::0:3:0"", ""73c1d779-2257-4e39-838a-5b026bca2401::ceiling-raw::0:4:0"", ""73c1d779-2257-4e39-838a-5b026bca2401::ceiling-raw::0:7:0"", ""73c1d779-2257-4e39-838a-5b026bca2401::ceiling-raw::0:8:0"", ""73c1d779-2257-4e39-838a-5b026bca2401::ceiling-raw::0:9:0""]"
73c1d779-2257-4e39-838a-5b026bca2401,0,73c1d779-2257-4e39-838a-5b026bca2401::eave-chain::0:7,1,4.892927,30.894272,0.8232,"[13.0011, -0.7879]","[15.5134, 3.4108]","[""73c1d779-2257-4e39-838a-5b026bca2401::ceiling-raw::0:3:0""]"
73c1d779-2257-4e39-838a-5b026bca2401,0,73c1d779-2257-4e39-838a-5b026bca2401::eave-chain::0:8,1,6.902943,120.894718,0.8232,"[15.5134, 3.4108]","[9.5899, 6.9552]","[""73c1d779-2257-4e39-838a-5b026bca2401::ceiling-raw::0:3:0""]"
73c1d779-2257-4e39-838a-5b026bca2401,0,73c1d779-2257-4e39-838a-5b026bca2401::eave-chain::0:9,1,5.054924,30.894555,0.8232,"[9.5899, 6.9552]","[6.9944, 2.6175]","[""73c1d779-2257-4e39-838a-5b026bca2401::ceiling-raw::0:3:0""]"
73c1d779-2257-4e39-838a-5b026bca2401,0,73c1d779-2257-4e39-838a-5b026bca2401::eave-chain::0:10,4,12.569878,30.258258,0.790723,"[3.918714, 4.637298]","[0.386247, -1.417918]","[""73c1d779-2257-4e39-838a-5b026bca2401::ceiling-raw::0:12:0"", ""73c1d779-2257-4e39-838a-5b026bca2401::ceiling-raw::0:4:0"", ""73c1d779-2257-4e39-838a-5b026bca2401::ceiling-raw::0:5:0"", ""73c1d779-2257-4e39-838a-5b026bca2401::ceiling-raw::0:7:0""]"
73c1d779-2257-4e39-838a-5b026bca2401,0,73c1d779-2257-4e39-838a-5b026bca2401::eave-chain::0:11,2,5.870727,30.876021,0.769025,"[-0.268679, 3.729162]","[1.251762, 6.272048]","[""73c1d779-2257-4e39-838a-5b026bca2401::ceiling-raw::0:7:0"", ""73c1d779-2257-4e39-838a-5b026bca2401::ceiling-raw::0:8:0""]"
73c1d779-2257-4e39-838a-5b026bca2401,0,73c1d779-2257-4e39-838a-5b026bca2401::eave-chain::0:12,2,7.00802,31.070615,0.769579,"[-3.478179, 4.364806]","[-1.379868, 7.847252]","[""73c1d779-2257-4e39-838a-5b026bca2401::ceiling-raw::0:8:0"", ""73c1d779-2257-4e39-838a-5b026bca2401::ceiling-raw::0:9:0""]"
73c1d779-2257-4e39-838a-5b026bca2401,0,73c1d779-2257-4e39-838a-5b026bca2401::eave-chain::0:13,2,6.846469,30.031673,0.779011,"[-4.859422, 9.929367]","[-8.325345, 3.93387]","[""73c1d779-2257-4e39-838a-5b026bca2401::ceiling-raw::0:10:0"", ""73c1d779-2257-4e39-838a-5b026bca2401::ceiling-raw::0:9:0""]"
73c1d779-2257-4e39-838a-5b026bca2401,0,73c1d779-2257-4e39-838a-5b026bca2401::eave-chain::0:14,2,8.854153,121.010675,0.784779,"[-2.718712, 3.85866]","[-6.960807, 6.408643]","[""73c1d779-2257-4e39-838a-5b026bca2401::ceiling-raw::0:10:0"", ""73c1d779-2257-4e39-838a-5b026bca2401::ceiling-raw::0:9:0""]"
73c1d779-2257-4e39-838a-5b026bca2401,0,73c1d779-2257-4e39-838a-5b026bca2401::eave-chain::0:15,2,5.576075,30.898527,0.81458,"[-2.671509, 3.804515]","[-4.107077, 1.405716]","[""73c1d779-2257-4e39-838a-5b026bca2401::ceiling-raw::0:10:0"", ""73c1d779-2257-4e39-838a-5b026bca2401::ceiling-raw::0:11:3""]"
73c1d779-2257-4e39-838a-5b026bca2401,0,73c1d779-2257-4e39-838a-5b026bca2401::eave-chain::0:16,1,2.807571,30.895159,0.8187,"[-0.6441, 2.5555]","[-2.0857, 0.1463]","[""73c1d779-2257-4e39-838a-5b026bca2401::ceiling-raw::0:12:0""]"
777b25c6-42e6-40d3-a0a4-aaafdd23842e,0,777b25c6-42e6-40d3-a0a4-aaafdd23842e::eave-chain::0:0,2,4.332909,82.966982,0.996314,"[-1.019166, 1.142031]","[2.044631, 1.52001]","[""777b25c6-42e6-40d3-a0a4-aaafdd23842e::ceiling-raw::0:5:0"", ""777b25c6-42e6-40d3-a0a4-aaafdd23842e::ceiling-raw::0:6:0""]"
777b25c6-42e6-40d3-a0a4-aaafdd23842e,0,777b25c6-42e6-40d3-a0a4-aaafdd23842e::eave-chain::0:1,2,3.2167,171.056057,1.004226,"[2.345063, -0.494874]","[1.824371, 2.813591]","[""777b25c6-42e6-40d3-a0a4-aaafdd23842e::ceiling-raw::0:5:0"", ""777b25c6-42e6-40d3-a0a4-aaafdd23842e::ceiling-raw::0:6:0""]"
777b25c6-42e6-40d3-a0a4-aaafdd23842e,0,777b25c6-42e6-40d3-a0a4-aaafdd23842e::eave-chain::0:2,1,3.051901,81.879456,0.9891,"[1.8257, 2.8138]","[-1.1956, 2.3827]","[""777b25c6-42e6-40d3-a0a4-aaafdd23842e::ceiling-raw::0:5:0""]"
777b25c6-42e6-40d3-a0a4-aaafdd23842e,0,777b25c6-42e6-40d3-a0a4-aaafdd23842e::eave-chain::0:3,1,2.063594,171.494907,1.0135,"[-1.0397, 1.0853]","[-0.7345, -0.9556]","[""777b25c6-42e6-40d3-a0a4-aaafdd23842e::ceiling-raw::0:6:0""]"
777b25c6-42e6-40d3-a0a4-aaafdd23842e,0,777b25c6-42e6-40d3-a0a4-aaafdd23842e::eave-chain::0:4,1,3.113671,81.491254,1.0135,"[-0.7345, -0.9556]","[2.3449, -0.4949]","[""777b25c6-42e6-40d3-a0a4-aaafdd23842e::ceiling-raw::0:6:0""]"
777b25c6-42e6-40d3-a0a4-aaafdd23842e,1,777b25c6-42e6-40d3-a0a4-aaafdd23842e::eave-chain::1:0,1,2.557195,170.898661,3.5712,"[-2.3553, 1.056]","[-2.7598, 3.581]","[""777b25c6-42e6-40d3-a0a4-aaafdd23842e::ceiling-raw::1:0:0""]"
777b25c6-42e6-40d3-a0a4-aaafdd23842e,1,777b25c6-42e6-40d3-a0a4-aaafdd23842e::eave-chain::1:1,1,2.47769,170.899219,3.5712,"[-5.8389, 3.0072]","[-5.447, 0.5607]","[""777b25c6-42e6-40d3-a0a4-aaafdd23842e::ceiling-raw::1:0:0""]"
777b25c6-42e6-40d3-a0a4-aaafdd23842e,1,777b25c6-42e6-40d3-a0a4-aaafdd23842e::eave-chain::1:2,1,3.131123,80.898376,3.5712,"[-5.447, 0.5607]","[-2.3553, 1.056]","[""777b25c6-42e6-40d3-a0a4-aaafdd23842e::ceiling-raw::1:0:0""]"
777b25c6-42e6-40d3-a0a4-aaafdd23842e,1,777b25c6-42e6-40d3-a0a4-aaafdd23842e::eave-chain::1:3,2,6.611842,81.928191,2.520374,"[0.474055, 5.08767]","[-6.024234, 4.166089]","[""777b25c6-42e6-40d3-a0a4-aaafdd23842e::ceiling-raw::1:0:1"", ""777b25c6-42e6-40d3-a0a4-aaafdd23842e::ceiling-raw::1:1:1""]"
777b25c6-42e6-40d3-a0a4-aaafdd23842e,1,777b25c6-42e6-40d3-a0a4-aaafdd23842e::eave-chain::1:4,1,0.900439,79.805681,3.57985,"[0.6913, 3.8832]","[1.5766, 4.0424]","[""777b25c6-42e6-40d3-a0a4-aaafdd23842e::ceiling-raw::1:2:6""]"
7791ff1d-7641-4da1-8380-1773d30a7bcc,0,7791ff1d-7641-4da1-8380-1773d30a7bcc::eave-chain::0:0,1,3.477325,117.586411,0.8739,"[4.856, 0.4818]","[1.774, 2.0921]","[""7791ff1d-7641-4da1-8380-1773d30a7bcc::ceiling-raw::0:2:0""]"
7791ff1d-7641-4da1-8380-1773d30a7bcc,0,7791ff1d-7641-4da1-8380-1773d30a7bcc::eave-chain::0:1,2,6.964665,117.588398,0.872798,"[4.021413, -1.154529]","[0.923487, 0.464229]","[""7791ff1d-7641-4da1-8380-1773d30a7bcc::ceiling-raw::0:2:0"", ""7791ff1d-7641-4da1-8380-1773d30a7bcc::ceiling-raw::0:6:0""]"
7791ff1d-7641-4da1-8380-1773d30a7bcc,0,7791ff1d-7641-4da1-8380-1773d30a7bcc::eave-chain::0:2,2,5.143369,27.393015,0.872471,"[2.459615, -4.146074]","[4.857388, 0.481081]","[""7791ff1d-7641-4da1-8380-1773d30a7bcc::ceiling-raw::0:2:0"", ""7791ff1d-7641-4da1-8380-1773d30a7bcc::ceiling-raw::0:6:0""]"
7791ff1d-7641-4da1-8380-1773d30a7bcc,0,7791ff1d-7641-4da1-8380-1773d30a7bcc::eave-chain::0:3,1,2.630883,27.585803,0.8554,"[-2.6047, -1.4462]","[-1.3864, 0.8856]","[""7791ff1d-7641-4da1-8380-1773d30a7bcc::ceiling-raw::0:5:0""]"
7791ff1d-7641-4da1-8380-1773d30a7bcc,0,7791ff1d-7641-4da1-8380-1773d30a7bcc::eave-chain::0:4,1,3.483674,117.583813,0.8554,"[-1.3864, 0.8856]","[-4.4741, 2.4987]","[""7791ff1d-7641-4da1-8380-1773d30a7bcc::ceiling-raw::0:5:0""]"
7791ff1d-7641-4da1-8380-1773d30a7bcc,0,7791ff1d-7641-4da1-8380-1773d30a7bcc::eave-chain::0:5,1,2.630837,27.583873,0.8554,"[-4.4741, 2.4987]","[-5.6923, 0.1669]","[""7791ff1d-7641-4da1-8380-1773d30a7bcc::ceiling-raw::0:5:0""]"
7791ff1d-7641-4da1-8380-1773d30a7bcc,0,7791ff1d-7641-4da1-8380-1773d30a7bcc::eave-chain::0:6,1,3.483585,117.584575,0.8554,"[-5.6923, 0.1669]","[-2.6047, -1.4462]","[""7791ff1d-7641-4da1-8380-1773d30a7bcc::ceiling-raw::0:5:0""]"
7791ff1d-7641-4da1-8380-1773d30a7bcc,0,7791ff1d-7641-4da1-8380-1773d30a7bcc::eave-chain::0:7,1,3.340722,27.583685,0.8717,"[0.9148, 0.4302]","[-0.6321, -2.5308]","[""7791ff1d-7641-4da1-8380-1773d30a7bcc::ceiling-raw::0:6:0""]"
7791ff1d-7641-4da1-8380-1773d30a7bcc,0,7791ff1d-7641-4da1-8380-1773d30a7bcc::eave-chain::0:8,1,3.487209,117.584985,0.8717,"[-0.6321, -2.5308]","[2.4587, -4.1456]","[""7791ff1d-7641-4da1-8380-1773d30a7bcc::ceiling-raw::0:6:0""]"
7791ff1d-7641-4da1-8380-1773d30a7bcc,1,7791ff1d-7641-4da1-8380-1773d30a7bcc::eave-chain::1:0,1,3.67121,117.722342,2.2263,"[2.6727, 3.8531]","[5.9225, 2.1453]","[""7791ff1d-7641-4da1-8380-1773d30a7bcc::ceiling-raw::1:1:1""]"
7791ff1d-7641-4da1-8380-1773d30a7bcc,1,7791ff1d-7641-4da1-8380-1773d30a7bcc::eave-chain::1:1,1,3.031027,27.722444,2.2263,"[5.9225, 2.1453]","[7.3325, 4.8284]","[""7791ff1d-7641-4da1-8380-1773d30a7bcc::ceiling-raw::1:1:1""]"
7791ff1d-7641-4da1-8380-1773d30a7bcc,1,7791ff1d-7641-4da1-8380-1773d30a7bcc::eave-chain::1:2,1,5.446696,117.721942,2.2263,"[7.3325, 4.8284]","[2.511, 7.3621]","[""7791ff1d-7641-4da1-8380-1773d30a7bcc::ceiling-raw::1:1:1""]"
7791ff1d-7641-4da1-8380-1773d30a7bcc,1,7791ff1d-7641-4da1-8380-1773d30a7bcc::eave-chain::1:3,1,4.170714,27.721367,2.2263,"[2.511, 7.3621]","[4.4511, 11.0541]","[""7791ff1d-7641-4da1-8380-1773d30a7bcc::ceiling-raw::1:1:1""]"
7791ff1d-7641-4da1-8380-1773d30a7bcc,1,7791ff1d-7641-4da1-8380-1773d30a7bcc::eave-chain::1:4,1,3.968668,117.722769,2.2263,"[4.4511, 11.0541]","[0.938, 12.9003]","[""7791ff1d-7641-4da1-8380-1773d30a7bcc::ceiling-raw::1:1:1""]"
7791ff1d-7641-4da1-8380-1773d30a7bcc,1,7791ff1d-7641-4da1-8380-1773d30a7bcc::eave-chain::1:5,1,8.94462,27.722173,2.2263,"[0.938, 12.9003]","[-3.2229, 4.9824]","[""7791ff1d-7641-4da1-8380-1773d30a7bcc::ceiling-raw::1:1:1""]"
7791ff1d-7641-4da1-8380-1773d30a7bcc,1,7791ff1d-7641-4da1-8380-1773d30a7bcc::eave-chain::1:6,1,3.502889,117.722355,2.2263,"[-3.2229, 4.9824]","[-0.1221, 3.3529]","[""7791ff1d-7641-4da1-8380-1773d30a7bcc::ceiling-raw::1:1:1""]"
795ceae3-b6ef-42bc-bd48-9b69f06e9de6,0,795ceae3-b6ef-42bc-bd48-9b69f06e9de6::eave-chain::0:0,2,3.548023,126.491045,1.032873,"[-11.571352, -9.324841]","[-8.624214, -11.504896]","[""795ceae3-b6ef-42bc-bd48-9b69f06e9de6::ceiling-raw::0:0:0"", ""795ceae3-b6ef-42bc-bd48-9b69f06e9de6::ceiling-raw::0:2:0""]"
795ceae3-b6ef-42bc-bd48-9b69f06e9de6,0,795ceae3-b6ef-42bc-bd48-9b69f06e9de6::eave-chain::0:1,2,5.344325,36.966399,1.052708,"[-11.183059, -9.627803]","[-9.56427, -7.476974]","[""795ceae3-b6ef-42bc-bd48-9b69f06e9de6::ceiling-raw::0:0:0"", ""795ceae3-b6ef-42bc-bd48-9b69f06e9de6::ceiling-raw::0:2:0""]"
795ceae3-b6ef-42bc-bd48-9b69f06e9de6,0,795ceae3-b6ef-42bc-bd48-9b69f06e9de6::eave-chain::0:2,2,4.543344,37.214163,0.406056,"[-9.864018, -4.849827]","[-12.652928, -8.522195]","[""795ceae3-b6ef-42bc-bd48-9b69f06e9de6::ceiling-raw::0:0:1"", ""795ceae3-b6ef-42bc-bd48-9b69f06e9de6::ceiling-raw::0:1:1""]"
795ceae3-b6ef-42bc-bd48-9b69f06e9de6,0,795ceae3-b6ef-42bc-bd48-9b69f06e9de6::eave-chain::0:3,2,3.498023,126.725917,1.019117,"[-7.274377, -6.74897]","[-8.813415, -5.600722]","[""795ceae3-b6ef-42bc-bd48-9b69f06e9de6::ceiling-raw::0:1:0"", ""795ceae3-b6ef-42bc-bd48-9b69f06e9de6::ceiling-raw::0:6:0""]"
795ceae3-b6ef-42bc-bd48-9b69f06e9de6,0,795ceae3-b6ef-42bc-bd48-9b69f06e9de6::eave-chain::0:4,2,4.791644,37.184041,1.019458,"[-8.599006, -11.526523]","[-6.963628, -9.370745]","[""795ceae3-b6ef-42bc-bd48-9b69f06e9de6::ceiling-raw::0:2:0"", ""795ceae3-b6ef-42bc-bd48-9b69f06e9de6::ceiling-raw::0:4:0""]"
795ceae3-b6ef-42bc-bd48-9b69f06e9de6,0,795ceae3-b6ef-42bc-bd48-9b69f06e9de6::eave-chain::0:5,1,3.372343,126.948391,1.0107,"[-8.2201, -11.0982]","[-5.525, -13.1253]","[""795ceae3-b6ef-42bc-bd48-9b69f06e9de6::ceiling-raw::0:4:0""]"
795ceae3-b6ef-42bc-bd48-9b69f06e9de6,0,795ceae3-b6ef-42bc-bd48-9b69f06e9de6::eave-chain::0:6,4,19.364658,36.660168,0.975533,"[-5.517009, -13.131248]","[6.25576, 2.686071]","[""795ceae3-b6ef-42bc-bd48-9b69f06e9de6::ceiling-raw::0:4:0"", ""795ceae3-b6ef-42bc-bd48-9b69f06e9de6::ceiling-raw::0:5:0"", ""795ceae3-b6ef-42bc-bd48-9b69f06e9de6::ceiling-raw::0:7:0"", ""795ceae3-b6ef-42bc-bd48-9b69f06e9de6::ceiling-raw::0:9:0""]"
795ceae3-b6ef-42bc-bd48-9b69f06e9de6,0,795ceae3-b6ef-42bc-bd48-9b69f06e9de6::eave-chain::0:7,2,7.980587,126.938326,1.018646,"[-3.601349, -10.603614]","[-6.809543, -8.191476]","[""795ceae3-b6ef-42bc-bd48-9b69f06e9de6::ceiling-raw::0:4:0"", ""795ceae3-b6ef-42bc-bd48-9b69f06e9de6::ceiling-raw::0:5:0""]"
795ceae3-b6ef-42bc-bd48-9b69f06e9de6,0,795ceae3-b6ef-42bc-bd48-9b69f06e9de6::eave-chain::0:8,2,7.871627,126.965936,0.99488,"[-2.041905, -8.530347]","[-5.228645, -6.131936]","[""795ceae3-b6ef-42bc-bd48-9b69f06e9de6::ceiling-raw::0:5:0"", ""795ceae3-b6ef-42bc-bd48-9b69f06e9de6::ceiling-raw::0:7:0""]"
795ceae3-b6ef-42bc-bd48-9b69f06e9de6,0,795ceae3-b6ef-42bc-bd48-9b69f06e9de6::eave-chain::0:9,2,6.179866,36.865693,0.978596,"[-4.760623, -0.719782]","[-8.538694, -5.75798]","[""795ceae3-b6ef-42bc-bd48-9b69f06e9de6::ceiling-raw::0:6:0"", ""795ceae3-b6ef-42bc-bd48-9b69f06e9de6::ceiling-raw::0:7:0""]"
795ceae3-b6ef-42bc-bd48-9b69f06e9de6,0,795ceae3-b6ef-42bc-bd48-9b69f06e9de6::eave-chain::0:10,2,4.497984,126.219305,0.973762,"[-6.632605, -3.21029]","[-4.299686, -4.918936]","[""795ceae3-b6ef-42bc-bd48-9b69f06e9de6::ceiling-raw::0:6:0"", ""795ceae3-b6ef-42bc-bd48-9b69f06e9de6::ceiling-raw::0:7:0""]"
795ceae3-b6ef-42bc-bd48-9b69f06e9de6,0,795ceae3-b6ef-42bc-bd48-9b69f06e9de6::eave-chain::0:11,2,5.151005,126.742657,0.956203,"[-2.393772, -2.436709]","[-4.736625, -0.687685]","[""795ceae3-b6ef-42bc-bd48-9b69f06e9de6::ceiling-raw::0:7:0"", ""795ceae3-b6ef-42bc-bd48-9b69f06e9de6::ceiling-raw::0:8:0""]"
795ceae3-b6ef-42bc-bd48-9b69f06e9de6,0,795ceae3-b6ef-42bc-bd48-9b69f06e9de6::eave-chain::0:12,2,10.196809,127.21386,0.957322,"[-2.831984, 1.12942]","[2.221665, -2.708436]","[""795ceae3-b6ef-42bc-bd48-9b69f06e9de6::ceiling-raw::0:7:0"", ""795ceae3-b6ef-42bc-bd48-9b69f06e9de6::ceiling-raw::0:9:0""]"
795ceae3-b6ef-42bc-bd48-9b69f06e9de6,0,795ceae3-b6ef-42bc-bd48-9b69f06e9de6::eave-chain::0:13,1,2.227282,126.9481,0.9482,"[-1.3973, -0.9762]","[-3.1773, 0.3626]","[""795ceae3-b6ef-42bc-bd48-9b69f06e9de6::ceiling-raw::0:8:0""]"
795ceae3-b6ef-42bc-bd48-9b69f06e9de6,0,795ceae3-b6ef-42bc-bd48-9b69f06e9de6::eave-chain::0:14,4,8.395556,35.564641,0.953047,"[1.142117, 6.530706]","[-4.240454, -0.9974]","[""795ceae3-b6ef-42bc-bd48-9b69f06e9de6::ceiling-raw::0:8:0"", ""795ceae3-b6ef-42bc-bd48-9b69f06e9de6::ceiling-raw::0:9:0""]"
795ceae3-b6ef-42bc-bd48-9b69f06e9de6,0,795ceae3-b6ef-42bc-bd48-9b69f06e9de6::eave-chain::0:15,1,6.358826,126.948829,0.9543,"[6.2705, 2.6751]","[1.1887, 6.4974]","[""795ceae3-b6ef-42bc-bd48-9b69f06e9de6::ceiling-raw::0:9:0""]"
7cabc39b-6328-4a6e-9491-822fa6b3c3fb,0,7cabc39b-6328-4a6e-9491-822fa6b3c3fb::eave-chain::0:0,1,3.128343,29.580637,1.1448,"[1.9813, -6.2509]","[3.5256, -3.5303]","[""7cabc39b-6328-4a6e-9491-822fa6b3c3fb::ceiling-raw::0:1:0""]"
7cabc39b-6328-4a6e-9491-822fa6b3c3fb,0,7cabc39b-6328-4a6e-9491-822fa6b3c3fb::eave-chain::0:1,3,11.000674,29.622216,1.149579,"[4.521985, -1.676935]","[10.221247, 8.34653]","[""7cabc39b-6328-4a6e-9491-822fa6b3c3fb::ceiling-raw::0:2:0"", ""7cabc39b-6328-4a6e-9491-822fa6b3c3fb::ceiling-raw::0:4:0"", ""7cabc39b-6328-4a6e-9491-822fa6b3c3fb::ceiling-raw::0:9:0""]"
7cabc39b-6328-4a6e-9491-822fa6b3c3fb,0,7cabc39b-6328-4a6e-9491-822fa6b3c3fb::eave-chain::0:2,4,18.050155,29.194991,1.191432,"[3.360342, 12.254287]","[-4.810278, -2.368318]","[""7cabc39b-6328-4a6e-9491-822fa6b3c3fb::ceiling-raw::0:10:0"", ""7cabc39b-6328-4a6e-9491-822fa6b3c3fb::ceiling-raw::0:11:0"", ""7cabc39b-6328-4a6e-9491-822fa6b3c3fb::ceiling-raw::0:3:0"", ""7cabc39b-6328-4a6e-9491-822fa6b3c3fb::ceiling-raw::0:6:1""]"
7cabc39b-6328-4a6e-9491-822fa6b3c3fb,0,7cabc39b-6328-4a6e-9491-822fa6b3c3fb::eave-chain::0:3,3,12.822057,118.081352,2.036933,"[0.668319, 8.175365]","[-7.147973, 12.345608]","[""7cabc39b-6328-4a6e-9491-822fa6b3c3fb::ceiling-raw::0:5:0"", ""7cabc39b-6328-4a6e-9491-822fa6b3c3fb::ceiling-raw::0:7:0"", ""7cabc39b-6328-4a6e-9491-822fa6b3c3fb::ceiling-raw::0:8:0""]"
7cabc39b-6328-4a6e-9491-822fa6b3c3fb,0,7cabc39b-6328-4a6e-9491-822fa6b3c3fb::eave-chain::0:4,1,6.515174,119.580609,1.1798,"[-7.2501, 7.4199]","[-1.5841, 4.2037]","[""7cabc39b-6328-4a6e-9491-822fa6b3c3fb::ceiling-raw::0:5:0""]"
7cabc39b-6328-4a6e-9491-822fa6b3c3fb,0,7cabc39b-6328-4a6e-9491-822fa6b3c3fb::eave-chain::0:5,3,9.009424,119.911229,1.119869,"[2.493082, 10.753082]","[-5.454053, 15.32496]","[""7cabc39b-6328-4a6e-9491-822fa6b3c3fb::ceiling-raw::0:6:1"", ""7cabc39b-6328-4a6e-9491-822fa6b3c3fb::ceiling-raw::0:7:0"", ""7cabc39b-6328-4a6e-9491-822fa6b3c3fb::ceiling-raw::0:8:1""]"
7cabc39b-6328-4a6e-9491-822fa6b3c3fb,0,7cabc39b-6328-4a6e-9491-822fa6b3c3fb::eave-chain::0:6,1,1.801773,29.582772,1.1876,"[0.144, 12.0893]","[-0.7455, 10.5224]","[""7cabc39b-6328-4a6e-9491-822fa6b3c3fb::ceiling-raw::0:6:1""]"
7cabc39b-6328-4a6e-9491-822fa6b3c3fb,0,7cabc39b-6328-4a6e-9491-822fa6b3c3fb::eave-chain::0:7,2,4.586079,119.579072,1.3052,"[-3.9231, 13.3768]","[-5.9173, 14.5087]","[""7cabc39b-6328-4a6e-9491-822fa6b3c3fb::ceiling-raw::0:8:0"", ""7cabc39b-6328-4a6e-9491-822fa6b3c3fb::ceiling-raw::0:8:1""]"
7cabc39b-6328-4a6e-9491-822fa6b3c3fb,0,7cabc39b-6328-4a6e-9491-822fa6b3c3fb::eave-chain::0:8,2,7.432787,119.663675,1.170482,"[10.225898, 8.342719]","[3.383634, 12.23973]","[""7cabc39b-6328-4a6e-9491-822fa6b3c3fb::ceiling-raw::0:10:0"", ""7cabc39b-6328-4a6e-9491-822fa6b3c3fb::ceiling-raw::0:9:0""]"
7cabc39b-6328-4a6e-9491-822fa6b3c3fb,0,7cabc39b-6328-4a6e-9491-822fa6b3c3fb::eave-chain::0:9,1,5.723445,29.579862,1.1623,"[5.6117, 10.963]","[2.7864, 5.9855]","[""7cabc39b-6328-4a6e-9491-822fa6b3c3fb::ceiling-raw::0:9:0""]"
7cabc39b-6328-4a6e-9491-822fa6b3c3fb,0,7cabc39b-6328-4a6e-9491-822fa6b3c3fb::eave-chain::0:10,1,5.30629,119.580148,1.1623,"[2.7864, 5.9855]","[7.4011, 3.3661]","[""7cabc39b-6328-4a6e-9491-822fa6b3c3fb::ceiling-raw::0:9:0""]"
7cabc39b-6328-4a6e-9491-822fa6b3c3fb,0,7cabc39b-6328-4a6e-9491-822fa6b3c3fb::eave-chain::0:11,1,5.750721,29.580274,1.1909,"[2.3948, 6.1899]","[5.2336, 11.1911]","[""7cabc39b-6328-4a6e-9491-822fa6b3c3fb::ceiling-raw::0:10:0""]"
7dbc53a6-17e8-4806-83de-42286b95726c,1,7dbc53a6-17e8-4806-83de-42286b95726c::eave-chain::1:0,2,7.970638,120.988412,-4.1366,"[0.436, -6.0284]","[-2.9805, -3.9765]","[""7dbc53a6-17e8-4806-83de-42286b95726c::ceiling-raw::1:0:0"", ""7dbc53a6-17e8-4806-83de-42286b95726c::ceiling-raw::1:0:1""]"
7dbc53a6-17e8-4806-83de-42286b95726c,1,7dbc53a6-17e8-4806-83de-42286b95726c::eave-chain::1:1,2,9.668053,34.542833,-4.1366,"[-6.3909, -8.0972]","[-3.582505, -4.017497]","[""7dbc53a6-17e8-4806-83de-42286b95726c::ceiling-raw::1:0:0"", ""7dbc53a6-17e8-4806-83de-42286b95726c::ceiling-raw::1:0:5""]"
7dbc53a6-17e8-4806-83de-42286b95726c,1,7dbc53a6-17e8-4806-83de-42286b95726c::eave-chain::1:2,2,7.947454,122.437171,-4.1366,"[-9.172176, -6.329662]","[-2.464683, -10.592473]","[""7dbc53a6-17e8-4806-83de-42286b95726c::ceiling-raw::1:0:0"", ""7dbc53a6-17e8-4806-83de-42286b95726c::ceiling-raw::1:0:5""]"
7dbc53a6-17e8-4806-83de-42286b95726c,1,7dbc53a6-17e8-4806-83de-42286b95726c::eave-chain::1:3,2,10.208812,32.437542,-4.1366,"[-2.464687, -10.592508]","[3.011115, -1.976509]","[""7dbc53a6-17e8-4806-83de-42286b95726c::ceiling-raw::1:0:0"", ""7dbc53a6-17e8-4806-83de-42286b95726c::ceiling-raw::1:0:1""]"
7dbc53a6-17e8-4806-83de-42286b95726c,1,7dbc53a6-17e8-4806-83de-42286b95726c::eave-chain::1:4,2,7.947905,122.918671,-4.1366,"[3.017684, -1.966329]","[-3.653961, 2.352836]","[""7dbc53a6-17e8-4806-83de-42286b95726c::ceiling-raw::1:0:1"", ""7dbc53a6-17e8-4806-83de-42286b95726c::ceiling-raw::1:0:5""]"
7dbc53a6-17e8-4806-83de-42286b95726c,1,7dbc53a6-17e8-4806-83de-42286b95726c::eave-chain::1:5,1,10.272202,32.437525,-4.1366,"[-3.6624, 2.3398]","[-9.1722, -6.3297]","[""7dbc53a6-17e8-4806-83de-42286b95726c::ceiling-raw::1:0:5""]"
7dbc53a6-17e8-4806-83de-42286b95726c,1,7dbc53a6-17e8-4806-83de-42286b95726c::eave-chain::1:6,1,2.790641,32.60693,-4.266,"[4.2875, 4.395]","[2.7837, 2.0442]","[""7dbc53a6-17e8-4806-83de-42286b95726c::ceiling-raw::1:3:0""]"
7dbc53a6-17e8-4806-83de-42286b95726c,1,7dbc53a6-17e8-4806-83de-42286b95726c::eave-chain::1:7,1,2.365748,122.605861,-4.266,"[2.8267, 1.8364]","[4.8196, 0.5616]","[""7dbc53a6-17e8-4806-83de-42286b95726c::ceiling-raw::1:3:0""]"
7dbc53a6-17e8-4806-83de-42286b95726c,1,7dbc53a6-17e8-4806-83de-42286b95726c::eave-chain::1:8,1,2.942462,32.606647,-4.266,"[4.8196, 0.5616]","[6.4052, 3.0403]","[""7dbc53a6-17e8-4806-83de-42286b95726c::ceiling-raw::1:3:0""]"
7dbc53a6-17e8-4806-83de-42286b95726c,1,7dbc53a6-17e8-4806-83de-42286b95726c::eave-chain::1:9,1,2.513934,122.607188,-4.266,"[6.4052, 3.0403]","[4.2875, 4.395]","[""7dbc53a6-17e8-4806-83de-42286b95726c::ceiling-raw::1:3:0""]"
7dbc53a6-17e8-4806-83de-42286b95726c,2,7dbc53a6-17e8-4806-83de-42286b95726c::eave-chain::2:0,1,2.680347,32.379709,-2.9376,"[-2.8673, -10.361]","[-1.4319, -8.0974]","[""7dbc53a6-17e8-4806-83de-42286b95726c::ceiling-raw::2:7:3""]"
7dbc53a6-17e8-4806-83de-42286b95726c,2,7dbc53a6-17e8-4806-83de-42286b95726c::eave-chain::2:1,1,2.680431,32.378564,-0.8931,"[-2.8506, -7.1977]","[-4.286, -9.4614]","[""7dbc53a6-17e8-4806-83de-42286b95726c::ceiling-raw::2:7:3""]"
7dbc53a6-17e8-4806-83de-42286b95726c,2,7dbc53a6-17e8-4806-83de-42286b95726c::eave-chain::2:2,1,5.400974,32.380066,-2.9376,"[-5.1486, -2.519]","[-8.041, -7.0802]","[""7dbc53a6-17e8-4806-83de-42286b95726c::ceiling-raw::2:7:4""]"
7dbc53a6-17e8-4806-83de-42286b95726c,2,7dbc53a6-17e8-4806-83de-42286b95726c::eave-chain::2:3,1,5.400974,32.380066,-0.8931,"[-6.6256, -7.9778]","[-3.7332, -3.4166]","[""7dbc53a6-17e8-4806-83de-42286b95726c::ceiling-raw::2:7:4""]"
7dbc53a6-17e8-4806-83de-42286b95726c,2,7dbc53a6-17e8-4806-83de-42286b95726c::eave-chain::2:4,1,3.792923,122.379433,-1.7934,"[0.06, -0.3909]","[-3.1432, 1.6403]","[""7dbc53a6-17e8-4806-83de-42286b95726c::ceiling-raw::2:10:1""]"
7dbc53a6-17e8-4806-83de-42286b95726c,2,7dbc53a6-17e8-4806-83de-42286b95726c::eave-chain::2:5,1,2.27861,32.380937,-1.7934,"[-3.1432, 1.6403]","[-4.3635, -0.284]","[""7dbc53a6-17e8-4806-83de-42286b95726c::ceiling-raw::2:10:1""]"
7dbc53a6-17e8-4806-83de-42286b95726c,2,7dbc53a6-17e8-4806-83de-42286b95726c::eave-chain::2:6,1,1.019289,32.495766,-2.0741,"[0.5042, 4.4407]","[-0.0434, 3.581]","[""7dbc53a6-17e8-4806-83de-42286b95726c::ceiling-raw::2:8:12""]"
7dbc53a6-17e8-4806-83de-42286b95726c,2,7dbc53a6-17e8-4806-83de-42286b95726c::eave-chain::2:7,1,0.931794,32.496187,-1.7644,"[2.4909, 1.8142]","[2.9915, 2.6001]","[""7dbc53a6-17e8-4806-83de-42286b95726c::ceiling-raw::2:8:26""]"
7dbc53a6-17e8-4806-83de-42286b95726c,2,7dbc53a6-17e8-4806-83de-42286b95726c::eave-chain::2:8,2,4.646292,30.593315,-1.614764,"[2.998776, 1.489532]","[0.64208, -2.496485]","[""7dbc53a6-17e8-4806-83de-42286b95726c::ceiling-raw::2:8:29""]"
7dbc53a6-17e8-4806-83de-42286b95726c,2,7dbc53a6-17e8-4806-83de-42286b95726c::eave-chain::2:9,2,5.777001,33.902086,-2.819657,"[1.307302, -2.919884]","[4.530511, 1.876381]","[""7dbc53a6-17e8-4806-83de-42286b95726c::ceiling-raw::2:8:33""]"
7dbc53a6-17e8-4806-83de-42286b95726c,2,7dbc53a6-17e8-4806-83de-42286b95726c::eave-chain::2:10,1,2.431437,38.202359,0.806,"[3.4401, 6.1974]","[4.9438, 8.1081]","[""7dbc53a6-17e8-4806-83de-42286b95726c::ceiling-raw::2:8:35""]"
7dbc53a6-17e8-4806-83de-42286b95726c,2,7dbc53a6-17e8-4806-83de-42286b95726c::eave-chain::2:11,1,2.475782,45.849334,-1.3741,"[1.6708, 7.3368]","[3.4472, 9.0613]","[""7dbc53a6-17e8-4806-83de-42286b95726c::ceiling-raw::2:8:36""]"
7e42a701-1f0a-451a-8229-05f581454979,0,7e42a701-1f0a-451a-8229-05f581454979::eave-chain::0:0,3,7.247983,14.772804,1.228856,"[2.241955, -12.80982]","[4.147588, -5.583404]","[""7e42a701-1f0a-451a-8229-05f581454979::ceiling-raw::0:0:0"", ""7e42a701-1f0a-451a-8229-05f581454979::ceiling-raw::0:1:0"", ""7e42a701-1f0a-451a-8229-05f581454979::ceiling-raw::0:2:0""]"
7e42a701-1f0a-451a-8229-05f581454979,0,7e42a701-1f0a-451a-8229-05f581454979::eave-chain::0:1,1,1.42601,104.352953,1.2574,"[4.1544, -5.5852]","[5.5359, -5.9387]","[""7e42a701-1f0a-451a-8229-05f581454979::ceiling-raw::0:0:0""]"
7e42a701-1f0a-451a-8229-05f581454979,0,7e42a701-1f0a-451a-8229-05f581454979::eave-chain::0:2,1,5.581315,14.353195,1.2574,"[5.5359, -5.9387]","[6.9195, -0.5316]","[""7e42a701-1f0a-451a-8229-05f581454979::ceiling-raw::0:0:0""]"
7e42a701-1f0a-451a-8229-05f581454979,0,7e42a701-1f0a-451a-8229-05f581454979::eave-chain::0:3,2,8.470904,103.927182,1.259748,"[6.920226, -0.528673]","[-1.497095, 1.558642]","[""7e42a701-1f0a-451a-8229-05f581454979::ceiling-raw::0:0:0"", ""7e42a701-1f0a-451a-8229-05f581454979::ceiling-raw::0:12:0""]"
7e42a701-1f0a-451a-8229-05f581454979,0,7e42a701-1f0a-451a-8229-05f581454979::eave-chain::0:4,2,9.810183,13.60936,1.258929,"[1.96192, 0.735131]","[0.273061, -6.240789]","[""7e42a701-1f0a-451a-8229-05f581454979::ceiling-raw::0:0:0"", ""7e42a701-1f0a-451a-8229-05f581454979::ceiling-raw::0:12:0""]"
7e42a701-1f0a-451a-8229-05f581454979,0,7e42a701-1f0a-451a-8229-05f581454979::eave-chain::0:5,2,7.110138,104.339405,1.243452,"[0.268311, -6.282046]","[3.748482, -7.17168]","[""7e42a701-1f0a-451a-8229-05f581454979::ceiling-raw::0:0:0"", ""7e42a701-1f0a-451a-8229-05f581454979::ceiling-raw::0:1:0""]"
7e42a701-1f0a-451a-8229-05f581454979,0,7e42a701-1f0a-451a-8229-05f581454979::eave-chain::0:6,2,7.120942,104.355945,1.222388,"[3.142503, -9.388754]","[-0.32563, -8.501131]","[""7e42a701-1f0a-451a-8229-05f581454979::ceiling-raw::0:1:0"", ""7e42a701-1f0a-451a-8229-05f581454979::ceiling-raw::0:2:0""]"
7e42a701-1f0a-451a-8229-05f581454979,0,7e42a701-1f0a-451a-8229-05f581454979::eave-chain::0:7,5,12.531807,105.280743,1.203399,"[3.544455, -13.280469]","[-4.646956, -11.042512]","[""7e42a701-1f0a-451a-8229-05f581454979::ceiling-raw::0:2:0"", ""7e42a701-1f0a-451a-8229-05f581454979::ceiling-raw::0:3:0"", ""7e42a701-1f0a-451a-8229-05f581454979::ceiling-raw::0:6:0"", ""7e42a701-1f0a-451a-8229-05f581454979::ceiling-raw::0:8:0"", ""7e42a701-1f0a-451a-8229-05f581454979::ceiling-raw::0:9:0""]"
7e42a701-1f0a-451a-8229-05f581454979,0,7e42a701-1f0a-451a-8229-05f581454979::eave-chain::0:8,4,13.371153,13.776486,1.193076,"[-1.620615, -8.163667]","[-4.041401, -18.036834]","[""7e42a701-1f0a-451a-8229-05f581454979::ceiling-raw::0:11:0"", ""7e42a701-1f0a-451a-8229-05f581454979::ceiling-raw::0:3:0"", ""7e42a701-1f0a-451a-8229-05f581454979::ceiling-raw::0:6:0"", ""7e42a701-1f0a-451a-8229-05f581454979::ceiling-raw::0:8:0""]"
7e42a701-1f0a-451a-8229-05f581454979,0,7e42a701-1f0a-451a-8229-05f581454979::eave-chain::0:9,2,3.374135,103.686987,1.233038,"[-3.241285, -5.608079]","[-1.072415, -6.13627]","[""7e42a701-1f0a-451a-8229-05f581454979::ceiling-raw::0:4:0"", ""7e42a701-1f0a-451a-8229-05f581454979::ceiling-raw::0:5:0""]"
7e42a701-1f0a-451a-8229-05f581454979,0,7e42a701-1f0a-451a-8229-05f581454979::eave-chain::0:10,5,12.676002,14.040945,1.21373,"[-1.45781, 1.546224]","[-4.599794, -11.01733]","[""7e42a701-1f0a-451a-8229-05f581454979::ceiling-raw::0:12:0"", ""7e42a701-1f0a-451a-8229-05f581454979::ceiling-raw::0:4:0"", ""7e42a701-1f0a-451a-8229-05f581454979::ceiling-raw::0:5:0"", ""7e42a701-1f0a-451a-8229-05f581454979::ceiling-raw::0:6:0"", ""7e42a701-1f0a-451a-8229-05f581454979::ceiling-raw::0:7:0""]"
7e42a701-1f0a-451a-8229-05f581454979,0,7e42a701-1f0a-451a-8229-05f581454979::eave-chain::0:11,2,3.363681,105.238491,1.193584,"[-1.655899, -8.16026]","[-3.761119, -7.586765]","[""7e42a701-1f0a-451a-8229-05f581454979::ceiling-raw::0:4:0"", ""7e42a701-1f0a-451a-8229-05f581454979::ceiling-raw::0:6:0""]"
7e42a701-1f0a-451a-8229-05f581454979,0,7e42a701-1f0a-451a-8229-05f581454979::eave-chain::0:12,2,5.670909,103.907874,1.21027,"[-2.818114, -3.975078]","[0.558188, -4.811121]","[""7e42a701-1f0a-451a-8229-05f581454979::ceiling-raw::0:5:0"", ""7e42a701-1f0a-451a-8229-05f581454979::ceiling-raw::0:7:0""]"
7e42a701-1f0a-451a-8229-05f581454979,0,7e42a701-1f0a-451a-8229-05f581454979::eave-chain::0:13,2,6.957677,104.346232,1.228455,"[-2.148141, -0.986141]","[1.310245, -1.870645]","[""7e42a701-1f0a-451a-8229-05f581454979::ceiling-raw::0:12:0"", ""7e42a701-1f0a-451a-8229-05f581454979::ceiling-raw::0:7:0""]"
7e42a701-1f0a-451a-8229-05f581454979,0,7e42a701-1f0a-451a-8229-05f581454979::eave-chain::0:14,2,4.250322,104.831555,1.213107,"[-1.104726, -16.400069]","[-3.50173, -15.765341]","[""7e42a701-1f0a-451a-8229-05f581454979::ceiling-raw::0:11:0"", ""7e42a701-1f0a-451a-8229-05f581454979::ceiling-raw::0:8:0""]"
7e42a701-1f0a-451a-8229-05f581454979,0,7e42a701-1f0a-451a-8229-05f581454979::eave-chain::0:15,2,8.708326,104.359814,1.222144,"[-1.444352, -15.197886]","[2.786359, -16.280986]","[""7e42a701-1f0a-451a-8229-05f581454979::ceiling-raw::0:10:0"", ""7e42a701-1f0a-451a-8229-05f581454979::ceiling-raw::0:9:0""]"
7e42a701-1f0a-451a-8229-05f581454979,0,7e42a701-1f0a-451a-8229-05f581454979::eave-chain::0:16,2,6.363941,14.263063,1.222748,"[1.924683, -19.649472]","[3.533365, -13.321317]","[""7e42a701-1f0a-451a-8229-05f581454979::ceiling-raw::0:10:0"", ""7e42a701-1f0a-451a-8229-05f581454979::ceiling-raw::0:9:0""]"
7e42a701-1f0a-451a-8229-05f581454979,0,7e42a701-1f0a-451a-8229-05f581454979::eave-chain::0:17,1,2.202645,14.352321,1.2311,"[-0.5112, -16.7526]","[-1.0572, -18.8865]","[""7e42a701-1f0a-451a-8229-05f581454979::ceiling-raw::0:10:0""]"
7e42a701-1f0a-451a-8229-05f581454979,0,7e42a701-1f0a-451a-8229-05f581454979::eave-chain::0:18,2,5.514641,105.194844,1.222394,"[-4.039154, -18.036024]","[1.922804, -19.655276]","[""7e42a701-1f0a-451a-8229-05f581454979::ceiling-raw::0:10:0"", ""7e42a701-1f0a-451a-8229-05f581454979::ceiling-raw::0:11:0""]"
7e42a701-1f0a-451a-8229-05f581454979,0,7e42a701-1f0a-451a-8229-05f581454979::eave-chain::0:19,1,2.272424,14.3524,1.2114,"[-1.6786, -18.6415]","[-1.1153, -16.44]","[""7e42a701-1f0a-451a-8229-05f581454979::ceiling-raw::0:11:0""]"
85b7d943-95c9-4937-af42-121f705ed3e0,0,85b7d943-95c9-4937-af42-121f705ed3e0::eave-chain::0:0,3,9.092063,0.160347,0.828375,"[-2.414204, 4.823413]","[-2.432812, -1.825743]","[""85b7d943-95c9-4937-af42-121f705ed3e0::ceiling-raw::0:0:0"", ""85b7d943-95c9-4937-af42-121f705ed3e0::ceiling-raw::0:7:0"", ""85b7d943-95c9-4937-af42-121f705ed3e0::ceiling-raw::0:8:0""]"
85b7d943-95c9-4937-af42-121f705ed3e0,0,85b7d943-95c9-4937-af42-121f705ed3e0::eave-chain::0:1,2,4.83146,178.084957,0.848557,"[-3.844204, 3.239241]","[-3.762938, 0.808761]","[""85b7d943-95c9-4937-af42-121f705ed3e0::ceiling-raw::0:0:0"", ""85b7d943-95c9-4937-af42-121f705ed3e0::ceiling-raw::0:1:0""]"
85b7d943-95c9-4937-af42-121f705ed3e0,0,85b7d943-95c9-4937-af42-121f705ed3e0::eave-chain::0:2,5,14.262812,88.689109,0.828107,"[1.111146, 0.900529]","[-9.882796, 0.648951]","[""85b7d943-95c9-4937-af42-121f705ed3e0::ceiling-raw::0:0:0"", ""85b7d943-95c9-4937-af42-121f705ed3e0::ceiling-raw::0:1:0"", ""85b7d943-95c9-4937-af42-121f705ed3e0::ceiling-raw::0:2:0"", ""85b7d943-95c9-4937-af42-121f705ed3e0::ceiling-raw::0:7:0"", ""85b7d943-95c9-4937-af42-121f705ed3e0::ceiling-raw::0:8:0""]"
85b7d943-95c9-4937-af42-121f705ed3e0,0,85b7d943-95c9-4937-af42-121f705ed3e0::eave-chain::0:3,2,4.83666,178.106546,0.832307,"[-7.248799, 0.697156]","[-7.329291, 3.131966]","[""85b7d943-95c9-4937-af42-121f705ed3e0::ceiling-raw::0:1:0"", ""85b7d943-95c9-4937-af42-121f705ed3e0::ceiling-raw::0:2:0""]"
85b7d943-95c9-4937-af42-121f705ed3e0,0,85b7d943-95c9-4937-af42-121f705ed3e0::eave-chain::0:4,2,3.384667,87.642614,0.843124,"[-9.96352, 3.055546]","[-8.05464, 3.13413]","[""85b7d943-95c9-4937-af42-121f705ed3e0::ceiling-raw::0:2:0"", ""85b7d943-95c9-4937-af42-121f705ed3e0::ceiling-raw::0:3:0""]"
85b7d943-95c9-4937-af42-121f705ed3e0,0,85b7d943-95c9-4937-af42-121f705ed3e0::eave-chain::0:5,3,7.145635,178.413734,0.8456,"[-10.079819, 7.935724]","[-9.876948, 0.609937]","[""85b7d943-95c9-4937-af42-121f705ed3e0::ceiling-raw::0:2:0"", ""85b7d943-95c9-4937-af42-121f705ed3e0::ceiling-raw::0:3:0"", ""85b7d943-95c9-4937-af42-121f705ed3e0::ceiling-raw::0:4:0""]"
85b7d943-95c9-4937-af42-121f705ed3e0,0,85b7d943-95c9-4937-af42-121f705ed3e0::eave-chain::0:6,2,4.99885,87.711143,0.851787,"[-9.979975, 4.5571]","[-6.855692, 4.681976]","[""85b7d943-95c9-4937-af42-121f705ed3e0::ceiling-raw::0:3:0"", ""85b7d943-95c9-4937-af42-121f705ed3e0::ceiling-raw::0:4:0""]"
85b7d943-95c9-4937-af42-121f705ed3e0,0,85b7d943-95c9-4937-af42-121f705ed3e0::eave-chain::0:7,2,6.698883,178.100721,0.84582,"[-6.91036, 8.057898]","[-6.79883, 4.694596]","[""85b7d943-95c9-4937-af42-121f705ed3e0::ceiling-raw::0:4:0"", ""85b7d943-95c9-4937-af42-121f705ed3e0::ceiling-raw::0:5:0""]"
85b7d943-95c9-4937-af42-121f705ed3e0,0,85b7d943-95c9-4937-af42-121f705ed3e0::eave-chain::0:8,3,10.774229,88.334541,0.826245,"[0.866956, 8.266638]","[-10.088266, 7.948104]","[""85b7d943-95c9-4937-af42-121f705ed3e0::ceiling-raw::0:4:0"", ""85b7d943-95c9-4937-af42-121f705ed3e0::ceiling-raw::0:5:0"", ""85b7d943-95c9-4937-af42-121f705ed3e0::ceiling-raw::0:7:0""]"
85b7d943-95c9-4937-af42-121f705ed3e0,0,85b7d943-95c9-4937-af42-121f705ed3e0::eave-chain::0:9,2,6.692683,178.08624,0.822694,"[-4.452992, 4.755631]","[-4.565932, 8.135668]","[""85b7d943-95c9-4937-af42-121f705ed3e0::ceiling-raw::0:5:0"", ""85b7d943-95c9-4937-af42-121f705ed3e0::ceiling-raw::0:7:0""]"
85b7d943-95c9-4937-af42-121f705ed3e0,0,85b7d943-95c9-4937-af42-121f705ed3e0::eave-chain::0:10,2,9.62175,178.650187,0.811141,"[1.110184, -1.447352]","[0.881402, 8.262037]","[""85b7d943-95c9-4937-af42-121f705ed3e0::ceiling-raw::0:7:0"", ""85b7d943-95c9-4937-af42-121f705ed3e0::ceiling-raw::0:8:0""]"
85b7d943-95c9-4937-af42-121f705ed3e0,0,85b7d943-95c9-4937-af42-121f705ed3e0::eave-chain::0:11,1,3.569585,83.9342,0.8287,"[-2.4839, -1.8256]","[1.0657, -1.4484]","[""85b7d943-95c9-4937-af42-121f705ed3e0::ceiling-raw::0:8:0""]"
873952bc-1159-43dd-b4bd-6535a55c57cf,0,873952bc-1159-43dd-b4bd-6535a55c57cf::eave-chain::0:0,3,3.941939,44.584059,0.580587,"[-5.625988, -3.261112]","[-2.858972, -0.453628]","[""873952bc-1159-43dd-b4bd-6535a55c57cf::ceiling-raw::0:3:0"", ""873952bc-1159-43dd-b4bd-6535a55c57cf::ceiling-raw::0:3:1"", ""873952bc-1159-43dd-b4bd-6535a55c57cf::ceiling-raw::0:3:3""]"
873952bc-1159-43dd-b4bd-6535a55c57cf,0,873952bc-1159-43dd-b4bd-6535a55c57cf::eave-chain::0:1,1,2.103411,118.73394,0.4625,"[-4.9789, 0.278]","[-3.1345, -0.7332]","[""873952bc-1159-43dd-b4bd-6535a55c57cf::ceiling-raw::0:3:1""]"
873952bc-1159-43dd-b4bd-6535a55c57cf,0,873952bc-1159-43dd-b4bd-6535a55c57cf::eave-chain::0:2,2,5.354774,135.683385,0.4625,"[-2.856492, -0.451152]","[-6.945287, 3.736362]","[""873952bc-1159-43dd-b4bd-6535a55c57cf::ceiling-raw::0:3:1"", ""873952bc-1159-43dd-b4bd-6535a55c57cf::ceiling-raw::0:3:2""]"
873952bc-1159-43dd-b4bd-6535a55c57cf,0,873952bc-1159-43dd-b4bd-6535a55c57cf::eave-chain::0:3,1,1.778561,44.58997,0.4625,"[-6.9517, 3.7301]","[-8.2003, 2.4635]","[""873952bc-1159-43dd-b4bd-6535a55c57cf::ceiling-raw::0:3:2""]"
873952bc-1159-43dd-b4bd-6535a55c57cf,1,873952bc-1159-43dd-b4bd-6535a55c57cf::eave-chain::1:0,1,2.280721,135.506275,2.5929,"[-1.6862, 3.5644]","[-3.2846, 5.1913]","[""873952bc-1159-43dd-b4bd-6535a55c57cf::ceiling-raw::1:0:0""]"
873952bc-1159-43dd-b4bd-6535a55c57cf,1,873952bc-1159-43dd-b4bd-6535a55c57cf::eave-chain::1:1,3,6.942152,42.527858,1.350712,"[-4.01446, 5.935894]","[-9.379464, 0.086732]","[""873952bc-1159-43dd-b4bd-6535a55c57cf::ceiling-raw::1:0:2"", ""873952bc-1159-43dd-b4bd-6535a55c57cf::ceiling-raw::1:1:3"", ""873952bc-1159-43dd-b4bd-6535a55c57cf::ceiling-raw::1:1:4""]"
873952bc-1159-43dd-b4bd-6535a55c57cf,1,873952bc-1159-43dd-b4bd-6535a55c57cf::eave-chain::1:2,1,3.550591,42.777799,1.4215,"[-3.4257, 0.2748]","[-1.0143, 2.8809]","[""873952bc-1159-43dd-b4bd-6535a55c57cf::ceiling-raw::1:0:3""]"
873952bc-1159-43dd-b4bd-6535a55c57cf,1,873952bc-1159-43dd-b4bd-6535a55c57cf::eave-chain::1:3,1,0.960333,43.282696,1.7945,"[-7.6359, 1.9895]","[-8.2943, 1.2904]","[""873952bc-1159-43dd-b4bd-6535a55c57cf::ceiling-raw::1:1:1""]"
873952bc-1159-43dd-b4bd-6535a55c57cf,1,873952bc-1159-43dd-b4bd-6535a55c57cf::eave-chain::1:4,1,1.621875,44.975017,2.4684,"[-8.6493, -0.599]","[-7.5031, 0.5482]","[""873952bc-1159-43dd-b4bd-6535a55c57cf::ceiling-raw::1:1:1""]"
873952bc-1159-43dd-b4bd-6535a55c57cf,1,873952bc-1159-43dd-b4bd-6535a55c57cf::eave-chain::1:5,1,1.62032,43.727192,2.46835,"[-5.7698, -1.0781]","[-6.8898, -2.249]","[""873952bc-1159-43dd-b4bd-6535a55c57cf::ceiling-raw::1:1:2""]"
873952bc-1159-43dd-b4bd-6535a55c57cf,1,873952bc-1159-43dd-b4bd-6535a55c57cf::eave-chain::1:6,1,1.620157,43.361852,2.04645,"[-6.5923, -2.528]","[-5.4799, -1.3501]","[""873952bc-1159-43dd-b4bd-6535a55c57cf::ceiling-raw::1:1:2""]"
873952bc-1159-43dd-b4bd-6535a55c57cf,1,873952bc-1159-43dd-b4bd-6535a55c57cf::eave-chain::1:7,1,1.680731,133.170109,2.5094,"[-5.8654, -0.8648]","[-4.6396, -2.0147]","[""873952bc-1159-43dd-b4bd-6535a55c57cf::ceiling-raw::1:2:0""]"
873952bc-1159-43dd-b4bd-6535a55c57cf,1,873952bc-1159-43dd-b4bd-6535a55c57cf::eave-chain::1:8,1,0.385352,43.180195,2.56765,"[-3.2801, -0.5653]","[-3.0165, -0.2844]","[""873952bc-1159-43dd-b4bd-6535a55c57cf::ceiling-raw::1:2:0""]"
873952bc-1159-43dd-b4bd-6535a55c57cf,1,873952bc-1159-43dd-b4bd-6535a55c57cf::eave-chain::1:9,1,1.680731,133.170109,2.5728,"[-3.0165, -0.2844]","[-4.2423, 0.8655]","[""873952bc-1159-43dd-b4bd-6535a55c57cf::ceiling-raw::1:2:0""]"
893d4535-3169-4907-a93a-b3ab8f66ec1c,0,893d4535-3169-4907-a93a-b3ab8f66ec1c::eave-chain::0:0,2,2.185167,169.47576,0.94503,"[-2.474701, 4.219705]","[-2.03077, 1.830108]","[""893d4535-3169-4907-a93a-b3ab8f66ec1c::ceiling-raw::0:1:0"", ""893d4535-3169-4907-a93a-b3ab8f66ec1c::ceiling-raw::0:8:0""]"
893d4535-3169-4907-a93a-b3ab8f66ec1c,0,893d4535-3169-4907-a93a-b3ab8f66ec1c::eave-chain::0:1,1,1.038797,74.271285,0.9015,"[-2.0292, 1.8304]","[-3.0291, 1.5488]","[""893d4535-3169-4907-a93a-b3ab8f66ec1c::ceiling-raw::0:1:0""]"
893d4535-3169-4907-a93a-b3ab8f66ec1c,0,893d4535-3169-4907-a93a-b3ab8f66ec1c::eave-chain::0:2,4,8.400315,165.624059,0.946647,"[-3.013818, 1.552717]","[-1.333422, -5.003421]","[""893d4535-3169-4907-a93a-b3ab8f66ec1c::ceiling-raw::0:11:0"", ""893d4535-3169-4907-a93a-b3ab8f66ec1c::ceiling-raw::0:11:1"", ""893d4535-3169-4907-a93a-b3ab8f66ec1c::ceiling-raw::0:1:0"", ""893d4535-3169-4907-a93a-b3ab8f66ec1c::ceiling-raw::0:2:0""]"
893d4535-3169-4907-a93a-b3ab8f66ec1c,0,893d4535-3169-4907-a93a-b3ab8f66ec1c::eave-chain::0:3,3,8.394114,78.225682,0.952558,"[0.153665, 0.604373]","[-2.628239, 0.024504]","[""893d4535-3169-4907-a93a-b3ab8f66ec1c::ceiling-raw::0:11:0"", ""893d4535-3169-4907-a93a-b3ab8f66ec1c::ceiling-raw::0:11:1"", ""893d4535-3169-4907-a93a-b3ab8f66ec1c::ceiling-raw::0:1:0""]"
893d4535-3169-4907-a93a-b3ab8f66ec1c,0,893d4535-3169-4907-a93a-b3ab8f66ec1c::eave-chain::0:4,2,3.658152,74.938306,0.933482,"[-2.231368, 2.552815]","[-0.263918, 3.082263]","[""893d4535-3169-4907-a93a-b3ab8f66ec1c::ceiling-raw::0:1:0"", ""893d4535-3169-4907-a93a-b3ab8f66ec1c::ceiling-raw::0:8:0""]"
893d4535-3169-4907-a93a-b3ab8f66ec1c,0,893d4535-3169-4907-a93a-b3ab8f66ec1c::eave-chain::0:5,3,7.095454,76.876807,0.961064,"[0.264925, -1.404864]","[-2.163197, -1.970942]","[""893d4535-3169-4907-a93a-b3ab8f66ec1c::ceiling-raw::0:11:0"", ""893d4535-3169-4907-a93a-b3ab8f66ec1c::ceiling-raw::0:11:1"", ""893d4535-3169-4907-a93a-b3ab8f66ec1c::ceiling-raw::0:2:0""]"
893d4535-3169-4907-a93a-b3ab8f66ec1c,0,893d4535-3169-4907-a93a-b3ab8f66ec1c::eave-chain::0:6,2,6.92549,76.982069,0.930839,"[-1.334907, -5.00377]","[5.494243, -3.424886]","[""893d4535-3169-4907-a93a-b3ab8f66ec1c::ceiling-raw::0:2:0"", ""893d4535-3169-4907-a93a-b3ab8f66ec1c::ceiling-raw::0:5:0""]"
893d4535-3169-4907-a93a-b3ab8f66ec1c,0,893d4535-3169-4907-a93a-b3ab8f66ec1c::eave-chain::0:7,2,4.353279,166.850496,0.930832,"[1.502306, -2.078613]","[2.007441, -4.240839]","[""893d4535-3169-4907-a93a-b3ab8f66ec1c::ceiling-raw::0:2:0"", ""893d4535-3169-4907-a93a-b3ab8f66ec1c::ceiling-raw::0:5:0""]"
893d4535-3169-4907-a93a-b3ab8f66ec1c,0,893d4535-3169-4907-a93a-b3ab8f66ec1c::eave-chain::0:8,2,5.428196,76.817302,0.953577,"[2.148974, -0.993271]","[4.802928, -0.371637]","[""893d4535-3169-4907-a93a-b3ab8f66ec1c::ceiling-raw::0:3:0"", ""893d4535-3169-4907-a93a-b3ab8f66ec1c::ceiling-raw::0:5:0""]"
893d4535-3169-4907-a93a-b3ab8f66ec1c,0,893d4535-3169-4907-a93a-b3ab8f66ec1c::eave-chain::0:9,2,6.289854,167.033017,0.953814,"[5.494143, -3.424713]","[4.065703, 2.778847]","[""893d4535-3169-4907-a93a-b3ab8f66ec1c::ceiling-raw::0:3:0"", ""893d4535-3169-4907-a93a-b3ab8f66ec1c::ceiling-raw::0:5:0""]"
893d4535-3169-4907-a93a-b3ab8f66ec1c,0,893d4535-3169-4907-a93a-b3ab8f66ec1c::eave-chain::0:10,1,2.725243,76.824006,0.9722,"[4.0655, 2.7788]","[1.412, 2.1576]","[""893d4535-3169-4907-a93a-b3ab8f66ec1c::ceiling-raw::0:3:0""]"
893d4535-3169-4907-a93a-b3ab8f66ec1c,0,893d4535-3169-4907-a93a-b3ab8f66ec1c::eave-chain::0:11,1,0.816469,166.831808,1.71795,"[5.4293, 5.609]","[5.2433, 6.404]","[""893d4535-3169-4907-a93a-b3ab8f66ec1c::ceiling-raw::0:4:0""]"
893d4535-3169-4907-a93a-b3ab8f66ec1c,0,893d4535-3169-4907-a93a-b3ab8f66ec1c::eave-chain::0:12,3,5.297369,166.679928,1.015632,"[2.800052, 8.264296]","[1.566961, 13.472488]","[""893d4535-3169-4907-a93a-b3ab8f66ec1c::ceiling-raw::0:4:10"", ""893d4535-3169-4907-a93a-b3ab8f66ec1c::ceiling-raw::0:4:5"", ""893d4535-3169-4907-a93a-b3ab8f66ec1c::ceiling-raw::0:7:0""]"
893d4535-3169-4907-a93a-b3ab8f66ec1c,0,893d4535-3169-4907-a93a-b3ab8f66ec1c::eave-chain::0:13,1,1.951468,76.824709,0.9958,"[4.7027, 8.7096]","[2.8026, 8.2648]","[""893d4535-3169-4907-a93a-b3ab8f66ec1c::ceiling-raw::0:4:7""]"
893d4535-3169-4907-a93a-b3ab8f66ec1c,0,893d4535-3169-4907-a93a-b3ab8f66ec1c::eave-chain::0:14,2,5.148649,74.686042,1.01643,"[-4.728286, 9.742095]","[-1.817657, 10.539115]","[""893d4535-3169-4907-a93a-b3ab8f66ec1c::ceiling-raw::0:6:0"", ""893d4535-3169-4907-a93a-b3ab8f66ec1c::ceiling-raw::0:9:0""]"
893d4535-3169-4907-a93a-b3ab8f66ec1c,0,893d4535-3169-4907-a93a-b3ab8f66ec1c::eave-chain::0:15,2,3.974202,166.866578,1.023899,"[-2.267781, 12.574901]","[-1.804166, 10.587888]","[""893d4535-3169-4907-a93a-b3ab8f66ec1c::ceiling-raw::0:6:0"", ""893d4535-3169-4907-a93a-b3ab8f66ec1c::ceiling-raw::0:7:0""]"
893d4535-3169-4907-a93a-b3ab8f66ec1c,0,893d4535-3169-4907-a93a-b3ab8f66ec1c::eave-chain::0:16,2,6.930197,76.250157,1.025992,"[1.56437, 13.474166]","[-5.219438, 11.814198]","[""893d4535-3169-4907-a93a-b3ab8f66ec1c::ceiling-raw::0:6:0"", ""893d4535-3169-4907-a93a-b3ab8f66ec1c::ceiling-raw::0:7:0""]"
893d4535-3169-4907-a93a-b3ab8f66ec1c,0,893d4535-3169-4907-a93a-b3ab8f66ec1c::eave-chain::0:17,3,4.074319,167.063652,1.018953,"[-5.190702, 11.818477]","[-4.211403, 7.55506]","[""893d4535-3169-4907-a93a-b3ab8f66ec1c::ceiling-raw::0:6:0"", ""893d4535-3169-4907-a93a-b3ab8f66ec1c::ceiling-raw::0:9:0""]"
893d4535-3169-4907-a93a-b3ab8f66ec1c,0,893d4535-3169-4907-a93a-b3ab8f66ec1c::eave-chain::0:18,1,2.763739,76.8256,1.0412,"[-0.4304, 9.8704]","[2.2606, 10.5003]","[""893d4535-3169-4907-a93a-b3ab8f66ec1c::ceiling-raw::0:7:0""]"
893d4535-3169-4907-a93a-b3ab8f66ec1c,0,893d4535-3169-4907-a93a-b3ab8f66ec1c::eave-chain::0:19,1,3.186163,76.825174,0.9631,"[0.6195, 4.9444]","[-2.4828, 4.2182]","[""893d4535-3169-4907-a93a-b3ab8f66ec1c::ceiling-raw::0:8:0""]"
893d4535-3169-4907-a93a-b3ab8f66ec1c,0,893d4535-3169-4907-a93a-b3ab8f66ec1c::eave-chain::0:20,1,2.433418,83.300205,1.0308,"[-4.2478, 7.5467]","[-1.831, 7.8306]","[""893d4535-3169-4907-a93a-b3ab8f66ec1c::ceiling-raw::0:9:0""]"
8ab161a4-c958-49c9-8ca8-7a997292d52f,0,8ab161a4-c958-49c9-8ca8-7a997292d52f::eave-chain::0:0,2,3.274644,130.999345,1.184959,"[5.43368, -0.302993]","[2.891452, 1.906881]","[""8ab161a4-c958-49c9-8ca8-7a997292d52f::ceiling-raw::0:0:0"", ""8ab161a4-c958-49c9-8ca8-7a997292d52f::ceiling-raw::0:1:0""]"
8ab161a4-c958-49c9-8ca8-7a997292d52f,0,8ab161a4-c958-49c9-8ca8-7a997292d52f::eave-chain::0:1,3,6.187642,41.319103,1.145581,"[0.646866, -2.552652]","[3.849159, 1.089991]","[""8ab161a4-c958-49c9-8ca8-7a997292d52f::ceiling-raw::0:0:0"", ""8ab161a4-c958-49c9-8ca8-7a997292d52f::ceiling-raw::0:1:0""]"
8ab161a4-c958-49c9-8ca8-7a997292d52f,0,8ab161a4-c958-49c9-8ca8-7a997292d52f::eave-chain::0:2,2,2.740185,132.448936,1.19832,"[2.986114, 0.015787]","[4.531436, -1.397708]","[""8ab161a4-c958-49c9-8ca8-7a997292d52f::ceiling-raw::0:0:1"", ""8ab161a4-c958-49c9-8ca8-7a997292d52f::ceiling-raw::0:1:0""]"
8ab161a4-c958-49c9-8ca8-7a997292d52f,0,8ab161a4-c958-49c9-8ca8-7a997292d52f::eave-chain::0:3,1,1.336706,40.71334,1.1956,"[4.5616, -1.3164]","[5.4335, -0.3032]","[""8ab161a4-c958-49c9-8ca8-7a997292d52f::ceiling-raw::0:1:0""]"
8ab161a4-c958-49c9-8ca8-7a997292d52f,0,8ab161a4-c958-49c9-8ca8-7a997292d52f::eave-chain::0:4,3,5.342868,130.787543,1.115094,"[-3.55477, 1.069259]","[0.646805, -2.555849]","[""8ab161a4-c958-49c9-8ca8-7a997292d52f::ceiling-raw::0:0:0"", ""8ab161a4-c958-49c9-8ca8-7a997292d52f::ceiling-raw::0:4:0"", ""8ab161a4-c958-49c9-8ca8-7a997292d52f::ceiling-raw::0:5:0""]"
8ab161a4-c958-49c9-8ca8-7a997292d52f,0,8ab161a4-c958-49c9-8ca8-7a997292d52f::eave-chain::0:5,2,6.432792,40.702655,1.120469,"[-1.954548, -0.319654]","[0.155928, 2.133771]","[""8ab161a4-c958-49c9-8ca8-7a997292d52f::ceiling-raw::0:4:0"", ""8ab161a4-c958-49c9-8ca8-7a997292d52f::ceiling-raw::0:5:0""]"
8ab161a4-c958-49c9-8ca8-7a997292d52f,0,8ab161a4-c958-49c9-8ca8-7a997292d52f::eave-chain::0:6,2,4.131015,131.118245,1.120491,"[1.739978, 0.731646]","[-1.449468, 3.515766]","[""8ab161a4-c958-49c9-8ca8-7a997292d52f::ceiling-raw::0:4:0"", ""8ab161a4-c958-49c9-8ca8-7a997292d52f::ceiling-raw::0:5:0""]"
8ab161a4-c958-49c9-8ca8-7a997292d52f,0,8ab161a4-c958-49c9-8ca8-7a997292d52f::eave-chain::0:7,1,3.225654,40.713039,1.1099,"[-1.4497, 3.5155]","[-3.5537, 1.0705]","[""8ab161a4-c958-49c9-8ca8-7a997292d52f::ceiling-raw::0:4:0""]"
8ab161a4-c958-49c9-8ca8-7a997292d52f,0,8ab161a4-c958-49c9-8ca8-7a997292d52f::eave-chain::0:8,3,8.050123,41.254134,1.131486,"[2.880362, 1.91488]","[-0.316525, -1.72994]","[""8ab161a4-c958-49c9-8ca8-7a997292d52f::ceiling-raw::0:0:0"", ""8ab161a4-c958-49c9-8ca8-7a997292d52f::ceiling-raw::0:5:0""]"
8ab161a4-c958-49c9-8ca8-7a997292d52f,0,8ab161a4-c958-49c9-8ca8-7a997292d52f::eave-chain::0:9,1,0.915048,130.741201,0.8106,"[3.542, -0.5969]","[2.8487, 0.0003]","[""8ab161a4-c958-49c9-8ca8-7a997292d52f::ceiling-raw::0:0:2""]"
8b723372-749f-4992-a044-d62bb99b84cc,0,8b723372-749f-4992-a044-d62bb99b84cc::eave-chain::0:0,2,5.327317,90.388417,-1.552367,"[-1.636693, -0.339108]","[1.048804, -0.357314]","[""8b723372-749f-4992-a044-d62bb99b84cc::ceiling-raw::0:0:0"", ""8b723372-749f-4992-a044-d62bb99b84cc::ceiling-raw::0:3:0""]"
8b723372-749f-4992-a044-d62bb99b84cc,0,8b723372-749f-4992-a044-d62bb99b84cc::eave-chain::0:1,2,6.36254,0.012827,-1.552499,"[-1.615633, 2.8552]","[-1.61707, -3.5649]","[""8b723372-749f-4992-a044-d62bb99b84cc::ceiling-raw::0:0:0"", ""8b723372-749f-4992-a044-d62bb99b84cc::ceiling-raw::0:3:0""]"
8b723372-749f-4992-a044-d62bb99b84cc,0,8b723372-749f-4992-a044-d62bb99b84cc::eave-chain::0:2,1,2.641658,90.379566,-1.5626,"[-1.6173, -3.5649]","[1.0243, -3.5824]","[""8b723372-749f-4992-a044-d62bb99b84cc::ceiling-raw::0:0:0""]"
8b723372-749f-4992-a044-d62bb99b84cc,0,8b723372-749f-4992-a044-d62bb99b84cc::eave-chain::0:3,2,6.362541,0.40899,-1.552499,"[1.024282, -3.5824]","[1.070108, 2.8374]","[""8b723372-749f-4992-a044-d62bb99b84cc::ceiling-raw::0:0:0"", ""8b723372-749f-4992-a044-d62bb99b84cc::ceiling-raw::0:3:0""]"
8b723372-749f-4992-a044-d62bb99b84cc,0,8b723372-749f-4992-a044-d62bb99b84cc::eave-chain::0:4,1,2.685659,90.379748,-1.5423,"[1.0701, 2.8374]","[-1.6155, 2.8552]","[""8b723372-749f-4992-a044-d62bb99b84cc::ceiling-raw::0:3:0""]"
8b723372-749f-4992-a044-d62bb99b84cc,0,8b723372-749f-4992-a044-d62bb99b84cc::eave-chain::0:5,1,1.33503,90.381966,-1.1764,"[-1.6217, 2.8393]","[-2.9567, 2.8482]","[""8b723372-749f-4992-a044-d62bb99b84cc::ceiling-raw::0:4:0""]"
8b723372-749f-4992-a044-d62bb99b84cc,0,8b723372-749f-4992-a044-d62bb99b84cc::eave-chain::0:6,1,2.160048,0.381966,-1.1764,"[-1.6361, 0.6793]","[-1.6217, 2.8393]","[""8b723372-749f-4992-a044-d62bb99b84cc::ceiling-raw::0:4:0""]"
8b723372-749f-4992-a044-d62bb99b84cc,0,8b723372-749f-4992-a044-d62bb99b84cc::eave-chain::0:7,1,2.28035,90.379403,-1.6699,"[-4.3756, 2.8472]","[-6.6559, 2.8623]","[""8b723372-749f-4992-a044-d62bb99b84cc::ceiling-raw::0:5:0""]"
8b723372-749f-4992-a044-d62bb99b84cc,0,8b723372-749f-4992-a044-d62bb99b84cc::eave-chain::0:8,1,1.860441,0.378804,-1.6699,"[-6.6559, 2.8623]","[-6.6682, 1.0019]","[""8b723372-749f-4992-a044-d62bb99b84cc::ceiling-raw::0:5:0""]"
8b723372-749f-4992-a044-d62bb99b84cc,0,8b723372-749f-4992-a044-d62bb99b84cc::eave-chain::0:9,1,2.28025,90.37942,-1.6699,"[-6.6682, 1.0019]","[-4.388, 0.9868]","[""8b723372-749f-4992-a044-d62bb99b84cc::ceiling-raw::0:5:0""]"
8b723372-749f-4992-a044-d62bb99b84cc,1,8b723372-749f-4992-a044-d62bb99b84cc::eave-chain::1:0,1,3.843068,89.221731,1.0489,"[-6.6926, 0.5382]","[-2.8499, 0.5904]","[""8b723372-749f-4992-a044-d62bb99b84cc::ceiling-raw::1:6:1""]"
8b723372-749f-4992-a044-d62bb99b84cc,1,8b723372-749f-4992-a044-d62bb99b84cc::eave-chain::1:1,1,3.842841,89.545246,-0.2929,"[-2.8557, 1.8657]","[-6.6984, 1.8352]","[""8b723372-749f-4992-a044-d62bb99b84cc::ceiling-raw::1:6:1""]"
8b723372-749f-4992-a044-d62bb99b84cc,1,8b723372-749f-4992-a044-d62bb99b84cc::eave-chain::1:2,1,0.780015,89.662106,0.205,"[-5.6217, -2.725]","[-4.8417, -2.7204]","[""8b723372-749f-4992-a044-d62bb99b84cc::ceiling-raw::1:7:1""]"
8b723372-749f-4992-a044-d62bb99b84cc,1,8b723372-749f-4992-a044-d62bb99b84cc::eave-chain::1:3,1,1.755099,89.392785,1.0862,"[-4.8478, -1.3778]","[-6.6028, -1.3964]","[""8b723372-749f-4992-a044-d62bb99b84cc::ceiling-raw::1:7:1""]"
8b723372-749f-4992-a044-d62bb99b84cc,1,8b723372-749f-4992-a044-d62bb99b84cc::eave-chain::1:4,4,6.947086,89.778538,-0.333328,"[-6.596701, -2.72866]","[1.186003, -2.698578]","[""8b723372-749f-4992-a044-d62bb99b84cc::ceiling-raw::1:7:2"", ""8b723372-749f-4992-a044-d62bb99b84cc::ceiling-raw::1:7:3"", ""8b723372-749f-4992-a044-d62bb99b84cc::ceiling-raw::1:8:3"", ""8b723372-749f-4992-a044-d62bb99b84cc::ceiling-raw::1:8:8""]"
8b723372-749f-4992-a044-d62bb99b84cc,1,8b723372-749f-4992-a044-d62bb99b84cc::eave-chain::1:5,1,1.263619,90.03174,-1.07065,"[-1.6174, 2.6521]","[-2.881, 2.6528]","[""8b723372-749f-4992-a044-d62bb99b84cc::ceiling-raw::1:8:2""]"
8b723372-749f-4992-a044-d62bb99b84cc,1,8b723372-749f-4992-a044-d62bb99b84cc::eave-chain::1:6,1,2.795706,83.718199,1.8947,"[1.1725, -0.3475]","[-1.6064, -0.6534]","[""8b723372-749f-4992-a044-d62bb99b84cc::ceiling-raw::1:8:4""]"
8b723372-749f-4992-a044-d62bb99b84cc,1,8b723372-749f-4992-a044-d62bb99b84cc::eave-chain::1:7,1,2.779129,89.740232,-0.3699,"[1.1652, 1.8892]","[-1.6139, 1.8766]","[""8b723372-749f-4992-a044-d62bb99b84cc::ceiling-raw::1:8:5""]"
8b723372-749f-4992-a044-d62bb99b84cc,1,8b723372-749f-4992-a044-d62bb99b84cc::eave-chain::1:8,1,2.815271,98.936018,1.9272,"[-1.6057, 0.0629]","[1.1754, -0.3744]","[""8b723372-749f-4992-a044-d62bb99b84cc::ceiling-raw::1:8:6""]"
8e7e69b2-e1db-4482-8f21-93be6904a5f1,0,8e7e69b2-e1db-4482-8f21-93be6904a5f1::eave-chain::0:0,1,3.271865,6.489678,-1.7512,"[-7.3954, 12.8863]","[-7.7652, 9.6354]","[""8e7e69b2-e1db-4482-8f21-93be6904a5f1::ceiling-raw::0:1:0""]"
8e7e69b2-e1db-4482-8f21-93be6904a5f1,0,8e7e69b2-e1db-4482-8f21-93be6904a5f1::eave-chain::0:1,2,8.296482,44.421807,-1.7512,"[-7.7652, 9.6354]","[-4.8617, 12.5981]","[""8e7e69b2-e1db-4482-8f21-93be6904a5f1::ceiling-raw::0:1:0"", ""8e7e69b2-e1db-4482-8f21-93be6904a5f1::ceiling-raw::0:1:1""]"
8e7e69b2-e1db-4482-8f21-93be6904a5f1,0,8e7e69b2-e1db-4482-8f21-93be6904a5f1::eave-chain::0:2,2,5.077537,96.489851,-1.7512,"[-2.350399, 12.312412]","[-7.395399, 12.886312]","[""8e7e69b2-e1db-4482-8f21-93be6904a5f1::ceiling-raw::0:1:0"", ""8e7e69b2-e1db-4482-8f21-93be6904a5f1::ceiling-raw::0:1:5""]"
8e7e69b2-e1db-4482-8f21-93be6904a5f1,0,8e7e69b2-e1db-4482-8f21-93be6904a5f1::eave-chain::0:3,1,1.175537,6.491439,-1.2412,"[-7.9589, 7.9325]","[-8.0918, 6.7645]","[""8e7e69b2-e1db-4482-8f21-93be6904a5f1::ceiling-raw::0:1:2""]"
8e7e69b2-e1db-4482-8f21-93be6904a5f1,0,8e7e69b2-e1db-4482-8f21-93be6904a5f1::eave-chain::0:4,2,6.161283,6.489912,-1.7512,"[-3.046793, 6.190599]","[-2.350394, 12.312399]","[""8e7e69b2-e1db-4482-8f21-93be6904a5f1::ceiling-raw::0:1:2"", ""8e7e69b2-e1db-4482-8f21-93be6904a5f1::ceiling-raw::0:1:5""]"
8e7e69b2-e1db-4482-8f21-93be6904a5f1,0,8e7e69b2-e1db-4482-8f21-93be6904a5f1::eave-chain::0:5,2,8.268872,148.804043,-1.7512,"[-4.8617, 12.5981]","[-2.7202, 9.0615]","[""8e7e69b2-e1db-4482-8f21-93be6904a5f1::ceiling-raw::0:1:5"", ""8e7e69b2-e1db-4482-8f21-93be6904a5f1::ceiling-raw::0:1:6""]"
8e7e69b2-e1db-4482-8f21-93be6904a5f1,1,8e7e69b2-e1db-4482-8f21-93be6904a5f1::eave-chain::1:0,1,5.129366,94.521901,1.0411,"[-2.5201, 12.3972]","[-7.6335, 12.8016]","[""8e7e69b2-e1db-4482-8f21-93be6904a5f1::ceiling-raw::1:2:0""]"
8e7e69b2-e1db-4482-8f21-93be6904a5f1,1,8e7e69b2-e1db-4482-8f21-93be6904a5f1::eave-chain::1:1,1,5.268801,4.521976,1.0411,"[-7.6335, 12.8016]","[-8.0489, 7.5492]","[""8e7e69b2-e1db-4482-8f21-93be6904a5f1::ceiling-raw::1:2:0""]"
8e7e69b2-e1db-4482-8f21-93be6904a5f1,1,8e7e69b2-e1db-4482-8f21-93be6904a5f1::eave-chain::1:2,1,2.410799,94.520286,1.0411,"[-8.0489, 7.5492]","[-5.6456, 7.3592]","[""8e7e69b2-e1db-4482-8f21-93be6904a5f1::ceiling-raw::1:2:0""]"
8e7e69b2-e1db-4482-8f21-93be6904a5f1,1,8e7e69b2-e1db-4482-8f21-93be6904a5f1::eave-chain::1:3,2,4.874979,4.44663,1.056034,"[0.434729, 5.754439]","[0.202179, 2.764014]","[""8e7e69b2-e1db-4482-8f21-93be6904a5f1::ceiling-raw::1:2:0"", ""8e7e69b2-e1db-4482-8f21-93be6904a5f1::ceiling-raw::1:7:0""]"
8e7e69b2-e1db-4482-8f21-93be6904a5f1,1,8e7e69b2-e1db-4482-8f21-93be6904a5f1::eave-chain::1:4,1,3.463384,94.522668,1.0411,"[0.4288, 5.7549]","[-3.0238, 6.028]","[""8e7e69b2-e1db-4482-8f21-93be6904a5f1::ceiling-raw::1:2:0""]"
8e7e69b2-e1db-4482-8f21-93be6904a5f1,1,8e7e69b2-e1db-4482-8f21-93be6904a5f1::eave-chain::1:5,1,6.389086,4.521752,1.0411,"[-3.0238, 6.028]","[-2.5201, 12.3972]","[""8e7e69b2-e1db-4482-8f21-93be6904a5f1::ceiling-raw::1:2:0""]"
8e7e69b2-e1db-4482-8f21-93be6904a5f1,1,8e7e69b2-e1db-4482-8f21-93be6904a5f1::eave-chain::1:6,1,2.354933,94.522797,1.0188,"[-5.7936, 6.2487]","[-8.1412, 6.4344]","[""8e7e69b2-e1db-4482-8f21-93be6904a5f1::ceiling-raw::1:3:0""]"
8e7e69b2-e1db-4482-8f21-93be6904a5f1,1,8e7e69b2-e1db-4482-8f21-93be6904a5f1::eave-chain::1:7,1,2.206172,4.523595,1.0188,"[-8.1412, 6.4344]","[-8.3152, 4.2351]","[""8e7e69b2-e1db-4482-8f21-93be6904a5f1::ceiling-raw::1:3:0""]"
8e7e69b2-e1db-4482-8f21-93be6904a5f1,1,8e7e69b2-e1db-4482-8f21-93be6904a5f1::eave-chain::1:8,2,4.039675,95.039557,1.01242,"[-8.320063, 4.179957]","[-5.974229, 3.973091]","[""8e7e69b2-e1db-4482-8f21-93be6904a5f1::ceiling-raw::1:3:0"", ""8e7e69b2-e1db-4482-8f21-93be6904a5f1::ceiling-raw::1:4:0""]"
8e7e69b2-e1db-4482-8f21-93be6904a5f1,1,8e7e69b2-e1db-4482-8f21-93be6904a5f1::eave-chain::1:9,2,7.05726,94.805345,1.039661,"[-3.058645, 2.431594]","[-8.412312, 2.881656]","[""8e7e69b2-e1db-4482-8f21-93be6904a5f1::ceiling-raw::1:4:0"", ""8e7e69b2-e1db-4482-8f21-93be6904a5f1::ceiling-raw::1:5:0""]"
8e7e69b2-e1db-4482-8f21-93be6904a5f1,1,8e7e69b2-e1db-4482-8f21-93be6904a5f1::eave-chain::1:10,1,1.197626,4.520891,1.0035,"[-7.7069, 4.052]","[-7.8013, 2.8581]","[""8e7e69b2-e1db-4482-8f21-93be6904a5f1::ceiling-raw::1:4:0""]"
8e7e69b2-e1db-4482-8f21-93be6904a5f1,1,8e7e69b2-e1db-4482-8f21-93be6904a5f1::eave-chain::1:11,4,11.819786,94.656986,1.072928,"[-8.624982, 0.195288]","[3.457689, -0.788957]","[""8e7e69b2-e1db-4482-8f21-93be6904a5f1::ceiling-raw::1:5:0"", ""8e7e69b2-e1db-4482-8f21-93be6904a5f1::ceiling-raw::1:6:0"", ""8e7e69b2-e1db-4482-8f21-93be6904a5f1::ceiling-raw::1:8:0"", ""8e7e69b2-e1db-4482-8f21-93be6904a5f1::ceiling-raw::1:9:0""]"
8e7e69b2-e1db-4482-8f21-93be6904a5f1,1,8e7e69b2-e1db-4482-8f21-93be6904a5f1::eave-chain::1:12,2,6.836274,4.844001,1.063252,"[-2.878766, 3.911655]","[-3.232385, -0.261052]","[""8e7e69b2-e1db-4482-8f21-93be6904a5f1::ceiling-raw::1:5:0"", ""8e7e69b2-e1db-4482-8f21-93be6904a5f1::ceiling-raw::1:6:0""]"
8e7e69b2-e1db-4482-8f21-93be6904a5f1,1,8e7e69b2-e1db-4482-8f21-93be6904a5f1::eave-chain::1:13,1,2.648543,4.52165,1.051,"[-8.4161, 2.8366]","[-8.6249, 0.1963]","[""8e7e69b2-e1db-4482-8f21-93be6904a5f1::ceiling-raw::1:5:0""]"
8e7e69b2-e1db-4482-8f21-93be6904a5f1,1,8e7e69b2-e1db-4482-8f21-93be6904a5f1::eave-chain::1:14,2,3.932338,4.444465,1.083632,"[-1.424168, -0.404397]","[-1.265807, 1.633016]","[""8e7e69b2-e1db-4482-8f21-93be6904a5f1::ceiling-raw::1:6:0"", ""8e7e69b2-e1db-4482-8f21-93be6904a5f1::ceiling-raw::1:9:0""]"
8e7e69b2-e1db-4482-8f21-93be6904a5f1,1,8e7e69b2-e1db-4482-8f21-93be6904a5f1::eave-chain::1:15,2,5.835259,94.80124,1.079401,"[0.205207, 2.736302]","[3.728567, 2.44036]","[""8e7e69b2-e1db-4482-8f21-93be6904a5f1::ceiling-raw::1:7:0"", ""8e7e69b2-e1db-4482-8f21-93be6904a5f1::ceiling-raw::1:8:0""]"
8e7e69b2-e1db-4482-8f21-93be6904a5f1,1,8e7e69b2-e1db-4482-8f21-93be6904a5f1::eave-chain::1:16,2,6.172319,4.667645,1.083643,"[3.457142, -0.792479]","[3.965513, 5.434007]","[""8e7e69b2-e1db-4482-8f21-93be6904a5f1::ceiling-raw::1:7:0"", ""8e7e69b2-e1db-4482-8f21-93be6904a5f1::ceiling-raw::1:8:0""]"
8e7e69b2-e1db-4482-8f21-93be6904a5f1,1,8e7e69b2-e1db-4482-8f21-93be6904a5f1::eave-chain::1:17,1,3.535721,94.481977,0.8872,"[4.0099, 5.9953]","[0.485, 6.2716]","[""8e7e69b2-e1db-4482-8f21-93be6904a5f1::ceiling-raw::1:7:1""]"
8e7e69b2-e1db-4482-8f21-93be6904a5f1,1,8e7e69b2-e1db-4482-8f21-93be6904a5f1::eave-chain::1:18,2,5.102676,5.052842,1.098812,"[1.382935, 2.595745]","[1.099885, -0.605525]","[""8e7e69b2-e1db-4482-8f21-93be6904a5f1::ceiling-raw::1:8:0"", ""8e7e69b2-e1db-4482-8f21-93be6904a5f1::ceiling-raw::1:9:0""]"
8fc0de5f-99be-4295-b529-d389a4670a8f,0,8fc0de5f-99be-4295-b529-d389a4670a8f::eave-chain::0:0,4,8.608112,90.460425,1.040614,"[-8.456443, -7.336588]","[0.9249, -7.411977]","[""8fc0de5f-99be-4295-b529-d389a4670a8f::ceiling-raw::0:0:0"", ""8fc0de5f-99be-4295-b529-d389a4670a8f::ceiling-raw::0:2:0"", ""8fc0de5f-99be-4295-b529-d389a4670a8f::ceiling-raw::0:3:0"", ""8fc0de5f-99be-4295-b529-d389a4670a8f::ceiling-raw::0:4:0""]"
8fc0de5f-99be-4295-b529-d389a4670a8f,0,8fc0de5f-99be-4295-b529-d389a4670a8f::eave-chain::0:1,1,3.411718,1.17565,1.0231,"[-5.6859, -7.413]","[-5.6159, -4.002]","[""8fc0de5f-99be-4295-b529-d389a4670a8f::ceiling-raw::0:0:0""]"
8fc0de5f-99be-4295-b529-d389a4670a8f,0,8fc0de5f-99be-4295-b529-d389a4670a8f::eave-chain::0:2,2,7.08679,90.865505,0.989,"[-8.386126, -3.907197]","[-4.062511, -3.972514]","[""8fc0de5f-99be-4295-b529-d389a4670a8f::ceiling-raw::0:0:0"", ""8fc0de5f-99be-4295-b529-d389a4670a8f::ceiling-raw::0:1:0""]"
8fc0de5f-99be-4295-b529-d389a4670a8f,0,8fc0de5f-99be-4295-b529-d389a4670a8f::eave-chain::0:3,2,9.854271,1.220465,0.986488,"[-8.243951, 2.59109]","[-8.455869, -7.356116]","[""8fc0de5f-99be-4295-b529-d389a4670a8f::ceiling-raw::0:0:0"", ""8fc0de5f-99be-4295-b529-d389a4670a8f::ceiling-raw::0:1:0""]"
8fc0de5f-99be-4295-b529-d389a4670a8f,0,8fc0de5f-99be-4295-b529-d389a4670a8f::eave-chain::0:4,2,9.720745,1.209089,0.966493,"[-4.040859, -3.939146]","[-3.904912, 2.502073]","[""8fc0de5f-99be-4295-b529-d389a4670a8f::ceiling-raw::0:1:0"", ""8fc0de5f-99be-4295-b529-d389a4670a8f::ceiling-raw::0:5:0""]"
8fc0de5f-99be-4295-b529-d389a4670a8f,0,8fc0de5f-99be-4295-b529-d389a4670a8f::eave-chain::0:5,1,4.315408,91.175099,0.9671,"[-3.9299, 2.5026]","[-8.2444, 2.5911]","[""8fc0de5f-99be-4295-b529-d389a4670a8f::ceiling-raw::0:1:0""]"
8fc0de5f-99be-4295-b529-d389a4670a8f,0,8fc0de5f-99be-4295-b529-d389a4670a8f::eave-chain::0:6,2,6.811533,1.211042,1.04279,"[-2.709752, -7.391157]","[-2.635928, -3.898943]","[""8fc0de5f-99be-4295-b529-d389a4670a8f::ceiling-raw::0:2:0"", ""8fc0de5f-99be-4295-b529-d389a4670a8f::ceiling-raw::0:4:0""]"
8fc0de5f-99be-4295-b529-d389a4670a8f,0,8fc0de5f-99be-4295-b529-d389a4670a8f::eave-chain::0:7,1,3.426121,1.175725,1.0412,"[-5.0031, -3.9172]","[-5.0734, -7.3426]","[""8fc0de5f-99be-4295-b529-d389a4670a8f::ceiling-raw::0:2:0""]"
8fc0de5f-99be-4295-b529-d389a4670a8f,0,8fc0de5f-99be-4295-b529-d389a4670a8f::eave-chain::0:8,3,8.567115,1.408966,1.033209,"[0.921051, -7.48662]","[1.134212, 1.179833]","[""8fc0de5f-99be-4295-b529-d389a4670a8f::ceiling-raw::0:3:0"", ""8fc0de5f-99be-4295-b529-d389a4670a8f::ceiling-raw::0:6:0"", ""8fc0de5f-99be-4295-b529-d389a4670a8f::ceiling-raw::0:7:0""]"
8fc0de5f-99be-4295-b529-d389a4670a8f,0,8fc0de5f-99be-4295-b529-d389a4670a8f::eave-chain::0:9,2,4.530655,91.167863,1.07565,"[-1.262206, -3.965381]","[1.017905, -4.011863]","[""8fc0de5f-99be-4295-b529-d389a4670a8f::ceiling-raw::0:3:0"", ""8fc0de5f-99be-4295-b529-d389a4670a8f::ceiling-raw::0:6:0""]"
8fc0de5f-99be-4295-b529-d389a4670a8f,0,8fc0de5f-99be-4295-b529-d389a4670a8f::eave-chain::0:10,4,15.127978,1.263336,1.015594,"[-1.372681, -7.439536]","[-1.182183, 1.198643]","[""8fc0de5f-99be-4295-b529-d389a4670a8f::ceiling-raw::0:3:0"", ""8fc0de5f-99be-4295-b529-d389a4670a8f::ceiling-raw::0:4:0"", ""8fc0de5f-99be-4295-b529-d389a4670a8f::ceiling-raw::0:5:0"", ""8fc0de5f-99be-4295-b529-d389a4670a8f::ceiling-raw::0:7:0""]"
8fc0de5f-99be-4295-b529-d389a4670a8f,0,8fc0de5f-99be-4295-b529-d389a4670a8f::eave-chain::0:11,3,4.945265,90.687202,0.969461,"[1.139653, 1.184111]","[-3.90922, 1.244669]","[""8fc0de5f-99be-4295-b529-d389a4670a8f::ceiling-raw::0:5:0"", ""8fc0de5f-99be-4295-b529-d389a4670a8f::ceiling-raw::0:7:0""]"
8fc0de5f-99be-4295-b529-d389a4670a8f,0,8fc0de5f-99be-4295-b529-d389a4670a8f::eave-chain::0:12,2,4.531804,91.457168,1.033268,"[1.055871, -2.169003]","[-1.219949, -2.111111]","[""8fc0de5f-99be-4295-b529-d389a4670a8f::ceiling-raw::0:6:0"", ""8fc0de5f-99be-4295-b529-d389a4670a8f::ceiling-raw::0:7:0""]"
90683bb0-28ca-42a8-82b8-09d82cd434d5,0,90683bb0-28ca-42a8-82b8-09d82cd434d5::eave-chain::0:0,2,3.677241,162.804465,-4.332152,"[1.116589, 1.693131]","[1.682159, -0.134434]","[""90683bb0-28ca-42a8-82b8-09d82cd434d5::ceiling-raw::0:1:0"", ""90683bb0-28ca-42a8-82b8-09d82cd434d5::ceiling-raw::0:2:0""]"
90683bb0-28ca-42a8-82b8-09d82cd434d5,0,90683bb0-28ca-42a8-82b8-09d82cd434d5::eave-chain::0:1,2,7.249883,71.920202,-4.332642,"[4.500266, 2.74059]","[-2.415225, 0.482958]","[""90683bb0-28ca-42a8-82b8-09d82cd434d5::ceiling-raw::0:1:0"", ""90683bb0-28ca-42a8-82b8-09d82cd434d5::ceiling-raw::0:2:0""]"
90683bb0-28ca-42a8-82b8-09d82cd434d5,0,90683bb0-28ca-42a8-82b8-09d82cd434d5::eave-chain::0:2,2,4.859696,163.52349,-4.330436,"[-2.420448, 0.482337]","[-1.031023, -4.215353]","[""90683bb0-28ca-42a8-82b8-09d82cd434d5::ceiling-raw::0:1:0"", ""90683bb0-28ca-42a8-82b8-09d82cd434d5::ceiling-raw::0:2:0""]"
90683bb0-28ca-42a8-82b8-09d82cd434d5,0,90683bb0-28ca-42a8-82b8-09d82cd434d5::eave-chain::0:3,2,7.52753,72.786884,-4.332363,"[1.688133, -0.112184]","[-1.9494, -1.239101]","[""90683bb0-28ca-42a8-82b8-09d82cd434d5::ceiling-raw::0:1:0"", ""90683bb0-28ca-42a8-82b8-09d82cd434d5::ceiling-raw::0:2:0""]"
90683bb0-28ca-42a8-82b8-09d82cd434d5,0,90683bb0-28ca-42a8-82b8-09d82cd434d5::eave-chain::0:4,1,7.338322,72.791017,-4.3251,"[-1.0278, -4.2144]","[5.982, -2.0433]","[""90683bb0-28ca-42a8-82b8-09d82cd434d5::ceiling-raw::0:2:0""]"
90683bb0-28ca-42a8-82b8-09d82cd434d5,0,90683bb0-28ca-42a8-82b8-09d82cd434d5::eave-chain::0:5,1,5.008644,162.790375,-4.3251,"[5.982, -2.0433]","[4.5001, 2.7411]","[""90683bb0-28ca-42a8-82b8-09d82cd434d5::ceiling-raw::0:2:0""]"
90683bb0-28ca-42a8-82b8-09d82cd434d5,1,90683bb0-28ca-42a8-82b8-09d82cd434d5::eave-chain::1:0,2,9.772031,163.306709,-1.6183,"[2.5139, 2.1133]","[3.9174, -2.5668]","[""90683bb0-28ca-42a8-82b8-09d82cd434d5::ceiling-raw::1:0:0"", ""90683bb0-28ca-42a8-82b8-09d82cd434d5::ceiling-raw::1:0:4""]"
90683bb0-28ca-42a8-82b8-09d82cd434d5,1,90683bb0-28ca-42a8-82b8-09d82cd434d5::eave-chain::1:1,3,7.495786,73.307176,-1.6183,"[-1.105302, -4.072993]","[6.0746, -1.919899]","[""90683bb0-28ca-42a8-82b8-09d82cd434d5::ceiling-raw::1:0:0"", ""90683bb0-28ca-42a8-82b8-09d82cd434d5::ceiling-raw::1:0:1"", ""90683bb0-28ca-42a8-82b8-09d82cd434d5::ceiling-raw::1:0:3""]"
90683bb0-28ca-42a8-82b8-09d82cd434d5,1,90683bb0-28ca-42a8-82b8-09d82cd434d5::eave-chain::1:2,1,4.886111,163.307046,-1.6183,"[6.0746, -1.9199]","[4.6711, 2.7603]","[""90683bb0-28ca-42a8-82b8-09d82cd434d5::ceiling-raw::1:0:0""]"
90683bb0-28ca-42a8-82b8-09d82cd434d5,1,90683bb0-28ca-42a8-82b8-09d82cd434d5::eave-chain::1:3,1,2.252137,73.304655,-1.6183,"[4.6711, 2.7603]","[2.5139, 2.1133]","[""90683bb0-28ca-42a8-82b8-09d82cd434d5::ceiling-raw::1:0:0""]"
90683bb0-28ca-42a8-82b8-09d82cd434d5,1,90683bb0-28ca-42a8-82b8-09d82cd434d5::eave-chain::1:4,1,2.009139,156.236723,-1.6183,"[1.2283, -0.3708]","[0.4187, 1.468]","[""90683bb0-28ca-42a8-82b8-09d82cd434d5::ceiling-raw::1:0:1""]"
90683bb0-28ca-42a8-82b8-09d82cd434d5,1,90683bb0-28ca-42a8-82b8-09d82cd434d5::eave-chain::1:5,1,3.051395,73.306871,-1.6183,"[0.4187, 1.468]","[-2.5041, 0.5915]","[""90683bb0-28ca-42a8-82b8-09d82cd434d5::ceiling-raw::1:0:1""]"
90683bb0-28ca-42a8-82b8-09d82cd434d5,1,90683bb0-28ca-42a8-82b8-09d82cd434d5::eave-chain::1:6,1,4.869723,163.306954,-1.6183,"[-2.5041, 0.5915]","[-1.1053, -4.073]","[""90683bb0-28ca-42a8-82b8-09d82cd434d5::ceiling-raw::1:0:1""]"
90683bb0-28ca-42a8-82b8-09d82cd434d5,1,90683bb0-28ca-42a8-82b8-09d82cd434d5::eave-chain::1:7,2,4.020418,163.307581,-1.4169,"[1.7396, -0.2175]","[1.1622, 1.708]","[""90683bb0-28ca-42a8-82b8-09d82cd434d5::ceiling-raw::1:0:2"", ""90683bb0-28ca-42a8-82b8-09d82cd434d5::ceiling-raw::1:0:4""]"
90683bb0-28ca-42a8-82b8-09d82cd434d5,2,90683bb0-28ca-42a8-82b8-09d82cd434d5::eave-chain::2:0,1,1.237332,162.124431,-0.3937,"[-0.5148, -2.624]","[-0.135, -3.8016]","[""90683bb0-28ca-42a8-82b8-09d82cd434d5::ceiling-raw::2:3:5""]"
90683bb0-28ca-42a8-82b8-09d82cd434d5,2,90683bb0-28ca-42a8-82b8-09d82cd434d5::eave-chain::2:1,2,4.441038,162.299168,1.03852,"[-0.141971, 1.320826]","[0.552031, -0.853663]","[""90683bb0-28ca-42a8-82b8-09d82cd434d5::ceiling-raw::2:3:7"", ""90683bb0-28ca-42a8-82b8-09d82cd434d5::ceiling-raw::2:4:0""]"
90683bb0-28ca-42a8-82b8-09d82cd434d5,2,90683bb0-28ca-42a8-82b8-09d82cd434d5::eave-chain::2:2,1,3.663734,162.586828,2.1934,"[2.0706, -1.815]","[0.9742, 1.6808]","[""90683bb0-28ca-42a8-82b8-09d82cd434d5::ceiling-raw::2:3:7""]"
90683bb0-28ca-42a8-82b8-09d82cd434d5,2,90683bb0-28ca-42a8-82b8-09d82cd434d5::eave-chain::2:3,1,2.15848,162.398627,-0.4054,"[-1.5158, 0.818]","[-0.8631, -1.2394]","[""90683bb0-28ca-42a8-82b8-09d82cd434d5::ceiling-raw::2:4:0""]"
91f66e67-37e3-4cc9-9815-a4ce71c56a0a,0,91f66e67-37e3-4cc9-9815-a4ce71c56a0a::eave-chain::0:0,1,1.116508,14.773078,0.8136,"[-3.299, -10.0513]","[-3.0143, -8.9717]","[""91f66e67-37e3-4cc9-9815-a4ce71c56a0a::ceiling-raw::0:0:0""]"
91f66e67-37e3-4cc9-9815-a4ce71c56a0a,0,91f66e67-37e3-4cc9-9815-a4ce71c56a0a::eave-chain::0:1,2,3.786973,104.593374,0.818041,"[-4.612151, -8.528]","[-2.525761, -9.071206]","[""91f66e67-37e3-4cc9-9815-a4ce71c56a0a::ceiling-raw::0:0:0"", ""91f66e67-37e3-4cc9-9815-a4ce71c56a0a::ceiling-raw::0:1:0""]"
91f66e67-37e3-4cc9-9815-a4ce71c56a0a,0,91f66e67-37e3-4cc9-9815-a4ce71c56a0a::eave-chain::0:2,3,7.29753,14.31536,0.824497,"[-3.048806, -2.453789]","[-4.8811, -9.634124]","[""91f66e67-37e3-4cc9-9815-a4ce71c56a0a::ceiling-raw::0:0:0"", ""91f66e67-37e3-4cc9-9815-a4ce71c56a0a::ceiling-raw::0:1:0"", ""91f66e67-37e3-4cc9-9815-a4ce71c56a0a::ceiling-raw::0:2:0""]"
91f66e67-37e3-4cc9-9815-a4ce71c56a0a,0,91f66e67-37e3-4cc9-9815-a4ce71c56a0a::eave-chain::0:3,2,6.918391,105.470043,0.781807,"[-4.879806, -9.648792]","[2.223669, -11.614761]","[""91f66e67-37e3-4cc9-9815-a4ce71c56a0a::ceiling-raw::0:0:0"", ""91f66e67-37e3-4cc9-9815-a4ce71c56a0a::ceiling-raw::0:4:0""]"
91f66e67-37e3-4cc9-9815-a4ce71c56a0a,0,91f66e67-37e3-4cc9-9815-a4ce71c56a0a::eave-chain::0:4,2,5.815565,104.4985,0.826938,"[-3.959116, -5.933475]","[-0.416116, -6.849658]","[""91f66e67-37e3-4cc9-9815-a4ce71c56a0a::ceiling-raw::0:1:0"", ""91f66e67-37e3-4cc9-9815-a4ce71c56a0a::ceiling-raw::0:2:0""]"
91f66e67-37e3-4cc9-9815-a4ce71c56a0a,0,91f66e67-37e3-4cc9-9815-a4ce71c56a0a::eave-chain::0:5,1,3.659558,104.772171,0.8302,"[0.4965, -3.3886]","[-3.0421, -2.4555]","[""91f66e67-37e3-4cc9-9815-a4ce71c56a0a::ceiling-raw::0:2:0""]"
91f66e67-37e3-4cc9-9815-a4ce71c56a0a,0,91f66e67-37e3-4cc9-9815-a4ce71c56a0a::eave-chain::0:6,2,7.522161,104.754888,0.789807,"[4.490843, -3.196524]","[0.800852, -2.224694]","[""91f66e67-37e3-4cc9-9815-a4ce71c56a0a::ceiling-raw::0:4:0"", ""91f66e67-37e3-4cc9-9815-a4ce71c56a0a::ceiling-raw::0:5:0""]"
91f66e67-37e3-4cc9-9815-a4ce71c56a0a,0,91f66e67-37e3-4cc9-9815-a4ce71c56a0a::eave-chain::0:7,1,3.856368,14.772451,0.772,"[-1.9034, -6.5296]","[-2.8867, -10.2585]","[""91f66e67-37e3-4cc9-9815-a4ce71c56a0a::ceiling-raw::0:4:0""]"
91f66e67-37e3-4cc9-9815-a4ce71c56a0a,0,91f66e67-37e3-4cc9-9815-a4ce71c56a0a::eave-chain::0:8,3,14.31554,15.039663,0.785939,"[2.220456, -11.605237]","[5.983217, 2.398791]","[""91f66e67-37e3-4cc9-9815-a4ce71c56a0a::ceiling-raw::0:4:0"", ""91f66e67-37e3-4cc9-9815-a4ce71c56a0a::ceiling-raw::0:5:0"", ""91f66e67-37e3-4cc9-9815-a4ce71c56a0a::ceiling-raw::0:6:0""]"
91f66e67-37e3-4cc9-9815-a4ce71c56a0a,0,91f66e67-37e3-4cc9-9815-a4ce71c56a0a::eave-chain::0:9,2,7.529486,104.770777,0.807399,"[1.435622, -0.035702]","[5.088348, -0.998801]","[""91f66e67-37e3-4cc9-9815-a4ce71c56a0a::ceiling-raw::0:5:0"", ""91f66e67-37e3-4cc9-9815-a4ce71c56a0a::ceiling-raw::0:6:0""]"
91f66e67-37e3-4cc9-9815-a4ce71c56a0a,0,91f66e67-37e3-4cc9-9815-a4ce71c56a0a::eave-chain::0:10,2,7.479666,104.729144,0.818187,"[5.98431, 2.39854]","[-1.287097, 4.310111]","[""91f66e67-37e3-4cc9-9815-a4ce71c56a0a::ceiling-raw::0:6:0"", ""91f66e67-37e3-4cc9-9815-a4ce71c56a0a::ceiling-raw::0:7:0""]"
91f66e67-37e3-4cc9-9815-a4ce71c56a0a,0,91f66e67-37e3-4cc9-9815-a4ce71c56a0a::eave-chain::0:11,2,5.825485,14.640412,0.816187,"[2.309544, 3.367562]","[1.434429, 0.017628]","[""91f66e67-37e3-4cc9-9815-a4ce71c56a0a::ceiling-raw::0:6:0"", ""91f66e67-37e3-4cc9-9815-a4ce71c56a0a::ceiling-raw::0:7:0""]"
91f66e67-37e3-4cc9-9815-a4ce71c56a0a,0,91f66e67-37e3-4cc9-9815-a4ce71c56a0a::eave-chain::0:12,1,3.701982,104.773498,0.8295,"[-1.8896, 2.0251]","[1.69, 1.0811]","[""91f66e67-37e3-4cc9-9815-a4ce71c56a0a::ceiling-raw::0:7:0""]"
91f66e67-37e3-4cc9-9815-a4ce71c56a0a,0,91f66e67-37e3-4cc9-9815-a4ce71c56a0a::eave-chain::0:13,1,2.363098,14.77133,0.8295,"[-1.2871, 4.3101]","[-1.8896, 2.0251]","[""91f66e67-37e3-4cc9-9815-a4ce71c56a0a::ceiling-raw::0:7:0""]"
938d6ed6-d916-462b-ba37-f421feb2af21,0,938d6ed6-d916-462b-ba37-f421feb2af21::eave-chain::0:0,2,6.399118,44.966663,-1.690278,"[-7.9806, -6.291034]","[-5.65442, -3.962146]","[""938d6ed6-d916-462b-ba37-f421feb2af21::ceiling-raw::0:2:0"", ""938d6ed6-d916-462b-ba37-f421feb2af21::ceiling-raw::0:3:0""]"
938d6ed6-d916-462b-ba37-f421feb2af21,0,938d6ed6-d916-462b-ba37-f421feb2af21::eave-chain::0:1,1,3.212393,44.881448,-1.7096,"[-8.0052, -1.7328]","[-10.272, -4.009]","[""938d6ed6-d916-462b-ba37-f421feb2af21::ceiling-raw::0:2:0""]"
938d6ed6-d916-462b-ba37-f421feb2af21,0,938d6ed6-d916-462b-ba37-f421feb2af21::eave-chain::0:2,2,5.401105,133.786659,-1.693456,"[-10.275558, -4.012712]","[-6.256423, -7.865128]","[""938d6ed6-d916-462b-ba37-f421feb2af21::ceiling-raw::0:2:0"", ""938d6ed6-d916-462b-ba37-f421feb2af21::ceiling-raw::0:3:0""]"
938d6ed6-d916-462b-ba37-f421feb2af21,0,938d6ed6-d916-462b-ba37-f421feb2af21::eave-chain::0:3,1,2.07607,44.879008,-1.6708,"[-6.254, -7.8626]","[-4.7891, -6.3915]","[""938d6ed6-d916-462b-ba37-f421feb2af21::ceiling-raw::0:3:0""]"
938d6ed6-d916-462b-ba37-f421feb2af21,0,938d6ed6-d916-462b-ba37-f421feb2af21::eave-chain::0:4,2,3.337693,44.881044,-1.616125,"[-4.842, -8.9106]","[-3.6644, -7.7281]","[""938d6ed6-d916-462b-ba37-f421feb2af21::ceiling-raw::0:4:1"", ""938d6ed6-d916-462b-ba37-f421feb2af21::ceiling-raw::0:4:2""]"
938d6ed6-d916-462b-ba37-f421feb2af21,0,938d6ed6-d916-462b-ba37-f421feb2af21::eave-chain::0:5,2,4.659985,133.216631,-1.663212,"[-4.83153, -8.899457]","[-1.31963, -12.199269]","[""938d6ed6-d916-462b-ba37-f421feb2af21::ceiling-raw::0:4:1"", ""938d6ed6-d916-462b-ba37-f421feb2af21::ceiling-raw::0:5:0""]"
938d6ed6-d916-462b-ba37-f421feb2af21,0,938d6ed6-d916-462b-ba37-f421feb2af21::eave-chain::0:6,2,3.175426,45.459047,-1.648457,"[-3.768834, -9.98051]","[-2.579426, -8.810009]","[""938d6ed6-d916-462b-ba37-f421feb2af21::ceiling-raw::0:4:1"", ""938d6ed6-d916-462b-ba37-f421feb2af21::ceiling-raw::0:5:0""]"
938d6ed6-d916-462b-ba37-f421feb2af21,0,938d6ed6-d916-462b-ba37-f421feb2af21::eave-chain::0:7,1,0.808084,44.859619,-1.7549,"[-5.1566, -7.4568]","[-5.7266, -8.0296]","[""938d6ed6-d916-462b-ba37-f421feb2af21::ceiling-raw::0:4:2""]"
938d6ed6-d916-462b-ba37-f421feb2af21,0,938d6ed6-d916-462b-ba37-f421feb2af21::eave-chain::0:8,3,6.69377,133.826423,-1.626241,"[0.846361, -12.150131]","[-2.544322, -8.895579]","[""938d6ed6-d916-462b-ba37-f421feb2af21::ceiling-raw::0:11:0"", ""938d6ed6-d916-462b-ba37-f421feb2af21::ceiling-raw::0:5:0"", ""938d6ed6-d916-462b-ba37-f421feb2af21::ceiling-raw::0:9:0""]"
938d6ed6-d916-462b-ba37-f421feb2af21,0,938d6ed6-d916-462b-ba37-f421feb2af21::eave-chain::0:9,3,3.781262,50.270269,-1.619578,"[-1.31993, -12.215166]","[0.783896, -10.466691]","[""938d6ed6-d916-462b-ba37-f421feb2af21::ceiling-raw::0:11:0"", ""938d6ed6-d916-462b-ba37-f421feb2af21::ceiling-raw::0:5:0"", ""938d6ed6-d916-462b-ba37-f421feb2af21::ceiling-raw::0:9:0""]"
938d6ed6-d916-462b-ba37-f421feb2af21,0,938d6ed6-d916-462b-ba37-f421feb2af21::eave-chain::0:10,2,8.226003,134.80309,-1.532249,"[6.779758, -10.607835]","[3.732579, -7.581529]","[""938d6ed6-d916-462b-ba37-f421feb2af21::ceiling-raw::0:10:0"", ""938d6ed6-d916-462b-ba37-f421feb2af21::ceiling-raw::0:12:0""]"
938d6ed6-d916-462b-ba37-f421feb2af21,0,938d6ed6-d916-462b-ba37-f421feb2af21::eave-chain::0:11,5,7.992658,45.566689,-1.552287,"[2.91032, -14.428524]","[9.050759, -8.408365]","[""938d6ed6-d916-462b-ba37-f421feb2af21::ceiling-raw::0:10:0"", ""938d6ed6-d916-462b-ba37-f421feb2af21::ceiling-raw::0:11:0"", ""938d6ed6-d916-462b-ba37-f421feb2af21::ceiling-raw::0:12:0""]"
938d6ed6-d916-462b-ba37-f421feb2af21,0,938d6ed6-d916-462b-ba37-f421feb2af21::eave-chain::0:12,2,3.917804,133.576299,-1.5192,"[9.003268, -8.353985]","[6.163812, -5.652247]","[""938d6ed6-d916-462b-ba37-f421feb2af21::ceiling-raw::0:10:0""]"
938d6ed6-d916-462b-ba37-f421feb2af21,0,938d6ed6-d916-462b-ba37-f421feb2af21::eave-chain::0:13,1,2.986967,44.88064,-1.5192,"[6.1434, -5.6737]","[4.0357, -7.7902]","[""938d6ed6-d916-462b-ba37-f421feb2af21::ceiling-raw::0:10:0""]"
938d6ed6-d916-462b-ba37-f421feb2af21,0,938d6ed6-d916-462b-ba37-f421feb2af21::eave-chain::0:14,1,0.500562,44.878594,-1.5932,"[0.8653, -12.1304]","[1.2185, -11.7757]","[""938d6ed6-d916-462b-ba37-f421feb2af21::ceiling-raw::0:11:0""]"
938d6ed6-d916-462b-ba37-f421feb2af21,0,938d6ed6-d916-462b-ba37-f421feb2af21::eave-chain::0:15,1,0.685895,44.881865,-1.5932,"[1.9917, -12.5457]","[1.5077, -13.0317]","[""938d6ed6-d916-462b-ba37-f421feb2af21::ceiling-raw::0:11:0""]"
938d6ed6-d916-462b-ba37-f421feb2af21,0,938d6ed6-d916-462b-ba37-f421feb2af21::eave-chain::0:16,1,1.979196,134.881274,-1.5932,"[1.5077, -13.0317]","[2.9101, -14.4283]","[""938d6ed6-d916-462b-ba37-f421feb2af21::ceiling-raw::0:11:0""]"
938d6ed6-d916-462b-ba37-f421feb2af21,0,938d6ed6-d916-462b-ba37-f421feb2af21::eave-chain::0:17,1,4.223487,134.882011,-1.5932,"[4.9575, -12.3723]","[1.9649, -9.392]","[""938d6ed6-d916-462b-ba37-f421feb2af21::ceiling-raw::0:11:0""]"
938d6ed6-d916-462b-ba37-f421feb2af21,0,938d6ed6-d916-462b-ba37-f421feb2af21::eave-chain::0:18,1,4.293491,134.882047,-1.5442,"[2.2865, -9.0337]","[5.3287, -12.0634]","[""938d6ed6-d916-462b-ba37-f421feb2af21::ceiling-raw::0:12:0""]"
938d6ed6-d916-462b-ba37-f421feb2af21,1,938d6ed6-d916-462b-ba37-f421feb2af21::eave-chain::1:0,1,6.699215,134.880862,1.2152,"[-2.4066, 4.2435]","[-7.1535, 8.9707]","[""938d6ed6-d916-462b-ba37-f421feb2af21::ceiling-raw::1:19:0""]"
938d6ed6-d916-462b-ba37-f421feb2af21,1,938d6ed6-d916-462b-ba37-f421feb2af21::eave-chain::1:1,1,8.915222,44.880937,1.2152,"[-7.1535, 8.9707]","[-13.4444, 2.6536]","[""938d6ed6-d916-462b-ba37-f421feb2af21::ceiling-raw::1:19:0""]"
938d6ed6-d916-462b-ba37-f421feb2af21,1,938d6ed6-d916-462b-ba37-f421feb2af21::eave-chain::1:2,1,6.699285,134.881468,1.2152,"[-13.4444, 2.6536]","[-8.6975, -2.0737]","[""938d6ed6-d916-462b-ba37-f421feb2af21::ceiling-raw::1:19:0""]"
938d6ed6-d916-462b-ba37-f421feb2af21,1,938d6ed6-d916-462b-ba37-f421feb2af21::eave-chain::1:3,1,8.915292,44.880483,1.2152,"[-8.6975, -2.0737]","[-2.4066, 4.2435]","[""938d6ed6-d916-462b-ba37-f421feb2af21::ceiling-raw::1:19:0""]"
938d6ed6-d916-462b-ba37-f421feb2af21,2,938d6ed6-d916-462b-ba37-f421feb2af21::eave-chain::2:0,2,5.708415,135.886783,1.292903,"[-0.994382, -10.441892]","[3.038227, -14.601302]","[""938d6ed6-d916-462b-ba37-f421feb2af21::ceiling-raw::2:13:0"", ""938d6ed6-d916-462b-ba37-f421feb2af21::ceiling-raw::2:14:0""]"
938d6ed6-d916-462b-ba37-f421feb2af21,2,938d6ed6-d916-462b-ba37-f421feb2af21::eave-chain::2:1,2,3.966595,44.792864,1.302312,"[2.871789, -11.542482]","[1.423338, -13.001444]","[""938d6ed6-d916-462b-ba37-f421feb2af21::ceiling-raw::2:13:0"", ""938d6ed6-d916-462b-ba37-f421feb2af21::ceiling-raw::2:14:0""]"
938d6ed6-d916-462b-ba37-f421feb2af21,2,938d6ed6-d916-462b-ba37-f421feb2af21::eave-chain::2:2,3,8.463592,45.254421,1.279866,"[3.033318, -14.604711]","[9.287747, -8.405582]","[""938d6ed6-d916-462b-ba37-f421feb2af21::ceiling-raw::2:14:0"", ""938d6ed6-d916-462b-ba37-f421feb2af21::ceiling-raw::2:15:0"", ""938d6ed6-d916-462b-ba37-f421feb2af21::ceiling-raw::2:16:0""]"
938d6ed6-d916-462b-ba37-f421feb2af21,2,938d6ed6-d916-462b-ba37-f421feb2af21::eave-chain::2:3,2,7.582464,136.939925,1.297621,"[1.165016, -8.137671]","[5.20219, -12.457919]","[""938d6ed6-d916-462b-ba37-f421feb2af21::ceiling-raw::2:14:0"", ""938d6ed6-d916-462b-ba37-f421feb2af21::ceiling-raw::2:15:0""]"
938d6ed6-d916-462b-ba37-f421feb2af21,2,938d6ed6-d916-462b-ba37-f421feb2af21::eave-chain::2:4,2,11.225274,135.00965,1.262073,"[6.899555, -10.79605]","[1.896443, -5.791253]","[""938d6ed6-d916-462b-ba37-f421feb2af21::ceiling-raw::2:15:0"", ""938d6ed6-d916-462b-ba37-f421feb2af21::ceiling-raw::2:16:0""]"
938d6ed6-d916-462b-ba37-f421feb2af21,2,938d6ed6-d916-462b-ba37-f421feb2af21::eave-chain::2:5,2,6.407942,45.040673,1.254822,"[1.988033, -5.857646]","[4.518073, -3.331195]","[""938d6ed6-d916-462b-ba37-f421feb2af21::ceiling-raw::2:15:0"", ""938d6ed6-d916-462b-ba37-f421feb2af21::ceiling-raw::2:17:0""]"
938d6ed6-d916-462b-ba37-f421feb2af21,2,938d6ed6-d916-462b-ba37-f421feb2af21::eave-chain::2:6,5,16.648916,137.084827,1.255477,"[9.223173, -8.458161]","[-2.440562, 4.086849]","[""938d6ed6-d916-462b-ba37-f421feb2af21::ceiling-raw::2:15:0"", ""938d6ed6-d916-462b-ba37-f421feb2af21::ceiling-raw::2:16:0"", ""938d6ed6-d916-462b-ba37-f421feb2af21::ceiling-raw::2:17:0"", ""938d6ed6-d916-462b-ba37-f421feb2af21::ceiling-raw::2:18:0"", ""938d6ed6-d916-462b-ba37-f421feb2af21::ceiling-raw::2:21:0""]"
938d6ed6-d916-462b-ba37-f421feb2af21,2,938d6ed6-d916-462b-ba37-f421feb2af21::eave-chain::2:7,2,5.036732,44.331729,1.281147,"[1.78152, -0.17806]","[-0.760921, -2.78051]","[""938d6ed6-d916-462b-ba37-f421feb2af21::ceiling-raw::2:15:0"", ""938d6ed6-d916-462b-ba37-f421feb2af21::ceiling-raw::2:21:0""]"
938d6ed6-d916-462b-ba37-f421feb2af21,2,938d6ed6-d916-462b-ba37-f421feb2af21::eave-chain::2:8,2,4.512483,44.324407,1.221498,"[6.345156, -5.373859]","[3.918975, -7.857941]","[""938d6ed6-d916-462b-ba37-f421feb2af21::ceiling-raw::2:16:0"", ""938d6ed6-d916-462b-ba37-f421feb2af21::ceiling-raw::2:17:0""]"
938d6ed6-d916-462b-ba37-f421feb2af21,2,938d6ed6-d916-462b-ba37-f421feb2af21::eave-chain::2:9,2,8.76383,44.498293,1.290071,"[-2.460396, 4.049468]","[-8.729376, -2.330272]","[""938d6ed6-d916-462b-ba37-f421feb2af21::ceiling-raw::2:18:0"", ""938d6ed6-d916-462b-ba37-f421feb2af21::ceiling-raw::2:20:0""]"
938d6ed6-d916-462b-ba37-f421feb2af21,2,938d6ed6-d916-462b-ba37-f421feb2af21::eave-chain::2:10,2,3.363785,44.832024,1.277353,"[-1.251268, 2.845299]","[-2.452816, 1.636685]","[""938d6ed6-d916-462b-ba37-f421feb2af21::ceiling-raw::2:18:0"", ""938d6ed6-d916-462b-ba37-f421feb2af21::ceiling-raw::2:21:0""]"
938d6ed6-d916-462b-ba37-f421feb2af21,2,938d6ed6-d916-462b-ba37-f421feb2af21::eave-chain::2:11,1,5.813208,134.880824,1.2921,"[-8.7324, -2.3273]","[-4.6133, -6.4293]","[""938d6ed6-d916-462b-ba37-f421feb2af21::ceiling-raw::2:20:0""]"
940c5969-1037-4f02-810b-6d4c89b0582b,0,940c5969-1037-4f02-810b-6d4c89b0582b::eave-chain::0:0,2,6.890441,63.077179,0.929365,"[6.458877, -14.390357]","[12.648493, -11.247086]","[""940c5969-1037-4f02-810b-6d4c89b0582b::ceiling-raw::0:0:0"", ""940c5969-1037-4f02-810b-6d4c89b0582b::ceiling-raw::0:1:0""]"
940c5969-1037-4f02-810b-6d4c89b0582b,0,940c5969-1037-4f02-810b-6d4c89b0582b::eave-chain::0:1,4,16.914887,152.395933,0.924637,"[12.674887, -11.233303]","[4.220391, 4.935862]","[""940c5969-1037-4f02-810b-6d4c89b0582b::ceiling-raw::0:0:0"", ""940c5969-1037-4f02-810b-6d4c89b0582b::ceiling-raw::0:2:0"", ""940c5969-1037-4f02-810b-6d4c89b0582b::ceiling-raw::0:3:0"", ""940c5969-1037-4f02-810b-6d4c89b0582b::ceiling-raw::0:4:0""]"
940c5969-1037-4f02-810b-6d4c89b0582b,0,940c5969-1037-4f02-810b-6d4c89b0582b::eave-chain::0:2,1,3.391169,62.786636,0.9834,"[9.8477, -5.8009]","[6.8319, -7.3517]","[""940c5969-1037-4f02-810b-6d4c89b0582b::ceiling-raw::0:0:0""]"
940c5969-1037-4f02-810b-6d4c89b0582b,0,940c5969-1037-4f02-810b-6d4c89b0582b::eave-chain::0:3,2,12.831384,152.761688,0.927784,"[9.611078, -12.809182]","[6.525161, -6.814501]","[""940c5969-1037-4f02-810b-6d4c89b0582b::ceiling-raw::0:0:0"", ""940c5969-1037-4f02-810b-6d4c89b0582b::ceiling-raw::0:1:0""]"
940c5969-1037-4f02-810b-6d4c89b0582b,0,940c5969-1037-4f02-810b-6d4c89b0582b::eave-chain::0:4,3,8.325386,62.651222,0.876826,"[3.317293, -8.386807]","[9.557284, -5.159377]","[""940c5969-1037-4f02-810b-6d4c89b0582b::ceiling-raw::0:1:0"", ""940c5969-1037-4f02-810b-6d4c89b0582b::ceiling-raw::0:2:0""]"
940c5969-1037-4f02-810b-6d4c89b0582b,0,940c5969-1037-4f02-810b-6d4c89b0582b::eave-chain::0:5,3,17.407344,152.362908,0.888731,"[-1.998575, 1.795316]","[6.472785, -14.383382]","[""940c5969-1037-4f02-810b-6d4c89b0582b::ceiling-raw::0:1:0"", ""940c5969-1037-4f02-810b-6d4c89b0582b::ceiling-raw::0:2:0"", ""940c5969-1037-4f02-810b-6d4c89b0582b::ceiling-raw::0:5:0""]"
940c5969-1037-4f02-810b-6d4c89b0582b,0,940c5969-1037-4f02-810b-6d4c89b0582b::eave-chain::0:6,2,6.828541,62.901953,0.89359,"[8.187612, -2.496109]","[4.918282, -4.16897]","[""940c5969-1037-4f02-810b-6d4c89b0582b::ceiling-raw::0:2:0"", ""940c5969-1037-4f02-810b-6d4c89b0582b::ceiling-raw::0:3:0""]"
940c5969-1037-4f02-810b-6d4c89b0582b,0,940c5969-1037-4f02-810b-6d4c89b0582b::eave-chain::0:7,1,3.382673,62.785007,0.8767,"[2.9932, -0.3602]","[-0.015, -1.9072]","[""940c5969-1037-4f02-810b-6d4c89b0582b::ceiling-raw::0:2:0""]"
940c5969-1037-4f02-810b-6d4c89b0582b,0,940c5969-1037-4f02-810b-6d4c89b0582b::eave-chain::0:8,1,0.540121,9.699498,0.9129,"[7.732, -2.6736]","[7.823, -2.1412]","[""940c5969-1037-4f02-810b-6d4c89b0582b::ceiling-raw::0:3:0""]"
940c5969-1037-4f02-810b-6d4c89b0582b,0,940c5969-1037-4f02-810b-6d4c89b0582b::eave-chain::0:9,2,7.049656,62.770483,0.886644,"[2.199946, 1.116979]","[5.371749, 2.74913]","[""940c5969-1037-4f02-810b-6d4c89b0582b::ceiling-raw::0:3:0"", ""940c5969-1037-4f02-810b-6d4c89b0582b::ceiling-raw::0:4:0""]"
940c5969-1037-4f02-810b-6d4c89b0582b,0,940c5969-1037-4f02-810b-6d4c89b0582b::eave-chain::0:10,2,6.96911,63.204348,0.898398,"[4.241642, 4.946619]","[-2.007159, 1.790718]","[""940c5969-1037-4f02-810b-6d4c89b0582b::ceiling-raw::0:4:0"", ""940c5969-1037-4f02-810b-6d4c89b0582b::ceiling-raw::0:5:0""]"
940c5969-1037-4f02-810b-6d4c89b0582b,0,940c5969-1037-4f02-810b-6d4c89b0582b::eave-chain::0:11,2,5.848589,152.872388,0.90547,"[2.616977, 0.326478]","[1.058927, 3.36756]","[""940c5969-1037-4f02-810b-6d4c89b0582b::ceiling-raw::0:4:0"", ""940c5969-1037-4f02-810b-6d4c89b0582b::ceiling-raw::0:5:0""]"
940c5969-1037-4f02-810b-6d4c89b0582b,0,940c5969-1037-4f02-810b-6d4c89b0582b::eave-chain::0:12,1,3.429902,62.784992,0.9374,"[-0.4445, -1.2479]","[2.6057, 0.3207]","[""940c5969-1037-4f02-810b-6d4c89b0582b::ceiling-raw::0:5:0""]"
9419424d-2dd9-4dd2-a9d9-e029e32c1f28,0,9419424d-2dd9-4dd2-a9d9-e029e32c1f28::eave-chain::0:0,2,5.036042,56.40072,0.7673,"[-3.936481, -5.859226]","[-8.135427, -8.648923]","[""9419424d-2dd9-4dd2-a9d9-e029e32c1f28::ceiling-raw::0:0:0""]"
9419424d-2dd9-4dd2-a9d9-e029e32c1f28,0,9419424d-2dd9-4dd2-a9d9-e029e32c1f28::eave-chain::0:1,3,9.782725,145.35672,1.011132,"[-8.79983, -0.776165]","[-3.34753, -8.666965]","[""9419424d-2dd9-4dd2-a9d9-e029e32c1f28::ceiling-raw::0:0:0"", ""9419424d-2dd9-4dd2-a9d9-e029e32c1f28::ceiling-raw::0:3:0"", ""9419424d-2dd9-4dd2-a9d9-e029e32c1f28::ceiling-raw::0:7:0""]"
9419424d-2dd9-4dd2-a9d9-e029e32c1f28,0,9419424d-2dd9-4dd2-a9d9-e029e32c1f28::eave-chain::0:2,1,2.790547,144.059426,0.7673,"[-8.1282, -8.6598]","[-6.4903, -10.9191]","[""9419424d-2dd9-4dd2-a9d9-e029e32c1f28::ceiling-raw::0:0:0""]"
9419424d-2dd9-4dd2-a9d9-e029e32c1f28,0,9419424d-2dd9-4dd2-a9d9-e029e32c1f28::eave-chain::0:3,3,10.470115,53.937239,0.875911,"[-6.482877, -10.929294]","[0.949762, -5.516717]","[""9419424d-2dd9-4dd2-a9d9-e029e32c1f28::ceiling-raw::0:0:0"", ""9419424d-2dd9-4dd2-a9d9-e029e32c1f28::ceiling-raw::0:3:0"", ""9419424d-2dd9-4dd2-a9d9-e029e32c1f28::ceiling-raw::0:4:0""]"
9419424d-2dd9-4dd2-a9d9-e029e32c1f28,0,9419424d-2dd9-4dd2-a9d9-e029e32c1f28::eave-chain::0:4,1,2.561836,144.058296,0.7673,"[-2.413, -7.9631]","[-3.9167, -5.889]","[""9419424d-2dd9-4dd2-a9d9-e029e32c1f28::ceiling-raw::0:0:0""]"
9419424d-2dd9-4dd2-a9d9-e029e32c1f28,0,9419424d-2dd9-4dd2-a9d9-e029e32c1f28::eave-chain::0:5,5,6.062157,53.659101,0.703785,"[1.318317, 0.322922]","[-2.202183, -2.267013]","[""9419424d-2dd9-4dd2-a9d9-e029e32c1f28::ceiling-raw::0:1:0"", ""9419424d-2dd9-4dd2-a9d9-e029e32c1f28::ceiling-raw::0:2:0"", ""9419424d-2dd9-4dd2-a9d9-e029e32c1f28::ceiling-raw::0:6:0"", ""9419424d-2dd9-4dd2-a9d9-e029e32c1f28::ceiling-raw::0:6:3"", ""9419424d-2dd9-4dd2-a9d9-e029e32c1f28::ceiling-raw::0:6:8""]"
9419424d-2dd9-4dd2-a9d9-e029e32c1f28,0,9419424d-2dd9-4dd2-a9d9-e029e32c1f28::eave-chain::0:6,2,3.275172,144.060643,1.038086,"[-2.183336, -2.222051]","[-3.154362, -0.88257]","[""9419424d-2dd9-4dd2-a9d9-e029e32c1f28::ceiling-raw::0:1:0"", ""9419424d-2dd9-4dd2-a9d9-e029e32c1f28::ceiling-raw::0:2:0""]"
9419424d-2dd9-4dd2-a9d9-e029e32c1f28,0,9419424d-2dd9-4dd2-a9d9-e029e32c1f28::eave-chain::0:7,1,0.447239,144.060222,0.8279,"[-0.4642, -0.9548]","[-0.7267, -0.5927]","[""9419424d-2dd9-4dd2-a9d9-e029e32c1f28::ceiling-raw::0:1:1""]"
9419424d-2dd9-4dd2-a9d9-e029e32c1f28,0,9419424d-2dd9-4dd2-a9d9-e029e32c1f28::eave-chain::0:8,1,1.286149,144.059421,0.9501,"[-0.585, -2.6519]","[-1.3399, -1.6106]","[""9419424d-2dd9-4dd2-a9d9-e029e32c1f28::ceiling-raw::0:2:0""]"
9419424d-2dd9-4dd2-a9d9-e029e32c1f28,0,9419424d-2dd9-4dd2-a9d9-e029e32c1f28::eave-chain::0:9,5,7.649111,57.486147,0.783595,"[1.806818, -1.228424]","[-2.588179, -4.02984]","[""9419424d-2dd9-4dd2-a9d9-e029e32c1f28::ceiling-raw::0:2:0"", ""9419424d-2dd9-4dd2-a9d9-e029e32c1f28::ceiling-raw::0:4:0"", ""9419424d-2dd9-4dd2-a9d9-e029e32c1f28::ceiling-raw::0:6:0"", ""9419424d-2dd9-4dd2-a9d9-e029e32c1f28::ceiling-raw::0:6:8""]"
9419424d-2dd9-4dd2-a9d9-e029e32c1f28,0,9419424d-2dd9-4dd2-a9d9-e029e32c1f28::eave-chain::0:10,4,14.765032,146.010337,1.022107,"[-0.596321, -6.670356]","[-5.932821, 1.244411]","[""9419424d-2dd9-4dd2-a9d9-e029e32c1f28::ceiling-raw::0:3:0"", ""9419424d-2dd9-4dd2-a9d9-e029e32c1f28::ceiling-raw::0:4:0"", ""9419424d-2dd9-4dd2-a9d9-e029e32c1f28::ceiling-raw::0:5:0"", ""9419424d-2dd9-4dd2-a9d9-e029e32c1f28::ceiling-raw::0:5:1""]"
9419424d-2dd9-4dd2-a9d9-e029e32c1f28,0,9419424d-2dd9-4dd2-a9d9-e029e32c1f28::eave-chain::0:11,2,6.09162,54.14301,1.03465,"[-4.091659, -1.485343]","[-6.841941, -3.473071]","[""9419424d-2dd9-4dd2-a9d9-e029e32c1f28::ceiling-raw::0:3:0"", ""9419424d-2dd9-4dd2-a9d9-e029e32c1f28::ceiling-raw::0:7:0""]"
9419424d-2dd9-4dd2-a9d9-e029e32c1f28,0,9419424d-2dd9-4dd2-a9d9-e029e32c1f28::eave-chain::0:12,1,0.426508,14.404417,1.0104,"[-0.771, -3.1433]","[-0.6649, -2.7302]","[""9419424d-2dd9-4dd2-a9d9-e029e32c1f28::ceiling-raw::0:4:0""]"
9419424d-2dd9-4dd2-a9d9-e029e32c1f28,0,9419424d-2dd9-4dd2-a9d9-e029e32c1f28::eave-chain::0:13,3,3.648816,149.887216,0.538655,"[2.210694, -4.579601]","[0.559496, -1.732599]","[""9419424d-2dd9-4dd2-a9d9-e029e32c1f28::ceiling-raw::0:4:1"", ""9419424d-2dd9-4dd2-a9d9-e029e32c1f28::ceiling-raw::0:6:0"", ""9419424d-2dd9-4dd2-a9d9-e029e32c1f28::ceiling-raw::0:6:8""]"
9419424d-2dd9-4dd2-a9d9-e029e32c1f28,0,9419424d-2dd9-4dd2-a9d9-e029e32c1f28::eave-chain::0:14,3,5.053864,54.652804,1.120347,"[-4.662503, 2.157665]","[-8.797694, -0.775331]","[""9419424d-2dd9-4dd2-a9d9-e029e32c1f28::ceiling-raw::0:5:0"", ""9419424d-2dd9-4dd2-a9d9-e029e32c1f28::ceiling-raw::0:5:1"", ""9419424d-2dd9-4dd2-a9d9-e029e32c1f28::ceiling-raw::0:7:0""]"
9419424d-2dd9-4dd2-a9d9-e029e32c1f28,0,9419424d-2dd9-4dd2-a9d9-e029e32c1f28::eave-chain::0:15,2,5.361625,144.126165,1.122365,"[-4.642059, -1.856216]","[-6.58456, 0.829825]","[""9419424d-2dd9-4dd2-a9d9-e029e32c1f28::ceiling-raw::0:5:0"", ""9419424d-2dd9-4dd2-a9d9-e029e32c1f28::ceiling-raw::0:7:0""]"
9419424d-2dd9-4dd2-a9d9-e029e32c1f28,0,9419424d-2dd9-4dd2-a9d9-e029e32c1f28::eave-chain::0:16,2,6.619088,143.677522,0.675748,"[-3.342267, 3.132168]","[-1.371094, 0.450947]","[""9419424d-2dd9-4dd2-a9d9-e029e32c1f28::ceiling-raw::0:5:2"", ""9419424d-2dd9-4dd2-a9d9-e029e32c1f28::ceiling-raw::0:8:0""]"
9419424d-2dd9-4dd2-a9d9-e029e32c1f28,0,9419424d-2dd9-4dd2-a9d9-e029e32c1f28::eave-chain::0:17,1,3.307925,143.427328,0.1318,"[0.2654, 1.6891]","[-1.7056, 4.3457]","[""9419424d-2dd9-4dd2-a9d9-e029e32c1f28::ceiling-raw::0:8:0""]"
9419424d-2dd9-4dd2-a9d9-e029e32c1f28,0,9419424d-2dd9-4dd2-a9d9-e029e32c1f28::eave-chain::0:18,1,0.385991,172.646671,0.5406,"[-0.3001, -0.2025]","[-0.2507, -0.5853]","[""9419424d-2dd9-4dd2-a9d9-e029e32c1f28::ceiling-raw::0:9:1""]"
9419424d-2dd9-4dd2-a9d9-e029e32c1f28,0,9419424d-2dd9-4dd2-a9d9-e029e32c1f28::eave-chain::0:19,1,1.487854,145.501394,0.3615,"[0.4587, -0.0986]","[-0.384, 1.1276]","[""9419424d-2dd9-4dd2-a9d9-e029e32c1f28::ceiling-raw::0:9:2""]"
9419424d-2dd9-4dd2-a9d9-e029e32c1f28,0,9419424d-2dd9-4dd2-a9d9-e029e32c1f28::eave-chain::0:20,1,1.268689,116.981109,0.624,"[-1.8496, -2.127]","[-0.719, -2.7026]","[""9419424d-2dd9-4dd2-a9d9-e029e32c1f28::ceiling-raw::0:6:0""]"
9419424d-2dd9-4dd2-a9d9-e029e32c1f28,0,9419424d-2dd9-4dd2-a9d9-e029e32c1f28::eave-chain::0:21,1,1.7016,145.503963,0.3615,"[1.8105, -1.2342]","[0.8468, 0.1682]","[""9419424d-2dd9-4dd2-a9d9-e029e32c1f28::ceiling-raw::0:6:8""]"
945b16b9-0ebf-409e-af08-aab7672801d2,0,945b16b9-0ebf-409e-af08-aab7672801d2::eave-chain::0:0,2,6.635307,118.573927,0.925627,"[-4.70359, 1.59168]","[-7.890364, 3.327285]","[""945b16b9-0ebf-409e-af08-aab7672801d2::ceiling-raw::0:0:0"", ""945b16b9-0ebf-409e-af08-aab7672801d2::ceiling-raw::0:2:0""]"
945b16b9-0ebf-409e-af08-aab7672801d2,0,945b16b9-0ebf-409e-af08-aab7672801d2::eave-chain::0:1,2,4.698711,118.103873,0.908425,"[0.104821, 0.435743]","[-4.095021, 2.678614]","[""945b16b9-0ebf-409e-af08-aab7672801d2::ceiling-raw::0:1:0"", ""945b16b9-0ebf-409e-af08-aab7672801d2::ceiling-raw::0:3:0""]"
945b16b9-0ebf-409e-af08-aab7672801d2,0,945b16b9-0ebf-409e-af08-aab7672801d2::eave-chain::0:2,1,3.65794,28.70484,0.9046,"[-4.0938, 2.6809]","[-5.8507, -0.5275]","[""945b16b9-0ebf-409e-af08-aab7672801d2::ceiling-raw::0:1:0""]"
945b16b9-0ebf-409e-af08-aab7672801d2,0,945b16b9-0ebf-409e-af08-aab7672801d2::eave-chain::0:3,4,14.375017,28.327315,0.919715,"[-1.487842, 1.311527]","[-4.953431, -5.117425]","[""945b16b9-0ebf-409e-af08-aab7672801d2::ceiling-raw::0:1:0"", ""945b16b9-0ebf-409e-af08-aab7672801d2::ceiling-raw::0:2:0"", ""945b16b9-0ebf-409e-af08-aab7672801d2::ceiling-raw::0:3:0"", ""945b16b9-0ebf-409e-af08-aab7672801d2::ceiling-raw::0:4:0""]"
945b16b9-0ebf-409e-af08-aab7672801d2,0,945b16b9-0ebf-409e-af08-aab7672801d2::eave-chain::0:4,1,5.982747,28.704853,0.9556,"[-7.897, 3.3151]","[-10.7705, -1.9324]","[""945b16b9-0ebf-409e-af08-aab7672801d2::ceiling-raw::0:2:0""]"
945b16b9-0ebf-409e-af08-aab7672801d2,0,945b16b9-0ebf-409e-af08-aab7672801d2::eave-chain::0:5,3,11.954081,118.483049,0.937826,"[-10.766212, -1.924496]","[-0.131588, -7.694553]","[""945b16b9-0ebf-409e-af08-aab7672801d2::ceiling-raw::0:2:0"", ""945b16b9-0ebf-409e-af08-aab7672801d2::ceiling-raw::0:4:0"", ""945b16b9-0ebf-409e-af08-aab7672801d2::ceiling-raw::0:5:0""]"
945b16b9-0ebf-409e-af08-aab7672801d2,0,945b16b9-0ebf-409e-af08-aab7672801d2::eave-chain::0:6,3,9.630095,28.534726,0.914298,"[-3.359245, -5.949711]","[0.11257, 0.435345]","[""945b16b9-0ebf-409e-af08-aab7672801d2::ceiling-raw::0:3:0"", ""945b16b9-0ebf-409e-af08-aab7672801d2::ceiling-raw::0:4:0"", ""945b16b9-0ebf-409e-af08-aab7672801d2::ceiling-raw::0:5:0""]"
945b16b9-0ebf-409e-af08-aab7672801d2,0,945b16b9-0ebf-409e-af08-aab7672801d2::eave-chain::0:7,2,5.33276,28.68462,0.919353,"[-0.140889, -7.711961]","[2.729756, -2.465276]","[""945b16b9-0ebf-409e-af08-aab7672801d2::ceiling-raw::0:5:0"", ""945b16b9-0ebf-409e-af08-aab7672801d2::ceiling-raw::0:6:0""]"
945b16b9-0ebf-409e-af08-aab7672801d2,0,945b16b9-0ebf-409e-af08-aab7672801d2::eave-chain::0:8,1,2.428143,118.706692,0.9239,"[1.2786, -5.1194]","[-0.8511, -3.9531]","[""945b16b9-0ebf-409e-af08-aab7672801d2::ceiling-raw::0:5:0""]"
945b16b9-0ebf-409e-af08-aab7672801d2,0,945b16b9-0ebf-409e-af08-aab7672801d2::eave-chain::0:9,1,0.612437,28.69931,0.9239,"[-0.8511, -3.9531]","[-0.557, -3.4159]","[""945b16b9-0ebf-409e-af08-aab7672801d2::ceiling-raw::0:5:0""]"
945b16b9-0ebf-409e-af08-aab7672801d2,0,945b16b9-0ebf-409e-af08-aab7672801d2::eave-chain::0:10,2,4.884969,118.432083,0.916241,"[-1.640226, -2.809235]","[1.585202, -4.555552]","[""945b16b9-0ebf-409e-af08-aab7672801d2::ceiling-raw::0:5:0"", ""945b16b9-0ebf-409e-af08-aab7672801d2::ceiling-raw::0:6:0""]"
945b16b9-0ebf-409e-af08-aab7672801d2,0,945b16b9-0ebf-409e-af08-aab7672801d2::eave-chain::0:11,1,3.061074,118.704272,0.9137,"[2.7298, -2.4653]","[0.0449, -0.9951]","[""945b16b9-0ebf-409e-af08-aab7672801d2::ceiling-raw::0:6:0""]"
945b16b9-0ebf-409e-af08-aab7672801d2,0,945b16b9-0ebf-409e-af08-aab7672801d2::eave-chain::0:12,2,3.667825,118.977076,0.819143,"[-0.203749, -0.160937]","[3.00465, -1.937704]","[""945b16b9-0ebf-409e-af08-aab7672801d2::ceiling-raw::0:7:4""]"
945b16b9-0ebf-409e-af08-aab7672801d2,0,945b16b9-0ebf-409e-af08-aab7672801d2::eave-chain::0:13,1,3.666654,118.557205,0.38165,"[3.9064, -0.2905]","[0.686, 1.4622]","[""945b16b9-0ebf-409e-af08-aab7672801d2::ceiling-raw::0:7:4""]"
964a40ac-d9df-44e1-b64b-84e02b909004,0,964a40ac-d9df-44e1-b64b-84e02b909004::eave-chain::0:0,2,1.48793,177.346472,0.752012,"[5.982978, 0.967974]","[6.023286, 0.098253]","[""964a40ac-d9df-44e1-b64b-84e02b909004::ceiling-raw::0:0:0"", ""964a40ac-d9df-44e1-b64b-84e02b909004::ceiling-raw::0:1:0""]"
964a40ac-d9df-44e1-b64b-84e02b909004,0,964a40ac-d9df-44e1-b64b-84e02b909004::eave-chain::0:1,4,7.290869,178.694111,0.759496,"[7.683623, 0.121394]","[7.51189, 7.654861]","[""964a40ac-d9df-44e1-b64b-84e02b909004::ceiling-raw::0:0:0"", ""964a40ac-d9df-44e1-b64b-84e02b909004::ceiling-raw::0:1:0"", ""964a40ac-d9df-44e1-b64b-84e02b909004::ceiling-raw::0:3:0"", ""964a40ac-d9df-44e1-b64b-84e02b909004::ceiling-raw::0:5:0""]"
964a40ac-d9df-44e1-b64b-84e02b909004,0,964a40ac-d9df-44e1-b64b-84e02b909004::eave-chain::0:2,2,3.338633,88.305125,0.75252,"[5.956753, 0.924363]","[7.679247, 0.975331]","[""964a40ac-d9df-44e1-b64b-84e02b909004::ceiling-raw::0:0:0"", ""964a40ac-d9df-44e1-b64b-84e02b909004::ceiling-raw::0:1:0""]"
964a40ac-d9df-44e1-b64b-84e02b909004,0,964a40ac-d9df-44e1-b64b-84e02b909004::eave-chain::0:3,1,1.655614,88.227817,-0.2982,"[6.1196, -2.1188]","[7.7744, -2.0676]","[""964a40ac-d9df-44e1-b64b-84e02b909004::ceiling-raw::0:0:1""]"
964a40ac-d9df-44e1-b64b-84e02b909004,0,964a40ac-d9df-44e1-b64b-84e02b909004::eave-chain::0:4,2,4.18125,88.165496,0.756459,"[7.625412, 2.971419]","[5.483087, 2.902803]","[""964a40ac-d9df-44e1-b64b-84e02b909004::ceiling-raw::0:1:0"", ""964a40ac-d9df-44e1-b64b-84e02b909004::ceiling-raw::0:5:0""]"
964a40ac-d9df-44e1-b64b-84e02b909004,0,964a40ac-d9df-44e1-b64b-84e02b909004::eave-chain::0:5,2,5.619551,178.194216,0.761388,"[3.770726, 3.088889]","[3.861962, 0.195009]","[""964a40ac-d9df-44e1-b64b-84e02b909004::ceiling-raw::0:1:0"", ""964a40ac-d9df-44e1-b64b-84e02b909004::ceiling-raw::0:7:1""]"
964a40ac-d9df-44e1-b64b-84e02b909004,0,964a40ac-d9df-44e1-b64b-84e02b909004::eave-chain::0:6,3,11.025199,88.921449,0.761649,"[-1.765002, 0.136918]","[5.977196, 0.282676]","[""964a40ac-d9df-44e1-b64b-84e02b909004::ceiling-raw::0:1:0"", ""964a40ac-d9df-44e1-b64b-84e02b909004::ceiling-raw::0:7:1"", ""964a40ac-d9df-44e1-b64b-84e02b909004::ceiling-raw::0:7:2""]"
964a40ac-d9df-44e1-b64b-84e02b909004,0,964a40ac-d9df-44e1-b64b-84e02b909004::eave-chain::0:7,2,3.313323,178.124068,0.743341,"[4.850438, 5.974712]","[4.791728, 7.767229]","[""964a40ac-d9df-44e1-b64b-84e02b909004::ceiling-raw::0:2:0"", ""964a40ac-d9df-44e1-b64b-84e02b909004::ceiling-raw::0:3:0""]"
964a40ac-d9df-44e1-b64b-84e02b909004,0,964a40ac-d9df-44e1-b64b-84e02b909004::eave-chain::0:8,4,8.611618,88.491443,0.759912,"[7.512089, 7.712294]","[-1.988382, 7.462095]","[""964a40ac-d9df-44e1-b64b-84e02b909004::ceiling-raw::0:2:0"", ""964a40ac-d9df-44e1-b64b-84e02b909004::ceiling-raw::0:3:0"", ""964a40ac-d9df-44e1-b64b-84e02b909004::ceiling-raw::0:4:0"", ""964a40ac-d9df-44e1-b64b-84e02b909004::ceiling-raw::0:6:0""]"
964a40ac-d9df-44e1-b64b-84e02b909004,0,964a40ac-d9df-44e1-b64b-84e02b909004::eave-chain::0:9,2,6.852658,178.226417,0.751852,"[3.642845, 7.731227]","[3.752882, 4.177587]","[""964a40ac-d9df-44e1-b64b-84e02b909004::ceiling-raw::0:2:0"", ""964a40ac-d9df-44e1-b64b-84e02b909004::ceiling-raw::0:4:0""]"
964a40ac-d9df-44e1-b64b-84e02b909004,0,964a40ac-d9df-44e1-b64b-84e02b909004::eave-chain::0:10,2,4.180147,88.166232,0.759162,"[5.49045, 4.47881]","[7.61095, 4.5467]","[""964a40ac-d9df-44e1-b64b-84e02b909004::ceiling-raw::0:3:0"", ""964a40ac-d9df-44e1-b64b-84e02b909004::ceiling-raw::0:5:0""]"
964a40ac-d9df-44e1-b64b-84e02b909004,0,964a40ac-d9df-44e1-b64b-84e02b909004::eave-chain::0:11,2,4.503904,178.233488,0.776661,"[1.52565, 7.489805]","[1.665379, 2.959212]","[""964a40ac-d9df-44e1-b64b-84e02b909004::ceiling-raw::0:4:0"", ""964a40ac-d9df-44e1-b64b-84e02b909004::ceiling-raw::0:7:1""]"
964a40ac-d9df-44e1-b64b-84e02b909004,0,964a40ac-d9df-44e1-b64b-84e02b909004::eave-chain::0:12,3,8.371997,88.227548,0.763257,"[3.705987, 4.256375]","[-1.888768, 4.083246]","[""964a40ac-d9df-44e1-b64b-84e02b909004::ceiling-raw::0:4:0"", ""964a40ac-d9df-44e1-b64b-84e02b909004::ceiling-raw::0:6:0"", ""964a40ac-d9df-44e1-b64b-84e02b909004::ceiling-raw::0:7:1""]"
964a40ac-d9df-44e1-b64b-84e02b909004,0,964a40ac-d9df-44e1-b64b-84e02b909004::eave-chain::0:13,4,14.451077,178.279288,0.68247,"[-1.987835, 7.455211]","[-1.619782, -4.796436]","[""964a40ac-d9df-44e1-b64b-84e02b909004::ceiling-raw::0:6:0"", ""964a40ac-d9df-44e1-b64b-84e02b909004::ceiling-raw::0:7:0"", ""964a40ac-d9df-44e1-b64b-84e02b909004::ceiling-raw::0:7:1"", ""964a40ac-d9df-44e1-b64b-84e02b909004::ceiling-raw::0:8:0""]"
964a40ac-d9df-44e1-b64b-84e02b909004,0,964a40ac-d9df-44e1-b64b-84e02b909004::eave-chain::0:14,1,3.34904,178.206776,0.751,"[0.8921, 4.1947]","[0.7873, 7.5421]","[""964a40ac-d9df-44e1-b64b-84e02b909004::ceiling-raw::0:6:0""]"
964a40ac-d9df-44e1-b64b-84e02b909004,0,964a40ac-d9df-44e1-b64b-84e02b909004::eave-chain::0:15,1,3.365048,88.206792,0.5261,"[-1.7225, -1.2267]","[1.6409, -1.1214]","[""964a40ac-d9df-44e1-b64b-84e02b909004::ceiling-raw::0:7:0""]"
964a40ac-d9df-44e1-b64b-84e02b909004,0,964a40ac-d9df-44e1-b64b-84e02b909004::eave-chain::0:16,1,3.627023,110.119149,0.5261,"[1.6409, -1.1214]","[-1.7648, 0.1262]","[""964a40ac-d9df-44e1-b64b-84e02b909004::ceiling-raw::0:7:0""]"
964a40ac-d9df-44e1-b64b-84e02b909004,0,964a40ac-d9df-44e1-b64b-84e02b909004::eave-chain::0:17,1,5.817648,178.207259,0.4008,"[1.7591, -4.6906]","[1.5771, 1.1242]","[""964a40ac-d9df-44e1-b64b-84e02b909004::ceiling-raw::0:8:0""]"
97571caa-1065-4ac5-a385-2ec9758026dd,0,97571caa-1065-4ac5-a385-2ec9758026dd::eave-chain::0:0,2,4.053646,152.3159,1.034317,"[-2.266623, -9.992644]","[-3.239852, -8.137666]","[""97571caa-1065-4ac5-a385-2ec9758026dd::ceiling-raw::0:0:0"", ""97571caa-1065-4ac5-a385-2ec9758026dd::ceiling-raw::0:1:0""]"
97571caa-1065-4ac5-a385-2ec9758026dd,0,97571caa-1065-4ac5-a385-2ec9758026dd::eave-chain::0:1,1,3.374521,152.388546,0.8227,"[-5.2277, -7.7332]","[-3.6637, -10.7234]","[""97571caa-1065-4ac5-a385-2ec9758026dd::ceiling-raw::0:0:0""]"
97571caa-1065-4ac5-a385-2ec9758026dd,0,97571caa-1065-4ac5-a385-2ec9758026dd::eave-chain::0:2,2,2.746066,62.306678,0.8997,"[-2.245095, -9.93591]","[0.186403, -8.659707]","[""97571caa-1065-4ac5-a385-2ec9758026dd::ceiling-raw::0:1:0"", ""97571caa-1065-4ac5-a385-2ec9758026dd::ceiling-raw::0:1:1""]"
97571caa-1065-4ac5-a385-2ec9758026dd,0,97571caa-1065-4ac5-a385-2ec9758026dd::eave-chain::0:3,2,5.349102,152.601045,0.8997,"[-2.848572, -6.423914]","[-1.288461, -9.433809]","[""97571caa-1065-4ac5-a385-2ec9758026dd::ceiling-raw::0:1:0"", ""97571caa-1065-4ac5-a385-2ec9758026dd::ceiling-raw::0:1:1""]"
97571caa-1065-4ac5-a385-2ec9758026dd,0,97571caa-1065-4ac5-a385-2ec9758026dd::eave-chain::0:4,1,3.390045,152.306401,0.8997,"[0.1864, -8.6597]","[-1.3891, -5.658]","[""97571caa-1065-4ac5-a385-2ec9758026dd::ceiling-raw::0:1:1""]"
97571caa-1065-4ac5-a385-2ec9758026dd,0,97571caa-1065-4ac5-a385-2ec9758026dd::eave-chain::0:5,2,5.156789,152.38643,1.540466,"[-5.021507, -1.998404]","[-6.30306, 0.451568]","[""97571caa-1065-4ac5-a385-2ec9758026dd::ceiling-raw::0:2:1"", ""97571caa-1065-4ac5-a385-2ec9758026dd::ceiling-raw::0:2:5""]"
97571caa-1065-4ac5-a385-2ec9758026dd,0,97571caa-1065-4ac5-a385-2ec9758026dd::eave-chain::0:6,1,2.391872,152.390401,0.9161,"[-0.9703, 0.5414]","[-2.0788, 2.6609]","[""97571caa-1065-4ac5-a385-2ec9758026dd::ceiling-raw::0:2:2""]"
97571caa-1065-4ac5-a385-2ec9758026dd,0,97571caa-1065-4ac5-a385-2ec9758026dd::eave-chain::0:7,4,7.50879,152.231517,0.903027,"[-8.440597, -0.666504]","[-4.862326, -7.462357]","[""97571caa-1065-4ac5-a385-2ec9758026dd::ceiling-raw::0:2:4"", ""97571caa-1065-4ac5-a385-2ec9758026dd::ceiling-raw::0:2:5"", ""97571caa-1065-4ac5-a385-2ec9758026dd::ceiling-raw::0:3:0"", ""97571caa-1065-4ac5-a385-2ec9758026dd::ceiling-raw::0:6:0""]"
97571caa-1065-4ac5-a385-2ec9758026dd,0,97571caa-1065-4ac5-a385-2ec9758026dd::eave-chain::0:8,1,2.97129,152.388839,1.734,"[-1.0581, -6.0087]","[0.319, -8.6416]","[""97571caa-1065-4ac5-a385-2ec9758026dd::ceiling-raw::0:4:5""]"
97571caa-1065-4ac5-a385-2ec9758026dd,0,97571caa-1065-4ac5-a385-2ec9758026dd::eave-chain::0:9,2,7.949293,152.805524,0.977245,"[0.770886, -2.674914]","[3.09168, -7.191763]","[""97571caa-1065-4ac5-a385-2ec9758026dd::ceiling-raw::0:4:7"", ""97571caa-1065-4ac5-a385-2ec9758026dd::ceiling-raw::0:7:0""]"
97571caa-1065-4ac5-a385-2ec9758026dd,0,97571caa-1065-4ac5-a385-2ec9758026dd::eave-chain::0:10,1,4.978092,152.39,1.0218,"[5.0453, -6.0574]","[2.7382, -1.6462]","[""97571caa-1065-4ac5-a385-2ec9758026dd::ceiling-raw::0:7:0""]"
97571caa-1065-4ac5-a385-2ec9758026dd,0,97571caa-1065-4ac5-a385-2ec9758026dd::eave-chain::0:11,1,2.182812,62.387795,1.0218,"[2.7382, -1.6462]","[0.804, -2.6579]","[""97571caa-1065-4ac5-a385-2ec9758026dd::ceiling-raw::0:7:0""]"
97571caa-1065-4ac5-a385-2ec9758026dd,0,97571caa-1065-4ac5-a385-2ec9758026dd::eave-chain::0:12,1,2.182765,62.390121,1.0218,"[3.1111, -7.069]","[5.0453, -6.0574]","[""97571caa-1065-4ac5-a385-2ec9758026dd::ceiling-raw::0:7:0""]"
97571caa-1065-4ac5-a385-2ec9758026dd,0,97571caa-1065-4ac5-a385-2ec9758026dd::eave-chain::0:13,1,2.640432,62.3878,1.0624,"[-9.1965, -6.0592]","[-6.8568, -4.8354]","[""97571caa-1065-4ac5-a385-2ec9758026dd::ceiling-raw::0:8:0""]"
97571caa-1065-4ac5-a385-2ec9758026dd,0,97571caa-1065-4ac5-a385-2ec9758026dd::eave-chain::0:14,2,7.321391,152.290883,1.006117,"[-6.857273, -4.835648]","[-10.298645, 1.716666]","[""97571caa-1065-4ac5-a385-2ec9758026dd::ceiling-raw::0:8:0"", ""97571caa-1065-4ac5-a385-2ec9758026dd::ceiling-raw::0:9:0""]"
97571caa-1065-4ac5-a385-2ec9758026dd,0,97571caa-1065-4ac5-a385-2ec9758026dd::eave-chain::0:15,1,2.640386,62.389723,1.0624,"[-8.2771, -2.1199]","[-10.6168, -3.3436]","[""97571caa-1065-4ac5-a385-2ec9758026dd::ceiling-raw::0:8:0""]"
97571caa-1065-4ac5-a385-2ec9758026dd,0,97571caa-1065-4ac5-a385-2ec9758026dd::eave-chain::0:16,2,6.721307,152.524201,1.009736,"[-12.611431, 0.506952]","[-9.196762, -6.059336]","[""97571caa-1065-4ac5-a385-2ec9758026dd::ceiling-raw::0:8:0"", ""97571caa-1065-4ac5-a385-2ec9758026dd::ceiling-raw::0:9:0""]"
97571caa-1065-4ac5-a385-2ec9758026dd,0,97571caa-1065-4ac5-a385-2ec9758026dd::eave-chain::0:17,1,0.716465,62.394167,0.9656,"[-10.9176, -2.7338]","[-10.2827, -2.4018]","[""97571caa-1065-4ac5-a385-2ec9758026dd::ceiling-raw::0:9:0""]"
97571caa-1065-4ac5-a385-2ec9758026dd,0,97571caa-1065-4ac5-a385-2ec9758026dd::eave-chain::0:18,1,2.611537,62.387989,0.9656,"[-10.2982, 1.7169]","[-12.6123, 0.5065]","[""97571caa-1065-4ac5-a385-2ec9758026dd::ceiling-raw::0:9:0""]"
9829323a-4939-45bf-ae66-b950b18ddf52,0,9829323a-4939-45bf-ae66-b950b18ddf52::eave-chain::0:0,4,15.180052,154.251858,1.055235,"[-0.416606, -9.283363]","[-3.961384, -1.933669]","[""9829323a-4939-45bf-ae66-b950b18ddf52::ceiling-raw::0:0:0"", ""9829323a-4939-45bf-ae66-b950b18ddf52::ceiling-raw::0:1:0"", ""9829323a-4939-45bf-ae66-b950b18ddf52::ceiling-raw::0:2:0""]"
9829323a-4939-45bf-ae66-b950b18ddf52,0,9829323a-4939-45bf-ae66-b950b18ddf52::eave-chain::0:1,3,9.045961,63.20716,1.01687,"[-3.105747, -10.635964]","[2.787788, -7.65985]","[""9829323a-4939-45bf-ae66-b950b18ddf52::ceiling-raw::0:0:0"", ""9829323a-4939-45bf-ae66-b950b18ddf52::ceiling-raw::0:2:0"", ""9829323a-4939-45bf-ae66-b950b18ddf52::ceiling-raw::0:3:0""]"
9829323a-4939-45bf-ae66-b950b18ddf52,0,9829323a-4939-45bf-ae66-b950b18ddf52::eave-chain::0:2,2,10.198862,155.059646,1.033235,"[2.822692, -7.640223]","[-0.57606, -0.331722]","[""9829323a-4939-45bf-ae66-b950b18ddf52::ceiling-raw::0:0:0"", ""9829323a-4939-45bf-ae66-b950b18ddf52::ceiling-raw::0:5:0""]"
9829323a-4939-45bf-ae66-b950b18ddf52,0,9829323a-4939-45bf-ae66-b950b18ddf52::eave-chain::0:3,4,10.744295,66.173861,0.98666,"[2.409139, 0.814109]","[-6.759353, -3.234675]","[""9829323a-4939-45bf-ae66-b950b18ddf52::ceiling-raw::0:0:0"", ""9829323a-4939-45bf-ae66-b950b18ddf52::ceiling-raw::0:1:0"", ""9829323a-4939-45bf-ae66-b950b18ddf52::ceiling-raw::0:5:0"", ""9829323a-4939-45bf-ae66-b950b18ddf52::ceiling-raw::0:5:3""]"
9829323a-4939-45bf-ae66-b950b18ddf52,0,9829323a-4939-45bf-ae66-b950b18ddf52::eave-chain::0:4,2,6.007471,64.224067,1.037703,"[-5.444444, -5.955524]","[-2.692088, -4.626409]","[""9829323a-4939-45bf-ae66-b950b18ddf52::ceiling-raw::0:1:0"", ""9829323a-4939-45bf-ae66-b950b18ddf52::ceiling-raw::0:2:0""]"
9829323a-4939-45bf-ae66-b950b18ddf52,0,9829323a-4939-45bf-ae66-b950b18ddf52::eave-chain::0:5,3,9.708203,153.779242,1.015096,"[-6.728226, -3.272701]","[-2.337986, -12.186694]","[""9829323a-4939-45bf-ae66-b950b18ddf52::ceiling-raw::0:1:0"", ""9829323a-4939-45bf-ae66-b950b18ddf52::ceiling-raw::0:2:0"", ""9829323a-4939-45bf-ae66-b950b18ddf52::ceiling-raw::0:3:0""]"
9829323a-4939-45bf-ae66-b950b18ddf52,0,9829323a-4939-45bf-ae66-b950b18ddf52::eave-chain::0:6,1,1.701252,154.171478,0.9091,"[-0.1067, -11.1069]","[-0.8479, -9.5756]","[""9829323a-4939-45bf-ae66-b950b18ddf52::ceiling-raw::0:3:0""]"
9829323a-4939-45bf-ae66-b950b18ddf52,0,9829323a-4939-45bf-ae66-b950b18ddf52::eave-chain::0:7,1,2.493781,64.173738,0.9091,"[-2.3514, -12.1933]","[-0.1067, -11.1069]","[""9829323a-4939-45bf-ae66-b950b18ddf52::ceiling-raw::0:3:0""]"
9829323a-4939-45bf-ae66-b950b18ddf52,0,9829323a-4939-45bf-ae66-b950b18ddf52::eave-chain::0:8,1,3.100702,64.110113,0.8761,"[0.5423, -2.4387]","[3.3318, -1.0848]","[""9829323a-4939-45bf-ae66-b950b18ddf52::ceiling-raw::0:5:0""]"
98472f6b-45bc-4814-a4b8-914f8f6976dd,0,98472f6b-45bc-4814-a4b8-914f8f6976dd::eave-chain::0:0,2,5.864129,74.401754,0.60251,"[-0.533392, 5.827937]","[-6.34095, 4.20663]","[""98472f6b-45bc-4814-a4b8-914f8f6976dd::ceiling-raw::0:0:0"", ""98472f6b-45bc-4814-a4b8-914f8f6976dd::ceiling-raw::0:1:1""]"
98472f6b-45bc-4814-a4b8-914f8f6976dd,0,98472f6b-45bc-4814-a4b8-914f8f6976dd::eave-chain::0:1,2,5.864154,76.23656,0.943371,"[-5.497295, 1.087818]","[0.360605, 2.522694]","[""98472f6b-45bc-4814-a4b8-914f8f6976dd::ceiling-raw::0:0:0"", ""98472f6b-45bc-4814-a4b8-914f8f6976dd::ceiling-raw::0:1:0""]"
98472f6b-45bc-4814-a4b8-914f8f6976dd,0,98472f6b-45bc-4814-a4b8-914f8f6976dd::eave-chain::0:2,1,2.105523,164.866124,0.8193,"[0.362, 2.517]","[-0.1877, 4.5495]","[""98472f6b-45bc-4814-a4b8-914f8f6976dd::ceiling-raw::0:1:0""]"
98472f6b-45bc-4814-a4b8-914f8f6976dd,0,98472f6b-45bc-4814-a4b8-914f8f6976dd::eave-chain::0:3,2,4.678255,74.865831,0.8193,"[-0.1877, 4.5495]","[-2.4457, 3.9388]","[""98472f6b-45bc-4814-a4b8-914f8f6976dd::ceiling-raw::0:1:0"", ""98472f6b-45bc-4814-a4b8-914f8f6976dd::ceiling-raw::0:1:3""]"
98472f6b-45bc-4814-a4b8-914f8f6976dd,0,98472f6b-45bc-4814-a4b8-914f8f6976dd::eave-chain::0:4,3,4.145398,165.446498,0.75124,"[-2.78261, 5.221186]","[-1.389881, -0.143426]","[""98472f6b-45bc-4814-a4b8-914f8f6976dd::ceiling-raw::0:1:0"", ""98472f6b-45bc-4814-a4b8-914f8f6976dd::ceiling-raw::0:1:1"", ""98472f6b-45bc-4814-a4b8-914f8f6976dd::ceiling-raw::0:2:2""]"
98472f6b-45bc-4814-a4b8-914f8f6976dd,0,98472f6b-45bc-4814-a4b8-914f8f6976dd::eave-chain::0:5,2,4.992418,54.436707,0.6185,"[-2.5644, 4.3776]","[-0.5338, 5.8294]","[""98472f6b-45bc-4814-a4b8-914f8f6976dd::ceiling-raw::0:1:1"", ""98472f6b-45bc-4814-a4b8-914f8f6976dd::ceiling-raw::0:1:4""]"
98472f6b-45bc-4814-a4b8-914f8f6976dd,0,98472f6b-45bc-4814-a4b8-914f8f6976dd::eave-chain::0:6,1,1.529887,75.458561,0.71505,"[1.6786, 4.3191]","[0.1982, 3.9351]","[""98472f6b-45bc-4814-a4b8-914f8f6976dd::ceiling-raw::0:2:0""]"
98472f6b-45bc-4814-a4b8-914f8f6976dd,0,98472f6b-45bc-4814-a4b8-914f8f6976dd::eave-chain::0:7,1,3.144422,75.257086,0.7276,"[1.3464, 1.785]","[-1.6945, 0.9848]","[""98472f6b-45bc-4814-a4b8-914f8f6976dd::ceiling-raw::0:2:2""]"
98472f6b-45bc-4814-a4b8-914f8f6976dd,0,98472f6b-45bc-4814-a4b8-914f8f6976dd::eave-chain::0:8,1,3.144422,75.257086,0.7276,"[-1.3971, -0.1453]","[1.6438, 0.6549]","[""98472f6b-45bc-4814-a4b8-914f8f6976dd::ceiling-raw::0:2:2""]"
98472f6b-45bc-4814-a4b8-914f8f6976dd,0,98472f6b-45bc-4814-a4b8-914f8f6976dd::eave-chain::0:9,2,11.329265,74.867126,0.7633,"[1.1918, -1.5396]","[6.66, -0.0608]","[""98472f6b-45bc-4814-a4b8-914f8f6976dd::ceiling-raw::0:3:0"", ""98472f6b-45bc-4814-a4b8-914f8f6976dd::ceiling-raw::0:3:1""]"
98472f6b-45bc-4814-a4b8-914f8f6976dd,0,98472f6b-45bc-4814-a4b8-914f8f6976dd::eave-chain::0:10,1,4.468156,164.866458,0.7633,"[6.66, -0.0608]","[5.4935, 4.2524]","[""98472f6b-45bc-4814-a4b8-914f8f6976dd::ceiling-raw::0:3:0""]"
98472f6b-45bc-4814-a4b8-914f8f6976dd,0,98472f6b-45bc-4814-a4b8-914f8f6976dd::eave-chain::0:11,3,7.635353,74.304662,0.533266,"[-0.393643, -3.538099]","[7.035716, -1.450452]","[""98472f6b-45bc-4814-a4b8-914f8f6976dd::ceiling-raw::0:3:1"", ""98472f6b-45bc-4814-a4b8-914f8f6976dd::ceiling-raw::0:6:1"", ""98472f6b-45bc-4814-a4b8-914f8f6976dd::ceiling-raw::0:6:3""]"
98472f6b-45bc-4814-a4b8-914f8f6976dd,0,98472f6b-45bc-4814-a4b8-914f8f6976dd::eave-chain::0:12,1,1.003602,164.867055,0.7159,"[3.105, 6.039]","[3.367, 5.0702]","[""98472f6b-45bc-4814-a4b8-914f8f6976dd::ceiling-raw::0:4:0""]"
98472f6b-45bc-4814-a4b8-914f8f6976dd,0,98472f6b-45bc-4814-a4b8-914f8f6976dd::eave-chain::0:13,1,2.891618,54.557682,0.7159,"[3.367, 5.0702]","[5.7228, 6.747]","[""98472f6b-45bc-4814-a4b8-914f8f6976dd::ceiling-raw::0:4:0""]"
98472f6b-45bc-4814-a4b8-914f8f6976dd,0,98472f6b-45bc-4814-a4b8-914f8f6976dd::eave-chain::0:14,2,5.11354,73.996761,0.809834,"[5.725994, 6.735863]","[1.780561, 5.604287]","[""98472f6b-45bc-4814-a4b8-914f8f6976dd::ceiling-raw::0:4:0"", ""98472f6b-45bc-4814-a4b8-914f8f6976dd::ceiling-raw::0:4:2""]"
98472f6b-45bc-4814-a4b8-914f8f6976dd,0,98472f6b-45bc-4814-a4b8-914f8f6976dd::eave-chain::0:15,2,3.482134,106.057735,0.918175,"[3.457211, 5.108647]","[1.784199, 5.5902]","[""98472f6b-45bc-4814-a4b8-914f8f6976dd::ceiling-raw::0:4:2"", ""98472f6b-45bc-4814-a4b8-914f8f6976dd::ceiling-raw::0:4:3""]"
98472f6b-45bc-4814-a4b8-914f8f6976dd,0,98472f6b-45bc-4814-a4b8-914f8f6976dd::eave-chain::0:16,1,0.903416,164.870036,0.9159,"[4.3386, 5.3458]","[4.1028, 6.2179]","[""98472f6b-45bc-4814-a4b8-914f8f6976dd::ceiling-raw::0:4:2""]"
992198d7-4dfe-4ecd-9fa0-b66fa6cac3fd,0,992198d7-4dfe-4ecd-9fa0-b66fa6cac3fd::eave-chain::0:0,2,6.716609,97.917546,0.675403,"[-0.727049, 0.173959]","[-4.079949, 0.640259]","[""992198d7-4dfe-4ecd-9fa0-b66fa6cac3fd::ceiling-raw::0:0:0"", ""992198d7-4dfe-4ecd-9fa0-b66fa6cac3fd::ceiling-raw::0:1:0""]"
992198d7-4dfe-4ecd-9fa0-b66fa6cac3fd,0,992198d7-4dfe-4ecd-9fa0-b66fa6cac3fd::eave-chain::0:1,5,16.63078,8.221578,0.674308,"[-2.01958, 14.825186]","[-4.574543, -2.857857]","[""992198d7-4dfe-4ecd-9fa0-b66fa6cac3fd::ceiling-raw::0:0:0"", ""992198d7-4dfe-4ecd-9fa0-b66fa6cac3fd::ceiling-raw::0:1:0"", ""992198d7-4dfe-4ecd-9fa0-b66fa6cac3fd::ceiling-raw::0:2:0"", ""992198d7-4dfe-4ecd-9fa0-b66fa6cac3fd::ceiling-raw::0:4:2"", ""992198d7-4dfe-4ecd-9fa0-b66fa6cac3fd::ceiling-raw::0:6:0""]"
992198d7-4dfe-4ecd-9fa0-b66fa6cac3fd,0,992198d7-4dfe-4ecd-9fa0-b66fa6cac3fd::eave-chain::0:2,1,3.372248,97.966952,0.664,"[-4.5694, -2.8586]","[-1.2297, -3.326]","[""992198d7-4dfe-4ecd-9fa0-b66fa6cac3fd::ceiling-raw::0:0:0""]"
992198d7-4dfe-4ecd-9fa0-b66fa6cac3fd,0,992198d7-4dfe-4ecd-9fa0-b66fa6cac3fd::eave-chain::0:3,3,11.87926,8.088966,0.670911,"[0.123213, 6.186406]","[-1.228753, -3.326135]","[""992198d7-4dfe-4ecd-9fa0-b66fa6cac3fd::ceiling-raw::0:0:0"", ""992198d7-4dfe-4ecd-9fa0-b66fa6cac3fd::ceiling-raw::0:2:0"", ""992198d7-4dfe-4ecd-9fa0-b66fa6cac3fd::ceiling-raw::0:7:0""]"
992198d7-4dfe-4ecd-9fa0-b66fa6cac3fd,0,992198d7-4dfe-4ecd-9fa0-b66fa6cac3fd::eave-chain::0:4,2,6.698323,97.966964,0.684496,"[-3.572154, 4.146239]","[-0.236749, 3.67944]","[""992198d7-4dfe-4ecd-9fa0-b66fa6cac3fd::ceiling-raw::0:1:0"", ""992198d7-4dfe-4ecd-9fa0-b66fa6cac3fd::ceiling-raw::0:2:0""]"
992198d7-4dfe-4ecd-9fa0-b66fa6cac3fd,0,992198d7-4dfe-4ecd-9fa0-b66fa6cac3fd::eave-chain::0:5,1,1.081934,97.963841,0.6821,"[-0.0581, 5.056]","[-1.1296, 5.2059]","[""992198d7-4dfe-4ecd-9fa0-b66fa6cac3fd::ceiling-raw::0:2:0""]"
992198d7-4dfe-4ecd-9fa0-b66fa6cac3fd,0,992198d7-4dfe-4ecd-9fa0-b66fa6cac3fd::eave-chain::0:6,1,1.320131,7.963765,0.6821,"[-1.1296, 5.2059]","[-0.9467, 6.5133]","[""992198d7-4dfe-4ecd-9fa0-b66fa6cac3fd::ceiling-raw::0:2:0""]"
992198d7-4dfe-4ecd-9fa0-b66fa6cac3fd,0,992198d7-4dfe-4ecd-9fa0-b66fa6cac3fd::eave-chain::0:7,1,2.272127,97.966414,0.6821,"[-0.9467, 6.5133]","[-3.1969, 6.8282]","[""992198d7-4dfe-4ecd-9fa0-b66fa6cac3fd::ceiling-raw::0:2:0""]"
992198d7-4dfe-4ecd-9fa0-b66fa6cac3fd,0,992198d7-4dfe-4ecd-9fa0-b66fa6cac3fd::eave-chain::0:8,2,1.284394,97.966076,0.6938,"[2.6782, 4.7498]","[3.3142, 4.6608]","[""992198d7-4dfe-4ecd-9fa0-b66fa6cac3fd::ceiling-raw::0:3:0"", ""992198d7-4dfe-4ecd-9fa0-b66fa6cac3fd::ceiling-raw::0:3:1""]"
992198d7-4dfe-4ecd-9fa0-b66fa6cac3fd,0,992198d7-4dfe-4ecd-9fa0-b66fa6cac3fd::eave-chain::0:9,4,6.985092,8.010372,0.677867,"[2.466072, -1.347391]","[3.457418, 5.697151]","[""992198d7-4dfe-4ecd-9fa0-b66fa6cac3fd::ceiling-raw::0:3:0"", ""992198d7-4dfe-4ecd-9fa0-b66fa6cac3fd::ceiling-raw::0:3:1"", ""992198d7-4dfe-4ecd-9fa0-b66fa6cac3fd::ceiling-raw::0:7:0"", ""992198d7-4dfe-4ecd-9fa0-b66fa6cac3fd::ceiling-raw::0:7:1""]"
992198d7-4dfe-4ecd-9fa0-b66fa6cac3fd,0,992198d7-4dfe-4ecd-9fa0-b66fa6cac3fd::eave-chain::0:10,1,1.037613,97.966111,0.6938,"[3.4592, 5.6969]","[2.4316, 5.8407]","[""992198d7-4dfe-4ecd-9fa0-b66fa6cac3fd::ceiling-raw::0:3:0""]"
992198d7-4dfe-4ecd-9fa0-b66fa6cac3fd,0,992198d7-4dfe-4ecd-9fa0-b66fa6cac3fd::eave-chain::0:11,2,4.009355,97.748261,0.682501,"[3.190399, 3.774191]","[1.118531, 4.056096]","[""992198d7-4dfe-4ecd-9fa0-b66fa6cac3fd::ceiling-raw::0:3:1"", ""992198d7-4dfe-4ecd-9fa0-b66fa6cac3fd::ceiling-raw::0:7:0""]"
992198d7-4dfe-4ecd-9fa0-b66fa6cac3fd,0,992198d7-4dfe-4ecd-9fa0-b66fa6cac3fd::eave-chain::0:12,1,2.787299,7.966435,1.4967,"[3.5006, 6.6206]","[3.8869, 9.381]","[""992198d7-4dfe-4ecd-9fa0-b66fa6cac3fd::ceiling-raw::0:4:0""]"
992198d7-4dfe-4ecd-9fa0-b66fa6cac3fd,0,992198d7-4dfe-4ecd-9fa0-b66fa6cac3fd::eave-chain::0:13,1,3.120913,97.965756,1.4967,"[3.8869, 9.381]","[0.7961, 9.8135]","[""992198d7-4dfe-4ecd-9fa0-b66fa6cac3fd::ceiling-raw::0:4:0""]"
992198d7-4dfe-4ecd-9fa0-b66fa6cac3fd,0,992198d7-4dfe-4ecd-9fa0-b66fa6cac3fd::eave-chain::0:14,2,8.083137,8.39681,1.496366,"[0.264826, 6.271544]","[1.038146, 11.51047]","[""992198d7-4dfe-4ecd-9fa0-b66fa6cac3fd::ceiling-raw::0:4:0"", ""992198d7-4dfe-4ecd-9fa0-b66fa6cac3fd::ceiling-raw::0:4:2""]"
992198d7-4dfe-4ecd-9fa0-b66fa6cac3fd,0,992198d7-4dfe-4ecd-9fa0-b66fa6cac3fd::eave-chain::0:15,1,3.253594,83.838721,1.4967,"[0.2658, 6.2714]","[3.5006, 6.6206]","[""992198d7-4dfe-4ecd-9fa0-b66fa6cac3fd::ceiling-raw::0:4:0""]"
992198d7-4dfe-4ecd-9fa0-b66fa6cac3fd,0,992198d7-4dfe-4ecd-9fa0-b66fa6cac3fd::eave-chain::0:16,3,7.377398,8.183044,0.667753,"[4.742772, 13.907983]","[4.08774, 9.352827]","[""992198d7-4dfe-4ecd-9fa0-b66fa6cac3fd::ceiling-raw::0:4:1"", ""992198d7-4dfe-4ecd-9fa0-b66fa6cac3fd::ceiling-raw::0:5:0""]"
992198d7-4dfe-4ecd-9fa0-b66fa6cac3fd,0,992198d7-4dfe-4ecd-9fa0-b66fa6cac3fd::eave-chain::0:17,1,4.982479,97.966012,0.6579,"[4.0615, 9.3566]","[8.9959, 8.6661]","[""992198d7-4dfe-4ecd-9fa0-b66fa6cac3fd::ceiling-raw::0:4:1""]"
992198d7-4dfe-4ecd-9fa0-b66fa6cac3fd,0,992198d7-4dfe-4ecd-9fa0-b66fa6cac3fd::eave-chain::0:18,1,4.601799,7.965467,0.6579,"[8.9959, 8.6661]","[9.6336, 13.2235]","[""992198d7-4dfe-4ecd-9fa0-b66fa6cac3fd::ceiling-raw::0:4:1""]"
992198d7-4dfe-4ecd-9fa0-b66fa6cac3fd,0,992198d7-4dfe-4ecd-9fa0-b66fa6cac3fd::eave-chain::0:19,2,8.305421,97.698434,0.668594,"[9.633877, 13.225549]","[1.341955, 14.34643]","[""992198d7-4dfe-4ecd-9fa0-b66fa6cac3fd::ceiling-raw::0:4:1"", ""992198d7-4dfe-4ecd-9fa0-b66fa6cac3fd::ceiling-raw::0:5:0""]"
992198d7-4dfe-4ecd-9fa0-b66fa6cac3fd,0,992198d7-4dfe-4ecd-9fa0-b66fa6cac3fd::eave-chain::0:20,5,4.924296,8.832493,0.6841,"[0.923551, 11.613281]","[1.347696, 14.342853]","[""992198d7-4dfe-4ecd-9fa0-b66fa6cac3fd::ceiling-raw::0:5:0"", ""992198d7-4dfe-4ecd-9fa0-b66fa6cac3fd::ceiling-raw::0:5:1""]"
992198d7-4dfe-4ecd-9fa0-b66fa6cac3fd,0,992198d7-4dfe-4ecd-9fa0-b66fa6cac3fd::eave-chain::0:21,1,1.542026,97.924644,0.6841,"[1.2502, 13.7497]","[-0.2771, 13.9623]","[""992198d7-4dfe-4ecd-9fa0-b66fa6cac3fd::ceiling-raw::0:5:1""]"
992198d7-4dfe-4ecd-9fa0-b66fa6cac3fd,0,992198d7-4dfe-4ecd-9fa0-b66fa6cac3fd::eave-chain::0:22,2,4.591494,7.530636,0.686535,"[-0.607586, 11.826195]","[-0.243961, 14.576836]","[""992198d7-4dfe-4ecd-9fa0-b66fa6cac3fd::ceiling-raw::0:5:1"", ""992198d7-4dfe-4ecd-9fa0-b66fa6cac3fd::ceiling-raw::0:6:0""]"
992198d7-4dfe-4ecd-9fa0-b66fa6cac3fd,0,992198d7-4dfe-4ecd-9fa0-b66fa6cac3fd::eave-chain::0:23,1,1.733324,97.965551,0.6887,"[-0.2747, 14.5809]","[-1.9913, 14.8211]","[""992198d7-4dfe-4ecd-9fa0-b66fa6cac3fd::ceiling-raw::0:6:0""]"
992198d7-4dfe-4ecd-9fa0-b66fa6cac3fd,0,992198d7-4dfe-4ecd-9fa0-b66fa6cac3fd::eave-chain::0:24,1,1.110007,97.964396,0.6887,"[-2.3679, 12.1299]","[-1.2686, 11.9761]","[""992198d7-4dfe-4ecd-9fa0-b66fa6cac3fd::ceiling-raw::0:6:0""]"
992198d7-4dfe-4ecd-9fa0-b66fa6cac3fd,0,992198d7-4dfe-4ecd-9fa0-b66fa6cac3fd::eave-chain::0:25,2,5.424757,7.859447,0.672,"[0.4369, -1.0673]","[0.8078, 1.6196]","[""992198d7-4dfe-4ecd-9fa0-b66fa6cac3fd::ceiling-raw::0:7:0"", ""992198d7-4dfe-4ecd-9fa0-b66fa6cac3fd::ceiling-raw::0:7:1""]"
992198d7-4dfe-4ecd-9fa0-b66fa6cac3fd,0,992198d7-4dfe-4ecd-9fa0-b66fa6cac3fd::eave-chain::0:26,2,4.105564,97.85932,0.672,"[0.8078, 1.6196]","[2.8413, 1.3389]","[""992198d7-4dfe-4ecd-9fa0-b66fa6cac3fd::ceiling-raw::0:7:0"", ""992198d7-4dfe-4ecd-9fa0-b66fa6cac3fd::ceiling-raw::0:7:1""]"
992198d7-4dfe-4ecd-9fa0-b66fa6cac3fd,0,992198d7-4dfe-4ecd-9fa0-b66fa6cac3fd::eave-chain::0:27,1,1.248227,97.860056,0.672,"[1.3886, 6.0116]","[0.1521, 6.1823]","[""992198d7-4dfe-4ecd-9fa0-b66fa6cac3fd::ceiling-raw::0:7:0""]"
992198d7-4dfe-4ecd-9fa0-b66fa6cac3fd,0,992198d7-4dfe-4ecd-9fa0-b66fa6cac3fd::eave-chain::0:28,2,3.36612,97.859507,0.672,"[-0.864101, -0.887705]","[2.4704, -1.348003]","[""992198d7-4dfe-4ecd-9fa0-b66fa6cac3fd::ceiling-raw::0:7:0"", ""992198d7-4dfe-4ecd-9fa0-b66fa6cac3fd::ceiling-raw::0:7:1""]"
9bb4ada4-60fb-4ab0-8e05-de49acc92623,0,9bb4ada4-60fb-4ab0-8e05-de49acc92623::eave-chain::0:0,2,1.989409,151.919065,1.005812,"[-6.499338, 4.54597]","[-6.998404, 5.481388]","[""9bb4ada4-60fb-4ab0-8e05-de49acc92623::ceiling-raw::0:0:0"", ""9bb4ada4-60fb-4ab0-8e05-de49acc92623::ceiling-raw::0:1:0""]"
9bb4ada4-60fb-4ab0-8e05-de49acc92623,0,9bb4ada4-60fb-4ab0-8e05-de49acc92623::eave-chain::0:1,4,8.129789,62.056776,0.994939,"[-2.298241, 7.954625]","[-9.612124, 4.075056]","[""9bb4ada4-60fb-4ab0-8e05-de49acc92623::ceiling-raw::0:0:0"", ""9bb4ada4-60fb-4ab0-8e05-de49acc92623::ceiling-raw::0:1:0"", ""9bb4ada4-60fb-4ab0-8e05-de49acc92623::ceiling-raw::0:1:1"", ""9bb4ada4-60fb-4ab0-8e05-de49acc92623::ceiling-raw::0:2:0""]"
9bb4ada4-60fb-4ab0-8e05-de49acc92623,0,9bb4ada4-60fb-4ab0-8e05-de49acc92623::eave-chain::0:2,1,3.731947,151.826726,1.023,"[-9.6148, 4.0801]","[-7.8528, 0.7903]","[""9bb4ada4-60fb-4ab0-8e05-de49acc92623::ceiling-raw::0:0:0""]"
9bb4ada4-60fb-4ab0-8e05-de49acc92623,0,9bb4ada4-60fb-4ab0-8e05-de49acc92623::eave-chain::0:3,2,7.43137,61.99499,1.000656,"[-7.823173, 0.734591]","[-4.280994, 2.618399]","[""9bb4ada4-60fb-4ab0-8e05-de49acc92623::ceiling-raw::0:0:0"", ""9bb4ada4-60fb-4ab0-8e05-de49acc92623::ceiling-raw::0:5:0""]"
9bb4ada4-60fb-4ab0-8e05-de49acc92623,0,9bb4ada4-60fb-4ab0-8e05-de49acc92623::eave-chain::0:4,2,1.636292,151.09164,0.9862,"[-5.6833, 5.2241]","[-6.0788, 5.9403]","[""9bb4ada4-60fb-4ab0-8e05-de49acc92623::ceiling-raw::0:1:0"", ""9bb4ada4-60fb-4ab0-8e05-de49acc92623::ceiling-raw::0:1:1""]"
9bb4ada4-60fb-4ab0-8e05-de49acc92623,0,9bb4ada4-60fb-4ab0-8e05-de49acc92623::eave-chain::0:5,2,4.771102,151.329039,0.977445,"[-4.642441, 6.710046]","[-3.249754, 4.163189]","[""9bb4ada4-60fb-4ab0-8e05-de49acc92623::ceiling-raw::0:1:1"", ""9bb4ada4-60fb-4ab0-8e05-de49acc92623::ceiling-raw::0:2:0""]"
9bb4ada4-60fb-4ab0-8e05-de49acc92623,0,9bb4ada4-60fb-4ab0-8e05-de49acc92623::eave-chain::0:6,4,21.615974,152.079356,0.873499,"[3.080758, -2.020738]","[-2.229711, 8.000261]","[""9bb4ada4-60fb-4ab0-8e05-de49acc92623::ceiling-raw::0:2:0"", ""9bb4ada4-60fb-4ab0-8e05-de49acc92623::ceiling-raw::0:3:1"", ""9bb4ada4-60fb-4ab0-8e05-de49acc92623::ceiling-raw::0:7:0"", ""9bb4ada4-60fb-4ab0-8e05-de49acc92623::ceiling-raw::0:7:1""]"
9bb4ada4-60fb-4ab0-8e05-de49acc92623,0,9bb4ada4-60fb-4ab0-8e05-de49acc92623::eave-chain::0:7,1,1.075731,168.048505,0.3003,"[1.7508, 5.3475]","[1.5281, 6.3996]","[""9bb4ada4-60fb-4ab0-8e05-de49acc92623::ceiling-raw::0:3:1""]"
9bb4ada4-60fb-4ab0-8e05-de49acc92623,0,9bb4ada4-60fb-4ab0-8e05-de49acc92623::eave-chain::0:8,1,3.089232,151.893581,0.3024,"[1.5281, 6.3996]","[0.0728, 9.1244]","[""9bb4ada4-60fb-4ab0-8e05-de49acc92623::ceiling-raw::0:3:1""]"
9bb4ada4-60fb-4ab0-8e05-de49acc92623,0,9bb4ada4-60fb-4ab0-8e05-de49acc92623::eave-chain::0:9,1,1.560138,151.826844,0.975,"[-7.3005, 0.9287]","[-6.5639, -0.4466]","[""9bb4ada4-60fb-4ab0-8e05-de49acc92623::ceiling-raw::0:5:0""]"
9bb4ada4-60fb-4ab0-8e05-de49acc92623,0,9bb4ada4-60fb-4ab0-8e05-de49acc92623::eave-chain::0:10,2,8.965873,61.430651,0.961538,"[-6.982581, -0.768358]","[-2.092183, 1.894581]","[""9bb4ada4-60fb-4ab0-8e05-de49acc92623::ceiling-raw::0:5:0"", ""9bb4ada4-60fb-4ab0-8e05-de49acc92623::ceiling-raw::0:6:0""]"
9bb4ada4-60fb-4ab0-8e05-de49acc92623,0,9bb4ada4-60fb-4ab0-8e05-de49acc92623::eave-chain::0:11,1,1.910756,151.828207,0.9442,"[-6.958, -0.8135]","[-6.0559, -2.4979]","[""9bb4ada4-60fb-4ab0-8e05-de49acc92623::ceiling-raw::0:6:0""]"
9bb4ada4-60fb-4ab0-8e05-de49acc92623,0,9bb4ada4-60fb-4ab0-8e05-de49acc92623::eave-chain::0:12,1,3.047128,61.826086,0.9442,"[-6.0559, -2.4979]","[-8.742, -3.9366]","[""9bb4ada4-60fb-4ab0-8e05-de49acc92623::ceiling-raw::0:6:0""]"
9bb4ada4-60fb-4ab0-8e05-de49acc92623,0,9bb4ada4-60fb-4ab0-8e05-de49acc92623::eave-chain::0:13,1,3.919535,151.827853,0.9442,"[-8.742, -3.9366]","[-6.8915, -7.3918]","[""9bb4ada4-60fb-4ab0-8e05-de49acc92623::ceiling-raw::0:6:0""]"
9bb4ada4-60fb-4ab0-8e05-de49acc92623,0,9bb4ada4-60fb-4ab0-8e05-de49acc92623::eave-chain::0:14,2,11.181618,61.694924,0.937376,"[-6.890861, -7.392987]","[3.067165, -2.030005]","[""9bb4ada4-60fb-4ab0-8e05-de49acc92623::ceiling-raw::0:6:0"", ""9bb4ada4-60fb-4ab0-8e05-de49acc92623::ceiling-raw::0:7:1""]"
9bb4ada4-60fb-4ab0-8e05-de49acc92623,0,9bb4ada4-60fb-4ab0-8e05-de49acc92623::eave-chain::0:15,2,10.523464,151.684426,0.936128,"[-0.68821, -4.069085]","[-3.453673, 1.063593]","[""9bb4ada4-60fb-4ab0-8e05-de49acc92623::ceiling-raw::0:6:0"", ""9bb4ada4-60fb-4ab0-8e05-de49acc92623::ceiling-raw::0:7:1""]"
9bb4ada4-60fb-4ab0-8e05-de49acc92623,0,9bb4ada4-60fb-4ab0-8e05-de49acc92623::eave-chain::0:16,1,1.933574,61.827287,0.9397,"[0.7529, -1.7324]","[2.4574, -0.8195]","[""9bb4ada4-60fb-4ab0-8e05-de49acc92623::ceiling-raw::0:7:0""]"
9bc73438-328e-440e-a4be-25efa61d3b7c,0,9bc73438-328e-440e-a4be-25efa61d3b7c::eave-chain::0:0,1,1.879233,85.369793,0.5982,"[4.1026, -13.1321]","[5.9757, -12.9804]","[""9bc73438-328e-440e-a4be-25efa61d3b7c::ceiling-raw::0:2:0""]"
9bc73438-328e-440e-a4be-25efa61d3b7c,0,9bc73438-328e-440e-a4be-25efa61d3b7c::eave-chain::0:1,2,3.563026,85.620379,0.747977,"[5.818267, -11.032815]","[3.932766, -11.177222]","[""9bc73438-328e-440e-a4be-25efa61d3b7c::ceiling-raw::0:2:0"", ""9bc73438-328e-440e-a4be-25efa61d3b7c::ceiling-raw::0:3:0""]"
9bc73438-328e-440e-a4be-25efa61d3b7c,0,9bc73438-328e-440e-a4be-25efa61d3b7c::eave-chain::0:2,4,9.690819,175.8516,0.873978,"[5.600997, -10.982099]","[4.875481, -0.97912]","[""9bc73438-328e-440e-a4be-25efa61d3b7c::ceiling-raw::0:3:0"", ""9bc73438-328e-440e-a4be-25efa61d3b7c::ceiling-raw::0:6:0"", ""9bc73438-328e-440e-a4be-25efa61d3b7c::ceiling-raw::0:7:0"", ""9bc73438-328e-440e-a4be-25efa61d3b7c::ceiling-raw::0:8:0""]"
9bc73438-328e-440e-a4be-25efa61d3b7c,0,9bc73438-328e-440e-a4be-25efa61d3b7c::eave-chain::0:3,2,3.386147,85.350078,0.826149,"[3.750581, -8.925292]","[5.448318, -8.787206]","[""9bc73438-328e-440e-a4be-25efa61d3b7c::ceiling-raw::0:3:0"", ""9bc73438-328e-440e-a4be-25efa61d3b7c::ceiling-raw::0:8:0""]"
9bc73438-328e-440e-a4be-25efa61d3b7c,0,9bc73438-328e-440e-a4be-25efa61d3b7c::eave-chain::0:4,2,4.01751,175.383473,0.8158,"[3.596764, -7.013703]","[3.928148, -11.117604]","[""9bc73438-328e-440e-a4be-25efa61d3b7c::ceiling-raw::0:3:0"", ""9bc73438-328e-440e-a4be-25efa61d3b7c::ceiling-raw::0:8:0""]"
9bc73438-328e-440e-a4be-25efa61d3b7c,0,9bc73438-328e-440e-a4be-25efa61d3b7c::eave-chain::0:5,6,17.250807,86.96708,0.892326,"[1.947064, -9.407174]","[-4.090567, -9.727071]","[""9bc73438-328e-440e-a4be-25efa61d3b7c::ceiling-raw::0:4:0"", ""9bc73438-328e-440e-a4be-25efa61d3b7c::ceiling-raw::0:4:2"", ""9bc73438-328e-440e-a4be-25efa61d3b7c::ceiling-raw::0:6:0""]"
9bc73438-328e-440e-a4be-25efa61d3b7c,0,9bc73438-328e-440e-a4be-25efa61d3b7c::eave-chain::0:6,1,0.40371,175.382506,0.8918,"[0.5077, -9.6624]","[0.4752, -9.26]","[""9bc73438-328e-440e-a4be-25efa61d3b7c::ceiling-raw::0:4:0""]"
9bc73438-328e-440e-a4be-25efa61d3b7c,0,9bc73438-328e-440e-a4be-25efa61d3b7c::eave-chain::0:7,1,0.571363,175.3721,0.6797,"[0.2611, -11.5026]","[0.215, -10.9331]","[""9bc73438-328e-440e-a4be-25efa61d3b7c::ceiling-raw::0:4:1""]"
9bc73438-328e-440e-a4be-25efa61d3b7c,0,9bc73438-328e-440e-a4be-25efa61d3b7c::eave-chain::0:8,2,5.731233,85.634604,0.669338,"[-3.96449, -11.248105]","[0.607852, -10.89906]","[""9bc73438-328e-440e-a4be-25efa61d3b7c::ceiling-raw::0:4:1"", ""9bc73438-328e-440e-a4be-25efa61d3b7c::ceiling-raw::0:4:2""]"
9bc73438-328e-440e-a4be-25efa61d3b7c,0,9bc73438-328e-440e-a4be-25efa61d3b7c::eave-chain::0:9,1,0.589226,175.36637,0.6797,"[-0.9281, -11.0078]","[-0.8805, -11.5951]","[""9bc73438-328e-440e-a4be-25efa61d3b7c::ceiling-raw::0:4:1""]"
9bc73438-328e-440e-a4be-25efa61d3b7c,0,9bc73438-328e-440e-a4be-25efa61d3b7c::eave-chain::0:10,1,1.145341,85.367636,0.6797,"[-0.8805, -11.5951]","[0.2611, -11.5026]","[""9bc73438-328e-440e-a4be-25efa61d3b7c::ceiling-raw::0:4:1""]"
9bc73438-328e-440e-a4be-25efa61d3b7c,0,9bc73438-328e-440e-a4be-25efa61d3b7c::eave-chain::0:11,2,6.37169,175.565035,0.910703,"[1.953081, -8.996153]","[1.596995, -4.405042]","[""9bc73438-328e-440e-a4be-25efa61d3b7c::ceiling-raw::0:6:0"", ""9bc73438-328e-440e-a4be-25efa61d3b7c::ceiling-raw::0:7:0""]"
9bc73438-328e-440e-a4be-25efa61d3b7c,0,9bc73438-328e-440e-a4be-25efa61d3b7c::eave-chain::0:12,2,6.541145,85.48823,0.915366,"[1.556604, -4.445196]","[5.130685, -4.163171]","[""9bc73438-328e-440e-a4be-25efa61d3b7c::ceiling-raw::0:6:0"", ""9bc73438-328e-440e-a4be-25efa61d3b7c::ceiling-raw::0:7:0""]"
9bc73438-328e-440e-a4be-25efa61d3b7c,0,9bc73438-328e-440e-a4be-25efa61d3b7c::eave-chain::0:13,1,7.025526,85.370051,0.9033,"[4.873, -0.9793]","[-2.1296, -1.5464]","[""9bc73438-328e-440e-a4be-25efa61d3b7c::ceiling-raw::0:6:0""]"
9bc73438-328e-440e-a4be-25efa61d3b7c,0,9bc73438-328e-440e-a4be-25efa61d3b7c::eave-chain::0:14,1,7.7549,175.370607,0.9033,"[-2.1296, -1.5464]","[-1.5037, -9.276]","[""9bc73438-328e-440e-a4be-25efa61d3b7c::ceiling-raw::0:6:0""]"
9bc73438-328e-440e-a4be-25efa61d3b7c,0,9bc73438-328e-440e-a4be-25efa61d3b7c::eave-chain::0:15,2,5.173781,86.319805,0.940529,"[1.839617, -7.041347]","[5.30341, -6.818555]","[""9bc73438-328e-440e-a4be-25efa61d3b7c::ceiling-raw::0:7:0"", ""9bc73438-328e-440e-a4be-25efa61d3b7c::ceiling-raw::0:8:0""]"
9bdc330e-6144-499b-9c70-3fc6f0c4ebf3,0,9bdc330e-6144-499b-9c70-3fc6f0c4ebf3::eave-chain::0:0,1,7.114245,99.844039,0.9797,"[9.0158, -0.1109]","[2.0063, 1.1054]","[""9bdc330e-6144-499b-9c70-3fc6f0c4ebf3::ceiling-raw::0:13:0""]"
9bdc330e-6144-499b-9c70-3fc6f0c4ebf3,0,9bdc330e-6144-499b-9c70-3fc6f0c4ebf3::eave-chain::0:1,1,3.563674,9.844526,0.9797,"[2.0063, 1.1054]","[1.397, -2.4058]","[""9bdc330e-6144-499b-9c70-3fc6f0c4ebf3::ceiling-raw::0:13:0""]"
9bdc330e-6144-499b-9c70-3fc6f0c4ebf3,0,9bdc330e-6144-499b-9c70-3fc6f0c4ebf3::eave-chain::0:2,1,7.114245,99.844039,0.9797,"[1.397, -2.4058]","[8.4065, -3.6221]","[""9bdc330e-6144-499b-9c70-3fc6f0c4ebf3::ceiling-raw::0:13:0""]"
9bdc330e-6144-499b-9c70-3fc6f0c4ebf3,0,9bdc330e-6144-499b-9c70-3fc6f0c4ebf3::eave-chain::0:3,1,3.563674,9.844526,0.9797,"[8.4065, -3.6221]","[9.0158, -0.1109]","[""9bdc330e-6144-499b-9c70-3fc6f0c4ebf3::ceiling-raw::0:13:0""]"
9bdc330e-6144-499b-9c70-3fc6f0c4ebf3,1,9bdc330e-6144-499b-9c70-3fc6f0c4ebf3::eave-chain::1:0,1,0.608641,100.211386,3.599,"[8.3447, 0.5554]","[8.9437, 0.4475]","[""9bdc330e-6144-499b-9c70-3fc6f0c4ebf3::ceiling-raw::1:0:0""]"
9bdc330e-6144-499b-9c70-3fc6f0c4ebf3,1,9bdc330e-6144-499b-9c70-3fc6f0c4ebf3::eave-chain::1:1,2,6.758005,10.44448,3.602283,"[8.168567, -3.690636]","[9.508129, 3.576284]","[""9bdc330e-6144-499b-9c70-3fc6f0c4ebf3::ceiling-raw::1:0:0"", ""9bdc330e-6144-499b-9c70-3fc6f0c4ebf3::ceiling-raw::1:2:0""]"
9bdc330e-6144-499b-9c70-3fc6f0c4ebf3,1,9bdc330e-6144-499b-9c70-3fc6f0c4ebf3::eave-chain::1:2,4,10.818021,100.858803,3.591154,"[9.508048, 3.579258]","[-1.350907, 5.662267]","[""9bdc330e-6144-499b-9c70-3fc6f0c4ebf3::ceiling-raw::1:0:0"", ""9bdc330e-6144-499b-9c70-3fc6f0c4ebf3::ceiling-raw::1:11:0"", ""9bdc330e-6144-499b-9c70-3fc6f0c4ebf3::ceiling-raw::1:3:0"", ""9bdc330e-6144-499b-9c70-3fc6f0c4ebf3::ceiling-raw::1:4:0""]"
9bdc330e-6144-499b-9c70-3fc6f0c4ebf3,1,9bdc330e-6144-499b-9c70-3fc6f0c4ebf3::eave-chain::1:3,2,6.336318,9.943724,3.591367,"[7.327279, 3.994159]","[6.670725, 0.24915]","[""9bdc330e-6144-499b-9c70-3fc6f0c4ebf3::ceiling-raw::1:0:0"", ""9bdc330e-6144-499b-9c70-3fc6f0c4ebf3::ceiling-raw::1:11:0""]"
9bdc330e-6144-499b-9c70-3fc6f0c4ebf3,1,9bdc330e-6144-499b-9c70-3fc6f0c4ebf3::eave-chain::1:4,1,3.378032,100.213823,3.6052,"[8.8046, -0.1689]","[5.4801, 0.4301]","[""9bdc330e-6144-499b-9c70-3fc6f0c4ebf3::ceiling-raw::1:2:0""]"
9bdc330e-6144-499b-9c70-3fc6f0c4ebf3,1,9bdc330e-6144-499b-9c70-3fc6f0c4ebf3::eave-chain::1:5,2,3.660707,10.597583,3.600858,"[4.238109, -2.982608]","[4.693543, -0.54845]","[""9bdc330e-6144-499b-9c70-3fc6f0c4ebf3::ceiling-raw::1:10:0"", ""9bdc330e-6144-499b-9c70-3fc6f0c4ebf3::ceiling-raw::1:2:0""]"
9bdc330e-6144-499b-9c70-3fc6f0c4ebf3,1,9bdc330e-6144-499b-9c70-3fc6f0c4ebf3::eave-chain::1:6,3,10.983419,100.010858,3.598345,"[-2.687835, -1.755801]","[8.173158, -3.673009]","[""9bdc330e-6144-499b-9c70-3fc6f0c4ebf3::ceiling-raw::1:10:0"", ""9bdc330e-6144-499b-9c70-3fc6f0c4ebf3::ceiling-raw::1:2:0"", ""9bdc330e-6144-499b-9c70-3fc6f0c4ebf3::ceiling-raw::1:4:0""]"
9bdc330e-6144-499b-9c70-3fc6f0c4ebf3,1,9bdc330e-6144-499b-9c70-3fc6f0c4ebf3::eave-chain::1:7,2,6.375038,10.496821,3.586924,"[4.91359, 0.623321]","[5.608798, 4.375491]","[""9bdc330e-6144-499b-9c70-3fc6f0c4ebf3::ceiling-raw::1:11:0"", ""9bdc330e-6144-499b-9c70-3fc6f0c4ebf3::ceiling-raw::1:3:0""]"
9bdc330e-6144-499b-9c70-3fc6f0c4ebf3,1,9bdc330e-6144-499b-9c70-3fc6f0c4ebf3::eave-chain::1:8,3,14.921658,10.109744,3.593126,"[1.350903, -2.497103]","[2.672002, 4.912204]","[""9bdc330e-6144-499b-9c70-3fc6f0c4ebf3::ceiling-raw::1:10:0"", ""9bdc330e-6144-499b-9c70-3fc6f0c4ebf3::ceiling-raw::1:3:0"", ""9bdc330e-6144-499b-9c70-3fc6f0c4ebf3::ceiling-raw::1:4:0""]"
9bdc330e-6144-499b-9c70-3fc6f0c4ebf3,1,9bdc330e-6144-499b-9c70-3fc6f0c4ebf3::eave-chain::1:9,1,7.526274,10.214013,3.5913,"[-1.3556, 5.6378]","[-2.6902, -1.7692]","[""9bdc330e-6144-499b-9c70-3fc6f0c4ebf3::ceiling-raw::1:4:0""]"
9bdc330e-6144-499b-9c70-3fc6f0c4ebf3,1,9bdc330e-6144-499b-9c70-3fc6f0c4ebf3::eave-chain::1:10,3,7.759246,100.258028,4.647228,"[-2.57023, 1.035998]","[-10.414936, 2.455687]","[""9bdc330e-6144-499b-9c70-3fc6f0c4ebf3::ceiling-raw::1:5:0"", ""9bdc330e-6144-499b-9c70-3fc6f0c4ebf3::ceiling-raw::1:8:0"", ""9bdc330e-6144-499b-9c70-3fc6f0c4ebf3::ceiling-raw::1:9:0""]"
9bdc330e-6144-499b-9c70-3fc6f0c4ebf3,1,9bdc330e-6144-499b-9c70-3fc6f0c4ebf3::eave-chain::1:11,3,13.289693,9.81124,4.637662,"[-6.513982, 1.765112]","[-7.801295, -5.67893]","[""9bdc330e-6144-499b-9c70-3fc6f0c4ebf3::ceiling-raw::1:5:0"", ""9bdc330e-6144-499b-9c70-3fc6f0c4ebf3::ceiling-raw::1:7:0"", ""9bdc330e-6144-499b-9c70-3fc6f0c4ebf3::ceiling-raw::1:9:0""]"
9bdc330e-6144-499b-9c70-3fc6f0c4ebf3,1,9bdc330e-6144-499b-9c70-3fc6f0c4ebf3::eave-chain::1:12,2,8.022208,100.508462,4.62801,"[-11.798572, -4.916547]","[-3.906475, -6.380466]","[""9bdc330e-6144-499b-9c70-3fc6f0c4ebf3::ceiling-raw::1:5:0"", ""9bdc330e-6144-499b-9c70-3fc6f0c4ebf3::ceiling-raw::1:7:0""]"
9bdc330e-6144-499b-9c70-3fc6f0c4ebf3,1,9bdc330e-6144-499b-9c70-3fc6f0c4ebf3::eave-chain::1:13,1,7.554717,10.213677,4.6559,"[-3.9065, -6.3806]","[-2.5669, 1.0544]","[""9bdc330e-6144-499b-9c70-3fc6f0c4ebf3::ceiling-raw::1:5:0""]"
9bdc330e-6144-499b-9c70-3fc6f0c4ebf3,1,9bdc330e-6144-499b-9c70-3fc6f0c4ebf3::eave-chain::1:14,2,4.982672,100.302219,4.619949,"[-8.58084, -1.842557]","[-11.160125, -1.373718]","[""9bdc330e-6144-499b-9c70-3fc6f0c4ebf3::ceiling-raw::1:7:0"", ""9bdc330e-6144-499b-9c70-3fc6f0c4ebf3::ceiling-raw::1:8:0""]"
9bdc330e-6144-499b-9c70-3fc6f0c4ebf3,1,9bdc330e-6144-499b-9c70-3fc6f0c4ebf3::eave-chain::1:15,2,7.400267,10.634908,4.621895,"[-10.409479, 2.480008]","[-11.798407, -4.916736]","[""9bdc330e-6144-499b-9c70-3fc6f0c4ebf3::ceiling-raw::1:7:0"", ""9bdc330e-6144-499b-9c70-3fc6f0c4ebf3::ceiling-raw::1:8:0""]"
9bdc330e-6144-499b-9c70-3fc6f0c4ebf3,1,9bdc330e-6144-499b-9c70-3fc6f0c4ebf3::eave-chain::1:16,2,6.10586,10.711752,4.638311,"[-8.731228, -1.749931]","[-8.012868, 2.047615]","[""9bdc330e-6144-499b-9c70-3fc6f0c4ebf3::ceiling-raw::1:8:0"", ""9bdc330e-6144-499b-9c70-3fc6f0c4ebf3::ceiling-raw::1:9:0""]"
9c07bf97-56cd-4d82-a99d-00809d1d8537,0,9c07bf97-56cd-4d82-a99d-00809d1d8537::eave-chain::0:0,2,8.303361,109.490125,1.023246,"[-4.86528, -4.077302]","[-9.385587, -2.477454]","[""9c07bf97-56cd-4d82-a99d-00809d1d8537::ceiling-raw::0:0:0"", ""9c07bf97-56cd-4d82-a99d-00809d1d8537::ceiling-raw::0:4:0""]"
9c07bf97-56cd-4d82-a99d-00809d1d8537,0,9c07bf97-56cd-4d82-a99d-00809d1d8537::eave-chain::0:1,2,6.486181,109.564849,1.018247,"[-9.925504, -4.006229]","[-12.989298, -2.917379]","[""9c07bf97-56cd-4d82-a99d-00809d1d8537::ceiling-raw::0:0:0"", ""9c07bf97-56cd-4d82-a99d-00809d1d8537::ceiling-raw::0:2:0""]"
9c07bf97-56cd-4d82-a99d-00809d1d8537,0,9c07bf97-56cd-4d82-a99d-00809d1d8537::eave-chain::0:2,2,7.653068,19.668795,1.018083,"[-11.80879, 0.364103]","[-14.401816, -6.890387]","[""9c07bf97-56cd-4d82-a99d-00809d1d8537::ceiling-raw::0:0:0"", ""9c07bf97-56cd-4d82-a99d-00809d1d8537::ceiling-raw::0:2:0""]"
9c07bf97-56cd-4d82-a99d-00809d1d8537,0,9c07bf97-56cd-4d82-a99d-00809d1d8537::eave-chain::0:3,1,7.960849,109.567309,1.0165,"[-14.4015, -6.8905]","[-6.9004, -9.5567]","[""9c07bf97-56cd-4d82-a99d-00809d1d8537::ceiling-raw::0:0:0""]"
9c07bf97-56cd-4d82-a99d-00809d1d8537,0,9c07bf97-56cd-4d82-a99d-00809d1d8537::eave-chain::0:4,2,10.500179,20.014178,1.023449,"[-6.902396, -9.555973]","[-3.295565, 0.346089]","[""9c07bf97-56cd-4d82-a99d-00809d1d8537::ceiling-raw::0:0:0"", ""9c07bf97-56cd-4d82-a99d-00809d1d8537::ceiling-raw::0:4:0""]"
9c07bf97-56cd-4d82-a99d-00809d1d8537,0,9c07bf97-56cd-4d82-a99d-00809d1d8537::eave-chain::0:5,2,2.809475,110.52882,1.001769,"[-11.160948, 1.722212]","[-9.652281, 1.157279]","[""9c07bf97-56cd-4d82-a99d-00809d1d8537::ceiling-raw::0:1:0"", ""9c07bf97-56cd-4d82-a99d-00809d1d8537::ceiling-raw::0:3:0""]"
9c07bf97-56cd-4d82-a99d-00809d1d8537,0,9c07bf97-56cd-4d82-a99d-00809d1d8537::eave-chain::0:6,3,6.063104,16.43107,1.026107,"[-9.59385, 6.389398]","[-11.394347, 0.284058]","[""9c07bf97-56cd-4d82-a99d-00809d1d8537::ceiling-raw::0:1:0"", ""9c07bf97-56cd-4d82-a99d-00809d1d8537::ceiling-raw::0:3:0"", ""9c07bf97-56cd-4d82-a99d-00809d1d8537::ceiling-raw::0:5:0""]"
9c07bf97-56cd-4d82-a99d-00809d1d8537,0,9c07bf97-56cd-4d82-a99d-00809d1d8537::eave-chain::0:7,2,5.841773,109.473501,1.011576,"[-8.745251, -0.685476]","[-11.797913, 0.39394]","[""9c07bf97-56cd-4d82-a99d-00809d1d8537::ceiling-raw::0:1:0"", ""9c07bf97-56cd-4d82-a99d-00809d1d8537::ceiling-raw::0:2:0""]"
9c07bf97-56cd-4d82-a99d-00809d1d8537,0,9c07bf97-56cd-4d82-a99d-00809d1d8537::eave-chain::0:8,2,4.532784,109.085257,1.02893,"[-10.737138, 2.912467]","[-7.904686, 1.932459]","[""9c07bf97-56cd-4d82-a99d-00809d1d8537::ceiling-raw::0:3:0"", ""9c07bf97-56cd-4d82-a99d-00809d1d8537::ceiling-raw::0:5:0""]"
9c07bf97-56cd-4d82-a99d-00809d1d8537,0,9c07bf97-56cd-4d82-a99d-00809d1d8537::eave-chain::0:9,3,13.908442,109.27791,1.0374,"[-6.661005, 1.593059]","[3.140816, -1.835248]","[""9c07bf97-56cd-4d82-a99d-00809d1d8537::ceiling-raw::0:10:0"", ""9c07bf97-56cd-4d82-a99d-00809d1d8537::ceiling-raw::0:4:0"", ""9c07bf97-56cd-4d82-a99d-00809d1d8537::ceiling-raw::0:8:0""]"
9c07bf97-56cd-4d82-a99d-00809d1d8537,0,9c07bf97-56cd-4d82-a99d-00809d1d8537::eave-chain::0:10,2,4.729989,19.608756,1.021896,"[-8.414572, 3.399057]","[-7.600871, 5.683091]","[""9c07bf97-56cd-4d82-a99d-00809d1d8537::ceiling-raw::0:5:0"", ""9c07bf97-56cd-4d82-a99d-00809d1d8537::ceiling-raw::0:6:0""]"
9c07bf97-56cd-4d82-a99d-00809d1d8537,0,9c07bf97-56cd-4d82-a99d-00809d1d8537::eave-chain::0:11,3,7.737069,108.911879,1.03879,"[-2.013445, 3.757323]","[-9.522046, 6.329832]","[""9c07bf97-56cd-4d82-a99d-00809d1d8537::ceiling-raw::0:5:0"", ""9c07bf97-56cd-4d82-a99d-00809d1d8537::ceiling-raw::0:6:0"", ""9c07bf97-56cd-4d82-a99d-00809d1d8537::ceiling-raw::0:7:0""]"
9c07bf97-56cd-4d82-a99d-00809d1d8537,0,9c07bf97-56cd-4d82-a99d-00809d1d8537::eave-chain::0:12,2,4.790014,19.630863,1.031032,"[-5.441923, 4.994464]","[-6.276714, 2.654088]","[""9c07bf97-56cd-4d82-a99d-00809d1d8537::ceiling-raw::0:6:0"", ""9c07bf97-56cd-4d82-a99d-00809d1d8537::ceiling-raw::0:7:0""]"
9c07bf97-56cd-4d82-a99d-00809d1d8537,0,9c07bf97-56cd-4d82-a99d-00809d1d8537::eave-chain::0:13,2,5.407979,19.888825,1.05356,"[-1.759711, 4.235634]","[-2.781505, 1.411238]","[""9c07bf97-56cd-4d82-a99d-00809d1d8537::ceiling-raw::0:7:0"", ""9c07bf97-56cd-4d82-a99d-00809d1d8537::ceiling-raw::0:9:0""]"
9c07bf97-56cd-4d82-a99d-00809d1d8537,0,9c07bf97-56cd-4d82-a99d-00809d1d8537::eave-chain::0:14,2,1.964685,19.399257,1.038472,"[-0.5667, -0.565558]","[-0.182331, 0.525963]","[""9c07bf97-56cd-4d82-a99d-00809d1d8537::ceiling-raw::0:10:0"", ""9c07bf97-56cd-4d82-a99d-00809d1d8537::ceiling-raw::0:8:0""]"
9c07bf97-56cd-4d82-a99d-00809d1d8537,0,9c07bf97-56cd-4d82-a99d-00809d1d8537::eave-chain::0:15,2,5.937364,19.662112,1.036374,"[1.923285, 3.026013]","[0.908079, 0.184736]","[""9c07bf97-56cd-4d82-a99d-00809d1d8537::ceiling-raw::0:10:0"", ""9c07bf97-56cd-4d82-a99d-00809d1d8537::ceiling-raw::0:9:0""]"
9c07bf97-56cd-4d82-a99d-00809d1d8537,0,9c07bf97-56cd-4d82-a99d-00809d1d8537::eave-chain::0:16,2,6.495569,108.794039,1.038363,"[4.544076, 2.086559]","[-1.703191, 4.212577]","[""9c07bf97-56cd-4d82-a99d-00809d1d8537::ceiling-raw::0:10:0"", ""9c07bf97-56cd-4d82-a99d-00809d1d8537::ceiling-raw::0:9:0""]"
9c07bf97-56cd-4d82-a99d-00809d1d8537,0,9c07bf97-56cd-4d82-a99d-00809d1d8537::eave-chain::0:17,1,4.15395,19.688617,1.0251,"[3.1451, -1.823]","[4.5446, 2.0881]","[""9c07bf97-56cd-4d82-a99d-00809d1d8537::ceiling-raw::0:10:0""]"
9c42b8bc-b55c-427b-b695-9d073c5f8a75,1,9c42b8bc-b55c-427b-b695-9d073c5f8a75::eave-chain::1:0,1,2.583048,42.509902,1.14665,"[10.2831, 11.4204]","[8.5378, 9.5164]","[""9c42b8bc-b55c-427b-b695-9d073c5f8a75::ceiling-raw::1:9:2""]"
9c42b8bc-b55c-427b-b695-9d073c5f8a75,1,9c42b8bc-b55c-427b-b695-9d073c5f8a75::eave-chain::1:1,1,2.582921,42.932198,-1.1617,"[10.1632, 8.0153]","[11.9225, 9.9064]","[""9c42b8bc-b55c-427b-b695-9d073c5f8a75::ceiling-raw::1:9:2""]"
9c42b8bc-b55c-427b-b695-9d073c5f8a75,1,9c42b8bc-b55c-427b-b695-9d073c5f8a75::eave-chain::1:2,1,2.58284,42.721803,1.6116,"[9.9739, 11.7059]","[8.2216, 9.8084]","[""9c42b8bc-b55c-427b-b695-9d073c5f8a75::ceiling-raw::1:9:3""]"
9c42b8bc-b55c-427b-b695-9d073c5f8a75,1,9c42b8bc-b55c-427b-b695-9d073c5f8a75::eave-chain::1:3,1,3.327694,42.676398,1.61145,"[6.2084, 10.6537]","[8.4641, 13.1002]","[""9c42b8bc-b55c-427b-b695-9d073c5f8a75::ceiling-raw::1:9:4""]"
9c42b8bc-b55c-427b-b695-9d073c5f8a75,1,9c42b8bc-b55c-427b-b695-9d073c5f8a75::eave-chain::1:4,1,3.327767,42.705692,-1.16155,"[6.54, 14.8771]","[4.283, 12.4317]","[""9c42b8bc-b55c-427b-b695-9d073c5f8a75::ceiling-raw::1:9:4""]"
9c42b8bc-b55c-427b-b695-9d073c5f8a75,1,9c42b8bc-b55c-427b-b695-9d073c5f8a75::eave-chain::1:5,2,8.337012,42.721682,1.608444,"[-2.153925, 0.226892]","[0.694935, 3.311829]","[""9c42b8bc-b55c-427b-b695-9d073c5f8a75::ceiling-raw::1:12:0"", ""9c42b8bc-b55c-427b-b695-9d073c5f8a75::ceiling-raw::1:13:0""]"
9c42b8bc-b55c-427b-b695-9d073c5f8a75,1,9c42b8bc-b55c-427b-b695-9d073c5f8a75::eave-chain::1:6,1,4.201527,40.813254,1.6212,"[-0.0603, 4.0093]","[-2.8064, 0.8294]","[""9c42b8bc-b55c-427b-b695-9d073c5f8a75::ceiling-raw::1:12:0""]"
9c42b8bc-b55c-427b-b695-9d073c5f8a75,1,9c42b8bc-b55c-427b-b695-9d073c5f8a75::eave-chain::1:7,2,1.866966,131.678322,1.608052,"[-2.805963, 0.829891]","[-1.446767, -0.380187]","[""9c42b8bc-b55c-427b-b695-9d073c5f8a75::ceiling-raw::1:12:0"", ""9c42b8bc-b55c-427b-b695-9d073c5f8a75::ceiling-raw::1:13:0""]"
9c42b8bc-b55c-427b-b695-9d073c5f8a75,1,9c42b8bc-b55c-427b-b695-9d073c5f8a75::eave-chain::1:8,1,5.957227,42.716348,-0.8574,"[-0.5439, 6.8489]","[-4.5851, 2.472]","[""9c42b8bc-b55c-427b-b695-9d073c5f8a75::ceiling-raw::1:12:1""]"
9c42b8bc-b55c-427b-b695-9d073c5f8a75,1,9c42b8bc-b55c-427b-b695-9d073c5f8a75::eave-chain::1:9,2,10.214474,43.307284,1.59669,"[2.727721, 4.035068]","[-1.439869, -0.386345]","[""9c42b8bc-b55c-427b-b695-9d073c5f8a75::ceiling-raw::1:13:0"", ""9c42b8bc-b55c-427b-b695-9d073c5f8a75::ceiling-raw::1:13:1""]"
9c42b8bc-b55c-427b-b695-9d073c5f8a75,1,9c42b8bc-b55c-427b-b695-9d073c5f8a75::eave-chain::1:10,1,6.075615,42.840945,-0.744,"[0.2875, -1.9814]","[4.4187, 2.4735]","[""9c42b8bc-b55c-427b-b695-9d073c5f8a75::ceiling-raw::1:13:1""]"
9c80d7ae-2804-4b2f-83bb-544927398846,0,9c80d7ae-2804-4b2f-83bb-544927398846::eave-chain::0:0,2,6.89139,61.359485,-2.068976,"[0.264859, -12.583664]","[4.613125, -10.208923]","[""9c80d7ae-2804-4b2f-83bb-544927398846::ceiling-raw::0:1:0"", ""9c80d7ae-2804-4b2f-83bb-544927398846::ceiling-raw::0:4:0""]"
9c80d7ae-2804-4b2f-83bb-544927398846,0,9c80d7ae-2804-4b2f-83bb-544927398846::eave-chain::0:1,1,1.696979,151.547175,-2.0973,"[0.2675, -12.5885]","[1.076, -14.0805]","[""9c80d7ae-2804-4b2f-83bb-544927398846::ceiling-raw::0:1:0""]"
9c80d7ae-2804-4b2f-83bb-544927398846,0,9c80d7ae-2804-4b2f-83bb-544927398846::eave-chain::0:2,1,2.465308,61.546087,-2.0973,"[1.076, -14.0805]","[3.2435, -12.9059]","[""9c80d7ae-2804-4b2f-83bb-544927398846::ceiling-raw::0:1:0""]"
9c80d7ae-2804-4b2f-83bb-544927398846,0,9c80d7ae-2804-4b2f-83bb-544927398846::eave-chain::0:3,1,4.879785,61.545844,-2.0345,"[2.4026, -8.8957]","[6.6929, -6.5707]","[""9c80d7ae-2804-4b2f-83bb-544927398846::ceiling-raw::0:2:0""]"
9c80d7ae-2804-4b2f-83bb-544927398846,0,9c80d7ae-2804-4b2f-83bb-544927398846::eave-chain::0:4,1,7.586092,151.546141,-2.0345,"[6.6929, -6.5707]","[3.0785, 0.099]","[""9c80d7ae-2804-4b2f-83bb-544927398846::ceiling-raw::0:2:0""]"
9c80d7ae-2804-4b2f-83bb-544927398846,0,9c80d7ae-2804-4b2f-83bb-544927398846::eave-chain::0:5,2,7.987554,62.180025,-2.041776,"[3.079951, 0.09625]","[-3.996927, -3.638118]","[""9c80d7ae-2804-4b2f-83bb-544927398846::ceiling-raw::0:2:0"", ""9c80d7ae-2804-4b2f-83bb-544927398846::ceiling-raw::0:4:0""]"
9c80d7ae-2804-4b2f-83bb-544927398846,0,9c80d7ae-2804-4b2f-83bb-544927398846::eave-chain::0:6,1,9.884627,151.469895,-2.0532,"[-3.9991, -3.634]","[0.722, -12.3183]","[""9c80d7ae-2804-4b2f-83bb-544927398846::ceiling-raw::0:4:0""]"
9c80d7ae-2804-4b2f-83bb-544927398846,0,9c80d7ae-2804-4b2f-83bb-544927398846::eave-chain::0:7,2,3.225041,61.572884,-2.064316,"[-7.593167, 3.488148]","[-5.990782, 4.355535]","[""9c80d7ae-2804-4b2f-83bb-544927398846::ceiling-raw::0:7:0"", ""9c80d7ae-2804-4b2f-83bb-544927398846::ceiling-raw::0:8:0""]"
9c80d7ae-2804-4b2f-83bb-544927398846,0,9c80d7ae-2804-4b2f-83bb-544927398846::eave-chain::0:8,4,11.663764,150.668548,-1.997309,"[-11.982902, 11.529338]","[-6.028824, 0.932931]","[""9c80d7ae-2804-4b2f-83bb-544927398846::ceiling-raw::0:11:0"", ""9c80d7ae-2804-4b2f-83bb-544927398846::ceiling-raw::0:12:0"", ""9c80d7ae-2804-4b2f-83bb-544927398846::ceiling-raw::0:7:0"", ""9c80d7ae-2804-4b2f-83bb-544927398846::ceiling-raw::0:8:0""]"
9c80d7ae-2804-4b2f-83bb-544927398846,0,9c80d7ae-2804-4b2f-83bb-544927398846::eave-chain::0:9,1,1.201109,61.544488,-2.0507,"[-5.9762, 0.9625]","[-4.9202, 1.5348]","[""9c80d7ae-2804-4b2f-83bb-544927398846::ceiling-raw::0:7:0""]"
9c80d7ae-2804-4b2f-83bb-544927398846,0,9c80d7ae-2804-4b2f-83bb-544927398846::eave-chain::0:10,2,6.681329,60.590807,-1.954725,"[-8.493043, 5.146885]","[-4.206206, 7.563299]","[""9c80d7ae-2804-4b2f-83bb-544927398846::ceiling-raw::0:11:0"", ""9c80d7ae-2804-4b2f-83bb-544927398846::ceiling-raw::0:8:0""]"
9c80d7ae-2804-4b2f-83bb-544927398846,0,9c80d7ae-2804-4b2f-83bb-544927398846::eave-chain::0:11,2,7.333097,61.386907,-1.854169,"[-0.593408, 7.62736]","[-4.309577, 5.600138]","[""9c80d7ae-2804-4b2f-83bb-544927398846::ceiling-raw::0:14:0"", ""9c80d7ae-2804-4b2f-83bb-544927398846::ceiling-raw::0:9:0""]"
9c80d7ae-2804-4b2f-83bb-544927398846,0,9c80d7ae-2804-4b2f-83bb-544927398846::eave-chain::0:12,1,4.749976,61.546553,-1.8592,"[-3.3563, 2.7565]","[0.8199, 5.0196]","[""9c80d7ae-2804-4b2f-83bb-544927398846::ceiling-raw::0:9:0""]"
9c80d7ae-2804-4b2f-83bb-544927398846,0,9c80d7ae-2804-4b2f-83bb-544927398846::eave-chain::0:13,3,11.836439,150.894109,-1.892249,"[0.834608, 5.027788]","[-4.917122, 15.359107]","[""9c80d7ae-2804-4b2f-83bb-544927398846::ceiling-raw::0:12:0"", ""9c80d7ae-2804-4b2f-83bb-544927398846::ceiling-raw::0:14:0"", ""9c80d7ae-2804-4b2f-83bb-544927398846::ceiling-raw::0:9:0""]"
9c80d7ae-2804-4b2f-83bb-544927398846,0,9c80d7ae-2804-4b2f-83bb-544927398846::eave-chain::0:14,3,15.950441,60.612524,-1.953135,"[-10.540649, 8.928388]","[-3.473155, 12.908681]","[""9c80d7ae-2804-4b2f-83bb-544927398846::ceiling-raw::0:11:0"", ""9c80d7ae-2804-4b2f-83bb-544927398846::ceiling-raw::0:12:0"", ""9c80d7ae-2804-4b2f-83bb-544927398846::ceiling-raw::0:14:0""]"
9c80d7ae-2804-4b2f-83bb-544927398846,0,9c80d7ae-2804-4b2f-83bb-544927398846::eave-chain::0:15,1,7.991354,61.546039,-2.0206,"[-4.9333, 15.3501]","[-11.9593, 11.5426]","[""9c80d7ae-2804-4b2f-83bb-544927398846::ceiling-raw::0:12:0""]"
9c80d7ae-2804-4b2f-83bb-544927398846,1,9c80d7ae-2804-4b2f-83bb-544927398846::eave-chain::1:0,3,7.56414,59.896799,0.563878,"[0.91027, 4.861733]","[-5.780239, 0.982882]","[""9c80d7ae-2804-4b2f-83bb-544927398846::ceiling-raw::1:15:0"", ""9c80d7ae-2804-4b2f-83bb-544927398846::ceiling-raw::1:16:0"", ""9c80d7ae-2804-4b2f-83bb-544927398846::ceiling-raw::1:17:0""]"
9c80d7ae-2804-4b2f-83bb-544927398846,1,9c80d7ae-2804-4b2f-83bb-544927398846::eave-chain::1:1,2,4.297624,59.455568,0.600046,"[-2.577284, -0.123429]","[-4.467605, -1.238889]","[""9c80d7ae-2804-4b2f-83bb-544927398846::ceiling-raw::1:15:0"", ""9c80d7ae-2804-4b2f-83bb-544927398846::ceiling-raw::1:16:0""]"
9c80d7ae-2804-4b2f-83bb-544927398846,1,9c80d7ae-2804-4b2f-83bb-544927398846::eave-chain::1:2,2,4.491935,149.116467,0.598564,"[-5.741593, 0.914845]","[-3.396658, -3.005814]","[""9c80d7ae-2804-4b2f-83bb-544927398846::ceiling-raw::1:15:0"", ""9c80d7ae-2804-4b2f-83bb-544927398846::ceiling-raw::1:16:0""]"
9c80d7ae-2804-4b2f-83bb-544927398846,1,9c80d7ae-2804-4b2f-83bb-544927398846::eave-chain::1:3,2,5.000285,59.406976,0.618859,"[-3.39629, -3.005617]","[0.99444, -0.409668]","[""9c80d7ae-2804-4b2f-83bb-544927398846::ceiling-raw::1:15:0"", ""9c80d7ae-2804-4b2f-83bb-544927398846::ceiling-raw::1:17:0""]"
9c80d7ae-2804-4b2f-83bb-544927398846,1,9c80d7ae-2804-4b2f-83bb-544927398846::eave-chain::1:4,2,5.332431,148.650974,0.616209,"[0.26142, -0.843423]","[-2.213352, 3.219027]","[""9c80d7ae-2804-4b2f-83bb-544927398846::ceiling-raw::1:15:0"", ""9c80d7ae-2804-4b2f-83bb-544927398846::ceiling-raw::1:17:0""]"
9c80d7ae-2804-4b2f-83bb-544927398846,1,9c80d7ae-2804-4b2f-83bb-544927398846::eave-chain::1:5,1,3.950005,149.410385,0.657,"[3.282, 1.6126]","[1.2719, 5.0129]","[""9c80d7ae-2804-4b2f-83bb-544927398846::ceiling-raw::1:17:1""]"
9dce7b8f-036f-42bb-9645-a1b5cc17fbd1,0,9dce7b8f-036f-42bb-9645-a1b5cc17fbd1::eave-chain::0:0,2,6.228724,84.355792,0.991849,"[1.725314, -10.62379]","[-1.435617, -10.936184]","[""9dce7b8f-036f-42bb-9645-a1b5cc17fbd1::ceiling-raw::0:0:0"", ""9dce7b8f-036f-42bb-9645-a1b5cc17fbd1::ceiling-raw::0:2:0""]"
9dce7b8f-036f-42bb-9645-a1b5cc17fbd1,0,9dce7b8f-036f-42bb-9645-a1b5cc17fbd1::eave-chain::0:1,3,11.970745,174.291743,1.058591,"[-2.279934, -2.173163]","[-1.048272, -14.494856]","[""9dce7b8f-036f-42bb-9645-a1b5cc17fbd1::ceiling-raw::0:0:0"", ""9dce7b8f-036f-42bb-9645-a1b5cc17fbd1::ceiling-raw::0:2:0"", ""9dce7b8f-036f-42bb-9645-a1b5cc17fbd1::ceiling-raw::0:5:0""]"
9dce7b8f-036f-42bb-9645-a1b5cc17fbd1,0,9dce7b8f-036f-42bb-9645-a1b5cc17fbd1::eave-chain::0:2,1,3.126327,84.287219,0.9787,"[-1.0297, -14.493]","[2.0811, -14.1818]","[""9dce7b8f-036f-42bb-9645-a1b5cc17fbd1::ceiling-raw::0:0:0""]"
9dce7b8f-036f-42bb-9645-a1b5cc17fbd1,0,9dce7b8f-036f-42bb-9645-a1b5cc17fbd1::eave-chain::0:3,2,7.357434,174.226503,1.025644,"[1.485586, -8.30578]","[2.079718, -14.18194]","[""9dce7b8f-036f-42bb-9645-a1b5cc17fbd1::ceiling-raw::0:0:0"", ""9dce7b8f-036f-42bb-9645-a1b5cc17fbd1::ceiling-raw::0:3:0""]"
9dce7b8f-036f-42bb-9645-a1b5cc17fbd1,0,9dce7b8f-036f-42bb-9645-a1b5cc17fbd1::eave-chain::0:4,2,3.314857,172.578853,1.011119,"[2.913459, -11.341591]","[3.257478, -13.982757]","[""9dce7b8f-036f-42bb-9645-a1b5cc17fbd1::ceiling-raw::0:1:0"", ""9dce7b8f-036f-42bb-9645-a1b5cc17fbd1::ceiling-raw::0:3:0""]"
9dce7b8f-036f-42bb-9645-a1b5cc17fbd1,0,9dce7b8f-036f-42bb-9645-a1b5cc17fbd1::eave-chain::0:5,1,3.26008,84.289232,0.9957,"[3.2725, -13.9808]","[6.5164, -13.6564]","[""9dce7b8f-036f-42bb-9645-a1b5cc17fbd1::ceiling-raw::0:1:0""]"
9dce7b8f-036f-42bb-9645-a1b5cc17fbd1,0,9dce7b8f-036f-42bb-9645-a1b5cc17fbd1::eave-chain::0:6,3,12.000139,174.930127,1.078648,"[6.497358, -13.658089]","[5.413315, -1.439072]","[""9dce7b8f-036f-42bb-9645-a1b5cc17fbd1::ceiling-raw::0:1:0"", ""9dce7b8f-036f-42bb-9645-a1b5cc17fbd1::ceiling-raw::0:4:0"", ""9dce7b8f-036f-42bb-9645-a1b5cc17fbd1::ceiling-raw::0:6:0""]"
9dce7b8f-036f-42bb-9645-a1b5cc17fbd1,0,9dce7b8f-036f-42bb-9645-a1b5cc17fbd1::eave-chain::0:7,2,5.46563,83.959198,1.017531,"[6.251376, -11.010202]","[3.009452, -11.353276]","[""9dce7b8f-036f-42bb-9645-a1b5cc17fbd1::ceiling-raw::0:1:0"", ""9dce7b8f-036f-42bb-9645-a1b5cc17fbd1::ceiling-raw::0:4:0""]"
9dce7b8f-036f-42bb-9645-a1b5cc17fbd1,0,9dce7b8f-036f-42bb-9645-a1b5cc17fbd1::eave-chain::0:8,4,12.897921,84.229507,1.082868,"[-1.679501, -8.498405]","[6.041649, -7.718137]","[""9dce7b8f-036f-42bb-9645-a1b5cc17fbd1::ceiling-raw::0:2:0"", ""9dce7b8f-036f-42bb-9645-a1b5cc17fbd1::ceiling-raw::0:4:0"", ""9dce7b8f-036f-42bb-9645-a1b5cc17fbd1::ceiling-raw::0:5:0"", ""9dce7b8f-036f-42bb-9645-a1b5cc17fbd1::ceiling-raw::0:6:0""]"
9dce7b8f-036f-42bb-9645-a1b5cc17fbd1,0,9dce7b8f-036f-42bb-9645-a1b5cc17fbd1::eave-chain::0:9,1,1.076342,84.289407,1.0679,"[1.8698, -12.1587]","[2.9408, -12.0516]","[""9dce7b8f-036f-42bb-9645-a1b5cc17fbd1::ceiling-raw::0:3:0""]"
9dce7b8f-036f-42bb-9645-a1b5cc17fbd1,0,9dce7b8f-036f-42bb-9645-a1b5cc17fbd1::eave-chain::0:10,4,12.114852,84.735291,1.069527,"[5.407577, -1.380246]","[-2.549711, -2.113478]","[""9dce7b8f-036f-42bb-9645-a1b5cc17fbd1::ceiling-raw::0:5:0"", ""9dce7b8f-036f-42bb-9645-a1b5cc17fbd1::ceiling-raw::0:6:0"", ""9dce7b8f-036f-42bb-9645-a1b5cc17fbd1::ceiling-raw::0:7:0"", ""9dce7b8f-036f-42bb-9645-a1b5cc17fbd1::ceiling-raw::0:8:0""]"
9dce7b8f-036f-42bb-9645-a1b5cc17fbd1,0,9dce7b8f-036f-42bb-9645-a1b5cc17fbd1::eave-chain::0:11,1,2.898892,174.288424,0.9883,"[4.0145, -1.4056]","[3.726, 1.4789]","[""9dce7b8f-036f-42bb-9645-a1b5cc17fbd1::ceiling-raw::0:7:0""]"
9dce7b8f-036f-42bb-9645-a1b5cc17fbd1,0,9dce7b8f-036f-42bb-9645-a1b5cc17fbd1::eave-chain::0:12,3,6.303137,83.371498,0.971163,"[3.725223, 1.485583]","[-2.799704, 0.727333]","[""9dce7b8f-036f-42bb-9645-a1b5cc17fbd1::ceiling-raw::0:7:0"", ""9dce7b8f-036f-42bb-9645-a1b5cc17fbd1::ceiling-raw::0:8:0"", ""9dce7b8f-036f-42bb-9645-a1b5cc17fbd1::ceiling-raw::0:8:4""]"
9dce7b8f-036f-42bb-9645-a1b5cc17fbd1,0,9dce7b8f-036f-42bb-9645-a1b5cc17fbd1::eave-chain::0:13,2,4.255459,172.265405,0.979023,"[0.983966, 1.198762]","[1.373869, -1.671966]","[""9dce7b8f-036f-42bb-9645-a1b5cc17fbd1::ceiling-raw::0:7:0"", ""9dce7b8f-036f-42bb-9645-a1b5cc17fbd1::ceiling-raw::0:8:4""]"
9dce7b8f-036f-42bb-9645-a1b5cc17fbd1,0,9dce7b8f-036f-42bb-9645-a1b5cc17fbd1::eave-chain::0:14,2,5.65211,173.720706,0.9592,"[-0.6483, -1.8747]","[-0.9574, 0.9344]","[""9dce7b8f-036f-42bb-9645-a1b5cc17fbd1::ceiling-raw::0:8:0"", ""9dce7b8f-036f-42bb-9645-a1b5cc17fbd1::ceiling-raw::0:8:4""]"
9dce7b8f-036f-42bb-9645-a1b5cc17fbd1,0,9dce7b8f-036f-42bb-9645-a1b5cc17fbd1::eave-chain::0:15,1,2.640707,173.727856,0.0355,"[-4.8251, 0.3223]","[-4.5366, -2.3026]","[""9dce7b8f-036f-42bb-9645-a1b5cc17fbd1::ceiling-raw::0:8:2""]"
a085ad69-b4d4-4296-bc5e-731a0cceec5e,0,a085ad69-b4d4-4296-bc5e-731a0cceec5e::eave-chain::0:0,2,7.31371,82.93018,0.997291,"[2.087162, -6.222204]","[9.338569, -5.322872]","[""a085ad69-b4d4-4296-bc5e-731a0cceec5e::ceiling-raw::0:0:0"", ""a085ad69-b4d4-4296-bc5e-731a0cceec5e::ceiling-raw::0:9:0""]"
a085ad69-b4d4-4296-bc5e-731a0cceec5e,0,a085ad69-b4d4-4296-bc5e-731a0cceec5e::eave-chain::0:1,2,6.174475,173.555456,0.955689,"[9.340751, -5.320423]","[8.641158, 0.873121]","[""a085ad69-b4d4-4296-bc5e-731a0cceec5e::ceiling-raw::0:0:0"", ""a085ad69-b4d4-4296-bc5e-731a0cceec5e::ceiling-raw::0:1:0""]"
a085ad69-b4d4-4296-bc5e-731a0cceec5e,0,a085ad69-b4d4-4296-bc5e-731a0cceec5e::eave-chain::0:2,2,3.382241,82.46089,0.930878,"[9.085314, -2.84275]","[6.292651, -3.212351]","[""a085ad69-b4d4-4296-bc5e-731a0cceec5e::ceiling-raw::0:0:0"", ""a085ad69-b4d4-4296-bc5e-731a0cceec5e::ceiling-raw::0:1:0""]"
a085ad69-b4d4-4296-bc5e-731a0cceec5e,0,a085ad69-b4d4-4296-bc5e-731a0cceec5e::eave-chain::0:3,2,7.548175,173.185428,1.004018,"[6.591373, -5.680317]","[5.986687, -0.620217]","[""a085ad69-b4d4-4296-bc5e-731a0cceec5e::ceiling-raw::0:0:0"", ""a085ad69-b4d4-4296-bc5e-731a0cceec5e::ceiling-raw::0:9:0""]"
a085ad69-b4d4-4296-bc5e-731a0cceec5e,0,a085ad69-b4d4-4296-bc5e-731a0cceec5e::eave-chain::0:4,2,5.089058,83.438111,0.994554,"[8.634575, 0.913109]","[5.769481, 0.583537]","[""a085ad69-b4d4-4296-bc5e-731a0cceec5e::ceiling-raw::0:1:0"", ""a085ad69-b4d4-4296-bc5e-731a0cceec5e::ceiling-raw::0:2:0""]"
a085ad69-b4d4-4296-bc5e-731a0cceec5e,0,a085ad69-b4d4-4296-bc5e-731a0cceec5e::eave-chain::0:5,1,2.027844,173.157451,1.0138,"[8.0231, 0.8961]","[7.7815, 2.9095]","[""a085ad69-b4d4-4296-bc5e-731a0cceec5e::ceiling-raw::0:2:0""]"
a085ad69-b4d4-4296-bc5e-731a0cceec5e,0,a085ad69-b4d4-4296-bc5e-731a0cceec5e::eave-chain::0:6,2,4.05699,82.649668,0.980598,"[8.319199, 3.01198]","[5.493208, 2.647439]","[""a085ad69-b4d4-4296-bc5e-731a0cceec5e::ceiling-raw::0:2:0"", ""a085ad69-b4d4-4296-bc5e-731a0cceec5e::ceiling-raw::0:8:0""]"
a085ad69-b4d4-4296-bc5e-731a0cceec5e,0,a085ad69-b4d4-4296-bc5e-731a0cceec5e::eave-chain::0:7,2,4.541848,83.647528,0.95695,"[5.419649, 3.951529]","[8.190391, 4.259991]","[""a085ad69-b4d4-4296-bc5e-731a0cceec5e::ceiling-raw::0:4:0"", ""a085ad69-b4d4-4296-bc5e-731a0cceec5e::ceiling-raw::0:8:0""]"
a085ad69-b4d4-4296-bc5e-731a0cceec5e,0,a085ad69-b4d4-4296-bc5e-731a0cceec5e::eave-chain::0:8,3,5.152304,173.766859,0.95452,"[8.31741, 3.026712]","[7.741339, 8.301118]","[""a085ad69-b4d4-4296-bc5e-731a0cceec5e::ceiling-raw::0:4:0"", ""a085ad69-b4d4-4296-bc5e-731a0cceec5e::ceiling-raw::0:5:0"", ""a085ad69-b4d4-4296-bc5e-731a0cceec5e::ceiling-raw::0:8:0""]"
a085ad69-b4d4-4296-bc5e-731a0cceec5e,0,a085ad69-b4d4-4296-bc5e-731a0cceec5e::eave-chain::0:9,2,6.798537,83.306989,0.959825,"[4.034429, 5.490551]","[8.017657, 5.957981]","[""a085ad69-b4d4-4296-bc5e-731a0cceec5e::ceiling-raw::0:4:0"", ""a085ad69-b4d4-4296-bc5e-731a0cceec5e::ceiling-raw::0:5:0""]"
a085ad69-b4d4-4296-bc5e-731a0cceec5e,0,a085ad69-b4d4-4296-bc5e-731a0cceec5e::eave-chain::0:10,2,7.396603,83.045751,0.958776,"[7.73656, 8.300929]","[0.341966, 7.39898]","[""a085ad69-b4d4-4296-bc5e-731a0cceec5e::ceiling-raw::0:5:0"", ""a085ad69-b4d4-4296-bc5e-731a0cceec5e::ceiling-raw::0:6:0""]"
a085ad69-b4d4-4296-bc5e-731a0cceec5e,0,a085ad69-b4d4-4296-bc5e-731a0cceec5e::eave-chain::0:11,2,5.929143,173.361467,0.960633,"[4.151757, 4.228071]","[3.733678, 7.820265]","[""a085ad69-b4d4-4296-bc5e-731a0cceec5e::ceiling-raw::0:5:0"", ""a085ad69-b4d4-4296-bc5e-731a0cceec5e::ceiling-raw::0:6:0""]"
a085ad69-b4d4-4296-bc5e-731a0cceec5e,0,a085ad69-b4d4-4296-bc5e-731a0cceec5e::eave-chain::0:12,1,3.601863,173.156342,0.9655,"[0.342, 7.3987]","[0.7712, 3.8225]","[""a085ad69-b4d4-4296-bc5e-731a0cceec5e::ceiling-raw::0:6:0""]"
a085ad69-b4d4-4296-bc5e-731a0cceec5e,0,a085ad69-b4d4-4296-bc5e-731a0cceec5e::eave-chain::0:13,1,4.505901,83.156671,1.0443,"[-2.4978, -5.8329]","[1.976, -5.296]","[""a085ad69-b4d4-4296-bc5e-731a0cceec5e::ceiling-raw::0:9:0""]"
a085ad69-b4d4-4296-bc5e-731a0cceec5e,0,a085ad69-b4d4-4296-bc5e-731a0cceec5e::eave-chain::0:14,1,0.931537,173.156494,1.0443,"[1.976, -5.296]","[2.087, -6.2209]","[""a085ad69-b4d4-4296-bc5e-731a0cceec5e::ceiling-raw::0:9:0""]"
a085ad69-b4d4-4296-bc5e-731a0cceec5e,0,a085ad69-b4d4-4296-bc5e-731a0cceec5e::eave-chain::0:15,1,9.046955,83.156598,1.0443,"[5.9885, -0.62]","[-2.994, -1.698]","[""a085ad69-b4d4-4296-bc5e-731a0cceec5e::ceiling-raw::0:9:0""]"
a085ad69-b4d4-4296-bc5e-731a0cceec5e,0,a085ad69-b4d4-4296-bc5e-731a0cceec5e::eave-chain::0:16,1,4.164566,173.157063,1.0443,"[-2.994, -1.698]","[-2.4978, -5.8329]","[""a085ad69-b4d4-4296-bc5e-731a0cceec5e::ceiling-raw::0:9:0""]"
a1ac389f-7406-4ddf-a270-d9a5e72dbf51,0,a1ac389f-7406-4ddf-a270-d9a5e72dbf51::eave-chain::0:0,1,1.884243,94.474501,1.0189,"[2.7464, -0.1254]","[0.8679, 0.0216]","[""a1ac389f-7406-4ddf-a270-d9a5e72dbf51::ceiling-raw::0:9:0""]"
a1ac389f-7406-4ddf-a270-d9a5e72dbf51,0,a1ac389f-7406-4ddf-a270-d9a5e72dbf51::eave-chain::0:1,3,6.602133,4.220184,1.020868,"[0.76478, -0.939479]","[0.985899, 2.057133]","[""a1ac389f-7406-4ddf-a270-d9a5e72dbf51::ceiling-raw::0:9:0"", ""a1ac389f-7406-4ddf-a270-d9a5e72dbf51::ceiling-raw::0:9:1"", ""a1ac389f-7406-4ddf-a270-d9a5e72dbf51::ceiling-raw::0:9:2""]"
a1ac389f-7406-4ddf-a270-d9a5e72dbf51,0,a1ac389f-7406-4ddf-a270-d9a5e72dbf51::eave-chain::0:2,5,9.370898,94.595306,1.020832,"[-2.986851, -0.626725]","[2.671533, -1.081521]","[""a1ac389f-7406-4ddf-a270-d9a5e72dbf51::ceiling-raw::0:9:0"", ""a1ac389f-7406-4ddf-a270-d9a5e72dbf51::ceiling-raw::0:9:1"", ""a1ac389f-7406-4ddf-a270-d9a5e72dbf51::ceiling-raw::0:9:2""]"
a1ac389f-7406-4ddf-a270-d9a5e72dbf51,0,a1ac389f-7406-4ddf-a270-d9a5e72dbf51::eave-chain::0:3,1,0.955716,4.476871,1.0189,"[2.6718, -1.0782]","[2.7464, -0.1254]","[""a1ac389f-7406-4ddf-a270-d9a5e72dbf51::ceiling-raw::0:9:0""]"
a1ac389f-7406-4ddf-a270-d9a5e72dbf51,0,a1ac389f-7406-4ddf-a270-d9a5e72dbf51::eave-chain::0:4,3,8.813471,5.560523,1.046719,"[-2.428181, 5.183458]","[-2.995641, -0.645295]","[""a1ac389f-7406-4ddf-a270-d9a5e72dbf51::ceiling-raw::0:7:4"", ""a1ac389f-7406-4ddf-a270-d9a5e72dbf51::ceiling-raw::0:9:1"", ""a1ac389f-7406-4ddf-a270-d9a5e72dbf51::ceiling-raw::0:9:2""]"
a1ac389f-7406-4ddf-a270-d9a5e72dbf51,0,a1ac389f-7406-4ddf-a270-d9a5e72dbf51::eave-chain::0:5,3,10.18795,94.495082,1.045405,"[1.028077, 2.067803]","[-2.752709, 2.365031]","[""a1ac389f-7406-4ddf-a270-d9a5e72dbf51::ceiling-raw::0:7:4"", ""a1ac389f-7406-4ddf-a270-d9a5e72dbf51::ceiling-raw::0:9:1"", ""a1ac389f-7406-4ddf-a270-d9a5e72dbf51::ceiling-raw::0:9:2""]"
a1ac389f-7406-4ddf-a270-d9a5e72dbf51,0,a1ac389f-7406-4ddf-a270-d9a5e72dbf51::eave-chain::0:6,1,1.403378,4.475109,1.1009,"[2.9365, 3.3557]","[3.046, 4.7548]","[""a1ac389f-7406-4ddf-a270-d9a5e72dbf51::ceiling-raw::0:7:0""]"
a1ac389f-7406-4ddf-a270-d9a5e72dbf51,0,a1ac389f-7406-4ddf-a270-d9a5e72dbf51::eave-chain::0:7,2,5.475889,94.474444,1.1009,"[3.046001, 4.754807]","[-2.4132, 5.182006]","[""a1ac389f-7406-4ddf-a270-d9a5e72dbf51::ceiling-raw::0:7:0"", ""a1ac389f-7406-4ddf-a270-d9a5e72dbf51::ceiling-raw::0:7:4""]"
a1ac389f-7406-4ddf-a270-d9a5e72dbf51,0,a1ac389f-7406-4ddf-a270-d9a5e72dbf51::eave-chain::0:8,2,4.662308,4.473879,1.1009,"[0.453882, 2.138801]","[0.673095, 4.9405]","[""a1ac389f-7406-4ddf-a270-d9a5e72dbf51::ceiling-raw::0:7:0"", ""a1ac389f-7406-4ddf-a270-d9a5e72dbf51::ceiling-raw::0:7:4""]"
a1ac389f-7406-4ddf-a270-d9a5e72dbf51,0,a1ac389f-7406-4ddf-a270-d9a5e72dbf51::eave-chain::0:9,1,0.958224,4.477125,1.5919,"[2.8267, 1.9531]","[2.9015, 2.9084]","[""a1ac389f-7406-4ddf-a270-d9a5e72dbf51::ceiling-raw::0:7:1""]"
a1ac389f-7406-4ddf-a270-d9a5e72dbf51,1,a1ac389f-7406-4ddf-a270-d9a5e72dbf51::eave-chain::1:0,2,5.358981,6.541768,3.725905,"[1.090372, 2.171128]","[1.431976, 5.150036]","[""a1ac389f-7406-4ddf-a270-d9a5e72dbf51::ceiling-raw::1:4:0"", ""a1ac389f-7406-4ddf-a270-d9a5e72dbf51::ceiling-raw::1:5:0""]"
a1ac389f-7406-4ddf-a270-d9a5e72dbf51,1,a1ac389f-7406-4ddf-a270-d9a5e72dbf51::eave-chain::1:1,2,5.641862,96.539453,3.725718,"[3.268866, 4.931549]","[-2.392209, 5.580496]","[""a1ac389f-7406-4ddf-a270-d9a5e72dbf51::ceiling-raw::1:4:0"", ""a1ac389f-7406-4ddf-a270-d9a5e72dbf51::ceiling-raw::1:5:0""]"
a1ac389f-7406-4ddf-a270-d9a5e72dbf51,1,a1ac389f-7406-4ddf-a270-d9a5e72dbf51::eave-chain::1:2,1,2.998538,6.40877,3.7252,"[-2.3923, 5.5797]","[-2.727, 2.5999]","[""a1ac389f-7406-4ddf-a270-d9a5e72dbf51::ceiling-raw::1:4:0""]"
a1ac389f-7406-4ddf-a270-d9a5e72dbf51,1,a1ac389f-7406-4ddf-a270-d9a5e72dbf51::eave-chain::1:3,1,3.817046,96.407823,3.7252,"[-2.727, 2.5999]","[1.0662, 2.1739]","[""a1ac389f-7406-4ddf-a270-d9a5e72dbf51::ceiling-raw::1:4:0""]"
a1ac389f-7406-4ddf-a270-d9a5e72dbf51,1,a1ac389f-7406-4ddf-a270-d9a5e72dbf51::eave-chain::1:4,1,1.325863,140.570121,3.7268,"[1.9695, 1.885]","[2.8116, 0.8609]","[""a1ac389f-7406-4ddf-a270-d9a5e72dbf51::ceiling-raw::1:5:0""]"
a1ac389f-7406-4ddf-a270-d9a5e72dbf51,1,a1ac389f-7406-4ddf-a270-d9a5e72dbf51::eave-chain::1:5,1,4.094793,6.409262,3.7268,"[2.8116, 0.8609]","[3.2687, 4.9301]","[""a1ac389f-7406-4ddf-a270-d9a5e72dbf51::ceiling-raw::1:5:0""]"
a1ac389f-7406-4ddf-a270-d9a5e72dbf51,2,a1ac389f-7406-4ddf-a270-d9a5e72dbf51::eave-chain::2:0,1,1.059554,97.15654,4.6177,"[-1.3725, 4.9951]","[-2.4238, 5.1271]","[""a1ac389f-7406-4ddf-a270-d9a5e72dbf51::ceiling-raw::2:2:9""]"
a317a543-06cf-4f1b-97d2-139c26c1cb13,1,a317a543-06cf-4f1b-97d2-139c26c1cb13::eave-chain::1:0,1,0.602806,124.715592,-1.6869,"[-13.9928, 5.9678]","[-14.4883, 6.3111]","[""a317a543-06cf-4f1b-97d2-139c26c1cb13::ceiling-raw::1:0:0""]"
a317a543-06cf-4f1b-97d2-139c26c1cb13,1,a317a543-06cf-4f1b-97d2-139c26c1cb13::eave-chain::1:1,3,6.79722,35.337891,-1.69288,"[-10.659758, 11.667789]","[-15.596118, 4.705686]","[""a317a543-06cf-4f1b-97d2-139c26c1cb13::ceiling-raw::1:0:0"", ""a317a543-06cf-4f1b-97d2-139c26c1cb13::ceiling-raw::1:0:4"", ""a317a543-06cf-4f1b-97d2-139c26c1cb13::ceiling-raw::1:1:0""]"
a317a543-06cf-4f1b-97d2-139c26c1cb13,1,a317a543-06cf-4f1b-97d2-139c26c1cb13::eave-chain::1:2,2,5.952387,121.793682,-1.6869,"[-15.605917, 4.696803]","[-10.535895, 1.554031]","[""a317a543-06cf-4f1b-97d2-139c26c1cb13::ceiling-raw::1:0:0""]"
a317a543-06cf-4f1b-97d2-139c26c1cb13,1,a317a543-06cf-4f1b-97d2-139c26c1cb13::eave-chain::1:3,1,0.39956,34.724175,-1.6869,"[-11.1931, 1.6552]","[-10.9655, 1.9836]","[""a317a543-06cf-4f1b-97d2-139c26c1cb13::ceiling-raw::1:0:0""]"
a317a543-06cf-4f1b-97d2-139c26c1cb13,1,a317a543-06cf-4f1b-97d2-139c26c1cb13::eave-chain::1:4,2,4.292751,36.492686,-1.654246,"[-7.754478, 5.327828]","[-10.478208, 1.645936]","[""a317a543-06cf-4f1b-97d2-139c26c1cb13::ceiling-raw::1:0:0"", ""a317a543-06cf-4f1b-97d2-139c26c1cb13::ceiling-raw::1:3:0""]"
a317a543-06cf-4f1b-97d2-139c26c1cb13,1,a317a543-06cf-4f1b-97d2-139c26c1cb13::eave-chain::1:5,3,14.263439,123.666556,-1.653524,"[-9.934614, 3.786195]","[2.1058, -4.233613]","[""a317a543-06cf-4f1b-97d2-139c26c1cb13::ceiling-raw::1:0:0"", ""a317a543-06cf-4f1b-97d2-139c26c1cb13::ceiling-raw::1:3:0"", ""a317a543-06cf-4f1b-97d2-139c26c1cb13::ceiling-raw::1:4:1""]"
a317a543-06cf-4f1b-97d2-139c26c1cb13,1,a317a543-06cf-4f1b-97d2-139c26c1cb13::eave-chain::1:6,1,2.165452,124.714565,-1.6869,"[-11.9639, 9.8048]","[-10.1839, 8.5716]","[""a317a543-06cf-4f1b-97d2-139c26c1cb13::ceiling-raw::1:0:4""]"
a317a543-06cf-4f1b-97d2-139c26c1cb13,1,a317a543-06cf-4f1b-97d2-139c26c1cb13::eave-chain::1:7,2,4.334294,124.797737,-1.68685,"[-8.889177, 10.437434]","[-10.6688, 11.6742]","[""a317a543-06cf-4f1b-97d2-139c26c1cb13::ceiling-raw::1:0:4"", ""a317a543-06cf-4f1b-97d2-139c26c1cb13::ceiling-raw::1:0:5""]"
a317a543-06cf-4f1b-97d2-139c26c1cb13,1,a317a543-06cf-4f1b-97d2-139c26c1cb13::eave-chain::1:8,5,9.986633,124.593996,-1.679949,"[-1.799606, 6.594862]","[-10.182331, 12.37642]","[""a317a543-06cf-4f1b-97d2-139c26c1cb13::ceiling-raw::1:0:5"", ""a317a543-06cf-4f1b-97d2-139c26c1cb13::ceiling-raw::1:2:0"", ""a317a543-06cf-4f1b-97d2-139c26c1cb13::ceiling-raw::1:3:0""]"
a317a543-06cf-4f1b-97d2-139c26c1cb13,1,a317a543-06cf-4f1b-97d2-139c26c1cb13::eave-chain::1:9,1,2.206141,124.529255,-1.7027,"[-10.7128, 7.7882]","[-12.5303, 9.0387]","[""a317a543-06cf-4f1b-97d2-139c26c1cb13::ceiling-raw::1:1:0""]"
a317a543-06cf-4f1b-97d2-139c26c1cb13,1,a317a543-06cf-4f1b-97d2-139c26c1cb13::eave-chain::1:10,1,3.565079,124.527643,-1.7027,"[-13.9884, 6.9193]","[-11.0513, 4.8986]","[""a317a543-06cf-4f1b-97d2-139c26c1cb13::ceiling-raw::1:1:0""]"
a317a543-06cf-4f1b-97d2-139c26c1cb13,1,a317a543-06cf-4f1b-97d2-139c26c1cb13::eave-chain::1:11,2,5.536084,34.166633,-1.654313,"[-6.309678, 9.700741]","[-8.209481, 6.90176]","[""a317a543-06cf-4f1b-97d2-139c26c1cb13::ceiling-raw::1:2:0"", ""a317a543-06cf-4f1b-97d2-139c26c1cb13::ceiling-raw::1:3:0""]"
a317a543-06cf-4f1b-97d2-139c26c1cb13,1,a317a543-06cf-4f1b-97d2-139c26c1cb13::eave-chain::1:12,1,2.179122,34.526533,-1.6982,"[-8.2986, 11.0958]","[-9.5337, 9.3005]","[""a317a543-06cf-4f1b-97d2-139c26c1cb13::ceiling-raw::1:2:0""]"
a317a543-06cf-4f1b-97d2-139c26c1cb13,1,a317a543-06cf-4f1b-97d2-139c26c1cb13::eave-chain::1:13,2,6.581253,34.55457,-1.664366,"[0.313711, 0.997303]","[-1.580778, -1.75358]","[""a317a543-06cf-4f1b-97d2-139c26c1cb13::ceiling-raw::1:3:0"", ""a317a543-06cf-4f1b-97d2-139c26c1cb13::ceiling-raw::1:4:1""]"
a317a543-06cf-4f1b-97d2-139c26c1cb13,1,a317a543-06cf-4f1b-97d2-139c26c1cb13::eave-chain::1:14,2,6.733279,34.511149,-1.623699,"[-3.752916, 3.701353]","[-1.775638, 6.577112]","[""a317a543-06cf-4f1b-97d2-139c26c1cb13::ceiling-raw::1:3:0"", ""a317a543-06cf-4f1b-97d2-139c26c1cb13::ceiling-raw::1:4:2""]"
a317a543-06cf-4f1b-97d2-139c26c1cb13,1,a317a543-06cf-4f1b-97d2-139c26c1cb13::eave-chain::1:15,1,0.936657,124.543494,-1.73155,"[4.6224, -6.0786]","[5.3939, -6.6097]","[""a317a543-06cf-4f1b-97d2-139c26c1cb13::ceiling-raw::1:4:0""]"
a317a543-06cf-4f1b-97d2-139c26c1cb13,1,a317a543-06cf-4f1b-97d2-139c26c1cb13::eave-chain::1:16,1,0.558873,34.568716,-1.73415,"[5.3939, -6.6097]","[5.711, -6.1495]","[""a317a543-06cf-4f1b-97d2-139c26c1cb13::ceiling-raw::1:4:0""]"
a317a543-06cf-4f1b-97d2-139c26c1cb13,1,a317a543-06cf-4f1b-97d2-139c26c1cb13::eave-chain::1:17,1,1.965409,124.54636,-1.7405,"[5.711, -6.1495]","[7.3298, -7.264]","[""a317a543-06cf-4f1b-97d2-139c26c1cb13::ceiling-raw::1:4:0""]"
a317a543-06cf-4f1b-97d2-139c26c1cb13,1,a317a543-06cf-4f1b-97d2-139c26c1cb13::eave-chain::1:18,1,6.098168,34.563591,-1.7384,"[7.3298, -7.264]","[10.7894, -2.2422]","[""a317a543-06cf-4f1b-97d2-139c26c1cb13::ceiling-raw::1:4:0""]"
a317a543-06cf-4f1b-97d2-139c26c1cb13,1,a317a543-06cf-4f1b-97d2-139c26c1cb13::eave-chain::1:19,2,4.577183,124.576968,-1.717187,"[10.789198, -2.242493]","[7.020548, 0.355089]","[""a317a543-06cf-4f1b-97d2-139c26c1cb13::ceiling-raw::1:4:0"", ""a317a543-06cf-4f1b-97d2-139c26c1cb13::ceiling-raw::1:4:3""]"
a317a543-06cf-4f1b-97d2-139c26c1cb13,1,a317a543-06cf-4f1b-97d2-139c26c1cb13::eave-chain::1:20,2,5.899235,69.808781,-1.715373,"[8.393647, -0.591596]","[5.624668, -1.6099]","[""a317a543-06cf-4f1b-97d2-139c26c1cb13::ceiling-raw::1:4:0"", ""a317a543-06cf-4f1b-97d2-139c26c1cb13::ceiling-raw::1:4:4""]"
a317a543-06cf-4f1b-97d2-139c26c1cb13,1,a317a543-06cf-4f1b-97d2-139c26c1cb13::eave-chain::1:21,2,16.716734,129.641207,-1.620918,"[6.465135, -0.451761]","[-1.839715, 6.428675]","[""a317a543-06cf-4f1b-97d2-139c26c1cb13::ceiling-raw::1:4:2"", ""a317a543-06cf-4f1b-97d2-139c26c1cb13::ceiling-raw::1:4:3""]"
a317a543-06cf-4f1b-97d2-139c26c1cb13,1,a317a543-06cf-4f1b-97d2-139c26c1cb13::eave-chain::1:22,1,2.643933,43.902772,-1.16,"[5.9992, -8.4655]","[4.1658, -10.3705]","[""a317a543-06cf-4f1b-97d2-139c26c1cb13::ceiling-raw::1:5:4""]"
a317a543-06cf-4f1b-97d2-139c26c1cb13,1,a317a543-06cf-4f1b-97d2-139c26c1cb13::eave-chain::1:23,1,3.800935,34.527932,-1.1816,"[0.8503, -8.1732]","[3.0047, -5.0418]","[""a317a543-06cf-4f1b-97d2-139c26c1cb13::ceiling-raw::1:6:6""]"
a317a543-06cf-4f1b-97d2-139c26c1cb13,2,a317a543-06cf-4f1b-97d2-139c26c1cb13::eave-chain::2:0,1,1.462004,124.643351,-0.51265,"[5.73, -6.2433]","[6.9328, -7.0744]","[""a317a543-06cf-4f1b-97d2-139c26c1cb13::ceiling-raw::2:10:7""]"
a3997c27-0367-483e-a462-64847105997d,0,a3997c27-0367-483e-a462-64847105997d::eave-chain::0:0,2,5.639336,28.682327,0.878556,"[-9.179538, 2.275719]","[-7.415676, 5.499839]","[""a3997c27-0367-483e-a462-64847105997d::ceiling-raw::0:0:0"", ""a3997c27-0367-483e-a462-64847105997d::ceiling-raw::0:1:0""]"
a3997c27-0367-483e-a462-64847105997d,0,a3997c27-0367-483e-a462-64847105997d::eave-chain::0:1,2,12.736904,119.056877,0.878847,"[-11.072484, 7.503771]","[-3.498691, 3.295715]","[""a3997c27-0367-483e-a462-64847105997d::ceiling-raw::0:0:0"", ""a3997c27-0367-483e-a462-64847105997d::ceiling-raw::0:3:0""]"
a3997c27-0367-483e-a462-64847105997d,0,a3997c27-0367-483e-a462-64847105997d::eave-chain::0:2,2,7.751284,29.55055,0.879913,"[-9.019043, 11.044414]","[-12.820087, 4.339899]","[""a3997c27-0367-483e-a462-64847105997d::ceiling-raw::0:0:0"", ""a3997c27-0367-483e-a462-64847105997d::ceiling-raw::0:3:0""]"
a3997c27-0367-483e-a462-64847105997d,0,a3997c27-0367-483e-a462-64847105997d::eave-chain::0:3,6,17.305483,118.881697,0.868245,"[-12.840837, 4.305645]","[2.801215, -4.322714]","[""a3997c27-0367-483e-a462-64847105997d::ceiling-raw::0:0:0"", ""a3997c27-0367-483e-a462-64847105997d::ceiling-raw::0:10:0"", ""a3997c27-0367-483e-a462-64847105997d::ceiling-raw::0:1:0"", ""a3997c27-0367-483e-a462-64847105997d::ceiling-raw::0:2:0"", ""a3997c27-0367-483e-a462-64847105997d::ceiling-raw::0:4:0"", ""a3997c27-0367-483e-a462-64847105997d::ceiling-raw::0:8:0""]"
a3997c27-0367-483e-a462-64847105997d,0,a3997c27-0367-483e-a462-64847105997d::eave-chain::0:4,2,5.624252,29.240859,0.870893,"[-5.303887, 4.230509]","[-7.069738, 1.076175]","[""a3997c27-0367-483e-a462-64847105997d::ceiling-raw::0:1:0"", ""a3997c27-0367-483e-a462-64847105997d::ceiling-raw::0:2:0""]"
a3997c27-0367-483e-a462-64847105997d,0,a3997c27-0367-483e-a462-64847105997d::eave-chain::0:5,3,15.479297,29.068533,0.869119,"[-1.49761, 6.885313]","[-5.288675, 0.065301]","[""a3997c27-0367-483e-a462-64847105997d::ceiling-raw::0:2:0"", ""a3997c27-0367-483e-a462-64847105997d::ceiling-raw::0:3:0"", ""a3997c27-0367-483e-a462-64847105997d::ceiling-raw::0:4:0""]"
a3997c27-0367-483e-a462-64847105997d,0,a3997c27-0367-483e-a462-64847105997d::eave-chain::0:6,4,17.569217,119.102766,0.871952,"[6.464296, 2.418967]","[-9.022688, 11.039891]","[""a3997c27-0367-483e-a462-64847105997d::ceiling-raw::0:3:0"", ""a3997c27-0367-483e-a462-64847105997d::ceiling-raw::0:4:0"", ""a3997c27-0367-483e-a462-64847105997d::ceiling-raw::0:5:0"", ""a3997c27-0367-483e-a462-64847105997d::ceiling-raw::0:6:0""]"
a3997c27-0367-483e-a462-64847105997d,0,a3997c27-0367-483e-a462-64847105997d::eave-chain::0:7,3,14.25391,28.258661,0.861597,"[-2.499861, -1.475542]","[1.175494, 5.362146]","[""a3997c27-0367-483e-a462-64847105997d::ceiling-raw::0:10:0"", ""a3997c27-0367-483e-a462-64847105997d::ceiling-raw::0:4:0"", ""a3997c27-0367-483e-a462-64847105997d::ceiling-raw::0:5:0""]"
a3997c27-0367-483e-a462-64847105997d,0,a3997c27-0367-483e-a462-64847105997d::eave-chain::0:8,2,6.002209,28.938163,0.8697,"[2.361655, 1.267061]","[3.818145, 3.901339]","[""a3997c27-0367-483e-a462-64847105997d::ceiling-raw::0:5:0"", ""a3997c27-0367-483e-a462-64847105997d::ceiling-raw::0:6:0""]"
a3997c27-0367-483e-a462-64847105997d,0,a3997c27-0367-483e-a462-64847105997d::eave-chain::0:9,2,4.899409,119.173216,0.867735,"[2.381577, 1.236771]","[5.007985, -0.229468]","[""a3997c27-0367-483e-a462-64847105997d::ceiling-raw::0:6:0"", ""a3997c27-0367-483e-a462-64847105997d::ceiling-raw::0:7:0""]"
a3997c27-0367-483e-a462-64847105997d,0,a3997c27-0367-483e-a462-64847105997d::eave-chain::0:10,3,7.604562,28.477046,0.869068,"[2.78868, -4.334085]","[6.458359, 2.431084]","[""a3997c27-0367-483e-a462-64847105997d::ceiling-raw::0:6:0"", ""a3997c27-0367-483e-a462-64847105997d::ceiling-raw::0:7:0"", ""a3997c27-0367-483e-a462-64847105997d::ceiling-raw::0:8:0""]"
a3997c27-0367-483e-a462-64847105997d,0,a3997c27-0367-483e-a462-64847105997d::eave-chain::0:11,2,3.88452,118.942423,0.873937,"[4.046694, -2.070324]","[2.308858, -1.109308]","[""a3997c27-0367-483e-a462-64847105997d::ceiling-raw::0:7:0"", ""a3997c27-0367-483e-a462-64847105997d::ceiling-raw::0:8:0""]"
a3997c27-0367-483e-a462-64847105997d,0,a3997c27-0367-483e-a462-64847105997d::eave-chain::0:12,2,7.001197,29.571769,0.857115,"[1.878683, 0.248872]","[0.116967, -2.85587]","[""a3997c27-0367-483e-a462-64847105997d::ceiling-raw::0:10:0"", ""a3997c27-0367-483e-a462-64847105997d::ceiling-raw::0:8:0""]"
a430ffa9-a314-4352-8b54-dfbd04634861,0,a430ffa9-a314-4352-8b54-dfbd04634861::eave-chain::0:0,1,3.633051,22.52888,1.056,"[-1.9615, -2.5566]","[-0.5695, 0.7992]","[""a430ffa9-a314-4352-8b54-dfbd04634861::ceiling-raw::0:8:0""]"
a430ffa9-a314-4352-8b54-dfbd04634861,0,a430ffa9-a314-4352-8b54-dfbd04634861::eave-chain::0:1,1,2.064133,112.529759,1.056,"[-0.5695, 0.7992]","[-2.4761, 1.5901]","[""a430ffa9-a314-4352-8b54-dfbd04634861::ceiling-raw::0:8:0""]"
a430ffa9-a314-4352-8b54-dfbd04634861,0,a430ffa9-a314-4352-8b54-dfbd04634861::eave-chain::0:2,1,3.633051,22.52888,1.056,"[-2.4761, 1.5901]","[-3.8681, -1.7657]","[""a430ffa9-a314-4352-8b54-dfbd04634861::ceiling-raw::0:8:0""]"
a430ffa9-a314-4352-8b54-dfbd04634861,0,a430ffa9-a314-4352-8b54-dfbd04634861::eave-chain::0:3,1,2.064133,112.529759,1.056,"[-3.8681, -1.7657]","[-1.9615, -2.5566]","[""a430ffa9-a314-4352-8b54-dfbd04634861::ceiling-raw::0:8:0""]"
a430ffa9-a314-4352-8b54-dfbd04634861,0,a430ffa9-a314-4352-8b54-dfbd04634861::eave-chain::0:4,1,3.837759,112.528336,1.0894,"[1.0665, 0.3346]","[4.6114, -1.1358]","[""a430ffa9-a314-4352-8b54-dfbd04634861::ceiling-raw::0:10:0""]"
a430ffa9-a314-4352-8b54-dfbd04634861,0,a430ffa9-a314-4352-8b54-dfbd04634861::eave-chain::0:5,1,3.042158,22.528883,1.0894,"[4.6114, -1.1358]","[5.777, 1.6742]","[""a430ffa9-a314-4352-8b54-dfbd04634861::ceiling-raw::0:10:0""]"
a430ffa9-a314-4352-8b54-dfbd04634861,0,a430ffa9-a314-4352-8b54-dfbd04634861::eave-chain::0:6,1,4.402021,112.528454,0.9156,"[6.0471, 2.3253]","[1.981, 4.0119]","[""a430ffa9-a314-4352-8b54-dfbd04634861::ceiling-raw::0:10:1""]"
a430ffa9-a314-4352-8b54-dfbd04634861,1,a430ffa9-a314-4352-8b54-dfbd04634861::eave-chain::1:0,3,4.254266,112.132216,3.133237,"[5.44525, 6.373348]","[2.282036, 7.659868]","[""a430ffa9-a314-4352-8b54-dfbd04634861::ceiling-raw::1:0:0"", ""a430ffa9-a314-4352-8b54-dfbd04634861::ceiling-raw::1:0:7"", ""a430ffa9-a314-4352-8b54-dfbd04634861::ceiling-raw::1:1:0""]"
a430ffa9-a314-4352-8b54-dfbd04634861,1,a430ffa9-a314-4352-8b54-dfbd04634861::eave-chain::1:1,2,6.929642,22.066419,3.185247,"[0.541566, 3.875262]","[-2.061144, -2.545232]","[""a430ffa9-a314-4352-8b54-dfbd04634861::ceiling-raw::1:0:0""]"
a430ffa9-a314-4352-8b54-dfbd04634861,1,a430ffa9-a314-4352-8b54-dfbd04634861::eave-chain::1:2,2,3.097855,113.36216,3.228329,"[-2.025537, -2.559222]","[0.877342, -3.813134]","[""a430ffa9-a314-4352-8b54-dfbd04634861::ceiling-raw::1:0:0"", ""a430ffa9-a314-4352-8b54-dfbd04634861::ceiling-raw::1:3:0""]"
a430ffa9-a314-4352-8b54-dfbd04634861,1,a430ffa9-a314-4352-8b54-dfbd04634861::eave-chain::1:3,2,6.59015,23.016489,3.226132,"[0.906617, 0.307688]","[-0.582462, -3.197557]","[""a430ffa9-a314-4352-8b54-dfbd04634861::ceiling-raw::1:0:0"", ""a430ffa9-a314-4352-8b54-dfbd04634861::ceiling-raw::1:3:0""]"
a430ffa9-a314-4352-8b54-dfbd04634861,1,a430ffa9-a314-4352-8b54-dfbd04634861::eave-chain::1:4,3,11.107609,22.918148,3.144962,"[2.115785, 3.212751]","[3.751632, 7.081926]","[""a430ffa9-a314-4352-8b54-dfbd04634861::ceiling-raw::1:0:0"", ""a430ffa9-a314-4352-8b54-dfbd04634861::ceiling-raw::1:0:7"", ""a430ffa9-a314-4352-8b54-dfbd04634861::ceiling-raw::1:1:0""]"
a430ffa9-a314-4352-8b54-dfbd04634861,1,a430ffa9-a314-4352-8b54-dfbd04634861::eave-chain::1:5,1,4.143518,23.143211,2.57955,"[1.5944, 7.9284]","[-0.0341, 4.1184]","[""a430ffa9-a314-4352-8b54-dfbd04634861::ceiling-raw::1:0:2""]"
a430ffa9-a314-4352-8b54-dfbd04634861,1,a430ffa9-a314-4352-8b54-dfbd04634861::eave-chain::1:6,1,3.482584,22.857915,3.1414,"[2.9517, 7.4191]","[1.5989, 4.21]","[""a430ffa9-a314-4352-8b54-dfbd04634861::ceiling-raw::1:0:7""]"
a430ffa9-a314-4352-8b54-dfbd04634861,1,a430ffa9-a314-4352-8b54-dfbd04634861::eave-chain::1:7,1,3.482543,22.986881,2.37575,"[4.8208, 2.8519]","[6.1808, 6.0579]","[""a430ffa9-a314-4352-8b54-dfbd04634861::ceiling-raw::1:1:1""]"
a430ffa9-a314-4352-8b54-dfbd04634861,1,a430ffa9-a314-4352-8b54-dfbd04634861::eave-chain::1:8,1,3.82161,112.858017,3.2946,"[0.9823, 0.3566]","[4.5038, -1.1279]","[""a430ffa9-a314-4352-8b54-dfbd04634861::ceiling-raw::1:2:0""]"
a430ffa9-a314-4352-8b54-dfbd04634861,1,a430ffa9-a314-4352-8b54-dfbd04634861::eave-chain::1:9,1,3.746055,22.857173,3.2946,"[4.5038, -1.1279]","[5.9589, 2.324]","[""a430ffa9-a314-4352-8b54-dfbd04634861::ceiling-raw::1:2:0""]"
a430ffa9-a314-4352-8b54-dfbd04634861,1,a430ffa9-a314-4352-8b54-dfbd04634861::eave-chain::1:10,1,3.82161,112.858017,3.2946,"[5.9589, 2.324]","[2.4374, 3.8085]","[""a430ffa9-a314-4352-8b54-dfbd04634861::ceiling-raw::1:2:0""]"
a430ffa9-a314-4352-8b54-dfbd04634861,1,a430ffa9-a314-4352-8b54-dfbd04634861::eave-chain::1:11,1,3.808202,23.108504,2.4051,"[1.7349, -4.1744]","[3.2295, -0.6718]","[""a430ffa9-a314-4352-8b54-dfbd04634861::ceiling-raw::1:3:1""]"
a443b86f-c86a-47a7-abef-0a56893c99b0,0,a443b86f-c86a-47a7-abef-0a56893c99b0::eave-chain::0:0,2,6.6459,6.663692,-1.782588,"[3.446651, -4.340622]","[4.31288, 3.07378]","[""a443b86f-c86a-47a7-abef-0a56893c99b0::ceiling-raw::0:1:0"", ""a443b86f-c86a-47a7-abef-0a56893c99b0::ceiling-raw::0:2:0""]"
a443b86f-c86a-47a7-abef-0a56893c99b0,0,a443b86f-c86a-47a7-abef-0a56893c99b0::eave-chain::0:1,1,1.90047,93.037348,-1.7828,"[3.6378, -2.4093]","[1.74, -2.3086]","[""a443b86f-c86a-47a7-abef-0a56893c99b0::ceiling-raw::0:1:0""]"
a443b86f-c86a-47a7-abef-0a56893c99b0,0,a443b86f-c86a-47a7-abef-0a56893c99b0::eave-chain::0:2,2,4.637424,6.870973,-1.78262,"[1.275942, 1.443328]","[0.615697, -4.035918]","[""a443b86f-c86a-47a7-abef-0a56893c99b0::ceiling-raw::0:1:0"", ""a443b86f-c86a-47a7-abef-0a56893c99b0::ceiling-raw::0:2:0""]"
a443b86f-c86a-47a7-abef-0a56893c99b0,0,a443b86f-c86a-47a7-abef-0a56893c99b0::eave-chain::0:3,1,2.83507,96.14134,-1.7828,"[0.6114, -4.0354]","[3.4302, -4.3387]","[""a443b86f-c86a-47a7-abef-0a56893c99b0::ceiling-raw::0:1:0""]"
a443b86f-c86a-47a7-abef-0a56893c99b0,0,a443b86f-c86a-47a7-abef-0a56893c99b0::eave-chain::0:4,1,2.161649,95.662856,-1.7825,"[4.2973, 3.0756]","[2.1462, 3.2889]","[""a443b86f-c86a-47a7-abef-0a56893c99b0::ceiling-raw::0:2:0""]"
a443b86f-c86a-47a7-abef-0a56893c99b0,0,a443b86f-c86a-47a7-abef-0a56893c99b0::eave-chain::0:5,1,1.922184,5.663731,-1.7825,"[2.1462, 3.2889]","[1.9565, 1.3761]","[""a443b86f-c86a-47a7-abef-0a56893c99b0::ceiling-raw::0:2:0""]"
a443b86f-c86a-47a7-abef-0a56893c99b0,0,a443b86f-c86a-47a7-abef-0a56893c99b0::eave-chain::0:6,1,0.697004,95.664788,-1.7825,"[1.9565, 1.3761]","[1.2629, 1.4449]","[""a443b86f-c86a-47a7-abef-0a56893c99b0::ceiling-raw::0:2:0""]"
a443b86f-c86a-47a7-abef-0a56893c99b0,0,a443b86f-c86a-47a7-abef-0a56893c99b0::eave-chain::0:7,1,2.858753,95.663129,-1.7825,"[0.9882, -1.3247]","[3.833, -1.6068]","[""a443b86f-c86a-47a7-abef-0a56893c99b0::ceiling-raw::0:2:0""]"
a443b86f-c86a-47a7-abef-0a56893c99b0,0,a443b86f-c86a-47a7-abef-0a56893c99b0::eave-chain::0:8,1,4.149356,95.66374,-1.8392,"[-6.0897, -6.6999]","[-1.9606, -7.1094]","[""a443b86f-c86a-47a7-abef-0a56893c99b0::ceiling-raw::0:4:0""]"
a443b86f-c86a-47a7-abef-0a56893c99b0,0,a443b86f-c86a-47a7-abef-0a56893c99b0::eave-chain::0:9,1,3.270967,5.663533,-1.8392,"[-1.9606, -7.1094]","[-1.6378, -3.8544]","[""a443b86f-c86a-47a7-abef-0a56893c99b0::ceiling-raw::0:4:0""]"
a443b86f-c86a-47a7-abef-0a56893c99b0,0,a443b86f-c86a-47a7-abef-0a56893c99b0::eave-chain::0:10,1,4.149346,95.662366,-1.8392,"[-1.6378, -3.8544]","[-5.7669, -3.445]","[""a443b86f-c86a-47a7-abef-0a56893c99b0::ceiling-raw::0:4:0""]"
a443b86f-c86a-47a7-abef-0a56893c99b0,0,a443b86f-c86a-47a7-abef-0a56893c99b0::eave-chain::0:11,1,3.270867,5.663706,-1.8392,"[-5.7669, -3.445]","[-6.0897, -6.6999]","[""a443b86f-c86a-47a7-abef-0a56893c99b0::ceiling-raw::0:4:0""]"
a443b86f-c86a-47a7-abef-0a56893c99b0,1,a443b86f-c86a-47a7-abef-0a56893c99b0::eave-chain::1:0,1,3.05455,7.729009,0.8089,"[-5.7834, 2.0155]","[-6.1942, -1.0113]","[""a443b86f-c86a-47a7-abef-0a56893c99b0::ceiling-raw::1:6:0""]"
a443b86f-c86a-47a7-abef-0a56893c99b0,1,a443b86f-c86a-47a7-abef-0a56893c99b0::eave-chain::1:1,1,1.252076,97.729512,0.8089,"[-3.056, -3.7038]","[-1.8153, -3.8722]","[""a443b86f-c86a-47a7-abef-0a56893c99b0::ceiling-raw::1:6:0""]"
a443b86f-c86a-47a7-abef-0a56893c99b0,1,a443b86f-c86a-47a7-abef-0a56893c99b0::eave-chain::1:2,1,2.067079,7.729088,0.8089,"[-1.8153, -3.8722]","[-1.5373, -1.8239]","[""a443b86f-c86a-47a7-abef-0a56893c99b0::ceiling-raw::1:6:0""]"
a443b86f-c86a-47a7-abef-0a56893c99b0,1,a443b86f-c86a-47a7-abef-0a56893c99b0::eave-chain::1:3,1,0.920168,5.954868,-0.5249,"[-4.6001, -2.5657]","[-4.6955, -3.4803]","[""a443b86f-c86a-47a7-abef-0a56893c99b0::ceiling-raw::1:6:1""]"
a443b86f-c86a-47a7-abef-0a56893c99b0,1,a443b86f-c86a-47a7-abef-0a56893c99b0::eave-chain::1:4,1,3.364603,97.682642,-0.5251,"[-2.2633, 2.9345]","[-5.5977, 3.3843]","[""a443b86f-c86a-47a7-abef-0a56893c99b0::ceiling-raw::1:6:2""]"
a443b86f-c86a-47a7-abef-0a56893c99b0,1,a443b86f-c86a-47a7-abef-0a56893c99b0::eave-chain::1:5,1,1.803181,97.728817,-0.5252,"[-6.3724, -2.3241]","[-4.5856, -2.5666]","[""a443b86f-c86a-47a7-abef-0a56893c99b0::ceiling-raw::1:6:3""]"
a443b86f-c86a-47a7-abef-0a56893c99b0,1,a443b86f-c86a-47a7-abef-0a56893c99b0::eave-chain::1:6,1,1.742304,7.698518,0.7971,"[-0.6254, -0.3559]","[-0.392, 1.3707]","[""a443b86f-c86a-47a7-abef-0a56893c99b0::ceiling-raw::1:7:0""]"
a443b86f-c86a-47a7-abef-0a56893c99b0,1,a443b86f-c86a-47a7-abef-0a56893c99b0::eave-chain::1:7,1,2.043116,97.698605,0.7971,"[-0.392, 1.3707]","[-2.4167, 1.6444]","[""a443b86f-c86a-47a7-abef-0a56893c99b0::ceiling-raw::1:7:0""]"
a443b86f-c86a-47a7-abef-0a56893c99b0,1,a443b86f-c86a-47a7-abef-0a56893c99b0::eave-chain::1:8,1,0.60453,7.180313,-0.7185,"[2.2038, -4.4319]","[2.2793, -3.8326]","[""a443b86f-c86a-47a7-abef-0a56893c99b0::ceiling-raw::1:8:2""]"
a443b86f-c86a-47a7-abef-0a56893c99b0,1,a443b86f-c86a-47a7-abef-0a56893c99b0::eave-chain::1:9,1,0.604463,6.356947,0.78495,"[0.4988, -3.5909]","[0.4319, -4.1914]","[""a443b86f-c86a-47a7-abef-0a56893c99b0::ceiling-raw::1:8:2""]"
a443b86f-c86a-47a7-abef-0a56893c99b0,1,a443b86f-c86a-47a7-abef-0a56893c99b0::eave-chain::1:10,1,1.70943,7.729088,0.8109,"[0.9754, 1.1602]","[0.7455, -0.5337]","[""a443b86f-c86a-47a7-abef-0a56893c99b0::ceiling-raw::1:9:0""]"
a443b86f-c86a-47a7-abef-0a56893c99b0,1,a443b86f-c86a-47a7-abef-0a56893c99b0::eave-chain::1:11,1,2.362869,97.602335,0.8109,"[1.3112, -2.0163]","[3.6533, -2.3289]","[""a443b86f-c86a-47a7-abef-0a56893c99b0::ceiling-raw::1:9:0""]"
a443b86f-c86a-47a7-abef-0a56893c99b0,1,a443b86f-c86a-47a7-abef-0a56893c99b0::eave-chain::1:12,1,3.054946,7.728,0.8109,"[3.6533, -2.3289]","[4.0641, 0.6983]","[""a443b86f-c86a-47a7-abef-0a56893c99b0::ceiling-raw::1:9:0""]"
a443b86f-c86a-47a7-abef-0a56893c99b0,1,a443b86f-c86a-47a7-abef-0a56893c99b0::eave-chain::1:13,1,3.122768,98.055631,-0.5301,"[4.2497, 2.0665]","[1.1578, 2.5041]","[""a443b86f-c86a-47a7-abef-0a56893c99b0::ceiling-raw::1:9:1""]"
a492a5d6-ab9f-4b1e-bbfe-4762c1370a40,1,a492a5d6-ab9f-4b1e-bbfe-4762c1370a40::eave-chain::1:0,3,9.282646,1.789447,-1.018018,"[-0.972871, 2.348034]","[-1.171028, -3.994649]","[""a492a5d6-ab9f-4b1e-bbfe-4762c1370a40::ceiling-raw::1:1:0"", ""a492a5d6-ab9f-4b1e-bbfe-4762c1370a40::ceiling-raw::1:2:0"", ""a492a5d6-ab9f-4b1e-bbfe-4762c1370a40::ceiling-raw::1:4:0""]"
a492a5d6-ab9f-4b1e-bbfe-4762c1370a40,1,a492a5d6-ab9f-4b1e-bbfe-4762c1370a40::eave-chain::1:1,3,8.081629,88.967085,-1.022749,"[-4.916954, -0.781901]","[1.993414, -0.657309]","[""a492a5d6-ab9f-4b1e-bbfe-4762c1370a40::ceiling-raw::1:1:0"", ""a492a5d6-ab9f-4b1e-bbfe-4762c1370a40::ceiling-raw::1:2:0"", ""a492a5d6-ab9f-4b1e-bbfe-4762c1370a40::ceiling-raw::1:4:0""]"
a492a5d6-ab9f-4b1e-bbfe-4762c1370a40,1,a492a5d6-ab9f-4b1e-bbfe-4762c1370a40::eave-chain::1:2,3,6.260301,177.975005,-1.016928,"[2.083715, -3.917926]","[1.860452, 2.396507]","[""a492a5d6-ab9f-4b1e-bbfe-4762c1370a40::ceiling-raw::1:1:0"", ""a492a5d6-ab9f-4b1e-bbfe-4762c1370a40::ceiling-raw::1:4:0""]"
a492a5d6-ab9f-4b1e-bbfe-4762c1370a40,1,a492a5d6-ab9f-4b1e-bbfe-4762c1370a40::eave-chain::1:3,2,6.728672,88.860778,-1.012397,"[1.854583, 2.39714]","[-4.986818, 2.261093]","[""a492a5d6-ab9f-4b1e-bbfe-4762c1370a40::ceiling-raw::1:1:0"", ""a492a5d6-ab9f-4b1e-bbfe-4762c1370a40::ceiling-raw::1:2:0""]"
a492a5d6-ab9f-4b1e-bbfe-4762c1370a40,1,a492a5d6-ab9f-4b1e-bbfe-4762c1370a40::eave-chain::1:4,1,3.034801,178.683977,-1.0202,"[-4.9868, 2.2602]","[-4.9171, -0.7738]","[""a492a5d6-ab9f-4b1e-bbfe-4762c1370a40::ceiling-raw::1:2:0""]"
a492a5d6-ab9f-4b1e-bbfe-4762c1370a40,1,a492a5d6-ab9f-4b1e-bbfe-4762c1370a40::eave-chain::1:5,1,3.275763,88.684575,-1.0315,"[-1.2046, -3.9936]","[2.0703, -3.9184]","[""a492a5d6-ab9f-4b1e-bbfe-4762c1370a40::ceiling-raw::1:4:0""]"
a492a5d6-ab9f-4b1e-bbfe-4762c1370a40,1,a492a5d6-ab9f-4b1e-bbfe-4762c1370a40::eave-chain::1:6,1,2.580679,88.685537,-1.6598,"[4.7445, -2.3231]","[2.1645, -2.3823]","[""a492a5d6-ab9f-4b1e-bbfe-4762c1370a40::ceiling-raw::1:5:0""]"
a492a5d6-ab9f-4b1e-bbfe-4762c1370a40,1,a492a5d6-ab9f-4b1e-bbfe-4762c1370a40::eave-chain::1:7,1,2.580579,88.685486,-1.8324,"[2.2, -3.9272]","[4.7799, -3.868]","[""a492a5d6-ab9f-4b1e-bbfe-4762c1370a40::ceiling-raw::1:5:0""]"
a492a5d6-ab9f-4b1e-bbfe-4762c1370a40,2,a492a5d6-ab9f-4b1e-bbfe-4762c1370a40::eave-chain::2:0,1,1.363055,29.741753,1.4889,"[-0.9051, 1.1806]","[-0.2289, 2.3641]","[""a492a5d6-ab9f-4b1e-bbfe-4762c1370a40::ceiling-raw::2:8:0""]"
a492a5d6-ab9f-4b1e-bbfe-4762c1370a40,2,a492a5d6-ab9f-4b1e-bbfe-4762c1370a40::eave-chain::2:1,1,2.522102,89.113983,1.4889,"[-0.2289, 2.3641]","[-2.7507, 2.3251]","[""a492a5d6-ab9f-4b1e-bbfe-4762c1370a40::ceiling-raw::2:8:0""]"
a492a5d6-ab9f-4b1e-bbfe-4762c1370a40,2,a492a5d6-ab9f-4b1e-bbfe-4762c1370a40::eave-chain::2:2,1,2.923949,179.114255,0.3455,"[-3.9962, 2.3059]","[-3.951, -0.6177]","[""a492a5d6-ab9f-4b1e-bbfe-4762c1370a40::ceiling-raw::2:8:5""]"
a492a5d6-ab9f-4b1e-bbfe-4762c1370a40,2,a492a5d6-ab9f-4b1e-bbfe-4762c1370a40::eave-chain::2:3,1,1.172946,178.851991,-0.20935,"[1.4001, 1.2162]","[1.3766, 2.3889]","[""a492a5d6-ab9f-4b1e-bbfe-4762c1370a40::ceiling-raw::2:8:7""]"
a492a5d6-ab9f-4b1e-bbfe-4762c1370a40,2,a492a5d6-ab9f-4b1e-bbfe-4762c1370a40::eave-chain::2:4,1,2.439191,89.114404,1.4991,"[-2.6776, -3.9511]","[-0.2387, -3.9134]","[""a492a5d6-ab9f-4b1e-bbfe-4762c1370a40::ceiling-raw::2:9:0""]"
a492a5d6-ab9f-4b1e-bbfe-4762c1370a40,2,a492a5d6-ab9f-4b1e-bbfe-4762c1370a40::eave-chain::2:5,1,3.226881,179.119279,0.74545,"[0.4986, -3.902]","[0.449, -0.6755]","[""a492a5d6-ab9f-4b1e-bbfe-4762c1370a40::ceiling-raw::2:9:2""]"
a492a5d6-ab9f-4b1e-bbfe-4762c1370a40,2,a492a5d6-ab9f-4b1e-bbfe-4762c1370a40::eave-chain::2:6,1,3.226986,179.11398,0.7455,"[-3.6044, -0.7381]","[-3.5545, -3.9647]","[""a492a5d6-ab9f-4b1e-bbfe-4762c1370a40::ceiling-raw::2:9:3""]"
a4d6eef3-6107-45a3-bd37-3cf2ef4e9efb,0,a4d6eef3-6107-45a3-bd37-3cf2ef4e9efb::eave-chain::0:0,3,5.80846,70.125692,0.671922,"[-11.028155, -8.358156]","[-7.701797, -7.155718]","[""a4d6eef3-6107-45a3-bd37-3cf2ef4e9efb::ceiling-raw::0:0:0"", ""a4d6eef3-6107-45a3-bd37-3cf2ef4e9efb::ceiling-raw::0:1:0""]"
a4d6eef3-6107-45a3-bd37-3cf2ef4e9efb,0,a4d6eef3-6107-45a3-bd37-3cf2ef4e9efb::eave-chain::0:1,3,6.972394,165.714117,0.667595,"[-11.828046, -4.637121]","[-10.075808, -11.518509]","[""a4d6eef3-6107-45a3-bd37-3cf2ef4e9efb::ceiling-raw::0:0:0"", ""a4d6eef3-6107-45a3-bd37-3cf2ef4e9efb::ceiling-raw::0:1:0""]"
a4d6eef3-6107-45a3-bd37-3cf2ef4e9efb,0,a4d6eef3-6107-45a3-bd37-3cf2ef4e9efb::eave-chain::0:2,6,14.67941,75.917369,0.705855,"[-10.187522, -11.592666]","[4.554827, -7.894395]","[""a4d6eef3-6107-45a3-bd37-3cf2ef4e9efb::ceiling-raw::0:0:0"", ""a4d6eef3-6107-45a3-bd37-3cf2ef4e9efb::ceiling-raw::0:2:0"", ""a4d6eef3-6107-45a3-bd37-3cf2ef4e9efb::ceiling-raw::0:5:0"", ""a4d6eef3-6107-45a3-bd37-3cf2ef4e9efb::ceiling-raw::0:6:0"", ""a4d6eef3-6107-45a3-bd37-3cf2ef4e9efb::ceiling-raw::0:7:0"", ""a4d6eef3-6107-45a3-bd37-3cf2ef4e9efb::ceiling-raw::0:8:0""]"
a4d6eef3-6107-45a3-bd37-3cf2ef4e9efb,0,a4d6eef3-6107-45a3-bd37-3cf2ef4e9efb::eave-chain::0:3,2,5.930778,165.42932,0.64423,"[-7.906693, -11.057968]","[-8.798138, -7.628464]","[""a4d6eef3-6107-45a3-bd37-3cf2ef4e9efb::ceiling-raw::0:0:0"", ""a4d6eef3-6107-45a3-bd37-3cf2ef4e9efb::ceiling-raw::0:2:0""]"
a4d6eef3-6107-45a3-bd37-3cf2ef4e9efb,0,a4d6eef3-6107-45a3-bd37-3cf2ef4e9efb::eave-chain::0:4,2,6.701405,166.020281,0.685272,"[-7.723206, -7.108272]","[-8.54062, -3.824852]","[""a4d6eef3-6107-45a3-bd37-3cf2ef4e9efb::ceiling-raw::0:1:0"", ""a4d6eef3-6107-45a3-bd37-3cf2ef4e9efb::ceiling-raw::0:3:0""]"
a4d6eef3-6107-45a3-bd37-3cf2ef4e9efb,0,a4d6eef3-6107-45a3-bd37-3cf2ef4e9efb::eave-chain::0:5,5,15.020649,75.988252,0.736952,"[2.80364, -1.015964]","[-11.921545, -4.690572]","[""a4d6eef3-6107-45a3-bd37-3cf2ef4e9efb::ceiling-raw::0:1:0"", ""a4d6eef3-6107-45a3-bd37-3cf2ef4e9efb::ceiling-raw::0:3:0"", ""a4d6eef3-6107-45a3-bd37-3cf2ef4e9efb::ceiling-raw::0:4:0"", ""a4d6eef3-6107-45a3-bd37-3cf2ef4e9efb::ceiling-raw::0:8:0""]"
a4d6eef3-6107-45a3-bd37-3cf2ef4e9efb,0,a4d6eef3-6107-45a3-bd37-3cf2ef4e9efb::eave-chain::0:6,2,3.858947,164.827395,0.67171,"[-5.513577, -10.455853]","[-6.163778, -8.058186]","[""a4d6eef3-6107-45a3-bd37-3cf2ef4e9efb::ceiling-raw::0:2:0"", ""a4d6eef3-6107-45a3-bd37-3cf2ef4e9efb::ceiling-raw::0:5:0""]"
a4d6eef3-6107-45a3-bd37-3cf2ef4e9efb,0,a4d6eef3-6107-45a3-bd37-3cf2ef4e9efb::eave-chain::0:7,2,6.587473,165.690094,0.683034,"[-5.363808, -6.453109]","[-6.187081, -3.22561]","[""a4d6eef3-6107-45a3-bd37-3cf2ef4e9efb::ceiling-raw::0:3:0"", ""a4d6eef3-6107-45a3-bd37-3cf2ef4e9efb::ceiling-raw::0:4:0""]"
a4d6eef3-6107-45a3-bd37-3cf2ef4e9efb,0,a4d6eef3-6107-45a3-bd37-3cf2ef4e9efb::eave-chain::0:8,2,7.455176,165.612895,0.749546,"[-3.763919, -2.684938]","[-2.709761, -6.794451]","[""a4d6eef3-6107-45a3-bd37-3cf2ef4e9efb::ceiling-raw::0:4:0"", ""a4d6eef3-6107-45a3-bd37-3cf2ef4e9efb::ceiling-raw::0:8:0""]"
a4d6eef3-6107-45a3-bd37-3cf2ef4e9efb,0,a4d6eef3-6107-45a3-bd37-3cf2ef4e9efb::eave-chain::0:9,2,2.872885,165.894753,0.704247,"[-4.332035, -8.614076]","[-3.968228, -10.06189]","[""a4d6eef3-6107-45a3-bd37-3cf2ef4e9efb::ceiling-raw::0:5:0"", ""a4d6eef3-6107-45a3-bd37-3cf2ef4e9efb::ceiling-raw::0:6:0""]"
a4d6eef3-6107-45a3-bd37-3cf2ef4e9efb,0,a4d6eef3-6107-45a3-bd37-3cf2ef4e9efb::eave-chain::0:10,2,5.684796,165.70002,0.689133,"[-2.492133, -9.683648]","[-3.213048, -6.855381]","[""a4d6eef3-6107-45a3-bd37-3cf2ef4e9efb::ceiling-raw::0:6:0"", ""a4d6eef3-6107-45a3-bd37-3cf2ef4e9efb::ceiling-raw::0:7:0""]"
a4d6eef3-6107-45a3-bd37-3cf2ef4e9efb,0,a4d6eef3-6107-45a3-bd37-3cf2ef4e9efb::eave-chain::0:11,2,5.620402,165.711242,0.747635,"[0.381062, -6.007601]","[1.08553, -8.773607]","[""a4d6eef3-6107-45a3-bd37-3cf2ef4e9efb::ceiling-raw::0:7:0"", ""a4d6eef3-6107-45a3-bd37-3cf2ef4e9efb::ceiling-raw::0:8:0""]"
a4d6eef3-6107-45a3-bd37-3cf2ef4e9efb,0,a4d6eef3-6107-45a3-bd37-3cf2ef4e9efb::eave-chain::0:12,1,7.153678,165.718608,0.8,"[4.5539, -7.8907]","[2.7892, -0.9581]","[""a4d6eef3-6107-45a3-bd37-3cf2ef4e9efb::ceiling-raw::0:8:0""]"
a4d6eef3-6107-45a3-bd37-3cf2ef4e9efb,0,a4d6eef3-6107-45a3-bd37-3cf2ef4e9efb::eave-chain::0:13,2,3.296284,165.718338,2.071,"[-4.329108, 1.318098]","[-3.515951, -1.876313]","[""a4d6eef3-6107-45a3-bd37-3cf2ef4e9efb::ceiling-raw::0:9:0"", ""a4d6eef3-6107-45a3-bd37-3cf2ef4e9efb::ceiling-raw::0:9:1""]"
a4d6eef3-6107-45a3-bd37-3cf2ef4e9efb,0,a4d6eef3-6107-45a3-bd37-3cf2ef4e9efb::eave-chain::0:14,1,0.484785,165.717238,2.071,"[2.5817, -0.3713]","[2.4621, 0.0985]","[""a4d6eef3-6107-45a3-bd37-3cf2ef4e9efb::ceiling-raw::0:9:0""]"
a4d6eef3-6107-45a3-bd37-3cf2ef4e9efb,0,a4d6eef3-6107-45a3-bd37-3cf2ef4e9efb::eave-chain::0:15,1,6.280472,75.886979,1.2125,"[-3.4146, -2.2742]","[2.6763, -0.7428]","[""a4d6eef3-6107-45a3-bd37-3cf2ef4e9efb::ceiling-raw::0:9:3""]"
a8a3b04b-42d0-4468-8b3a-5e2135b9313b,0,a8a3b04b-42d0-4468-8b3a-5e2135b9313b::eave-chain::0:0,2,2.82391,34.069492,0.990713,"[-2.985781, -2.340111]","[-2.141965, -1.092369]","[""a8a3b04b-42d0-4468-8b3a-5e2135b9313b::ceiling-raw::0:3:0"", ""a8a3b04b-42d0-4468-8b3a-5e2135b9313b::ceiling-raw::0:4:0""]"
a8a3b04b-42d0-4468-8b3a-5e2135b9313b,0,a8a3b04b-42d0-4468-8b3a-5e2135b9313b::eave-chain::0:1,3,5.10196,123.552142,0.989484,"[-6.336207, -0.037539]","[-1.905158, -2.976189]","[""a8a3b04b-42d0-4468-8b3a-5e2135b9313b::ceiling-raw::0:3:0"", ""a8a3b04b-42d0-4468-8b3a-5e2135b9313b::ceiling-raw::0:4:0"", ""a8a3b04b-42d0-4468-8b3a-5e2135b9313b::ceiling-raw::0:5:0""]"
a8a3b04b-42d0-4468-8b3a-5e2135b9313b,0,a8a3b04b-42d0-4468-8b3a-5e2135b9313b::eave-chain::0:2,1,1.317627,34.004843,0.9961,"[-1.8858, -2.947]","[-1.1489, -1.8547]","[""a8a3b04b-42d0-4468-8b3a-5e2135b9313b::ceiling-raw::0:3:0""]"
a8a3b04b-42d0-4468-8b3a-5e2135b9313b,0,a8a3b04b-42d0-4468-8b3a-5e2135b9313b::eave-chain::0:3,2,6.330473,33.743537,0.987441,"[-4.394435, -1.389936]","[-2.331126, 1.698779]","[""a8a3b04b-42d0-4468-8b3a-5e2135b9313b::ceiling-raw::0:4:0"", ""a8a3b04b-42d0-4468-8b3a-5e2135b9313b::ceiling-raw::0:5:0""]"
a8a3b04b-42d0-4468-8b3a-5e2135b9313b,0,a8a3b04b-42d0-4468-8b3a-5e2135b9313b::eave-chain::0:4,2,6.541317,34.053152,0.981338,"[-2.614628, 5.469687]","[-6.319949, -0.012699]","[""a8a3b04b-42d0-4468-8b3a-5e2135b9313b::ceiling-raw::0:5:0"", ""a8a3b04b-42d0-4468-8b3a-5e2135b9313b::ceiling-raw::0:6:0""]"
a8a3b04b-42d0-4468-8b3a-5e2135b9313b,0,a8a3b04b-42d0-4468-8b3a-5e2135b9313b::eave-chain::0:5,3,8.866323,123.612211,0.982989,"[-4.261809, 3.038162]","[1.723145, -0.940071]","[""a8a3b04b-42d0-4468-8b3a-5e2135b9313b::ceiling-raw::0:5:0"", ""a8a3b04b-42d0-4468-8b3a-5e2135b9313b::ceiling-raw::0:6:0"", ""a8a3b04b-42d0-4468-8b3a-5e2135b9313b::ceiling-raw::0:7:0""]"
a8a3b04b-42d0-4468-8b3a-5e2135b9313b,0,a8a3b04b-42d0-4468-8b3a-5e2135b9313b::eave-chain::0:6,2,6.551191,123.902825,0.981041,"[3.344921, 1.46378]","[-2.614884, 5.469029]","[""a8a3b04b-42d0-4468-8b3a-5e2135b9313b::ceiling-raw::0:6:0"", ""a8a3b04b-42d0-4468-8b3a-5e2135b9313b::ceiling-raw::0:7:0""]"
a8a3b04b-42d0-4468-8b3a-5e2135b9313b,0,a8a3b04b-42d0-4468-8b3a-5e2135b9313b::eave-chain::0:7,1,2.891834,34.00494,0.9723,"[-1.2995, 1.0941]","[0.3178, 3.4914]","[""a8a3b04b-42d0-4468-8b3a-5e2135b9313b::ceiling-raw::0:6:0""]"
a8a3b04b-42d0-4468-8b3a-5e2135b9313b,0,a8a3b04b-42d0-4468-8b3a-5e2135b9313b::eave-chain::0:8,1,2.904149,34.005246,0.9913,"[0.8462, 3.1492]","[-0.778, 0.7417]","[""a8a3b04b-42d0-4468-8b3a-5e2135b9313b::ceiling-raw::0:7:0""]"
a8a3b04b-42d0-4468-8b3a-5e2135b9313b,0,a8a3b04b-42d0-4468-8b3a-5e2135b9313b::eave-chain::0:9,1,2.904149,34.005246,0.9913,"[1.7206, -0.9439]","[3.3448, 1.4636]","[""a8a3b04b-42d0-4468-8b3a-5e2135b9313b::ceiling-raw::0:7:0""]"
a8aca518-ee19-4cef-8df9-1b574c2d43d1,0,a8aca518-ee19-4cef-8df9-1b574c2d43d1::eave-chain::0:0,1,3.741263,120.408784,-4.781,"[5.1729, 0.2263]","[1.9463, 2.12]","[""a8aca518-ee19-4cef-8df9-1b574c2d43d1::ceiling-raw::0:0:0""]"
a8aca518-ee19-4cef-8df9-1b574c2d43d1,0,a8aca518-ee19-4cef-8df9-1b574c2d43d1::eave-chain::0:1,2,6.455561,30.047446,-4.804003,"[1.942928, 2.12195]","[-1.549105, -3.914878]","[""a8aca518-ee19-4cef-8df9-1b574c2d43d1::ceiling-raw::0:0:0"", ""a8aca518-ee19-4cef-8df9-1b574c2d43d1::ceiling-raw::0:4:0""]"
a8aca518-ee19-4cef-8df9-1b574c2d43d1,0,a8aca518-ee19-4cef-8df9-1b574c2d43d1::eave-chain::0:2,2,7.21489,120.463024,-4.815183,"[-0.278475, -1.67069]","[2.99253, -3.594617]","[""a8aca518-ee19-4cef-8df9-1b574c2d43d1::ceiling-raw::0:0:0"", ""a8aca518-ee19-4cef-8df9-1b574c2d43d1::ceiling-raw::0:4:0""]"
a8aca518-ee19-4cef-8df9-1b574c2d43d1,0,a8aca518-ee19-4cef-8df9-1b574c2d43d1::eave-chain::0:3,2,6.907585,29.978688,-4.807144,"[1.685673, -5.813366]","[5.170485, 0.227693]","[""a8aca518-ee19-4cef-8df9-1b574c2d43d1::ceiling-raw::0:0:0"", ""a8aca518-ee19-4cef-8df9-1b574c2d43d1::ceiling-raw::0:4:0""]"
a8aca518-ee19-4cef-8df9-1b574c2d43d1,0,a8aca518-ee19-4cef-8df9-1b574c2d43d1::eave-chain::0:4,1,3.751571,120.408476,-4.852,"[-1.5463, -3.9165]","[1.6892, -5.8154]","[""a8aca518-ee19-4cef-8df9-1b574c2d43d1::ceiling-raw::0:4:0""]"
a8aca518-ee19-4cef-8df9-1b574c2d43d1,1,a8aca518-ee19-4cef-8df9-1b574c2d43d1::eave-chain::1:0,2,5.860775,30.25069,-1.879348,"[-1.356842, 4.066749]","[-4.341876, -1.051631]","[""a8aca518-ee19-4cef-8df9-1b574c2d43d1::ceiling-raw::1:6:0"", ""a8aca518-ee19-4cef-8df9-1b574c2d43d1::ceiling-raw::1:7:0""]"
a8aca518-ee19-4cef-8df9-1b574c2d43d1,1,a8aca518-ee19-4cef-8df9-1b574c2d43d1::eave-chain::1:1,1,1.035898,125.693919,-1.8646,"[-4.3385, -1.0536]","[-3.4972, -1.658]","[""a8aca518-ee19-4cef-8df9-1b574c2d43d1::ceiling-raw::1:6:0""]"
a8aca518-ee19-4cef-8df9-1b574c2d43d1,1,a8aca518-ee19-4cef-8df9-1b574c2d43d1::eave-chain::1:2,4,14.21169,117.795439,-1.909093,"[-3.767231, -0.046148]","[2.953689, -3.589003]","[""a8aca518-ee19-4cef-8df9-1b574c2d43d1::ceiling-raw::1:6:0"", ""a8aca518-ee19-4cef-8df9-1b574c2d43d1::ceiling-raw::1:7:0"", ""a8aca518-ee19-4cef-8df9-1b574c2d43d1::ceiling-raw::1:8:0"", ""a8aca518-ee19-4cef-8df9-1b574c2d43d1::ceiling-raw::1:9:0""]"
a8aca518-ee19-4cef-8df9-1b574c2d43d1,1,a8aca518-ee19-4cef-8df9-1b574c2d43d1::eave-chain::1:3,1,1.078331,30.407894,-1.5046,"[-4.3385, -1.0536]","[-4.8843, -1.9836]","[""a8aca518-ee19-4cef-8df9-1b574c2d43d1::ceiling-raw::1:6:1""]"
a8aca518-ee19-4cef-8df9-1b574c2d43d1,1,a8aca518-ee19-4cef-8df9-1b574c2d43d1::eave-chain::1:4,1,0.982905,30.407912,-1.8646,"[-3.9947, -2.5057]","[-3.4972, -1.658]","[""a8aca518-ee19-4cef-8df9-1b574c2d43d1::ceiling-raw::1:6:1""]"
a8aca518-ee19-4cef-8df9-1b574c2d43d1,1,a8aca518-ee19-4cef-8df9-1b574c2d43d1::eave-chain::1:5,2,7.532143,120.616029,-1.887005,"[5.176152, 0.200818]","[-1.355843, 4.066296]","[""a8aca518-ee19-4cef-8df9-1b574c2d43d1::ceiling-raw::1:7:0"", ""a8aca518-ee19-4cef-8df9-1b574c2d43d1::ceiling-raw::1:8:0""]"
a8aca518-ee19-4cef-8df9-1b574c2d43d1,1,a8aca518-ee19-4cef-8df9-1b574c2d43d1::eave-chain::1:6,2,9.083128,30.433785,-1.886836,"[-0.478242, -1.925534]","[1.914296, 2.146945]","[""a8aca518-ee19-4cef-8df9-1b574c2d43d1::ceiling-raw::1:7:0"", ""a8aca518-ee19-4cef-8df9-1b574c2d43d1::ceiling-raw::1:8:0""]"
a8aca518-ee19-4cef-8df9-1b574c2d43d1,1,a8aca518-ee19-4cef-8df9-1b574c2d43d1::eave-chain::1:7,2,6.955503,30.429412,-1.940658,"[1.617554, -5.85779]","[5.17631, 0.200835]","[""a8aca518-ee19-4cef-8df9-1b574c2d43d1::ceiling-raw::1:8:0"", ""a8aca518-ee19-4cef-8df9-1b574c2d43d1::ceiling-raw::1:9:0""]"
a8aca518-ee19-4cef-8df9-1b574c2d43d1,1,a8aca518-ee19-4cef-8df9-1b574c2d43d1::eave-chain::1:8,2,3.516125,30.899515,-2.056622,"[0.412293, -2.14059]","[-0.920639, -4.3678]","[""a8aca518-ee19-4cef-8df9-1b574c2d43d1::ceiling-raw::1:10:0"", ""a8aca518-ee19-4cef-8df9-1b574c2d43d1::ceiling-raw::1:9:0""]"
a8aca518-ee19-4cef-8df9-1b574c2d43d1,1,a8aca518-ee19-4cef-8df9-1b574c2d43d1::eave-chain::1:9,2,4.858097,121.513046,-2.074022,"[-2.569839, -3.295404]","[1.61519, -5.861304]","[""a8aca518-ee19-4cef-8df9-1b574c2d43d1::ceiling-raw::1:10:0"", ""a8aca518-ee19-4cef-8df9-1b574c2d43d1::ceiling-raw::1:9:0""]"
a8aca518-ee19-4cef-8df9-1b574c2d43d1,1,a8aca518-ee19-4cef-8df9-1b574c2d43d1::eave-chain::1:10,1,0.920424,30.409681,-2.1489,"[-2.1013, -2.4973]","[-2.5672, -3.2911]","[""a8aca518-ee19-4cef-8df9-1b574c2d43d1::ceiling-raw::1:10:0""]"
a8aca518-ee19-4cef-8df9-1b574c2d43d1,2,a8aca518-ee19-4cef-8df9-1b574c2d43d1::eave-chain::2:0,2,5.274831,28.64335,0.707617,"[-1.641951, -3.98618]","[-0.149895, -1.254474]","[""a8aca518-ee19-4cef-8df9-1b574c2d43d1::ceiling-raw::2:11:0"", ""a8aca518-ee19-4cef-8df9-1b574c2d43d1::ceiling-raw::2:12:0""]"
a8aca518-ee19-4cef-8df9-1b574c2d43d1,2,a8aca518-ee19-4cef-8df9-1b574c2d43d1::eave-chain::2:1,2,3.369508,119.480473,0.708949,"[-3.155189, -3.115127]","[-0.131472, -4.824504]","[""a8aca518-ee19-4cef-8df9-1b574c2d43d1::ceiling-raw::2:11:0"", ""a8aca518-ee19-4cef-8df9-1b574c2d43d1::ceiling-raw::2:12:0""]"
a8aca518-ee19-4cef-8df9-1b574c2d43d1,2,a8aca518-ee19-4cef-8df9-1b574c2d43d1::eave-chain::2:2,1,3.132164,28.834997,-0.60195,"[0.9742, -5.4376]","[2.4848, -2.6938]","[""a8aca518-ee19-4cef-8df9-1b574c2d43d1::ceiling-raw::2:11:1""]"
a8aca518-ee19-4cef-8df9-1b574c2d43d1,2,a8aca518-ee19-4cef-8df9-1b574c2d43d1::eave-chain::2:3,1,1.022319,28.101831,-1.5188,"[-4.5027, -1.1987]","[-4.9842, -2.1004]","[""a8aca518-ee19-4cef-8df9-1b574c2d43d1::ceiling-raw::2:12:1""]"
a8aca518-ee19-4cef-8df9-1b574c2d43d1,2,a8aca518-ee19-4cef-8df9-1b574c2d43d1::eave-chain::2:4,1,2.071164,46.68641,0.7376,"[-1.2892, 1.5894]","[0.2178, 3.0102]","[""a8aca518-ee19-4cef-8df9-1b574c2d43d1::ceiling-raw::2:14:4""]"
aa047931-2b45-497d-a093-f637a2934699,0,aa047931-2b45-497d-a093-f637a2934699::eave-chain::0:0,1,0.228334,53.692201,-1.5504,"[12.0565, 3.4468]","[12.2405, 3.582]","[""aa047931-2b45-497d-a093-f637a2934699::ceiling-raw::0:3:0""]"
aa047931-2b45-497d-a093-f637a2934699,0,aa047931-2b45-497d-a093-f637a2934699::eave-chain::0:1,1,1.858449,143.66857,-1.57435,"[12.2405, 3.582]","[11.1398, 5.0787]","[""aa047931-2b45-497d-a093-f637a2934699::ceiling-raw::0:3:0""]"
aa047931-2b45-497d-a093-f637a2934699,0,aa047931-2b45-497d-a093-f637a2934699::eave-chain::0:2,1,1.177153,143.67525,-2.2187,"[9.067, 2.7096]","[9.7643, 1.7612]","[""aa047931-2b45-497d-a093-f637a2934699::ceiling-raw::0:3:1""]"
aa047931-2b45-497d-a093-f637a2934699,1,aa047931-2b45-497d-a093-f637a2934699::eave-chain::1:0,1,2.005872,138.379033,1.2095,"[8.6916, 3.3931]","[10.0239, 1.8936]","[""aa047931-2b45-497d-a093-f637a2934699::ceiling-raw::1:6:0""]"
aa047931-2b45-497d-a093-f637a2934699,1,aa047931-2b45-497d-a093-f637a2934699::eave-chain::1:1,2,5.067734,49.191266,1.220628,"[10.021771, 1.896066]","[13.904984, 5.248998]","[""aa047931-2b45-497d-a093-f637a2934699::ceiling-raw::1:6:0"", ""aa047931-2b45-497d-a093-f637a2934699::ceiling-raw::1:7:0""]"
aa047931-2b45-497d-a093-f637a2934699,1,aa047931-2b45-497d-a093-f637a2934699::eave-chain::1:2,2,7.207767,138.358969,1.223301,"[9.914052, 6.616729]","[12.357242, 3.868865]","[""aa047931-2b45-497d-a093-f637a2934699::ceiling-raw::1:6:0"", ""aa047931-2b45-497d-a093-f637a2934699::ceiling-raw::1:7:0""]"
aa047931-2b45-497d-a093-f637a2934699,1,aa047931-2b45-497d-a093-f637a2934699::eave-chain::1:3,2,7.072186,140.339274,1.23813,"[13.906235, 5.245234]","[9.380597, 10.704]","[""aa047931-2b45-497d-a093-f637a2934699::ceiling-raw::1:7:0"", ""aa047931-2b45-497d-a093-f637a2934699::ceiling-raw::1:8:0""]"
aa047931-2b45-497d-a093-f637a2934699,1,aa047931-2b45-497d-a093-f637a2934699::eave-chain::1:4,2,5.587582,48.427552,1.238432,"[9.038857, 5.753577]","[11.690468, 8.105509]","[""aa047931-2b45-497d-a093-f637a2934699::ceiling-raw::1:7:0"", ""aa047931-2b45-497d-a093-f637a2934699::ceiling-raw::1:8:0""]"
aa047931-2b45-497d-a093-f637a2934699,1,aa047931-2b45-497d-a093-f637a2934699::eave-chain::1:5,5,16.240868,47.725412,1.199845,"[9.289011, 10.805905]","[-3.251686, -0.595089]","[""aa047931-2b45-497d-a093-f637a2934699::ceiling-raw::1:10:0"", ""aa047931-2b45-497d-a093-f637a2934699::ceiling-raw::1:12:0"", ""aa047931-2b45-497d-a093-f637a2934699::ceiling-raw::1:13:0"", ""aa047931-2b45-497d-a093-f637a2934699::ceiling-raw::1:8:0"", ""aa047931-2b45-497d-a093-f637a2934699::ceiling-raw::1:9:0""]"
aa047931-2b45-497d-a093-f637a2934699,1,aa047931-2b45-497d-a093-f637a2934699::eave-chain::1:6,2,6.885965,138.342079,1.246645,"[6.625899, 8.43109]","[9.017943, 5.742347]","[""aa047931-2b45-497d-a093-f637a2934699::ceiling-raw::1:8:0"", ""aa047931-2b45-497d-a093-f637a2934699::ceiling-raw::1:9:0""]"
aa047931-2b45-497d-a093-f637a2934699,1,aa047931-2b45-497d-a093-f637a2934699::eave-chain::1:7,2,6.521105,138.501721,1.249174,"[7.364979, 4.488068]","[5.078907, 7.072159]","[""aa047931-2b45-497d-a093-f637a2934699::ceiling-raw::1:10:0"", ""aa047931-2b45-497d-a093-f637a2934699::ceiling-raw::1:9:0""]"
aa047931-2b45-497d-a093-f637a2934699,1,aa047931-2b45-497d-a093-f637a2934699::eave-chain::1:8,2,6.862807,138.493873,1.250021,"[2.35118, 4.655787]","[4.641061, 2.068105]","[""aa047931-2b45-497d-a093-f637a2934699::ceiling-raw::1:10:0"", ""aa047931-2b45-497d-a093-f637a2934699::ceiling-raw::1:12:0""]"
aa047931-2b45-497d-a093-f637a2934699,1,aa047931-2b45-497d-a093-f637a2934699::eave-chain::1:9,1,7.252647,138.631181,1.2554,"[0.2512, 2.8062]","[5.0445, -2.6367]","[""aa047931-2b45-497d-a093-f637a2934699::ceiling-raw::1:12:0""]"
aa047931-2b45-497d-a093-f637a2934699,1,aa047931-2b45-497d-a093-f637a2934699::eave-chain::1:10,2,9.221023,47.09325,1.168242,"[1.576813, -6.019462]","[8.638865, 0.544552]","[""aa047931-2b45-497d-a093-f637a2934699::ceiling-raw::1:12:0"", ""aa047931-2b45-497d-a093-f637a2934699::ceiling-raw::1:13:0""]"
aa047931-2b45-497d-a093-f637a2934699,1,aa047931-2b45-497d-a093-f637a2934699::eave-chain::1:11,1,3.779431,138.629962,1.2554,"[8.647, 0.5358]","[6.1491, 3.3721]","[""aa047931-2b45-497d-a093-f637a2934699::ceiling-raw::1:12:0""]"
aa047931-2b45-497d-a093-f637a2934699,1,aa047931-2b45-497d-a093-f637a2934699::eave-chain::1:12,1,0.328462,48.393984,1.0736,"[-1.4407, -2.6311]","[-1.1951, -2.413]","[""aa047931-2b45-497d-a093-f637a2934699::ceiling-raw::1:13:0""]"
aa047931-2b45-497d-a093-f637a2934699,1,aa047931-2b45-497d-a093-f637a2934699::eave-chain::1:13,3,7.132253,138.421471,1.0736,"[-3.077305, -0.617806]","[1.656014, -5.953098]","[""aa047931-2b45-497d-a093-f637a2934699::ceiling-raw::1:13:0""]"
aa047931-2b45-497d-a093-f637a2934699,1,aa047931-2b45-497d-a093-f637a2934699::eave-chain::1:14,1,0.323288,48.385594,1.0736,"[-0.1663, -3.5709]","[-0.408, -3.7856]","[""aa047931-2b45-497d-a093-f637a2934699::ceiling-raw::1:13:0""]"
aa047931-2b45-497d-a093-f637a2934699,1,aa047931-2b45-497d-a093-f637a2934699::eave-chain::1:15,1,7.132328,138.378936,1.0736,"[4.8835, -3.0853]","[0.1462, 2.2465]","[""aa047931-2b45-497d-a093-f637a2934699::ceiling-raw::1:13:0""]"
ad2243cf-dac2-4f43-aa8d-37d50dc46a33,0,ad2243cf-dac2-4f43-aa8d-37d50dc46a33::eave-chain::0:0,2,3.48273,115.455096,1.140601,"[-10.921174, 6.944304]","[-12.534531, 7.712285]","[""ad2243cf-dac2-4f43-aa8d-37d50dc46a33::ceiling-raw::0:0:0"", ""ad2243cf-dac2-4f43-aa8d-37d50dc46a33::ceiling-raw::0:1:0""]"
ad2243cf-dac2-4f43-aa8d-37d50dc46a33,0,ad2243cf-dac2-4f43-aa8d-37d50dc46a33::eave-chain::0:1,2,7.61398,26.115381,1.150108,"[-11.397592, 9.918314]","[-14.777477, 3.023795]","[""ad2243cf-dac2-4f43-aa8d-37d50dc46a33::ceiling-raw::0:0:0"", ""ad2243cf-dac2-4f43-aa8d-37d50dc46a33::ceiling-raw::0:1:0""]"
ad2243cf-dac2-4f43-aa8d-37d50dc46a33,0,ad2243cf-dac2-4f43-aa8d-37d50dc46a33::eave-chain::0:2,4,15.339519,115.482831,1.169961,"[-14.780235, 3.00642]","[-0.698505, -3.705041]","[""ad2243cf-dac2-4f43-aa8d-37d50dc46a33::ceiling-raw::0:0:0"", ""ad2243cf-dac2-4f43-aa8d-37d50dc46a33::ceiling-raw::0:4:0"", ""ad2243cf-dac2-4f43-aa8d-37d50dc46a33::ceiling-raw::0:5:0"", ""ad2243cf-dac2-4f43-aa8d-37d50dc46a33::ceiling-raw::0:6:0""]"
ad2243cf-dac2-4f43-aa8d-37d50dc46a33,0,ad2243cf-dac2-4f43-aa8d-37d50dc46a33::eave-chain::0:3,2,7.592153,25.508214,1.158981,"[-12.284612, 1.798509]","[-10.630635, 5.264865]","[""ad2243cf-dac2-4f43-aa8d-37d50dc46a33::ceiling-raw::0:0:0"", ""ad2243cf-dac2-4f43-aa8d-37d50dc46a33::ceiling-raw::0:4:0""]"
ad2243cf-dac2-4f43-aa8d-37d50dc46a33,0,ad2243cf-dac2-4f43-aa8d-37d50dc46a33::eave-chain::0:4,2,6.171565,25.055937,1.126947,"[-9.816149, 9.163845]","[-11.448759, 5.671608]","[""ad2243cf-dac2-4f43-aa8d-37d50dc46a33::ceiling-raw::0:1:0"", ""ad2243cf-dac2-4f43-aa8d-37d50dc46a33::ceiling-raw::0:2:0""]"
ad2243cf-dac2-4f43-aa8d-37d50dc46a33,0,ad2243cf-dac2-4f43-aa8d-37d50dc46a33::eave-chain::0:5,5,15.093193,115.739588,1.155098,"[2.537907, 3.112712]","[-11.423221, 9.843634]","[""ad2243cf-dac2-4f43-aa8d-37d50dc46a33::ceiling-raw::0:1:0"", ""ad2243cf-dac2-4f43-aa8d-37d50dc46a33::ceiling-raw::0:2:0"", ""ad2243cf-dac2-4f43-aa8d-37d50dc46a33::ceiling-raw::0:3:0"", ""ad2243cf-dac2-4f43-aa8d-37d50dc46a33::ceiling-raw::0:7:0"", ""ad2243cf-dac2-4f43-aa8d-37d50dc46a33::ceiling-raw::0:8:0""]"
ad2243cf-dac2-4f43-aa8d-37d50dc46a33,0,ad2243cf-dac2-4f43-aa8d-37d50dc46a33::eave-chain::0:6,2,7.408184,25.500789,1.144411,"[-8.946219, 4.474252]","[-7.341612, 7.838262]","[""ad2243cf-dac2-4f43-aa8d-37d50dc46a33::ceiling-raw::0:2:0"", ""ad2243cf-dac2-4f43-aa8d-37d50dc46a33::ceiling-raw::0:3:0""]"
ad2243cf-dac2-4f43-aa8d-37d50dc46a33,0,ad2243cf-dac2-4f43-aa8d-37d50dc46a33::eave-chain::0:7,4,14.586637,25.637629,1.174809,"[-3.609513, 6.039611]","[-6.879419, -0.773722]","[""ad2243cf-dac2-4f43-aa8d-37d50dc46a33::ceiling-raw::0:3:0"", ""ad2243cf-dac2-4f43-aa8d-37d50dc46a33::ceiling-raw::0:5:0"", ""ad2243cf-dac2-4f43-aa8d-37d50dc46a33::ceiling-raw::0:6:0"", ""ad2243cf-dac2-4f43-aa8d-37d50dc46a33::ceiling-raw::0:7:0""]"
ad2243cf-dac2-4f43-aa8d-37d50dc46a33,0,ad2243cf-dac2-4f43-aa8d-37d50dc46a33::eave-chain::0:8,2,7.55118,25.511451,1.16846,"[-8.393898, -0.058176]","[-6.764365, 3.356456]","[""ad2243cf-dac2-4f43-aa8d-37d50dc46a33::ceiling-raw::0:4:0"", ""ad2243cf-dac2-4f43-aa8d-37d50dc46a33::ceiling-raw::0:5:0""]"
ad2243cf-dac2-4f43-aa8d-37d50dc46a33,0,ad2243cf-dac2-4f43-aa8d-37d50dc46a33::eave-chain::0:9,2,7.513922,25.395897,1.172468,"[-0.693479, -3.69352]","[2.561777, 3.163301]","[""ad2243cf-dac2-4f43-aa8d-37d50dc46a33::ceiling-raw::0:6:0"", ""ad2243cf-dac2-4f43-aa8d-37d50dc46a33::ceiling-raw::0:8:0""]"
ad2243cf-dac2-4f43-aa8d-37d50dc46a33,0,ad2243cf-dac2-4f43-aa8d-37d50dc46a33::eave-chain::0:10,2,9.258085,115.205383,1.176077,"[0.755522, -0.657575]","[-5.376147, 2.228473]","[""ad2243cf-dac2-4f43-aa8d-37d50dc46a33::ceiling-raw::0:6:0"", ""ad2243cf-dac2-4f43-aa8d-37d50dc46a33::ceiling-raw::0:8:0""]"
ad2243cf-dac2-4f43-aa8d-37d50dc46a33,0,ad2243cf-dac2-4f43-aa8d-37d50dc46a33::eave-chain::0:11,2,8.362744,25.524246,1.173719,"[0.28099, 4.25176]","[-1.539281, 0.439636]","[""ad2243cf-dac2-4f43-aa8d-37d50dc46a33::ceiling-raw::0:7:0"", ""ad2243cf-dac2-4f43-aa8d-37d50dc46a33::ceiling-raw::0:8:0""]"
b01824fc-be43-451f-bc6e-aaab701c144d,0,b01824fc-be43-451f-bc6e-aaab701c144d::eave-chain::0:0,1,3.815858,26.975341,0.7311,"[5.3719, -7.2568]","[7.1028, -3.8561]","[""b01824fc-be43-451f-bc6e-aaab701c144d::ceiling-raw::0:0:0""]"
b01824fc-be43-451f-bc6e-aaab701c144d,0,b01824fc-be43-451f-bc6e-aaab701c144d::eave-chain::0:1,4,10.718145,119.425388,0.737524,"[3.614816, -1.972351]","[7.066998, -3.919572]","[""b01824fc-be43-451f-bc6e-aaab701c144d::ceiling-raw::0:0:0"", ""b01824fc-be43-451f-bc6e-aaab701c144d::ceiling-raw::0:1:0"", ""b01824fc-be43-451f-bc6e-aaab701c144d::ceiling-raw::0:1:1""]"
b01824fc-be43-451f-bc6e-aaab701c144d,0,b01824fc-be43-451f-bc6e-aaab701c144d::eave-chain::0:2,2,6.105337,27.184963,0.749122,"[3.677714, -1.834349]","[1.821059, -5.449342]","[""b01824fc-be43-451f-bc6e-aaab701c144d::ceiling-raw::0:0:0"", ""b01824fc-be43-451f-bc6e-aaab701c144d::ceiling-raw::0:3:0""]"
b01824fc-be43-451f-bc6e-aaab701c144d,0,b01824fc-be43-451f-bc6e-aaab701c144d::eave-chain::0:3,2,7.109179,117.664692,0.755003,"[-0.965421, -3.937338]","[5.370779, -7.258938]","[""b01824fc-be43-451f-bc6e-aaab701c144d::ceiling-raw::0:0:0"", ""b01824fc-be43-451f-bc6e-aaab701c144d::ceiling-raw::0:3:0""]"
b01824fc-be43-451f-bc6e-aaab701c144d,0,b01824fc-be43-451f-bc6e-aaab701c144d::eave-chain::0:4,2,8.527822,27.518543,0.744173,"[6.467054, -3.819224]","[9.042506, 1.124267]","[""b01824fc-be43-451f-bc6e-aaab701c144d::ceiling-raw::0:1:0"", ""b01824fc-be43-451f-bc6e-aaab701c144d::ceiling-raw::0:1:1""]"
b01824fc-be43-451f-bc6e-aaab701c144d,0,b01824fc-be43-451f-bc6e-aaab701c144d::eave-chain::0:5,1,3.300252,116.974999,0.7311,"[7.8577, -0.9263]","[4.9165, 0.5707]","[""b01824fc-be43-451f-bc6e-aaab701c144d::ceiling-raw::0:1:0""]"
b01824fc-be43-451f-bc6e-aaab701c144d,0,b01824fc-be43-451f-bc6e-aaab701c144d::eave-chain::0:6,4,13.40671,26.70993,0.761396,"[-0.98831, -3.923119]","[3.078894, 4.160125]","[""b01824fc-be43-451f-bc6e-aaab701c144d::ceiling-raw::0:1:1"", ""b01824fc-be43-451f-bc6e-aaab701c144d::ceiling-raw::0:3:0"", ""b01824fc-be43-451f-bc6e-aaab701c144d::ceiling-raw::0:6:0"", ""b01824fc-be43-451f-bc6e-aaab701c144d::ceiling-raw::0:7:0""]"
b01824fc-be43-451f-bc6e-aaab701c144d,0,b01824fc-be43-451f-bc6e-aaab701c144d::eave-chain::0:7,2,10.76247,116.980795,0.755185,"[9.098281, 1.095162]","[-0.459835, 5.961231]","[""b01824fc-be43-451f-bc6e-aaab701c144d::ceiling-raw::0:1:1"", ""b01824fc-be43-451f-bc6e-aaab701c144d::ceiling-raw::0:6:0""]"
b01824fc-be43-451f-bc6e-aaab701c144d,0,b01824fc-be43-451f-bc6e-aaab701c144d::eave-chain::0:8,2,5.40306,116.875221,0.742934,"[-0.411573, -0.406572]","[-2.999054, 0.904726]","[""b01824fc-be43-451f-bc6e-aaab701c144d::ceiling-raw::0:4:0"", ""b01824fc-be43-451f-bc6e-aaab701c144d::ceiling-raw::0:7:1""]"
b01824fc-be43-451f-bc6e-aaab701c144d,0,b01824fc-be43-451f-bc6e-aaab701c144d::eave-chain::0:9,5,8.741117,25.761965,0.75626,"[-0.450038, 5.956589]","[-4.396069, -2.220015]","[""b01824fc-be43-451f-bc6e-aaab701c144d::ceiling-raw::0:4:0"", ""b01824fc-be43-451f-bc6e-aaab701c144d::ceiling-raw::0:6:0"", ""b01824fc-be43-451f-bc6e-aaab701c144d::ceiling-raw::0:7:0"", ""b01824fc-be43-451f-bc6e-aaab701c144d::ceiling-raw::0:7:1"", ""b01824fc-be43-451f-bc6e-aaab701c144d::ceiling-raw::0:7:2""]"
b01824fc-be43-451f-bc6e-aaab701c144d,0,b01824fc-be43-451f-bc6e-aaab701c144d::eave-chain::0:10,1,2.900791,116.974918,0.7691,"[-4.5513, -2.1451]","[-1.9661, -3.4609]","[""b01824fc-be43-451f-bc6e-aaab701c144d::ceiling-raw::0:4:0""]"
b01824fc-be43-451f-bc6e-aaab701c144d,0,b01824fc-be43-451f-bc6e-aaab701c144d::eave-chain::0:11,2,7.28476,27.336919,0.763703,"[0.347721, 0.98005]","[-1.951856, -3.468264]","[""b01824fc-be43-451f-bc6e-aaab701c144d::ceiling-raw::0:4:0"", ""b01824fc-be43-451f-bc6e-aaab701c144d::ceiling-raw::0:7:0""]"
b01824fc-be43-451f-bc6e-aaab701c144d,0,b01824fc-be43-451f-bc6e-aaab701c144d::eave-chain::0:12,2,7.97822,116.812209,0.760553,"[-1.474356, 4.003825]","[2.107014, 2.193787]","[""b01824fc-be43-451f-bc6e-aaab701c144d::ceiling-raw::0:6:0"", ""b01824fc-be43-451f-bc6e-aaab701c144d::ceiling-raw::0:7:0""]"
b01824fc-be43-451f-bc6e-aaab701c144d,0,b01824fc-be43-451f-bc6e-aaab701c144d::eave-chain::0:13,2,3.930695,116.011476,0.748183,"[-2.353907, 2.276479]","[0.354639, 0.954761]","[""b01824fc-be43-451f-bc6e-aaab701c144d::ceiling-raw::0:7:0"", ""b01824fc-be43-451f-bc6e-aaab701c144d::ceiling-raw::0:7:2""]"
b01824fc-be43-451f-bc6e-aaab701c144d,0,b01824fc-be43-451f-bc6e-aaab701c144d::eave-chain::0:14,1,0.966509,117.060819,0.759,"[-1.4078, -2.4946]","[-0.5471, -2.9343]","[""b01824fc-be43-451f-bc6e-aaab701c144d::ceiling-raw::0:7:0""]"
b01824fc-be43-451f-bc6e-aaab701c144d,0,b01824fc-be43-451f-bc6e-aaab701c144d::eave-chain::0:15,2,1.536738,73.945007,0.7126,"[-1.6639, 1.417]","[-2.4023, 1.2045]","[""b01824fc-be43-451f-bc6e-aaab701c144d::ceiling-raw::0:7:1"", ""b01824fc-be43-451f-bc6e-aaab701c144d::ceiling-raw::0:7:2""]"
b01824fc-be43-451f-bc6e-aaab701c144d,0,b01824fc-be43-451f-bc6e-aaab701c144d::eave-chain::0:16,1,0.357456,124.041271,0.7126,"[-2.6985, 1.4046]","[-2.4023, 1.2045]","[""b01824fc-be43-451f-bc6e-aaab701c144d::ceiling-raw::0:7:2""]"
b4f7407a-5941-4165-947a-a726dc432c69,0,b4f7407a-5941-4165-947a-a726dc432c69::eave-chain::0:0,4,14.787043,119.534329,0.73489,"[8.925757, 0.923703]","[-0.569368, 6.303299]","[""b4f7407a-5941-4165-947a-a726dc432c69::ceiling-raw::0:0:0"", ""b4f7407a-5941-4165-947a-a726dc432c69::ceiling-raw::0:3:0"", ""b4f7407a-5941-4165-947a-a726dc432c69::ceiling-raw::0:4:0"", ""b4f7407a-5941-4165-947a-a726dc432c69::ceiling-raw::0:5:0""]"
b4f7407a-5941-4165-947a-a726dc432c69,0,b4f7407a-5941-4165-947a-a726dc432c69::eave-chain::0:1,2,6.323205,28.785108,0.754254,"[-0.576232, 6.296581]","[-3.642425, 0.715762]","[""b4f7407a-5941-4165-947a-a726dc432c69::ceiling-raw::0:0:0"", ""b4f7407a-5941-4165-947a-a726dc432c69::ceiling-raw::0:8:0""]"
b4f7407a-5941-4165-947a-a726dc432c69,0,b4f7407a-5941-4165-947a-a726dc432c69::eave-chain::0:2,2,10.528933,119.198077,0.743339,"[-2.448577, 2.959268]","[3.871084, -0.572392]","[""b4f7407a-5941-4165-947a-a726dc432c69::ceiling-raw::0:0:0"", ""b4f7407a-5941-4165-947a-a726dc432c69::ceiling-raw::0:8:0""]"
b4f7407a-5941-4165-947a-a726dc432c69,0,b4f7407a-5941-4165-947a-a726dc432c69::eave-chain::0:3,2,4.524469,119.375497,0.747188,"[5.076705, -1.294996]","[7.104279, -2.436332]","[""b4f7407a-5941-4165-947a-a726dc432c69::ceiling-raw::0:2:0"", ""b4f7407a-5941-4165-947a-a726dc432c69::ceiling-raw::0:6:0""]"
b4f7407a-5941-4165-947a-a726dc432c69,0,b4f7407a-5941-4165-947a-a726dc432c69::eave-chain::0:4,4,9.587027,28.954071,0.751624,"[5.876233, -4.595211]","[10.596898, 3.937217]","[""b4f7407a-5941-4165-947a-a726dc432c69::ceiling-raw::0:2:0"", ""b4f7407a-5941-4165-947a-a726dc432c69::ceiling-raw::0:3:0"", ""b4f7407a-5941-4165-947a-a726dc432c69::ceiling-raw::0:4:0"", ""b4f7407a-5941-4165-947a-a726dc432c69::ceiling-raw::0:6:0""]"
b4f7407a-5941-4165-947a-a726dc432c69,0,b4f7407a-5941-4165-947a-a726dc432c69::eave-chain::0:5,2,3.563633,118.958708,0.71414,"[8.263178, -0.264034]","[6.274509, 0.83643]","[""b4f7407a-5941-4165-947a-a726dc432c69::ceiling-raw::0:2:0"", ""b4f7407a-5941-4165-947a-a726dc432c69::ceiling-raw::0:3:0""]"
b4f7407a-5941-4165-947a-a726dc432c69,0,b4f7407a-5941-4165-947a-a726dc432c69::eave-chain::0:6,2,6.256807,119.169764,0.766863,"[10.613613, 3.926827]","[5.086193, 7.012171]","[""b4f7407a-5941-4165-947a-a726dc432c69::ceiling-raw::0:4:0"", ""b4f7407a-5941-4165-947a-a726dc432c69::ceiling-raw::0:5:0""]"
b4f7407a-5941-4165-947a-a726dc432c69,0,b4f7407a-5941-4165-947a-a726dc432c69::eave-chain::0:7,2,6.823685,29.338733,0.765031,"[8.419916, 5.160821]","[6.742803, 2.176968]","[""b4f7407a-5941-4165-947a-a726dc432c69::ceiling-raw::0:4:0"", ""b4f7407a-5941-4165-947a-a726dc432c69::ceiling-raw::0:5:0""]"
b4f7407a-5941-4165-947a-a726dc432c69,0,b4f7407a-5941-4165-947a-a726dc432c69::eave-chain::0:8,1,3.404456,29.335109,0.7738,"[5.0866, 7.0129]","[3.4187, 4.045]","[""b4f7407a-5941-4165-947a-a726dc432c69::ceiling-raw::0:5:0""]"
b4f7407a-5941-4165-947a-a726dc432c69,0,b4f7407a-5941-4165-947a-a726dc432c69::eave-chain::0:9,2,4.918165,29.344412,0.805904,"[3.889249, -3.500376]","[5.10233, -1.342612]","[""b4f7407a-5941-4165-947a-a726dc432c69::ceiling-raw::0:6:0"", ""b4f7407a-5941-4165-947a-a726dc432c69::ceiling-raw::0:7:0""]"
b4f7407a-5941-4165-947a-a726dc432c69,0,b4f7407a-5941-4165-947a-a726dc432c69::eave-chain::0:10,3,10.786385,119.158501,0.814074,"[-3.640342, 0.712411]","[5.886739, -4.603042]","[""b4f7407a-5941-4165-947a-a726dc432c69::ceiling-raw::0:6:0"", ""b4f7407a-5941-4165-947a-a726dc432c69::ceiling-raw::0:7:0"", ""b4f7407a-5941-4165-947a-a726dc432c69::ceiling-raw::0:8:0""]"
b4f7407a-5941-4165-947a-a726dc432c69,0,b4f7407a-5941-4165-947a-a726dc432c69::eave-chain::0:11,2,4.986894,29.325568,0.81958,"[-0.743947, -0.913103]","[0.492734, 1.288333]","[""b4f7407a-5941-4165-947a-a726dc432c69::ceiling-raw::0:7:0"", ""b4f7407a-5941-4165-947a-a726dc432c69::ceiling-raw::0:8:0""]"
b53c11aa-8db7-4aad-a24d-3ffa9eeff5de,1,b53c11aa-8db7-4aad-a24d-3ffa9eeff5de::eave-chain::1:0,3,11.631029,152.054942,-2.057593,"[7.234483, -5.893396]","[3.208837, 1.695291]","[""b53c11aa-8db7-4aad-a24d-3ffa9eeff5de::ceiling-raw::1:0:0"", ""b53c11aa-8db7-4aad-a24d-3ffa9eeff5de::ceiling-raw::1:3:0"", ""b53c11aa-8db7-4aad-a24d-3ffa9eeff5de::ceiling-raw::1:7:1""]"
b53c11aa-8db7-4aad-a24d-3ffa9eeff5de,1,b53c11aa-8db7-4aad-a24d-3ffa9eeff5de::eave-chain::1:1,1,3.177783,61.678485,-1.9772,"[3.5785, 0.6808]","[0.7811, -0.8268]","[""b53c11aa-8db7-4aad-a24d-3ffa9eeff5de::ceiling-raw::1:0:0""]"
b53c11aa-8db7-4aad-a24d-3ffa9eeff5de,1,b53c11aa-8db7-4aad-a24d-3ffa9eeff5de::eave-chain::1:2,1,3.316261,61.678415,-1.9772,"[-0.138, 0.9015]","[-3.0573, -0.6718]","[""b53c11aa-8db7-4aad-a24d-3ffa9eeff5de::ceiling-raw::1:0:0""]"
b53c11aa-8db7-4aad-a24d-3ffa9eeff5de,1,b53c11aa-8db7-4aad-a24d-3ffa9eeff5de::eave-chain::1:3,1,7.960563,151.678819,-1.9772,"[-3.0573, -0.6718]","[0.7193, -7.6795]","[""b53c11aa-8db7-4aad-a24d-3ffa9eeff5de::ceiling-raw::1:0:0""]"
b53c11aa-8db7-4aad-a24d-3ffa9eeff5de,1,b53c11aa-8db7-4aad-a24d-3ffa9eeff5de::eave-chain::1:4,1,6.483261,61.678295,-1.9772,"[0.7193, -7.6795]","[6.4265, -4.6037]","[""b53c11aa-8db7-4aad-a24d-3ffa9eeff5de::ceiling-raw::1:0:0""]"
b53c11aa-8db7-4aad-a24d-3ffa9eeff5de,1,b53c11aa-8db7-4aad-a24d-3ffa9eeff5de::eave-chain::1:5,2,5.543114,150.962235,-2.143272,"[5.587186, 3.035185]","[7.512245, -0.432322]","[""b53c11aa-8db7-4aad-a24d-3ffa9eeff5de::ceiling-raw::1:3:0"", ""b53c11aa-8db7-4aad-a24d-3ffa9eeff5de::ceiling-raw::1:5:0""]"
b53c11aa-8db7-4aad-a24d-3ffa9eeff5de,1,b53c11aa-8db7-4aad-a24d-3ffa9eeff5de::eave-chain::1:6,2,6.382874,61.226223,-2.143259,"[8.965541, 4.858111]","[3.267705, 1.729094]","[""b53c11aa-8db7-4aad-a24d-3ffa9eeff5de::ceiling-raw::1:3:0"", ""b53c11aa-8db7-4aad-a24d-3ffa9eeff5de::ceiling-raw::1:5:0""]"
b53c11aa-8db7-4aad-a24d-3ffa9eeff5de,1,b53c11aa-8db7-4aad-a24d-3ffa9eeff5de::eave-chain::1:7,2,5.277036,62.185297,-2.141376,"[7.542862, -0.435082]","[10.870034, 1.320228]","[""b53c11aa-8db7-4aad-a24d-3ffa9eeff5de::ceiling-raw::1:5:0"", ""b53c11aa-8db7-4aad-a24d-3ffa9eeff5de::ceiling-raw::1:6:0""]"
b53c11aa-8db7-4aad-a24d-3ffa9eeff5de,1,b53c11aa-8db7-4aad-a24d-3ffa9eeff5de::eave-chain::1:8,2,8.63178,152.196876,-2.139679,"[13.026982, -2.8468]","[8.965542, 4.855389]","[""b53c11aa-8db7-4aad-a24d-3ffa9eeff5de::ceiling-raw::1:5:0"", ""b53c11aa-8db7-4aad-a24d-3ffa9eeff5de::ceiling-raw::1:6:0""]"
b53c11aa-8db7-4aad-a24d-3ffa9eeff5de,1,b53c11aa-8db7-4aad-a24d-3ffa9eeff5de::eave-chain::1:9,2,7.483548,151.514558,-2.140077,"[9.241062, -4.885629]","[7.383426, -1.462215]","[""b53c11aa-8db7-4aad-a24d-3ffa9eeff5de::ceiling-raw::1:6:0"", ""b53c11aa-8db7-4aad-a24d-3ffa9eeff5de::ceiling-raw::1:7:1""]"
b53c11aa-8db7-4aad-a24d-3ffa9eeff5de,1,b53c11aa-8db7-4aad-a24d-3ffa9eeff5de::eave-chain::1:10,2,6.296011,62.25324,-2.138845,"[7.301692, -5.862586]","[13.03014, -2.849117]","[""b53c11aa-8db7-4aad-a24d-3ffa9eeff5de::ceiling-raw::1:6:0"", ""b53c11aa-8db7-4aad-a24d-3ffa9eeff5de::ceiling-raw::1:7:1""]"
b53c11aa-8db7-4aad-a24d-3ffa9eeff5de,2,b53c11aa-8db7-4aad-a24d-3ffa9eeff5de::eave-chain::2:0,1,2.156598,152.168202,-0.58595,"[0.5907, -5.3711]","[1.5975, -7.2781]","[""b53c11aa-8db7-4aad-a24d-3ffa9eeff5de::ceiling-raw::2:9:1""]"
b53c11aa-8db7-4aad-a24d-3ffa9eeff5de,2,b53c11aa-8db7-4aad-a24d-3ffa9eeff5de::eave-chain::2:1,1,2.328361,61.253245,0.4392,"[2.4668, -6.8014]","[4.5082, -5.6816]","[""b53c11aa-8db7-4aad-a24d-3ffa9eeff5de::ceiling-raw::2:9:2""]"
b53c11aa-8db7-4aad-a24d-3ffa9eeff5de,2,b53c11aa-8db7-4aad-a24d-3ffa9eeff5de::eave-chain::2:2,2,9.916981,151.277789,-0.57915,"[5.396785, -5.194201]","[0.581737, 3.592574]","[""b53c11aa-8db7-4aad-a24d-3ffa9eeff5de::ceiling-raw::2:10:1"", ""b53c11aa-8db7-4aad-a24d-3ffa9eeff5de::ceiling-raw::2:9:6""]"
b53c11aa-8db7-4aad-a24d-3ffa9eeff5de,2,b53c11aa-8db7-4aad-a24d-3ffa9eeff5de::eave-chain::2:3,2,7.218596,151.262444,0.459092,"[0.640638, -0.720159]","[-1.189458, 2.617384]","[""b53c11aa-8db7-4aad-a24d-3ffa9eeff5de::ceiling-raw::2:10:0"", ""b53c11aa-8db7-4aad-a24d-3ffa9eeff5de::ceiling-raw::2:11:0""]"
b53c11aa-8db7-4aad-a24d-3ffa9eeff5de,2,b53c11aa-8db7-4aad-a24d-3ffa9eeff5de::eave-chain::2:4,2,1.974356,60.750725,0.459442,"[-0.396613, 3.053745]","[-2.227595, 2.028376]","[""b53c11aa-8db7-4aad-a24d-3ffa9eeff5de::ceiling-raw::2:10:0"", ""b53c11aa-8db7-4aad-a24d-3ffa9eeff5de::ceiling-raw::2:11:0""]"
b53c11aa-8db7-4aad-a24d-3ffa9eeff5de,2,b53c11aa-8db7-4aad-a24d-3ffa9eeff5de::eave-chain::2:5,1,1.985257,147.379396,0.4627,"[-2.228, 2.0291]","[-1.1578, 0.357]","[""b53c11aa-8db7-4aad-a24d-3ffa9eeff5de::ceiling-raw::2:11:0""]"
b53c11aa-8db7-4aad-a24d-3ffa9eeff5de,2,b53c11aa-8db7-4aad-a24d-3ffa9eeff5de::eave-chain::2:6,1,1.980879,151.341525,-0.4222,"[-3.0037, 1.6018]","[-2.0537, -0.1364]","[""b53c11aa-8db7-4aad-a24d-3ffa9eeff5de::ceiling-raw::2:11:2""]"
b65126ae-ccca-4032-876f-e9c1c059862c,0,b65126ae-ccca-4032-876f-e9c1c059862c::eave-chain::0:0,1,2.782607,81.878634,-4.7946,"[-1.3115, 2.6406]","[1.4432, 3.0337]","[""b65126ae-ccca-4032-876f-e9c1c059862c::ceiling-raw::0:0:0""]"
b65126ae-ccca-4032-876f-e9c1c059862c,0,b65126ae-ccca-4032-876f-e9c1c059862c::eave-chain::0:1,1,1.277813,171.879409,-4.7946,"[1.4432, 3.0337]","[1.2627, 4.2987]","[""b65126ae-ccca-4032-876f-e9c1c059862c::ceiling-raw::0:0:0""]"
b65126ae-ccca-4032-876f-e9c1c059862c,0,b65126ae-ccca-4032-876f-e9c1c059862c::eave-chain::0:2,1,2.782607,81.878634,-4.7946,"[1.2627, 4.2987]","[-1.492, 3.9056]","[""b65126ae-ccca-4032-876f-e9c1c059862c::ceiling-raw::0:0:0""]"
b65126ae-ccca-4032-876f-e9c1c059862c,0,b65126ae-ccca-4032-876f-e9c1c059862c::eave-chain::0:3,1,1.277813,171.879409,-4.7946,"[-1.492, 3.9056]","[-1.3115, 2.6406]","[""b65126ae-ccca-4032-876f-e9c1c059862c::ceiling-raw::0:0:0""]"
b65126ae-ccca-4032-876f-e9c1c059862c,1,b65126ae-ccca-4032-876f-e9c1c059862c::eave-chain::1:0,1,5.417008,170.978655,-1.738,"[2.6216, -5.0305]","[1.7722, 0.3195]","[""b65126ae-ccca-4032-876f-e9c1c059862c::ceiling-raw::1:5:0""]"
b65126ae-ccca-4032-876f-e9c1c059862c,1,b65126ae-ccca-4032-876f-e9c1c059862c::eave-chain::1:1,1,3.135889,80.97893,-1.738,"[1.7722, 0.3195]","[4.8693, 0.8112]","[""b65126ae-ccca-4032-876f-e9c1c059862c::ceiling-raw::1:5:0""]"
b65126ae-ccca-4032-876f-e9c1c059862c,1,b65126ae-ccca-4032-876f-e9c1c059862c::eave-chain::1:2,1,3.842119,170.979462,-1.738,"[4.8693, 0.8112]","[4.2669, 4.6058]","[""b65126ae-ccca-4032-876f-e9c1c059862c::ceiling-raw::1:5:0""]"
b65126ae-ccca-4032-876f-e9c1c059862c,1,b65126ae-ccca-4032-876f-e9c1c059862c::eave-chain::1:3,1,6.176648,82.701247,-1.738,"[4.2669, 4.6058]","[-1.8597, 3.8211]","[""b65126ae-ccca-4032-876f-e9c1c059862c::ceiling-raw::1:5:0""]"
b65126ae-ccca-4032-876f-e9c1c059862c,1,b65126ae-ccca-4032-876f-e9c1c059862c::eave-chain::1:4,1,9.444707,170.979593,-1.738,"[-1.8597, 3.8211]","[-0.3789, -5.5068]","[""b65126ae-ccca-4032-876f-e9c1c059862c::ceiling-raw::1:5:0""]"
b65126ae-ccca-4032-876f-e9c1c059862c,1,b65126ae-ccca-4032-876f-e9c1c059862c::eave-chain::1:5,1,3.038069,80.980116,-1.738,"[-0.3789, -5.5068]","[2.6216, -5.0305]","[""b65126ae-ccca-4032-876f-e9c1c059862c::ceiling-raw::1:5:0""]"
b65126ae-ccca-4032-876f-e9c1c059862c,2,b65126ae-ccca-4032-876f-e9c1c059862c::eave-chain::2:0,1,2.951981,171.759553,0.91535,"[1.2547, -2.3139]","[1.6778, -5.2354]","[""b65126ae-ccca-4032-876f-e9c1c059862c::ceiling-raw::2:8:0""]"
b65126ae-ccca-4032-876f-e9c1c059862c,2,b65126ae-ccca-4032-876f-e9c1c059862c::eave-chain::2:1,1,2.951925,171.753512,-0.6991,"[4.928, -4.7695]","[4.5046, -1.8481]","[""b65126ae-ccca-4032-876f-e9c1c059862c::ceiling-raw::2:8:1""]"
b65126ae-ccca-4032-876f-e9c1c059862c,2,b65126ae-ccca-4032-876f-e9c1c059862c::eave-chain::2:2,1,1.06044,172.653152,1.77325,"[1.7957, 0.0478]","[1.9313, -1.0039]","[""b65126ae-ccca-4032-876f-e9c1c059862c::ceiling-raw::2:9:0""]"
b65126ae-ccca-4032-876f-e9c1c059862c,2,b65126ae-ccca-4032-876f-e9c1c059862c::eave-chain::2:3,1,2.429032,172.650866,-0.48505,"[3.9676, -0.6746]","[3.6569, 1.7344]","[""b65126ae-ccca-4032-876f-e9c1c059862c::ceiling-raw::2:9:0""]"
b65126ae-ccca-4032-876f-e9c1c059862c,2,b65126ae-ccca-4032-876f-e9c1c059862c::eave-chain::2:4,1,0.507963,172.23839,1.88405,"[1.3124, 3.5746]","[1.2438, 4.0779]","[""b65126ae-ccca-4032-876f-e9c1c059862c::ceiling-raw::2:10:2""]"
b65126ae-ccca-4032-876f-e9c1c059862c,2,b65126ae-ccca-4032-876f-e9c1c059862c::eave-chain::2:5,1,2.642845,172.240888,-0.4057,"[-0.8267, 3.7809]","[-0.4699, 1.1623]","[""b65126ae-ccca-4032-876f-e9c1c059862c::ceiling-raw::2:10:2""]"
b65126ae-ccca-4032-876f-e9c1c059862c,2,b65126ae-ccca-4032-876f-e9c1c059862c::eave-chain::2:6,1,2.040999,81.893718,0.84545,"[0.6354, 1.2647]","[-1.3852, 0.9769]","[""b65126ae-ccca-4032-876f-e9c1c059862c::ceiling-raw::2:12:0""]"
b65126ae-ccca-4032-876f-e9c1c059862c,2,b65126ae-ccca-4032-876f-e9c1c059862c::eave-chain::2:7,1,2.041084,81.896893,0.8454,"[-0.8497, -2.7595]","[1.171, -2.4718]","[""b65126ae-ccca-4032-876f-e9c1c059862c::ceiling-raw::2:12:1""]"
b8782b87-5800-42dd-8926-07d8f11cafc0,0,b8782b87-5800-42dd-8926-07d8f11cafc0::eave-chain::0:0,3,7.224418,69.418195,1.021178,"[13.845655, -4.05361]","[8.133424, -6.198626]","[""b8782b87-5800-42dd-8926-07d8f11cafc0::ceiling-raw::0:0:0"", ""b8782b87-5800-42dd-8926-07d8f11cafc0::ceiling-raw::0:2:0""]"
b8782b87-5800-42dd-8926-07d8f11cafc0,0,b8782b87-5800-42dd-8926-07d8f11cafc0::eave-chain::0:1,2,3.127621,161.29398,1.021044,"[13.865336, -7.318983]","[12.834916, -4.275794]","[""b8782b87-5800-42dd-8926-07d8f11cafc0::ceiling-raw::0:0:0"", ""b8782b87-5800-42dd-8926-07d8f11cafc0::ceiling-raw::0:2:0""]"
b8782b87-5800-42dd-8926-07d8f11cafc0,0,b8782b87-5800-42dd-8926-07d8f11cafc0::eave-chain::0:2,1,2.745966,161.634333,1.0216,"[13.8078, -3.9528]","[12.9426, -1.3467]","[""b8782b87-5800-42dd-8926-07d8f11cafc0::ceiling-raw::0:0:0""]"
b8782b87-5800-42dd-8926-07d8f11cafc0,0,b8782b87-5800-42dd-8926-07d8f11cafc0::eave-chain::0:3,2,5.957293,71.56733,1.011597,"[12.942788, -1.347263]","[7.205632, -3.259395]","[""b8782b87-5800-42dd-8926-07d8f11cafc0::ceiling-raw::0:0:0"", ""b8782b87-5800-42dd-8926-07d8f11cafc0::ceiling-raw::0:1:0""]"
b8782b87-5800-42dd-8926-07d8f11cafc0,0,b8782b87-5800-42dd-8926-07d8f11cafc0::eave-chain::0:4,2,5.927662,161.631255,1.013827,"[10.871189, -2.034515]","[11.808459, -4.857192]","[""b8782b87-5800-42dd-8926-07d8f11cafc0::ceiling-raw::0:0:0"", ""b8782b87-5800-42dd-8926-07d8f11cafc0::ceiling-raw::0:1:0""]"
b8782b87-5800-42dd-8926-07d8f11cafc0,0,b8782b87-5800-42dd-8926-07d8f11cafc0::eave-chain::0:5,6,19.569137,160.548824,1.002553,"[9.086146, -8.989958]","[4.472342, 4.074394]","[""b8782b87-5800-42dd-8926-07d8f11cafc0::ceiling-raw::0:1:0"", ""b8782b87-5800-42dd-8926-07d8f11cafc0::ceiling-raw::0:2:0"", ""b8782b87-5800-42dd-8926-07d8f11cafc0::ceiling-raw::0:3:0"", ""b8782b87-5800-42dd-8926-07d8f11cafc0::ceiling-raw::0:4:0"", ""b8782b87-5800-42dd-8926-07d8f11cafc0::ceiling-raw::0:5:0"", ""b8782b87-5800-42dd-8926-07d8f11cafc0::ceiling-raw::0:6:0""]"
b8782b87-5800-42dd-8926-07d8f11cafc0,0,b8782b87-5800-42dd-8926-07d8f11cafc0::eave-chain::0:6,2,11.958161,71.248133,1.001923,"[2.500666, -11.18065]","[13.865456, -7.32241]","[""b8782b87-5800-42dd-8926-07d8f11cafc0::ceiling-raw::0:2:0"", ""b8782b87-5800-42dd-8926-07d8f11cafc0::ceiling-raw::0:3:0""]"
b8782b87-5800-42dd-8926-07d8f11cafc0,0,b8782b87-5800-42dd-8926-07d8f11cafc0::eave-chain::0:7,2,9.84734,71.474164,0.989009,"[6.918317, -2.680307]","[0.403272, -4.863477]","[""b8782b87-5800-42dd-8926-07d8f11cafc0::ceiling-raw::0:3:0"", ""b8782b87-5800-42dd-8926-07d8f11cafc0::ceiling-raw::0:4:0""]"
b8782b87-5800-42dd-8926-07d8f11cafc0,0,b8782b87-5800-42dd-8926-07d8f11cafc0::eave-chain::0:8,1,6.641515,161.633526,0.9878,"[0.4071, -4.8749]","[2.4998, -11.1781]","[""b8782b87-5800-42dd-8926-07d8f11cafc0::ceiling-raw::0:3:0""]"
b8782b87-5800-42dd-8926-07d8f11cafc0,0,b8782b87-5800-42dd-8926-07d8f11cafc0::eave-chain::0:9,2,5.345803,71.739892,1.003494,"[3.23262, -1.61792]","[6.09871, -0.672264]","[""b8782b87-5800-42dd-8926-07d8f11cafc0::ceiling-raw::0:4:0"", ""b8782b87-5800-42dd-8926-07d8f11cafc0::ceiling-raw::0:5:0""]"
b8782b87-5800-42dd-8926-07d8f11cafc0,0,b8782b87-5800-42dd-8926-07d8f11cafc0::eave-chain::0:10,2,7.259804,71.760278,1.014167,"[1.365172, 0.056368]","[5.40992, 1.389322]","[""b8782b87-5800-42dd-8926-07d8f11cafc0::ceiling-raw::0:5:0"", ""b8782b87-5800-42dd-8926-07d8f11cafc0::ceiling-raw::0:6:0""]"
b8782b87-5800-42dd-8926-07d8f11cafc0,0,b8782b87-5800-42dd-8926-07d8f11cafc0::eave-chain::0:11,2,5.942936,71.660601,1.010581,"[4.513803, 4.08869]","[-1.782015, 2.001743]","[""b8782b87-5800-42dd-8926-07d8f11cafc0::ceiling-raw::0:6:0"", ""b8782b87-5800-42dd-8926-07d8f11cafc0::ceiling-raw::0:9:0""]"
b8782b87-5800-42dd-8926-07d8f11cafc0,0,b8782b87-5800-42dd-8926-07d8f11cafc0::eave-chain::0:12,1,2.815093,161.633919,1.0152,"[0.4719, 2.7471]","[1.3589, 0.0754]","[""b8782b87-5800-42dd-8926-07d8f11cafc0::ceiling-raw::0:6:0""]"
b8782b87-5800-42dd-8926-07d8f11cafc0,0,b8782b87-5800-42dd-8926-07d8f11cafc0::eave-chain::0:13,1,0.758663,161.629533,0.9989,"[0.0554, 1.8127]","[-0.1837, 2.5327]","[""b8782b87-5800-42dd-8926-07d8f11cafc0::ceiling-raw::0:9:0""]"
b8782b87-5800-42dd-8926-07d8f11cafc0,0,b8782b87-5800-42dd-8926-07d8f11cafc0::eave-chain::0:14,1,3.855104,161.632259,0.9989,"[-1.7821, 2.002]","[-0.5673, -1.6567]","[""b8782b87-5800-42dd-8926-07d8f11cafc0::ceiling-raw::0:9:0""]"
b8782b87-5800-42dd-8926-07d8f11cafc0,0,b8782b87-5800-42dd-8926-07d8f11cafc0::eave-chain::0:15,1,2.444632,71.633237,0.9989,"[-0.5673, -1.6567]","[1.7528, -0.8864]","[""b8782b87-5800-42dd-8926-07d8f11cafc0::ceiling-raw::0:9:0""]"
b8cefbc4-bb4e-4d53-be56-990780166cae,0,b8cefbc4-bb4e-4d53-be56-990780166cae::eave-chain::0:0,2,6.000662,79.257016,-4.918494,"[3.816953, -2.134579]","[0.792561, -2.708394]","[""b8cefbc4-bb4e-4d53-be56-990780166cae::ceiling-raw::0:2:0"", ""b8cefbc4-bb4e-4d53-be56-990780166cae::ceiling-raw::0:5:0""]"
b8cefbc4-bb4e-4d53-be56-990780166cae,0,b8cefbc4-bb4e-4d53-be56-990780166cae::eave-chain::0:1,2,7.696731,168.384329,-4.923883,"[4.259409, -4.537655]","[2.701413, 3.041784]","[""b8cefbc4-bb4e-4d53-be56-990780166cae::ceiling-raw::0:2:0"", ""b8cefbc4-bb4e-4d53-be56-990780166cae::ceiling-raw::0:5:0""]"
b8cefbc4-bb4e-4d53-be56-990780166cae,0,b8cefbc4-bb4e-4d53-be56-990780166cae::eave-chain::0:2,1,2.956212,79.236283,-4.9327,"[2.7083, 3.0432]","[-0.1959, 2.4911]","[""b8cefbc4-bb4e-4d53-be56-990780166cae::ceiling-raw::0:2:0""]"
b8cefbc4-bb4e-4d53-be56-990780166cae,0,b8cefbc4-bb4e-4d53-be56-990780166cae::eave-chain::0:3,1,1.946541,169.237319,-4.9236,"[0.1557, -5.2244]","[-0.2078, -3.3121]","[""b8cefbc4-bb4e-4d53-be56-990780166cae::ceiling-raw::0:4:0""]"
b8cefbc4-bb4e-4d53-be56-990780166cae,0,b8cefbc4-bb4e-4d53-be56-990780166cae::eave-chain::0:4,1,3.739478,79.237562,-4.9236,"[-0.2078, -3.3121]","[-3.8815, -4.0104]","[""b8cefbc4-bb4e-4d53-be56-990780166cae::ceiling-raw::0:4:0""]"
b8cefbc4-bb4e-4d53-be56-990780166cae,0,b8cefbc4-bb4e-4d53-be56-990780166cae::eave-chain::0:5,1,1.94664,169.237869,-4.9236,"[-3.8815, -4.0104]","[-3.518, -5.9228]","[""b8cefbc4-bb4e-4d53-be56-990780166cae::ceiling-raw::0:4:0""]"
b8cefbc4-bb4e-4d53-be56-990780166cae,0,b8cefbc4-bb4e-4d53-be56-990780166cae::eave-chain::0:6,1,3.739497,79.236057,-4.9236,"[-3.518, -5.9228]","[0.1557, -5.2244]","[""b8cefbc4-bb4e-4d53-be56-990780166cae::ceiling-raw::0:4:0""]"
b8cefbc4-bb4e-4d53-be56-990780166cae,0,b8cefbc4-bb4e-4d53-be56-990780166cae::eave-chain::0:7,1,3.044548,79.23815,-4.9047,"[1.2823, -5.1033]","[4.2733, -4.5348]","[""b8cefbc4-bb4e-4d53-be56-990780166cae::ceiling-raw::0:5:0""]"
b8cefbc4-bb4e-4d53-be56-990780166cae,0,b8cefbc4-bb4e-4d53-be56-990780166cae::eave-chain::0:8,1,2.423537,169.236714,-4.9047,"[0.8297, -2.7224]","[1.2823, -5.1033]","[""b8cefbc4-bb4e-4d53-be56-990780166cae::ceiling-raw::0:5:0""]"
b8cefbc4-bb4e-4d53-be56-990780166cae,2,b8cefbc4-bb4e-4d53-be56-990780166cae::eave-chain::2:0,1,0.967699,167.648441,0.8768,"[-4.4898, -0.427]","[-4.2828, -1.3723]","[""b8cefbc4-bb4e-4d53-be56-990780166cae::ceiling-raw::2:12:0""]"
b8cefbc4-bb4e-4d53-be56-990780166cae,2,b8cefbc4-bb4e-4d53-be56-990780166cae::eave-chain::2:1,1,2.451109,77.651208,0.8768,"[-4.2828, -1.3723]","[-1.8884, -0.8481]","[""b8cefbc4-bb4e-4d53-be56-990780166cae::ceiling-raw::2:12:0""]"
b8cefbc4-bb4e-4d53-be56-990780166cae,2,b8cefbc4-bb4e-4d53-be56-990780166cae::eave-chain::2:2,1,2.451018,77.487927,-0.35645,"[-2.3287, 1.1628]","[-4.7215, 0.6318]","[""b8cefbc4-bb4e-4d53-be56-990780166cae::ceiling-raw::2:12:1""]"
b8cefbc4-bb4e-4d53-be56-990780166cae,2,b8cefbc4-bb4e-4d53-be56-990780166cae::eave-chain::2:3,1,3.955879,77.798116,-0.87075,"[0.4813, -4.9919]","[4.3478, -4.1558]","[""b8cefbc4-bb4e-4d53-be56-990780166cae::ceiling-raw::2:14:4""]"
b8cefbc4-bb4e-4d53-be56-990780166cae,2,b8cefbc4-bb4e-4d53-be56-990780166cae::eave-chain::2:4,1,2.99295,77.650802,0.9429,"[0.5954, -1.2569]","[3.5191, -0.6168]","[""b8cefbc4-bb4e-4d53-be56-990780166cae::ceiling-raw::2:15:0""]"
b8cefbc4-bb4e-4d53-be56-990780166cae,2,b8cefbc4-bb4e-4d53-be56-990780166cae::eave-chain::2:5,1,1.950735,167.65087,0.9429,"[3.5191, -0.6168]","[3.1019, 1.2888]","[""b8cefbc4-bb4e-4d53-be56-990780166cae::ceiling-raw::2:15:0""]"
b8cefbc4-bb4e-4d53-be56-990780166cae,2,b8cefbc4-bb4e-4d53-be56-990780166cae::eave-chain::2:6,1,2.991277,76.724818,-0.25355,"[2.8718, 2.3339]","[-0.0392, 1.6471]","[""b8cefbc4-bb4e-4d53-be56-990780166cae::ceiling-raw::2:15:1""]"
b8def755-9829-4141-8ecb-3e71ef446d0d,1,b8def755-9829-4141-8ecb-3e71ef446d0d::eave-chain::1:0,1,0.358997,50.799305,-1.6182,"[-2.0425, -2.6238]","[-1.7643, -2.3969]","[""b8def755-9829-4141-8ecb-3e71ef446d0d::ceiling-raw::1:6:0""]"
b8def755-9829-4141-8ecb-3e71ef446d0d,1,b8def755-9829-4141-8ecb-3e71ef446d0d::eave-chain::1:1,2,3.615335,135.231132,-1.6182,"[-3.472015, -0.899114]","[-0.913397, -3.478458]","[""b8def755-9829-4141-8ecb-3e71ef446d0d::ceiling-raw::1:6:0""]"
b8def755-9829-4141-8ecb-3e71ef446d0d,1,b8def755-9829-4141-8ecb-3e71ef446d0d::eave-chain::1:2,1,1.827315,50.796633,-1.6182,"[-0.8961, -3.4613]","[0.5199, -2.3063]","[""b8def755-9829-4141-8ecb-3e71ef446d0d::ceiling-raw::1:6:0""]"
b8def755-9829-4141-8ecb-3e71ef446d0d,1,b8def755-9829-4141-8ecb-3e71ef446d0d::eave-chain::1:3,1,3.615335,140.797902,-1.6182,"[0.5199, -2.3063]","[-1.7652, 0.4953]","[""b8def755-9829-4141-8ecb-3e71ef446d0d::ceiling-raw::1:6:0""]"
b8def755-9829-4141-8ecb-3e71ef446d0d,1,b8def755-9829-4141-8ecb-3e71ef446d0d::eave-chain::1:4,1,2.186312,50.797072,-1.6182,"[-1.7652, 0.4953]","[-3.4594, -0.8866]","[""b8def755-9829-4141-8ecb-3e71ef446d0d::ceiling-raw::1:6:0""]"
b8def755-9829-4141-8ecb-3e71ef446d0d,1,b8def755-9829-4141-8ecb-3e71ef446d0d::eave-chain::1:5,1,1.683394,140.798002,-1.5778,"[0.2719, 2.1176]","[1.3359, 0.8131]","[""b8def755-9829-4141-8ecb-3e71ef446d0d::ceiling-raw::1:8:0""]"
b8def755-9829-4141-8ecb-3e71ef446d0d,1,b8def755-9829-4141-8ecb-3e71ef446d0d::eave-chain::1:6,1,1.194126,50.801406,-1.5778,"[2.6635, -0.5357]","[3.5889, 0.219]","[""b8def755-9829-4141-8ecb-3e71ef446d0d::ceiling-raw::1:8:0""]"
b8def755-9829-4141-8ecb-3e71ef446d0d,1,b8def755-9829-4141-8ecb-3e71ef446d0d::eave-chain::1:7,1,3.567856,140.797708,-1.5778,"[3.5889, 0.219]","[1.3338, 2.9838]","[""b8def755-9829-4141-8ecb-3e71ef446d0d::ceiling-raw::1:8:0""]"
b8def755-9829-4141-8ecb-3e71ef446d0d,1,b8def755-9829-4141-8ecb-3e71ef446d0d::eave-chain::1:8,1,1.370377,50.79561,-1.5778,"[1.3338, 2.9838]","[0.2719, 2.1176]","[""b8def755-9829-4141-8ecb-3e71ef446d0d::ceiling-raw::1:8:0""]"
b8def755-9829-4141-8ecb-3e71ef446d0d,2,b8def755-9829-4141-8ecb-3e71ef446d0d::eave-chain::2:0,3,10.924861,48.961377,1.7672,"[4.235173, -0.599763]","[-0.416972, -4.64932]","[""b8def755-9829-4141-8ecb-3e71ef446d0d::ceiling-raw::2:10:4"", ""b8def755-9829-4141-8ecb-3e71ef446d0d::ceiling-raw::2:10:6"", ""b8def755-9829-4141-8ecb-3e71ef446d0d::ceiling-raw::2:10:9""]"
b8def755-9829-4141-8ecb-3e71ef446d0d,2,b8def755-9829-4141-8ecb-3e71ef446d0d::eave-chain::2:1,1,6.167618,49.007646,-0.5278,"[0.9973, -6.2765]","[5.6526, -2.2308]","[""b8def755-9829-4141-8ecb-3e71ef446d0d::ceiling-raw::2:10:6""]"
b8def755-9829-4141-8ecb-3e71ef446d0d,2,b8def755-9829-4141-8ecb-3e71ef446d0d::eave-chain::2:2,1,1.462688,49.005693,-0.7755,"[2.8746, 0.9658]","[1.7706, 0.0063]","[""b8def755-9829-4141-8ecb-3e71ef446d0d::ceiling-raw::2:10:7""]"
b8f923d9-dc6a-4cc2-b99c-b98bb7d01f57,0,b8f923d9-dc6a-4cc2-b99c-b98bb7d01f57::eave-chain::0:0,3,5.478231,54.309539,0.546606,"[0.040091, -0.674858]","[-3.102134, -2.931983]","[""b8f923d9-dc6a-4cc2-b99c-b98bb7d01f57::ceiling-raw::0:0:0"", ""b8f923d9-dc6a-4cc2-b99c-b98bb7d01f57::ceiling-raw::0:1:1"", ""b8f923d9-dc6a-4cc2-b99c-b98bb7d01f57::ceiling-raw::0:1:2""]"
b8f923d9-dc6a-4cc2-b99c-b98bb7d01f57,0,b8f923d9-dc6a-4cc2-b99c-b98bb7d01f57::eave-chain::0:1,1,3.866745,54.449576,0.70405,"[-1.0565, -5.7945]","[2.0895, -3.5463]","[""b8f923d9-dc6a-4cc2-b99c-b98bb7d01f57::ceiling-raw::0:0:0""]"
b8f923d9-dc6a-4cc2-b99c-b98bb7d01f57,0,b8f923d9-dc6a-4cc2-b99c-b98bb7d01f57::eave-chain::0:2,3,5.971975,144.716005,0.687309,"[2.084014, -3.550182]","[-1.382081, 1.34806]","[""b8f923d9-dc6a-4cc2-b99c-b98bb7d01f57::ceiling-raw::0:0:1"", ""b8f923d9-dc6a-4cc2-b99c-b98bb7d01f57::ceiling-raw::0:1:0"", ""b8f923d9-dc6a-4cc2-b99c-b98bb7d01f57::ceiling-raw::0:1:1""]"
b8f923d9-dc6a-4cc2-b99c-b98bb7d01f57,0,b8f923d9-dc6a-4cc2-b99c-b98bb7d01f57::eave-chain::0:3,1,0.526726,55.081944,0.6638,"[-1.3751, 1.353]","[-0.9432, 1.6545]","[""b8f923d9-dc6a-4cc2-b99c-b98bb7d01f57::ceiling-raw::0:1:0""]"
b8f923d9-dc6a-4cc2-b99c-b98bb7d01f57,0,b8f923d9-dc6a-4cc2-b99c-b98bb7d01f57::eave-chain::0:4,1,1.927384,145.087129,0.6638,"[-0.9432, 1.6545]","[-2.0463, 3.235]","[""b8f923d9-dc6a-4cc2-b99c-b98bb7d01f57::ceiling-raw::0:1:0""]"
b8f923d9-dc6a-4cc2-b99c-b98bb7d01f57,0,b8f923d9-dc6a-4cc2-b99c-b98bb7d01f57::eave-chain::0:5,1,1.839496,52.892134,0.6638,"[-2.0463, 3.235]","[-3.5133, 2.1252]","[""b8f923d9-dc6a-4cc2-b99c-b98bb7d01f57::ceiling-raw::0:1:0""]"
b8f923d9-dc6a-4cc2-b99c-b98bb7d01f57,0,b8f923d9-dc6a-4cc2-b99c-b98bb7d01f57::eave-chain::0:6,1,2.530962,143.067169,0.6638,"[-3.5133, 2.1252]","[-1.9925, 0.1021]","[""b8f923d9-dc6a-4cc2-b99c-b98bb7d01f57::ceiling-raw::0:1:0""]"
b9575f6d-aa02-4540-ba49-d8e823a41067,0,b9575f6d-aa02-4540-ba49-d8e823a41067::eave-chain::0:0,2,6.689412,87.811078,0.840484,"[3.687065, -13.635934]","[0.292648, -13.765677]","[""b9575f6d-aa02-4540-ba49-d8e823a41067::ceiling-raw::0:0:0"", ""b9575f6d-aa02-4540-ba49-d8e823a41067::ceiling-raw::0:1:0""]"
b9575f6d-aa02-4540-ba49-d8e823a41067,0,b9575f6d-aa02-4540-ba49-d8e823a41067::eave-chain::0:1,2,5.479022,88.217483,0.719844,"[0.208573, -11.565343]","[-3.072464, -11.667451]","[""b9575f6d-aa02-4540-ba49-d8e823a41067::ceiling-raw::0:0:0"", ""b9575f6d-aa02-4540-ba49-d8e823a41067::ceiling-raw::0:2:0""]"
b9575f6d-aa02-4540-ba49-d8e823a41067,0,b9575f6d-aa02-4540-ba49-d8e823a41067::eave-chain::0:2,6,19.31212,177.517072,0.827386,"[-3.66884, 3.409981]","[-2.820324, -16.158015]","[""b9575f6d-aa02-4540-ba49-d8e823a41067::ceiling-raw::0:0:0"", ""b9575f6d-aa02-4540-ba49-d8e823a41067::ceiling-raw::0:2:0"", ""b9575f6d-aa02-4540-ba49-d8e823a41067::ceiling-raw::0:4:1"", ""b9575f6d-aa02-4540-ba49-d8e823a41067::ceiling-raw::0:5:0"", ""b9575f6d-aa02-4540-ba49-d8e823a41067::ceiling-raw::0:7:0"", ""b9575f6d-aa02-4540-ba49-d8e823a41067::ceiling-raw::0:8:0""]"
b9575f6d-aa02-4540-ba49-d8e823a41067,0,b9575f6d-aa02-4540-ba49-d8e823a41067::eave-chain::0:3,1,6.679604,87.804424,0.8395,"[-2.9007, -16.1615]","[3.774, -15.9056]","[""b9575f6d-aa02-4540-ba49-d8e823a41067::ceiling-raw::0:0:0""]"
b9575f6d-aa02-4540-ba49-d8e823a41067,0,b9575f6d-aa02-4540-ba49-d8e823a41067::eave-chain::0:4,6,19.472495,177.514745,0.893134,"[3.738098, -15.907158]","[2.888779, 3.661006]","[""b9575f6d-aa02-4540-ba49-d8e823a41067::ceiling-raw::0:0:0"", ""b9575f6d-aa02-4540-ba49-d8e823a41067::ceiling-raw::0:1:0"", ""b9575f6d-aa02-4540-ba49-d8e823a41067::ceiling-raw::0:3:0"", ""b9575f6d-aa02-4540-ba49-d8e823a41067::ceiling-raw::0:6:0"", ""b9575f6d-aa02-4540-ba49-d8e823a41067::ceiling-raw::0:7:0"", ""b9575f6d-aa02-4540-ba49-d8e823a41067::ceiling-raw::0:8:0""]"
b9575f6d-aa02-4540-ba49-d8e823a41067,0,b9575f6d-aa02-4540-ba49-d8e823a41067::eave-chain::0:5,2,6.5383,87.804442,0.843684,"[3.44248, -9.260181]","[0.152382, -9.386319]","[""b9575f6d-aa02-4540-ba49-d8e823a41067::ceiling-raw::0:1:0"", ""b9575f6d-aa02-4540-ba49-d8e823a41067::ceiling-raw::0:3:0""]"
b9575f6d-aa02-4540-ba49-d8e823a41067,0,b9575f6d-aa02-4540-ba49-d8e823a41067::eave-chain::0:6,2,3.43742,87.384408,0.556237,"[-0.877512, -9.444251]","[-3.071475, -9.544477]","[""b9575f6d-aa02-4540-ba49-d8e823a41067::ceiling-raw::0:2:0"", ""b9575f6d-aa02-4540-ba49-d8e823a41067::ceiling-raw::0:5:0""]"
b9575f6d-aa02-4540-ba49-d8e823a41067,0,b9575f6d-aa02-4540-ba49-d8e823a41067::eave-chain::0:7,4,11.21839,87.163423,0.837754,"[-3.172358, -7.40514]","[3.347827, -7.082077]","[""b9575f6d-aa02-4540-ba49-d8e823a41067::ceiling-raw::0:3:0"", ""b9575f6d-aa02-4540-ba49-d8e823a41067::ceiling-raw::0:4:1"", ""b9575f6d-aa02-4540-ba49-d8e823a41067::ceiling-raw::0:5:0"", ""b9575f6d-aa02-4540-ba49-d8e823a41067::ceiling-raw::0:6:0""]"
b9575f6d-aa02-4540-ba49-d8e823a41067,0,b9575f6d-aa02-4540-ba49-d8e823a41067::eave-chain::0:8,3,13.061113,87.667404,0.919487,"[-3.30611, -5.23174]","[3.266578, -4.964008]","[""b9575f6d-aa02-4540-ba49-d8e823a41067::ceiling-raw::0:4:1"", ""b9575f6d-aa02-4540-ba49-d8e823a41067::ceiling-raw::0:6:0"", ""b9575f6d-aa02-4540-ba49-d8e823a41067::ceiling-raw::0:7:0""]"
b9575f6d-aa02-4540-ba49-d8e823a41067,0,b9575f6d-aa02-4540-ba49-d8e823a41067::eave-chain::0:9,2,13.181028,88.027754,0.940216,"[-3.541724, -0.862155]","[3.085618, -0.633937]","[""b9575f6d-aa02-4540-ba49-d8e823a41067::ceiling-raw::0:7:0"", ""b9575f6d-aa02-4540-ba49-d8e823a41067::ceiling-raw::0:8:0""]"
b9575f6d-aa02-4540-ba49-d8e823a41067,0,b9575f6d-aa02-4540-ba49-d8e823a41067::eave-chain::0:10,1,6.631066,87.804774,0.9347,"[2.9209, 3.6624]","[-3.7053, 3.4084]","[""b9575f6d-aa02-4540-ba49-d8e823a41067::ceiling-raw::0:8:0""]"
bad532ea-75de-411a-a390-77f4d6a93ff8,0,bad532ea-75de-411a-a390-77f4d6a93ff8::eave-chain::0:0,2,5.902633,92.942342,1.175816,"[-5.699045, -3.839446]","[0.428608, -4.1544]","[""bad532ea-75de-411a-a390-77f4d6a93ff8::ceiling-raw::0:8:0"", ""bad532ea-75de-411a-a390-77f4d6a93ff8::ceiling-raw::0:9:0""]"
bad532ea-75de-411a-a390-77f4d6a93ff8,0,bad532ea-75de-411a-a390-77f4d6a93ff8::eave-chain::0:1,2,5.807479,3.852644,1.169247,"[-2.060701, -4.072498]","[-1.844577, -0.863191]","[""bad532ea-75de-411a-a390-77f4d6a93ff8::ceiling-raw::0:8:0"", ""bad532ea-75de-411a-a390-77f4d6a93ff8::ceiling-raw::0:9:0""]"
bad532ea-75de-411a-a390-77f4d6a93ff8,0,bad532ea-75de-411a-a390-77f4d6a93ff8::eave-chain::0:2,1,3.506009,94.993949,1.2087,"[-1.9172, -0.8583]","[-5.4099, -0.5531]","[""bad532ea-75de-411a-a390-77f4d6a93ff8::ceiling-raw::0:8:0""]"
bad532ea-75de-411a-a390-77f4d6a93ff8,0,bad532ea-75de-411a-a390-77f4d6a93ff8::eave-chain::0:3,1,3.354633,4.993562,1.2087,"[-5.4099, -0.5531]","[-5.7019, -3.895]","[""bad532ea-75de-411a-a390-77f4d6a93ff8::ceiling-raw::0:8:0""]"
bad532ea-75de-411a-a390-77f4d6a93ff8,0,bad532ea-75de-411a-a390-77f4d6a93ff8::eave-chain::0:4,2,5.615787,3.485326,1.1271,"[0.425, -4.2246]","[0.5957, -1.4219]","[""bad532ea-75de-411a-a390-77f4d6a93ff8::ceiling-raw::0:9:0"", ""bad532ea-75de-411a-a390-77f4d6a93ff8::ceiling-raw::0:9:3""]"
bad532ea-75de-411a-a390-77f4d6a93ff8,0,bad532ea-75de-411a-a390-77f4d6a93ff8::eave-chain::0:5,1,2.807893,3.485326,0.9921,"[1.6378, -4.2985]","[1.8085, -1.4958]","[""bad532ea-75de-411a-a390-77f4d6a93ff8::ceiling-raw::0:9:3""]"
bad532ea-75de-411a-a390-77f4d6a93ff8,4,bad532ea-75de-411a-a390-77f4d6a93ff8::eave-chain::4:0,2,8.400195,5.992176,10.7511,"[-1.636795, 1.6602]","[-2.253293, -4.213101]","[""bad532ea-75de-411a-a390-77f4d6a93ff8::ceiling-raw::4:0:6"", ""bad532ea-75de-411a-a390-77f4d6a93ff8::ceiling-raw::4:0:8""]"
bad532ea-75de-411a-a390-77f4d6a93ff8,4,bad532ea-75de-411a-a390-77f4d6a93ff8::eave-chain::4:1,1,5.905557,5.991232,8.0178,"[0.9898, -4.5535]","[1.6062, 1.3198]","[""bad532ea-75de-411a-a390-77f4d6a93ff8::ceiling-raw::4:0:6""]"
bb00df25-e7be-420e-8ad1-1f9be60a4c4a,0,bb00df25-e7be-420e-8ad1-1f9be60a4c4a::eave-chain::0:0,2,5.207568,95.957132,1.155456,"[-0.653602, -3.664922]","[-4.6164, -3.251412]","[""bb00df25-e7be-420e-8ad1-1f9be60a4c4a::ceiling-raw::0:0:0"", ""bb00df25-e7be-420e-8ad1-1f9be60a4c4a::ceiling-raw::0:1:0""]"
bb00df25-e7be-420e-8ad1-1f9be60a4c4a,0,bb00df25-e7be-420e-8ad1-1f9be60a4c4a::eave-chain::0:1,2,5.896808,96.727224,1.161214,"[-4.940411, -6.003342]","[-7.903168, -5.653871]","[""bb00df25-e7be-420e-8ad1-1f9be60a4c4a::ceiling-raw::0:0:0"", ""bb00df25-e7be-420e-8ad1-1f9be60a4c4a::ceiling-raw::0:2:0""]"
bb00df25-e7be-420e-8ad1-1f9be60a4c4a,0,bb00df25-e7be-420e-8ad1-1f9be60a4c4a::eave-chain::0:2,7,16.123704,6.628432,1.160451,"[-6.682611, 4.622694]","[-8.200311, -8.437631]","[""bb00df25-e7be-420e-8ad1-1f9be60a4c4a::ceiling-raw::0:0:0"", ""bb00df25-e7be-420e-8ad1-1f9be60a4c4a::ceiling-raw::0:2:0"", ""bb00df25-e7be-420e-8ad1-1f9be60a4c4a::ceiling-raw::0:3:0"", ""bb00df25-e7be-420e-8ad1-1f9be60a4c4a::ceiling-raw::0:3:1"", ""bb00df25-e7be-420e-8ad1-1f9be60a4c4a::ceiling-raw::0:3:2"", ""bb00df25-e7be-420e-8ad1-1f9be60a4c4a::ceiling-raw::0:4:0"", ""bb00df25-e7be-420e-8ad1-1f9be60a4c4a::ceiling-raw::0:6:0""]"
bb00df25-e7be-420e-8ad1-1f9be60a4c4a,0,bb00df25-e7be-420e-8ad1-1f9be60a4c4a::eave-chain::0:3,1,6.967875,96.720309,1.154,"[-8.2307, -8.4341]","[-1.3107, -9.2495]","[""bb00df25-e7be-420e-8ad1-1f9be60a4c4a::ceiling-raw::0:0:0""]"
bb00df25-e7be-420e-8ad1-1f9be60a4c4a,0,bb00df25-e7be-420e-8ad1-1f9be60a4c4a::eave-chain::0:4,4,12.846339,6.531483,1.11677,"[-1.312207, -9.249327]","[-0.131202, 1.065827]","[""bb00df25-e7be-420e-8ad1-1f9be60a4c4a::ceiling-raw::0:0:0"", ""bb00df25-e7be-420e-8ad1-1f9be60a4c4a::ceiling-raw::0:1:0"", ""bb00df25-e7be-420e-8ad1-1f9be60a4c4a::ceiling-raw::0:9:0"", ""bb00df25-e7be-420e-8ad1-1f9be60a4c4a::ceiling-raw::0:9:1""]"
bb00df25-e7be-420e-8ad1-1f9be60a4c4a,0,bb00df25-e7be-420e-8ad1-1f9be60a4c4a::eave-chain::0:5,3,3.296343,96.365862,1.124731,"[-1.866721, -1.371312]","[0.193897, -1.601204]","[""bb00df25-e7be-420e-8ad1-1f9be60a4c4a::ceiling-raw::0:1:0"", ""bb00df25-e7be-420e-8ad1-1f9be60a4c4a::ceiling-raw::0:9:0"", ""bb00df25-e7be-420e-8ad1-1f9be60a4c4a::ceiling-raw::0:9:1""]"
bb00df25-e7be-420e-8ad1-1f9be60a4c4a,0,bb00df25-e7be-420e-8ad1-1f9be60a4c4a::eave-chain::0:6,2,5.849686,96.699562,1.164083,"[-7.638102, -3.569553]","[-4.697095, -3.915019]","[""bb00df25-e7be-420e-8ad1-1f9be60a4c4a::ceiling-raw::0:2:0"", ""bb00df25-e7be-420e-8ad1-1f9be60a4c4a::ceiling-raw::0:3:1""]"
bb00df25-e7be-420e-8ad1-1f9be60a4c4a,0,bb00df25-e7be-420e-8ad1-1f9be60a4c4a::eave-chain::0:7,4,13.483124,97.173942,1.157547,"[-14.8393, 2.359065]","[-4.084215, 1.005351]","[""bb00df25-e7be-420e-8ad1-1f9be60a4c4a::ceiling-raw::0:3:0"", ""bb00df25-e7be-420e-8ad1-1f9be60a4c4a::ceiling-raw::0:4:0"", ""bb00df25-e7be-420e-8ad1-1f9be60a4c4a::ceiling-raw::0:6:0"", ""bb00df25-e7be-420e-8ad1-1f9be60a4c4a::ceiling-raw::0:7:0""]"
bb00df25-e7be-420e-8ad1-1f9be60a4c4a,0,bb00df25-e7be-420e-8ad1-1f9be60a4c4a::eave-chain::0:8,1,2.975088,92.967137,1.1596,"[-7.3452, -1.2975]","[-4.3741, -1.4515]","[""bb00df25-e7be-420e-8ad1-1f9be60a4c4a::ceiling-raw::0:3:0""]"
bb00df25-e7be-420e-8ad1-1f9be60a4c4a,0,bb00df25-e7be-420e-8ad1-1f9be60a4c4a::eave-chain::0:9,2,5.351364,6.714602,1.184321,"[-2.922097, 1.465561]","[-2.606927, 4.142588]","[""bb00df25-e7be-420e-8ad1-1f9be60a4c4a::ceiling-raw::0:4:0"", ""bb00df25-e7be-420e-8ad1-1f9be60a4c4a::ceiling-raw::0:5:0""]"
bb00df25-e7be-420e-8ad1-1f9be60a4c4a,0,bb00df25-e7be-420e-8ad1-1f9be60a4c4a::eave-chain::0:10,4,14.42147,96.81288,1.164873,"[0.256988, 3.786068]","[-14.464103, 5.544808]","[""bb00df25-e7be-420e-8ad1-1f9be60a4c4a::ceiling-raw::0:4:0"", ""bb00df25-e7be-420e-8ad1-1f9be60a4c4a::ceiling-raw::0:5:0"", ""bb00df25-e7be-420e-8ad1-1f9be60a4c4a::ceiling-raw::0:6:0"", ""bb00df25-e7be-420e-8ad1-1f9be60a4c4a::ceiling-raw::0:7:0""]"
bb00df25-e7be-420e-8ad1-1f9be60a4c4a,0,bb00df25-e7be-420e-8ad1-1f9be60a4c4a::eave-chain::0:11,2,5.260076,7.629043,0.581668,"[1.240852, -1.718181]","[1.950252, 3.578045]","[""bb00df25-e7be-420e-8ad1-1f9be60a4c4a::ceiling-raw::0:5:1"", ""bb00df25-e7be-420e-8ad1-1f9be60a4c4a::ceiling-raw::0:9:2""]"
bb00df25-e7be-420e-8ad1-1f9be60a4c4a,0,bb00df25-e7be-420e-8ad1-1f9be60a4c4a::eave-chain::0:12,2,6.438023,6.720492,1.146502,"[-9.775785, 1.742333]","[-9.398907, 4.940666]","[""bb00df25-e7be-420e-8ad1-1f9be60a4c4a::ceiling-raw::0:6:0"", ""bb00df25-e7be-420e-8ad1-1f9be60a4c4a::ceiling-raw::0:7:0""]"
bb00df25-e7be-420e-8ad1-1f9be60a4c4a,0,bb00df25-e7be-420e-8ad1-1f9be60a4c4a::eave-chain::0:13,1,3.220221,6.719608,1.151,"[-14.465, 5.5373]","[-14.8418, 2.3392]","[""bb00df25-e7be-420e-8ad1-1f9be60a4c4a::ceiling-raw::0:7:0""]"
bc2779a4-d0a2-4ba8-abbf-10129d3f82de,0,bc2779a4-d0a2-4ba8-abbf-10129d3f82de::eave-chain::0:0,1,2.252591,82.097596,0.5044,"[-1.2409, -1.0837]","[0.9903, -0.774]","[""bc2779a4-d0a2-4ba8-abbf-10129d3f82de::ceiling-raw::0:14:0""]"
bc2779a4-d0a2-4ba8-abbf-10129d3f82de,0,bc2779a4-d0a2-4ba8-abbf-10129d3f82de::eave-chain::0:1,1,2.606855,172.097736,0.5044,"[0.9903, -0.774]","[0.6319, 1.8081]","[""bc2779a4-d0a2-4ba8-abbf-10129d3f82de::ceiling-raw::0:14:0""]"
bc2779a4-d0a2-4ba8-abbf-10129d3f82de,0,bc2779a4-d0a2-4ba8-abbf-10129d3f82de::eave-chain::0:2,1,2.252492,82.097246,0.5044,"[0.6319, 1.8081]","[-1.5992, 1.4984]","[""bc2779a4-d0a2-4ba8-abbf-10129d3f82de::ceiling-raw::0:14:0""]"
bc2779a4-d0a2-4ba8-abbf-10129d3f82de,0,bc2779a4-d0a2-4ba8-abbf-10129d3f82de::eave-chain::0:3,1,2.606841,172.099913,0.5044,"[-1.5992, 1.4984]","[-1.2409, -1.0837]","[""bc2779a4-d0a2-4ba8-abbf-10129d3f82de::ceiling-raw::0:14:0""]"
bc2779a4-d0a2-4ba8-abbf-10129d3f82de,1,bc2779a4-d0a2-4ba8-abbf-10129d3f82de::eave-chain::1:0,1,1.154771,82.095841,2.9098,"[-0.4279, 0.0678]","[0.7159, 0.2266]","[""bc2779a4-d0a2-4ba8-abbf-10129d3f82de::ceiling-raw::1:6:0""]"
bc2779a4-d0a2-4ba8-abbf-10129d3f82de,1,bc2779a4-d0a2-4ba8-abbf-10129d3f82de::eave-chain::1:1,1,1.56798,172.100378,2.9098,"[0.7159, 0.2266]","[0.5004, 1.7797]","[""bc2779a4-d0a2-4ba8-abbf-10129d3f82de::ceiling-raw::1:6:0""]"
bc2779a4-d0a2-4ba8-abbf-10129d3f82de,1,bc2779a4-d0a2-4ba8-abbf-10129d3f82de::eave-chain::1:2,1,2.033613,82.097411,2.9098,"[0.5004, 1.7797]","[-1.5139, 1.5001]","[""bc2779a4-d0a2-4ba8-abbf-10129d3f82de::ceiling-raw::1:6:0""]"
bc2779a4-d0a2-4ba8-abbf-10129d3f82de,1,bc2779a4-d0a2-4ba8-abbf-10129d3f82de::eave-chain::1:3,1,4.673971,82.098908,3.1213,"[1.1576, -2.731]","[-3.472, -3.3735]","[""bc2779a4-d0a2-4ba8-abbf-10129d3f82de::ceiling-raw::1:3:0""]"
bc2779a4-d0a2-4ba8-abbf-10129d3f82de,1,bc2779a4-d0a2-4ba8-abbf-10129d3f82de::eave-chain::1:4,1,3.759801,172.097911,3.1213,"[1.6745, -6.4551]","[1.1576, -2.731]","[""bc2779a4-d0a2-4ba8-abbf-10129d3f82de::ceiling-raw::1:3:0""]"
bc2779a4-d0a2-4ba8-abbf-10129d3f82de,2,bc2779a4-d0a2-4ba8-abbf-10129d3f82de::eave-chain::2:0,3,7.415173,170.272948,5.656789,"[-2.379504, -0.365338]","[-1.675001, -4.475169]","[""bc2779a4-d0a2-4ba8-abbf-10129d3f82de::ceiling-raw::2:7:1"", ""bc2779a4-d0a2-4ba8-abbf-10129d3f82de::ceiling-raw::2:8:0"", ""bc2779a4-d0a2-4ba8-abbf-10129d3f82de::ceiling-raw::2:8:4""]"
bc2779a4-d0a2-4ba8-abbf-10129d3f82de,2,bc2779a4-d0a2-4ba8-abbf-10129d3f82de::eave-chain::2:1,1,0.617253,170.56362,5.6483,"[-1.0644, -4.3736]","[-0.9632, -4.9825]","[""bc2779a4-d0a2-4ba8-abbf-10129d3f82de::ceiling-raw::2:7:1""]"
bc2779a4-d0a2-4ba8-abbf-10129d3f82de,2,bc2779a4-d0a2-4ba8-abbf-10129d3f82de::eave-chain::2:2,1,2.581706,80.567596,5.6483,"[-0.9632, -4.9825]","[1.5836, -4.5594]","[""bc2779a4-d0a2-4ba8-abbf-10129d3f82de::ceiling-raw::2:7:1""]"
bc2779a4-d0a2-4ba8-abbf-10129d3f82de,2,bc2779a4-d0a2-4ba8-abbf-10129d3f82de::eave-chain::2:3,2,4.763001,170.912004,5.590141,"[1.581774, -4.559692]","[0.825623, 0.16746]","[""bc2779a4-d0a2-4ba8-abbf-10129d3f82de::ceiling-raw::2:7:1"", ""bc2779a4-d0a2-4ba8-abbf-10129d3f82de::ceiling-raw::2:8:5""]"
bc2779a4-d0a2-4ba8-abbf-10129d3f82de,2,bc2779a4-d0a2-4ba8-abbf-10129d3f82de::eave-chain::2:4,4,7.328448,81.477256,5.652543,"[0.980214, -0.928002]","[-4.812027, -1.796009]","[""bc2779a4-d0a2-4ba8-abbf-10129d3f82de::ceiling-raw::2:7:1"", ""bc2779a4-d0a2-4ba8-abbf-10129d3f82de::ceiling-raw::2:8:0"", ""bc2779a4-d0a2-4ba8-abbf-10129d3f82de::ceiling-raw::2:8:4"", ""bc2779a4-d0a2-4ba8-abbf-10129d3f82de::ceiling-raw::2:9:0""]"
bc2779a4-d0a2-4ba8-abbf-10129d3f82de,2,bc2779a4-d0a2-4ba8-abbf-10129d3f82de::eave-chain::2:5,4,7.414529,170.365576,5.627532,"[-4.182079, -5.441038]","[-4.968738, -0.806969]","[""bc2779a4-d0a2-4ba8-abbf-10129d3f82de::ceiling-raw::2:10:0"", ""bc2779a4-d0a2-4ba8-abbf-10129d3f82de::ceiling-raw::2:11:0"", ""bc2779a4-d0a2-4ba8-abbf-10129d3f82de::ceiling-raw::2:8:0"", ""bc2779a4-d0a2-4ba8-abbf-10129d3f82de::ceiling-raw::2:9:0""]"
bc2779a4-d0a2-4ba8-abbf-10129d3f82de,2,bc2779a4-d0a2-4ba8-abbf-10129d3f82de::eave-chain::2:6,2,4.258849,77.133016,5.619436,"[-7.746266, -6.048609]","[-3.546579, -5.089299]","[""bc2779a4-d0a2-4ba8-abbf-10129d3f82de::ceiling-raw::2:10:0"", ""bc2779a4-d0a2-4ba8-abbf-10129d3f82de::ceiling-raw::2:11:0""]"
bc2779a4-d0a2-4ba8-abbf-10129d3f82de,2,bc2779a4-d0a2-4ba8-abbf-10129d3f82de::eave-chain::2:7,1,1.100623,170.587316,5.6811,"[-3.5618, -5.0196]","[-3.3818, -6.1054]","[""bc2779a4-d0a2-4ba8-abbf-10129d3f82de::ceiling-raw::2:10:2""]"
bc2779a4-d0a2-4ba8-abbf-10129d3f82de,2,bc2779a4-d0a2-4ba8-abbf-10129d3f82de::eave-chain::2:8,1,2.209368,50.708768,5.67545,"[-1.6719, -4.7063]","[-3.3818, -6.1054]","[""bc2779a4-d0a2-4ba8-abbf-10129d3f82de::ceiling-raw::2:10:3""]"
bc2779a4-d0a2-4ba8-abbf-10129d3f82de,2,bc2779a4-d0a2-4ba8-abbf-10129d3f82de::eave-chain::2:9,1,0.62036,170.583229,5.6055,"[-6.3426, -1.0348]","[-6.2411, -1.6468]","[""bc2779a4-d0a2-4ba8-abbf-10129d3f82de::ceiling-raw::2:11:0""]"
bc2779a4-d0a2-4ba8-abbf-10129d3f82de,2,bc2779a4-d0a2-4ba8-abbf-10129d3f82de::eave-chain::2:10,1,2.205906,80.586357,5.6055,"[-6.2411, -1.6468]","[-8.4173, -2.0076]","[""bc2779a4-d0a2-4ba8-abbf-10129d3f82de::ceiling-raw::2:11:0""]"
bc2779a4-d0a2-4ba8-abbf-10129d3f82de,2,bc2779a4-d0a2-4ba8-abbf-10129d3f82de::eave-chain::2:11,1,4.080055,170.585467,5.6055,"[-8.4173, -2.0076]","[-7.7499, -6.0327]","[""bc2779a4-d0a2-4ba8-abbf-10129d3f82de::ceiling-raw::2:11:0""]"
bc2779a4-d0a2-4ba8-abbf-10129d3f82de,2,bc2779a4-d0a2-4ba8-abbf-10129d3f82de::eave-chain::2:12,1,1.380492,80.586123,5.6055,"[-4.9807, -0.809]","[-6.3426, -1.0348]","[""bc2779a4-d0a2-4ba8-abbf-10129d3f82de::ceiling-raw::2:11:0""]"
bc2779a4-d0a2-4ba8-abbf-10129d3f82de,2,bc2779a4-d0a2-4ba8-abbf-10129d3f82de::eave-chain::2:13,2,3.151307,169.22735,5.650863,"[-3.159698, -1.559833]","[-3.567597, 0.584006]","[""bc2779a4-d0a2-4ba8-abbf-10129d3f82de::ceiling-raw::2:8:0"", ""bc2779a4-d0a2-4ba8-abbf-10129d3f82de::ceiling-raw::2:9:0""]"
bc2779a4-d0a2-4ba8-abbf-10129d3f82de,2,bc2779a4-d0a2-4ba8-abbf-10129d3f82de::eave-chain::2:14,1,1.380545,131.479132,5.6628,"[-1.18, -1.2523]","[-2.2143, -0.3379]","[""bc2779a4-d0a2-4ba8-abbf-10129d3f82de::ceiling-raw::2:8:4""]"
bc2779a4-d0a2-4ba8-abbf-10129d3f82de,2,bc2779a4-d0a2-4ba8-abbf-10129d3f82de::eave-chain::2:15,1,1.026523,0.379548,5.6628,"[-2.0454, -2.4215]","[-2.0386, -1.395]","[""bc2779a4-d0a2-4ba8-abbf-10129d3f82de::ceiling-raw::2:8:4""]"
bc2779a4-d0a2-4ba8-abbf-10129d3f82de,2,bc2779a4-d0a2-4ba8-abbf-10129d3f82de::eave-chain::2:16,1,1.060718,34.591982,5.6449,"[-4.3267, -0.2591]","[-4.9289, -1.1323]","[""bc2779a4-d0a2-4ba8-abbf-10129d3f82de::ceiling-raw::2:9:0""]"
bc2779a4-d0a2-4ba8-abbf-10129d3f82de,3,bc2779a4-d0a2-4ba8-abbf-10129d3f82de::eave-chain::3:0,1,6.273156,81.503061,8.0088,"[-1.8811, -2.7896]","[-8.0854, -3.7165]","[""bc2779a4-d0a2-4ba8-abbf-10129d3f82de::ceiling-raw::3:12:5""]"
bfd05652-9331-4260-886d-1b6779ee1bfa,1,bfd05652-9331-4260-886d-1b6779ee1bfa::eave-chain::1:0,2,7.061887,85.078898,0.844545,"[15.683287, 0.22839]","[9.798024, -0.278339]","[""bfd05652-9331-4260-886d-1b6779ee1bfa::ceiling-raw::1:10:0"", ""bfd05652-9331-4260-886d-1b6779ee1bfa::ceiling-raw::1:6:0""]"
bfd05652-9331-4260-886d-1b6779ee1bfa,1,bfd05652-9331-4260-886d-1b6779ee1bfa::eave-chain::1:1,1,3.484157,175.212323,0.8196,"[15.6819, 0.2445]","[15.3911, 3.7165]","[""bfd05652-9331-4260-886d-1b6779ee1bfa::ceiling-raw::1:6:0""]"
bfd05652-9331-4260-886d-1b6779ee1bfa,1,bfd05652-9331-4260-886d-1b6779ee1bfa::eave-chain::1:2,3,6.99831,85.610209,0.82768,"[15.390706, 3.721639]","[8.213703, 3.170685]","[""bfd05652-9331-4260-886d-1b6779ee1bfa::ceiling-raw::1:11:0"", ""bfd05652-9331-4260-886d-1b6779ee1bfa::ceiling-raw::1:6:0"", ""bfd05652-9331-4260-886d-1b6779ee1bfa::ceiling-raw::1:9:0""]"
bfd05652-9331-4260-886d-1b6779ee1bfa,1,bfd05652-9331-4260-886d-1b6779ee1bfa::eave-chain::1:3,2,6.971428,175.177904,0.79464,"[12.445952, -0.026613]","[12.148376, 3.500815]","[""bfd05652-9331-4260-886d-1b6779ee1bfa::ceiling-raw::1:6:0"", ""bfd05652-9331-4260-886d-1b6779ee1bfa::ceiling-raw::1:9:0""]"
bfd05652-9331-4260-886d-1b6779ee1bfa,1,bfd05652-9331-4260-886d-1b6779ee1bfa::eave-chain::1:4,3,8.97823,85.279883,0.820647,"[6.28099, -4.834563]","[15.876061, -4.042312]","[""bfd05652-9331-4260-886d-1b6779ee1bfa::ceiling-raw::1:12:0"", ""bfd05652-9331-4260-886d-1b6779ee1bfa::ceiling-raw::1:7:0"", ""bfd05652-9331-4260-886d-1b6779ee1bfa::ceiling-raw::1:8:0""]"
bfd05652-9331-4260-886d-1b6779ee1bfa,1,bfd05652-9331-4260-886d-1b6779ee1bfa::eave-chain::1:5,1,3.106433,175.213689,0.7661,"[15.8762, -4.044]","[15.617, -0.9484]","[""bfd05652-9331-4260-886d-1b6779ee1bfa::ceiling-raw::1:7:0""]"
bfd05652-9331-4260-886d-1b6779ee1bfa,1,bfd05652-9331-4260-886d-1b6779ee1bfa::eave-chain::1:6,2,10.755777,85.485397,0.837543,"[6.002879, -1.670769]","[15.614117, -0.911883]","[""bfd05652-9331-4260-886d-1b6779ee1bfa::ceiling-raw::1:10:0"", ""bfd05652-9331-4260-886d-1b6779ee1bfa::ceiling-raw::1:7:0""]"
bfd05652-9331-4260-886d-1b6779ee1bfa,1,bfd05652-9331-4260-886d-1b6779ee1bfa::eave-chain::1:7,2,6.230529,175.205544,0.783599,"[12.86769, -4.29606]","[12.60563, -1.171638]","[""bfd05652-9331-4260-886d-1b6779ee1bfa::ceiling-raw::1:7:0"", ""bfd05652-9331-4260-886d-1b6779ee1bfa::ceiling-raw::1:8:0""]"
bfd05652-9331-4260-886d-1b6779ee1bfa,1,bfd05652-9331-4260-886d-1b6779ee1bfa::eave-chain::1:8,1,3.123997,175.213055,0.801,"[9.5511, -1.4274]","[9.8118, -4.5405]","[""bfd05652-9331-4260-886d-1b6779ee1bfa::ceiling-raw::1:8:0""]"
bfd05652-9331-4260-886d-1b6779ee1bfa,1,bfd05652-9331-4260-886d-1b6779ee1bfa::eave-chain::1:9,2,3.739547,175.17628,0.825611,"[10.39194, 3.353659]","[10.553115, 1.443759]","[""bfd05652-9331-4260-886d-1b6779ee1bfa::ceiling-raw::1:11:0"", ""bfd05652-9331-4260-886d-1b6779ee1bfa::ceiling-raw::1:9:0""]"
bfd05652-9331-4260-886d-1b6779ee1bfa,1,bfd05652-9331-4260-886d-1b6779ee1bfa::eave-chain::1:10,1,0.986764,175.710847,0.865,"[13.741, -0.9705]","[13.6672, 0.0135]","[""bfd05652-9331-4260-886d-1b6779ee1bfa::ceiling-raw::1:10:0""]"
bfd05652-9331-4260-886d-1b6779ee1bfa,1,bfd05652-9331-4260-886d-1b6779ee1bfa::eave-chain::1:11,1,0.880669,175.708576,0.472,"[5.8143, 3.1308]","[5.8802, 2.2526]","[""bfd05652-9331-4260-886d-1b6779ee1bfa::ceiling-raw::1:10:3""]"
bfd05652-9331-4260-886d-1b6779ee1bfa,1,bfd05652-9331-4260-886d-1b6779ee1bfa::eave-chain::1:12,1,0.838248,175.710335,0.472,"[7.9903, 2.4535]","[7.9276, 3.2894]","[""bfd05652-9331-4260-886d-1b6779ee1bfa::ceiling-raw::1:10:3""]"
bfd05652-9331-4260-886d-1b6779ee1bfa,1,bfd05652-9331-4260-886d-1b6779ee1bfa::eave-chain::1:13,1,2.119243,85.708083,0.472,"[7.9276, 3.2894]","[5.8143, 3.1308]","[""bfd05652-9331-4260-886d-1b6779ee1bfa::ceiling-raw::1:10:3""]"
bfd05652-9331-4260-886d-1b6779ee1bfa,1,bfd05652-9331-4260-886d-1b6779ee1bfa::eave-chain::1:14,1,0.700646,175.210552,0.8844,"[8.2147, 3.1577]","[8.2732, 2.4595]","[""bfd05652-9331-4260-886d-1b6779ee1bfa::ceiling-raw::1:11:0""]"
bfd05652-9331-4260-886d-1b6779ee1bfa,1,bfd05652-9331-4260-886d-1b6779ee1bfa::eave-chain::1:15,1,3.078945,175.211941,0.8958,"[9.2309, -4.59]","[8.9739, -1.5218]","[""bfd05652-9331-4260-886d-1b6779ee1bfa::ceiling-raw::1:12:0""]"
bfd05652-9331-4260-886d-1b6779ee1bfa,1,bfd05652-9331-4260-886d-1b6779ee1bfa::eave-chain::1:16,3,10.872232,174.473823,0.905314,"[6.278304, -5.00033]","[5.520812, 2.82903]","[""bfd05652-9331-4260-886d-1b6779ee1bfa::ceiling-raw::1:12:0"", ""bfd05652-9331-4260-886d-1b6779ee1bfa::ceiling-raw::1:13:0"", ""bfd05652-9331-4260-886d-1b6779ee1bfa::ceiling-raw::1:14:0""]"
bfd05652-9331-4260-886d-1b6779ee1bfa,1,bfd05652-9331-4260-886d-1b6779ee1bfa::eave-chain::1:17,2,16.805334,85.212481,0.911859,"[5.856279, -0.442824]","[-2.583823, -1.149708]","[""bfd05652-9331-4260-886d-1b6779ee1bfa::ceiling-raw::1:13:0"", ""bfd05652-9331-4260-886d-1b6779ee1bfa::ceiling-raw::1:14:0""]"
bfd05652-9331-4260-886d-1b6779ee1bfa,1,bfd05652-9331-4260-886d-1b6779ee1bfa::eave-chain::1:18,2,7.715009,175.69877,0.909222,"[-2.79494, 2.132501]","[-2.21086, -5.633285]","[""bfd05652-9331-4260-886d-1b6779ee1bfa::ceiling-raw::1:13:0"", ""bfd05652-9331-4260-886d-1b6779ee1bfa::ceiling-raw::1:14:0""]"
bfd05652-9331-4260-886d-1b6779ee1bfa,1,bfd05652-9331-4260-886d-1b6779ee1bfa::eave-chain::1:19,1,4.969641,85.212135,0.8943,"[-2.2084, -5.6331]","[2.7439, -5.2183]","[""bfd05652-9331-4260-886d-1b6779ee1bfa::ceiling-raw::1:13:0""]"
bfd05652-9331-4260-886d-1b6779ee1bfa,1,bfd05652-9331-4260-886d-1b6779ee1bfa::eave-chain::1:20,1,3.499978,85.345662,0.19195,"[2.8577, -6.5765]","[6.3461, -6.2925]","[""bfd05652-9331-4260-886d-1b6779ee1bfa::ceiling-raw::1:13:1""]"
bfd05652-9331-4260-886d-1b6779ee1bfa,1,bfd05652-9331-4260-886d-1b6779ee1bfa::eave-chain::1:21,1,8.335682,85.212498,0.9297,"[5.5143, 2.8284]","[-2.7923, 2.1327]","[""bfd05652-9331-4260-886d-1b6779ee1bfa::ceiling-raw::1:14:0""]"
c001b1ca-ea07-472d-b888-6ab457d4e7d9,0,c001b1ca-ea07-472d-b888-6ab457d4e7d9::eave-chain::0:0,3,9.744275,92.341891,-1.567053,"[-1.131987, 3.164928]","[-11.287683, 3.58026]","[""c001b1ca-ea07-472d-b888-6ab457d4e7d9::ceiling-raw::0:2:0"", ""c001b1ca-ea07-472d-b888-6ab457d4e7d9::ceiling-raw::0:3:0"", ""c001b1ca-ea07-472d-b888-6ab457d4e7d9::ceiling-raw::0:4:0""]"
c001b1ca-ea07-472d-b888-6ab457d4e7d9,0,c001b1ca-ea07-472d-b888-6ab457d4e7d9::eave-chain::0:1,1,2.138787,2.591371,-1.6523,"[-11.2858, 3.6263]","[-11.3825, 1.4897]","[""c001b1ca-ea07-472d-b888-6ab457d4e7d9::ceiling-raw::0:2:0""]"
c001b1ca-ea07-472d-b888-6ab457d4e7d9,0,c001b1ca-ea07-472d-b888-6ab457d4e7d9::eave-chain::0:2,2,3.006278,93.031054,-1.627172,"[-11.382412, 1.491356]","[-8.263405, 1.326201]","[""c001b1ca-ea07-472d-b888-6ab457d4e7d9::ceiling-raw::0:2:0"", ""c001b1ca-ea07-472d-b888-6ab457d4e7d9::ceiling-raw::0:4:0""]"
c001b1ca-ea07-472d-b888-6ab457d4e7d9,0,c001b1ca-ea07-472d-b888-6ab457d4e7d9::eave-chain::0:3,2,4.189788,2.488332,-1.616956,"[-9.365227, 1.374156]","[-9.271317, 3.535145]","[""c001b1ca-ea07-472d-b888-6ab457d4e7d9::ceiling-raw::0:2:0"", ""c001b1ca-ea07-472d-b888-6ab457d4e7d9::ceiling-raw::0:4:0""]"
c001b1ca-ea07-472d-b888-6ab457d4e7d9,0,c001b1ca-ea07-472d-b888-6ab457d4e7d9::eave-chain::0:4,1,1.574311,2.592151,-1.4944,"[-1.2017, 1.6286]","[-1.1305, 3.2013]","[""c001b1ca-ea07-472d-b888-6ab457d4e7d9::ceiling-raw::0:3:0""]"
c001b1ca-ea07-472d-b888-6ab457d4e7d9,0,c001b1ca-ea07-472d-b888-6ab457d4e7d9::eave-chain::0:5,2,3.076351,3.431252,-1.536243,"[-4.400804, 3.351422]","[-4.499734, 1.701444]","[""c001b1ca-ea07-472d-b888-6ab457d4e7d9::ceiling-raw::0:3:0"", ""c001b1ca-ea07-472d-b888-6ab457d4e7d9::ceiling-raw::0:4:0""]"
c001b1ca-ea07-472d-b888-6ab457d4e7d9,0,c001b1ca-ea07-472d-b888-6ab457d4e7d9::eave-chain::0:6,2,7.869956,92.857163,-1.458299,"[0.175541, 1.488623]","[-4.553769, 1.724654]","[""c001b1ca-ea07-472d-b888-6ab457d4e7d9::ceiling-raw::0:3:0"", ""c001b1ca-ea07-472d-b888-6ab457d4e7d9::ceiling-raw::0:5:0""]"
c001b1ca-ea07-472d-b888-6ab457d4e7d9,0,c001b1ca-ea07-472d-b888-6ab457d4e7d9::eave-chain::0:7,1,0.548965,2.599719,-1.5801,"[-8.2635, 1.3244]","[-8.2386, 1.8728]","[""c001b1ca-ea07-472d-b888-6ab457d4e7d9::ceiling-raw::0:4:0""]"
c001b1ca-ea07-472d-b888-6ab457d4e7d9,0,c001b1ca-ea07-472d-b888-6ab457d4e7d9::eave-chain::0:8,1,5.463795,92.593134,-1.4344,"[-5.3227, 0.8582]","[0.1355, 0.611]","[""c001b1ca-ea07-472d-b888-6ab457d4e7d9::ceiling-raw::0:5:0""]"
c001b1ca-ea07-472d-b888-6ab457d4e7d9,0,c001b1ca-ea07-472d-b888-6ab457d4e7d9::eave-chain::0:9,1,0.825548,2.596574,-1.4344,"[0.1355, 0.611]","[0.1729, 1.4357]","[""c001b1ca-ea07-472d-b888-6ab457d4e7d9::ceiling-raw::0:5:0""]"
c001b1ca-ea07-472d-b888-6ab457d4e7d9,1,c001b1ca-ea07-472d-b888-6ab457d4e7d9::eave-chain::1:0,2,7.506887,3.986532,0.829408,"[-4.377388, 1.649695]","[-4.639606, -2.112895]","[""c001b1ca-ea07-472d-b888-6ab457d4e7d9::ceiling-raw::1:6:0"", ""c001b1ca-ea07-472d-b888-6ab457d4e7d9::ceiling-raw::1:7:0""]"
c001b1ca-ea07-472d-b888-6ab457d4e7d9,1,c001b1ca-ea07-472d-b888-6ab457d4e7d9::eave-chain::1:1,1,3.740413,3.978226,0.8125,"[-8.1063, 1.8777]","[-8.3658, -1.8537]","[""c001b1ca-ea07-472d-b888-6ab457d4e7d9::ceiling-raw::1:6:0""]"
c001b1ca-ea07-472d-b888-6ab457d4e7d9,1,c001b1ca-ea07-472d-b888-6ab457d4e7d9::eave-chain::1:2,4,16.112328,93.476337,0.780221,"[-8.366572, -1.866402]","[5.646417, -2.717664]","[""c001b1ca-ea07-472d-b888-6ab457d4e7d9::ceiling-raw::1:6:0"", ""c001b1ca-ea07-472d-b888-6ab457d4e7d9::ceiling-raw::1:7:0"", ""c001b1ca-ea07-472d-b888-6ab457d4e7d9::ceiling-raw::1:8:0"", ""c001b1ca-ea07-472d-b888-6ab457d4e7d9::ceiling-raw::1:9:0""]"
c001b1ca-ea07-472d-b888-6ab457d4e7d9,1,c001b1ca-ea07-472d-b888-6ab457d4e7d9::eave-chain::1:3,4,6.633283,1.998732,0.799726,"[-1.487649, 1.444824]","[-1.618923, -2.316745]","[""c001b1ca-ea07-472d-b888-6ab457d4e7d9::ceiling-raw::1:7:0"", ""c001b1ca-ea07-472d-b888-6ab457d4e7d9::ceiling-raw::1:9:0""]"
c001b1ca-ea07-472d-b888-6ab457d4e7d9,1,c001b1ca-ea07-472d-b888-6ab457d4e7d9::eave-chain::1:4,2,10.469423,95.317384,0.780871,"[5.880597, 0.654647]","[-4.32534, 1.604547]","[""c001b1ca-ea07-472d-b888-6ab457d4e7d9::ceiling-raw::1:7:0"", ""c001b1ca-ea07-472d-b888-6ab457d4e7d9::ceiling-raw::1:9:0""]"
c001b1ca-ea07-472d-b888-6ab457d4e7d9,1,c001b1ca-ea07-472d-b888-6ab457d4e7d9::eave-chain::1:5,1,1.856979,3.980319,0.7215,"[0.8636, -2.4221]","[0.7347, -4.2746]","[""c001b1ca-ea07-472d-b888-6ab457d4e7d9::ceiling-raw::1:8:0""]"
c001b1ca-ea07-472d-b888-6ab457d4e7d9,1,c001b1ca-ea07-472d-b888-6ab457d4e7d9::eave-chain::1:6,1,2.242498,93.976213,0.7215,"[0.7347, -4.2746]","[2.9718, -4.4301]","[""c001b1ca-ea07-472d-b888-6ab457d4e7d9::ceiling-raw::1:8:0""]"
c001b1ca-ea07-472d-b888-6ab457d4e7d9,1,c001b1ca-ea07-472d-b888-6ab457d4e7d9::eave-chain::1:7,1,1.856872,3.977455,0.7215,"[2.9718, -4.4301]","[3.1006, -2.5777]","[""c001b1ca-ea07-472d-b888-6ab457d4e7d9::ceiling-raw::1:8:0""]"
c001b1ca-ea07-472d-b888-6ab457d4e7d9,1,c001b1ca-ea07-472d-b888-6ab457d4e7d9::eave-chain::1:8,1,3.387661,3.977769,0.7552,"[5.6467, -2.713]","[5.8817, 0.6665]","[""c001b1ca-ea07-472d-b888-6ab457d4e7d9::ceiling-raw::1:9:0""]"
c2800052-b0e7-4c30-a881-f813cb0b2043,0,c2800052-b0e7-4c30-a881-f813cb0b2043::eave-chain::0:0,1,4.071725,17.582773,-1.6509,"[2.2883, -8.4637]","[3.5183, -4.5822]","[""c2800052-b0e7-4c30-a881-f813cb0b2043::ceiling-raw::0:0:0""]"
c2800052-b0e7-4c30-a881-f813cb0b2043,0,c2800052-b0e7-4c30-a881-f813cb0b2043::eave-chain::0:1,2,5.501738,107.346121,-1.726773,"[3.538343, -4.552453]","[0.344229, -3.554776]","[""c2800052-b0e7-4c30-a881-f813cb0b2043::ceiling-raw::0:0:0"", ""c2800052-b0e7-4c30-a881-f813cb0b2043::ceiling-raw::0:1:0""]"
c2800052-b0e7-4c30-a881-f813cb0b2043,0,c2800052-b0e7-4c30-a881-f813cb0b2043::eave-chain::0:2,1,4.07166,17.58454,-1.6509,"[0.3381, -3.5744]","[-0.892, -7.4558]","[""c2800052-b0e7-4c30-a881-f813cb0b2043::ceiling-raw::0:0:0""]"
c2800052-b0e7-4c30-a881-f813cb0b2043,0,c2800052-b0e7-4c30-a881-f813cb0b2043::eave-chain::0:3,1,3.336191,107.584439,-1.6509,"[-0.892, -7.4558]","[2.2883, -8.4637]","[""c2800052-b0e7-4c30-a881-f813cb0b2043::ceiling-raw::0:0:0""]"
c2800052-b0e7-4c30-a881-f813cb0b2043,0,c2800052-b0e7-4c30-a881-f813cb0b2043::eave-chain::0:4,2,2.923457,16.66044,-1.69331,"[4.196233, -2.454954]","[5.062188, 0.438681]","[""c2800052-b0e7-4c30-a881-f813cb0b2043::ceiling-raw::0:1:0"", ""c2800052-b0e7-4c30-a881-f813cb0b2043::ceiling-raw::0:2:0""]"
c2800052-b0e7-4c30-a881-f813cb0b2043,0,c2800052-b0e7-4c30-a881-f813cb0b2043::eave-chain::0:5,2,4.207179,107.755493,-1.704002,"[2.33226, -0.94091]","[4.466407, -1.624282]","[""c2800052-b0e7-4c30-a881-f813cb0b2043::ceiling-raw::0:1:0"", ""c2800052-b0e7-4c30-a881-f813cb0b2043::ceiling-raw::0:2:0""]"
c2800052-b0e7-4c30-a881-f813cb0b2043,0,c2800052-b0e7-4c30-a881-f813cb0b2043::eave-chain::0:6,3,6.573139,105.995276,-1.762098,"[5.079564, 0.485616]","[-1.34181, 2.326342]","[""c2800052-b0e7-4c30-a881-f813cb0b2043::ceiling-raw::0:2:0"", ""c2800052-b0e7-4c30-a881-f813cb0b2043::ceiling-raw::0:3:0""]"
c2800052-b0e7-4c30-a881-f813cb0b2043,0,c2800052-b0e7-4c30-a881-f813cb0b2043::eave-chain::0:7,2,3.193334,16.291642,-1.681706,"[1.879644, 1.459206]","[1.045486, -1.394936]","[""c2800052-b0e7-4c30-a881-f813cb0b2043::ceiling-raw::0:2:0"", ""c2800052-b0e7-4c30-a881-f813cb0b2043::ceiling-raw::0:3:0""]"
c2800052-b0e7-4c30-a881-f813cb0b2043,0,c2800052-b0e7-4c30-a881-f813cb0b2043::eave-chain::0:8,2,1.992296,25.396158,-1.8555,"[-1.046138, 2.397986]","[-1.912712, 0.572669]","[""c2800052-b0e7-4c30-a881-f813cb0b2043::ceiling-raw::0:3:0""]"
c2800052-b0e7-4c30-a881-f813cb0b2043,0,c2800052-b0e7-4c30-a881-f813cb0b2043::eave-chain::0:9,2,6.875956,76.782287,-1.8555,"[-1.5695, 0.4615]","[1.7774, 1.2476]","[""c2800052-b0e7-4c30-a881-f813cb0b2043::ceiling-raw::0:3:0"", ""c2800052-b0e7-4c30-a881-f813cb0b2043::ceiling-raw::0:3:1""]"
c2800052-b0e7-4c30-a881-f813cb0b2043,0,c2800052-b0e7-4c30-a881-f813cb0b2043::eave-chain::0:10,1,3.684364,17.584651,-1.6751,"[-3.7249, -1.1677]","[-4.838, -4.6799]","[""c2800052-b0e7-4c30-a881-f813cb0b2043::ceiling-raw::0:5:0""]"
c2800052-b0e7-4c30-a881-f813cb0b2043,0,c2800052-b0e7-4c30-a881-f813cb0b2043::eave-chain::0:11,1,0.534845,147.86403,-1.6751,"[-4.838, -4.6799]","[-4.5535, -5.1328]","[""c2800052-b0e7-4c30-a881-f813cb0b2043::ceiling-raw::0:5:0""]"
c2800052-b0e7-4c30-a881-f813cb0b2043,0,c2800052-b0e7-4c30-a881-f813cb0b2043::eave-chain::0:12,1,3.204752,107.58461,-1.6751,"[-4.5535, -5.1328]","[-1.4985, -6.101]","[""c2800052-b0e7-4c30-a881-f813cb0b2043::ceiling-raw::0:5:0""]"
c2800052-b0e7-4c30-a881-f813cb0b2043,0,c2800052-b0e7-4c30-a881-f813cb0b2043::eave-chain::0:13,1,4.030134,17.585219,-1.6751,"[-1.4985, -6.101]","[-0.2809, -2.2592]","[""c2800052-b0e7-4c30-a881-f813cb0b2043::ceiling-raw::0:5:0""]"
c2800052-b0e7-4c30-a881-f813cb0b2043,0,c2800052-b0e7-4c30-a881-f813cb0b2043::eave-chain::0:14,1,3.612826,107.584866,-1.6751,"[-0.2809, -2.2592]","[-3.7249, -1.1677]","[""c2800052-b0e7-4c30-a881-f813cb0b2043::ceiling-raw::0:5:0""]"
c2800052-b0e7-4c30-a881-f813cb0b2043,0,c2800052-b0e7-4c30-a881-f813cb0b2043::eave-chain::0:15,1,1.146864,107.580229,-2.6295,"[-1.402, 2.5113]","[-2.4953, 2.8577]","[""c2800052-b0e7-4c30-a881-f813cb0b2043::ceiling-raw::0:6:0""]"
c2800052-b0e7-4c30-a881-f813cb0b2043,0,c2800052-b0e7-4c30-a881-f813cb0b2043::eave-chain::0:16,2,3.91745,17.453752,-2.589682,"[-2.495501, 2.857763]","[-3.707456, -0.996914]","[""c2800052-b0e7-4c30-a881-f813cb0b2043::ceiling-raw::0:4:5"", ""c2800052-b0e7-4c30-a881-f813cb0b2043::ceiling-raw::0:6:0""]"
c2800052-b0e7-4c30-a881-f813cb0b2043,0,c2800052-b0e7-4c30-a881-f813cb0b2043::eave-chain::0:17,1,1.146799,107.586501,-2.6295,"[-3.1164, 0.8977]","[-2.0232, 0.5512]","[""c2800052-b0e7-4c30-a881-f813cb0b2043::ceiling-raw::0:6:0""]"
c2800052-b0e7-4c30-a881-f813cb0b2043,0,c2800052-b0e7-4c30-a881-f813cb0b2043::eave-chain::0:18,1,2.056181,17.584586,-2.6295,"[-2.0232, 0.5512]","[-1.402, 2.5113]","[""c2800052-b0e7-4c30-a881-f813cb0b2043::ceiling-raw::0:6:0""]"
c2800052-b0e7-4c30-a881-f813cb0b2043,2,c2800052-b0e7-4c30-a881-f813cb0b2043::eave-chain::2:0,2,9.006432,17.438052,1.039044,"[-0.262137, -2.215201]","[-1.844889, -7.254037]","[""c2800052-b0e7-4c30-a881-f813cb0b2043::ceiling-raw::2:10:0"", ""c2800052-b0e7-4c30-a881-f813cb0b2043::ceiling-raw::2:9:0""]"
c2800052-b0e7-4c30-a881-f813cb0b2043,2,c2800052-b0e7-4c30-a881-f813cb0b2043::eave-chain::2:1,1,3.654542,107.583166,1.0402,"[-0.2892, -2.2067]","[-3.773, -1.1027]","[""c2800052-b0e7-4c30-a881-f813cb0b2043::ceiling-raw::2:9:0""]"
c2800052-b0e7-4c30-a881-f813cb0b2043,2,c2800052-b0e7-4c30-a881-f813cb0b2043::eave-chain::2:2,1,4.05044,17.583216,1.0402,"[-3.773, -1.1027]","[-4.9966, -4.9639]","[""c2800052-b0e7-4c30-a881-f813cb0b2043::ceiling-raw::2:9:0""]"
c2800052-b0e7-4c30-a881-f813cb0b2043,2,c2800052-b0e7-4c30-a881-f813cb0b2043::eave-chain::2:3,1,3.654447,107.58364,1.0402,"[-4.9966, -4.9639]","[-1.5129, -6.0679]","[""c2800052-b0e7-4c30-a881-f813cb0b2043::ceiling-raw::2:9:0""]"
c2800052-b0e7-4c30-a881-f813cb0b2043,2,c2800052-b0e7-4c30-a881-f813cb0b2043::eave-chain::2:4,2,7.620886,106.93239,1.059758,"[5.080215, 0.492151]","[-2.316059, 2.743879]","[""c2800052-b0e7-4c30-a881-f813cb0b2043::ceiling-raw::2:10:0"", ""c2800052-b0e7-4c30-a881-f813cb0b2043::ceiling-raw::2:11:0""]"
c2800052-b0e7-4c30-a881-f813cb0b2043,2,c2800052-b0e7-4c30-a881-f813cb0b2043::eave-chain::2:5,2,7.058919,17.18314,1.051969,"[1.827647, 1.524893]","[0.491576, -2.795755]","[""c2800052-b0e7-4c30-a881-f813cb0b2043::ceiling-raw::2:10:0"", ""c2800052-b0e7-4c30-a881-f813cb0b2043::ceiling-raw::2:11:0""]"
c2800052-b0e7-4c30-a881-f813cb0b2043,2,c2800052-b0e7-4c30-a881-f813cb0b2043::eave-chain::2:6,1,4.23406,107.585063,1.0381,"[-1.8189, -7.2622]","[2.2173, -8.5414]","[""c2800052-b0e7-4c30-a881-f813cb0b2043::ceiling-raw::2:10:0""]"
c2800052-b0e7-4c30-a881-f813cb0b2043,2,c2800052-b0e7-4c30-a881-f813cb0b2043::eave-chain::2:7,1,9.478707,17.584302,1.0381,"[2.2173, -8.5414]","[5.0809, 0.4944]","[""c2800052-b0e7-4c30-a881-f813cb0b2043::ceiling-raw::2:10:0""]"
c2800052-b0e7-4c30-a881-f813cb0b2043,2,c2800052-b0e7-4c30-a881-f813cb0b2043::eave-chain::2:8,1,2.027338,17.585,1.0767,"[-2.3152, 2.7467]","[-2.9277, 0.8141]","[""c2800052-b0e7-4c30-a881-f813cb0b2043::ceiling-raw::2:11:0""]"
c2800052-b0e7-4c30-a881-f813cb0b2043,2,c2800052-b0e7-4c30-a881-f813cb0b2043::eave-chain::2:9,1,2.366246,107.582685,1.0767,"[-2.9277, 0.8141]","[-0.672, 0.0993]","[""c2800052-b0e7-4c30-a881-f813cb0b2043::ceiling-raw::2:11:0""]"
c3ddcac0-827d-48dc-9223-4b219d874fa5,0,c3ddcac0-827d-48dc-9223-4b219d874fa5::eave-chain::0:0,2,9.01388,73.699028,-1.48949,"[6.606447, -1.548509]","[1.733407, -2.973576]","[""c3ddcac0-827d-48dc-9223-4b219d874fa5::ceiling-raw::0:0:0"", ""c3ddcac0-827d-48dc-9223-4b219d874fa5::ceiling-raw::0:1:0""]"
c3ddcac0-827d-48dc-9223-4b219d874fa5,0,c3ddcac0-827d-48dc-9223-4b219d874fa5::eave-chain::0:1,2,9.39912,164.080766,-1.48945,"[-1.242213, 1.927438]","[1.346941, -7.150291]","[""c3ddcac0-827d-48dc-9223-4b219d874fa5::ceiling-raw::0:0:0"", ""c3ddcac0-827d-48dc-9223-4b219d874fa5::ceiling-raw::0:2:0""]"
c3ddcac0-827d-48dc-9223-4b219d874fa5,0,c3ddcac0-827d-48dc-9223-4b219d874fa5::eave-chain::0:2,1,6.62516,73.725785,-1.514,"[1.3406, -7.1521]","[7.7003, -5.2955]","[""c3ddcac0-827d-48dc-9223-4b219d874fa5::ceiling-raw::0:0:0""]"
c3ddcac0-827d-48dc-9223-4b219d874fa5,0,c3ddcac0-827d-48dc-9223-4b219d874fa5::eave-chain::0:3,1,3.912464,163.725912,-1.514,"[7.7003, -5.2955]","[6.6039, -1.5398]","[""c3ddcac0-827d-48dc-9223-4b219d874fa5::ceiling-raw::0:0:0""]"
c3ddcac0-827d-48dc-9223-4b219d874fa5,0,c3ddcac0-827d-48dc-9223-4b219d874fa5::eave-chain::0:4,2,4.412528,73.738549,-1.4584,"[4.9848, 0.0699]","[2.8668, -0.5479]","[""c3ddcac0-827d-48dc-9223-4b219d874fa5::ceiling-raw::0:1:0"", ""c3ddcac0-827d-48dc-9223-4b219d874fa5::ceiling-raw::0:1:3""]"
c3ddcac0-827d-48dc-9223-4b219d874fa5,0,c3ddcac0-827d-48dc-9223-4b219d874fa5::eave-chain::0:5,2,5.566772,163.739859,-1.4584,"[5.550477, -1.869507]","[3.991787, 3.474596]","[""c3ddcac0-827d-48dc-9223-4b219d874fa5::ceiling-raw::0:1:0"", ""c3ddcac0-827d-48dc-9223-4b219d874fa5::ceiling-raw::0:1:3""]"
c3ddcac0-827d-48dc-9223-4b219d874fa5,0,c3ddcac0-827d-48dc-9223-4b219d874fa5::eave-chain::0:6,1,2.940287,152.905093,-1.4584,"[0.1773, 2.362]","[1.5165, -0.2556]","[""c3ddcac0-827d-48dc-9223-4b219d874fa5::ceiling-raw::0:1:3""]"
c3ddcac0-827d-48dc-9223-4b219d874fa5,0,c3ddcac0-827d-48dc-9223-4b219d874fa5::eave-chain::0:7,2,5.401664,73.551686,-1.46345,"[3.991444, 3.475806]","[-1.246366, 1.929434]","[""c3ddcac0-827d-48dc-9223-4b219d874fa5::ceiling-raw::0:1:3"", ""c3ddcac0-827d-48dc-9223-4b219d874fa5::ceiling-raw::0:2:0""]"
c3ddcac0-827d-48dc-9223-4b219d874fa5,0,c3ddcac0-827d-48dc-9223-4b219d874fa5::eave-chain::0:8,2,9.211492,163.944778,-1.471508,"[1.910768, -3.737866]","[0.156978, 2.356152]","[""c3ddcac0-827d-48dc-9223-4b219d874fa5::ceiling-raw::0:1:4"", ""c3ddcac0-827d-48dc-9223-4b219d874fa5::ceiling-raw::0:2:0""]"
c3ddcac0-827d-48dc-9223-4b219d874fa5,1,c3ddcac0-827d-48dc-9223-4b219d874fa5::eave-chain::1:0,1,0.311201,73.574095,1.1163,"[5.9062, -1.7121]","[5.6077, -1.8001]","[""c3ddcac0-827d-48dc-9223-4b219d874fa5::ceiling-raw::1:3:0""]"
c3ddcac0-827d-48dc-9223-4b219d874fa5,1,c3ddcac0-827d-48dc-9223-4b219d874fa5::eave-chain::1:1,2,4.926134,164.636027,1.093274,"[5.607247, -1.800224]","[4.127999, 3.58337]","[""c3ddcac0-827d-48dc-9223-4b219d874fa5::ceiling-raw::1:3:0"", ""c3ddcac0-827d-48dc-9223-4b219d874fa5::ceiling-raw::1:7:0""]"
c3ddcac0-827d-48dc-9223-4b219d874fa5,1,c3ddcac0-827d-48dc-9223-4b219d874fa5::eave-chain::1:2,1,3.96051,73.565557,1.1163,"[5.0285, 0.1635]","[1.2298, -0.957]","[""c3ddcac0-827d-48dc-9223-4b219d874fa5::ceiling-raw::1:3:0""]"
c3ddcac0-827d-48dc-9223-4b219d874fa5,1,c3ddcac0-827d-48dc-9223-4b219d874fa5::eave-chain::1:3,2,7.178793,163.687259,1.110739,"[0.255697, -3.394278]","[1.357262, -7.158229]","[""c3ddcac0-827d-48dc-9223-4b219d874fa5::ceiling-raw::1:3:0"", ""c3ddcac0-827d-48dc-9223-4b219d874fa5::ceiling-raw::1:4:0""]"
c3ddcac0-827d-48dc-9223-4b219d874fa5,1,c3ddcac0-827d-48dc-9223-4b219d874fa5::eave-chain::1:4,2,10.009402,73.480738,1.111434,"[-2.508936, -8.297603]","[7.167513, -5.427769]","[""c3ddcac0-827d-48dc-9223-4b219d874fa5::ceiling-raw::1:3:0"", ""c3ddcac0-827d-48dc-9223-4b219d874fa5::ceiling-raw::1:4:0""]"
c3ddcac0-827d-48dc-9223-4b219d874fa5,1,c3ddcac0-827d-48dc-9223-4b219d874fa5::eave-chain::1:5,1,3.921378,163.46212,0.8407,"[7.8965, -5.2134]","[6.7803, -1.4543]","[""c3ddcac0-827d-48dc-9223-4b219d874fa5::ceiling-raw::1:3:1""]"
c3ddcac0-827d-48dc-9223-4b219d874fa5,1,c3ddcac0-827d-48dc-9223-4b219d874fa5::eave-chain::1:6,1,2.092174,73.56595,1.1041,"[-2.3067, -1.5879]","[-4.3134, -2.1798]","[""c3ddcac0-827d-48dc-9223-4b219d874fa5::ceiling-raw::1:4:0""]"
c3ddcac0-827d-48dc-9223-4b219d874fa5,1,c3ddcac0-827d-48dc-9223-4b219d874fa5::eave-chain::1:7,1,6.379201,163.566413,1.1041,"[-4.3134, -2.1798]","[-2.5087, -8.2984]","[""c3ddcac0-827d-48dc-9223-4b219d874fa5::ceiling-raw::1:4:0""]"
c3ddcac0-827d-48dc-9223-4b219d874fa5,1,c3ddcac0-827d-48dc-9223-4b219d874fa5::eave-chain::1:8,2,3.991966,163.543102,1.079069,"[-1.195658, 2.038001]","[-0.625338, 0.107301]","[""c3ddcac0-827d-48dc-9223-4b219d874fa5::ceiling-raw::1:6:0"", ""c3ddcac0-827d-48dc-9223-4b219d874fa5::ceiling-raw::1:9:0""]"
c3ddcac0-827d-48dc-9223-4b219d874fa5,1,c3ddcac0-827d-48dc-9223-4b219d874fa5::eave-chain::1:9,3,9.498731,73.721889,1.081529,"[4.119648, 3.582748]","[-5.157158, 0.873867]","[""c3ddcac0-827d-48dc-9223-4b219d874fa5::ceiling-raw::1:6:0"", ""c3ddcac0-827d-48dc-9223-4b219d874fa5::ceiling-raw::1:7:0"", ""c3ddcac0-827d-48dc-9223-4b219d874fa5::ceiling-raw::1:9:0""]"
c3ddcac0-827d-48dc-9223-4b219d874fa5,1,c3ddcac0-827d-48dc-9223-4b219d874fa5::eave-chain::1:10,1,1.982377,163.567073,1.0911,"[-5.156, 0.8699]","[-4.5952, -1.0315]","[""c3ddcac0-827d-48dc-9223-4b219d874fa5::ceiling-raw::1:6:0""]"
c3ddcac0-827d-48dc-9223-4b219d874fa5,1,c3ddcac0-827d-48dc-9223-4b219d874fa5::eave-chain::1:11,1,4.081007,73.566883,1.0911,"[-4.5952, -1.0315]","[-0.6809, 0.123]","[""c3ddcac0-827d-48dc-9223-4b219d874fa5::ceiling-raw::1:6:0""]"
c3ddcac0-827d-48dc-9223-4b219d874fa5,1,c3ddcac0-827d-48dc-9223-4b219d874fa5::eave-chain::1:12,2,4.888539,163.284393,1.072912,"[0.261373, 2.46423]","[1.09529, -0.312611]","[""c3ddcac0-827d-48dc-9223-4b219d874fa5::ceiling-raw::1:7:0"", ""c3ddcac0-827d-48dc-9223-4b219d874fa5::ceiling-raw::1:9:0""]"
c3ddcac0-827d-48dc-9223-4b219d874fa5,1,c3ddcac0-827d-48dc-9223-4b219d874fa5::eave-chain::1:13,1,3.97665,73.566553,1.0769,"[1.1203, -0.3051]","[4.9345, 0.8199]","[""c3ddcac0-827d-48dc-9223-4b219d874fa5::ceiling-raw::1:7:0""]"
c72ad855-9e52-46f1-886d-a9f37911521f,0,c72ad855-9e52-46f1-886d-a9f37911521f::eave-chain::0:0,1,2.000632,173.925786,-1.7597,"[-2.5417, -4.0381]","[-2.7534, -2.0487]","[""c72ad855-9e52-46f1-886d-a9f37911521f::ceiling-raw::0:1:0""]"
c72ad855-9e52-46f1-886d-a9f37911521f,0,c72ad855-9e52-46f1-886d-a9f37911521f::eave-chain::0:1,1,2.000667,174.423909,-1.7597,"[-4.4955, -2.2187]","[-4.3011, -4.2099]","[""c72ad855-9e52-46f1-886d-a9f37911521f::ceiling-raw::0:1:0""]"
c72ad855-9e52-46f1-886d-a9f37911521f,0,c72ad855-9e52-46f1-886d-a9f37911521f::eave-chain::0:2,1,1.767768,84.422924,-1.7597,"[-4.3011, -4.2099]","[-2.5417, -4.0381]","[""c72ad855-9e52-46f1-886d-a9f37911521f::ceiling-raw::0:1:0""]"
c72ad855-9e52-46f1-886d-a9f37911521f,0,c72ad855-9e52-46f1-886d-a9f37911521f::eave-chain::0:3,2,15.5446,84.185909,-1.726108,"[-10.347451, -2.792778]","[1.537827, -1.582562]","[""c72ad855-9e52-46f1-886d-a9f37911521f::ceiling-raw::0:2:0"", ""c72ad855-9e52-46f1-886d-a9f37911521f::ceiling-raw::0:5:1""]"
c72ad855-9e52-46f1-886d-a9f37911521f,0,c72ad855-9e52-46f1-886d-a9f37911521f::eave-chain::0:4,2,5.922228,174.191912,-1.604974,"[-10.738203, 1.117739]","[-10.134649, -4.815807]","[""c72ad855-9e52-46f1-886d-a9f37911521f::ceiling-raw::0:2:0"", ""c72ad855-9e52-46f1-886d-a9f37911521f::ceiling-raw::0:5:0""]"
c72ad855-9e52-46f1-886d-a9f37911521f,0,c72ad855-9e52-46f1-886d-a9f37911521f::eave-chain::0:5,1,3.597846,84.290991,-1.7434,"[-10.1336, -4.8157]","[-6.5536, -4.4578]","[""c72ad855-9e52-46f1-886d-a9f37911521f::ceiling-raw::0:2:0""]"
c72ad855-9e52-46f1-886d-a9f37911521f,0,c72ad855-9e52-46f1-886d-a9f37911521f::eave-chain::0:6,1,2.020324,174.290253,-1.7434,"[-6.5536, -4.4578]","[-6.7546, -2.4475]","[""c72ad855-9e52-46f1-886d-a9f37911521f::ceiling-raw::0:2:0""]"
c72ad855-9e52-46f1-886d-a9f37911521f,0,c72ad855-9e52-46f1-886d-a9f37911521f::eave-chain::0:7,1,5.445388,96.235034,-1.58095,"[-3.8754, -0.985]","[1.5377, -1.5764]","[""c72ad855-9e52-46f1-886d-a9f37911521f::ceiling-raw::0:5:0""]"
c72ad855-9e52-46f1-886d-a9f37911521f,0,c72ad855-9e52-46f1-886d-a9f37911521f::eave-chain::0:8,1,3.901894,174.29306,-1.58515,"[1.5377, -1.5764]","[1.1497, 2.3061]","[""c72ad855-9e52-46f1-886d-a9f37911521f::ceiling-raw::0:5:0""]"
c72ad855-9e52-46f1-886d-a9f37911521f,0,c72ad855-9e52-46f1-886d-a9f37911521f::eave-chain::0:9,1,5.436092,72.823034,-1.5661,"[1.1497, 2.3061]","[-4.0439, 0.7007]","[""c72ad855-9e52-46f1-886d-a9f37911521f::ceiling-raw::0:5:0""]"
c72ad855-9e52-46f1-886d-a9f37911521f,0,c72ad855-9e52-46f1-886d-a9f37911521f::eave-chain::0:10,1,5.796771,95.037557,-1.53815,"[-4.9633, 0.6088]","[-10.7376, 1.1178]","[""c72ad855-9e52-46f1-886d-a9f37911521f::ceiling-raw::0:5:0""]"
c72ad855-9e52-46f1-886d-a9f37911521f,0,c72ad855-9e52-46f1-886d-a9f37911521f::eave-chain::0:11,1,6.7143,74.629323,-1.55505,"[-10.3495, -2.7647]","[-3.8754, -0.985]","[""c72ad855-9e52-46f1-886d-a9f37911521f::ceiling-raw::0:5:0""]"
c72ad855-9e52-46f1-886d-a9f37911521f,0,c72ad855-9e52-46f1-886d-a9f37911521f::eave-chain::0:12,1,11.946745,84.291554,-1.7209,"[1.1491, 2.306]","[-10.7384, 1.1177]","[""c72ad855-9e52-46f1-886d-a9f37911521f::ceiling-raw::0:5:2""]"
c72ad855-9e52-46f1-886d-a9f37911521f,1,c72ad855-9e52-46f1-886d-a9f37911521f::eave-chain::1:0,2,1.976382,173.845081,0.843041,"[1.732044, -1.653695]","[1.510522, 0.400502]","[""c72ad855-9e52-46f1-886d-a9f37911521f::ceiling-raw::1:6:0"", ""c72ad855-9e52-46f1-886d-a9f37911521f::ceiling-raw::1:9:0""]"
c72ad855-9e52-46f1-886d-a9f37911521f,1,c72ad855-9e52-46f1-886d-a9f37911521f::eave-chain::1:1,2,6.394219,83.925607,0.842463,"[-1.679702, -1.272064]","[1.652781, -0.917431]","[""c72ad855-9e52-46f1-886d-a9f37911521f::ceiling-raw::1:6:0"", ""c72ad855-9e52-46f1-886d-a9f37911521f::ceiling-raw::1:9:0""]"
c72ad855-9e52-46f1-886d-a9f37911521f,1,c72ad855-9e52-46f1-886d-a9f37911521f::eave-chain::1:2,3,11.605267,84.06511,-0.717227,"[-8.814336, -4.0571]","[1.871368, -2.946263]","[""c72ad855-9e52-46f1-886d-a9f37911521f::ceiling-raw::1:6:1"", ""c72ad855-9e52-46f1-886d-a9f37911521f::ceiling-raw::1:7:1"", ""c72ad855-9e52-46f1-886d-a9f37911521f::ceiling-raw::1:8:0""]"
c72ad855-9e52-46f1-886d-a9f37911521f,1,c72ad855-9e52-46f1-886d-a9f37911521f::eave-chain::1:3,1,3.351099,83.994574,-0.7101,"[1.3676, 1.7269]","[-1.9651, 1.3763]","[""c72ad855-9e52-46f1-886d-a9f37911521f::ceiling-raw::1:9:1""]"
c7898e89-b45b-47f3-96b7-8c1fa96ef9fd,0,c7898e89-b45b-47f3-96b7-8c1fa96ef9fd::eave-chain::0:0,2,8.039431,66.12412,-1.413618,"[4.691408, -0.9937]","[-0.327558, -3.215273]","[""c7898e89-b45b-47f3-96b7-8c1fa96ef9fd::ceiling-raw::0:2:0"", ""c7898e89-b45b-47f3-96b7-8c1fa96ef9fd::ceiling-raw::0:3:0""]"
c7898e89-b45b-47f3-96b7-8c1fa96ef9fd,0,c7898e89-b45b-47f3-96b7-8c1fa96ef9fd::eave-chain::0:1,1,3.595655,156.339418,-1.3566,"[-0.3225, -3.2267]","[1.1205, -6.5201]","[""c7898e89-b45b-47f3-96b7-8c1fa96ef9fd::ceiling-raw::0:2:0""]"
c7898e89-b45b-47f3-96b7-8c1fa96ef9fd,0,c7898e89-b45b-47f3-96b7-8c1fa96ef9fd::eave-chain::0:2,1,4.700712,66.340472,-1.3566,"[1.1205, -6.5201]","[5.4261, -4.6337]","[""c7898e89-b45b-47f3-96b7-8c1fa96ef9fd::ceiling-raw::0:2:0""]"
c7898e89-b45b-47f3-96b7-8c1fa96ef9fd,0,c7898e89-b45b-47f3-96b7-8c1fa96ef9fd::eave-chain::0:3,1,3.595615,156.340877,-1.3566,"[5.4261, -4.6337]","[3.9832, -1.3403]","[""c7898e89-b45b-47f3-96b7-8c1fa96ef9fd::ceiling-raw::0:2:0""]"
c7898e89-b45b-47f3-96b7-8c1fa96ef9fd,0,c7898e89-b45b-47f3-96b7-8c1fa96ef9fd::eave-chain::0:4,1,3.338627,66.340356,-1.4939,"[3.3035, 2.174]","[0.2455, 0.8342]","[""c7898e89-b45b-47f3-96b7-8c1fa96ef9fd::ceiling-raw::0:3:0""]"
c7898e89-b45b-47f3-96b7-8c1fa96ef9fd,0,c7898e89-b45b-47f3-96b7-8c1fa96ef9fd::eave-chain::0:5,1,3.443321,156.34061,-1.4939,"[4.6853, -0.9799]","[3.3035, 2.174]","[""c7898e89-b45b-47f3-96b7-8c1fa96ef9fd::ceiling-raw::0:3:0""]"
c7898e89-b45b-47f3-96b7-8c1fa96ef9fd,1,c7898e89-b45b-47f3-96b7-8c1fa96ef9fd::eave-chain::1:0,2,3.968104,67.049701,2.2095,"[0.370496, 0.273209]","[-1.748301, -0.623998]","[""c7898e89-b45b-47f3-96b7-8c1fa96ef9fd::ceiling-raw::1:5:7"", ""c7898e89-b45b-47f3-96b7-8c1fa96ef9fd::ceiling-raw::1:5:9""]"
c7898e89-b45b-47f3-96b7-8c1fa96ef9fd,1,c7898e89-b45b-47f3-96b7-8c1fa96ef9fd::eave-chain::1:1,1,2.803752,144.786826,1.1445,"[-0.6927, 2.7983]","[0.924, 0.5076]","[""c7898e89-b45b-47f3-96b7-8c1fa96ef9fd::ceiling-raw::1:5:14""]"
c7f2456f-91fe-4aaa-a9ba-d886ec8e0648,0,c7f2456f-91fe-4aaa-a9ba-d886ec8e0648::eave-chain::0:0,1,5.24741,179.628756,1.1139,"[-0.8612, 8.0841]","[-0.8272, 2.8368]","[""c7f2456f-91fe-4aaa-a9ba-d886ec8e0648::ceiling-raw::0:0:0""]"
c7f2456f-91fe-4aaa-a9ba-d886ec8e0648,0,c7f2456f-91fe-4aaa-a9ba-d886ec8e0648::eave-chain::0:1,1,2.642855,89.629278,1.1139,"[-0.8272, 2.8368]","[1.8156, 2.8539]","[""c7f2456f-91fe-4aaa-a9ba-d886ec8e0648::ceiling-raw::0:0:0""]"
c7f2456f-91fe-4aaa-a9ba-d886ec8e0648,0,c7f2456f-91fe-4aaa-a9ba-d886ec8e0648::eave-chain::0:2,3,9.693857,89.478728,1.111972,"[-0.504034, 0.140676]","[5.59105, 0.19613]","[""c7f2456f-91fe-4aaa-a9ba-d886ec8e0648::ceiling-raw::0:0:0"", ""c7f2456f-91fe-4aaa-a9ba-d886ec8e0648::ceiling-raw::0:1:1"", ""c7f2456f-91fe-4aaa-a9ba-d886ec8e0648::ceiling-raw::0:2:0""]"
c7f2456f-91fe-4aaa-a9ba-d886ec8e0648,0,c7f2456f-91fe-4aaa-a9ba-d886ec8e0648::eave-chain::0:3,4,15.569327,179.741721,1.111233,"[5.597823, -7.621708]","[5.526836, 8.125542]","[""c7f2456f-91fe-4aaa-a9ba-d886ec8e0648::ceiling-raw::0:0:0"", ""c7f2456f-91fe-4aaa-a9ba-d886ec8e0648::ceiling-raw::0:2:0"", ""c7f2456f-91fe-4aaa-a9ba-d886ec8e0648::ceiling-raw::0:3:0"", ""c7f2456f-91fe-4aaa-a9ba-d886ec8e0648::ceiling-raw::0:4:0""]"
c7f2456f-91fe-4aaa-a9ba-d886ec8e0648,0,c7f2456f-91fe-4aaa-a9ba-d886ec8e0648::eave-chain::0:4,1,6.400935,89.628524,1.1139,"[5.5396, 8.1256]","[-0.8612, 8.0841]","[""c7f2456f-91fe-4aaa-a9ba-d886ec8e0648::ceiling-raw::0:0:0""]"
c7f2456f-91fe-4aaa-a9ba-d886ec8e0648,0,c7f2456f-91fe-4aaa-a9ba-d886ec8e0648::eave-chain::0:5,3,7.612835,1.532568,1.105672,"[-0.604144, 0.139579]","[-0.812174, -7.635863]","[""c7f2456f-91fe-4aaa-a9ba-d886ec8e0648::ceiling-raw::0:1:1"", ""c7f2456f-91fe-4aaa-a9ba-d886ec8e0648::ceiling-raw::0:5:0"", ""c7f2456f-91fe-4aaa-a9ba-d886ec8e0648::ceiling-raw::0:6:0""]"
c7f2456f-91fe-4aaa-a9ba-d886ec8e0648,0,c7f2456f-91fe-4aaa-a9ba-d886ec8e0648::eave-chain::0:6,2,2.459437,89.219949,1.097424,"[0.556346, -1.642714]","[-0.851617, -1.661884]","[""c7f2456f-91fe-4aaa-a9ba-d886ec8e0648::ceiling-raw::0:1:1"", ""c7f2456f-91fe-4aaa-a9ba-d886ec8e0648::ceiling-raw::0:6:0""]"
c7f2456f-91fe-4aaa-a9ba-d886ec8e0648,0,c7f2456f-91fe-4aaa-a9ba-d886ec8e0648::eave-chain::0:7,2,5.384612,89.623466,1.121738,"[5.554632, -2.403345]","[2.850033, -2.421119]","[""c7f2456f-91fe-4aaa-a9ba-d886ec8e0648::ceiling-raw::0:2:0"", ""c7f2456f-91fe-4aaa-a9ba-d886ec8e0648::ceiling-raw::0:3:0""]"
c7f2456f-91fe-4aaa-a9ba-d886ec8e0648,0,c7f2456f-91fe-4aaa-a9ba-d886ec8e0648::eave-chain::0:8,2,6.614339,89.438648,1.097211,"[5.604814, -5.026312]","[1.695242, -5.064617]","[""c7f2456f-91fe-4aaa-a9ba-d886ec8e0648::ceiling-raw::0:3:0"", ""c7f2456f-91fe-4aaa-a9ba-d886ec8e0648::ceiling-raw::0:4:0""]"
c7f2456f-91fe-4aaa-a9ba-d886ec8e0648,0,c7f2456f-91fe-4aaa-a9ba-d886ec8e0648::eave-chain::0:9,2,6.086528,179.490814,1.101258,"[1.692731, -7.647172]","[1.661139, -4.092339]","[""c7f2456f-91fe-4aaa-a9ba-d886ec8e0648::ceiling-raw::0:4:0"", ""c7f2456f-91fe-4aaa-a9ba-d886ec8e0648::ceiling-raw::0:5:0""]"
c7f2456f-91fe-4aaa-a9ba-d886ec8e0648,0,c7f2456f-91fe-4aaa-a9ba-d886ec8e0648::eave-chain::0:10,2,6.296732,89.844385,1.094585,"[-0.721095, -7.64003]","[5.621803, -7.622802]","[""c7f2456f-91fe-4aaa-a9ba-d886ec8e0648::ceiling-raw::0:4:0"", ""c7f2456f-91fe-4aaa-a9ba-d886ec8e0648::ceiling-raw::0:5:0""]"
c7f2456f-91fe-4aaa-a9ba-d886ec8e0648,0,c7f2456f-91fe-4aaa-a9ba-d886ec8e0648::eave-chain::0:11,2,4.892602,89.65678,1.105265,"[-0.835844, -4.064501]","[1.669664, -4.049492]","[""c7f2456f-91fe-4aaa-a9ba-d886ec8e0648::ceiling-raw::0:5:0"", ""c7f2456f-91fe-4aaa-a9ba-d886ec8e0648::ceiling-raw::0:6:0""]"
c7f2456f-91fe-4aaa-a9ba-d886ec8e0648,0,c7f2456f-91fe-4aaa-a9ba-d886ec8e0648::eave-chain::0:12,1,5.947225,179.628124,0.9569,"[6.6949, 1.6374]","[6.6563, 7.5845]","[""c7f2456f-91fe-4aaa-a9ba-d886ec8e0648::ceiling-raw::0:8:0""]"
c7f2456f-91fe-4aaa-a9ba-d886ec8e0648,0,c7f2456f-91fe-4aaa-a9ba-d886ec8e0648::eave-chain::0:13,2,3.008863,89.628939,1.1289,"[9.0522, 7.600005]","[6.0434, 7.580519]","[""c7f2456f-91fe-4aaa-a9ba-d886ec8e0648::ceiling-raw::0:8:0"", ""c7f2456f-91fe-4aaa-a9ba-d886ec8e0648::ceiling-raw::0:8:1""]"
c7f2456f-91fe-4aaa-a9ba-d886ec8e0648,0,c7f2456f-91fe-4aaa-a9ba-d886ec8e0648::eave-chain::0:14,1,5.947225,179.629087,0.9569,"[6.0434, 7.5805]","[6.0819, 1.6334]","[""c7f2456f-91fe-4aaa-a9ba-d886ec8e0648::ceiling-raw::0:8:0""]"
c7f2456f-91fe-4aaa-a9ba-d886ec8e0648,0,c7f2456f-91fe-4aaa-a9ba-d886ec8e0648::eave-chain::0:15,2,3.008863,89.628932,0.9569,"[6.0819, 1.633418]","[9.0907, 1.652905]","[""c7f2456f-91fe-4aaa-a9ba-d886ec8e0648::ceiling-raw::0:8:0"", ""c7f2456f-91fe-4aaa-a9ba-d886ec8e0648::ceiling-raw::0:8:1""]"
c814dd8d-190b-4da2-ae80-d41c71e2b797,0,c814dd8d-190b-4da2-ae80-d41c71e2b797::eave-chain::0:0,2,8.011104,122.825593,0.739867,"[-8.704818, 4.509462]","[-3.663731, 1.257516]","[""c814dd8d-190b-4da2-ae80-d41c71e2b797::ceiling-raw::0:0:0"", ""c814dd8d-190b-4da2-ae80-d41c71e2b797::ceiling-raw::0:1:0""]"
c814dd8d-190b-4da2-ae80-d41c71e2b797,0,c814dd8d-190b-4da2-ae80-d41c71e2b797::eave-chain::0:1,2,10.091665,32.908052,0.739646,"[-4.707283, 10.624666]","[-10.233935, 2.084394]","[""c814dd8d-190b-4da2-ae80-d41c71e2b797::ceiling-raw::0:0:0"", ""c814dd8d-190b-4da2-ae80-d41c71e2b797::ceiling-raw::0:1:0""]"
c814dd8d-190b-4da2-ae80-d41c71e2b797,0,c814dd8d-190b-4da2-ae80-d41c71e2b797::eave-chain::0:2,1,2.615756,123.202838,0.7344,"[-10.2273, 2.0801]","[-8.0386, 0.6477]","[""c814dd8d-190b-4da2-ae80-d41c71e2b797::ceiling-raw::0:0:0""]"
c814dd8d-190b-4da2-ae80-d41c71e2b797,0,c814dd8d-190b-4da2-ae80-d41c71e2b797::eave-chain::0:3,2,4.015925,34.246765,0.739176,"[-6.391418, 3.018898]","[-8.016128, 0.632401]","[""c814dd8d-190b-4da2-ae80-d41c71e2b797::ceiling-raw::0:0:0"", ""c814dd8d-190b-4da2-ae80-d41c71e2b797::ceiling-raw::0:2:0""]"
c814dd8d-190b-4da2-ae80-d41c71e2b797,0,c814dd8d-190b-4da2-ae80-d41c71e2b797::eave-chain::0:4,2,10.222912,32.821321,0.744577,"[-3.594921, 1.230105]","[0.335831, 7.324458]","[""c814dd8d-190b-4da2-ae80-d41c71e2b797::ceiling-raw::0:1:0"", ""c814dd8d-190b-4da2-ae80-d41c71e2b797::ceiling-raw::0:6:0""]"
c814dd8d-190b-4da2-ae80-d41c71e2b797,0,c814dd8d-190b-4da2-ae80-d41c71e2b797::eave-chain::0:5,1,5.999106,123.2024,0.7417,"[0.3153, 7.3377]","[-4.7044, 10.6228]","[""c814dd8d-190b-4da2-ae80-d41c71e2b797::ceiling-raw::0:1:0""]"
c814dd8d-190b-4da2-ae80-d41c71e2b797,0,c814dd8d-190b-4da2-ae80-d41c71e2b797::eave-chain::0:6,2,2.703042,32.147747,0.754482,"[-4.279311, 0.193182]","[-5.160915, -1.209617]","[""c814dd8d-190b-4da2-ae80-d41c71e2b797::ceiling-raw::0:2:0"", ""c814dd8d-190b-4da2-ae80-d41c71e2b797::ceiling-raw::0:3:0""]"
c814dd8d-190b-4da2-ae80-d41c71e2b797,0,c814dd8d-190b-4da2-ae80-d41c71e2b797::eave-chain::0:7,1,3.24639,123.202033,0.7427,"[-7.639, 1.073]","[-4.9226, -0.7047]","[""c814dd8d-190b-4da2-ae80-d41c71e2b797::ceiling-raw::0:2:0""]"
c814dd8d-190b-4da2-ae80-d41c71e2b797,0,c814dd8d-190b-4da2-ae80-d41c71e2b797::eave-chain::0:8,3,6.309499,123.776526,0.76533,"[-5.123813, -1.229777]","[0.2761, -4.841501]","[""c814dd8d-190b-4da2-ae80-d41c71e2b797::ceiling-raw::0:3:0"", ""c814dd8d-190b-4da2-ae80-d41c71e2b797::ceiling-raw::0:4:0"", ""c814dd8d-190b-4da2-ae80-d41c71e2b797::ceiling-raw::0:5:0""]"
c814dd8d-190b-4da2-ae80-d41c71e2b797,0,c814dd8d-190b-4da2-ae80-d41c71e2b797::eave-chain::0:9,2,3.191971,33.154678,0.765592,"[-4.12008, -1.909074]","[-3.236008, -0.555734]","[""c814dd8d-190b-4da2-ae80-d41c71e2b797::ceiling-raw::0:3:0"", ""c814dd8d-190b-4da2-ae80-d41c71e2b797::ceiling-raw::0:4:0""]"
c814dd8d-190b-4da2-ae80-d41c71e2b797,0,c814dd8d-190b-4da2-ae80-d41c71e2b797::eave-chain::0:10,2,4.484165,33.67522,0.76473,"[-0.070029, -1.157889]","[-1.673824, -3.564933]","[""c814dd8d-190b-4da2-ae80-d41c71e2b797::ceiling-raw::0:4:0"", ""c814dd8d-190b-4da2-ae80-d41c71e2b797::ceiling-raw::0:5:0""]"
c814dd8d-190b-4da2-ae80-d41c71e2b797,0,c814dd8d-190b-4da2-ae80-d41c71e2b797::eave-chain::0:11,2,5.876374,123.405038,0.767555,"[-1.119777, -0.431132]","[1.881241, -2.410317]","[""c814dd8d-190b-4da2-ae80-d41c71e2b797::ceiling-raw::0:5:0"", ""c814dd8d-190b-4da2-ae80-d41c71e2b797::ceiling-raw::0:7:0""]"
c814dd8d-190b-4da2-ae80-d41c71e2b797,0,c814dd8d-190b-4da2-ae80-d41c71e2b797::eave-chain::0:12,2,5.908021,33.317753,0.766734,"[0.276099, -4.8415]","[3.549784, 0.138845]","[""c814dd8d-190b-4da2-ae80-d41c71e2b797::ceiling-raw::0:5:0"", ""c814dd8d-190b-4da2-ae80-d41c71e2b797::ceiling-raw::0:7:0""]"
c814dd8d-190b-4da2-ae80-d41c71e2b797,0,c814dd8d-190b-4da2-ae80-d41c71e2b797::eave-chain::0:13,2,5.890602,123.276155,0.763256,"[3.549331, 0.138337]","[-1.916076, 3.725184]","[""c814dd8d-190b-4da2-ae80-d41c71e2b797::ceiling-raw::0:6:0"", ""c814dd8d-190b-4da2-ae80-d41c71e2b797::ceiling-raw::0:7:0""]"
c814dd8d-190b-4da2-ae80-d41c71e2b797,0,c814dd8d-190b-4da2-ae80-d41c71e2b797::eave-chain::0:14,1,2.970721,33.203284,0.7516,"[-1.6219, -0.0175]","[0.0049, 2.4682]","[""c814dd8d-190b-4da2-ae80-d41c71e2b797::ceiling-raw::0:6:0""]"
c814dd8d-190b-4da2-ae80-d41c71e2b797,0,c814dd8d-190b-4da2-ae80-d41c71e2b797::eave-chain::0:15,1,3.015515,33.20261,0.7707,"[0.5417, 2.1075]","[-1.1096, -0.4157]","[""c814dd8d-190b-4da2-ae80-d41c71e2b797::ceiling-raw::0:7:0""]"
c87c1e25-ff00-44ec-b823-b0966c81af70,0,c87c1e25-ff00-44ec-b823-b0966c81af70::eave-chain::0:0,1,1.242209,136.141589,-1.5294,"[-0.1203, 1.0604]","[0.7404, 0.1647]","[""c87c1e25-ff00-44ec-b823-b0966c81af70::ceiling-raw::0:1:7""]"
c87c1e25-ff00-44ec-b823-b0966c81af70,0,c87c1e25-ff00-44ec-b823-b0966c81af70::eave-chain::0:1,1,1.995992,46.140811,-1.5294,"[1.3189, 2.4434]","[-0.1203, 1.0604]","[""c87c1e25-ff00-44ec-b823-b0966c81af70::ceiling-raw::0:1:7""]"
c87c1e25-ff00-44ec-b823-b0966c81af70,0,c87c1e25-ff00-44ec-b823-b0966c81af70::eave-chain::0:2,1,1.433039,24.950228,-1.1416,"[1.8255, -0.0121]","[2.43, 1.2872]","[""c87c1e25-ff00-44ec-b823-b0966c81af70::ceiling-raw::0:1:11""]"
c87c1e25-ff00-44ec-b823-b0966c81af70,0,c87c1e25-ff00-44ec-b823-b0966c81af70::eave-chain::0:3,1,2.012397,46.135538,-1.7924,"[4.6421, -3.9337]","[6.093, -2.5392]","[""c87c1e25-ff00-44ec-b823-b0966c81af70::ceiling-raw::0:3:0""]"
c87c1e25-ff00-44ec-b823-b0966c81af70,0,c87c1e25-ff00-44ec-b823-b0966c81af70::eave-chain::0:4,1,3.704974,136.132949,-1.7924,"[6.093, -2.5392]","[3.5255, 0.1319]","[""c87c1e25-ff00-44ec-b823-b0966c81af70::ceiling-raw::0:3:0""]"
c87c1e25-ff00-44ec-b823-b0966c81af70,0,c87c1e25-ff00-44ec-b823-b0966c81af70::eave-chain::0:5,1,2.012325,46.133565,-1.7924,"[3.5255, 0.1319]","[2.0747, -1.2626]","[""c87c1e25-ff00-44ec-b823-b0966c81af70::ceiling-raw::0:3:0""]"
c87c1e25-ff00-44ec-b823-b0966c81af70,0,c87c1e25-ff00-44ec-b823-b0966c81af70::eave-chain::0:6,1,3.704905,136.134064,-1.7924,"[2.0747, -1.2626]","[4.6421, -3.9337]","[""c87c1e25-ff00-44ec-b823-b0966c81af70::ceiling-raw::0:3:0""]"
c87c1e25-ff00-44ec-b823-b0966c81af70,0,c87c1e25-ff00-44ec-b823-b0966c81af70::eave-chain::0:7,2,1.259666,134.532442,-2.156246,"[7.592619, 0.305443]","[6.537388, 1.343591]","[""c87c1e25-ff00-44ec-b823-b0966c81af70::ceiling-raw::0:4:0"", ""c87c1e25-ff00-44ec-b823-b0966c81af70::ceiling-raw::0:5:0""]"
c87c1e25-ff00-44ec-b823-b0966c81af70,0,c87c1e25-ff00-44ec-b823-b0966c81af70::eave-chain::0:8,2,2.939306,43.999879,-2.1502,"[6.532788, 1.347661]","[4.488479, -0.769292]","[""c87c1e25-ff00-44ec-b823-b0966c81af70::ceiling-raw::0:4:0""]"
c87c1e25-ff00-44ec-b823-b0966c81af70,0,c87c1e25-ff00-44ec-b823-b0966c81af70::eave-chain::0:9,1,0.811125,136.318749,-2.1502,"[4.5151, -0.795]","[5.0753, -1.3816]","[""c87c1e25-ff00-44ec-b823-b0966c81af70::ceiling-raw::0:4:0""]"
c87c1e25-ff00-44ec-b823-b0966c81af70,0,c87c1e25-ff00-44ec-b823-b0966c81af70::eave-chain::0:10,2,5.36399,46.241264,-2.158213,"[5.115261, -1.423331]","[7.265553, 0.635754]","[""c87c1e25-ff00-44ec-b823-b0966c81af70::ceiling-raw::0:4:0"", ""c87c1e25-ff00-44ec-b823-b0966c81af70::ceiling-raw::0:5:0""]"
c87c1e25-ff00-44ec-b823-b0966c81af70,0,c87c1e25-ff00-44ec-b823-b0966c81af70::eave-chain::0:11,1,0.899145,141.543209,-2.1681,"[5.9372, -1.4385]","[6.4964, -2.1426]","[""c87c1e25-ff00-44ec-b823-b0966c81af70::ceiling-raw::0:5:0""]"
c87c1e25-ff00-44ec-b823-b0966c81af70,0,c87c1e25-ff00-44ec-b823-b0966c81af70::eave-chain::0:12,3,5.715924,45.538732,-2.164403,"[6.484965, -2.130948]","[10.554699, 1.862964]","[""c87c1e25-ff00-44ec-b823-b0966c81af70::ceiling-raw::0:5:0"", ""c87c1e25-ff00-44ec-b823-b0966c81af70::ceiling-raw::0:6:6""]"
c87c1e25-ff00-44ec-b823-b0966c81af70,0,c87c1e25-ff00-44ec-b823-b0966c81af70::eave-chain::0:13,1,0.593918,135.457047,-2.1681,"[8.5543, -0.0025]","[8.1377, 0.4208]","[""c87c1e25-ff00-44ec-b823-b0966c81af70::ceiling-raw::0:5:0""]"
c87c1e25-ff00-44ec-b823-b0966c81af70,0,c87c1e25-ff00-44ec-b823-b0966c81af70::eave-chain::0:14,1,0.558842,77.936034,-2.1681,"[8.1377, 0.4208]","[7.5912, 0.304]","[""c87c1e25-ff00-44ec-b823-b0966c81af70::ceiling-raw::0:5:0""]"
c87c1e25-ff00-44ec-b823-b0966c81af70,1,c87c1e25-ff00-44ec-b823-b0966c81af70::eave-chain::1:0,1,2.072746,135.107504,0.8418,"[2.8584, 0.9202]","[1.3955, 2.3886]","[""c87c1e25-ff00-44ec-b823-b0966c81af70::ceiling-raw::1:7:0""]"
c87c1e25-ff00-44ec-b823-b0966c81af70,1,c87c1e25-ff00-44ec-b823-b0966c81af70::eave-chain::1:1,4,6.790138,46.35751,0.842375,"[1.384361, 2.400279]","[-2.919225, -1.704061]","[""c87c1e25-ff00-44ec-b823-b0966c81af70::ceiling-raw::1:10:0"", ""c87c1e25-ff00-44ec-b823-b0966c81af70::ceiling-raw::1:10:1"", ""c87c1e25-ff00-44ec-b823-b0966c81af70::ceiling-raw::1:10:2"", ""c87c1e25-ff00-44ec-b823-b0966c81af70::ceiling-raw::1:7:0""]"
c87c1e25-ff00-44ec-b823-b0966c81af70,1,c87c1e25-ff00-44ec-b823-b0966c81af70::eave-chain::1:2,4,10.314121,133.778951,0.839806,"[4.751504, -3.792274]","[-0.189008, 0.942024]","[""c87c1e25-ff00-44ec-b823-b0966c81af70::ceiling-raw::1:10:0"", ""c87c1e25-ff00-44ec-b823-b0966c81af70::ceiling-raw::1:10:2"", ""c87c1e25-ff00-44ec-b823-b0966c81af70::ceiling-raw::1:7:0"", ""c87c1e25-ff00-44ec-b823-b0966c81af70::ceiling-raw::1:9:3""]"
c87c1e25-ff00-44ec-b823-b0966c81af70,1,c87c1e25-ff00-44ec-b823-b0966c81af70::eave-chain::1:3,1,2.078191,45.109172,0.8418,"[1.3861, -0.5465]","[2.8584, 0.9202]","[""c87c1e25-ff00-44ec-b823-b0966c81af70::ceiling-raw::1:7:0""]"
c87c1e25-ff00-44ec-b823-b0966c81af70,1,c87c1e25-ff00-44ec-b823-b0966c81af70::eave-chain::1:4,1,2.909404,135.428903,0.8393,"[3.2823, -5.2285]","[1.2405, -3.1559]","[""c87c1e25-ff00-44ec-b823-b0966c81af70::ceiling-raw::1:9:1""]"
c87c1e25-ff00-44ec-b823-b0966c81af70,1,c87c1e25-ff00-44ec-b823-b0966c81af70::eave-chain::1:5,1,2.909254,135.569583,-0.4461,"[0.3439, -4.0327]","[2.3805, -6.1102]","[""c87c1e25-ff00-44ec-b823-b0966c81af70::ceiling-raw::1:9:1""]"
c87c1e25-ff00-44ec-b823-b0966c81af70,1,c87c1e25-ff00-44ec-b823-b0966c81af70::eave-chain::1:6,1,2.445412,135.667683,-0.44545,"[5.602, -2.9601]","[3.8931, -1.2109]","[""c87c1e25-ff00-44ec-b823-b0966c81af70::ceiling-raw::1:9:3""]"
c87c1e25-ff00-44ec-b823-b0966c81af70,1,c87c1e25-ff00-44ec-b823-b0966c81af70::eave-chain::1:7,3,9.32438,135.987656,0.841925,"[1.623683, -2.311391]","[-0.87442, 0.274356]","[""c87c1e25-ff00-44ec-b823-b0966c81af70::ceiling-raw::1:10:0"", ""c87c1e25-ff00-44ec-b823-b0966c81af70::ceiling-raw::1:10:1"", ""c87c1e25-ff00-44ec-b823-b0966c81af70::ceiling-raw::1:10:2""]"
c87c1e25-ff00-44ec-b823-b0966c81af70,1,c87c1e25-ff00-44ec-b823-b0966c81af70::eave-chain::1:8,1,2.807419,45.692711,0.8457,"[-0.3993, -4.2859]","[1.6097, -2.3249]","[""c87c1e25-ff00-44ec-b823-b0966c81af70::ceiling-raw::1:10:1""]"
c87c1e25-ff00-44ec-b823-b0966c81af70,1,c87c1e25-ff00-44ec-b823-b0966c81af70::eave-chain::1:9,1,3.595406,135.693019,0.8457,"[-2.9107, -1.713]","[-0.3993, -4.2859]","[""c87c1e25-ff00-44ec-b823-b0966c81af70::ceiling-raw::1:10:1""]"
c9a43a7c-7171-484c-ac98-54f9ba59b6e6,0,c9a43a7c-7171-484c-ac98-54f9ba59b6e6::eave-chain::0:0,1,3.614337,56.894258,0.4499,"[-1.363, -2.8121]","[1.6646, -0.838]","[""c9a43a7c-7171-484c-ac98-54f9ba59b6e6::ceiling-raw::0:15:0""]"
c9a43a7c-7171-484c-ac98-54f9ba59b6e6,0,c9a43a7c-7171-484c-ac98-54f9ba59b6e6::eave-chain::0:1,1,2.702918,146.896687,0.4499,"[1.6646, -0.838]","[0.1884, 1.4262]","[""c9a43a7c-7171-484c-ac98-54f9ba59b6e6::ceiling-raw::0:15:0""]"
c9a43a7c-7171-484c-ac98-54f9ba59b6e6,0,c9a43a7c-7171-484c-ac98-54f9ba59b6e6::eave-chain::0:2,1,3.614475,56.893796,0.4499,"[0.1884, 1.4262]","[-2.8393, -0.548]","[""c9a43a7c-7171-484c-ac98-54f9ba59b6e6::ceiling-raw::0:15:0""]"
c9a43a7c-7171-484c-ac98-54f9ba59b6e6,1,c9a43a7c-7171-484c-ac98-54f9ba59b6e6::eave-chain::1:0,1,2.143125,54.700695,3.1066,"[-0.6694, -3.6257]","[1.0797, -2.3873]","[""c9a43a7c-7171-484c-ac98-54f9ba59b6e6::ceiling-raw::1:1:1""]"
c9a43a7c-7171-484c-ac98-54f9ba59b6e6,1,c9a43a7c-7171-484c-ac98-54f9ba59b6e6::eave-chain::1:1,1,0.406951,144.693095,3.1066,"[1.0797, -2.3873]","[1.3149, -2.7194]","[""c9a43a7c-7171-484c-ac98-54f9ba59b6e6::ceiling-raw::1:1:1""]"
c9a43a7c-7171-484c-ac98-54f9ba59b6e6,1,c9a43a7c-7171-484c-ac98-54f9ba59b6e6::eave-chain::1:2,1,1.559464,54.697656,3.1066,"[1.3149, -2.7194]","[2.5876, -1.8182]","[""c9a43a7c-7171-484c-ac98-54f9ba59b6e6::ceiling-raw::1:1:1""]"
c9a43a7c-7171-484c-ac98-54f9ba59b6e6,1,c9a43a7c-7171-484c-ac98-54f9ba59b6e6::eave-chain::1:3,1,3.145479,144.698634,3.1066,"[2.5876, -1.8182]","[0.7699, 0.7489]","[""c9a43a7c-7171-484c-ac98-54f9ba59b6e6::ceiling-raw::1:1:1""]"
c9a43a7c-7171-484c-ac98-54f9ba59b6e6,1,c9a43a7c-7171-484c-ac98-54f9ba59b6e6::eave-chain::1:4,1,3.702589,54.699415,3.1066,"[0.7699, 0.7489]","[-2.2519, -1.3907]","[""c9a43a7c-7171-484c-ac98-54f9ba59b6e6::ceiling-raw::1:1:1""]"
c9a43a7c-7171-484c-ac98-54f9ba59b6e6,1,c9a43a7c-7171-484c-ac98-54f9ba59b6e6::eave-chain::1:5,1,2.523246,144.699364,2.7425,"[-1.0747, -6.4105]","[0.3834, -8.4698]","[""c9a43a7c-7171-484c-ac98-54f9ba59b6e6::ceiling-raw::1:8:0""]"
c9a43a7c-7171-484c-ac98-54f9ba59b6e6,1,c9a43a7c-7171-484c-ac98-54f9ba59b6e6::eave-chain::1:6,1,1.791252,54.699554,2.7425,"[0.3834, -8.4698]","[1.8453, -7.4347]","[""c9a43a7c-7171-484c-ac98-54f9ba59b6e6::ceiling-raw::1:8:0""]"
c9a43a7c-7171-484c-ac98-54f9ba59b6e6,1,c9a43a7c-7171-484c-ac98-54f9ba59b6e6::eave-chain::1:7,1,2.523304,144.697511,2.7425,"[1.8453, -7.4347]","[0.3871, -5.3754]","[""c9a43a7c-7171-484c-ac98-54f9ba59b6e6::ceiling-raw::1:8:0""]"
c9a43a7c-7171-484c-ac98-54f9ba59b6e6,1,c9a43a7c-7171-484c-ac98-54f9ba59b6e6::eave-chain::1:8,1,1.79117,54.697705,2.7425,"[0.3871, -5.3754]","[-1.0747, -6.4105]","[""c9a43a7c-7171-484c-ac98-54f9ba59b6e6::ceiling-raw::1:8:0""]"
c9a43a7c-7171-484c-ac98-54f9ba59b6e6,2,c9a43a7c-7171-484c-ac98-54f9ba59b6e6::eave-chain::2:0,2,6.372752,145.91587,5.811271,"[-4.293127, 1.470205]","[-6.099334, 4.139554]","[""c9a43a7c-7171-484c-ac98-54f9ba59b6e6::ceiling-raw::2:10:0"", ""c9a43a7c-7171-484c-ac98-54f9ba59b6e6::ceiling-raw::2:9:0""]"
c9a43a7c-7171-484c-ac98-54f9ba59b6e6,2,c9a43a7c-7171-484c-ac98-54f9ba59b6e6::eave-chain::2:1,2,2.69361,55.623371,5.810937,"[-4.997904, 4.885306]","[-7.279626, 3.324346]","[""c9a43a7c-7171-484c-ac98-54f9ba59b6e6::ceiling-raw::2:10:0"", ""c9a43a7c-7171-484c-ac98-54f9ba59b6e6::ceiling-raw::2:9:0""]"
c9a43a7c-7171-484c-ac98-54f9ba59b6e6,2,c9a43a7c-7171-484c-ac98-54f9ba59b6e6::eave-chain::2:2,2,7.28281,146.188886,4.437777,"[-8.437201, 2.540972]","[-4.382917, -3.512704]","[""c9a43a7c-7171-484c-ac98-54f9ba59b6e6::ceiling-raw::2:11:1"", ""c9a43a7c-7171-484c-ac98-54f9ba59b6e6::ceiling-raw::2:9:1""]"
c9a43a7c-7171-484c-ac98-54f9ba59b6e6,2,c9a43a7c-7171-484c-ac98-54f9ba59b6e6::eave-chain::2:3,2,5.324377,146.096891,4.415628,"[-0.647846, 1.055967]","[-3.776855, 5.711879]","[""c9a43a7c-7171-484c-ac98-54f9ba59b6e6::ceiling-raw::2:10:1"", ""c9a43a7c-7171-484c-ac98-54f9ba59b6e6::ceiling-raw::2:12:2""]"
c9a43a7c-7171-484c-ac98-54f9ba59b6e6,2,c9a43a7c-7171-484c-ac98-54f9ba59b6e6::eave-chain::2:4,1,0.837258,145.899965,5.8281,"[-0.0801, 0.3264]","[-0.5495, 1.0197]","[""c9a43a7c-7171-484c-ac98-54f9ba59b6e6::ceiling-raw::2:11:0""]"
c9a43a7c-7171-484c-ac98-54f9ba59b6e6,2,c9a43a7c-7171-484c-ac98-54f9ba59b6e6::eave-chain::2:5,1,1.925469,55.899752,5.8281,"[-0.5495, 1.0197]","[-2.1439, -0.0598]","[""c9a43a7c-7171-484c-ac98-54f9ba59b6e6::ceiling-raw::2:11:0""]"
c9a43a7c-7171-484c-ac98-54f9ba59b6e6,2,c9a43a7c-7171-484c-ac98-54f9ba59b6e6::eave-chain::2:6,2,4.978866,56.131501,5.824549,"[-0.830148, -1.15899]","[-3.405883, -2.887757]","[""c9a43a7c-7171-484c-ac98-54f9ba59b6e6::ceiling-raw::2:11:0"", ""c9a43a7c-7171-484c-ac98-54f9ba59b6e6::ceiling-raw::2:13:0""]"
c9a43a7c-7171-484c-ac98-54f9ba59b6e6,2,c9a43a7c-7171-484c-ac98-54f9ba59b6e6::eave-chain::2:7,1,3.075171,55.899112,5.8224,"[-1.3598, -5.9101]","[1.1866, -4.186]","[""c9a43a7c-7171-484c-ac98-54f9ba59b6e6::ceiling-raw::2:13:0""]"
c9a43a7c-7171-484c-ac98-54f9ba59b6e6,2,c9a43a7c-7171-484c-ac98-54f9ba59b6e6::eave-chain::2:8,1,3.608556,145.899945,5.8224,"[-3.3829, -2.922]","[-1.3598, -5.9101]","[""c9a43a7c-7171-484c-ac98-54f9ba59b6e6::ceiling-raw::2:13:0""]"
c9a43a7c-7171-484c-ac98-54f9ba59b6e6,2,c9a43a7c-7171-484c-ac98-54f9ba59b6e6::eave-chain::2:9,1,3.608548,146.005194,4.81705,"[2.0441, -3.6055]","[0.0265, -0.6137]","[""c9a43a7c-7171-484c-ac98-54f9ba59b6e6::ceiling-raw::2:13:1""]"
cf982769-994b-4193-a621-91d46d1a3344,0,cf982769-994b-4193-a621-91d46d1a3344::eave-chain::0:0,2,5.373448,40.021854,-1.834936,"[-4.203238, -1.397184]","[-2.259729, 0.917206]","[""cf982769-994b-4193-a621-91d46d1a3344::ceiling-raw::0:0:0"", ""cf982769-994b-4193-a621-91d46d1a3344::ceiling-raw::0:3:4""]"
cf982769-994b-4193-a621-91d46d1a3344,0,cf982769-994b-4193-a621-91d46d1a3344::eave-chain::0:1,2,9.672344,130.147792,-1.80626,"[-5.455269, 3.667786]","[-1.172945, 0.055625]","[""cf982769-994b-4193-a621-91d46d1a3344::ceiling-raw::0:0:0"", ""cf982769-994b-4193-a621-91d46d1a3344::ceiling-raw::0:4:0""]"
cf982769-994b-4193-a621-91d46d1a3344,0,cf982769-994b-4193-a621-91d46d1a3344::eave-chain::0:2,2,7.235559,39.499111,-1.804793,"[-2.706659, 6.918639]","[-7.358445, 1.275392]","[""cf982769-994b-4193-a621-91d46d1a3344::ceiling-raw::0:0:0"", ""cf982769-994b-4193-a621-91d46d1a3344::ceiling-raw::0:4:0""]"
cf982769-994b-4193-a621-91d46d1a3344,0,cf982769-994b-4193-a621-91d46d1a3344::eave-chain::0:3,2,9.499839,129.990621,-1.831425,"[-7.354333, 1.273953]","[0.008424, -4.902079]","[""cf982769-994b-4193-a621-91d46d1a3344::ceiling-raw::0:0:0"", ""cf982769-994b-4193-a621-91d46d1a3344::ceiling-raw::0:3:4""]"
cf982769-994b-4193-a621-91d46d1a3344,0,cf982769-994b-4193-a621-91d46d1a3344::eave-chain::0:4,2,4.359711,43.09925,-1.828038,"[-2.135432, 3.55483]","[-0.637324, 5.155785]","[""cf982769-994b-4193-a621-91d46d1a3344::ceiling-raw::0:4:0"", ""cf982769-994b-4193-a621-91d46d1a3344::ceiling-raw::0:4:1""]"
cf982769-994b-4193-a621-91d46d1a3344,0,cf982769-994b-4193-a621-91d46d1a3344::eave-chain::0:5,3,14.785739,129.223203,-1.84782,"[-2.733302, 6.879934]","[4.221559, 1.202996]","[""cf982769-994b-4193-a621-91d46d1a3344::ceiling-raw::0:4:0"", ""cf982769-994b-4193-a621-91d46d1a3344::ceiling-raw::0:4:1"", ""cf982769-994b-4193-a621-91d46d1a3344::ceiling-raw::0:4:2""]"
cf982769-994b-4193-a621-91d46d1a3344,0,cf982769-994b-4193-a621-91d46d1a3344::eave-chain::0:6,1,2.126562,38.79614,-1.8582,"[2.8961, -0.4459]","[4.2285, 1.2115]","[""cf982769-994b-4193-a621-91d46d1a3344::ceiling-raw::0:4:1""]"
cf982769-994b-4193-a621-91d46d1a3344,0,cf982769-994b-4193-a621-91d46d1a3344::eave-chain::0:7,1,6.15114,128.797278,-2.1732,"[5.6063, 2.4882]","[0.8123, 6.3423]","[""cf982769-994b-4193-a621-91d46d1a3344::ceiling-raw::0:4:2""]"
cf982769-994b-4193-a621-91d46d1a3344,0,cf982769-994b-4193-a621-91d46d1a3344::eave-chain::0:8,2,8.411026,130.265456,-1.8202,"[2.325901, -2.166799]","[-1.026788, 0.673014]","[""cf982769-994b-4193-a621-91d46d1a3344::ceiling-raw::0:3:4"", ""cf982769-994b-4193-a621-91d46d1a3344::ceiling-raw::0:3:7""]"
cf982769-994b-4193-a621-91d46d1a3344,0,cf982769-994b-4193-a621-91d46d1a3344::eave-chain::0:9,1,2.35123,40.266409,-1.8202,"[0.0074, -4.9033]","[1.5271, -3.1092]","[""cf982769-994b-4193-a621-91d46d1a3344::ceiling-raw::0:3:4""]"
cf982769-994b-4193-a621-91d46d1a3344,0,cf982769-994b-4193-a621-91d46d1a3344::eave-chain::0:10,1,4.018337,130.265998,-1.8202,"[3.3402, -0.971]","[0.274, 1.6262]","[""cf982769-994b-4193-a621-91d46d1a3344::ceiling-raw::0:3:9""]"
cf982769-994b-4193-a621-91d46d1a3344,1,cf982769-994b-4193-a621-91d46d1a3344::eave-chain::1:0,1,3.068523,137.623066,1.9804,"[-3.1516, 1.6268]","[-5.2198, 3.8936]","[""cf982769-994b-4193-a621-91d46d1a3344::ceiling-raw::1:5:2""]"
cf982769-994b-4193-a621-91d46d1a3344,1,cf982769-994b-4193-a621-91d46d1a3344::eave-chain::1:1,1,3.921032,129.039777,-0.7067,"[-6.9976, 1.7013]","[-3.9521, -0.7684]","[""cf982769-994b-4193-a621-91d46d1a3344::ceiling-raw::1:5:7""]"
cf982769-994b-4193-a621-91d46d1a3344,1,cf982769-994b-4193-a621-91d46d1a3344::eave-chain::1:2,1,5.326928,112.744385,1.9804,"[2.574, -2.2166]","[-2.3387, -0.1571]","[""cf982769-994b-4193-a621-91d46d1a3344::ceiling-raw::1:5:12""]"
cf982769-994b-4193-a621-91d46d1a3344,1,cf982769-994b-4193-a621-91d46d1a3344::eave-chain::1:3,1,4.633261,128.812767,-0.7063,"[0.1292, 3.1336]","[-3.481, 6.0376]","[""cf982769-994b-4193-a621-91d46d1a3344::ceiling-raw::1:5:17""]"
d28b528a-475b-4ac0-a38d-ee992cd877db,0,d28b528a-475b-4ac0-a38d-ee992cd877db::eave-chain::0:0,2,4.881912,15.937972,-1.913887,"[-0.572552, -7.619183]","[0.306521, -4.540916]","[""d28b528a-475b-4ac0-a38d-ee992cd877db::ceiling-raw::0:2:0"", ""d28b528a-475b-4ac0-a38d-ee992cd877db::ceiling-raw::0:3:1""]"
d28b528a-475b-4ac0-a38d-ee992cd877db,0,d28b528a-475b-4ac0-a38d-ee992cd877db::eave-chain::0:1,2,2.536698,106.585244,-1.940437,"[1.462972, -4.907458]","[-1.014829, -4.169488]","[""d28b528a-475b-4ac0-a38d-ee992cd877db::ceiling-raw::0:2:0"", ""d28b528a-475b-4ac0-a38d-ee992cd877db::ceiling-raw::0:3:1""]"
d28b528a-475b-4ac0-a38d-ee992cd877db,0,d28b528a-475b-4ac0-a38d-ee992cd877db::eave-chain::0:2,1,6.767168,15.656042,-1.8417,"[-1.0151, -4.1704]","[-2.8413, -10.6865]","[""d28b528a-475b-4ac0-a38d-ee992cd877db::ceiling-raw::0:2:0""]"
d28b528a-475b-4ac0-a38d-ee992cd877db,0,d28b528a-475b-4ac0-a38d-ee992cd877db::eave-chain::0:3,2,6.79541,104.964487,-1.901553,"[-1.094694, -11.212148]","[-6.160917, -9.858022]","[""d28b528a-475b-4ac0-a38d-ee992cd877db::ceiling-raw::0:2:0"", ""d28b528a-475b-4ac0-a38d-ee992cd877db::ceiling-raw::0:5:0""]"
d28b528a-475b-4ac0-a38d-ee992cd877db,0,d28b528a-475b-4ac0-a38d-ee992cd877db::eave-chain::0:4,4,17.553448,14.599639,-1.908935,"[0.495192, -16.707597]","[3.535231, -5.036406]","[""d28b528a-475b-4ac0-a38d-ee992cd877db::ceiling-raw::0:3:0"", ""d28b528a-475b-4ac0-a38d-ee992cd877db::ceiling-raw::0:3:1"", ""d28b528a-475b-4ac0-a38d-ee992cd877db::ceiling-raw::0:7:0"", ""d28b528a-475b-4ac0-a38d-ee992cd877db::ceiling-raw::0:8:0""]"
d28b528a-475b-4ac0-a38d-ee992cd877db,0,d28b528a-475b-4ac0-a38d-ee992cd877db::eave-chain::0:5,2,2.738015,105.658528,-2.0514,"[2.8971, -7.378]","[1.5789, -7.0085]","[""d28b528a-475b-4ac0-a38d-ee992cd877db::ceiling-raw::0:3:0"", ""d28b528a-475b-4ac0-a38d-ee992cd877db::ceiling-raw::0:3:1""]"
d28b528a-475b-4ac0-a38d-ee992cd877db,0,d28b528a-475b-4ac0-a38d-ee992cd877db::eave-chain::0:6,2,4.153191,105.344077,-1.936028,"[2.609176, -8.405573]","[-0.105107, -7.660784]","[""d28b528a-475b-4ac0-a38d-ee992cd877db::ceiling-raw::0:3:0"", ""d28b528a-475b-4ac0-a38d-ee992cd877db::ceiling-raw::0:7:0""]"
d28b528a-475b-4ac0-a38d-ee992cd877db,0,d28b528a-475b-4ac0-a38d-ee992cd877db::eave-chain::0:7,1,0.435549,15.65086,-2.0514,"[1.5804, -4.4883]","[1.4629, -4.9077]","[""d28b528a-475b-4ac0-a38d-ee992cd877db::ceiling-raw::0:3:1""]"
d28b528a-475b-4ac0-a38d-ee992cd877db,0,d28b528a-475b-4ac0-a38d-ee992cd877db::eave-chain::0:8,1,2.047647,105.653671,-2.0514,"[3.5521, -5.0408]","[1.5804, -4.4883]","[""d28b528a-475b-4ac0-a38d-ee992cd877db::ceiling-raw::0:3:1""]"
d28b528a-475b-4ac0-a38d-ee992cd877db,0,d28b528a-475b-4ac0-a38d-ee992cd877db::eave-chain::0:9,1,2.599129,15.655917,-1.9235,"[-4.3768, -15.27]","[-3.6754, -12.7673]","[""d28b528a-475b-4ac0-a38d-ee992cd877db::ceiling-raw::0:5:0""]"
d28b528a-475b-4ac0-a38d-ee992cd877db,0,d28b528a-475b-4ac0-a38d-ee992cd877db::eave-chain::0:10,1,4.71389,15.656058,-1.9235,"[-6.165, -9.8733]","[-7.4371, -14.4123]","[""d28b528a-475b-4ac0-a38d-ee992cd877db::ceiling-raw::0:5:0""]"
d28b528a-475b-4ac0-a38d-ee992cd877db,0,d28b528a-475b-4ac0-a38d-ee992cd877db::eave-chain::0:11,1,3.17822,105.656412,-1.9235,"[-7.4371, -14.4123]","[-4.3768, -15.27]","[""d28b528a-475b-4ac0-a38d-ee992cd877db::ceiling-raw::0:5:0""]"
d28b528a-475b-4ac0-a38d-ee992cd877db,0,d28b528a-475b-4ac0-a38d-ee992cd877db::eave-chain::0:12,1,2.768387,15.654284,-1.8793,"[-1.8386, -13.083]","[-2.5856, -15.7487]","[""d28b528a-475b-4ac0-a38d-ee992cd877db::ceiling-raw::0:7:0""]"
d28b528a-475b-4ac0-a38d-ee992cd877db,0,d28b528a-475b-4ac0-a38d-ee992cd877db::eave-chain::0:13,1,2.99013,105.655606,-1.8793,"[-2.5856, -15.7487]","[0.2936, -16.5556]","[""d28b528a-475b-4ac0-a38d-ee992cd877db::ceiling-raw::0:7:0""]"
d28b528a-475b-4ac0-a38d-ee992cd877db,0,d28b528a-475b-4ac0-a38d-ee992cd877db::eave-chain::0:14,1,5.626237,15.655976,-2.0112,"[4.2037, -17.7442]","[5.722, -12.3267]","[""d28b528a-475b-4ac0-a38d-ee992cd877db::ceiling-raw::0:8:0""]"
d28b528a-475b-4ac0-a38d-ee992cd877db,1,d28b528a-475b-4ac0-a38d-ee992cd877db::eave-chain::1:0,1,2.327436,33.76586,0.2272,"[-8.7239, -14.3468]","[-7.4304, -12.4121]","[""d28b528a-475b-4ac0-a38d-ee992cd877db::ceiling-raw::1:11:3""]"
d28b528a-475b-4ac0-a38d-ee992cd877db,1,d28b528a-475b-4ac0-a38d-ee992cd877db::eave-chain::1:1,1,5.440298,111.24129,0.3193,"[-7.1382, -11.1116]","[-2.0675, -13.0826]","[""d28b528a-475b-4ac0-a38d-ee992cd877db::ceiling-raw::1:11:7""]"
d28b528a-475b-4ac0-a38d-ee992cd877db,1,d28b528a-475b-4ac0-a38d-ee992cd877db::eave-chain::1:2,1,3.675612,104.638515,-1.8257,"[-7.7482, -14.566]","[-4.1919, -15.4949]","[""d28b528a-475b-4ac0-a38d-ee992cd877db::ceiling-raw::1:11:18""]"
d32d5562-5763-4c71-a816-6732c638fa6a,0,d32d5562-5763-4c71-a816-6732c638fa6a::eave-chain::0:0,1,2.95311,117.681822,-1.6271,"[-0.192, 1.4093]","[2.4231, 0.0374]","[""d32d5562-5763-4c71-a816-6732c638fa6a::ceiling-raw::0:1:0""]"
d32d5562-5763-4c71-a816-6732c638fa6a,0,d32d5562-5763-4c71-a816-6732c638fa6a::eave-chain::0:1,1,3.375226,27.68185,-1.6271,"[2.4231, 0.0374]","[3.9911, 3.0263]","[""d32d5562-5763-4c71-a816-6732c638fa6a::ceiling-raw::0:1:0""]"
d32d5562-5763-4c71-a816-6732c638fa6a,0,d32d5562-5763-4c71-a816-6732c638fa6a::eave-chain::0:2,1,3.347537,117.681136,-1.6271,"[3.9911, 3.0263]","[1.0267, 4.5814]","[""d32d5562-5763-4c71-a816-6732c638fa6a::ceiling-raw::0:1:0""]"
d32d5562-5763-4c71-a816-6732c638fa6a,1,d32d5562-5763-4c71-a816-6732c638fa6a::eave-chain::1:0,1,3.122465,27.033629,-0.2712,"[0.3547, 9.4618]","[-1.0645, 6.6805]","[""d32d5562-5763-4c71-a816-6732c638fa6a::ceiling-raw::1:5:1""]"
d32d5562-5763-4c71-a816-6732c638fa6a,1,d32d5562-5763-4c71-a816-6732c638fa6a::eave-chain::1:1,2,6.878686,28.373148,-0.315548,"[0.271561, -1.869252]","[3.571347, 4.240416]","[""d32d5562-5763-4c71-a816-6732c638fa6a::ceiling-raw::1:6:2"", ""d32d5562-5763-4c71-a816-6732c638fa6a::ceiling-raw::1:9:1""]"
d32d5562-5763-4c71-a816-6732c638fa6a,1,d32d5562-5763-4c71-a816-6732c638fa6a::eave-chain::1:2,1,0.996671,118.025483,0.902,"[-1.2949, 6.2651]","[-2.1747, 6.7334]","[""d32d5562-5763-4c71-a816-6732c638fa6a::ceiling-raw::1:7:0""]"
d32d5562-5763-4c71-a816-6732c638fa6a,1,d32d5562-5763-4c71-a816-6732c638fa6a::eave-chain::1:3,1,2.777024,28.024912,0.902,"[-2.1747, 6.7334]","[-3.4795, 4.282]","[""d32d5562-5763-4c71-a816-6732c638fa6a::ceiling-raw::1:7:0""]"
d32d5562-5763-4c71-a816-6732c638fa6a,1,d32d5562-5763-4c71-a816-6732c638fa6a::eave-chain::1:4,1,2.903495,118.026636,0.902,"[-3.4795, 4.282]","[-0.9165, 2.9177]","[""d32d5562-5763-4c71-a816-6732c638fa6a::ceiling-raw::1:7:0""]"
d32d5562-5763-4c71-a816-6732c638fa6a,1,d32d5562-5763-4c71-a816-6732c638fa6a::eave-chain::1:5,1,2.669569,26.767577,0.9482,"[-3.2217, -0.0099]","[-2.0194, 2.3736]","[""d32d5562-5763-4c71-a816-6732c638fa6a::ceiling-raw::1:8:3""]"
d32d5562-5763-4c71-a816-6732c638fa6a,1,d32d5562-5763-4c71-a816-6732c638fa6a::eave-chain::1:6,1,1.03953,118.029366,0.9299,"[-1.7897, -0.772]","[-0.8721, -1.2605]","[""d32d5562-5763-4c71-a816-6732c638fa6a::ceiling-raw::1:9:0""]"
d32d5562-5763-4c71-a816-6732c638fa6a,1,d32d5562-5763-4c71-a816-6732c638fa6a::eave-chain::1:7,1,2.654048,28.026898,0.9299,"[-0.5426, 1.5708]","[-1.7897, -0.772]","[""d32d5562-5763-4c71-a816-6732c638fa6a::ceiling-raw::1:9:0""]"
d4665def-0566-4ccc-aa62-8d562ec6e424,0,d4665def-0566-4ccc-aa62-8d562ec6e424::eave-chain::0:0,1,2.681429,126.402369,1.1226,"[-0.8158, 3.1225]","[-2.974, 4.7138]","[""d4665def-0566-4ccc-aa62-8d562ec6e424::ceiling-raw::0:0:0""]"
d4665def-0566-4ccc-aa62-8d562ec6e424,0,d4665def-0566-4ccc-aa62-8d562ec6e424::eave-chain::0:1,3,8.657448,36.633332,1.141556,"[-2.962029, 4.704898]","[-8.283088, -2.451214]","[""d4665def-0566-4ccc-aa62-8d562ec6e424::ceiling-raw::0:0:0"", ""d4665def-0566-4ccc-aa62-8d562ec6e424::ceiling-raw::0:2:0"", ""d4665def-0566-4ccc-aa62-8d562ec6e424::ceiling-raw::0:3:0""]"
d4665def-0566-4ccc-aa62-8d562ec6e424,0,d4665def-0566-4ccc-aa62-8d562ec6e424::eave-chain::0:2,2,5.329737,126.412308,1.127966,"[-4.862356, 2.152722]","[-2.704432, 0.561048]","[""d4665def-0566-4ccc-aa62-8d562ec6e424::ceiling-raw::0:0:0"", ""d4665def-0566-4ccc-aa62-8d562ec6e424::ceiling-raw::0:2:0""]"
d4665def-0566-4ccc-aa62-8d562ec6e424,0,d4665def-0566-4ccc-aa62-8d562ec6e424::eave-chain::0:3,4,15.618978,36.459785,1.129082,"[-0.79525, 3.107316]","[-6.094579, -4.06484]","[""d4665def-0566-4ccc-aa62-8d562ec6e424::ceiling-raw::0:0:0"", ""d4665def-0566-4ccc-aa62-8d562ec6e424::ceiling-raw::0:1:0"", ""d4665def-0566-4ccc-aa62-8d562ec6e424::ceiling-raw::0:3:0"", ""d4665def-0566-4ccc-aa62-8d562ec6e424::ceiling-raw::0:4:0""]"
d4665def-0566-4ccc-aa62-8d562ec6e424,0,d4665def-0566-4ccc-aa62-8d562ec6e424::eave-chain::0:4,2,6.95789,36.669265,1.104719,"[-2.306887, -1.434754]","[0.391461, 2.189412]","[""d4665def-0566-4ccc-aa62-8d562ec6e424::ceiling-raw::0:1:0"", ""d4665def-0566-4ccc-aa62-8d562ec6e424::ceiling-raw::0:5:0""]"
d4665def-0566-4ccc-aa62-8d562ec6e424,0,d4665def-0566-4ccc-aa62-8d562ec6e424::eave-chain::0:5,1,1.426068,126.402227,1.111,"[0.1014, 1.8622]","[-1.0464, 2.7085]","[""d4665def-0566-4ccc-aa62-8d562ec6e424::ceiling-raw::0:1:0""]"
d4665def-0566-4ccc-aa62-8d562ec6e424,0,d4665def-0566-4ccc-aa62-8d562ec6e424::eave-chain::0:6,2,5.367579,126.38346,1.145964,"[-3.569741, -0.626304]","[-5.758979, 0.986766]","[""d4665def-0566-4ccc-aa62-8d562ec6e424::ceiling-raw::0:2:0"", ""d4665def-0566-4ccc-aa62-8d562ec6e424::ceiling-raw::0:3:0""]"
d4665def-0566-4ccc-aa62-8d562ec6e424,0,d4665def-0566-4ccc-aa62-8d562ec6e424::eave-chain::0:7,2,9.905009,126.011377,1.135203,"[-8.283609, -2.437069]","[-0.265518, -8.264986]","[""d4665def-0566-4ccc-aa62-8d562ec6e424::ceiling-raw::0:3:0"", ""d4665def-0566-4ccc-aa62-8d562ec6e424::ceiling-raw::0:4:0""]"
d4665def-0566-4ccc-aa62-8d562ec6e424,0,d4665def-0566-4ccc-aa62-8d562ec6e424::eave-chain::0:8,2,10.394725,126.463644,1.1105,"[-1.31475, -0.160102]","[3.232775, -3.52063]","[""d4665def-0566-4ccc-aa62-8d562ec6e424::ceiling-raw::0:4:0"", ""d4665def-0566-4ccc-aa62-8d562ec6e424::ceiling-raw::0:5:0""]"
d4665def-0566-4ccc-aa62-8d562ec6e424,0,d4665def-0566-4ccc-aa62-8d562ec6e424::eave-chain::0:9,2,8.74547,34.934997,1.116407,"[-0.256865, -8.276178]","[4.789013, -1.052489]","[""d4665def-0566-4ccc-aa62-8d562ec6e424::ceiling-raw::0:4:0"", ""d4665def-0566-4ccc-aa62-8d562ec6e424::ceiling-raw::0:5:0""]"
d4665def-0566-4ccc-aa62-8d562ec6e424,0,d4665def-0566-4ccc-aa62-8d562ec6e424::eave-chain::0:10,1,5.417479,126.403487,1.0958,"[4.7687, -1.0383]","[0.4084, 2.1768]","[""d4665def-0566-4ccc-aa62-8d562ec6e424::ceiling-raw::0:5:0""]"
d683f65d-ad08-4f69-ab23-dbd7ec1bcaed,0,d683f65d-ad08-4f69-ab23-dbd7ec1bcaed::eave-chain::0:0,7,22.305516,141.08493,1.345647,"[13.616581, -9.304157]","[3.01166, 3.831594]","[""d683f65d-ad08-4f69-ab23-dbd7ec1bcaed::ceiling-raw::0:0:0"", ""d683f65d-ad08-4f69-ab23-dbd7ec1bcaed::ceiling-raw::0:0:1"", ""d683f65d-ad08-4f69-ab23-dbd7ec1bcaed::ceiling-raw::0:0:3"", ""d683f65d-ad08-4f69-ab23-dbd7ec1bcaed::ceiling-raw::0:0:4"", ""d683f65d-ad08-4f69-ab23-dbd7ec1bcaed::ceiling-raw::0:2:0"", ""d683f65d-ad08-4f69-ab23-dbd7ec1bcaed::ceiling-raw::0:5:0"", ""d683f65d-ad08-4f69-ab23-dbd7ec1bcaed::ceiling-raw::0:7:0""]"
d683f65d-ad08-4f69-ab23-dbd7ec1bcaed,0,d683f65d-ad08-4f69-ab23-dbd7ec1bcaed::eave-chain::0:1,2,7.467798,141.000373,1.4593,"[10.2046, -7.2661]","[12.5544, -10.1679]","[""d683f65d-ad08-4f69-ab23-dbd7ec1bcaed::ceiling-raw::0:0:0"", ""d683f65d-ad08-4f69-ab23-dbd7ec1bcaed::ceiling-raw::0:0:3""]"
d683f65d-ad08-4f69-ab23-dbd7ec1bcaed,0,d683f65d-ad08-4f69-ab23-dbd7ec1bcaed::eave-chain::0:2,3,7.769862,50.881705,1.435473,"[8.061906, -13.821207]","[14.090115, -8.919018]","[""d683f65d-ad08-4f69-ab23-dbd7ec1bcaed::ceiling-raw::0:0:0"", ""d683f65d-ad08-4f69-ab23-dbd7ec1bcaed::ceiling-raw::0:0:1"", ""d683f65d-ad08-4f69-ab23-dbd7ec1bcaed::ceiling-raw::0:0:3""]"
d683f65d-ad08-4f69-ab23-dbd7ec1bcaed,0,d683f65d-ad08-4f69-ab23-dbd7ec1bcaed::eave-chain::0:3,2,5.983427,140.881458,1.1626,"[14.090092, -8.919007]","[10.314987, -4.276811]","[""d683f65d-ad08-4f69-ab23-dbd7ec1bcaed::ceiling-raw::0:0:1"", ""d683f65d-ad08-4f69-ab23-dbd7ec1bcaed::ceiling-raw::0:0:4""]"
d683f65d-ad08-4f69-ab23-dbd7ec1bcaed,0,d683f65d-ad08-4f69-ab23-dbd7ec1bcaed::eave-chain::0:4,2,1.189993,51.092049,1.1626,"[11.7389, -6.0278]","[11.2759, -6.4015]","[""d683f65d-ad08-4f69-ab23-dbd7ec1bcaed::ceiling-raw::0:0:1"", ""d683f65d-ad08-4f69-ab23-dbd7ec1bcaed::ceiling-raw::0:0:4""]"
d683f65d-ad08-4f69-ab23-dbd7ec1bcaed,0,d683f65d-ad08-4f69-ab23-dbd7ec1bcaed::eave-chain::0:5,1,0.888282,50.884865,1.4593,"[4.9675, -8.6082]","[4.2783, -9.1686]","[""d683f65d-ad08-4f69-ab23-dbd7ec1bcaed::ceiling-raw::0:0:3""]"
d683f65d-ad08-4f69-ab23-dbd7ec1bcaed,0,d683f65d-ad08-4f69-ab23-dbd7ec1bcaed::eave-chain::0:6,6,20.397976,140.797007,1.419029,"[-5.316616, 2.572188]","[8.057715, -13.824613]","[""d683f65d-ad08-4f69-ab23-dbd7ec1bcaed::ceiling-raw::0:0:3"", ""d683f65d-ad08-4f69-ab23-dbd7ec1bcaed::ceiling-raw::0:13:0"", ""d683f65d-ad08-4f69-ab23-dbd7ec1bcaed::ceiling-raw::0:1:0"", ""d683f65d-ad08-4f69-ab23-dbd7ec1bcaed::ceiling-raw::0:3:0"", ""d683f65d-ad08-4f69-ab23-dbd7ec1bcaed::ceiling-raw::0:4:1"", ""d683f65d-ad08-4f69-ab23-dbd7ec1bcaed::ceiling-raw::0:4:2""]"
d683f65d-ad08-4f69-ab23-dbd7ec1bcaed,0,d683f65d-ad08-4f69-ab23-dbd7ec1bcaed::eave-chain::0:7,2,5.879428,50.880934,1.43015,"[10.314972, -4.276765]","[5.753497, -7.986296]","[""d683f65d-ad08-4f69-ab23-dbd7ec1bcaed::ceiling-raw::0:0:3"", ""d683f65d-ad08-4f69-ab23-dbd7ec1bcaed::ceiling-raw::0:0:4""]"
d683f65d-ad08-4f69-ab23-dbd7ec1bcaed,0,d683f65d-ad08-4f69-ab23-dbd7ec1bcaed::eave-chain::0:8,2,5.011213,50.912418,1.414484,"[2.978965, -3.621524]","[1.027616, -5.20664]","[""d683f65d-ad08-4f69-ab23-dbd7ec1bcaed::ceiling-raw::0:1:0"", ""d683f65d-ad08-4f69-ab23-dbd7ec1bcaed::ceiling-raw::0:3:0""]"
d683f65d-ad08-4f69-ab23-dbd7ec1bcaed,0,d683f65d-ad08-4f69-ab23-dbd7ec1bcaed::eave-chain::0:9,2,7.162848,51.163515,1.434198,"[3.97332, -8.832284]","[9.587336, -4.312611]","[""d683f65d-ad08-4f69-ab23-dbd7ec1bcaed::ceiling-raw::0:1:0"", ""d683f65d-ad08-4f69-ab23-dbd7ec1bcaed::ceiling-raw::0:5:0""]"
d683f65d-ad08-4f69-ab23-dbd7ec1bcaed,0,d683f65d-ad08-4f69-ab23-dbd7ec1bcaed::eave-chain::0:10,2,6.542525,50.903851,1.37413,"[5.454433, 0.809373]","[2.904552, -1.262574]","[""d683f65d-ad08-4f69-ab23-dbd7ec1bcaed::ceiling-raw::0:2:0"", ""d683f65d-ad08-4f69-ab23-dbd7ec1bcaed::ceiling-raw::0:7:0""]"
d683f65d-ad08-4f69-ab23-dbd7ec1bcaed,0,d683f65d-ad08-4f69-ab23-dbd7ec1bcaed::eave-chain::0:11,2,7.935368,50.902196,1.41191,"[8.396767, -2.812117]","[5.298813, -5.329558]","[""d683f65d-ad08-4f69-ab23-dbd7ec1bcaed::ceiling-raw::0:2:0"", ""d683f65d-ad08-4f69-ab23-dbd7ec1bcaed::ceiling-raw::0:5:0""]"
d683f65d-ad08-4f69-ab23-dbd7ec1bcaed,0,d683f65d-ad08-4f69-ab23-dbd7ec1bcaed::eave-chain::0:12,2,5.002404,50.947116,1.396962,"[-0.204851, -3.739409]","[1.761078, -2.144424]","[""d683f65d-ad08-4f69-ab23-dbd7ec1bcaed::ceiling-raw::0:13:0"", ""d683f65d-ad08-4f69-ab23-dbd7ec1bcaed::ceiling-raw::0:3:0""]"
d683f65d-ad08-4f69-ab23-dbd7ec1bcaed,0,d683f65d-ad08-4f69-ab23-dbd7ec1bcaed::eave-chain::0:13,1,3.256987,50.909128,1.3557,"[2.9999, 3.8221]","[0.472, 1.7684]","[""d683f65d-ad08-4f69-ab23-dbd7ec1bcaed::ceiling-raw::0:7:0""]"
d683f65d-ad08-4f69-ab23-dbd7ec1bcaed,0,d683f65d-ad08-4f69-ab23-dbd7ec1bcaed::eave-chain::0:14,2,10.290956,51.087724,1.359745,"[-7.726852, 0.741532]","[0.306921, 7.226812]","[""d683f65d-ad08-4f69-ab23-dbd7ec1bcaed::ceiling-raw::0:10:1"", ""d683f65d-ad08-4f69-ab23-dbd7ec1bcaed::ceiling-raw::0:8:0""]"
d683f65d-ad08-4f69-ab23-dbd7ec1bcaed,0,d683f65d-ad08-4f69-ab23-dbd7ec1bcaed::eave-chain::0:15,2,11.900093,140.971422,1.366113,"[0.318273, 7.234008]","[-4.203418, 12.812141]","[""d683f65d-ad08-4f69-ab23-dbd7ec1bcaed::ceiling-raw::0:8:0"", ""d683f65d-ad08-4f69-ab23-dbd7ec1bcaed::ceiling-raw::0:9:0""]"
d683f65d-ad08-4f69-ab23-dbd7ec1bcaed,0,d683f65d-ad08-4f69-ab23-dbd7ec1bcaed::eave-chain::0:16,4,18.588524,50.948839,1.356221,"[1.495298, 17.402018]","[-13.108141, 5.55478]","[""d683f65d-ad08-4f69-ab23-dbd7ec1bcaed::ceiling-raw::0:11:0"", ""d683f65d-ad08-4f69-ab23-dbd7ec1bcaed::ceiling-raw::0:12:1"", ""d683f65d-ad08-4f69-ab23-dbd7ec1bcaed::ceiling-raw::0:8:0"", ""d683f65d-ad08-4f69-ab23-dbd7ec1bcaed::ceiling-raw::0:9:0""]"
d683f65d-ad08-4f69-ab23-dbd7ec1bcaed,0,d683f65d-ad08-4f69-ab23-dbd7ec1bcaed::eave-chain::0:17,2,8.717356,140.512412,1.348366,"[-7.580109, 10.068207]","[-3.014031, 4.526665]","[""d683f65d-ad08-4f69-ab23-dbd7ec1bcaed::ceiling-raw::0:12:1"", ""d683f65d-ad08-4f69-ab23-dbd7ec1bcaed::ceiling-raw::0:8:0""]"
d683f65d-ad08-4f69-ab23-dbd7ec1bcaed,0,d683f65d-ad08-4f69-ab23-dbd7ec1bcaed::eave-chain::0:18,1,7.302534,50.907397,1.3815,"[-1.1886, 9.1247]","[4.4791, 13.7295]","[""d683f65d-ad08-4f69-ab23-dbd7ec1bcaed::ceiling-raw::0:9:0""]"
d683f65d-ad08-4f69-ab23-dbd7ec1bcaed,0,d683f65d-ad08-4f69-ab23-dbd7ec1bcaed::eave-chain::0:19,1,4.719472,140.907142,1.3815,"[4.4791, 13.7295]","[1.5031, 17.3924]","[""d683f65d-ad08-4f69-ab23-dbd7ec1bcaed::ceiling-raw::0:9:0""]"
d683f65d-ad08-4f69-ab23-dbd7ec1bcaed,0,d683f65d-ad08-4f69-ab23-dbd7ec1bcaed::eave-chain::0:20,2,5.596631,51.181605,1.354456,"[-9.836597, 1.527855]","[-7.191128, 3.656265]","[""d683f65d-ad08-4f69-ab23-dbd7ec1bcaed::ceiling-raw::0:10:1"", ""d683f65d-ad08-4f69-ab23-dbd7ec1bcaed::ceiling-raw::0:11:0""]"
d683f65d-ad08-4f69-ab23-dbd7ec1bcaed,0,d683f65d-ad08-4f69-ab23-dbd7ec1bcaed::eave-chain::0:21,1,1.898409,140.90702,1.3624,"[-8.9232, 2.214]","[-7.7261, 0.7406]","[""d683f65d-ad08-4f69-ab23-dbd7ec1bcaed::ceiling-raw::0:10:1""]"
d683f65d-ad08-4f69-ab23-dbd7ec1bcaed,0,d683f65d-ad08-4f69-ab23-dbd7ec1bcaed::eave-chain::0:22,1,5.145791,140.907545,1.3491,"[-13.0968, 5.5408]","[-9.852, 1.547]","[""d683f65d-ad08-4f69-ab23-dbd7ec1bcaed::ceiling-raw::0:11:0""]"
d683f65d-ad08-4f69-ab23-dbd7ec1bcaed,0,d683f65d-ad08-4f69-ab23-dbd7ec1bcaed::eave-chain::0:23,2,8.264879,141.29318,1.335363,"[-7.240706, 3.668377]","[-10.482044, 7.713241]","[""d683f65d-ad08-4f69-ab23-dbd7ec1bcaed::ceiling-raw::0:11:0"", ""d683f65d-ad08-4f69-ab23-dbd7ec1bcaed::ceiling-raw::0:12:1""]"
d683f65d-ad08-4f69-ab23-dbd7ec1bcaed,0,d683f65d-ad08-4f69-ab23-dbd7ec1bcaed::eave-chain::0:24,1,2.505209,50.905143,1.4045,"[-0.3499, 0.4121]","[-2.2942, -1.1677]","[""d683f65d-ad08-4f69-ab23-dbd7ec1bcaed::ceiling-raw::0:13:0""]"
d7f1aa19-5ca9-4e1b-ac1a-c86d63f9ede7,0,d7f1aa19-5ca9-4e1b-ac1a-c86d63f9ede7::eave-chain::0:0,4,7.86032,18.461994,1.135556,"[3.235871, -7.252335]","[5.845093, 0.563031]","[""d7f1aa19-5ca9-4e1b-ac1a-c86d63f9ede7::ceiling-raw::0:0:0"", ""d7f1aa19-5ca9-4e1b-ac1a-c86d63f9ede7::ceiling-raw::0:1:0"", ""d7f1aa19-5ca9-4e1b-ac1a-c86d63f9ede7::ceiling-raw::0:3:0"", ""d7f1aa19-5ca9-4e1b-ac1a-c86d63f9ede7::ceiling-raw::0:4:0""]"
d7f1aa19-5ca9-4e1b-ac1a-c86d63f9ede7,0,d7f1aa19-5ca9-4e1b-ac1a-c86d63f9ede7::eave-chain::0:1,2,5.547207,108.43453,1.105346,"[3.898544, -5.36277]","[1.196046, -4.46196]","[""d7f1aa19-5ca9-4e1b-ac1a-c86d63f9ede7::ceiling-raw::0:0:0"", ""d7f1aa19-5ca9-4e1b-ac1a-c86d63f9ede7::ceiling-raw::0:1:0""]"
d7f1aa19-5ca9-4e1b-ac1a-c86d63f9ede7,0,d7f1aa19-5ca9-4e1b-ac1a-c86d63f9ede7::eave-chain::0:2,2,5.901319,18.671573,1.122724,"[0.56579, -6.359115]","[2.18475, -1.568279]","[""d7f1aa19-5ca9-4e1b-ac1a-c86d63f9ede7::ceiling-raw::0:0:0"", ""d7f1aa19-5ca9-4e1b-ac1a-c86d63f9ede7::ceiling-raw::0:2:0""]"
d7f1aa19-5ca9-4e1b-ac1a-c86d63f9ede7,0,d7f1aa19-5ca9-4e1b-ac1a-c86d63f9ede7::eave-chain::0:3,1,2.797099,108.497134,1.099,"[0.5619, -6.3578]","[3.2145, -7.2452]","[""d7f1aa19-5ca9-4e1b-ac1a-c86d63f9ede7::ceiling-raw::0:0:0""]"
d7f1aa19-5ca9-4e1b-ac1a-c86d63f9ede7,0,d7f1aa19-5ca9-4e1b-ac1a-c86d63f9ede7::eave-chain::0:4,2,3.234885,108.429353,1.126993,"[4.30027, -4.161372]","[2.711539, -3.631967]","[""d7f1aa19-5ca9-4e1b-ac1a-c86d63f9ede7::ceiling-raw::0:1:0"", ""d7f1aa19-5ca9-4e1b-ac1a-c86d63f9ede7::ceiling-raw::0:3:0""]"
d7f1aa19-5ca9-4e1b-ac1a-c86d63f9ede7,0,d7f1aa19-5ca9-4e1b-ac1a-c86d63f9ede7::eave-chain::0:5,4,13.748927,109.18661,1.153186,"[4.835603, -2.470795]","[-1.717217, -0.190579]","[""d7f1aa19-5ca9-4e1b-ac1a-c86d63f9ede7::ceiling-raw::0:2:0"", ""d7f1aa19-5ca9-4e1b-ac1a-c86d63f9ede7::ceiling-raw::0:3:0"", ""d7f1aa19-5ca9-4e1b-ac1a-c86d63f9ede7::ceiling-raw::0:4:0"", ""d7f1aa19-5ca9-4e1b-ac1a-c86d63f9ede7::ceiling-raw::0:5:0""]"
d7f1aa19-5ca9-4e1b-ac1a-c86d63f9ede7,0,d7f1aa19-5ca9-4e1b-ac1a-c86d63f9ede7::eave-chain::0:6,2,7.069244,18.309997,1.152155,"[-0.713046, 2.807717]","[-2.970449, -4.014048]","[""d7f1aa19-5ca9-4e1b-ac1a-c86d63f9ede7::ceiling-raw::0:2:0"", ""d7f1aa19-5ca9-4e1b-ac1a-c86d63f9ede7::ceiling-raw::0:5:0""]"
d7f1aa19-5ca9-4e1b-ac1a-c86d63f9ede7,0,d7f1aa19-5ca9-4e1b-ac1a-c86d63f9ede7::eave-chain::0:7,1,4.114853,108.496153,1.1344,"[-2.9712, -4.0138]","[0.9311, -5.3192]","[""d7f1aa19-5ca9-4e1b-ac1a-c86d63f9ede7::ceiling-raw::0:2:0""]"
d7f1aa19-5ca9-4e1b-ac1a-c86d63f9ede7,0,d7f1aa19-5ca9-4e1b-ac1a-c86d63f9ede7::eave-chain::0:8,2,6.222923,18.478746,1.168956,"[1.286854, -1.189826]","[2.287378, 1.804116]","[""d7f1aa19-5ca9-4e1b-ac1a-c86d63f9ede7::ceiling-raw::0:4:0"", ""d7f1aa19-5ca9-4e1b-ac1a-c86d63f9ede7::ceiling-raw::0:5:0""]"
d7f1aa19-5ca9-4e1b-ac1a-c86d63f9ede7,0,d7f1aa19-5ca9-4e1b-ac1a-c86d63f9ede7::eave-chain::0:9,2,6.860028,108.897487,1.168453,"[5.835829, 0.564916]","[-0.713886, 2.807064]","[""d7f1aa19-5ca9-4e1b-ac1a-c86d63f9ede7::ceiling-raw::0:4:0"", ""d7f1aa19-5ca9-4e1b-ac1a-c86d63f9ede7::ceiling-raw::0:5:0""]"
d8308bfc-c2c1-42bd-8503-282571708b8c,0,d8308bfc-c2c1-42bd-8503-282571708b8c::eave-chain::0:0,1,2.209398,41.93806,0.9015,"[2.8972, 1.5186]","[4.3738, 3.1621]","[""d8308bfc-c2c1-42bd-8503-282571708b8c::ceiling-raw::0:0:0""]"
d8308bfc-c2c1-42bd-8503-282571708b8c,0,d8308bfc-c2c1-42bd-8503-282571708b8c::eave-chain::0:1,2,4.163155,131.35379,0.835985,"[4.374767, 3.163199]","[1.176981, 5.977847]","[""d8308bfc-c2c1-42bd-8503-282571708b8c::ceiling-raw::0:0:0"", ""d8308bfc-c2c1-42bd-8503-282571708b8c::ceiling-raw::0:1:0""]"
d8308bfc-c2c1-42bd-8503-282571708b8c,0,d8308bfc-c2c1-42bd-8503-282571708b8c::eave-chain::0:2,1,2.209465,41.939989,0.9015,"[2.6667, 4.696]","[1.19, 3.0525]","[""d8308bfc-c2c1-42bd-8503-282571708b8c::ceiling-raw::0:0:0""]"
d8308bfc-c2c1-42bd-8503-282571708b8c,0,d8308bfc-c2c1-42bd-8503-282571708b8c::eave-chain::0:3,1,2.295078,131.939338,0.9015,"[1.19, 3.0525]","[2.8972, 1.5186]","[""d8308bfc-c2c1-42bd-8503-282571708b8c::ceiling-raw::0:0:0""]"
d8308bfc-c2c1-42bd-8503-282571708b8c,0,d8308bfc-c2c1-42bd-8503-282571708b8c::eave-chain::0:4,1,0.996535,131.937212,0.9056,"[0.3846, 6.8571]","[-0.3567, 7.5231]","[""d8308bfc-c2c1-42bd-8503-282571708b8c::ceiling-raw::0:2:1""]"
d8308bfc-c2c1-42bd-8503-282571708b8c,0,d8308bfc-c2c1-42bd-8503-282571708b8c::eave-chain::0:5,1,2.469774,41.937551,1.1146,"[-2.7583, 5.6059]","[-1.1077, 7.4431]","[""d8308bfc-c2c1-42bd-8503-282571708b8c::ceiling-raw::0:3:0""]"
d8308bfc-c2c1-42bd-8503-282571708b8c,0,d8308bfc-c2c1-42bd-8503-282571708b8c::eave-chain::0:6,1,5.016159,131.939074,1.1146,"[-1.1077, 7.4431]","[-4.839, 10.7956]","[""d8308bfc-c2c1-42bd-8503-282571708b8c::ceiling-raw::0:3:0""]"
d8308bfc-c2c1-42bd-8503-282571708b8c,0,d8308bfc-c2c1-42bd-8503-282571708b8c::eave-chain::0:7,3,10.108168,42.41488,1.167562,"[-4.841863, 10.798216]","[-11.653868, 3.342008]","[""d8308bfc-c2c1-42bd-8503-282571708b8c::ceiling-raw::0:3:0"", ""d8308bfc-c2c1-42bd-8503-282571708b8c::ceiling-raw::0:4:0"", ""d8308bfc-c2c1-42bd-8503-282571708b8c::ceiling-raw::0:9:1""]"
d8308bfc-c2c1-42bd-8503-282571708b8c,0,d8308bfc-c2c1-42bd-8503-282571708b8c::eave-chain::0:8,2,10.058728,131.933648,1.11084,"[-2.784037, 5.577249]","[-6.550086, 8.960325]","[""d8308bfc-c2c1-42bd-8503-282571708b8c::ceiling-raw::0:3:0"", ""d8308bfc-c2c1-42bd-8503-282571708b8c::ceiling-raw::0:4:0""]"
d8308bfc-c2c1-42bd-8503-282571708b8c,0,d8308bfc-c2c1-42bd-8503-282571708b8c::eave-chain::0:9,1,5.042502,131.938987,1.1071,"[-8.2426, 7.0765]","[-4.4917, 3.7064]","[""d8308bfc-c2c1-42bd-8503-282571708b8c::ceiling-raw::0:4:0""]"
d8308bfc-c2c1-42bd-8503-282571708b8c,0,d8308bfc-c2c1-42bd-8503-282571708b8c::eave-chain::0:10,2,4.937436,132.188235,0.925909,"[-2.4661, -9.738796]","[-4.356858, -8.025069]","[""d8308bfc-c2c1-42bd-8503-282571708b8c::ceiling-raw::0:12:0"", ""d8308bfc-c2c1-42bd-8503-282571708b8c::ceiling-raw::0:6:0""]"
d8308bfc-c2c1-42bd-8503-282571708b8c,0,d8308bfc-c2c1-42bd-8503-282571708b8c::eave-chain::0:11,5,12.785059,40.962209,0.963629,"[-5.541532, -13.242385]","[3.302565, -3.054852]","[""d8308bfc-c2c1-42bd-8503-282571708b8c::ceiling-raw::0:10:0"", ""d8308bfc-c2c1-42bd-8503-282571708b8c::ceiling-raw::0:12:0"", ""d8308bfc-c2c1-42bd-8503-282571708b8c::ceiling-raw::0:6:0"", ""d8308bfc-c2c1-42bd-8503-282571708b8c::ceiling-raw::0:7:0"", ""d8308bfc-c2c1-42bd-8503-282571708b8c::ceiling-raw::0:8:0""]"
d8308bfc-c2c1-42bd-8503-282571708b8c,0,d8308bfc-c2c1-42bd-8503-282571708b8c::eave-chain::0:12,1,2.488535,131.939466,0.9287,"[-0.1585, -7.1043]","[-2.0096, -5.4411]","[""d8308bfc-c2c1-42bd-8503-282571708b8c::ceiling-raw::0:6:0""]"
d8308bfc-c2c1-42bd-8503-282571708b8c,0,d8308bfc-c2c1-42bd-8503-282571708b8c::eave-chain::0:13,1,2.375658,131.940782,1.0542,"[-1.7224, -5.1122]","[0.0447, -6.7]","[""d8308bfc-c2c1-42bd-8503-282571708b8c::ceiling-raw::0:7:0""]"
d8308bfc-c2c1-42bd-8503-282571708b8c,0,d8308bfc-c2c1-42bd-8503-282571708b8c::eave-chain::0:14,2,3.414613,131.226543,1.041998,"[2.172029, -4.355412]","[0.373386, -2.779347]","[""d8308bfc-c2c1-42bd-8503-282571708b8c::ceiling-raw::0:7:0"", ""d8308bfc-c2c1-42bd-8503-282571708b8c::ceiling-raw::0:8:0""]"
d8308bfc-c2c1-42bd-8503-282571708b8c,0,d8308bfc-c2c1-42bd-8503-282571708b8c::eave-chain::0:15,1,1.699409,41.939849,1.0141,"[2.5508, -2.3788]","[1.415, -3.6429]","[""d8308bfc-c2c1-42bd-8503-282571708b8c::ceiling-raw::0:8:0""]"
d8308bfc-c2c1-42bd-8503-282571708b8c,0,d8308bfc-c2c1-42bd-8503-282571708b8c::eave-chain::0:16,1,1.039022,131.937617,1.0141,"[3.3237, -3.0732]","[2.5508, -2.3788]","[""d8308bfc-c2c1-42bd-8503-282571708b8c::ceiling-raw::0:8:0""]"
d8308bfc-c2c1-42bd-8503-282571708b8c,0,d8308bfc-c2c1-42bd-8503-282571708b8c::eave-chain::0:17,1,0.26158,131.931857,3.6417,"[-9.8747, 1.7433]","[-9.6801, 1.5685]","[""d8308bfc-c2c1-42bd-8503-282571708b8c::ceiling-raw::0:9:0""]"
d8308bfc-c2c1-42bd-8503-282571708b8c,0,d8308bfc-c2c1-42bd-8503-282571708b8c::eave-chain::0:18,1,5.144367,42.021734,1.22255,"[-7.8724, -0.0557]","[-4.4287, 3.766]","[""d8308bfc-c2c1-42bd-8503-282571708b8c::ceiling-raw::0:9:2""]"
d8308bfc-c2c1-42bd-8503-282571708b8c,0,d8308bfc-c2c1-42bd-8503-282571708b8c::eave-chain::0:19,2,5.151599,131.82042,0.911036,"[-3.723732, -11.193895]","[-5.661391, -9.460184]","[""d8308bfc-c2c1-42bd-8503-282571708b8c::ceiling-raw::0:10:0"", ""d8308bfc-c2c1-42bd-8503-282571708b8c::ceiling-raw::0:12:0""]"
d8308bfc-c2c1-42bd-8503-282571708b8c,0,d8308bfc-c2c1-42bd-8503-282571708b8c::eave-chain::0:20,1,1.103391,131.936264,0.899,"[-4.0398, -7.6555]","[-4.8606, -6.9181]","[""d8308bfc-c2c1-42bd-8503-282571708b8c::ceiling-raw::0:10:0""]"
d8308bfc-c2c1-42bd-8503-282571708b8c,0,d8308bfc-c2c1-42bd-8503-282571708b8c::eave-chain::0:21,1,5.159764,41.939423,0.899,"[-4.8606, -6.9181]","[-8.3091, -10.7562]","[""d8308bfc-c2c1-42bd-8503-282571708b8c::ceiling-raw::0:10:0""]"
d8308bfc-c2c1-42bd-8503-282571708b8c,0,d8308bfc-c2c1-42bd-8503-282571708b8c::eave-chain::0:22,1,3.703383,131.938684,0.899,"[-8.3091, -10.7562]","[-5.5543, -13.2313]","[""d8308bfc-c2c1-42bd-8503-282571708b8c::ceiling-raw::0:10:0""]"
d904fdad-775d-4382-ba44-a4289889745e,0,d904fdad-775d-4382-ba44-a4289889745e::eave-chain::0:0,3,5.890347,30.926787,0.44,"[9.930976, -0.816484]","[12.958881, 4.237413]","[""d904fdad-775d-4382-ba44-a4289889745e::ceiling-raw::0:0:0"", ""d904fdad-775d-4382-ba44-a4289889745e::ceiling-raw::0:0:1""]"
d904fdad-775d-4382-ba44-a4289889745e,0,d904fdad-775d-4382-ba44-a4289889745e::eave-chain::0:1,2,5.080656,122.053999,0.44,"[11.5009, 1.744801]","[8.788901, 3.443002]","[""d904fdad-775d-4382-ba44-a4289889745e::ceiling-raw::0:0:0"", ""d904fdad-775d-4382-ba44-a4289889745e::ceiling-raw::0:0:1""]"
d904fdad-775d-4382-ba44-a4289889745e,0,d904fdad-775d-4382-ba44-a4289889745e::eave-chain::0:2,4,13.491594,32.369332,0.593205,"[2.877624, -5.779436]","[8.742201, 3.472601]","[""d904fdad-775d-4382-ba44-a4289889745e::ceiling-raw::0:0:0"", ""d904fdad-775d-4382-ba44-a4289889745e::ceiling-raw::0:2:0"", ""d904fdad-775d-4382-ba44-a4289889745e::ceiling-raw::0:3:0"", ""d904fdad-775d-4382-ba44-a4289889745e::ceiling-raw::0:8:0""]"
d904fdad-775d-4382-ba44-a4289889745e,0,d904fdad-775d-4382-ba44-a4289889745e::eave-chain::0:3,6,22.044286,121.917358,0.664274,"[-3.913965, 7.651862]","[9.836919, -0.913091]","[""d904fdad-775d-4382-ba44-a4289889745e::ceiling-raw::0:0:0"", ""d904fdad-775d-4382-ba44-a4289889745e::ceiling-raw::0:2:0"", ""d904fdad-775d-4382-ba44-a4289889745e::ceiling-raw::0:3:0"", ""d904fdad-775d-4382-ba44-a4289889745e::ceiling-raw::0:6:0"", ""d904fdad-775d-4382-ba44-a4289889745e::ceiling-raw::0:7:0"", ""d904fdad-775d-4382-ba44-a4289889745e::ceiling-raw::0:8:0""]"
d904fdad-775d-4382-ba44-a4289889745e,0,d904fdad-775d-4382-ba44-a4289889745e::eave-chain::0:4,2,3.711266,121.298964,0.357474,"[12.934753, 4.251986]","[9.662317, 6.241577]","[""d904fdad-775d-4382-ba44-a4289889745e::ceiling-raw::0:0:1"", ""d904fdad-775d-4382-ba44-a4289889745e::ceiling-raw::0:1:0""]"
d904fdad-775d-4382-ba44-a4289889745e,0,d904fdad-775d-4382-ba44-a4289889745e::eave-chain::0:5,2,5.652727,32.046302,0.362954,"[11.388113, 5.220279]","[9.856905, 2.774234]","[""d904fdad-775d-4382-ba44-a4289889745e::ceiling-raw::0:0:1"", ""d904fdad-775d-4382-ba44-a4289889745e::ceiling-raw::0:1:0""]"
d904fdad-775d-4382-ba44-a4289889745e,0,d904fdad-775d-4382-ba44-a4289889745e::eave-chain::0:6,1,2.766945,32.05477,0.2826,"[9.663, 6.2427]","[8.1945, 3.8976]","[""d904fdad-775d-4382-ba44-a4289889745e::ceiling-raw::0:1:0""]"
d904fdad-775d-4382-ba44-a4289889745e,0,d904fdad-775d-4382-ba44-a4289889745e::eave-chain::0:7,2,6.654288,122.059101,0.608253,"[5.14606, -2.208133]","[2.298013, -0.424388]","[""d904fdad-775d-4382-ba44-a4289889745e::ceiling-raw::0:3:0"", ""d904fdad-775d-4382-ba44-a4289889745e::ceiling-raw::0:8:0""]"
d904fdad-775d-4382-ba44-a4289889745e,0,d904fdad-775d-4382-ba44-a4289889745e::eave-chain::0:8,1,2.545363,32.054774,0.7012,"[8.2486, 4.1748]","[9.5995, 6.3321]","[""d904fdad-775d-4382-ba44-a4289889745e::ceiling-raw::0:4:0""]"
d904fdad-775d-4382-ba44-a4289889745e,0,d904fdad-775d-4382-ba44-a4289889745e::eave-chain::0:9,3,11.947039,122.180832,0.742822,"[9.607255, 6.344424]","[-0.679471, 12.817516]","[""d904fdad-775d-4382-ba44-a4289889745e::ceiling-raw::0:4:0"", ""d904fdad-775d-4382-ba44-a4289889745e::ceiling-raw::0:5:0"", ""d904fdad-775d-4382-ba44-a4289889745e::ceiling-raw::0:7:0""]"
d904fdad-775d-4382-ba44-a4289889745e,0,d904fdad-775d-4382-ba44-a4289889745e::eave-chain::0:10,2,6.181793,32.417424,0.723906,"[5.144106, 4.887289]","[7.093498, 7.956975]","[""d904fdad-775d-4382-ba44-a4289889745e::ceiling-raw::0:4:0"", ""d904fdad-775d-4382-ba44-a4289889745e::ceiling-raw::0:5:0""]"
d904fdad-775d-4382-ba44-a4289889745e,0,d904fdad-775d-4382-ba44-a4289889745e::eave-chain::0:11,2,7.324917,32.069175,0.752137,"[2.554179, 6.426637]","[4.522196, 9.567678]","[""d904fdad-775d-4382-ba44-a4289889745e::ceiling-raw::0:5:0"", ""d904fdad-775d-4382-ba44-a4289889745e::ceiling-raw::0:7:0""]"
d904fdad-775d-4382-ba44-a4289889745e,0,d904fdad-775d-4382-ba44-a4289889745e::eave-chain::0:12,2,4.521762,32.083571,0.767281,"[-0.067748, 5.298257]","[1.179333, 7.287542]","[""d904fdad-775d-4382-ba44-a4289889745e::ceiling-raw::0:6:0"", ""d904fdad-775d-4382-ba44-a4289889745e::ceiling-raw::0:7:0""]"
d904fdad-775d-4382-ba44-a4289889745e,0,d904fdad-775d-4382-ba44-a4289889745e::eave-chain::0:13,1,6.036213,32.053678,0.7643,"[-0.6859, 12.8073]","[-3.8894, 7.6913]","[""d904fdad-775d-4382-ba44-a4289889745e::ceiling-raw::0:7:0""]"
d904fdad-775d-4382-ba44-a4289889745e,0,d904fdad-775d-4382-ba44-a4289889745e::eave-chain::0:14,1,7.604406,32.054022,0.6283,"[1.6499, 3.9614]","[-2.3859, -2.4837]","[""d904fdad-775d-4382-ba44-a4289889745e::ceiling-raw::0:8:0""]"
d904fdad-775d-4382-ba44-a4289889745e,0,d904fdad-775d-4382-ba44-a4289889745e::eave-chain::0:15,1,6.237401,122.053971,0.6283,"[-2.3859, -2.4837]","[2.9006, -5.794]","[""d904fdad-775d-4382-ba44-a4289889745e::ceiling-raw::0:8:0""]"
d928da15-65c0-490c-84df-613a196930f0,0,d928da15-65c0-490c-84df-613a196930f0::eave-chain::0:0,1,3.395979,95.237504,1.0108,"[4.4136, -5.1457]","[1.0318, -4.8357]","[""d928da15-65c0-490c-84df-613a196930f0::ceiling-raw::0:0:0""]"
d928da15-65c0-490c-84df-613a196930f0,0,d928da15-65c0-490c-84df-613a196930f0::eave-chain::0:1,4,17.356274,5.672126,0.984363,"[0.755259, -8.26766]","[1.692837, 1.17212]","[""d928da15-65c0-490c-84df-613a196930f0::ceiling-raw::0:0:0"", ""d928da15-65c0-490c-84df-613a196930f0::ceiling-raw::0:3:0"", ""d928da15-65c0-490c-84df-613a196930f0::ceiling-raw::0:4:0"", ""d928da15-65c0-490c-84df-613a196930f0::ceiling-raw::0:7:0""]"
d928da15-65c0-490c-84df-613a196930f0,0,d928da15-65c0-490c-84df-613a196930f0::eave-chain::0:2,4,14.315543,94.868496,0.980474,"[-9.696303, -7.359339]","[4.103072, -8.534719]","[""d928da15-65c0-490c-84df-613a196930f0::ceiling-raw::0:0:0"", ""d928da15-65c0-490c-84df-613a196930f0::ceiling-raw::0:4:0"", ""d928da15-65c0-490c-84df-613a196930f0::ceiling-raw::0:5:0"", ""d928da15-65c0-490c-84df-613a196930f0::ceiling-raw::0:6:0""]"
d928da15-65c0-490c-84df-613a196930f0,0,d928da15-65c0-490c-84df-613a196930f0::eave-chain::0:3,1,3.393462,5.236313,1.0108,"[4.1039, -8.525]","[4.4136, -5.1457]","[""d928da15-65c0-490c-84df-613a196930f0::ceiling-raw::0:0:0""]"
d928da15-65c0-490c-84df-613a196930f0,0,d928da15-65c0-490c-84df-613a196930f0::eave-chain::0:4,1,2.090417,95.234133,0.9848,"[2.5822, -2.171]","[4.6639, -2.3617]","[""d928da15-65c0-490c-84df-613a196930f0::ceiling-raw::0:3:0""]"
d928da15-65c0-490c-84df-613a196930f0,0,d928da15-65c0-490c-84df-613a196930f0::eave-chain::0:5,1,3.247753,5.236276,0.9848,"[4.6639, -2.3617]","[4.9603, 0.8725]","[""d928da15-65c0-490c-84df-613a196930f0::ceiling-raw::0:3:0""]"
d928da15-65c0-490c-84df-613a196930f0,0,d928da15-65c0-490c-84df-613a196930f0::eave-chain::0:6,2,6.77553,94.75091,1.002458,"[4.961229, 0.883684]","[-1.841746, 1.449076]","[""d928da15-65c0-490c-84df-613a196930f0::ceiling-raw::0:3:0"", ""d928da15-65c0-490c-84df-613a196930f0::ceiling-raw::0:7:0""]"
d928da15-65c0-490c-84df-613a196930f0,0,d928da15-65c0-490c-84df-613a196930f0::eave-chain::0:7,2,7.055666,94.889865,0.9936,"[-2.087683, -0.008065]","[1.548398, -0.319139]","[""d928da15-65c0-490c-84df-613a196930f0::ceiling-raw::0:4:0"", ""d928da15-65c0-490c-84df-613a196930f0::ceiling-raw::0:7:0""]"
d928da15-65c0-490c-84df-613a196930f0,0,d928da15-65c0-490c-84df-613a196930f0::eave-chain::0:8,2,8.013846,7.394891,0.967834,"[-1.853177, -0.065771]","[-2.880705, -7.982825]","[""d928da15-65c0-490c-84df-613a196930f0::ceiling-raw::0:4:0"", ""d928da15-65c0-490c-84df-613a196930f0::ceiling-raw::0:5:0""]"
d928da15-65c0-490c-84df-613a196930f0,0,d928da15-65c0-490c-84df-613a196930f0::eave-chain::0:9,3,7.341229,98.098772,0.972886,"[-2.283816, -4.659456]","[-9.357544, -3.65287]","[""d928da15-65c0-490c-84df-613a196930f0::ceiling-raw::0:4:0"", ""d928da15-65c0-490c-84df-613a196930f0::ceiling-raw::0:5:0"", ""d928da15-65c0-490c-84df-613a196930f0::ceiling-raw::0:6:0""]"
d928da15-65c0-490c-84df-613a196930f0,0,d928da15-65c0-490c-84df-613a196930f0::eave-chain::0:10,1,3.326782,5.236061,0.9666,"[-3.0273, -4.5806]","[-3.3309, -7.8935]","[""d928da15-65c0-490c-84df-613a196930f0::ceiling-raw::0:4:0""]"
d928da15-65c0-490c-84df-613a196930f0,0,d928da15-65c0-490c-84df-613a196930f0::eave-chain::0:11,3,7.125835,3.406096,0.975131,"[-6.775885, -3.870703]","[-6.998201, -7.605979]","[""d928da15-65c0-490c-84df-613a196930f0::ceiling-raw::0:5:0"", ""d928da15-65c0-490c-84df-613a196930f0::ceiling-raw::0:6:0""]"
d928da15-65c0-490c-84df-613a196930f0,0,d928da15-65c0-490c-84df-613a196930f0::eave-chain::0:12,1,3.715407,5.236593,0.9803,"[-9.3553, -3.6371]","[-9.6944, -7.337]","[""d928da15-65c0-490c-84df-613a196930f0::ceiling-raw::0:6:0""]"
d928da15-65c0-490c-84df-613a196930f0,0,d928da15-65c0-490c-84df-613a196930f0::eave-chain::0:13,1,1.432605,9.729268,1.0188,"[-1.8426, 1.4388]","[-2.0847, 0.0268]","[""d928da15-65c0-490c-84df-613a196930f0::ceiling-raw::0:7:0""]"
d98923f0-3373-4d3c-ba03-c0df5d8b29d8,0,d98923f0-3373-4d3c-ba03-c0df5d8b29d8::eave-chain::0:0,4,12.253833,119.749431,1.017206,"[-0.308911, -2.283317]","[-7.131249, 1.615881]","[""d98923f0-3373-4d3c-ba03-c0df5d8b29d8::ceiling-raw::0:0:0"", ""d98923f0-3373-4d3c-ba03-c0df5d8b29d8::ceiling-raw::0:1:0"", ""d98923f0-3373-4d3c-ba03-c0df5d8b29d8::ceiling-raw::0:2:0"", ""d98923f0-3373-4d3c-ba03-c0df5d8b29d8::ceiling-raw::0:7:0""]"
d98923f0-3373-4d3c-ba03-c0df5d8b29d8,0,d98923f0-3373-4d3c-ba03-c0df5d8b29d8::eave-chain::0:1,2,6.810822,120.01295,1.028871,"[-5.825425, -2.934672]","[-8.848912, -1.18815]","[""d98923f0-3373-4d3c-ba03-c0df5d8b29d8::ceiling-raw::0:0:0"", ""d98923f0-3373-4d3c-ba03-c0df5d8b29d8::ceiling-raw::0:1:0""]"
d98923f0-3373-4d3c-ba03-c0df5d8b29d8,0,d98923f0-3373-4d3c-ba03-c0df5d8b29d8::eave-chain::0:2,2,6.545919,30.757674,1.028731,"[-7.154909, 1.574505]","[-10.53571, -4.106378]","[""d98923f0-3373-4d3c-ba03-c0df5d8b29d8::ceiling-raw::0:0:0"", ""d98923f0-3373-4d3c-ba03-c0df5d8b29d8::ceiling-raw::0:1:0""]"
d98923f0-3373-4d3c-ba03-c0df5d8b29d8,0,d98923f0-3373-4d3c-ba03-c0df5d8b29d8::eave-chain::0:3,1,7.394201,120.013417,1.0547,"[-10.535, -4.1068]","[-4.1323, -7.8054]","[""d98923f0-3373-4d3c-ba03-c0df5d8b29d8::ceiling-raw::0:0:0""]"
d98923f0-3373-4d3c-ba03-c0df5d8b29d8,0,d98923f0-3373-4d3c-ba03-c0df5d8b29d8::eave-chain::0:4,1,6.657154,30.013151,1.0547,"[-4.1323, -7.8054]","[-0.8024, -2.0409]","[""d98923f0-3373-4d3c-ba03-c0df5d8b29d8::ceiling-raw::0:0:0""]"
d98923f0-3373-4d3c-ba03-c0df5d8b29d8,0,d98923f0-3373-4d3c-ba03-c0df5d8b29d8::eave-chain::0:5,2,4.678952,119.996562,0.957737,"[-5.430679, 2.620168]","[-3.381494, 1.437234]","[""d98923f0-3373-4d3c-ba03-c0df5d8b29d8::ceiling-raw::0:2:0"", ""d98923f0-3373-4d3c-ba03-c0df5d8b29d8::ceiling-raw::0:3:0""]"
d98923f0-3373-4d3c-ba03-c0df5d8b29d8,0,d98923f0-3373-4d3c-ba03-c0df5d8b29d8::eave-chain::0:6,3,8.107185,29.937508,0.973118,"[-2.070868, 8.438124]","[-6.247295, 1.186085]","[""d98923f0-3373-4d3c-ba03-c0df5d8b29d8::ceiling-raw::0:2:0"", ""d98923f0-3373-4d3c-ba03-c0df5d8b29d8::ceiling-raw::0:3:0"", ""d98923f0-3373-4d3c-ba03-c0df5d8b29d8::ceiling-raw::0:4:0""]"
d98923f0-3373-4d3c-ba03-c0df5d8b29d8,0,d98923f0-3373-4d3c-ba03-c0df5d8b29d8::eave-chain::0:7,2,4.738576,120.005328,0.963639,"[-4.164201, 4.812575]","[-2.107206, 3.624713]","[""d98923f0-3373-4d3c-ba03-c0df5d8b29d8::ceiling-raw::0:3:0"", ""d98923f0-3373-4d3c-ba03-c0df5d8b29d8::ceiling-raw::0:4:0""]"
d98923f0-3373-4d3c-ba03-c0df5d8b29d8,0,d98923f0-3373-4d3c-ba03-c0df5d8b29d8::eave-chain::0:8,2,5.781806,30.37684,0.99691,"[-2.073549, 3.674301]","[0.297185, 7.718863]","[""d98923f0-3373-4d3c-ba03-c0df5d8b29d8::ceiling-raw::0:4:0"", ""d98923f0-3373-4d3c-ba03-c0df5d8b29d8::ceiling-raw::0:5:0""]"
d98923f0-3373-4d3c-ba03-c0df5d8b29d8,0,d98923f0-3373-4d3c-ba03-c0df5d8b29d8::eave-chain::0:9,1,2.372563,120.014464,0.9923,"[-0.0133, 7.2495]","[-2.0677, 8.4363]","[""d98923f0-3373-4d3c-ba03-c0df5d8b29d8::ceiling-raw::0:4:0""]"
d98923f0-3373-4d3c-ba03-c0df5d8b29d8,0,d98923f0-3373-4d3c-ba03-c0df5d8b29d8::eave-chain::0:10,2,4.984452,29.463946,1.003124,"[1.52965, 7.008972]","[-0.107732, 4.110656]","[""d98923f0-3373-4d3c-ba03-c0df5d8b29d8::ceiling-raw::0:5:0"", ""d98923f0-3373-4d3c-ba03-c0df5d8b29d8::ceiling-raw::0:6:0""]"
d98923f0-3373-4d3c-ba03-c0df5d8b29d8,0,d98923f0-3373-4d3c-ba03-c0df5d8b29d8::eave-chain::0:11,2,4.285634,119.984337,1.003041,"[4.095577, 5.527434]","[0.307824, 7.712914]","[""d98923f0-3373-4d3c-ba03-c0df5d8b29d8::ceiling-raw::0:5:0"", ""d98923f0-3373-4d3c-ba03-c0df5d8b29d8::ceiling-raw::0:6:0""]"
d98923f0-3373-4d3c-ba03-c0df5d8b29d8,0,d98923f0-3373-4d3c-ba03-c0df5d8b29d8::eave-chain::0:12,1,2.907319,120.0123,1.0005,"[-0.0871, 4.099]","[2.4304, 2.6448]","[""d98923f0-3373-4d3c-ba03-c0df5d8b29d8::ceiling-raw::0:6:0""]"
d98923f0-3373-4d3c-ba03-c0df5d8b29d8,0,d98923f0-3373-4d3c-ba03-c0df5d8b29d8::eave-chain::0:13,1,3.328868,30.013234,1.0005,"[2.4304, 2.6448]","[4.0955, 5.5273]","[""d98923f0-3373-4d3c-ba03-c0df5d8b29d8::ceiling-raw::0:6:0""]"
d98923f0-3373-4d3c-ba03-c0df5d8b29d8,0,d98923f0-3373-4d3c-ba03-c0df5d8b29d8::eave-chain::0:14,1,4.522852,30.012786,1.0122,"[-0.3009, -2.2693]","[1.9614, 1.6471]","[""d98923f0-3373-4d3c-ba03-c0df5d8b29d8::ceiling-raw::0:7:0""]"
d98923f0-3373-4d3c-ba03-c0df5d8b29d8,0,d98923f0-3373-4d3c-ba03-c0df5d8b29d8::eave-chain::0:15,1,2.93586,120.012847,1.0122,"[1.9614, 1.6471]","[-0.5808, 3.1156]","[""d98923f0-3373-4d3c-ba03-c0df5d8b29d8::ceiling-raw::0:7:0""]"
d98923f0-3373-4d3c-ba03-c0df5d8b29d8,0,d98923f0-3373-4d3c-ba03-c0df5d8b29d8::eave-chain::0:16,1,4.522765,30.013419,1.0122,"[-0.5808, 3.1156]","[-2.8431, -0.8007]","[""d98923f0-3373-4d3c-ba03-c0df5d8b29d8::ceiling-raw::0:7:0""]"
dd4ba0e6-c9e0-444f-b815-9ad921cd3b87,0,dd4ba0e6-c9e0-444f-b815-9ad921cd3b87::eave-chain::0:0,3,8.765385,148.256249,0.884695,"[2.401804, -10.835482]","[0.045301, -7.026488]","[""dd4ba0e6-c9e0-444f-b815-9ad921cd3b87::ceiling-raw::0:0:0"", ""dd4ba0e6-c9e0-444f-b815-9ad921cd3b87::ceiling-raw::0:1:0"", ""dd4ba0e6-c9e0-444f-b815-9ad921cd3b87::ceiling-raw::0:3:1""]"
dd4ba0e6-c9e0-444f-b815-9ad921cd3b87,0,dd4ba0e6-c9e0-444f-b815-9ad921cd3b87::eave-chain::0:1,2,5.234676,59.15039,0.875314,"[1.898288, -5.954068]","[-2.565396, -8.620199]","[""dd4ba0e6-c9e0-444f-b815-9ad921cd3b87::ceiling-raw::0:0:0"", ""dd4ba0e6-c9e0-444f-b815-9ad921cd3b87::ceiling-raw::0:3:1""]"
dd4ba0e6-c9e0-444f-b815-9ad921cd3b87,0,dd4ba0e6-c9e0-444f-b815-9ad921cd3b87::eave-chain::0:2,1,4.459886,148.564527,0.8728,"[-2.5645, -8.6217]","[-0.2385, -12.427]","[""dd4ba0e6-c9e0-444f-b815-9ad921cd3b87::ceiling-raw::0:0:0""]"
dd4ba0e6-c9e0-444f-b815-9ad921cd3b87,0,dd4ba0e6-c9e0-444f-b815-9ad921cd3b87::eave-chain::0:3,3,8.047827,58.777721,0.883151,"[-0.238695, -12.426679]","[6.747015, -8.192269]","[""dd4ba0e6-c9e0-444f-b815-9ad921cd3b87::ceiling-raw::0:0:0"", ""dd4ba0e6-c9e0-444f-b815-9ad921cd3b87::ceiling-raw::0:1:0"", ""dd4ba0e6-c9e0-444f-b815-9ad921cd3b87::ceiling-raw::0:2:0""]"
dd4ba0e6-c9e0-444f-b815-9ad921cd3b87,0,dd4ba0e6-c9e0-444f-b815-9ad921cd3b87::eave-chain::0:4,2,6.631251,148.566221,0.889509,"[2.844836, -6.676144]","[4.579478, -9.514179]","[""dd4ba0e6-c9e0-444f-b815-9ad921cd3b87::ceiling-raw::0:1:0"", ""dd4ba0e6-c9e0-444f-b815-9ad921cd3b87::ceiling-raw::0:2:0""]"
dd4ba0e6-c9e0-444f-b815-9ad921cd3b87,0,dd4ba0e6-c9e0-444f-b815-9ad921cd3b87::eave-chain::0:5,7,14.096685,151.08199,0.846656,"[6.671203, -8.231255]","[2.544846, -0.761924]","[""dd4ba0e6-c9e0-444f-b815-9ad921cd3b87::ceiling-raw::0:2:0"", ""dd4ba0e6-c9e0-444f-b815-9ad921cd3b87::ceiling-raw::0:3:0"", ""dd4ba0e6-c9e0-444f-b815-9ad921cd3b87::ceiling-raw::0:3:1"", ""dd4ba0e6-c9e0-444f-b815-9ad921cd3b87::ceiling-raw::0:3:11"", ""dd4ba0e6-c9e0-444f-b815-9ad921cd3b87::ceiling-raw::0:6:0"", ""dd4ba0e6-c9e0-444f-b815-9ad921cd3b87::ceiling-raw::0:6:1""]"
dd4ba0e6-c9e0-444f-b815-9ad921cd3b87,0,dd4ba0e6-c9e0-444f-b815-9ad921cd3b87::eave-chain::0:6,2,7.658513,59.000012,0.878154,"[0.595221, -7.959999]","[5.03072, -5.294884]","[""dd4ba0e6-c9e0-444f-b815-9ad921cd3b87::ceiling-raw::0:2:0"", ""dd4ba0e6-c9e0-444f-b815-9ad921cd3b87::ceiling-raw::0:3:1""]"
dd4ba0e6-c9e0-444f-b815-9ad921cd3b87,0,dd4ba0e6-c9e0-444f-b815-9ad921cd3b87::eave-chain::0:7,3,5.328385,58.01769,0.825796,"[2.939547, -4.23705]","[6.613898, -1.942637]","[""dd4ba0e6-c9e0-444f-b815-9ad921cd3b87::ceiling-raw::0:3:0"", ""dd4ba0e6-c9e0-444f-b815-9ad921cd3b87::ceiling-raw::0:3:11"", ""dd4ba0e6-c9e0-444f-b815-9ad921cd3b87::ceiling-raw::0:6:0""]"
dd4ba0e6-c9e0-444f-b815-9ad921cd3b87,0,dd4ba0e6-c9e0-444f-b815-9ad921cd3b87::eave-chain::0:8,1,0.405462,6.187262,0.8789,"[4.1587, -4.1261]","[4.2024, -3.723]","[""dd4ba0e6-c9e0-444f-b815-9ad921cd3b87::ceiling-raw::0:3:0""]"
dd4ba0e6-c9e0-444f-b815-9ad921cd3b87,0,dd4ba0e6-c9e0-444f-b815-9ad921cd3b87::eave-chain::0:9,1,0.24891,164.623749,0.8789,"[4.2024, -3.723]","[4.1364, -3.483]","[""dd4ba0e6-c9e0-444f-b815-9ad921cd3b87::ceiling-raw::0:3:0""]"
dd4ba0e6-c9e0-444f-b815-9ad921cd3b87,0,dd4ba0e6-c9e0-444f-b815-9ad921cd3b87::eave-chain::0:10,5,8.993605,59.899373,0.830938,"[5.020138, 0.663419]","[-0.29811, -2.419538]","[""dd4ba0e6-c9e0-444f-b815-9ad921cd3b87::ceiling-raw::0:3:0"", ""dd4ba0e6-c9e0-444f-b815-9ad921cd3b87::ceiling-raw::0:3:11"", ""dd4ba0e6-c9e0-444f-b815-9ad921cd3b87::ceiling-raw::0:4:0"", ""dd4ba0e6-c9e0-444f-b815-9ad921cd3b87::ceiling-raw::0:6:1"", ""dd4ba0e6-c9e0-444f-b815-9ad921cd3b87::ceiling-raw::0:8:0""]"
dd4ba0e6-c9e0-444f-b815-9ad921cd3b87,0,dd4ba0e6-c9e0-444f-b815-9ad921cd3b87::eave-chain::0:11,4,11.109061,147.96369,0.827766,"[2.96407, -4.302026]","[0.314705, -0.06813]","[""dd4ba0e6-c9e0-444f-b815-9ad921cd3b87::ceiling-raw::0:3:0"", ""dd4ba0e6-c9e0-444f-b815-9ad921cd3b87::ceiling-raw::0:3:11"", ""dd4ba0e6-c9e0-444f-b815-9ad921cd3b87::ceiling-raw::0:4:0"", ""dd4ba0e6-c9e0-444f-b815-9ad921cd3b87::ceiling-raw::0:8:0""]"
dd4ba0e6-c9e0-444f-b815-9ad921cd3b87,0,dd4ba0e6-c9e0-444f-b815-9ad921cd3b87::eave-chain::0:12,1,0.426035,130.096576,0.8789,"[4.5692, -4.5389]","[4.2433, -4.2645]","[""dd4ba0e6-c9e0-444f-b815-9ad921cd3b87::ceiling-raw::0:3:1""]"
dd4ba0e6-c9e0-444f-b815-9ad921cd3b87,0,dd4ba0e6-c9e0-444f-b815-9ad921cd3b87::eave-chain::0:13,5,16.301754,148.788148,0.801874,"[-6.754181, 8.325748]","[1.899621, -5.956708]","[""dd4ba0e6-c9e0-444f-b815-9ad921cd3b87::ceiling-raw::0:3:1"", ""dd4ba0e6-c9e0-444f-b815-9ad921cd3b87::ceiling-raw::0:3:3"", ""dd4ba0e6-c9e0-444f-b815-9ad921cd3b87::ceiling-raw::0:4:0"", ""dd4ba0e6-c9e0-444f-b815-9ad921cd3b87::ceiling-raw::0:7:1"", ""dd4ba0e6-c9e0-444f-b815-9ad921cd3b87::ceiling-raw::0:8:0""]"
dd4ba0e6-c9e0-444f-b815-9ad921cd3b87,0,dd4ba0e6-c9e0-444f-b815-9ad921cd3b87::eave-chain::0:14,3,4.780137,148.704306,0.902737,"[6.61216, -1.943918]","[4.048688, 2.272967]","[""dd4ba0e6-c9e0-444f-b815-9ad921cd3b87::ceiling-raw::0:6:0"", ""dd4ba0e6-c9e0-444f-b815-9ad921cd3b87::ceiling-raw::0:6:1"", ""dd4ba0e6-c9e0-444f-b815-9ad921cd3b87::ceiling-raw::0:7:3""]"
dd4ba0e6-c9e0-444f-b815-9ad921cd3b87,0,dd4ba0e6-c9e0-444f-b815-9ad921cd3b87::eave-chain::0:15,2,5.643284,58.56437,0.8202,"[5.8842, -0.7489]","[3.4767, -2.2205]","[""dd4ba0e6-c9e0-444f-b815-9ad921cd3b87::ceiling-raw::0:6:0"", ""dd4ba0e6-c9e0-444f-b815-9ad921cd3b87::ceiling-raw::0:6:1""]"
dd4ba0e6-c9e0-444f-b815-9ad921cd3b87,0,dd4ba0e6-c9e0-444f-b815-9ad921cd3b87::eave-chain::0:16,1,1.612485,58.56336,0.8981,"[0.2927, -0.0819]","[-1.0831, -0.9229]","[""dd4ba0e6-c9e0-444f-b815-9ad921cd3b87::ceiling-raw::0:8:0""]"
dd4ba0e6-c9e0-444f-b815-9ad921cd3b87,0,dd4ba0e6-c9e0-444f-b815-9ad921cd3b87::eave-chain::0:17,1,0.292277,58.572293,2.1936,"[0.1112, -0.1339]","[0.3606, 0.0185]","[""dd4ba0e6-c9e0-444f-b815-9ad921cd3b87::ceiling-raw::0:7:0""]"
dd4ba0e6-c9e0-444f-b815-9ad921cd3b87,0,dd4ba0e6-c9e0-444f-b815-9ad921cd3b87::eave-chain::0:18,1,1.698306,148.561798,2.1936,"[0.3606, 0.0185]","[1.2464, -1.4305]","[""dd4ba0e6-c9e0-444f-b815-9ad921cd3b87::ceiling-raw::0:7:0""]"
dd4ba0e6-c9e0-444f-b815-9ad921cd3b87,0,dd4ba0e6-c9e0-444f-b815-9ad921cd3b87::eave-chain::0:19,1,3.134483,58.563502,2.1936,"[1.2464, -1.4305]","[3.9208, 0.2043]","[""dd4ba0e6-c9e0-444f-b815-9ad921cd3b87::ceiling-raw::0:7:0""]"
df1f5f4f-8801-4d5d-9c64-f0ea8e1ce027,0,df1f5f4f-8801-4d5d-9c64-f0ea8e1ce027::eave-chain::0:0,2,5.140166,150.887558,0.638472,"[6.352769, 6.916167]","[7.624959, 4.63166]","[""df1f5f4f-8801-4d5d-9c64-f0ea8e1ce027::ceiling-raw::0:1:0"", ""df1f5f4f-8801-4d5d-9c64-f0ea8e1ce027::ceiling-raw::0:6:0""]"
df1f5f4f-8801-4d5d-9c64-f0ea8e1ce027,0,df1f5f4f-8801-4d5d-9c64-f0ea8e1ce027::eave-chain::0:1,2,7.323959,60.285855,0.635567,"[9.050307, 8.416084]","[2.614118, 4.74284]","[""df1f5f4f-8801-4d5d-9c64-f0ea8e1ce027::ceiling-raw::0:1:0"", ""df1f5f4f-8801-4d5d-9c64-f0ea8e1ce027::ceiling-raw::0:6:0""]"
df1f5f4f-8801-4d5d-9c64-f0ea8e1ce027,0,df1f5f4f-8801-4d5d-9c64-f0ea8e1ce027::eave-chain::0:2,1,2.525365,150.862979,0.6226,"[2.6126, 4.7455]","[3.8422, 2.5397]","[""df1f5f4f-8801-4d5d-9c64-f0ea8e1ce027::ceiling-raw::0:1:0""]"
df1f5f4f-8801-4d5d-9c64-f0ea8e1ce027,0,df1f5f4f-8801-4d5d-9c64-f0ea8e1ce027::eave-chain::0:3,4,14.539678,61.196063,0.638761,"[-0.241603, -5.07708]","[12.627253, 1.998786]","[""df1f5f4f-8801-4d5d-9c64-f0ea8e1ce027::ceiling-raw::0:2:0"", ""df1f5f4f-8801-4d5d-9c64-f0ea8e1ce027::ceiling-raw::0:3:0"", ""df1f5f4f-8801-4d5d-9c64-f0ea8e1ce027::ceiling-raw::0:4:0"", ""df1f5f4f-8801-4d5d-9c64-f0ea8e1ce027::ceiling-raw::0:6:0""]"
df1f5f4f-8801-4d5d-9c64-f0ea8e1ce027,0,df1f5f4f-8801-4d5d-9c64-f0ea8e1ce027::eave-chain::0:4,2,8.3073,150.905849,0.634132,"[5.098382, 3.223337]","[7.403101, -0.918421]","[""df1f5f4f-8801-4d5d-9c64-f0ea8e1ce027::ceiling-raw::0:2:0"", ""df1f5f4f-8801-4d5d-9c64-f0ea8e1ce027::ceiling-raw::0:6:0""]"
df1f5f4f-8801-4d5d-9c64-f0ea8e1ce027,0,df1f5f4f-8801-4d5d-9c64-f0ea8e1ce027::eave-chain::0:5,2,7.133878,150.857792,0.611899,"[3.489773, 1.079695]","[5.240289, -2.059916]","[""df1f5f4f-8801-4d5d-9c64-f0ea8e1ce027::ceiling-raw::0:2:0"", ""df1f5f4f-8801-4d5d-9c64-f0ea8e1ce027::ceiling-raw::0:3:0""]"
df1f5f4f-8801-4d5d-9c64-f0ea8e1ce027,0,df1f5f4f-8801-4d5d-9c64-f0ea8e1ce027::eave-chain::0:6,2,7.150089,150.866624,0.633242,"[2.950435, -3.3225]","[1.205761, -0.192231]","[""df1f5f4f-8801-4d5d-9c64-f0ea8e1ce027::ceiling-raw::0:3:0"", ""df1f5f4f-8801-4d5d-9c64-f0ea8e1ce027::ceiling-raw::0:4:0""]"
df1f5f4f-8801-4d5d-9c64-f0ea8e1ce027,0,df1f5f4f-8801-4d5d-9c64-f0ea8e1ce027::eave-chain::0:7,1,3.612915,60.865299,0.6506,"[1.1798, -0.2067]","[-1.976, -1.9657]","[""df1f5f4f-8801-4d5d-9c64-f0ea8e1ce027::ceiling-raw::0:4:0""]"
df1f5f4f-8801-4d5d-9c64-f0ea8e1ce027,0,df1f5f4f-8801-4d5d-9c64-f0ea8e1ce027::eave-chain::0:8,2,6.677937,151.441594,0.667883,"[-3.718956, 1.304223]","[-0.234491, -5.097791]","[""df1f5f4f-8801-4d5d-9c64-f0ea8e1ce027::ceiling-raw::0:4:0"", ""df1f5f4f-8801-4d5d-9c64-f0ea8e1ce027::ceiling-raw::0:5:0""]"
df1f5f4f-8801-4d5d-9c64-f0ea8e1ce027,0,df1f5f4f-8801-4d5d-9c64-f0ea8e1ce027::eave-chain::0:9,1,3.09416,150.866079,0.6879,"[-0.6402, -0.5221]","[-2.1466, 2.1806]","[""df1f5f4f-8801-4d5d-9c64-f0ea8e1ce027::ceiling-raw::0:5:0""]"
df1f5f4f-8801-4d5d-9c64-f0ea8e1ce027,0,df1f5f4f-8801-4d5d-9c64-f0ea8e1ce027::eave-chain::0:10,1,1.801397,60.866619,0.6879,"[-2.1466, 2.1806]","[-3.7201, 1.3036]","[""df1f5f4f-8801-4d5d-9c64-f0ea8e1ce027::ceiling-raw::0:5:0""]"
df1f5f4f-8801-4d5d-9c64-f0ea8e1ce027,0,df1f5f4f-8801-4d5d-9c64-f0ea8e1ce027::eave-chain::0:11,1,1.80131,60.86507,0.6879,"[-2.2136, -1.3991]","[-0.6402, -0.5221]","[""df1f5f4f-8801-4d5d-9c64-f0ea8e1ce027::ceiling-raw::0:5:0""]"
df1f5f4f-8801-4d5d-9c64-f0ea8e1ce027,0,df1f5f4f-8801-4d5d-9c64-f0ea8e1ce027::eave-chain::0:12,1,7.354759,150.865038,0.6538,"[12.6295, 1.9947]","[9.0487, 8.4189]","[""df1f5f4f-8801-4d5d-9c64-f0ea8e1ce027::ceiling-raw::0:6:0""]"
dfb88995-ff0a-4025-878b-b544364f8e92,0,dfb88995-ff0a-4025-878b-b544364f8e92::eave-chain::0:0,2,7.001248,120.420221,-2.005421,"[1.951577, -1.197752]","[-4.483736, 2.580877]","[""dfb88995-ff0a-4025-878b-b544364f8e92::ceiling-raw::0:0:0"", ""dfb88995-ff0a-4025-878b-b544364f8e92::ceiling-raw::0:1:0""]"
dfb88995-ff0a-4025-878b-b544364f8e92,0,dfb88995-ff0a-4025-878b-b544364f8e92::eave-chain::0:1,1,3.958158,27.472685,-1.9752,"[-4.4866, 2.576]","[-6.3126, -0.9358]","[""dfb88995-ff0a-4025-878b-b544364f8e92::ceiling-raw::0:0:0""]"
dfb88995-ff0a-4025-878b-b544364f8e92,0,dfb88995-ff0a-4025-878b-b544364f8e92::eave-chain::0:2,1,0.441948,117.475352,-1.9752,"[-6.3126, -0.9358]","[-5.9205, -1.1397]","[""dfb88995-ff0a-4025-878b-b544364f8e92::ceiling-raw::0:0:0""]"
dfb88995-ff0a-4025-878b-b544364f8e92,0,dfb88995-ff0a-4025-878b-b544364f8e92::eave-chain::0:3,1,3.116129,27.473714,-1.9752,"[-5.9205, -1.1397]","[-7.3581, -3.9044]","[""dfb88995-ff0a-4025-878b-b544364f8e92::ceiling-raw::0:0:0""]"
dfb88995-ff0a-4025-878b-b544364f8e92,0,dfb88995-ff0a-4025-878b-b544364f8e92::eave-chain::0:4,1,5.853285,117.473007,-1.9752,"[-7.3581, -3.9044]","[-2.1649, -6.6047]","[""dfb88995-ff0a-4025-878b-b544364f8e92::ceiling-raw::0:0:0""]"
dfb88995-ff0a-4025-878b-b544364f8e92,0,dfb88995-ff0a-4025-878b-b544364f8e92::eave-chain::0:5,1,2.767527,27.474285,-1.9752,"[-2.1649, -6.6047]","[-0.8881, -4.1493]","[""dfb88995-ff0a-4025-878b-b544364f8e92::ceiling-raw::0:0:0""]"
dfb88995-ff0a-4025-878b-b544364f8e92,0,dfb88995-ff0a-4025-878b-b544364f8e92::eave-chain::0:6,2,6.270721,116.907753,-2.008943,"[-3.149809, -2.895342]","[0.189344, -4.589959]","[""dfb88995-ff0a-4025-878b-b544364f8e92::ceiling-raw::0:0:0"", ""dfb88995-ff0a-4025-878b-b544364f8e92::ceiling-raw::0:1:0""]"
dfb88995-ff0a-4025-878b-b544364f8e92,0,dfb88995-ff0a-4025-878b-b544364f8e92::eave-chain::0:7,1,3.774107,27.472815,-2.0326,"[0.2182, -4.5331]","[1.9593, -1.1846]","[""dfb88995-ff0a-4025-878b-b544364f8e92::ceiling-raw::0:1:0""]"
dfb88995-ff0a-4025-878b-b544364f8e92,1,dfb88995-ff0a-4025-878b-b544364f8e92::eave-chain::1:0,1,5.267213,27.335649,-0.8622,"[-3.4506, 3.5357]","[-5.8693, -1.1433]","[""dfb88995-ff0a-4025-878b-b544364f8e92::ceiling-raw::1:5:1""]"
dfb88995-ff0a-4025-878b-b544364f8e92,1,dfb88995-ff0a-4025-878b-b544364f8e92::eave-chain::1:1,2,2.406174,27.790041,0.669,"[0.389494, -0.240602]","[1.511141, 1.887686]","[""dfb88995-ff0a-4025-878b-b544364f8e92::ceiling-raw::1:7:0""]"
dfb88995-ff0a-4025-878b-b544364f8e92,1,dfb88995-ff0a-4025-878b-b544364f8e92::eave-chain::1:2,1,1.769333,117.063238,0.669,"[1.5225, 1.8817]","[-0.0531, 2.6867]","[""dfb88995-ff0a-4025-878b-b544364f8e92::ceiling-raw::1:7:0""]"
dfb88995-ff0a-4025-878b-b544364f8e92,1,dfb88995-ff0a-4025-878b-b544364f8e92::eave-chain::1:3,1,2.40543,27.065717,0.669,"[-0.0531, 2.6867]","[-1.1476, 0.5447]","[""dfb88995-ff0a-4025-878b-b544364f8e92::ceiling-raw::1:7:0""]"
e0155eef-34a5-4642-bca6-39b83ee42af1,0,e0155eef-34a5-4642-bca6-39b83ee42af1::eave-chain::0:0,1,1.977544,26.381058,2.1361,"[-4.2822, 1.7222]","[-3.4035, 3.4938]","[""e0155eef-34a5-4642-bca6-39b83ee42af1::ceiling-raw::0:6:0""]"
e0155eef-34a5-4642-bca6-39b83ee42af1,0,e0155eef-34a5-4642-bca6-39b83ee42af1::eave-chain::0:1,2,5.570496,116.416179,2.102047,"[-2.64233, 3.11577]","[-6.991767, 5.27638]","[""e0155eef-34a5-4642-bca6-39b83ee42af1::ceiling-raw::0:6:0"", ""e0155eef-34a5-4642-bca6-39b83ee42af1::ceiling-raw::0:7:2""]"
e0155eef-34a5-4642-bca6-39b83ee42af1,0,e0155eef-34a5-4642-bca6-39b83ee42af1::eave-chain::0:2,3,5.467618,26.381214,2.143861,"[-6.993179, 5.274238]","[-9.422687, 0.375992]","[""e0155eef-34a5-4642-bca6-39b83ee42af1::ceiling-raw::0:6:0"", ""e0155eef-34a5-4642-bca6-39b83ee42af1::ceiling-raw::0:6:2"", ""e0155eef-34a5-4642-bca6-39b83ee42af1::ceiling-raw::0:6:5""]"
e0155eef-34a5-4642-bca6-39b83ee42af1,0,e0155eef-34a5-4642-bca6-39b83ee42af1::eave-chain::0:3,2,4.231089,116.323012,2.133003,"[-9.422341, 0.375717]","[-5.62914, -1.500896]","[""e0155eef-34a5-4642-bca6-39b83ee42af1::ceiling-raw::0:6:5"", ""e0155eef-34a5-4642-bca6-39b83ee42af1::ceiling-raw::0:6:7""]"
e0155eef-34a5-4642-bca6-39b83ee42af1,0,e0155eef-34a5-4642-bca6-39b83ee42af1::eave-chain::0:4,1,4.404205,140.818236,2.1361,"[-5.8303, -1.4058]","[-8.6128, 2.0081]","[""e0155eef-34a5-4642-bca6-39b83ee42af1::ceiling-raw::0:6:5""]"
e0155eef-34a5-4642-bca6-39b83ee42af1,0,e0155eef-34a5-4642-bca6-39b83ee42af1::eave-chain::0:5,1,1.17424,55.948599,2.1361,"[-5.6318, -1.5042]","[-4.6589, -0.8467]","[""e0155eef-34a5-4642-bca6-39b83ee42af1::ceiling-raw::0:6:8""]"
e0155eef-34a5-4642-bca6-39b83ee42af1,0,e0155eef-34a5-4642-bca6-39b83ee42af1::eave-chain::0:6,3,3.347321,23.357989,1.923211,"[-3.720201, 0.670798]","[-2.662951, 3.118882]","[""e0155eef-34a5-4642-bca6-39b83ee42af1::ceiling-raw::0:7:1"", ""e0155eef-34a5-4642-bca6-39b83ee42af1::ceiling-raw::0:7:2"", ""e0155eef-34a5-4642-bca6-39b83ee42af1::ceiling-raw::0:8:0""]"
e0155eef-34a5-4642-bca6-39b83ee42af1,0,e0155eef-34a5-4642-bca6-39b83ee42af1::eave-chain::0:7,2,3.336772,54.674308,2.0148,"[-3.1443, 2.0814]","[-4.5055, 1.1167]","[""e0155eef-34a5-4642-bca6-39b83ee42af1::ceiling-raw::0:7:1"", ""e0155eef-34a5-4642-bca6-39b83ee42af1::ceiling-raw::0:7:3""]"
e0155eef-34a5-4642-bca6-39b83ee42af1,0,e0155eef-34a5-4642-bca6-39b83ee42af1::eave-chain::0:8,2,1.401392,112.495899,2.0148,"[-3.083881, 2.223874]","[-3.802529, 2.521488]","[""e0155eef-34a5-4642-bca6-39b83ee42af1::ceiling-raw::0:7:2"", ""e0155eef-34a5-4642-bca6-39b83ee42af1::ceiling-raw::0:7:3""]"
e0155eef-34a5-4642-bca6-39b83ee42af1,0,e0155eef-34a5-4642-bca6-39b83ee42af1::eave-chain::0:9,1,1.181201,26.899121,2.0148,"[-4.0393, 3.8186]","[-4.5737, 2.7652]","[""e0155eef-34a5-4642-bca6-39b83ee42af1::ceiling-raw::0:7:2""]"
e0155eef-34a5-4642-bca6-39b83ee42af1,0,e0155eef-34a5-4642-bca6-39b83ee42af1::eave-chain::0:10,1,1.932332,116.126129,1.6955,"[-1.5342, 0.7313]","[-3.2691, 1.5822]","[""e0155eef-34a5-4642-bca6-39b83ee42af1::ceiling-raw::0:8:0""]"
e0155eef-34a5-4642-bca6-39b83ee42af1,0,e0155eef-34a5-4642-bca6-39b83ee42af1::eave-chain::0:11,1,1.932288,116.123466,1.6955,"[-3.6918, 0.7201]","[-1.9569, -0.1307]","[""e0155eef-34a5-4642-bca6-39b83ee42af1::ceiling-raw::0:8:0""]"
e0155eef-34a5-4642-bca6-39b83ee42af1,0,e0155eef-34a5-4642-bca6-39b83ee42af1::eave-chain::0:12,1,0.960062,26.122003,1.6955,"[-1.9569, -0.1307]","[-1.5342, 0.7313]","[""e0155eef-34a5-4642-bca6-39b83ee42af1::ceiling-raw::0:8:0""]"
e0155eef-34a5-4642-bca6-39b83ee42af1,0,e0155eef-34a5-4642-bca6-39b83ee42af1::eave-chain::0:13,3,12.72378,116.134087,0.900565,"[1.677152, -4.916905]","[-4.150416, -2.057709]","[""e0155eef-34a5-4642-bca6-39b83ee42af1::ceiling-raw::0:10:0"", ""e0155eef-34a5-4642-bca6-39b83ee42af1::ceiling-raw::0:10:1"", ""e0155eef-34a5-4642-bca6-39b83ee42af1::ceiling-raw::0:9:0""]"
e0155eef-34a5-4642-bca6-39b83ee42af1,0,e0155eef-34a5-4642-bca6-39b83ee42af1::eave-chain::0:14,2,5.169153,26.658345,0.904183,"[-3.224161, -0.254863]","[-5.610997, -5.009165]","[""e0155eef-34a5-4642-bca6-39b83ee42af1::ceiling-raw::0:10:1"", ""e0155eef-34a5-4642-bca6-39b83ee42af1::ceiling-raw::0:9:0""]"
e0155eef-34a5-4642-bca6-39b83ee42af1,0,e0155eef-34a5-4642-bca6-39b83ee42af1::eave-chain::0:15,1,6.571771,115.523956,0.9158,"[-5.6422, -4.9935]","[0.2882, -7.8252]","[""e0155eef-34a5-4642-bca6-39b83ee42af1::ceiling-raw::0:9:0""]"
e0155eef-34a5-4642-bca6-39b83ee42af1,0,e0155eef-34a5-4642-bca6-39b83ee42af1::eave-chain::0:16,2,5.354393,25.359604,0.903493,"[0.287345, -7.824795]","[2.597851, -2.950013]","[""e0155eef-34a5-4642-bca6-39b83ee42af1::ceiling-raw::0:10:0"", ""e0155eef-34a5-4642-bca6-39b83ee42af1::ceiling-raw::0:9:0""]"
e0155eef-34a5-4642-bca6-39b83ee42af1,0,e0155eef-34a5-4642-bca6-39b83ee42af1::eave-chain::0:17,2,6.31058,114.980694,0.8853,"[2.611929, -2.923593]","[-3.251282, -0.191937]","[""e0155eef-34a5-4642-bca6-39b83ee42af1::ceiling-raw::0:10:0"", ""e0155eef-34a5-4642-bca6-39b83ee42af1::ceiling-raw::0:10:1""]"
e0155eef-34a5-4642-bca6-39b83ee42af1,0,e0155eef-34a5-4642-bca6-39b83ee42af1::eave-chain::0:18,2,4.571787,25.836422,0.8853,"[-0.9664, -1.0928]","[-1.9626, -3.1502]","[""e0155eef-34a5-4642-bca6-39b83ee42af1::ceiling-raw::0:10:0"", ""e0155eef-34a5-4642-bca6-39b83ee42af1::ceiling-raw::0:10:1""]"
e0155eef-34a5-4642-bca6-39b83ee42af1,0,e0155eef-34a5-4642-bca6-39b83ee42af1::eave-chain::0:19,1,0.275331,60.995927,0.8853,"[-0.9664, -1.0928]","[-1.2072, -1.2263]","[""e0155eef-34a5-4642-bca6-39b83ee42af1::ceiling-raw::0:10:1""]"
e0155eef-34a5-4642-bca6-39b83ee42af1,2,e0155eef-34a5-4642-bca6-39b83ee42af1::eave-chain::2:0,1,4.209746,116.123761,4.3988,"[-4.8531, 0.2203]","[-8.6328, 2.0739]","[""e0155eef-34a5-4642-bca6-39b83ee42af1::ceiling-raw::2:3:3""]"
e0155eef-34a5-4642-bca6-39b83ee42af1,2,e0155eef-34a5-4642-bca6-39b83ee42af1::eave-chain::2:1,1,0.798088,115.27105,4.3988,"[-4.0644, 1.8286]","[-3.3427, 1.4879]","[""e0155eef-34a5-4642-bca6-39b83ee42af1::ceiling-raw::2:3:6""]"
e0155eef-34a5-4642-bca6-39b83ee42af1,2,e0155eef-34a5-4642-bca6-39b83ee42af1::eave-chain::2:2,1,0.797965,115.752605,3.2545,"[-2.9346, 2.3201]","[-3.6533, 2.6668]","[""e0155eef-34a5-4642-bca6-39b83ee42af1::ceiling-raw::2:3:6""]"
e0155eef-34a5-4642-bca6-39b83ee42af1,2,e0155eef-34a5-4642-bca6-39b83ee42af1::eave-chain::2:3,1,3.182855,115.840489,4.39875,"[-7.8544, 3.6613]","[-4.9898, 2.274]","[""e0155eef-34a5-4642-bca6-39b83ee42af1::ceiling-raw::2:3:7""]"
e0155eef-34a5-4642-bca6-39b83ee42af1,2,e0155eef-34a5-4642-bca6-39b83ee42af1::eave-chain::2:4,1,3.182756,115.997466,3.2545,"[-4.5922, 3.0848]","[-7.4529, 4.4799]","[""e0155eef-34a5-4642-bca6-39b83ee42af1::ceiling-raw::2:3:7""]"
e0155eef-34a5-4642-bca6-39b83ee42af1,3,e0155eef-34a5-4642-bca6-39b83ee42af1::eave-chain::3:0,1,2.333809,116.123681,7.3488,"[-2.1678, -3.2764]","[-4.2632, -2.2488]","[""e0155eef-34a5-4642-bca6-39b83ee42af1::ceiling-raw::3:0:8""]"
e0155eef-34a5-4642-bca6-39b83ee42af1,3,e0155eef-34a5-4642-bca6-39b83ee42af1::eave-chain::3:1,1,0.863326,26.128752,6.0977,"[-3.8636, -1.275]","[-4.2438, -2.0501]","[""e0155eef-34a5-4642-bca6-39b83ee42af1::ceiling-raw::3:1:0""]"
e0155eef-34a5-4642-bca6-39b83ee42af1,3,e0155eef-34a5-4642-bca6-39b83ee42af1::eave-chain::3:2,1,2.161984,116.125344,6.0977,"[-4.2438, -2.0501]","[-2.3027, -3.0021]","[""e0155eef-34a5-4642-bca6-39b83ee42af1::ceiling-raw::3:1:0""]"
e0155eef-34a5-4642-bca6-39b83ee42af1,3,e0155eef-34a5-4642-bca6-39b83ee42af1::eave-chain::3:3,2,1.837781,125.70321,4.847378,"[-1.424161, -1.245297]","[-2.947088, -0.150833]","[""e0155eef-34a5-4642-bca6-39b83ee42af1::ceiling-raw::3:1:1"", ""e0155eef-34a5-4642-bca6-39b83ee42af1::ceiling-raw::3:1:2""]"
e0155eef-34a5-4642-bca6-39b83ee42af1,3,e0155eef-34a5-4642-bca6-39b83ee42af1::eave-chain::3:4,1,0.72698,118.331182,5.92545,"[-0.1919, -1.0231]","[0.448, -1.3681]","[""e0155eef-34a5-4642-bca6-39b83ee42af1::ceiling-raw::3:2:1""]"
e0155eef-34a5-4642-bca6-39b83ee42af1,3,e0155eef-34a5-4642-bca6-39b83ee42af1::eave-chain::3:5,1,1.85887,115.939224,6.1941,"[1.8726, 0.582]","[0.201, 1.3951]","[""e0155eef-34a5-4642-bca6-39b83ee42af1::ceiling-raw::3:2:1""]"
e0155eef-34a5-4642-bca6-39b83ee42af1,3,e0155eef-34a5-4642-bca6-39b83ee42af1::eave-chain::3:6,1,2.346185,25.923956,6.1941,"[0.2009, 1.3949]","[-0.8248, -0.7152]","[""e0155eef-34a5-4642-bca6-39b83ee42af1::ceiling-raw::3:2:2""]"
e0155eef-34a5-4642-bca6-39b83ee42af1,3,e0155eef-34a5-4642-bca6-39b83ee42af1::eave-chain::3:7,1,2.376956,25.922553,6.1941,"[0.8336, -1.5555]","[1.8727, 0.5823]","[""e0155eef-34a5-4642-bca6-39b83ee42af1::ceiling-raw::3:2:3""]"
e01a968a-24dd-4ca3-b46f-5aff03b1779f,0,e01a968a-24dd-4ca3-b46f-5aff03b1779f::eave-chain::0:0,2,3.970677,27.706844,0.620941,"[-3.688802, 1.282355]","[-4.760086, -0.757549]","[""e01a968a-24dd-4ca3-b46f-5aff03b1779f::ceiling-raw::0:0:0"", ""e01a968a-24dd-4ca3-b46f-5aff03b1779f::ceiling-raw::0:1:0""]"
e01a968a-24dd-4ca3-b46f-5aff03b1779f,0,e01a968a-24dd-4ca3-b46f-5aff03b1779f::eave-chain::0:1,2,4.061024,27.175421,0.635588,"[-5.997557, -0.146959]","[-4.91203, 1.96748]","[""e01a968a-24dd-4ca3-b46f-5aff03b1779f::ceiling-raw::0:0:0"", ""e01a968a-24dd-4ca3-b46f-5aff03b1779f::ceiling-raw::0:5:0""]"
e01a968a-24dd-4ca3-b46f-5aff03b1779f,0,e01a968a-24dd-4ca3-b46f-5aff03b1779f::eave-chain::0:2,5,16.319051,117.239489,0.647839,"[-14.012522, 4.001993]","[0.707695, -3.576]","[""e01a968a-24dd-4ca3-b46f-5aff03b1779f::ceiling-raw::0:0:0"", ""e01a968a-24dd-4ca3-b46f-5aff03b1779f::ceiling-raw::0:1:0"", ""e01a968a-24dd-4ca3-b46f-5aff03b1779f::ceiling-raw::0:4:0"", ""e01a968a-24dd-4ca3-b46f-5aff03b1779f::ceiling-raw::0:5:0"", ""e01a968a-24dd-4ca3-b46f-5aff03b1779f::ceiling-raw::0:6:0""]"
e01a968a-24dd-4ca3-b46f-5aff03b1779f,0,e01a968a-24dd-4ca3-b46f-5aff03b1779f::eave-chain::0:3,2,4.557883,27.375707,0.653315,"[-2.062223, -2.149398]","[-1.005103, -0.107889]","[""e01a968a-24dd-4ca3-b46f-5aff03b1779f::ceiling-raw::0:1:0"", ""e01a968a-24dd-4ca3-b46f-5aff03b1779f::ceiling-raw::0:6:0""]"
e01a968a-24dd-4ca3-b46f-5aff03b1779f,0,e01a968a-24dd-4ca3-b46f-5aff03b1779f::eave-chain::0:4,4,15.822188,117.449703,0.669954,"[3.793761, 2.30581]","[-10.929773, 9.953977]","[""e01a968a-24dd-4ca3-b46f-5aff03b1779f::ceiling-raw::0:2:0"", ""e01a968a-24dd-4ca3-b46f-5aff03b1779f::ceiling-raw::0:3:0"", ""e01a968a-24dd-4ca3-b46f-5aff03b1779f::ceiling-raw::0:4:0"", ""e01a968a-24dd-4ca3-b46f-5aff03b1779f::ceiling-raw::0:5:0""]"
e01a968a-24dd-4ca3-b46f-5aff03b1779f,0,e01a968a-24dd-4ca3-b46f-5aff03b1779f::eave-chain::0:5,2,6.249326,27.4015,0.691743,"[-4.11379, 2.843226]","[-2.655381, 5.656602]","[""e01a968a-24dd-4ca3-b46f-5aff03b1779f::ceiling-raw::0:2:0"", ""e01a968a-24dd-4ca3-b46f-5aff03b1779f::ceiling-raw::0:5:0""]"
e01a968a-24dd-4ca3-b46f-5aff03b1779f,0,e01a968a-24dd-4ca3-b46f-5aff03b1779f::eave-chain::0:6,3,8.67016,118.165151,0.686733,"[-4.034864, 2.90383]","[2.336235, -0.507335]","[""e01a968a-24dd-4ca3-b46f-5aff03b1779f::ceiling-raw::0:2:0"", ""e01a968a-24dd-4ca3-b46f-5aff03b1779f::ceiling-raw::0:3:0"", ""e01a968a-24dd-4ca3-b46f-5aff03b1779f::ceiling-raw::0:6:0""]"
e01a968a-24dd-4ca3-b46f-5aff03b1779f,0,e01a968a-24dd-4ca3-b46f-5aff03b1779f::eave-chain::0:7,1,3.080407,27.381095,0.7173,"[-1.0451, 1.351]","[0.3716, 4.0863]","[""e01a968a-24dd-4ca3-b46f-5aff03b1779f::ceiling-raw::0:2:0""]"
e01a968a-24dd-4ca3-b46f-5aff03b1779f,0,e01a968a-24dd-4ca3-b46f-5aff03b1779f::eave-chain::0:8,2,6.609057,27.686043,0.666612,"[0.703924, -3.58215]","[3.793271, 2.305673]","[""e01a968a-24dd-4ca3-b46f-5aff03b1779f::ceiling-raw::0:3:0"", ""e01a968a-24dd-4ca3-b46f-5aff03b1779f::ceiling-raw::0:6:0""]"
e01a968a-24dd-4ca3-b46f-5aff03b1779f,0,e01a968a-24dd-4ca3-b46f-5aff03b1779f::eave-chain::0:9,1,3.139222,27.382131,0.6695,"[0.9641, 3.771]","[-0.4797, 0.9835]","[""e01a968a-24dd-4ca3-b46f-5aff03b1779f::ceiling-raw::0:3:0""]"
e01a968a-24dd-4ca3-b46f-5aff03b1779f,0,e01a968a-24dd-4ca3-b46f-5aff03b1779f::eave-chain::0:10,1,6.69171,27.38145,0.6494,"[-10.9308, 9.952]","[-14.0084, 4.01]","[""e01a968a-24dd-4ca3-b46f-5aff03b1779f::ceiling-raw::0:4:0""]"
e01a968a-24dd-4ca3-b46f-5aff03b1779f,0,e01a968a-24dd-4ca3-b46f-5aff03b1779f::eave-chain::0:11,3,11.009174,27.098713,0.656263,"[-7.393346, 0.575643]","[-4.341729, 6.539356]","[""e01a968a-24dd-4ca3-b46f-5aff03b1779f::ceiling-raw::0:4:0"", ""e01a968a-24dd-4ca3-b46f-5aff03b1779f::ceiling-raw::0:5:0""]"
e028bcc5-73ee-45f9-924b-d7badbc66caf,0,e028bcc5-73ee-45f9-924b-d7badbc66caf::eave-chain::0:0,1,2.91527,51.730621,-1.8,"[5.8385, 2.5236]","[3.5497, 0.718]","[""e028bcc5-73ee-45f9-924b-d7badbc66caf::ceiling-raw::0:0:0""]"
e028bcc5-73ee-45f9-924b-d7badbc66caf,0,e028bcc5-73ee-45f9-924b-d7badbc66caf::eave-chain::0:1,1,0.495988,141.729879,-1.8,"[3.5497, 0.718]","[3.8569, 0.3286]","[""e028bcc5-73ee-45f9-924b-d7badbc66caf::ceiling-raw::0:0:0""]"
e028bcc5-73ee-45f9-924b-d7badbc66caf,0,e028bcc5-73ee-45f9-924b-d7badbc66caf::eave-chain::0:2,1,0.484165,51.726458,-1.8,"[3.8569, 0.3286]","[3.4768, 0.0287]","[""e028bcc5-73ee-45f9-924b-d7badbc66caf::ceiling-raw::0:0:0""]"
e028bcc5-73ee-45f9-924b-d7badbc66caf,0,e028bcc5-73ee-45f9-924b-d7badbc66caf::eave-chain::0:3,1,1.987451,141.732345,-1.8,"[3.4768, 0.0287]","[4.7077, -1.5317]","[""e028bcc5-73ee-45f9-924b-d7badbc66caf::ceiling-raw::0:0:0""]"
e028bcc5-73ee-45f9-924b-d7badbc66caf,0,e028bcc5-73ee-45f9-924b-d7badbc66caf::eave-chain::0:4,1,3.399513,51.731072,-1.8,"[4.7077, -1.5317]","[7.3767, 0.5738]","[""e028bcc5-73ee-45f9-924b-d7badbc66caf::ceiling-raw::0:0:0""]"
e028bcc5-73ee-45f9-924b-d7badbc66caf,0,e028bcc5-73ee-45f9-924b-d7badbc66caf::eave-chain::0:5,1,2.483501,141.730041,-1.8,"[7.3767, 0.5738]","[5.8385, 2.5236]","[""e028bcc5-73ee-45f9-924b-d7badbc66caf::ceiling-raw::0:0:0""]"
e028bcc5-73ee-45f9-924b-d7badbc66caf,1,e028bcc5-73ee-45f9-924b-d7badbc66caf::eave-chain::1:0,1,2.734119,51.364083,0.8953,"[-1.3074, 16.8092]","[-3.4431, 15.1021]","[""e028bcc5-73ee-45f9-924b-d7badbc66caf::ceiling-raw::1:10:0""]"
e028bcc5-73ee-45f9-924b-d7badbc66caf,1,e028bcc5-73ee-45f9-924b-d7badbc66caf::eave-chain::1:1,3,14.307344,141.533004,-0.060132,"[8.449803, 6.044509]","[-0.570639, 17.398177]","[""e028bcc5-73ee-45f9-924b-d7badbc66caf::ceiling-raw::1:10:1"", ""e028bcc5-73ee-45f9-924b-d7badbc66caf::ceiling-raw::1:11:1"", ""e028bcc5-73ee-45f9-924b-d7badbc66caf::ceiling-raw::1:13:11""]"
e028bcc5-73ee-45f9-924b-d7badbc66caf,1,e028bcc5-73ee-45f9-924b-d7badbc66caf::eave-chain::1:2,3,8.468106,141.296615,-0.022488,"[-4.113318, 14.56631]","[1.707441, 7.301696]","[""e028bcc5-73ee-45f9-924b-d7badbc66caf::ceiling-raw::1:10:2"", ""e028bcc5-73ee-45f9-924b-d7badbc66caf::ceiling-raw::1:12:2"", ""e028bcc5-73ee-45f9-924b-d7badbc66caf::ceiling-raw::1:12:3""]"
e028bcc5-73ee-45f9-924b-d7badbc66caf,1,e028bcc5-73ee-45f9-924b-d7badbc66caf::eave-chain::1:3,1,2.341676,141.444512,0.88855,"[6.1553, 7.2082]","[7.6148, 5.377]","[""e028bcc5-73ee-45f9-924b-d7badbc66caf::ceiling-raw::1:13:11""]"
e028bcc5-73ee-45f9-924b-d7badbc66caf,1,e028bcc5-73ee-45f9-924b-d7badbc66caf::eave-chain::1:4,1,2.302314,141.3639,0.9032,"[0.861, 1.5417]","[2.2985, -0.2567]","[""e028bcc5-73ee-45f9-924b-d7badbc66caf::ceiling-raw::1:14:0""]"
e028bcc5-73ee-45f9-924b-d7badbc66caf,1,e028bcc5-73ee-45f9-924b-d7badbc66caf::eave-chain::1:5,1,4.33554,51.36372,0.9032,"[2.2985, -0.2567]","[5.6851, 2.4503]","[""e028bcc5-73ee-45f9-924b-d7badbc66caf::ceiling-raw::1:14:0""]"
e028bcc5-73ee-45f9-924b-d7badbc66caf,1,e028bcc5-73ee-45f9-924b-d7badbc66caf::eave-chain::1:6,1,2.268799,141.363067,0.9032,"[5.6851, 2.4503]","[4.2685, 4.2225]","[""e028bcc5-73ee-45f9-924b-d7badbc66caf::ceiling-raw::1:14:0""]"
e028bcc5-73ee-45f9-924b-d7badbc66caf,1,e028bcc5-73ee-45f9-924b-d7badbc66caf::eave-chain::1:7,1,8.115461,51.362685,-1.0819,"[-2.5211, -7.2753]","[3.818, -2.2081]","[""e028bcc5-73ee-45f9-924b-d7badbc66caf::ceiling-raw::1:15:5""]"
e0796748-79fd-40ae-be1f-e5977a9fe1e5,0,e0796748-79fd-40ae-be1f-e5977a9fe1e5::eave-chain::0:0,3,9.746875,102.863134,0.496936,"[-0.982291, -4.770348]","[-6.462248, -3.518981]","[""e0796748-79fd-40ae-be1f-e5977a9fe1e5::ceiling-raw::0:0:0"", ""e0796748-79fd-40ae-be1f-e5977a9fe1e5::ceiling-raw::0:1:0"", ""e0796748-79fd-40ae-be1f-e5977a9fe1e5::ceiling-raw::0:2:0""]"
e0796748-79fd-40ae-be1f-e5977a9fe1e5,0,e0796748-79fd-40ae-be1f-e5977a9fe1e5::eave-chain::0:1,3,7.999799,15.311225,0.509166,"[-5.027262, 1.220933]","[-7.198925, -6.711223]","[""e0796748-79fd-40ae-be1f-e5977a9fe1e5::ceiling-raw::0:0:0"", ""e0796748-79fd-40ae-be1f-e5977a9fe1e5::ceiling-raw::0:2:0"", ""e0796748-79fd-40ae-be1f-e5977a9fe1e5::ceiling-raw::0:3:0""]"
e0796748-79fd-40ae-be1f-e5977a9fe1e5,0,e0796748-79fd-40ae-be1f-e5977a9fe1e5::eave-chain::0:2,1,4.43124,103.038325,0.4714,"[-7.2012, -6.7106]","[-2.8842, -7.7103]","[""e0796748-79fd-40ae-be1f-e5977a9fe1e5::ceiling-raw::0:0:0""]"
e0796748-79fd-40ae-be1f-e5977a9fe1e5,0,e0796748-79fd-40ae-be1f-e5977a9fe1e5::eave-chain::0:3,1,3.243922,13.037642,0.4714,"[-2.8842, -7.7103]","[-2.1524, -4.55]","[""e0796748-79fd-40ae-be1f-e5977a9fe1e5::ceiling-raw::0:0:0""]"
e0796748-79fd-40ae-be1f-e5977a9fe1e5,0,e0796748-79fd-40ae-be1f-e5977a9fe1e5::eave-chain::0:4,3,5.357901,14.773698,0.525962,"[-0.692607, -3.698324]","[-1.801928, -7.904753]","[""e0796748-79fd-40ae-be1f-e5977a9fe1e5::ceiling-raw::0:1:0"", ""e0796748-79fd-40ae-be1f-e5977a9fe1e5::ceiling-raw::0:9:0""]"
e0796748-79fd-40ae-be1f-e5977a9fe1e5,0,e0796748-79fd-40ae-be1f-e5977a9fe1e5::eave-chain::0:5,2,6.555668,103.01506,0.534983,"[-2.441142, -1.860373]","[-5.66032, -1.116276]","[""e0796748-79fd-40ae-be1f-e5977a9fe1e5::ceiling-raw::0:2:0"", ""e0796748-79fd-40ae-be1f-e5977a9fe1e5::ceiling-raw::0:3:0""]"
e0796748-79fd-40ae-be1f-e5977a9fe1e5,0,e0796748-79fd-40ae-be1f-e5977a9fe1e5::eave-chain::0:6,3,9.592051,106.164015,0.567091,"[-5.064523, 1.226582]","[2.263891, -0.897529]","[""e0796748-79fd-40ae-be1f-e5977a9fe1e5::ceiling-raw::0:10:6"", ""e0796748-79fd-40ae-be1f-e5977a9fe1e5::ceiling-raw::0:3:0"", ""e0796748-79fd-40ae-be1f-e5977a9fe1e5::ceiling-raw::0:4:0""]"
e0796748-79fd-40ae-be1f-e5977a9fe1e5,0,e0796748-79fd-40ae-be1f-e5977a9fe1e5::eave-chain::0:7,2,3.996916,103.021122,0.452051,"[-0.032813, -1.693855]","[1.970624, -2.157163]","[""e0796748-79fd-40ae-be1f-e5977a9fe1e5::ceiling-raw::0:11:0"", ""e0796748-79fd-40ae-be1f-e5977a9fe1e5::ceiling-raw::0:4:0""]"
e0796748-79fd-40ae-be1f-e5977a9fe1e5,0,e0796748-79fd-40ae-be1f-e5977a9fe1e5::eave-chain::0:8,7,18.609887,13.177579,0.585739,"[0.413226, -8.41795]","[4.814609, 10.380526]","[""e0796748-79fd-40ae-be1f-e5977a9fe1e5::ceiling-raw::0:10:3"", ""e0796748-79fd-40ae-be1f-e5977a9fe1e5::ceiling-raw::0:10:4"", ""e0796748-79fd-40ae-be1f-e5977a9fe1e5::ceiling-raw::0:11:0"", ""e0796748-79fd-40ae-be1f-e5977a9fe1e5::ceiling-raw::0:4:0"", ""e0796748-79fd-40ae-be1f-e5977a9fe1e5::ceiling-raw::0:6:0"", ""e0796748-79fd-40ae-be1f-e5977a9fe1e5::ceiling-raw::0:8:1"", ""e0796748-79fd-40ae-be1f-e5977a9fe1e5::ceiling-raw::0:9:0""]"
e0796748-79fd-40ae-be1f-e5977a9fe1e5,0,e0796748-79fd-40ae-be1f-e5977a9fe1e5::eave-chain::0:9,3,10.282259,104.116795,0.688619,"[4.021529, 6.839663]","[-3.517217, 8.735615]","[""e0796748-79fd-40ae-be1f-e5977a9fe1e5::ceiling-raw::0:6:0"", ""e0796748-79fd-40ae-be1f-e5977a9fe1e5::ceiling-raw::0:8:0"", ""e0796748-79fd-40ae-be1f-e5977a9fe1e5::ceiling-raw::0:8:1""]"
e0796748-79fd-40ae-be1f-e5977a9fe1e5,0,e0796748-79fd-40ae-be1f-e5977a9fe1e5::eave-chain::0:10,3,11.982166,103.179596,0.630229,"[-4.686718, 3.685394]","[2.804946, 1.931055]","[""e0796748-79fd-40ae-be1f-e5977a9fe1e5::ceiling-raw::0:10:3"", ""e0796748-79fd-40ae-be1f-e5977a9fe1e5::ceiling-raw::0:6:0"", ""e0796748-79fd-40ae-be1f-e5977a9fe1e5::ceiling-raw::0:7:0""]"
e0796748-79fd-40ae-be1f-e5977a9fe1e5,0,e0796748-79fd-40ae-be1f-e5977a9fe1e5::eave-chain::0:11,3,13.481111,103.050156,0.703613,"[-3.848938, 7.51881]","[0.574759, 6.493439]","[""e0796748-79fd-40ae-be1f-e5977a9fe1e5::ceiling-raw::0:7:0"", ""e0796748-79fd-40ae-be1f-e5977a9fe1e5::ceiling-raw::0:8:0"", ""e0796748-79fd-40ae-be1f-e5977a9fe1e5::ceiling-raw::0:8:1""]"
e0796748-79fd-40ae-be1f-e5977a9fe1e5,0,e0796748-79fd-40ae-be1f-e5977a9fe1e5::eave-chain::0:12,3,9.840462,12.740782,0.712464,"[-2.769679, 12.13677]","[-4.67827, 3.695704]","[""e0796748-79fd-40ae-be1f-e5977a9fe1e5::ceiling-raw::0:7:0"", ""e0796748-79fd-40ae-be1f-e5977a9fe1e5::ceiling-raw::0:8:0"", ""e0796748-79fd-40ae-be1f-e5977a9fe1e5::ceiling-raw::0:8:1""]"
e0796748-79fd-40ae-be1f-e5977a9fe1e5,0,e0796748-79fd-40ae-be1f-e5977a9fe1e5::eave-chain::0:13,1,7.821943,103.037935,0.7454,"[4.8412, 10.3743]","[-2.7791, 12.1389]","[""e0796748-79fd-40ae-be1f-e5977a9fe1e5::ceiling-raw::0:8:1""]"
e0796748-79fd-40ae-be1f-e5977a9fe1e5,0,e0796748-79fd-40ae-be1f-e5977a9fe1e5::eave-chain::0:14,1,2.234505,103.038052,0.531,"[-1.7972, -7.906]","[0.3797, -8.4101]","[""e0796748-79fd-40ae-be1f-e5977a9fe1e5::ceiling-raw::0:9:0""]"
e0796748-79fd-40ae-be1f-e5977a9fe1e5,0,e0796748-79fd-40ae-be1f-e5977a9fe1e5::eave-chain::0:15,2,3.99939,102.704887,0.428859,"[1.454499, -4.102016]","[-0.627668, -3.632593]","[""e0796748-79fd-40ae-be1f-e5977a9fe1e5::ceiling-raw::0:11:0"", ""e0796748-79fd-40ae-be1f-e5977a9fe1e5::ceiling-raw::0:9:0""]"
e496ca55-bafb-4b8b-b3f1-5f6fb5ae8c7e,0,e496ca55-bafb-4b8b-b3f1-5f6fb5ae8c7e::eave-chain::0:0,1,4.036388,35.000393,-1.6083,"[8.9089, -3.2277]","[6.5937, -6.5341]","[""e496ca55-bafb-4b8b-b3f1-5f6fb5ae8c7e::ceiling-raw::0:2:0""]"
e496ca55-bafb-4b8b-b3f1-5f6fb5ae8c7e,0,e496ca55-bafb-4b8b-b3f1-5f6fb5ae8c7e::eave-chain::0:1,1,3.448418,124.99937,-1.6083,"[6.5937, -6.5341]","[9.4185, -8.512]","[""e496ca55-bafb-4b8b-b3f1-5f6fb5ae8c7e::ceiling-raw::0:2:0""]"
e496ca55-bafb-4b8b-b3f1-5f6fb5ae8c7e,0,e496ca55-bafb-4b8b-b3f1-5f6fb5ae8c7e::eave-chain::0:2,2,5.655314,35.37322,-1.613396,"[9.416506, -8.510585]","[12.718557, -3.859546]","[""e496ca55-bafb-4b8b-b3f1-5f6fb5ae8c7e::ceiling-raw::0:2:0"", ""e496ca55-bafb-4b8b-b3f1-5f6fb5ae8c7e::ceiling-raw::0:3:0""]"
e496ca55-bafb-4b8b-b3f1-5f6fb5ae8c7e,0,e496ca55-bafb-4b8b-b3f1-5f6fb5ae8c7e::eave-chain::0:3,2,5.491385,124.759235,-1.614922,"[11.783891, -5.204043]","[8.917704, -3.215014]","[""e496ca55-bafb-4b8b-b3f1-5f6fb5ae8c7e::ceiling-raw::0:2:0"", ""e496ca55-bafb-4b8b-b3f1-5f6fb5ae8c7e::ceiling-raw::0:3:0""]"
e496ca55-bafb-4b8b-b3f1-5f6fb5ae8c7e,0,e496ca55-bafb-4b8b-b3f1-5f6fb5ae8c7e::eave-chain::0:4,1,2.043107,125.00075,-1.6261,"[12.723, -3.8627]","[11.0494, -2.6908]","[""e496ca55-bafb-4b8b-b3f1-5f6fb5ae8c7e::ceiling-raw::0:3:0""]"
e496ca55-bafb-4b8b-b3f1-5f6fb5ae8c7e,1,e496ca55-bafb-4b8b-b3f1-5f6fb5ae8c7e::eave-chain::1:0,1,7.672555,125.33437,1.3077,"[3.0869, -4.2027]","[9.3461, -8.6401]","[""e496ca55-bafb-4b8b-b3f1-5f6fb5ae8c7e::ceiling-raw::1:13:0""]"
e496ca55-bafb-4b8b-b3f1-5f6fb5ae8c7e,1,e496ca55-bafb-4b8b-b3f1-5f6fb5ae8c7e::eave-chain::1:1,1,4.017102,35.334734,1.3077,"[9.3461, -8.6401]","[11.6694, -5.363]","[""e496ca55-bafb-4b8b-b3f1-5f6fb5ae8c7e::ceiling-raw::1:13:0""]"
e496ca55-bafb-4b8b-b3f1-5f6fb5ae8c7e,1,e496ca55-bafb-4b8b-b3f1-5f6fb5ae8c7e::eave-chain::1:2,1,7.672555,125.33437,1.3077,"[11.6694, -5.363]","[5.4102, -0.9256]","[""e496ca55-bafb-4b8b-b3f1-5f6fb5ae8c7e::ceiling-raw::1:13:0""]"
e496ca55-bafb-4b8b-b3f1-5f6fb5ae8c7e,1,e496ca55-bafb-4b8b-b3f1-5f6fb5ae8c7e::eave-chain::1:3,1,4.017102,35.334734,1.3077,"[5.4102, -0.9256]","[3.0869, -4.2027]","[""e496ca55-bafb-4b8b-b3f1-5f6fb5ae8c7e::ceiling-raw::1:13:0""]"
e496ca55-bafb-4b8b-b3f1-5f6fb5ae8c7e,1,e496ca55-bafb-4b8b-b3f1-5f6fb5ae8c7e::eave-chain::1:4,3,12.020093,37.826418,1.473337,"[-0.606365, -1.616506]","[4.539404, 5.011067]","[""e496ca55-bafb-4b8b-b3f1-5f6fb5ae8c7e::ceiling-raw::1:14:0"", ""e496ca55-bafb-4b8b-b3f1-5f6fb5ae8c7e::ceiling-raw::1:17:0""]"
e496ca55-bafb-4b8b-b3f1-5f6fb5ae8c7e,1,e496ca55-bafb-4b8b-b3f1-5f6fb5ae8c7e::eave-chain::1:5,1,4.206889,35.33534,1.4725,"[6.4148, -1.577]","[8.8479, 1.8549]","[""e496ca55-bafb-4b8b-b3f1-5f6fb5ae8c7e::ceiling-raw::1:14:0""]"
e496ca55-bafb-4b8b-b3f1-5f6fb5ae8c7e,1,e496ca55-bafb-4b8b-b3f1-5f6fb5ae8c7e::eave-chain::1:6,2,9.678153,125.837441,1.473038,"[8.846597, 1.853096]","[0.954029, 7.55324]","[""e496ca55-bafb-4b8b-b3f1-5f6fb5ae8c7e::ceiling-raw::1:14:0"", ""e496ca55-bafb-4b8b-b3f1-5f6fb5ae8c7e::ceiling-raw::1:17:0""]"
e496ca55-bafb-4b8b-b3f1-5f6fb5ae8c7e,1,e496ca55-bafb-4b8b-b3f1-5f6fb5ae8c7e::eave-chain::1:7,1,4.000176,125.334541,1.4737,"[-3.8935, 0.7155]","[-0.6302, -1.598]","[""e496ca55-bafb-4b8b-b3f1-5f6fb5ae8c7e::ceiling-raw::1:17:0""]"
e496ca55-bafb-4b8b-b3f1-5f6fb5ae8c7e,1,e496ca55-bafb-4b8b-b3f1-5f6fb5ae8c7e::eave-chain::1:8,1,8.383891,35.33438,1.4737,"[0.9553, 7.555]","[-3.8935, 0.7155]","[""e496ca55-bafb-4b8b-b3f1-5f6fb5ae8c7e::ceiling-raw::1:17:0""]"
e496ca55-bafb-4b8b-b3f1-5f6fb5ae8c7e,2,e496ca55-bafb-4b8b-b3f1-5f6fb5ae8c7e::eave-chain::2:0,1,2.895682,120.001349,4.1594,"[2.5015, 5.0672]","[-0.0062, 6.5151]","[""e496ca55-bafb-4b8b-b3f1-5f6fb5ae8c7e::ceiling-raw::2:5:0""]"
e496ca55-bafb-4b8b-b3f1-5f6fb5ae8c7e,2,e496ca55-bafb-4b8b-b3f1-5f6fb5ae8c7e::eave-chain::2:1,1,4.978813,32.07101,4.1594,"[-0.0062, 6.5151]","[-2.6498, 2.2961]","[""e496ca55-bafb-4b8b-b3f1-5f6fb5ae8c7e::ceiling-raw::2:5:0""]"
e496ca55-bafb-4b8b-b3f1-5f6fb5ae8c7e,2,e496ca55-bafb-4b8b-b3f1-5f6fb5ae8c7e::eave-chain::2:2,3,3.386514,121.316703,4.142822,"[1.672036, 0.37286]","[0.143576, 1.302789]","[""e496ca55-bafb-4b8b-b3f1-5f6fb5ae8c7e::ceiling-raw::2:5:0"", ""e496ca55-bafb-4b8b-b3f1-5f6fb5ae8c7e::ceiling-raw::2:6:0"", ""e496ca55-bafb-4b8b-b3f1-5f6fb5ae8c7e::ceiling-raw::2:7:0""]"
e496ca55-bafb-4b8b-b3f1-5f6fb5ae8c7e,2,e496ca55-bafb-4b8b-b3f1-5f6fb5ae8c7e::eave-chain::2:3,2,1.898565,32.996931,4.162529,"[1.724343, 1.543332]","[1.184476, 0.711913]","[""e496ca55-bafb-4b8b-b3f1-5f6fb5ae8c7e::ceiling-raw::2:5:0"", ""e496ca55-bafb-4b8b-b3f1-5f6fb5ae8c7e::ceiling-raw::2:7:0""]"
e496ca55-bafb-4b8b-b3f1-5f6fb5ae8c7e,2,e496ca55-bafb-4b8b-b3f1-5f6fb5ae8c7e::eave-chain::2:4,2,4.555841,121.816791,2.976058,"[-3.374573, 1.13947]","[0.549172, -1.294947]","[""e496ca55-bafb-4b8b-b3f1-5f6fb5ae8c7e::ceiling-raw::2:5:1"", ""e496ca55-bafb-4b8b-b3f1-5f6fb5ae8c7e::ceiling-raw::2:6:1""]"
e496ca55-bafb-4b8b-b3f1-5f6fb5ae8c7e,2,e496ca55-bafb-4b8b-b3f1-5f6fb5ae8c7e::eave-chain::2:5,2,2.668384,30.546602,4.157436,"[1.642671, 0.428977]","[0.5451, -1.430868]","[""e496ca55-bafb-4b8b-b3f1-5f6fb5ae8c7e::ceiling-raw::2:6:0"", ""e496ca55-bafb-4b8b-b3f1-5f6fb5ae8c7e::ceiling-raw::2:7:0""]"
e496ca55-bafb-4b8b-b3f1-5f6fb5ae8c7e,2,e496ca55-bafb-4b8b-b3f1-5f6fb5ae8c7e::eave-chain::2:6,1,1.028345,121.649844,4.1654,"[0.556, -1.4373]","[1.4314, -1.9769]","[""e496ca55-bafb-4b8b-b3f1-5f6fb5ae8c7e::ceiling-raw::2:7:0""]"
e496ca55-bafb-4b8b-b3f1-5f6fb5ae8c7e,2,e496ca55-bafb-4b8b-b3f1-5f6fb5ae8c7e::eave-chain::2:7,1,0.703332,31.653933,4.1654,"[1.4314, -1.9769]","[1.0623, -2.5756]","[""e496ca55-bafb-4b8b-b3f1-5f6fb5ae8c7e::ceiling-raw::2:7:0""]"
e496ca55-bafb-4b8b-b3f1-5f6fb5ae8c7e,2,e496ca55-bafb-4b8b-b3f1-5f6fb5ae8c7e::eave-chain::2:8,1,3.957493,121.649804,4.1654,"[1.0623, -2.5756]","[4.4312, -4.6522]","[""e496ca55-bafb-4b8b-b3f1-5f6fb5ae8c7e::ceiling-raw::2:7:0""]"
e496ca55-bafb-4b8b-b3f1-5f6fb5ae8c7e,2,e496ca55-bafb-4b8b-b3f1-5f6fb5ae8c7e::eave-chain::2:9,1,2.657922,31.650293,4.1654,"[4.4312, -4.6522]","[5.8259, -2.3896]","[""e496ca55-bafb-4b8b-b3f1-5f6fb5ae8c7e::ceiling-raw::2:7:0""]"
e496ca55-bafb-4b8b-b3f1-5f6fb5ae8c7e,2,e496ca55-bafb-4b8b-b3f1-5f6fb5ae8c7e::eave-chain::2:10,1,2.223929,31.648178,4.1276,"[11.6227, -4.6509]","[12.7896, -2.7577]","[""e496ca55-bafb-4b8b-b3f1-5f6fb5ae8c7e::ceiling-raw::2:10:0""]"
e496ca55-bafb-4b8b-b3f1-5f6fb5ae8c7e,2,e496ca55-bafb-4b8b-b3f1-5f6fb5ae8c7e::eave-chain::2:11,2,3.624934,31.254383,4.150726,"[9.530819, -0.798602]","[8.398716, -2.663929]","[""e496ca55-bafb-4b8b-b3f1-5f6fb5ae8c7e::ceiling-raw::2:10:0"", ""e496ca55-bafb-4b8b-b3f1-5f6fb5ae8c7e::ceiling-raw::2:9:0""]"
e496ca55-bafb-4b8b-b3f1-5f6fb5ae8c7e,2,e496ca55-bafb-4b8b-b3f1-5f6fb5ae8c7e::eave-chain::2:12,1,3.759981,121.648732,4.1276,"[8.4219, -2.678]","[11.6227, -4.6509]","[""e496ca55-bafb-4b8b-b3f1-5f6fb5ae8c7e::ceiling-raw::2:10:0""]"
e496ca55-bafb-4b8b-b3f1-5f6fb5ae8c7e,2,e496ca55-bafb-4b8b-b3f1-5f6fb5ae8c7e::eave-chain::2:13,1,3.759911,121.46005,3.5631,"[13.0907, -2.2691]","[9.8835, -0.3068]","[""e496ca55-bafb-4b8b-b3f1-5f6fb5ae8c7e::ceiling-raw::2:10:1""]"
e496ca55-bafb-4b8b-b3f1-5f6fb5ae8c7e,2,e496ca55-bafb-4b8b-b3f1-5f6fb5ae8c7e::eave-chain::2:14,1,2.812327,100.425296,4.1311,"[10.7005, -6.1758]","[7.9346, -5.6669]","[""e496ca55-bafb-4b8b-b3f1-5f6fb5ae8c7e::ceiling-raw::2:11:4""]"
e496ca55-bafb-4b8b-b3f1-5f6fb5ae8c7e,2,e496ca55-bafb-4b8b-b3f1-5f6fb5ae8c7e::eave-chain::2:15,1,0.563431,31.656135,4.1857,"[6.5003, -1.3215]","[6.796, -0.8419]","[""e496ca55-bafb-4b8b-b3f1-5f6fb5ae8c7e::ceiling-raw::2:9:0""]"
e496ca55-bafb-4b8b-b3f1-5f6fb5ae8c7e,2,e496ca55-bafb-4b8b-b3f1-5f6fb5ae8c7e::eave-chain::2:16,1,2.275881,121.649394,4.1857,"[6.796, -0.8419]","[8.7334, -2.0361]","[""e496ca55-bafb-4b8b-b3f1-5f6fb5ae8c7e::ceiling-raw::2:9:0""]"
e496ca55-bafb-4b8b-b3f1-5f6fb5ae8c7e,2,e496ca55-bafb-4b8b-b3f1-5f6fb5ae8c7e::eave-chain::2:17,2,3.415347,31.649176,4.1857,"[8.098003, 0.050598]","[9.16811, 1.786694]","[""e496ca55-bafb-4b8b-b3f1-5f6fb5ae8c7e::ceiling-raw::2:9:0"", ""e496ca55-bafb-4b8b-b3f1-5f6fb5ae8c7e::ceiling-raw::2:9:1""]"
e496ca55-bafb-4b8b-b3f1-5f6fb5ae8c7e,2,e496ca55-bafb-4b8b-b3f1-5f6fb5ae8c7e::eave-chain::2:18,1,3.891582,121.649556,4.1857,"[9.1681, 1.7867]","[5.8553, 3.8287]","[""e496ca55-bafb-4b8b-b3f1-5f6fb5ae8c7e::ceiling-raw::2:9:0""]"
e496ca55-bafb-4b8b-b3f1-5f6fb5ae8c7e,2,e496ca55-bafb-4b8b-b3f1-5f6fb5ae8c7e::eave-chain::2:19,1,4.045804,31.649159,4.1857,"[5.8553, 3.8287]","[3.7324, 0.3846]","[""e496ca55-bafb-4b8b-b3f1-5f6fb5ae8c7e::ceiling-raw::2:9:0""]"
e4fe9821-2270-4d23-bc74-703743b5d282,0,e4fe9821-2270-4d23-bc74-703743b5d282::eave-chain::0:0,2,5.57437,88.734549,0.817413,"[10.13738, 1.227512]","[15.798488, 1.352565]","[""e4fe9821-2270-4d23-bc74-703743b5d282::ceiling-raw::0:0:0"", ""e4fe9821-2270-4d23-bc74-703743b5d282::ceiling-raw::0:1:0""]"
e4fe9821-2270-4d23-bc74-703743b5d282,0,e4fe9821-2270-4d23-bc74-703743b5d282::eave-chain::0:1,3,11.499166,179.916778,0.845041,"[12.022576, 1.264457]","[12.009172, 10.493123]","[""e4fe9821-2270-4d23-bc74-703743b5d282::ceiling-raw::0:0:0"", ""e4fe9821-2270-4d23-bc74-703743b5d282::ceiling-raw::0:1:0"", ""e4fe9821-2270-4d23-bc74-703743b5d282::ceiling-raw::0:3:1""]"
e4fe9821-2270-4d23-bc74-703743b5d282,0,e4fe9821-2270-4d23-bc74-703743b5d282::eave-chain::0:2,1,2.402004,178.826334,0.7922,"[10.0882, 3.6281]","[10.1374, 1.2266]","[""e4fe9821-2270-4d23-bc74-703743b5d282::ceiling-raw::0:0:0""]"
e4fe9821-2270-4d23-bc74-703743b5d282,0,e4fe9821-2270-4d23-bc74-703743b5d282::eave-chain::0:3,1,3.66247,178.825051,0.8299,"[15.7985, 1.352]","[15.7234, 5.0137]","[""e4fe9821-2270-4d23-bc74-703743b5d282::ceiling-raw::0:1:0""]"
e4fe9821-2270-4d23-bc74-703743b5d282,0,e4fe9821-2270-4d23-bc74-703743b5d282::eave-chain::0:4,1,3.727983,88.825718,0.8299,"[15.7234, 5.0137]","[11.9962, 4.9373]","[""e4fe9821-2270-4d23-bc74-703743b5d282::ceiling-raw::0:1:0""]"
e4fe9821-2270-4d23-bc74-703743b5d282,0,e4fe9821-2270-4d23-bc74-703743b5d282::eave-chain::0:5,1,1.083622,84.821847,0.8786,"[11.9935, 10.4931]","[10.9143, 10.3953]","[""e4fe9821-2270-4d23-bc74-703743b5d282::ceiling-raw::0:3:1""]"
e4fe9821-2270-4d23-bc74-703743b5d282,0,e4fe9821-2270-4d23-bc74-703743b5d282::eave-chain::0:6,3,6.637702,178.683861,0.922919,"[10.91489, 10.395314]","[10.760114, 17.132036]","[""e4fe9821-2270-4d23-bc74-703743b5d282::ceiling-raw::0:3:1"", ""e4fe9821-2270-4d23-bc74-703743b5d282::ceiling-raw::0:9:0"", ""e4fe9821-2270-4d23-bc74-703743b5d282::ceiling-raw::0:9:1""]"
e4fe9821-2270-4d23-bc74-703743b5d282,0,e4fe9821-2270-4d23-bc74-703743b5d282::eave-chain::0:7,4,11.835902,88.505653,0.887562,"[4.875241, 12.606086]","[10.875971, 12.762628]","[""e4fe9821-2270-4d23-bc74-703743b5d282::ceiling-raw::0:3:1"", ""e4fe9821-2270-4d23-bc74-703743b5d282::ceiling-raw::0:6:0"", ""e4fe9821-2270-4d23-bc74-703743b5d282::ceiling-raw::0:7:0"", ""e4fe9821-2270-4d23-bc74-703743b5d282::ceiling-raw::0:9:0""]"
e4fe9821-2270-4d23-bc74-703743b5d282,0,e4fe9821-2270-4d23-bc74-703743b5d282::eave-chain::0:8,2,4.772704,88.662112,0.872996,"[4.9061, 11.124147]","[7.400536, 11.182404]","[""e4fe9821-2270-4d23-bc74-703743b5d282::ceiling-raw::0:5:0"", ""e4fe9821-2270-4d23-bc74-703743b5d282::ceiling-raw::0:6:0""]"
e4fe9821-2270-4d23-bc74-703743b5d282,0,e4fe9821-2270-4d23-bc74-703743b5d282::eave-chain::0:9,3,8.742539,178.804512,0.872749,"[4.857253, 13.797301]","[5.044747, 4.812672]","[""e4fe9821-2270-4d23-bc74-703743b5d282::ceiling-raw::0:5:0"", ""e4fe9821-2270-4d23-bc74-703743b5d282::ceiling-raw::0:6:0"", ""e4fe9821-2270-4d23-bc74-703743b5d282::ceiling-raw::0:7:0""]"
e4fe9821-2270-4d23-bc74-703743b5d282,0,e4fe9821-2270-4d23-bc74-703743b5d282::eave-chain::0:10,1,1.986617,88.826094,0.8708,"[5.0461, 4.8127]","[7.0323, 4.8534]","[""e4fe9821-2270-4d23-bc74-703743b5d282::ceiling-raw::0:5:0""]"
e4fe9821-2270-4d23-bc74-703743b5d282,0,e4fe9821-2270-4d23-bc74-703743b5d282::eave-chain::0:11,4,11.935513,88.415476,0.903791,"[10.827308, 13.99277]","[4.7482, 13.824608]","[""e4fe9821-2270-4d23-bc74-703743b5d282::ceiling-raw::0:7:0"", ""e4fe9821-2270-4d23-bc74-703743b5d282::ceiling-raw::0:8:0"", ""e4fe9821-2270-4d23-bc74-703743b5d282::ceiling-raw::0:9:0"", ""e4fe9821-2270-4d23-bc74-703743b5d282::ceiling-raw::0:9:1""]"
e4fe9821-2270-4d23-bc74-703743b5d282,0,e4fe9821-2270-4d23-bc74-703743b5d282::eave-chain::0:12,2,6.286622,178.828941,0.909422,"[7.804157, 13.912653]","[7.739615, 17.070046]","[""e4fe9821-2270-4d23-bc74-703743b5d282::ceiling-raw::0:8:0"", ""e4fe9821-2270-4d23-bc74-703743b5d282::ceiling-raw::0:9:1""]"
e4fe9821-2270-4d23-bc74-703743b5d282,0,e4fe9821-2270-4d23-bc74-703743b5d282::eave-chain::0:13,2,6.03677,88.788036,0.909346,"[10.7629, 17.132088]","[4.682901, 17.00346]","[""e4fe9821-2270-4d23-bc74-703743b5d282::ceiling-raw::0:8:0"", ""e4fe9821-2270-4d23-bc74-703743b5d282::ceiling-raw::0:9:1""]"
e5adc187-70eb-4828-aa90-5fe3c46dfbce,1,e5adc187-70eb-4828-aa90-5fe3c46dfbce::eave-chain::1:0,1,1.972533,37.672196,0.759,"[3.324, -4.5233]","[4.5295, -2.962]","[""e5adc187-70eb-4828-aa90-5fe3c46dfbce::ceiling-raw::1:8:0""]"
e5adc187-70eb-4828-aa90-5fe3c46dfbce,1,e5adc187-70eb-4828-aa90-5fe3c46dfbce::eave-chain::1:1,1,1.942231,37.672914,0.759,"[1.7419, -0.8703]","[0.5549, -2.4076]","[""e5adc187-70eb-4828-aa90-5fe3c46dfbce::ceiling-raw::1:8:0""]"
e5adc187-70eb-4828-aa90-5fe3c46dfbce,1,e5adc187-70eb-4828-aa90-5fe3c46dfbce::eave-chain::1:2,1,3.484705,127.461826,-0.1004,"[5.0088, -2.3411]","[2.2428, -0.2216]","[""e5adc187-70eb-4828-aa90-5fe3c46dfbce::ceiling-raw::1:8:1""]"
e5adc187-70eb-4828-aa90-5fe3c46dfbce,1,e5adc187-70eb-4828-aa90-5fe3c46dfbce::eave-chain::1:3,2,5.056068,127.364717,-0.102068,"[-1.21398, -1.958895]","[2.88642, -5.089888]","[""e5adc187-70eb-4828-aa90-5fe3c46dfbce::ceiling-raw::1:8:2"", ""e5adc187-70eb-4828-aa90-5fe3c46dfbce::ceiling-raw::1:9:1""]"
e5adc187-70eb-4828-aa90-5fe3c46dfbce,1,e5adc187-70eb-4828-aa90-5fe3c46dfbce::eave-chain::1:4,1,0.97043,128.199674,-1.22705,"[-2.5476, -2.0983]","[-1.785, -2.6984]","[""e5adc187-70eb-4828-aa90-5fe3c46dfbce::ceiling-raw::1:9:3""]"
e5adc187-70eb-4828-aa90-5fe3c46dfbce,1,e5adc187-70eb-4828-aa90-5fe3c46dfbce::eave-chain::1:5,1,1.900606,127.670603,0.7221,"[-3.1044, 0.4564]","[-1.6, -0.7051]","[""e5adc187-70eb-4828-aa90-5fe3c46dfbce::ceiling-raw::1:10:0""]"
e5adc187-70eb-4828-aa90-5fe3c46dfbce,1,e5adc187-70eb-4828-aa90-5fe3c46dfbce::eave-chain::1:6,1,1.651502,37.672029,0.7221,"[-1.6, -0.7051]","[-0.5907, 0.6021]","[""e5adc187-70eb-4828-aa90-5fe3c46dfbce::ceiling-raw::1:10:0""]"
e5adc187-70eb-4828-aa90-5fe3c46dfbce,1,e5adc187-70eb-4828-aa90-5fe3c46dfbce::eave-chain::1:7,1,2.591013,127.669982,0.7221,"[1.7893, 1.8155]","[-0.2616, 3.3989]","[""e5adc187-70eb-4828-aa90-5fe3c46dfbce::ceiling-raw::1:10:0""]"
e5adc187-70eb-4828-aa90-5fe3c46dfbce,1,e5adc187-70eb-4828-aa90-5fe3c46dfbce::eave-chain::1:8,1,2.023897,50.57176,0.7221,"[-0.2616, 3.3989]","[-1.8249, 2.1135]","[""e5adc187-70eb-4828-aa90-5fe3c46dfbce::ceiling-raw::1:10:0""]"
e5adc187-70eb-4828-aa90-5fe3c46dfbce,1,e5adc187-70eb-4828-aa90-5fe3c46dfbce::eave-chain::1:9,1,2.093586,37.67288,0.7221,"[-1.8249, 2.1135]","[-3.1044, 0.4564]","[""e5adc187-70eb-4828-aa90-5fe3c46dfbce::ceiling-raw::1:10:0""]"
e5adc187-70eb-4828-aa90-5fe3c46dfbce,1,e5adc187-70eb-4828-aa90-5fe3c46dfbce::eave-chain::1:10,1,2.414902,37.712673,0.23655,"[0.7186, -0.4088]","[2.1958, 1.5016]","[""e5adc187-70eb-4828-aa90-5fe3c46dfbce::ceiling-raw::1:10:1""]"
e721a943-1c4f-4bd6-b8a3-f9558de79921,0,e721a943-1c4f-4bd6-b8a3-f9558de79921::eave-chain::0:0,2,6.417594,119.929532,1.0223,"[-7.11848, 0.574048]","[-9.918836, 2.186245]","[""e721a943-1c4f-4bd6-b8a3-f9558de79921::ceiling-raw::0:0:0"", ""e721a943-1c4f-4bd6-b8a3-f9558de79921::ceiling-raw::0:6:0""]"
e721a943-1c4f-4bd6-b8a3-f9558de79921,0,e721a943-1c4f-4bd6-b8a3-f9558de79921::eave-chain::0:1,2,5.767979,30.075192,1.026689,"[-8.006768, 5.474213]","[-10.945926, 0.398836]","[""e721a943-1c4f-4bd6-b8a3-f9558de79921::ceiling-raw::0:0:0"", ""e721a943-1c4f-4bd6-b8a3-f9558de79921::ceiling-raw::0:6:0""]"
e721a943-1c4f-4bd6-b8a3-f9558de79921,0,e721a943-1c4f-4bd6-b8a3-f9558de79921::eave-chain::0:2,4,8.702726,120.116994,1.029046,"[-10.937037, 0.412027]","[-3.23196, -4.057503]","[""e721a943-1c4f-4bd6-b8a3-f9558de79921::ceiling-raw::0:0:0"", ""e721a943-1c4f-4bd6-b8a3-f9558de79921::ceiling-raw::0:1:0"", ""e721a943-1c4f-4bd6-b8a3-f9558de79921::ceiling-raw::0:2:0"", ""e721a943-1c4f-4bd6-b8a3-f9558de79921::ceiling-raw::0:3:0""]"
e721a943-1c4f-4bd6-b8a3-f9558de79921,0,e721a943-1c4f-4bd6-b8a3-f9558de79921::eave-chain::0:3,2,4.503957,29.947746,1.02789,"[-6.879616, 0.950414]","[-8.128816, -1.217826]","[""e721a943-1c4f-4bd6-b8a3-f9558de79921::ceiling-raw::0:0:0"", ""e721a943-1c4f-4bd6-b8a3-f9558de79921::ceiling-raw::0:1:0""]"
e721a943-1c4f-4bd6-b8a3-f9558de79921,0,e721a943-1c4f-4bd6-b8a3-f9558de79921::eave-chain::0:4,2,4.993523,29.84559,1.036634,"[-4.26823, -0.548286]","[-5.514684, -2.720706]","[""e721a943-1c4f-4bd6-b8a3-f9558de79921::ceiling-raw::0:1:0"", ""e721a943-1c4f-4bd6-b8a3-f9558de79921::ceiling-raw::0:2:0""]"
e721a943-1c4f-4bd6-b8a3-f9558de79921,0,e721a943-1c4f-4bd6-b8a3-f9558de79921::eave-chain::0:5,4,11.170567,30.457825,1.040334,"[-1.228209, 1.717504]","[-4.283096, -3.477407]","[""e721a943-1c4f-4bd6-b8a3-f9558de79921::ceiling-raw::0:2:0"", ""e721a943-1c4f-4bd6-b8a3-f9558de79921::ceiling-raw::0:3:0"", ""e721a943-1c4f-4bd6-b8a3-f9558de79921::ceiling-raw::0:6:0"", ""e721a943-1c4f-4bd6-b8a3-f9558de79921::ceiling-raw::0:8:0""]"
e721a943-1c4f-4bd6-b8a3-f9558de79921,0,e721a943-1c4f-4bd6-b8a3-f9558de79921::eave-chain::0:6,3,8.971584,30.206572,1.042273,"[-3.233088, -4.080921]","[-0.200798, 1.1277]","[""e721a943-1c4f-4bd6-b8a3-f9558de79921::ceiling-raw::0:3:0"", ""e721a943-1c4f-4bd6-b8a3-f9558de79921::ceiling-raw::0:5:0"", ""e721a943-1c4f-4bd6-b8a3-f9558de79921::ceiling-raw::0:8:0""]"
e721a943-1c4f-4bd6-b8a3-f9558de79921,0,e721a943-1c4f-4bd6-b8a3-f9558de79921::eave-chain::0:7,2,5.063627,29.870031,1.037802,"[-0.01683, -4.91684]","[2.548069, -0.45094]","[""e721a943-1c4f-4bd6-b8a3-f9558de79921::ceiling-raw::0:4:0"", ""e721a943-1c4f-4bd6-b8a3-f9558de79921::ceiling-raw::0:5:0""]"
e721a943-1c4f-4bd6-b8a3-f9558de79921,0,e721a943-1c4f-4bd6-b8a3-f9558de79921::eave-chain::0:8,2,6.305564,119.84377,1.038361,"[1.032186, -3.092224]","[-1.713798, -1.516797]","[""e721a943-1c4f-4bd6-b8a3-f9558de79921::ceiling-raw::0:4:0"", ""e721a943-1c4f-4bd6-b8a3-f9558de79921::ceiling-raw::0:5:0""]"
e721a943-1c4f-4bd6-b8a3-f9558de79921,0,e721a943-1c4f-4bd6-b8a3-f9558de79921::eave-chain::0:9,2,6.316678,119.849586,1.181644,"[-2.786899, -3.386684]","[-0.04257, -4.961532]","[""e721a943-1c4f-4bd6-b8a3-f9558de79921::ceiling-raw::0:4:0"", ""e721a943-1c4f-4bd6-b8a3-f9558de79921::ceiling-raw::0:7:0""]"
e721a943-1c4f-4bd6-b8a3-f9558de79921,0,e721a943-1c4f-4bd6-b8a3-f9558de79921::eave-chain::0:10,3,12.034255,119.244531,1.0362,"[2.559248, -0.430811]","[-8.001749, 5.482307]","[""e721a943-1c4f-4bd6-b8a3-f9558de79921::ceiling-raw::0:5:0"", ""e721a943-1c4f-4bd6-b8a3-f9558de79921::ceiling-raw::0:6:0"", ""e721a943-1c4f-4bd6-b8a3-f9558de79921::ceiling-raw::0:8:0""]"
e721a943-1c4f-4bd6-b8a3-f9558de79921,0,e721a943-1c4f-4bd6-b8a3-f9558de79921::eave-chain::0:11,1,3.152534,119.849705,0.6051,"[-3.8617, -5.2664]","[-1.1274, -6.8355]","[""e721a943-1c4f-4bd6-b8a3-f9558de79921::ceiling-raw::0:7:0""]"
e7452ac7-517e-4321-9201-d52bf7f0cae9,0,e7452ac7-517e-4321-9201-d52bf7f0cae9::eave-chain::0:0,3,9.00996,50.221814,0.830861,"[-5.541117, -0.917938]","[0.043013, 3.730983]","[""e7452ac7-517e-4321-9201-d52bf7f0cae9::ceiling-raw::0:1:0"", ""e7452ac7-517e-4321-9201-d52bf7f0cae9::ceiling-raw::0:2:0"", ""e7452ac7-517e-4321-9201-d52bf7f0cae9::ceiling-raw::0:3:0""]"
e7452ac7-517e-4321-9201-d52bf7f0cae9,0,e7452ac7-517e-4321-9201-d52bf7f0cae9::eave-chain::0:1,1,1.364083,138.599122,0.826,"[-5.0791, -0.5763]","[-4.177, -1.5995]","[""e7452ac7-517e-4321-9201-d52bf7f0cae9::ceiling-raw::0:1:0""]"
e7452ac7-517e-4321-9201-d52bf7f0cae9,0,e7452ac7-517e-4321-9201-d52bf7f0cae9::eave-chain::0:2,1,0.601943,48.596487,0.826,"[-4.177, -1.5995]","[-4.6285, -1.9976]","[""e7452ac7-517e-4321-9201-d52bf7f0cae9::ceiling-raw::0:1:0""]"
e7452ac7-517e-4321-9201-d52bf7f0cae9,0,e7452ac7-517e-4321-9201-d52bf7f0cae9::eave-chain::0:3,3,5.928183,139.405758,0.821977,"[-4.628597, -1.997683]","[-0.674277, -6.612207]","[""e7452ac7-517e-4321-9201-d52bf7f0cae9::ceiling-raw::0:10:0"", ""e7452ac7-517e-4321-9201-d52bf7f0cae9::ceiling-raw::0:10:1"", ""e7452ac7-517e-4321-9201-d52bf7f0cae9::ceiling-raw::0:1:0""]"
e7452ac7-517e-4321-9201-d52bf7f0cae9,0,e7452ac7-517e-4321-9201-d52bf7f0cae9::eave-chain::0:4,2,4.624674,47.634157,0.822577,"[-2.380593, -4.662087]","[-0.150742, -2.628389]","[""e7452ac7-517e-4321-9201-d52bf7f0cae9::ceiling-raw::0:10:0"", ""e7452ac7-517e-4321-9201-d52bf7f0cae9::ceiling-raw::0:1:0""]"
e7452ac7-517e-4321-9201-d52bf7f0cae9,0,e7452ac7-517e-4321-9201-d52bf7f0cae9::eave-chain::0:5,2,7.21603,48.960417,0.83207,"[-1.749649, 5.764163]","[-7.227515, 0.995679]","[""e7452ac7-517e-4321-9201-d52bf7f0cae9::ceiling-raw::0:2:0"", ""e7452ac7-517e-4321-9201-d52bf7f0cae9::ceiling-raw::0:3:0""]"
e7452ac7-517e-4321-9201-d52bf7f0cae9,0,e7452ac7-517e-4321-9201-d52bf7f0cae9::eave-chain::0:6,1,2.528572,138.596224,0.8291,"[-7.2291, 0.9975]","[-5.5568, -0.8991]","[""e7452ac7-517e-4321-9201-d52bf7f0cae9::ceiling-raw::0:2:0""]"
e7452ac7-517e-4321-9201-d52bf7f0cae9,0,e7452ac7-517e-4321-9201-d52bf7f0cae9::eave-chain::0:7,2,5.238734,138.543106,0.831687,"[-5.015028, 2.949651]","[-3.189911, 0.883602]","[""e7452ac7-517e-4321-9201-d52bf7f0cae9::ceiling-raw::0:2:0"", ""e7452ac7-517e-4321-9201-d52bf7f0cae9::ceiling-raw::0:3:0""]"
e7452ac7-517e-4321-9201-d52bf7f0cae9,0,e7452ac7-517e-4321-9201-d52bf7f0cae9::eave-chain::0:8,5,24.625036,139.233351,0.863154,"[11.394054, -9.362022]","[-1.692104, 5.816291]","[""e7452ac7-517e-4321-9201-d52bf7f0cae9::ceiling-raw::0:11:2"", ""e7452ac7-517e-4321-9201-d52bf7f0cae9::ceiling-raw::0:3:0"", ""e7452ac7-517e-4321-9201-d52bf7f0cae9::ceiling-raw::0:4:0"", ""e7452ac7-517e-4321-9201-d52bf7f0cae9::ceiling-raw::0:5:4"", ""e7452ac7-517e-4321-9201-d52bf7f0cae9::ceiling-raw::0:6:0""]"
e7452ac7-517e-4321-9201-d52bf7f0cae9,0,e7452ac7-517e-4321-9201-d52bf7f0cae9::eave-chain::0:9,1,4.856356,138.596317,0.8407,"[6.4939, 2.1103]","[3.2821, 5.7529]","[""e7452ac7-517e-4321-9201-d52bf7f0cae9::ceiling-raw::0:4:0""]"
e7452ac7-517e-4321-9201-d52bf7f0cae9,0,e7452ac7-517e-4321-9201-d52bf7f0cae9::eave-chain::0:10,1,3.581755,48.594821,0.8407,"[3.2821, 5.7529]","[0.5956, 3.384]","[""e7452ac7-517e-4321-9201-d52bf7f0cae9::ceiling-raw::0:4:0""]"
e7452ac7-517e-4321-9201-d52bf7f0cae9,0,e7452ac7-517e-4321-9201-d52bf7f0cae9::eave-chain::0:11,1,3.581764,48.597078,0.8407,"[3.8073, -0.2585]","[6.4939, 2.1103]","[""e7452ac7-517e-4321-9201-d52bf7f0cae9::ceiling-raw::0:4:0""]"
e7452ac7-517e-4321-9201-d52bf7f0cae9,0,e7452ac7-517e-4321-9201-d52bf7f0cae9::eave-chain::0:12,3,17.622817,138.507532,1.7401,"[1.425107, -4.090441]","[5.317592, -8.491261]","[""e7452ac7-517e-4321-9201-d52bf7f0cae9::ceiling-raw::0:5:0"", ""e7452ac7-517e-4321-9201-d52bf7f0cae9::ceiling-raw::0:5:3""]"
e7452ac7-517e-4321-9201-d52bf7f0cae9,0,e7452ac7-517e-4321-9201-d52bf7f0cae9::eave-chain::0:13,1,0.233986,48.742665,1.7401,"[5.2001, -8.5939]","[5.376, -8.4396]","[""e7452ac7-517e-4321-9201-d52bf7f0cae9::ceiling-raw::0:5:0""]"
e7452ac7-517e-4321-9201-d52bf7f0cae9,0,e7452ac7-517e-4321-9201-d52bf7f0cae9::eave-chain::0:14,1,0.60496,138.759726,1.572,"[6.2327, -7.6687]","[6.6315, -8.1236]","[""e7452ac7-517e-4321-9201-d52bf7f0cae9::ceiling-raw::0:5:4""]"
e7452ac7-517e-4321-9201-d52bf7f0cae9,0,e7452ac7-517e-4321-9201-d52bf7f0cae9::eave-chain::0:15,1,4.002824,138.596475,0.8753,"[6.6786, -8.1832]","[9.3259, -11.1856]","[""e7452ac7-517e-4321-9201-d52bf7f0cae9::ceiling-raw::0:6:0""]"
e7452ac7-517e-4321-9201-d52bf7f0cae9,0,e7452ac7-517e-4321-9201-d52bf7f0cae9::eave-chain::0:16,2,6.585601,48.586877,0.878901,"[5.941163, -14.171671]","[11.396405, -9.360006]","[""e7452ac7-517e-4321-9201-d52bf7f0cae9::ceiling-raw::0:6:0"", ""e7452ac7-517e-4321-9201-d52bf7f0cae9::ceiling-raw::0:7:0""]"
e7452ac7-517e-4321-9201-d52bf7f0cae9,0,e7452ac7-517e-4321-9201-d52bf7f0cae9::eave-chain::0:17,1,2.760462,48.595194,0.8753,"[8.7491, -6.3575]","[6.6786, -8.1832]","[""e7452ac7-517e-4321-9201-d52bf7f0cae9::ceiling-raw::0:6:0""]"
e7452ac7-517e-4321-9201-d52bf7f0cae9,0,e7452ac7-517e-4321-9201-d52bf7f0cae9::eave-chain::0:18,1,2.7616,138.59665,0.8815,"[8.8103, -11.6418]","[6.9839, -9.5704]","[""e7452ac7-517e-4321-9201-d52bf7f0cae9::ceiling-raw::0:7:0""]"
e7452ac7-517e-4321-9201-d52bf7f0cae9,0,e7452ac7-517e-4321-9201-d52bf7f0cae9::eave-chain::0:19,2,6.170487,48.90148,0.887809,"[6.966811, -9.550809]","[4.083802, -12.065686]","[""e7452ac7-517e-4321-9201-d52bf7f0cae9::ceiling-raw::0:7:0"", ""e7452ac7-517e-4321-9201-d52bf7f0cae9::ceiling-raw::0:8:0""]"
e7452ac7-517e-4321-9201-d52bf7f0cae9,0,e7452ac7-517e-4321-9201-d52bf7f0cae9::eave-chain::0:20,3,7.737052,139.07082,0.894048,"[0.342501, -7.735813]","[5.930822, -14.180512]","[""e7452ac7-517e-4321-9201-d52bf7f0cae9::ceiling-raw::0:7:0"", ""e7452ac7-517e-4321-9201-d52bf7f0cae9::ceiling-raw::0:8:0"", ""e7452ac7-517e-4321-9201-d52bf7f0cae9::ceiling-raw::0:9:0""]"
e7452ac7-517e-4321-9201-d52bf7f0cae9,0,e7452ac7-517e-4321-9201-d52bf7f0cae9::eave-chain::0:21,1,1.75489,138.596928,0.8981,"[5.8232, -10.4921]","[4.6626, -9.1758]","[""e7452ac7-517e-4321-9201-d52bf7f0cae9::ceiling-raw::0:8:0""]"
e7452ac7-517e-4321-9201-d52bf7f0cae9,0,e7452ac7-517e-4321-9201-d52bf7f0cae9::eave-chain::0:22,1,2.345215,48.597348,0.8981,"[4.6626, -9.1758]","[2.9035, -10.7268]","[""e7452ac7-517e-4321-9201-d52bf7f0cae9::ceiling-raw::0:8:0""]"
e7452ac7-517e-4321-9201-d52bf7f0cae9,0,e7452ac7-517e-4321-9201-d52bf7f0cae9::eave-chain::0:23,1,2.959698,48.596998,0.9026,"[2.4739, -10.1503]","[4.6939, -8.1929]","[""e7452ac7-517e-4321-9201-d52bf7f0cae9::ceiling-raw::0:9:0""]"
e7452ac7-517e-4321-9201-d52bf7f0cae9,0,e7452ac7-517e-4321-9201-d52bf7f0cae9::eave-chain::0:24,1,2.959698,48.596998,0.9026,"[2.5639, -5.7772]","[0.3439, -7.7346]","[""e7452ac7-517e-4321-9201-d52bf7f0cae9::ceiling-raw::0:9:0""]"
e7452ac7-517e-4321-9201-d52bf7f0cae9,0,e7452ac7-517e-4321-9201-d52bf7f0cae9::eave-chain::0:25,2,3.367937,48.596745,0.8166,"[-1.9588, -5.1392]","[-0.6957, -4.0255]","[""e7452ac7-517e-4321-9201-d52bf7f0cae9::ceiling-raw::0:10:0"", ""e7452ac7-517e-4321-9201-d52bf7f0cae9::ceiling-raw::0:10:1""]"
e7452ac7-517e-4321-9201-d52bf7f0cae9,0,e7452ac7-517e-4321-9201-d52bf7f0cae9::eave-chain::0:26,1,2.059403,48.596582,0.8166,"[-0.6661, -6.6052]","[0.8786, -5.2432]","[""e7452ac7-517e-4321-9201-d52bf7f0cae9::ceiling-raw::0:10:1""]"
e93694c4-b9a9-4184-ab47-4d0d0a8504b2,0,e93694c4-b9a9-4184-ab47-4d0d0a8504b2::eave-chain::0:0,4,9.879331,164.31723,0.76667,"[6.617364, -0.031841]","[4.929333, 5.980459]","[""e93694c4-b9a9-4184-ab47-4d0d0a8504b2::ceiling-raw::0:0:0"", ""e93694c4-b9a9-4184-ab47-4d0d0a8504b2::ceiling-raw::0:1:0"", ""e93694c4-b9a9-4184-ab47-4d0d0a8504b2::ceiling-raw::0:2:0"", ""e93694c4-b9a9-4184-ab47-4d0d0a8504b2::ceiling-raw::0:3:0""]"
e93694c4-b9a9-4184-ab47-4d0d0a8504b2,0,e93694c4-b9a9-4184-ab47-4d0d0a8504b2::eave-chain::0:1,1,1.061097,164.021227,0.7919,"[9.6678, 0.7823]","[9.3757, 1.8024]","[""e93694c4-b9a9-4184-ab47-4d0d0a8504b2::ceiling-raw::0:0:0""]"
e93694c4-b9a9-4184-ab47-4d0d0a8504b2,0,e93694c4-b9a9-4184-ab47-4d0d0a8504b2::eave-chain::0:2,1,3.163222,74.020767,0.7919,"[9.3757, 1.8024]","[6.3347, 0.9316]","[""e93694c4-b9a9-4184-ab47-4d0d0a8504b2::ceiling-raw::0:0:0""]"
e93694c4-b9a9-4184-ab47-4d0d0a8504b2,0,e93694c4-b9a9-4184-ab47-4d0d0a8504b2::eave-chain::0:3,1,3.163243,74.052862,0.5052,"[6.9186, -1.1077]","[9.9601, -0.2386]","[""e93694c4-b9a9-4184-ab47-4d0d0a8504b2::ceiling-raw::0:0:1""]"
e93694c4-b9a9-4184-ab47-4d0d0a8504b2,0,e93694c4-b9a9-4184-ab47-4d0d0a8504b2::eave-chain::0:4,1,3.13233,74.020684,0.7988,"[5.7583, 3.1561]","[8.7696, 4.0184]","[""e93694c4-b9a9-4184-ab47-4d0d0a8504b2::ceiling-raw::0:1:0""]"
e93694c4-b9a9-4184-ab47-4d0d0a8504b2,0,e93694c4-b9a9-4184-ab47-4d0d0a8504b2::eave-chain::0:5,1,2.943335,164.020111,0.7988,"[8.7696, 4.0184]","[7.9593, 6.848]","[""e93694c4-b9a9-4184-ab47-4d0d0a8504b2::ceiling-raw::0:1:0""]"
e93694c4-b9a9-4184-ab47-4d0d0a8504b2,0,e93694c4-b9a9-4184-ab47-4d0d0a8504b2::eave-chain::0:6,3,11.944493,73.976143,0.786334,"[7.959908, 6.845883]","[-3.574272, 3.533311]","[""e93694c4-b9a9-4184-ab47-4d0d0a8504b2::ceiling-raw::0:1:0"", ""e93694c4-b9a9-4184-ab47-4d0d0a8504b2::ceiling-raw::0:2:0"", ""e93694c4-b9a9-4184-ab47-4d0d0a8504b2::ceiling-raw::0:4:0""]"
e93694c4-b9a9-4184-ab47-4d0d0a8504b2,0,e93694c4-b9a9-4184-ab47-4d0d0a8504b2::eave-chain::0:7,4,11.805332,164.57703,0.769987,"[3.796221, 5.648195]","[5.381477, -0.098042]","[""e93694c4-b9a9-4184-ab47-4d0d0a8504b2::ceiling-raw::0:2:0"", ""e93694c4-b9a9-4184-ab47-4d0d0a8504b2::ceiling-raw::0:3:0"", ""e93694c4-b9a9-4184-ab47-4d0d0a8504b2::ceiling-raw::0:4:0"", ""e93694c4-b9a9-4184-ab47-4d0d0a8504b2::ceiling-raw::0:5:0""]"
e93694c4-b9a9-4184-ab47-4d0d0a8504b2,0,e93694c4-b9a9-4184-ab47-4d0d0a8504b2::eave-chain::0:8,4,7.814004,73.762002,0.773905,"[-1.137286, -1.998896]","[6.548082, 0.239438]","[""e93694c4-b9a9-4184-ab47-4d0d0a8504b2::ceiling-raw::0:3:0"", ""e93694c4-b9a9-4184-ab47-4d0d0a8504b2::ceiling-raw::0:4:0"", ""e93694c4-b9a9-4184-ab47-4d0d0a8504b2::ceiling-raw::0:5:0"", ""e93694c4-b9a9-4184-ab47-4d0d0a8504b2::ceiling-raw::0:6:0""]"
e93694c4-b9a9-4184-ab47-4d0d0a8504b2,0,e93694c4-b9a9-4184-ab47-4d0d0a8504b2::eave-chain::0:9,2,5.556538,74.257701,0.770602,"[0.554242, 0.594271]","[-2.486942, -0.262991]","[""e93694c4-b9a9-4184-ab47-4d0d0a8504b2::ceiling-raw::0:4:0"", ""e93694c4-b9a9-4184-ab47-4d0d0a8504b2::ceiling-raw::0:6:0""]"
e93694c4-b9a9-4184-ab47-4d0d0a8504b2,0,e93694c4-b9a9-4184-ab47-4d0d0a8504b2::eave-chain::0:10,2,6.46304,20.488602,0.7826,"[2.2997, 1.6767]","[1.1686, -1.3504]","[""e93694c4-b9a9-4184-ab47-4d0d0a8504b2::ceiling-raw::0:4:0"", ""e93694c4-b9a9-4184-ab47-4d0d0a8504b2::ceiling-raw::0:4:1""]"
e93694c4-b9a9-4184-ab47-4d0d0a8504b2,0,e93694c4-b9a9-4184-ab47-4d0d0a8504b2::eave-chain::0:11,2,5.075556,164.018469,0.795505,"[4.069126, -0.519533]","[3.352237, 1.983599]","[""e93694c4-b9a9-4184-ab47-4d0d0a8504b2::ceiling-raw::0:4:0"", ""e93694c4-b9a9-4184-ab47-4d0d0a8504b2::ceiling-raw::0:5:0""]"
e93694c4-b9a9-4184-ab47-4d0d0a8504b2,0,e93694c4-b9a9-4184-ab47-4d0d0a8504b2::eave-chain::0:12,2,5.192945,164.01937,0.777398,"[-3.574653, 3.534814]","[-2.120968, -1.541262]","[""e93694c4-b9a9-4184-ab47-4d0d0a8504b2::ceiling-raw::0:4:0"", ""e93694c4-b9a9-4184-ab47-4d0d0a8504b2::ceiling-raw::0:6:0""]"
e93694c4-b9a9-4184-ab47-4d0d0a8504b2,0,e93694c4-b9a9-4184-ab47-4d0d0a8504b2::eave-chain::0:13,2,4.546114,164.178881,0.773423,"[0.438475, 1.11266]","[1.138823, -1.358838]","[""e93694c4-b9a9-4184-ab47-4d0d0a8504b2::ceiling-raw::0:4:1"", ""e93694c4-b9a9-4184-ab47-4d0d0a8504b2::ceiling-raw::0:6:0""]"
e93694c4-b9a9-4184-ab47-4d0d0a8504b2,0,e93694c4-b9a9-4184-ab47-4d0d0a8504b2::eave-chain::0:14,1,0.819782,74.019083,0.7615,"[-2.1211, -1.5413]","[-1.333, -1.3156]","[""e93694c4-b9a9-4184-ab47-4d0d0a8504b2::ceiling-raw::0:6:0""]"
e93694c4-b9a9-4184-ab47-4d0d0a8504b2,0,e93694c4-b9a9-4184-ab47-4d0d0a8504b2::eave-chain::0:15,1,0.697132,164.021865,0.7615,"[-1.333, -1.3156]","[-1.1411, -1.9858]","[""e93694c4-b9a9-4184-ab47-4d0d0a8504b2::ceiling-raw::0:6:0""]"
e9a5d5e2-17c8-4879-89f2-f6a3af5cfd38,0,e9a5d5e2-17c8-4879-89f2-f6a3af5cfd38::eave-chain::0:0,3,9.225597,53.662497,0.802138,"[-0.436896, -2.897813]","[7.11983, 2.660772]","[""e9a5d5e2-17c8-4879-89f2-f6a3af5cfd38::ceiling-raw::0:0:0"", ""e9a5d5e2-17c8-4879-89f2-f6a3af5cfd38::ceiling-raw::0:2:0"", ""e9a5d5e2-17c8-4879-89f2-f6a3af5cfd38::ceiling-raw::0:7:0""]"
e9a5d5e2-17c8-4879-89f2-f6a3af5cfd38,0,e9a5d5e2-17c8-4879-89f2-f6a3af5cfd38::eave-chain::0:1,2,6.979279,143.358976,0.807016,"[4.286726, 0.573967]","[1.854752, 3.843729]","[""e9a5d5e2-17c8-4879-89f2-f6a3af5cfd38::ceiling-raw::0:0:0"", ""e9a5d5e2-17c8-4879-89f2-f6a3af5cfd38::ceiling-raw::0:2:0""]"
e9a5d5e2-17c8-4879-89f2-f6a3af5cfd38,0,e9a5d5e2-17c8-4879-89f2-f6a3af5cfd38::eave-chain::0:2,2,6.511504,143.843717,0.800394,"[-0.282237, 2.268316]","[2.120712, -1.020159]","[""e9a5d5e2-17c8-4879-89f2-f6a3af5cfd38::ceiling-raw::0:0:0"", ""e9a5d5e2-17c8-4879-89f2-f6a3af5cfd38::ceiling-raw::0:7:0""]"
e9a5d5e2-17c8-4879-89f2-f6a3af5cfd38,0,e9a5d5e2-17c8-4879-89f2-f6a3af5cfd38::eave-chain::0:3,2,8.73678,143.6326,0.806731,"[7.119385, 2.662183]","[1.900713, 9.749057]","[""e9a5d5e2-17c8-4879-89f2-f6a3af5cfd38::ceiling-raw::0:2:0"", ""e9a5d5e2-17c8-4879-89f2-f6a3af5cfd38::ceiling-raw::0:3:0""]"
e9a5d5e2-17c8-4879-89f2-f6a3af5cfd38,0,e9a5d5e2-17c8-4879-89f2-f6a3af5cfd38::eave-chain::0:4,2,6.979999,53.606645,0.807295,"[2.561052, 2.952752]","[5.379098, 5.02989]","[""e9a5d5e2-17c8-4879-89f2-f6a3af5cfd38::ceiling-raw::0:2:0"", ""e9a5d5e2-17c8-4879-89f2-f6a3af5cfd38::ceiling-raw::0:3:0""]"
e9a5d5e2-17c8-4879-89f2-f6a3af5cfd38,0,e9a5d5e2-17c8-4879-89f2-f6a3af5cfd38::eave-chain::0:5,3,9.222737,53.694095,0.810096,"[1.893887, 9.7579]","[-5.611278, 4.243617]","[""e9a5d5e2-17c8-4879-89f2-f6a3af5cfd38::ceiling-raw::0:3:0"", ""e9a5d5e2-17c8-4879-89f2-f6a3af5cfd38::ceiling-raw::0:5:0"", ""e9a5d5e2-17c8-4879-89f2-f6a3af5cfd38::ceiling-raw::0:6:0""]"
e9a5d5e2-17c8-4879-89f2-f6a3af5cfd38,0,e9a5d5e2-17c8-4879-89f2-f6a3af5cfd38::eave-chain::0:6,2,9.385803,143.601965,0.81787,"[0.803233, 3.137744]","[-1.997385, 6.936683]","[""e9a5d5e2-17c8-4879-89f2-f6a3af5cfd38::ceiling-raw::0:3:0"", ""e9a5d5e2-17c8-4879-89f2-f6a3af5cfd38::ceiling-raw::0:6:0""]"
e9a5d5e2-17c8-4879-89f2-f6a3af5cfd38,0,e9a5d5e2-17c8-4879-89f2-f6a3af5cfd38::eave-chain::0:7,1,2.590288,53.603464,0.7706,"[-0.9104, 2.1278]","[-2.9954, 0.5908]","[""e9a5d5e2-17c8-4879-89f2-f6a3af5cfd38::ceiling-raw::0:4:0""]"
e9a5d5e2-17c8-4879-89f2-f6a3af5cfd38,0,e9a5d5e2-17c8-4879-89f2-f6a3af5cfd38::eave-chain::0:8,2,4.241526,143.745321,0.782731,"[-2.995676, 0.590597]","[-0.437546, -2.897654]","[""e9a5d5e2-17c8-4879-89f2-f6a3af5cfd38::ceiling-raw::0:4:0"", ""e9a5d5e2-17c8-4879-89f2-f6a3af5cfd38::ceiling-raw::0:7:0""]"
e9a5d5e2-17c8-4879-89f2-f6a3af5cfd38,0,e9a5d5e2-17c8-4879-89f2-f6a3af5cfd38::eave-chain::0:9,2,6.313316,53.595032,0.781124,"[-1.908938, -0.900816]","[0.646328, 0.98343]","[""e9a5d5e2-17c8-4879-89f2-f6a3af5cfd38::ceiling-raw::0:4:0"", ""e9a5d5e2-17c8-4879-89f2-f6a3af5cfd38::ceiling-raw::0:7:0""]"
e9a5d5e2-17c8-4879-89f2-f6a3af5cfd38,0,e9a5d5e2-17c8-4879-89f2-f6a3af5cfd38::eave-chain::0:10,1,3.131807,53.603943,0.8086,"[-4.1491, 2.26]","[-1.6282, 4.1183]","[""e9a5d5e2-17c8-4879-89f2-f6a3af5cfd38::ceiling-raw::0:5:0""]"
e9a5d5e2-17c8-4879-89f2-f6a3af5cfd38,0,e9a5d5e2-17c8-4879-89f2-f6a3af5cfd38::eave-chain::0:11,2,4.971211,143.606521,0.819465,"[-3.091748, 6.130051]","[-1.594221, 4.098371]","[""e9a5d5e2-17c8-4879-89f2-f6a3af5cfd38::ceiling-raw::0:5:0"", ""e9a5d5e2-17c8-4879-89f2-f6a3af5cfd38::ceiling-raw::0:6:0""]"
e9a5d5e2-17c8-4879-89f2-f6a3af5cfd38,0,e9a5d5e2-17c8-4879-89f2-f6a3af5cfd38::eave-chain::0:12,1,2.447264,143.604439,0.8086,"[-5.6012, 4.2299]","[-4.1491, 2.26]","[""e9a5d5e2-17c8-4879-89f2-f6a3af5cfd38::ceiling-raw::0:5:0""]"
e9dddee6-297a-43f5-b862-90091889ea39,0,e9dddee6-297a-43f5-b862-90091889ea39::eave-chain::0:0,3,4.950877,145.590986,-4.5598,"[3.41872, -1.093986]","[0.621001, 2.990601]","[""e9dddee6-297a-43f5-b862-90091889ea39::ceiling-raw::0:0:0""]"
e9dddee6-297a-43f5-b862-90091889ea39,0,e9dddee6-297a-43f5-b862-90091889ea39::eave-chain::0:1,1,4.950877,145.591253,-4.6289,"[-2.3619, 0.9473]","[0.4358, -3.1373]","[""e9dddee6-297a-43f5-b862-90091889ea39::ceiling-raw::0:0:0""]"
e9dddee6-297a-43f5-b862-90091889ea39,0,e9dddee6-297a-43f5-b862-90091889ea39::eave-chain::0:2,1,3.225557,55.59211,-4.5556,"[-0.5767, -7.6599]","[2.0845, -5.8372]","[""e9dddee6-297a-43f5-b862-90091889ea39::ceiling-raw::0:1:0""]"
e9dddee6-297a-43f5-b862-90091889ea39,0,e9dddee6-297a-43f5-b862-90091889ea39::eave-chain::0:3,1,2.10542,145.589867,-4.5556,"[2.0845, -5.8372]","[0.8947, -4.1002]","[""e9dddee6-297a-43f5-b862-90091889ea39::ceiling-raw::0:1:0""]"
e9dddee6-297a-43f5-b862-90091889ea39,0,e9dddee6-297a-43f5-b862-90091889ea39::eave-chain::0:4,2,4.047412,56.444396,-4.504266,"[0.88905, -4.091681]","[-1.80122, -5.876089]","[""e9dddee6-297a-43f5-b862-90091889ea39::ceiling-raw::0:1:0"", ""e9dddee6-297a-43f5-b862-90091889ea39::ceiling-raw::0:2:1""]"
e9dddee6-297a-43f5-b862-90091889ea39,0,e9dddee6-297a-43f5-b862-90091889ea39::eave-chain::0:5,1,2.105281,145.590574,-4.5556,"[-1.7664, -5.923]","[-0.5767, -7.6599]","[""e9dddee6-297a-43f5-b862-90091889ea39::ceiling-raw::0:1:0""]"
e9dddee6-297a-43f5-b862-90091889ea39,0,e9dddee6-297a-43f5-b862-90091889ea39::eave-chain::0:6,1,1.433902,55.59067,-4.5028,"[-1.8253, -3.3028]","[-3.0083, -4.1131]","[""e9dddee6-297a-43f5-b862-90091889ea39::ceiling-raw::0:2:1""]"
e9dddee6-297a-43f5-b862-90091889ea39,1,e9dddee6-297a-43f5-b862-90091889ea39::eave-chain::1:0,1,1.843244,142.197535,-1.9426,"[1.4044, -6.309]","[0.2746, -4.8526]","[""e9dddee6-297a-43f5-b862-90091889ea39::ceiling-raw::1:7:0""]"
e9dddee6-297a-43f5-b862-90091889ea39,1,e9dddee6-297a-43f5-b862-90091889ea39::eave-chain::1:1,1,1.737331,52.19675,-1.9426,"[-0.2022, -4.8471]","[-1.5749, -5.912]","[""e9dddee6-297a-43f5-b862-90091889ea39::ceiling-raw::1:7:0""]"
e9dddee6-297a-43f5-b862-90091889ea39,1,e9dddee6-297a-43f5-b862-90091889ea39::eave-chain::1:2,1,2.139883,142.198285,-1.9426,"[-1.5749, -5.912]","[-0.2633, -7.6028]","[""e9dddee6-297a-43f5-b862-90091889ea39::ceiling-raw::1:7:0""]"
e9dddee6-297a-43f5-b862-90091889ea39,1,e9dddee6-297a-43f5-b862-90091889ea39::eave-chain::1:3,1,2.110721,52.195726,-1.9426,"[-0.2633, -7.6028]","[1.4044, -6.309]","[""e9dddee6-297a-43f5-b862-90091889ea39::ceiling-raw::1:7:0""]"
e9dddee6-297a-43f5-b862-90091889ea39,2,e9dddee6-297a-43f5-b862-90091889ea39::eave-chain::2:0,1,2.135485,143.00561,-0.56865,"[-1.2278, -5.4633]","[0.0572, -7.1689]","[""e9dddee6-297a-43f5-b862-90091889ea39::ceiling-raw::2:9:1""]"
e9dddee6-297a-43f5-b862-90091889ea39,2,e9dddee6-297a-43f5-b862-90091889ea39::eave-chain::2:1,1,0.496201,143.060821,0.62495,"[1.0265, -6.4392]","[0.7283, -6.0426]","[""e9dddee6-297a-43f5-b862-90091889ea39::ceiling-raw::2:9:1""]"
e9dddee6-297a-43f5-b862-90091889ea39,2,e9dddee6-297a-43f5-b862-90091889ea39::eave-chain::2:2,1,2.493204,143.024391,0.6462,"[-1.2357, -0.88]","[-2.7353, 1.1118]","[""e9dddee6-297a-43f5-b862-90091889ea39::ceiling-raw::2:10:0""]"
e9dddee6-297a-43f5-b862-90091889ea39,2,e9dddee6-297a-43f5-b862-90091889ea39::eave-chain::2:3,1,1.578163,53.025543,0.6462,"[-2.7353, 1.1118]","[-3.9961, 0.1626]","[""e9dddee6-297a-43f5-b862-90091889ea39::ceiling-raw::2:10:0""]"
e9dddee6-297a-43f5-b862-90091889ea39,2,e9dddee6-297a-43f5-b862-90091889ea39::eave-chain::2:4,1,4.992939,142.800067,-0.55255,"[-4.9213, -0.5341]","[-1.9026, -4.5111]","[""e9dddee6-297a-43f5-b862-90091889ea39::ceiling-raw::2:10:1""]"
e9dddee6-297a-43f5-b862-90091889ea39,2,e9dddee6-297a-43f5-b862-90091889ea39::eave-chain::2:5,1,1.332382,53.029476,0.6361,"[2.8383, -5.1932]","[3.9028, -4.3919]","[""e9dddee6-297a-43f5-b862-90091889ea39::ceiling-raw::2:11:0""]"
e9dddee6-297a-43f5-b862-90091889ea39,2,e9dddee6-297a-43f5-b862-90091889ea39::eave-chain::2:6,1,3.796086,143.025354,0.6361,"[0.5551, -2.1605]","[2.8383, -5.1932]","[""e9dddee6-297a-43f5-b862-90091889ea39::ceiling-raw::2:11:0""]"
e9dddee6-297a-43f5-b862-90091889ea39,2,e9dddee6-297a-43f5-b862-90091889ea39::eave-chain::2:7,1,0.423881,53.01656,0.3273,"[3.2179, -0.8335]","[2.8793, -1.0885]","[""e9dddee6-297a-43f5-b862-90091889ea39::ceiling-raw::2:11:1""]"
e9dddee6-297a-43f5-b862-90091889ea39,2,e9dddee6-297a-43f5-b862-90091889ea39::eave-chain::2:8,1,0.435601,53.024876,0.3273,"[4.1959, -2.8569]","[4.5439, -2.5949]","[""e9dddee6-297a-43f5-b862-90091889ea39::ceiling-raw::2:11:1""]"
e9dddee6-297a-43f5-b862-90091889ea39,2,e9dddee6-297a-43f5-b862-90091889ea39::eave-chain::2:9,1,2.204724,143.027191,0.3273,"[4.5439, -2.5949]","[3.2179, -0.8335]","[""e9dddee6-297a-43f5-b862-90091889ea39::ceiling-raw::2:11:1""]"
e9dddee6-297a-43f5-b862-90091889ea39,2,e9dddee6-297a-43f5-b862-90091889ea39::eave-chain::2:10,1,1.06513,144.030773,-1.04715,"[-2.3465, -4.9435]","[-1.721, -5.8054]","[""e9dddee6-297a-43f5-b862-90091889ea39::ceiling-raw::2:12:1""]"
e9f0631f-ae34-4d30-af21-d3369327755f,0,e9f0631f-ae34-4d30-af21-d3369327755f::eave-chain::0:0,1,2.62331,156.090734,-1.9126,"[0.8373, 18.2557]","[1.9005, 15.8575]","[""e9f0631f-ae34-4d30-af21-d3369327755f::ceiling-raw::0:0:0""]"
e9f0631f-ae34-4d30-af21-d3369327755f,0,e9f0631f-ae34-4d30-af21-d3369327755f::eave-chain::0:1,2,5.633651,156.698463,-1.857738,"[4.368359, 15.620624]","[2.849524, 19.14706]","[""e9f0631f-ae34-4d30-af21-d3369327755f::ceiling-raw::0:0:0"", ""e9f0631f-ae34-4d30-af21-d3369327755f::ceiling-raw::0:5:0""]"
e9f0631f-ae34-4d30-af21-d3369327755f,0,e9f0631f-ae34-4d30-af21-d3369327755f::eave-chain::0:2,2,4.308248,66.705925,-1.825551,"[4.893565, 20.002584]","[0.837127, 18.256103]","[""e9f0631f-ae34-4d30-af21-d3369327755f::ceiling-raw::0:0:0"", ""e9f0631f-ae34-4d30-af21-d3369327755f::ceiling-raw::0:5:0""]"
e9f0631f-ae34-4d30-af21-d3369327755f,0,e9f0631f-ae34-4d30-af21-d3369327755f::eave-chain::0:3,1,1.793823,156.091346,-1.7403,"[5.6203, 18.3633]","[4.8933, 20.0032]","[""e9f0631f-ae34-4d30-af21-d3369327755f::ceiling-raw::0:5:0""]"
e9f0631f-ae34-4d30-af21-d3369327755f,0,e9f0631f-ae34-4d30-af21-d3369327755f::eave-chain::0:4,3,6.915101,66.039371,-1.893842,"[1.162543, 16.904303]","[-5.269841, 14.045716]","[""e9f0631f-ae34-4d30-af21-d3369327755f::ceiling-raw::0:6:4"", ""e9f0631f-ae34-4d30-af21-d3369327755f::ceiling-raw::0:6:8"", ""e9f0631f-ae34-4d30-af21-d3369327755f::ceiling-raw::0:7:0""]"
e9f0631f-ae34-4d30-af21-d3369327755f,0,e9f0631f-ae34-4d30-af21-d3369327755f::eave-chain::0:5,1,1.918039,66.388246,-1.46335,"[-0.5159, 13.9594]","[1.241, 14.7274]","[""e9f0631f-ae34-4d30-af21-d3369327755f::ceiling-raw::0:6:8""]"
e9f0631f-ae34-4d30-af21-d3369327755f,0,e9f0631f-ae34-4d30-af21-d3369327755f::eave-chain::0:6,1,0.328698,156.094147,-1.442,"[-0.3733, 13.3309]","[-0.5065, 13.6314]","[""e9f0631f-ae34-4d30-af21-d3369327755f::ceiling-raw::0:7:2""]"
e9f0631f-ae34-4d30-af21-d3369327755f,1,e9f0631f-ae34-4d30-af21-d3369327755f::eave-chain::1:0,2,4.988238,65.356443,0.817185,"[8.53442, 18.800241]","[5.920556, 17.601116]","[""e9f0631f-ae34-4d30-af21-d3369327755f::ceiling-raw::1:12:0"", ""e9f0631f-ae34-4d30-af21-d3369327755f::ceiling-raw::1:15:0""]"
e9f0631f-ae34-4d30-af21-d3369327755f,1,e9f0631f-ae34-4d30-af21-d3369327755f::eave-chain::1:1,2,6.765373,155.562458,0.816617,"[7.084893, 21.860631]","[8.507049, 18.730956]","[""e9f0631f-ae34-4d30-af21-d3369327755f::ceiling-raw::1:12:0"", ""e9f0631f-ae34-4d30-af21-d3369327755f::ceiling-raw::1:15:0""]"
e9f0631f-ae34-4d30-af21-d3369327755f,1,e9f0631f-ae34-4d30-af21-d3369327755f::eave-chain::1:2,2,2.810029,65.271012,0.814725,"[7.85247, 22.206812]","[5.201229, 20.985752]","[""e9f0631f-ae34-4d30-af21-d3369327755f::ceiling-raw::1:12:0"", ""e9f0631f-ae34-4d30-af21-d3369327755f::ceiling-raw::1:15:0""]"
e9f0631f-ae34-4d30-af21-d3369327755f,1,e9f0631f-ae34-4d30-af21-d3369327755f::eave-chain::1:3,1,3.327543,155.911457,0.20575,"[4.5691, 20.7]","[5.9272, 17.6623]","[""e9f0631f-ae34-4d30-af21-d3369327755f::ceiling-raw::1:12:1""]"
e9f0631f-ae34-4d30-af21-d3369327755f,1,e9f0631f-ae34-4d30-af21-d3369327755f::eave-chain::1:4,1,1.283923,155.594824,0.8779,"[2.5242, 14.4217]","[3.0547, 13.2525]","[""e9f0631f-ae34-4d30-af21-d3369327755f::ceiling-raw::1:13:0""]"
e9f0631f-ae34-4d30-af21-d3369327755f,1,e9f0631f-ae34-4d30-af21-d3369327755f::eave-chain::1:5,2,4.245902,155.761922,0.837255,"[5.926665, 17.559567]","[7.164789, 14.809506]","[""e9f0631f-ae34-4d30-af21-d3369327755f::ceiling-raw::1:13:0"", ""e9f0631f-ae34-4d30-af21-d3369327755f::ceiling-raw::1:15:0""]"
e9f0631f-ae34-4d30-af21-d3369327755f,1,e9f0631f-ae34-4d30-af21-d3369327755f::eave-chain::1:6,1,4.370819,65.595752,0.8779,"[6.5045, 16.2276]","[2.5242, 14.4217]","[""e9f0631f-ae34-4d30-af21-d3369327755f::ceiling-raw::1:13:0""]"
e9f0631f-ae34-4d30-af21-d3369327755f,1,e9f0631f-ae34-4d30-af21-d3369327755f::eave-chain::1:7,1,4.374007,65.413052,-0.78135,"[3.7105, 11.8072]","[7.6879, 13.6271]","[""e9f0631f-ae34-4d30-af21-d3369327755f::ceiling-raw::1:13:1""]"
e9f0631f-ae34-4d30-af21-d3369327755f,1,e9f0631f-ae34-4d30-af21-d3369327755f::eave-chain::1:8,1,4.395084,65.583233,-0.7127,"[5.2643, 18.9586]","[1.2623, 17.1418]","[""e9f0631f-ae34-4d30-af21-d3369327755f::ceiling-raw::1:16:3""]"
e9f0631f-ae34-4d30-af21-d3369327755f,1,e9f0631f-ae34-4d30-af21-d3369327755f::eave-chain::1:9,1,0.586127,155.581934,0.9934,"[-0.6898, 3.5453]","[-0.9321, 4.079]","[""e9f0631f-ae34-4d30-af21-d3369327755f::ceiling-raw::1:17:0""]"
e9f0631f-ae34-4d30-af21-d3369327755f,1,e9f0631f-ae34-4d30-af21-d3369327755f::eave-chain::1:10,2,3.139225,65.580515,0.9934,"[-0.9321, 4.079]","[-2.3613, 3.4301]","[""e9f0631f-ae34-4d30-af21-d3369327755f::ceiling-raw::1:17:0"", ""e9f0631f-ae34-4d30-af21-d3369327755f::ceiling-raw::1:17:1""]"
e9f0631f-ae34-4d30-af21-d3369327755f,1,e9f0631f-ae34-4d30-af21-d3369327755f::eave-chain::1:11,2,2.545137,66.26398,0.999533,"[-2.108422, 2.872443]","[-0.671722, 3.504187]","[""e9f0631f-ae34-4d30-af21-d3369327755f::ceiling-raw::1:17:0"", ""e9f0631f-ae34-4d30-af21-d3369327755f::ceiling-raw::1:18:1""]"
e9f0631f-ae34-4d30-af21-d3369327755f,1,e9f0631f-ae34-4d30-af21-d3369327755f::eave-chain::1:12,1,2.131888,65.582069,0.4212,"[-1.9849, 7.7583]","[-3.9261, 6.877]","[""e9f0631f-ae34-4d30-af21-d3369327755f::ceiling-raw::1:17:1""]"
e9f0631f-ae34-4d30-af21-d3369327755f,1,e9f0631f-ae34-4d30-af21-d3369327755f::eave-chain::1:13,1,3.785525,155.413872,-0.61525,"[0.6025, 4.7756]","[-0.9725, 8.2179]","[""e9f0631f-ae34-4d30-af21-d3369327755f::ceiling-raw::1:17:2""]"
e9f0631f-ae34-4d30-af21-d3369327755f,1,e9f0631f-ae34-4d30-af21-d3369327755f::eave-chain::1:14,1,4.371589,155.583054,-0.6153,"[-4.9422, 6.4158]","[-3.1351, 2.4352]","[""e9f0631f-ae34-4d30-af21-d3369327755f::ceiling-raw::1:17:4""]"
e9f0631f-ae34-4d30-af21-d3369327755f,1,e9f0631f-ae34-4d30-af21-d3369327755f::eave-chain::1:15,2,4.161689,155.022332,-0.604064,"[3.617875, -1.999386]","[1.85938, 1.775561]","[""e9f0631f-ae34-4d30-af21-d3369327755f::ceiling-raw::1:19:4"", ""e9f0631f-ae34-4d30-af21-d3369327755f::ceiling-raw::1:19:6""]"
e9f0631f-ae34-4d30-af21-d3369327755f,1,e9f0631f-ae34-4d30-af21-d3369327755f::eave-chain::1:16,1,4.162237,155.583957,-0.5988,"[-2.0469, 0.0]","[-0.3264, -3.79]","[""e9f0631f-ae34-4d30-af21-d3369327755f::ceiling-raw::1:19:5""]"
e9f0631f-ae34-4d30-af21-d3369327755f,1,e9f0631f-ae34-4d30-af21-d3369327755f::eave-chain::1:17,1,4.295151,65.583093,0.8207,"[7.1841, 14.8182]","[11.0951, 16.5937]","[""e9f0631f-ae34-4d30-af21-d3369327755f::ceiling-raw::1:15:0""]"
ebd94f02-abc2-476d-8bf9-9bdfbc2a58dd,1,ebd94f02-abc2-476d-8bf9-9bdfbc2a58dd::eave-chain::1:0,2,8.894468,62.646898,0.764408,"[-10.5251, 0.899995]","[-5.480564, 3.509599]","[""ebd94f02-abc2-476d-8bf9-9bdfbc2a58dd::ceiling-raw::1:4:0"", ""ebd94f02-abc2-476d-8bf9-9bdfbc2a58dd::ceiling-raw::1:5:0""]"
ebd94f02-abc2-476d-8bf9-9bdfbc2a58dd,1,ebd94f02-abc2-476d-8bf9-9bdfbc2a58dd::eave-chain::1:1,1,7.276742,151.719829,0.7517,"[-8.3621, 1.8957]","[-4.9145, -4.5125]","[""ebd94f02-abc2-476d-8bf9-9bdfbc2a58dd::ceiling-raw::1:4:0""]"
ebd94f02-abc2-476d-8bf9-9bdfbc2a58dd,1,ebd94f02-abc2-476d-8bf9-9bdfbc2a58dd::eave-chain::1:2,5,14.602949,63.007104,0.785352,"[-4.98092, -4.382104]","[8.558789, 2.514608]","[""ebd94f02-abc2-476d-8bf9-9bdfbc2a58dd::ceiling-raw::1:10:0"", ""ebd94f02-abc2-476d-8bf9-9bdfbc2a58dd::ceiling-raw::1:12:0"", ""ebd94f02-abc2-476d-8bf9-9bdfbc2a58dd::ceiling-raw::1:4:0"", ""ebd94f02-abc2-476d-8bf9-9bdfbc2a58dd::ceiling-raw::1:6:0"", ""ebd94f02-abc2-476d-8bf9-9bdfbc2a58dd::ceiling-raw::1:9:0""]"
ebd94f02-abc2-476d-8bf9-9bdfbc2a58dd,1,ebd94f02-abc2-476d-8bf9-9bdfbc2a58dd::eave-chain::1:3,2,5.117263,152.412572,0.781461,"[-1.120893, 1.082546]","[0.349139, -1.730868]","[""ebd94f02-abc2-476d-8bf9-9bdfbc2a58dd::ceiling-raw::1:12:0"", ""ebd94f02-abc2-476d-8bf9-9bdfbc2a58dd::ceiling-raw::1:4:0""]"
ebd94f02-abc2-476d-8bf9-9bdfbc2a58dd,1,ebd94f02-abc2-476d-8bf9-9bdfbc2a58dd::eave-chain::1:4,2,12.132873,151.804309,0.776852,"[-0.008644, 1.713606]","[-3.939521, 9.045985]","[""ebd94f02-abc2-476d-8bf9-9bdfbc2a58dd::ceiling-raw::1:5:0"", ""ebd94f02-abc2-476d-8bf9-9bdfbc2a58dd::ceiling-raw::1:7:0""]"
ebd94f02-abc2-476d-8bf9-9bdfbc2a58dd,1,ebd94f02-abc2-476d-8bf9-9bdfbc2a58dd::eave-chain::1:5,3,8.385579,62.031801,0.7716,"[-3.957404, 9.036408]","[-12.450103, 4.526805]","[""ebd94f02-abc2-476d-8bf9-9bdfbc2a58dd::ceiling-raw::1:5:0""]"
ebd94f02-abc2-476d-8bf9-9bdfbc2a58dd,1,ebd94f02-abc2-476d-8bf9-9bdfbc2a58dd::eave-chain::1:6,1,0.449671,106.790777,0.7716,"[-8.4827, 6.6335]","[-8.9132, 6.7634]","[""ebd94f02-abc2-476d-8bf9-9bdfbc2a58dd::ceiling-raw::1:5:0""]"
ebd94f02-abc2-476d-8bf9-9bdfbc2a58dd,1,ebd94f02-abc2-476d-8bf9-9bdfbc2a58dd::eave-chain::1:7,1,0.453346,17.735523,0.7716,"[-8.9132, 6.7634]","[-9.0513, 6.3316]","[""ebd94f02-abc2-476d-8bf9-9bdfbc2a58dd::ceiling-raw::1:5:0""]"
ebd94f02-abc2-476d-8bf9-9bdfbc2a58dd,1,ebd94f02-abc2-476d-8bf9-9bdfbc2a58dd::eave-chain::1:8,1,0.465426,104.101929,0.7716,"[-9.4704, 6.109]","[-9.9218, 6.2224]","[""ebd94f02-abc2-476d-8bf9-9bdfbc2a58dd::ceiling-raw::1:5:0""]"
ebd94f02-abc2-476d-8bf9-9bdfbc2a58dd,1,ebd94f02-abc2-476d-8bf9-9bdfbc2a58dd::eave-chain::1:9,1,0.394052,9.715704,0.7716,"[-9.9218, 6.2224]","[-9.9883, 5.834]","[""ebd94f02-abc2-476d-8bf9-9bdfbc2a58dd::ceiling-raw::1:5:0""]"
ebd94f02-abc2-476d-8bf9-9bdfbc2a58dd,1,ebd94f02-abc2-476d-8bf9-9bdfbc2a58dd::eave-chain::1:10,1,4.04116,152.032264,0.7716,"[-12.4501, 4.5268]","[-10.5549, 0.9576]","[""ebd94f02-abc2-476d-8bf9-9bdfbc2a58dd::ceiling-raw::1:5:0""]"
ebd94f02-abc2-476d-8bf9-9bdfbc2a58dd,1,ebd94f02-abc2-476d-8bf9-9bdfbc2a58dd::eave-chain::1:11,2,2.582987,151.926113,0.811514,"[2.722386, 0.953735]","[3.366005, -0.252981]","[""ebd94f02-abc2-476d-8bf9-9bdfbc2a58dd::ceiling-raw::1:6:0"", ""ebd94f02-abc2-476d-8bf9-9bdfbc2a58dd::ceiling-raw::1:9:0""]"
ebd94f02-abc2-476d-8bf9-9bdfbc2a58dd,1,ebd94f02-abc2-476d-8bf9-9bdfbc2a58dd::eave-chain::1:12,2,2.158071,151.202272,0.797354,"[1.406848, 0.249357]","[2.021293, -0.868419]","[""ebd94f02-abc2-476d-8bf9-9bdfbc2a58dd::ceiling-raw::1:12:0"", ""ebd94f02-abc2-476d-8bf9-9bdfbc2a58dd::ceiling-raw::1:6:0""]"
ebd94f02-abc2-476d-8bf9-9bdfbc2a58dd,1,ebd94f02-abc2-476d-8bf9-9bdfbc2a58dd::eave-chain::1:13,1,3.885259,152.032043,0.788,"[3.7676, 3.7189]","[1.9455, 7.1504]","[""ebd94f02-abc2-476d-8bf9-9bdfbc2a58dd::ceiling-raw::1:7:0""]"
ebd94f02-abc2-476d-8bf9-9bdfbc2a58dd,1,ebd94f02-abc2-476d-8bf9-9bdfbc2a58dd::eave-chain::1:14,2,7.075341,61.84784,0.797355,"[5.184507, 8.896801]","[-1.804228, 5.156984]","[""ebd94f02-abc2-476d-8bf9-9bdfbc2a58dd::ceiling-raw::1:11:0"", ""ebd94f02-abc2-476d-8bf9-9bdfbc2a58dd::ceiling-raw::1:7:0""]"
ebd94f02-abc2-476d-8bf9-9bdfbc2a58dd,1,ebd94f02-abc2-476d-8bf9-9bdfbc2a58dd::eave-chain::1:15,2,4.155324,152.104237,0.81784,"[4.035922, 2.490979]","[5.022706, 0.626936]","[""ebd94f02-abc2-476d-8bf9-9bdfbc2a58dd::ceiling-raw::1:10:0"", ""ebd94f02-abc2-476d-8bf9-9bdfbc2a58dd::ceiling-raw::1:9:0""]"
ebd94f02-abc2-476d-8bf9-9bdfbc2a58dd,1,ebd94f02-abc2-476d-8bf9-9bdfbc2a58dd::eave-chain::1:16,2,7.135553,152.128639,0.810012,"[8.563365, 2.509275]","[5.185123, 8.897382]","[""ebd94f02-abc2-476d-8bf9-9bdfbc2a58dd::ceiling-raw::1:10:0"", ""ebd94f02-abc2-476d-8bf9-9bdfbc2a58dd::ceiling-raw::1:11:0""]"
ebd94f02-abc2-476d-8bf9-9bdfbc2a58dd,1,ebd94f02-abc2-476d-8bf9-9bdfbc2a58dd::eave-chain::1:17,2,6.748329,61.789916,0.80867,"[7.560777, 4.422001]","[4.094926, 2.562843]","[""ebd94f02-abc2-476d-8bf9-9bdfbc2a58dd::ceiling-raw::1:10:0"", ""ebd94f02-abc2-476d-8bf9-9bdfbc2a58dd::ceiling-raw::1:11:0""]"
ebd94f02-abc2-476d-8bf9-9bdfbc2a58dd,1,ebd94f02-abc2-476d-8bf9-9bdfbc2a58dd::eave-chain::1:18,1,5.028591,152.032003,0.8114,"[2.6861, 7.5704]","[5.0444, 3.1291]","[""ebd94f02-abc2-476d-8bf9-9bdfbc2a58dd::ceiling-raw::1:11:0""]"
ebded652-9e37-4267-992a-8b575c9e1016,0,ebded652-9e37-4267-992a-8b575c9e1016::eave-chain::0:0,2,6.047203,10.910884,0.576523,"[-3.813546, -11.600512]","[-3.182187, -8.325266]","[""ebded652-9e37-4267-992a-8b575c9e1016::ceiling-raw::0:0:0"", ""ebded652-9e37-4267-992a-8b575c9e1016::ceiling-raw::0:2:0""]"
ebded652-9e37-4267-992a-8b575c9e1016,0,ebded652-9e37-4267-992a-8b575c9e1016::eave-chain::0:1,1,0.597328,100.875383,0.5319,"[-3.691, -11.0351]","[-3.1044, -11.1478]","[""ebded652-9e37-4267-992a-8b575c9e1016::ceiling-raw::0:0:0""]"
ebded652-9e37-4267-992a-8b575c9e1016,0,ebded652-9e37-4267-992a-8b575c9e1016::eave-chain::0:2,1,0.574697,10.862181,0.5319,"[-3.1044, -11.1478]","[-3.2127, -11.7122]","[""ebded652-9e37-4267-992a-8b575c9e1016::ceiling-raw::0:0:0""]"
ebded652-9e37-4267-992a-8b575c9e1016,0,ebded652-9e37-4267-992a-8b575c9e1016::eave-chain::0:3,2,7.0902,100.842407,0.588675,"[-8.711165, -10.660439]","[-1.136362, -12.111221]","[""ebded652-9e37-4267-992a-8b575c9e1016::ceiling-raw::0:0:0"", ""ebded652-9e37-4267-992a-8b575c9e1016::ceiling-raw::0:2:0""]"
ebded652-9e37-4267-992a-8b575c9e1016,0,ebded652-9e37-4267-992a-8b575c9e1016::eave-chain::0:4,2,7.970512,10.678646,0.535661,"[-1.137534, -12.110667]","[0.355489, -4.192891]","[""ebded652-9e37-4267-992a-8b575c9e1016::ceiling-raw::0:0:0"", ""ebded652-9e37-4267-992a-8b575c9e1016::ceiling-raw::0:1:0""]"
ebded652-9e37-4267-992a-8b575c9e1016,0,ebded652-9e37-4267-992a-8b575c9e1016::eave-chain::0:5,2,6.493223,101.121828,0.535627,"[-4.247035, -8.11324]","[-0.509615, -8.847971]","[""ebded652-9e37-4267-992a-8b575c9e1016::ceiling-raw::0:0:0"", ""ebded652-9e37-4267-992a-8b575c9e1016::ceiling-raw::0:1:0""]"
ebded652-9e37-4267-992a-8b575c9e1016,0,ebded652-9e37-4267-992a-8b575c9e1016::eave-chain::0:6,1,3.781662,100.870763,0.5383,"[0.3566, -4.1931]","[-3.3572, -3.4799]","[""ebded652-9e37-4267-992a-8b575c9e1016::ceiling-raw::0:1:0""]"
ebded652-9e37-4267-992a-8b575c9e1016,0,ebded652-9e37-4267-992a-8b575c9e1016::eave-chain::0:7,2,10.328525,11.324318,0.735317,"[-4.270491, -8.116283]","[-2.543286, 0.508481]","[""ebded652-9e37-4267-992a-8b575c9e1016::ceiling-raw::0:2:0"", ""ebded652-9e37-4267-992a-8b575c9e1016::ceiling-raw::0:7:0""]"
ebded652-9e37-4267-992a-8b575c9e1016,0,ebded652-9e37-4267-992a-8b575c9e1016::eave-chain::0:8,1,3.875742,100.870117,0.6128,"[-3.0835, -1.9059]","[-6.8897, -1.175]","[""ebded652-9e37-4267-992a-8b575c9e1016::ceiling-raw::0:2:0""]"
ebded652-9e37-4267-992a-8b575c9e1016,0,ebded652-9e37-4267-992a-8b575c9e1016::eave-chain::0:9,1,9.658396,10.870045,0.6128,"[-6.8897, -1.175]","[-8.7111, -10.6601]","[""ebded652-9e37-4267-992a-8b575c9e1016::ceiling-raw::0:2:0""]"
ebded652-9e37-4267-992a-8b575c9e1016,0,ebded652-9e37-4267-992a-8b575c9e1016::eave-chain::0:10,2,5.694792,100.867362,0.70545,"[-5.92756, 3.759388]","[-3.074025, 3.21157]","[""ebded652-9e37-4267-992a-8b575c9e1016::ceiling-raw::0:3:0"", ""ebded652-9e37-4267-992a-8b575c9e1016::ceiling-raw::0:4:0""]"
ebded652-9e37-4267-992a-8b575c9e1016,0,ebded652-9e37-4267-992a-8b575c9e1016::eave-chain::0:11,2,4.961414,10.316492,0.704512,"[-5.475469, 6.11214]","[-6.37228, 1.185369]","[""ebded652-9e37-4267-992a-8b575c9e1016::ceiling-raw::0:3:0"", ""ebded652-9e37-4267-992a-8b575c9e1016::ceiling-raw::0:4:0""]"
ebded652-9e37-4267-992a-8b575c9e1016,0,ebded652-9e37-4267-992a-8b575c9e1016::eave-chain::0:12,2,3.965761,100.108525,0.761172,"[-6.373472, 1.182855]","[-2.53031, 0.497693]","[""ebded652-9e37-4267-992a-8b575c9e1016::ceiling-raw::0:3:0"", ""ebded652-9e37-4267-992a-8b575c9e1016::ceiling-raw::0:7:0""]"
ebded652-9e37-4267-992a-8b575c9e1016,0,ebded652-9e37-4267-992a-8b575c9e1016::eave-chain::0:13,2,4.453909,11.080154,0.790251,"[-3.668644, 0.666304]","[-3.171136, 3.206781]","[""ebded652-9e37-4267-992a-8b575c9e1016::ceiling-raw::0:3:0"", ""ebded652-9e37-4267-992a-8b575c9e1016::ceiling-raw::0:7:0""]"
ebded652-9e37-4267-992a-8b575c9e1016,0,ebded652-9e37-4267-992a-8b575c9e1016::eave-chain::0:14,2,6.222046,10.86339,0.763098,"[-1.634108, 5.374598]","[-2.224143, 2.300012]","[""ebded652-9e37-4267-992a-8b575c9e1016::ceiling-raw::0:4:0"", ""ebded652-9e37-4267-992a-8b575c9e1016::ceiling-raw::0:5:0""]"
ebded652-9e37-4267-992a-8b575c9e1016,0,ebded652-9e37-4267-992a-8b575c9e1016::eave-chain::0:15,2,7.673977,100.99047,0.762541,"[2.116204, 4.637918]","[-5.475773, 6.112339]","[""ebded652-9e37-4267-992a-8b575c9e1016::ceiling-raw::0:4:0"", ""ebded652-9e37-4267-992a-8b575c9e1016::ceiling-raw::0:5:0""]"
ebded652-9e37-4267-992a-8b575c9e1016,0,ebded652-9e37-4267-992a-8b575c9e1016::eave-chain::0:16,2,3.904042,100.734786,0.833665,"[1.411338, 0.966736]","[-0.598072, 1.347682]","[""ebded652-9e37-4267-992a-8b575c9e1016::ceiling-raw::0:5:0"", ""ebded652-9e37-4267-992a-8b575c9e1016::ceiling-raw::0:8:0""]"
ebded652-9e37-4267-992a-8b575c9e1016,0,ebded652-9e37-4267-992a-8b575c9e1016::eave-chain::0:17,4,8.761394,11.363651,0.85263,"[0.366351, -4.129203]","[2.127851, 4.635558]","[""ebded652-9e37-4267-992a-8b575c9e1016::ceiling-raw::0:5:0"", ""ebded652-9e37-4267-992a-8b575c9e1016::ceiling-raw::0:6:0"", ""ebded652-9e37-4267-992a-8b575c9e1016::ceiling-raw::0:7:0"", ""ebded652-9e37-4267-992a-8b575c9e1016::ceiling-raw::0:8:0""]"
ebded652-9e37-4267-992a-8b575c9e1016,0,ebded652-9e37-4267-992a-8b575c9e1016::eave-chain::0:18,2,4.579644,100.844798,0.872366,"[-1.609664, -0.954958]","[0.934433, -1.442332]","[""ebded652-9e37-4267-992a-8b575c9e1016::ceiling-raw::0:6:0"", ""ebded652-9e37-4267-992a-8b575c9e1016::ceiling-raw::0:8:0""]"
ebded652-9e37-4267-992a-8b575c9e1016,0,ebded652-9e37-4267-992a-8b575c9e1016::eave-chain::0:19,2,4.729755,100.545529,0.91238,"[0.659142, -2.640543]","[-2.034901, -2.139017]","[""ebded652-9e37-4267-992a-8b575c9e1016::ceiling-raw::0:6:0"", ""ebded652-9e37-4267-992a-8b575c9e1016::ceiling-raw::0:7:0""]"
ebded652-9e37-4267-992a-8b575c9e1016,0,ebded652-9e37-4267-992a-8b575c9e1016::eave-chain::0:20,1,3.724414,100.869142,0.9287,"[-3.2843, -3.4283]","[0.3733, -4.1306]","[""ebded652-9e37-4267-992a-8b575c9e1016::ceiling-raw::0:7:0""]"
ed5231c3-375e-426e-b341-62f6d2b0b3f5,0,ed5231c3-375e-426e-b341-62f6d2b0b3f5::eave-chain::0:0,2,6.735726,94.096097,1.190012,"[-0.097272, 10.327656]","[3.807935, 10.047994]","[""ed5231c3-375e-426e-b341-62f6d2b0b3f5::ceiling-raw::0:0:0"", ""ed5231c3-375e-426e-b341-62f6d2b0b3f5::ceiling-raw::0:2:0""]"
ed5231c3-375e-426e-b341-62f6d2b0b3f5,0,ed5231c3-375e-426e-b341-62f6d2b0b3f5::eave-chain::0:1,3,10.939615,4.789706,1.193155,"[0.088863, 12.58623]","[-0.839989, 1.500949]","[""ed5231c3-375e-426e-b341-62f6d2b0b3f5::ceiling-raw::0:0:0"", ""ed5231c3-375e-426e-b341-62f6d2b0b3f5::ceiling-raw::0:2:0"", ""ed5231c3-375e-426e-b341-62f6d2b0b3f5::ceiling-raw::0:5:0""]"
ed5231c3-375e-426e-b341-62f6d2b0b3f5,0,ed5231c3-375e-426e-b341-62f6d2b0b3f5::eave-chain::0:2,2,5.831405,94.363882,1.19291,"[2.726458, 8.673663]","[-0.275742, 8.902766]","[""ed5231c3-375e-426e-b341-62f6d2b0b3f5::ceiling-raw::0:0:0"", ""ed5231c3-375e-426e-b341-62f6d2b0b3f5::ceiling-raw::0:5:0""]"
ed5231c3-375e-426e-b341-62f6d2b0b3f5,0,ed5231c3-375e-426e-b341-62f6d2b0b3f5::eave-chain::0:3,2,5.012867,4.208998,0.49215,"[9.610383, 6.799931]","[9.978279, 11.798975]","[""ed5231c3-375e-426e-b341-62f6d2b0b3f5::ceiling-raw::0:1:2"", ""ed5231c3-375e-426e-b341-62f6d2b0b3f5::ceiling-raw::0:1:3""]"
ed5231c3-375e-426e-b341-62f6d2b0b3f5,0,ed5231c3-375e-426e-b341-62f6d2b0b3f5::eave-chain::0:4,4,15.960867,4.610762,1.199083,"[6.963813, 12.071078]","[6.067525, 0.957379]","[""ed5231c3-375e-426e-b341-62f6d2b0b3f5::ceiling-raw::0:1:5"", ""ed5231c3-375e-426e-b341-62f6d2b0b3f5::ceiling-raw::0:3:0"", ""ed5231c3-375e-426e-b341-62f6d2b0b3f5::ceiling-raw::0:4:0"", ""ed5231c3-375e-426e-b341-62f6d2b0b3f5::ceiling-raw::0:5:0""]"
ed5231c3-375e-426e-b341-62f6d2b0b3f5,0,ed5231c3-375e-426e-b341-62f6d2b0b3f5::eave-chain::0:5,2,5.673947,3.974883,1.180985,"[4.017809, 12.295702]","[3.777357, 8.835272]","[""ed5231c3-375e-426e-b341-62f6d2b0b3f5::ceiling-raw::0:2:0"", ""ed5231c3-375e-426e-b341-62f6d2b0b3f5::ceiling-raw::0:4:0""]"
ed5231c3-375e-426e-b341-62f6d2b0b3f5,0,ed5231c3-375e-426e-b341-62f6d2b0b3f5::eave-chain::0:6,2,6.754578,94.283474,1.183583,"[6.906472, 12.075321]","[0.074871, 12.58701]","[""ed5231c3-375e-426e-b341-62f6d2b0b3f5::ceiling-raw::0:2:0"", ""ed5231c3-375e-426e-b341-62f6d2b0b3f5::ceiling-raw::0:4:0""]"
ed5231c3-375e-426e-b341-62f6d2b0b3f5,0,ed5231c3-375e-426e-b341-62f6d2b0b3f5::eave-chain::0:7,2,3.931801,94.356061,1.211418,"[4.417568, 5.327037]","[6.438289, 5.173109]","[""ed5231c3-375e-426e-b341-62f6d2b0b3f5::ceiling-raw::0:3:0"", ""ed5231c3-375e-426e-b341-62f6d2b0b3f5::ceiling-raw::0:5:0""]"
ed5231c3-375e-426e-b341-62f6d2b0b3f5,0,ed5231c3-375e-426e-b341-62f6d2b0b3f5::eave-chain::0:8,2,8.446687,4.354218,1.211794,"[4.123234, 1.105853]","[4.448018, 5.37135]","[""ed5231c3-375e-426e-b341-62f6d2b0b3f5::ceiling-raw::0:3:0"", ""ed5231c3-375e-426e-b341-62f6d2b0b3f5::ceiling-raw::0:5:0""]"
ed5231c3-375e-426e-b341-62f6d2b0b3f5,0,ed5231c3-375e-426e-b341-62f6d2b0b3f5::eave-chain::0:9,2,6.856983,94.488188,1.204286,"[-0.840523, 1.501987]","[6.050082, 0.961114]","[""ed5231c3-375e-426e-b341-62f6d2b0b3f5::ceiling-raw::0:3:0"", ""ed5231c3-375e-426e-b341-62f6d2b0b3f5::ceiling-raw::0:5:0""]"
ed5231c3-375e-426e-b341-62f6d2b0b3f5,0,ed5231c3-375e-426e-b341-62f6d2b0b3f5::eave-chain::0:10,1,4.200277,94.363866,0.7929,"[3.274, 0.7822]","[-0.9141, 1.1018]","[""ed5231c3-375e-426e-b341-62f6d2b0b3f5::ceiling-raw::0:6:0""]"
ed5231c3-375e-426e-b341-62f6d2b0b3f5,0,ed5231c3-375e-426e-b341-62f6d2b0b3f5::eave-chain::0:11,1,3.855181,4.364737,0.7929,"[-0.9141, 1.1018]","[-1.2075, -2.7422]","[""ed5231c3-375e-426e-b341-62f6d2b0b3f5::ceiling-raw::0:6:0""]"
ed5231c3-375e-426e-b341-62f6d2b0b3f5,0,ed5231c3-375e-426e-b341-62f6d2b0b3f5::eave-chain::0:12,1,4.200377,94.363763,0.7929,"[-1.2075, -2.7422]","[2.9807, -3.0618]","[""ed5231c3-375e-426e-b341-62f6d2b0b3f5::ceiling-raw::0:6:0""]"
ed5231c3-375e-426e-b341-62f6d2b0b3f5,0,ed5231c3-375e-426e-b341-62f6d2b0b3f5::eave-chain::0:13,1,3.855173,4.363255,0.7929,"[2.9807, -3.0618]","[3.274, 0.7822]","[""ed5231c3-375e-426e-b341-62f6d2b0b3f5::ceiling-raw::0:6:0""]"
ed646d77-0d2b-4d72-b20d-be6aac6aa669,0,ed646d77-0d2b-4d72-b20d-be6aac6aa669::eave-chain::0:0,1,3.641835,167.771187,-1.6796,"[13.1882, -9.0424]","[12.4168, -5.4832]","[""ed646d77-0d2b-4d72-b20d-be6aac6aa669::ceiling-raw::0:1:0""]"
ed646d77-0d2b-4d72-b20d-be6aac6aa669,0,ed646d77-0d2b-4d72-b20d-be6aac6aa669::eave-chain::0:1,1,2.838086,77.772279,-1.6796,"[12.4168, -5.4832]","[9.6431, -6.0843]","[""ed646d77-0d2b-4d72-b20d-be6aac6aa669::ceiling-raw::0:1:0""]"
ed646d77-0d2b-4d72-b20d-be6aac6aa669,0,ed646d77-0d2b-4d72-b20d-be6aac6aa669::eave-chain::0:2,1,2.838086,77.772279,-1.6796,"[10.4145, -9.6435]","[13.1882, -9.0424]","[""ed646d77-0d2b-4d72-b20d-be6aac6aa669::ceiling-raw::0:1:0""]"
ed646d77-0d2b-4d72-b20d-be6aac6aa669,1,ed646d77-0d2b-4d72-b20d-be6aac6aa669::eave-chain::1:0,2,4.518694,75.644096,1.192326,"[-1.749585, -7.177598]","[0.465811, -6.610598]","[""ed646d77-0d2b-4d72-b20d-be6aac6aa669::ceiling-raw::1:3:0"", ""ed646d77-0d2b-4d72-b20d-be6aac6aa669::ceiling-raw::1:4:0""]"
ed646d77-0d2b-4d72-b20d-be6aac6aa669,1,ed646d77-0d2b-4d72-b20d-be6aac6aa669::eave-chain::1:1,2,7.135131,75.596678,1.20649,"[-2.586309, -4.047049]","[1.489426, -3.000326]","[""ed646d77-0d2b-4d72-b20d-be6aac6aa669::ceiling-raw::1:13:0"", ""ed646d77-0d2b-4d72-b20d-be6aac6aa669::ceiling-raw::1:3:0""]"
ed646d77-0d2b-4d72-b20d-be6aac6aa669,1,ed646d77-0d2b-4d72-b20d-be6aac6aa669::eave-chain::1:2,4,14.704722,165.478327,1.206296,"[-4.106761, 1.910576]","[-0.368462, -12.521826]","[""ed646d77-0d2b-4d72-b20d-be6aac6aa669::ceiling-raw::1:13:0"", ""ed646d77-0d2b-4d72-b20d-be6aac6aa669::ceiling-raw::1:3:0"", ""ed646d77-0d2b-4d72-b20d-be6aac6aa669::ceiling-raw::1:4:0"", ""ed646d77-0d2b-4d72-b20d-be6aac6aa669::ceiling-raw::1:5:0""]"
ed646d77-0d2b-4d72-b20d-be6aac6aa669,1,ed646d77-0d2b-4d72-b20d-be6aac6aa669::eave-chain::1:3,2,6.127551,75.964923,1.206348,"[2.690153, -8.797211]","[-1.089183, -9.741964]","[""ed646d77-0d2b-4d72-b20d-be6aac6aa669::ceiling-raw::1:4:0"", ""ed646d77-0d2b-4d72-b20d-be6aac6aa669::ceiling-raw::1:5:0""]"
ed646d77-0d2b-4d72-b20d-be6aac6aa669,1,ed646d77-0d2b-4d72-b20d-be6aac6aa669::eave-chain::1:4,1,3.895684,75.665546,1.2156,"[-0.3784, -12.5244]","[3.396, -11.5599]","[""ed646d77-0d2b-4d72-b20d-be6aac6aa669::ceiling-raw::1:5:0""]"
ed646d77-0d2b-4d72-b20d-be6aac6aa669,1,ed646d77-0d2b-4d72-b20d-be6aac6aa669::eave-chain::1:5,2,4.824266,165.770475,1.218659,"[3.411197, -11.556046]","[2.699421, -8.749215]","[""ed646d77-0d2b-4d72-b20d-be6aac6aa669::ceiling-raw::1:5:0"", ""ed646d77-0d2b-4d72-b20d-be6aac6aa669::ceiling-raw::1:6:0""]"
ed646d77-0d2b-4d72-b20d-be6aac6aa669,1,ed646d77-0d2b-4d72-b20d-be6aac6aa669::eave-chain::1:6,1,1.626988,119.732214,1.223,"[7.5469, -9.5535]","[8.9597, -10.3604]","[""ed646d77-0d2b-4d72-b20d-be6aac6aa669::ceiling-raw::1:6:0""]"
ed646d77-0d2b-4d72-b20d-be6aac6aa669,1,ed646d77-0d2b-4d72-b20d-be6aac6aa669::eave-chain::1:7,2,2.176275,165.686133,1.235768,"[8.953913, -10.361877]","[9.514456, -12.558753]","[""ed646d77-0d2b-4d72-b20d-be6aac6aa669::ceiling-raw::1:6:0"", ""ed646d77-0d2b-4d72-b20d-be6aac6aa669::ceiling-raw::1:7:0""]"
ed646d77-0d2b-4d72-b20d-be6aac6aa669,1,ed646d77-0d2b-4d72-b20d-be6aac6aa669::eave-chain::1:8,3,9.491892,75.405156,1.234867,"[13.735442, -9.832671]","[9.107655, -11.037675]","[""ed646d77-0d2b-4d72-b20d-be6aac6aa669::ceiling-raw::1:6:0"", ""ed646d77-0d2b-4d72-b20d-be6aac6aa669::ceiling-raw::1:7:0"", ""ed646d77-0d2b-4d72-b20d-be6aac6aa669::ceiling-raw::1:8:0""]"
ed646d77-0d2b-4d72-b20d-be6aac6aa669,1,ed646d77-0d2b-4d72-b20d-be6aac6aa669::eave-chain::1:9,1,4.477663,75.472472,1.223,"[3.2124, -10.6767]","[7.5469, -9.5535]","[""ed646d77-0d2b-4d72-b20d-be6aac6aa669::ceiling-raw::1:6:0""]"
ed646d77-0d2b-4d72-b20d-be6aac6aa669,1,ed646d77-0d2b-4d72-b20d-be6aac6aa669::eave-chain::1:10,1,4.773744,120.596746,1.2413,"[8.4548, -14.3554]","[12.5639, -16.7852]","[""ed646d77-0d2b-4d72-b20d-be6aac6aa669::ceiling-raw::1:7:0""]"
ed646d77-0d2b-4d72-b20d-be6aac6aa669,1,ed646d77-0d2b-4d72-b20d-be6aac6aa669::eave-chain::1:11,1,4.112466,30.59651,1.2413,"[12.5639, -16.7852]","[14.6571, -13.2453]","[""ed646d77-0d2b-4d72-b20d-be6aac6aa669::ceiling-raw::1:7:0""]"
ed646d77-0d2b-4d72-b20d-be6aac6aa669,1,ed646d77-0d2b-4d72-b20d-be6aac6aa669::eave-chain::1:12,2,7.070126,164.672731,1.236985,"[14.645431, -13.248498]","[12.774529, -6.422399]","[""ed646d77-0d2b-4d72-b20d-be6aac6aa669::ceiling-raw::1:7:0"", ""ed646d77-0d2b-4d72-b20d-be6aac6aa669::ceiling-raw::1:8:0""]"
ed646d77-0d2b-4d72-b20d-be6aac6aa669,1,ed646d77-0d2b-4d72-b20d-be6aac6aa669::eave-chain::1:13,1,2.088295,30.59909,1.2413,"[9.5178, -12.5579]","[8.4548, -14.3554]","[""ed646d77-0d2b-4d72-b20d-be6aac6aa669::ceiling-raw::1:7:0""]"
ed646d77-0d2b-4d72-b20d-be6aac6aa669,1,ed646d77-0d2b-4d72-b20d-be6aac6aa669::eave-chain::1:14,2,3.840893,75.665545,1.234198,"[12.78479, -6.413684]","[10.275495, -7.054903]","[""ed646d77-0d2b-4d72-b20d-be6aac6aa669::ceiling-raw::1:8:0"", ""ed646d77-0d2b-4d72-b20d-be6aac6aa669::ceiling-raw::1:9:0""]"
ed646d77-0d2b-4d72-b20d-be6aac6aa669,1,ed646d77-0d2b-4d72-b20d-be6aac6aa669::eave-chain::1:15,2,5.357729,76.132829,1.246465,"[11.312185, -0.60337]","[5.442035, -2.052516]","[""ed646d77-0d2b-4d72-b20d-be6aac6aa669::ceiling-raw::1:10:0"", ""ed646d77-0d2b-4d72-b20d-be6aac6aa669::ceiling-raw::1:9:0""]"
ed646d77-0d2b-4d72-b20d-be6aac6aa669,1,ed646d77-0d2b-4d72-b20d-be6aac6aa669::eave-chain::1:16,1,1.043899,20.103152,1.2373,"[8.6112, -1.2903]","[8.2524, -2.2706]","[""ed646d77-0d2b-4d72-b20d-be6aac6aa669::ceiling-raw::1:9:0""]"
ed646d77-0d2b-4d72-b20d-be6aac6aa669,1,ed646d77-0d2b-4d72-b20d-be6aac6aa669::eave-chain::1:17,1,1.780815,165.682056,1.2373,"[12.1543, -6.5691]","[11.7139, -4.8436]","[""ed646d77-0d2b-4d72-b20d-be6aac6aa669::ceiling-raw::1:9:0""]"
ed646d77-0d2b-4d72-b20d-be6aac6aa669,1,ed646d77-0d2b-4d72-b20d-be6aac6aa669::eave-chain::1:18,1,0.659487,75.681399,1.2373,"[11.7139, -4.8436]","[12.3529, -4.6805]","[""ed646d77-0d2b-4d72-b20d-be6aac6aa669::ceiling-raw::1:9:0""]"
ed646d77-0d2b-4d72-b20d-be6aac6aa669,1,ed646d77-0d2b-4d72-b20d-be6aac6aa669::eave-chain::1:19,1,4.2103,165.680899,1.2373,"[12.3529, -4.6805]","[11.3116, -0.601]","[""ed646d77-0d2b-4d72-b20d-be6aac6aa669::ceiling-raw::1:9:0""]"
ed646d77-0d2b-4d72-b20d-be6aac6aa669,1,ed646d77-0d2b-4d72-b20d-be6aac6aa669::eave-chain::1:20,1,3.760469,165.66591,1.2564,"[8.8642, -5.0613]","[7.9332, -1.4179]","[""ed646d77-0d2b-4d72-b20d-be6aac6aa669::ceiling-raw::1:10:0""]"
ed646d77-0d2b-4d72-b20d-be6aac6aa669,1,ed646d77-0d2b-4d72-b20d-be6aac6aa669::eave-chain::1:21,2,2.000779,30.933871,1.250885,"[5.444661, -2.055695]","[4.368924, -3.850711]","[""ed646d77-0d2b-4d72-b20d-be6aac6aa669::ceiling-raw::1:10:0"", ""ed646d77-0d2b-4d72-b20d-be6aac6aa669::ceiling-raw::1:11:0""]"
ed646d77-0d2b-4d72-b20d-be6aac6aa669,1,ed646d77-0d2b-4d72-b20d-be6aac6aa669::eave-chain::1:22,2,2.827582,119.630502,1.244172,"[4.595209, -3.444691]","[5.933797, -4.206058]","[""ed646d77-0d2b-4d72-b20d-be6aac6aa669::ceiling-raw::1:10:0"", ""ed646d77-0d2b-4d72-b20d-be6aac6aa669::ceiling-raw::1:11:0""]"
ed646d77-0d2b-4d72-b20d-be6aac6aa669,1,ed646d77-0d2b-4d72-b20d-be6aac6aa669::eave-chain::1:23,1,1.233111,75.531012,1.2303,"[4.3644, -3.848]","[3.1704, -4.1561]","[""ed646d77-0d2b-4d72-b20d-be6aac6aa669::ceiling-raw::1:11:0""]"
ed646d77-0d2b-4d72-b20d-be6aac6aa669,1,ed646d77-0d2b-4d72-b20d-be6aac6aa669::eave-chain::1:24,1,0.882897,30.771217,1.2303,"[3.1704, -4.1561]","[2.7187, -4.9147]","[""ed646d77-0d2b-4d72-b20d-be6aac6aa669::ceiling-raw::1:11:0""]"
ed646d77-0d2b-4d72-b20d-be6aac6aa669,1,ed646d77-0d2b-4d72-b20d-be6aac6aa669::eave-chain::1:25,1,0.8116,121.337869,1.2149,"[1.4868, -2.9901]","[2.18, -3.4122]","[""ed646d77-0d2b-4d72-b20d-be6aac6aa669::ceiling-raw::1:13:0""]"
ed646d77-0d2b-4d72-b20d-be6aac6aa669,1,ed646d77-0d2b-4d72-b20d-be6aac6aa669::eave-chain::1:26,1,1.545113,30.719551,1.2149,"[2.18, -3.4122]","[2.9693, -2.0839]","[""ed646d77-0d2b-4d72-b20d-be6aac6aa669::ceiling-raw::1:13:0""]"
ed646d77-0d2b-4d72-b20d-be6aac6aa669,1,ed646d77-0d2b-4d72-b20d-be6aac6aa669::eave-chain::1:27,1,5.621931,165.665409,1.2149,"[2.9693, -2.0839]","[1.5774, 3.363]","[""ed646d77-0d2b-4d72-b20d-be6aac6aa669::ceiling-raw::1:13:0""]"
ed646d77-0d2b-4d72-b20d-be6aac6aa669,1,ed646d77-0d2b-4d72-b20d-be6aac6aa669::eave-chain::1:28,1,5.868689,75.666351,1.2149,"[1.5774, 3.363]","[-4.1086, 1.9101]","[""ed646d77-0d2b-4d72-b20d-be6aac6aa669::ceiling-raw::1:13:0""]"
ed89b2f2-38dd-455f-a3df-13d92cdc1f8b,0,ed89b2f2-38dd-455f-a3df-13d92cdc1f8b::eave-chain::0:0,1,2.300176,56.262263,0.4578,"[-5.4653, 2.6641]","[-7.3781, 1.3866]","[""ed89b2f2-38dd-455f-a3df-13d92cdc1f8b::ceiling-raw::0:0:0""]"
ed89b2f2-38dd-455f-a3df-13d92cdc1f8b,0,ed89b2f2-38dd-455f-a3df-13d92cdc1f8b::eave-chain::0:1,1,3.152612,146.263055,0.4578,"[-7.3781, 1.3866]","[-5.6272, -1.2351]","[""ed89b2f2-38dd-455f-a3df-13d92cdc1f8b::ceiling-raw::0:0:0""]"
ed89b2f2-38dd-455f-a3df-13d92cdc1f8b,0,ed89b2f2-38dd-455f-a3df-13d92cdc1f8b::eave-chain::0:2,1,2.300121,56.264335,0.4578,"[-5.6272, -1.2351]","[-3.7144, 0.0423]","[""ed89b2f2-38dd-455f-a3df-13d92cdc1f8b::ceiling-raw::0:0:0""]"
ed89b2f2-38dd-455f-a3df-13d92cdc1f8b,0,ed89b2f2-38dd-455f-a3df-13d92cdc1f8b::eave-chain::0:3,2,6.267088,146.243043,0.623928,"[-3.120891, -0.841795]","[-5.464451, 2.664668]","[""ed89b2f2-38dd-455f-a3df-13d92cdc1f8b::ceiling-raw::0:0:0"", ""ed89b2f2-38dd-455f-a3df-13d92cdc1f8b::ceiling-raw::0:1:0""]"
ed89b2f2-38dd-455f-a3df-13d92cdc1f8b,0,ed89b2f2-38dd-455f-a3df-13d92cdc1f8b::eave-chain::0:4,2,4.298512,146.257872,0.799525,"[0.403194, 2.596163]","[-0.825801, 4.436032]","[""ed89b2f2-38dd-455f-a3df-13d92cdc1f8b::ceiling-raw::0:1:0"", ""ed89b2f2-38dd-455f-a3df-13d92cdc1f8b::ceiling-raw::0:2:0""]"
ed89b2f2-38dd-455f-a3df-13d92cdc1f8b,0,ed89b2f2-38dd-455f-a3df-13d92cdc1f8b::eave-chain::0:5,3,9.730609,56.500369,0.799696,"[3.36143, 7.17088]","[-4.843914, 1.739958]","[""ed89b2f2-38dd-455f-a3df-13d92cdc1f8b::ceiling-raw::0:1:0"", ""ed89b2f2-38dd-455f-a3df-13d92cdc1f8b::ceiling-raw::0:2:0"", ""ed89b2f2-38dd-455f-a3df-13d92cdc1f8b::ceiling-raw::0:3:0""]"
ed89b2f2-38dd-455f-a3df-13d92cdc1f8b,0,ed89b2f2-38dd-455f-a3df-13d92cdc1f8b::eave-chain::0:6,2,11.108679,56.080984,0.842827,"[0.536461, 1.556465]","[-5.063678, -2.20937]","[""ed89b2f2-38dd-455f-a3df-13d92cdc1f8b::ceiling-raw::0:1:0"", ""ed89b2f2-38dd-455f-a3df-13d92cdc1f8b::ceiling-raw::0:6:0""]"
ed89b2f2-38dd-455f-a3df-13d92cdc1f8b,0,ed89b2f2-38dd-455f-a3df-13d92cdc1f8b::eave-chain::0:7,4,12.099069,145.949705,0.808939,"[1.390848, 5.879873]","[5.689039, -0.480407]","[""ed89b2f2-38dd-455f-a3df-13d92cdc1f8b::ceiling-raw::0:2:0"", ""ed89b2f2-38dd-455f-a3df-13d92cdc1f8b::ceiling-raw::0:3:0"", ""ed89b2f2-38dd-455f-a3df-13d92cdc1f8b::ceiling-raw::0:4:0"", ""ed89b2f2-38dd-455f-a3df-13d92cdc1f8b::ceiling-raw::0:5:0""]"
ed89b2f2-38dd-455f-a3df-13d92cdc1f8b,0,ed89b2f2-38dd-455f-a3df-13d92cdc1f8b::eave-chain::0:8,2,7.582865,146.123088,0.813002,"[7.629429, 0.815522]","[3.350538, 7.188729]","[""ed89b2f2-38dd-455f-a3df-13d92cdc1f8b::ceiling-raw::0:3:0"", ""ed89b2f2-38dd-455f-a3df-13d92cdc1f8b::ceiling-raw::0:4:0""]"
ed89b2f2-38dd-455f-a3df-13d92cdc1f8b,0,ed89b2f2-38dd-455f-a3df-13d92cdc1f8b::eave-chain::0:9,2,4.654241,56.286147,0.812143,"[3.207879, 3.204916]","[5.162106, 4.508906]","[""ed89b2f2-38dd-455f-a3df-13d92cdc1f8b::ceiling-raw::0:3:0"", ""ed89b2f2-38dd-455f-a3df-13d92cdc1f8b::ceiling-raw::0:4:0""]"
ed89b2f2-38dd-455f-a3df-13d92cdc1f8b,0,ed89b2f2-38dd-455f-a3df-13d92cdc1f8b::eave-chain::0:10,3,12.098875,56.594531,0.84563,"[-2.59703, -5.902647]","[7.616691, 0.83346]","[""ed89b2f2-38dd-455f-a3df-13d92cdc1f8b::ceiling-raw::0:4:0"", ""ed89b2f2-38dd-455f-a3df-13d92cdc1f8b::ceiling-raw::0:5:0"", ""ed89b2f2-38dd-455f-a3df-13d92cdc1f8b::ceiling-raw::0:6:0""]"
ed89b2f2-38dd-455f-a3df-13d92cdc1f8b,0,ed89b2f2-38dd-455f-a3df-13d92cdc1f8b::eave-chain::0:11,2,8.43103,146.191275,0.839877,"[3.073291, -2.141598]","[0.608497, 1.539056]","[""ed89b2f2-38dd-455f-a3df-13d92cdc1f8b::ceiling-raw::0:5:0"", ""ed89b2f2-38dd-455f-a3df-13d92cdc1f8b::ceiling-raw::0:6:0""]"
ed89b2f2-38dd-455f-a3df-13d92cdc1f8b,0,ed89b2f2-38dd-455f-a3df-13d92cdc1f8b::eave-chain::0:12,1,4.425982,146.264694,0.8756,"[-5.0453, -2.2367]","[-2.5873, -5.9174]","[""ed89b2f2-38dd-455f-a3df-13d92cdc1f8b::ceiling-raw::0:6:0""]"
eda4954e-036f-4e74-817f-23ce2d309aa3,0,eda4954e-036f-4e74-817f-23ce2d309aa3::eave-chain::0:0,2,6.512639,82.366506,0.966031,"[-5.626624, -2.046965]","[-2.34388, -1.607]","[""eda4954e-036f-4e74-817f-23ce2d309aa3::ceiling-raw::0:0:0"", ""eda4954e-036f-4e74-817f-23ce2d309aa3::ceiling-raw::0:4:0""]"
eda4954e-036f-4e74-817f-23ce2d309aa3,0,eda4954e-036f-4e74-817f-23ce2d309aa3::eave-chain::0:1,3,11.340375,172.61861,0.976021,"[-6.511205, 4.955535]","[-5.038516, -6.412451]","[""eda4954e-036f-4e74-817f-23ce2d309aa3::ceiling-raw::0:0:0"", ""eda4954e-036f-4e74-817f-23ce2d309aa3::ceiling-raw::0:1:0"", ""eda4954e-036f-4e74-817f-23ce2d309aa3::ceiling-raw::0:4:0""]"
eda4954e-036f-4e74-817f-23ce2d309aa3,0,eda4954e-036f-4e74-817f-23ce2d309aa3::eave-chain::0:2,2,6.498808,82.382579,0.940643,"[-5.368557, -3.97615]","[-2.139451, -3.544296]","[""eda4954e-036f-4e74-817f-23ce2d309aa3::ceiling-raw::0:0:0"", ""eda4954e-036f-4e74-817f-23ce2d309aa3::ceiling-raw::0:1:0""]"
eda4954e-036f-4e74-817f-23ce2d309aa3,0,eda4954e-036f-4e74-817f-23ce2d309aa3::eave-chain::0:3,1,3.23295,82.379943,0.9465,"[-5.0304, -6.4114]","[-1.826, -5.9827]","[""eda4954e-036f-4e74-817f-23ce2d309aa3::ceiling-raw::0:1:0""]"
eda4954e-036f-4e74-817f-23ce2d309aa3,0,eda4954e-036f-4e74-817f-23ce2d309aa3::eave-chain::0:4,1,1.398358,172.376927,0.9465,"[-1.826, -5.9827]","[-2.0115, -4.5967]","[""eda4954e-036f-4e74-817f-23ce2d309aa3::ceiling-raw::0:1:0""]"
eda4954e-036f-4e74-817f-23ce2d309aa3,0,eda4954e-036f-4e74-817f-23ce2d309aa3::eave-chain::0:5,1,2.938866,172.378044,0.7946,"[0.8028, 2.7389]","[0.413, 5.6518]","[""eda4954e-036f-4e74-817f-23ce2d309aa3::ceiling-raw::0:3:0""]"
eda4954e-036f-4e74-817f-23ce2d309aa3,0,eda4954e-036f-4e74-817f-23ce2d309aa3::eave-chain::0:6,2,6.909441,84.269239,0.890181,"[0.413391, 5.647904]","[-6.510445, 4.953059]","[""eda4954e-036f-4e74-817f-23ce2d309aa3::ceiling-raw::0:3:0"", ""eda4954e-036f-4e74-817f-23ce2d309aa3::ceiling-raw::0:4:0""]"
eda4954e-036f-4e74-817f-23ce2d309aa3,0,eda4954e-036f-4e74-817f-23ce2d309aa3::eave-chain::0:7,2,9.97712,172.525476,0.937522,"[-2.335109, -1.586719]","[-3.250681, 5.39172]","[""eda4954e-036f-4e74-817f-23ce2d309aa3::ceiling-raw::0:3:0"", ""eda4954e-036f-4e74-817f-23ce2d309aa3::ceiling-raw::0:4:0""]"
eda4954e-036f-4e74-817f-23ce2d309aa3,0,eda4954e-036f-4e74-817f-23ce2d309aa3::eave-chain::0:8,1,3.649847,82.378074,0.7946,"[-2.8148, 2.2548]","[0.8028, 2.7389]","[""eda4954e-036f-4e74-817f-23ce2d309aa3::ceiling-raw::0:3:0""]"
ef522d94-2279-4b9e-bd8f-90bb37043910,0,ef522d94-2279-4b9e-bd8f-90bb37043910::eave-chain::0:0,3,4.813322,24.186613,0.542015,"[4.17869, -7.960142]","[3.180828, -10.181874]","[""ef522d94-2279-4b9e-bd8f-90bb37043910::ceiling-raw::0:0:0"", ""ef522d94-2279-4b9e-bd8f-90bb37043910::ceiling-raw::0:2:0""]"
ef522d94-2279-4b9e-bd8f-90bb37043910,0,ef522d94-2279-4b9e-bd8f-90bb37043910::eave-chain::0:1,1,0.368203,119.426414,0.5261,"[4.1205, -8.4174]","[3.7998, -8.2365]","[""ef522d94-2279-4b9e-bd8f-90bb37043910::ceiling-raw::0:0:0""]"
ef522d94-2279-4b9e-bd8f-90bb37043910,0,ef522d94-2279-4b9e-bd8f-90bb37043910::eave-chain::0:2,3,7.272996,120.000138,0.610724,"[0.165721, -5.627818]","[6.333671, -9.188905]","[""ef522d94-2279-4b9e-bd8f-90bb37043910::ceiling-raw::0:0:0"", ""ef522d94-2279-4b9e-bd8f-90bb37043910::ceiling-raw::0:2:0"", ""ef522d94-2279-4b9e-bd8f-90bb37043910::ceiling-raw::0:9:0""]"
ef522d94-2279-4b9e-bd8f-90bb37043910,0,ef522d94-2279-4b9e-bd8f-90bb37043910::eave-chain::0:3,2,4.778666,29.387256,0.522088,"[2.296653, -6.908405]","[1.108351, -9.018397]","[""ef522d94-2279-4b9e-bd8f-90bb37043910::ceiling-raw::0:0:0"", ""ef522d94-2279-4b9e-bd8f-90bb37043910::ceiling-raw::0:1:0""]"
ef522d94-2279-4b9e-bd8f-90bb37043910,0,ef522d94-2279-4b9e-bd8f-90bb37043910::eave-chain::0:4,5,14.467638,119.674447,0.553474,"[-5.663683, -5.099301]","[7.219837, -12.440318]","[""ef522d94-2279-4b9e-bd8f-90bb37043910::ceiling-raw::0:0:0"", ""ef522d94-2279-4b9e-bd8f-90bb37043910::ceiling-raw::0:1:0"", ""ef522d94-2279-4b9e-bd8f-90bb37043910::ceiling-raw::0:2:0"", ""ef522d94-2279-4b9e-bd8f-90bb37043910::ceiling-raw::0:3:0"", ""ef522d94-2279-4b9e-bd8f-90bb37043910::ceiling-raw::0:6:0""]"
ef522d94-2279-4b9e-bd8f-90bb37043910,0,ef522d94-2279-4b9e-bd8f-90bb37043910::eave-chain::0:5,2,4.746652,29.334339,0.57726,"[-3.370458, -6.430175]","[-2.163271, -4.282009]","[""ef522d94-2279-4b9e-bd8f-90bb37043910::ceiling-raw::0:1:0"", ""ef522d94-2279-4b9e-bd8f-90bb37043910::ceiling-raw::0:6:0""]"
ef522d94-2279-4b9e-bd8f-90bb37043910,0,ef522d94-2279-4b9e-bd8f-90bb37043910::eave-chain::0:6,2,6.078981,29.70477,0.560843,"[7.02278, -8.068239]","[5.190764, -11.279483]","[""ef522d94-2279-4b9e-bd8f-90bb37043910::ceiling-raw::0:2:0"", ""ef522d94-2279-4b9e-bd8f-90bb37043910::ceiling-raw::0:3:0""]"
ef522d94-2279-4b9e-bd8f-90bb37043910,0,ef522d94-2279-4b9e-bd8f-90bb37043910::eave-chain::0:7,3,7.927637,120.037112,0.557496,"[3.653574, -6.051397]","[9.060079, -9.177516]","[""ef522d94-2279-4b9e-bd8f-90bb37043910::ceiling-raw::0:3:0"", ""ef522d94-2279-4b9e-bd8f-90bb37043910::ceiling-raw::0:4:0"", ""ef522d94-2279-4b9e-bd8f-90bb37043910::ceiling-raw::0:5:0""]"
ef522d94-2279-4b9e-bd8f-90bb37043910,0,ef522d94-2279-4b9e-bd8f-90bb37043910::eave-chain::0:8,2,7.091518,29.364739,0.557693,"[7.23668, -12.410945]","[10.757717, -6.15311]","[""ef522d94-2279-4b9e-bd8f-90bb37043910::ceiling-raw::0:3:0"", ""ef522d94-2279-4b9e-bd8f-90bb37043910::ceiling-raw::0:4:0""]"
ef522d94-2279-4b9e-bd8f-90bb37043910,0,ef522d94-2279-4b9e-bd8f-90bb37043910::eave-chain::0:9,3,9.318983,118.949251,0.612098,"[10.762064, -6.145212]","[2.0013, -1.29918]","[""ef522d94-2279-4b9e-bd8f-90bb37043910::ceiling-raw::0:4:0"", ""ef522d94-2279-4b9e-bd8f-90bb37043910::ceiling-raw::0:5:0"", ""ef522d94-2279-4b9e-bd8f-90bb37043910::ceiling-raw::0:9:0""]"
ef522d94-2279-4b9e-bd8f-90bb37043910,0,ef522d94-2279-4b9e-bd8f-90bb37043910::eave-chain::0:10,1,3.41405,29.415988,0.5523,"[7.9201, -4.5531]","[6.2433, -7.527]","[""ef522d94-2279-4b9e-bd8f-90bb37043910::ceiling-raw::0:4:0""]"
ef522d94-2279-4b9e-bd8f-90bb37043910,0,ef522d94-2279-4b9e-bd8f-90bb37043910::eave-chain::0:11,2,8.03483,29.624474,0.640276,"[2.95483, -7.178732]","[5.280207, -3.089396]","[""ef522d94-2279-4b9e-bd8f-90bb37043910::ceiling-raw::0:5:0"", ""ef522d94-2279-4b9e-bd8f-90bb37043910::ceiling-raw::0:9:0""]"
ef522d94-2279-4b9e-bd8f-90bb37043910,0,ef522d94-2279-4b9e-bd8f-90bb37043910::eave-chain::0:12,1,3.38154,29.415348,0.5596,"[5.7243, -7.2219]","[7.3851, -4.2763]","[""ef522d94-2279-4b9e-bd8f-90bb37043910::ceiling-raw::0:5:0""]"
ef522d94-2279-4b9e-bd8f-90bb37043910,0,ef522d94-2279-4b9e-bd8f-90bb37043910::eave-chain::0:13,2,5.862177,119.070816,0.653857,"[-4.455695, -2.956687]","[-1.26554, -4.730177]","[""ef522d94-2279-4b9e-bd8f-90bb37043910::ceiling-raw::0:6:0"", ""ef522d94-2279-4b9e-bd8f-90bb37043910::ceiling-raw::0:8:0""]"
ef522d94-2279-4b9e-bd8f-90bb37043910,0,ef522d94-2279-4b9e-bd8f-90bb37043910::eave-chain::0:14,2,4.398419,34.527588,0.65032,"[-3.116732, -1.370551]","[-5.663296, -5.072004]","[""ef522d94-2279-4b9e-bd8f-90bb37043910::ceiling-raw::0:6:0"", ""ef522d94-2279-4b9e-bd8f-90bb37043910::ceiling-raw::0:8:0""]"
ef522d94-2279-4b9e-bd8f-90bb37043910,0,ef522d94-2279-4b9e-bd8f-90bb37043910::eave-chain::0:15,2,8.635379,119.373146,0.68766,"[-3.48472, -1.151939]","[1.20214, -3.789956]","[""ef522d94-2279-4b9e-bd8f-90bb37043910::ceiling-raw::0:8:0"", ""ef522d94-2279-4b9e-bd8f-90bb37043910::ceiling-raw::0:9:0""]"
ef522d94-2279-4b9e-bd8f-90bb37043910,0,ef522d94-2279-4b9e-bd8f-90bb37043910::eave-chain::0:16,1,3.477855,29.415278,0.6989,"[2.0014, -1.299]","[3.7095, 1.7305]","[""ef522d94-2279-4b9e-bd8f-90bb37043910::ceiling-raw::0:9:0""]"
ef522d94-2279-4b9e-bd8f-90bb37043910,0,ef522d94-2279-4b9e-bd8f-90bb37043910::eave-chain::0:17,1,1.889081,119.411945,0.6989,"[3.7095, 1.7305]","[2.0639, 2.6582]","[""ef522d94-2279-4b9e-bd8f-90bb37043910::ceiling-raw::0:9:0""]"
ef522d94-2279-4b9e-bd8f-90bb37043910,0,ef522d94-2279-4b9e-bd8f-90bb37043910::eave-chain::0:18,1,0.408094,29.410525,0.6989,"[2.0639, 2.6582]","[1.8635, 2.3027]","[""ef522d94-2279-4b9e-bd8f-90bb37043910::ceiling-raw::0:9:0""]"
ef522d94-2279-4b9e-bd8f-90bb37043910,0,ef522d94-2279-4b9e-bd8f-90bb37043910::eave-chain::0:19,1,1.079703,119.416435,0.6989,"[1.8635, 2.3027]","[0.923, 2.833]","[""ef522d94-2279-4b9e-bd8f-90bb37043910::ceiling-raw::0:9:0""]"
ef522d94-2279-4b9e-bd8f-90bb37043910,0,ef522d94-2279-4b9e-bd8f-90bb37043910::eave-chain::0:20,1,0.449559,29.416071,0.6989,"[0.923, 2.833]","[1.1438, 3.2246]","[""ef522d94-2279-4b9e-bd8f-90bb37043910::ceiling-raw::0:9:0""]"
ef522d94-2279-4b9e-bd8f-90bb37043910,0,ef522d94-2279-4b9e-bd8f-90bb37043910::eave-chain::0:21,1,1.88237,119.415289,0.6989,"[1.1438, 3.2246]","[-0.4959, 4.1491]","[""ef522d94-2279-4b9e-bd8f-90bb37043910::ceiling-raw::0:9:0""]"
ef522d94-2279-4b9e-bd8f-90bb37043910,0,ef522d94-2279-4b9e-bd8f-90bb37043910::eave-chain::0:22,1,6.071861,29.41517,0.6989,"[-0.4959, 4.1491]","[-3.478, -1.14]","[""ef522d94-2279-4b9e-bd8f-90bb37043910::ceiling-raw::0:9:0""]"
f16973df-10b9-4369-9f0d-dd295a34d970,0,f16973df-10b9-4369-9f0d-dd295a34d970::eave-chain::0:0,1,2.507959,64.603838,1.129,"[7.3269, -1.8597]","[5.0613, -2.9353]","[""f16973df-10b9-4369-9f0d-dd295a34d970::ceiling-raw::0:0:0""]"
f16973df-10b9-4369-9f0d-dd295a34d970,0,f16973df-10b9-4369-9f0d-dd295a34d970::eave-chain::0:1,2,3.576318,155.629432,1.126726,"[5.05203, -2.939499]","[6.280828, -5.652071]","[""f16973df-10b9-4369-9f0d-dd295a34d970::ceiling-raw::0:0:0"", ""f16973df-10b9-4369-9f0d-dd295a34d970::ceiling-raw::0:1:0""]"
f16973df-10b9-4369-9f0d-dd295a34d970,0,f16973df-10b9-4369-9f0d-dd295a34d970::eave-chain::0:2,5,13.57849,64.171285,1.123186,"[-3.809566, -10.528345]","[8.592168, -4.525443]","[""f16973df-10b9-4369-9f0d-dd295a34d970::ceiling-raw::0:0:0"", ""f16973df-10b9-4369-9f0d-dd295a34d970::ceiling-raw::0:1:0"", ""f16973df-10b9-4369-9f0d-dd295a34d970::ceiling-raw::0:2:0"", ""f16973df-10b9-4369-9f0d-dd295a34d970::ceiling-raw::0:7:0"", ""f16973df-10b9-4369-9f0d-dd295a34d970::ceiling-raw::0:8:0""]"
f16973df-10b9-4369-9f0d-dd295a34d970,0,f16973df-10b9-4369-9f0d-dd295a34d970::eave-chain::0:3,1,2.978393,154.605054,1.129,"[8.6042, -4.5503]","[7.3269, -1.8597]","[""f16973df-10b9-4369-9f0d-dd295a34d970::ceiling-raw::0:0:0""]"
f16973df-10b9-4369-9f0d-dd295a34d970,0,f16973df-10b9-4369-9f0d-dd295a34d970::eave-chain::0:4,2,4.586505,154.475876,1.117692,"[1.728116, -4.533566]","[3.007808, -7.213591]","[""f16973df-10b9-4369-9f0d-dd295a34d970::ceiling-raw::0:1:0"", ""f16973df-10b9-4369-9f0d-dd295a34d970::ceiling-raw::0:2:0""]"
f16973df-10b9-4369-9f0d-dd295a34d970,0,f16973df-10b9-4369-9f0d-dd295a34d970::eave-chain::0:5,2,4.011717,154.321927,1.111877,"[1.114036, -8.169755]","[0.087341, -6.034349]","[""f16973df-10b9-4369-9f0d-dd295a34d970::ceiling-raw::0:2:0"", ""f16973df-10b9-4369-9f0d-dd295a34d970::ceiling-raw::0:8:0""]"
f16973df-10b9-4369-9f0d-dd295a34d970,0,f16973df-10b9-4369-9f0d-dd295a34d970::eave-chain::0:6,2,6.657625,154.625063,1.141678,"[-2.737515, -5.997391]","[-4.185915, -2.943623]","[""f16973df-10b9-4369-9f0d-dd295a34d970::ceiling-raw::0:5:0"", ""f16973df-10b9-4369-9f0d-dd295a34d970::ceiling-raw::0:6:0""]"
f16973df-10b9-4369-9f0d-dd295a34d970,0,f16973df-10b9-4369-9f0d-dd295a34d970::eave-chain::0:7,1,3.304657,154.603519,1.1309,"[-0.5595, -4.8802]","[-1.9768, -1.8949]","[""f16973df-10b9-4369-9f0d-dd295a34d970::ceiling-raw::0:5:0""]"
f16973df-10b9-4369-9f0d-dd295a34d970,0,f16973df-10b9-4369-9f0d-dd295a34d970::eave-chain::0:8,2,5.376762,64.320444,1.142719,"[-1.976551, -1.895417]","[-6.89205, -4.258927]","[""f16973df-10b9-4369-9f0d-dd295a34d970::ceiling-raw::0:5:0"", ""f16973df-10b9-4369-9f0d-dd295a34d970::ceiling-raw::0:6:0""]"
f16973df-10b9-4369-9f0d-dd295a34d970,0,f16973df-10b9-4369-9f0d-dd295a34d970::eave-chain::0:9,2,6.342943,153.753836,1.147963,"[-6.89714, -4.260537]","[-3.805383, -10.531058]","[""f16973df-10b9-4369-9f0d-dd295a34d970::ceiling-raw::0:6:0"", ""f16973df-10b9-4369-9f0d-dd295a34d970::ceiling-raw::0:7:0""]"
f16973df-10b9-4369-9f0d-dd295a34d970,0,f16973df-10b9-4369-9f0d-dd295a34d970::eave-chain::0:10,1,2.969446,64.604264,1.1523,"[-5.4544, -7.2872]","[-2.7719, -6.0137]","[""f16973df-10b9-4369-9f0d-dd295a34d970::ceiling-raw::0:6:0""]"
f16973df-10b9-4369-9f0d-dd295a34d970,0,f16973df-10b9-4369-9f0d-dd295a34d970::eave-chain::0:11,2,4.776789,154.607196,1.124201,"[-1.078571, -9.236568]","[-2.110881, -7.061825]","[""f16973df-10b9-4369-9f0d-dd295a34d970::ceiling-raw::0:7:0"", ""f16973df-10b9-4369-9f0d-dd295a34d970::ceiling-raw::0:8:0""]"
f16973df-10b9-4369-9f0d-dd295a34d970,0,f16973df-10b9-4369-9f0d-dd295a34d970::eave-chain::0:12,1,1.80712,64.604811,1.1431,"[-3.4575, -7.0562]","[-5.09, -7.8312]","[""f16973df-10b9-4369-9f0d-dd295a34d970::ceiling-raw::0:7:0""]"
f40dcc9f-b97b-4bef-8b40-ba011aabf0bd,0,f40dcc9f-b97b-4bef-8b40-ba011aabf0bd::eave-chain::0:0,2,9.300601,87.848102,1.376056,"[5.513597, 14.357547]","[-3.832301, 14.006372]","[""f40dcc9f-b97b-4bef-8b40-ba011aabf0bd::ceiling-raw::0:0:0"", ""f40dcc9f-b97b-4bef-8b40-ba011aabf0bd::ceiling-raw::0:7:0""]"
f40dcc9f-b97b-4bef-8b40-ba011aabf0bd,0,f40dcc9f-b97b-4bef-8b40-ba011aabf0bd::eave-chain::0:1,6,16.867476,178.563935,1.350423,"[2.486265, 14.253328]","[2.815584, 1.11696]","[""f40dcc9f-b97b-4bef-8b40-ba011aabf0bd::ceiling-raw::0:0:0"", ""f40dcc9f-b97b-4bef-8b40-ba011aabf0bd::ceiling-raw::0:1:0"", ""f40dcc9f-b97b-4bef-8b40-ba011aabf0bd::ceiling-raw::0:2:0"", ""f40dcc9f-b97b-4bef-8b40-ba011aabf0bd::ceiling-raw::0:3:0"", ""f40dcc9f-b97b-4bef-8b40-ba011aabf0bd::ceiling-raw::0:5:0"", ""f40dcc9f-b97b-4bef-8b40-ba011aabf0bd::ceiling-raw::0:7:0""]"
f40dcc9f-b97b-4bef-8b40-ba011aabf0bd,0,f40dcc9f-b97b-4bef-8b40-ba011aabf0bd::eave-chain::0:2,1,3.006273,87.924049,1.3969,"[2.6568, 10.1802]","[5.6611, 10.2891]","[""f40dcc9f-b97b-4bef-8b40-ba011aabf0bd::ceiling-raw::0:0:0""]"
f40dcc9f-b97b-4bef-8b40-ba011aabf0bd,0,f40dcc9f-b97b-4bef-8b40-ba011aabf0bd::eave-chain::0:3,1,4.076377,177.923538,1.3969,"[5.6611, 10.2891]","[5.5134, 14.3628]","[""f40dcc9f-b97b-4bef-8b40-ba011aabf0bd::ceiling-raw::0:0:0""]"
f40dcc9f-b97b-4bef-8b40-ba011aabf0bd,0,f40dcc9f-b97b-4bef-8b40-ba011aabf0bd::eave-chain::0:4,4,12.448732,87.696724,1.331847,"[-3.691194, 7.201774]","[2.680678, 7.458059]","[""f40dcc9f-b97b-4bef-8b40-ba011aabf0bd::ceiling-raw::0:1:0"", ""f40dcc9f-b97b-4bef-8b40-ba011aabf0bd::ceiling-raw::0:2:0"", ""f40dcc9f-b97b-4bef-8b40-ba011aabf0bd::ceiling-raw::0:4:0"", ""f40dcc9f-b97b-4bef-8b40-ba011aabf0bd::ceiling-raw::0:7:0""]"
f40dcc9f-b97b-4bef-8b40-ba011aabf0bd,0,f40dcc9f-b97b-4bef-8b40-ba011aabf0bd::eave-chain::0:5,2,3.475281,87.918915,1.324463,"[0.897151, 6.206603]","[2.678347, 6.271327]","[""f40dcc9f-b97b-4bef-8b40-ba011aabf0bd::ceiling-raw::0:2:0"", ""f40dcc9f-b97b-4bef-8b40-ba011aabf0bd::ceiling-raw::0:3:0""]"
f40dcc9f-b97b-4bef-8b40-ba011aabf0bd,0,f40dcc9f-b97b-4bef-8b40-ba011aabf0bd::eave-chain::0:6,2,3.496493,87.891971,1.347689,"[2.75201, 3.903893]","[0.949549, 3.837547]","[""f40dcc9f-b97b-4bef-8b40-ba011aabf0bd::ceiling-raw::0:3:0"", ""f40dcc9f-b97b-4bef-8b40-ba011aabf0bd::ceiling-raw::0:5:0""]"
f40dcc9f-b97b-4bef-8b40-ba011aabf0bd,0,f40dcc9f-b97b-4bef-8b40-ba011aabf0bd::eave-chain::0:7,3,13.022218,178.684332,1.356081,"[-3.820389, 14.009276]","[-3.518325, 0.85706]","[""f40dcc9f-b97b-4bef-8b40-ba011aabf0bd::ceiling-raw::0:4:0"", ""f40dcc9f-b97b-4bef-8b40-ba011aabf0bd::ceiling-raw::0:6:0"", ""f40dcc9f-b97b-4bef-8b40-ba011aabf0bd::ceiling-raw::0:7:0""]"
f40dcc9f-b97b-4bef-8b40-ba011aabf0bd,0,f40dcc9f-b97b-4bef-8b40-ba011aabf0bd::eave-chain::0:8,2,6.114613,88.04713,1.345336,"[-0.105405, 4.277177]","[-3.636165, 4.156788]","[""f40dcc9f-b97b-4bef-8b40-ba011aabf0bd::ceiling-raw::0:4:0"", ""f40dcc9f-b97b-4bef-8b40-ba011aabf0bd::ceiling-raw::0:6:0""]"
f40dcc9f-b97b-4bef-8b40-ba011aabf0bd,0,f40dcc9f-b97b-4bef-8b40-ba011aabf0bd::eave-chain::0:9,2,6.584424,177.952738,1.350416,"[-0.048622, 4.31828]","[0.07072, 0.97972]","[""f40dcc9f-b97b-4bef-8b40-ba011aabf0bd::ceiling-raw::0:5:0"", ""f40dcc9f-b97b-4bef-8b40-ba011aabf0bd::ceiling-raw::0:6:0""]"
f40dcc9f-b97b-4bef-8b40-ba011aabf0bd,0,f40dcc9f-b97b-4bef-8b40-ba011aabf0bd::eave-chain::0:10,2,6.260153,87.655854,1.349808,"[-3.516486, 0.854313]","[2.853216, 1.115063]","[""f40dcc9f-b97b-4bef-8b40-ba011aabf0bd::ceiling-raw::0:5:0"", ""f40dcc9f-b97b-4bef-8b40-ba011aabf0bd::ceiling-raw::0:6:0""]"
f40dcc9f-b97b-4bef-8b40-ba011aabf0bd,0,f40dcc9f-b97b-4bef-8b40-ba011aabf0bd::eave-chain::0:11,1,3.561937,177.924508,0.8616,"[0.6002, -2.6136]","[0.4712, 0.946]","[""f40dcc9f-b97b-4bef-8b40-ba011aabf0bd::ceiling-raw::0:8:0""]"
f40dcc9f-b97b-4bef-8b40-ba011aabf0bd,0,f40dcc9f-b97b-4bef-8b40-ba011aabf0bd::eave-chain::0:12,1,7.82624,87.923314,0.8616,"[0.4712, 0.946]","[-7.3499, 0.6624]","[""f40dcc9f-b97b-4bef-8b40-ba011aabf0bd::ceiling-raw::0:8:0""]"
f40dcc9f-b97b-4bef-8b40-ba011aabf0bd,0,f40dcc9f-b97b-4bef-8b40-ba011aabf0bd::eave-chain::0:13,1,3.561937,177.924508,0.8616,"[-7.3499, 0.6624]","[-7.2209, -2.8972]","[""f40dcc9f-b97b-4bef-8b40-ba011aabf0bd::ceiling-raw::0:8:0""]"
f40dcc9f-b97b-4bef-8b40-ba011aabf0bd,0,f40dcc9f-b97b-4bef-8b40-ba011aabf0bd::eave-chain::0:14,1,7.82624,87.923314,0.8616,"[-7.2209, -2.8972]","[0.6002, -2.6136]","[""f40dcc9f-b97b-4bef-8b40-ba011aabf0bd::ceiling-raw::0:8:0""]"
f46b4d89-ae67-405c-af8b-eb7396b06ef8,1,f46b4d89-ae67-405c-af8b-eb7396b06ef8::eave-chain::1:0,3,9.131512,173.49101,0.744545,"[-1.317529, 2.124823]","[-0.494196, -5.091418]","[""f46b4d89-ae67-405c-af8b-eb7396b06ef8::ceiling-raw::1:6:0"", ""f46b4d89-ae67-405c-af8b-eb7396b06ef8::ceiling-raw::1:7:0"", ""f46b4d89-ae67-405c-af8b-eb7396b06ef8::ceiling-raw::1:9:0""]"
f46b4d89-ae67-405c-af8b-eb7396b06ef8,1,f46b4d89-ae67-405c-af8b-eb7396b06ef8::eave-chain::1:1,3,3.003071,81.546718,0.740928,"[-1.590375, -1.505378]","[1.434587, -1.055816]","[""f46b4d89-ae67-405c-af8b-eb7396b06ef8::ceiling-raw::1:6:0"", ""f46b4d89-ae67-405c-af8b-eb7396b06ef8::ceiling-raw::1:9:0""]"
f46b4d89-ae67-405c-af8b-eb7396b06ef8,1,f46b4d89-ae67-405c-af8b-eb7396b06ef8::eave-chain::1:2,1,0.384911,98.877442,0.7928,"[-0.7322, -1.4283]","[-1.1125, -1.3689]","[""f46b4d89-ae67-405c-af8b-eb7396b06ef8::ceiling-raw::1:6:0""]"
f46b4d89-ae67-405c-af8b-eb7396b06ef8,1,f46b4d89-ae67-405c-af8b-eb7396b06ef8::eave-chain::1:3,1,2.367472,170.125485,0.197,"[-2.1305, -1.0972]","[-1.7245, -3.4296]","[""f46b4d89-ae67-405c-af8b-eb7396b06ef8::ceiling-raw::1:6:12""]"
f46b4d89-ae67-405c-af8b-eb7396b06ef8,1,f46b4d89-ae67-405c-af8b-eb7396b06ef8::eave-chain::1:4,1,2.606892,80.129015,0.7305,"[-0.4283, -5.0839]","[2.14, -4.637]","[""f46b4d89-ae67-405c-af8b-eb7396b06ef8::ceiling-raw::1:7:0""]"
f46b4d89-ae67-405c-af8b-eb7396b06ef8,1,f46b4d89-ae67-405c-af8b-eb7396b06ef8::eave-chain::1:5,1,2.562339,80.128159,0.7305,"[1.5991, -1.7886]","[-0.9253, -2.2279]","[""f46b4d89-ae67-405c-af8b-eb7396b06ef8::ceiling-raw::1:7:0""]"
f46b4d89-ae67-405c-af8b-eb7396b06ef8,1,f46b4d89-ae67-405c-af8b-eb7396b06ef8::eave-chain::1:6,1,2.898928,169.935575,0.1443,"[2.7778, -4.5259]","[2.2712, -1.6716]","[""f46b4d89-ae67-405c-af8b-eb7396b06ef8::ceiling-raw::1:7:1""]"
f46b4d89-ae67-405c-af8b-eb7396b06ef8,1,f46b4d89-ae67-405c-af8b-eb7396b06ef8::eave-chain::1:7,2,2.882892,81.545254,0.737758,"[0.998107, 2.520973]","[-1.930485, 2.085656]","[""f46b4d89-ae67-405c-af8b-eb7396b06ef8::ceiling-raw::1:8:0"", ""f46b4d89-ae67-405c-af8b-eb7396b06ef8::ceiling-raw::1:9:0""]"
f46b4d89-ae67-405c-af8b-eb7396b06ef8,1,f46b4d89-ae67-405c-af8b-eb7396b06ef8::eave-chain::1:8,1,2.600401,169.642532,-0.3148,"[-3.2063, 1.8798]","[-2.7388, -0.6781]","[""f46b4d89-ae67-405c-af8b-eb7396b06ef8::ceiling-raw::1:8:1""]"
f46b4d89-ae67-405c-af8b-eb7396b06ef8,1,f46b4d89-ae67-405c-af8b-eb7396b06ef8::eave-chain::1:9,1,0.696116,170.123616,0.7202,"[1.4313, -1.0337]","[1.3119, -0.3479]","[""f46b4d89-ae67-405c-af8b-eb7396b06ef8::ceiling-raw::1:9:0""]"
f46b4d89-ae67-405c-af8b-eb7396b06ef8,1,f46b4d89-ae67-405c-af8b-eb7396b06ef8::eave-chain::1:10,1,2.150345,80.127231,0.7202,"[1.3119, -0.3479]","[3.4304, 0.0208]","[""f46b4d89-ae67-405c-af8b-eb7396b06ef8::ceiling-raw::1:9:0""]"
f46b4d89-ae67-405c-af8b-eb7396b06ef8,1,f46b4d89-ae67-405c-af8b-eb7396b06ef8::eave-chain::1:11,1,1.761186,170.126389,0.7202,"[3.4304, 0.0208]","[3.1284, 1.7559]","[""f46b4d89-ae67-405c-af8b-eb7396b06ef8::ceiling-raw::1:9:0""]"
f46b4d89-ae67-405c-af8b-eb7396b06ef8,1,f46b4d89-ae67-405c-af8b-eb7396b06ef8::eave-chain::1:12,1,1.37446,80.125801,0.7202,"[3.1284, 1.7559]","[1.7743, 1.5202]","[""f46b4d89-ae67-405c-af8b-eb7396b06ef8::ceiling-raw::1:9:0""]"
f46b4d89-ae67-405c-af8b-eb7396b06ef8,1,f46b4d89-ae67-405c-af8b-eb7396b06ef8::eave-chain::1:13,1,1.271286,142.324239,0.7202,"[1.7743, 1.5202]","[0.9973, 2.5264]","[""f46b4d89-ae67-405c-af8b-eb7396b06ef8::ceiling-raw::1:9:0""]"
f919a443-ea71-4391-9bcb-bff1cf08c45d,0,f919a443-ea71-4391-9bcb-bff1cf08c45d::eave-chain::0:0,4,14.729827,98.755058,1.330132,"[9.556067, 2.96855]","[-5.170924, 5.236582]","[""f919a443-ea71-4391-9bcb-bff1cf08c45d::ceiling-raw::0:0:0"", ""f919a443-ea71-4391-9bcb-bff1cf08c45d::ceiling-raw::0:1:0"", ""f919a443-ea71-4391-9bcb-bff1cf08c45d::ceiling-raw::0:4:0"", ""f919a443-ea71-4391-9bcb-bff1cf08c45d::ceiling-raw::0:5:0""]"
f919a443-ea71-4391-9bcb-bff1cf08c45d,0,f919a443-ea71-4391-9bcb-bff1cf08c45d::eave-chain::0:1,2,9.023308,8.18012,1.319368,"[6.873296, 3.369775]","[6.230311, -1.103227]","[""f919a443-ea71-4391-9bcb-bff1cf08c45d::ceiling-raw::0:0:0"", ""f919a443-ea71-4391-9bcb-bff1cf08c45d::ceiling-raw::0:1:0""]"
f919a443-ea71-4391-9bcb-bff1cf08c45d,0,f919a443-ea71-4391-9bcb-bff1cf08c45d::eave-chain::0:2,2,6.218978,98.11633,1.297139,"[8.913977, -1.49918]","[5.36275, -0.992733]","[""f919a443-ea71-4391-9bcb-bff1cf08c45d::ceiling-raw::0:0:0"", ""f919a443-ea71-4391-9bcb-bff1cf08c45d::ceiling-raw::0:6:0""]"
f919a443-ea71-4391-9bcb-bff1cf08c45d,0,f919a443-ea71-4391-9bcb-bff1cf08c45d::eave-chain::0:3,2,7.413834,8.394063,1.297921,"[8.473871, -4.374361]","[9.559609, 2.983522]","[""f919a443-ea71-4391-9bcb-bff1cf08c45d::ceiling-raw::0:0:0"", ""f919a443-ea71-4391-9bcb-bff1cf08c45d::ceiling-raw::0:6:0""]"
f919a443-ea71-4391-9bcb-bff1cf08c45d,0,f919a443-ea71-4391-9bcb-bff1cf08c45d::eave-chain::0:4,2,7.34301,8.181889,1.326796,"[3.265269, 0.173388]","[3.801111, 3.900215]","[""f919a443-ea71-4391-9bcb-bff1cf08c45d::ceiling-raw::0:1:0"", ""f919a443-ea71-4391-9bcb-bff1cf08c45d::ceiling-raw::0:4:0""]"
f919a443-ea71-4391-9bcb-bff1cf08c45d,0,f919a443-ea71-4391-9bcb-bff1cf08c45d::eave-chain::0:5,2,5.606935,7.887465,1.294047,"[3.207021, -3.617278]","[3.726163, 0.130004]","[""f919a443-ea71-4391-9bcb-bff1cf08c45d::ceiling-raw::0:2:0"", ""f919a443-ea71-4391-9bcb-bff1cf08c45d::ceiling-raw::0:6:0""]"
f919a443-ea71-4391-9bcb-bff1cf08c45d,0,f919a443-ea71-4391-9bcb-bff1cf08c45d::eave-chain::0:6,1,3.696402,8.179424,1.2934,"[1.0935, 0.5084]","[0.5676, -3.1504]","[""f919a443-ea71-4391-9bcb-bff1cf08c45d::ceiling-raw::0:2:0""]"
f919a443-ea71-4391-9bcb-bff1cf08c45d,0,f919a443-ea71-4391-9bcb-bff1cf08c45d::eave-chain::0:7,2,7.94818,98.771527,1.294667,"[0.566252, -3.159133]","[8.471361, -4.378887]","[""f919a443-ea71-4391-9bcb-bff1cf08c45d::ceiling-raw::0:2:0"", ""f919a443-ea71-4391-9bcb-bff1cf08c45d::ceiling-raw::0:6:0""]"
f919a443-ea71-4391-9bcb-bff1cf08c45d,0,f919a443-ea71-4391-9bcb-bff1cf08c45d::eave-chain::0:8,4,14.017304,11.100935,1.339196,"[-0.824302, -3.139427]","[0.646694, 4.357654]","[""f919a443-ea71-4391-9bcb-bff1cf08c45d::ceiling-raw::0:4:0"", ""f919a443-ea71-4391-9bcb-bff1cf08c45d::ceiling-raw::0:5:0""]"
f919a443-ea71-4391-9bcb-bff1cf08c45d,0,f919a443-ea71-4391-9bcb-bff1cf08c45d::eave-chain::0:9,1,3.401812,98.436657,1.348,"[-6.2608, -2.1117]","[-2.8958, -2.6108]","[""f919a443-ea71-4391-9bcb-bff1cf08c45d::ceiling-raw::0:5:0""]"
f919a443-ea71-4391-9bcb-bff1cf08c45d,0,f919a443-ea71-4391-9bcb-bff1cf08c45d::eave-chain::0:10,1,2.509247,8.435586,1.348,"[-2.8958, -2.6108]","[-2.5277, -0.1287]","[""f919a443-ea71-4391-9bcb-bff1cf08c45d::ceiling-raw::0:5:0""]"
f919a443-ea71-4391-9bcb-bff1cf08c45d,0,f919a443-ea71-4391-9bcb-bff1cf08c45d::eave-chain::0:11,1,0.205432,98.453536,1.348,"[-0.9279, -3.1191]","[-0.7247, -3.1493]","[""f919a443-ea71-4391-9bcb-bff1cf08c45d::ceiling-raw::0:5:0""]"
f919a443-ea71-4391-9bcb-bff1cf08c45d,0,f919a443-ea71-4391-9bcb-bff1cf08c45d::eave-chain::0:12,1,7.416341,8.435913,1.348,"[-5.1728, 5.2244]","[-6.2608, -2.1117]","[""f919a443-ea71-4391-9bcb-bff1cf08c45d::ceiling-raw::0:5:0""]"
f932e0d3-b002-4f89-97e7-ec54d4703506,0,f932e0d3-b002-4f89-97e7-ec54d4703506::eave-chain::0:0,2,4.073094,67.538617,-4.511604,"[-3.829644, 2.506466]","[0.012363, 4.094844]","[""f932e0d3-b002-4f89-97e7-ec54d4703506::ceiling-raw::0:3:0"", ""f932e0d3-b002-4f89-97e7-ec54d4703506::ceiling-raw::0:4:0""]"
f932e0d3-b002-4f89-97e7-ec54d4703506,0,f932e0d3-b002-4f89-97e7-ec54d4703506::eave-chain::0:1,2,5.089028,156.891983,-4.516639,"[-3.896818, 5.23545]","[-2.884806, 2.86374]","[""f932e0d3-b002-4f89-97e7-ec54d4703506::ceiling-raw::0:3:0"", ""f932e0d3-b002-4f89-97e7-ec54d4703506::ceiling-raw::0:4:0""]"
f932e0d3-b002-4f89-97e7-ec54d4703506,0,f932e0d3-b002-4f89-97e7-ec54d4703506::eave-chain::0:2,2,4.073055,67.142387,-4.511604,"[-0.992333, 6.452293]","[-4.82293, 4.837524]","[""f932e0d3-b002-4f89-97e7-ec54d4703506::ceiling-raw::0:3:0"", ""f932e0d3-b002-4f89-97e7-ec54d4703506::ceiling-raw::0:4:0""]"
f932e0d3-b002-4f89-97e7-ec54d4703506,0,f932e0d3-b002-4f89-97e7-ec54d4703506::eave-chain::0:3,1,2.528613,156.918933,-4.5264,"[-4.8241, 4.8403]","[-3.8328, 2.5141]","[""f932e0d3-b002-4f89-97e7-ec54d4703506::ceiling-raw::0:3:0""]"
f932e0d3-b002-4f89-97e7-ec54d4703506,0,f932e0d3-b002-4f89-97e7-ec54d4703506::eave-chain::0:4,1,2.560507,156.916587,-4.507,"[0.0111, 4.0979]","[-0.9928, 6.4534]","[""f932e0d3-b002-4f89-97e7-ec54d4703506::ceiling-raw::0:4:0""]"
f932e0d3-b002-4f89-97e7-ec54d4703506,2,f932e0d3-b002-4f89-97e7-ec54d4703506::eave-chain::2:0,2,6.891078,156.541806,0.620582,"[-1.356531, 6.365412]","[0.696235, 1.634936]","[""f932e0d3-b002-4f89-97e7-ec54d4703506::ceiling-raw::2:10:0"", ""f932e0d3-b002-4f89-97e7-ec54d4703506::ceiling-raw::2:11:0""]"
f932e0d3-b002-4f89-97e7-ec54d4703506,2,f932e0d3-b002-4f89-97e7-ec54d4703506::eave-chain::2:1,2,3.691924,66.637841,0.617955,"[0.416954, 7.117537]","[-3.057197, 5.616861]","[""f932e0d3-b002-4f89-97e7-ec54d4703506::ceiling-raw::2:10:0"", ""f932e0d3-b002-4f89-97e7-ec54d4703506::ceiling-raw::2:11:0""]"
f932e0d3-b002-4f89-97e7-ec54d4703506,2,f932e0d3-b002-4f89-97e7-ec54d4703506::eave-chain::2:2,1,1.734148,156.992296,-0.3611,"[-3.9051, 5.258]","[-3.2273, 3.6618]","[""f932e0d3-b002-4f89-97e7-ec54d4703506::ceiling-raw::2:10:1""]"
f932e0d3-b002-4f89-97e7-ec54d4703506,2,f932e0d3-b002-4f89-97e7-ec54d4703506::eave-chain::2:3,2,8.057074,156.856087,-0.293476,"[4.430681, 0.03499]","[1.252276, 7.47086]","[""f932e0d3-b002-4f89-97e7-ec54d4703506::ceiling-raw::2:11:1"", ""f932e0d3-b002-4f89-97e7-ec54d4703506::ceiling-raw::2:13:1""]"
f932e0d3-b002-4f89-97e7-ec54d4703506,2,f932e0d3-b002-4f89-97e7-ec54d4703506::eave-chain::2:4,2,5.096378,157.191803,-0.293238,"[-2.770942, 2.607109]","[-0.764078, -2.165121]","[""f932e0d3-b002-4f89-97e7-ec54d4703506::ceiling-raw::2:12:6"", ""f932e0d3-b002-4f89-97e7-ec54d4703506::ceiling-raw::2:13:2""]"
f932e0d3-b002-4f89-97e7-ec54d4703506,2,f932e0d3-b002-4f89-97e7-ec54d4703506::eave-chain::2:5,1,3.758602,67.046409,0.6395,"[0.0905, -1.8033]","[3.5515, -0.3375]","[""f932e0d3-b002-4f89-97e7-ec54d4703506::ceiling-raw::2:13:0""]"
fb279aa5-092f-4146-83ff-b557415e7ba4,0,fb279aa5-092f-4146-83ff-b557415e7ba4::eave-chain::0:0,1,0.906103,135.34876,1.0058,"[-4.0722, 3.5022]","[-4.709, 4.1468]","[""fb279aa5-092f-4146-83ff-b557415e7ba4::ceiling-raw::0:0:0""]"
fb279aa5-092f-4146-83ff-b557415e7ba4,0,fb279aa5-092f-4146-83ff-b557415e7ba4::eave-chain::0:1,2,4.429924,61.808167,1.052398,"[-4.728315, 4.182835]","[-6.881672, 3.028611]","[""fb279aa5-092f-4146-83ff-b557415e7ba4::ceiling-raw::0:0:0"", ""fb279aa5-092f-4146-83ff-b557415e7ba4::ceiling-raw::0:0:4""]"
fb279aa5-092f-4146-83ff-b557415e7ba4,0,fb279aa5-092f-4146-83ff-b557415e7ba4::eave-chain::0:2,2,5.281552,152.558195,0.792528,"[-0.869129, -0.973437]","[-3.389986, 3.881116]","[""fb279aa5-092f-4146-83ff-b557415e7ba4::ceiling-raw::0:0:3"", ""fb279aa5-092f-4146-83ff-b557415e7ba4::ceiling-raw::0:1:1""]"
fb279aa5-092f-4146-83ff-b557415e7ba4,0,fb279aa5-092f-4146-83ff-b557415e7ba4::eave-chain::0:3,2,7.429289,151.518392,1.071224,"[-3.848769, -2.549266]","[-6.906317, 3.086349]","[""fb279aa5-092f-4146-83ff-b557415e7ba4::ceiling-raw::0:0:4"", ""fb279aa5-092f-4146-83ff-b557415e7ba4::ceiling-raw::0:1:0""]"
fb279aa5-092f-4146-83ff-b557415e7ba4,0,fb279aa5-092f-4146-83ff-b557415e7ba4::eave-chain::0:4,2,7.803973,152.104318,1.130642,"[-5.10349, 4.039529]","[-8.804018, 11.029884]","[""fb279aa5-092f-4146-83ff-b557415e7ba4::ceiling-raw::0:0:4"", ""fb279aa5-092f-4146-83ff-b557415e7ba4::ceiling-raw::0:6:0""]"
fb279aa5-092f-4146-83ff-b557415e7ba4,0,fb279aa5-092f-4146-83ff-b557415e7ba4::eave-chain::0:5,2,6.872185,62.170297,1.121394,"[-8.84683, 3.610404]","[-5.742078, 5.249411]","[""fb279aa5-092f-4146-83ff-b557415e7ba4::ceiling-raw::0:0:4"", ""fb279aa5-092f-4146-83ff-b557415e7ba4::ceiling-raw::0:6:0""]"
fb279aa5-092f-4146-83ff-b557415e7ba4,0,fb279aa5-092f-4146-83ff-b557415e7ba4::eave-chain::0:6,2,8.835692,152.536761,1.088974,"[-8.695823, 3.629245]","[-5.118327, -3.25384]","[""fb279aa5-092f-4146-83ff-b557415e7ba4::ceiling-raw::0:0:4"", ""fb279aa5-092f-4146-83ff-b557415e7ba4::ceiling-raw::0:3:0""]"
fb279aa5-092f-4146-83ff-b557415e7ba4,0,fb279aa5-092f-4146-83ff-b557415e7ba4::eave-chain::0:7,1,1.320203,62.132511,1.1067,"[-6.1379, -1.2031]","[-4.9708, -0.586]","[""fb279aa5-092f-4146-83ff-b557415e7ba4::ceiling-raw::0:0:4""]"
fb279aa5-092f-4146-83ff-b557415e7ba4,0,fb279aa5-092f-4146-83ff-b557415e7ba4::eave-chain::0:8,1,3.292307,146.825914,1.0263,"[-1.3631, -1.2348]","[-3.1646, 1.5209]","[""fb279aa5-092f-4146-83ff-b557415e7ba4::ceiling-raw::0:1:0""]"
fb279aa5-092f-4146-83ff-b557415e7ba4,0,fb279aa5-092f-4146-83ff-b557415e7ba4::eave-chain::0:9,1,2.801624,62.131541,1.0263,"[-3.8398, -2.5444]","[-1.3631, -1.2348]","[""fb279aa5-092f-4146-83ff-b557415e7ba4::ceiling-raw::0:1:0""]"
fb279aa5-092f-4146-83ff-b557415e7ba4,0,fb279aa5-092f-4146-83ff-b557415e7ba4::eave-chain::0:10,1,3.681565,62.131937,1.0602,"[-8.3817, -4.9793]","[-5.1271, -3.2584]","[""fb279aa5-092f-4146-83ff-b557415e7ba4::ceiling-raw::0:3:0""]"
fb279aa5-092f-4146-83ff-b557415e7ba4,0,fb279aa5-092f-4146-83ff-b557415e7ba4::eave-chain::0:11,2,7.341253,62.13733,1.080539,"[-6.718085, -0.249526]","[-9.976994, -1.972312]","[""fb279aa5-092f-4146-83ff-b557415e7ba4::ceiling-raw::0:3:0"", ""fb279aa5-092f-4146-83ff-b557415e7ba4::ceiling-raw::0:4:0""]"
fb279aa5-092f-4146-83ff-b557415e7ba4,0,fb279aa5-092f-4146-83ff-b557415e7ba4::eave-chain::0:12,3,14.212726,151.627667,1.110782,"[-15.191493, 7.65246]","[-8.372183, -4.97416]","[""fb279aa5-092f-4146-83ff-b557415e7ba4::ceiling-raw::0:3:0"", ""fb279aa5-092f-4146-83ff-b557415e7ba4::ceiling-raw::0:4:0"", ""fb279aa5-092f-4146-83ff-b557415e7ba4::ceiling-raw::0:6:0""]"
fb279aa5-092f-4146-83ff-b557415e7ba4,0,fb279aa5-092f-4146-83ff-b557415e7ba4::eave-chain::0:13,2,7.375118,62.153857,1.11838,"[-11.427347, 0.542305]","[-8.097055, 2.301598]","[""fb279aa5-092f-4146-83ff-b557415e7ba4::ceiling-raw::0:4:0"", ""fb279aa5-092f-4146-83ff-b557415e7ba4::ceiling-raw::0:6:0""]"
fb279aa5-092f-4146-83ff-b557415e7ba4,0,fb279aa5-092f-4146-83ff-b557415e7ba4::eave-chain::0:14,2,11.909111,62.424085,1.14105,"[-8.802456, 11.027426]","[-19.483059, 5.449458]","[""fb279aa5-092f-4146-83ff-b557415e7ba4::ceiling-raw::0:6:0"", ""fb279aa5-092f-4146-83ff-b557415e7ba4::ceiling-raw::0:8:0""]"
fb279aa5-092f-4146-83ff-b557415e7ba4,0,fb279aa5-092f-4146-83ff-b557415e7ba4::eave-chain::0:15,1,0.495909,152.132761,1.9865,"[-17.9842, 2.5919]","[-17.7524, 2.1535]","[""fb279aa5-092f-4146-83ff-b557415e7ba4::ceiling-raw::0:7:0""]"
fb279aa5-092f-4146-83ff-b557415e7ba4,0,fb279aa5-092f-4146-83ff-b557415e7ba4::eave-chain::0:16,1,4.687327,62.139269,1.1001,"[-16.0657, -1.0364]","[-11.9217, 1.1541]","[""fb279aa5-092f-4146-83ff-b557415e7ba4::ceiling-raw::0:7:1""]"
fc46b0be-a3aa-4a28-820c-a16691bcdd61,0,fc46b0be-a3aa-4a28-820c-a16691bcdd61::eave-chain::0:0,2,6.996229,69.160688,0.814732,"[-1.780465, 6.655813]","[-5.129591, 5.380969]","[""fc46b0be-a3aa-4a28-820c-a16691bcdd61::ceiling-raw::0:0:0"", ""fc46b0be-a3aa-4a28-820c-a16691bcdd61::ceiling-raw::0:1:0""]"
fc46b0be-a3aa-4a28-820c-a16691bcdd61,0,fc46b0be-a3aa-4a28-820c-a16691bcdd61::eave-chain::0:1,2,7.331532,158.181637,0.813764,"[-0.667799, 3.721299]","[-3.423015, 10.603433]","[""fc46b0be-a3aa-4a28-820c-a16691bcdd61::ceiling-raw::0:0:0"", ""fc46b0be-a3aa-4a28-820c-a16691bcdd61::ceiling-raw::0:1:0""]"
fc46b0be-a3aa-4a28-820c-a16691bcdd61,0,fc46b0be-a3aa-4a28-820c-a16691bcdd61::eave-chain::0:2,1,3.412731,69.147634,0.8092,"[-3.4186, 10.6052]","[-6.6078, 9.3904]","[""fc46b0be-a3aa-4a28-820c-a16691bcdd61::ceiling-raw::0:0:0""]"
fc46b0be-a3aa-4a28-820c-a16691bcdd61,0,fc46b0be-a3aa-4a28-820c-a16691bcdd61::eave-chain::0:3,5,18.890518,159.446405,0.910332,"[-6.61975, 9.385919]","[0.098456, -8.531627]","[""fc46b0be-a3aa-4a28-820c-a16691bcdd61::ceiling-raw::0:0:0"", ""fc46b0be-a3aa-4a28-820c-a16691bcdd61::ceiling-raw::0:1:0"", ""fc46b0be-a3aa-4a28-820c-a16691bcdd61::ceiling-raw::0:4:0"", ""fc46b0be-a3aa-4a28-820c-a16691bcdd61::ceiling-raw::0:7:0"", ""fc46b0be-a3aa-4a28-820c-a16691bcdd61::ceiling-raw::0:8:0""]"
fc46b0be-a3aa-4a28-820c-a16691bcdd61,0,fc46b0be-a3aa-4a28-820c-a16691bcdd61::eave-chain::0:4,2,7.155711,69.142867,0.83877,"[-4.018225, 2.420189]","[-0.655094, 3.701562]","[""fc46b0be-a3aa-4a28-820c-a16691bcdd61::ceiling-raw::0:1:0"", ""fc46b0be-a3aa-4a28-820c-a16691bcdd61::ceiling-raw::0:4:0""]"
fc46b0be-a3aa-4a28-820c-a16691bcdd61,0,fc46b0be-a3aa-4a28-820c-a16691bcdd61::eave-chain::0:5,2,7.129879,69.139933,0.937987,"[-3.254962, 0.301482]","[0.121254, 1.588038]","[""fc46b0be-a3aa-4a28-820c-a16691bcdd61::ceiling-raw::0:4:0"", ""fc46b0be-a3aa-4a28-820c-a16691bcdd61::ceiling-raw::0:8:0""]"
fc46b0be-a3aa-4a28-820c-a16691bcdd61,0,fc46b0be-a3aa-4a28-820c-a16691bcdd61::eave-chain::0:6,2,5.648716,69.331393,0.980131,"[5.503722, -2.121294]","[2.009067, -3.439626]","[""fc46b0be-a3aa-4a28-820c-a16691bcdd61::ceiling-raw::0:5:0"", ""fc46b0be-a3aa-4a28-820c-a16691bcdd61::ceiling-raw::0:7:0""]"
fc46b0be-a3aa-4a28-820c-a16691bcdd61,0,fc46b0be-a3aa-4a28-820c-a16691bcdd61::eave-chain::0:7,3,10.152742,159.174378,0.960464,"[6.942777, -5.924691]","[3.325431, 3.585229]","[""fc46b0be-a3aa-4a28-820c-a16691bcdd61::ceiling-raw::0:5:0"", ""fc46b0be-a3aa-4a28-820c-a16691bcdd61::ceiling-raw::0:6:0"", ""fc46b0be-a3aa-4a28-820c-a16691bcdd61::ceiling-raw::0:7:0""]"
fc46b0be-a3aa-4a28-820c-a16691bcdd61,0,fc46b0be-a3aa-4a28-820c-a16691bcdd61::eave-chain::0:8,2,3.907881,69.176658,0.94493,"[3.100135, -1.400497]","[4.959651, -0.693266]","[""fc46b0be-a3aa-4a28-820c-a16691bcdd61::ceiling-raw::0:5:0"", ""fc46b0be-a3aa-4a28-820c-a16691bcdd61::ceiling-raw::0:6:0""]"
fc46b0be-a3aa-4a28-820c-a16691bcdd61,0,fc46b0be-a3aa-4a28-820c-a16691bcdd61::eave-chain::0:9,1,3.683791,69.147411,0.9332,"[3.3222, 3.584]","[-0.1203, 2.2727]","[""fc46b0be-a3aa-4a28-820c-a16691bcdd61::ceiling-raw::0:6:0""]"
fc46b0be-a3aa-4a28-820c-a16691bcdd61,0,fc46b0be-a3aa-4a28-820c-a16691bcdd61::eave-chain::0:10,2,7.121967,69.157599,1.005388,"[0.921369, -0.584182]","[-2.431372, -1.860609]","[""fc46b0be-a3aa-4a28-820c-a16691bcdd61::ceiling-raw::0:7:0"", ""fc46b0be-a3aa-4a28-820c-a16691bcdd61::ceiling-raw::0:8:0""]"
fc46b0be-a3aa-4a28-820c-a16691bcdd61,0,fc46b0be-a3aa-4a28-820c-a16691bcdd61::eave-chain::0:11,1,7.286904,69.147256,0.9921,"[0.13, -8.5198]","[6.9396, -5.9259]","[""fc46b0be-a3aa-4a28-820c-a16691bcdd61::ceiling-raw::0:7:0""]"
fd6ee1a7-7243-4c9b-ad7a-5d146b7f8706,0,fd6ee1a7-7243-4c9b-ad7a-5d146b7f8706::eave-chain::0:0,1,3.761232,30.237467,0.6087,"[-2.3658, 4.7641]","[-4.2599, 1.5146]","[""fd6ee1a7-7243-4c9b-ad7a-5d146b7f8706::ceiling-raw::0:0:0""]"
fd6ee1a7-7243-4c9b-ad7a-5d146b7f8706,0,fd6ee1a7-7243-4c9b-ad7a-5d146b7f8706::eave-chain::0:1,2,5.800852,119.8366,0.603662,"[-4.260742, 1.513131]","[0.829337, -1.406304]","[""fd6ee1a7-7243-4c9b-ad7a-5d146b7f8706::ceiling-raw::0:0:0"", ""fd6ee1a7-7243-4c9b-ad7a-5d146b7f8706::ceiling-raw::0:8:0""]"
fd6ee1a7-7243-4c9b-ad7a-5d146b7f8706,0,fd6ee1a7-7243-4c9b-ad7a-5d146b7f8706::eave-chain::0:2,2,7.845388,30.225449,0.602872,"[-1.35885, -0.176366]","[0.639808, 3.254166]","[""fd6ee1a7-7243-4c9b-ad7a-5d146b7f8706::ceiling-raw::0:0:0"", ""fd6ee1a7-7243-4c9b-ad7a-5d146b7f8706::ceiling-raw::0:8:0""]"
fd6ee1a7-7243-4c9b-ad7a-5d146b7f8706,0,fd6ee1a7-7243-4c9b-ad7a-5d146b7f8706::eave-chain::0:3,2,6.539427,30.677786,0.601708,"[0.828103, -1.403556]","[4.192317, 4.267433]","[""fd6ee1a7-7243-4c9b-ad7a-5d146b7f8706::ceiling-raw::0:0:1"", ""fd6ee1a7-7243-4c9b-ad7a-5d146b7f8706::ceiling-raw::0:8:0""]"
fd6ee1a7-7243-4c9b-ad7a-5d146b7f8706,0,fd6ee1a7-7243-4c9b-ad7a-5d146b7f8706::eave-chain::0:4,1,3.888459,120.237982,0.6087,"[4.1949, 4.2659]","[0.8355, 6.2241]","[""fd6ee1a7-7243-4c9b-ad7a-5d146b7f8706::ceiling-raw::0:0:1""]"
fd6ee1a7-7243-4c9b-ad7a-5d146b7f8706,0,fd6ee1a7-7243-4c9b-ad7a-5d146b7f8706::eave-chain::0:5,1,2.879076,30.236096,0.6087,"[0.8355, 6.2241]","[2.2853, 8.7115]","[""fd6ee1a7-7243-4c9b-ad7a-5d146b7f8706::ceiling-raw::0:0:1""]"
fd6ee1a7-7243-4c9b-ad7a-5d146b7f8706,0,fd6ee1a7-7243-4c9b-ad7a-5d146b7f8706::eave-chain::0:6,1,4.58257,120.237268,0.6087,"[2.2853, 8.7115]","[-1.6738, 11.0192]","[""fd6ee1a7-7243-4c9b-ad7a-5d146b7f8706::ceiling-raw::0:0:1""]"
fd6ee1a7-7243-4c9b-ad7a-5d146b7f8706,0,fd6ee1a7-7243-4c9b-ad7a-5d146b7f8706::eave-chain::0:7,2,8.189712,30.408774,0.608314,"[-1.68323, 11.024734]","[-4.517771, 6.19507]","[""fd6ee1a7-7243-4c9b-ad7a-5d146b7f8706::ceiling-raw::0:0:1"", ""fd6ee1a7-7243-4c9b-ad7a-5d146b7f8706::ceiling-raw::0:3:0""]"
fd6ee1a7-7243-4c9b-ad7a-5d146b7f8706,0,fd6ee1a7-7243-4c9b-ad7a-5d146b7f8706::eave-chain::0:8,2,10.947337,120.325766,0.606031,"[-4.476527, 6.210699]","[2.835344, 1.933574]","[""fd6ee1a7-7243-4c9b-ad7a-5d146b7f8706::ceiling-raw::0:0:1"", ""fd6ee1a7-7243-4c9b-ad7a-5d146b7f8706::ceiling-raw::0:8:0""]"
fd6ee1a7-7243-4c9b-ad7a-5d146b7f8706,0,fd6ee1a7-7243-4c9b-ad7a-5d146b7f8706::eave-chain::0:9,3,8.545029,120.979599,0.612306,"[-3.209725, 8.470762]","[-10.736194, 12.989474]","[""fd6ee1a7-7243-4c9b-ad7a-5d146b7f8706::ceiling-raw::0:3:0"", ""fd6ee1a7-7243-4c9b-ad7a-5d146b7f8706::ceiling-raw::0:4:0"", ""fd6ee1a7-7243-4c9b-ad7a-5d146b7f8706::ceiling-raw::0:5:0""]"
fd6ee1a7-7243-4c9b-ad7a-5d146b7f8706,0,fd6ee1a7-7243-4c9b-ad7a-5d146b7f8706::eave-chain::0:10,2,5.285112,30.181402,0.608555,"[-6.768916, 7.506115]","[-5.4242, 9.818295]","[""fd6ee1a7-7243-4c9b-ad7a-5d146b7f8706::ceiling-raw::0:3:0"", ""fd6ee1a7-7243-4c9b-ad7a-5d146b7f8706::ceiling-raw::0:4:0""]"
fd6ee1a7-7243-4c9b-ad7a-5d146b7f8706,0,fd6ee1a7-7243-4c9b-ad7a-5d146b7f8706::eave-chain::0:11,2,6.554241,30.513741,0.615372,"[-10.132014, 8.12025]","[-8.151694, 11.480324]","[""fd6ee1a7-7243-4c9b-ad7a-5d146b7f8706::ceiling-raw::0:4:0"", ""fd6ee1a7-7243-4c9b-ad7a-5d146b7f8706::ceiling-raw::0:5:0""]"
fd6ee1a7-7243-4c9b-ad7a-5d146b7f8706,0,fd6ee1a7-7243-4c9b-ad7a-5d146b7f8706::eave-chain::0:12,2,6.555853,30.296024,0.631898,"[-10.737455, 12.986599]","[-14.075588, 7.273159]","[""fd6ee1a7-7243-4c9b-ad7a-5d146b7f8706::ceiling-raw::0:5:0"", ""fd6ee1a7-7243-4c9b-ad7a-5d146b7f8706::ceiling-raw::0:6:0""]"
fd6ee1a7-7243-4c9b-ad7a-5d146b7f8706,0,fd6ee1a7-7243-4c9b-ad7a-5d146b7f8706::eave-chain::0:13,2,8.392759,120.427707,0.639539,"[-8.010585, 6.83519]","[-12.72014, 9.601332]","[""fd6ee1a7-7243-4c9b-ad7a-5d146b7f8706::ceiling-raw::0:5:0"", ""fd6ee1a7-7243-4c9b-ad7a-5d146b7f8706::ceiling-raw::0:6:0""]"
fd6ee1a7-7243-4c9b-ad7a-5d146b7f8706,0,fd6ee1a7-7243-4c9b-ad7a-5d146b7f8706::eave-chain::0:14,1,5.461855,120.215511,0.6504,"[-14.076, 7.2734]","[-9.3562, 4.5247]","[""fd6ee1a7-7243-4c9b-ad7a-5d146b7f8706::ceiling-raw::0:6:0""]"
fd6ee1a7-7243-4c9b-ad7a-5d146b7f8706,0,fd6ee1a7-7243-4c9b-ad7a-5d146b7f8706::eave-chain::0:15,1,2.655574,30.214815,0.6504,"[-9.3562, 4.5247]","[-8.0198, 6.8195]","[""fd6ee1a7-7243-4c9b-ad7a-5d146b7f8706::ceiling-raw::0:6:0""]"
fe829d59-c9f1-4194-a40b-39600a4f27b6,0,fe829d59-c9f1-4194-a40b-39600a4f27b6::eave-chain::0:0,2,3.5487,166.411359,-4.213748,"[6.307996, 0.772257]","[5.452625, 4.311006]","[""fe829d59-c9f1-4194-a40b-39600a4f27b6::ceiling-raw::0:1:0"", ""fe829d59-c9f1-4194-a40b-39600a4f27b6::ceiling-raw::0:2:0""]"
fe829d59-c9f1-4194-a40b-39600a4f27b6,0,fe829d59-c9f1-4194-a40b-39600a4f27b6::eave-chain::0:1,2,5.309651,75.200382,-4.211828,"[5.879565, 2.638426]","[2.579903, 1.766642]","[""fe829d59-c9f1-4194-a40b-39600a4f27b6::ceiling-raw::0:1:0"", ""fe829d59-c9f1-4194-a40b-39600a4f27b6::ceiling-raw::0:2:0""]"
fe829d59-c9f1-4194-a40b-39600a4f27b6,0,fe829d59-c9f1-4194-a40b-39600a4f27b6::eave-chain::0:2,1,4.356499,75.688478,-4.2055,"[2.0877, -0.3044]","[6.309, 0.7725]","[""fe829d59-c9f1-4194-a40b-39600a4f27b6::ceiling-raw::0:1:0""]"
fe829d59-c9f1-4194-a40b-39600a4f27b6,0,fe829d59-c9f1-4194-a40b-39600a4f27b6::eave-chain::0:3,3,4.378521,76.208283,-4.2228,"[5.452528, 4.311294]","[1.201196, 3.267719]","[""fe829d59-c9f1-4194-a40b-39600a4f27b6::ceiling-raw::0:2:0"", ""fe829d59-c9f1-4194-a40b-39600a4f27b6::ceiling-raw::0:2:1""]"
fe829d59-c9f1-4194-a40b-39600a4f27b6,0,fe829d59-c9f1-4194-a40b-39600a4f27b6::eave-chain::0:4,2,3.452097,165.69083,-4.2228,"[3.5623, 3.864]","[3.9889, 2.1915]","[""fe829d59-c9f1-4194-a40b-39600a4f27b6::ceiling-raw::0:2:0"", ""fe829d59-c9f1-4194-a40b-39600a4f27b6::ceiling-raw::0:2:1""]"
fe829d59-c9f1-4194-a40b-39600a4f27b6,0,fe829d59-c9f1-4194-a40b-39600a4f27b6::eave-chain::0:5,1,1.437719,165.688289,-4.2228,"[1.2026, 3.262]","[1.558, 1.8689]","[""fe829d59-c9f1-4194-a40b-39600a4f27b6::ceiling-raw::0:2:1""]"
fe829d59-c9f1-4194-a40b-39600a4f27b6,0,fe829d59-c9f1-4194-a40b-39600a4f27b6::eave-chain::0:6,1,1.071673,91.293935,-4.2228,"[1.558, 1.8689]","[2.6294, 1.8447]","[""fe829d59-c9f1-4194-a40b-39600a4f27b6::ceiling-raw::0:2:1""]"
fe829d59-c9f1-4194-a40b-39600a4f27b6,1,fe829d59-c9f1-4194-a40b-39600a4f27b6::eave-chain::1:0,1,0.873683,78.485574,-1.5929,"[2.5715, -4.4137]","[3.4276, -4.2393]","[""fe829d59-c9f1-4194-a40b-39600a4f27b6::ceiling-raw::1:7:0""]"
fe829d59-c9f1-4194-a40b-39600a4f27b6,1,fe829d59-c9f1-4194-a40b-39600a4f27b6::eave-chain::1:1,1,0.615377,168.48921,-1.5929,"[3.4276, -4.2393]","[3.5504, -4.8423]","[""fe829d59-c9f1-4194-a40b-39600a4f27b6::ceiling-raw::1:7:0""]"
fe829d59-c9f1-4194-a40b-39600a4f27b6,1,fe829d59-c9f1-4194-a40b-39600a4f27b6::eave-chain::1:2,1,2.97055,78.488829,-1.5929,"[3.5504, -4.8423]","[6.4612, -4.2495]","[""fe829d59-c9f1-4194-a40b-39600a4f27b6::ceiling-raw::1:7:0""]"
fe829d59-c9f1-4194-a40b-39600a4f27b6,1,fe829d59-c9f1-4194-a40b-39600a4f27b6::eave-chain::1:3,1,0.607533,168.482917,-1.5929,"[6.4612, -4.2495]","[6.3399, -3.6542]","[""fe829d59-c9f1-4194-a40b-39600a4f27b6::ceiling-raw::1:7:0""]"
fe829d59-c9f1-4194-a40b-39600a4f27b6,1,fe829d59-c9f1-4194-a40b-39600a4f27b6::eave-chain::1:4,1,0.900708,78.491709,-1.5929,"[6.3399, -3.6542]","[7.2225, -3.4745]","[""fe829d59-c9f1-4194-a40b-39600a4f27b6::ceiling-raw::1:7:0""]"
fe829d59-c9f1-4194-a40b-39600a4f27b6,1,fe829d59-c9f1-4194-a40b-39600a4f27b6::eave-chain::1:5,1,3.816561,168.489274,-1.5929,"[7.2225, -3.4745]","[6.4609, 0.2653]","[""fe829d59-c9f1-4194-a40b-39600a4f27b6::ceiling-raw::1:7:0""]"
fe829d59-c9f1-4194-a40b-39600a4f27b6,1,fe829d59-c9f1-4194-a40b-39600a4f27b6::eave-chain::1:6,1,4.744844,78.488535,-1.5929,"[6.4609, 0.2653]","[1.8115, -0.6816]","[""fe829d59-c9f1-4194-a40b-39600a4f27b6::ceiling-raw::1:7:0""]"
fe829d59-c9f1-4194-a40b-39600a4f27b6,1,fe829d59-c9f1-4194-a40b-39600a4f27b6::eave-chain::1:7,1,3.808697,168.489745,-1.5929,"[1.8115, -0.6816]","[2.5715, -4.4137]","[""fe829d59-c9f1-4194-a40b-39600a4f27b6::ceiling-raw::1:7:0""]"
fe829d59-c9f1-4194-a40b-39600a4f27b6,2,fe829d59-c9f1-4194-a40b-39600a4f27b6::eave-chain::2:0,1,2.069364,169.139675,0.8163,"[0.089, -3.429]","[-0.3009, -1.3967]","[""fe829d59-c9f1-4194-a40b-39600a4f27b6::ceiling-raw::2:9:1""]"
fe829d59-c9f1-4194-a40b-39600a4f27b6,2,fe829d59-c9f1-4194-a40b-39600a4f27b6::eave-chain::2:1,2,4.627195,78.356062,0.761089,"[-1.34122, -1.2798]","[2.133825, -0.563698]","[""fe829d59-c9f1-4194-a40b-39600a4f27b6::ceiling-raw::2:13:0"", ""fe829d59-c9f1-4194-a40b-39600a4f27b6::ceiling-raw::2:9:1""]"
fe829d59-c9f1-4194-a40b-39600a4f27b6,2,fe829d59-c9f1-4194-a40b-39600a4f27b6::eave-chain::2:2,2,4.788075,169.688195,0.779706,"[-1.757939, 1.142357]","[-0.885164, -3.654593]","[""fe829d59-c9f1-4194-a40b-39600a4f27b6::ceiling-raw::2:13:0"", ""fe829d59-c9f1-4194-a40b-39600a4f27b6::ceiling-raw::2:9:1""]"
fe829d59-c9f1-4194-a40b-39600a4f27b6,2,fe829d59-c9f1-4194-a40b-39600a4f27b6::eave-chain::2:3,1,0.999355,78.630472,-0.5476,"[-0.6153, -5.0616]","[0.3644, -4.8646]","[""fe829d59-c9f1-4194-a40b-39600a4f27b6::ceiling-raw::2:9:2""]"
fe829d59-c9f1-4194-a40b-39600a4f27b6,2,fe829d59-c9f1-4194-a40b-39600a4f27b6::eave-chain::2:4,2,6.524467,79.328426,0.801562,"[3.398981, -1.135366]","[6.655472, -0.521718]","[""fe829d59-c9f1-4194-a40b-39600a4f27b6::ceiling-raw::2:10:0"", ""fe829d59-c9f1-4194-a40b-39600a4f27b6::ceiling-raw::2:11:0""]"
fe829d59-c9f1-4194-a40b-39600a4f27b6,2,fe829d59-c9f1-4194-a40b-39600a4f27b6::eave-chain::2:5,2,4.769908,169.890283,0.799602,"[6.894109, -2.155061]","[6.049609, 2.581281]","[""fe829d59-c9f1-4194-a40b-39600a4f27b6::ceiling-raw::2:10:0"", ""fe829d59-c9f1-4194-a40b-39600a4f27b6::ceiling-raw::2:11:0""]"
fe829d59-c9f1-4194-a40b-39600a4f27b6,2,fe829d59-c9f1-4194-a40b-39600a4f27b6::eave-chain::2:6,2,7.874658,79.133067,0.264336,"[5.934213, 3.102978]","[-1.848686, 1.608886]","[""fe829d59-c9f1-4194-a40b-39600a4f27b6::ceiling-raw::2:10:1"", ""fe829d59-c9f1-4194-a40b-39600a4f27b6::ceiling-raw::2:13:1""]"
fe829d59-c9f1-4194-a40b-39600a4f27b6,2,fe829d59-c9f1-4194-a40b-39600a4f27b6::eave-chain::2:7,1,3.890244,80.082713,-0.64845,"[3.2967, -4.266]","[7.1288, -3.596]","[""fe829d59-c9f1-4194-a40b-39600a4f27b6::ceiling-raw::2:11:1""]"
feccbd0c-0420-4775-b5b7-49b99559947e,0,feccbd0c-0420-4775-b5b7-49b99559947e::eave-chain::0:0,2,5.63785,103.000811,1.202708,"[-1.010649, -12.129516]","[4.633972, -13.432764]","[""feccbd0c-0420-4775-b5b7-49b99559947e::ceiling-raw::0:0:0"", ""feccbd0c-0420-4775-b5b7-49b99559947e::ceiling-raw::0:1:0""]"
feccbd0c-0420-4775-b5b7-49b99559947e,0,feccbd0c-0420-4775-b5b7-49b99559947e::eave-chain::0:1,2,7.686576,15.768253,1.200404,"[2.401084, -12.905957]","[3.527151, -8.918089]","[""feccbd0c-0420-4775-b5b7-49b99559947e::ceiling-raw::0:0:0"", ""feccbd0c-0420-4775-b5b7-49b99559947e::ceiling-raw::0:1:0""]"
feccbd0c-0420-4775-b5b7-49b99559947e,0,feccbd0c-0420-4775-b5b7-49b99559947e::eave-chain::0:2,2,8.488673,102.373607,1.220076,"[-0.116502, -8.046634]","[5.692982, -9.321127]","[""feccbd0c-0420-4775-b5b7-49b99559947e::ceiling-raw::0:0:0"", ""feccbd0c-0420-4775-b5b7-49b99559947e::ceiling-raw::0:2:0""]"
feccbd0c-0420-4775-b5b7-49b99559947e,0,feccbd0c-0420-4775-b5b7-49b99559947e::eave-chain::0:3,1,4.118574,12.354376,1.2157,"[-0.1324, -8.1191]","[-1.0136, -12.1423]","[""feccbd0c-0420-4775-b5b7-49b99559947e::ceiling-raw::0:0:0""]"
feccbd0c-0420-4775-b5b7-49b99559947e,0,feccbd0c-0420-4775-b5b7-49b99559947e::eave-chain::0:4,3,11.19119,14.124551,1.208695,"[4.627494, -13.45117]","[7.569703, -1.75895]","[""feccbd0c-0420-4775-b5b7-49b99559947e::ceiling-raw::0:1:0"", ""feccbd0c-0420-4775-b5b7-49b99559947e::ceiling-raw::0:2:0"", ""feccbd0c-0420-4775-b5b7-49b99559947e::ceiling-raw::0:3:0""]"
feccbd0c-0420-4775-b5b7-49b99559947e,0,feccbd0c-0420-4775-b5b7-49b99559947e::eave-chain::0:5,1,2.212936,103.68647,1.1826,"[5.4701, -10.0005]","[3.32, -9.4769]","[""feccbd0c-0420-4775-b5b7-49b99559947e::ceiling-raw::0:1:0""]"
feccbd0c-0420-4775-b5b7-49b99559947e,0,feccbd0c-0420-4775-b5b7-49b99559947e::eave-chain::0:6,4,14.053622,102.821977,1.202738,"[-0.331215, -2.100726]","[7.076868, -3.786789]","[""feccbd0c-0420-4775-b5b7-49b99559947e::ceiling-raw::0:2:0"", ""feccbd0c-0420-4775-b5b7-49b99559947e::ceiling-raw::0:3:0"", ""feccbd0c-0420-4775-b5b7-49b99559947e::ceiling-raw::0:6:0"", ""feccbd0c-0420-4775-b5b7-49b99559947e::ceiling-raw::0:8:0""]"
feccbd0c-0420-4775-b5b7-49b99559947e,0,feccbd0c-0420-4775-b5b7-49b99559947e::eave-chain::0:7,2,3.509362,104.395525,1.174603,"[-0.729892, -4.168251]","[2.737965, -5.058356]","[""feccbd0c-0420-4775-b5b7-49b99559947e::ceiling-raw::0:2:0"", ""feccbd0c-0420-4775-b5b7-49b99559947e::ceiling-raw::0:8:0""]"
feccbd0c-0420-4775-b5b7-49b99559947e,0,feccbd0c-0420-4775-b5b7-49b99559947e::eave-chain::0:8,2,5.481771,12.970913,1.199467,"[2.373606, -2.799807]","[1.13202, -8.190188]","[""feccbd0c-0420-4775-b5b7-49b99559947e::ceiling-raw::0:2:0"", ""feccbd0c-0420-4775-b5b7-49b99559947e::ceiling-raw::0:8:0""]"
feccbd0c-0420-4775-b5b7-49b99559947e,0,feccbd0c-0420-4775-b5b7-49b99559947e::eave-chain::0:9,1,0.67591,103.692901,1.2132,"[7.5699, -1.759]","[6.9132, -1.599]","[""feccbd0c-0420-4775-b5b7-49b99559947e::ceiling-raw::0:3:0""]"
feccbd0c-0420-4775-b5b7-49b99559947e,0,feccbd0c-0420-4775-b5b7-49b99559947e::eave-chain::0:10,3,6.505338,103.023739,1.194528,"[7.331557, 0.117822]","[0.773503, 1.63473]","[""feccbd0c-0420-4775-b5b7-49b99559947e::ceiling-raw::0:3:0"", ""feccbd0c-0420-4775-b5b7-49b99559947e::ceiling-raw::0:5:0"", ""feccbd0c-0420-4775-b5b7-49b99559947e::ceiling-raw::0:7:0""]"
feccbd0c-0420-4775-b5b7-49b99559947e,0,feccbd0c-0420-4775-b5b7-49b99559947e::eave-chain::0:11,2,4.262231,13.775963,1.205316,"[5.379565, 0.611755]","[4.85944, -1.509656]","[""feccbd0c-0420-4775-b5b7-49b99559947e::ceiling-raw::0:3:0"", ""feccbd0c-0420-4775-b5b7-49b99559947e::ceiling-raw::0:5:0""]"
feccbd0c-0420-4775-b5b7-49b99559947e,0,feccbd0c-0420-4775-b5b7-49b99559947e::eave-chain::0:12,1,0.727331,117.593805,1.1946,"[7.0654, -1.353]","[7.71, -1.6899]","[""feccbd0c-0420-4775-b5b7-49b99559947e::ceiling-raw::0:4:1""]"
feccbd0c-0420-4775-b5b7-49b99559947e,0,feccbd0c-0420-4775-b5b7-49b99559947e::eave-chain::0:13,2,4.201717,13.676143,1.189298,"[3.309843, -1.132158]","[3.8087, 0.917947]","[""feccbd0c-0420-4775-b5b7-49b99559947e::ceiling-raw::0:5:0"", ""feccbd0c-0420-4775-b5b7-49b99559947e::ceiling-raw::0:7:0""]"
feccbd0c-0420-4775-b5b7-49b99559947e,0,feccbd0c-0420-4775-b5b7-49b99559947e::eave-chain::0:14,2,3.299855,103.888455,1.193382,"[1.674528, -1.395976]","[-0.046603, -0.970407]","[""feccbd0c-0420-4775-b5b7-49b99559947e::ceiling-raw::0:6:0"", ""feccbd0c-0420-4775-b5b7-49b99559947e::ceiling-raw::0:7:0""]"
feccbd0c-0420-4775-b5b7-49b99559947e,0,feccbd0c-0420-4775-b5b7-49b99559947e::eave-chain::0:15,3,5.842898,14.714568,1.177766,"[0.74637, 1.664312]","[-0.782607, -4.157768]","[""feccbd0c-0420-4775-b5b7-49b99559947e::ceiling-raw::0:6:0"", ""feccbd0c-0420-4775-b5b7-49b99559947e::ceiling-raw::0:7:0"", ""feccbd0c-0420-4775-b5b7-49b99559947e::ceiling-raw::0:8:0""]"
feccbd0c-0420-4775-b5b7-49b99559947e,0,feccbd0c-0420-4775-b5b7-49b99559947e::eave-chain::0:16,1,3.418944,45.152864,0.7893,"[-1.154, 1.3994]","[-3.578, -1.0117]","[""feccbd0c-0420-4775-b5b7-49b99559947e::ceiling-raw::0:9:0""]"
feccbd0c-0420-4775-b5b7-49b99559947e,0,feccbd0c-0420-4775-b5b7-49b99559947e::eave-chain::0:17,1,2.51547,135.151397,0.7893,"[-3.578, -1.0117]","[-1.804, -2.7951]","[""feccbd0c-0420-4775-b5b7-49b99559947e::ceiling-raw::0:9:0""]"
feccbd0c-0420-4775-b5b7-49b99559947e,0,feccbd0c-0420-4775-b5b7-49b99559947e::eave-chain::0:18,1,3.418944,45.150494,0.7893,"[-1.804, -2.7951]","[0.6199, -0.3839]","[""feccbd0c-0420-4775-b5b7-49b99559947e::ceiling-raw::0:9:0""]"
feccbd0c-0420-4775-b5b7-49b99559947e,0,feccbd0c-0420-4775-b5b7-49b99559947e::eave-chain::0:19,1,2.515329,135.151405,0.7893,"[0.6199, -0.3839]","[-1.154, 1.3994]","[""feccbd0c-0420-4775-b5b7-49b99559947e::ceiling-raw::0:9:0""]"
