uuid,story,target_kind,target_index,element_id,target_area_xz_m2,target_azimuth_deg,target_inclination_deg,raw_match_count,raw_xz_coverage,raw_room_trust_mean,raw_normal_dot_p50,raw_azimuth_delta_p50_deg,raw_inclination_delta_p50_deg,ridge_edge_support_len_m,eave_edge_support_len_m,supported_eave_chain_count,supported_eave_chain_total_length_m,best_eave_chain_id,best_eave_chain_support_score,conflicting_raw_pair_count,orientation_support_score,retention_support_score,orientation_flag,retention_flag,split_flag,source_edge_ids,source_edge_overlap_m,source_edge_alignment_deg,source_edge_height_residual_m,building_part_ids,source_part_ids,crossed_part_ids,in_main_body,in_extension,crosses_main_extension_boundary
016980bc-6762-4022-bfbf-17df4112e10c,2,candidate_oblique,0,016980bc-6762-4022-bfbf-17df4112e10c::ceiling-oblique::ceiling-oblique:0,15.282764,215.252153,45.622955,4,0.522842,1.0,0.999674,0.284142,1.455691,14.162382,0.980181,4,11.207369,016980bc-6762-4022-bfbf-17df4112e10c::eave-chain::2:7,0.986598,0,0.904406,0.809072,strong,keep,False,"[""016980bc-6762-4022-bfbf-17df4112e10c::eave-chain::2:3"", ""016980bc-6762-4022-bfbf-17df4112e10c::eave-chain::2:5"", ""016980bc-6762-4022-bfbf-17df4112e10c::eave-chain::2:6"", ""016980bc-6762-4022-bfbf-17df4112e10c::eave-chain::2:7""]",11.207369,0.132278,0.060378,"[""building-part:691b17a5952ed4163e9d"", ""building-part:d3e361188eea04f3e5f2""]","[""building-part:691b17a5952ed4163e9d"", ""building-part:d3e361188eea04f3e5f2""]","[""building-part:691b17a5952ed4163e9d"", ""building-part:d3e361188eea04f3e5f2""]",False,True,True
016980bc-6762-4022-bfbf-17df4112e10c,2,candidate_oblique,1,016980bc-6762-4022-bfbf-17df4112e10c::ceiling-oblique::ceiling-oblique:1,4.101564,35.233819,42.551585,3,0.95876,1.0,0.998641,2.837231,2.256056,6.008102,5.27359,3,11.312942,016980bc-6762-4022-bfbf-17df4112e10c::eave-chain::2:5,0.999033,0,0.991072,0.983232,strong,keep,False,"[""016980bc-6762-4022-bfbf-17df4112e10c::eave-chain::2:0"", ""016980bc-6762-4022-bfbf-17df4112e10c::eave-chain::2:5"", ""016980bc-6762-4022-bfbf-17df4112e10c::eave-chain::2:6""]",11.312942,0.107724,0.138025,"[""building-part:691b17a5952ed4163e9d"", ""building-part:d3e361188eea04f3e5f2""]","[""building-part:691b17a5952ed4163e9d"", ""building-part:d3e361188eea04f3e5f2""]","[""building-part:691b17a5952ed4163e9d"", ""building-part:d3e361188eea04f3e5f2""]",False,True,True
016980bc-6762-4022-bfbf-17df4112e10c,2,committed_oblique,0,016980bc-6762-4022-bfbf-17df4112e10c::roof-oblique::oblique:0,20.601378,35.235004,42.553298,5,0.74758,1.0,0.736649,35.235004,42.553298,6.008102,3.039058,3,11.312942,016980bc-6762-4022-bfbf-17df4112e10c::eave-chain::2:5,0.994042,0,0.81784,0.846362,strong,keep,False,"[""016980bc-6762-4022-bfbf-17df4112e10c::eave-chain::2:0"", ""016980bc-6762-4022-bfbf-17df4112e10c::eave-chain::2:5"", ""016980bc-6762-4022-bfbf-17df4112e10c::eave-chain::2:6""]",11.312942,0.107724,0.138078,"[""building-part:691b17a5952ed4163e9d"", ""building-part:d3e361188eea04f3e5f2""]","[""building-part:691b17a5952ed4163e9d"", ""building-part:d3e361188eea04f3e5f2""]","[""building-part:691b17a5952ed4163e9d"", ""building-part:d3e361188eea04f3e5f2""]",False,True,True
016980bc-6762-4022-bfbf-17df4112e10c,1,ridge_eave_plane_group,0,016980bc-6762-4022-bfbf-17df4112e10c::ridge-eave-candidate::plane-group::aac4bc192ba0,52.143996,214.674364,43.641743,1,0.206336,1.0,0.723669,34.674364,43.641743,0.0,3.034408,2,5.724963,016980bc-6762-4022-bfbf-17df4112e10c::eave-chain::1:1,0.899994,0,0.703102,0.578989,medium,maybe,False,"[""016980bc-6762-4022-bfbf-17df4112e10c::eave-chain::1:1"", ""016980bc-6762-4022-bfbf-17df4112e10c::eave-chain::1:3""]",5.724963,0.000273,1.708667,"[""building-part:050632be812a77f69b64""]","[""building-part:050632be812a77f69b64""]","[""building-part:050632be812a77f69b64"", ""building-part:cb963af409986b275a0a""]",True,True,True
016980bc-6762-4022-bfbf-17df4112e10c,1,ridge_eave_plane_group,1,016980bc-6762-4022-bfbf-17df4112e10c::ridge-eave-candidate::plane-group::bca2326594b1,52.143996,215.251686,45.622988,1,0.206336,1.0,0.699377,35.251686,45.622988,0.0,3.034408,2,5.724963,016980bc-6762-4022-bfbf-17df4112e10c::eave-chain::1:3,0.884608,0,0.690955,0.57413,medium,maybe,False,"[""016980bc-6762-4022-bfbf-17df4112e10c::eave-chain::1:1"", ""016980bc-6762-4022-bfbf-17df4112e10c::eave-chain::1:3""]",5.724963,0.577277,2.23498,"[""building-part:691b17a5952ed4163e9d"", ""building-part:d3e361188eea04f3e5f2""]","[""building-part:691b17a5952ed4163e9d"", ""building-part:d3e361188eea04f3e5f2""]","[""building-part:050632be812a77f69b64"", ""building-part:cb963af409986b275a0a""]",False,True,True
016980bc-6762-4022-bfbf-17df4112e10c,1,ridge_eave_plane_group,2,016980bc-6762-4022-bfbf-17df4112e10c::ridge-eave-candidate::plane-group::d7b2b8ea7619,52.143996,35.233819,42.552298,1,0.206336,1.0,0.73666,144.766181,42.552298,0.0,3.034408,2,5.724963,016980bc-6762-4022-bfbf-17df4112e10c::eave-chain::1:3,0.885084,0,0.709597,0.581587,medium,maybe,False,"[""016980bc-6762-4022-bfbf-17df4112e10c::eave-chain::1:1"", ""016980bc-6762-4022-bfbf-17df4112e10c::eave-chain::1:3""]",5.724963,0.55941,5.510131,"[""building-part:691b17a5952ed4163e9d""]","[""building-part:691b17a5952ed4163e9d""]","[""building-part:050632be812a77f69b64"", ""building-part:cb963af409986b275a0a""]",False,True,True
019e1376-9762-42d6-8520-b664b8c752df,1,candidate_oblique,0,019e1376-9762-42d6-8520-b664b8c752df::ceiling-oblique::ceiling-oblique:0,6.521849,13.078131,21.44088,3,0.999961,0.85,0.998951,2.340617,2.521662,20.000064,9.996897,4,34.395282,019e1376-9762-42d6-8520-b664b8c752df::eave-chain::1:6,0.868351,0,0.954467,0.969774,strong,keep,False,"[""019e1376-9762-42d6-8520-b664b8c752df::eave-chain::1:13"", ""019e1376-9762-42d6-8520-b664b8c752df::eave-chain::1:2"", ""019e1376-9762-42d6-8520-b664b8c752df::eave-chain::1:5"", ""019e1376-9762-42d6-8520-b664b8c752df::eave-chain::1:6""]",34.395282,0.299553,1.960135,"[""building-part:037f20b9496ee2ee1b90""]","[""building-part:037f20b9496ee2ee1b90""]","[""building-part:037f20b9496ee2ee1b90""]",True,False,False
019e1376-9762-42d6-8520-b664b8c752df,1,candidate_oblique,1,019e1376-9762-42d6-8520-b664b8c752df::ceiling-oblique::ceiling-oblique:1,43.15916,193.078132,24.540593,12,0.39683,0.901554,0.909667,13.078132,16.979887,22.091602,2.422795,5,36.818077,019e1376-9762-42d6-8520-b664b8c752df::eave-chain::1:9,0.986416,0,0.804666,0.720976,strong,keep,False,"[""019e1376-9762-42d6-8520-b664b8c752df::eave-chain::1:13"", ""019e1376-9762-42d6-8520-b664b8c752df::eave-chain::1:2"", ""019e1376-9762-42d6-8520-b664b8c752df::eave-chain::1:5"", ""019e1376-9762-42d6-8520-b664b8c752df::eave-chain::1:6"", ""019e1376-9762-42d6-8520-b664b8c752df::eave-chain::1:9""]",36.818077,0.272393,0.322379,"[""building-part:037f20b9496ee2ee1b90"", ""building-part:302fc8a7e1c24a231664"", ""building-part:50cb0e6185a58e8a14d7"", ""building-part:e5039da8ee765d60ca51""]","[""building-part:037f20b9496ee2ee1b90"", ""building-part:302fc8a7e1c24a231664"", ""building-part:50cb0e6185a58e8a14d7"", ""building-part:e5039da8ee765d60ca51""]","[""building-part:037f20b9496ee2ee1b90"", ""building-part:302fc8a7e1c24a231664"", ""building-part:50cb0e6185a58e8a14d7"", ""building-part:e5039da8ee765d60ca51""]",True,True,True
019e1376-9762-42d6-8520-b664b8c752df,1,committed_oblique,0,019e1376-9762-42d6-8520-b664b8c752df::roof-oblique::oblique:0,40.566081,13.080245,21.435317,5,0.972939,0.83,0.983652,2.34273,10.374495,28.128279,14.975951,4,34.395282,019e1376-9762-42d6-8520-b664b8c752df::eave-chain::1:6,0.936831,0,0.935414,0.951906,strong,keep,False,"[""019e1376-9762-42d6-8520-b664b8c752df::eave-chain::1:13"", ""019e1376-9762-42d6-8520-b664b8c752df::eave-chain::1:2"", ""019e1376-9762-42d6-8520-b664b8c752df::eave-chain::1:5"", ""019e1376-9762-42d6-8520-b664b8c752df::eave-chain::1:6""]",34.395282,0.299553,1.959481,"[""building-part:037f20b9496ee2ee1b90""]","[""building-part:037f20b9496ee2ee1b90""]","[""building-part:037f20b9496ee2ee1b90"", ""building-part:50cb0e6185a58e8a14d7"", ""building-part:6255026406c990fea39c""]",True,True,True
019e1376-9762-42d6-8520-b664b8c752df,1,committed_oblique,1,019e1376-9762-42d6-8520-b664b8c752df::roof-oblique::oblique:1,43.127889,193.078098,24.537093,9,0.884199,0.944444,0.909693,13.078098,24.537093,22.091602,21.842125,5,36.818077,019e1376-9762-42d6-8520-b664b8c752df::eave-chain::1:9,0.986382,0,0.915019,0.924507,strong,keep,False,"[""019e1376-9762-42d6-8520-b664b8c752df::eave-chain::1:13"", ""019e1376-9762-42d6-8520-b664b8c752df::eave-chain::1:2"", ""019e1376-9762-42d6-8520-b664b8c752df::eave-chain::1:5"", ""019e1376-9762-42d6-8520-b664b8c752df::eave-chain::1:6"", ""019e1376-9762-42d6-8520-b664b8c752df::eave-chain::1:9""]",36.818077,0.272393,0.322332,"[""building-part:037f20b9496ee2ee1b90"", ""building-part:302fc8a7e1c24a231664"", ""building-part:50cb0e6185a58e8a14d7"", ""building-part:6255026406c990fea39c"", ""building-part:e5039da8ee765d60ca51""]","[""building-part:037f20b9496ee2ee1b90"", ""building-part:302fc8a7e1c24a231664"", ""building-part:50cb0e6185a58e8a14d7"", ""building-part:6255026406c990fea39c"", ""building-part:e5039da8ee765d60ca51""]","[""building-part:037f20b9496ee2ee1b90"", ""building-part:302fc8a7e1c24a231664"", ""building-part:50cb0e6185a58e8a14d7"", ""building-part:6255026406c990fea39c"", ""building-part:e5039da8ee765d60ca51""]",True,True,True
019e1376-9762-42d6-8520-b664b8c752df,1,ridge_eave_plane_group,0,019e1376-9762-42d6-8520-b664b8c752df::ridge-eave-candidate::plane-group::5678e46008d3,96.173448,13.078131,21.439822,18,0.955412,0.872128,0.929265,90.019555,10.805137,50.219881,30.682351,5,36.818077,019e1376-9762-42d6-8520-b664b8c752df::eave-chain::1:6,0.97835,0,0.917353,0.942443,strong,keep,False,"[""019e1376-9762-42d6-8520-b664b8c752df::eave-chain::1:13"", ""019e1376-9762-42d6-8520-b664b8c752df::eave-chain::1:2"", ""019e1376-9762-42d6-8520-b664b8c752df::eave-chain::1:5"", ""019e1376-9762-42d6-8520-b664b8c752df::eave-chain::1:6"", ""019e1376-9762-42d6-8520-b664b8c752df::eave-chain::1:9""]",36.818077,0.272395,2.341528,"[""building-part:037f20b9496ee2ee1b90""]","[""building-part:037f20b9496ee2ee1b90""]","[""building-part:037f20b9496ee2ee1b90"", ""building-part:50cb0e6185a58e8a14d7""]",True,True,True
019e1376-9762-42d6-8520-b664b8c752df,1,ridge_eave_plane_group,1,019e1376-9762-42d6-8520-b664b8c752df::ridge-eave-candidate::plane-group::f7fb9fe5e820,96.173448,193.078128,24.177356,18,0.955412,0.872128,0.912282,89.980442,13.542671,50.219881,30.682351,5,36.818077,019e1376-9762-42d6-8520-b664b8c752df::eave-chain::1:9,0.98005,0,0.908862,0.939047,strong,keep,False,"[""019e1376-9762-42d6-8520-b664b8c752df::eave-chain::1:13"", ""019e1376-9762-42d6-8520-b664b8c752df::eave-chain::1:2"", ""019e1376-9762-42d6-8520-b664b8c752df::eave-chain::1:5"", ""019e1376-9762-42d6-8520-b664b8c752df::eave-chain::1:6"", ""019e1376-9762-42d6-8520-b664b8c752df::eave-chain::1:9""]",36.818077,0.272398,0.306036,"[""building-part:037f20b9496ee2ee1b90"", ""building-part:302fc8a7e1c24a231664"", ""building-part:50cb0e6185a58e8a14d7"", ""building-part:e5039da8ee765d60ca51""]","[""building-part:037f20b9496ee2ee1b90"", ""building-part:302fc8a7e1c24a231664"", ""building-part:50cb0e6185a58e8a14d7"", ""building-part:e5039da8ee765d60ca51""]","[""building-part:037f20b9496ee2ee1b90"", ""building-part:302fc8a7e1c24a231664"", ""building-part:50cb0e6185a58e8a14d7"", ""building-part:6255026406c990fea39c"", ""building-part:e5039da8ee765d60ca51""]",True,True,True
05cecad4-119e-4dd2-beaf-d4af36973644,0,ridge_eave_plane_group,0,05cecad4-119e-4dd2-beaf-d4af36973644::ridge-eave-candidate::plane-group::a87263346daa,72.519156,150.952374,24.546765,8,0.967551,1.0,0.909622,150.952374,24.546765,3.302651,21.704966,7,29.844244,05cecad4-119e-4dd2-beaf-d4af36973644::eave-chain::0:12,0.986579,0,0.948321,0.968945,strong,keep,False,"[""05cecad4-119e-4dd2-beaf-d4af36973644::eave-chain::0:1"", ""05cecad4-119e-4dd2-beaf-d4af36973644::eave-chain::0:12"", ""05cecad4-119e-4dd2-beaf-d4af36973644::eave-chain::0:3"", ""05cecad4-119e-4dd2-beaf-d4af36973644::eave-chain::0:5"", ""05cecad4-119e-4dd2-beaf-d4af36973644::eave-chain::0:6"", ""05cecad4-119e-4dd2-beaf-d4af36973644::eave-chain::0:8"", ""05cecad4-119e-4dd2-beaf-d4af36973644::eave-chain::0:9""]",29.844244,0.420588,1.243283,"[""building-part:a97dffff6a7359a25f42""]","[""building-part:a97dffff6a7359a25f42""]","[""building-part:386d47d7e316001ed859"", ""building-part:a97dffff6a7359a25f42""]",False,True,True
0a5032e9-85a0-4970-9143-c430bbdaa0f5,0,candidate_oblique,0,0a5032e9-85a0-4970-9143-c430bbdaa0f5::ceiling-oblique::ceiling-oblique:0,29.970162,277.416162,18.059974,3,0.788922,0.470588,0.995223,2.052675,5.601772,7.659137,4.299225,10,62.640675,0a5032e9-85a0-4970-9143-c430bbdaa0f5::eave-chain::0:11,0.990848,0,0.796572,0.808731,strong,keep,False,"[""0a5032e9-85a0-4970-9143-c430bbdaa0f5::eave-chain::0:1"", ""0a5032e9-85a0-4970-9143-c430bbdaa0f5::eave-chain::0:10"", ""0a5032e9-85a0-4970-9143-c430bbdaa0f5::eave-chain::0:11"", ""0a5032e9-85a0-4970-9143-c430bbdaa0f5::eave-chain::0:12"", ""0a5032e9-85a0-4970-9143-c430bbdaa0f5::eave-chain::0:18"", ""0a5032e9-85a0-4970-9143-c430bbdaa0f5::eave-chain::0:19"", ""0a5032e9-85a0-4970-9143-c430bbdaa0f5::eave-chain::0:3"", ""0a5032e9-85a0-4970-9143-c430bbdaa0f5::eave-chain::0:5"", ""0a5032e9-85a0-4970-9143-c430bbdaa0f5::eave-chain::0:7"", ""0a5032e9-85a0-4970-9143-c430bbdaa0f5::eave-chain::0:9""]",62.640675,0.140561,0.83702,"[""building-part:fbf51009938d276a823d""]","[""building-part:fbf51009938d276a823d""]","[""building-part:fbf51009938d276a823d""]",True,False,False
0a5032e9-85a0-4970-9143-c430bbdaa0f5,0,candidate_oblique,1,0a5032e9-85a0-4970-9143-c430bbdaa0f5::ceiling-oblique::ceiling-oblique:1,21.803507,97.416132,13.066434,2,0.998576,0.470588,0.949641,89.284692,0.863129,3.82954,16.275168,3,29.92604,0a5032e9-85a0-4970-9143-c430bbdaa0f5::eave-chain::0:9,0.964576,0,0.815712,0.883476,strong,keep,False,"[""0a5032e9-85a0-4970-9143-c430bbdaa0f5::eave-chain::0:10"", ""0a5032e9-85a0-4970-9143-c430bbdaa0f5::eave-chain::0:12"", ""0a5032e9-85a0-4970-9143-c430bbdaa0f5::eave-chain::0:9""]",29.92604,0.576236,0.76632,"[""building-part:fbf51009938d276a823d""]","[""building-part:fbf51009938d276a823d""]","[""building-part:fbf51009938d276a823d""]",True,False,False
0a5032e9-85a0-4970-9143-c430bbdaa0f5,0,committed_oblique,0,0a5032e9-85a0-4970-9143-c430bbdaa0f5::roof-oblique::oblique:0,45.184106,277.415191,18.061179,4,0.982293,0.735294,0.972975,42.319227,11.830873,0.0,14.260326,10,62.640675,0a5032e9-85a0-4970-9143-c430bbdaa0f5::eave-chain::0:11,0.990873,0,0.903534,0.934571,strong,keep,False,"[""0a5032e9-85a0-4970-9143-c430bbdaa0f5::eave-chain::0:1"", ""0a5032e9-85a0-4970-9143-c430bbdaa0f5::eave-chain::0:10"", ""0a5032e9-85a0-4970-9143-c430bbdaa0f5::eave-chain::0:11"", ""0a5032e9-85a0-4970-9143-c430bbdaa0f5::eave-chain::0:12"", ""0a5032e9-85a0-4970-9143-c430bbdaa0f5::eave-chain::0:18"", ""0a5032e9-85a0-4970-9143-c430bbdaa0f5::eave-chain::0:19"", ""0a5032e9-85a0-4970-9143-c430bbdaa0f5::eave-chain::0:3"", ""0a5032e9-85a0-4970-9143-c430bbdaa0f5::eave-chain::0:5"", ""0a5032e9-85a0-4970-9143-c430bbdaa0f5::eave-chain::0:7"", ""0a5032e9-85a0-4970-9143-c430bbdaa0f5::eave-chain::0:9""]",62.640675,0.140561,0.837075,"[""building-part:305a16040c0b5815df72"", ""building-part:fbf51009938d276a823d""]","[""building-part:305a16040c0b5815df72"", ""building-part:fbf51009938d276a823d""]","[""building-part:305a16040c0b5815df72"", ""building-part:fbf51009938d276a823d""]",True,True,True
0a5032e9-85a0-4970-9143-c430bbdaa0f5,0,committed_oblique,1,0a5032e9-85a0-4970-9143-c430bbdaa0f5::roof-oblique::oblique:1,80.363157,97.41632,13.067864,8,0.928954,0.817647,0.974103,82.58368,13.067864,7.659137,14.311836,9,58.811115,0a5032e9-85a0-4970-9143-c430bbdaa0f5::eave-chain::0:9,0.982664,0,0.918136,0.929932,strong,keep,False,"[""0a5032e9-85a0-4970-9143-c430bbdaa0f5::eave-chain::0:1"", ""0a5032e9-85a0-4970-9143-c430bbdaa0f5::eave-chain::0:10"", ""0a5032e9-85a0-4970-9143-c430bbdaa0f5::eave-chain::0:12"", ""0a5032e9-85a0-4970-9143-c430bbdaa0f5::eave-chain::0:18"", ""0a5032e9-85a0-4970-9143-c430bbdaa0f5::eave-chain::0:19"", ""0a5032e9-85a0-4970-9143-c430bbdaa0f5::eave-chain::0:3"", ""0a5032e9-85a0-4970-9143-c430bbdaa0f5::eave-chain::0:5"", ""0a5032e9-85a0-4970-9143-c430bbdaa0f5::eave-chain::0:7"", ""0a5032e9-85a0-4970-9143-c430bbdaa0f5::eave-chain::0:9""]",58.811115,0.23282,0.766394,"[""building-part:fbf51009938d276a823d""]","[""building-part:fbf51009938d276a823d""]","[""building-part:305a16040c0b5815df72"", ""building-part:fbf51009938d276a823d""]",True,True,True
0a5032e9-85a0-4970-9143-c430bbdaa0f5,0,ridge_eave_plane_group,0,0a5032e9-85a0-4970-9143-c430bbdaa0f5::ridge-eave-candidate::plane-group::2bf83e4a2f4d,124.817634,277.416164,23.661178,10,0.952357,0.801176,0.915935,90.0,23.661178,7.659137,28.572162,10,62.640675,0a5032e9-85a0-4970-9143-c430bbdaa0f5::eave-chain::0:11,0.998675,0,0.888792,0.924365,strong,keep,False,"[""0a5032e9-85a0-4970-9143-c430bbdaa0f5::eave-chain::0:1"", ""0a5032e9-85a0-4970-9143-c430bbdaa0f5::eave-chain::0:10"", ""0a5032e9-85a0-4970-9143-c430bbdaa0f5::eave-chain::0:11"", ""0a5032e9-85a0-4970-9143-c430bbdaa0f5::eave-chain::0:12"", ""0a5032e9-85a0-4970-9143-c430bbdaa0f5::eave-chain::0:18"", ""0a5032e9-85a0-4970-9143-c430bbdaa0f5::eave-chain::0:19"", ""0a5032e9-85a0-4970-9143-c430bbdaa0f5::eave-chain::0:3"", ""0a5032e9-85a0-4970-9143-c430bbdaa0f5::eave-chain::0:5"", ""0a5032e9-85a0-4970-9143-c430bbdaa0f5::eave-chain::0:7"", ""0a5032e9-85a0-4970-9143-c430bbdaa0f5::eave-chain::0:9""]",62.640675,0.140561,1.129892,"[""building-part:fbf51009938d276a823d""]","[""building-part:fbf51009938d276a823d""]","[""building-part:305a16040c0b5815df72"", ""building-part:fbf51009938d276a823d""]",True,True,True
0a5032e9-85a0-4970-9143-c430bbdaa0f5,0,ridge_eave_plane_group,1,0a5032e9-85a0-4970-9143-c430bbdaa0f5::ridge-eave-candidate::plane-group::e9f227aa9b9b,124.817634,277.416161,12.459165,10,0.952357,0.801176,0.97645,90.0,12.459165,7.659137,28.572162,10,62.640675,0a5032e9-85a0-4970-9143-c430bbdaa0f5::eave-chain::0:10,0.984475,0,0.919049,0.936468,strong,keep,False,"[""0a5032e9-85a0-4970-9143-c430bbdaa0f5::eave-chain::0:1"", ""0a5032e9-85a0-4970-9143-c430bbdaa0f5::eave-chain::0:10"", ""0a5032e9-85a0-4970-9143-c430bbdaa0f5::eave-chain::0:11"", ""0a5032e9-85a0-4970-9143-c430bbdaa0f5::eave-chain::0:12"", ""0a5032e9-85a0-4970-9143-c430bbdaa0f5::eave-chain::0:18"", ""0a5032e9-85a0-4970-9143-c430bbdaa0f5::eave-chain::0:19"", ""0a5032e9-85a0-4970-9143-c430bbdaa0f5::eave-chain::0:3"", ""0a5032e9-85a0-4970-9143-c430bbdaa0f5::eave-chain::0:5"", ""0a5032e9-85a0-4970-9143-c430bbdaa0f5::eave-chain::0:7"", ""0a5032e9-85a0-4970-9143-c430bbdaa0f5::eave-chain::0:9""]",62.640675,0.140561,0.562318,"[""building-part:fbf51009938d276a823d""]","[""building-part:fbf51009938d276a823d""]","[""building-part:305a16040c0b5815df72"", ""building-part:fbf51009938d276a823d""]",True,True,True
0a5032e9-85a0-4970-9143-c430bbdaa0f5,0,ridge_eave_plane_group,2,0a5032e9-85a0-4970-9143-c430bbdaa0f5::ridge-eave-candidate::plane-group::5ad85505a210,124.817634,97.416133,13.066371,10,0.952357,0.801176,0.974109,90.0,13.066371,7.659137,28.572162,10,62.640675,0a5032e9-85a0-4970-9143-c430bbdaa0f5::eave-chain::0:9,0.982919,0,0.917879,0.936,strong,keep,False,"[""0a5032e9-85a0-4970-9143-c430bbdaa0f5::eave-chain::0:1"", ""0a5032e9-85a0-4970-9143-c430bbdaa0f5::eave-chain::0:10"", ""0a5032e9-85a0-4970-9143-c430bbdaa0f5::eave-chain::0:11"", ""0a5032e9-85a0-4970-9143-c430bbdaa0f5::eave-chain::0:12"", ""0a5032e9-85a0-4970-9143-c430bbdaa0f5::eave-chain::0:18"", ""0a5032e9-85a0-4970-9143-c430bbdaa0f5::eave-chain::0:19"", ""0a5032e9-85a0-4970-9143-c430bbdaa0f5::eave-chain::0:3"", ""0a5032e9-85a0-4970-9143-c430bbdaa0f5::eave-chain::0:5"", ""0a5032e9-85a0-4970-9143-c430bbdaa0f5::eave-chain::0:7"", ""0a5032e9-85a0-4970-9143-c430bbdaa0f5::eave-chain::0:9""]",62.640675,0.140561,0.800384,"[""building-part:fbf51009938d276a823d""]","[""building-part:fbf51009938d276a823d""]","[""building-part:305a16040c0b5815df72"", ""building-part:fbf51009938d276a823d""]",True,True,True
0b75d30e-c50c-4fc6-88ff-fce983078aa4,1,candidate_oblique,0,0b75d30e-c50c-4fc6-88ff-fce983078aa4::ceiling-oblique::ceiling-oblique:0,19.529322,202.315028,41.07085,3,0.241088,0.229358,0.951511,13.646285,2.097857,0.0,3.894717,2,3.894717,0b75d30e-c50c-4fc6-88ff-fce983078aa4::eave-chain::1:2,0.97467,0,0.59278,0.527345,medium,maybe,False,"[""0b75d30e-c50c-4fc6-88ff-fce983078aa4::eave-chain::1:1"", ""0b75d30e-c50c-4fc6-88ff-fce983078aa4::eave-chain::1:2""]",3.894717,0.130229,0.095776,"[""building-part:72a6880ad8db79ee69fe""]","[""building-part:72a6880ad8db79ee69fe""]","[""building-part:72a6880ad8db79ee69fe""]",False,True,False
0b75d30e-c50c-4fc6-88ff-fce983078aa4,1,candidate_oblique,1,0b75d30e-c50c-4fc6-88ff-fce983078aa4::ceiling-oblique::ceiling-oblique:1,19.596771,22.315031,43.335016,1,0.400218,0.229358,0.999901,0.500053,0.729507,0.0,6.332033,3,6.332033,0b75d30e-c50c-4fc6-88ff-fce983078aa4::eave-chain::1:2,0.997453,0,0.648802,0.605939,medium,maybe,False,"[""0b75d30e-c50c-4fc6-88ff-fce983078aa4::eave-chain::1:0"", ""0b75d30e-c50c-4fc6-88ff-fce983078aa4::eave-chain::1:1"", ""0b75d30e-c50c-4fc6-88ff-fce983078aa4::eave-chain::1:2""]",6.332033,0.18659,0.004932,"[""building-part:72a6880ad8db79ee69fe""]","[""building-part:72a6880ad8db79ee69fe""]","[""building-part:72a6880ad8db79ee69fe""]",False,True,True
0b75d30e-c50c-4fc6-88ff-fce983078aa4,0,candidate_oblique,2,0b75d30e-c50c-4fc6-88ff-fce983078aa4::ceiling-oblique::ceiling-oblique:2,8.619096,296.740529,6.37935,1,0.99998,1.0,1.0,0.000545,0.001238,0.0,0.0,0,0.0,0b75d30e-c50c-4fc6-88ff-fce983078aa4::eave-chain::0:4,0.39856,0,0.999996,0.799992,strong,keep,False,[],0.0,,,"[""building-part:5dcd185d0a9a2ca9a49d""]","[""building-part:5dcd185d0a9a2ca9a49d""]","[""building-part:5dcd185d0a9a2ca9a49d""]",True,False,False
0b75d30e-c50c-4fc6-88ff-fce983078aa4,1,committed_oblique,0,0b75d30e-c50c-4fc6-88ff-fce983078aa4::roof-oblique::oblique:0,24.053066,202.310861,41.077244,3,0.190508,0.229358,0.951483,13.642117,2.091462,0.0,3.894717,2,3.894717,0b75d30e-c50c-4fc6-88ff-fce983078aa4::eave-chain::1:1,0.970515,0,0.582651,0.507107,medium,maybe,False,"[""0b75d30e-c50c-4fc6-88ff-fce983078aa4::eave-chain::1:1"", ""0b75d30e-c50c-4fc6-88ff-fce983078aa4::eave-chain::1:2""]",3.894717,0.130229,0.095355,"[""building-part:72a6880ad8db79ee69fe""]","[""building-part:72a6880ad8db79ee69fe""]","[""building-part:72a6880ad8db79ee69fe""]",False,True,False
0b75d30e-c50c-4fc6-88ff-fce983078aa4,1,committed_oblique,1,0b75d30e-c50c-4fc6-88ff-fce983078aa4::roof-oblique::oblique:1,19.867589,22.313925,43.340753,1,0.387772,0.229358,0.9999,0.498946,0.735244,0.0,6.332033,3,6.332033,0b75d30e-c50c-4fc6-88ff-fce983078aa4::eave-chain::1:2,0.987753,0,0.646312,0.60096,medium,maybe,False,"[""0b75d30e-c50c-4fc6-88ff-fce983078aa4::eave-chain::1:0"", ""0b75d30e-c50c-4fc6-88ff-fce983078aa4::eave-chain::1:1"", ""0b75d30e-c50c-4fc6-88ff-fce983078aa4::eave-chain::1:2""]",6.332033,0.18659,0.005499,"[""building-part:72a6880ad8db79ee69fe""]","[""building-part:72a6880ad8db79ee69fe""]","[""building-part:72a6880ad8db79ee69fe""]",False,True,True
0b75d30e-c50c-4fc6-88ff-fce983078aa4,0,ridge_eave_plane_group,0,0b75d30e-c50c-4fc6-88ff-fce983078aa4::ridge-eave-candidate::plane-group::3a188ce47436,51.986595,202.315028,41.073586,4,0.807283,1.0,0.753866,157.684972,41.073586,0.0,9.259807,4,17.498261,0b75d30e-c50c-4fc6-88ff-fce983078aa4::eave-chain::0:5,0.790076,0,0.83839,0.873687,strong,keep,False,"[""0b75d30e-c50c-4fc6-88ff-fce983078aa4::eave-chain::0:0"", ""0b75d30e-c50c-4fc6-88ff-fce983078aa4::eave-chain::0:1"", ""0b75d30e-c50c-4fc6-88ff-fce983078aa4::eave-chain::0:2"", ""0b75d30e-c50c-4fc6-88ff-fce983078aa4::eave-chain::0:5""]",17.498261,4.431836,4.183296,"[""building-part:72a6880ad8db79ee69fe""]","[""building-part:72a6880ad8db79ee69fe""]","[""building-part:40315ce3e78212599f3f"", ""building-part:5dcd185d0a9a2ca9a49d"", ""building-part:c2289ffd86765c173288""]",False,True,True
0b75d30e-c50c-4fc6-88ff-fce983078aa4,0,ridge_eave_plane_group,1,0b75d30e-c50c-4fc6-88ff-fce983078aa4::ridge-eave-candidate::plane-group::1ae3db3e3fcd,51.986595,22.315031,43.334983,4,0.807283,1.0,0.727354,22.315031,43.334983,0.0,9.259807,4,17.498261,0b75d30e-c50c-4fc6-88ff-fce983078aa4::eave-chain::0:1,0.783408,0,0.825134,0.868384,strong,keep,False,"[""0b75d30e-c50c-4fc6-88ff-fce983078aa4::eave-chain::0:0"", ""0b75d30e-c50c-4fc6-88ff-fce983078aa4::eave-chain::0:1"", ""0b75d30e-c50c-4fc6-88ff-fce983078aa4::eave-chain::0:2"", ""0b75d30e-c50c-4fc6-88ff-fce983078aa4::eave-chain::0:5""]",17.498261,4.431833,3.984516,"[""building-part:72a6880ad8db79ee69fe""]","[""building-part:72a6880ad8db79ee69fe""]","[""building-part:40315ce3e78212599f3f"", ""building-part:5dcd185d0a9a2ca9a49d"", ""building-part:c2289ffd86765c173288""]",False,True,True
0b75d30e-c50c-4fc6-88ff-fce983078aa4,0,ridge_eave_plane_group,2,0b75d30e-c50c-4fc6-88ff-fce983078aa4::ridge-eave-candidate::plane-group::95ba92d755fc,19.15601,22.315031,43.334983,4,0.770192,1.0,0.728044,88.963314,36.968051,0.0,2.177264,0,0.0,0b75d30e-c50c-4fc6-88ff-fce983078aa4::eave-chain::0:1,0.443509,0,0.81806,0.762549,strong,keep,False,[],0.0,,,"[""building-part:72a6880ad8db79ee69fe""]","[""building-part:72a6880ad8db79ee69fe""]","[""building-part:5dcd185d0a9a2ca9a49d""]",False,True,True
0d3f2993-8386-4130-8f1c-b2938c410828,1,candidate_oblique,0,0d3f2993-8386-4130-8f1c-b2938c410828::ceiling-oblique::ceiling-oblique:0,21.035182,92.434854,48.472508,7,0.433434,0.622619,0.990998,1.294515,2.860436,8.385095,5.903225,5,14.100954,0d3f2993-8386-4130-8f1c-b2938c410828::eave-chain::1:1,0.878812,0,0.768972,0.696097,strong,keep,False,"[""0d3f2993-8386-4130-8f1c-b2938c410828::eave-chain::1:0"", ""0d3f2993-8386-4130-8f1c-b2938c410828::eave-chain::1:1"", ""0d3f2993-8386-4130-8f1c-b2938c410828::eave-chain::1:10"", ""0d3f2993-8386-4130-8f1c-b2938c410828::eave-chain::1:3"", ""0d3f2993-8386-4130-8f1c-b2938c410828::eave-chain::1:5""]",14.100954,1.294515,0.539271,"[""building-part:1ee1577b0bc557fc9948"", ""building-part:c163791cdfcf52f968d9""]","[""building-part:1ee1577b0bc557fc9948"", ""building-part:c163791cdfcf52f968d9""]","[""building-part:1ee1577b0bc557fc9948"", ""building-part:c163791cdfcf52f968d9""]",False,True,True
0d3f2993-8386-4130-8f1c-b2938c410828,1,candidate_oblique,1,0d3f2993-8386-4130-8f1c-b2938c410828::ceiling-oblique::ceiling-oblique:1,5.25347,273.310527,47.724543,4,0.87311,0.78125,0.942643,0.94388,15.829733,6.217804,4.44388,5,5.994707,0d3f2993-8386-4130-8f1c-b2938c410828::eave-chain::1:9,0.993776,0,0.880318,0.894023,strong,keep,False,"[""0d3f2993-8386-4130-8f1c-b2938c410828::eave-chain::1:3"", ""0d3f2993-8386-4130-8f1c-b2938c410828::eave-chain::1:5"", ""0d3f2993-8386-4130-8f1c-b2938c410828::eave-chain::1:6"", ""0d3f2993-8386-4130-8f1c-b2938c410828::eave-chain::1:7"", ""0d3f2993-8386-4130-8f1c-b2938c410828::eave-chain::1:9""]",5.994707,0.212809,0.953134,"[""building-part:19b2e65c3b1830d82335"", ""building-part:1ee1577b0bc557fc9948""]","[""building-part:19b2e65c3b1830d82335"", ""building-part:1ee1577b0bc557fc9948""]","[""building-part:19b2e65c3b1830d82335"", ""building-part:1ee1577b0bc557fc9948""]",True,True,True
0d3f2993-8386-4130-8f1c-b2938c410828,1,candidate_oblique,2,0d3f2993-8386-4130-8f1c-b2938c410828::ceiling-oblique::ceiling-oblique:2,15.174739,3.231879,45.862482,6,0.612903,0.673109,0.997843,0.568165,2.414301,2.708868,18.136274,5,28.656661,0d3f2993-8386-4130-8f1c-b2938c410828::eave-chain::1:11,0.95581,0,0.823435,0.779352,strong,keep,False,"[""0d3f2993-8386-4130-8f1c-b2938c410828::eave-chain::1:11"", ""0d3f2993-8386-4130-8f1c-b2938c410828::eave-chain::1:12"", ""0d3f2993-8386-4130-8f1c-b2938c410828::eave-chain::1:13"", ""0d3f2993-8386-4130-8f1c-b2938c410828::eave-chain::1:2"", ""0d3f2993-8386-4130-8f1c-b2938c410828::eave-chain::1:4""]",28.656661,0.932529,0.087702,"[""building-part:19b2e65c3b1830d82335"", ""building-part:1ee1577b0bc557fc9948""]","[""building-part:19b2e65c3b1830d82335"", ""building-part:1ee1577b0bc557fc9948""]","[""building-part:19b2e65c3b1830d82335"", ""building-part:1ee1577b0bc557fc9948""]",True,True,True
0d3f2993-8386-4130-8f1c-b2938c410828,1,candidate_oblique,3,0d3f2993-8386-4130-8f1c-b2938c410828::ceiling-oblique::ceiling-oblique:3,3.560983,183.247635,50.232094,1,0.741838,0.740741,0.999965,0.612356,0.091409,0.0,3.516786,2,13.046557,0d3f2993-8386-4130-8f1c-b2938c410828::eave-chain::1:13,0.987864,0,0.870572,0.820715,strong,keep,False,"[""0d3f2993-8386-4130-8f1c-b2938c410828::eave-chain::1:11"", ""0d3f2993-8386-4130-8f1c-b2938c410828::eave-chain::1:13""]",13.046557,0.721113,2.13626,"[""building-part:19b2e65c3b1830d82335"", ""building-part:1ee1577b0bc557fc9948""]","[""building-part:19b2e65c3b1830d82335"", ""building-part:1ee1577b0bc557fc9948""]","[""building-part:19b2e65c3b1830d82335"", ""building-part:1ee1577b0bc557fc9948""]",True,True,True
0d3f2993-8386-4130-8f1c-b2938c410828,1,committed_oblique,0,0d3f2993-8386-4130-8f1c-b2938c410828::roof-oblique::oblique:0,11.996192,92.429199,48.469721,3,0.415013,0.579861,0.975929,1.088847,12.576043,0.0,1.820266,3,10.54439,0d3f2993-8386-4130-8f1c-b2938c410828::eave-chain::1:5,0.797822,0,0.744925,0.568176,medium,maybe,False,"[""0d3f2993-8386-4130-8f1c-b2938c410828::eave-chain::1:10"", ""0d3f2993-8386-4130-8f1c-b2938c410828::eave-chain::1:3"", ""0d3f2993-8386-4130-8f1c-b2938c410828::eave-chain::1:5""]",10.54439,1.281556,0.712769,"[""building-part:19b2e65c3b1830d82335"", ""building-part:1ee1577b0bc557fc9948"", ""building-part:e2d525cefa09f9b6d807""]","[""building-part:19b2e65c3b1830d82335"", ""building-part:1ee1577b0bc557fc9948"", ""building-part:e2d525cefa09f9b6d807""]","[""building-part:19b2e65c3b1830d82335"", ""building-part:1ee1577b0bc557fc9948""]",True,True,True
0d3f2993-8386-4130-8f1c-b2938c410828,1,committed_oblique,1,0d3f2993-8386-4130-8f1c-b2938c410828::roof-oblique::oblique:1,12.045435,273.307897,47.727826,6,0.849112,0.802885,0.672653,88.093571,15.896257,3.267651,2.218053,5,5.994707,0d3f2993-8386-4130-8f1c-b2938c410828::eave-chain::1:7,0.951395,0,0.747014,0.834752,medium,keep,False,"[""0d3f2993-8386-4130-8f1c-b2938c410828::eave-chain::1:3"", ""0d3f2993-8386-4130-8f1c-b2938c410828::eave-chain::1:5"", ""0d3f2993-8386-4130-8f1c-b2938c410828::eave-chain::1:6"", ""0d3f2993-8386-4130-8f1c-b2938c410828::eave-chain::1:7"", ""0d3f2993-8386-4130-8f1c-b2938c410828::eave-chain::1:9""]",5.994707,0.212809,0.953107,"[""building-part:19b2e65c3b1830d82335"", ""building-part:1ee1577b0bc557fc9948""]","[""building-part:19b2e65c3b1830d82335"", ""building-part:1ee1577b0bc557fc9948""]","[""building-part:19b2e65c3b1830d82335"", ""building-part:1ee1577b0bc557fc9948""]",True,True,True
0d3f2993-8386-4130-8f1c-b2938c410828,1,committed_oblique,2,0d3f2993-8386-4130-8f1c-b2938c410828::roof-oblique::oblique:2,0.977427,183.242411,50.226707,1,0.452658,0.740741,0.999964,0.61758,0.096797,0.0,3.516786,2,13.046557,0d3f2993-8386-4130-8f1c-b2938c410828::eave-chain::1:13,0.988036,0,0.812736,0.705044,strong,keep,False,"[""0d3f2993-8386-4130-8f1c-b2938c410828::eave-chain::1:11"", ""0d3f2993-8386-4130-8f1c-b2938c410828::eave-chain::1:13""]",13.046557,0.721113,2.135357,"[""building-part:19b2e65c3b1830d82335""]","[""building-part:19b2e65c3b1830d82335""]","[""building-part:19b2e65c3b1830d82335""]",True,False,False
0d3f2993-8386-4130-8f1c-b2938c410828,0,ridge_eave_plane_group,0,0d3f2993-8386-4130-8f1c-b2938c410828::ridge-eave-candidate::plane-group::08e1b22b86b6,154.961305,90.872127,50.724194,2,0.153282,0.916667,0.633054,90.0,50.724194,0.0,6.358008,3,8.665147,0d3f2993-8386-4130-8f1c-b2938c410828::eave-chain::0:5,0.898265,0,0.622183,0.571257,medium,maybe,False,"[""0d3f2993-8386-4130-8f1c-b2938c410828::eave-chain::0:0"", ""0d3f2993-8386-4130-8f1c-b2938c410828::eave-chain::0:2"", ""0d3f2993-8386-4130-8f1c-b2938c410828::eave-chain::0:5""]",8.665147,1.207389,6.588716,"[""building-part:c163791cdfcf52f968d9""]","[""building-part:c163791cdfcf52f968d9""]","[""building-part:19b2e65c3b1830d82335"", ""building-part:9b9603b3c9724eeebae5"", ""building-part:e2d525cefa09f9b6d807""]",False,True,True
0d3f2993-8386-4130-8f1c-b2938c410828,0,ridge_eave_plane_group,1,0d3f2993-8386-4130-8f1c-b2938c410828::ridge-eave-candidate::plane-group::105777bc81d0,154.961305,273.310528,47.724415,2,0.153282,0.916667,0.672697,90.0,47.724415,0.0,6.358008,3,8.665147,0d3f2993-8386-4130-8f1c-b2938c410828::eave-chain::0:5,0.853098,0,0.642005,0.579185,medium,maybe,False,"[""0d3f2993-8386-4130-8f1c-b2938c410828::eave-chain::0:0"", ""0d3f2993-8386-4130-8f1c-b2938c410828::eave-chain::0:2"", ""0d3f2993-8386-4130-8f1c-b2938c410828::eave-chain::0:5""]",8.665147,3.64579,3.707417,"[""building-part:19b2e65c3b1830d82335"", ""building-part:1ee1577b0bc557fc9948""]","[""building-part:19b2e65c3b1830d82335"", ""building-part:1ee1577b0bc557fc9948""]","[""building-part:19b2e65c3b1830d82335"", ""building-part:9b9603b3c9724eeebae5"", ""building-part:e2d525cefa09f9b6d807""]",True,True,True
0d3f2993-8386-4130-8f1c-b2938c410828,0,ridge_eave_plane_group,2,0d3f2993-8386-4130-8f1c-b2938c410828::ridge-eave-candidate::plane-group::a28ebde6bbf9,154.961305,93.248421,48.167724,2,0.153282,0.916667,0.666952,90.0,48.167724,0.0,6.358008,3,8.665147,0d3f2993-8386-4130-8f1c-b2938c410828::eave-chain::0:2,0.86091,0,0.639132,0.578036,medium,maybe,False,"[""0d3f2993-8386-4130-8f1c-b2938c410828::eave-chain::0:0"", ""0d3f2993-8386-4130-8f1c-b2938c410828::eave-chain::0:2"", ""0d3f2993-8386-4130-8f1c-b2938c410828::eave-chain::0:5""]",8.665147,3.583684,5.263544,"[""building-part:19b2e65c3b1830d82335"", ""building-part:1ee1577b0bc557fc9948""]","[""building-part:19b2e65c3b1830d82335"", ""building-part:1ee1577b0bc557fc9948""]","[""building-part:19b2e65c3b1830d82335"", ""building-part:9b9603b3c9724eeebae5"", ""building-part:e2d525cefa09f9b6d807""]",True,True,True
0d3f2993-8386-4130-8f1c-b2938c410828,0,ridge_eave_plane_group,3,0d3f2993-8386-4130-8f1c-b2938c410828::ridge-eave-candidate::plane-group::82e4db5854b1,154.961305,3.229361,45.857771,2,0.153282,0.916667,0.696442,90.0,45.857771,0.0,4.584979,4,14.246101,0d3f2993-8386-4130-8f1c-b2938c410828::eave-chain::0:6,0.85193,0,0.653877,0.583934,medium,maybe,False,"[""0d3f2993-8386-4130-8f1c-b2938c410828::eave-chain::0:1"", ""0d3f2993-8386-4130-8f1c-b2938c410828::eave-chain::0:3"", ""0d3f2993-8386-4130-8f1c-b2938c410828::eave-chain::0:4"", ""0d3f2993-8386-4130-8f1c-b2938c410828::eave-chain::0:6""]",14.246101,3.566449,3.74439,"[""building-part:19b2e65c3b1830d82335"", ""building-part:1ee1577b0bc557fc9948""]","[""building-part:19b2e65c3b1830d82335"", ""building-part:1ee1577b0bc557fc9948""]","[""building-part:19b2e65c3b1830d82335"", ""building-part:9b9603b3c9724eeebae5"", ""building-part:e2d525cefa09f9b6d807""]",True,True,True
0d3f2993-8386-4130-8f1c-b2938c410828,0,ridge_eave_plane_group,4,0d3f2993-8386-4130-8f1c-b2938c410828::ridge-eave-candidate::plane-group::bd2d5867738b,154.961305,183.247565,50.231968,2,0.153282,0.916667,0.639681,90.0,50.231968,0.0,4.584979,4,14.246101,0d3f2993-8386-4130-8f1c-b2938c410828::eave-chain::0:6,0.838375,0,0.625497,0.572582,medium,maybe,False,"[""0d3f2993-8386-4130-8f1c-b2938c410828::eave-chain::0:1"", ""0d3f2993-8386-4130-8f1c-b2938c410828::eave-chain::0:3"", ""0d3f2993-8386-4130-8f1c-b2938c410828::eave-chain::0:4"", ""0d3f2993-8386-4130-8f1c-b2938c410828::eave-chain::0:6""]",14.246101,3.584652,4.630174,"[""building-part:19b2e65c3b1830d82335"", ""building-part:1ee1577b0bc557fc9948""]","[""building-part:19b2e65c3b1830d82335"", ""building-part:1ee1577b0bc557fc9948""]","[""building-part:19b2e65c3b1830d82335"", ""building-part:9b9603b3c9724eeebae5"", ""building-part:e2d525cefa09f9b6d807""]",True,True,True
0f911051-6084-4f0d-8f9a-24fc5b20f6ff,0,ridge_eave_plane_group,0,0f911051-6084-4f0d-8f9a-24fc5b20f6ff::ridge-eave-candidate::plane-group::03e5930b89ea,258.469586,222.159079,1.541918,14,0.961982,0.97619,0.999638,137.840921,1.541918,0.0,28.766834,12,68.232252,0f911051-6084-4f0d-8f9a-24fc5b20f6ff::eave-chain::0:15,0.989189,0,0.985073,0.979959,strong,keep,False,"[""0f911051-6084-4f0d-8f9a-24fc5b20f6ff::eave-chain::0:0"", ""0f911051-6084-4f0d-8f9a-24fc5b20f6ff::eave-chain::0:10"", ""0f911051-6084-4f0d-8f9a-24fc5b20f6ff::eave-chain::0:11"", ""0f911051-6084-4f0d-8f9a-24fc5b20f6ff::eave-chain::0:13"", ""0f911051-6084-4f0d-8f9a-24fc5b20f6ff::eave-chain::0:14"", ""0f911051-6084-4f0d-8f9a-24fc5b20f6ff::eave-chain::0:15"", ""0f911051-6084-4f0d-8f9a-24fc5b20f6ff::eave-chain::0:17"", ""0f911051-6084-4f0d-8f9a-24fc5b20f6ff::eave-chain::0:2"", ""0f911051-6084-4f0d-8f9a-24fc5b20f6ff::eave-chain::0:4"", ""0f911051-6084-4f0d-8f9a-24fc5b20f6ff::eave-chain::0:5"", ""0f911051-6084-4f0d-8f9a-24fc5b20f6ff::eave-chain::0:7"", ""0f911051-6084-4f0d-8f9a-24fc5b20f6ff::eave-chain::0:9""]",68.232252,0.060851,0.099876,"[""building-part:b70d313a3ae42f3de28a""]","[""building-part:b70d313a3ae42f3de28a""]","[""building-part:925c5dd686947970ccf3"", ""building-part:b70d313a3ae42f3de28a""]",True,True,True
0fe789ce-e653-4828-863c-0f6ce7fee21d,1,candidate_oblique,0,0fe789ce-e653-4828-863c-0f6ce7fee21d::ceiling-oblique::ceiling-oblique:0,14.57578,283.204478,44.060918,5,0.646402,0.85676,0.930983,10.009181,21.410978,6.060317,6.210821,2,6.210821,0fe789ce-e653-4828-863c-0f6ce7fee21d::eave-chain::1:4,0.984993,0,0.8518,0.81611,strong,keep,False,"[""0fe789ce-e653-4828-863c-0f6ce7fee21d::eave-chain::1:1"", ""0fe789ce-e653-4828-863c-0f6ce7fee21d::eave-chain::1:4""]",6.210821,0.205844,0.329295,"[""building-part:c461e3d27469ce617684"", ""building-part:f621cd199cf95a4de0b1""]","[""building-part:c461e3d27469ce617684"", ""building-part:f621cd199cf95a4de0b1""]","[""building-part:c461e3d27469ce617684"", ""building-part:f621cd199cf95a4de0b1""]",False,True,True
0fe789ce-e653-4828-863c-0f6ce7fee21d,1,candidate_oblique,1,0fe789ce-e653-4828-863c-0f6ce7fee21d::ceiling-oblique::ceiling-oblique:1,9.331479,103.558464,43.091788,3,0.434019,0.761267,0.95682,24.291325,1.798775,6.061341,3.030292,1,3.030292,0fe789ce-e653-4828-863c-0f6ce7fee21d::eave-chain::1:2,0.982565,0,0.793594,0.717225,strong,keep,False,"[""0fe789ce-e653-4828-863c-0f6ce7fee21d::eave-chain::1:2""]",3.030292,0.367422,0.030547,"[""building-part:c461e3d27469ce617684"", ""building-part:f621cd199cf95a4de0b1""]","[""building-part:c461e3d27469ce617684"", ""building-part:f621cd199cf95a4de0b1""]","[""building-part:c461e3d27469ce617684"", ""building-part:f621cd199cf95a4de0b1""]",False,True,True
0fe789ce-e653-4828-863c-0f6ce7fee21d,1,committed_oblique,0,0fe789ce-e653-4828-863c-0f6ce7fee21d::roof-oblique::oblique:0,29.073309,283.206405,44.060868,5,0.563983,0.85676,0.930984,10.011108,21.410928,6.060317,3.180671,2,6.210821,0fe789ce-e653-4828-863c-0f6ce7fee21d::eave-chain::1:4,0.985045,0,0.835316,0.783142,strong,keep,False,"[""0fe789ce-e653-4828-863c-0f6ce7fee21d::eave-chain::1:1"", ""0fe789ce-e653-4828-863c-0f6ce7fee21d::eave-chain::1:4""]",6.210821,0.205844,0.329193,"[""building-part:c461e3d27469ce617684"", ""building-part:f621cd199cf95a4de0b1""]","[""building-part:c461e3d27469ce617684"", ""building-part:f621cd199cf95a4de0b1""]","[""building-part:c461e3d27469ce617684"", ""building-part:f621cd199cf95a4de0b1""]",False,True,True
0fe789ce-e653-4828-863c-0f6ce7fee21d,1,committed_oblique,1,0fe789ce-e653-4828-863c-0f6ce7fee21d::roof-oblique::oblique:1,25.786842,103.559173,43.094856,4,0.303591,0.82095,0.84352,50.36643,18.949987,6.061341,0.0,1,3.030292,0fe789ce-e653-4828-863c-0f6ce7fee21d::eave-chain::1:2,0.973751,0,0.728763,0.65433,medium,keep,False,"[""0fe789ce-e653-4828-863c-0f6ce7fee21d::eave-chain::1:2""]",3.030292,0.367422,0.030322,"[""building-part:f621cd199cf95a4de0b1""]","[""building-part:f621cd199cf95a4de0b1""]","[""building-part:c461e3d27469ce617684"", ""building-part:f621cd199cf95a4de0b1""]",False,True,True
0fe789ce-e653-4828-863c-0f6ce7fee21d,1,ridge_eave_plane_group,0,0fe789ce-e653-4828-863c-0f6ce7fee21d::ridge-eave-candidate::plane-group::e5349e9d906d,67.011082,283.18981,44.058554,8,0.385393,0.834839,0.715756,90.273752,11.615897,12.121658,0.0,3,9.241113,0fe789ce-e653-4828-863c-0f6ce7fee21d::eave-chain::1:4,0.989755,0,0.685409,0.664276,medium,keep,False,"[""0fe789ce-e653-4828-863c-0f6ce7fee21d::eave-chain::1:1"", ""0fe789ce-e653-4828-863c-0f6ce7fee21d::eave-chain::1:2"", ""0fe789ce-e653-4828-863c-0f6ce7fee21d::eave-chain::1:4""]",9.241113,0.169225,0.63724,"[""building-part:c461e3d27469ce617684"", ""building-part:f621cd199cf95a4de0b1""]","[""building-part:c461e3d27469ce617684"", ""building-part:f621cd199cf95a4de0b1""]","[""building-part:c461e3d27469ce617684"", ""building-part:f621cd199cf95a4de0b1""]",False,True,True
0fe789ce-e653-4828-863c-0f6ce7fee21d,1,ridge_eave_plane_group,1,0fe789ce-e653-4828-863c-0f6ce7fee21d::ridge-eave-candidate::plane-group::5aee15f9715c,67.011082,103.532511,43.752899,8,0.385393,0.834839,0.705737,90.068948,11.310242,12.121658,0.0,3,9.241113,0fe789ce-e653-4828-863c-0f6ce7fee21d::eave-chain::1:2,0.978642,0,0.680399,0.662273,medium,keep,False,"[""0fe789ce-e653-4828-863c-0f6ce7fee21d::eave-chain::1:1"", ""0fe789ce-e653-4828-863c-0f6ce7fee21d::eave-chain::1:2"", ""0fe789ce-e653-4828-863c-0f6ce7fee21d::eave-chain::1:4""]",9.241113,0.173476,3.72497,"[""building-part:c461e3d27469ce617684"", ""building-part:f621cd199cf95a4de0b1""]","[""building-part:c461e3d27469ce617684"", ""building-part:f621cd199cf95a4de0b1""]","[""building-part:c461e3d27469ce617684"", ""building-part:f621cd199cf95a4de0b1""]",False,True,True
107e8496-9bff-42bb-b776-720f44b70e55,0,candidate_oblique,0,107e8496-9bff-42bb-b776-720f44b70e55::ceiling-oblique::ceiling-oblique:0,13.842579,94.107374,18.123599,3,0.972501,0.805556,0.999829,0.963357,1.014885,0.0,12.541457,6,60.788952,107e8496-9bff-42bb-b776-720f44b70e55::eave-chain::0:10,0.996565,0,0.936081,0.950077,strong,keep,False,"[""107e8496-9bff-42bb-b776-720f44b70e55::eave-chain::0:0"", ""107e8496-9bff-42bb-b776-720f44b70e55::eave-chain::0:10"", ""107e8496-9bff-42bb-b776-720f44b70e55::eave-chain::0:2"", ""107e8496-9bff-42bb-b776-720f44b70e55::eave-chain::0:4"", ""107e8496-9bff-42bb-b776-720f44b70e55::eave-chain::0:7"", ""107e8496-9bff-42bb-b776-720f44b70e55::eave-chain::0:9""]",60.788952,0.216235,0.564156,"[""building-part:061d65aca689be4c99fd"", ""building-part:0e47730b58dee829f78c"", ""building-part:1678ec9739af70a91afa""]","[""building-part:061d65aca689be4c99fd"", ""building-part:0e47730b58dee829f78c"", ""building-part:1678ec9739af70a91afa""]","[""building-part:061d65aca689be4c99fd"", ""building-part:0e47730b58dee829f78c"", ""building-part:1678ec9739af70a91afa""]",True,True,True
107e8496-9bff-42bb-b776-720f44b70e55,0,committed_oblique,0,107e8496-9bff-42bb-b776-720f44b70e55::roof-oblique::oblique:0,16.339758,94.092533,18.124761,4,0.981963,0.854167,0.975105,43.427991,9.569242,0.0,13.397455,6,60.788952,107e8496-9bff-42bb-b776-720f44b70e55::eave-chain::0:10,0.996608,0,0.940195,0.958639,strong,keep,False,"[""107e8496-9bff-42bb-b776-720f44b70e55::eave-chain::0:0"", ""107e8496-9bff-42bb-b776-720f44b70e55::eave-chain::0:10"", ""107e8496-9bff-42bb-b776-720f44b70e55::eave-chain::0:2"", ""107e8496-9bff-42bb-b776-720f44b70e55::eave-chain::0:4"", ""107e8496-9bff-42bb-b776-720f44b70e55::eave-chain::0:7"", ""107e8496-9bff-42bb-b776-720f44b70e55::eave-chain::0:9""]",60.788952,0.216235,0.563909,"[""building-part:0e47730b58dee829f78c"", ""building-part:1678ec9739af70a91afa""]","[""building-part:0e47730b58dee829f78c"", ""building-part:1678ec9739af70a91afa""]","[""building-part:061d65aca689be4c99fd"", ""building-part:0e47730b58dee829f78c"", ""building-part:1678ec9739af70a91afa""]",False,True,True
107e8496-9bff-42bb-b776-720f44b70e55,0,ridge_eave_plane_group,0,107e8496-9bff-42bb-b776-720f44b70e55::ridge-eave-candidate::plane-group::c1d377395f17,96.493399,94.107374,18.123568,9,0.97255,0.935185,0.950388,85.892626,18.123568,0.0,23.646225,6,60.788952,107e8496-9bff-42bb-b776-720f44b70e55::eave-chain::0:10,0.997473,0,0.950259,0.966135,strong,keep,False,"[""107e8496-9bff-42bb-b776-720f44b70e55::eave-chain::0:0"", ""107e8496-9bff-42bb-b776-720f44b70e55::eave-chain::0:10"", ""107e8496-9bff-42bb-b776-720f44b70e55::eave-chain::0:2"", ""107e8496-9bff-42bb-b776-720f44b70e55::eave-chain::0:4"", ""107e8496-9bff-42bb-b776-720f44b70e55::eave-chain::0:7"", ""107e8496-9bff-42bb-b776-720f44b70e55::eave-chain::0:9""]",60.788952,0.216235,0.55194,"[""building-part:0e47730b58dee829f78c"", ""building-part:1678ec9739af70a91afa""]","[""building-part:0e47730b58dee829f78c"", ""building-part:1678ec9739af70a91afa""]","[""building-part:061d65aca689be4c99fd"", ""building-part:0e47730b58dee829f78c"", ""building-part:1678ec9739af70a91afa""]",False,True,True
117d172e-00d6-436e-8df2-050f25977602,1,candidate_oblique,0,117d172e-00d6-436e-8df2-050f25977602::ceiling-oblique::ceiling-oblique:0,14.144809,231.706784,45.66049,4,0.921394,0.916667,0.999962,0.064343,0.494291,13.67547,12.55999,3,15.104131,117d172e-00d6-436e-8df2-050f25977602::eave-chain::1:2,0.99042,0,0.95926,0.951883,strong,keep,False,"[""117d172e-00d6-436e-8df2-050f25977602::eave-chain::1:0"", ""117d172e-00d6-436e-8df2-050f25977602::eave-chain::1:1"", ""117d172e-00d6-436e-8df2-050f25977602::eave-chain::1:2""]",15.104131,0.132005,0.049477,"[""building-part:26f4bdadc193308eb79d""]","[""building-part:26f4bdadc193308eb79d""]","[""building-part:26f4bdadc193308eb79d""]",True,True,True
117d172e-00d6-436e-8df2-050f25977602,1,candidate_oblique,1,117d172e-00d6-436e-8df2-050f25977602::ceiling-oblique::ceiling-oblique:1,15.24623,51.725411,44.921954,3,0.210147,0.718076,0.99774,2.048077,3.853024,0.0,3.245185,4,11.806166,117d172e-00d6-436e-8df2-050f25977602::eave-chain::1:3,0.991943,0,0.756322,0.589481,strong,maybe,False,"[""117d172e-00d6-436e-8df2-050f25977602::eave-chain::1:0"", ""117d172e-00d6-436e-8df2-050f25977602::eave-chain::1:1"", ""117d172e-00d6-436e-8df2-050f25977602::eave-chain::1:3"", ""117d172e-00d6-436e-8df2-050f25977602::eave-chain::1:5""]",11.806166,0.899271,0.054268,"[""building-part:26f4bdadc193308eb79d""]","[""building-part:26f4bdadc193308eb79d""]","[""building-part:26f4bdadc193308eb79d""]",True,True,True
117d172e-00d6-436e-8df2-050f25977602,1,committed_oblique,0,117d172e-00d6-436e-8df2-050f25977602::roof-oblique::oblique:0,27.688579,231.704924,45.661423,6,0.721461,0.914594,0.849429,25.901985,23.081741,13.67547,6.539675,3,15.104131,117d172e-00d6-436e-8df2-050f25977602::eave-chain::1:2,0.990473,0,0.843385,0.841389,strong,keep,False,"[""117d172e-00d6-436e-8df2-050f25977602::eave-chain::1:0"", ""117d172e-00d6-436e-8df2-050f25977602::eave-chain::1:1"", ""117d172e-00d6-436e-8df2-050f25977602::eave-chain::1:2""]",15.104131,0.132005,0.04935,"[""building-part:26f4bdadc193308eb79d""]","[""building-part:26f4bdadc193308eb79d""]","[""building-part:26f4bdadc193308eb79d""]",True,True,True
117d172e-00d6-436e-8df2-050f25977602,1,committed_oblique,1,117d172e-00d6-436e-8df2-050f25977602::roof-oblique::oblique:1,28.213891,51.72447,44.922974,5,0.35999,0.795025,0.996612,2.930012,4.278427,0.0,5.78595,4,11.806166,117d172e-00d6-436e-8df2-050f25977602::eave-chain::1:3,0.991999,0,0.808811,0.702323,strong,keep,False,"[""117d172e-00d6-436e-8df2-050f25977602::eave-chain::1:0"", ""117d172e-00d6-436e-8df2-050f25977602::eave-chain::1:1"", ""117d172e-00d6-436e-8df2-050f25977602::eave-chain::1:3"", ""117d172e-00d6-436e-8df2-050f25977602::eave-chain::1:5""]",11.806166,0.899271,0.054213,"[""building-part:26f4bdadc193308eb79d""]","[""building-part:26f4bdadc193308eb79d""]","[""building-part:26f4bdadc193308eb79d""]",True,True,True
117d172e-00d6-436e-8df2-050f25977602,1,ridge_eave_plane_group,0,117d172e-00d6-436e-8df2-050f25977602::ridge-eave-candidate::plane-group::31658ecf9141,68.443862,231.706784,45.660491,9,0.440304,0.849088,0.698909,128.293216,3.114487,13.67547,0.701045,5,21.825313,117d172e-00d6-436e-8df2-050f25977602::eave-chain::1:2,0.981261,0,0.692242,0.685721,medium,keep,False,"[""117d172e-00d6-436e-8df2-050f25977602::eave-chain::1:0"", ""117d172e-00d6-436e-8df2-050f25977602::eave-chain::1:1"", ""117d172e-00d6-436e-8df2-050f25977602::eave-chain::1:2"", ""117d172e-00d6-436e-8df2-050f25977602::eave-chain::1:3"", ""117d172e-00d6-436e-8df2-050f25977602::eave-chain::1:5""]",21.825313,0.132005,2.282837,"[""building-part:26f4bdadc193308eb79d""]","[""building-part:26f4bdadc193308eb79d""]","[""building-part:26f4bdadc193308eb79d""]",True,True,True
117d172e-00d6-436e-8df2-050f25977602,1,ridge_eave_plane_group,1,117d172e-00d6-436e-8df2-050f25977602::ridge-eave-candidate::plane-group::ac1b35f81462,68.443542,51.725445,44.920432,9,0.440306,0.849088,0.708088,51.725445,3.854547,13.67547,0.701045,5,21.825313,117d172e-00d6-436e-8df2-050f25977602::eave-chain::1:3,0.963311,0,0.696832,0.687558,medium,keep,False,"[""117d172e-00d6-436e-8df2-050f25977602::eave-chain::1:0"", ""117d172e-00d6-436e-8df2-050f25977602::eave-chain::1:1"", ""117d172e-00d6-436e-8df2-050f25977602::eave-chain::1:2"", ""117d172e-00d6-436e-8df2-050f25977602::eave-chain::1:3"", ""117d172e-00d6-436e-8df2-050f25977602::eave-chain::1:5""]",21.825313,0.113344,0.077263,"[""building-part:26f4bdadc193308eb79d""]","[""building-part:26f4bdadc193308eb79d""]","[""building-part:26f4bdadc193308eb79d""]",True,True,True
121ff4c2-ec13-46b8-b557-b31775259e5d,0,ridge_eave_plane_group,0,121ff4c2-ec13-46b8-b557-b31775259e5d::ridge-eave-candidate::plane-group::663d24f52176,80.137849,128.534119,24.663527,7,0.955952,1.0,0.908774,51.465881,24.663527,0.0,24.208899,5,35.445816,121ff4c2-ec13-46b8-b557-b31775259e5d::eave-chain::0:1,0.98142,0,0.945577,0.964136,strong,keep,False,"[""121ff4c2-ec13-46b8-b557-b31775259e5d::eave-chain::0:1"", ""121ff4c2-ec13-46b8-b557-b31775259e5d::eave-chain::0:11"", ""121ff4c2-ec13-46b8-b557-b31775259e5d::eave-chain::0:3"", ""121ff4c2-ec13-46b8-b557-b31775259e5d::eave-chain::0:5"", ""121ff4c2-ec13-46b8-b557-b31775259e5d::eave-chain::0:9""]",35.445816,0.122255,1.348692,"[""building-part:668de41ccde01079b842""]","[""building-part:668de41ccde01079b842""]","[""building-part:26e858aa806a385a3e45"", ""building-part:668de41ccde01079b842""]",True,True,True
146ecf8b-ffa1-4239-ba58-040b61861fd9,0,candidate_oblique,0,146ecf8b-ffa1-4239-ba58-040b61861fd9::ceiling-oblique::ceiling-oblique:0,5.52026,10.393718,17.457318,0,0.0,0.0,,,,0.0,0.0,0,0.0,146ecf8b-ffa1-4239-ba58-040b61861fd9::eave-chain::0:0,0.399991,0,0.0,0.0,weak,drop_candidate,False,[],0.0,,,"[""building-part:086ec60774b250fecb2e""]","[""building-part:086ec60774b250fecb2e""]","[""building-part:086ec60774b250fecb2e""]",False,True,False
146ecf8b-ffa1-4239-ba58-040b61861fd9,0,candidate_oblique,1,146ecf8b-ffa1-4239-ba58-040b61861fd9::ceiling-oblique::ceiling-oblique:1,5.520255,190.393714,17.8361,1,0.379715,0.333333,0.959014,4.200995,16.366887,0.0,0.0,0,0.0,146ecf8b-ffa1-4239-ba58-040b61861fd9::eave-chain::0:0,0.399991,0,0.65545,0.410355,medium,drop_candidate,False,[],0.0,,,"[""building-part:086ec60774b250fecb2e""]","[""building-part:086ec60774b250fecb2e""]","[""building-part:086ec60774b250fecb2e""]",False,True,False
146ecf8b-ffa1-4239-ba58-040b61861fd9,1,candidate_oblique,2,146ecf8b-ffa1-4239-ba58-040b61861fd9::ceiling-oblique::ceiling-oblique:2,5.573646,9.427893,51.480528,3,0.671747,0.628571,0.98456,9.410244,0.563785,0.0,4.609247,1,2.275545,146ecf8b-ffa1-4239-ba58-040b61861fd9::eave-chain::1:0,0.999775,0,0.815201,0.791325,strong,keep,False,"[""146ecf8b-ffa1-4239-ba58-040b61861fd9::eave-chain::1:0""]",2.275545,0.001314,0.000759,"[""building-part:e8065a7ed41c12b947b9""]","[""building-part:e8065a7ed41c12b947b9""]","[""building-part:e8065a7ed41c12b947b9""]",True,True,True
146ecf8b-ffa1-4239-ba58-040b61861fd9,1,candidate_oblique,3,146ecf8b-ffa1-4239-ba58-040b61861fd9::ceiling-oblique::ceiling-oblique:3,15.227411,189.787618,50.607824,2,0.749722,0.916667,0.81729,85.373248,25.47732,7.745518,3.151425,3,9.829972,146ecf8b-ffa1-4239-ba58-040b61861fd9::eave-chain::1:7,0.97695,0,0.833589,0.84668,strong,keep,False,"[""146ecf8b-ffa1-4239-ba58-040b61861fd9::eave-chain::1:3"", ""146ecf8b-ffa1-4239-ba58-040b61861fd9::eave-chain::1:5"", ""146ecf8b-ffa1-4239-ba58-040b61861fd9::eave-chain::1:7""]",9.829972,0.464179,2.240234,"[""building-part:e8065a7ed41c12b947b9""]","[""building-part:e8065a7ed41c12b947b9""]","[""building-part:e8065a7ed41c12b947b9""]",True,True,True
146ecf8b-ffa1-4239-ba58-040b61861fd9,0,committed_oblique,0,146ecf8b-ffa1-4239-ba58-040b61861fd9::roof-oblique::oblique:0,7.669283,10.400175,17.445668,0,0.0,0.0,,,,0.0,0.0,0,0.0,146ecf8b-ffa1-4239-ba58-040b61861fd9::eave-chain::0:0,0.399991,0,0.0,0.0,weak,drop_candidate,False,[],0.0,,,"[""building-part:086ec60774b250fecb2e""]","[""building-part:086ec60774b250fecb2e""]","[""building-part:086ec60774b250fecb2e""]",False,True,True
146ecf8b-ffa1-4239-ba58-040b61861fd9,0,committed_oblique,1,146ecf8b-ffa1-4239-ba58-040b61861fd9::roof-oblique::oblique:1,51.453501,190.397501,17.83411,2,0.199216,0.666667,0.955476,86.90364,17.101493,0.0,8.100121,2,8.100121,146ecf8b-ffa1-4239-ba58-040b61861fd9::eave-chain::0:2,0.899991,0,0.717581,0.604115,medium,maybe,False,"[""146ecf8b-ffa1-4239-ba58-040b61861fd9::eave-chain::0:0"", ""146ecf8b-ffa1-4239-ba58-040b61861fd9::eave-chain::0:2""]",8.100121,0.000339,1.262544,"[""building-part:086ec60774b250fecb2e"", ""building-part:5d275b4647b003911e47""]","[""building-part:086ec60774b250fecb2e"", ""building-part:5d275b4647b003911e47""]","[""building-part:086ec60774b250fecb2e"", ""building-part:5d275b4647b003911e47"", ""building-part:739e697854f2ceb2ecb2""]",False,True,True
146ecf8b-ffa1-4239-ba58-040b61861fd9,1,committed_oblique,2,146ecf8b-ffa1-4239-ba58-040b61861fd9::roof-oblique::oblique:2,16.3691,9.432528,51.482308,7,0.681314,0.817007,0.962001,9.432528,15.845686,7.745397,5.081428,3,8.232853,146ecf8b-ffa1-4239-ba58-040b61861fd9::eave-chain::1:0,0.99977,0,0.862365,0.828327,strong,keep,False,"[""146ecf8b-ffa1-4239-ba58-040b61861fd9::eave-chain::1:0"", ""146ecf8b-ffa1-4239-ba58-040b61861fd9::eave-chain::1:3"", ""146ecf8b-ffa1-4239-ba58-040b61861fd9::eave-chain::1:5""]",8.232853,0.718603,1.989746,"[""building-part:e8065a7ed41c12b947b9""]","[""building-part:e8065a7ed41c12b947b9""]","[""building-part:e8065a7ed41c12b947b9""]",True,True,True
146ecf8b-ffa1-4239-ba58-040b61861fd9,1,committed_oblique,3,146ecf8b-ffa1-4239-ba58-040b61861fd9::roof-oblique::oblique:3,25.007592,189.788971,50.610124,3,0.903553,0.944444,0.634594,170.211029,50.610124,7.745518,9.829972,3,9.829972,146ecf8b-ffa1-4239-ba58-040b61861fd9::eave-chain::1:7,0.976953,0,0.781341,0.877229,strong,keep,False,"[""146ecf8b-ffa1-4239-ba58-040b61861fd9::eave-chain::1:3"", ""146ecf8b-ffa1-4239-ba58-040b61861fd9::eave-chain::1:5"", ""146ecf8b-ffa1-4239-ba58-040b61861fd9::eave-chain::1:7""]",9.829972,0.464179,2.240383,"[""building-part:e8065a7ed41c12b947b9""]","[""building-part:e8065a7ed41c12b947b9""]","[""building-part:e8065a7ed41c12b947b9""]",True,True,True
146ecf8b-ffa1-4239-ba58-040b61861fd9,1,ridge_eave_plane_group,0,146ecf8b-ffa1-4239-ba58-040b61861fd9::ridge-eave-candidate::plane-group::6e7b4ed28b65,75.553844,10.393719,17.457422,8,0.446756,0.839881,0.889924,10.393719,25.83821,15.490914,3.151425,3,9.829972,146ecf8b-ffa1-4239-ba58-040b61861fd9::eave-chain::1:7,0.856957,0,0.786278,0.724663,strong,keep,False,"[""146ecf8b-ffa1-4239-ba58-040b61861fd9::eave-chain::1:3"", ""146ecf8b-ffa1-4239-ba58-040b61861fd9::eave-chain::1:5"", ""146ecf8b-ffa1-4239-ba58-040b61861fd9::eave-chain::1:7""]",9.829972,1.07028,0.535774,"[""building-part:086ec60774b250fecb2e""]","[""building-part:086ec60774b250fecb2e""]","[""building-part:e8065a7ed41c12b947b9""]",False,True,True
146ecf8b-ffa1-4239-ba58-040b61861fd9,1,ridge_eave_plane_group,1,146ecf8b-ffa1-4239-ba58-040b61861fd9::ridge-eave-candidate::plane-group::7818c84e7339,75.551901,190.393713,17.83634,8,0.446767,0.839881,0.716362,169.606287,25.47732,15.490914,3.151425,3,9.829972,146ecf8b-ffa1-4239-ba58-040b61861fd9::eave-chain::1:7,0.856958,0,0.699499,0.689956,medium,keep,False,"[""146ecf8b-ffa1-4239-ba58-040b61861fd9::eave-chain::1:3"", ""146ecf8b-ffa1-4239-ba58-040b61861fd9::eave-chain::1:5"", ""146ecf8b-ffa1-4239-ba58-040b61861fd9::eave-chain::1:7""]",9.829972,1.070274,3.088188,"[""building-part:086ec60774b250fecb2e""]","[""building-part:086ec60774b250fecb2e""]","[""building-part:e8065a7ed41c12b947b9""]",False,True,True
146ecf8b-ffa1-4239-ba58-040b61861fd9,1,ridge_eave_plane_group,2,146ecf8b-ffa1-4239-ba58-040b61861fd9::ridge-eave-candidate::plane-group::7eba1a7dd3f5,75.551901,9.427895,46.236636,8,0.446767,0.839881,0.827018,9.427895,12.242348,15.490914,3.151425,3,9.829972,146ecf8b-ffa1-4239-ba58-040b61861fd9::eave-chain::1:7,0.882713,0,0.754827,0.712087,strong,keep,False,"[""146ecf8b-ffa1-4239-ba58-040b61861fd9::eave-chain::1:3"", ""146ecf8b-ffa1-4239-ba58-040b61861fd9::eave-chain::1:5"", ""146ecf8b-ffa1-4239-ba58-040b61861fd9::eave-chain::1:7""]",9.829972,0.718602,5.57318,"[""building-part:e8065a7ed41c12b947b9""]","[""building-part:e8065a7ed41c12b947b9""]","[""building-part:e8065a7ed41c12b947b9""]",True,True,True
146ecf8b-ffa1-4239-ba58-040b61861fd9,1,ridge_eave_plane_group,3,146ecf8b-ffa1-4239-ba58-040b61861fd9::ridge-eave-candidate::plane-group::8fad213b68ca,75.553844,189.78584,50.607226,8,0.446756,0.839881,0.488379,170.21416,12.242348,15.490914,3.151425,3,9.829972,146ecf8b-ffa1-4239-ba58-040b61861fd9::eave-chain::1:7,0.96486,0,0.585505,0.644354,medium,maybe,False,"[""146ecf8b-ffa1-4239-ba58-040b61861fd9::eave-chain::1:3"", ""146ecf8b-ffa1-4239-ba58-040b61861fd9::eave-chain::1:5"", ""146ecf8b-ffa1-4239-ba58-040b61861fd9::eave-chain::1:7""]",9.829972,0.462401,2.249703,"[""building-part:e8065a7ed41c12b947b9""]","[""building-part:e8065a7ed41c12b947b9""]","[""building-part:e8065a7ed41c12b947b9""]",True,True,True
16784bad-2cd9-4f4c-bb26-60355981cfe2,1,candidate_oblique,0,16784bad-2cd9-4f4c-bb26-60355981cfe2::ceiling-oblique::ceiling-oblique:0,15.283347,84.667789,45.52053,6,0.925817,0.843966,0.999872,0.778633,0.636546,13.995796,12.084191,4,18.16301,16784bad-2cd9-4f4c-bb26-60355981cfe2::eave-chain::1:1,0.98605,0,0.938289,0.939094,strong,keep,False,"[""16784bad-2cd9-4f4c-bb26-60355981cfe2::eave-chain::1:0"", ""16784bad-2cd9-4f4c-bb26-60355981cfe2::eave-chain::1:1"", ""16784bad-2cd9-4f4c-bb26-60355981cfe2::eave-chain::1:3"", ""16784bad-2cd9-4f4c-bb26-60355981cfe2::eave-chain::1:4""]",18.16301,0.477195,0.027086,"[""building-part:5b35cd4e78d0798f4a6f"", ""building-part:5bb8fa64c207e14b2fb3"", ""building-part:a0112dfbe1845925cacd""]","[""building-part:5b35cd4e78d0798f4a6f"", ""building-part:5bb8fa64c207e14b2fb3"", ""building-part:a0112dfbe1845925cacd""]","[""building-part:5b35cd4e78d0798f4a6f"", ""building-part:5bb8fa64c207e14b2fb3"", ""building-part:a0112dfbe1845925cacd""]",True,True,True
16784bad-2cd9-4f4c-bb26-60355981cfe2,1,candidate_oblique,1,16784bad-2cd9-4f4c-bb26-60355981cfe2::ceiling-oblique::ceiling-oblique:1,14.470431,264.667786,46.101889,5,0.664647,0.93,0.693378,89.970353,0.759048,7.895913,6.078819,2,14.040756,16784bad-2cd9-4f4c-bb26-60355981cfe2::eave-chain::1:0,0.987137,0,0.758618,0.790534,strong,keep,False,"[""16784bad-2cd9-4f4c-bb26-60355981cfe2::eave-chain::1:0"", ""16784bad-2cd9-4f4c-bb26-60355981cfe2::eave-chain::1:1""]",14.040756,0.272337,2.524125,"[""building-part:5b35cd4e78d0798f4a6f"", ""building-part:5bb8fa64c207e14b2fb3"", ""building-part:a0112dfbe1845925cacd""]","[""building-part:5b35cd4e78d0798f4a6f"", ""building-part:5bb8fa64c207e14b2fb3"", ""building-part:a0112dfbe1845925cacd""]","[""building-part:5b35cd4e78d0798f4a6f"", ""building-part:5bb8fa64c207e14b2fb3"", ""building-part:a0112dfbe1845925cacd""]",True,True,True
16784bad-2cd9-4f4c-bb26-60355981cfe2,1,candidate_oblique,2,16784bad-2cd9-4f4c-bb26-60355981cfe2::ceiling-oblique::ceiling-oblique:2,2.69777,174.678616,47.482722,2,0.945702,0.888889,0.83789,2.780541,23.951562,4.165341,2.082594,2,7.270371,16784bad-2cd9-4f4c-bb26-60355981cfe2::eave-chain::1:6,0.983687,0,0.874752,0.923637,strong,keep,False,"[""16784bad-2cd9-4f4c-bb26-60355981cfe2::eave-chain::1:6"", ""16784bad-2cd9-4f4c-bb26-60355981cfe2::eave-chain::1:7""]",7.270371,0.705602,2.413103,"[""building-part:5b35cd4e78d0798f4a6f"", ""building-part:5bb8fa64c207e14b2fb3"", ""building-part:a0112dfbe1845925cacd""]","[""building-part:5b35cd4e78d0798f4a6f"", ""building-part:5bb8fa64c207e14b2fb3"", ""building-part:a0112dfbe1845925cacd""]","[""building-part:5b35cd4e78d0798f4a6f"", ""building-part:5bb8fa64c207e14b2fb3"", ""building-part:a0112dfbe1845925cacd""]",True,True,True
16784bad-2cd9-4f4c-bb26-60355981cfe2,1,candidate_oblique,3,16784bad-2cd9-4f4c-bb26-60355981cfe2::ceiling-oblique::ceiling-oblique:3,7.991947,354.63534,45.234921,4,0.83943,0.944444,0.851404,2.918648,24.120711,10.375378,5.187777,2,7.270371,16784bad-2cd9-4f4c-bb26-60355981cfe2::eave-chain::1:7,0.961136,0,0.876921,0.894941,strong,keep,False,"[""16784bad-2cd9-4f4c-bb26-60355981cfe2::eave-chain::1:6"", ""16784bad-2cd9-4f4c-bb26-60355981cfe2::eave-chain::1:7""]",7.270371,0.705602,2.239852,"[""building-part:5b35cd4e78d0798f4a6f"", ""building-part:5bb8fa64c207e14b2fb3""]","[""building-part:5b35cd4e78d0798f4a6f"", ""building-part:5bb8fa64c207e14b2fb3""]","[""building-part:5b35cd4e78d0798f4a6f"", ""building-part:5bb8fa64c207e14b2fb3""]",True,True,True
16784bad-2cd9-4f4c-bb26-60355981cfe2,1,committed_oblique,0,16784bad-2cd9-4f4c-bb26-60355981cfe2::roof-oblique::oblique:0,26.061592,84.670089,45.517496,6,0.83007,0.843966,0.999872,0.776334,0.636546,13.995796,9.555199,4,18.16301,16784bad-2cd9-4f4c-bb26-60355981cfe2::eave-chain::1:1,0.986029,0,0.91914,0.900796,strong,keep,False,"[""16784bad-2cd9-4f4c-bb26-60355981cfe2::eave-chain::1:0"", ""16784bad-2cd9-4f4c-bb26-60355981cfe2::eave-chain::1:1"", ""16784bad-2cd9-4f4c-bb26-60355981cfe2::eave-chain::1:3"", ""16784bad-2cd9-4f4c-bb26-60355981cfe2::eave-chain::1:4""]",18.16301,0.477195,0.02713,"[""building-part:5b35cd4e78d0798f4a6f"", ""building-part:5bb8fa64c207e14b2fb3"", ""building-part:a0112dfbe1845925cacd""]","[""building-part:5b35cd4e78d0798f4a6f"", ""building-part:5bb8fa64c207e14b2fb3"", ""building-part:a0112dfbe1845925cacd""]","[""building-part:5b35cd4e78d0798f4a6f"", ""building-part:5bb8fa64c207e14b2fb3"", ""building-part:a0112dfbe1845925cacd""]",True,True,True
16784bad-2cd9-4f4c-bb26-60355981cfe2,1,committed_oblique,1,16784bad-2cd9-4f4c-bb26-60355981cfe2::roof-oblique::oblique:1,27.112301,264.669589,46.097204,6,0.601267,0.941667,0.693437,92.649481,23.425783,7.895913,6.078819,2,14.040756,16784bad-2cd9-4f4c-bb26-60355981cfe2::eave-chain::1:0,0.987129,0,0.749472,0.767528,medium,keep,False,"[""16784bad-2cd9-4f4c-bb26-60355981cfe2::eave-chain::1:0"", ""16784bad-2cd9-4f4c-bb26-60355981cfe2::eave-chain::1:1""]",14.040756,0.272337,2.523696,"[""building-part:5b35cd4e78d0798f4a6f"", ""building-part:5bb8fa64c207e14b2fb3"", ""building-part:a0112dfbe1845925cacd""]","[""building-part:5b35cd4e78d0798f4a6f"", ""building-part:5bb8fa64c207e14b2fb3"", ""building-part:a0112dfbe1845925cacd""]","[""building-part:5b35cd4e78d0798f4a6f"", ""building-part:5bb8fa64c207e14b2fb3"", ""building-part:a0112dfbe1845925cacd""]",True,True,True
16784bad-2cd9-4f4c-bb26-60355981cfe2,1,committed_oblique,2,16784bad-2cd9-4f4c-bb26-60355981cfe2::roof-oblique::oblique:2,5.123491,174.682588,47.491759,2,0.873134,0.888889,0.837833,2.780541,23.951562,4.165341,2.082594,2,7.270371,16784bad-2cd9-4f4c-bb26-60355981cfe2::eave-chain::1:6,0.983758,0,0.86021,0.894598,strong,keep,False,"[""16784bad-2cd9-4f4c-bb26-60355981cfe2::eave-chain::1:6"", ""16784bad-2cd9-4f4c-bb26-60355981cfe2::eave-chain::1:7""]",7.270371,0.705602,2.413935,"[""building-part:5bb8fa64c207e14b2fb3""]","[""building-part:5bb8fa64c207e14b2fb3""]","[""building-part:5b35cd4e78d0798f4a6f"", ""building-part:5bb8fa64c207e14b2fb3"", ""building-part:a0112dfbe1845925cacd""]",False,True,True
16784bad-2cd9-4f4c-bb26-60355981cfe2,1,committed_oblique,3,16784bad-2cd9-4f4c-bb26-60355981cfe2::roof-oblique::oblique:3,3.701139,354.637928,45.240436,1,0.035989,1.0,0.999834,0.000211,1.043955,0.0,0.0,0,0.0,16784bad-2cd9-4f4c-bb26-60355981cfe2::eave-chain::1:7,0.672627,0,0.807115,0.414362,strong,drop_candidate,False,[],0.0,,,"[""building-part:5b35cd4e78d0798f4a6f""]","[""building-part:5b35cd4e78d0798f4a6f""]","[""building-part:5b35cd4e78d0798f4a6f""]",True,False,False
16784bad-2cd9-4f4c-bb26-60355981cfe2,0,ridge_eave_plane_group,0,16784bad-2cd9-4f4c-bb26-60355981cfe2::ridge-eave-candidate::plane-group::1312dcef88f8,77.129734,84.66759,45.520528,7,0.459687,0.903867,0.557778,178.239399,34.61961,0.0,5.982136,7,16.265528,16784bad-2cd9-4f4c-bb26-60355981cfe2::eave-chain::0:8,0.899838,0,0.641987,0.676204,medium,keep,False,"[""16784bad-2cd9-4f4c-bb26-60355981cfe2::eave-chain::0:2"", ""16784bad-2cd9-4f4c-bb26-60355981cfe2::eave-chain::0:3"", ""16784bad-2cd9-4f4c-bb26-60355981cfe2::eave-chain::0:4"", ""16784bad-2cd9-4f4c-bb26-60355981cfe2::eave-chain::0:5"", ""16784bad-2cd9-4f4c-bb26-60355981cfe2::eave-chain::0:6"", ""16784bad-2cd9-4f4c-bb26-60355981cfe2::eave-chain::0:8"", ""16784bad-2cd9-4f4c-bb26-60355981cfe2::eave-chain::0:9""]",16.265528,0.179194,8.413574,"[""building-part:5b35cd4e78d0798f4a6f"", ""building-part:5bb8fa64c207e14b2fb3"", ""building-part:a0112dfbe1845925cacd""]","[""building-part:5b35cd4e78d0798f4a6f"", ""building-part:5bb8fa64c207e14b2fb3"", ""building-part:a0112dfbe1845925cacd""]","[""building-part:5b35cd4e78d0798f4a6f"", ""building-part:5bb8fa64c207e14b2fb3"", ""building-part:a0112dfbe1845925cacd""]",True,True,True
16784bad-2cd9-4f4c-bb26-60355981cfe2,0,ridge_eave_plane_group,1,16784bad-2cd9-4f4c-bb26-60355981cfe2::ridge-eave-candidate::plane-group::08d6ddc30a8b,77.129734,264.667371,46.101863,7,0.459687,0.903867,0.81239,1.76082,35.200944,0.0,5.982136,7,16.265528,16784bad-2cd9-4f4c-bb26-60355981cfe2::eave-chain::0:8,0.899844,0,0.769293,0.727126,strong,keep,False,"[""16784bad-2cd9-4f4c-bb26-60355981cfe2::eave-chain::0:2"", ""16784bad-2cd9-4f4c-bb26-60355981cfe2::eave-chain::0:3"", ""16784bad-2cd9-4f4c-bb26-60355981cfe2::eave-chain::0:4"", ""16784bad-2cd9-4f4c-bb26-60355981cfe2::eave-chain::0:5"", ""16784bad-2cd9-4f4c-bb26-60355981cfe2::eave-chain::0:6"", ""16784bad-2cd9-4f4c-bb26-60355981cfe2::eave-chain::0:8"", ""16784bad-2cd9-4f4c-bb26-60355981cfe2::eave-chain::0:9""]",16.265528,0.178975,1.833809,"[""building-part:5b35cd4e78d0798f4a6f"", ""building-part:5bb8fa64c207e14b2fb3"", ""building-part:a0112dfbe1845925cacd""]","[""building-part:5b35cd4e78d0798f4a6f"", ""building-part:5bb8fa64c207e14b2fb3"", ""building-part:a0112dfbe1845925cacd""]","[""building-part:5b35cd4e78d0798f4a6f"", ""building-part:5bb8fa64c207e14b2fb3"", ""building-part:a0112dfbe1845925cacd""]",True,True,True
16784bad-2cd9-4f4c-bb26-60355981cfe2,0,ridge_eave_plane_group,2,16784bad-2cd9-4f4c-bb26-60355981cfe2::ridge-eave-candidate::plane-group::606e214a690e,77.129734,174.677983,47.482683,7,0.459687,0.903867,0.665662,89.710898,36.581764,0.0,2.26733,1,2.26733,16784bad-2cd9-4f4c-bb26-60355981cfe2::eave-chain::0:0,0.892266,0,0.695929,0.611147,medium,maybe,False,"[""16784bad-2cd9-4f4c-bb26-60355981cfe2::eave-chain::0:0""]",2.26733,0.289998,6.464268,"[""building-part:5b35cd4e78d0798f4a6f"", ""building-part:5bb8fa64c207e14b2fb3"", ""building-part:a0112dfbe1845925cacd""]","[""building-part:5b35cd4e78d0798f4a6f"", ""building-part:5bb8fa64c207e14b2fb3"", ""building-part:a0112dfbe1845925cacd""]","[""building-part:5b35cd4e78d0798f4a6f"", ""building-part:5bb8fa64c207e14b2fb3"", ""building-part:a0112dfbe1845925cacd""]",True,True,True
16784bad-2cd9-4f4c-bb26-60355981cfe2,0,ridge_eave_plane_group,3,16784bad-2cd9-4f4c-bb26-60355981cfe2::ridge-eave-candidate::plane-group::66249719f5cf,77.129734,354.63534,45.2291,7,0.459687,0.903867,0.695459,90.246459,34.328182,0.0,2.26733,1,2.26733,16784bad-2cd9-4f4c-bb26-60355981cfe2::eave-chain::0:0,0.893403,0,0.710827,0.617107,medium,maybe,False,"[""16784bad-2cd9-4f4c-bb26-60355981cfe2::eave-chain::0:0""]",2.26733,0.247354,1.504811,"[""building-part:5b35cd4e78d0798f4a6f"", ""building-part:5bb8fa64c207e14b2fb3""]","[""building-part:5b35cd4e78d0798f4a6f"", ""building-part:5bb8fa64c207e14b2fb3""]","[""building-part:5b35cd4e78d0798f4a6f"", ""building-part:5bb8fa64c207e14b2fb3"", ""building-part:a0112dfbe1845925cacd""]",True,True,True
16784bad-2cd9-4f4c-bb26-60355981cfe2,0,ridge_eave_plane_group,4,16784bad-2cd9-4f4c-bb26-60355981cfe2::ridge-eave-candidate::plane-group::4a4ced2408b7,77.129734,264.488482,11.333147,7,0.459687,0.903867,0.998647,1.93971,1.542205,0.0,5.982136,7,16.265528,16784bad-2cd9-4f4c-bb26-60355981cfe2::eave-chain::0:9,0.991121,0,0.862421,0.764378,strong,keep,False,"[""16784bad-2cd9-4f4c-bb26-60355981cfe2::eave-chain::0:2"", ""16784bad-2cd9-4f4c-bb26-60355981cfe2::eave-chain::0:3"", ""16784bad-2cd9-4f4c-bb26-60355981cfe2::eave-chain::0:4"", ""16784bad-2cd9-4f4c-bb26-60355981cfe2::eave-chain::0:5"", ""16784bad-2cd9-4f4c-bb26-60355981cfe2::eave-chain::0:6"", ""16784bad-2cd9-4f4c-bb26-60355981cfe2::eave-chain::0:8"", ""16784bad-2cd9-4f4c-bb26-60355981cfe2::eave-chain::0:9""]",16.265528,0.100277,0.041283,"[""building-part:5b35cd4e78d0798f4a6f"", ""building-part:5bb8fa64c207e14b2fb3""]","[""building-part:5b35cd4e78d0798f4a6f"", ""building-part:5bb8fa64c207e14b2fb3""]","[""building-part:5b35cd4e78d0798f4a6f"", ""building-part:5bb8fa64c207e14b2fb3"", ""building-part:a0112dfbe1845925cacd""]",True,True,True
16784bad-2cd9-4f4c-bb26-60355981cfe2,0,ridge_eave_plane_group,5,16784bad-2cd9-4f4c-bb26-60355981cfe2::ridge-eave-candidate::plane-group::5c2a2ab72621,77.129734,260.682499,25.026474,7,0.459687,0.903867,0.965337,5.745693,14.125556,0.0,5.982136,7,16.265528,16784bad-2cd9-4f4c-bb26-60355981cfe2::eave-chain::0:8,0.871103,0,0.845766,0.757716,strong,keep,False,"[""16784bad-2cd9-4f4c-bb26-60355981cfe2::eave-chain::0:2"", ""16784bad-2cd9-4f4c-bb26-60355981cfe2::eave-chain::0:3"", ""16784bad-2cd9-4f4c-bb26-60355981cfe2::eave-chain::0:4"", ""16784bad-2cd9-4f4c-bb26-60355981cfe2::eave-chain::0:5"", ""16784bad-2cd9-4f4c-bb26-60355981cfe2::eave-chain::0:6"", ""16784bad-2cd9-4f4c-bb26-60355981cfe2::eave-chain::0:8"", ""16784bad-2cd9-4f4c-bb26-60355981cfe2::eave-chain::0:9""]",16.265528,3.805898,0.583121,"[""building-part:5bb8fa64c207e14b2fb3""]","[""building-part:5bb8fa64c207e14b2fb3""]","[""building-part:5b35cd4e78d0798f4a6f"", ""building-part:5bb8fa64c207e14b2fb3"", ""building-part:a0112dfbe1845925cacd""]",False,True,True
1825a812-09d0-4407-9265-182a07053cfc,0,ridge_eave_plane_group,0,1825a812-09d0-4407-9265-182a07053cfc::ridge-eave-candidate::plane-group::b94927d9d64b,134.620781,5.667163,6.995822,13,0.692614,0.927156,0.992555,5.667163,6.995822,0.0,25.120159,3,36.808198,1825a812-09d0-4407-9265-182a07053cfc::eave-chain::0:3,0.946902,0,0.912947,0.860988,strong,keep,False,"[""1825a812-09d0-4407-9265-182a07053cfc::eave-chain::0:2"", ""1825a812-09d0-4407-9265-182a07053cfc::eave-chain::0:3"", ""1825a812-09d0-4407-9265-182a07053cfc::eave-chain::0:6""]",36.808198,0.341675,0.653084,"[""building-part:158bf5abe19b32db139f""]","[""building-part:158bf5abe19b32db139f""]","[""building-part:158bf5abe19b32db139f"", ""building-part:9c6425c45dd5e622e5de""]",True,True,True
1900be91-8684-4316-98e2-c4fef6e6296f,1,candidate_oblique,0,1900be91-8684-4316-98e2-c4fef6e6296f::ceiling-oblique::ceiling-oblique:0,54.478619,260.595646,47.198866,12,0.710532,0.542783,0.997207,3.198139,1.182095,24.175733,17.745366,7,25.87492,1900be91-8684-4316-98e2-c4fef6e6296f::eave-chain::1:8,0.999654,0,0.803545,0.792211,strong,keep,False,"[""1900be91-8684-4316-98e2-c4fef6e6296f::eave-chain::1:0"", ""1900be91-8684-4316-98e2-c4fef6e6296f::eave-chain::1:1"", ""1900be91-8684-4316-98e2-c4fef6e6296f::eave-chain::1:2"", ""1900be91-8684-4316-98e2-c4fef6e6296f::eave-chain::1:4"", ""1900be91-8684-4316-98e2-c4fef6e6296f::eave-chain::1:5"", ""1900be91-8684-4316-98e2-c4fef6e6296f::eave-chain::1:6"", ""1900be91-8684-4316-98e2-c4fef6e6296f::eave-chain::1:8""]",25.87492,0.009006,0.0674,"[""building-part:b45e80c85979b94f386b"", ""building-part:dca993e070f5b685feef"", ""building-part:fa1d5d8d7eceb2e2ee49""]","[""building-part:b45e80c85979b94f386b"", ""building-part:dca993e070f5b685feef"", ""building-part:fa1d5d8d7eceb2e2ee49""]","[""building-part:b45e80c85979b94f386b"", ""building-part:dca993e070f5b685feef"", ""building-part:fa1d5d8d7eceb2e2ee49""]",False,True,True
1900be91-8684-4316-98e2-c4fef6e6296f,1,candidate_oblique,1,1900be91-8684-4316-98e2-c4fef6e6296f::ceiling-oblique::ceiling-oblique:1,25.227594,80.595661,39.030936,2,0.108379,0.428571,0.991573,0.000963,7.014263,0.0,2.688221,2,3.730034,1900be91-8684-4316-98e2-c4fef6e6296f::eave-chain::1:4,0.968091,0,0.646034,0.461792,medium,maybe,False,"[""1900be91-8684-4316-98e2-c4fef6e6296f::eave-chain::1:3"", ""1900be91-8684-4316-98e2-c4fef6e6296f::eave-chain::1:4""]",3.730034,0.002412,0.323905,"[""building-part:dca993e070f5b685feef"", ""building-part:fa1d5d8d7eceb2e2ee49""]","[""building-part:dca993e070f5b685feef"", ""building-part:fa1d5d8d7eceb2e2ee49""]","[""building-part:dca993e070f5b685feef"", ""building-part:fa1d5d8d7eceb2e2ee49""]",False,True,True
1900be91-8684-4316-98e2-c4fef6e6296f,0,candidate_oblique,2,1900be91-8684-4316-98e2-c4fef6e6296f::ceiling-oblique::ceiling-oblique:2,14.138534,349.353869,6.683731,1,0.999985,1.0,1.0,0.00017,0.000462,0.0,0.0,0,0.0,1900be91-8684-4316-98e2-c4fef6e6296f::eave-chain::0:12,0.399995,0,0.999997,0.799994,strong,keep,False,[],0.0,,,"[""building-part:a2bb39a386242393c96d"", ""building-part:c70598f5de045527318d""]","[""building-part:a2bb39a386242393c96d"", ""building-part:c70598f5de045527318d""]","[""building-part:a2bb39a386242393c96d"", ""building-part:c70598f5de045527318d""]",False,True,False
1900be91-8684-4316-98e2-c4fef6e6296f,1,committed_oblique,0,1900be91-8684-4316-98e2-c4fef6e6296f::roof-oblique::oblique:0,57.486208,260.594629,47.200959,12,0.674789,0.542783,0.997207,3.197122,1.182095,24.175733,10.328174,7,25.87492,1900be91-8684-4316-98e2-c4fef6e6296f::eave-chain::1:8,0.999713,0,0.796396,0.777914,strong,keep,False,"[""1900be91-8684-4316-98e2-c4fef6e6296f::eave-chain::1:0"", ""1900be91-8684-4316-98e2-c4fef6e6296f::eave-chain::1:1"", ""1900be91-8684-4316-98e2-c4fef6e6296f::eave-chain::1:2"", ""1900be91-8684-4316-98e2-c4fef6e6296f::eave-chain::1:4"", ""1900be91-8684-4316-98e2-c4fef6e6296f::eave-chain::1:5"", ""1900be91-8684-4316-98e2-c4fef6e6296f::eave-chain::1:6"", ""1900be91-8684-4316-98e2-c4fef6e6296f::eave-chain::1:8""]",25.87492,0.009006,0.067246,"[""building-part:b45e80c85979b94f386b"", ""building-part:dca993e070f5b685feef"", ""building-part:fa1d5d8d7eceb2e2ee49""]","[""building-part:b45e80c85979b94f386b"", ""building-part:dca993e070f5b685feef"", ""building-part:fa1d5d8d7eceb2e2ee49""]","[""building-part:b45e80c85979b94f386b"", ""building-part:dca993e070f5b685feef"", ""building-part:fa1d5d8d7eceb2e2ee49""]",False,True,True
1900be91-8684-4316-98e2-c4fef6e6296f,1,committed_oblique,1,1900be91-8684-4316-98e2-c4fef6e6296f::roof-oblique::oblique:1,28.349905,80.593757,39.034034,2,0.088619,0.428571,0.991576,0.002473,7.014263,0.0,3.730034,2,3.730034,1900be91-8684-4316-98e2-c4fef6e6296f::eave-chain::1:4,0.940553,0,0.642083,0.505979,medium,maybe,False,"[""1900be91-8684-4316-98e2-c4fef6e6296f::eave-chain::1:3"", ""1900be91-8684-4316-98e2-c4fef6e6296f::eave-chain::1:4""]",3.730034,0.002412,0.324007,"[""building-part:dca993e070f5b685feef"", ""building-part:fa1d5d8d7eceb2e2ee49""]","[""building-part:dca993e070f5b685feef"", ""building-part:fa1d5d8d7eceb2e2ee49""]","[""building-part:dca993e070f5b685feef"", ""building-part:fa1d5d8d7eceb2e2ee49""]",False,True,True
1900be91-8684-4316-98e2-c4fef6e6296f,0,ridge_eave_plane_group,0,1900be91-8684-4316-98e2-c4fef6e6296f::ridge-eave-candidate::plane-group::8b7c37d8663e,105.345544,260.595646,47.198631,5,0.518124,1.0,0.679459,99.404354,47.198631,0.0,16.848685,8,33.065003,1900be91-8684-4316-98e2-c4fef6e6296f::eave-chain::0:6,0.909519,0,0.743354,0.743142,medium,keep,False,"[""1900be91-8684-4316-98e2-c4fef6e6296f::eave-chain::0:0"", ""1900be91-8684-4316-98e2-c4fef6e6296f::eave-chain::0:11"", ""1900be91-8684-4316-98e2-c4fef6e6296f::eave-chain::0:13"", ""1900be91-8684-4316-98e2-c4fef6e6296f::eave-chain::0:2"", ""1900be91-8684-4316-98e2-c4fef6e6296f::eave-chain::0:4"", ""1900be91-8684-4316-98e2-c4fef6e6296f::eave-chain::0:6"", ""1900be91-8684-4316-98e2-c4fef6e6296f::eave-chain::0:7"", ""1900be91-8684-4316-98e2-c4fef6e6296f::eave-chain::0:9""]",33.065003,1.240957,2.895421,"[""building-part:b45e80c85979b94f386b"", ""building-part:dca993e070f5b685feef"", ""building-part:fa1d5d8d7eceb2e2ee49""]","[""building-part:b45e80c85979b94f386b"", ""building-part:dca993e070f5b685feef"", ""building-part:fa1d5d8d7eceb2e2ee49""]","[""building-part:14b0e0df131522e0d957"", ""building-part:5eac9002052030ae7de0"", ""building-part:ddf503d1dca8a59e628e""]",False,True,True
1900be91-8684-4316-98e2-c4fef6e6296f,0,ridge_eave_plane_group,1,1900be91-8684-4316-98e2-c4fef6e6296f::ridge-eave-candidate::plane-group::160ddc14a3e4,105.345544,80.595661,39.004817,5,0.518124,1.0,0.777093,80.595661,39.004817,0.0,16.848685,8,33.065003,1900be91-8684-4316-98e2-c4fef6e6296f::eave-chain::0:6,0.868269,0,0.792171,0.762668,strong,keep,False,"[""1900be91-8684-4316-98e2-c4fef6e6296f::eave-chain::0:0"", ""1900be91-8684-4316-98e2-c4fef6e6296f::eave-chain::0:11"", ""1900be91-8684-4316-98e2-c4fef6e6296f::eave-chain::0:13"", ""1900be91-8684-4316-98e2-c4fef6e6296f::eave-chain::0:2"", ""1900be91-8684-4316-98e2-c4fef6e6296f::eave-chain::0:4"", ""1900be91-8684-4316-98e2-c4fef6e6296f::eave-chain::0:6"", ""1900be91-8684-4316-98e2-c4fef6e6296f::eave-chain::0:7"", ""1900be91-8684-4316-98e2-c4fef6e6296f::eave-chain::0:9""]",33.065003,1.240972,5.241158,"[""building-part:dca993e070f5b685feef"", ""building-part:fa1d5d8d7eceb2e2ee49""]","[""building-part:dca993e070f5b685feef"", ""building-part:fa1d5d8d7eceb2e2ee49""]","[""building-part:5eac9002052030ae7de0"", ""building-part:ddf503d1dca8a59e628e""]",False,True,True
19459014-f39b-4bf6-945e-c5b50930dea3,1,candidate_oblique,0,19459014-f39b-4bf6-945e-c5b50930dea3::ceiling-oblique::ceiling-oblique:0,7.061568,185.75715,42.449425,2,0.942816,0.606061,0.999824,0.733638,0.910768,0.0,6.980229,2,6.980229,19459014-f39b-4bf6-945e-c5b50930dea3::eave-chain::1:1,0.978279,0,0.870293,0.898303,strong,keep,False,"[""19459014-f39b-4bf6-945e-c5b50930dea3::eave-chain::1:0"", ""19459014-f39b-4bf6-945e-c5b50930dea3::eave-chain::1:1""]",6.980229,1.588309,0.029436,"[""building-part:c17fcf067bf3756ad927""]","[""building-part:c17fcf067bf3756ad927""]","[""building-part:c17fcf067bf3756ad927""]",False,True,True
19459014-f39b-4bf6-945e-c5b50930dea3,1,candidate_oblique,1,19459014-f39b-4bf6-945e-c5b50930dea3::ceiling-oblique::ceiling-oblique:1,8.708564,5.757144,43.349345,3,0.716166,0.814815,0.999927,1.005808,0.444299,8.822542,2.864353,4,8.155843,19459014-f39b-4bf6-945e-c5b50930dea3::eave-chain::1:6,0.980745,0,0.887641,0.849415,strong,keep,False,"[""19459014-f39b-4bf6-945e-c5b50930dea3::eave-chain::1:2"", ""19459014-f39b-4bf6-945e-c5b50930dea3::eave-chain::1:3"", ""19459014-f39b-4bf6-945e-c5b50930dea3::eave-chain::1:5"", ""19459014-f39b-4bf6-945e-c5b50930dea3::eave-chain::1:6""]",8.155843,0.239843,0.043212,"[""building-part:c17fcf067bf3756ad927""]","[""building-part:c17fcf067bf3756ad927""]","[""building-part:c17fcf067bf3756ad927""]",False,True,True
19459014-f39b-4bf6-945e-c5b50930dea3,1,committed_oblique,0,19459014-f39b-4bf6-945e-c5b50930dea3::roof-oblique::oblique:0,27.889768,185.761999,42.448991,2,0.235564,0.606061,0.999824,0.733638,0.911202,0.0,6.980229,2,6.980229,19459014-f39b-4bf6-945e-c5b50930dea3::eave-chain::1:1,0.982257,0,0.728843,0.615403,medium,maybe,False,"[""19459014-f39b-4bf6-945e-c5b50930dea3::eave-chain::1:0"", ""19459014-f39b-4bf6-945e-c5b50930dea3::eave-chain::1:1""]",6.980229,1.588309,0.029528,"[""building-part:c17fcf067bf3756ad927""]","[""building-part:c17fcf067bf3756ad927""]","[""building-part:c17fcf067bf3756ad927""]",False,True,True
19459014-f39b-4bf6-945e-c5b50930dea3,1,committed_oblique,1,19459014-f39b-4bf6-945e-c5b50930dea3::roof-oblique::oblique:1,24.057781,5.760279,43.345484,4,0.451327,0.833333,0.863578,3.381476,21.89296,8.822542,8.155843,4,8.155843,19459014-f39b-4bf6-945e-c5b50930dea3::eave-chain::1:6,0.980783,0,0.772054,0.719913,strong,keep,False,"[""19459014-f39b-4bf6-945e-c5b50930dea3::eave-chain::1:2"", ""19459014-f39b-4bf6-945e-c5b50930dea3::eave-chain::1:3"", ""19459014-f39b-4bf6-945e-c5b50930dea3::eave-chain::1:5"", ""19459014-f39b-4bf6-945e-c5b50930dea3::eave-chain::1:6""]",8.155843,0.239843,0.043142,"[""building-part:c17fcf067bf3756ad927""]","[""building-part:c17fcf067bf3756ad927""]","[""building-part:c17fcf067bf3756ad927""]",False,True,True
19459014-f39b-4bf6-945e-c5b50930dea3,0,ridge_eave_plane_group,0,19459014-f39b-4bf6-945e-c5b50930dea3::ridge-eave-candidate::plane-group::61405a63fe1f,129.962385,185.757148,42.802333,5,0.614597,1.0,0.733702,174.242852,42.802333,0.0,13.23053,5,21.021972,19459014-f39b-4bf6-945e-c5b50930dea3::eave-chain::0:7,0.874168,0,0.78977,0.792579,strong,keep,False,"[""19459014-f39b-4bf6-945e-c5b50930dea3::eave-chain::0:0"", ""19459014-f39b-4bf6-945e-c5b50930dea3::eave-chain::0:2"", ""19459014-f39b-4bf6-945e-c5b50930dea3::eave-chain::0:5"", ""19459014-f39b-4bf6-945e-c5b50930dea3::eave-chain::0:7"", ""19459014-f39b-4bf6-945e-c5b50930dea3::eave-chain::0:9""]",21.021972,0.970963,4.825499,"[""building-part:c17fcf067bf3756ad927""]","[""building-part:c17fcf067bf3756ad927""]","[""building-part:3f070c33d0aace69e271"", ""building-part:7d47ec82ca1644f6037a""]",False,True,True
19459014-f39b-4bf6-945e-c5b50930dea3,0,ridge_eave_plane_group,1,19459014-f39b-4bf6-945e-c5b50930dea3::ridge-eave-candidate::plane-group::37544bb7c4a7,129.962385,5.757145,43.349341,5,0.614597,1.0,0.727182,5.757145,43.349341,0.0,13.23053,5,21.021972,19459014-f39b-4bf6-945e-c5b50930dea3::eave-chain::0:7,0.874168,0,0.78651,0.791275,strong,keep,False,"[""19459014-f39b-4bf6-945e-c5b50930dea3::eave-chain::0:0"", ""19459014-f39b-4bf6-945e-c5b50930dea3::eave-chain::0:2"", ""19459014-f39b-4bf6-945e-c5b50930dea3::eave-chain::0:5"", ""19459014-f39b-4bf6-945e-c5b50930dea3::eave-chain::0:7"", ""19459014-f39b-4bf6-945e-c5b50930dea3::eave-chain::0:9""]",21.021972,0.970966,3.658353,"[""building-part:c17fcf067bf3756ad927""]","[""building-part:c17fcf067bf3756ad927""]","[""building-part:3f070c33d0aace69e271"", ""building-part:7d47ec82ca1644f6037a""]",False,True,True
1d26eda3-c927-4cdf-a3b0-218036828a55,1,candidate_oblique,0,1d26eda3-c927-4cdf-a3b0-218036828a55::ceiling-oblique::ceiling-oblique:0,11.332219,300.892407,46.73809,3,0.890011,0.639189,0.999854,1.328999,0.14893,0.0,15.086624,4,18.708363,1d26eda3-c927-4cdf-a3b0-218036828a55::eave-chain::1:3,0.968616,2,0.869686,0.783813,strong,keep,True,"[""1d26eda3-c927-4cdf-a3b0-218036828a55::eave-chain::1:0"", ""1d26eda3-c927-4cdf-a3b0-218036828a55::eave-chain::1:1"", ""1d26eda3-c927-4cdf-a3b0-218036828a55::eave-chain::1:2"", ""1d26eda3-c927-4cdf-a3b0-218036828a55::eave-chain::1:3""]",18.708363,0.675731,1.165486,"[""building-part:177b1058d2fdac8131a1"", ""building-part:245cba5977b30b266cda"", ""building-part:5984b621d13ab7c0444a"", ""building-part:cb0814962fffa1a510ee""]","[""building-part:177b1058d2fdac8131a1"", ""building-part:245cba5977b30b266cda"", ""building-part:5984b621d13ab7c0444a"", ""building-part:cb0814962fffa1a510ee""]","[""building-part:177b1058d2fdac8131a1"", ""building-part:245cba5977b30b266cda"", ""building-part:5984b621d13ab7c0444a"", ""building-part:cb0814962fffa1a510ee""]",True,True,True
1d26eda3-c927-4cdf-a3b0-218036828a55,1,candidate_oblique,1,1d26eda3-c927-4cdf-a3b0-218036828a55::ceiling-oblique::ceiling-oblique:1,12.389765,30.523812,50.713212,3,0.661628,0.825,0.958123,0.908895,16.63945,9.866287,10.49161,5,21.576076,1d26eda3-c927-4cdf-a3b0-218036828a55::eave-chain::1:7,0.997268,0,0.858887,0.821276,strong,keep,False,"[""1d26eda3-c927-4cdf-a3b0-218036828a55::eave-chain::1:4"", ""1d26eda3-c927-4cdf-a3b0-218036828a55::eave-chain::1:5"", ""1d26eda3-c927-4cdf-a3b0-218036828a55::eave-chain::1:6"", ""1d26eda3-c927-4cdf-a3b0-218036828a55::eave-chain::1:7"", ""1d26eda3-c927-4cdf-a3b0-218036828a55::eave-chain::1:9""]",21.576076,0.232727,0.065396,"[""building-part:177b1058d2fdac8131a1"", ""building-part:5984b621d13ab7c0444a"", ""building-part:cb0814962fffa1a510ee""]","[""building-part:177b1058d2fdac8131a1"", ""building-part:5984b621d13ab7c0444a"", ""building-part:cb0814962fffa1a510ee""]","[""building-part:177b1058d2fdac8131a1"", ""building-part:5984b621d13ab7c0444a"", ""building-part:cb0814962fffa1a510ee""]",True,True,True
1d26eda3-c927-4cdf-a3b0-218036828a55,1,candidate_oblique,2,1d26eda3-c927-4cdf-a3b0-218036828a55::ceiling-oblique::ceiling-oblique:2,10.283923,210.618315,51.708647,4,0.710562,0.706349,0.997503,3.291256,2.609943,9.863569,4.931654,2,14.606615,1d26eda3-c927-4cdf-a3b0-218036828a55::eave-chain::1:9,0.99324,0,0.852769,0.824995,strong,keep,False,"[""1d26eda3-c927-4cdf-a3b0-218036828a55::eave-chain::1:7"", ""1d26eda3-c927-4cdf-a3b0-218036828a55::eave-chain::1:9""]",14.606615,0.15371,1.89293,"[""building-part:177b1058d2fdac8131a1"", ""building-part:cb0814962fffa1a510ee""]","[""building-part:177b1058d2fdac8131a1"", ""building-part:cb0814962fffa1a510ee""]","[""building-part:177b1058d2fdac8131a1"", ""building-part:cb0814962fffa1a510ee""]",False,True,False
1d26eda3-c927-4cdf-a3b0-218036828a55,1,committed_oblique,0,1d26eda3-c927-4cdf-a3b0-218036828a55::roof-oblique::oblique:0,18.811813,300.889313,46.747819,3,0.673054,0.639189,0.999855,1.325905,0.139201,0.0,0.481526,4,18.708363,1d26eda3-c927-4cdf-a3b0-218036828a55::eave-chain::1:3,0.968579,2,0.826295,0.521107,strong,maybe,True,"[""1d26eda3-c927-4cdf-a3b0-218036828a55::eave-chain::1:0"", ""1d26eda3-c927-4cdf-a3b0-218036828a55::eave-chain::1:1"", ""1d26eda3-c927-4cdf-a3b0-218036828a55::eave-chain::1:2"", ""1d26eda3-c927-4cdf-a3b0-218036828a55::eave-chain::1:3""]",18.708363,0.675731,1.166162,"[""building-part:5984b621d13ab7c0444a""]","[""building-part:5984b621d13ab7c0444a""]","[""building-part:177b1058d2fdac8131a1"", ""building-part:245cba5977b30b266cda"", ""building-part:5984b621d13ab7c0444a"", ""building-part:cb0814962fffa1a510ee""]",True,True,True
1d26eda3-c927-4cdf-a3b0-218036828a55,1,committed_oblique,1,1d26eda3-c927-4cdf-a3b0-218036828a55::roof-oblique::oblique:1,16.102546,30.523243,50.71085,3,0.617647,0.825,0.958111,0.908325,16.641812,9.866287,10.49161,5,21.576076,1d26eda3-c927-4cdf-a3b0-218036828a55::eave-chain::1:7,0.997197,0,0.850085,0.803681,strong,keep,False,"[""1d26eda3-c927-4cdf-a3b0-218036828a55::eave-chain::1:4"", ""1d26eda3-c927-4cdf-a3b0-218036828a55::eave-chain::1:5"", ""1d26eda3-c927-4cdf-a3b0-218036828a55::eave-chain::1:6"", ""1d26eda3-c927-4cdf-a3b0-218036828a55::eave-chain::1:7"", ""1d26eda3-c927-4cdf-a3b0-218036828a55::eave-chain::1:9""]",21.576076,0.232727,0.065287,"[""building-part:177b1058d2fdac8131a1""]","[""building-part:177b1058d2fdac8131a1""]","[""building-part:177b1058d2fdac8131a1"", ""building-part:5984b621d13ab7c0444a"", ""building-part:cb0814962fffa1a510ee""]",False,True,True
1d26eda3-c927-4cdf-a3b0-218036828a55,1,committed_oblique,2,1d26eda3-c927-4cdf-a3b0-218036828a55::roof-oblique::oblique:2,12.187345,210.620496,51.712554,4,0.698081,0.706349,0.997505,3.291256,2.606036,9.863569,4.931654,2,14.606615,1d26eda3-c927-4cdf-a3b0-218036828a55::eave-chain::1:9,0.993211,0,0.850274,0.820003,strong,keep,False,"[""1d26eda3-c927-4cdf-a3b0-218036828a55::eave-chain::1:7"", ""1d26eda3-c927-4cdf-a3b0-218036828a55::eave-chain::1:9""]",14.606615,0.15371,1.893124,"[""building-part:177b1058d2fdac8131a1"", ""building-part:cb0814962fffa1a510ee""]","[""building-part:177b1058d2fdac8131a1"", ""building-part:cb0814962fffa1a510ee""]","[""building-part:177b1058d2fdac8131a1"", ""building-part:5984b621d13ab7c0444a"", ""building-part:cb0814962fffa1a510ee""]",False,True,True
1d26eda3-c927-4cdf-a3b0-218036828a55,1,ridge_eave_plane_group,0,1d26eda3-c927-4cdf-a3b0-218036828a55::ridge-eave-candidate::plane-group::52626e7cfa25,122.496786,120.618302,47.1677,13,0.682476,0.712349,0.418039,91.003385,5.424332,0.0,2.292395,4,18.708363,1d26eda3-c927-4cdf-a3b0-218036828a55::eave-chain::1:0,0.985383,2,0.559219,0.513688,medium,maybe,True,"[""1d26eda3-c927-4cdf-a3b0-218036828a55::eave-chain::1:0"", ""1d26eda3-c927-4cdf-a3b0-218036828a55::eave-chain::1:1"", ""1d26eda3-c927-4cdf-a3b0-218036828a55::eave-chain::1:2"", ""1d26eda3-c927-4cdf-a3b0-218036828a55::eave-chain::1:3""]",18.708363,0.401626,1.223886,"[""building-part:5984b621d13ab7c0444a""]","[""building-part:5984b621d13ab7c0444a""]","[""building-part:0350e1c01cdca7d63067"", ""building-part:177b1058d2fdac8131a1"", ""building-part:245cba5977b30b266cda"", ""building-part:5984b621d13ab7c0444a"", ""building-part:cb0814962fffa1a510ee""]",True,True,True
1d26eda3-c927-4cdf-a3b0-218036828a55,1,ridge_eave_plane_group,1,1d26eda3-c927-4cdf-a3b0-218036828a55::ridge-eave-candidate::plane-group::87c57304f37c,122.496786,300.898213,46.736591,13,0.682476,0.712349,0.459405,88.716705,5.855441,0.0,2.292395,4,18.708363,1d26eda3-c927-4cdf-a3b0-218036828a55::eave-chain::1:3,0.963246,2,0.579902,0.521961,medium,maybe,True,"[""1d26eda3-c927-4cdf-a3b0-218036828a55::eave-chain::1:0"", ""1d26eda3-c927-4cdf-a3b0-218036828a55::eave-chain::1:1"", ""1d26eda3-c927-4cdf-a3b0-218036828a55::eave-chain::1:2"", ""1d26eda3-c927-4cdf-a3b0-218036828a55::eave-chain::1:3""]",18.708363,0.681537,1.186417,"[""building-part:177b1058d2fdac8131a1"", ""building-part:5984b621d13ab7c0444a"", ""building-part:cb0814962fffa1a510ee""]","[""building-part:177b1058d2fdac8131a1"", ""building-part:5984b621d13ab7c0444a"", ""building-part:cb0814962fffa1a510ee""]","[""building-part:0350e1c01cdca7d63067"", ""building-part:177b1058d2fdac8131a1"", ""building-part:245cba5977b30b266cda"", ""building-part:5984b621d13ab7c0444a"", ""building-part:cb0814962fffa1a510ee""]",True,True,True
1d26eda3-c927-4cdf-a3b0-218036828a55,1,ridge_eave_plane_group,2,1d26eda3-c927-4cdf-a3b0-218036828a55::ridge-eave-candidate::plane-group::913bdfcd43d0,122.496786,30.523819,50.713087,13,0.682476,0.712349,0.633204,89.607217,5.332061,0.0,12.247904,5,21.576076,1d26eda3-c927-4cdf-a3b0-218036828a55::eave-chain::1:4,0.971506,2,0.666802,0.642101,medium,maybe,True,"[""1d26eda3-c927-4cdf-a3b0-218036828a55::eave-chain::1:4"", ""1d26eda3-c927-4cdf-a3b0-218036828a55::eave-chain::1:5"", ""1d26eda3-c927-4cdf-a3b0-218036828a55::eave-chain::1:6"", ""1d26eda3-c927-4cdf-a3b0-218036828a55::eave-chain::1:7"", ""1d26eda3-c927-4cdf-a3b0-218036828a55::eave-chain::1:9""]",21.576076,0.23272,0.064194,"[""building-part:177b1058d2fdac8131a1"", ""building-part:5984b621d13ab7c0444a"", ""building-part:cb0814962fffa1a510ee""]","[""building-part:177b1058d2fdac8131a1"", ""building-part:5984b621d13ab7c0444a"", ""building-part:cb0814962fffa1a510ee""]","[""building-part:0350e1c01cdca7d63067"", ""building-part:177b1058d2fdac8131a1"", ""building-part:245cba5977b30b266cda"", ""building-part:5984b621d13ab7c0444a"", ""building-part:cb0814962fffa1a510ee""]",True,True,True
1d26eda3-c927-4cdf-a3b0-218036828a55,1,ridge_eave_plane_group,3,1d26eda3-c927-4cdf-a3b0-218036828a55::ridge-eave-candidate::plane-group::9bb529c0a9ef,122.496786,210.618315,51.708568,13,0.682476,0.712349,0.619662,90.298287,5.095382,0.0,12.247904,5,21.576076,1d26eda3-c927-4cdf-a3b0-218036828a55::eave-chain::1:4,0.880841,2,0.660031,0.639392,medium,maybe,True,"[""1d26eda3-c927-4cdf-a3b0-218036828a55::eave-chain::1:4"", ""1d26eda3-c927-4cdf-a3b0-218036828a55::eave-chain::1:5"", ""1d26eda3-c927-4cdf-a3b0-218036828a55::eave-chain::1:6"", ""1d26eda3-c927-4cdf-a3b0-218036828a55::eave-chain::1:7"", ""1d26eda3-c927-4cdf-a3b0-218036828a55::eave-chain::1:9""]",21.576076,0.255395,1.793879,"[""building-part:177b1058d2fdac8131a1"", ""building-part:cb0814962fffa1a510ee""]","[""building-part:177b1058d2fdac8131a1"", ""building-part:cb0814962fffa1a510ee""]","[""building-part:0350e1c01cdca7d63067"", ""building-part:177b1058d2fdac8131a1"", ""building-part:245cba5977b30b266cda"", ""building-part:5984b621d13ab7c0444a"", ""building-part:cb0814962fffa1a510ee""]",False,True,True
1f03f6e0-dfe6-4b25-bb45-f44ad146c0a3,1,candidate_oblique,0,1f03f6e0-dfe6-4b25-bb45-f44ad146c0a3::ceiling-oblique::ceiling-oblique:0,21.463417,241.425497,46.401025,8,0.551087,0.604942,0.824017,34.173191,29.201349,6.351896,0.0,2,11.949323,1f03f6e0-dfe6-4b25-bb45-f44ad146c0a3::eave-chain::1:2,0.791372,2,0.703708,0.606227,medium,maybe,True,"[""1f03f6e0-dfe6-4b25-bb45-f44ad146c0a3::eave-chain::1:0"", ""1f03f6e0-dfe6-4b25-bb45-f44ad146c0a3::eave-chain::1:2""]",11.949323,0.733802,2.270756,"[""building-part:0138a090f347914574e7"", ""building-part:11be248e00fdfb5d57bb"", ""building-part:6b7f01f55a828206e4f4""]","[""building-part:0138a090f347914574e7"", ""building-part:11be248e00fdfb5d57bb"", ""building-part:6b7f01f55a828206e4f4""]","[""building-part:0138a090f347914574e7"", ""building-part:6b7f01f55a828206e4f4""]",True,True,True
1f03f6e0-dfe6-4b25-bb45-f44ad146c0a3,1,candidate_oblique,1,1f03f6e0-dfe6-4b25-bb45-f44ad146c0a3::ceiling-oblique::ceiling-oblique:1,20.632608,61.425497,46.909318,8,0.797152,0.241135,0.989092,3.81113,0.881598,6.351896,9.221819,2,11.949323,1f03f6e0-dfe6-4b25-bb45-f44ad146c0a3::eave-chain::1:0,0.937877,0,0.726317,0.764906,medium,keep,False,"[""1f03f6e0-dfe6-4b25-bb45-f44ad146c0a3::eave-chain::1:0"", ""1f03f6e0-dfe6-4b25-bb45-f44ad146c0a3::eave-chain::1:2""]",11.949323,0.733802,2.333855,"[""building-part:0138a090f347914574e7"", ""building-part:11be248e00fdfb5d57bb"", ""building-part:6b7f01f55a828206e4f4""]","[""building-part:0138a090f347914574e7"", ""building-part:11be248e00fdfb5d57bb"", ""building-part:6b7f01f55a828206e4f4""]","[""building-part:0138a090f347914574e7"", ""building-part:6b7f01f55a828206e4f4""]",True,True,True
1f03f6e0-dfe6-4b25-bb45-f44ad146c0a3,1,candidate_oblique,2,1f03f6e0-dfe6-4b25-bb45-f44ad146c0a3::ceiling-oblique::ceiling-oblique:2,36.492249,149.788604,49.574979,9,0.635615,0.874214,0.648452,30.211396,3.162022,18.375693,9.183381,2,21.38422,1f03f6e0-dfe6-4b25-bb45-f44ad146c0a3::eave-chain::1:4,0.955837,0,0.713613,0.758779,medium,keep,False,"[""1f03f6e0-dfe6-4b25-bb45-f44ad146c0a3::eave-chain::1:3"", ""1f03f6e0-dfe6-4b25-bb45-f44ad146c0a3::eave-chain::1:4""]",21.38422,0.263962,2.902129,"[""building-part:11be248e00fdfb5d57bb"", ""building-part:1fc76aa23982ace8ba21"", ""building-part:6b7f01f55a828206e4f4"", ""building-part:dca65e5df6649e95eec1"", ""building-part:e520572fa0171692868f""]","[""building-part:11be248e00fdfb5d57bb"", ""building-part:1fc76aa23982ace8ba21"", ""building-part:6b7f01f55a828206e4f4"", ""building-part:dca65e5df6649e95eec1"", ""building-part:e520572fa0171692868f""]","[""building-part:11be248e00fdfb5d57bb"", ""building-part:1fc76aa23982ace8ba21"", ""building-part:6b7f01f55a828206e4f4"", ""building-part:dca65e5df6649e95eec1"", ""building-part:e520572fa0171692868f""]",False,True,False
1f03f6e0-dfe6-4b25-bb45-f44ad146c0a3,1,candidate_oblique,3,1f03f6e0-dfe6-4b25-bb45-f44ad146c0a3::ceiling-oblique::ceiling-oblique:3,52.838645,330.004693,47.75247,7,0.659424,0.757412,0.999709,0.438251,1.283236,18.370573,0.0,3,22.516499,1f03f6e0-dfe6-4b25-bb45-f44ad146c0a3::eave-chain::1:1,0.97429,0,0.858963,0.815194,strong,keep,False,"[""1f03f6e0-dfe6-4b25-bb45-f44ad146c0a3::eave-chain::1:1"", ""1f03f6e0-dfe6-4b25-bb45-f44ad146c0a3::eave-chain::1:3"", ""1f03f6e0-dfe6-4b25-bb45-f44ad146c0a3::eave-chain::1:4""]",22.516499,0.292569,0.016812,"[""building-part:11be248e00fdfb5d57bb"", ""building-part:6b7f01f55a828206e4f4"", ""building-part:dca65e5df6649e95eec1"", ""building-part:e520572fa0171692868f""]","[""building-part:11be248e00fdfb5d57bb"", ""building-part:6b7f01f55a828206e4f4"", ""building-part:dca65e5df6649e95eec1"", ""building-part:e520572fa0171692868f""]","[""building-part:11be248e00fdfb5d57bb"", ""building-part:6b7f01f55a828206e4f4"", ""building-part:dca65e5df6649e95eec1"", ""building-part:e520572fa0171692868f""]",False,True,False
1f03f6e0-dfe6-4b25-bb45-f44ad146c0a3,1,candidate_oblique,4,1f03f6e0-dfe6-4b25-bb45-f44ad146c0a3::ceiling-oblique::ceiling-oblique:4,35.228903,238.635133,47.96857,5,0.238483,0.536435,0.669538,58.635133,12.190906,0.0,0.0,3,13.267643,1f03f6e0-dfe6-4b25-bb45-f44ad146c0a3::eave-chain::1:9,0.989884,0,0.543396,0.336588,weak,drop_candidate,False,"[""1f03f6e0-dfe6-4b25-bb45-f44ad146c0a3::eave-chain::1:6"", ""1f03f6e0-dfe6-4b25-bb45-f44ad146c0a3::eave-chain::1:8"", ""1f03f6e0-dfe6-4b25-bb45-f44ad146c0a3::eave-chain::1:9""]",13.267643,0.11367,0.749937,"[""building-part:1fc76aa23982ace8ba21"", ""building-part:e520572fa0171692868f""]","[""building-part:1fc76aa23982ace8ba21"", ""building-part:e520572fa0171692868f""]","[""building-part:1fc76aa23982ace8ba21"", ""building-part:e520572fa0171692868f""]",False,True,False
1f03f6e0-dfe6-4b25-bb45-f44ad146c0a3,1,candidate_oblique,5,1f03f6e0-dfe6-4b25-bb45-f44ad146c0a3::ceiling-oblique::ceiling-oblique:5,27.165167,58.842994,45.12197,6,0.78148,0.695806,0.998585,1.023723,2.989979,5.507231,9.836641,3,13.267693,1f03f6e0-dfe6-4b25-bb45-f44ad146c0a3::eave-chain::1:8,0.964666,0,0.86433,0.85147,strong,keep,False,"[""1f03f6e0-dfe6-4b25-bb45-f44ad146c0a3::eave-chain::1:7"", ""1f03f6e0-dfe6-4b25-bb45-f44ad146c0a3::eave-chain::1:8"", ""1f03f6e0-dfe6-4b25-bb45-f44ad146c0a3::eave-chain::1:9""]",13.267693,0.168462,0.127201,"[""building-part:1fc76aa23982ace8ba21"", ""building-part:e520572fa0171692868f""]","[""building-part:1fc76aa23982ace8ba21"", ""building-part:e520572fa0171692868f""]","[""building-part:1fc76aa23982ace8ba21"", ""building-part:e520572fa0171692868f""]",False,True,False
1f03f6e0-dfe6-4b25-bb45-f44ad146c0a3,1,candidate_oblique,6,1f03f6e0-dfe6-4b25-bb45-f44ad146c0a3::ceiling-oblique::ceiling-oblique:6,22.754615,20.872973,43.924062,7,0.870611,0.847635,0.72026,159.127027,39.379415,1.990792,2.132414,5,24.750728,1f03f6e0-dfe6-4b25-bb45-f44ad146c0a3::eave-chain::1:24,0.98669,1,0.788542,0.811823,strong,keep,True,"[""1f03f6e0-dfe6-4b25-bb45-f44ad146c0a3::eave-chain::1:15"", ""1f03f6e0-dfe6-4b25-bb45-f44ad146c0a3::eave-chain::1:21"", ""1f03f6e0-dfe6-4b25-bb45-f44ad146c0a3::eave-chain::1:24"", ""1f03f6e0-dfe6-4b25-bb45-f44ad146c0a3::eave-chain::1:25"", ""1f03f6e0-dfe6-4b25-bb45-f44ad146c0a3::eave-chain::1:27""]",24.750728,0.739666,2.350318,"[""building-part:0138a090f347914574e7"", ""building-part:56e3813b57ed2c646472"", ""building-part:6b7f01f55a828206e4f4"", ""building-part:770d0a078a4a708fceef""]","[""building-part:0138a090f347914574e7"", ""building-part:56e3813b57ed2c646472"", ""building-part:6b7f01f55a828206e4f4"", ""building-part:770d0a078a4a708fceef""]","[""building-part:0138a090f347914574e7"", ""building-part:56e3813b57ed2c646472"", ""building-part:6b7f01f55a828206e4f4"", ""building-part:770d0a078a4a708fceef""]",True,True,True
1f03f6e0-dfe6-4b25-bb45-f44ad146c0a3,1,committed_oblique,0,1f03f6e0-dfe6-4b25-bb45-f44ad146c0a3::roof-oblique::oblique:0,25.204905,149.788383,49.57536,8,0.529188,0.69121,0.55822,91.101983,4.953763,5.570776,5.558484,2,21.38422,1f03f6e0-dfe6-4b25-bb45-f44ad146c0a3::eave-chain::1:4,0.782202,0,0.592311,0.661561,medium,keep,False,"[""1f03f6e0-dfe6-4b25-bb45-f44ad146c0a3::eave-chain::1:3"", ""1f03f6e0-dfe6-4b25-bb45-f44ad146c0a3::eave-chain::1:4""]",21.38422,0.263962,2.902171,"[""building-part:1fc76aa23982ace8ba21"", ""building-part:dca65e5df6649e95eec1"", ""building-part:e520572fa0171692868f""]","[""building-part:1fc76aa23982ace8ba21"", ""building-part:dca65e5df6649e95eec1"", ""building-part:e520572fa0171692868f""]","[""building-part:1fc76aa23982ace8ba21"", ""building-part:dca65e5df6649e95eec1"", ""building-part:e520572fa0171692868f""]",False,True,False
1f03f6e0-dfe6-4b25-bb45-f44ad146c0a3,1,committed_oblique,1,1f03f6e0-dfe6-4b25-bb45-f44ad146c0a3::roof-oblique::oblique:1,42.619863,330.00511,47.753551,9,0.663742,0.76271,0.974746,1.059826,1.789518,11.120686,10.584662,4,24.525204,1f03f6e0-dfe6-4b25-bb45-f44ad146c0a3::eave-chain::1:1,0.974274,0,0.848934,0.812988,strong,keep,False,"[""1f03f6e0-dfe6-4b25-bb45-f44ad146c0a3::eave-chain::1:1"", ""1f03f6e0-dfe6-4b25-bb45-f44ad146c0a3::eave-chain::1:3"", ""1f03f6e0-dfe6-4b25-bb45-f44ad146c0a3::eave-chain::1:4"", ""1f03f6e0-dfe6-4b25-bb45-f44ad146c0a3::eave-chain::1:5""]",24.525204,0.263962,1.166293,"[""building-part:dca65e5df6649e95eec1"", ""building-part:e520572fa0171692868f""]","[""building-part:dca65e5df6649e95eec1"", ""building-part:e520572fa0171692868f""]","[""building-part:11be248e00fdfb5d57bb"", ""building-part:1fc76aa23982ace8ba21"", ""building-part:6b7f01f55a828206e4f4"", ""building-part:dca65e5df6649e95eec1"", ""building-part:e520572fa0171692868f""]",False,True,True
1f03f6e0-dfe6-4b25-bb45-f44ad146c0a3,1,ridge_eave_plane_group,0,1f03f6e0-dfe6-4b25-bb45-f44ad146c0a3::ridge-eave-candidate::plane-group::3b53b0d942f4,408.356087,241.42467,46.400207,58,0.811826,0.688665,0.688146,89.200408,6.730457,18.3928,24.802059,8,30.734644,1f03f6e0-dfe6-4b25-bb45-f44ad146c0a3::eave-chain::1:2,0.9828,4,0.713038,0.650093,medium,keep,True,"[""1f03f6e0-dfe6-4b25-bb45-f44ad146c0a3::eave-chain::1:0"", ""1f03f6e0-dfe6-4b25-bb45-f44ad146c0a3::eave-chain::1:16"", ""1f03f6e0-dfe6-4b25-bb45-f44ad146c0a3::eave-chain::1:2"", ""1f03f6e0-dfe6-4b25-bb45-f44ad146c0a3::eave-chain::1:28"", ""1f03f6e0-dfe6-4b25-bb45-f44ad146c0a3::eave-chain::1:6"", ""1f03f6e0-dfe6-4b25-bb45-f44ad146c0a3::eave-chain::1:7"", ""1f03f6e0-dfe6-4b25-bb45-f44ad146c0a3::eave-chain::1:8"", ""1f03f6e0-dfe6-4b25-bb45-f44ad146c0a3::eave-chain::1:9""]",30.734644,1.514668,15.518567,"[""building-part:0138a090f347914574e7"", ""building-part:11be248e00fdfb5d57bb"", ""building-part:6b7f01f55a828206e4f4""]","[""building-part:0138a090f347914574e7"", ""building-part:11be248e00fdfb5d57bb"", ""building-part:6b7f01f55a828206e4f4""]","[""building-part:0138a090f347914574e7"", ""building-part:11be248e00fdfb5d57bb"", ""building-part:1fc76aa23982ace8ba21"", ""building-part:56e3813b57ed2c646472"", ""building-part:6b7f01f55a828206e4f4"", ""building-part:dca65e5df6649e95eec1"", ""building-part:e520572fa0171692868f""]",True,True,True
1f03f6e0-dfe6-4b25-bb45-f44ad146c0a3,1,ridge_eave_plane_group,1,1f03f6e0-dfe6-4b25-bb45-f44ad146c0a3::ridge-eave-candidate::plane-group::b99934db25c8,408.355933,61.427992,46.908505,58,0.811827,0.688665,0.683165,90.802914,7.238755,18.3928,24.802059,8,30.734644,1f03f6e0-dfe6-4b25-bb45-f44ad146c0a3::eave-chain::1:0,0.968455,4,0.710547,0.649097,medium,maybe,True,"[""1f03f6e0-dfe6-4b25-bb45-f44ad146c0a3::eave-chain::1:0"", ""1f03f6e0-dfe6-4b25-bb45-f44ad146c0a3::eave-chain::1:16"", ""1f03f6e0-dfe6-4b25-bb45-f44ad146c0a3::eave-chain::1:2"", ""1f03f6e0-dfe6-4b25-bb45-f44ad146c0a3::eave-chain::1:28"", ""1f03f6e0-dfe6-4b25-bb45-f44ad146c0a3::eave-chain::1:6"", ""1f03f6e0-dfe6-4b25-bb45-f44ad146c0a3::eave-chain::1:7"", ""1f03f6e0-dfe6-4b25-bb45-f44ad146c0a3::eave-chain::1:8"", ""1f03f6e0-dfe6-4b25-bb45-f44ad146c0a3::eave-chain::1:9""]",30.734644,1.51799,13.303997,"[""building-part:0138a090f347914574e7"", ""building-part:11be248e00fdfb5d57bb"", ""building-part:6b7f01f55a828206e4f4""]","[""building-part:0138a090f347914574e7"", ""building-part:11be248e00fdfb5d57bb"", ""building-part:6b7f01f55a828206e4f4""]","[""building-part:0138a090f347914574e7"", ""building-part:11be248e00fdfb5d57bb"", ""building-part:1fc76aa23982ace8ba21"", ""building-part:56e3813b57ed2c646472"", ""building-part:6b7f01f55a828206e4f4"", ""building-part:770d0a078a4a708fceef"", ""building-part:dca65e5df6649e95eec1"", ""building-part:e520572fa0171692868f""]",True,True,True
1f03f6e0-dfe6-4b25-bb45-f44ad146c0a3,1,ridge_eave_plane_group,2,1f03f6e0-dfe6-4b25-bb45-f44ad146c0a3::ridge-eave-candidate::plane-group::d7734da02f9c,408.356041,331.731441,47.292895,58,0.811826,0.688665,0.634074,90.000597,7.623145,42.707427,25.329296,6,31.296971,1f03f6e0-dfe6-4b25-bb45-f44ad146c0a3::eave-chain::1:1,0.875461,4,0.686002,0.639278,medium,maybe,True,"[""1f03f6e0-dfe6-4b25-bb45-f44ad146c0a3::eave-chain::1:1"", ""1f03f6e0-dfe6-4b25-bb45-f44ad146c0a3::eave-chain::1:17"", ""1f03f6e0-dfe6-4b25-bb45-f44ad146c0a3::eave-chain::1:20"", ""1f03f6e0-dfe6-4b25-bb45-f44ad146c0a3::eave-chain::1:3"", ""1f03f6e0-dfe6-4b25-bb45-f44ad146c0a3::eave-chain::1:4"", ""1f03f6e0-dfe6-4b25-bb45-f44ad146c0a3::eave-chain::1:5""]",31.296971,1.920648,9.401518,"[""building-part:0138a090f347914574e7"", ""building-part:6b7f01f55a828206e4f4""]","[""building-part:0138a090f347914574e7"", ""building-part:6b7f01f55a828206e4f4""]","[""building-part:0138a090f347914574e7"", ""building-part:11be248e00fdfb5d57bb"", ""building-part:1fc76aa23982ace8ba21"", ""building-part:56e3813b57ed2c646472"", ""building-part:6b7f01f55a828206e4f4"", ""building-part:770d0a078a4a708fceef"", ""building-part:dca65e5df6649e95eec1"", ""building-part:e520572fa0171692868f""]",True,True,True
1f03f6e0-dfe6-4b25-bb45-f44ad146c0a3,1,ridge_eave_plane_group,3,1f03f6e0-dfe6-4b25-bb45-f44ad146c0a3::ridge-eave-candidate::plane-group::a4673f555ea5,408.356037,151.73146,44.908866,58,0.811826,0.688665,0.667226,89.999422,5.463045,42.707427,25.329296,6,31.296971,1f03f6e0-dfe6-4b25-bb45-f44ad146c0a3::eave-chain::1:1,0.87546,4,0.702577,0.645909,medium,maybe,True,"[""1f03f6e0-dfe6-4b25-bb45-f44ad146c0a3::eave-chain::1:1"", ""1f03f6e0-dfe6-4b25-bb45-f44ad146c0a3::eave-chain::1:17"", ""1f03f6e0-dfe6-4b25-bb45-f44ad146c0a3::eave-chain::1:20"", ""1f03f6e0-dfe6-4b25-bb45-f44ad146c0a3::eave-chain::1:3"", ""1f03f6e0-dfe6-4b25-bb45-f44ad146c0a3::eave-chain::1:4"", ""1f03f6e0-dfe6-4b25-bb45-f44ad146c0a3::eave-chain::1:5""]",31.296971,1.920667,10.236879,"[""building-part:0138a090f347914574e7"", ""building-part:6b7f01f55a828206e4f4""]","[""building-part:0138a090f347914574e7"", ""building-part:6b7f01f55a828206e4f4""]","[""building-part:0138a090f347914574e7"", ""building-part:11be248e00fdfb5d57bb"", ""building-part:1fc76aa23982ace8ba21"", ""building-part:56e3813b57ed2c646472"", ""building-part:6b7f01f55a828206e4f4"", ""building-part:770d0a078a4a708fceef"", ""building-part:dca65e5df6649e95eec1"", ""building-part:e520572fa0171692868f""]",True,True,True
1f03f6e0-dfe6-4b25-bb45-f44ad146c0a3,1,ridge_eave_plane_group,4,1f03f6e0-dfe6-4b25-bb45-f44ad146c0a3::ridge-eave-candidate::plane-group::d938e2677d5b,408.356085,150.668678,51.601171,58,0.811826,0.688665,0.598467,88.937404,9.877313,42.707427,25.329296,6,31.296971,1f03f6e0-dfe6-4b25-bb45-f44ad146c0a3::eave-chain::1:4,0.937389,4,0.668198,0.632157,medium,maybe,True,"[""1f03f6e0-dfe6-4b25-bb45-f44ad146c0a3::eave-chain::1:1"", ""1f03f6e0-dfe6-4b25-bb45-f44ad146c0a3::eave-chain::1:17"", ""1f03f6e0-dfe6-4b25-bb45-f44ad146c0a3::eave-chain::1:20"", ""1f03f6e0-dfe6-4b25-bb45-f44ad146c0a3::eave-chain::1:3"", ""1f03f6e0-dfe6-4b25-bb45-f44ad146c0a3::eave-chain::1:4"", ""1f03f6e0-dfe6-4b25-bb45-f44ad146c0a3::eave-chain::1:5""]",31.296971,0.857885,4.726269,"[""building-part:11be248e00fdfb5d57bb"", ""building-part:6b7f01f55a828206e4f4"", ""building-part:dca65e5df6649e95eec1""]","[""building-part:11be248e00fdfb5d57bb"", ""building-part:6b7f01f55a828206e4f4"", ""building-part:dca65e5df6649e95eec1""]","[""building-part:0138a090f347914574e7"", ""building-part:11be248e00fdfb5d57bb"", ""building-part:1fc76aa23982ace8ba21"", ""building-part:56e3813b57ed2c646472"", ""building-part:6b7f01f55a828206e4f4"", ""building-part:770d0a078a4a708fceef"", ""building-part:dca65e5df6649e95eec1"", ""building-part:e520572fa0171692868f""]",False,True,True
1f03f6e0-dfe6-4b25-bb45-f44ad146c0a3,0,ridge_eave_plane_group,5,1f03f6e0-dfe6-4b25-bb45-f44ad146c0a3::ridge-eave-candidate::plane-group::ee911d640517,7.62938,150.668678,51.601171,3,0.889982,0.989247,0.621132,29.331322,51.601171,0.0,0.0,0,0.0,1f03f6e0-dfe6-4b25-bb45-f44ad146c0a3::eave-chain::0:0,0.5,0,0.785336,0.678068,strong,keep,False,[],0.0,,,"[""building-part:11be248e00fdfb5d57bb"", ""building-part:6b7f01f55a828206e4f4"", ""building-part:dca65e5df6649e95eec1""]","[""building-part:11be248e00fdfb5d57bb"", ""building-part:6b7f01f55a828206e4f4"", ""building-part:dca65e5df6649e95eec1""]","[""building-part:a08b755b8b67b5236e3b"", ""building-part:a15caa9861a2c0b33b99""]",False,True,True
1f03f6e0-dfe6-4b25-bb45-f44ad146c0a3,1,ridge_eave_plane_group,6,1f03f6e0-dfe6-4b25-bb45-f44ad146c0a3::ridge-eave-candidate::plane-group::b655582ec017,408.356085,330.013845,47.749731,58,0.811826,0.688665,0.630055,91.716953,8.079981,42.707427,25.329296,6,31.296971,1f03f6e0-dfe6-4b25-bb45-f44ad146c0a3::eave-chain::1:3,0.976277,4,0.683992,0.638474,medium,maybe,True,"[""1f03f6e0-dfe6-4b25-bb45-f44ad146c0a3::eave-chain::1:1"", ""1f03f6e0-dfe6-4b25-bb45-f44ad146c0a3::eave-chain::1:17"", ""1f03f6e0-dfe6-4b25-bb45-f44ad146c0a3::eave-chain::1:20"", ""1f03f6e0-dfe6-4b25-bb45-f44ad146c0a3::eave-chain::1:3"", ""1f03f6e0-dfe6-4b25-bb45-f44ad146c0a3::eave-chain::1:4"", ""1f03f6e0-dfe6-4b25-bb45-f44ad146c0a3::eave-chain::1:5""]",31.296971,0.549547,1.445866,"[""building-part:11be248e00fdfb5d57bb"", ""building-part:6b7f01f55a828206e4f4"", ""building-part:dca65e5df6649e95eec1"", ""building-part:e520572fa0171692868f""]","[""building-part:11be248e00fdfb5d57bb"", ""building-part:6b7f01f55a828206e4f4"", ""building-part:dca65e5df6649e95eec1"", ""building-part:e520572fa0171692868f""]","[""building-part:0138a090f347914574e7"", ""building-part:11be248e00fdfb5d57bb"", ""building-part:1fc76aa23982ace8ba21"", ""building-part:56e3813b57ed2c646472"", ""building-part:6b7f01f55a828206e4f4"", ""building-part:770d0a078a4a708fceef"", ""building-part:dca65e5df6649e95eec1"", ""building-part:e520572fa0171692868f""]",False,True,True
1f03f6e0-dfe6-4b25-bb45-f44ad146c0a3,1,ridge_eave_plane_group,7,1f03f6e0-dfe6-4b25-bb45-f44ad146c0a3::ridge-eave-candidate::plane-group::e0c4152f96b6,408.356085,240.813585,58.605032,58,0.811826,0.688665,0.520935,89.523749,16.694071,18.3928,24.802059,8,30.734644,1f03f6e0-dfe6-4b25-bb45-f44ad146c0a3::eave-chain::1:2,0.899991,4,0.629432,0.61665,medium,maybe,True,"[""1f03f6e0-dfe6-4b25-bb45-f44ad146c0a3::eave-chain::1:0"", ""1f03f6e0-dfe6-4b25-bb45-f44ad146c0a3::eave-chain::1:16"", ""1f03f6e0-dfe6-4b25-bb45-f44ad146c0a3::eave-chain::1:2"", ""1f03f6e0-dfe6-4b25-bb45-f44ad146c0a3::eave-chain::1:28"", ""1f03f6e0-dfe6-4b25-bb45-f44ad146c0a3::eave-chain::1:6"", ""1f03f6e0-dfe6-4b25-bb45-f44ad146c0a3::eave-chain::1:7"", ""1f03f6e0-dfe6-4b25-bb45-f44ad146c0a3::eave-chain::1:8"", ""1f03f6e0-dfe6-4b25-bb45-f44ad146c0a3::eave-chain::1:9""]",30.734644,0.903583,27.766546,"[""building-part:11be248e00fdfb5d57bb"", ""building-part:6b7f01f55a828206e4f4""]","[""building-part:11be248e00fdfb5d57bb"", ""building-part:6b7f01f55a828206e4f4""]","[""building-part:0138a090f347914574e7"", ""building-part:11be248e00fdfb5d57bb"", ""building-part:56e3813b57ed2c646472"", ""building-part:6b7f01f55a828206e4f4"", ""building-part:dca65e5df6649e95eec1""]",False,True,True
1f03f6e0-dfe6-4b25-bb45-f44ad146c0a3,1,ridge_eave_plane_group,8,1f03f6e0-dfe6-4b25-bb45-f44ad146c0a3::ridge-eave-candidate::plane-group::c892b224f867,408.356085,149.114155,48.052078,58,0.811826,0.688665,0.633427,87.383357,8.382328,42.707427,25.329296,6,31.296971,1f03f6e0-dfe6-4b25-bb45-f44ad146c0a3::eave-chain::1:4,0.979576,4,0.685678,0.639149,medium,maybe,True,"[""1f03f6e0-dfe6-4b25-bb45-f44ad146c0a3::eave-chain::1:1"", ""1f03f6e0-dfe6-4b25-bb45-f44ad146c0a3::eave-chain::1:17"", ""1f03f6e0-dfe6-4b25-bb45-f44ad146c0a3::eave-chain::1:20"", ""1f03f6e0-dfe6-4b25-bb45-f44ad146c0a3::eave-chain::1:3"", ""1f03f6e0-dfe6-4b25-bb45-f44ad146c0a3::eave-chain::1:4"", ""1f03f6e0-dfe6-4b25-bb45-f44ad146c0a3::eave-chain::1:5""]",31.296971,1.411478,4.396386,"[""building-part:11be248e00fdfb5d57bb"", ""building-part:1fc76aa23982ace8ba21"", ""building-part:dca65e5df6649e95eec1"", ""building-part:e520572fa0171692868f""]","[""building-part:11be248e00fdfb5d57bb"", ""building-part:1fc76aa23982ace8ba21"", ""building-part:dca65e5df6649e95eec1"", ""building-part:e520572fa0171692868f""]","[""building-part:0138a090f347914574e7"", ""building-part:11be248e00fdfb5d57bb"", ""building-part:1fc76aa23982ace8ba21"", ""building-part:56e3813b57ed2c646472"", ""building-part:6b7f01f55a828206e4f4"", ""building-part:770d0a078a4a708fceef"", ""building-part:dca65e5df6649e95eec1"", ""building-part:e520572fa0171692868f""]",False,True,True
1f03f6e0-dfe6-4b25-bb45-f44ad146c0a3,1,ridge_eave_plane_group,9,1f03f6e0-dfe6-4b25-bb45-f44ad146c0a3::ridge-eave-candidate::plane-group::8dfd9dc58eff,408.356085,238.766294,47.366052,58,0.811826,0.688665,0.67078,90.489569,7.696302,18.3928,24.802059,8,30.734644,1f03f6e0-dfe6-4b25-bb45-f44ad146c0a3::eave-chain::1:9,0.978489,4,0.704355,0.646619,medium,maybe,True,"[""1f03f6e0-dfe6-4b25-bb45-f44ad146c0a3::eave-chain::1:0"", ""1f03f6e0-dfe6-4b25-bb45-f44ad146c0a3::eave-chain::1:16"", ""1f03f6e0-dfe6-4b25-bb45-f44ad146c0a3::eave-chain::1:2"", ""1f03f6e0-dfe6-4b25-bb45-f44ad146c0a3::eave-chain::1:28"", ""1f03f6e0-dfe6-4b25-bb45-f44ad146c0a3::eave-chain::1:6"", ""1f03f6e0-dfe6-4b25-bb45-f44ad146c0a3::eave-chain::1:7"", ""1f03f6e0-dfe6-4b25-bb45-f44ad146c0a3::eave-chain::1:8"", ""1f03f6e0-dfe6-4b25-bb45-f44ad146c0a3::eave-chain::1:9""]",30.734644,1.474227,8.520084,"[""building-part:1fc76aa23982ace8ba21"", ""building-part:e520572fa0171692868f""]","[""building-part:1fc76aa23982ace8ba21"", ""building-part:e520572fa0171692868f""]","[""building-part:0138a090f347914574e7"", ""building-part:11be248e00fdfb5d57bb"", ""building-part:1fc76aa23982ace8ba21"", ""building-part:56e3813b57ed2c646472"", ""building-part:6b7f01f55a828206e4f4"", ""building-part:770d0a078a4a708fceef"", ""building-part:dca65e5df6649e95eec1"", ""building-part:e520572fa0171692868f""]",False,True,True
1f03f6e0-dfe6-4b25-bb45-f44ad146c0a3,1,ridge_eave_plane_group,10,1f03f6e0-dfe6-4b25-bb45-f44ad146c0a3::ridge-eave-candidate::plane-group::f300316f0f5d,408.356085,59.910137,44.149207,58,0.811826,0.688665,0.717528,89.942047,6.133615,18.3928,24.802059,8,30.734644,1f03f6e0-dfe6-4b25-bb45-f44ad146c0a3::eave-chain::1:7,0.999968,4,0.727729,0.655969,medium,keep,True,"[""1f03f6e0-dfe6-4b25-bb45-f44ad146c0a3::eave-chain::1:0"", ""1f03f6e0-dfe6-4b25-bb45-f44ad146c0a3::eave-chain::1:16"", ""1f03f6e0-dfe6-4b25-bb45-f44ad146c0a3::eave-chain::1:2"", ""1f03f6e0-dfe6-4b25-bb45-f44ad146c0a3::eave-chain::1:28"", ""1f03f6e0-dfe6-4b25-bb45-f44ad146c0a3::eave-chain::1:6"", ""1f03f6e0-dfe6-4b25-bb45-f44ad146c0a3::eave-chain::1:7"", ""1f03f6e0-dfe6-4b25-bb45-f44ad146c0a3::eave-chain::1:8"", ""1f03f6e0-dfe6-4b25-bb45-f44ad146c0a3::eave-chain::1:9""]",30.734644,0.981878,10.040718,"[""building-part:e520572fa0171692868f""]","[""building-part:e520572fa0171692868f""]","[""building-part:0138a090f347914574e7"", ""building-part:1fc76aa23982ace8ba21"", ""building-part:56e3813b57ed2c646472"", ""building-part:6b7f01f55a828206e4f4"", ""building-part:770d0a078a4a708fceef"", ""building-part:dca65e5df6649e95eec1"", ""building-part:e520572fa0171692868f""]",False,True,True
1f03f6e0-dfe6-4b25-bb45-f44ad146c0a3,1,ridge_eave_plane_group,11,1f03f6e0-dfe6-4b25-bb45-f44ad146c0a3::ridge-eave-candidate::plane-group::8f64c2b67be6,408.356085,58.949316,48.456581,58,0.811826,0.688665,0.663187,89.624792,8.78683,18.3928,24.802059,8,30.734644,1f03f6e0-dfe6-4b25-bb45-f44ad146c0a3::eave-chain::1:8,0.991806,4,0.700558,0.645101,medium,maybe,True,"[""1f03f6e0-dfe6-4b25-bb45-f44ad146c0a3::eave-chain::1:0"", ""1f03f6e0-dfe6-4b25-bb45-f44ad146c0a3::eave-chain::1:16"", ""1f03f6e0-dfe6-4b25-bb45-f44ad146c0a3::eave-chain::1:2"", ""1f03f6e0-dfe6-4b25-bb45-f44ad146c0a3::eave-chain::1:28"", ""1f03f6e0-dfe6-4b25-bb45-f44ad146c0a3::eave-chain::1:6"", ""1f03f6e0-dfe6-4b25-bb45-f44ad146c0a3::eave-chain::1:7"", ""1f03f6e0-dfe6-4b25-bb45-f44ad146c0a3::eave-chain::1:8"", ""1f03f6e0-dfe6-4b25-bb45-f44ad146c0a3::eave-chain::1:9""]",30.734644,1.291205,11.684353,"[""building-part:1fc76aa23982ace8ba21"", ""building-part:e520572fa0171692868f""]","[""building-part:1fc76aa23982ace8ba21"", ""building-part:e520572fa0171692868f""]","[""building-part:0138a090f347914574e7"", ""building-part:11be248e00fdfb5d57bb"", ""building-part:1fc76aa23982ace8ba21"", ""building-part:56e3813b57ed2c646472"", ""building-part:6b7f01f55a828206e4f4"", ""building-part:770d0a078a4a708fceef"", ""building-part:dca65e5df6649e95eec1"", ""building-part:e520572fa0171692868f""]",False,True,True
1f03f6e0-dfe6-4b25-bb45-f44ad146c0a3,1,ridge_eave_plane_group,12,1f03f6e0-dfe6-4b25-bb45-f44ad146c0a3::ridge-eave-candidate::plane-group::519cecc1732c,408.356085,58.456246,46.637475,58,0.811826,0.688665,0.686612,89.287039,6.967724,18.3928,24.802059,8,30.734644,1f03f6e0-dfe6-4b25-bb45-f44ad146c0a3::eave-chain::1:8,0.986566,4,0.712271,0.649786,medium,maybe,True,"[""1f03f6e0-dfe6-4b25-bb45-f44ad146c0a3::eave-chain::1:0"", ""1f03f6e0-dfe6-4b25-bb45-f44ad146c0a3::eave-chain::1:16"", ""1f03f6e0-dfe6-4b25-bb45-f44ad146c0a3::eave-chain::1:2"", ""1f03f6e0-dfe6-4b25-bb45-f44ad146c0a3::eave-chain::1:28"", ""1f03f6e0-dfe6-4b25-bb45-f44ad146c0a3::eave-chain::1:6"", ""1f03f6e0-dfe6-4b25-bb45-f44ad146c0a3::eave-chain::1:7"", ""1f03f6e0-dfe6-4b25-bb45-f44ad146c0a3::eave-chain::1:8"", ""1f03f6e0-dfe6-4b25-bb45-f44ad146c0a3::eave-chain::1:9""]",30.734644,1.784275,10.999492,"[""building-part:1fc76aa23982ace8ba21"", ""building-part:e520572fa0171692868f""]","[""building-part:1fc76aa23982ace8ba21"", ""building-part:e520572fa0171692868f""]","[""building-part:0138a090f347914574e7"", ""building-part:11be248e00fdfb5d57bb"", ""building-part:1fc76aa23982ace8ba21"", ""building-part:56e3813b57ed2c646472"", ""building-part:6b7f01f55a828206e4f4"", ""building-part:770d0a078a4a708fceef"", ""building-part:dca65e5df6649e95eec1"", ""building-part:e520572fa0171692868f""]",False,True,True
1f03f6e0-dfe6-4b25-bb45-f44ad146c0a3,1,ridge_eave_plane_group,13,1f03f6e0-dfe6-4b25-bb45-f44ad146c0a3::ridge-eave-candidate::plane-group::0c154e2c2a0f,408.356085,238.243974,49.775928,58,0.811826,0.688665,0.639514,90.712961,10.106177,18.3928,24.802059,8,30.734644,1f03f6e0-dfe6-4b25-bb45-f44ad146c0a3::eave-chain::1:9,0.970991,4,0.688721,0.640366,medium,maybe,True,"[""1f03f6e0-dfe6-4b25-bb45-f44ad146c0a3::eave-chain::1:0"", ""1f03f6e0-dfe6-4b25-bb45-f44ad146c0a3::eave-chain::1:16"", ""1f03f6e0-dfe6-4b25-bb45-f44ad146c0a3::eave-chain::1:2"", ""1f03f6e0-dfe6-4b25-bb45-f44ad146c0a3::eave-chain::1:28"", ""1f03f6e0-dfe6-4b25-bb45-f44ad146c0a3::eave-chain::1:6"", ""1f03f6e0-dfe6-4b25-bb45-f44ad146c0a3::eave-chain::1:7"", ""1f03f6e0-dfe6-4b25-bb45-f44ad146c0a3::eave-chain::1:8"", ""1f03f6e0-dfe6-4b25-bb45-f44ad146c0a3::eave-chain::1:9""]",30.734644,1.996547,9.293642,"[""building-part:1fc76aa23982ace8ba21"", ""building-part:e520572fa0171692868f""]","[""building-part:1fc76aa23982ace8ba21"", ""building-part:e520572fa0171692868f""]","[""building-part:0138a090f347914574e7"", ""building-part:11be248e00fdfb5d57bb"", ""building-part:1fc76aa23982ace8ba21"", ""building-part:56e3813b57ed2c646472"", ""building-part:6b7f01f55a828206e4f4"", ""building-part:770d0a078a4a708fceef"", ""building-part:dca65e5df6649e95eec1"", ""building-part:e520572fa0171692868f""]",False,True,True
1f03f6e0-dfe6-4b25-bb45-f44ad146c0a3,1,ridge_eave_plane_group,14,1f03f6e0-dfe6-4b25-bb45-f44ad146c0a3::ridge-eave-candidate::plane-group::85cd809974a7,408.356085,58.244031,33.053243,58,0.811826,0.688665,0.838164,89.287039,16.586271,18.3928,24.802059,8,30.734644,1f03f6e0-dfe6-4b25-bb45-f44ad146c0a3::eave-chain::1:9,0.88852,4,0.788047,0.680096,strong,keep,True,"[""1f03f6e0-dfe6-4b25-bb45-f44ad146c0a3::eave-chain::1:0"", ""1f03f6e0-dfe6-4b25-bb45-f44ad146c0a3::eave-chain::1:16"", ""1f03f6e0-dfe6-4b25-bb45-f44ad146c0a3::eave-chain::1:2"", ""1f03f6e0-dfe6-4b25-bb45-f44ad146c0a3::eave-chain::1:28"", ""1f03f6e0-dfe6-4b25-bb45-f44ad146c0a3::eave-chain::1:6"", ""1f03f6e0-dfe6-4b25-bb45-f44ad146c0a3::eave-chain::1:7"", ""1f03f6e0-dfe6-4b25-bb45-f44ad146c0a3::eave-chain::1:8"", ""1f03f6e0-dfe6-4b25-bb45-f44ad146c0a3::eave-chain::1:9""]",30.734644,1.99649,7.747649,"[""building-part:1fc76aa23982ace8ba21"", ""building-part:e520572fa0171692868f""]","[""building-part:1fc76aa23982ace8ba21"", ""building-part:e520572fa0171692868f""]","[""building-part:0138a090f347914574e7"", ""building-part:11be248e00fdfb5d57bb"", ""building-part:1fc76aa23982ace8ba21"", ""building-part:56e3813b57ed2c646472"", ""building-part:6b7f01f55a828206e4f4"", ""building-part:770d0a078a4a708fceef"", ""building-part:dca65e5df6649e95eec1"", ""building-part:e520572fa0171692868f""]",False,True,True
1f03f6e0-dfe6-4b25-bb45-f44ad146c0a3,1,ridge_eave_plane_group,15,1f03f6e0-dfe6-4b25-bb45-f44ad146c0a3::ridge-eave-candidate::plane-group::73193c8520d8,408.35608,20.872913,43.925687,58,0.811826,0.688665,0.72024,74.204653,6.357136,1.990792,32.068022,9,55.001086,1f03f6e0-dfe6-4b25-bb45-f44ad146c0a3::eave-chain::1:24,0.999013,4,0.729085,0.656512,medium,keep,True,"[""1f03f6e0-dfe6-4b25-bb45-f44ad146c0a3::eave-chain::1:10"", ""1f03f6e0-dfe6-4b25-bb45-f44ad146c0a3::eave-chain::1:11"", ""1f03f6e0-dfe6-4b25-bb45-f44ad146c0a3::eave-chain::1:14"", ""1f03f6e0-dfe6-4b25-bb45-f44ad146c0a3::eave-chain::1:15"", ""1f03f6e0-dfe6-4b25-bb45-f44ad146c0a3::eave-chain::1:18"", ""1f03f6e0-dfe6-4b25-bb45-f44ad146c0a3::eave-chain::1:21"", ""1f03f6e0-dfe6-4b25-bb45-f44ad146c0a3::eave-chain::1:24"", ""1f03f6e0-dfe6-4b25-bb45-f44ad146c0a3::eave-chain::1:25"", ""1f03f6e0-dfe6-4b25-bb45-f44ad146c0a3::eave-chain::1:27""]",55.001086,0.250831,2.267238,"[""building-part:0138a090f347914574e7"", ""building-part:770d0a078a4a708fceef""]","[""building-part:0138a090f347914574e7"", ""building-part:770d0a078a4a708fceef""]","[""building-part:0138a090f347914574e7"", ""building-part:11be248e00fdfb5d57bb"", ""building-part:1fc76aa23982ace8ba21"", ""building-part:56e3813b57ed2c646472"", ""building-part:6b7f01f55a828206e4f4"", ""building-part:770d0a078a4a708fceef"", ""building-part:dca65e5df6649e95eec1"", ""building-part:e520572fa0171692868f""]",True,True,True
1f03f6e0-dfe6-4b25-bb45-f44ad146c0a3,1,ridge_eave_plane_group,16,1f03f6e0-dfe6-4b25-bb45-f44ad146c0a3::ridge-eave-candidate::plane-group::d7793e6ee371,408.356085,20.873685,30.884875,58,0.811826,0.688665,0.8582,74.204653,18.368958,1.990792,32.068022,9,55.001086,1f03f6e0-dfe6-4b25-bb45-f44ad146c0a3::eave-chain::1:11,0.987945,4,0.798065,0.684104,strong,keep,True,"[""1f03f6e0-dfe6-4b25-bb45-f44ad146c0a3::eave-chain::1:10"", ""1f03f6e0-dfe6-4b25-bb45-f44ad146c0a3::eave-chain::1:11"", ""1f03f6e0-dfe6-4b25-bb45-f44ad146c0a3::eave-chain::1:14"", ""1f03f6e0-dfe6-4b25-bb45-f44ad146c0a3::eave-chain::1:15"", ""1f03f6e0-dfe6-4b25-bb45-f44ad146c0a3::eave-chain::1:18"", ""1f03f6e0-dfe6-4b25-bb45-f44ad146c0a3::eave-chain::1:21"", ""1f03f6e0-dfe6-4b25-bb45-f44ad146c0a3::eave-chain::1:24"", ""1f03f6e0-dfe6-4b25-bb45-f44ad146c0a3::eave-chain::1:25"", ""1f03f6e0-dfe6-4b25-bb45-f44ad146c0a3::eave-chain::1:27""]",55.001086,0.251602,1.224015,"[""building-part:0138a090f347914574e7""]","[""building-part:0138a090f347914574e7""]","[""building-part:0138a090f347914574e7"", ""building-part:11be248e00fdfb5d57bb"", ""building-part:1fc76aa23982ace8ba21"", ""building-part:56e3813b57ed2c646472"", ""building-part:6b7f01f55a828206e4f4"", ""building-part:770d0a078a4a708fceef"", ""building-part:dca65e5df6649e95eec1"", ""building-part:e520572fa0171692868f""]",True,True,True
1f03f6e0-dfe6-4b25-bb45-f44ad146c0a3,1,ridge_eave_plane_group,17,1f03f6e0-dfe6-4b25-bb45-f44ad146c0a3::ridge-eave-candidate::plane-group::183477b59463,408.356085,66.035697,34.173647,58,0.811826,0.688665,0.827339,95.410618,15.465867,18.3928,24.802059,8,30.734644,1f03f6e0-dfe6-4b25-bb45-f44ad146c0a3::eave-chain::1:16,0.886803,4,0.782634,0.677931,strong,keep,True,"[""1f03f6e0-dfe6-4b25-bb45-f44ad146c0a3::eave-chain::1:0"", ""1f03f6e0-dfe6-4b25-bb45-f44ad146c0a3::eave-chain::1:16"", ""1f03f6e0-dfe6-4b25-bb45-f44ad146c0a3::eave-chain::1:2"", ""1f03f6e0-dfe6-4b25-bb45-f44ad146c0a3::eave-chain::1:28"", ""1f03f6e0-dfe6-4b25-bb45-f44ad146c0a3::eave-chain::1:6"", ""1f03f6e0-dfe6-4b25-bb45-f44ad146c0a3::eave-chain::1:7"", ""1f03f6e0-dfe6-4b25-bb45-f44ad146c0a3::eave-chain::1:8"", ""1f03f6e0-dfe6-4b25-bb45-f44ad146c0a3::eave-chain::1:9""]",30.734644,5.795175,10.259711,"[""building-part:0138a090f347914574e7""]","[""building-part:0138a090f347914574e7""]","[""building-part:0138a090f347914574e7"", ""building-part:11be248e00fdfb5d57bb"", ""building-part:1fc76aa23982ace8ba21"", ""building-part:56e3813b57ed2c646472"", ""building-part:6b7f01f55a828206e4f4"", ""building-part:770d0a078a4a708fceef"", ""building-part:dca65e5df6649e95eec1"", ""building-part:e520572fa0171692868f""]",True,True,True
1f03f6e0-dfe6-4b25-bb45-f44ad146c0a3,1,ridge_eave_plane_group,18,1f03f6e0-dfe6-4b25-bb45-f44ad146c0a3::ridge-eave-candidate::plane-group::df87038caf8f,408.356036,200.666319,24.48479,58,0.811826,0.688665,0.84487,105.795347,23.296181,1.990792,32.068022,9,55.001086,1f03f6e0-dfe6-4b25-bb45-f44ad146c0a3::eave-chain::1:27,0.921071,4,0.7914,0.681438,strong,keep,True,"[""1f03f6e0-dfe6-4b25-bb45-f44ad146c0a3::eave-chain::1:10"", ""1f03f6e0-dfe6-4b25-bb45-f44ad146c0a3::eave-chain::1:11"", ""1f03f6e0-dfe6-4b25-bb45-f44ad146c0a3::eave-chain::1:14"", ""1f03f6e0-dfe6-4b25-bb45-f44ad146c0a3::eave-chain::1:15"", ""1f03f6e0-dfe6-4b25-bb45-f44ad146c0a3::eave-chain::1:18"", ""1f03f6e0-dfe6-4b25-bb45-f44ad146c0a3::eave-chain::1:21"", ""1f03f6e0-dfe6-4b25-bb45-f44ad146c0a3::eave-chain::1:24"", ""1f03f6e0-dfe6-4b25-bb45-f44ad146c0a3::eave-chain::1:25"", ""1f03f6e0-dfe6-4b25-bb45-f44ad146c0a3::eave-chain::1:27""]",55.001086,0.207483,4.927656,"[""building-part:56e3813b57ed2c646472""]","[""building-part:56e3813b57ed2c646472""]","[""building-part:0138a090f347914574e7"", ""building-part:11be248e00fdfb5d57bb"", ""building-part:1fc76aa23982ace8ba21"", ""building-part:56e3813b57ed2c646472"", ""building-part:6b7f01f55a828206e4f4"", ""building-part:770d0a078a4a708fceef"", ""building-part:dca65e5df6649e95eec1"", ""building-part:e520572fa0171692868f""]",False,True,True
1f03f6e0-dfe6-4b25-bb45-f44ad146c0a3,1,ridge_eave_plane_group,19,1f03f6e0-dfe6-4b25-bb45-f44ad146c0a3::ridge-eave-candidate::plane-group::fe83da219447,408.356085,199.046939,32.888602,58,0.811826,0.688665,0.829209,105.795347,16.750912,1.990792,32.068022,9,55.001086,1f03f6e0-dfe6-4b25-bb45-f44ad146c0a3::eave-chain::1:24,0.920514,4,0.783569,0.678305,strong,keep,True,"[""1f03f6e0-dfe6-4b25-bb45-f44ad146c0a3::eave-chain::1:10"", ""1f03f6e0-dfe6-4b25-bb45-f44ad146c0a3::eave-chain::1:11"", ""1f03f6e0-dfe6-4b25-bb45-f44ad146c0a3::eave-chain::1:14"", ""1f03f6e0-dfe6-4b25-bb45-f44ad146c0a3::eave-chain::1:15"", ""1f03f6e0-dfe6-4b25-bb45-f44ad146c0a3::eave-chain::1:18"", ""1f03f6e0-dfe6-4b25-bb45-f44ad146c0a3::eave-chain::1:21"", ""1f03f6e0-dfe6-4b25-bb45-f44ad146c0a3::eave-chain::1:24"", ""1f03f6e0-dfe6-4b25-bb45-f44ad146c0a3::eave-chain::1:25"", ""1f03f6e0-dfe6-4b25-bb45-f44ad146c0a3::eave-chain::1:27""]",55.001086,1.826813,1.823547,"[""building-part:a15caa9861a2c0b33b99""]","[""building-part:a15caa9861a2c0b33b99""]","[""building-part:0138a090f347914574e7"", ""building-part:11be248e00fdfb5d57bb"", ""building-part:1fc76aa23982ace8ba21"", ""building-part:56e3813b57ed2c646472"", ""building-part:6b7f01f55a828206e4f4"", ""building-part:770d0a078a4a708fceef"", ""building-part:dca65e5df6649e95eec1"", ""building-part:e520572fa0171692868f""]",False,True,True
21af2a12-2a29-44b5-b703-fbaa208996e9,1,candidate_oblique,0,21af2a12-2a29-44b5-b703-fbaa208996e9::ceiling-oblique::ceiling-oblique:0,12.846028,189.980846,38.203203,2,0.692305,0.857143,0.89272,5.574687,19.804761,0.0,7.882389,4,11.414829,21af2a12-2a29-44b5-b703-fbaa208996e9::eave-chain::1:0,0.979828,0,0.841964,0.826894,strong,keep,False,"[""21af2a12-2a29-44b5-b703-fbaa208996e9::eave-chain::1:0"", ""21af2a12-2a29-44b5-b703-fbaa208996e9::eave-chain::1:10"", ""21af2a12-2a29-44b5-b703-fbaa208996e9::eave-chain::1:2"", ""21af2a12-2a29-44b5-b703-fbaa208996e9::eave-chain::1:8""]",11.414829,0.233311,0.916466,"[""building-part:683677a4f717b2e1f60d"", ""building-part:81144e9a3bfee53ee6f0""]","[""building-part:683677a4f717b2e1f60d"", ""building-part:81144e9a3bfee53ee6f0""]","[""building-part:683677a4f717b2e1f60d"", ""building-part:81144e9a3bfee53ee6f0""]",True,True,True
21af2a12-2a29-44b5-b703-fbaa208996e9,1,candidate_oblique,1,21af2a12-2a29-44b5-b703-fbaa208996e9::ceiling-oblique::ceiling-oblique:1,14.36689,9.980834,38.769854,2,0.564495,0.607143,0.999885,0.926032,0.429065,0.0,7.066605,4,10.011166,21af2a12-2a29-44b5-b703-fbaa208996e9::eave-chain::1:3,0.990175,0,0.794984,0.747204,strong,keep,False,"[""21af2a12-2a29-44b5-b703-fbaa208996e9::eave-chain::1:0"", ""21af2a12-2a29-44b5-b703-fbaa208996e9::eave-chain::1:1"", ""21af2a12-2a29-44b5-b703-fbaa208996e9::eave-chain::1:2"", ""21af2a12-2a29-44b5-b703-fbaa208996e9::eave-chain::1:3""]",10.011166,0.548978,0.029258,"[""building-part:683677a4f717b2e1f60d"", ""building-part:81144e9a3bfee53ee6f0""]","[""building-part:683677a4f717b2e1f60d"", ""building-part:81144e9a3bfee53ee6f0""]","[""building-part:683677a4f717b2e1f60d"", ""building-part:81144e9a3bfee53ee6f0""]",True,True,True
21af2a12-2a29-44b5-b703-fbaa208996e9,1,candidate_oblique,2,21af2a12-2a29-44b5-b703-fbaa208996e9::ceiling-oblique::ceiling-oblique:2,9.616348,279.980836,49.081459,1,0.060509,0.355556,0.999949,0.00126,0.580986,0.0,0.846311,1,0.846311,21af2a12-2a29-44b5-b703-fbaa208996e9::eave-chain::1:6,0.988888,0,0.618743,0.33762,medium,drop_candidate,False,"[""21af2a12-2a29-44b5-b703-fbaa208996e9::eave-chain::1:6""]",0.846311,0.00126,0.044303,"[""building-part:683677a4f717b2e1f60d""]","[""building-part:683677a4f717b2e1f60d""]","[""building-part:683677a4f717b2e1f60d""]",False,True,True
21af2a12-2a29-44b5-b703-fbaa208996e9,1,committed_oblique,0,21af2a12-2a29-44b5-b703-fbaa208996e9::roof-oblique::oblique:0,14.867656,189.979945,38.202431,2,0.598109,0.857143,0.892723,5.574687,19.804761,0.0,5.413524,4,11.414829,21af2a12-2a29-44b5-b703-fbaa208996e9::eave-chain::1:0,0.979799,0,0.823126,0.789217,strong,keep,False,"[""21af2a12-2a29-44b5-b703-fbaa208996e9::eave-chain::1:0"", ""21af2a12-2a29-44b5-b703-fbaa208996e9::eave-chain::1:10"", ""21af2a12-2a29-44b5-b703-fbaa208996e9::eave-chain::1:2"", ""21af2a12-2a29-44b5-b703-fbaa208996e9::eave-chain::1:8""]",11.414829,0.233311,0.916336,"[""building-part:683677a4f717b2e1f60d"", ""building-part:81144e9a3bfee53ee6f0""]","[""building-part:683677a4f717b2e1f60d"", ""building-part:81144e9a3bfee53ee6f0""]","[""building-part:683677a4f717b2e1f60d"", ""building-part:81144e9a3bfee53ee6f0""]",True,True,True
21af2a12-2a29-44b5-b703-fbaa208996e9,1,committed_oblique,1,21af2a12-2a29-44b5-b703-fbaa208996e9::roof-oblique::oblique:1,17.089516,9.981748,38.769934,2,0.473576,0.607143,0.999885,0.925118,0.428986,0.0,4.122259,4,10.011166,21af2a12-2a29-44b5-b703-fbaa208996e9::eave-chain::1:3,0.990148,0,0.776801,0.710836,strong,keep,False,"[""21af2a12-2a29-44b5-b703-fbaa208996e9::eave-chain::1:0"", ""21af2a12-2a29-44b5-b703-fbaa208996e9::eave-chain::1:1"", ""21af2a12-2a29-44b5-b703-fbaa208996e9::eave-chain::1:2"", ""21af2a12-2a29-44b5-b703-fbaa208996e9::eave-chain::1:3""]",10.011166,0.548978,0.02923,"[""building-part:683677a4f717b2e1f60d"", ""building-part:81144e9a3bfee53ee6f0""]","[""building-part:683677a4f717b2e1f60d"", ""building-part:81144e9a3bfee53ee6f0""]","[""building-part:683677a4f717b2e1f60d"", ""building-part:81144e9a3bfee53ee6f0""]",True,True,True
21af2a12-2a29-44b5-b703-fbaa208996e9,1,committed_oblique,2,21af2a12-2a29-44b5-b703-fbaa208996e9::roof-oblique::oblique:2,15.070365,279.981877,49.073189,1,0.038563,0.355556,0.99995,0.000219,0.572716,0.0,0.846311,1,0.846311,21af2a12-2a29-44b5-b703-fbaa208996e9::eave-chain::1:6,0.989072,0,0.614354,0.328842,medium,drop_candidate,False,"[""21af2a12-2a29-44b5-b703-fbaa208996e9::eave-chain::1:6""]",0.846311,0.00126,0.043577,"[""building-part:683677a4f717b2e1f60d""]","[""building-part:683677a4f717b2e1f60d""]","[""building-part:683677a4f717b2e1f60d""]",False,True,True
21af2a12-2a29-44b5-b703-fbaa208996e9,1,ridge_eave_plane_group,0,21af2a12-2a29-44b5-b703-fbaa208996e9::ridge-eave-candidate::plane-group::ffb2d5f8b9dc,75.85498,189.980846,38.203897,6,0.254238,0.665002,0.456847,90.000326,5.8511,0.0,8.945965,6,14.948993,21af2a12-2a29-44b5-b703-fbaa208996e9::eave-chain::1:0,0.980635,0,0.478772,0.526065,weak,maybe,False,"[""21af2a12-2a29-44b5-b703-fbaa208996e9::eave-chain::1:0"", ""21af2a12-2a29-44b5-b703-fbaa208996e9::eave-chain::1:1"", ""21af2a12-2a29-44b5-b703-fbaa208996e9::eave-chain::1:10"", ""21af2a12-2a29-44b5-b703-fbaa208996e9::eave-chain::1:2"", ""21af2a12-2a29-44b5-b703-fbaa208996e9::eave-chain::1:3"", ""21af2a12-2a29-44b5-b703-fbaa208996e9::eave-chain::1:8""]",14.948993,0.286057,1.163373,"[""building-part:683677a4f717b2e1f60d"", ""building-part:81144e9a3bfee53ee6f0""]","[""building-part:683677a4f717b2e1f60d"", ""building-part:81144e9a3bfee53ee6f0""]","[""building-part:683677a4f717b2e1f60d"", ""building-part:81144e9a3bfee53ee6f0""]",True,True,True
21af2a12-2a29-44b5-b703-fbaa208996e9,1,ridge_eave_plane_group,1,21af2a12-2a29-44b5-b703-fbaa208996e9::ridge-eave-candidate::plane-group::9f9687be5f2a,75.85498,9.980834,38.769938,6,0.254238,0.665002,0.648147,89.999674,5.285059,0.0,8.945965,6,14.948993,21af2a12-2a29-44b5-b703-fbaa208996e9::eave-chain::1:1,0.980007,0,0.574422,0.564325,medium,maybe,False,"[""21af2a12-2a29-44b5-b703-fbaa208996e9::eave-chain::1:0"", ""21af2a12-2a29-44b5-b703-fbaa208996e9::eave-chain::1:1"", ""21af2a12-2a29-44b5-b703-fbaa208996e9::eave-chain::1:10"", ""21af2a12-2a29-44b5-b703-fbaa208996e9::eave-chain::1:2"", ""21af2a12-2a29-44b5-b703-fbaa208996e9::eave-chain::1:3"", ""21af2a12-2a29-44b5-b703-fbaa208996e9::eave-chain::1:8""]",14.948993,0.286069,0.59016,"[""building-part:683677a4f717b2e1f60d"", ""building-part:81144e9a3bfee53ee6f0""]","[""building-part:683677a4f717b2e1f60d"", ""building-part:81144e9a3bfee53ee6f0""]","[""building-part:683677a4f717b2e1f60d"", ""building-part:81144e9a3bfee53ee6f0""]",True,True,True
21af2a12-2a29-44b5-b703-fbaa208996e9,1,ridge_eave_plane_group,2,21af2a12-2a29-44b5-b703-fbaa208996e9::ridge-eave-candidate::plane-group::6fa856fd8a93,76.104328,279.980836,49.081536,6,0.253405,0.665002,0.510752,90.92603,9.882617,0.0,0.846311,4,6.742559,21af2a12-2a29-44b5-b703-fbaa208996e9::eave-chain::1:6,0.988751,0,0.505557,0.378828,weak,drop_candidate,False,"[""21af2a12-2a29-44b5-b703-fbaa208996e9::eave-chain::1:5"", ""21af2a12-2a29-44b5-b703-fbaa208996e9::eave-chain::1:6"", ""21af2a12-2a29-44b5-b703-fbaa208996e9::eave-chain::1:7"", ""21af2a12-2a29-44b5-b703-fbaa208996e9::eave-chain::1:9""]",6.742559,0.001563,2.578634,"[""building-part:683677a4f717b2e1f60d""]","[""building-part:683677a4f717b2e1f60d""]","[""building-part:683677a4f717b2e1f60d"", ""building-part:81144e9a3bfee53ee6f0""]",False,True,True
21af2a12-2a29-44b5-b703-fbaa208996e9,1,ridge_eave_plane_group,3,21af2a12-2a29-44b5-b703-fbaa208996e9::ridge-eave-candidate::plane-group::50a3582a5355,76.104328,99.980822,49.042558,6,0.253405,0.665002,0.51572,89.073956,9.843639,0.0,0.846311,4,6.742559,21af2a12-2a29-44b5-b703-fbaa208996e9::eave-chain::1:6,0.899958,0,0.508041,0.379822,weak,drop_candidate,False,"[""21af2a12-2a29-44b5-b703-fbaa208996e9::eave-chain::1:5"", ""21af2a12-2a29-44b5-b703-fbaa208996e9::eave-chain::1:6"", ""21af2a12-2a29-44b5-b703-fbaa208996e9::eave-chain::1:7"", ""21af2a12-2a29-44b5-b703-fbaa208996e9::eave-chain::1:9""]",6.742559,0.001563,1.831414,"[""building-part:683677a4f717b2e1f60d""]","[""building-part:683677a4f717b2e1f60d""]","[""building-part:683677a4f717b2e1f60d"", ""building-part:81144e9a3bfee53ee6f0""]",False,True,True
2388d90c-8cc9-4cca-b232-d658e184074d,1,candidate_oblique,0,2388d90c-8cc9-4cca-b232-d658e184074d::ceiling-oblique::ceiling-oblique:0,9.109093,66.951477,46.703412,4,0.852205,0.724138,0.999556,0.222429,1.571785,4.875462,14.166506,4,17.881126,2388d90c-8cc9-4cca-b232-d658e184074d::eave-chain::1:4,0.988745,0,0.88746,0.885621,strong,keep,False,"[""2388d90c-8cc9-4cca-b232-d658e184074d::eave-chain::1:3"", ""2388d90c-8cc9-4cca-b232-d658e184074d::eave-chain::1:4"", ""2388d90c-8cc9-4cca-b232-d658e184074d::eave-chain::1:5"", ""2388d90c-8cc9-4cca-b232-d658e184074d::eave-chain::1:6""]",17.881126,0.308205,0.01419,"[""building-part:35228b779e1224633b2f"", ""building-part:5e546e31405c0732a71b""]","[""building-part:35228b779e1224633b2f"", ""building-part:5e546e31405c0732a71b""]","[""building-part:35228b779e1224633b2f"", ""building-part:5e546e31405c0732a71b""]",True,True,True
2388d90c-8cc9-4cca-b232-d658e184074d,1,candidate_oblique,1,2388d90c-8cc9-4cca-b232-d658e184074d::ceiling-oblique::ceiling-oblique:1,9.306018,246.951462,49.408668,3,0.778202,0.888889,0.999185,1.208368,2.117413,7.429238,9.35545,2,9.35545,2388d90c-8cc9-4cca-b232-d658e184074d::eave-chain::1:9,0.978306,0,0.921899,0.888895,strong,keep,False,"[""2388d90c-8cc9-4cca-b232-d658e184074d::eave-chain::1:10"", ""2388d90c-8cc9-4cca-b232-d658e184074d::eave-chain::1:9""]",9.35545,0.795319,0.050754,"[""building-part:5e546e31405c0732a71b"", ""building-part:65e390491ddb36bf0be3""]","[""building-part:5e546e31405c0732a71b"", ""building-part:65e390491ddb36bf0be3""]","[""building-part:5e546e31405c0732a71b"", ""building-part:65e390491ddb36bf0be3""]",False,True,True
2388d90c-8cc9-4cca-b232-d658e184074d,1,committed_oblique,0,2388d90c-8cc9-4cca-b232-d658e184074d::roof-oblique::oblique:0,33.938345,66.951353,46.707861,5,0.342902,0.77931,0.999252,0.382407,2.215829,4.875462,6.335603,4,17.881126,2388d90c-8cc9-4cca-b232-d658e184074d::eave-chain::1:4,0.988753,0,0.802,0.692873,strong,keep,False,"[""2388d90c-8cc9-4cca-b232-d658e184074d::eave-chain::1:3"", ""2388d90c-8cc9-4cca-b232-d658e184074d::eave-chain::1:4"", ""2388d90c-8cc9-4cca-b232-d658e184074d::eave-chain::1:5"", ""2388d90c-8cc9-4cca-b232-d658e184074d::eave-chain::1:6""]",17.881126,0.308205,0.014259,"[""building-part:35228b779e1224633b2f"", ""building-part:5e546e31405c0732a71b"", ""building-part:65e390491ddb36bf0be3""]","[""building-part:35228b779e1224633b2f"", ""building-part:5e546e31405c0732a71b"", ""building-part:65e390491ddb36bf0be3""]","[""building-part:35228b779e1224633b2f"", ""building-part:5e546e31405c0732a71b"", ""building-part:65e390491ddb36bf0be3""]",True,True,True
2388d90c-8cc9-4cca-b232-d658e184074d,1,committed_oblique,1,2388d90c-8cc9-4cca-b232-d658e184074d::roof-oblique::oblique:1,21.794183,246.950898,49.414161,4,0.522677,0.916667,0.824887,34.079915,25.763041,7.429238,5.832093,3,11.793241,2388d90c-8cc9-4cca-b232-d658e184074d::eave-chain::1:9,0.978251,0,0.791979,0.757382,strong,keep,False,"[""2388d90c-8cc9-4cca-b232-d658e184074d::eave-chain::1:1"", ""2388d90c-8cc9-4cca-b232-d658e184074d::eave-chain::1:10"", ""2388d90c-8cc9-4cca-b232-d658e184074d::eave-chain::1:9""]",11.793241,0.639449,0.082556,"[""building-part:5e546e31405c0732a71b""]","[""building-part:5e546e31405c0732a71b""]","[""building-part:35228b779e1224633b2f"", ""building-part:5e546e31405c0732a71b"", ""building-part:65e390491ddb36bf0be3""]",False,True,True
2388d90c-8cc9-4cca-b232-d658e184074d,0,ridge_eave_plane_group,0,2388d90c-8cc9-4cca-b232-d658e184074d::ridge-eave-candidate::plane-group::d456d8d022e0,167.849178,66.951477,46.703596,7,0.509322,0.988095,0.685773,113.048523,46.703596,0.0,34.519522,6,48.508249,2388d90c-8cc9-4cca-b232-d658e184074d::eave-chain::0:7,0.806371,0,0.741179,0.738502,medium,keep,False,"[""2388d90c-8cc9-4cca-b232-d658e184074d::eave-chain::0:0"", ""2388d90c-8cc9-4cca-b232-d658e184074d::eave-chain::0:11"", ""2388d90c-8cc9-4cca-b232-d658e184074d::eave-chain::0:13"", ""2388d90c-8cc9-4cca-b232-d658e184074d::eave-chain::0:2"", ""2388d90c-8cc9-4cca-b232-d658e184074d::eave-chain::0:5"", ""2388d90c-8cc9-4cca-b232-d658e184074d::eave-chain::0:7""]",48.508249,3.740867,3.73628,"[""building-part:35228b779e1224633b2f"", ""building-part:5e546e31405c0732a71b""]","[""building-part:35228b779e1224633b2f"", ""building-part:5e546e31405c0732a71b""]","[""building-part:35228b779e1224633b2f"", ""building-part:4ac3d94d8699521855df"", ""building-part:67ccff196f3c34b0b0ed"", ""building-part:cda29cddfbb185d149b2""]",True,True,True
2388d90c-8cc9-4cca-b232-d658e184074d,0,ridge_eave_plane_group,1,2388d90c-8cc9-4cca-b232-d658e184074d::ridge-eave-candidate::plane-group::81fbcf40431f,167.849178,246.951463,49.407637,7,0.509322,0.988095,0.650673,66.951463,49.407637,0.0,34.519522,6,48.508249,2388d90c-8cc9-4cca-b232-d658e184074d::eave-chain::0:7,0.806372,0,0.723629,0.731482,medium,keep,False,"[""2388d90c-8cc9-4cca-b232-d658e184074d::eave-chain::0:0"", ""2388d90c-8cc9-4cca-b232-d658e184074d::eave-chain::0:11"", ""2388d90c-8cc9-4cca-b232-d658e184074d::eave-chain::0:13"", ""2388d90c-8cc9-4cca-b232-d658e184074d::eave-chain::0:2"", ""2388d90c-8cc9-4cca-b232-d658e184074d::eave-chain::0:5"", ""2388d90c-8cc9-4cca-b232-d658e184074d::eave-chain::0:7""]",48.508249,3.740853,3.615554,"[""building-part:5e546e31405c0732a71b"", ""building-part:65e390491ddb36bf0be3""]","[""building-part:5e546e31405c0732a71b"", ""building-part:65e390491ddb36bf0be3""]","[""building-part:35228b779e1224633b2f"", ""building-part:67ccff196f3c34b0b0ed"", ""building-part:cda29cddfbb185d149b2""]",False,True,True
2388d90c-8cc9-4cca-b232-d658e184074d,0,ridge_eave_plane_group,2,2388d90c-8cc9-4cca-b232-d658e184074d::ridge-eave-candidate::plane-group::2f9664930b62,171.846112,336.951474,4.520092,7,0.497476,0.988095,0.99689,156.951474,4.520092,0.0,9.980006,8,45.295038,2388d90c-8cc9-4cca-b232-d658e184074d::eave-chain::0:3,0.80052,0,0.894369,0.795987,strong,keep,False,"[""2388d90c-8cc9-4cca-b232-d658e184074d::eave-chain::0:1"", ""2388d90c-8cc9-4cca-b232-d658e184074d::eave-chain::0:10"", ""2388d90c-8cc9-4cca-b232-d658e184074d::eave-chain::0:12"", ""2388d90c-8cc9-4cca-b232-d658e184074d::eave-chain::0:3"", ""2388d90c-8cc9-4cca-b232-d658e184074d::eave-chain::0:4"", ""2388d90c-8cc9-4cca-b232-d658e184074d::eave-chain::0:6"", ""2388d90c-8cc9-4cca-b232-d658e184074d::eave-chain::0:8"", ""2388d90c-8cc9-4cca-b232-d658e184074d::eave-chain::0:9""]",45.295038,4.089373,1.819082,"[""building-part:5e546e31405c0732a71b""]","[""building-part:5e546e31405c0732a71b""]","[""building-part:35228b779e1224633b2f"", ""building-part:4ac3d94d8699521855df"", ""building-part:67ccff196f3c34b0b0ed"", ""building-part:cda29cddfbb185d149b2""]",False,True,True
287808db-3826-4351-b9a1-6f9831bdc870,2,candidate_oblique,0,287808db-3826-4351-b9a1-6f9831bdc870::ceiling-oblique::ceiling-oblique:0,21.286168,146.363398,41.568955,2,0.416563,1.0,0.873953,17.773479,20.90702,4.244089,2.120024,1,2.120024,287808db-3826-4351-b9a1-6f9831bdc870::eave-chain::2:6,0.97759,0,0.820289,0.741416,strong,keep,False,"[""287808db-3826-4351-b9a1-6f9831bdc870::eave-chain::2:6""]",2.120024,0.832678,0.00082,"[""building-part:77f92dd047df8c3b106c""]","[""building-part:77f92dd047df8c3b106c""]","[""building-part:77f92dd047df8c3b106c""]",False,True,False
287808db-3826-4351-b9a1-6f9831bdc870,2,candidate_oblique,1,287808db-3826-4351-b9a1-6f9831bdc870::ceiling-oblique::ceiling-oblique:1,20.826359,326.363409,42.626871,2,0.403557,0.833333,0.867724,73.912241,21.865675,7.16154,3.578754,1,3.578754,287808db-3826-4351-b9a1-6f9831bdc870::eave-chain::2:3,0.980968,0,0.764573,0.701634,strong,keep,False,"[""287808db-3826-4351-b9a1-6f9831bdc870::eave-chain::2:3""]",3.578754,0.637962,0.00808,"[""building-part:688406bab025f7e36a38""]","[""building-part:688406bab025f7e36a38""]","[""building-part:688406bab025f7e36a38""]",False,True,True
287808db-3826-4351-b9a1-6f9831bdc870,2,committed_oblique,0,287808db-3826-4351-b9a1-6f9831bdc870::roof-oblique::oblique:0,15.881195,146.364823,41.569581,2,0.58148,1.0,0.873949,17.772054,20.907645,4.244089,8.053793,3,11.275882,287808db-3826-4351-b9a1-6f9831bdc870::eave-chain::2:5,0.988985,0,0.853271,0.807382,strong,keep,False,"[""287808db-3826-4351-b9a1-6f9831bdc870::eave-chain::2:1"", ""287808db-3826-4351-b9a1-6f9831bdc870::eave-chain::2:5"", ""287808db-3826-4351-b9a1-6f9831bdc870::eave-chain::2:6""]",11.275882,0.009193,0.043921,"[""building-part:77f92dd047df8c3b106c""]","[""building-part:77f92dd047df8c3b106c""]","[""building-part:77f92dd047df8c3b106c""]",False,True,False
287808db-3826-4351-b9a1-6f9831bdc870,2,committed_oblique,1,287808db-3826-4351-b9a1-6f9831bdc870::roof-oblique::oblique:1,15.999673,326.36593,42.621391,2,0.549463,0.833333,0.867757,73.912241,21.860195,7.16154,3.578754,1,3.578754,287808db-3826-4351-b9a1-6f9831bdc870::eave-chain::2:3,0.980994,0,0.793771,0.760003,strong,keep,False,"[""287808db-3826-4351-b9a1-6f9831bdc870::eave-chain::2:3""]",3.578754,0.637962,0.007974,"[""building-part:688406bab025f7e36a38""]","[""building-part:688406bab025f7e36a38""]","[""building-part:688406bab025f7e36a38""]",False,True,True
287808db-3826-4351-b9a1-6f9831bdc870,2,ridge_eave_plane_group,0,287808db-3826-4351-b9a1-6f9831bdc870::ridge-eave-candidate::plane-group::d68c1cfba769,57.235828,146.363398,41.568911,4,0.40791,0.916667,0.748158,33.636602,20.906976,11.405629,8.426684,4,14.854636,287808db-3826-4351-b9a1-6f9831bdc870::eave-chain::2:5,0.991132,0,0.730661,0.696129,medium,keep,False,"[""287808db-3826-4351-b9a1-6f9831bdc870::eave-chain::2:1"", ""287808db-3826-4351-b9a1-6f9831bdc870::eave-chain::2:3"", ""287808db-3826-4351-b9a1-6f9831bdc870::eave-chain::2:5"", ""287808db-3826-4351-b9a1-6f9831bdc870::eave-chain::2:6""]",14.854636,0.323583,0.947201,"[""building-part:77f92dd047df8c3b106c"", ""building-part:c9c4458249fe91716c04"", ""building-part:ec726b16f48565ea6a7f""]","[""building-part:77f92dd047df8c3b106c"", ""building-part:c9c4458249fe91716c04"", ""building-part:ec726b16f48565ea6a7f""]","[""building-part:77f92dd047df8c3b106c""]",False,True,True
287808db-3826-4351-b9a1-6f9831bdc870,2,ridge_eave_plane_group,1,287808db-3826-4351-b9a1-6f9831bdc870::ridge-eave-candidate::plane-group::866b77d1a124,57.235825,326.363409,42.626813,4,0.40791,0.916667,0.73578,146.363409,21.964877,11.405629,8.426684,4,14.854636,287808db-3826-4351-b9a1-6f9831bdc870::eave-chain::2:3,0.976324,0,0.724472,0.693653,medium,keep,False,"[""287808db-3826-4351-b9a1-6f9831bdc870::eave-chain::2:1"", ""287808db-3826-4351-b9a1-6f9831bdc870::eave-chain::2:3"", ""287808db-3826-4351-b9a1-6f9831bdc870::eave-chain::2:5"", ""287808db-3826-4351-b9a1-6f9831bdc870::eave-chain::2:6""]",14.854636,0.323583,3.187589,"[""building-part:688406bab025f7e36a38"", ""building-part:ec726b16f48565ea6a7f""]","[""building-part:688406bab025f7e36a38"", ""building-part:ec726b16f48565ea6a7f""]","[""building-part:688406bab025f7e36a38""]",False,True,True
287808db-3826-4351-b9a1-6f9831bdc870,2,ridge_eave_plane_group,2,287808db-3826-4351-b9a1-6f9831bdc870::ridge-eave-candidate::plane-group::c6486b6324f5,57.235828,56.363401,36.102283,4,0.40791,0.916667,0.711424,107.773477,20.761196,0.0,4.490189,3,8.472078,287808db-3826-4351-b9a1-6f9831bdc870::eave-chain::2:2,0.890798,0,0.712294,0.688782,medium,keep,False,"[""287808db-3826-4351-b9a1-6f9831bdc870::eave-chain::2:0"", ""287808db-3826-4351-b9a1-6f9831bdc870::eave-chain::2:2"", ""287808db-3826-4351-b9a1-6f9831bdc870::eave-chain::2:4""]",8.472078,0.002526,1.32791,"[""building-part:c9c4458249fe91716c04""]","[""building-part:c9c4458249fe91716c04""]","[""building-part:688406bab025f7e36a38"", ""building-part:77f92dd047df8c3b106c""]",False,True,True
29865ccb-e7e8-4ad6-a01c-d632f20761b7,1,candidate_oblique,0,29865ccb-e7e8-4ad6-a01c-d632f20761b7::ceiling-oblique::ceiling-oblique:0,19.419285,335.44862,37.268564,4,0.692155,0.8125,0.995778,5.207725,3.397337,11.086921,7.238934,2,4.355482,29865ccb-e7e8-4ad6-a01c-d632f20761b7::eave-chain::1:6,0.992534,0,0.88007,0.838517,strong,keep,False,"[""29865ccb-e7e8-4ad6-a01c-d632f20761b7::eave-chain::1:3"", ""29865ccb-e7e8-4ad6-a01c-d632f20761b7::eave-chain::1:6""]",4.355482,0.103567,0.045085,"[""building-part:112e9b2befaab9c871ff"", ""building-part:e04a00578e3fc764530d"", ""building-part:fb802773ff1115805352""]","[""building-part:112e9b2befaab9c871ff"", ""building-part:e04a00578e3fc764530d"", ""building-part:fb802773ff1115805352""]","[""building-part:112e9b2befaab9c871ff"", ""building-part:e04a00578e3fc764530d"", ""building-part:fb802773ff1115805352""]",True,True,True
29865ccb-e7e8-4ad6-a01c-d632f20761b7,1,candidate_oblique,1,29865ccb-e7e8-4ad6-a01c-d632f20761b7::ceiling-oblique::ceiling-oblique:1,19.59084,155.448617,38.091689,3,0.780147,1.0,0.99988,1.076965,0.8878,14.996782,3.87043,3,11.128319,29865ccb-e7e8-4ad6-a01c-d632f20761b7::eave-chain::1:7,0.978192,0,0.955969,0.912035,strong,keep,False,"[""29865ccb-e7e8-4ad6-a01c-d632f20761b7::eave-chain::1:0"", ""29865ccb-e7e8-4ad6-a01c-d632f20761b7::eave-chain::1:7"", ""29865ccb-e7e8-4ad6-a01c-d632f20761b7::eave-chain::1:8""]",11.128319,0.000231,0.340788,"[""building-part:112e9b2befaab9c871ff"", ""building-part:d58f9b1ca0fd841ecec9""]","[""building-part:112e9b2befaab9c871ff"", ""building-part:d58f9b1ca0fd841ecec9""]","[""building-part:112e9b2befaab9c871ff"", ""building-part:d58f9b1ca0fd841ecec9""]",True,True,True
29865ccb-e7e8-4ad6-a01c-d632f20761b7,1,committed_oblique,0,29865ccb-e7e8-4ad6-a01c-d632f20761b7::roof-oblique::oblique:0,33.269285,335.449521,37.265484,6,0.59554,0.875,0.89448,82.623527,20.43765,13.754388,11.158762,5,19.159523,29865ccb-e7e8-4ad6-a01c-d632f20761b7::eave-chain::1:3,0.979401,0,0.828848,0.792112,strong,keep,False,"[""29865ccb-e7e8-4ad6-a01c-d632f20761b7::eave-chain::1:0"", ""29865ccb-e7e8-4ad6-a01c-d632f20761b7::eave-chain::1:3"", ""29865ccb-e7e8-4ad6-a01c-d632f20761b7::eave-chain::1:4"", ""29865ccb-e7e8-4ad6-a01c-d632f20761b7::eave-chain::1:6"", ""29865ccb-e7e8-4ad6-a01c-d632f20761b7::eave-chain::1:8""]",19.159523,0.011097,0.449916,"[""building-part:112e9b2befaab9c871ff"", ""building-part:e04a00578e3fc764530d"", ""building-part:fb802773ff1115805352""]","[""building-part:112e9b2befaab9c871ff"", ""building-part:e04a00578e3fc764530d"", ""building-part:fb802773ff1115805352""]","[""building-part:112e9b2befaab9c871ff"", ""building-part:e04a00578e3fc764530d"", ""building-part:fb802773ff1115805352""]",True,True,True
29865ccb-e7e8-4ad6-a01c-d632f20761b7,1,committed_oblique,1,29865ccb-e7e8-4ad6-a01c-d632f20761b7::roof-oblique::oblique:1,23.349775,155.4451,38.091496,5,0.903593,1.0,0.787027,24.5549,38.091496,14.996782,15.264246,3,11.128319,29865ccb-e7e8-4ad6-a01c-d632f20761b7::eave-chain::1:7,0.978161,0,0.874232,0.918842,strong,keep,False,"[""29865ccb-e7e8-4ad6-a01c-d632f20761b7::eave-chain::1:0"", ""29865ccb-e7e8-4ad6-a01c-d632f20761b7::eave-chain::1:7"", ""29865ccb-e7e8-4ad6-a01c-d632f20761b7::eave-chain::1:8""]",11.128319,0.000231,0.340782,"[""building-part:112e9b2befaab9c871ff"", ""building-part:d58f9b1ca0fd841ecec9""]","[""building-part:112e9b2befaab9c871ff"", ""building-part:d58f9b1ca0fd841ecec9""]","[""building-part:112e9b2befaab9c871ff"", ""building-part:d58f9b1ca0fd841ecec9"", ""building-part:e04a00578e3fc764530d"", ""building-part:fb802773ff1115805352""]",True,True,True
29865ccb-e7e8-4ad6-a01c-d632f20761b7,1,ridge_eave_plane_group,0,29865ccb-e7e8-4ad6-a01c-d632f20761b7::ridge-eave-candidate::plane-group::a845167f9ee4,60.012123,335.448619,37.268165,9,0.683208,0.916667,0.79581,155.448619,3.612496,28.751169,8.946018,6,23.750059,29865ccb-e7e8-4ad6-a01c-d632f20761b7::eave-chain::1:3,0.977928,0,0.809547,0.815779,strong,keep,False,"[""29865ccb-e7e8-4ad6-a01c-d632f20761b7::eave-chain::1:0"", ""29865ccb-e7e8-4ad6-a01c-d632f20761b7::eave-chain::1:3"", ""29865ccb-e7e8-4ad6-a01c-d632f20761b7::eave-chain::1:4"", ""29865ccb-e7e8-4ad6-a01c-d632f20761b7::eave-chain::1:6"", ""29865ccb-e7e8-4ad6-a01c-d632f20761b7::eave-chain::1:7"", ""29865ccb-e7e8-4ad6-a01c-d632f20761b7::eave-chain::1:8""]",23.750059,0.103567,0.842662,"[""building-part:112e9b2befaab9c871ff"", ""building-part:e04a00578e3fc764530d"", ""building-part:fb802773ff1115805352""]","[""building-part:112e9b2befaab9c871ff"", ""building-part:e04a00578e3fc764530d"", ""building-part:fb802773ff1115805352""]","[""building-part:112e9b2befaab9c871ff"", ""building-part:d58f9b1ca0fd841ecec9"", ""building-part:e04a00578e3fc764530d"", ""building-part:fb802773ff1115805352""]",True,True,True
29865ccb-e7e8-4ad6-a01c-d632f20761b7,1,ridge_eave_plane_group,1,29865ccb-e7e8-4ad6-a01c-d632f20761b7::ridge-eave-candidate::plane-group::f23e32bf910b,60.012123,155.448617,38.091487,9,0.683208,0.916667,0.787027,24.551383,4.435818,28.751169,8.946018,6,23.750059,29865ccb-e7e8-4ad6-a01c-d632f20761b7::eave-chain::1:7,0.974289,0,0.805155,0.814022,strong,keep,False,"[""29865ccb-e7e8-4ad6-a01c-d632f20761b7::eave-chain::1:0"", ""29865ccb-e7e8-4ad6-a01c-d632f20761b7::eave-chain::1:3"", ""29865ccb-e7e8-4ad6-a01c-d632f20761b7::eave-chain::1:4"", ""29865ccb-e7e8-4ad6-a01c-d632f20761b7::eave-chain::1:6"", ""29865ccb-e7e8-4ad6-a01c-d632f20761b7::eave-chain::1:7"", ""29865ccb-e7e8-4ad6-a01c-d632f20761b7::eave-chain::1:8""]",23.750059,0.103567,1.3002,"[""building-part:112e9b2befaab9c871ff"", ""building-part:d58f9b1ca0fd841ecec9""]","[""building-part:112e9b2befaab9c871ff"", ""building-part:d58f9b1ca0fd841ecec9""]","[""building-part:112e9b2befaab9c871ff"", ""building-part:d58f9b1ca0fd841ecec9"", ""building-part:e04a00578e3fc764530d"", ""building-part:fb802773ff1115805352""]",True,True,True
2d80b27f-ca29-4b3e-9197-ad3c4af7cbfb,0,ridge_eave_plane_group,0,2d80b27f-ca29-4b3e-9197-ad3c4af7cbfb::ridge-eave-candidate::plane-group::c5a1f7a6d3ab,74.357618,155.200792,28.780769,11,0.966339,0.896694,0.876468,90.000052,28.780769,0.0,16.975524,5,27.181135,2d80b27f-ca29-4b3e-9197-ad3c4af7cbfb::eave-chain::0:1,0.972998,0,0.90051,0.941168,strong,keep,False,"[""2d80b27f-ca29-4b3e-9197-ad3c4af7cbfb::eave-chain::0:1"", ""2d80b27f-ca29-4b3e-9197-ad3c4af7cbfb::eave-chain::0:3"", ""2d80b27f-ca29-4b3e-9197-ad3c4af7cbfb::eave-chain::0:5"", ""2d80b27f-ca29-4b3e-9197-ad3c4af7cbfb::eave-chain::0:6"", ""2d80b27f-ca29-4b3e-9197-ad3c4af7cbfb::eave-chain::0:7""]",27.181135,0.015812,1.174805,"[""building-part:25a71b6a23b0b383dfe1""]","[""building-part:25a71b6a23b0b383dfe1""]","[""building-part:25a71b6a23b0b383dfe1"", ""building-part:5dbf5d91c9592270a7ff""]",False,True,True
2f382701-addb-48a5-8749-0e8e7f988a10,2,candidate_oblique,0,2f382701-addb-48a5-8749-0e8e7f988a10::ceiling-oblique::ceiling-oblique:0,3.354286,279.870321,48.134982,1,0.982053,1.0,0.999994,0.263919,0.002501,6.948213,0.0,0,0.0,2f382701-addb-48a5-8749-0e8e7f988a10::eave-chain::2:7,0.399998,0,0.996408,0.99282,strong,keep,False,[],0.0,,,"[""building-part:23f4085173290f9d7998"", ""building-part:4d623c2cce05dd2ed7bf""]","[""building-part:23f4085173290f9d7998"", ""building-part:4d623c2cce05dd2ed7bf""]","[""building-part:23f4085173290f9d7998"", ""building-part:4d623c2cce05dd2ed7bf""]",False,True,True
2f382701-addb-48a5-8749-0e8e7f988a10,2,candidate_oblique,1,2f382701-addb-48a5-8749-0e8e7f988a10::ceiling-oblique::ceiling-oblique:1,6.872744,99.870335,45.203791,4,0.525471,0.911765,0.995652,5.573653,2.738028,5.263982,0.0,1,1.649078,2f382701-addb-48a5-8749-0e8e7f988a10::eave-chain::2:5,0.993618,0,0.87645,0.791672,strong,keep,False,"[""2f382701-addb-48a5-8749-0e8e7f988a10::eave-chain::2:5""]",1.649078,0.212315,0.002877,"[""building-part:23f4085173290f9d7998"", ""building-part:fdf5c70def1c9ca33280""]","[""building-part:23f4085173290f9d7998"", ""building-part:fdf5c70def1c9ca33280""]","[""building-part:23f4085173290f9d7998"", ""building-part:fdf5c70def1c9ca33280""]",False,True,True
2f382701-addb-48a5-8749-0e8e7f988a10,2,committed_oblique,0,2f382701-addb-48a5-8749-0e8e7f988a10::roof-oblique::oblique:0,30.745354,279.870526,48.138514,3,0.456919,1.0,0.667332,80.129474,48.138514,6.948213,13.304638,6,23.041013,2f382701-addb-48a5-8749-0e8e7f988a10::eave-chain::2:4,0.890676,0,0.72505,0.716234,medium,keep,False,"[""2f382701-addb-48a5-8749-0e8e7f988a10::eave-chain::2:1"", ""2f382701-addb-48a5-8749-0e8e7f988a10::eave-chain::2:2"", ""2f382701-addb-48a5-8749-0e8e7f988a10::eave-chain::2:4"", ""2f382701-addb-48a5-8749-0e8e7f988a10::eave-chain::2:6"", ""2f382701-addb-48a5-8749-0e8e7f988a10::eave-chain::2:7"", ""2f382701-addb-48a5-8749-0e8e7f988a10::eave-chain::2:9""]",23.041013,0.112451,2.236421,"[""building-part:4d623c2cce05dd2ed7bf""]","[""building-part:4d623c2cce05dd2ed7bf""]","[""building-part:23f4085173290f9d7998"", ""building-part:26c12f1dd24c5e4d54b3"", ""building-part:4d623c2cce05dd2ed7bf""]",False,True,True
2f382701-addb-48a5-8749-0e8e7f988a10,2,committed_oblique,1,2f382701-addb-48a5-8749-0e8e7f988a10::roof-oblique::oblique:1,25.53718,99.871138,45.206886,7,0.856819,0.92437,0.704549,80.128862,45.206886,5.263982,17.137391,7,24.690091,2f382701-addb-48a5-8749-0e8e7f988a10::eave-chain::2:5,0.993642,0,0.800949,0.868511,strong,keep,False,"[""2f382701-addb-48a5-8749-0e8e7f988a10::eave-chain::2:1"", ""2f382701-addb-48a5-8749-0e8e7f988a10::eave-chain::2:2"", ""2f382701-addb-48a5-8749-0e8e7f988a10::eave-chain::2:4"", ""2f382701-addb-48a5-8749-0e8e7f988a10::eave-chain::2:5"", ""2f382701-addb-48a5-8749-0e8e7f988a10::eave-chain::2:6"", ""2f382701-addb-48a5-8749-0e8e7f988a10::eave-chain::2:7"", ""2f382701-addb-48a5-8749-0e8e7f988a10::eave-chain::2:9""]",24.690091,0.212315,1.4598,"[""building-part:23f4085173290f9d7998"", ""building-part:c8a2542cbb81c14363c0"", ""building-part:d0d10c4e69c1e635076c"", ""building-part:fdf5c70def1c9ca33280""]","[""building-part:23f4085173290f9d7998"", ""building-part:c8a2542cbb81c14363c0"", ""building-part:d0d10c4e69c1e635076c"", ""building-part:fdf5c70def1c9ca33280""]","[""building-part:23f4085173290f9d7998"", ""building-part:26c12f1dd24c5e4d54b3"", ""building-part:c8a2542cbb81c14363c0"", ""building-part:d0d10c4e69c1e635076c"", ""building-part:fdf5c70def1c9ca33280""]",False,True,True
2f382701-addb-48a5-8749-0e8e7f988a10,2,ridge_eave_plane_group,0,2f382701-addb-48a5-8749-0e8e7f988a10::ridge-eave-candidate::plane-group::ca0e5d8da3d9,107.823162,279.870321,48.13499,10,0.351898,0.947059,0.667378,90.0,48.13499,12.212195,11.880815,7,24.690091,2f382701-addb-48a5-8749-0e8e7f988a10::eave-chain::2:7,0.899998,0,0.688186,0.663647,medium,keep,False,"[""2f382701-addb-48a5-8749-0e8e7f988a10::eave-chain::2:1"", ""2f382701-addb-48a5-8749-0e8e7f988a10::eave-chain::2:2"", ""2f382701-addb-48a5-8749-0e8e7f988a10::eave-chain::2:4"", ""2f382701-addb-48a5-8749-0e8e7f988a10::eave-chain::2:5"", ""2f382701-addb-48a5-8749-0e8e7f988a10::eave-chain::2:6"", ""2f382701-addb-48a5-8749-0e8e7f988a10::eave-chain::2:7"", ""2f382701-addb-48a5-8749-0e8e7f988a10::eave-chain::2:9""]",24.690091,0.21233,2.354212,"[""building-part:4d623c2cce05dd2ed7bf""]","[""building-part:4d623c2cce05dd2ed7bf""]","[""building-part:23f4085173290f9d7998"", ""building-part:4d623c2cce05dd2ed7bf"", ""building-part:fdf5c70def1c9ca33280""]",False,True,True
2f382701-addb-48a5-8749-0e8e7f988a10,2,ridge_eave_plane_group,1,2f382701-addb-48a5-8749-0e8e7f988a10::ridge-eave-candidate::plane-group::54d1cd1a9f12,107.823162,99.870336,45.210222,10,0.351898,0.947059,0.704508,90.0,45.210222,12.212195,11.880815,7,24.690091,2f382701-addb-48a5-8749-0e8e7f988a10::eave-chain::2:5,0.978298,0,0.706751,0.671073,medium,keep,False,"[""2f382701-addb-48a5-8749-0e8e7f988a10::eave-chain::2:1"", ""2f382701-addb-48a5-8749-0e8e7f988a10::eave-chain::2:2"", ""2f382701-addb-48a5-8749-0e8e7f988a10::eave-chain::2:4"", ""2f382701-addb-48a5-8749-0e8e7f988a10::eave-chain::2:5"", ""2f382701-addb-48a5-8749-0e8e7f988a10::eave-chain::2:6"", ""2f382701-addb-48a5-8749-0e8e7f988a10::eave-chain::2:7"", ""2f382701-addb-48a5-8749-0e8e7f988a10::eave-chain::2:9""]",24.690091,0.212315,1.393086,"[""building-part:23f4085173290f9d7998"", ""building-part:fdf5c70def1c9ca33280""]","[""building-part:23f4085173290f9d7998"", ""building-part:fdf5c70def1c9ca33280""]","[""building-part:23f4085173290f9d7998"", ""building-part:26c12f1dd24c5e4d54b3"", ""building-part:4d623c2cce05dd2ed7bf"", ""building-part:d0d10c4e69c1e635076c"", ""building-part:fdf5c70def1c9ca33280""]",False,True,True
3297bc28-5d39-4358-bd2e-0f1183cae489,2,candidate_oblique,0,3297bc28-5d39-4358-bd2e-0f1183cae489::ceiling-oblique::ceiling-oblique:0,6.560471,87.222138,54.776542,6,0.581067,0.92401,0.788242,44.215608,27.952213,9.764385,3.672274,2,3.672274,3297bc28-5d39-4358-bd2e-0f1183cae489::eave-chain::2:4,0.965686,0,0.787538,0.774877,strong,keep,False,"[""3297bc28-5d39-4358-bd2e-0f1183cae489::eave-chain::2:2"", ""3297bc28-5d39-4358-bd2e-0f1183cae489::eave-chain::2:4""]",3.672274,0.411552,0.106366,"[""building-part:69efc173488ffa9289d9"", ""building-part:7cdb745b8d38468bcfbe"", ""building-part:a35ed97b00372d60196d""]","[""building-part:69efc173488ffa9289d9"", ""building-part:7cdb745b8d38468bcfbe"", ""building-part:a35ed97b00372d60196d""]","[""building-part:69efc173488ffa9289d9"", ""building-part:7cdb745b8d38468bcfbe"", ""building-part:a35ed97b00372d60196d""]",False,True,True
3297bc28-5d39-4358-bd2e-0f1183cae489,2,candidate_oblique,1,3297bc28-5d39-4358-bd2e-0f1183cae489::ceiling-oblique::ceiling-oblique:1,3.738993,267.240885,53.801973,0,0.0,0.0,,,,0.0,0.0,0,0.0,3297bc28-5d39-4358-bd2e-0f1183cae489::eave-chain::2:4,0.39996,0,0.0,0.0,weak,drop_candidate,False,[],0.0,,,"[""building-part:7cdb745b8d38468bcfbe"", ""building-part:ab3af6f0ef66729f5e5d""]","[""building-part:7cdb745b8d38468bcfbe"", ""building-part:ab3af6f0ef66729f5e5d""]","[""building-part:7cdb745b8d38468bcfbe"", ""building-part:ab3af6f0ef66729f5e5d""]",False,True,True
3297bc28-5d39-4358-bd2e-0f1183cae489,2,committed_oblique,0,3297bc28-5d39-4358-bd2e-0f1183cae489::roof-oblique::oblique:0,24.235801,87.222046,54.777408,7,0.584956,0.926929,0.576754,87.222046,54.777408,9.764385,2.388862,3,6.061136,3297bc28-5d39-4358-bd2e-0f1183cae489::eave-chain::2:4,0.965708,0,0.683447,0.734719,medium,keep,False,"[""3297bc28-5d39-4358-bd2e-0f1183cae489::eave-chain::2:1"", ""3297bc28-5d39-4358-bd2e-0f1183cae489::eave-chain::2:2"", ""3297bc28-5d39-4358-bd2e-0f1183cae489::eave-chain::2:4""]",6.061136,0.027052,0.135331,"[""building-part:69efc173488ffa9289d9"", ""building-part:7cdb745b8d38468bcfbe"", ""building-part:a35ed97b00372d60196d""]","[""building-part:69efc173488ffa9289d9"", ""building-part:7cdb745b8d38468bcfbe"", ""building-part:a35ed97b00372d60196d""]","[""building-part:69efc173488ffa9289d9"", ""building-part:7cdb745b8d38468bcfbe"", ""building-part:a35ed97b00372d60196d""]",False,True,True
3297bc28-5d39-4358-bd2e-0f1183cae489,2,committed_oblique,1,3297bc28-5d39-4358-bd2e-0f1183cae489::roof-oblique::oblique:1,26.460838,267.241754,53.806531,4,0.314088,0.886015,0.590514,87.241754,53.806531,6.504827,2.388862,1,2.388862,3297bc28-5d39-4358-bd2e-0f1183cae489::eave-chain::2:1,0.895355,0,0.623879,0.620941,medium,maybe,False,"[""3297bc28-5d39-4358-bd2e-0f1183cae489::eave-chain::2:1""]",2.388862,0.045799,1.987778,"[""building-part:7cdb745b8d38468bcfbe"", ""building-part:a35ed97b00372d60196d"", ""building-part:ab3af6f0ef66729f5e5d""]","[""building-part:7cdb745b8d38468bcfbe"", ""building-part:a35ed97b00372d60196d"", ""building-part:ab3af6f0ef66729f5e5d""]","[""building-part:7cdb745b8d38468bcfbe"", ""building-part:a35ed97b00372d60196d"", ""building-part:ab3af6f0ef66729f5e5d""]",False,True,True
3297bc28-5d39-4358-bd2e-0f1183cae489,1,ridge_eave_plane_group,1,3297bc28-5d39-4358-bd2e-0f1183cae489::ridge-eave-candidate::plane-group::273c9b9ffc8e,53.386753,86.692866,34.217354,4,0.817779,0.688725,0.820517,113.847142,30.574025,0.0,12.258669,7,23.850901,3297bc28-5d39-4358-bd2e-0f1183cae489::eave-chain::1:0,0.956126,0,0.780432,0.82896,strong,keep,False,"[""3297bc28-5d39-4358-bd2e-0f1183cae489::eave-chain::1:0"", ""3297bc28-5d39-4358-bd2e-0f1183cae489::eave-chain::1:1"", ""3297bc28-5d39-4358-bd2e-0f1183cae489::eave-chain::1:10"", ""3297bc28-5d39-4358-bd2e-0f1183cae489::eave-chain::1:3"", ""3297bc28-5d39-4358-bd2e-0f1183cae489::eave-chain::1:5"", ""3297bc28-5d39-4358-bd2e-0f1183cae489::eave-chain::1:6"", ""3297bc28-5d39-4358-bd2e-0f1183cae489::eave-chain::1:8""]",23.850901,0.032812,1.449477,"[""building-part:5981bd45ed2a945224b8""]","[""building-part:5981bd45ed2a945224b8""]","[""building-part:5981bd45ed2a945224b8"", ""building-part:e85f77e767703820a450""]",False,True,True
3297bc28-5d39-4358-bd2e-0f1183cae489,1,ridge_eave_plane_group,3,3297bc28-5d39-4358-bd2e-0f1183cae489::ridge-eave-candidate::plane-group::0fccafb89e62,53.386753,87.225043,54.588479,4,0.817779,0.688725,0.570257,113.847142,50.945151,0.0,12.258669,7,23.850901,3297bc28-5d39-4358-bd2e-0f1183cae489::eave-chain::1:0,0.892436,0,0.655302,0.778908,medium,keep,False,"[""3297bc28-5d39-4358-bd2e-0f1183cae489::eave-chain::1:0"", ""3297bc28-5d39-4358-bd2e-0f1183cae489::eave-chain::1:1"", ""3297bc28-5d39-4358-bd2e-0f1183cae489::eave-chain::1:10"", ""3297bc28-5d39-4358-bd2e-0f1183cae489::eave-chain::1:3"", ""3297bc28-5d39-4358-bd2e-0f1183cae489::eave-chain::1:5"", ""3297bc28-5d39-4358-bd2e-0f1183cae489::eave-chain::1:6"", ""3297bc28-5d39-4358-bd2e-0f1183cae489::eave-chain::1:8""]",23.850901,0.532525,5.871805,"[""building-part:69efc173488ffa9289d9"", ""building-part:7cdb745b8d38468bcfbe"", ""building-part:a35ed97b00372d60196d""]","[""building-part:69efc173488ffa9289d9"", ""building-part:7cdb745b8d38468bcfbe"", ""building-part:a35ed97b00372d60196d""]","[""building-part:5981bd45ed2a945224b8"", ""building-part:e85f77e767703820a450""]",False,True,True
3297bc28-5d39-4358-bd2e-0f1183cae489,1,ridge_eave_plane_group,4,3297bc28-5d39-4358-bd2e-0f1183cae489::ridge-eave-candidate::plane-group::af1d6193663e,53.386753,267.240885,53.79852,4,0.817779,0.688725,0.599578,66.152858,50.155192,0.0,12.258669,7,23.850901,3297bc28-5d39-4358-bd2e-0f1183cae489::eave-chain::1:0,0.892014,0,0.669963,0.784772,medium,keep,False,"[""3297bc28-5d39-4358-bd2e-0f1183cae489::eave-chain::1:0"", ""3297bc28-5d39-4358-bd2e-0f1183cae489::eave-chain::1:1"", ""3297bc28-5d39-4358-bd2e-0f1183cae489::eave-chain::1:10"", ""3297bc28-5d39-4358-bd2e-0f1183cae489::eave-chain::1:3"", ""3297bc28-5d39-4358-bd2e-0f1183cae489::eave-chain::1:5"", ""3297bc28-5d39-4358-bd2e-0f1183cae489::eave-chain::1:6"", ""3297bc28-5d39-4358-bd2e-0f1183cae489::eave-chain::1:8""]",23.850901,0.548367,4.417844,"[""building-part:a35ed97b00372d60196d"", ""building-part:ab3af6f0ef66729f5e5d""]","[""building-part:a35ed97b00372d60196d"", ""building-part:ab3af6f0ef66729f5e5d""]","[""building-part:e85f77e767703820a450""]",False,True,True
37e9355f-29a7-4303-abae-240c55df13e4,0,ridge_eave_plane_group,0,37e9355f-29a7-4303-abae-240c55df13e4::ridge-eave-candidate::plane-group::cdf8edc4ea5c,131.647664,143.378675,6.163285,16,0.888351,0.759984,0.99422,143.378675,6.163285,0.0,0.0,0,0.0,37e9355f-29a7-4303-abae-240c55df13e4::eave-chain::0:3,0.599883,0,0.902775,0.706181,strong,keep,False,[],0.0,,,"[""building-part:63bd16c650d5bde324aa""]","[""building-part:63bd16c650d5bde324aa""]","[""building-part:1ad1370f94c452057bd7"", ""building-part:63bd16c650d5bde324aa""]",True,True,True
37e9355f-29a7-4303-abae-240c55df13e4,0,ridge_eave_plane_group,1,37e9355f-29a7-4303-abae-240c55df13e4::ridge-eave-candidate::plane-group::47368e73e39a,131.647664,358.525287,36.76596,16,0.888351,0.759984,0.801087,2.740248,36.76596,0.0,13.504374,9,50.178964,37e9355f-29a7-4303-abae-240c55df13e4::eave-chain::0:15,0.899983,0,0.806209,0.867555,strong,keep,False,"[""37e9355f-29a7-4303-abae-240c55df13e4::eave-chain::0:1"", ""37e9355f-29a7-4303-abae-240c55df13e4::eave-chain::0:11"", ""37e9355f-29a7-4303-abae-240c55df13e4::eave-chain::0:15"", ""37e9355f-29a7-4303-abae-240c55df13e4::eave-chain::0:3"", ""37e9355f-29a7-4303-abae-240c55df13e4::eave-chain::0:5"", ""37e9355f-29a7-4303-abae-240c55df13e4::eave-chain::0:6"", ""37e9355f-29a7-4303-abae-240c55df13e4::eave-chain::0:7"", ""37e9355f-29a7-4303-abae-240c55df13e4::eave-chain::0:8"", ""37e9355f-29a7-4303-abae-240c55df13e4::eave-chain::0:9""]",50.178964,0.153537,2.750385,"[""building-part:63bd16c650d5bde324aa""]","[""building-part:63bd16c650d5bde324aa""]","[""building-part:1ad1370f94c452057bd7"", ""building-part:63bd16c650d5bde324aa""]",True,True,True
37e9355f-29a7-4303-abae-240c55df13e4,0,ridge_eave_plane_group,2,37e9355f-29a7-4303-abae-240c55df13e4::ridge-eave-candidate::plane-group::31dd1d8452ac,131.647664,268.525279,8.413848,16,0.888351,0.759984,0.989237,91.474721,8.413848,0.0,21.148663,7,43.625808,37e9355f-29a7-4303-abae-240c55df13e4::eave-chain::0:14,0.939608,0,0.900284,0.905185,strong,keep,False,"[""37e9355f-29a7-4303-abae-240c55df13e4::eave-chain::0:0"", ""37e9355f-29a7-4303-abae-240c55df13e4::eave-chain::0:10"", ""37e9355f-29a7-4303-abae-240c55df13e4::eave-chain::0:12"", ""37e9355f-29a7-4303-abae-240c55df13e4::eave-chain::0:13"", ""37e9355f-29a7-4303-abae-240c55df13e4::eave-chain::0:14"", ""37e9355f-29a7-4303-abae-240c55df13e4::eave-chain::0:2"", ""37e9355f-29a7-4303-abae-240c55df13e4::eave-chain::0:4""]",43.625808,0.061819,1.038457,"[""building-part:63bd16c650d5bde324aa""]","[""building-part:63bd16c650d5bde324aa""]","[""building-part:1ad1370f94c452057bd7"", ""building-part:63bd16c650d5bde324aa""]",True,True,True
38158927-652c-4d01-9aa3-770956648d85,1,candidate_oblique,0,38158927-652c-4d01-9aa3-770956648d85::ceiling-oblique::ceiling-oblique:0,4.288286,321.517975,42.671559,2,0.958988,0.519231,0.99969,0.210601,1.417542,13.636386,16.37408,4,23.152226,38158927-652c-4d01-9aa3-770956648d85::eave-chain::1:6,0.997112,0,0.847412,0.887379,strong,keep,False,"[""38158927-652c-4d01-9aa3-770956648d85::eave-chain::1:0"", ""38158927-652c-4d01-9aa3-770956648d85::eave-chain::1:2"", ""38158927-652c-4d01-9aa3-770956648d85::eave-chain::1:6"", ""38158927-652c-4d01-9aa3-770956648d85::eave-chain::1:9""]",23.152226,0.281119,0.526668,"[""building-part:47d91354ce581db4ade7""]","[""building-part:47d91354ce581db4ade7""]","[""building-part:47d91354ce581db4ade7""]",True,True,True
38158927-652c-4d01-9aa3-770956648d85,1,candidate_oblique,1,38158927-652c-4d01-9aa3-770956648d85::ceiling-oblique::ceiling-oblique:1,21.354585,141.517973,40.070446,4,0.924815,0.644231,0.999163,1.379483,2.010429,13.636386,8.065137,5,16.270459,38158927-652c-4d01-9aa3-770956648d85::eave-chain::1:5,0.991419,0,0.877814,0.898605,strong,keep,False,"[""38158927-652c-4d01-9aa3-770956648d85::eave-chain::1:10"", ""38158927-652c-4d01-9aa3-770956648d85::eave-chain::1:5"", ""38158927-652c-4d01-9aa3-770956648d85::eave-chain::1:6"", ""38158927-652c-4d01-9aa3-770956648d85::eave-chain::1:8"", ""38158927-652c-4d01-9aa3-770956648d85::eave-chain::1:9""]",16.270459,0.167036,0.060463,"[""building-part:47d91354ce581db4ade7""]","[""building-part:47d91354ce581db4ade7""]","[""building-part:47d91354ce581db4ade7""]",True,True,True
38158927-652c-4d01-9aa3-770956648d85,1,committed_oblique,0,38158927-652c-4d01-9aa3-770956648d85::roof-oblique::oblique:0,25.294404,321.514473,42.670593,4,0.929147,0.759615,0.867464,70.89429,22.071083,0.0,9.555855,4,23.152226,38158927-652c-4d01-9aa3-770956648d85::eave-chain::1:6,0.997084,0,0.847446,0.897075,strong,keep,False,"[""38158927-652c-4d01-9aa3-770956648d85::eave-chain::1:0"", ""38158927-652c-4d01-9aa3-770956648d85::eave-chain::1:2"", ""38158927-652c-4d01-9aa3-770956648d85::eave-chain::1:6"", ""38158927-652c-4d01-9aa3-770956648d85::eave-chain::1:9""]",23.152226,0.281119,0.526467,"[""building-part:47d91354ce581db4ade7""]","[""building-part:47d91354ce581db4ade7""]","[""building-part:47d91354ce581db4ade7""]",True,True,True
38158927-652c-4d01-9aa3-770956648d85,1,committed_oblique,1,38158927-652c-4d01-9aa3-770956648d85::roof-oblique::oblique:1,24.660749,141.52185,40.07407,4,0.832904,0.644231,0.999162,1.375605,2.010429,13.636386,7.116834,5,16.270459,38158927-652c-4d01-9aa3-770956648d85::eave-chain::1:9,0.973623,0,0.859431,0.86184,strong,keep,False,"[""38158927-652c-4d01-9aa3-770956648d85::eave-chain::1:10"", ""38158927-652c-4d01-9aa3-770956648d85::eave-chain::1:5"", ""38158927-652c-4d01-9aa3-770956648d85::eave-chain::1:6"", ""38158927-652c-4d01-9aa3-770956648d85::eave-chain::1:8"", ""38158927-652c-4d01-9aa3-770956648d85::eave-chain::1:9""]",16.270459,0.167036,0.060155,"[""building-part:47d91354ce581db4ade7""]","[""building-part:47d91354ce581db4ade7""]","[""building-part:47d91354ce581db4ade7""]",True,True,True
38158927-652c-4d01-9aa3-770956648d85,1,ridge_eave_plane_group,0,38158927-652c-4d01-9aa3-770956648d85::ridge-eave-candidate::plane-group::4036df590612,70.696608,321.517975,42.671818,8,0.633507,0.701923,0.735248,141.517975,3.779327,13.636386,6.778145,7,29.826907,38158927-652c-4d01-9aa3-770956648d85::eave-chain::1:6,0.997142,0,0.704902,0.740837,medium,keep,False,"[""38158927-652c-4d01-9aa3-770956648d85::eave-chain::1:0"", ""38158927-652c-4d01-9aa3-770956648d85::eave-chain::1:10"", ""38158927-652c-4d01-9aa3-770956648d85::eave-chain::1:2"", ""38158927-652c-4d01-9aa3-770956648d85::eave-chain::1:5"", ""38158927-652c-4d01-9aa3-770956648d85::eave-chain::1:6"", ""38158927-652c-4d01-9aa3-770956648d85::eave-chain::1:8"", ""38158927-652c-4d01-9aa3-770956648d85::eave-chain::1:9""]",29.826907,0.275457,2.467331,"[""building-part:47d91354ce581db4ade7""]","[""building-part:47d91354ce581db4ade7""]","[""building-part:47d91354ce581db4ade7""]",True,True,True
38158927-652c-4d01-9aa3-770956648d85,1,ridge_eave_plane_group,1,38158927-652c-4d01-9aa3-770956648d85::ridge-eave-candidate::plane-group::4c65ef164b7c,70.696608,141.517973,40.070931,8,0.633507,0.701923,0.765248,38.482027,3.442255,13.636386,6.778145,7,29.826907,38158927-652c-4d01-9aa3-770956648d85::eave-chain::1:9,0.975155,0,0.719902,0.746837,medium,keep,False,"[""38158927-652c-4d01-9aa3-770956648d85::eave-chain::1:0"", ""38158927-652c-4d01-9aa3-770956648d85::eave-chain::1:10"", ""38158927-652c-4d01-9aa3-770956648d85::eave-chain::1:2"", ""38158927-652c-4d01-9aa3-770956648d85::eave-chain::1:5"", ""38158927-652c-4d01-9aa3-770956648d85::eave-chain::1:6"", ""38158927-652c-4d01-9aa3-770956648d85::eave-chain::1:8"", ""38158927-652c-4d01-9aa3-770956648d85::eave-chain::1:9""]",29.826907,0.275459,1.072811,"[""building-part:47d91354ce581db4ade7""]","[""building-part:47d91354ce581db4ade7""]","[""building-part:47d91354ce581db4ade7""]",True,True,True
38f71f1d-2c71-4fcd-9997-83b2914416b0,1,candidate_oblique,0,38f71f1d-2c71-4fcd-9997-83b2914416b0::ceiling-oblique::ceiling-oblique:0,18.446158,175.533141,47.383194,6,0.84169,0.870139,0.999079,1.06874,2.426229,12.29229,13.565164,1,13.565164,38f71f1d-2c71-4fcd-9997-83b2914416b0::eave-chain::1:2,0.987178,0,0.928919,0.91052,strong,keep,False,"[""38f71f1d-2c71-4fcd-9997-83b2914416b0::eave-chain::1:2""]",13.565164,0.442963,0.00404,"[""building-part:2217fbab823c357ad87b"", ""building-part:6edc75e0a62db6cb17cc"", ""building-part:a872fb9519e1f374ba0e""]","[""building-part:2217fbab823c357ad87b"", ""building-part:6edc75e0a62db6cb17cc"", ""building-part:a872fb9519e1f374ba0e""]","[""building-part:2217fbab823c357ad87b"", ""building-part:6edc75e0a62db6cb17cc"", ""building-part:a872fb9519e1f374ba0e""]",False,True,True
38f71f1d-2c71-4fcd-9997-83b2914416b0,1,candidate_oblique,1,38f71f1d-2c71-4fcd-9997-83b2914416b0::ceiling-oblique::ceiling-oblique:1,8.832447,355.533124,49.638589,4,0.94992,1.0,0.823769,2.233443,25.153918,16.482473,4.250607,1,4.250607,38f71f1d-2c71-4fcd-9997-83b2914416b0::eave-chain::1:4,0.987901,0,0.901869,0.944722,strong,keep,False,"[""38f71f1d-2c71-4fcd-9997-83b2914416b0::eave-chain::1:4""]",4.250607,0.000662,0.048303,"[""building-part:2217fbab823c357ad87b"", ""building-part:6edc75e0a62db6cb17cc""]","[""building-part:2217fbab823c357ad87b"", ""building-part:6edc75e0a62db6cb17cc""]","[""building-part:2217fbab823c357ad87b"", ""building-part:6edc75e0a62db6cb17cc""]",False,True,True
38f71f1d-2c71-4fcd-9997-83b2914416b0,1,committed_oblique,0,38f71f1d-2c71-4fcd-9997-83b2914416b0::roof-oblique::oblique:0,47.69253,175.533959,47.384095,7,0.657396,0.88869,0.999021,1.361068,2.473552,12.29229,17.912542,3,21.486821,38f71f1d-2c71-4fcd-9997-83b2914416b0::eave-chain::1:2,0.987184,0,0.897597,0.8405,strong,keep,False,"[""38f71f1d-2c71-4fcd-9997-83b2914416b0::eave-chain::1:1"", ""38f71f1d-2c71-4fcd-9997-83b2914416b0::eave-chain::1:2"", ""38f71f1d-2c71-4fcd-9997-83b2914416b0::eave-chain::1:3""]",21.486821,0.00047,2.296449,"[""building-part:2217fbab823c357ad87b"", ""building-part:6edc75e0a62db6cb17cc"", ""building-part:a872fb9519e1f374ba0e""]","[""building-part:2217fbab823c357ad87b"", ""building-part:6edc75e0a62db6cb17cc"", ""building-part:a872fb9519e1f374ba0e""]","[""building-part:2217fbab823c357ad87b"", ""building-part:6edc75e0a62db6cb17cc"", ""building-part:a872fb9519e1f374ba0e""]",False,True,True
38f71f1d-2c71-4fcd-9997-83b2914416b0,1,committed_oblique,1,38f71f1d-2c71-4fcd-9997-83b2914416b0::roof-oblique::oblique:1,54.147024,355.532864,49.638609,6,0.479597,0.947917,0.823769,2.233836,25.153938,16.482473,7.921657,3,12.172264,38f71f1d-2c71-4fcd-9997-83b2914416b0::eave-chain::1:4,0.987945,0,0.792179,0.746176,strong,keep,False,"[""38f71f1d-2c71-4fcd-9997-83b2914416b0::eave-chain::1:1"", ""38f71f1d-2c71-4fcd-9997-83b2914416b0::eave-chain::1:3"", ""38f71f1d-2c71-4fcd-9997-83b2914416b0::eave-chain::1:4""]",12.172264,0.000487,1.981979,"[""building-part:2217fbab823c357ad87b"", ""building-part:6edc75e0a62db6cb17cc""]","[""building-part:2217fbab823c357ad87b"", ""building-part:6edc75e0a62db6cb17cc""]","[""building-part:2217fbab823c357ad87b"", ""building-part:6edc75e0a62db6cb17cc"", ""building-part:a872fb9519e1f374ba0e""]",False,True,True
38f71f1d-2c71-4fcd-9997-83b2914416b0,1,ridge_eave_plane_group,0,38f71f1d-2c71-4fcd-9997-83b2914416b0::ridge-eave-candidate::plane-group::a2b0a6b515b8,108.930016,175.518103,47.772087,11,0.526463,0.900758,0.672081,175.518103,2.133337,28.774762,0.0,4,25.737429,38f71f1d-2c71-4fcd-9997-83b2914416b0::eave-chain::1:2,0.987217,0,0.711561,0.725153,medium,keep,False,"[""38f71f1d-2c71-4fcd-9997-83b2914416b0::eave-chain::1:1"", ""38f71f1d-2c71-4fcd-9997-83b2914416b0::eave-chain::1:2"", ""38f71f1d-2c71-4fcd-9997-83b2914416b0::eave-chain::1:3"", ""38f71f1d-2c71-4fcd-9997-83b2914416b0::eave-chain::1:4""]",25.737429,0.015596,2.719756,"[""building-part:2217fbab823c357ad87b"", ""building-part:6edc75e0a62db6cb17cc"", ""building-part:a872fb9519e1f374ba0e""]","[""building-part:2217fbab823c357ad87b"", ""building-part:6edc75e0a62db6cb17cc"", ""building-part:a872fb9519e1f374ba0e""]","[""building-part:2217fbab823c357ad87b"", ""building-part:6edc75e0a62db6cb17cc"", ""building-part:a872fb9519e1f374ba0e""]",False,True,True
38f71f1d-2c71-4fcd-9997-83b2914416b0,1,ridge_eave_plane_group,1,38f71f1d-2c71-4fcd-9997-83b2914416b0::ridge-eave-candidate::plane-group::fea07e7530d9,108.930016,355.533132,49.47165,11,0.526463,0.900758,0.649824,4.466868,1.89371,28.774762,0.0,4,25.737429,38f71f1d-2c71-4fcd-9997-83b2914416b0::eave-chain::1:4,0.989997,0,0.700432,0.720701,medium,keep,False,"[""38f71f1d-2c71-4fcd-9997-83b2914416b0::eave-chain::1:1"", ""38f71f1d-2c71-4fcd-9997-83b2914416b0::eave-chain::1:2"", ""38f71f1d-2c71-4fcd-9997-83b2914416b0::eave-chain::1:3"", ""38f71f1d-2c71-4fcd-9997-83b2914416b0::eave-chain::1:4""]",25.737429,0.000567,2.430854,"[""building-part:2217fbab823c357ad87b"", ""building-part:6edc75e0a62db6cb17cc""]","[""building-part:2217fbab823c357ad87b"", ""building-part:6edc75e0a62db6cb17cc""]","[""building-part:2217fbab823c357ad87b"", ""building-part:6edc75e0a62db6cb17cc"", ""building-part:a872fb9519e1f374ba0e""]",False,True,True
3a034c99-8986-4749-aedb-0a5a04ea803f,1,candidate_oblique,0,3a034c99-8986-4749-aedb-0a5a04ea803f::ceiling-oblique::ceiling-oblique:0,11.193887,307.021328,43.963722,3,0.975108,1.0,0.999816,0.252485,1.094916,13.574691,6.787111,1,6.787111,3a034c99-8986-4749-aedb-0a5a04ea803f::eave-chain::1:2,0.980524,0,0.994929,0.990006,strong,keep,False,"[""3a034c99-8986-4749-aedb-0a5a04ea803f::eave-chain::1:2""]",6.787111,0.378691,0.037503,"[""building-part:61568ffde2fb1545b155""]","[""building-part:61568ffde2fb1545b155""]","[""building-part:61568ffde2fb1545b155""]",True,False,False
3a034c99-8986-4749-aedb-0a5a04ea803f,1,candidate_oblique,1,3a034c99-8986-4749-aedb-0a5a04ea803f::ceiling-oblique::ceiling-oblique:1,11.19248,127.021327,43.392797,3,0.967532,1.0,0.999991,0.254835,0.227686,13.48623,6.743036,1,6.743036,3a034c99-8986-4749-aedb-0a5a04ea803f::eave-chain::1:5,0.985107,0,0.993502,0.987011,strong,keep,False,"[""3a034c99-8986-4749-aedb-0a5a04ea803f::eave-chain::1:5""]",6.743036,0.552162,0.000674,"[""building-part:61568ffde2fb1545b155""]","[""building-part:61568ffde2fb1545b155""]","[""building-part:61568ffde2fb1545b155""]",True,False,False
3a034c99-8986-4749-aedb-0a5a04ea803f,1,committed_oblique,0,3a034c99-8986-4749-aedb-0a5a04ea803f::roof-oblique::oblique:0,26.461969,307.020391,43.965344,5,0.986129,1.0,0.71976,52.979609,43.965344,13.574691,13.868596,4,26.830041,3a034c99-8986-4749-aedb-0a5a04ea803f::eave-chain::1:2,0.980551,0,0.857106,0.938403,strong,keep,False,"[""3a034c99-8986-4749-aedb-0a5a04ea803f::eave-chain::1:1"", ""3a034c99-8986-4749-aedb-0a5a04ea803f::eave-chain::1:2"", ""3a034c99-8986-4749-aedb-0a5a04ea803f::eave-chain::1:4"", ""3a034c99-8986-4749-aedb-0a5a04ea803f::eave-chain::1:6""]",26.830041,0.009966,1.89099,"[""building-part:61568ffde2fb1545b155""]","[""building-part:61568ffde2fb1545b155""]","[""building-part:61568ffde2fb1545b155""]",True,False,False
3a034c99-8986-4749-aedb-0a5a04ea803f,1,committed_oblique,1,3a034c99-8986-4749-aedb-0a5a04ea803f::roof-oblique::oblique:1,26.312836,127.028058,43.392911,6,0.967355,1.0,0.72666,52.971942,43.392911,13.48623,13.824521,4,26.785966,3a034c99-8986-4749-aedb-0a5a04ea803f::eave-chain::1:5,0.985078,0,0.856801,0.932274,strong,keep,False,"[""3a034c99-8986-4749-aedb-0a5a04ea803f::eave-chain::1:1"", ""3a034c99-8986-4749-aedb-0a5a04ea803f::eave-chain::1:4"", ""3a034c99-8986-4749-aedb-0a5a04ea803f::eave-chain::1:5"", ""3a034c99-8986-4749-aedb-0a5a04ea803f::eave-chain::1:6""]",26.785966,0.009965,1.346327,"[""building-part:61568ffde2fb1545b155""]","[""building-part:61568ffde2fb1545b155""]","[""building-part:61568ffde2fb1545b155""]",True,False,False
3a034c99-8986-4749-aedb-0a5a04ea803f,1,ridge_eave_plane_group,0,3a034c99-8986-4749-aedb-0a5a04ea803f::ridge-eave-candidate::plane-group::6182ae5acf77,53.24916,307.021328,43.963606,9,0.968297,1.0,0.719781,52.978672,43.963606,27.060921,13.530147,5,33.573077,3a034c99-8986-4749-aedb-0a5a04ea803f::eave-chain::1:2,0.980681,0,0.85355,0.931275,strong,keep,False,"[""3a034c99-8986-4749-aedb-0a5a04ea803f::eave-chain::1:1"", ""3a034c99-8986-4749-aedb-0a5a04ea803f::eave-chain::1:2"", ""3a034c99-8986-4749-aedb-0a5a04ea803f::eave-chain::1:4"", ""3a034c99-8986-4749-aedb-0a5a04ea803f::eave-chain::1:5"", ""3a034c99-8986-4749-aedb-0a5a04ea803f::eave-chain::1:6""]",33.573077,0.014779,2.459559,"[""building-part:61568ffde2fb1545b155""]","[""building-part:61568ffde2fb1545b155""]","[""building-part:61568ffde2fb1545b155""]",True,False,False
3a034c99-8986-4749-aedb-0a5a04ea803f,1,ridge_eave_plane_group,1,3a034c99-8986-4749-aedb-0a5a04ea803f::ridge-eave-candidate::plane-group::5f4872611189,53.24916,127.021327,43.392795,9,0.968297,1.0,0.726661,127.021327,43.392795,27.060921,13.530147,5,33.573077,3a034c99-8986-4749-aedb-0a5a04ea803f::eave-chain::1:5,0.985115,0,0.85699,0.932651,strong,keep,False,"[""3a034c99-8986-4749-aedb-0a5a04ea803f::eave-chain::1:1"", ""3a034c99-8986-4749-aedb-0a5a04ea803f::eave-chain::1:2"", ""3a034c99-8986-4749-aedb-0a5a04ea803f::eave-chain::1:4"", ""3a034c99-8986-4749-aedb-0a5a04ea803f::eave-chain::1:5"", ""3a034c99-8986-4749-aedb-0a5a04ea803f::eave-chain::1:6""]",33.573077,0.014778,1.903051,"[""building-part:61568ffde2fb1545b155""]","[""building-part:61568ffde2fb1545b155""]","[""building-part:61568ffde2fb1545b155""]",True,False,False
3a576e1b-4b3e-4f5d-8c20-b39b157fcf03,2,candidate_oblique,0,3a576e1b-4b3e-4f5d-8c20-b39b157fcf03::ceiling-oblique::ceiling-oblique:0,16.198151,297.642694,42.943553,3,0.403994,0.561272,0.997583,0.136371,3.983107,0.0,17.640753,10,23.846315,3a576e1b-4b3e-4f5d-8c20-b39b157fcf03::eave-chain::2:10,0.991132,0,0.747972,0.673369,medium,keep,False,"[""3a576e1b-4b3e-4f5d-8c20-b39b157fcf03::eave-chain::2:0"", ""3a576e1b-4b3e-4f5d-8c20-b39b157fcf03::eave-chain::2:1"", ""3a576e1b-4b3e-4f5d-8c20-b39b157fcf03::eave-chain::2:10"", ""3a576e1b-4b3e-4f5d-8c20-b39b157fcf03::eave-chain::2:2"", ""3a576e1b-4b3e-4f5d-8c20-b39b157fcf03::eave-chain::2:3"", ""3a576e1b-4b3e-4f5d-8c20-b39b157fcf03::eave-chain::2:4"", ""3a576e1b-4b3e-4f5d-8c20-b39b157fcf03::eave-chain::2:5"", ""3a576e1b-4b3e-4f5d-8c20-b39b157fcf03::eave-chain::2:7"", ""3a576e1b-4b3e-4f5d-8c20-b39b157fcf03::eave-chain::2:8"", ""3a576e1b-4b3e-4f5d-8c20-b39b157fcf03::eave-chain::2:9""]",23.846315,0.003099,1.151804,"[""building-part:1d10e339874285addfbb"", ""building-part:ace10a6d950fe0289254""]","[""building-part:1d10e339874285addfbb"", ""building-part:ace10a6d950fe0289254""]","[""building-part:1d10e339874285addfbb"", ""building-part:ace10a6d950fe0289254""]",True,True,True
3a576e1b-4b3e-4f5d-8c20-b39b157fcf03,2,candidate_oblique,1,3a576e1b-4b3e-4f5d-8c20-b39b157fcf03::ceiling-oblique::ceiling-oblique:1,16.751873,117.6427,44.201243,6,0.476414,0.694606,0.997715,0.002379,1.662044,0.0,8.598131,11,26.238884,3a576e1b-4b3e-4f5d-8c20-b39b157fcf03::eave-chain::2:8,0.99692,0,0.802522,0.72903,strong,keep,False,"[""3a576e1b-4b3e-4f5d-8c20-b39b157fcf03::eave-chain::2:0"", ""3a576e1b-4b3e-4f5d-8c20-b39b157fcf03::eave-chain::2:1"", ""3a576e1b-4b3e-4f5d-8c20-b39b157fcf03::eave-chain::2:10"", ""3a576e1b-4b3e-4f5d-8c20-b39b157fcf03::eave-chain::2:2"", ""3a576e1b-4b3e-4f5d-8c20-b39b157fcf03::eave-chain::2:3"", ""3a576e1b-4b3e-4f5d-8c20-b39b157fcf03::eave-chain::2:4"", ""3a576e1b-4b3e-4f5d-8c20-b39b157fcf03::eave-chain::2:5"", ""3a576e1b-4b3e-4f5d-8c20-b39b157fcf03::eave-chain::2:6"", ""3a576e1b-4b3e-4f5d-8c20-b39b157fcf03::eave-chain::2:7"", ""3a576e1b-4b3e-4f5d-8c20-b39b157fcf03::eave-chain::2:8"", ""3a576e1b-4b3e-4f5d-8c20-b39b157fcf03::eave-chain::2:9""]",26.238884,0.003276,1.993749,"[""building-part:1d10e339874285addfbb"", ""building-part:ace10a6d950fe0289254""]","[""building-part:1d10e339874285addfbb"", ""building-part:ace10a6d950fe0289254""]","[""building-part:1d10e339874285addfbb"", ""building-part:ace10a6d950fe0289254""]",True,True,True
3a576e1b-4b3e-4f5d-8c20-b39b157fcf03,2,committed_oblique,0,3a576e1b-4b3e-4f5d-8c20-b39b157fcf03::roof-oblique::oblique:0,28.155272,297.641564,42.939654,4,0.271301,0.670954,0.984336,0.190061,8.895772,0.0,6.750132,10,23.846315,3a576e1b-4b3e-4f5d-8c20-b39b157fcf03::eave-chain::2:1,0.989945,0,0.747714,0.639578,medium,maybe,False,"[""3a576e1b-4b3e-4f5d-8c20-b39b157fcf03::eave-chain::2:0"", ""3a576e1b-4b3e-4f5d-8c20-b39b157fcf03::eave-chain::2:1"", ""3a576e1b-4b3e-4f5d-8c20-b39b157fcf03::eave-chain::2:10"", ""3a576e1b-4b3e-4f5d-8c20-b39b157fcf03::eave-chain::2:2"", ""3a576e1b-4b3e-4f5d-8c20-b39b157fcf03::eave-chain::2:3"", ""3a576e1b-4b3e-4f5d-8c20-b39b157fcf03::eave-chain::2:4"", ""3a576e1b-4b3e-4f5d-8c20-b39b157fcf03::eave-chain::2:5"", ""3a576e1b-4b3e-4f5d-8c20-b39b157fcf03::eave-chain::2:7"", ""3a576e1b-4b3e-4f5d-8c20-b39b157fcf03::eave-chain::2:8"", ""3a576e1b-4b3e-4f5d-8c20-b39b157fcf03::eave-chain::2:9""]",23.846315,0.003099,1.151751,"[""building-part:1d10e339874285addfbb"", ""building-part:ace10a6d950fe0289254""]","[""building-part:1d10e339874285addfbb"", ""building-part:ace10a6d950fe0289254""]","[""building-part:1d10e339874285addfbb"", ""building-part:ace10a6d950fe0289254""]",True,True,True
3a576e1b-4b3e-4f5d-8c20-b39b157fcf03,2,committed_oblique,1,3a576e1b-4b3e-4f5d-8c20-b39b157fcf03::roof-oblique::oblique:1,30.868511,117.64163,44.2025,7,0.311264,0.738233,0.996285,0.002905,2.051645,0.0,4.441932,11,26.238884,3a576e1b-4b3e-4f5d-8c20-b39b157fcf03::eave-chain::2:8,0.982116,0,0.781865,0.671409,strong,keep,False,"[""3a576e1b-4b3e-4f5d-8c20-b39b157fcf03::eave-chain::2:0"", ""3a576e1b-4b3e-4f5d-8c20-b39b157fcf03::eave-chain::2:1"", ""3a576e1b-4b3e-4f5d-8c20-b39b157fcf03::eave-chain::2:10"", ""3a576e1b-4b3e-4f5d-8c20-b39b157fcf03::eave-chain::2:2"", ""3a576e1b-4b3e-4f5d-8c20-b39b157fcf03::eave-chain::2:3"", ""3a576e1b-4b3e-4f5d-8c20-b39b157fcf03::eave-chain::2:4"", ""3a576e1b-4b3e-4f5d-8c20-b39b157fcf03::eave-chain::2:5"", ""3a576e1b-4b3e-4f5d-8c20-b39b157fcf03::eave-chain::2:6"", ""3a576e1b-4b3e-4f5d-8c20-b39b157fcf03::eave-chain::2:7"", ""3a576e1b-4b3e-4f5d-8c20-b39b157fcf03::eave-chain::2:8"", ""3a576e1b-4b3e-4f5d-8c20-b39b157fcf03::eave-chain::2:9""]",26.238884,0.003276,1.993839,"[""building-part:1d10e339874285addfbb"", ""building-part:ace10a6d950fe0289254""]","[""building-part:1d10e339874285addfbb"", ""building-part:ace10a6d950fe0289254""]","[""building-part:1d10e339874285addfbb"", ""building-part:ace10a6d950fe0289254""]",True,True,True
3a576e1b-4b3e-4f5d-8c20-b39b157fcf03,2,ridge_eave_plane_group,0,3a576e1b-4b3e-4f5d-8c20-b39b157fcf03::ridge-eave-candidate::plane-group::ceed267cfc30,71.183546,297.642694,42.94116,10,0.242462,0.685145,0.53569,175.630503,3.64685,0.0,0.0,10,23.846315,3a576e1b-4b3e-4f5d-8c20-b39b157fcf03::eave-chain::2:1,0.997363,0,0.521881,0.341152,weak,drop_candidate,False,"[""3a576e1b-4b3e-4f5d-8c20-b39b157fcf03::eave-chain::2:0"", ""3a576e1b-4b3e-4f5d-8c20-b39b157fcf03::eave-chain::2:1"", ""3a576e1b-4b3e-4f5d-8c20-b39b157fcf03::eave-chain::2:10"", ""3a576e1b-4b3e-4f5d-8c20-b39b157fcf03::eave-chain::2:2"", ""3a576e1b-4b3e-4f5d-8c20-b39b157fcf03::eave-chain::2:3"", ""3a576e1b-4b3e-4f5d-8c20-b39b157fcf03::eave-chain::2:4"", ""3a576e1b-4b3e-4f5d-8c20-b39b157fcf03::eave-chain::2:5"", ""3a576e1b-4b3e-4f5d-8c20-b39b157fcf03::eave-chain::2:7"", ""3a576e1b-4b3e-4f5d-8c20-b39b157fcf03::eave-chain::2:8"", ""3a576e1b-4b3e-4f5d-8c20-b39b157fcf03::eave-chain::2:9""]",23.846315,0.003099,1.12219,"[""building-part:1d10e339874285addfbb"", ""building-part:ace10a6d950fe0289254""]","[""building-part:1d10e339874285addfbb"", ""building-part:ace10a6d950fe0289254""]","[""building-part:1d10e339874285addfbb"", ""building-part:ace10a6d950fe0289254""]",True,True,True
3a576e1b-4b3e-4f5d-8c20-b39b157fcf03,2,ridge_eave_plane_group,1,3a576e1b-4b3e-4f5d-8c20-b39b157fcf03::ridge-eave-candidate::plane-group::b24493737b35,71.183545,117.6427,44.201284,10,0.242462,0.685145,0.861228,4.369497,3.64685,0.0,0.0,10,23.846315,3a576e1b-4b3e-4f5d-8c20-b39b157fcf03::eave-chain::2:8,0.981946,0,0.68465,0.406259,medium,drop_candidate,False,"[""3a576e1b-4b3e-4f5d-8c20-b39b157fcf03::eave-chain::2:0"", ""3a576e1b-4b3e-4f5d-8c20-b39b157fcf03::eave-chain::2:1"", ""3a576e1b-4b3e-4f5d-8c20-b39b157fcf03::eave-chain::2:10"", ""3a576e1b-4b3e-4f5d-8c20-b39b157fcf03::eave-chain::2:2"", ""3a576e1b-4b3e-4f5d-8c20-b39b157fcf03::eave-chain::2:3"", ""3a576e1b-4b3e-4f5d-8c20-b39b157fcf03::eave-chain::2:4"", ""3a576e1b-4b3e-4f5d-8c20-b39b157fcf03::eave-chain::2:5"", ""3a576e1b-4b3e-4f5d-8c20-b39b157fcf03::eave-chain::2:7"", ""3a576e1b-4b3e-4f5d-8c20-b39b157fcf03::eave-chain::2:8"", ""3a576e1b-4b3e-4f5d-8c20-b39b157fcf03::eave-chain::2:9""]",23.846315,0.003099,2.0585,"[""building-part:1d10e339874285addfbb"", ""building-part:ace10a6d950fe0289254""]","[""building-part:1d10e339874285addfbb"", ""building-part:ace10a6d950fe0289254""]","[""building-part:1d10e339874285addfbb"", ""building-part:ace10a6d950fe0289254""]",True,True,True
3a576e1b-4b3e-4f5d-8c20-b39b157fcf03,2,ridge_eave_plane_group,2,3a576e1b-4b3e-4f5d-8c20-b39b157fcf03::ridge-eave-candidate::plane-group::bcd38a78b369,71.183545,117.642695,21.407307,10,0.242462,0.685145,0.917332,4.369497,21.465028,0.0,0.0,10,23.846315,3a576e1b-4b3e-4f5d-8c20-b39b157fcf03::eave-chain::2:3,0.914531,0,0.712702,0.41748,medium,drop_candidate,False,"[""3a576e1b-4b3e-4f5d-8c20-b39b157fcf03::eave-chain::2:0"", ""3a576e1b-4b3e-4f5d-8c20-b39b157fcf03::eave-chain::2:1"", ""3a576e1b-4b3e-4f5d-8c20-b39b157fcf03::eave-chain::2:10"", ""3a576e1b-4b3e-4f5d-8c20-b39b157fcf03::eave-chain::2:2"", ""3a576e1b-4b3e-4f5d-8c20-b39b157fcf03::eave-chain::2:3"", ""3a576e1b-4b3e-4f5d-8c20-b39b157fcf03::eave-chain::2:4"", ""3a576e1b-4b3e-4f5d-8c20-b39b157fcf03::eave-chain::2:5"", ""3a576e1b-4b3e-4f5d-8c20-b39b157fcf03::eave-chain::2:7"", ""3a576e1b-4b3e-4f5d-8c20-b39b157fcf03::eave-chain::2:8"", ""3a576e1b-4b3e-4f5d-8c20-b39b157fcf03::eave-chain::2:9""]",23.846315,0.003099,1.236729,"[""building-part:ace10a6d950fe0289254""]","[""building-part:ace10a6d950fe0289254""]","[""building-part:1d10e339874285addfbb"", ""building-part:ace10a6d950fe0289254""]",True,True,True
3a576e1b-4b3e-4f5d-8c20-b39b157fcf03,2,ridge_eave_plane_group,3,3a576e1b-4b3e-4f5d-8c20-b39b157fcf03::ridge-eave-candidate::plane-group::83e55bd9eba3,71.183545,297.642699,20.813761,10,0.242462,0.685145,0.810964,175.630503,21.465028,0.0,0.0,10,23.846315,3a576e1b-4b3e-4f5d-8c20-b39b157fcf03::eave-chain::2:5,0.99998,0,0.659518,0.396207,medium,drop_candidate,False,"[""3a576e1b-4b3e-4f5d-8c20-b39b157fcf03::eave-chain::2:0"", ""3a576e1b-4b3e-4f5d-8c20-b39b157fcf03::eave-chain::2:1"", ""3a576e1b-4b3e-4f5d-8c20-b39b157fcf03::eave-chain::2:10"", ""3a576e1b-4b3e-4f5d-8c20-b39b157fcf03::eave-chain::2:2"", ""3a576e1b-4b3e-4f5d-8c20-b39b157fcf03::eave-chain::2:3"", ""3a576e1b-4b3e-4f5d-8c20-b39b157fcf03::eave-chain::2:4"", ""3a576e1b-4b3e-4f5d-8c20-b39b157fcf03::eave-chain::2:5"", ""3a576e1b-4b3e-4f5d-8c20-b39b157fcf03::eave-chain::2:7"", ""3a576e1b-4b3e-4f5d-8c20-b39b157fcf03::eave-chain::2:8"", ""3a576e1b-4b3e-4f5d-8c20-b39b157fcf03::eave-chain::2:9""]",23.846315,0.003099,0.782034,"[""building-part:1d10e339874285addfbb"", ""building-part:ace10a6d950fe0289254""]","[""building-part:1d10e339874285addfbb"", ""building-part:ace10a6d950fe0289254""]","[""building-part:1d10e339874285addfbb"", ""building-part:ace10a6d950fe0289254""]",True,True,True
3a576e1b-4b3e-4f5d-8c20-b39b157fcf03,2,ridge_eave_plane_group,4,3a576e1b-4b3e-4f5d-8c20-b39b157fcf03::ridge-eave-candidate::plane-group::ceed37c05eb2,71.183546,27.231304,37.535049,10,0.242462,0.685145,0.598032,90.066727,7.938843,0.0,0.0,0,0.0,3a576e1b-4b3e-4f5d-8c20-b39b157fcf03::eave-chain::2:1,0.5,0,0.553052,0.35362,medium,drop_candidate,False,[],0.0,,,"[""building-part:d0b92d01aae125bbc051""]","[""building-part:d0b92d01aae125bbc051""]","[""building-part:1d10e339874285addfbb"", ""building-part:ace10a6d950fe0289254""]",False,True,True
3c74f488-a562-4bc4-9d7a-3f707fe85133,2,candidate_oblique,0,3c74f488-a562-4bc4-9d7a-3f707fe85133::ceiling-oblique::ceiling-oblique:0,14.025921,316.046466,48.441844,7,0.743277,1.0,0.999075,0.429119,2.465175,15.578616,10.571093,3,10.571093,3c74f488-a562-4bc4-9d7a-3f707fe85133::eave-chain::2:3,0.988318,0,0.948193,0.897126,strong,keep,False,"[""3c74f488-a562-4bc4-9d7a-3f707fe85133::eave-chain::2:3"", ""3c74f488-a562-4bc4-9d7a-3f707fe85133::eave-chain::2:4"", ""3c74f488-a562-4bc4-9d7a-3f707fe85133::eave-chain::2:7""]",10.571093,0.073525,0.055196,"[""building-part:56f1b8c128c2aac2c8a9"", ""building-part:63aa802e47f0639d7bc3"", ""building-part:953b815f0ce4040713a9"", ""building-part:bf51ba94a0ff1a75407d""]","[""building-part:56f1b8c128c2aac2c8a9"", ""building-part:63aa802e47f0639d7bc3"", ""building-part:953b815f0ce4040713a9"", ""building-part:bf51ba94a0ff1a75407d""]","[""building-part:56f1b8c128c2aac2c8a9"", ""building-part:63aa802e47f0639d7bc3"", ""building-part:953b815f0ce4040713a9"", ""building-part:bf51ba94a0ff1a75407d""]",False,True,True
3c74f488-a562-4bc4-9d7a-3f707fe85133,2,candidate_oblique,1,3c74f488-a562-4bc4-9d7a-3f707fe85133::ceiling-oblique::ceiling-oblique:1,10.466268,135.920289,47.898916,3,0.985976,0.9,0.999991,0.293997,0.217753,17.508848,8.754358,1,8.754358,3c74f488-a562-4bc4-9d7a-3f707fe85133::eave-chain::2:11,0.996529,0,0.967191,0.974389,strong,keep,False,"[""3c74f488-a562-4bc4-9d7a-3f707fe85133::eave-chain::2:11""]",8.754358,0.121768,0.000882,"[""building-part:6ad30cc177754a380b0e""]","[""building-part:6ad30cc177754a380b0e""]","[""building-part:6ad30cc177754a380b0e""]",False,True,True
3c74f488-a562-4bc4-9d7a-3f707fe85133,2,committed_oblique,0,3c74f488-a562-4bc4-9d7a-3f707fe85133::roof-oblique::oblique:0,34.258412,316.046983,48.440346,10,0.890965,0.99,0.663399,43.953017,48.440346,17.571153,16.13455,7,28.093574,3c74f488-a562-4bc4-9d7a-3f707fe85133::eave-chain::2:3,0.988329,0,0.806893,0.887066,strong,keep,False,"[""3c74f488-a562-4bc4-9d7a-3f707fe85133::eave-chain::2:10"", ""3c74f488-a562-4bc4-9d7a-3f707fe85133::eave-chain::2:2"", ""3c74f488-a562-4bc4-9d7a-3f707fe85133::eave-chain::2:3"", ""3c74f488-a562-4bc4-9d7a-3f707fe85133::eave-chain::2:4"", ""3c74f488-a562-4bc4-9d7a-3f707fe85133::eave-chain::2:5"", ""3c74f488-a562-4bc4-9d7a-3f707fe85133::eave-chain::2:7"", ""3c74f488-a562-4bc4-9d7a-3f707fe85133::eave-chain::2:9""]",28.093574,0.073525,1.682239,"[""building-part:56f1b8c128c2aac2c8a9"", ""building-part:63aa802e47f0639d7bc3"", ""building-part:953b815f0ce4040713a9"", ""building-part:bf51ba94a0ff1a75407d"", ""building-part:d20a4ea32ff2dec38e90""]","[""building-part:56f1b8c128c2aac2c8a9"", ""building-part:63aa802e47f0639d7bc3"", ""building-part:953b815f0ce4040713a9"", ""building-part:bf51ba94a0ff1a75407d"", ""building-part:d20a4ea32ff2dec38e90""]","[""building-part:56f1b8c128c2aac2c8a9"", ""building-part:63aa802e47f0639d7bc3"", ""building-part:6ad30cc177754a380b0e"", ""building-part:953b815f0ce4040713a9"", ""building-part:bf51ba94a0ff1a75407d"", ""building-part:d20a4ea32ff2dec38e90""]",False,True,True
3c74f488-a562-4bc4-9d7a-3f707fe85133,2,committed_oblique,1,3c74f488-a562-4bc4-9d7a-3f707fe85133::roof-oblique::oblique:1,40.174052,135.918573,47.899933,6,0.835012,0.933333,0.670427,44.081427,47.899933,17.508848,7.628904,5,26.27684,3c74f488-a562-4bc4-9d7a-3f707fe85133::eave-chain::2:11,0.996443,0,0.782216,0.854757,strong,keep,False,"[""3c74f488-a562-4bc4-9d7a-3f707fe85133::eave-chain::2:10"", ""3c74f488-a562-4bc4-9d7a-3f707fe85133::eave-chain::2:11"", ""3c74f488-a562-4bc4-9d7a-3f707fe85133::eave-chain::2:2"", ""3c74f488-a562-4bc4-9d7a-3f707fe85133::eave-chain::2:5"", ""3c74f488-a562-4bc4-9d7a-3f707fe85133::eave-chain::2:9""]",26.27684,0.128363,3.150231,"[""building-part:6ad30cc177754a380b0e""]","[""building-part:6ad30cc177754a380b0e""]","[""building-part:6ad30cc177754a380b0e"", ""building-part:bf51ba94a0ff1a75407d"", ""building-part:d20a4ea32ff2dec38e90""]",False,True,True
3c74f488-a562-4bc4-9d7a-3f707fe85133,2,ridge_eave_plane_group,0,3c74f488-a562-4bc4-9d7a-3f707fe85133::ridge-eave-candidate::plane-group::07fe7eec8a01,107.451944,315.464859,24.349215,13,0.596245,0.969231,0.911049,44.535141,24.349215,35.080001,8.505646,7,34.065997,3c74f488-a562-4bc4-9d7a-3f707fe85133::eave-chain::2:11,0.884605,0,0.865543,0.814554,strong,keep,False,"[""3c74f488-a562-4bc4-9d7a-3f707fe85133::eave-chain::2:10"", ""3c74f488-a562-4bc4-9d7a-3f707fe85133::eave-chain::2:11"", ""3c74f488-a562-4bc4-9d7a-3f707fe85133::eave-chain::2:2"", ""3c74f488-a562-4bc4-9d7a-3f707fe85133::eave-chain::2:3"", ""3c74f488-a562-4bc4-9d7a-3f707fe85133::eave-chain::2:5"", ""3c74f488-a562-4bc4-9d7a-3f707fe85133::eave-chain::2:7"", ""3c74f488-a562-4bc4-9d7a-3f707fe85133::eave-chain::2:9""]",34.065997,0.583061,2.04156,"[""building-part:e234247340cded43ab81""]","[""building-part:e234247340cded43ab81""]","[""building-part:56f1b8c128c2aac2c8a9"", ""building-part:63aa802e47f0639d7bc3"", ""building-part:6ad30cc177754a380b0e"", ""building-part:953b815f0ce4040713a9"", ""building-part:bf51ba94a0ff1a75407d"", ""building-part:d20a4ea32ff2dec38e90""]",True,True,True
3c74f488-a562-4bc4-9d7a-3f707fe85133,2,ridge_eave_plane_group,1,3c74f488-a562-4bc4-9d7a-3f707fe85133::ridge-eave-candidate::plane-group::4d00506590eb,107.451944,316.046466,48.441625,13,0.596245,0.969231,0.663383,43.953534,48.441625,35.080001,8.505646,7,34.065997,3c74f488-a562-4bc4-9d7a-3f707fe85133::eave-chain::2:7,0.985622,0,0.74171,0.765021,medium,keep,False,"[""3c74f488-a562-4bc4-9d7a-3f707fe85133::eave-chain::2:10"", ""3c74f488-a562-4bc4-9d7a-3f707fe85133::eave-chain::2:11"", ""3c74f488-a562-4bc4-9d7a-3f707fe85133::eave-chain::2:2"", ""3c74f488-a562-4bc4-9d7a-3f707fe85133::eave-chain::2:3"", ""3c74f488-a562-4bc4-9d7a-3f707fe85133::eave-chain::2:5"", ""3c74f488-a562-4bc4-9d7a-3f707fe85133::eave-chain::2:7"", ""3c74f488-a562-4bc4-9d7a-3f707fe85133::eave-chain::2:9""]",34.065997,0.00441,2.385258,"[""building-part:56f1b8c128c2aac2c8a9"", ""building-part:63aa802e47f0639d7bc3"", ""building-part:953b815f0ce4040713a9""]","[""building-part:56f1b8c128c2aac2c8a9"", ""building-part:63aa802e47f0639d7bc3"", ""building-part:953b815f0ce4040713a9""]","[""building-part:56f1b8c128c2aac2c8a9"", ""building-part:63aa802e47f0639d7bc3"", ""building-part:6ad30cc177754a380b0e"", ""building-part:953b815f0ce4040713a9"", ""building-part:bf51ba94a0ff1a75407d"", ""building-part:d20a4ea32ff2dec38e90""]",False,True,True
3c74f488-a562-4bc4-9d7a-3f707fe85133,2,ridge_eave_plane_group,2,3c74f488-a562-4bc4-9d7a-3f707fe85133::ridge-eave-candidate::plane-group::6be2f8388644,107.451944,135.92035,47.898487,13,0.596245,0.969231,0.670446,135.92035,47.898487,35.080001,8.505646,7,34.065997,3c74f488-a562-4bc4-9d7a-3f707fe85133::eave-chain::2:11,0.996561,0,0.745241,0.766433,medium,keep,False,"[""3c74f488-a562-4bc4-9d7a-3f707fe85133::eave-chain::2:10"", ""3c74f488-a562-4bc4-9d7a-3f707fe85133::eave-chain::2:11"", ""3c74f488-a562-4bc4-9d7a-3f707fe85133::eave-chain::2:2"", ""3c74f488-a562-4bc4-9d7a-3f707fe85133::eave-chain::2:3"", ""3c74f488-a562-4bc4-9d7a-3f707fe85133::eave-chain::2:5"", ""3c74f488-a562-4bc4-9d7a-3f707fe85133::eave-chain::2:7"", ""3c74f488-a562-4bc4-9d7a-3f707fe85133::eave-chain::2:9""]",34.065997,0.128301,3.727834,"[""building-part:6ad30cc177754a380b0e""]","[""building-part:6ad30cc177754a380b0e""]","[""building-part:56f1b8c128c2aac2c8a9"", ""building-part:6ad30cc177754a380b0e"", ""building-part:bf51ba94a0ff1a75407d"", ""building-part:d20a4ea32ff2dec38e90""]",False,True,True
3c74f488-a562-4bc4-9d7a-3f707fe85133,2,ridge_eave_plane_group,3,3c74f488-a562-4bc4-9d7a-3f707fe85133::ridge-eave-candidate::plane-group::6f365cb15827,107.451944,315.567163,34.570841,13,0.596245,0.969231,0.823425,44.432837,34.570841,35.080001,8.505646,7,34.065997,3c74f488-a562-4bc4-9d7a-3f707fe85133::eave-chain::2:11,0.970475,0,0.821731,0.797029,strong,keep,False,"[""3c74f488-a562-4bc4-9d7a-3f707fe85133::eave-chain::2:10"", ""3c74f488-a562-4bc4-9d7a-3f707fe85133::eave-chain::2:11"", ""3c74f488-a562-4bc4-9d7a-3f707fe85133::eave-chain::2:2"", ""3c74f488-a562-4bc4-9d7a-3f707fe85133::eave-chain::2:3"", ""3c74f488-a562-4bc4-9d7a-3f707fe85133::eave-chain::2:5"", ""3c74f488-a562-4bc4-9d7a-3f707fe85133::eave-chain::2:7"", ""3c74f488-a562-4bc4-9d7a-3f707fe85133::eave-chain::2:9""]",34.065997,0.480757,4.290391,"[""building-part:e234247340cded43ab81""]","[""building-part:e234247340cded43ab81""]","[""building-part:56f1b8c128c2aac2c8a9"", ""building-part:63aa802e47f0639d7bc3"", ""building-part:6ad30cc177754a380b0e"", ""building-part:953b815f0ce4040713a9"", ""building-part:bf51ba94a0ff1a75407d"", ""building-part:d20a4ea32ff2dec38e90""]",True,True,True
3e378d10-6d7f-451c-b5e8-705731e6f37e,1,candidate_oblique,0,3e378d10-6d7f-451c-b5e8-705731e6f37e::ceiling-oblique::ceiling-oblique:0,30.568148,339.874501,38.770828,5,0.712017,0.215208,0.976208,19.598617,1.169207,4.817691,11.808902,3,11.808902,3e378d10-6d7f-451c-b5e8-705731e6f37e::eave-chain::1:3,0.990542,0,0.69507,0.72309,medium,keep,False,"[""3e378d10-6d7f-451c-b5e8-705731e6f37e::eave-chain::1:0"", ""3e378d10-6d7f-451c-b5e8-705731e6f37e::eave-chain::1:2"", ""3e378d10-6d7f-451c-b5e8-705731e6f37e::eave-chain::1:3""]",11.808902,0.00053,0.037773,"[""building-part:3d10753d91bab87b9dac""]","[""building-part:3d10753d91bab87b9dac""]","[""building-part:3d10753d91bab87b9dac""]",True,True,True
3e378d10-6d7f-451c-b5e8-705731e6f37e,1,candidate_oblique,1,3e378d10-6d7f-451c-b5e8-705731e6f37e::ceiling-oblique::ceiling-oblique:1,44.997819,159.874503,36.746622,2,0.268457,0.794118,0.999439,0.000206,1.913745,4.817772,4.094812,2,8.18953,3e378d10-6d7f-451c-b5e8-705731e6f37e::eave-chain::1:2,0.991238,0,0.791646,0.666094,strong,keep,False,"[""3e378d10-6d7f-451c-b5e8-705731e6f37e::eave-chain::1:1"", ""3e378d10-6d7f-451c-b5e8-705731e6f37e::eave-chain::1:2""]",8.18953,0.00025,0.115562,"[""building-part:3d10753d91bab87b9dac""]","[""building-part:3d10753d91bab87b9dac""]","[""building-part:3d10753d91bab87b9dac""]",True,False,False
3e378d10-6d7f-451c-b5e8-705731e6f37e,1,committed_oblique,0,3e378d10-6d7f-451c-b5e8-705731e6f37e::roof-oblique::oblique:0,32.326768,339.874878,38.765037,6,0.677525,0.277379,0.908097,35.207029,1.33381,9.635463,11.808902,3,11.808902,3e378d10-6d7f-451c-b5e8-705731e6f37e::eave-chain::1:3,0.990536,0,0.672767,0.708105,medium,keep,False,"[""3e378d10-6d7f-451c-b5e8-705731e6f37e::eave-chain::1:0"", ""3e378d10-6d7f-451c-b5e8-705731e6f37e::eave-chain::1:2"", ""3e378d10-6d7f-451c-b5e8-705731e6f37e::eave-chain::1:3""]",11.808902,0.00053,0.0378,"[""building-part:3d10753d91bab87b9dac""]","[""building-part:3d10753d91bab87b9dac""]","[""building-part:3d10753d91bab87b9dac""]",True,True,True
3e378d10-6d7f-451c-b5e8-705731e6f37e,1,committed_oblique,1,3e378d10-6d7f-451c-b5e8-705731e6f37e::roof-oblique::oblique:1,36.100206,159.878443,36.743257,2,0.330374,0.794118,0.999438,0.003895,1.913745,0.0,8.18953,2,8.18953,3e378d10-6d7f-451c-b5e8-705731e6f37e::eave-chain::1:2,0.991227,0,0.804029,0.690861,strong,keep,False,"[""3e378d10-6d7f-451c-b5e8-705731e6f37e::eave-chain::1:1"", ""3e378d10-6d7f-451c-b5e8-705731e6f37e::eave-chain::1:2""]",8.18953,0.00025,0.115734,"[""building-part:3d10753d91bab87b9dac""]","[""building-part:3d10753d91bab87b9dac""]","[""building-part:3d10753d91bab87b9dac""]",True,False,False
3e378d10-6d7f-451c-b5e8-705731e6f37e,1,ridge_eave_plane_group,0,3e378d10-6d7f-451c-b5e8-705731e6f37e::ridge-eave-candidate::plane-group::e751bba3e4b7,75.999512,160.048805,17.802016,7,0.445329,0.380611,0.56488,129.010256,21.220706,9.635463,4.094718,4,15.903621,3e378d10-6d7f-451c-b5e8-705731e6f37e::eave-chain::1:1,0.895347,0,0.485689,0.56723,weak,maybe,False,"[""3e378d10-6d7f-451c-b5e8-705731e6f37e::eave-chain::1:0"", ""3e378d10-6d7f-451c-b5e8-705731e6f37e::eave-chain::1:1"", ""3e378d10-6d7f-451c-b5e8-705731e6f37e::eave-chain::1:2"", ""3e378d10-6d7f-451c-b5e8-705731e6f37e::eave-chain::1:3""]",15.903621,0.174051,1.06677,"[""building-part:3d10753d91bab87b9dac""]","[""building-part:3d10753d91bab87b9dac""]","[""building-part:3d10753d91bab87b9dac""]",True,True,True
3e378d10-6d7f-451c-b5e8-705731e6f37e,1,ridge_eave_plane_group,1,3e378d10-6d7f-451c-b5e8-705731e6f37e::ridge-eave-candidate::plane-group::9f23d2fcde25,75.999512,339.874501,38.770899,7,0.445329,0.380611,0.839974,50.81544,1.169278,9.635463,4.094718,4,15.903621,3e378d10-6d7f-451c-b5e8-705731e6f37e::eave-chain::1:3,0.987641,0,0.623236,0.622248,medium,maybe,False,"[""3e378d10-6d7f-451c-b5e8-705731e6f37e::eave-chain::1:0"", ""3e378d10-6d7f-451c-b5e8-705731e6f37e::eave-chain::1:1"", ""3e378d10-6d7f-451c-b5e8-705731e6f37e::eave-chain::1:2"", ""3e378d10-6d7f-451c-b5e8-705731e6f37e::eave-chain::1:3""]",15.903621,0.000512,0.062016,"[""building-part:3d10753d91bab87b9dac""]","[""building-part:3d10753d91bab87b9dac""]","[""building-part:3d10753d91bab87b9dac""]",True,True,True
3e378d10-6d7f-451c-b5e8-705731e6f37e,1,ridge_eave_plane_group,2,3e378d10-6d7f-451c-b5e8-705731e6f37e::ridge-eave-candidate::plane-group::cfbf35493942,75.999512,159.874503,36.746026,7,0.445329,0.380611,0.328018,129.184557,2.276695,9.635463,4.094718,4,15.903621,3e378d10-6d7f-451c-b5e8-705731e6f37e::eave-chain::1:2,0.987429,0,0.367258,0.519857,weak,maybe,False,"[""3e378d10-6d7f-451c-b5e8-705731e6f37e::eave-chain::1:0"", ""3e378d10-6d7f-451c-b5e8-705731e6f37e::eave-chain::1:1"", ""3e378d10-6d7f-451c-b5e8-705731e6f37e::eave-chain::1:2"", ""3e378d10-6d7f-451c-b5e8-705731e6f37e::eave-chain::1:3""]",15.903621,0.000509,2.196523,"[""building-part:3d10753d91bab87b9dac""]","[""building-part:3d10753d91bab87b9dac""]","[""building-part:3d10753d91bab87b9dac""]",True,True,True
3e378d10-6d7f-451c-b5e8-705731e6f37e,1,ridge_eave_plane_group,3,3e378d10-6d7f-451c-b5e8-705731e6f37e::ridge-eave-candidate::plane-group::5171099626d0,75.999512,300.191401,30.762749,7,0.445329,0.380611,0.911843,39.68363,8.259973,0.0,0.0,0,0.0,3e378d10-6d7f-451c-b5e8-705731e6f37e::eave-chain::1:0,0.511427,0,0.659171,0.436622,medium,drop_candidate,False,[],0.0,,,"[""building-part:3d10753d91bab87b9dac""]","[""building-part:3d10753d91bab87b9dac""]","[""building-part:3d10753d91bab87b9dac""]",True,True,True
3e378d10-6d7f-451c-b5e8-705731e6f37e,1,ridge_eave_plane_group,4,3e378d10-6d7f-451c-b5e8-705731e6f37e::ridge-eave-candidate::plane-group::a27ae24f4c4d,75.999512,69.874477,36.908505,7,0.445329,0.380611,0.621206,90.000277,2.114216,0.0,0.0,0,0.0,3e378d10-6d7f-451c-b5e8-705731e6f37e::eave-chain::1:1,0.588973,0,0.513852,0.378495,weak,drop_candidate,False,[],0.0,,,"[""building-part:3d10753d91bab87b9dac""]","[""building-part:3d10753d91bab87b9dac""]","[""building-part:3d10753d91bab87b9dac""]",True,True,True
3e378d10-6d7f-451c-b5e8-705731e6f37e,1,ridge_eave_plane_group,5,3e378d10-6d7f-451c-b5e8-705731e6f37e::ridge-eave-candidate::plane-group::482ca97712e6,75.999512,249.874494,35.875853,7,0.445329,0.380611,0.631342,89.999741,3.146869,0.0,0.0,0,0.0,3e378d10-6d7f-451c-b5e8-705731e6f37e::eave-chain::1:2,0.557264,0,0.51892,0.380522,weak,drop_candidate,False,[],0.0,,,"[""building-part:3d10753d91bab87b9dac""]","[""building-part:3d10753d91bab87b9dac""]","[""building-part:3d10753d91bab87b9dac""]",True,True,True
3ee81b85-a21f-4f55-a100-5995f36f84f9,0,candidate_oblique,0,3ee81b85-a21f-4f55-a100-5995f36f84f9::ceiling-oblique::ceiling-oblique:0,9.561822,123.656914,14.044424,1,0.999996,1.0,1.0,0.001028,0.001167,0.0,10.772862,9,51.740258,3ee81b85-a21f-4f55-a100-5995f36f84f9::eave-chain::0:1,0.999965,0,0.999999,0.999998,strong,keep,False,"[""3ee81b85-a21f-4f55-a100-5995f36f84f9::eave-chain::0:0"", ""3ee81b85-a21f-4f55-a100-5995f36f84f9::eave-chain::0:1"", ""3ee81b85-a21f-4f55-a100-5995f36f84f9::eave-chain::0:10"", ""3ee81b85-a21f-4f55-a100-5995f36f84f9::eave-chain::0:11"", ""3ee81b85-a21f-4f55-a100-5995f36f84f9::eave-chain::0:13"", ""3ee81b85-a21f-4f55-a100-5995f36f84f9::eave-chain::0:2"", ""3ee81b85-a21f-4f55-a100-5995f36f84f9::eave-chain::0:4"", ""3ee81b85-a21f-4f55-a100-5995f36f84f9::eave-chain::0:6"", ""3ee81b85-a21f-4f55-a100-5995f36f84f9::eave-chain::0:8""]",51.740258,0.456301,1.622081,"[""building-part:4e564f0d6cb216a6244e"", ""building-part:e2a087eef7baaeb8d8e0"", ""building-part:e7330945226574075534""]","[""building-part:4e564f0d6cb216a6244e"", ""building-part:e2a087eef7baaeb8d8e0"", ""building-part:e7330945226574075534""]","[""building-part:4e564f0d6cb216a6244e"", ""building-part:e2a087eef7baaeb8d8e0"", ""building-part:e7330945226574075534""]",False,True,False
3ee81b85-a21f-4f55-a100-5995f36f84f9,0,committed_oblique,0,3ee81b85-a21f-4f55-a100-5995f36f84f9::roof-oblique::oblique:0,11.032775,123.666845,14.049483,3,0.991792,0.833333,0.970086,56.333155,14.049483,0.0,7.755542,9,51.740258,3ee81b85-a21f-4f55-a100-5995f36f84f9::eave-chain::0:1,0.999888,0,0.933402,0.957401,strong,keep,False,"[""3ee81b85-a21f-4f55-a100-5995f36f84f9::eave-chain::0:0"", ""3ee81b85-a21f-4f55-a100-5995f36f84f9::eave-chain::0:1"", ""3ee81b85-a21f-4f55-a100-5995f36f84f9::eave-chain::0:10"", ""3ee81b85-a21f-4f55-a100-5995f36f84f9::eave-chain::0:11"", ""3ee81b85-a21f-4f55-a100-5995f36f84f9::eave-chain::0:13"", ""3ee81b85-a21f-4f55-a100-5995f36f84f9::eave-chain::0:2"", ""3ee81b85-a21f-4f55-a100-5995f36f84f9::eave-chain::0:4"", ""3ee81b85-a21f-4f55-a100-5995f36f84f9::eave-chain::0:6"", ""3ee81b85-a21f-4f55-a100-5995f36f84f9::eave-chain::0:8""]",51.740258,0.456301,1.622872,"[""building-part:4e564f0d6cb216a6244e""]","[""building-part:4e564f0d6cb216a6244e""]","[""building-part:4e564f0d6cb216a6244e"", ""building-part:d2902061e48ee9f139ce"", ""building-part:e2a087eef7baaeb8d8e0"", ""building-part:e7330945226574075534""]",False,True,False
3ee81b85-a21f-4f55-a100-5995f36f84f9,0,ridge_eave_plane_group,0,3ee81b85-a21f-4f55-a100-5995f36f84f9::ridge-eave-candidate::plane-group::a13edc95799e,109.44878,123.656914,14.044424,9,0.931189,0.944444,0.970108,56.343086,14.044424,0.0,23.557261,9,51.740258,3ee81b85-a21f-4f55-a100-5995f36f84f9::eave-chain::0:1,0.999965,0,0.954625,0.955386,strong,keep,False,"[""3ee81b85-a21f-4f55-a100-5995f36f84f9::eave-chain::0:0"", ""3ee81b85-a21f-4f55-a100-5995f36f84f9::eave-chain::0:1"", ""3ee81b85-a21f-4f55-a100-5995f36f84f9::eave-chain::0:10"", ""3ee81b85-a21f-4f55-a100-5995f36f84f9::eave-chain::0:11"", ""3ee81b85-a21f-4f55-a100-5995f36f84f9::eave-chain::0:13"", ""3ee81b85-a21f-4f55-a100-5995f36f84f9::eave-chain::0:2"", ""3ee81b85-a21f-4f55-a100-5995f36f84f9::eave-chain::0:4"", ""3ee81b85-a21f-4f55-a100-5995f36f84f9::eave-chain::0:6"", ""3ee81b85-a21f-4f55-a100-5995f36f84f9::eave-chain::0:8""]",51.740258,0.456301,1.622081,"[""building-part:4e564f0d6cb216a6244e""]","[""building-part:4e564f0d6cb216a6244e""]","[""building-part:4e564f0d6cb216a6244e"", ""building-part:d2902061e48ee9f139ce"", ""building-part:e2a087eef7baaeb8d8e0"", ""building-part:e7330945226574075534""]",False,True,True
466d0aa8-7021-4825-8f7b-b954c824c13a,1,candidate_oblique,0,466d0aa8-7021-4825-8f7b-b954c824c13a::ceiling-oblique::ceiling-oblique:0,22.953015,150.36958,44.442464,6,0.954352,1.0,0.999963,0.144161,0.468653,27.13535,13.567658,1,13.567658,466d0aa8-7021-4825-8f7b-b954c824c13a::eave-chain::1:2,0.990642,0,0.990852,0.981733,strong,keep,False,"[""466d0aa8-7021-4825-8f7b-b954c824c13a::eave-chain::1:2""]",13.567658,0.327553,0.002494,"[""building-part:5ca736e42c9380d886be""]","[""building-part:5ca736e42c9380d886be""]","[""building-part:5ca736e42c9380d886be""]",True,True,True
466d0aa8-7021-4825-8f7b-b954c824c13a,1,candidate_oblique,1,466d0aa8-7021-4825-8f7b-b954c824c13a::ceiling-oblique::ceiling-oblique:1,31.672523,330.274063,44.653017,7,0.679518,0.877551,0.992057,0.390447,7.225014,17.342633,0.0,2,12.631161,466d0aa8-7021-4825-8f7b-b954c824c13a::eave-chain::1:5,0.990375,0,0.895197,0.845729,strong,keep,False,"[""466d0aa8-7021-4825-8f7b-b954c824c13a::eave-chain::1:3"", ""466d0aa8-7021-4825-8f7b-b954c824c13a::eave-chain::1:5""]",12.631161,0.187186,0.043003,"[""building-part:5ca736e42c9380d886be""]","[""building-part:5ca736e42c9380d886be""]","[""building-part:5ca736e42c9380d886be""]",True,True,True
466d0aa8-7021-4825-8f7b-b954c824c13a,1,committed_oblique,0,466d0aa8-7021-4825-8f7b-b954c824c13a::roof-oblique::oblique:0,43.38154,150.368509,44.444667,9,0.933435,0.97619,0.713927,29.631491,44.444667,27.13535,27.458485,3,27.458485,466d0aa8-7021-4825-8f7b-b954c824c13a::eave-chain::1:2,0.990608,0,0.836508,0.911397,strong,keep,False,"[""466d0aa8-7021-4825-8f7b-b954c824c13a::eave-chain::1:0"", ""466d0aa8-7021-4825-8f7b-b954c824c13a::eave-chain::1:2"", ""466d0aa8-7021-4825-8f7b-b954c824c13a::eave-chain::1:6""]",27.458485,0.004467,1.418655,"[""building-part:5ca736e42c9380d886be""]","[""building-part:5ca736e42c9380d886be""]","[""building-part:5ca736e42c9380d886be""]",True,True,True
466d0aa8-7021-4825-8f7b-b954c824c13a,1,committed_oblique,1,466d0aa8-7021-4825-8f7b-b954c824c13a::roof-oblique::oblique:1,42.4962,330.273389,44.650945,8,0.965377,0.892857,0.851727,15.058192,11.398358,17.342633,26.521988,4,26.521988,466d0aa8-7021-4825-8f7b-b954c824c13a::eave-chain::1:5,0.990905,0,0.886796,0.935068,strong,keep,False,"[""466d0aa8-7021-4825-8f7b-b954c824c13a::eave-chain::1:0"", ""466d0aa8-7021-4825-8f7b-b954c824c13a::eave-chain::1:3"", ""466d0aa8-7021-4825-8f7b-b954c824c13a::eave-chain::1:5"", ""466d0aa8-7021-4825-8f7b-b954c824c13a::eave-chain::1:6""]",26.521988,0.11253,0.730117,"[""building-part:5ca736e42c9380d886be""]","[""building-part:5ca736e42c9380d886be""]","[""building-part:5ca736e42c9380d886be""]",True,True,True
466d0aa8-7021-4825-8f7b-b954c824c13a,1,ridge_eave_plane_group,0,466d0aa8-7021-4825-8f7b-b954c824c13a::ridge-eave-candidate::plane-group::8a865559b167,101.38036,150.36958,44.442461,16,0.804624,0.946429,0.713954,59.910473,11.398358,44.477983,9.282736,5,40.089646,466d0aa8-7021-4825-8f7b-b954c824c13a::eave-chain::1:2,0.990615,0,0.80183,0.853926,strong,keep,False,"[""466d0aa8-7021-4825-8f7b-b954c824c13a::eave-chain::1:0"", ""466d0aa8-7021-4825-8f7b-b954c824c13a::eave-chain::1:2"", ""466d0aa8-7021-4825-8f7b-b954c824c13a::eave-chain::1:3"", ""466d0aa8-7021-4825-8f7b-b954c824c13a::eave-chain::1:5"", ""466d0aa8-7021-4825-8f7b-b954c824c13a::eave-chain::1:6""]",40.089646,0.029558,1.424279,"[""building-part:5ca736e42c9380d886be""]","[""building-part:5ca736e42c9380d886be""]","[""building-part:5ca736e42c9380d886be""]",True,True,True
466d0aa8-7021-4825-8f7b-b954c824c13a,1,ridge_eave_plane_group,1,466d0aa8-7021-4825-8f7b-b954c824c13a::ridge-eave-candidate::plane-group::1ec039f85fa6,101.38036,330.275295,44.653203,16,0.804624,0.946429,0.711374,120.089527,11.398358,44.477983,9.282736,5,40.089646,466d0aa8-7021-4825-8f7b-b954c824c13a::eave-chain::1:5,0.986614,0,0.80054,0.85341,strong,keep,False,"[""466d0aa8-7021-4825-8f7b-b954c824c13a::eave-chain::1:0"", ""466d0aa8-7021-4825-8f7b-b954c824c13a::eave-chain::1:2"", ""466d0aa8-7021-4825-8f7b-b954c824c13a::eave-chain::1:3"", ""466d0aa8-7021-4825-8f7b-b954c824c13a::eave-chain::1:5"", ""466d0aa8-7021-4825-8f7b-b954c824c13a::eave-chain::1:6""]",40.089646,0.123844,1.367078,"[""building-part:5ca736e42c9380d886be""]","[""building-part:5ca736e42c9380d886be""]","[""building-part:5ca736e42c9380d886be""]",True,True,True
49762ea7-8131-4141-ad52-e8012b46f630,1,candidate_oblique,0,49762ea7-8131-4141-ad52-e8012b46f630::ceiling-oblique::ceiling-oblique:0,17.909956,164.056081,44.29992,6,0.949432,0.934783,0.857778,8.367501,9.868916,20.083514,11.13269,8,32.603265,49762ea7-8131-4141-ad52-e8012b46f630::eave-chain::1:15,0.987831,0,0.89921,0.938285,strong,keep,False,"[""49762ea7-8131-4141-ad52-e8012b46f630::eave-chain::1:10"", ""49762ea7-8131-4141-ad52-e8012b46f630::eave-chain::1:12"", ""49762ea7-8131-4141-ad52-e8012b46f630::eave-chain::1:15"", ""49762ea7-8131-4141-ad52-e8012b46f630::eave-chain::1:16"", ""49762ea7-8131-4141-ad52-e8012b46f630::eave-chain::1:2"", ""49762ea7-8131-4141-ad52-e8012b46f630::eave-chain::1:3"", ""49762ea7-8131-4141-ad52-e8012b46f630::eave-chain::1:5"", ""49762ea7-8131-4141-ad52-e8012b46f630::eave-chain::1:8""]",32.603265,0.070531,2.541973,"[""building-part:3da4fce28605668f6188"", ""building-part:4318ee6c9a8273367ccf""]","[""building-part:3da4fce28605668f6188"", ""building-part:4318ee6c9a8273367ccf""]","[""building-part:3da4fce28605668f6188"", ""building-part:4318ee6c9a8273367ccf""]",False,True,True
49762ea7-8131-4141-ad52-e8012b46f630,1,candidate_oblique,1,49762ea7-8131-4141-ad52-e8012b46f630::ceiling-oblique::ceiling-oblique:1,32.453683,344.056067,44.911553,6,0.51184,0.966667,0.708197,15.943933,44.911553,14.008446,1.048872,8,32.603265,49762ea7-8131-4141-ad52-e8012b46f630::eave-chain::1:16,0.992576,0,0.746467,0.739709,medium,keep,False,"[""49762ea7-8131-4141-ad52-e8012b46f630::eave-chain::1:10"", ""49762ea7-8131-4141-ad52-e8012b46f630::eave-chain::1:12"", ""49762ea7-8131-4141-ad52-e8012b46f630::eave-chain::1:15"", ""49762ea7-8131-4141-ad52-e8012b46f630::eave-chain::1:16"", ""49762ea7-8131-4141-ad52-e8012b46f630::eave-chain::1:2"", ""49762ea7-8131-4141-ad52-e8012b46f630::eave-chain::1:3"", ""49762ea7-8131-4141-ad52-e8012b46f630::eave-chain::1:5"", ""49762ea7-8131-4141-ad52-e8012b46f630::eave-chain::1:8""]",32.603265,0.070544,1.844066,"[""building-part:3da4fce28605668f6188"", ""building-part:4318ee6c9a8273367ccf""]","[""building-part:3da4fce28605668f6188"", ""building-part:4318ee6c9a8273367ccf""]","[""building-part:3da4fce28605668f6188"", ""building-part:4318ee6c9a8273367ccf""]",False,True,True
49762ea7-8131-4141-ad52-e8012b46f630,1,committed_oblique,0,49762ea7-8131-4141-ad52-e8012b46f630::roof-oblique::oblique:0,32.858455,164.055963,44.298259,8,0.976049,0.951087,0.715714,15.944037,31.544249,20.083514,21.070054,8,32.603265,49762ea7-8131-4141-ad52-e8012b46f630::eave-chain::1:15,0.987875,0,0.838393,0.92378,strong,keep,False,"[""49762ea7-8131-4141-ad52-e8012b46f630::eave-chain::1:10"", ""49762ea7-8131-4141-ad52-e8012b46f630::eave-chain::1:12"", ""49762ea7-8131-4141-ad52-e8012b46f630::eave-chain::1:15"", ""49762ea7-8131-4141-ad52-e8012b46f630::eave-chain::1:16"", ""49762ea7-8131-4141-ad52-e8012b46f630::eave-chain::1:2"", ""49762ea7-8131-4141-ad52-e8012b46f630::eave-chain::1:3"", ""49762ea7-8131-4141-ad52-e8012b46f630::eave-chain::1:5"", ""49762ea7-8131-4141-ad52-e8012b46f630::eave-chain::1:8""]",32.603265,0.070531,2.541825,"[""building-part:3da4fce28605668f6188"", ""building-part:4318ee6c9a8273367ccf""]","[""building-part:3da4fce28605668f6188"", ""building-part:4318ee6c9a8273367ccf""]","[""building-part:3da4fce28605668f6188"", ""building-part:4318ee6c9a8273367ccf""]",False,True,True
49762ea7-8131-4141-ad52-e8012b46f630,1,committed_oblique,1,49762ea7-8131-4141-ad52-e8012b46f630::roof-oblique::oblique:1,38.790079,344.05789,44.908933,6,0.694696,0.966667,0.70823,15.94211,44.908933,14.008446,18.558996,8,32.603265,49762ea7-8131-4141-ad52-e8012b46f630::eave-chain::1:16,0.99255,0,0.783054,0.812858,strong,keep,False,"[""49762ea7-8131-4141-ad52-e8012b46f630::eave-chain::1:10"", ""49762ea7-8131-4141-ad52-e8012b46f630::eave-chain::1:12"", ""49762ea7-8131-4141-ad52-e8012b46f630::eave-chain::1:15"", ""49762ea7-8131-4141-ad52-e8012b46f630::eave-chain::1:16"", ""49762ea7-8131-4141-ad52-e8012b46f630::eave-chain::1:2"", ""49762ea7-8131-4141-ad52-e8012b46f630::eave-chain::1:3"", ""49762ea7-8131-4141-ad52-e8012b46f630::eave-chain::1:5"", ""49762ea7-8131-4141-ad52-e8012b46f630::eave-chain::1:8""]",32.603265,0.070544,1.844038,"[""building-part:3da4fce28605668f6188""]","[""building-part:3da4fce28605668f6188""]","[""building-part:3da4fce28605668f6188"", ""building-part:4318ee6c9a8273367ccf""]",False,True,True
49762ea7-8131-4141-ad52-e8012b46f630,0,ridge_eave_plane_group,0,49762ea7-8131-4141-ad52-e8012b46f630::ridge-eave-candidate::plane-group::3107b18ec412,91.645666,164.056081,44.300015,2,0.237201,1.0,0.715693,15.943919,44.300015,0.0,7.58943,2,9.900273,49762ea7-8131-4141-ad52-e8012b46f630::eave-chain::0:2,0.861975,0,0.705286,0.638019,medium,maybe,False,"[""49762ea7-8131-4141-ad52-e8012b46f630::eave-chain::0:0"", ""49762ea7-8131-4141-ad52-e8012b46f630::eave-chain::0:2""]",9.900273,1.261783,5.346548,"[""building-part:3da4fce28605668f6188"", ""building-part:4318ee6c9a8273367ccf""]","[""building-part:3da4fce28605668f6188"", ""building-part:4318ee6c9a8273367ccf""]","[""building-part:0251749fc9c5b2d4a64f""]",False,True,True
49762ea7-8131-4141-ad52-e8012b46f630,0,ridge_eave_plane_group,1,49762ea7-8131-4141-ad52-e8012b46f630::ridge-eave-candidate::plane-group::5a4ae55779ec,91.645666,344.056067,44.911514,2,0.237201,1.0,0.708198,164.056067,44.911514,0.0,7.58943,2,9.900273,49762ea7-8131-4141-ad52-e8012b46f630::eave-chain::0:2,0.915608,0,0.701539,0.63652,medium,maybe,False,"[""49762ea7-8131-4141-ad52-e8012b46f630::eave-chain::0:0"", ""49762ea7-8131-4141-ad52-e8012b46f630::eave-chain::0:2""]",9.900273,1.261797,1.788446,"[""building-part:3da4fce28605668f6188"", ""building-part:4318ee6c9a8273367ccf""]","[""building-part:3da4fce28605668f6188"", ""building-part:4318ee6c9a8273367ccf""]","[""building-part:0251749fc9c5b2d4a64f""]",False,True,True
4fe068d2-f39e-47ed-8c15-35b6396862bf,1,ridge_eave_plane_group,0,4fe068d2-f39e-47ed-8c15-35b6396862bf::ridge-eave-candidate::plane-group::76e24da6c577,96.358222,268.39024,24.535327,2,0.069606,1.0,0.954776,44.594143,12.740187,6.709739,6.692754,2,6.692754,4fe068d2-f39e-47ed-8c15-35b6396862bf::eave-chain::1:3,0.995893,0,0.791309,0.618798,strong,maybe,False,"[""4fe068d2-f39e-47ed-8c15-35b6396862bf::eave-chain::1:2"", ""4fe068d2-f39e-47ed-8c15-35b6396862bf::eave-chain::1:3""]",6.692754,0.07686,0.23684,"[""building-part:12b56b9617ebc2506e4b"", ""building-part:229cb836c97a3303a2a3"", ""building-part:2a82b4ab5b2bebac59f7"", ""building-part:75bc8f2a3fc4bba1a150"", ""building-part:9a81ced724d94e4bca8b"", ""building-part:ab452f255cd8bdfd627f"", ""building-part:b2761fa71da8118f60ec"", ""building-part:c27357b4a0e205677d31"", ""building-part:daa462c96d1af0244013"", ""building-part:e7332362a9750528d99d""]","[""building-part:12b56b9617ebc2506e4b"", ""building-part:229cb836c97a3303a2a3"", ""building-part:2a82b4ab5b2bebac59f7"", ""building-part:75bc8f2a3fc4bba1a150"", ""building-part:9a81ced724d94e4bca8b"", ""building-part:ab452f255cd8bdfd627f"", ""building-part:b2761fa71da8118f60ec"", ""building-part:c27357b4a0e205677d31"", ""building-part:daa462c96d1af0244013"", ""building-part:e7332362a9750528d99d""]","[""building-part:12b56b9617ebc2506e4b"", ""building-part:229cb836c97a3303a2a3"", ""building-part:2a82b4ab5b2bebac59f7"", ""building-part:75bc8f2a3fc4bba1a150"", ""building-part:9a81ced724d94e4bca8b"", ""building-part:ab452f255cd8bdfd627f"", ""building-part:b2761fa71da8118f60ec"", ""building-part:c27357b4a0e205677d31"", ""building-part:daa462c96d1af0244013"", ""building-part:e7332362a9750528d99d""]",True,True,True
4fe068d2-f39e-47ed-8c15-35b6396862bf,1,ridge_eave_plane_group,1,4fe068d2-f39e-47ed-8c15-35b6396862bf::ridge-eave-candidate::plane-group::18969b077d1b,96.358222,178.390263,30.823479,2,0.069606,1.0,0.818521,45.405833,18.083292,0.0,1.037708,2,2.165738,4fe068d2-f39e-47ed-8c15-35b6396862bf::eave-chain::1:1,0.899925,0,0.723182,0.443432,medium,drop_candidate,False,"[""4fe068d2-f39e-47ed-8c15-35b6396862bf::eave-chain::1:0"", ""4fe068d2-f39e-47ed-8c15-35b6396862bf::eave-chain::1:1""]",2.165738,0.371976,2.905449,"[""building-part:12b56b9617ebc2506e4b"", ""building-part:229cb836c97a3303a2a3"", ""building-part:2a82b4ab5b2bebac59f7"", ""building-part:75bc8f2a3fc4bba1a150"", ""building-part:9a81ced724d94e4bca8b"", ""building-part:ab452f255cd8bdfd627f"", ""building-part:b2761fa71da8118f60ec"", ""building-part:c27357b4a0e205677d31"", ""building-part:daa462c96d1af0244013"", ""building-part:e7332362a9750528d99d""]","[""building-part:12b56b9617ebc2506e4b"", ""building-part:229cb836c97a3303a2a3"", ""building-part:2a82b4ab5b2bebac59f7"", ""building-part:75bc8f2a3fc4bba1a150"", ""building-part:9a81ced724d94e4bca8b"", ""building-part:ab452f255cd8bdfd627f"", ""building-part:b2761fa71da8118f60ec"", ""building-part:c27357b4a0e205677d31"", ""building-part:daa462c96d1af0244013"", ""building-part:e7332362a9750528d99d""]","[""building-part:12b56b9617ebc2506e4b"", ""building-part:229cb836c97a3303a2a3"", ""building-part:2a82b4ab5b2bebac59f7"", ""building-part:75bc8f2a3fc4bba1a150"", ""building-part:9a81ced724d94e4bca8b"", ""building-part:ab452f255cd8bdfd627f"", ""building-part:b2761fa71da8118f60ec"", ""building-part:c27357b4a0e205677d31"", ""building-part:daa462c96d1af0244013"", ""building-part:e7332362a9750528d99d""]",True,True,True
513a4b03-cfb1-4221-99ff-d9b7d1e1d3f6,1,candidate_oblique,0,513a4b03-cfb1-4221-99ff-d9b7d1e1d3f6::ceiling-oblique::ceiling-oblique:0,9.85767,15.427505,43.326085,3,0.933322,0.796296,0.999799,0.349724,1.150115,0.0,22.394447,4,33.919407,513a4b03-cfb1-4221-99ff-d9b7d1e1d3f6::eave-chain::1:2,0.99894,0,0.925452,0.932548,strong,keep,False,"[""513a4b03-cfb1-4221-99ff-d9b7d1e1d3f6::eave-chain::1:0"", ""513a4b03-cfb1-4221-99ff-d9b7d1e1d3f6::eave-chain::1:2"", ""513a4b03-cfb1-4221-99ff-d9b7d1e1d3f6::eave-chain::1:3"", ""513a4b03-cfb1-4221-99ff-d9b7d1e1d3f6::eave-chain::1:4""]",33.919407,0.119388,1.255022,"[""building-part:7b4520ff64dc22a8216f""]","[""building-part:7b4520ff64dc22a8216f""]","[""building-part:7b4520ff64dc22a8216f""]",False,True,True
513a4b03-cfb1-4221-99ff-d9b7d1e1d3f6,1,candidate_oblique,1,513a4b03-cfb1-4221-99ff-d9b7d1e1d3f6::ceiling-oblique::ceiling-oblique:1,10.077799,195.427503,42.506185,3,0.964268,0.796296,0.999946,0.615004,0.460981,11.131018,11.52496,4,33.919407,513a4b03-cfb1-4221-99ff-d9b7d1e1d3f6::eave-chain::1:3,0.993762,0,0.931715,0.944956,strong,keep,False,"[""513a4b03-cfb1-4221-99ff-d9b7d1e1d3f6::eave-chain::1:0"", ""513a4b03-cfb1-4221-99ff-d9b7d1e1d3f6::eave-chain::1:2"", ""513a4b03-cfb1-4221-99ff-d9b7d1e1d3f6::eave-chain::1:3"", ""513a4b03-cfb1-4221-99ff-d9b7d1e1d3f6::eave-chain::1:4""]",33.919407,0.119388,1.250499,"[""building-part:7b4520ff64dc22a8216f""]","[""building-part:7b4520ff64dc22a8216f""]","[""building-part:7b4520ff64dc22a8216f""]",False,True,True
513a4b03-cfb1-4221-99ff-d9b7d1e1d3f6,1,committed_oblique,0,513a4b03-cfb1-4221-99ff-d9b7d1e1d3f6::roof-oblique::oblique:0,20.946013,15.424161,43.324918,3,0.778983,0.796296,0.999798,0.353067,1.151282,0.0,8.620477,4,33.919407,513a4b03-cfb1-4221-99ff-d9b7d1e1d3f6::eave-chain::1:2,0.998934,0,0.894585,0.870812,strong,keep,False,"[""513a4b03-cfb1-4221-99ff-d9b7d1e1d3f6::eave-chain::1:0"", ""513a4b03-cfb1-4221-99ff-d9b7d1e1d3f6::eave-chain::1:2"", ""513a4b03-cfb1-4221-99ff-d9b7d1e1d3f6::eave-chain::1:3"", ""513a4b03-cfb1-4221-99ff-d9b7d1e1d3f6::eave-chain::1:4""]",33.919407,0.119388,1.254971,"[""building-part:7b4520ff64dc22a8216f""]","[""building-part:7b4520ff64dc22a8216f""]","[""building-part:7b4520ff64dc22a8216f""]",False,True,True
513a4b03-cfb1-4221-99ff-d9b7d1e1d3f6,1,committed_oblique,1,513a4b03-cfb1-4221-99ff-d9b7d1e1d3f6::roof-oblique::oblique:1,30.621522,195.423539,42.502553,3,0.557772,0.796296,0.999946,0.618969,0.464613,11.131018,0.0,4,33.919407,513a4b03-cfb1-4221-99ff-d9b7d1e1d3f6::eave-chain::1:3,0.993824,0,0.850416,0.782357,strong,keep,False,"[""513a4b03-cfb1-4221-99ff-d9b7d1e1d3f6::eave-chain::1:0"", ""513a4b03-cfb1-4221-99ff-d9b7d1e1d3f6::eave-chain::1:2"", ""513a4b03-cfb1-4221-99ff-d9b7d1e1d3f6::eave-chain::1:3"", ""513a4b03-cfb1-4221-99ff-d9b7d1e1d3f6::eave-chain::1:4""]",33.919407,0.119388,1.250432,"[""building-part:7b4520ff64dc22a8216f""]","[""building-part:7b4520ff64dc22a8216f""]","[""building-part:7b4520ff64dc22a8216f""]",False,True,True
513a4b03-cfb1-4221-99ff-d9b7d1e1d3f6,0,ridge_eave_plane_group,0,513a4b03-cfb1-4221-99ff-d9b7d1e1d3f6::ridge-eave-candidate::plane-group::9ce559237218,60.292649,15.427505,43.326066,2,0.534369,1.0,0.727461,90.0,43.326066,0.0,8.655573,3,13.733382,513a4b03-cfb1-4221-99ff-d9b7d1e1d3f6::eave-chain::0:3,0.867831,0,0.770604,0.75924,strong,keep,False,"[""513a4b03-cfb1-4221-99ff-d9b7d1e1d3f6::eave-chain::0:1"", ""513a4b03-cfb1-4221-99ff-d9b7d1e1d3f6::eave-chain::0:3"", ""513a4b03-cfb1-4221-99ff-d9b7d1e1d3f6::eave-chain::0:4""]",13.733382,1.601154,3.380417,"[""building-part:7b4520ff64dc22a8216f""]","[""building-part:7b4520ff64dc22a8216f""]","[""building-part:2514bbf7348d56c384e7""]",False,True,True
513a4b03-cfb1-4221-99ff-d9b7d1e1d3f6,0,ridge_eave_plane_group,1,513a4b03-cfb1-4221-99ff-d9b7d1e1d3f6::ridge-eave-candidate::plane-group::d5a9e34bf275,60.292649,195.427503,42.506219,2,0.534369,1.0,0.737204,90.0,42.506219,0.0,8.655573,3,13.733382,513a4b03-cfb1-4221-99ff-d9b7d1e1d3f6::eave-chain::0:3,0.908739,0,0.775476,0.761188,strong,keep,False,"[""513a4b03-cfb1-4221-99ff-d9b7d1e1d3f6::eave-chain::0:1"", ""513a4b03-cfb1-4221-99ff-d9b7d1e1d3f6::eave-chain::0:3"", ""513a4b03-cfb1-4221-99ff-d9b7d1e1d3f6::eave-chain::0:4""]",13.733382,1.601153,3.622338,"[""building-part:7b4520ff64dc22a8216f""]","[""building-part:7b4520ff64dc22a8216f""]","[""building-part:2514bbf7348d56c384e7""]",False,True,True
517846b1-d1f1-4faa-8407-e80dcdbcc003,0,ridge_eave_plane_group,0,517846b1-d1f1-4faa-8407-e80dcdbcc003::ridge-eave-candidate::plane-group::580e63d550e7,172.55344,22.267626,45.342062,8,0.671311,1.0,0.702873,90.0,45.342062,0.0,14.047115,2,14.047115,517846b1-d1f1-4faa-8407-e80dcdbcc003::eave-chain::0:14,0.81256,0,0.785699,0.809099,strong,keep,False,"[""517846b1-d1f1-4faa-8407-e80dcdbcc003::eave-chain::0:10"", ""517846b1-d1f1-4faa-8407-e80dcdbcc003::eave-chain::0:14""]",14.047115,3.217265,3.520599,"[""building-part:7df1be2e6d3fb35ea75b""]","[""building-part:7df1be2e6d3fb35ea75b""]","[""building-part:9d76d15278b450bcda9a"", ""building-part:9e58653492015833722e"", ""building-part:c6a1160ebec0a3b1ab67"", ""building-part:d490d7287c9633e1bd88"", ""building-part:dd3617dac254773a8834"", ""building-part:fdfa34b566e1506160b0""]",False,True,True
517846b1-d1f1-4faa-8407-e80dcdbcc003,0,ridge_eave_plane_group,1,517846b1-d1f1-4faa-8407-e80dcdbcc003::ridge-eave-candidate::plane-group::b82f39897c33,178.536498,202.26763,44.788662,8,0.682001,1.0,0.70971,90.0,44.788662,0.0,15.485131,3,15.485131,517846b1-d1f1-4faa-8407-e80dcdbcc003::eave-chain::0:19,0.872981,0,0.791255,0.814743,strong,keep,False,"[""517846b1-d1f1-4faa-8407-e80dcdbcc003::eave-chain::0:10"", ""517846b1-d1f1-4faa-8407-e80dcdbcc003::eave-chain::0:14"", ""517846b1-d1f1-4faa-8407-e80dcdbcc003::eave-chain::0:19""]",15.485131,2.872548,6.945912,"[""building-part:7df1be2e6d3fb35ea75b""]","[""building-part:7df1be2e6d3fb35ea75b""]","[""building-part:9d76d15278b450bcda9a"", ""building-part:9e58653492015833722e"", ""building-part:c6a1160ebec0a3b1ab67"", ""building-part:d490d7287c9633e1bd88"", ""building-part:dd3617dac254773a8834"", ""building-part:fdfa34b566e1506160b0""]",False,True,True
517846b1-d1f1-4faa-8407-e80dcdbcc003,0,ridge_eave_plane_group,2,517846b1-d1f1-4faa-8407-e80dcdbcc003::ridge-eave-candidate::plane-group::3a99869f613f,180.769732,336.47074,36.999837,8,0.68593,1.0,0.798637,90.0,36.999837,0.0,6.133969,9,36.390968,517846b1-d1f1-4faa-8407-e80dcdbcc003::eave-chain::0:2,0.869965,0,0.836505,0.834099,strong,keep,False,"[""517846b1-d1f1-4faa-8407-e80dcdbcc003::eave-chain::0:12"", ""517846b1-d1f1-4faa-8407-e80dcdbcc003::eave-chain::0:17"", ""517846b1-d1f1-4faa-8407-e80dcdbcc003::eave-chain::0:2"", ""517846b1-d1f1-4faa-8407-e80dcdbcc003::eave-chain::0:21"", ""517846b1-d1f1-4faa-8407-e80dcdbcc003::eave-chain::0:23"", ""517846b1-d1f1-4faa-8407-e80dcdbcc003::eave-chain::0:3"", ""517846b1-d1f1-4faa-8407-e80dcdbcc003::eave-chain::0:5"", ""517846b1-d1f1-4faa-8407-e80dcdbcc003::eave-chain::0:6"", ""517846b1-d1f1-4faa-8407-e80dcdbcc003::eave-chain::0:7""]",36.390968,1.978722,7.452923,"[""building-part:7df1be2e6d3fb35ea75b""]","[""building-part:7df1be2e6d3fb35ea75b""]","[""building-part:9d76d15278b450bcda9a"", ""building-part:9e58653492015833722e"", ""building-part:c6a1160ebec0a3b1ab67"", ""building-part:d490d7287c9633e1bd88"", ""building-part:dd3617dac254773a8834"", ""building-part:fdfa34b566e1506160b0""]",False,True,True
517846b1-d1f1-4faa-8407-e80dcdbcc003,0,ridge_eave_plane_group,3,517846b1-d1f1-4faa-8407-e80dcdbcc003::ridge-eave-candidate::plane-group::fd0f35acff35,179.574692,246.152528,34.777201,8,0.68384,1.0,0.821376,90.0,34.777201,0.0,18.394388,8,45.88441,517846b1-d1f1-4faa-8407-e80dcdbcc003::eave-chain::0:8,0.935189,0,0.847456,0.837811,strong,keep,False,"[""517846b1-d1f1-4faa-8407-e80dcdbcc003::eave-chain::0:0"", ""517846b1-d1f1-4faa-8407-e80dcdbcc003::eave-chain::0:1"", ""517846b1-d1f1-4faa-8407-e80dcdbcc003::eave-chain::0:13"", ""517846b1-d1f1-4faa-8407-e80dcdbcc003::eave-chain::0:18"", ""517846b1-d1f1-4faa-8407-e80dcdbcc003::eave-chain::0:20"", ""517846b1-d1f1-4faa-8407-e80dcdbcc003::eave-chain::0:22"", ""517846b1-d1f1-4faa-8407-e80dcdbcc003::eave-chain::0:4"", ""517846b1-d1f1-4faa-8407-e80dcdbcc003::eave-chain::0:8""]",45.88441,2.297648,3.268366,"[""building-part:7df1be2e6d3fb35ea75b""]","[""building-part:7df1be2e6d3fb35ea75b""]","[""building-part:9d76d15278b450bcda9a"", ""building-part:9e58653492015833722e"", ""building-part:c6a1160ebec0a3b1ab67"", ""building-part:d490d7287c9633e1bd88"", ""building-part:dd3617dac254773a8834"", ""building-part:fdfa34b566e1506160b0""]",False,True,True
52f91e67-3891-4729-8bf3-be2c0a6a0d04,2,candidate_oblique,0,52f91e67-3891-4729-8bf3-be2c0a6a0d04::ceiling-oblique::ceiling-oblique:0,7.644034,268.279846,48.505691,5,0.93794,0.967213,0.996502,2.963873,4.288287,8.609034,11.338709,4,21.736514,52f91e67-3891-4729-8bf3-be2c0a6a0d04::eave-chain::2:6,0.998943,0,0.976003,0.967919,strong,keep,False,"[""52f91e67-3891-4729-8bf3-be2c0a6a0d04::eave-chain::2:0"", ""52f91e67-3891-4729-8bf3-be2c0a6a0d04::eave-chain::2:3"", ""52f91e67-3891-4729-8bf3-be2c0a6a0d04::eave-chain::2:4"", ""52f91e67-3891-4729-8bf3-be2c0a6a0d04::eave-chain::2:6""]",21.736514,0.11808,1.618792,"[""building-part:753a407a19a8909ecc9a""]","[""building-part:753a407a19a8909ecc9a""]","[""building-part:753a407a19a8909ecc9a""]",False,True,False
52f91e67-3891-4729-8bf3-be2c0a6a0d04,2,candidate_oblique,1,52f91e67-3891-4729-8bf3-be2c0a6a0d04::ceiling-oblique::ceiling-oblique:1,14.759435,88.279836,48.958662,6,0.556559,0.967213,0.995422,5.074819,1.955372,5.817741,3.904707,3,14.674127,52f91e67-3891-4729-8bf3-be2c0a6a0d04::eave-chain::2:4,0.987502,0,0.899187,0.815151,strong,keep,False,"[""52f91e67-3891-4729-8bf3-be2c0a6a0d04::eave-chain::2:4"", ""52f91e67-3891-4729-8bf3-be2c0a6a0d04::eave-chain::2:5"", ""52f91e67-3891-4729-8bf3-be2c0a6a0d04::eave-chain::2:6""]",14.674127,0.209167,0.027622,"[""building-part:753a407a19a8909ecc9a""]","[""building-part:753a407a19a8909ecc9a""]","[""building-part:753a407a19a8909ecc9a""]",False,True,False
52f91e67-3891-4729-8bf3-be2c0a6a0d04,2,committed_oblique,0,52f91e67-3891-4729-8bf3-be2c0a6a0d04::roof-oblique::oblique:0,30.695306,268.278564,48.505824,5,0.690554,0.967213,0.996502,2.96259,4.28842,8.609034,4.304389,4,21.736514,52f91e67-3891-4729-8bf3-be2c0a6a0d04::eave-chain::2:6,0.998998,0,0.926526,0.868965,strong,keep,False,"[""52f91e67-3891-4729-8bf3-be2c0a6a0d04::eave-chain::2:0"", ""52f91e67-3891-4729-8bf3-be2c0a6a0d04::eave-chain::2:3"", ""52f91e67-3891-4729-8bf3-be2c0a6a0d04::eave-chain::2:4"", ""52f91e67-3891-4729-8bf3-be2c0a6a0d04::eave-chain::2:6""]",21.736514,0.11808,1.619023,"[""building-part:753a407a19a8909ecc9a""]","[""building-part:753a407a19a8909ecc9a""]","[""building-part:753a407a19a8909ecc9a""]",False,True,True
52f91e67-3891-4729-8bf3-be2c0a6a0d04,2,committed_oblique,1,52f91e67-3891-4729-8bf3-be2c0a6a0d04::roof-oblique::oblique:1,37.634656,88.277839,48.960712,7,0.610627,0.967213,0.99173,9.368667,2.000484,5.817741,3.904707,5,25.641221,52f91e67-3891-4729-8bf3-be2c0a6a0d04::eave-chain::2:4,0.950578,0,0.908154,0.836039,strong,keep,False,"[""52f91e67-3891-4729-8bf3-be2c0a6a0d04::eave-chain::2:0"", ""52f91e67-3891-4729-8bf3-be2c0a6a0d04::eave-chain::2:3"", ""52f91e67-3891-4729-8bf3-be2c0a6a0d04::eave-chain::2:4"", ""52f91e67-3891-4729-8bf3-be2c0a6a0d04::eave-chain::2:5"", ""52f91e67-3891-4729-8bf3-be2c0a6a0d04::eave-chain::2:6""]",25.641221,0.209167,1.011226,"[""building-part:753a407a19a8909ecc9a""]","[""building-part:753a407a19a8909ecc9a""]","[""building-part:753a407a19a8909ecc9a""]",False,True,True
52f91e67-3891-4729-8bf3-be2c0a6a0d04,2,ridge_eave_plane_group,0,52f91e67-3891-4729-8bf3-be2c0a6a0d04::ridge-eave-candidate::plane-group::42787b2b348d,104.443995,268.279846,48.504058,10,0.422989,0.967213,0.416373,129.091071,2.474205,14.426776,3.904707,5,25.641221,52f91e67-3891-4729-8bf3-be2c0a6a0d04::eave-chain::2:6,0.984574,0,0.582948,0.645913,medium,maybe,False,"[""52f91e67-3891-4729-8bf3-be2c0a6a0d04::eave-chain::2:0"", ""52f91e67-3891-4729-8bf3-be2c0a6a0d04::eave-chain::2:3"", ""52f91e67-3891-4729-8bf3-be2c0a6a0d04::eave-chain::2:4"", ""52f91e67-3891-4729-8bf3-be2c0a6a0d04::eave-chain::2:5"", ""52f91e67-3891-4729-8bf3-be2c0a6a0d04::eave-chain::2:6""]",25.641221,0.209177,3.153564,"[""building-part:753a407a19a8909ecc9a""]","[""building-part:753a407a19a8909ecc9a""]","[""building-part:753a407a19a8909ecc9a""]",False,True,True
52f91e67-3891-4729-8bf3-be2c0a6a0d04,2,ridge_eave_plane_group,1,52f91e67-3891-4729-8bf3-be2c0a6a0d04::ridge-eave-candidate::plane-group::092117cd858e,104.443995,88.279836,48.958845,10,0.422989,0.967213,0.819856,50.908919,2.019418,14.426776,3.904707,5,25.641221,52f91e67-3891-4729-8bf3-be2c0a6a0d04::eave-chain::2:4,0.93709,0,0.78469,0.72661,strong,keep,False,"[""52f91e67-3891-4729-8bf3-be2c0a6a0d04::eave-chain::2:0"", ""52f91e67-3891-4729-8bf3-be2c0a6a0d04::eave-chain::2:3"", ""52f91e67-3891-4729-8bf3-be2c0a6a0d04::eave-chain::2:4"", ""52f91e67-3891-4729-8bf3-be2c0a6a0d04::eave-chain::2:5"", ""52f91e67-3891-4729-8bf3-be2c0a6a0d04::eave-chain::2:6""]",25.641221,0.209167,1.020333,"[""building-part:753a407a19a8909ecc9a""]","[""building-part:753a407a19a8909ecc9a""]","[""building-part:753a407a19a8909ecc9a""]",False,True,True
53c380e7-407e-48f7-8c72-b449e2334798,0,candidate_oblique,0,53c380e7-407e-48f7-8c72-b449e2334798::ceiling-oblique::ceiling-oblique:0,24.797612,188.827051,17.376204,4,0.964121,0.825,0.977174,4.765978,8.81468,33.60431,16.799996,3,39.510308,53c380e7-407e-48f7-8c72-b449e2334798::eave-chain::0:3,0.984728,0,0.928911,0.946083,strong,keep,False,"[""53c380e7-407e-48f7-8c72-b449e2334798::eave-chain::0:1"", ""53c380e7-407e-48f7-8c72-b449e2334798::eave-chain::0:2"", ""53c380e7-407e-48f7-8c72-b449e2334798::eave-chain::0:3""]",39.510308,0.17633,1.076993,"[""building-part:1b4d9f1e57a65d1bf85c"", ""building-part:3b50e72618fdd8a22a9e""]","[""building-part:1b4d9f1e57a65d1bf85c"", ""building-part:3b50e72618fdd8a22a9e""]","[""building-part:1b4d9f1e57a65d1bf85c"", ""building-part:3b50e72618fdd8a22a9e""]",True,True,True
53c380e7-407e-48f7-8c72-b449e2334798,0,candidate_oblique,1,53c380e7-407e-48f7-8c72-b449e2334798::ceiling-oblique::ceiling-oblique:1,19.741072,8.827056,18.456504,14,0.891504,0.97551,0.97405,5.507313,10.066447,32.473991,16.220444,3,39.510308,53c380e7-407e-48f7-8c72-b449e2334798::eave-chain::0:2,0.994906,0,0.957979,0.946514,strong,keep,False,"[""53c380e7-407e-48f7-8c72-b449e2334798::eave-chain::0:1"", ""53c380e7-407e-48f7-8c72-b449e2334798::eave-chain::0:2"", ""53c380e7-407e-48f7-8c72-b449e2334798::eave-chain::0:3""]",39.510308,0.176335,0.44714,"[""building-part:1b4d9f1e57a65d1bf85c"", ""building-part:3b50e72618fdd8a22a9e""]","[""building-part:1b4d9f1e57a65d1bf85c"", ""building-part:3b50e72618fdd8a22a9e""]","[""building-part:1b4d9f1e57a65d1bf85c"", ""building-part:3b50e72618fdd8a22a9e""]",True,True,True
53c380e7-407e-48f7-8c72-b449e2334798,0,committed_oblique,0,53c380e7-407e-48f7-8c72-b449e2334798::roof-oblique::oblique:0,59.307758,188.826582,17.37232,5,0.98944,0.845714,0.954385,8.826582,17.37232,33.60431,24.031843,4,46.742154,53c380e7-407e-48f7-8c72-b449e2334798::eave-chain::0:3,0.984685,0,0.928795,0.955796,strong,keep,False,"[""53c380e7-407e-48f7-8c72-b449e2334798::eave-chain::0:1"", ""53c380e7-407e-48f7-8c72-b449e2334798::eave-chain::0:2"", ""53c380e7-407e-48f7-8c72-b449e2334798::eave-chain::0:3"", ""53c380e7-407e-48f7-8c72-b449e2334798::eave-chain::0:5""]",46.742154,0.215309,0.878704,"[""building-part:1b4d9f1e57a65d1bf85c"", ""building-part:3b50e72618fdd8a22a9e""]","[""building-part:1b4d9f1e57a65d1bf85c"", ""building-part:3b50e72618fdd8a22a9e""]","[""building-part:1b4d9f1e57a65d1bf85c"", ""building-part:3b50e72618fdd8a22a9e""]",True,True,True
53c380e7-407e-48f7-8c72-b449e2334798,0,committed_oblique,1,53c380e7-407e-48f7-8c72-b449e2334798::roof-oblique::oblique:1,54.005829,8.83016,18.455155,14,0.969376,0.97551,0.974053,5.510417,10.066447,32.473991,23.452291,4,46.742154,53c380e7-407e-48f7-8c72-b449e2334798::eave-chain::0:2,0.994976,0,0.973555,0.977663,strong,keep,False,"[""53c380e7-407e-48f7-8c72-b449e2334798::eave-chain::0:1"", ""53c380e7-407e-48f7-8c72-b449e2334798::eave-chain::0:2"", ""53c380e7-407e-48f7-8c72-b449e2334798::eave-chain::0:3"", ""53c380e7-407e-48f7-8c72-b449e2334798::eave-chain::0:5""]",46.742154,0.215309,0.574021,"[""building-part:1b4d9f1e57a65d1bf85c"", ""building-part:3b50e72618fdd8a22a9e""]","[""building-part:1b4d9f1e57a65d1bf85c"", ""building-part:3b50e72618fdd8a22a9e""]","[""building-part:1b4d9f1e57a65d1bf85c"", ""building-part:3b50e72618fdd8a22a9e""]",True,True,True
53c380e7-407e-48f7-8c72-b449e2334798,0,ridge_eave_plane_group,0,53c380e7-407e-48f7-8c72-b449e2334798::ridge-eave-candidate::plane-group::09d9e9de622c,113.3104,188.827051,17.376196,17,0.979945,0.944538,0.954364,171.172949,2.756699,66.078301,33.02044,4,46.742154,53c380e7-407e-48f7-8c72-b449e2334798::eave-chain::0:3,0.984676,0,0.956533,0.971758,strong,keep,False,"[""53c380e7-407e-48f7-8c72-b449e2334798::eave-chain::0:1"", ""53c380e7-407e-48f7-8c72-b449e2334798::eave-chain::0:2"", ""53c380e7-407e-48f7-8c72-b449e2334798::eave-chain::0:3"", ""53c380e7-407e-48f7-8c72-b449e2334798::eave-chain::0:5""]",46.742154,0.215309,0.879036,"[""building-part:1b4d9f1e57a65d1bf85c"", ""building-part:3b50e72618fdd8a22a9e""]","[""building-part:1b4d9f1e57a65d1bf85c"", ""building-part:3b50e72618fdd8a22a9e""]","[""building-part:1b4d9f1e57a65d1bf85c"", ""building-part:3b50e72618fdd8a22a9e""]",True,True,True
53c380e7-407e-48f7-8c72-b449e2334798,0,ridge_eave_plane_group,1,53c380e7-407e-48f7-8c72-b449e2334798::ridge-eave-candidate::plane-group::b9f6e3a5e6da,113.3104,8.827057,18.456542,17,0.979945,0.944538,0.948564,8.827057,1.676353,66.078301,33.02044,4,46.742154,53c380e7-407e-48f7-8c72-b449e2334798::eave-chain::0:2,0.994658,0,0.953632,0.970598,strong,keep,False,"[""53c380e7-407e-48f7-8c72-b449e2334798::eave-chain::0:1"", ""53c380e7-407e-48f7-8c72-b449e2334798::eave-chain::0:2"", ""53c380e7-407e-48f7-8c72-b449e2334798::eave-chain::0:3"", ""53c380e7-407e-48f7-8c72-b449e2334798::eave-chain::0:5""]",46.742154,0.215309,0.575374,"[""building-part:1b4d9f1e57a65d1bf85c"", ""building-part:3b50e72618fdd8a22a9e""]","[""building-part:1b4d9f1e57a65d1bf85c"", ""building-part:3b50e72618fdd8a22a9e""]","[""building-part:1b4d9f1e57a65d1bf85c"", ""building-part:3b50e72618fdd8a22a9e""]",True,True,True
56108837-05d5-4fe4-bfd5-aec6b649d825,0,candidate_oblique,0,56108837-05d5-4fe4-bfd5-aec6b649d825::ceiling-oblique::ceiling-oblique:0,9.047223,352.204573,25.997794,1,0.999976,1.0,1.0,0.00023,0.000528,0.0,12.904353,7,34.110621,56108837-05d5-4fe4-bfd5-aec6b649d825::eave-chain::0:12,0.999989,0,0.999995,0.99999,strong,keep,False,"[""56108837-05d5-4fe4-bfd5-aec6b649d825::eave-chain::0:1"", ""56108837-05d5-4fe4-bfd5-aec6b649d825::eave-chain::0:12"", ""56108837-05d5-4fe4-bfd5-aec6b649d825::eave-chain::0:13"", ""56108837-05d5-4fe4-bfd5-aec6b649d825::eave-chain::0:3"", ""56108837-05d5-4fe4-bfd5-aec6b649d825::eave-chain::0:6"", ""56108837-05d5-4fe4-bfd5-aec6b649d825::eave-chain::0:8"", ""56108837-05d5-4fe4-bfd5-aec6b649d825::eave-chain::0:9""]",34.110621,0.069728,1.320796,"[""building-part:5cc5ec7b96f072f56157"", ""building-part:82f2b6fa7eb57f3ab192""]","[""building-part:5cc5ec7b96f072f56157"", ""building-part:82f2b6fa7eb57f3ab192""]","[""building-part:5cc5ec7b96f072f56157"", ""building-part:82f2b6fa7eb57f3ab192""]",True,True,True
56108837-05d5-4fe4-bfd5-aec6b649d825,0,committed_oblique,0,56108837-05d5-4fe4-bfd5-aec6b649d825::roof-oblique::oblique:0,11.344895,352.212054,25.997898,3,0.943804,1.0,0.89881,7.787946,25.997898,0.0,8.545772,7,34.110621,56108837-05d5-4fe4-bfd5-aec6b649d825::eave-chain::0:12,0.999948,0,0.938166,0.957283,strong,keep,False,"[""56108837-05d5-4fe4-bfd5-aec6b649d825::eave-chain::0:1"", ""56108837-05d5-4fe4-bfd5-aec6b649d825::eave-chain::0:12"", ""56108837-05d5-4fe4-bfd5-aec6b649d825::eave-chain::0:13"", ""56108837-05d5-4fe4-bfd5-aec6b649d825::eave-chain::0:3"", ""56108837-05d5-4fe4-bfd5-aec6b649d825::eave-chain::0:6"", ""56108837-05d5-4fe4-bfd5-aec6b649d825::eave-chain::0:8"", ""56108837-05d5-4fe4-bfd5-aec6b649d825::eave-chain::0:9""]",34.110621,0.069728,1.321292,"[""building-part:82f2b6fa7eb57f3ab192""]","[""building-part:82f2b6fa7eb57f3ab192""]","[""building-part:54f454ef0dd9aa2ec4b2"", ""building-part:5cc5ec7b96f072f56157"", ""building-part:82f2b6fa7eb57f3ab192""]",False,True,True
56108837-05d5-4fe4-bfd5-aec6b649d825,0,ridge_eave_plane_group,0,56108837-05d5-4fe4-bfd5-aec6b649d825::ridge-eave-candidate::plane-group::0fe0de167a96,71.54706,352.204587,25.241816,9,0.955397,1.0,0.904516,7.795413,25.241816,2.924253,15.49447,8,35.572529,56108837-05d5-4fe4-bfd5-aec6b649d825::eave-chain::0:10,0.997759,0,0.943338,0.963062,strong,keep,False,"[""56108837-05d5-4fe4-bfd5-aec6b649d825::eave-chain::0:1"", ""56108837-05d5-4fe4-bfd5-aec6b649d825::eave-chain::0:10"", ""56108837-05d5-4fe4-bfd5-aec6b649d825::eave-chain::0:12"", ""56108837-05d5-4fe4-bfd5-aec6b649d825::eave-chain::0:13"", ""56108837-05d5-4fe4-bfd5-aec6b649d825::eave-chain::0:3"", ""56108837-05d5-4fe4-bfd5-aec6b649d825::eave-chain::0:6"", ""56108837-05d5-4fe4-bfd5-aec6b649d825::eave-chain::0:8"", ""56108837-05d5-4fe4-bfd5-aec6b649d825::eave-chain::0:9""]",35.572529,0.07221,0.864427,"[""building-part:54f454ef0dd9aa2ec4b2""]","[""building-part:54f454ef0dd9aa2ec4b2""]","[""building-part:54f454ef0dd9aa2ec4b2"", ""building-part:5cc5ec7b96f072f56157"", ""building-part:82f2b6fa7eb57f3ab192""]",False,True,True
56108837-05d5-4fe4-bfd5-aec6b649d825,0,ridge_eave_plane_group,1,56108837-05d5-4fe4-bfd5-aec6b649d825::ridge-eave-candidate::plane-group::918abc5d21a2,71.54706,352.204573,25.997794,9,0.955397,1.0,0.898811,7.795427,25.997794,2.924253,15.49447,8,35.572529,56108837-05d5-4fe4-bfd5-aec6b649d825::eave-chain::0:12,0.999989,0,0.940485,0.961921,strong,keep,False,"[""56108837-05d5-4fe4-bfd5-aec6b649d825::eave-chain::0:1"", ""56108837-05d5-4fe4-bfd5-aec6b649d825::eave-chain::0:10"", ""56108837-05d5-4fe4-bfd5-aec6b649d825::eave-chain::0:12"", ""56108837-05d5-4fe4-bfd5-aec6b649d825::eave-chain::0:13"", ""56108837-05d5-4fe4-bfd5-aec6b649d825::eave-chain::0:3"", ""56108837-05d5-4fe4-bfd5-aec6b649d825::eave-chain::0:6"", ""56108837-05d5-4fe4-bfd5-aec6b649d825::eave-chain::0:8"", ""56108837-05d5-4fe4-bfd5-aec6b649d825::eave-chain::0:9""]",35.572529,0.07221,1.158029,"[""building-part:82f2b6fa7eb57f3ab192""]","[""building-part:82f2b6fa7eb57f3ab192""]","[""building-part:54f454ef0dd9aa2ec4b2"", ""building-part:5cc5ec7b96f072f56157"", ""building-part:82f2b6fa7eb57f3ab192""]",False,True,True
5831141f-829c-4adb-9bae-289c2140c72d,2,candidate_oblique,0,5831141f-829c-4adb-9bae-289c2140c72d::ceiling-oblique::ceiling-oblique:0,7.121821,115.074555,52.616088,3,0.793211,0.552632,0.9982,4.238146,0.776113,0.0,2.081102,1,2.081102,5831141f-829c-4adb-9bae-289c2140c72d::eave-chain::2:4,0.855763,0,0.823532,0.731506,strong,keep,False,"[""5831141f-829c-4adb-9bae-289c2140c72d::eave-chain::2:4""]",2.081102,4.419675,0.105516,"[""building-part:fbdf5391a8d766a97612""]","[""building-part:fbdf5391a8d766a97612""]","[""building-part:fbdf5391a8d766a97612""]",False,True,True
5831141f-829c-4adb-9bae-289c2140c72d,2,candidate_oblique,1,5831141f-829c-4adb-9bae-289c2140c72d::ceiling-oblique::ceiling-oblique:1,4.468629,299.357629,53.549094,1,0.740002,0.605263,0.996105,5.1e-05,5.058381,0.0,7.729562,2,15.428451,5831141f-829c-4adb-9bae-289c2140c72d::eave-chain::2:1,0.792355,0,0.827632,0.816274,strong,keep,False,"[""5831141f-829c-4adb-9bae-289c2140c72d::eave-chain::2:0"", ""5831141f-829c-4adb-9bae-289c2140c72d::eave-chain::2:1""]",15.428451,0.771744,0.180527,"[""building-part:fbdf5391a8d766a97612""]","[""building-part:fbdf5391a8d766a97612""]","[""building-part:fbdf5391a8d766a97612""]",False,True,True
5831141f-829c-4adb-9bae-289c2140c72d,2,committed_oblique,0,5831141f-829c-4adb-9bae-289c2140c72d::roof-oblique::oblique:0,16.952651,115.074328,52.614413,4,0.43477,0.546053,0.998315,3.94194,1.109961,0.0,9.797542,3,9.797542,5831141f-829c-4adb-9bae-289c2140c72d::eave-chain::2:4,0.846437,0,0.749927,0.682782,medium,keep,False,"[""5831141f-829c-4adb-9bae-289c2140c72d::eave-chain::2:2"", ""5831141f-829c-4adb-9bae-289c2140c72d::eave-chain::2:3"", ""5831141f-829c-4adb-9bae-289c2140c72d::eave-chain::2:4""]",9.797542,3.896818,0.240247,"[""building-part:fbdf5391a8d766a97612""]","[""building-part:fbdf5391a8d766a97612""]","[""building-part:fbdf5391a8d766a97612""]",False,True,True
5831141f-829c-4adb-9bae-289c2140c72d,2,committed_oblique,1,5831141f-829c-4adb-9bae-289c2140c72d::roof-oblique::oblique:1,7.990236,299.359495,53.545846,1,0.413836,0.605263,0.9961,0.001816,5.061628,0.0,4.020616,2,15.428451,5831141f-829c-4adb-9bae-289c2140c72d::eave-chain::2:1,0.792385,0,0.762396,0.685807,strong,keep,False,"[""5831141f-829c-4adb-9bae-289c2140c72d::eave-chain::2:0"", ""5831141f-829c-4adb-9bae-289c2140c72d::eave-chain::2:1""]",15.428451,0.771744,0.180426,"[""building-part:fbdf5391a8d766a97612""]","[""building-part:fbdf5391a8d766a97612""]","[""building-part:fbdf5391a8d766a97612""]",False,True,True
5831141f-829c-4adb-9bae-289c2140c72d,2,ridge_eave_plane_group,1,5831141f-829c-4adb-9bae-289c2140c72d::ridge-eave-candidate::plane-group::a3df864b41ab,53.033942,119.99687,25.00639,6,0.293035,0.589912,0.877247,1.462523,27.557196,0.0,0.0,5,25.225993,5831141f-829c-4adb-9bae-289c2140c72d::eave-chain::2:0,0.89972,0,0.674204,0.410646,medium,drop_candidate,False,"[""5831141f-829c-4adb-9bae-289c2140c72d::eave-chain::2:0"", ""5831141f-829c-4adb-9bae-289c2140c72d::eave-chain::2:1"", ""5831141f-829c-4adb-9bae-289c2140c72d::eave-chain::2:2"", ""5831141f-829c-4adb-9bae-289c2140c72d::eave-chain::2:3"", ""5831141f-829c-4adb-9bae-289c2140c72d::eave-chain::2:4""]",25.225993,0.50264,2.208227,"[""building-part:858c8890770a7adfaa58""]","[""building-part:858c8890770a7adfaa58""]","[""building-part:fbdf5391a8d766a97612""]",True,True,True
5831141f-829c-4adb-9bae-289c2140c72d,2,ridge_eave_plane_group,2,5831141f-829c-4adb-9bae-289c2140c72d::ridge-eave-candidate::plane-group::6a88a8bb217e,53.033942,119.357624,52.407321,6,0.293035,0.589912,0.999647,0.823277,1.053649,0.0,0.0,5,25.225993,5831141f-829c-4adb-9bae-289c2140c72d::eave-chain::2:3,0.970323,0,0.735404,0.435126,medium,drop_candidate,False,"[""5831141f-829c-4adb-9bae-289c2140c72d::eave-chain::2:0"", ""5831141f-829c-4adb-9bae-289c2140c72d::eave-chain::2:1"", ""5831141f-829c-4adb-9bae-289c2140c72d::eave-chain::2:2"", ""5831141f-829c-4adb-9bae-289c2140c72d::eave-chain::2:3"", ""5831141f-829c-4adb-9bae-289c2140c72d::eave-chain::2:4""]",25.225993,0.649749,0.195696,"[""building-part:fbdf5391a8d766a97612""]","[""building-part:fbdf5391a8d766a97612""]","[""building-part:fbdf5391a8d766a97612""]",False,True,True
5831141f-829c-4adb-9bae-289c2140c72d,2,ridge_eave_plane_group,3,5831141f-829c-4adb-9bae-289c2140c72d::ridge-eave-candidate::plane-group::bd4d79aa1de7,53.033942,299.357626,52.80775,6,0.293035,0.589912,0.283798,179.176721,1.12469,0.0,0.0,5,25.225993,5831141f-829c-4adb-9bae-289c2140c72d::eave-chain::2:1,0.961478,0,0.37748,0.291956,weak,drop_candidate,False,"[""5831141f-829c-4adb-9bae-289c2140c72d::eave-chain::2:0"", ""5831141f-829c-4adb-9bae-289c2140c72d::eave-chain::2:1"", ""5831141f-829c-4adb-9bae-289c2140c72d::eave-chain::2:2"", ""5831141f-829c-4adb-9bae-289c2140c72d::eave-chain::2:3"", ""5831141f-829c-4adb-9bae-289c2140c72d::eave-chain::2:4""]",25.225993,0.649747,2.374705,"[""building-part:fbdf5391a8d766a97612""]","[""building-part:fbdf5391a8d766a97612""]","[""building-part:fbdf5391a8d766a97612""]",False,True,True
59b505e7-b384-451b-90b1-80f2654dd10d,2,candidate_oblique,0,59b505e7-b384-451b-90b1-80f2654dd10d::ceiling-oblique::ceiling-oblique:0,10.967855,141.893275,47.216756,3,0.723872,1.0,0.999927,0.597161,0.535282,14.281046,7.139638,2,7.139638,59b505e7-b384-451b-90b1-80f2654dd10d::eave-chain::2:2,0.990206,0,0.944738,0.889534,strong,keep,False,"[""59b505e7-b384-451b-90b1-80f2654dd10d::eave-chain::2:2"", ""59b505e7-b384-451b-90b1-80f2654dd10d::eave-chain::2:5""]",7.139638,0.220011,0.052964,"[""building-part:0ca1111167ce5ac762ae"", ""building-part:e8a15acd6973fee08fec""]","[""building-part:0ca1111167ce5ac762ae"", ""building-part:e8a15acd6973fee08fec""]","[""building-part:0ca1111167ce5ac762ae"", ""building-part:e8a15acd6973fee08fec""]",False,True,True
59b505e7-b384-451b-90b1-80f2654dd10d,2,candidate_oblique,1,59b505e7-b384-451b-90b1-80f2654dd10d::ceiling-oblique::ceiling-oblique:1,9.66035,231.893288,49.82472,0,0.0,0.0,,,,0.0,1.092955,1,1.092955,59b505e7-b384-451b-90b1-80f2654dd10d::eave-chain::2:8,0.933864,0,0.0,0.054648,weak,drop_candidate,False,"[""59b505e7-b384-451b-90b1-80f2654dd10d::eave-chain::2:8""]",1.092955,0.00046,0.264479,"[""building-part:0ca1111167ce5ac762ae"", ""building-part:d262d1d7b79c95f54ab8"", ""building-part:e8a15acd6973fee08fec""]","[""building-part:0ca1111167ce5ac762ae"", ""building-part:d262d1d7b79c95f54ab8"", ""building-part:e8a15acd6973fee08fec""]","[""building-part:0ca1111167ce5ac762ae"", ""building-part:d262d1d7b79c95f54ab8"", ""building-part:e8a15acd6973fee08fec""]",False,True,True
59b505e7-b384-451b-90b1-80f2654dd10d,2,candidate_oblique,2,59b505e7-b384-451b-90b1-80f2654dd10d::ceiling-oblique::ceiling-oblique:2,12.243255,51.89328,50.096413,4,0.251905,0.728261,0.543708,70.648057,5.684192,0.0,1.092955,1,1.092955,59b505e7-b384-451b-90b1-80f2654dd10d::eave-chain::2:8,0.952147,0,0.540713,0.409804,weak,drop_candidate,False,"[""59b505e7-b384-451b-90b1-80f2654dd10d::eave-chain::2:8""]",1.092955,0.000452,0.019828,"[""building-part:0ca1111167ce5ac762ae"", ""building-part:d262d1d7b79c95f54ab8"", ""building-part:e8a15acd6973fee08fec""]","[""building-part:0ca1111167ce5ac762ae"", ""building-part:d262d1d7b79c95f54ab8"", ""building-part:e8a15acd6973fee08fec""]","[""building-part:0ca1111167ce5ac762ae"", ""building-part:d262d1d7b79c95f54ab8"", ""building-part:e8a15acd6973fee08fec""]",False,True,True
59b505e7-b384-451b-90b1-80f2654dd10d,2,candidate_oblique,3,59b505e7-b384-451b-90b1-80f2654dd10d::ceiling-oblique::ceiling-oblique:3,15.595672,321.881986,47.23729,4,0.448043,0.605812,0.999491,0.603041,1.623178,7.652893,0.0,2,5.170931,59b505e7-b384-451b-90b1-80f2654dd10d::eave-chain::2:7,0.996559,0,0.771098,0.700278,strong,keep,False,"[""59b505e7-b384-451b-90b1-80f2654dd10d::eave-chain::2:7"", ""59b505e7-b384-451b-90b1-80f2654dd10d::eave-chain::2:9""]",5.170931,0.312669,0.002747,"[""building-part:d262d1d7b79c95f54ab8"", ""building-part:e8a15acd6973fee08fec""]","[""building-part:d262d1d7b79c95f54ab8"", ""building-part:e8a15acd6973fee08fec""]","[""building-part:d262d1d7b79c95f54ab8"", ""building-part:e8a15acd6973fee08fec""]",False,True,True
59b505e7-b384-451b-90b1-80f2654dd10d,2,committed_oblique,0,59b505e7-b384-451b-90b1-80f2654dd10d::roof-oblique::oblique:0,2.009196,141.90387,47.208594,0,0.0,0.0,,,,0.0,0.0,0,0.0,59b505e7-b384-451b-90b1-80f2654dd10d::eave-chain::2:2,0.698375,0,0.0,0.0,weak,drop_candidate,False,[],0.0,,,"[""building-part:0251749fc9c5b2d4a64f"", ""building-part:0ca1111167ce5ac762ae"", ""building-part:e8a15acd6973fee08fec""]","[""building-part:0251749fc9c5b2d4a64f"", ""building-part:0ca1111167ce5ac762ae"", ""building-part:e8a15acd6973fee08fec""]","[""building-part:0ca1111167ce5ac762ae"", ""building-part:e8a15acd6973fee08fec""]",True,True,True
59b505e7-b384-451b-90b1-80f2654dd10d,2,committed_oblique,1,59b505e7-b384-451b-90b1-80f2654dd10d::roof-oblique::oblique:1,14.317729,231.894321,49.823167,4,0.402812,1.0,0.543338,89.998815,26.314981,0.0,0.0,1,1.092955,59b505e7-b384-451b-90b1-80f2654dd10d::eave-chain::2:8,0.681027,0,0.652231,0.469792,medium,maybe,False,"[""59b505e7-b384-451b-90b1-80f2654dd10d::eave-chain::2:8""]",1.092955,0.00046,0.264404,"[""building-part:d262d1d7b79c95f54ab8"", ""building-part:e8a15acd6973fee08fec""]","[""building-part:d262d1d7b79c95f54ab8"", ""building-part:e8a15acd6973fee08fec""]","[""building-part:0ca1111167ce5ac762ae"", ""building-part:d262d1d7b79c95f54ab8"", ""building-part:e8a15acd6973fee08fec""]",False,True,True
59b505e7-b384-451b-90b1-80f2654dd10d,2,committed_oblique,2,59b505e7-b384-451b-90b1-80f2654dd10d::roof-oblique::oblique:2,10.877246,51.897222,50.100064,4,0.233551,0.605812,0.543075,70.951043,6.561117,0.0,1.092955,1,1.092955,59b505e7-b384-451b-90b1-80f2654dd10d::eave-chain::2:8,0.974514,0,0.499991,0.377845,weak,drop_candidate,False,"[""59b505e7-b384-451b-90b1-80f2654dd10d::eave-chain::2:8""]",1.092955,0.000452,0.020128,"[""building-part:d262d1d7b79c95f54ab8"", ""building-part:e8a15acd6973fee08fec""]","[""building-part:d262d1d7b79c95f54ab8"", ""building-part:e8a15acd6973fee08fec""]","[""building-part:0ca1111167ce5ac762ae"", ""building-part:d262d1d7b79c95f54ab8"", ""building-part:e8a15acd6973fee08fec""]",False,True,True
59b505e7-b384-451b-90b1-80f2654dd10d,2,committed_oblique,3,59b505e7-b384-451b-90b1-80f2654dd10d::roof-oblique::oblique:3,2.436306,321.888216,47.233155,1,0.090315,1.0,0.679017,38.111784,47.233155,0.0,1.483845,1,1.483845,59b505e7-b384-451b-90b1-80f2654dd10d::eave-chain::2:0,0.893543,0,0.657571,0.446122,medium,drop_candidate,False,"[""59b505e7-b384-451b-90b1-80f2654dd10d::eave-chain::2:0""]",1.483845,0.012403,2.408082,"[""building-part:d262d1d7b79c95f54ab8"", ""building-part:e8a15acd6973fee08fec""]","[""building-part:d262d1d7b79c95f54ab8"", ""building-part:e8a15acd6973fee08fec""]","[""building-part:0ca1111167ce5ac762ae"", ""building-part:d262d1d7b79c95f54ab8"", ""building-part:e8a15acd6973fee08fec""]",False,True,True
59b505e7-b384-451b-90b1-80f2654dd10d,1,ridge_eave_plane_group,0,59b505e7-b384-451b-90b1-80f2654dd10d::ridge-eave-candidate::plane-group::67cbe481196a,78.326649,141.893275,47.216718,1,0.035923,1.0,0.679227,141.893275,47.216718,0.0,0.0,2,2.77428,59b505e7-b384-451b-90b1-80f2654dd10d::eave-chain::1:0,0.866489,0,0.646798,0.350215,medium,drop_candidate,False,"[""59b505e7-b384-451b-90b1-80f2654dd10d::eave-chain::1:0"", ""59b505e7-b384-451b-90b1-80f2654dd10d::eave-chain::1:2""]",2.77428,1.256654,6.198997,"[""building-part:0ca1111167ce5ac762ae"", ""building-part:e8a15acd6973fee08fec""]","[""building-part:0ca1111167ce5ac762ae"", ""building-part:e8a15acd6973fee08fec""]","[""building-part:0251749fc9c5b2d4a64f""]",False,True,True
59b505e7-b384-451b-90b1-80f2654dd10d,1,ridge_eave_plane_group,1,59b505e7-b384-451b-90b1-80f2654dd10d::ridge-eave-candidate::plane-group::814c6ba9134f,78.326649,321.88232,47.237825,1,0.035923,1.0,0.678957,38.11768,47.237825,0.0,0.0,2,2.77428,59b505e7-b384-451b-90b1-80f2654dd10d::eave-chain::1:0,0.866197,0,0.646663,0.350161,medium,drop_candidate,False,"[""59b505e7-b384-451b-90b1-80f2654dd10d::eave-chain::1:0"", ""59b505e7-b384-451b-90b1-80f2654dd10d::eave-chain::1:2""]",2.77428,1.267609,4.610204,"[""building-part:d262d1d7b79c95f54ab8"", ""building-part:e8a15acd6973fee08fec""]","[""building-part:d262d1d7b79c95f54ab8"", ""building-part:e8a15acd6973fee08fec""]","[""building-part:0251749fc9c5b2d4a64f""]",False,True,True
59b505e7-b384-451b-90b1-80f2654dd10d,1,ridge_eave_plane_group,2,59b505e7-b384-451b-90b1-80f2654dd10d::ridge-eave-candidate::plane-group::cf1a80f76e5e,78.326649,321.396706,44.228135,1,0.035923,1.0,0.716568,38.603294,44.228135,0.0,0.0,2,2.77428,59b505e7-b384-451b-90b1-80f2654dd10d::eave-chain::1:0,0.853247,0,0.665469,0.357683,medium,drop_candidate,False,"[""59b505e7-b384-451b-90b1-80f2654dd10d::eave-chain::1:0"", ""59b505e7-b384-451b-90b1-80f2654dd10d::eave-chain::1:2""]",2.77428,1.753223,3.813831,"[""building-part:0251749fc9c5b2d4a64f""]","[""building-part:0251749fc9c5b2d4a64f""]","[""building-part:0251749fc9c5b2d4a64f""]",True,True,True
5a97cb51-78cd-40c7-9dd5-423bdea306a6,0,candidate_oblique,0,5a97cb51-78cd-40c7-9dd5-423bdea306a6::ceiling-oblique::ceiling-oblique:0,4.387458,256.764223,30.660422,1,0.988198,0.444444,0.999999,0.184083,0.001049,7.832698,0.0,0,0.0,5a97cb51-78cd-40c7-9dd5-423bdea306a6::eave-chain::0:10,0.399999,0,0.830972,0.884168,strong,keep,False,[],0.0,,,"[""building-part:069ecced8cc519476d11"", ""building-part:2b09cf12af9ae54524f3"", ""building-part:f1beac5cc24526d4d75d""]","[""building-part:069ecced8cc519476d11"", ""building-part:2b09cf12af9ae54524f3"", ""building-part:f1beac5cc24526d4d75d""]","[""building-part:069ecced8cc519476d11"", ""building-part:2b09cf12af9ae54524f3"", ""building-part:f1beac5cc24526d4d75d""]",True,True,True
5a97cb51-78cd-40c7-9dd5-423bdea306a6,0,candidate_oblique,1,5a97cb51-78cd-40c7-9dd5-423bdea306a6::ceiling-oblique::ceiling-oblique:1,12.174014,76.76422,14.145424,2,0.996402,0.444444,0.984569,47.604805,6.713878,8.456291,0.0,0,0.0,5a97cb51-78cd-40c7-9dd5-423bdea306a6::eave-chain::0:8,0.618738,0,0.824898,0.884363,strong,keep,False,[],0.0,,,"[""building-part:069ecced8cc519476d11"", ""building-part:2b09cf12af9ae54524f3"", ""building-part:f1beac5cc24526d4d75d""]","[""building-part:069ecced8cc519476d11"", ""building-part:2b09cf12af9ae54524f3"", ""building-part:f1beac5cc24526d4d75d""]","[""building-part:069ecced8cc519476d11"", ""building-part:2b09cf12af9ae54524f3"", ""building-part:f1beac5cc24526d4d75d""]",True,True,True
5a97cb51-78cd-40c7-9dd5-423bdea306a6,0,committed_oblique,0,5a97cb51-78cd-40c7-9dd5-423bdea306a6::roof-oblique::oblique:0,32.423142,256.759778,30.665088,4,0.866061,0.861111,0.860163,90.0,30.665088,7.832698,12.932557,8,44.466504,5a97cb51-78cd-40c7-9dd5-423bdea306a6::eave-chain::0:10,0.899999,0,0.861627,0.890679,strong,keep,False,"[""5a97cb51-78cd-40c7-9dd5-423bdea306a6::eave-chain::0:1"", ""5a97cb51-78cd-40c7-9dd5-423bdea306a6::eave-chain::0:10"", ""5a97cb51-78cd-40c7-9dd5-423bdea306a6::eave-chain::0:12"", ""5a97cb51-78cd-40c7-9dd5-423bdea306a6::eave-chain::0:13"", ""5a97cb51-78cd-40c7-9dd5-423bdea306a6::eave-chain::0:5"", ""5a97cb51-78cd-40c7-9dd5-423bdea306a6::eave-chain::0:6"", ""5a97cb51-78cd-40c7-9dd5-423bdea306a6::eave-chain::0:7"", ""5a97cb51-78cd-40c7-9dd5-423bdea306a6::eave-chain::0:8""]",44.466504,0.003785,2.545671,"[""building-part:069ecced8cc519476d11"", ""building-part:2b09cf12af9ae54524f3"", ""building-part:68edd3a59cdd10e0bfd3"", ""building-part:f1beac5cc24526d4d75d""]","[""building-part:069ecced8cc519476d11"", ""building-part:2b09cf12af9ae54524f3"", ""building-part:68edd3a59cdd10e0bfd3"", ""building-part:f1beac5cc24526d4d75d""]","[""building-part:069ecced8cc519476d11"", ""building-part:2b09cf12af9ae54524f3"", ""building-part:68edd3a59cdd10e0bfd3"", ""building-part:f1beac5cc24526d4d75d""]",True,True,True
5a97cb51-78cd-40c7-9dd5-423bdea306a6,0,committed_oblique,1,5a97cb51-78cd-40c7-9dd5-423bdea306a6::roof-oblique::oblique:1,121.723411,76.764552,14.147895,10,0.954989,0.813889,0.969668,76.764552,14.147895,1.246959,12.984102,8,44.466504,5a97cb51-78cd-40c7-9dd5-423bdea306a6::eave-chain::0:6,0.96449,0,0.919998,0.938707,strong,keep,False,"[""5a97cb51-78cd-40c7-9dd5-423bdea306a6::eave-chain::0:1"", ""5a97cb51-78cd-40c7-9dd5-423bdea306a6::eave-chain::0:10"", ""5a97cb51-78cd-40c7-9dd5-423bdea306a6::eave-chain::0:12"", ""5a97cb51-78cd-40c7-9dd5-423bdea306a6::eave-chain::0:13"", ""5a97cb51-78cd-40c7-9dd5-423bdea306a6::eave-chain::0:5"", ""5a97cb51-78cd-40c7-9dd5-423bdea306a6::eave-chain::0:6"", ""5a97cb51-78cd-40c7-9dd5-423bdea306a6::eave-chain::0:7"", ""5a97cb51-78cd-40c7-9dd5-423bdea306a6::eave-chain::0:8""]",44.466504,0.003782,0.700759,"[""building-part:069ecced8cc519476d11"", ""building-part:2b09cf12af9ae54524f3"", ""building-part:2ef2fbbd40e9d320b138"", ""building-part:f1beac5cc24526d4d75d""]","[""building-part:069ecced8cc519476d11"", ""building-part:2b09cf12af9ae54524f3"", ""building-part:2ef2fbbd40e9d320b138"", ""building-part:f1beac5cc24526d4d75d""]","[""building-part:069ecced8cc519476d11"", ""building-part:2b09cf12af9ae54524f3"", ""building-part:2ef2fbbd40e9d320b138"", ""building-part:68edd3a59cdd10e0bfd3"", ""building-part:f1beac5cc24526d4d75d""]",True,True,True
5a97cb51-78cd-40c7-9dd5-423bdea306a6,0,ridge_eave_plane_group,0,5a97cb51-78cd-40c7-9dd5-423bdea306a6::ridge-eave-candidate::plane-group::a941b7458c94,153.067026,256.764223,30.660424,11,0.943027,0.780303,0.860205,103.235777,30.660424,9.079657,31.495474,8,44.466504,5a97cb51-78cd-40c7-9dd5-423bdea306a6::eave-chain::0:10,0.899995,0,0.852799,0.905312,strong,keep,False,"[""5a97cb51-78cd-40c7-9dd5-423bdea306a6::eave-chain::0:1"", ""5a97cb51-78cd-40c7-9dd5-423bdea306a6::eave-chain::0:10"", ""5a97cb51-78cd-40c7-9dd5-423bdea306a6::eave-chain::0:12"", ""5a97cb51-78cd-40c7-9dd5-423bdea306a6::eave-chain::0:13"", ""5a97cb51-78cd-40c7-9dd5-423bdea306a6::eave-chain::0:5"", ""5a97cb51-78cd-40c7-9dd5-423bdea306a6::eave-chain::0:6"", ""5a97cb51-78cd-40c7-9dd5-423bdea306a6::eave-chain::0:7"", ""5a97cb51-78cd-40c7-9dd5-423bdea306a6::eave-chain::0:8""]",44.466504,0.003785,2.544708,"[""building-part:069ecced8cc519476d11"", ""building-part:2b09cf12af9ae54524f3"", ""building-part:f1beac5cc24526d4d75d""]","[""building-part:069ecced8cc519476d11"", ""building-part:2b09cf12af9ae54524f3"", ""building-part:f1beac5cc24526d4d75d""]","[""building-part:069ecced8cc519476d11"", ""building-part:2b09cf12af9ae54524f3"", ""building-part:2ef2fbbd40e9d320b138"", ""building-part:68edd3a59cdd10e0bfd3"", ""building-part:f1beac5cc24526d4d75d""]",True,True,True
5a97cb51-78cd-40c7-9dd5-423bdea306a6,0,ridge_eave_plane_group,1,5a97cb51-78cd-40c7-9dd5-423bdea306a6::ridge-eave-candidate::plane-group::34aa1ef68d3c,153.067026,76.76422,14.145418,11,0.943027,0.780303,0.969679,76.76422,14.145418,9.079657,31.495474,8,44.466504,5a97cb51-78cd-40c7-9dd5-423bdea306a6::eave-chain::0:6,0.964178,0,0.907536,0.927207,strong,keep,False,"[""5a97cb51-78cd-40c7-9dd5-423bdea306a6::eave-chain::0:1"", ""5a97cb51-78cd-40c7-9dd5-423bdea306a6::eave-chain::0:10"", ""5a97cb51-78cd-40c7-9dd5-423bdea306a6::eave-chain::0:12"", ""5a97cb51-78cd-40c7-9dd5-423bdea306a6::eave-chain::0:13"", ""5a97cb51-78cd-40c7-9dd5-423bdea306a6::eave-chain::0:5"", ""5a97cb51-78cd-40c7-9dd5-423bdea306a6::eave-chain::0:6"", ""5a97cb51-78cd-40c7-9dd5-423bdea306a6::eave-chain::0:7"", ""5a97cb51-78cd-40c7-9dd5-423bdea306a6::eave-chain::0:8""]",44.466504,0.003782,0.700635,"[""building-part:069ecced8cc519476d11"", ""building-part:2b09cf12af9ae54524f3"", ""building-part:f1beac5cc24526d4d75d""]","[""building-part:069ecced8cc519476d11"", ""building-part:2b09cf12af9ae54524f3"", ""building-part:f1beac5cc24526d4d75d""]","[""building-part:069ecced8cc519476d11"", ""building-part:2b09cf12af9ae54524f3"", ""building-part:2ef2fbbd40e9d320b138"", ""building-part:68edd3a59cdd10e0bfd3"", ""building-part:f1beac5cc24526d4d75d""]",True,True,True
5c557e06-393e-466e-a957-f7391b76b8ff,0,candidate_oblique,0,5c557e06-393e-466e-a957-f7391b76b8ff::ceiling-oblique::ceiling-oblique:0,33.575935,133.548015,8.769046,4,0.960043,0.742304,0.994152,67.384868,0.669306,0.0,31.243981,6,67.172764,5c557e06-393e-466e-a957-f7391b76b8ff::eave-chain::0:1,0.996246,0,0.911776,0.931309,strong,keep,False,"[""5c557e06-393e-466e-a957-f7391b76b8ff::eave-chain::0:0"", ""5c557e06-393e-466e-a957-f7391b76b8ff::eave-chain::0:1"", ""5c557e06-393e-466e-a957-f7391b76b8ff::eave-chain::0:3"", ""5c557e06-393e-466e-a957-f7391b76b8ff::eave-chain::0:4"", ""5c557e06-393e-466e-a957-f7391b76b8ff::eave-chain::0:5"", ""5c557e06-393e-466e-a957-f7391b76b8ff::eave-chain::0:7""]",67.172764,0.831018,0.349522,"[""building-part:8c7d0caf928581fb51a1"", ""building-part:b6fb2d23fcfbc315cd02""]","[""building-part:8c7d0caf928581fb51a1"", ""building-part:b6fb2d23fcfbc315cd02""]","[""building-part:8c7d0caf928581fb51a1"", ""building-part:b6fb2d23fcfbc315cd02""]",True,True,True
5c557e06-393e-466e-a957-f7391b76b8ff,0,candidate_oblique,1,5c557e06-393e-466e-a957-f7391b76b8ff::ceiling-oblique::ceiling-oblique:1,64.88688,313.582446,15.358405,17,0.622159,0.595863,0.994287,7.206096,6.094781,3.799886,24.020937,7,70.256324,5c557e06-393e-466e-a957-f7391b76b8ff::eave-chain::0:9,0.996499,0,0.800334,0.766893,strong,keep,False,"[""5c557e06-393e-466e-a957-f7391b76b8ff::eave-chain::0:0"", ""5c557e06-393e-466e-a957-f7391b76b8ff::eave-chain::0:1"", ""5c557e06-393e-466e-a957-f7391b76b8ff::eave-chain::0:3"", ""5c557e06-393e-466e-a957-f7391b76b8ff::eave-chain::0:4"", ""5c557e06-393e-466e-a957-f7391b76b8ff::eave-chain::0:5"", ""5c557e06-393e-466e-a957-f7391b76b8ff::eave-chain::0:7"", ""5c557e06-393e-466e-a957-f7391b76b8ff::eave-chain::0:9""]",70.256324,0.686617,0.132362,"[""building-part:8c7d0caf928581fb51a1"", ""building-part:b6fb2d23fcfbc315cd02""]","[""building-part:8c7d0caf928581fb51a1"", ""building-part:b6fb2d23fcfbc315cd02""]","[""building-part:8c7d0caf928581fb51a1"", ""building-part:b6fb2d23fcfbc315cd02""]",True,True,True
5c557e06-393e-466e-a957-f7391b76b8ff,0,candidate_oblique,2,5c557e06-393e-466e-a957-f7391b76b8ff::ceiling-oblique::ceiling-oblique:2,36.372912,313.549885,10.098656,16,0.912622,0.570604,0.997882,7.77213,0.984131,3.799886,42.601783,6,67.172764,5c557e06-393e-466e-a957-f7391b76b8ff::eave-chain::0:7,0.994276,0,0.852646,0.878746,strong,keep,False,"[""5c557e06-393e-466e-a957-f7391b76b8ff::eave-chain::0:0"", ""5c557e06-393e-466e-a957-f7391b76b8ff::eave-chain::0:1"", ""5c557e06-393e-466e-a957-f7391b76b8ff::eave-chain::0:3"", ""5c557e06-393e-466e-a957-f7391b76b8ff::eave-chain::0:4"", ""5c557e06-393e-466e-a957-f7391b76b8ff::eave-chain::0:5"", ""5c557e06-393e-466e-a957-f7391b76b8ff::eave-chain::0:7""]",67.172764,0.831018,0.023486,"[""building-part:8c7d0caf928581fb51a1"", ""building-part:b6fb2d23fcfbc315cd02""]","[""building-part:8c7d0caf928581fb51a1"", ""building-part:b6fb2d23fcfbc315cd02""]","[""building-part:8c7d0caf928581fb51a1"", ""building-part:b6fb2d23fcfbc315cd02""]",True,True,True
5c557e06-393e-466e-a957-f7391b76b8ff,0,committed_oblique,0,5c557e06-393e-466e-a957-f7391b76b8ff::roof-oblique::oblique:0,33.098545,133.542064,8.766624,5,0.981937,0.725187,0.988317,46.457936,1.163536,0.0,31.243981,6,67.172764,5c557e06-393e-466e-a957-f7391b76b8ff::eave-chain::0:1,0.996274,0,0.908102,0.935475,strong,keep,False,"[""5c557e06-393e-466e-a957-f7391b76b8ff::eave-chain::0:0"", ""5c557e06-393e-466e-a957-f7391b76b8ff::eave-chain::0:1"", ""5c557e06-393e-466e-a957-f7391b76b8ff::eave-chain::0:3"", ""5c557e06-393e-466e-a957-f7391b76b8ff::eave-chain::0:4"", ""5c557e06-393e-466e-a957-f7391b76b8ff::eave-chain::0:5"", ""5c557e06-393e-466e-a957-f7391b76b8ff::eave-chain::0:7""]",67.172764,0.831018,0.349317,"[""building-part:8c7d0caf928581fb51a1"", ""building-part:b6fb2d23fcfbc315cd02""]","[""building-part:8c7d0caf928581fb51a1"", ""building-part:b6fb2d23fcfbc315cd02""]","[""building-part:8c7d0caf928581fb51a1"", ""building-part:b6fb2d23fcfbc315cd02""]",True,True,True
5c557e06-393e-466e-a957-f7391b76b8ff,0,committed_oblique,1,5c557e06-393e-466e-a957-f7391b76b8ff::roof-oblique::oblique:1,21.258088,313.587944,15.356444,8,0.9396,0.613456,0.994527,2.431322,5.858913,0.0,21.664513,7,70.256324,5c557e06-393e-466e-a957-f7391b76b8ff::eave-chain::0:9,0.996496,0,0.86922,0.897437,strong,keep,False,"[""5c557e06-393e-466e-a957-f7391b76b8ff::eave-chain::0:0"", ""5c557e06-393e-466e-a957-f7391b76b8ff::eave-chain::0:1"", ""5c557e06-393e-466e-a957-f7391b76b8ff::eave-chain::0:3"", ""5c557e06-393e-466e-a957-f7391b76b8ff::eave-chain::0:4"", ""5c557e06-393e-466e-a957-f7391b76b8ff::eave-chain::0:5"", ""5c557e06-393e-466e-a957-f7391b76b8ff::eave-chain::0:7"", ""5c557e06-393e-466e-a957-f7391b76b8ff::eave-chain::0:9""]",70.256324,0.686617,0.132364,"[""building-part:8c7d0caf928581fb51a1"", ""building-part:b6fb2d23fcfbc315cd02""]","[""building-part:8c7d0caf928581fb51a1"", ""building-part:b6fb2d23fcfbc315cd02""]","[""building-part:8c7d0caf928581fb51a1"", ""building-part:b6fb2d23fcfbc315cd02""]",True,True,True
5c557e06-393e-466e-a957-f7391b76b8ff,0,committed_oblique,2,5c557e06-393e-466e-a957-f7391b76b8ff::roof-oblique::oblique:2,21.525502,313.545008,10.091037,13,0.954553,0.603688,0.997647,7.168657,1.088261,3.799886,23.381023,6,67.172764,5c557e06-393e-466e-a957-f7391b76b8ff::eave-chain::0:1,0.974228,0,0.87084,0.902088,strong,keep,False,"[""5c557e06-393e-466e-a957-f7391b76b8ff::eave-chain::0:0"", ""5c557e06-393e-466e-a957-f7391b76b8ff::eave-chain::0:1"", ""5c557e06-393e-466e-a957-f7391b76b8ff::eave-chain::0:3"", ""5c557e06-393e-466e-a957-f7391b76b8ff::eave-chain::0:4"", ""5c557e06-393e-466e-a957-f7391b76b8ff::eave-chain::0:5"", ""5c557e06-393e-466e-a957-f7391b76b8ff::eave-chain::0:7""]",67.172764,0.831018,0.02325,"[""building-part:8c7d0caf928581fb51a1"", ""building-part:b6fb2d23fcfbc315cd02""]","[""building-part:8c7d0caf928581fb51a1"", ""building-part:b6fb2d23fcfbc315cd02""]","[""building-part:8c7d0caf928581fb51a1"", ""building-part:b6fb2d23fcfbc315cd02""]",True,True,True
5c557e06-393e-466e-a957-f7391b76b8ff,0,ridge_eave_plane_group,0,5c557e06-393e-466e-a957-f7391b76b8ff::ridge-eave-candidate::plane-group::5df44ee9efc2,80.680795,133.548025,8.769046,21,0.965503,0.640147,0.95088,166.396167,2.139993,3.799886,41.348202,7,70.256324,5c557e06-393e-466e-a957-f7391b76b8ff::eave-chain::0:1,0.99629,0,0.860585,0.904407,strong,keep,False,"[""5c557e06-393e-466e-a957-f7391b76b8ff::eave-chain::0:0"", ""5c557e06-393e-466e-a957-f7391b76b8ff::eave-chain::0:1"", ""5c557e06-393e-466e-a957-f7391b76b8ff::eave-chain::0:3"", ""5c557e06-393e-466e-a957-f7391b76b8ff::eave-chain::0:4"", ""5c557e06-393e-466e-a957-f7391b76b8ff::eave-chain::0:5"", ""5c557e06-393e-466e-a957-f7391b76b8ff::eave-chain::0:7"", ""5c557e06-393e-466e-a957-f7391b76b8ff::eave-chain::0:9""]",70.256324,0.652196,0.66319,"[""building-part:8c7d0caf928581fb51a1"", ""building-part:b6fb2d23fcfbc315cd02""]","[""building-part:8c7d0caf928581fb51a1"", ""building-part:b6fb2d23fcfbc315cd02""]","[""building-part:8c7d0caf928581fb51a1"", ""building-part:b6fb2d23fcfbc315cd02""]",True,True,True
5c557e06-393e-466e-a957-f7391b76b8ff,0,ridge_eave_plane_group,1,5c557e06-393e-466e-a957-f7391b76b8ff::ridge-eave-candidate::plane-group::2ce58d2cab18,80.680795,313.561526,12.935776,21,0.965503,0.640147,0.988568,13.590332,4.172818,3.799886,41.348202,7,70.256324,5c557e06-393e-466e-a957-f7391b76b8ff::eave-chain::0:7,0.994135,0,0.879429,0.911944,strong,keep,False,"[""5c557e06-393e-466e-a957-f7391b76b8ff::eave-chain::0:0"", ""5c557e06-393e-466e-a957-f7391b76b8ff::eave-chain::0:1"", ""5c557e06-393e-466e-a957-f7391b76b8ff::eave-chain::0:3"", ""5c557e06-393e-466e-a957-f7391b76b8ff::eave-chain::0:4"", ""5c557e06-393e-466e-a957-f7391b76b8ff::eave-chain::0:5"", ""5c557e06-393e-466e-a957-f7391b76b8ff::eave-chain::0:7"", ""5c557e06-393e-466e-a957-f7391b76b8ff::eave-chain::0:9""]",70.256324,0.665697,0.123908,"[""building-part:8c7d0caf928581fb51a1"", ""building-part:b6fb2d23fcfbc315cd02""]","[""building-part:8c7d0caf928581fb51a1"", ""building-part:b6fb2d23fcfbc315cd02""]","[""building-part:8c7d0caf928581fb51a1"", ""building-part:b6fb2d23fcfbc315cd02""]",True,True,True
5ecc6e8c-228b-4167-9331-de247c802320,2,candidate_oblique,0,5ecc6e8c-228b-4167-9331-de247c802320::ceiling-oblique::ceiling-oblique:0,32.061,296.28612,36.301198,6,0.648508,0.815412,0.97965,4.683873,9.143916,15.07911,2.63876,3,10.177266,5ecc6e8c-228b-4167-9331-de247c802320::eave-chain::2:6,0.981308,0,0.86415,0.818416,strong,keep,False,"[""5ecc6e8c-228b-4167-9331-de247c802320::eave-chain::2:2"", ""5ecc6e8c-228b-4167-9331-de247c802320::eave-chain::2:6"", ""5ecc6e8c-228b-4167-9331-de247c802320::eave-chain::2:7""]",10.177266,0.15487,0.073216,"[""building-part:98bfdbc4fb67326cda45""]","[""building-part:98bfdbc4fb67326cda45""]","[""building-part:98bfdbc4fb67326cda45""]",False,True,True
5ecc6e8c-228b-4167-9331-de247c802320,2,candidate_oblique,1,5ecc6e8c-228b-4167-9331-de247c802320::ceiling-oblique::ceiling-oblique:1,14.400993,116.300468,35.838309,2,0.976903,1.0,0.999997,0.155909,0.099443,17.37676,8.688247,1,8.688247,5ecc6e8c-228b-4167-9331-de247c802320::eave-chain::2:3,0.997503,0,0.995379,0.990761,strong,keep,False,"[""5ecc6e8c-228b-4167-9331-de247c802320::eave-chain::2:3""]",8.688247,0.080173,0.001435,"[""building-part:98bfdbc4fb67326cda45""]","[""building-part:98bfdbc4fb67326cda45""]","[""building-part:98bfdbc4fb67326cda45""]",False,True,True
5ecc6e8c-228b-4167-9331-de247c802320,2,committed_oblique,0,5ecc6e8c-228b-4167-9331-de247c802320::roof-oblique::oblique:0,38.800266,296.284946,36.298321,6,0.696911,0.815412,0.979658,4.685046,9.141039,15.07911,13.264087,4,17.168496,5ecc6e8c-228b-4167-9331-de247c802320::eave-chain::2:6,0.981271,0,0.873835,0.837779,strong,keep,False,"[""5ecc6e8c-228b-4167-9331-de247c802320::eave-chain::2:2"", ""5ecc6e8c-228b-4167-9331-de247c802320::eave-chain::2:5"", ""5ecc6e8c-228b-4167-9331-de247c802320::eave-chain::2:6"", ""5ecc6e8c-228b-4167-9331-de247c802320::eave-chain::2:7""]",17.168496,0.241305,0.151861,"[""building-part:98bfdbc4fb67326cda45""]","[""building-part:98bfdbc4fb67326cda45""]","[""building-part:98bfdbc4fb67326cda45""]",False,True,True
5ecc6e8c-228b-4167-9331-de247c802320,2,committed_oblique,1,5ecc6e8c-228b-4167-9331-de247c802320::roof-oblique::oblique:1,37.307376,116.301328,35.837995,6,0.579267,0.972222,0.810676,63.698672,35.837995,17.37676,11.125558,3,17.393621,5ecc6e8c-228b-4167-9331-de247c802320::eave-chain::2:3,0.961223,0,0.812858,0.788286,strong,keep,False,"[""5ecc6e8c-228b-4167-9331-de247c802320::eave-chain::2:1"", ""5ecc6e8c-228b-4167-9331-de247c802320::eave-chain::2:3"", ""5ecc6e8c-228b-4167-9331-de247c802320::eave-chain::2:5""]",17.393621,0.080173,0.183421,"[""building-part:98bfdbc4fb67326cda45""]","[""building-part:98bfdbc4fb67326cda45""]","[""building-part:98bfdbc4fb67326cda45""]",False,True,True
5ecc6e8c-228b-4167-9331-de247c802320,1,ridge_eave_plane_group,0,5ecc6e8c-228b-4167-9331-de247c802320::ridge-eave-candidate::plane-group::01aebca26cde,15.970135,294.542342,7.964128,2,0.995275,1.0,0.990355,90.0,7.964128,0.0,10.83437,4,21.668832,5ecc6e8c-228b-4167-9331-de247c802320::eave-chain::1:4,0.89999,0,0.994232,0.996181,strong,keep,False,"[""5ecc6e8c-228b-4167-9331-de247c802320::eave-chain::1:1"", ""5ecc6e8c-228b-4167-9331-de247c802320::eave-chain::1:3"", ""5ecc6e8c-228b-4167-9331-de247c802320::eave-chain::1:4"", ""5ecc6e8c-228b-4167-9331-de247c802320::eave-chain::1:6""]",21.668832,0.000361,0.454945,"[""building-part:34973a2623bf1b9f6bd4""]","[""building-part:34973a2623bf1b9f6bd4""]","[""building-part:34973a2623bf1b9f6bd4""]",True,True,True
5ecc6e8c-228b-4167-9331-de247c802320,2,ridge_eave_plane_group,1,5ecc6e8c-228b-4167-9331-de247c802320::ridge-eave-candidate::plane-group::68a5e6838af8,80.465088,294.542342,7.964128,10,0.604633,0.889247,0.937626,65.457658,19.193154,32.45587,6.773087,6,27.570887,5ecc6e8c-228b-4167-9331-de247c802320::eave-chain::2:7,0.837515,0,0.856514,0.807228,strong,keep,False,"[""5ecc6e8c-228b-4167-9331-de247c802320::eave-chain::2:1"", ""5ecc6e8c-228b-4167-9331-de247c802320::eave-chain::2:2"", ""5ecc6e8c-228b-4167-9331-de247c802320::eave-chain::2:3"", ""5ecc6e8c-228b-4167-9331-de247c802320::eave-chain::2:5"", ""5ecc6e8c-228b-4167-9331-de247c802320::eave-chain::2:6"", ""5ecc6e8c-228b-4167-9331-de247c802320::eave-chain::2:7""]",27.570887,1.718038,1.597618,"[""building-part:34973a2623bf1b9f6bd4""]","[""building-part:34973a2623bf1b9f6bd4""]","[""building-part:98bfdbc4fb67326cda45""]",True,True,True
5ecc6e8c-228b-4167-9331-de247c802320,2,ridge_eave_plane_group,2,5ecc6e8c-228b-4167-9331-de247c802320::ridge-eave-candidate::plane-group::d8301d9d4a49,80.465088,296.286266,36.301159,10,0.604633,0.889247,0.805916,63.713734,9.143876,32.45587,6.773087,6,27.570887,5ecc6e8c-228b-4167-9331-de247c802320::eave-chain::2:6,0.949965,0,0.790659,0.780886,strong,keep,False,"[""5ecc6e8c-228b-4167-9331-de247c802320::eave-chain::2:1"", ""5ecc6e8c-228b-4167-9331-de247c802320::eave-chain::2:2"", ""5ecc6e8c-228b-4167-9331-de247c802320::eave-chain::2:3"", ""5ecc6e8c-228b-4167-9331-de247c802320::eave-chain::2:5"", ""5ecc6e8c-228b-4167-9331-de247c802320::eave-chain::2:6"", ""5ecc6e8c-228b-4167-9331-de247c802320::eave-chain::2:7""]",27.570887,0.110494,0.614795,"[""building-part:98bfdbc4fb67326cda45""]","[""building-part:98bfdbc4fb67326cda45""]","[""building-part:98bfdbc4fb67326cda45""]",False,True,True
5ecc6e8c-228b-4167-9331-de247c802320,1,ridge_eave_plane_group,3,5ecc6e8c-228b-4167-9331-de247c802320::ridge-eave-candidate::plane-group::8999dfccea67,15.970135,116.300468,35.838309,2,0.995275,1.0,0.810673,90.0,35.838309,0.0,10.83437,4,21.668832,5ecc6e8c-228b-4167-9331-de247c802320::eave-chain::1:4,0.853126,0,0.904391,0.960244,strong,keep,False,"[""5ecc6e8c-228b-4167-9331-de247c802320::eave-chain::1:1"", ""5ecc6e8c-228b-4167-9331-de247c802320::eave-chain::1:3"", ""5ecc6e8c-228b-4167-9331-de247c802320::eave-chain::1:4"", ""5ecc6e8c-228b-4167-9331-de247c802320::eave-chain::1:6""]",21.668832,1.757765,2.351737,"[""building-part:98bfdbc4fb67326cda45""]","[""building-part:98bfdbc4fb67326cda45""]","[""building-part:34973a2623bf1b9f6bd4""]",False,True,True
5ecc6e8c-228b-4167-9331-de247c802320,2,ridge_eave_plane_group,4,5ecc6e8c-228b-4167-9331-de247c802320::ridge-eave-candidate::plane-group::4ebe99f3cb70,80.465088,116.300468,35.838309,10,0.604633,0.889247,0.810673,116.300468,8.731221,32.45587,6.773087,6,27.570887,5ecc6e8c-228b-4167-9331-de247c802320::eave-chain::2:3,0.961281,0,0.793037,0.781837,strong,keep,False,"[""5ecc6e8c-228b-4167-9331-de247c802320::eave-chain::2:1"", ""5ecc6e8c-228b-4167-9331-de247c802320::eave-chain::2:2"", ""5ecc6e8c-228b-4167-9331-de247c802320::eave-chain::2:3"", ""5ecc6e8c-228b-4167-9331-de247c802320::eave-chain::2:5"", ""5ecc6e8c-228b-4167-9331-de247c802320::eave-chain::2:6"", ""5ecc6e8c-228b-4167-9331-de247c802320::eave-chain::2:7""]",27.570887,0.124696,2.009278,"[""building-part:98bfdbc4fb67326cda45""]","[""building-part:98bfdbc4fb67326cda45""]","[""building-part:98bfdbc4fb67326cda45""]",False,True,True
5ecc6e8c-228b-4167-9331-de247c802320,2,ridge_eave_plane_group,5,5ecc6e8c-228b-4167-9331-de247c802320::ridge-eave-candidate::plane-group::f5905f688c40,80.465088,296.257402,20.330783,10,0.604633,0.889247,0.937702,63.742598,16.628974,32.45587,6.773087,6,27.570887,5ecc6e8c-228b-4167-9331-de247c802320::eave-chain::2:7,0.88325,0,0.856552,0.807243,strong,keep,False,"[""5ecc6e8c-228b-4167-9331-de247c802320::eave-chain::2:1"", ""5ecc6e8c-228b-4167-9331-de247c802320::eave-chain::2:2"", ""5ecc6e8c-228b-4167-9331-de247c802320::eave-chain::2:3"", ""5ecc6e8c-228b-4167-9331-de247c802320::eave-chain::2:5"", ""5ecc6e8c-228b-4167-9331-de247c802320::eave-chain::2:6"", ""5ecc6e8c-228b-4167-9331-de247c802320::eave-chain::2:7""]",27.570887,0.084697,0.441343,"[""building-part:98bfdbc4fb67326cda45""]","[""building-part:98bfdbc4fb67326cda45""]","[""building-part:98bfdbc4fb67326cda45""]",False,True,True
5ecc6e8c-228b-4167-9331-de247c802320,2,ridge_eave_plane_group,6,5ecc6e8c-228b-4167-9331-de247c802320::ridge-eave-candidate::plane-group::bc5e2c56b132,80.465088,295.280637,52.580445,10,0.604633,0.889247,0.607647,64.719363,25.423163,32.45587,6.773087,6,27.570887,5ecc6e8c-228b-4167-9331-de247c802320::eave-chain::2:7,0.857202,0,0.691524,0.741232,medium,keep,False,"[""5ecc6e8c-228b-4167-9331-de247c802320::eave-chain::2:1"", ""5ecc6e8c-228b-4167-9331-de247c802320::eave-chain::2:2"", ""5ecc6e8c-228b-4167-9331-de247c802320::eave-chain::2:3"", ""5ecc6e8c-228b-4167-9331-de247c802320::eave-chain::2:5"", ""5ecc6e8c-228b-4167-9331-de247c802320::eave-chain::2:6"", ""5ecc6e8c-228b-4167-9331-de247c802320::eave-chain::2:7""]",27.570887,0.979744,3.486373,"[""building-part:34973a2623bf1b9f6bd4""]","[""building-part:34973a2623bf1b9f6bd4""]","[""building-part:98bfdbc4fb67326cda45""]",True,True,True
5fdc8f48-e5d6-4951-915d-52ebf282eedb,1,candidate_oblique,0,5fdc8f48-e5d6-4951-915d-52ebf282eedb::ceiling-oblique::ceiling-oblique:0,12.356283,227.094657,50.28173,3,0.953008,0.777778,0.99934,1.059505,1.911238,8.148664,10.86021,2,10.86021,5fdc8f48-e5d6-4951-915d-52ebf282eedb::eave-chain::1:1,0.973378,0,0.923605,0.936627,strong,keep,False,"[""5fdc8f48-e5d6-4951-915d-52ebf282eedb::eave-chain::1:0"", ""5fdc8f48-e5d6-4951-915d-52ebf282eedb::eave-chain::1:1""]",10.86021,0.653807,0.061821,"[""building-part:801bb744e87879a9dc67"", ""building-part:f0dd4ce63fc899ca3605""]","[""building-part:801bb744e87879a9dc67"", ""building-part:f0dd4ce63fc899ca3605""]","[""building-part:801bb744e87879a9dc67"", ""building-part:f0dd4ce63fc899ca3605""]",False,True,True
5fdc8f48-e5d6-4951-915d-52ebf282eedb,1,candidate_oblique,1,5fdc8f48-e5d6-4951-915d-52ebf282eedb::ceiling-oblique::ceiling-oblique:1,17.159167,47.094657,49.536282,7,0.371743,0.575569,0.98951,0.897648,8.306107,3.278529,3.524664,3,5.163405,5fdc8f48-e5d6-4951-915d-52ebf282eedb::eave-chain::1:4,0.955836,0,0.741775,0.661713,medium,keep,False,"[""5fdc8f48-e5d6-4951-915d-52ebf282eedb::eave-chain::1:4"", ""5fdc8f48-e5d6-4951-915d-52ebf282eedb::eave-chain::1:5"", ""5fdc8f48-e5d6-4951-915d-52ebf282eedb::eave-chain::1:6""]",5.163405,0.001854,0.211335,"[""building-part:801bb744e87879a9dc67"", ""building-part:a0e69223d6212ab88c68"", ""building-part:f0dd4ce63fc899ca3605""]","[""building-part:801bb744e87879a9dc67"", ""building-part:a0e69223d6212ab88c68"", ""building-part:f0dd4ce63fc899ca3605""]","[""building-part:801bb744e87879a9dc67"", ""building-part:a0e69223d6212ab88c68"", ""building-part:f0dd4ce63fc899ca3605""]",False,True,True
5fdc8f48-e5d6-4951-915d-52ebf282eedb,1,committed_oblique,0,5fdc8f48-e5d6-4951-915d-52ebf282eedb::roof-oblique::oblique:0,28.757468,227.091938,50.279589,4,0.664264,0.833333,0.81919,24.077081,26.096484,8.148664,6.791222,3,13.564794,5fdc8f48-e5d6-4951-915d-52ebf282eedb::eave-chain::1:1,0.973489,0,0.792448,0.79621,strong,keep,False,"[""5fdc8f48-e5d6-4951-915d-52ebf282eedb::eave-chain::1:0"", ""5fdc8f48-e5d6-4951-915d-52ebf282eedb::eave-chain::1:1"", ""5fdc8f48-e5d6-4951-915d-52ebf282eedb::eave-chain::1:3""]",13.564794,0.34324,0.120179,"[""building-part:801bb744e87879a9dc67"", ""building-part:a0e69223d6212ab88c68"", ""building-part:f0dd4ce63fc899ca3605""]","[""building-part:801bb744e87879a9dc67"", ""building-part:a0e69223d6212ab88c68"", ""building-part:f0dd4ce63fc899ca3605""]","[""building-part:801bb744e87879a9dc67"", ""building-part:a0e69223d6212ab88c68"", ""building-part:f0dd4ce63fc899ca3605""]",False,True,True
5fdc8f48-e5d6-4951-915d-52ebf282eedb,1,committed_oblique,1,5fdc8f48-e5d6-4951-915d-52ebf282eedb::roof-oblique::oblique:1,29.368205,47.094514,49.535538,8,0.502574,0.60779,0.977226,7.9563,8.751794,3.278529,6.680387,4,7.867989,5fdc8f48-e5d6-4951-915d-52ebf282eedb::eave-chain::1:4,0.955841,0,0.771465,0.718033,strong,keep,False,"[""5fdc8f48-e5d6-4951-915d-52ebf282eedb::eave-chain::1:3"", ""5fdc8f48-e5d6-4951-915d-52ebf282eedb::eave-chain::1:4"", ""5fdc8f48-e5d6-4951-915d-52ebf282eedb::eave-chain::1:5"", ""5fdc8f48-e5d6-4951-915d-52ebf282eedb::eave-chain::1:6""]",7.867989,0.001672,0.453444,"[""building-part:801bb744e87879a9dc67"", ""building-part:a0e69223d6212ab88c68"", ""building-part:f0dd4ce63fc899ca3605""]","[""building-part:801bb744e87879a9dc67"", ""building-part:a0e69223d6212ab88c68"", ""building-part:f0dd4ce63fc899ca3605""]","[""building-part:801bb744e87879a9dc67"", ""building-part:a0e69223d6212ab88c68"", ""building-part:f0dd4ce63fc899ca3605""]",False,True,True
5fdc8f48-e5d6-4951-915d-52ebf282eedb,0,ridge_eave_plane_group,0,5fdc8f48-e5d6-4951-915d-52ebf282eedb::ridge-eave-candidate::plane-group::e09377f5f771,99.028875,227.094657,50.281416,4,0.305669,0.830309,0.597555,175.11708,45.852074,0.0,7.790793,4,15.594267,5fdc8f48-e5d6-4951-915d-52ebf282eedb::eave-chain::0:2,0.970092,0,0.609004,0.60784,medium,maybe,False,"[""5fdc8f48-e5d6-4951-915d-52ebf282eedb::eave-chain::0:0"", ""5fdc8f48-e5d6-4951-915d-52ebf282eedb::eave-chain::0:2"", ""5fdc8f48-e5d6-4951-915d-52ebf282eedb::eave-chain::0:4"", ""5fdc8f48-e5d6-4951-915d-52ebf282eedb::eave-chain::0:5""]",15.594267,0.244582,6.598653,"[""building-part:801bb744e87879a9dc67"", ""building-part:f0dd4ce63fc899ca3605""]","[""building-part:801bb744e87879a9dc67"", ""building-part:f0dd4ce63fc899ca3605""]","[""building-part:5aebfc70453cfa648f35"", ""building-part:f0dd4ce63fc899ca3605""]",False,True,True
5fdc8f48-e5d6-4951-915d-52ebf282eedb,0,ridge_eave_plane_group,1,5fdc8f48-e5d6-4951-915d-52ebf282eedb::ridge-eave-candidate::plane-group::96982f21e52a,99.028875,47.094657,49.536866,4,0.305669,0.830309,0.687127,4.88292,45.107524,0.0,7.790793,4,15.594267,5fdc8f48-e5d6-4951-915d-52ebf282eedb::eave-chain::0:0,0.893543,0,0.65379,0.625755,medium,maybe,False,"[""5fdc8f48-e5d6-4951-915d-52ebf282eedb::eave-chain::0:0"", ""5fdc8f48-e5d6-4951-915d-52ebf282eedb::eave-chain::0:2"", ""5fdc8f48-e5d6-4951-915d-52ebf282eedb::eave-chain::0:4"", ""5fdc8f48-e5d6-4951-915d-52ebf282eedb::eave-chain::0:5""]",15.594267,0.244582,3.101544,"[""building-part:801bb744e87879a9dc67"", ""building-part:a0e69223d6212ab88c68"", ""building-part:f0dd4ce63fc899ca3605""]","[""building-part:801bb744e87879a9dc67"", ""building-part:a0e69223d6212ab88c68"", ""building-part:f0dd4ce63fc899ca3605""]","[""building-part:5aebfc70453cfa648f35"", ""building-part:f0dd4ce63fc899ca3605""]",False,True,True
5fdc8f48-e5d6-4951-915d-52ebf282eedb,0,ridge_eave_plane_group,2,5fdc8f48-e5d6-4951-915d-52ebf282eedb::ridge-eave-candidate::plane-group::de8bc6f448c6,99.028875,47.137265,38.295279,4,0.305669,0.830309,0.815347,4.925528,33.865938,0.0,7.790793,4,15.594267,5fdc8f48-e5d6-4951-915d-52ebf282eedb::eave-chain::0:0,0.892407,0,0.7179,0.651399,medium,keep,False,"[""5fdc8f48-e5d6-4951-915d-52ebf282eedb::eave-chain::0:0"", ""5fdc8f48-e5d6-4951-915d-52ebf282eedb::eave-chain::0:2"", ""5fdc8f48-e5d6-4951-915d-52ebf282eedb::eave-chain::0:4"", ""5fdc8f48-e5d6-4951-915d-52ebf282eedb::eave-chain::0:5""]",15.594267,0.28719,0.852936,"[""building-part:5aebfc70453cfa648f35"", ""building-part:801bb744e87879a9dc67"", ""building-part:a0e69223d6212ab88c68"", ""building-part:f0dd4ce63fc899ca3605""]","[""building-part:5aebfc70453cfa648f35"", ""building-part:801bb744e87879a9dc67"", ""building-part:a0e69223d6212ab88c68"", ""building-part:f0dd4ce63fc899ca3605""]","[""building-part:5aebfc70453cfa648f35"", ""building-part:f0dd4ce63fc899ca3605""]",True,True,True
60f2f02b-8910-461c-879a-75925d256989,0,candidate_oblique,0,60f2f02b-8910-461c-879a-75925d256989::ceiling-oblique::ceiling-oblique:0,18.478545,60.151552,10.699943,1,0.939819,1.0,0.998957,2.458136,2.56691,0.0,8.214338,2,8.214338,60f2f02b-8910-461c-879a-75925d256989::eave-chain::0:1,0.916958,0,0.987442,0.975719,strong,keep,False,"[""60f2f02b-8910-461c-879a-75925d256989::eave-chain::0:0"", ""60f2f02b-8910-461c-879a-75925d256989::eave-chain::0:1""]",8.214338,2.483288,0.098757,"[""building-part:05df2e9c56a725846b9b"", ""building-part:89cd62b12ed6f409a3d5""]","[""building-part:05df2e9c56a725846b9b"", ""building-part:89cd62b12ed6f409a3d5""]","[""building-part:05df2e9c56a725846b9b"", ""building-part:89cd62b12ed6f409a3d5""]",True,True,True
60f2f02b-8910-461c-879a-75925d256989,1,candidate_oblique,1,60f2f02b-8910-461c-879a-75925d256989::ceiling-oblique::ceiling-oblique:1,8.045247,328.40813,49.495908,4,0.661021,0.627155,0.992624,0.405644,0.74532,4.19977,6.021075,1,6.021075,60f2f02b-8910-461c-879a-75925d256989::eave-chain::1:0,0.993214,0,0.816663,0.788364,strong,keep,False,"[""60f2f02b-8910-461c-879a-75925d256989::eave-chain::1:0""]",6.021075,0.211484,0.004588,"[""building-part:05df2e9c56a725846b9b""]","[""building-part:05df2e9c56a725846b9b""]","[""building-part:05df2e9c56a725846b9b""]",True,False,False
60f2f02b-8910-461c-879a-75925d256989,1,candidate_oblique,2,60f2f02b-8910-461c-879a-75925d256989::ceiling-oblique::ceiling-oblique:2,2.63441,148.250642,47.122244,1,0.982484,1.0,0.999997,0.179421,0.001144,7.387327,3.693528,1,3.693528,60f2f02b-8910-461c-879a-75925d256989::eave-chain::1:11,0.997393,0,0.996495,0.992993,strong,keep,False,"[""60f2f02b-8910-461c-879a-75925d256989::eave-chain::1:11""]",3.693528,0.097677,1.1e-05,"[""building-part:05df2e9c56a725846b9b""]","[""building-part:05df2e9c56a725846b9b""]","[""building-part:05df2e9c56a725846b9b""]",True,False,False
60f2f02b-8910-461c-879a-75925d256989,0,committed_oblique,0,60f2f02b-8910-461c-879a-75925d256989::roof-oblique::oblique:0,15.927306,60.150208,10.701694,1,0.999809,1.0,0.998959,2.456792,2.565159,0.0,8.214338,2,8.214338,60f2f02b-8910-461c-879a-75925d256989::eave-chain::0:0,0.901191,0,0.999441,0.999716,strong,keep,False,"[""60f2f02b-8910-461c-879a-75925d256989::eave-chain::0:0"", ""60f2f02b-8910-461c-879a-75925d256989::eave-chain::0:1""]",8.214338,2.483288,0.098813,"[""building-part:89cd62b12ed6f409a3d5""]","[""building-part:89cd62b12ed6f409a3d5""]","[""building-part:89cd62b12ed6f409a3d5""]",False,True,False
60f2f02b-8910-461c-879a-75925d256989,1,committed_oblique,1,60f2f02b-8910-461c-879a-75925d256989::roof-oblique::oblique:1,32.14354,328.408387,49.497413,9,0.6805,0.764847,0.985359,2.41066,9.322802,9.971073,10.944842,4,10.944842,60f2f02b-8910-461c-879a-75925d256989::eave-chain::1:0,0.993183,0,0.858234,0.822241,strong,keep,False,"[""60f2f02b-8910-461c-879a-75925d256989::eave-chain::1:0"", ""60f2f02b-8910-461c-879a-75925d256989::eave-chain::1:1"", ""60f2f02b-8910-461c-879a-75925d256989::eave-chain::1:10"", ""60f2f02b-8910-461c-879a-75925d256989::eave-chain::1:5""]",10.944842,0.554089,0.140735,"[""building-part:05df2e9c56a725846b9b""]","[""building-part:05df2e9c56a725846b9b""]","[""building-part:05df2e9c56a725846b9b""]",True,False,False
60f2f02b-8910-461c-879a-75925d256989,1,committed_oblique,2,60f2f02b-8910-461c-879a-75925d256989::roof-oblique::oblique:2,29.388832,148.252009,47.123048,5,0.872477,0.975,0.680426,31.747991,47.123048,7.387327,13.197606,4,13.197606,60f2f02b-8910-461c-879a-75925d256989::eave-chain::1:11,0.997385,0,0.807209,0.880076,strong,keep,False,"[""60f2f02b-8910-461c-879a-75925d256989::eave-chain::1:10"", ""60f2f02b-8910-461c-879a-75925d256989::eave-chain::1:11"", ""60f2f02b-8910-461c-879a-75925d256989::eave-chain::1:3"", ""60f2f02b-8910-461c-879a-75925d256989::eave-chain::1:6""]",13.197606,0.042552,1.159664,"[""building-part:05df2e9c56a725846b9b""]","[""building-part:05df2e9c56a725846b9b""]","[""building-part:05df2e9c56a725846b9b""]",True,False,False
60f2f02b-8910-461c-879a-75925d256989,1,ridge_eave_plane_group,0,60f2f02b-8910-461c-879a-75925d256989::ridge-eave-candidate::plane-group::eac0f9ab378a,90.967931,328.40623,49.495824,12,0.522688,0.823635,0.805038,22.202863,12.73123,17.3584,8.49599,7,20.448913,60f2f02b-8910-461c-879a-75925d256989::eave-chain::1:0,0.993301,0,0.754147,0.73481,strong,keep,False,"[""60f2f02b-8910-461c-879a-75925d256989::eave-chain::1:0"", ""60f2f02b-8910-461c-879a-75925d256989::eave-chain::1:1"", ""60f2f02b-8910-461c-879a-75925d256989::eave-chain::1:10"", ""60f2f02b-8910-461c-879a-75925d256989::eave-chain::1:11"", ""60f2f02b-8910-461c-879a-75925d256989::eave-chain::1:3"", ""60f2f02b-8910-461c-879a-75925d256989::eave-chain::1:5"", ""60f2f02b-8910-461c-879a-75925d256989::eave-chain::1:6""]",20.448913,0.239866,3.219532,"[""building-part:05df2e9c56a725846b9b""]","[""building-part:05df2e9c56a725846b9b""]","[""building-part:05df2e9c56a725846b9b""]",True,True,True
60f2f02b-8910-461c-879a-75925d256989,1,ridge_eave_plane_group,1,60f2f02b-8910-461c-879a-75925d256989::ridge-eave-candidate::plane-group::13e8a1de0ac8,90.967931,328.250653,30.703653,12,0.522688,0.823635,0.85982,22.35844,25.130295,17.3584,8.49599,7,20.448913,60f2f02b-8910-461c-879a-75925d256989::eave-chain::1:5,0.977716,0,0.781538,0.745766,strong,keep,False,"[""60f2f02b-8910-461c-879a-75925d256989::eave-chain::1:0"", ""60f2f02b-8910-461c-879a-75925d256989::eave-chain::1:1"", ""60f2f02b-8910-461c-879a-75925d256989::eave-chain::1:10"", ""60f2f02b-8910-461c-879a-75925d256989::eave-chain::1:11"", ""60f2f02b-8910-461c-879a-75925d256989::eave-chain::1:3"", ""60f2f02b-8910-461c-879a-75925d256989::eave-chain::1:5"", ""60f2f02b-8910-461c-879a-75925d256989::eave-chain::1:6""]",20.448913,0.084289,1.486746,"[""building-part:05df2e9c56a725846b9b""]","[""building-part:05df2e9c56a725846b9b""]","[""building-part:05df2e9c56a725846b9b""]",True,True,True
60f2f02b-8910-461c-879a-75925d256989,1,ridge_eave_plane_group,2,60f2f02b-8910-461c-879a-75925d256989::ridge-eave-candidate::plane-group::5752a63f426d,90.967931,148.250642,47.122251,12,0.522688,0.823635,0.533641,157.641549,12.73123,17.3584,8.49599,6,19.826219,60f2f02b-8910-461c-879a-75925d256989::eave-chain::1:11,0.997368,0,0.618449,0.68053,medium,keep,False,"[""60f2f02b-8910-461c-879a-75925d256989::eave-chain::1:0"", ""60f2f02b-8910-461c-879a-75925d256989::eave-chain::1:10"", ""60f2f02b-8910-461c-879a-75925d256989::eave-chain::1:11"", ""60f2f02b-8910-461c-879a-75925d256989::eave-chain::1:3"", ""60f2f02b-8910-461c-879a-75925d256989::eave-chain::1:5"", ""60f2f02b-8910-461c-879a-75925d256989::eave-chain::1:6""]",19.826219,0.069137,2.327289,"[""building-part:05df2e9c56a725846b9b""]","[""building-part:05df2e9c56a725846b9b""]","[""building-part:05df2e9c56a725846b9b""]",True,True,True
6203a969-742b-4935-bc4d-8eae644b8f73,0,candidate_oblique,0,6203a969-742b-4935-bc4d-8eae644b8f73::ceiling-oblique::ceiling-oblique:0,8.867815,6.55665,49.56374,1,0.987877,1.0,0.999968,0.604344,0.000176,12.679954,0.0,0,0.0,6203a969-742b-4935-bc4d-8eae644b8f73::eave-chain::0:11,0.494983,0,0.997559,0.995144,strong,keep,False,[],0.0,,,"[""building-part:353c419e0fe06f4cab76"", ""building-part:b538aecb69461803e956""]","[""building-part:353c419e0fe06f4cab76"", ""building-part:b538aecb69461803e956""]","[""building-part:353c419e0fe06f4cab76"", ""building-part:b538aecb69461803e956""]",True,True,True
6203a969-742b-4935-bc4d-8eae644b8f73,0,candidate_oblique,1,6203a969-742b-4935-bc4d-8eae644b8f73::ceiling-oblique::ceiling-oblique:1,8.882559,186.55663,50.66768,2,0.998192,1.0,0.816908,3.353688,25.334048,12.679761,9.565645,7,40.30449,6203a969-742b-4935-bc4d-8eae644b8f73::eave-chain::0:5,0.972164,0,0.908092,0.962658,strong,keep,False,"[""6203a969-742b-4935-bc4d-8eae644b8f73::eave-chain::0:1"", ""6203a969-742b-4935-bc4d-8eae644b8f73::eave-chain::0:10"", ""6203a969-742b-4935-bc4d-8eae644b8f73::eave-chain::0:11"", ""6203a969-742b-4935-bc4d-8eae644b8f73::eave-chain::0:3"", ""6203a969-742b-4935-bc4d-8eae644b8f73::eave-chain::0:4"", ""6203a969-742b-4935-bc4d-8eae644b8f73::eave-chain::0:5"", ""6203a969-742b-4935-bc4d-8eae644b8f73::eave-chain::0:9""]",40.30449,0.152524,3.643899,"[""building-part:353c419e0fe06f4cab76"", ""building-part:b538aecb69461803e956""]","[""building-part:353c419e0fe06f4cab76"", ""building-part:b538aecb69461803e956""]","[""building-part:353c419e0fe06f4cab76"", ""building-part:b538aecb69461803e956""]",True,True,True
6203a969-742b-4935-bc4d-8eae644b8f73,0,committed_oblique,0,6203a969-742b-4935-bc4d-8eae644b8f73::roof-oblique::oblique:0,46.93765,6.557108,49.564841,3,0.753181,1.0,0.648587,6.557108,49.564841,12.679954,10.22156,11,67.247745,6203a969-742b-4935-bc4d-8eae644b8f73::eave-chain::0:11,0.89991,0,0.77493,0.83099,strong,keep,False,"[""6203a969-742b-4935-bc4d-8eae644b8f73::eave-chain::0:1"", ""6203a969-742b-4935-bc4d-8eae644b8f73::eave-chain::0:10"", ""6203a969-742b-4935-bc4d-8eae644b8f73::eave-chain::0:11"", ""6203a969-742b-4935-bc4d-8eae644b8f73::eave-chain::0:13"", ""6203a969-742b-4935-bc4d-8eae644b8f73::eave-chain::0:15"", ""6203a969-742b-4935-bc4d-8eae644b8f73::eave-chain::0:16"", ""6203a969-742b-4935-bc4d-8eae644b8f73::eave-chain::0:18"", ""6203a969-742b-4935-bc4d-8eae644b8f73::eave-chain::0:3"", ""6203a969-742b-4935-bc4d-8eae644b8f73::eave-chain::0:4"", ""6203a969-742b-4935-bc4d-8eae644b8f73::eave-chain::0:5"", ""6203a969-742b-4935-bc4d-8eae644b8f73::eave-chain::0:9""]",67.247745,0.152504,6.475955,"[""building-part:353c419e0fe06f4cab76"", ""building-part:39557b30de6a04138b9c"", ""building-part:b4b2fc0979d0bf22c285"", ""building-part:b538aecb69461803e956""]","[""building-part:353c419e0fe06f4cab76"", ""building-part:39557b30de6a04138b9c"", ""building-part:b4b2fc0979d0bf22c285"", ""building-part:b538aecb69461803e956""]","[""building-part:353c419e0fe06f4cab76"", ""building-part:39557b30de6a04138b9c"", ""building-part:b4b2fc0979d0bf22c285"", ""building-part:b538aecb69461803e956""]",True,True,True
6203a969-742b-4935-bc4d-8eae644b8f73,0,committed_oblique,1,6203a969-742b-4935-bc4d-8eae644b8f73::roof-oblique::oblique:1,45.502891,186.556275,50.667838,7,0.950358,1.0,0.633815,6.556275,50.667838,12.679761,13.146158,7,40.30449,6203a969-742b-4935-bc4d-8eae644b8f73::eave-chain::0:5,0.974422,0,0.806979,0.906906,strong,keep,False,"[""6203a969-742b-4935-bc4d-8eae644b8f73::eave-chain::0:1"", ""6203a969-742b-4935-bc4d-8eae644b8f73::eave-chain::0:10"", ""6203a969-742b-4935-bc4d-8eae644b8f73::eave-chain::0:11"", ""6203a969-742b-4935-bc4d-8eae644b8f73::eave-chain::0:3"", ""6203a969-742b-4935-bc4d-8eae644b8f73::eave-chain::0:4"", ""6203a969-742b-4935-bc4d-8eae644b8f73::eave-chain::0:5"", ""6203a969-742b-4935-bc4d-8eae644b8f73::eave-chain::0:9""]",40.30449,0.152524,3.643946,"[""building-part:353c419e0fe06f4cab76"", ""building-part:b538aecb69461803e956""]","[""building-part:353c419e0fe06f4cab76"", ""building-part:b538aecb69461803e956""]","[""building-part:00f9e9ebace7e7aea93e"", ""building-part:353c419e0fe06f4cab76"", ""building-part:b4b2fc0979d0bf22c285"", ""building-part:b538aecb69461803e956""]",True,True,True
6203a969-742b-4935-bc4d-8eae644b8f73,0,ridge_eave_plane_group,0,6203a969-742b-4935-bc4d-8eae644b8f73::ridge-eave-candidate::plane-group::39bcd64acca4,32.372242,6.55665,49.563778,3,0.944424,1.0,0.648601,6.55665,49.563778,0.0,12.641684,7,40.30449,6203a969-742b-4935-bc4d-8eae644b8f73::eave-chain::0:4,0.895933,0,0.813185,0.90749,strong,keep,False,"[""6203a969-742b-4935-bc4d-8eae644b8f73::eave-chain::0:1"", ""6203a969-742b-4935-bc4d-8eae644b8f73::eave-chain::0:10"", ""6203a969-742b-4935-bc4d-8eae644b8f73::eave-chain::0:11"", ""6203a969-742b-4935-bc4d-8eae644b8f73::eave-chain::0:3"", ""6203a969-742b-4935-bc4d-8eae644b8f73::eave-chain::0:4"", ""6203a969-742b-4935-bc4d-8eae644b8f73::eave-chain::0:5"", ""6203a969-742b-4935-bc4d-8eae644b8f73::eave-chain::0:9""]",40.30449,0.152504,7.902662,"[""building-part:353c419e0fe06f4cab76"", ""building-part:b538aecb69461803e956""]","[""building-part:353c419e0fe06f4cab76"", ""building-part:b538aecb69461803e956""]","[""building-part:00f9e9ebace7e7aea93e"", ""building-part:353c419e0fe06f4cab76"", ""building-part:b538aecb69461803e956""]",True,True,True
6203a969-742b-4935-bc4d-8eae644b8f73,0,ridge_eave_plane_group,1,6203a969-742b-4935-bc4d-8eae644b8f73::ridge-eave-candidate::plane-group::94116e1818d8,95.278985,6.55665,49.563778,9,0.843416,1.0,0.648601,173.44335,49.563778,25.359714,9.75508,11,67.247745,6203a969-742b-4935-bc4d-8eae644b8f73::eave-chain::0:11,0.899994,0,0.792984,0.867087,strong,keep,False,"[""6203a969-742b-4935-bc4d-8eae644b8f73::eave-chain::0:1"", ""6203a969-742b-4935-bc4d-8eae644b8f73::eave-chain::0:10"", ""6203a969-742b-4935-bc4d-8eae644b8f73::eave-chain::0:11"", ""6203a969-742b-4935-bc4d-8eae644b8f73::eave-chain::0:13"", ""6203a969-742b-4935-bc4d-8eae644b8f73::eave-chain::0:15"", ""6203a969-742b-4935-bc4d-8eae644b8f73::eave-chain::0:16"", ""6203a969-742b-4935-bc4d-8eae644b8f73::eave-chain::0:18"", ""6203a969-742b-4935-bc4d-8eae644b8f73::eave-chain::0:3"", ""6203a969-742b-4935-bc4d-8eae644b8f73::eave-chain::0:4"", ""6203a969-742b-4935-bc4d-8eae644b8f73::eave-chain::0:5"", ""6203a969-742b-4935-bc4d-8eae644b8f73::eave-chain::0:9""]",67.247745,0.152504,6.476154,"[""building-part:353c419e0fe06f4cab76"", ""building-part:b538aecb69461803e956""]","[""building-part:353c419e0fe06f4cab76"", ""building-part:b538aecb69461803e956""]","[""building-part:00f9e9ebace7e7aea93e"", ""building-part:0873897357aad2afcf2b"", ""building-part:353c419e0fe06f4cab76"", ""building-part:39557b30de6a04138b9c"", ""building-part:3da58f6543a2a54c50fc"", ""building-part:b4b2fc0979d0bf22c285"", ""building-part:b538aecb69461803e956""]",True,True,True
6203a969-742b-4935-bc4d-8eae644b8f73,0,ridge_eave_plane_group,2,6203a969-742b-4935-bc4d-8eae644b8f73::ridge-eave-candidate::plane-group::997d76591966,56.944548,6.55665,49.563778,6,0.598105,0.958333,0.648601,6.55665,49.563778,0.0,10.041589,11,67.247745,6203a969-742b-4935-bc4d-8eae644b8f73::eave-chain::0:11,0.899994,0,0.731422,0.760629,medium,keep,False,"[""6203a969-742b-4935-bc4d-8eae644b8f73::eave-chain::0:1"", ""6203a969-742b-4935-bc4d-8eae644b8f73::eave-chain::0:10"", ""6203a969-742b-4935-bc4d-8eae644b8f73::eave-chain::0:11"", ""6203a969-742b-4935-bc4d-8eae644b8f73::eave-chain::0:13"", ""6203a969-742b-4935-bc4d-8eae644b8f73::eave-chain::0:15"", ""6203a969-742b-4935-bc4d-8eae644b8f73::eave-chain::0:16"", ""6203a969-742b-4935-bc4d-8eae644b8f73::eave-chain::0:18"", ""6203a969-742b-4935-bc4d-8eae644b8f73::eave-chain::0:3"", ""6203a969-742b-4935-bc4d-8eae644b8f73::eave-chain::0:4"", ""6203a969-742b-4935-bc4d-8eae644b8f73::eave-chain::0:5"", ""6203a969-742b-4935-bc4d-8eae644b8f73::eave-chain::0:9""]",67.247745,0.152504,6.476154,"[""building-part:353c419e0fe06f4cab76"", ""building-part:b538aecb69461803e956""]","[""building-part:353c419e0fe06f4cab76"", ""building-part:b538aecb69461803e956""]","[""building-part:353c419e0fe06f4cab76"", ""building-part:39557b30de6a04138b9c"", ""building-part:b4b2fc0979d0bf22c285"", ""building-part:b538aecb69461803e956""]",True,True,True
6203a969-742b-4935-bc4d-8eae644b8f73,0,ridge_eave_plane_group,3,6203a969-742b-4935-bc4d-8eae644b8f73::ridge-eave-candidate::plane-group::29a788a5f401,32.372242,186.556629,50.667682,3,0.944424,1.0,0.633817,173.443371,50.667682,0.0,12.641684,7,40.30449,6203a969-742b-4935-bc4d-8eae644b8f73::eave-chain::0:4,0.966552,0,0.805793,0.904533,strong,keep,False,"[""6203a969-742b-4935-bc4d-8eae644b8f73::eave-chain::0:1"", ""6203a969-742b-4935-bc4d-8eae644b8f73::eave-chain::0:10"", ""6203a969-742b-4935-bc4d-8eae644b8f73::eave-chain::0:11"", ""6203a969-742b-4935-bc4d-8eae644b8f73::eave-chain::0:3"", ""6203a969-742b-4935-bc4d-8eae644b8f73::eave-chain::0:4"", ""6203a969-742b-4935-bc4d-8eae644b8f73::eave-chain::0:5"", ""6203a969-742b-4935-bc4d-8eae644b8f73::eave-chain::0:9""]",40.30449,0.152524,3.643948,"[""building-part:353c419e0fe06f4cab76"", ""building-part:b538aecb69461803e956""]","[""building-part:353c419e0fe06f4cab76"", ""building-part:b538aecb69461803e956""]","[""building-part:00f9e9ebace7e7aea93e"", ""building-part:353c419e0fe06f4cab76"", ""building-part:b538aecb69461803e956""]",True,True,True
6203a969-742b-4935-bc4d-8eae644b8f73,0,ridge_eave_plane_group,4,6203a969-742b-4935-bc4d-8eae644b8f73::ridge-eave-candidate::plane-group::f8d7b7b0de27,95.278985,186.556629,50.667682,9,0.843416,1.0,0.633817,6.556629,50.667682,25.359714,9.75508,11,67.247745,6203a969-742b-4935-bc4d-8eae644b8f73::eave-chain::0:5,0.974419,0,0.785592,0.86413,strong,keep,False,"[""6203a969-742b-4935-bc4d-8eae644b8f73::eave-chain::0:1"", ""6203a969-742b-4935-bc4d-8eae644b8f73::eave-chain::0:10"", ""6203a969-742b-4935-bc4d-8eae644b8f73::eave-chain::0:11"", ""6203a969-742b-4935-bc4d-8eae644b8f73::eave-chain::0:13"", ""6203a969-742b-4935-bc4d-8eae644b8f73::eave-chain::0:15"", ""6203a969-742b-4935-bc4d-8eae644b8f73::eave-chain::0:16"", ""6203a969-742b-4935-bc4d-8eae644b8f73::eave-chain::0:18"", ""6203a969-742b-4935-bc4d-8eae644b8f73::eave-chain::0:3"", ""6203a969-742b-4935-bc4d-8eae644b8f73::eave-chain::0:4"", ""6203a969-742b-4935-bc4d-8eae644b8f73::eave-chain::0:5"", ""6203a969-742b-4935-bc4d-8eae644b8f73::eave-chain::0:9""]",67.247745,0.152524,8.237327,"[""building-part:353c419e0fe06f4cab76"", ""building-part:b538aecb69461803e956""]","[""building-part:353c419e0fe06f4cab76"", ""building-part:b538aecb69461803e956""]","[""building-part:00f9e9ebace7e7aea93e"", ""building-part:0873897357aad2afcf2b"", ""building-part:353c419e0fe06f4cab76"", ""building-part:39557b30de6a04138b9c"", ""building-part:3da58f6543a2a54c50fc"", ""building-part:b4b2fc0979d0bf22c285"", ""building-part:b538aecb69461803e956""]",True,True,True
6203a969-742b-4935-bc4d-8eae644b8f73,0,ridge_eave_plane_group,5,6203a969-742b-4935-bc4d-8eae644b8f73::ridge-eave-candidate::plane-group::7b712d7a7b89,56.944548,186.556629,50.667682,6,0.598105,0.958333,0.633817,173.443371,50.667682,0.0,10.041589,11,67.247745,6203a969-742b-4935-bc4d-8eae644b8f73::eave-chain::0:11,0.899993,0,0.72403,0.757672,medium,keep,False,"[""6203a969-742b-4935-bc4d-8eae644b8f73::eave-chain::0:1"", ""6203a969-742b-4935-bc4d-8eae644b8f73::eave-chain::0:10"", ""6203a969-742b-4935-bc4d-8eae644b8f73::eave-chain::0:11"", ""6203a969-742b-4935-bc4d-8eae644b8f73::eave-chain::0:13"", ""6203a969-742b-4935-bc4d-8eae644b8f73::eave-chain::0:15"", ""6203a969-742b-4935-bc4d-8eae644b8f73::eave-chain::0:16"", ""6203a969-742b-4935-bc4d-8eae644b8f73::eave-chain::0:18"", ""6203a969-742b-4935-bc4d-8eae644b8f73::eave-chain::0:3"", ""6203a969-742b-4935-bc4d-8eae644b8f73::eave-chain::0:4"", ""6203a969-742b-4935-bc4d-8eae644b8f73::eave-chain::0:5"", ""6203a969-742b-4935-bc4d-8eae644b8f73::eave-chain::0:9""]",67.247745,0.152524,8.237327,"[""building-part:353c419e0fe06f4cab76"", ""building-part:b538aecb69461803e956""]","[""building-part:353c419e0fe06f4cab76"", ""building-part:b538aecb69461803e956""]","[""building-part:353c419e0fe06f4cab76"", ""building-part:39557b30de6a04138b9c"", ""building-part:b4b2fc0979d0bf22c285"", ""building-part:b538aecb69461803e956""]",True,True,True
66a72e63-8b3c-4e57-977b-32f5119a9d09,2,candidate_oblique,0,66a72e63-8b3c-4e57-977b-32f5119a9d09::ceiling-oblique::ceiling-oblique:0,26.983901,172.036383,41.336949,4,0.570234,0.804669,0.852557,7.963617,21.951468,5.13667,5.770933,3,8.066223,66a72e63-8b3c-4e57-977b-32f5119a9d09::eave-chain::2:2,0.949112,0,0.781726,0.759539,strong,keep,False,"[""66a72e63-8b3c-4e57-977b-32f5119a9d09::eave-chain::2:2"", ""66a72e63-8b3c-4e57-977b-32f5119a9d09::eave-chain::2:3"", ""66a72e63-8b3c-4e57-977b-32f5119a9d09::eave-chain::2:6""]",8.066223,0.081159,2.057304,"[""building-part:3cccb983e3d827810359"", ""building-part:b83d8dfe5c63eaa19a2e"", ""building-part:e470efabe458ebb4c4de""]","[""building-part:3cccb983e3d827810359"", ""building-part:b83d8dfe5c63eaa19a2e"", ""building-part:e470efabe458ebb4c4de""]","[""building-part:3cccb983e3d827810359"", ""building-part:b83d8dfe5c63eaa19a2e"", ""building-part:e470efabe458ebb4c4de""]",False,True,True
66a72e63-8b3c-4e57-977b-32f5119a9d09,2,candidate_oblique,1,66a72e63-8b3c-4e57-977b-32f5119a9d09::ceiling-oblique::ceiling-oblique:1,21.30706,352.063499,43.540298,8,0.618156,0.773419,0.995885,0.616215,4.489399,6.362624,9.025888,5,11.593555,66a72e63-8b3c-4e57-977b-32f5119a9d09::eave-chain::2:3,0.959508,0,0.853599,0.801123,strong,keep,False,"[""66a72e63-8b3c-4e57-977b-32f5119a9d09::eave-chain::2:2"", ""66a72e63-8b3c-4e57-977b-32f5119a9d09::eave-chain::2:3"", ""66a72e63-8b3c-4e57-977b-32f5119a9d09::eave-chain::2:7"", ""66a72e63-8b3c-4e57-977b-32f5119a9d09::eave-chain::2:8"", ""66a72e63-8b3c-4e57-977b-32f5119a9d09::eave-chain::2:9""]",11.593555,0.171438,0.254783,"[""building-part:3cccb983e3d827810359"", ""building-part:b83d8dfe5c63eaa19a2e"", ""building-part:e470efabe458ebb4c4de""]","[""building-part:3cccb983e3d827810359"", ""building-part:b83d8dfe5c63eaa19a2e"", ""building-part:e470efabe458ebb4c4de""]","[""building-part:3cccb983e3d827810359"", ""building-part:b83d8dfe5c63eaa19a2e"", ""building-part:e470efabe458ebb4c4de""]",False,True,True
66a72e63-8b3c-4e57-977b-32f5119a9d09,2,committed_oblique,0,66a72e63-8b3c-4e57-977b-32f5119a9d09::roof-oblique::oblique:0,38.019728,172.033044,41.337385,4,0.536793,0.804669,0.85256,7.966956,21.951468,5.13667,10.906471,4,13.201761,66a72e63-8b3c-4e57-977b-32f5119a9d09::eave-chain::2:2,0.949159,0,0.775039,0.746163,strong,keep,False,"[""66a72e63-8b3c-4e57-977b-32f5119a9d09::eave-chain::2:0"", ""66a72e63-8b3c-4e57-977b-32f5119a9d09::eave-chain::2:2"", ""66a72e63-8b3c-4e57-977b-32f5119a9d09::eave-chain::2:3"", ""66a72e63-8b3c-4e57-977b-32f5119a9d09::eave-chain::2:6""]",13.201761,0.080894,1.907582,"[""building-part:3cccb983e3d827810359"", ""building-part:b83d8dfe5c63eaa19a2e"", ""building-part:e470efabe458ebb4c4de""]","[""building-part:3cccb983e3d827810359"", ""building-part:b83d8dfe5c63eaa19a2e"", ""building-part:e470efabe458ebb4c4de""]","[""building-part:3cccb983e3d827810359"", ""building-part:b83d8dfe5c63eaa19a2e"", ""building-part:e470efabe458ebb4c4de""]",False,True,True
66a72e63-8b3c-4e57-977b-32f5119a9d09,2,committed_oblique,1,66a72e63-8b3c-4e57-977b-32f5119a9d09::roof-oblique::oblique:1,32.320763,352.063268,43.543748,9,0.539118,0.792422,0.994212,0.76468,6.167432,6.362624,11.165113,6,16.729093,66a72e63-8b3c-4e57-977b-32f5119a9d09::eave-chain::2:3,0.959747,0,0.842656,0.772974,strong,keep,False,"[""66a72e63-8b3c-4e57-977b-32f5119a9d09::eave-chain::2:0"", ""66a72e63-8b3c-4e57-977b-32f5119a9d09::eave-chain::2:2"", ""66a72e63-8b3c-4e57-977b-32f5119a9d09::eave-chain::2:3"", ""66a72e63-8b3c-4e57-977b-32f5119a9d09::eave-chain::2:7"", ""66a72e63-8b3c-4e57-977b-32f5119a9d09::eave-chain::2:8"", ""66a72e63-8b3c-4e57-977b-32f5119a9d09::eave-chain::2:9""]",16.729093,0.112476,0.382787,"[""building-part:3cccb983e3d827810359"", ""building-part:b83d8dfe5c63eaa19a2e"", ""building-part:e470efabe458ebb4c4de""]","[""building-part:3cccb983e3d827810359"", ""building-part:b83d8dfe5c63eaa19a2e"", ""building-part:e470efabe458ebb4c4de""]","[""building-part:3cccb983e3d827810359"", ""building-part:b83d8dfe5c63eaa19a2e"", ""building-part:e470efabe458ebb4c4de""]",False,True,True
66a72e63-8b3c-4e57-977b-32f5119a9d09,1,ridge_eave_plane_group,0,66a72e63-8b3c-4e57-977b-32f5119a9d09::ridge-eave-candidate::plane-group::40de84bf82c7,78.475943,172.036965,41.335581,1,0.044535,0.75,0.750854,7.963035,41.335581,0.0,2.805789,1,2.805789,66a72e63-8b3c-4e57-977b-32f5119a9d09::eave-chain::1:2,0.864096,0,0.609334,0.458274,medium,maybe,False,"[""66a72e63-8b3c-4e57-977b-32f5119a9d09::eave-chain::1:2""]",2.805789,1.34637,7.030906,"[""building-part:3cccb983e3d827810359"", ""building-part:b83d8dfe5c63eaa19a2e"", ""building-part:e470efabe458ebb4c4de""]","[""building-part:3cccb983e3d827810359"", ""building-part:b83d8dfe5c63eaa19a2e"", ""building-part:e470efabe458ebb4c4de""]","[""building-part:043d3c9cc74a030b39b4"", ""building-part:b905a83dd75a3fa3cb64""]",False,True,True
66a72e63-8b3c-4e57-977b-32f5119a9d09,1,ridge_eave_plane_group,1,66a72e63-8b3c-4e57-977b-32f5119a9d09::ridge-eave-candidate::plane-group::857bd69c9b0b,78.475943,352.070597,41.847689,1,0.044535,0.75,0.744921,172.070597,41.847689,0.0,2.805789,1,2.805789,66a72e63-8b3c-4e57-977b-32f5119a9d09::eave-chain::1:2,0.864993,0,0.606368,0.457088,medium,maybe,False,"[""66a72e63-8b3c-4e57-977b-32f5119a9d09::eave-chain::1:2""]",2.805789,1.312738,0.653722,"[""building-part:3cccb983e3d827810359"", ""building-part:b83d8dfe5c63eaa19a2e"", ""building-part:e470efabe458ebb4c4de""]","[""building-part:3cccb983e3d827810359"", ""building-part:b83d8dfe5c63eaa19a2e"", ""building-part:e470efabe458ebb4c4de""]","[""building-part:043d3c9cc74a030b39b4"", ""building-part:b905a83dd75a3fa3cb64""]",False,True,True
670a8030-c451-4e80-badd-6702cef02a03,2,candidate_oblique,0,670a8030-c451-4e80-badd-6702cef02a03::ceiling-oblique::ceiling-oblique:0,10.752159,232.779042,44.048922,3,0.899557,1.0,0.999881,0.490628,0.852886,6.685393,6.660415,1,6.660415,670a8030-c451-4e80-badd-6702cef02a03::eave-chain::2:2,0.989977,0,0.979852,0.959799,strong,keep,False,"[""670a8030-c451-4e80-badd-6702cef02a03::eave-chain::2:2""]",6.660415,0.359964,0.001698,"[""building-part:a240b284423a7762cdbc"", ""building-part:cbd680e9672238796006""]","[""building-part:a240b284423a7762cdbc"", ""building-part:cbd680e9672238796006""]","[""building-part:a240b284423a7762cdbc"", ""building-part:cbd680e9672238796006""]",False,True,True
670a8030-c451-4e80-badd-6702cef02a03,2,candidate_oblique,1,670a8030-c451-4e80-badd-6702cef02a03::ceiling-oblique::ceiling-oblique:1,16.495826,52.78582,42.670045,3,0.261783,0.639706,0.999025,0.002097,2.530063,0.0,5.34742,2,5.34742,670a8030-c451-4e80-badd-6702cef02a03::eave-chain::2:6,0.935718,0,0.743781,0.632459,medium,maybe,False,"[""670a8030-c451-4e80-badd-6702cef02a03::eave-chain::2:3"", ""670a8030-c451-4e80-badd-6702cef02a03::eave-chain::2:6""]",5.34742,0.007444,0.260129,"[""building-part:a240b284423a7762cdbc"", ""building-part:cbd680e9672238796006""]","[""building-part:a240b284423a7762cdbc"", ""building-part:cbd680e9672238796006""]","[""building-part:a240b284423a7762cdbc"", ""building-part:cbd680e9672238796006""]",False,True,True
670a8030-c451-4e80-badd-6702cef02a03,2,committed_oblique,0,670a8030-c451-4e80-badd-6702cef02a03::roof-oblique::oblique:0,25.987163,232.777843,44.050041,4,0.72596,1.0,0.859307,26.633636,22.452023,13.32009,3.34226,2,10.002675,670a8030-c451-4e80-badd-6702cef02a03::eave-chain::2:2,0.989929,0,0.874845,0.862245,strong,keep,False,"[""670a8030-c451-4e80-badd-6702cef02a03::eave-chain::2:1"", ""670a8030-c451-4e80-badd-6702cef02a03::eave-chain::2:2""]",10.002675,0.183226,0.704869,"[""building-part:a240b284423a7762cdbc"", ""building-part:cbd680e9672238796006""]","[""building-part:a240b284423a7762cdbc"", ""building-part:cbd680e9672238796006""]","[""building-part:a240b284423a7762cdbc"", ""building-part:cbd680e9672238796006""]",False,True,True
670a8030-c451-4e80-badd-6702cef02a03,2,committed_oblique,1,670a8030-c451-4e80-badd-6702cef02a03::roof-oblique::oblique:1,22.646926,52.786507,42.671057,5,0.330251,0.783824,0.966529,11.393214,12.19055,0.0,4.906168,4,10.253589,670a8030-c451-4e80-badd-6702cef02a03::eave-chain::2:5,0.999394,0,0.784462,0.682171,strong,keep,False,"[""670a8030-c451-4e80-badd-6702cef02a03::eave-chain::2:1"", ""670a8030-c451-4e80-badd-6702cef02a03::eave-chain::2:3"", ""670a8030-c451-4e80-badd-6702cef02a03::eave-chain::2:5"", ""670a8030-c451-4e80-badd-6702cef02a03::eave-chain::2:6""]",10.253589,0.001497,0.260115,"[""building-part:a240b284423a7762cdbc"", ""building-part:cbd680e9672238796006""]","[""building-part:a240b284423a7762cdbc"", ""building-part:cbd680e9672238796006""]","[""building-part:a240b284423a7762cdbc"", ""building-part:cbd680e9672238796006""]",False,True,True
670a8030-c451-4e80-badd-6702cef02a03,1,ridge_eave_plane_group,0,670a8030-c451-4e80-badd-6702cef02a03::ridge-eave-candidate::plane-group::81bcbb298661,54.161403,53.382829,35.671779,5,0.740947,1.0,0.812371,53.382829,35.671779,0.0,7.360991,2,18.074695,670a8030-c451-4e80-badd-6702cef02a03::eave-chain::1:2,0.899994,0,0.854375,0.858853,strong,keep,False,"[""670a8030-c451-4e80-badd-6702cef02a03::eave-chain::1:0"", ""670a8030-c451-4e80-badd-6702cef02a03::eave-chain::1:2""]",18.074695,1.330628,2.287593,"[""building-part:29ce738059cad6cc54d0""]","[""building-part:29ce738059cad6cc54d0""]","[""building-part:29ce738059cad6cc54d0""]",True,True,True
670a8030-c451-4e80-badd-6702cef02a03,1,ridge_eave_plane_group,1,670a8030-c451-4e80-badd-6702cef02a03::ridge-eave-candidate::plane-group::b1a221fc26e7,54.161403,232.77912,44.048946,5,0.740947,1.0,0.718746,127.22088,44.048946,0.0,7.360991,2,18.074695,670a8030-c451-4e80-badd-6702cef02a03::eave-chain::1:2,0.891283,0,0.807562,0.840128,strong,keep,False,"[""670a8030-c451-4e80-badd-6702cef02a03::eave-chain::1:0"", ""670a8030-c451-4e80-badd-6702cef02a03::eave-chain::1:2""]",18.074695,1.330414,2.242842,"[""building-part:a240b284423a7762cdbc"", ""building-part:cbd680e9672238796006""]","[""building-part:a240b284423a7762cdbc"", ""building-part:cbd680e9672238796006""]","[""building-part:29ce738059cad6cc54d0""]",False,True,True
670a8030-c451-4e80-badd-6702cef02a03,1,ridge_eave_plane_group,2,670a8030-c451-4e80-badd-6702cef02a03::ridge-eave-candidate::plane-group::73a3c5b26f9a,54.161403,52.78582,42.669334,5,0.740947,1.0,0.735277,52.78582,42.669334,0.0,7.360991,2,18.074695,670a8030-c451-4e80-badd-6702cef02a03::eave-chain::1:2,0.884085,0,0.815828,0.843434,strong,keep,False,"[""670a8030-c451-4e80-badd-6702cef02a03::eave-chain::1:0"", ""670a8030-c451-4e80-badd-6702cef02a03::eave-chain::1:2""]",18.074695,1.330414,5.282623,"[""building-part:a240b284423a7762cdbc"", ""building-part:cbd680e9672238796006""]","[""building-part:a240b284423a7762cdbc"", ""building-part:cbd680e9672238796006""]","[""building-part:29ce738059cad6cc54d0""]",False,True,True
6c29deb7-51e6-437d-bfe4-0eb83e559881,2,candidate_oblique,0,6c29deb7-51e6-437d-bfe4-0eb83e559881::ceiling-oblique::ceiling-oblique:0,2.323728,295.825502,59.683104,1,0.681814,0.75,0.995085,0.627859,5.65884,0.0,2.167261,1,2.167261,6c29deb7-51e6-437d-bfe4-0eb83e559881::eave-chain::2:11,0.981354,0,0.858905,0.730106,strong,keep,False,"[""6c29deb7-51e6-437d-bfe4-0eb83e559881::eave-chain::2:11""]",2.167261,0.410919,0.030753,"[""building-part:e4fcfae6f3b3277fd693""]","[""building-part:e4fcfae6f3b3277fd693""]","[""building-part:e4fcfae6f3b3277fd693""]",True,False,False
6c29deb7-51e6-437d-bfe4-0eb83e559881,2,candidate_oblique,1,6c29deb7-51e6-437d-bfe4-0eb83e559881::ceiling-oblique::ceiling-oblique:1,2.493633,295.825502,42.845133,3,0.885201,0.75,0.980993,9.251112,11.17913,0.0,2.167261,1,2.167261,6c29deb7-51e6-437d-bfe4-0eb83e559881::eave-chain::2:11,0.795058,0,0.892537,0.808642,strong,keep,False,"[""6c29deb7-51e6-437d-bfe4-0eb83e559881::eave-chain::2:11""]",2.167261,0.410919,0.394705,"[""building-part:e4fcfae6f3b3277fd693""]","[""building-part:e4fcfae6f3b3277fd693""]","[""building-part:e4fcfae6f3b3277fd693""]",True,False,False
6c29deb7-51e6-437d-bfe4-0eb83e559881,2,committed_oblique,0,6c29deb7-51e6-437d-bfe4-0eb83e559881::roof-oblique::oblique:0,2.571379,295.821349,59.687959,2,0.712512,0.875,0.749893,32.401178,32.675827,0.0,2.167261,1,2.167261,6c29deb7-51e6-437d-bfe4-0eb83e559881::eave-chain::2:11,0.980398,0,0.779949,0.718346,strong,keep,False,"[""6c29deb7-51e6-437d-bfe4-0eb83e559881::eave-chain::2:11""]",2.167261,0.410919,0.030692,"[""building-part:e4fcfae6f3b3277fd693""]","[""building-part:e4fcfae6f3b3277fd693""]","[""building-part:e4fcfae6f3b3277fd693""]",True,False,False
6c29deb7-51e6-437d-bfe4-0eb83e559881,2,committed_oblique,1,6c29deb7-51e6-437d-bfe4-0eb83e559881::roof-oblique::oblique:1,4.694824,295.827127,42.843042,5,0.883204,0.8,0.755038,64.172873,34.576553,7.18222,0.0,0,0.0,6c29deb7-51e6-437d-bfe4-0eb83e559881::eave-chain::2:10,0.532873,0,0.79416,0.864289,strong,keep,False,[],0.0,,,"[""building-part:e4fcfae6f3b3277fd693""]","[""building-part:e4fcfae6f3b3277fd693""]","[""building-part:e4fcfae6f3b3277fd693""]",True,False,False
6c29deb7-51e6-437d-bfe4-0eb83e559881,2,ridge_eave_plane_group,0,6c29deb7-51e6-437d-bfe4-0eb83e559881::ridge-eave-candidate::plane-group::42b3e447ae7c,62.81999,116.045108,40.690317,9,0.848106,0.888889,0.758245,116.045108,40.690317,10.995884,11.438588,4,18.734144,6c29deb7-51e6-437d-bfe4-0eb83e559881::eave-chain::2:9,0.979759,0,0.81541,0.868669,strong,keep,False,"[""6c29deb7-51e6-437d-bfe4-0eb83e559881::eave-chain::2:1"", ""6c29deb7-51e6-437d-bfe4-0eb83e559881::eave-chain::2:3"", ""6c29deb7-51e6-437d-bfe4-0eb83e559881::eave-chain::2:4"", ""6c29deb7-51e6-437d-bfe4-0eb83e559881::eave-chain::2:9""]",18.734144,0.238314,1.653399,"[""building-part:e4fcfae6f3b3277fd693""]","[""building-part:e4fcfae6f3b3277fd693""]","[""building-part:e4fcfae6f3b3277fd693""]",True,False,False
6c29deb7-51e6-437d-bfe4-0eb83e559881,2,ridge_eave_plane_group,1,6c29deb7-51e6-437d-bfe4-0eb83e559881::ridge-eave-candidate::plane-group::189e49e6bc49,62.81999,295.825502,59.683247,9,0.848106,0.888889,0.50478,64.174498,59.683247,10.995884,11.438588,4,18.734144,6c29deb7-51e6-437d-bfe4-0eb83e559881::eave-chain::2:3,0.899991,0,0.688678,0.817976,medium,keep,False,"[""6c29deb7-51e6-437d-bfe4-0eb83e559881::eave-chain::2:1"", ""6c29deb7-51e6-437d-bfe4-0eb83e559881::eave-chain::2:3"", ""6c29deb7-51e6-437d-bfe4-0eb83e559881::eave-chain::2:4"", ""6c29deb7-51e6-437d-bfe4-0eb83e559881::eave-chain::2:9""]",18.734144,0.288974,7.015716,"[""building-part:e4fcfae6f3b3277fd693""]","[""building-part:e4fcfae6f3b3277fd693""]","[""building-part:e4fcfae6f3b3277fd693""]",True,False,False
6c29deb7-51e6-437d-bfe4-0eb83e559881,2,ridge_eave_plane_group,2,6c29deb7-51e6-437d-bfe4-0eb83e559881::ridge-eave-candidate::plane-group::57518f31e429,62.81999,295.825502,42.844532,9,0.848106,0.888889,0.733202,64.174498,42.844532,10.995884,11.438588,4,18.734144,6c29deb7-51e6-437d-bfe4-0eb83e559881::eave-chain::2:3,0.899991,0,0.802889,0.86366,strong,keep,False,"[""6c29deb7-51e6-437d-bfe4-0eb83e559881::eave-chain::2:1"", ""6c29deb7-51e6-437d-bfe4-0eb83e559881::eave-chain::2:3"", ""6c29deb7-51e6-437d-bfe4-0eb83e559881::eave-chain::2:4"", ""6c29deb7-51e6-437d-bfe4-0eb83e559881::eave-chain::2:9""]",18.734144,0.288974,3.600599,"[""building-part:e4fcfae6f3b3277fd693""]","[""building-part:e4fcfae6f3b3277fd693""]","[""building-part:e4fcfae6f3b3277fd693""]",True,False,False
70f8e0fd-c931-42d6-bf9d-f10e59571b29,1,candidate_oblique,0,70f8e0fd-c931-42d6-bf9d-f10e59571b29::ceiling-oblique::ceiling-oblique:0,34.108825,201.016543,14.015244,10,0.852426,0.600353,0.970231,90.0,1.44135,7.437605,15.271144,4,19.804633,70f8e0fd-c931-42d6-bf9d-f10e59571b29::eave-chain::1:11,0.965328,0,0.835707,0.855087,strong,keep,False,"[""70f8e0fd-c931-42d6-bf9d-f10e59571b29::eave-chain::1:0"", ""70f8e0fd-c931-42d6-bf9d-f10e59571b29::eave-chain::1:1"", ""70f8e0fd-c931-42d6-bf9d-f10e59571b29::eave-chain::1:11"", ""70f8e0fd-c931-42d6-bf9d-f10e59571b29::eave-chain::1:3""]",19.804633,0.57372,0.089819,"[""building-part:8b83f60a2713234701fd""]","[""building-part:8b83f60a2713234701fd""]","[""building-part:8b83f60a2713234701fd""]",True,False,False
70f8e0fd-c931-42d6-bf9d-f10e59571b29,1,candidate_oblique,1,70f8e0fd-c931-42d6-bf9d-f10e59571b29::ceiling-oblique::ceiling-oblique:1,48.509033,20.858914,11.828219,11,0.838335,0.592552,0.994447,3.901927,4.614796,7.673538,6.868819,5,23.398989,70f8e0fd-c931-42d6-bf9d-f10e59571b29::eave-chain::1:5,0.989499,0,0.842656,0.852734,strong,keep,False,"[""70f8e0fd-c931-42d6-bf9d-f10e59571b29::eave-chain::1:10"", ""70f8e0fd-c931-42d6-bf9d-f10e59571b29::eave-chain::1:11"", ""70f8e0fd-c931-42d6-bf9d-f10e59571b29::eave-chain::1:5"", ""70f8e0fd-c931-42d6-bf9d-f10e59571b29::eave-chain::1:6"", ""70f8e0fd-c931-42d6-bf9d-f10e59571b29::eave-chain::1:9""]",23.398989,0.173539,0.026414,"[""building-part:8b83f60a2713234701fd""]","[""building-part:8b83f60a2713234701fd""]","[""building-part:8b83f60a2713234701fd""]",True,False,False
70f8e0fd-c931-42d6-bf9d-f10e59571b29,1,committed_oblique,0,70f8e0fd-c931-42d6-bf9d-f10e59571b29::roof-oblique::oblique:0,54.090816,201.023282,14.017797,12,0.903191,0.620392,0.969912,111.117267,2.370638,10.226435,18.652081,4,19.804633,70f8e0fd-c931-42d6-bf9d-f10e59571b29::eave-chain::1:11,0.965408,0,0.851712,0.879337,strong,keep,False,"[""70f8e0fd-c931-42d6-bf9d-f10e59571b29::eave-chain::1:0"", ""70f8e0fd-c931-42d6-bf9d-f10e59571b29::eave-chain::1:1"", ""70f8e0fd-c931-42d6-bf9d-f10e59571b29::eave-chain::1:11"", ""70f8e0fd-c931-42d6-bf9d-f10e59571b29::eave-chain::1:3""]",19.804633,0.57372,0.089711,"[""building-part:8b83f60a2713234701fd""]","[""building-part:8b83f60a2713234701fd""]","[""building-part:8b83f60a2713234701fd""]",True,False,False
70f8e0fd-c931-42d6-bf9d-f10e59571b29,1,committed_oblique,1,70f8e0fd-c931-42d6-bf9d-f10e59571b29::roof-oblique::oblique:1,40.503632,20.863858,11.830869,9,0.9639,0.619655,0.996754,2.535053,4.617446,2.405519,15.784303,5,23.398989,70f8e0fd-c931-42d6-bf9d-f10e59571b29::eave-chain::1:5,0.989543,0,0.877054,0.908842,strong,keep,False,"[""70f8e0fd-c931-42d6-bf9d-f10e59571b29::eave-chain::1:10"", ""70f8e0fd-c931-42d6-bf9d-f10e59571b29::eave-chain::1:11"", ""70f8e0fd-c931-42d6-bf9d-f10e59571b29::eave-chain::1:5"", ""70f8e0fd-c931-42d6-bf9d-f10e59571b29::eave-chain::1:6"", ""70f8e0fd-c931-42d6-bf9d-f10e59571b29::eave-chain::1:9""]",23.398989,0.173539,0.026355,"[""building-part:8b83f60a2713234701fd""]","[""building-part:8b83f60a2713234701fd""]","[""building-part:8b83f60a2713234701fd""]",True,False,False
70f8e0fd-c931-42d6-bf9d-f10e59571b29,1,ridge_eave_plane_group,0,70f8e0fd-c931-42d6-bf9d-f10e59571b29::ridge-eave-candidate::plane-group::5b9ebcb40181,98.12494,201.016543,14.015269,16,0.895859,0.618777,0.966578,145.602139,3.500077,12.631954,19.266798,8,37.517273,70f8e0fd-c931-42d6-bf9d-f10e59571b29::eave-chain::1:11,0.964025,0,0.848094,0.875415,strong,keep,False,"[""70f8e0fd-c931-42d6-bf9d-f10e59571b29::eave-chain::1:0"", ""70f8e0fd-c931-42d6-bf9d-f10e59571b29::eave-chain::1:1"", ""70f8e0fd-c931-42d6-bf9d-f10e59571b29::eave-chain::1:10"", ""70f8e0fd-c931-42d6-bf9d-f10e59571b29::eave-chain::1:11"", ""70f8e0fd-c931-42d6-bf9d-f10e59571b29::eave-chain::1:3"", ""70f8e0fd-c931-42d6-bf9d-f10e59571b29::eave-chain::1:5"", ""70f8e0fd-c931-42d6-bf9d-f10e59571b29::eave-chain::1:6"", ""70f8e0fd-c931-42d6-bf9d-f10e59571b29::eave-chain::1:9""]",37.517273,0.325231,0.390402,"[""building-part:8b83f60a2713234701fd""]","[""building-part:8b83f60a2713234701fd""]","[""building-part:8b83f60a2713234701fd""]",True,False,False
70f8e0fd-c931-42d6-bf9d-f10e59571b29,1,ridge_eave_plane_group,1,70f8e0fd-c931-42d6-bf9d-f10e59571b29::ridge-eave-candidate::plane-group::d96081df257e,98.12494,20.848209,11.827091,16,0.895859,0.618777,0.978771,34.397861,4.08891,12.631954,19.266798,8,37.517273,70f8e0fd-c931-42d6-bf9d-f10e59571b29::eave-chain::1:11,0.995936,0,0.85419,0.877853,strong,keep,False,"[""70f8e0fd-c931-42d6-bf9d-f10e59571b29::eave-chain::1:0"", ""70f8e0fd-c931-42d6-bf9d-f10e59571b29::eave-chain::1:1"", ""70f8e0fd-c931-42d6-bf9d-f10e59571b29::eave-chain::1:10"", ""70f8e0fd-c931-42d6-bf9d-f10e59571b29::eave-chain::1:11"", ""70f8e0fd-c931-42d6-bf9d-f10e59571b29::eave-chain::1:3"", ""70f8e0fd-c931-42d6-bf9d-f10e59571b29::eave-chain::1:5"", ""70f8e0fd-c931-42d6-bf9d-f10e59571b29::eave-chain::1:6"", ""70f8e0fd-c931-42d6-bf9d-f10e59571b29::eave-chain::1:9""]",37.517273,0.25095,0.136047,"[""building-part:8b83f60a2713234701fd""]","[""building-part:8b83f60a2713234701fd""]","[""building-part:8b83f60a2713234701fd""]",True,False,False
70f8e0fd-c931-42d6-bf9d-f10e59571b29,1,ridge_eave_plane_group,2,70f8e0fd-c931-42d6-bf9d-f10e59571b29::ridge-eave-candidate::plane-group::f35238f66bbc,98.12494,197.901836,10.597385,16,0.895859,0.618777,0.978949,145.602139,4.441437,12.631954,19.266798,8,37.517273,70f8e0fd-c931-42d6-bf9d-f10e59571b29::eave-chain::1:0,0.839025,0,0.854279,0.877889,strong,keep,False,"[""70f8e0fd-c931-42d6-bf9d-f10e59571b29::eave-chain::1:0"", ""70f8e0fd-c931-42d6-bf9d-f10e59571b29::eave-chain::1:1"", ""70f8e0fd-c931-42d6-bf9d-f10e59571b29::eave-chain::1:10"", ""70f8e0fd-c931-42d6-bf9d-f10e59571b29::eave-chain::1:11"", ""70f8e0fd-c931-42d6-bf9d-f10e59571b29::eave-chain::1:3"", ""70f8e0fd-c931-42d6-bf9d-f10e59571b29::eave-chain::1:5"", ""70f8e0fd-c931-42d6-bf9d-f10e59571b29::eave-chain::1:6"", ""70f8e0fd-c931-42d6-bf9d-f10e59571b29::eave-chain::1:9""]",37.517273,3.114923,3.386851,"[""building-part:8b83f60a2713234701fd""]","[""building-part:8b83f60a2713234701fd""]","[""building-part:8b83f60a2713234701fd""]",True,False,False
7153d532-16c1-45e8-b7c9-f5cd1ba5cc85,1,candidate_oblique,0,7153d532-16c1-45e8-b7c9-f5cd1ba5cc85::ceiling-oblique::ceiling-oblique:0,48.614055,334.330779,17.485525,14,0.909628,0.735647,0.993622,5.091009,6.114858,25.144833,11.958027,6,31.832556,7153d532-16c1-45e8-b7c9-f5cd1ba5cc85::eave-chain::1:12,0.983548,0,0.899431,0.909705,strong,keep,False,"[""7153d532-16c1-45e8-b7c9-f5cd1ba5cc85::eave-chain::1:0"", ""7153d532-16c1-45e8-b7c9-f5cd1ba5cc85::eave-chain::1:1"", ""7153d532-16c1-45e8-b7c9-f5cd1ba5cc85::eave-chain::1:10"", ""7153d532-16c1-45e8-b7c9-f5cd1ba5cc85::eave-chain::1:12"", ""7153d532-16c1-45e8-b7c9-f5cd1ba5cc85::eave-chain::1:6"", ""7153d532-16c1-45e8-b7c9-f5cd1ba5cc85::eave-chain::1:9""]",31.832556,0.264603,0.148302,"[""building-part:51e540709a1500de1e5f"", ""building-part:5fd69e5d471104b61afa"", ""building-part:60593c3cc4ca3d723249"", ""building-part:8e69b3b341a65d691019""]","[""building-part:51e540709a1500de1e5f"", ""building-part:5fd69e5d471104b61afa"", ""building-part:60593c3cc4ca3d723249"", ""building-part:8e69b3b341a65d691019""]","[""building-part:51e540709a1500de1e5f"", ""building-part:5fd69e5d471104b61afa"", ""building-part:60593c3cc4ca3d723249"", ""building-part:8e69b3b341a65d691019""]",False,True,False
7153d532-16c1-45e8-b7c9-f5cd1ba5cc85,1,candidate_oblique,1,7153d532-16c1-45e8-b7c9-f5cd1ba5cc85::ceiling-oblique::ceiling-oblique:1,91.996641,155.112733,19.132188,13,0.585284,0.802344,0.996335,1.914657,1.133136,29.945435,5.943656,6,28.693004,7153d532-16c1-45e8-b7c9-f5cd1ba5cc85::eave-chain::1:1,0.975597,0,0.855928,0.79385,strong,keep,False,"[""7153d532-16c1-45e8-b7c9-f5cd1ba5cc85::eave-chain::1:1"", ""7153d532-16c1-45e8-b7c9-f5cd1ba5cc85::eave-chain::1:12"", ""7153d532-16c1-45e8-b7c9-f5cd1ba5cc85::eave-chain::1:3"", ""7153d532-16c1-45e8-b7c9-f5cd1ba5cc85::eave-chain::1:4"", ""7153d532-16c1-45e8-b7c9-f5cd1ba5cc85::eave-chain::1:5"", ""7153d532-16c1-45e8-b7c9-f5cd1ba5cc85::eave-chain::1:6""]",28.693004,0.679167,0.201014,"[""building-part:379338afdfa48c508204"", ""building-part:51e540709a1500de1e5f"", ""building-part:5fd69e5d471104b61afa"", ""building-part:6ad30cc177754a380b0e"", ""building-part:6d9c10eca3b19542b8fe"", ""building-part:8691632e98822482daac"", ""building-part:8e69b3b341a65d691019""]","[""building-part:379338afdfa48c508204"", ""building-part:51e540709a1500de1e5f"", ""building-part:5fd69e5d471104b61afa"", ""building-part:6ad30cc177754a380b0e"", ""building-part:6d9c10eca3b19542b8fe"", ""building-part:8691632e98822482daac"", ""building-part:8e69b3b341a65d691019""]","[""building-part:379338afdfa48c508204"", ""building-part:51e540709a1500de1e5f"", ""building-part:5fd69e5d471104b61afa"", ""building-part:6ad30cc177754a380b0e"", ""building-part:6d9c10eca3b19542b8fe"", ""building-part:8691632e98822482daac"", ""building-part:8e69b3b341a65d691019""]",False,True,True
7153d532-16c1-45e8-b7c9-f5cd1ba5cc85,1,candidate_oblique,2,7153d532-16c1-45e8-b7c9-f5cd1ba5cc85::ceiling-oblique::ceiling-oblique:2,9.303191,334.467553,19.004569,2,0.998319,0.181818,0.810676,89.179964,6.794409,8.384955,4.18962,1,4.18962,7153d532-16c1-45e8-b7c9-f5cd1ba5cc85::eave-chain::1:8,0.997129,0,0.659547,0.797826,medium,keep,False,"[""7153d532-16c1-45e8-b7c9-f5cd1ba5cc85::eave-chain::1:8""]",4.18962,0.104439,0.000344,"[""building-part:60593c3cc4ca3d723249""]","[""building-part:60593c3cc4ca3d723249""]","[""building-part:60593c3cc4ca3d723249""]",False,True,False
7153d532-16c1-45e8-b7c9-f5cd1ba5cc85,1,candidate_oblique,3,7153d532-16c1-45e8-b7c9-f5cd1ba5cc85::ceiling-oblique::ceiling-oblique:3,5.660417,154.467536,32.565608,3,0.99667,0.181818,0.842776,25.532464,13.560455,20.967734,0.0,1,3.569482,7153d532-16c1-45e8-b7c9-f5cd1ba5cc85::eave-chain::1:0,0.752892,0,0.675267,0.803587,medium,keep,False,"[""7153d532-16c1-45e8-b7c9-f5cd1ba5cc85::eave-chain::1:0""]",3.569482,0.395124,0.039916,"[""building-part:51e540709a1500de1e5f"", ""building-part:60593c3cc4ca3d723249"", ""building-part:8e69b3b341a65d691019""]","[""building-part:51e540709a1500de1e5f"", ""building-part:60593c3cc4ca3d723249"", ""building-part:8e69b3b341a65d691019""]","[""building-part:51e540709a1500de1e5f"", ""building-part:60593c3cc4ca3d723249"", ""building-part:8e69b3b341a65d691019""]",False,True,False
7153d532-16c1-45e8-b7c9-f5cd1ba5cc85,1,committed_oblique,0,7153d532-16c1-45e8-b7c9-f5cd1ba5cc85::roof-oblique::oblique:0,12.395273,334.335484,17.477753,3,0.998876,0.181818,0.953834,154.335484,15.11505,16.777959,4.18962,2,7.759102,7153d532-16c1-45e8-b7c9-f5cd1ba5cc85::eave-chain::1:8,0.813461,0,0.731237,0.826681,medium,keep,False,"[""7153d532-16c1-45e8-b7c9-f5cd1ba5cc85::eave-chain::1:0"", ""7153d532-16c1-45e8-b7c9-f5cd1ba5cc85::eave-chain::1:8""]",7.759102,0.24979,0.581275,"[""building-part:60593c3cc4ca3d723249""]","[""building-part:60593c3cc4ca3d723249""]","[""building-part:60593c3cc4ca3d723249""]",False,True,False
7153d532-16c1-45e8-b7c9-f5cd1ba5cc85,1,committed_oblique,1,7153d532-16c1-45e8-b7c9-f5cd1ba5cc85::roof-oblique::oblique:1,59.197545,155.113081,19.130633,13,0.888231,0.802344,0.996335,1.915005,1.134691,29.945435,19.706882,6,28.693004,7153d532-16c1-45e8-b7c9-f5cd1ba5cc85::eave-chain::1:1,0.982156,0,0.916517,0.915028,strong,keep,False,"[""7153d532-16c1-45e8-b7c9-f5cd1ba5cc85::eave-chain::1:1"", ""7153d532-16c1-45e8-b7c9-f5cd1ba5cc85::eave-chain::1:12"", ""7153d532-16c1-45e8-b7c9-f5cd1ba5cc85::eave-chain::1:3"", ""7153d532-16c1-45e8-b7c9-f5cd1ba5cc85::eave-chain::1:4"", ""7153d532-16c1-45e8-b7c9-f5cd1ba5cc85::eave-chain::1:5"", ""7153d532-16c1-45e8-b7c9-f5cd1ba5cc85::eave-chain::1:6""]",28.693004,0.679167,0.201036,"[""building-part:379338afdfa48c508204"", ""building-part:6ad30cc177754a380b0e"", ""building-part:6d9c10eca3b19542b8fe"", ""building-part:8691632e98822482daac"", ""building-part:8e69b3b341a65d691019""]","[""building-part:379338afdfa48c508204"", ""building-part:6ad30cc177754a380b0e"", ""building-part:6d9c10eca3b19542b8fe"", ""building-part:8691632e98822482daac"", ""building-part:8e69b3b341a65d691019""]","[""building-part:379338afdfa48c508204"", ""building-part:5fd69e5d471104b61afa"", ""building-part:6ad30cc177754a380b0e"", ""building-part:6d9c10eca3b19542b8fe"", ""building-part:8691632e98822482daac"", ""building-part:8e69b3b341a65d691019""]",False,True,True
7153d532-16c1-45e8-b7c9-f5cd1ba5cc85,1,committed_oblique,2,7153d532-16c1-45e8-b7c9-f5cd1ba5cc85::roof-oblique::oblique:2,1.69503,334.465514,18.961507,1,0.997164,0.181818,0.999984,0.983476,0.043646,0.0,4.18962,1,4.18962,7153d532-16c1-45e8-b7c9-f5cd1ba5cc85::eave-chain::1:8,0.997056,0,0.75397,0.835226,strong,keep,False,"[""7153d532-16c1-45e8-b7c9-f5cd1ba5cc85::eave-chain::1:8""]",4.18962,0.104439,0.000635,"[""building-part:60593c3cc4ca3d723249""]","[""building-part:60593c3cc4ca3d723249""]","[""building-part:60593c3cc4ca3d723249""]",False,True,False
7153d532-16c1-45e8-b7c9-f5cd1ba5cc85,1,committed_oblique,3,7153d532-16c1-45e8-b7c9-f5cd1ba5cc85::roof-oblique::oblique:3,21.763197,154.46021,32.570898,9,0.825273,0.652539,0.646673,165.985235,15.432122,4.189775,12.636446,5,27.584655,7153d532-16c1-45e8-b7c9-f5cd1ba5cc85::eave-chain::1:12,0.891248,0,0.684153,0.789951,medium,keep,False,"[""7153d532-16c1-45e8-b7c9-f5cd1ba5cc85::eave-chain::1:0"", ""7153d532-16c1-45e8-b7c9-f5cd1ba5cc85::eave-chain::1:1"", ""7153d532-16c1-45e8-b7c9-f5cd1ba5cc85::eave-chain::1:10"", ""7153d532-16c1-45e8-b7c9-f5cd1ba5cc85::eave-chain::1:12"", ""7153d532-16c1-45e8-b7c9-f5cd1ba5cc85::eave-chain::1:6""]",27.584655,0.134083,3.048409,"[""building-part:51e540709a1500de1e5f"", ""building-part:8e69b3b341a65d691019""]","[""building-part:51e540709a1500de1e5f"", ""building-part:8e69b3b341a65d691019""]","[""building-part:51e540709a1500de1e5f"", ""building-part:60593c3cc4ca3d723249"", ""building-part:8e69b3b341a65d691019""]",False,True,False
7153d532-16c1-45e8-b7c9-f5cd1ba5cc85,1,ridge_eave_plane_group,0,7153d532-16c1-45e8-b7c9-f5cd1ba5cc85::ridge-eave-candidate::plane-group::7d1bdd3b6575,129.808732,334.315445,17.488583,27,0.913159,0.72248,0.953777,25.684555,5.813015,71.868227,28.993243,10,44.894349,7153d532-16c1-45e8-b7c9-f5cd1ba5cc85::eave-chain::1:12,0.988275,0,0.876264,0.900515,strong,keep,False,"[""7153d532-16c1-45e8-b7c9-f5cd1ba5cc85::eave-chain::1:0"", ""7153d532-16c1-45e8-b7c9-f5cd1ba5cc85::eave-chain::1:1"", ""7153d532-16c1-45e8-b7c9-f5cd1ba5cc85::eave-chain::1:10"", ""7153d532-16c1-45e8-b7c9-f5cd1ba5cc85::eave-chain::1:12"", ""7153d532-16c1-45e8-b7c9-f5cd1ba5cc85::eave-chain::1:3"", ""7153d532-16c1-45e8-b7c9-f5cd1ba5cc85::eave-chain::1:4"", ""7153d532-16c1-45e8-b7c9-f5cd1ba5cc85::eave-chain::1:5"", ""7153d532-16c1-45e8-b7c9-f5cd1ba5cc85::eave-chain::1:6"", ""7153d532-16c1-45e8-b7c9-f5cd1ba5cc85::eave-chain::1:8"", ""7153d532-16c1-45e8-b7c9-f5cd1ba5cc85::eave-chain::1:9""]",44.894349,0.197528,1.031708,"[""building-part:51e540709a1500de1e5f"", ""building-part:5fd69e5d471104b61afa"", ""building-part:8e69b3b341a65d691019""]","[""building-part:51e540709a1500de1e5f"", ""building-part:5fd69e5d471104b61afa"", ""building-part:8e69b3b341a65d691019""]","[""building-part:51e540709a1500de1e5f"", ""building-part:5fd69e5d471104b61afa"", ""building-part:60593c3cc4ca3d723249"", ""building-part:6d9c10eca3b19542b8fe"", ""building-part:8691632e98822482daac"", ""building-part:8e69b3b341a65d691019""]",False,True,True
7153d532-16c1-45e8-b7c9-f5cd1ba5cc85,1,ridge_eave_plane_group,1,7153d532-16c1-45e8-b7c9-f5cd1ba5cc85::ridge-eave-candidate::plane-group::aa8f0a0cc147,129.808732,71.331279,14.521786,27,0.913159,0.72248,0.925025,95.073902,5.063289,0.0,6.320557,3,6.320557,7153d532-16c1-45e8-b7c9-f5cd1ba5cc85::eave-chain::1:11,0.716987,0,0.861888,0.894765,strong,keep,False,"[""7153d532-16c1-45e8-b7c9-f5cd1ba5cc85::eave-chain::1:11"", ""7153d532-16c1-45e8-b7c9-f5cd1ba5cc85::eave-chain::1:2"", ""7153d532-16c1-45e8-b7c9-f5cd1ba5cc85::eave-chain::1:7""]",6.320557,6.86679,1.419078,"[""building-part:51e540709a1500de1e5f""]","[""building-part:51e540709a1500de1e5f""]","[""building-part:379338afdfa48c508204"", ""building-part:51e540709a1500de1e5f"", ""building-part:5fd69e5d471104b61afa"", ""building-part:60593c3cc4ca3d723249"", ""building-part:6ad30cc177754a380b0e"", ""building-part:6d9c10eca3b19542b8fe"", ""building-part:8691632e98822482daac"", ""building-part:8e69b3b341a65d691019""]",False,True,True
7153d532-16c1-45e8-b7c9-f5cd1ba5cc85,1,ridge_eave_plane_group,2,7153d532-16c1-45e8-b7c9-f5cd1ba5cc85::ridge-eave-candidate::plane-group::c07979236fa1,129.808732,155.146426,19.116616,27,0.913159,0.72248,0.944854,155.146426,4.505518,76.974731,28.993243,10,44.894349,7153d532-16c1-45e8-b7c9-f5cd1ba5cc85::eave-chain::1:1,0.981966,0,0.871803,0.89873,strong,keep,False,"[""7153d532-16c1-45e8-b7c9-f5cd1ba5cc85::eave-chain::1:0"", ""7153d532-16c1-45e8-b7c9-f5cd1ba5cc85::eave-chain::1:1"", ""7153d532-16c1-45e8-b7c9-f5cd1ba5cc85::eave-chain::1:10"", ""7153d532-16c1-45e8-b7c9-f5cd1ba5cc85::eave-chain::1:12"", ""7153d532-16c1-45e8-b7c9-f5cd1ba5cc85::eave-chain::1:3"", ""7153d532-16c1-45e8-b7c9-f5cd1ba5cc85::eave-chain::1:4"", ""7153d532-16c1-45e8-b7c9-f5cd1ba5cc85::eave-chain::1:5"", ""7153d532-16c1-45e8-b7c9-f5cd1ba5cc85::eave-chain::1:6"", ""7153d532-16c1-45e8-b7c9-f5cd1ba5cc85::eave-chain::1:8"", ""7153d532-16c1-45e8-b7c9-f5cd1ba5cc85::eave-chain::1:9""]",44.894349,0.713183,0.569656,"[""building-part:379338afdfa48c508204"", ""building-part:6ad30cc177754a380b0e"", ""building-part:6d9c10eca3b19542b8fe"", ""building-part:8691632e98822482daac"", ""building-part:8e69b3b341a65d691019""]","[""building-part:379338afdfa48c508204"", ""building-part:6ad30cc177754a380b0e"", ""building-part:6d9c10eca3b19542b8fe"", ""building-part:8691632e98822482daac"", ""building-part:8e69b3b341a65d691019""]","[""building-part:379338afdfa48c508204"", ""building-part:51e540709a1500de1e5f"", ""building-part:5fd69e5d471104b61afa"", ""building-part:60593c3cc4ca3d723249"", ""building-part:6ad30cc177754a380b0e"", ""building-part:6d9c10eca3b19542b8fe"", ""building-part:8691632e98822482daac"", ""building-part:8e69b3b341a65d691019""]",False,True,True
7153d532-16c1-45e8-b7c9-f5cd1ba5cc85,1,ridge_eave_plane_group,3,7153d532-16c1-45e8-b7c9-f5cd1ba5cc85::ridge-eave-candidate::plane-group::c8a4ed6b7e85,129.808732,334.467553,19.004584,27,0.913159,0.72248,0.945493,25.532447,4.61755,71.868227,28.993243,10,44.894349,7153d532-16c1-45e8-b7c9-f5cd1ba5cc85::eave-chain::1:8,0.997031,0,0.872122,0.898858,strong,keep,False,"[""7153d532-16c1-45e8-b7c9-f5cd1ba5cc85::eave-chain::1:0"", ""7153d532-16c1-45e8-b7c9-f5cd1ba5cc85::eave-chain::1:1"", ""7153d532-16c1-45e8-b7c9-f5cd1ba5cc85::eave-chain::1:10"", ""7153d532-16c1-45e8-b7c9-f5cd1ba5cc85::eave-chain::1:12"", ""7153d532-16c1-45e8-b7c9-f5cd1ba5cc85::eave-chain::1:3"", ""7153d532-16c1-45e8-b7c9-f5cd1ba5cc85::eave-chain::1:4"", ""7153d532-16c1-45e8-b7c9-f5cd1ba5cc85::eave-chain::1:5"", ""7153d532-16c1-45e8-b7c9-f5cd1ba5cc85::eave-chain::1:6"", ""7153d532-16c1-45e8-b7c9-f5cd1ba5cc85::eave-chain::1:8"", ""7153d532-16c1-45e8-b7c9-f5cd1ba5cc85::eave-chain::1:9""]",44.894349,0.148003,1.777209,"[""building-part:60593c3cc4ca3d723249""]","[""building-part:60593c3cc4ca3d723249""]","[""building-part:379338afdfa48c508204"", ""building-part:51e540709a1500de1e5f"", ""building-part:5fd69e5d471104b61afa"", ""building-part:60593c3cc4ca3d723249"", ""building-part:6ad30cc177754a380b0e"", ""building-part:6d9c10eca3b19542b8fe"", ""building-part:8691632e98822482daac"", ""building-part:8e69b3b341a65d691019""]",False,True,True
7153d532-16c1-45e8-b7c9-f5cd1ba5cc85,1,ridge_eave_plane_group,4,7153d532-16c1-45e8-b7c9-f5cd1ba5cc85::ridge-eave-candidate::plane-group::675957b2bfe6,129.808732,154.467536,32.565679,27,0.913159,0.72248,0.842775,154.467536,14.204609,71.868227,28.993243,10,44.894349,7153d532-16c1-45e8-b7c9-f5cd1ba5cc85::eave-chain::1:0,0.979052,0,0.820763,0.878315,strong,keep,False,"[""7153d532-16c1-45e8-b7c9-f5cd1ba5cc85::eave-chain::1:0"", ""7153d532-16c1-45e8-b7c9-f5cd1ba5cc85::eave-chain::1:1"", ""7153d532-16c1-45e8-b7c9-f5cd1ba5cc85::eave-chain::1:10"", ""7153d532-16c1-45e8-b7c9-f5cd1ba5cc85::eave-chain::1:12"", ""7153d532-16c1-45e8-b7c9-f5cd1ba5cc85::eave-chain::1:3"", ""7153d532-16c1-45e8-b7c9-f5cd1ba5cc85::eave-chain::1:4"", ""7153d532-16c1-45e8-b7c9-f5cd1ba5cc85::eave-chain::1:5"", ""7153d532-16c1-45e8-b7c9-f5cd1ba5cc85::eave-chain::1:6"", ""7153d532-16c1-45e8-b7c9-f5cd1ba5cc85::eave-chain::1:8"", ""7153d532-16c1-45e8-b7c9-f5cd1ba5cc85::eave-chain::1:9""]",44.894349,0.14802,3.207477,"[""building-part:60593c3cc4ca3d723249""]","[""building-part:60593c3cc4ca3d723249""]","[""building-part:51e540709a1500de1e5f"", ""building-part:60593c3cc4ca3d723249"", ""building-part:8e69b3b341a65d691019""]",False,True,True
71ee522c-1e78-411f-b3ce-33d59516038f,0,candidate_oblique,0,71ee522c-1e78-411f-b3ce-33d59516038f::ceiling-oblique::ceiling-oblique:0,8.065743,188.341304,47.917449,2,0.993471,1.0,0.835095,86.000213,23.959243,15.521226,13.889874,9,59.115717,71ee522c-1e78-411f-b3ce-33d59516038f::eave-chain::0:9,0.87919,0,0.916242,0.964408,strong,keep,False,"[""71ee522c-1e78-411f-b3ce-33d59516038f::eave-chain::0:0"", ""71ee522c-1e78-411f-b3ce-33d59516038f::eave-chain::0:12"", ""71ee522c-1e78-411f-b3ce-33d59516038f::eave-chain::0:13"", ""71ee522c-1e78-411f-b3ce-33d59516038f::eave-chain::0:2"", ""71ee522c-1e78-411f-b3ce-33d59516038f::eave-chain::0:3"", ""71ee522c-1e78-411f-b3ce-33d59516038f::eave-chain::0:5"", ""71ee522c-1e78-411f-b3ce-33d59516038f::eave-chain::0:7"", ""71ee522c-1e78-411f-b3ce-33d59516038f::eave-chain::0:8"", ""71ee522c-1e78-411f-b3ce-33d59516038f::eave-chain::0:9""]",59.115717,0.18056,6.222452,"[""building-part:f63875504f49da68415f""]","[""building-part:f63875504f49da68415f""]","[""building-part:f63875504f49da68415f""]",True,False,False
71ee522c-1e78-411f-b3ce-33d59516038f,0,candidate_oblique,1,71ee522c-1e78-411f-b3ce-33d59516038f::ceiling-oblique::ceiling-oblique:1,7.799209,8.341309,48.252432,2,0.996426,1.0,0.832924,4.262842,24.126691,15.520247,7.759998,9,59.115717,71ee522c-1e78-411f-b3ce-33d59516038f::eave-chain::0:12,0.997222,0,0.915747,0.965155,strong,keep,False,"[""71ee522c-1e78-411f-b3ce-33d59516038f::eave-chain::0:0"", ""71ee522c-1e78-411f-b3ce-33d59516038f::eave-chain::0:12"", ""71ee522c-1e78-411f-b3ce-33d59516038f::eave-chain::0:13"", ""71ee522c-1e78-411f-b3ce-33d59516038f::eave-chain::0:2"", ""71ee522c-1e78-411f-b3ce-33d59516038f::eave-chain::0:3"", ""71ee522c-1e78-411f-b3ce-33d59516038f::eave-chain::0:5"", ""71ee522c-1e78-411f-b3ce-33d59516038f::eave-chain::0:7"", ""71ee522c-1e78-411f-b3ce-33d59516038f::eave-chain::0:8"", ""71ee522c-1e78-411f-b3ce-33d59516038f::eave-chain::0:9""]",59.115717,0.180555,12.542062,"[""building-part:f63875504f49da68415f""]","[""building-part:f63875504f49da68415f""]","[""building-part:f63875504f49da68415f""]",True,False,False
71ee522c-1e78-411f-b3ce-33d59516038f,0,committed_oblique,0,71ee522c-1e78-411f-b3ce-33d59516038f::roof-oblique::oblique:0,45.04759,188.338407,47.918028,5,0.97489,1.0,0.670193,171.661593,47.918028,15.521226,7.306272,9,59.115717,71ee522c-1e78-411f-b3ce-33d59516038f::eave-chain::0:9,0.984017,0,0.830075,0.923995,strong,keep,False,"[""71ee522c-1e78-411f-b3ce-33d59516038f::eave-chain::0:0"", ""71ee522c-1e78-411f-b3ce-33d59516038f::eave-chain::0:12"", ""71ee522c-1e78-411f-b3ce-33d59516038f::eave-chain::0:13"", ""71ee522c-1e78-411f-b3ce-33d59516038f::eave-chain::0:2"", ""71ee522c-1e78-411f-b3ce-33d59516038f::eave-chain::0:3"", ""71ee522c-1e78-411f-b3ce-33d59516038f::eave-chain::0:5"", ""71ee522c-1e78-411f-b3ce-33d59516038f::eave-chain::0:7"", ""71ee522c-1e78-411f-b3ce-33d59516038f::eave-chain::0:8"", ""71ee522c-1e78-411f-b3ce-33d59516038f::eave-chain::0:9""]",59.115717,0.18056,6.222768,"[""building-part:f63875504f49da68415f""]","[""building-part:f63875504f49da68415f""]","[""building-part:eec62a328c5bf1cf57fb"", ""building-part:f63875504f49da68415f""]",True,True,True
71ee522c-1e78-411f-b3ce-33d59516038f,0,committed_oblique,1,71ee522c-1e78-411f-b3ce-33d59516038f::roof-oblique::oblique:1,21.674916,8.340736,48.255422,2,0.998668,1.0,0.832904,4.262269,24.128731,15.520247,7.759998,9,59.115717,71ee522c-1e78-411f-b3ce-33d59516038f::eave-chain::0:12,0.997242,0,0.916186,0.966048,strong,keep,False,"[""71ee522c-1e78-411f-b3ce-33d59516038f::eave-chain::0:0"", ""71ee522c-1e78-411f-b3ce-33d59516038f::eave-chain::0:12"", ""71ee522c-1e78-411f-b3ce-33d59516038f::eave-chain::0:13"", ""71ee522c-1e78-411f-b3ce-33d59516038f::eave-chain::0:2"", ""71ee522c-1e78-411f-b3ce-33d59516038f::eave-chain::0:3"", ""71ee522c-1e78-411f-b3ce-33d59516038f::eave-chain::0:5"", ""71ee522c-1e78-411f-b3ce-33d59516038f::eave-chain::0:7"", ""71ee522c-1e78-411f-b3ce-33d59516038f::eave-chain::0:8"", ""71ee522c-1e78-411f-b3ce-33d59516038f::eave-chain::0:9""]",59.115717,0.180555,12.54312,"[""building-part:f63875504f49da68415f""]","[""building-part:f63875504f49da68415f""]","[""building-part:f63875504f49da68415f""]",True,False,False
71ee522c-1e78-411f-b3ce-33d59516038f,0,ridge_eave_plane_group,0,71ee522c-1e78-411f-b3ce-33d59516038f::ridge-eave-candidate::plane-group::f3b0c2d1cd05,93.976275,188.341305,47.917283,8,0.814084,0.972222,0.670203,130.919806,47.917283,0.0,20.33051,9,59.115717,71ee522c-1e78-411f-b3ce-33d59516038f::eave-chain::0:7,0.89999,0,0.789585,0.854118,strong,keep,False,"[""71ee522c-1e78-411f-b3ce-33d59516038f::eave-chain::0:0"", ""71ee522c-1e78-411f-b3ce-33d59516038f::eave-chain::0:12"", ""71ee522c-1e78-411f-b3ce-33d59516038f::eave-chain::0:13"", ""71ee522c-1e78-411f-b3ce-33d59516038f::eave-chain::0:2"", ""71ee522c-1e78-411f-b3ce-33d59516038f::eave-chain::0:3"", ""71ee522c-1e78-411f-b3ce-33d59516038f::eave-chain::0:5"", ""71ee522c-1e78-411f-b3ce-33d59516038f::eave-chain::0:7"", ""71ee522c-1e78-411f-b3ce-33d59516038f::eave-chain::0:8"", ""71ee522c-1e78-411f-b3ce-33d59516038f::eave-chain::0:9""]",59.115717,0.180559,6.222979,"[""building-part:f63875504f49da68415f""]","[""building-part:f63875504f49da68415f""]","[""building-part:2d1bdb160c3ff081dcd4"", ""building-part:eec62a328c5bf1cf57fb"", ""building-part:f63875504f49da68415f"", ""building-part:fc9280b86a304d3637f4""]",True,True,True
71ee522c-1e78-411f-b3ce-33d59516038f,0,ridge_eave_plane_group,1,71ee522c-1e78-411f-b3ce-33d59516038f::ridge-eave-candidate::plane-group::b830af8b6448,65.391692,188.341305,47.917283,6,0.982496,1.0,0.670203,171.658695,47.917283,31.041473,15.06627,9,59.115717,71ee522c-1e78-411f-b3ce-33d59516038f::eave-chain::0:9,0.983897,0,0.831601,0.927039,strong,keep,False,"[""71ee522c-1e78-411f-b3ce-33d59516038f::eave-chain::0:0"", ""71ee522c-1e78-411f-b3ce-33d59516038f::eave-chain::0:12"", ""71ee522c-1e78-411f-b3ce-33d59516038f::eave-chain::0:13"", ""71ee522c-1e78-411f-b3ce-33d59516038f::eave-chain::0:2"", ""71ee522c-1e78-411f-b3ce-33d59516038f::eave-chain::0:3"", ""71ee522c-1e78-411f-b3ce-33d59516038f::eave-chain::0:5"", ""71ee522c-1e78-411f-b3ce-33d59516038f::eave-chain::0:7"", ""71ee522c-1e78-411f-b3ce-33d59516038f::eave-chain::0:8"", ""71ee522c-1e78-411f-b3ce-33d59516038f::eave-chain::0:9""]",59.115717,0.180559,6.222979,"[""building-part:f63875504f49da68415f""]","[""building-part:f63875504f49da68415f""]","[""building-part:2d1bdb160c3ff081dcd4"", ""building-part:2f233ccf5da4b82517ed"", ""building-part:eec62a328c5bf1cf57fb"", ""building-part:f63875504f49da68415f"", ""building-part:fc9280b86a304d3637f4""]",True,True,True
71ee522c-1e78-411f-b3ce-33d59516038f,0,ridge_eave_plane_group,2,71ee522c-1e78-411f-b3ce-33d59516038f::ridge-eave-candidate::plane-group::7f0656db25c0,93.976275,8.341309,48.252459,8,0.814084,0.972222,0.66585,49.080198,48.252459,0.0,20.33051,9,59.115717,71ee522c-1e78-411f-b3ce-33d59516038f::eave-chain::0:7,0.89999,0,0.787408,0.853248,strong,keep,False,"[""71ee522c-1e78-411f-b3ce-33d59516038f::eave-chain::0:0"", ""71ee522c-1e78-411f-b3ce-33d59516038f::eave-chain::0:12"", ""71ee522c-1e78-411f-b3ce-33d59516038f::eave-chain::0:13"", ""71ee522c-1e78-411f-b3ce-33d59516038f::eave-chain::0:2"", ""71ee522c-1e78-411f-b3ce-33d59516038f::eave-chain::0:3"", ""71ee522c-1e78-411f-b3ce-33d59516038f::eave-chain::0:5"", ""71ee522c-1e78-411f-b3ce-33d59516038f::eave-chain::0:7"", ""71ee522c-1e78-411f-b3ce-33d59516038f::eave-chain::0:8"", ""71ee522c-1e78-411f-b3ce-33d59516038f::eave-chain::0:9""]",59.115717,0.180555,12.542232,"[""building-part:f63875504f49da68415f""]","[""building-part:f63875504f49da68415f""]","[""building-part:2d1bdb160c3ff081dcd4"", ""building-part:eec62a328c5bf1cf57fb"", ""building-part:f63875504f49da68415f"", ""building-part:fc9280b86a304d3637f4""]",True,True,True
71ee522c-1e78-411f-b3ce-33d59516038f,0,ridge_eave_plane_group,3,71ee522c-1e78-411f-b3ce-33d59516038f::ridge-eave-candidate::plane-group::e5a6e8ef1f53,65.391692,8.341309,48.252459,6,0.982496,1.0,0.66585,8.341309,48.252459,31.041473,15.06627,9,59.115717,71ee522c-1e78-411f-b3ce-33d59516038f::eave-chain::0:12,0.997182,0,0.829424,0.926168,strong,keep,False,"[""71ee522c-1e78-411f-b3ce-33d59516038f::eave-chain::0:0"", ""71ee522c-1e78-411f-b3ce-33d59516038f::eave-chain::0:12"", ""71ee522c-1e78-411f-b3ce-33d59516038f::eave-chain::0:13"", ""71ee522c-1e78-411f-b3ce-33d59516038f::eave-chain::0:2"", ""71ee522c-1e78-411f-b3ce-33d59516038f::eave-chain::0:3"", ""71ee522c-1e78-411f-b3ce-33d59516038f::eave-chain::0:5"", ""71ee522c-1e78-411f-b3ce-33d59516038f::eave-chain::0:7"", ""71ee522c-1e78-411f-b3ce-33d59516038f::eave-chain::0:8"", ""71ee522c-1e78-411f-b3ce-33d59516038f::eave-chain::0:9""]",59.115717,0.180555,12.542232,"[""building-part:f63875504f49da68415f""]","[""building-part:f63875504f49da68415f""]","[""building-part:eec62a328c5bf1cf57fb"", ""building-part:f63875504f49da68415f""]",True,True,True
720c2f50-9586-47b5-b27c-130214cd8b5d,1,candidate_oblique,0,720c2f50-9586-47b5-b27c-130214cd8b5d::ceiling-oblique::ceiling-oblique:0,7.773602,233.429344,21.834756,4,0.811824,0.5625,0.964186,20.790262,2.707155,0.0,6.234389,3,10.766443,720c2f50-9586-47b5-b27c-130214cd8b5d::eave-chain::1:1,0.99154,0,0.813208,0.830067,strong,keep,False,"[""720c2f50-9586-47b5-b27c-130214cd8b5d::eave-chain::1:0"", ""720c2f50-9586-47b5-b27c-130214cd8b5d::eave-chain::1:1"", ""720c2f50-9586-47b5-b27c-130214cd8b5d::eave-chain::1:2""]",10.766443,0.451862,0.004417,"[""building-part:84e396cafd76580c3f38"", ""building-part:c8ee614f9d2579d7eb76""]","[""building-part:84e396cafd76580c3f38"", ""building-part:c8ee614f9d2579d7eb76""]","[""building-part:84e396cafd76580c3f38"", ""building-part:c8ee614f9d2579d7eb76""]",False,True,False
720c2f50-9586-47b5-b27c-130214cd8b5d,1,candidate_oblique,1,720c2f50-9586-47b5-b27c-130214cd8b5d::ceiling-oblique::ceiling-oblique:1,7.789957,53.429344,21.804028,2,0.96327,0.5625,0.999916,1.849533,0.079006,0.0,6.234133,3,10.766443,720c2f50-9586-47b5-b27c-130214cd8b5d::eave-chain::1:0,0.987615,0,0.861362,0.897791,strong,keep,False,"[""720c2f50-9586-47b5-b27c-130214cd8b5d::eave-chain::1:0"", ""720c2f50-9586-47b5-b27c-130214cd8b5d::eave-chain::1:1"", ""720c2f50-9586-47b5-b27c-130214cd8b5d::eave-chain::1:2""]",10.766443,0.451861,0.004327,"[""building-part:84e396cafd76580c3f38"", ""building-part:c8ee614f9d2579d7eb76""]","[""building-part:84e396cafd76580c3f38"", ""building-part:c8ee614f9d2579d7eb76""]","[""building-part:84e396cafd76580c3f38"", ""building-part:c8ee614f9d2579d7eb76""]",False,True,False
720c2f50-9586-47b5-b27c-130214cd8b5d,2,candidate_oblique,2,720c2f50-9586-47b5-b27c-130214cd8b5d::ceiling-oblique::ceiling-oblique:2,12.436422,322.166219,39.325045,4,0.690014,0.927083,0.870782,27.78836,23.681522,7.309568,3.654877,1,3.654877,720c2f50-9586-47b5-b27c-130214cd8b5d::eave-chain::2:1,0.992811,0,0.851519,0.835579,strong,keep,False,"[""720c2f50-9586-47b5-b27c-130214cd8b5d::eave-chain::2:1""]",3.654877,0.035703,0.024949,"[""building-part:371f4393e9de3977c8e6"", ""building-part:4635206a6fbf27c00a2a"", ""building-part:5b81bd4f70ac030d7902""]","[""building-part:371f4393e9de3977c8e6"", ""building-part:4635206a6fbf27c00a2a"", ""building-part:5b81bd4f70ac030d7902""]","[""building-part:371f4393e9de3977c8e6"", ""building-part:4635206a6fbf27c00a2a"", ""building-part:5b81bd4f70ac030d7902""]",False,True,True
720c2f50-9586-47b5-b27c-130214cd8b5d,2,candidate_oblique,3,720c2f50-9586-47b5-b27c-130214cd8b5d::ceiling-oblique::ceiling-oblique:3,16.739783,142.16622,41.084083,2,0.606868,0.833333,0.876822,19.534591,20.599552,4.430642,2.211258,1,2.211258,720c2f50-9586-47b5-b27c-130214cd8b5d::eave-chain::2:2,0.973286,0,0.809784,0.784778,strong,keep,False,"[""720c2f50-9586-47b5-b27c-130214cd8b5d::eave-chain::2:2""]",2.211258,0.521292,0.050506,"[""building-part:7d2df4f70fa3c4526e92""]","[""building-part:7d2df4f70fa3c4526e92""]","[""building-part:7d2df4f70fa3c4526e92""]",False,True,True
720c2f50-9586-47b5-b27c-130214cd8b5d,1,committed_oblique,0,720c2f50-9586-47b5-b27c-130214cd8b5d::roof-oblique::oblique:0,18.984547,233.42836,21.833067,5,0.554124,0.75,0.957013,39.676707,13.748165,0.0,8.52834,10,47.201319,720c2f50-9586-47b5-b27c-130214cd8b5d::eave-chain::1:1,0.991512,0,0.814331,0.763052,strong,keep,False,"[""720c2f50-9586-47b5-b27c-130214cd8b5d::eave-chain::1:0"", ""720c2f50-9586-47b5-b27c-130214cd8b5d::eave-chain::1:1"", ""720c2f50-9586-47b5-b27c-130214cd8b5d::eave-chain::1:10"", ""720c2f50-9586-47b5-b27c-130214cd8b5d::eave-chain::1:12"", ""720c2f50-9586-47b5-b27c-130214cd8b5d::eave-chain::1:13"", ""720c2f50-9586-47b5-b27c-130214cd8b5d::eave-chain::1:2"", ""720c2f50-9586-47b5-b27c-130214cd8b5d::eave-chain::1:4"", ""720c2f50-9586-47b5-b27c-130214cd8b5d::eave-chain::1:6"", ""720c2f50-9586-47b5-b27c-130214cd8b5d::eave-chain::1:7"", ""720c2f50-9586-47b5-b27c-130214cd8b5d::eave-chain::1:8""]",47.201319,0.001392,1.466405,"[""building-part:84e396cafd76580c3f38"", ""building-part:c8ee614f9d2579d7eb76""]","[""building-part:84e396cafd76580c3f38"", ""building-part:c8ee614f9d2579d7eb76""]","[""building-part:2056122625564d14cfec"", ""building-part:5f54e1e0075a638a6712"", ""building-part:84e396cafd76580c3f38"", ""building-part:c8ee614f9d2579d7eb76"", ""building-part:d6b3f3691147b445177f""]",False,True,True
720c2f50-9586-47b5-b27c-130214cd8b5d,1,committed_oblique,1,720c2f50-9586-47b5-b27c-130214cd8b5d::roof-oblique::oblique:1,20.421534,53.429784,21.800157,3,0.96219,0.708333,0.999858,2.594509,0.095249,0.0,10.155907,10,47.201319,720c2f50-9586-47b5-b27c-130214cd8b5d::eave-chain::1:0,0.987649,0,0.904867,0.926514,strong,keep,False,"[""720c2f50-9586-47b5-b27c-130214cd8b5d::eave-chain::1:0"", ""720c2f50-9586-47b5-b27c-130214cd8b5d::eave-chain::1:1"", ""720c2f50-9586-47b5-b27c-130214cd8b5d::eave-chain::1:10"", ""720c2f50-9586-47b5-b27c-130214cd8b5d::eave-chain::1:12"", ""720c2f50-9586-47b5-b27c-130214cd8b5d::eave-chain::1:13"", ""720c2f50-9586-47b5-b27c-130214cd8b5d::eave-chain::1:2"", ""720c2f50-9586-47b5-b27c-130214cd8b5d::eave-chain::1:4"", ""720c2f50-9586-47b5-b27c-130214cd8b5d::eave-chain::1:6"", ""720c2f50-9586-47b5-b27c-130214cd8b5d::eave-chain::1:7"", ""720c2f50-9586-47b5-b27c-130214cd8b5d::eave-chain::1:8""]",47.201319,0.001392,1.37741,"[""building-part:84e396cafd76580c3f38"", ""building-part:c8ee614f9d2579d7eb76""]","[""building-part:84e396cafd76580c3f38"", ""building-part:c8ee614f9d2579d7eb76""]","[""building-part:2056122625564d14cfec"", ""building-part:84e396cafd76580c3f38"", ""building-part:c8ee614f9d2579d7eb76"", ""building-part:d6b3f3691147b445177f""]",False,True,True
720c2f50-9586-47b5-b27c-130214cd8b5d,2,committed_oblique,2,720c2f50-9586-47b5-b27c-130214cd8b5d::roof-oblique::oblique:2,44.487069,322.165016,39.325468,4,0.585905,0.927083,0.870778,27.789562,23.681522,7.309568,3.30829,2,6.963167,720c2f50-9586-47b5-b27c-130214cd8b5d::eave-chain::2:1,0.992766,0,0.830695,0.793934,strong,keep,False,"[""720c2f50-9586-47b5-b27c-130214cd8b5d::eave-chain::2:1"", ""720c2f50-9586-47b5-b27c-130214cd8b5d::eave-chain::2:5""]",6.963167,0.018782,0.887758,"[""building-part:371f4393e9de3977c8e6"", ""building-part:4635206a6fbf27c00a2a"", ""building-part:5b81bd4f70ac030d7902""]","[""building-part:371f4393e9de3977c8e6"", ""building-part:4635206a6fbf27c00a2a"", ""building-part:5b81bd4f70ac030d7902""]","[""building-part:371f4393e9de3977c8e6"", ""building-part:4635206a6fbf27c00a2a"", ""building-part:5b81bd4f70ac030d7902""]",False,True,True
720c2f50-9586-47b5-b27c-130214cd8b5d,2,committed_oblique,3,720c2f50-9586-47b5-b27c-130214cd8b5d::roof-oblique::oblique:3,51.311988,142.167377,41.08496,8,0.605816,0.870098,0.753736,37.832623,40.863553,15.195757,2.211258,2,4.902459,720c2f50-9586-47b5-b27c-130214cd8b5d::eave-chain::2:2,0.973231,0,0.759061,0.767093,strong,keep,False,"[""720c2f50-9586-47b5-b27c-130214cd8b5d::eave-chain::2:2"", ""720c2f50-9586-47b5-b27c-130214cd8b5d::eave-chain::2:8""]",4.902459,0.260771,0.572184,"[""building-part:7d2df4f70fa3c4526e92""]","[""building-part:7d2df4f70fa3c4526e92""]","[""building-part:371f4393e9de3977c8e6"", ""building-part:4635206a6fbf27c00a2a"", ""building-part:5b81bd4f70ac030d7902"", ""building-part:7d2df4f70fa3c4526e92""]",False,True,True
720c2f50-9586-47b5-b27c-130214cd8b5d,1,ridge_eave_plane_group,0,720c2f50-9586-47b5-b27c-130214cd8b5d::ridge-eave-candidate::plane-group::206c4f81427d,94.62542,233.429344,21.834715,8,0.908804,0.828125,0.928261,126.570656,21.834715,0.0,20.431126,10,47.201319,720c2f50-9586-47b5-b27c-130214cd8b5d::eave-chain::1:12,0.948078,0,0.894329,0.914799,strong,keep,False,"[""720c2f50-9586-47b5-b27c-130214cd8b5d::eave-chain::1:0"", ""720c2f50-9586-47b5-b27c-130214cd8b5d::eave-chain::1:1"", ""720c2f50-9586-47b5-b27c-130214cd8b5d::eave-chain::1:10"", ""720c2f50-9586-47b5-b27c-130214cd8b5d::eave-chain::1:12"", ""720c2f50-9586-47b5-b27c-130214cd8b5d::eave-chain::1:13"", ""720c2f50-9586-47b5-b27c-130214cd8b5d::eave-chain::1:2"", ""720c2f50-9586-47b5-b27c-130214cd8b5d::eave-chain::1:4"", ""720c2f50-9586-47b5-b27c-130214cd8b5d::eave-chain::1:6"", ""720c2f50-9586-47b5-b27c-130214cd8b5d::eave-chain::1:7"", ""720c2f50-9586-47b5-b27c-130214cd8b5d::eave-chain::1:8""]",47.201319,0.001392,1.466523,"[""building-part:84e396cafd76580c3f38"", ""building-part:c8ee614f9d2579d7eb76""]","[""building-part:84e396cafd76580c3f38"", ""building-part:c8ee614f9d2579d7eb76""]","[""building-part:2056122625564d14cfec"", ""building-part:5f54e1e0075a638a6712"", ""building-part:84e396cafd76580c3f38"", ""building-part:c8ee614f9d2579d7eb76"", ""building-part:d6b3f3691147b445177f""]",False,True,True
720c2f50-9586-47b5-b27c-130214cd8b5d,1,ridge_eave_plane_group,1,720c2f50-9586-47b5-b27c-130214cd8b5d::ridge-eave-candidate::plane-group::6c34fd43d262,95.654421,53.429344,21.803903,9,0.905599,0.805556,0.928461,53.429344,21.803903,0.0,18.729047,10,47.201319,720c2f50-9586-47b5-b27c-130214cd8b5d::eave-chain::1:0,0.987624,0,0.887017,0.909043,strong,keep,False,"[""720c2f50-9586-47b5-b27c-130214cd8b5d::eave-chain::1:0"", ""720c2f50-9586-47b5-b27c-130214cd8b5d::eave-chain::1:1"", ""720c2f50-9586-47b5-b27c-130214cd8b5d::eave-chain::1:10"", ""720c2f50-9586-47b5-b27c-130214cd8b5d::eave-chain::1:12"", ""720c2f50-9586-47b5-b27c-130214cd8b5d::eave-chain::1:13"", ""720c2f50-9586-47b5-b27c-130214cd8b5d::eave-chain::1:2"", ""720c2f50-9586-47b5-b27c-130214cd8b5d::eave-chain::1:4"", ""720c2f50-9586-47b5-b27c-130214cd8b5d::eave-chain::1:6"", ""720c2f50-9586-47b5-b27c-130214cd8b5d::eave-chain::1:7"", ""720c2f50-9586-47b5-b27c-130214cd8b5d::eave-chain::1:8""]",47.201319,0.001392,1.377634,"[""building-part:84e396cafd76580c3f38"", ""building-part:c8ee614f9d2579d7eb76""]","[""building-part:84e396cafd76580c3f38"", ""building-part:c8ee614f9d2579d7eb76""]","[""building-part:2056122625564d14cfec"", ""building-part:5f54e1e0075a638a6712"", ""building-part:84e396cafd76580c3f38"", ""building-part:c8ee614f9d2579d7eb76"", ""building-part:d6b3f3691147b445177f""]",False,True,True
720c2f50-9586-47b5-b27c-130214cd8b5d,1,ridge_eave_plane_group,2,720c2f50-9586-47b5-b27c-130214cd8b5d::ridge-eave-candidate::plane-group::ff39ff04422d,94.432627,143.429334,43.426469,8,0.910328,0.828125,0.726257,88.495542,43.426469,0.0,23.739083,4,36.210833,720c2f50-9586-47b5-b27c-130214cd8b5d::eave-chain::1:3,0.953423,0,0.793632,0.875008,strong,keep,False,"[""720c2f50-9586-47b5-b27c-130214cd8b5d::eave-chain::1:11"", ""720c2f50-9586-47b5-b27c-130214cd8b5d::eave-chain::1:3"", ""720c2f50-9586-47b5-b27c-130214cd8b5d::eave-chain::1:5"", ""720c2f50-9586-47b5-b27c-130214cd8b5d::eave-chain::1:9""]",36.210833,0.085744,1.899291,"[""building-part:2056122625564d14cfec""]","[""building-part:2056122625564d14cfec""]","[""building-part:2056122625564d14cfec"", ""building-part:5f54e1e0075a638a6712"", ""building-part:84e396cafd76580c3f38"", ""building-part:c8ee614f9d2579d7eb76"", ""building-part:d6b3f3691147b445177f""]",True,True,True
720c2f50-9586-47b5-b27c-130214cd8b5d,1,ridge_eave_plane_group,3,720c2f50-9586-47b5-b27c-130214cd8b5d::ridge-eave-candidate::plane-group::532f4126d1f6,94.501181,322.166215,39.329739,8,0.909024,0.828125,0.773511,91.504458,39.329739,0.0,23.739083,4,36.210833,720c2f50-9586-47b5-b27c-130214cd8b5d::eave-chain::1:3,0.86633,0,0.816998,0.883937,strong,keep,False,"[""720c2f50-9586-47b5-b27c-130214cd8b5d::eave-chain::1:11"", ""720c2f50-9586-47b5-b27c-130214cd8b5d::eave-chain::1:3"", ""720c2f50-9586-47b5-b27c-130214cd8b5d::eave-chain::1:5"", ""720c2f50-9586-47b5-b27c-130214cd8b5d::eave-chain::1:9""]",36.210833,1.347417,5.307781,"[""building-part:371f4393e9de3977c8e6"", ""building-part:5b81bd4f70ac030d7902""]","[""building-part:371f4393e9de3977c8e6"", ""building-part:5b81bd4f70ac030d7902""]","[""building-part:2056122625564d14cfec"", ""building-part:c8ee614f9d2579d7eb76"", ""building-part:d6b3f3691147b445177f""]",False,True,True
720c2f50-9586-47b5-b27c-130214cd8b5d,1,ridge_eave_plane_group,4,720c2f50-9586-47b5-b27c-130214cd8b5d::ridge-eave-candidate::plane-group::2d3a68ae023b,94.633747,142.166223,41.637228,8,0.908763,0.828125,0.747367,88.495542,41.637228,0.0,23.739083,4,36.210833,720c2f50-9586-47b5-b27c-130214cd8b5d::eave-chain::1:3,0.86633,0,0.803873,0.878603,strong,keep,False,"[""720c2f50-9586-47b5-b27c-130214cd8b5d::eave-chain::1:11"", ""720c2f50-9586-47b5-b27c-130214cd8b5d::eave-chain::1:3"", ""720c2f50-9586-47b5-b27c-130214cd8b5d::eave-chain::1:5"", ""720c2f50-9586-47b5-b27c-130214cd8b5d::eave-chain::1:9""]",36.210833,1.347409,3.478059,"[""building-part:7d2df4f70fa3c4526e92""]","[""building-part:7d2df4f70fa3c4526e92""]","[""building-part:2056122625564d14cfec"", ""building-part:5f54e1e0075a638a6712"", ""building-part:84e396cafd76580c3f38"", ""building-part:c8ee614f9d2579d7eb76"", ""building-part:d6b3f3691147b445177f""]",False,True,True
72122129-7ee2-4a14-a645-23d44df3d2b5,2,candidate_oblique,0,72122129-7ee2-4a14-a645-23d44df3d2b5::ceiling-oblique::ceiling-oblique:0,4.871785,25.376769,51.028931,2,0.612818,0.793103,0.998457,0.427058,2.653899,3.935892,3.747469,3,8.663627,72122129-7ee2-4a14-a645-23d44df3d2b5::eave-chain::2:6,0.997758,0,0.859723,0.803439,strong,keep,False,"[""72122129-7ee2-4a14-a645-23d44df3d2b5::eave-chain::2:2"", ""72122129-7ee2-4a14-a645-23d44df3d2b5::eave-chain::2:5"", ""72122129-7ee2-4a14-a645-23d44df3d2b5::eave-chain::2:6""]",8.663627,0.508044,0.007572,"[""building-part:a042e75f277410136975"", ""building-part:ef20b6ec36e87c338731""]","[""building-part:a042e75f277410136975"", ""building-part:ef20b6ec36e87c338731""]","[""building-part:a042e75f277410136975"", ""building-part:ef20b6ec36e87c338731""]",False,True,True
72122129-7ee2-4a14-a645-23d44df3d2b5,2,candidate_oblique,1,72122129-7ee2-4a14-a645-23d44df3d2b5::ceiling-oblique::ceiling-oblique:1,6.732543,205.37678,50.645797,3,0.794198,1.0,0.999967,0.466808,0.295214,12.073484,6.036313,2,6.036313,72122129-7ee2-4a14-a645-23d44df3d2b5::eave-chain::2:10,0.979483,0,0.958823,0.917672,strong,keep,False,"[""72122129-7ee2-4a14-a645-23d44df3d2b5::eave-chain::2:10"", ""72122129-7ee2-4a14-a645-23d44df3d2b5::eave-chain::2:4""]",6.036313,0.178982,0.078175,"[""building-part:a042e75f277410136975"", ""building-part:ef20b6ec36e87c338731""]","[""building-part:a042e75f277410136975"", ""building-part:ef20b6ec36e87c338731""]","[""building-part:a042e75f277410136975"", ""building-part:ef20b6ec36e87c338731""]",False,True,True
72122129-7ee2-4a14-a645-23d44df3d2b5,2,committed_oblique,0,72122129-7ee2-4a14-a645-23d44df3d2b5::roof-oblique::oblique:0,14.269866,25.376548,51.032994,5,0.751575,0.917241,0.628873,154.623452,51.032994,3.935892,12.701942,4,12.701942,72122129-7ee2-4a14-a645-23d44df3d2b5::eave-chain::2:6,0.99776,0,0.739924,0.809853,medium,keep,False,"[""72122129-7ee2-4a14-a645-23d44df3d2b5::eave-chain::2:1"", ""72122129-7ee2-4a14-a645-23d44df3d2b5::eave-chain::2:2"", ""72122129-7ee2-4a14-a645-23d44df3d2b5::eave-chain::2:5"", ""72122129-7ee2-4a14-a645-23d44df3d2b5::eave-chain::2:6""]",12.701942,0.262983,0.008215,"[""building-part:a042e75f277410136975"", ""building-part:ef20b6ec36e87c338731""]","[""building-part:a042e75f277410136975"", ""building-part:ef20b6ec36e87c338731""]","[""building-part:a042e75f277410136975"", ""building-part:ef20b6ec36e87c338731""]",False,True,True
72122129-7ee2-4a14-a645-23d44df3d2b5,2,committed_oblique,1,72122129-7ee2-4a14-a645-23d44df3d2b5::roof-oblique::oblique:1,19.68043,205.375056,50.64428,5,0.733059,1.0,0.634133,25.375056,50.64428,12.073484,7.215565,3,10.074628,72122129-7ee2-4a14-a645-23d44df3d2b5::eave-chain::2:10,0.979516,0,0.763678,0.82005,strong,keep,False,"[""72122129-7ee2-4a14-a645-23d44df3d2b5::eave-chain::2:1"", ""72122129-7ee2-4a14-a645-23d44df3d2b5::eave-chain::2:10"", ""72122129-7ee2-4a14-a645-23d44df3d2b5::eave-chain::2:4""]",10.074628,0.07447,0.082202,"[""building-part:a042e75f277410136975"", ""building-part:ef20b6ec36e87c338731""]","[""building-part:a042e75f277410136975"", ""building-part:ef20b6ec36e87c338731""]","[""building-part:a042e75f277410136975"", ""building-part:ef20b6ec36e87c338731""]",False,True,True
72122129-7ee2-4a14-a645-23d44df3d2b5,1,ridge_eave_plane_group,0,72122129-7ee2-4a14-a645-23d44df3d2b5::ridge-eave-candidate::plane-group::25aa08cd4024,53.426489,25.376769,51.027403,3,0.105154,0.933333,0.628949,154.623231,51.027403,0.0,2.929864,3,5.241806,72122129-7ee2-4a14-a645-23d44df3d2b5::eave-chain::1:4,0.822956,0,0.615505,0.501011,medium,maybe,False,"[""72122129-7ee2-4a14-a645-23d44df3d2b5::eave-chain::1:1"", ""72122129-7ee2-4a14-a645-23d44df3d2b5::eave-chain::1:4"", ""72122129-7ee2-4a14-a645-23d44df3d2b5::eave-chain::1:5""]",5.241806,3.665135,7.371941,"[""building-part:a042e75f277410136975"", ""building-part:ef20b6ec36e87c338731""]","[""building-part:a042e75f277410136975"", ""building-part:ef20b6ec36e87c338731""]","[""building-part:3867411feb150d9f9c12"", ""building-part:b15a3925ddb6ba818959"", ""building-part:de5d5524c0f18d3fffb0""]",False,True,True
72122129-7ee2-4a14-a645-23d44df3d2b5,1,ridge_eave_plane_group,1,72122129-7ee2-4a14-a645-23d44df3d2b5::ridge-eave-candidate::plane-group::bd009f320da6,53.426489,205.37678,50.645815,3,0.105154,0.933333,0.634112,25.37678,50.645815,0.0,2.929864,4,6.278731,72122129-7ee2-4a14-a645-23d44df3d2b5::eave-chain::1:4,0.840929,0,0.618087,0.502044,medium,maybe,False,"[""72122129-7ee2-4a14-a645-23d44df3d2b5::eave-chain::1:1"", ""72122129-7ee2-4a14-a645-23d44df3d2b5::eave-chain::1:4"", ""72122129-7ee2-4a14-a645-23d44df3d2b5::eave-chain::1:5"", ""72122129-7ee2-4a14-a645-23d44df3d2b5::eave-chain::1:7""]",6.278731,3.921695,0.864396,"[""building-part:a042e75f277410136975"", ""building-part:ef20b6ec36e87c338731""]","[""building-part:a042e75f277410136975"", ""building-part:ef20b6ec36e87c338731""]","[""building-part:3867411feb150d9f9c12"", ""building-part:b15a3925ddb6ba818959"", ""building-part:de5d5524c0f18d3fffb0""]",False,True,True
72122129-7ee2-4a14-a645-23d44df3d2b5,1,ridge_eave_plane_group,2,72122129-7ee2-4a14-a645-23d44df3d2b5::ridge-eave-candidate::plane-group::26ee422700b3,53.426489,205.376778,37.79176,3,0.105154,0.933333,0.790243,25.376778,37.79176,0.0,2.929864,4,6.040113,72122129-7ee2-4a14-a645-23d44df3d2b5::eave-chain::1:1,0.851836,0,0.696152,0.53327,medium,maybe,False,"[""72122129-7ee2-4a14-a645-23d44df3d2b5::eave-chain::1:1"", ""72122129-7ee2-4a14-a645-23d44df3d2b5::eave-chain::1:2"", ""72122129-7ee2-4a14-a645-23d44df3d2b5::eave-chain::1:4"", ""72122129-7ee2-4a14-a645-23d44df3d2b5::eave-chain::1:5""]",6.040113,3.921693,0.030268,"[""building-part:a042e75f277410136975"", ""building-part:ef20b6ec36e87c338731""]","[""building-part:a042e75f277410136975"", ""building-part:ef20b6ec36e87c338731""]","[""building-part:3867411feb150d9f9c12"", ""building-part:b15a3925ddb6ba818959"", ""building-part:de5d5524c0f18d3fffb0""]",False,True,True
73465f84-d5f5-4b84-8509-0e818beb5ecd,1,candidate_oblique,0,73465f84-d5f5-4b84-8509-0e818beb5ecd::ceiling-oblique::ceiling-oblique:0,21.647222,186.823651,7.061063,2,0.910042,1.0,1.0,0.000436,0.006702,0.0,14.151939,4,36.69722,73465f84-d5f5-4b84-8509-0e818beb5ecd::eave-chain::1:1,0.995245,0,0.982008,0.964017,strong,keep,False,"[""73465f84-d5f5-4b84-8509-0e818beb5ecd::eave-chain::1:0"", ""73465f84-d5f5-4b84-8509-0e818beb5ecd::eave-chain::1:1"", ""73465f84-d5f5-4b84-8509-0e818beb5ecd::eave-chain::1:10"", ""73465f84-d5f5-4b84-8509-0e818beb5ecd::eave-chain::1:2""]",36.69722,0.731128,0.148423,"[""building-part:8ccd488bb229e0c388c6"", ""building-part:a6ef26f98b2333943f64"", ""building-part:fffe886cffd10ff4f1ab""]","[""building-part:8ccd488bb229e0c388c6"", ""building-part:a6ef26f98b2333943f64"", ""building-part:fffe886cffd10ff4f1ab""]","[""building-part:8ccd488bb229e0c388c6"", ""building-part:a6ef26f98b2333943f64"", ""building-part:fffe886cffd10ff4f1ab""]",True,True,True
73465f84-d5f5-4b84-8509-0e818beb5ecd,1,committed_oblique,0,73465f84-d5f5-4b84-8509-0e818beb5ecd::roof-oblique::oblique:0,25.193381,186.825847,7.051609,4,0.905574,1.0,0.996218,63.062023,2.817853,0.0,10.511147,4,36.69722,73465f84-d5f5-4b84-8509-0e818beb5ecd::eave-chain::1:1,0.995133,0,0.979224,0.961473,strong,keep,False,"[""73465f84-d5f5-4b84-8509-0e818beb5ecd::eave-chain::1:0"", ""73465f84-d5f5-4b84-8509-0e818beb5ecd::eave-chain::1:1"", ""73465f84-d5f5-4b84-8509-0e818beb5ecd::eave-chain::1:10"", ""73465f84-d5f5-4b84-8509-0e818beb5ecd::eave-chain::1:2""]",36.69722,0.731128,0.148109,"[""building-part:8ccd488bb229e0c388c6"", ""building-part:a6ef26f98b2333943f64""]","[""building-part:8ccd488bb229e0c388c6"", ""building-part:a6ef26f98b2333943f64""]","[""building-part:4409cf0574c46024ad92"", ""building-part:8ccd488bb229e0c388c6"", ""building-part:a6ef26f98b2333943f64"", ""building-part:fffe886cffd10ff4f1ab""]",True,True,True
73465f84-d5f5-4b84-8509-0e818beb5ecd,1,ridge_eave_plane_group,0,73465f84-d5f5-4b84-8509-0e818beb5ecd::ridge-eave-candidate::plane-group::cd0cc70e3a75,93.098197,186.659966,10.684678,12,0.928525,0.971133,0.982662,143.417808,10.684678,6.114788,16.855366,4,36.69722,73465f84-d5f5-4b84-8509-0e818beb5ecd::eave-chain::1:10,0.993395,0,0.968376,0.962169,strong,keep,False,"[""73465f84-d5f5-4b84-8509-0e818beb5ecd::eave-chain::1:0"", ""73465f84-d5f5-4b84-8509-0e818beb5ecd::eave-chain::1:1"", ""73465f84-d5f5-4b84-8509-0e818beb5ecd::eave-chain::1:10"", ""73465f84-d5f5-4b84-8509-0e818beb5ecd::eave-chain::1:2""]",36.69722,0.567443,0.284262,"[""building-part:4409cf0574c46024ad92"", ""building-part:8ccd488bb229e0c388c6"", ""building-part:a6ef26f98b2333943f64""]","[""building-part:4409cf0574c46024ad92"", ""building-part:8ccd488bb229e0c388c6"", ""building-part:a6ef26f98b2333943f64""]","[""building-part:4409cf0574c46024ad92"", ""building-part:5a120bb600f36d7188d1"", ""building-part:63799d693baabd21e7dd"", ""building-part:8ccd488bb229e0c388c6"", ""building-part:a6ef26f98b2333943f64"", ""building-part:d80ddc50ef202d618ac2"", ""building-part:fffe886cffd10ff4f1ab""]",True,True,True
74e87bcd-3989-4d5c-8f16-f7782dc3afbd,1,candidate_oblique,0,74e87bcd-3989-4d5c-8f16-f7782dc3afbd::ceiling-oblique::ceiling-oblique:0,4.134272,182.959175,54.956624,0,0.0,0.0,,,,0.0,0.0,0,0.0,74e87bcd-3989-4d5c-8f16-f7782dc3afbd::eave-chain::1:2,0.373696,0,0.0,0.0,weak,drop_candidate,False,[],0.0,,,"[""building-part:7a6ccef250dbbe9aada2""]","[""building-part:7a6ccef250dbbe9aada2""]","[""building-part:7a6ccef250dbbe9aada2""]",False,True,True
74e87bcd-3989-4d5c-8f16-f7782dc3afbd,1,candidate_oblique,1,74e87bcd-3989-4d5c-8f16-f7782dc3afbd::ceiling-oblique::ceiling-oblique:1,29.583346,4.481213,49.403878,5,0.755847,0.710837,0.985377,1.594419,9.810546,24.921952,20.272299,5,54.653838,74e87bcd-3989-4d5c-8f16-f7782dc3afbd::eave-chain::1:6,0.955437,0,0.857109,0.841582,strong,keep,False,"[""74e87bcd-3989-4d5c-8f16-f7782dc3afbd::eave-chain::1:0"", ""74e87bcd-3989-4d5c-8f16-f7782dc3afbd::eave-chain::1:2"", ""74e87bcd-3989-4d5c-8f16-f7782dc3afbd::eave-chain::1:3"", ""74e87bcd-3989-4d5c-8f16-f7782dc3afbd::eave-chain::1:4"", ""74e87bcd-3989-4d5c-8f16-f7782dc3afbd::eave-chain::1:6""]",54.653838,0.432755,0.327109,"[""building-part:7a6ccef250dbbe9aada2""]","[""building-part:7a6ccef250dbbe9aada2""]","[""building-part:7a6ccef250dbbe9aada2""]",False,True,True
74e87bcd-3989-4d5c-8f16-f7782dc3afbd,1,committed_oblique,0,74e87bcd-3989-4d5c-8f16-f7782dc3afbd::roof-oblique::oblique:0,18.972433,182.965981,54.960435,0,0.0,0.0,,,,0.0,0.0,0,0.0,74e87bcd-3989-4d5c-8f16-f7782dc3afbd::eave-chain::1:2,0.373696,0,0.0,0.0,weak,drop_candidate,False,[],0.0,,,"[""building-part:7a6ccef250dbbe9aada2""]","[""building-part:7a6ccef250dbbe9aada2""]","[""building-part:7a6ccef250dbbe9aada2""]",False,True,True
74e87bcd-3989-4d5c-8f16-f7782dc3afbd,1,committed_oblique,1,74e87bcd-3989-4d5c-8f16-f7782dc3afbd::roof-oblique::oblique:1,72.187826,4.481813,49.403784,9,0.703247,0.762726,0.650724,90.002487,7.242378,24.921952,25.566381,5,54.653838,74e87bcd-3989-4d5c-8f16-f7782dc3afbd::eave-chain::1:6,0.976737,0,0.694829,0.763989,medium,keep,False,"[""74e87bcd-3989-4d5c-8f16-f7782dc3afbd::eave-chain::1:0"", ""74e87bcd-3989-4d5c-8f16-f7782dc3afbd::eave-chain::1:2"", ""74e87bcd-3989-4d5c-8f16-f7782dc3afbd::eave-chain::1:3"", ""74e87bcd-3989-4d5c-8f16-f7782dc3afbd::eave-chain::1:4"", ""74e87bcd-3989-4d5c-8f16-f7782dc3afbd::eave-chain::1:6""]",54.653838,0.432755,0.3271,"[""building-part:7a6ccef250dbbe9aada2""]","[""building-part:7a6ccef250dbbe9aada2""]","[""building-part:7a6ccef250dbbe9aada2""]",False,True,True
74e87bcd-3989-4d5c-8f16-f7782dc3afbd,0,ridge_eave_plane_group,0,74e87bcd-3989-4d5c-8f16-f7782dc3afbd::ridge-eave-candidate::plane-group::cdd5dab448d2,130.958786,182.959175,54.95662,1,0.030635,0.75,0.574196,177.040825,54.95662,0.0,1.735995,2,2.062413,74e87bcd-3989-4d5c-8f16-f7782dc3afbd::eave-chain::0:2,0.888616,0,0.518225,0.363893,weak,drop_candidate,False,"[""74e87bcd-3989-4d5c-8f16-f7782dc3afbd::eave-chain::0:1"", ""74e87bcd-3989-4d5c-8f16-f7782dc3afbd::eave-chain::0:2""]",2.062413,0.428819,6.996457,"[""building-part:7a6ccef250dbbe9aada2""]","[""building-part:7a6ccef250dbbe9aada2""]","[""building-part:202a62d06e953f32668b"", ""building-part:c013f2093bd64023afdb""]",False,True,True
74e87bcd-3989-4d5c-8f16-f7782dc3afbd,0,ridge_eave_plane_group,1,74e87bcd-3989-4d5c-8f16-f7782dc3afbd::ridge-eave-candidate::plane-group::eacdce4bdba3,130.394089,93.716577,41.686457,1,0.030767,0.75,0.746795,93.716577,41.686457,0.0,3.148227,2,4.716589,74e87bcd-3989-4d5c-8f16-f7782dc3afbd::eave-chain::0:3,0.868438,0,0.604551,0.469077,medium,maybe,False,"[""74e87bcd-3989-4d5c-8f16-f7782dc3afbd::eave-chain::0:0"", ""74e87bcd-3989-4d5c-8f16-f7782dc3afbd::eave-chain::0:3""]",4.716589,3.956403,7.111673,"[""building-part:7a6ccef250dbbe9aada2""]","[""building-part:7a6ccef250dbbe9aada2""]","[""building-part:202a62d06e953f32668b"", ""building-part:c013f2093bd64023afdb""]",False,True,True
74e87bcd-3989-4d5c-8f16-f7782dc3afbd,0,ridge_eave_plane_group,2,74e87bcd-3989-4d5c-8f16-f7782dc3afbd::ridge-eave-candidate::plane-group::0f5dd403c1ba,130.958784,273.725256,47.367869,1,0.030635,0.75,0.677289,86.274744,47.367869,0.0,3.148227,2,4.716589,74e87bcd-3989-4d5c-8f16-f7782dc3afbd::eave-chain::0:3,0.868206,0,0.569771,0.455123,medium,maybe,False,"[""74e87bcd-3989-4d5c-8f16-f7782dc3afbd::eave-chain::0:0"", ""74e87bcd-3989-4d5c-8f16-f7782dc3afbd::eave-chain::0:3""]",4.716589,3.956403,1.417618,"[""building-part:7a6ccef250dbbe9aada2""]","[""building-part:7a6ccef250dbbe9aada2""]","[""building-part:202a62d06e953f32668b"", ""building-part:c013f2093bd64023afdb""]",False,True,True
74e87bcd-3989-4d5c-8f16-f7782dc3afbd,0,ridge_eave_plane_group,3,74e87bcd-3989-4d5c-8f16-f7782dc3afbd::ridge-eave-candidate::plane-group::8015a0750b14,130.958683,4.481214,49.403897,1,0.030635,0.75,0.650723,4.481214,49.403897,0.0,1.735995,2,2.062413,74e87bcd-3989-4d5c-8f16-f7782dc3afbd::eave-chain::0:2,0.848028,0,0.556488,0.379198,medium,drop_candidate,False,"[""74e87bcd-3989-4d5c-8f16-f7782dc3afbd::eave-chain::0:1"", ""74e87bcd-3989-4d5c-8f16-f7782dc3afbd::eave-chain::0:2""]",2.062413,1.950857,5.977032,"[""building-part:7a6ccef250dbbe9aada2""]","[""building-part:7a6ccef250dbbe9aada2""]","[""building-part:202a62d06e953f32668b"", ""building-part:c013f2093bd64023afdb""]",False,True,True
74e87bcd-3989-4d5c-8f16-f7782dc3afbd,0,ridge_eave_plane_group,4,74e87bcd-3989-4d5c-8f16-f7782dc3afbd::ridge-eave-candidate::plane-group::b819143288aa,130.958784,184.481233,48.940063,1,0.030635,0.75,0.656848,175.518767,48.940063,0.0,1.735995,2,2.062413,74e87bcd-3989-4d5c-8f16-f7782dc3afbd::eave-chain::0:2,0.848028,0,0.559551,0.380423,medium,drop_candidate,False,"[""74e87bcd-3989-4d5c-8f16-f7782dc3afbd::eave-chain::0:1"", ""74e87bcd-3989-4d5c-8f16-f7782dc3afbd::eave-chain::0:2""]",2.062413,1.950876,0.970085,"[""building-part:7a6ccef250dbbe9aada2""]","[""building-part:7a6ccef250dbbe9aada2""]","[""building-part:202a62d06e953f32668b"", ""building-part:c013f2093bd64023afdb""]",False,True,True
777b25c6-42e6-40d3-a0a4-aaafdd23842e,1,candidate_oblique,0,777b25c6-42e6-40d3-a0a4-aaafdd23842e::ceiling-oblique::ceiling-oblique:0,17.457266,351.099019,44.147366,5,0.592882,0.843478,0.99902,1.193753,2.390506,13.227247,0.900439,3,12.781031,777b25c6-42e6-40d3-a0a4-aaafdd23842e::eave-chain::1:3,0.960328,0,0.87113,0.805653,strong,keep,False,"[""777b25c6-42e6-40d3-a0a4-aaafdd23842e::eave-chain::1:2"", ""777b25c6-42e6-40d3-a0a4-aaafdd23842e::eave-chain::1:3"", ""777b25c6-42e6-40d3-a0a4-aaafdd23842e::eave-chain::1:5""]",12.781031,1.293339,0.094443,"[""building-part:5d324b582a54db1b20a0"", ""building-part:8b381f71f14e817f2519""]","[""building-part:5d324b582a54db1b20a0"", ""building-part:8b381f71f14e817f2519""]","[""building-part:5d324b582a54db1b20a0"", ""building-part:8b381f71f14e817f2519""]",False,True,True
777b25c6-42e6-40d3-a0a4-aaafdd23842e,1,candidate_oblique,1,777b25c6-42e6-40d3-a0a4-aaafdd23842e::ceiling-oblique::ceiling-oblique:1,2.368084,173.265215,44.149819,2,0.515601,0.916667,0.995948,4.584093,2.599534,0.0,0.0,0,0.0,777b25c6-42e6-40d3-a0a4-aaafdd23842e::eave-chain::1:4,0.722809,0,0.876094,0.588763,strong,maybe,False,[],0.0,,,"[""building-part:5d324b582a54db1b20a0"", ""building-part:8b381f71f14e817f2519""]","[""building-part:5d324b582a54db1b20a0"", ""building-part:8b381f71f14e817f2519""]","[""building-part:5d324b582a54db1b20a0"", ""building-part:8b381f71f14e817f2519""]",False,True,True
777b25c6-42e6-40d3-a0a4-aaafdd23842e,1,committed_oblique,0,777b25c6-42e6-40d3-a0a4-aaafdd23842e::roof-oblique::oblique:0,18.344465,351.096978,44.143554,5,0.928743,0.843478,0.999017,1.195795,2.394318,13.227247,7.51228,3,12.781031,777b25c6-42e6-40d3-a0a4-aaafdd23842e::eave-chain::1:3,0.960388,0,0.938301,0.939996,strong,keep,False,"[""777b25c6-42e6-40d3-a0a4-aaafdd23842e::eave-chain::1:2"", ""777b25c6-42e6-40d3-a0a4-aaafdd23842e::eave-chain::1:3"", ""777b25c6-42e6-40d3-a0a4-aaafdd23842e::eave-chain::1:5""]",12.781031,1.293339,0.094426,"[""building-part:5d324b582a54db1b20a0"", ""building-part:8b381f71f14e817f2519""]","[""building-part:5d324b582a54db1b20a0"", ""building-part:8b381f71f14e817f2519""]","[""building-part:5d324b582a54db1b20a0"", ""building-part:8b381f71f14e817f2519""]",False,True,True
777b25c6-42e6-40d3-a0a4-aaafdd23842e,1,committed_oblique,1,777b25c6-42e6-40d3-a0a4-aaafdd23842e::roof-oblique::oblique:1,11.069933,173.273498,44.147606,4,0.25419,0.762681,0.995953,4.57581,2.599534,0.0,4.275292,3,8.306853,777b25c6-42e6-40d3-a0a4-aaafdd23842e::eave-chain::1:4,0.863873,0,0.777619,0.653403,strong,keep,False,"[""777b25c6-42e6-40d3-a0a4-aaafdd23842e::eave-chain::1:2"", ""777b25c6-42e6-40d3-a0a4-aaafdd23842e::eave-chain::1:4"", ""777b25c6-42e6-40d3-a0a4-aaafdd23842e::eave-chain::1:5""]",8.306853,0.248607,0.135434,"[""building-part:5d324b582a54db1b20a0"", ""building-part:8b381f71f14e817f2519""]","[""building-part:5d324b582a54db1b20a0"", ""building-part:8b381f71f14e817f2519""]","[""building-part:5d324b582a54db1b20a0"", ""building-part:8b381f71f14e817f2519""]",False,True,True
777b25c6-42e6-40d3-a0a4-aaafdd23842e,1,ridge_eave_plane_group,0,777b25c6-42e6-40d3-a0a4-aaafdd23842e::ridge-eave-candidate::plane-group::4083be9b64a2,53.667253,351.099042,44.144124,8,0.477747,0.783514,0.71759,8.900958,2.011406,13.227247,0.0,3,12.781031,777b25c6-42e6-40d3-a0a4-aaafdd23842e::eave-chain::1:3,0.953943,0,0.689399,0.69132,medium,keep,False,"[""777b25c6-42e6-40d3-a0a4-aaafdd23842e::eave-chain::1:2"", ""777b25c6-42e6-40d3-a0a4-aaafdd23842e::eave-chain::1:3"", ""777b25c6-42e6-40d3-a0a4-aaafdd23842e::eave-chain::1:5""]",12.781031,1.293362,0.112278,"[""building-part:5d324b582a54db1b20a0"", ""building-part:8b381f71f14e817f2519""]","[""building-part:5d324b582a54db1b20a0"", ""building-part:8b381f71f14e817f2519""]","[""building-part:5d324b582a54db1b20a0"", ""building-part:8b381f71f14e817f2519""]",False,True,True
777b25c6-42e6-40d3-a0a4-aaafdd23842e,1,ridge_eave_plane_group,1,777b25c6-42e6-40d3-a0a4-aaafdd23842e::ridge-eave-candidate::plane-group::34a72fd6131d,53.667253,173.260129,44.149715,8,0.477747,0.783514,0.717522,173.260129,2.011406,13.227247,0.0,3,12.781031,777b25c6-42e6-40d3-a0a4-aaafdd23842e::eave-chain::1:2,0.939186,0,0.689365,0.691306,medium,keep,False,"[""777b25c6-42e6-40d3-a0a4-aaafdd23842e::eave-chain::1:2"", ""777b25c6-42e6-40d3-a0a4-aaafdd23842e::eave-chain::1:3"", ""777b25c6-42e6-40d3-a0a4-aaafdd23842e::eave-chain::1:5""]",12.781031,1.331938,2.254513,"[""building-part:5d324b582a54db1b20a0"", ""building-part:8b381f71f14e817f2519""]","[""building-part:5d324b582a54db1b20a0"", ""building-part:8b381f71f14e817f2519""]","[""building-part:5d324b582a54db1b20a0"", ""building-part:8b381f71f14e817f2519""]",False,True,True
795ceae3-b6ef-42bc-bd48-9b69f06e9de6,0,candidate_oblique,0,795ceae3-b6ef-42bc-bd48-9b69f06e9de6::ceiling-oblique::ceiling-oblique:0,6.208134,306.948428,26.466716,2,0.965907,1.0,0.999999,0.057673,0.052529,9.086442,7.231686,6,48.619393,795ceae3-b6ef-42bc-bd48-9b69f06e9de6::eave-chain::0:2,0.992426,0,0.993181,0.986362,strong,keep,False,"[""795ceae3-b6ef-42bc-bd48-9b69f06e9de6::eave-chain::0:1"", ""795ceae3-b6ef-42bc-bd48-9b69f06e9de6::eave-chain::0:14"", ""795ceae3-b6ef-42bc-bd48-9b69f06e9de6::eave-chain::0:2"", ""795ceae3-b6ef-42bc-bd48-9b69f06e9de6::eave-chain::0:4"", ""795ceae3-b6ef-42bc-bd48-9b69f06e9de6::eave-chain::0:6"", ""795ceae3-b6ef-42bc-bd48-9b69f06e9de6::eave-chain::0:9""]",48.619393,0.250674,0.373664,"[""building-part:81101cff1a242dc378d0""]","[""building-part:81101cff1a242dc378d0""]","[""building-part:81101cff1a242dc378d0""]",True,False,False
795ceae3-b6ef-42bc-bd48-9b69f06e9de6,0,committed_oblique,0,795ceae3-b6ef-42bc-bd48-9b69f06e9de6::roof-oblique::oblique:0,8.579702,306.944621,26.458619,4,0.952096,1.0,0.947628,26.583267,13.259495,9.086442,9.887669,6,48.619393,795ceae3-b6ef-42bc-bd48-9b69f06e9de6::eave-chain::0:2,0.99239,0,0.964233,0.970364,strong,keep,False,"[""795ceae3-b6ef-42bc-bd48-9b69f06e9de6::eave-chain::0:1"", ""795ceae3-b6ef-42bc-bd48-9b69f06e9de6::eave-chain::0:14"", ""795ceae3-b6ef-42bc-bd48-9b69f06e9de6::eave-chain::0:2"", ""795ceae3-b6ef-42bc-bd48-9b69f06e9de6::eave-chain::0:4"", ""795ceae3-b6ef-42bc-bd48-9b69f06e9de6::eave-chain::0:6"", ""795ceae3-b6ef-42bc-bd48-9b69f06e9de6::eave-chain::0:9""]",48.619393,0.250674,0.37338,"[""building-part:81101cff1a242dc378d0""]","[""building-part:81101cff1a242dc378d0""]","[""building-part:81101cff1a242dc378d0""]",True,False,False
795ceae3-b6ef-42bc-bd48-9b69f06e9de6,0,ridge_eave_plane_group,0,795ceae3-b6ef-42bc-bd48-9b69f06e9de6::ridge-eave-candidate::plane-group::768a65d9215d,138.906854,306.948428,26.466716,12,0.958783,1.0,0.895193,90.0,26.466716,9.086442,38.483424,6,48.619393,795ceae3-b6ef-42bc-bd48-9b69f06e9de6::eave-chain::0:2,0.992429,0,0.939353,0.962552,strong,keep,False,"[""795ceae3-b6ef-42bc-bd48-9b69f06e9de6::eave-chain::0:1"", ""795ceae3-b6ef-42bc-bd48-9b69f06e9de6::eave-chain::0:14"", ""795ceae3-b6ef-42bc-bd48-9b69f06e9de6::eave-chain::0:2"", ""795ceae3-b6ef-42bc-bd48-9b69f06e9de6::eave-chain::0:4"", ""795ceae3-b6ef-42bc-bd48-9b69f06e9de6::eave-chain::0:6"", ""795ceae3-b6ef-42bc-bd48-9b69f06e9de6::eave-chain::0:9""]",48.619393,0.250674,0.373674,"[""building-part:81101cff1a242dc378d0""]","[""building-part:81101cff1a242dc378d0""]","[""building-part:57b505c1d1aedddeda0e"", ""building-part:81101cff1a242dc378d0"", ""building-part:b6e7c50e151d64206890""]",True,True,True
7cabc39b-6328-4a6e-9491-822fa6b3c3fb,0,candidate_oblique,0,7cabc39b-6328-4a6e-9491-822fa6b3c3fb::ceiling-oblique::ceiling-oblique:0,36.785517,119.580285,16.197403,4,0.860939,0.954545,0.999998,0.00024,0.116713,3.128206,8.405571,6,45.45511,7cabc39b-6328-4a6e-9491-822fa6b3c3fb::eave-chain::0:0,0.995953,0,0.95855,0.935284,strong,keep,False,"[""7cabc39b-6328-4a6e-9491-822fa6b3c3fb::eave-chain::0:0"", ""7cabc39b-6328-4a6e-9491-822fa6b3c3fb::eave-chain::0:1"", ""7cabc39b-6328-4a6e-9491-822fa6b3c3fb::eave-chain::0:11"", ""7cabc39b-6328-4a6e-9491-822fa6b3c3fb::eave-chain::0:2"", ""7cabc39b-6328-4a6e-9491-822fa6b3c3fb::eave-chain::0:6"", ""7cabc39b-6328-4a6e-9491-822fa6b3c3fb::eave-chain::0:9""]",45.45511,0.001455,1.567395,"[""building-part:84705a43d1a765db0a76"", ""building-part:e170f3168f930f5bffee"", ""building-part:e52a825db09f0ad02baf""]","[""building-part:84705a43d1a765db0a76"", ""building-part:e170f3168f930f5bffee"", ""building-part:e52a825db09f0ad02baf""]","[""building-part:84705a43d1a765db0a76"", ""building-part:e170f3168f930f5bffee"", ""building-part:e52a825db09f0ad02baf""]",True,True,True
7cabc39b-6328-4a6e-9491-822fa6b3c3fb,0,candidate_oblique,1,7cabc39b-6328-4a6e-9491-822fa6b3c3fb::ceiling-oblique::ceiling-oblique:1,47.849055,299.580286,11.317111,2,0.989309,1.0,0.999995,0.00023,0.185149,3.107381,10.497624,5,42.326767,7cabc39b-6328-4a6e-9491-822fa6b3c3fb::eave-chain::0:2,0.867159,0,0.997859,0.995723,strong,keep,False,"[""7cabc39b-6328-4a6e-9491-822fa6b3c3fb::eave-chain::0:1"", ""7cabc39b-6328-4a6e-9491-822fa6b3c3fb::eave-chain::0:11"", ""7cabc39b-6328-4a6e-9491-822fa6b3c3fb::eave-chain::0:2"", ""7cabc39b-6328-4a6e-9491-822fa6b3c3fb::eave-chain::0:6"", ""7cabc39b-6328-4a6e-9491-822fa6b3c3fb::eave-chain::0:9""]",42.326767,0.002486,0.520062,"[""building-part:e170f3168f930f5bffee"", ""building-part:e52a825db09f0ad02baf""]","[""building-part:e170f3168f930f5bffee"", ""building-part:e52a825db09f0ad02baf""]","[""building-part:e170f3168f930f5bffee"", ""building-part:e52a825db09f0ad02baf""]",True,True,True
7cabc39b-6328-4a6e-9491-822fa6b3c3fb,0,candidate_oblique,2,7cabc39b-6328-4a6e-9491-822fa6b3c3fb::ceiling-oblique::ceiling-oblique:2,29.320869,209.580296,11.427704,1,0.999993,1.0,1.0,7e-05,9.1e-05,0.0,17.044055,2,19.337231,7cabc39b-6328-4a6e-9491-822fa6b3c3fb::eave-chain::0:4,0.999984,0,0.999999,0.999997,strong,keep,False,"[""7cabc39b-6328-4a6e-9491-822fa6b3c3fb::eave-chain::0:3"", ""7cabc39b-6328-4a6e-9491-822fa6b3c3fb::eave-chain::0:4""]",19.337231,0.749628,0.021194,"[""building-part:3f6180a03c824a9cd5b8"", ""building-part:e170f3168f930f5bffee""]","[""building-part:3f6180a03c824a9cd5b8"", ""building-part:e170f3168f930f5bffee""]","[""building-part:3f6180a03c824a9cd5b8"", ""building-part:e170f3168f930f5bffee""]",False,True,False
7cabc39b-6328-4a6e-9491-822fa6b3c3fb,0,candidate_oblique,3,7cabc39b-6328-4a6e-9491-822fa6b3c3fb::ceiling-oblique::ceiling-oblique:3,22.402144,29.580289,14.370056,4,0.977114,0.75,0.999718,0.000747,1.330406,0.0,19.128939,3,26.417561,7cabc39b-6328-4a6e-9491-822fa6b3c3fb::eave-chain::0:7,0.994358,0,0.920282,0.940789,strong,keep,False,"[""7cabc39b-6328-4a6e-9491-822fa6b3c3fb::eave-chain::0:3"", ""7cabc39b-6328-4a6e-9491-822fa6b3c3fb::eave-chain::0:5"", ""7cabc39b-6328-4a6e-9491-822fa6b3c3fb::eave-chain::0:7""]",26.417561,0.33094,0.02592,"[""building-part:3f6180a03c824a9cd5b8"", ""building-part:76eb5cad19eb51a48f31"", ""building-part:e170f3168f930f5bffee""]","[""building-part:3f6180a03c824a9cd5b8"", ""building-part:76eb5cad19eb51a48f31"", ""building-part:e170f3168f930f5bffee""]","[""building-part:3f6180a03c824a9cd5b8"", ""building-part:76eb5cad19eb51a48f31"", ""building-part:e170f3168f930f5bffee""]",False,True,False
7cabc39b-6328-4a6e-9491-822fa6b3c3fb,0,committed_oblique,0,7cabc39b-6328-4a6e-9491-822fa6b3c3fb::roof-oblique::oblique:0,55.298611,119.583177,16.187602,5,0.911409,0.963636,0.999997,0.002884,0.138414,3.128206,14.129016,6,45.45511,7cabc39b-6328-4a6e-9491-822fa6b3c3fb::eave-chain::0:1,0.996946,0,0.971371,0.95729,strong,keep,False,"[""7cabc39b-6328-4a6e-9491-822fa6b3c3fb::eave-chain::0:0"", ""7cabc39b-6328-4a6e-9491-822fa6b3c3fb::eave-chain::0:1"", ""7cabc39b-6328-4a6e-9491-822fa6b3c3fb::eave-chain::0:11"", ""7cabc39b-6328-4a6e-9491-822fa6b3c3fb::eave-chain::0:2"", ""7cabc39b-6328-4a6e-9491-822fa6b3c3fb::eave-chain::0:6"", ""7cabc39b-6328-4a6e-9491-822fa6b3c3fb::eave-chain::0:9""]",45.45511,0.001455,1.566775,"[""building-part:84705a43d1a765db0a76"", ""building-part:e52a825db09f0ad02baf""]","[""building-part:84705a43d1a765db0a76"", ""building-part:e52a825db09f0ad02baf""]","[""building-part:84705a43d1a765db0a76"", ""building-part:e170f3168f930f5bffee"", ""building-part:e52a825db09f0ad02baf""]",True,True,True
7cabc39b-6328-4a6e-9491-822fa6b3c3fb,0,committed_oblique,1,7cabc39b-6328-4a6e-9491-822fa6b3c3fb::roof-oblique::oblique:1,68.54028,299.585873,11.315852,8,0.913656,1.0,0.98056,90.000039,7.99544,3.107381,27.722597,5,42.326767,7cabc39b-6328-4a6e-9491-822fa6b3c3fb::eave-chain::0:2,0.888567,0,0.973011,0.961574,strong,keep,False,"[""7cabc39b-6328-4a6e-9491-822fa6b3c3fb::eave-chain::0:1"", ""7cabc39b-6328-4a6e-9491-822fa6b3c3fb::eave-chain::0:11"", ""7cabc39b-6328-4a6e-9491-822fa6b3c3fb::eave-chain::0:2"", ""7cabc39b-6328-4a6e-9491-822fa6b3c3fb::eave-chain::0:6"", ""7cabc39b-6328-4a6e-9491-822fa6b3c3fb::eave-chain::0:9""]",42.326767,0.002486,0.519972,"[""building-part:3f6180a03c824a9cd5b8"", ""building-part:e170f3168f930f5bffee"", ""building-part:e52a825db09f0ad02baf""]","[""building-part:3f6180a03c824a9cd5b8"", ""building-part:e170f3168f930f5bffee"", ""building-part:e52a825db09f0ad02baf""]","[""building-part:3f6180a03c824a9cd5b8"", ""building-part:76eb5cad19eb51a48f31"", ""building-part:84705a43d1a765db0a76"", ""building-part:e170f3168f930f5bffee"", ""building-part:e52a825db09f0ad02baf""]",True,True,True
7cabc39b-6328-4a6e-9491-822fa6b3c3fb,0,committed_oblique,2,7cabc39b-6328-4a6e-9491-822fa6b3c3fb::roof-oblique::oblique:2,16.251534,209.581232,11.426914,1,1.0,1.0,1.0,0.001006,0.000699,0.0,17.044055,2,19.337231,7cabc39b-6328-4a6e-9491-822fa6b3c3fb::eave-chain::0:4,0.887866,0,1.0,1.0,strong,keep,False,"[""7cabc39b-6328-4a6e-9491-822fa6b3c3fb::eave-chain::0:3"", ""7cabc39b-6328-4a6e-9491-822fa6b3c3fb::eave-chain::0:4""]",19.337231,0.749628,0.021344,"[""building-part:3f6180a03c824a9cd5b8""]","[""building-part:3f6180a03c824a9cd5b8""]","[""building-part:3f6180a03c824a9cd5b8""]",False,True,False
7cabc39b-6328-4a6e-9491-822fa6b3c3fb,0,committed_oblique,3,7cabc39b-6328-4a6e-9491-822fa6b3c3fb::roof-oblique::oblique:3,48.571796,29.573315,14.369619,8,0.929644,0.875,0.968715,90.0,8.655813,0.0,23.957978,5,39.156638,7cabc39b-6328-4a6e-9491-822fa6b3c3fb::eave-chain::0:7,0.994364,0,0.932786,0.9406,strong,keep,False,"[""7cabc39b-6328-4a6e-9491-822fa6b3c3fb::eave-chain::0:10"", ""7cabc39b-6328-4a6e-9491-822fa6b3c3fb::eave-chain::0:3"", ""7cabc39b-6328-4a6e-9491-822fa6b3c3fb::eave-chain::0:5"", ""7cabc39b-6328-4a6e-9491-822fa6b3c3fb::eave-chain::0:7"", ""7cabc39b-6328-4a6e-9491-822fa6b3c3fb::eave-chain::0:8""]",39.156638,0.083386,0.101316,"[""building-part:3f6180a03c824a9cd5b8"", ""building-part:76eb5cad19eb51a48f31"", ""building-part:e170f3168f930f5bffee""]","[""building-part:3f6180a03c824a9cd5b8"", ""building-part:76eb5cad19eb51a48f31"", ""building-part:e170f3168f930f5bffee""]","[""building-part:3f6180a03c824a9cd5b8"", ""building-part:76eb5cad19eb51a48f31"", ""building-part:84705a43d1a765db0a76"", ""building-part:e170f3168f930f5bffee""]",False,True,False
7cabc39b-6328-4a6e-9491-822fa6b3c3fb,0,ridge_eave_plane_group,0,7cabc39b-6328-4a6e-9491-822fa6b3c3fb::ridge-eave-candidate::plane-group::3d582d615df6,180.472756,119.580285,16.197403,14,0.930648,0.915584,0.960306,75.209828,3.781379,6.235587,26.428413,6,45.45511,7cabc39b-6328-4a6e-9491-822fa6b3c3fb::eave-chain::0:1,0.996794,0,0.940958,0.947437,strong,keep,False,"[""7cabc39b-6328-4a6e-9491-822fa6b3c3fb::eave-chain::0:0"", ""7cabc39b-6328-4a6e-9491-822fa6b3c3fb::eave-chain::0:1"", ""7cabc39b-6328-4a6e-9491-822fa6b3c3fb::eave-chain::0:11"", ""7cabc39b-6328-4a6e-9491-822fa6b3c3fb::eave-chain::0:2"", ""7cabc39b-6328-4a6e-9491-822fa6b3c3fb::eave-chain::0:6"", ""7cabc39b-6328-4a6e-9491-822fa6b3c3fb::eave-chain::0:9""]",45.45511,0.001455,1.567147,"[""building-part:84705a43d1a765db0a76"", ""building-part:e52a825db09f0ad02baf""]","[""building-part:84705a43d1a765db0a76"", ""building-part:e52a825db09f0ad02baf""]","[""building-part:84705a43d1a765db0a76"", ""building-part:e170f3168f930f5bffee"", ""building-part:e52a825db09f0ad02baf""]",True,True,True
7cabc39b-6328-4a6e-9491-822fa6b3c3fb,0,ridge_eave_plane_group,1,7cabc39b-6328-4a6e-9491-822fa6b3c3fb::ridge-eave-candidate::plane-group::1e77b7f46712,180.472756,299.580286,11.317111,14,0.930648,0.915584,0.957628,104.790173,4.763579,6.235587,26.428413,6,45.45511,7cabc39b-6328-4a6e-9491-822fa6b3c3fb::eave-chain::0:2,0.970736,0,0.939619,0.946902,strong,keep,False,"[""7cabc39b-6328-4a6e-9491-822fa6b3c3fb::eave-chain::0:0"", ""7cabc39b-6328-4a6e-9491-822fa6b3c3fb::eave-chain::0:1"", ""7cabc39b-6328-4a6e-9491-822fa6b3c3fb::eave-chain::0:11"", ""7cabc39b-6328-4a6e-9491-822fa6b3c3fb::eave-chain::0:2"", ""7cabc39b-6328-4a6e-9491-822fa6b3c3fb::eave-chain::0:6"", ""7cabc39b-6328-4a6e-9491-822fa6b3c3fb::eave-chain::0:9""]",45.45511,0.001455,0.544108,"[""building-part:e52a825db09f0ad02baf""]","[""building-part:e52a825db09f0ad02baf""]","[""building-part:84705a43d1a765db0a76"", ""building-part:e170f3168f930f5bffee"", ""building-part:e52a825db09f0ad02baf""]",True,True,True
7cabc39b-6328-4a6e-9491-822fa6b3c3fb,0,ridge_eave_plane_group,2,7cabc39b-6328-4a6e-9491-822fa6b3c3fb::ridge-eave-candidate::plane-group::d0389961f5d7,180.472756,209.580296,11.427704,14,0.930648,0.915584,0.951232,89.999844,4.652987,0.0,25.250562,6,45.671812,7cabc39b-6328-4a6e-9491-822fa6b3c3fb::eave-chain::0:4,0.999984,0,0.936421,0.945623,strong,keep,False,"[""7cabc39b-6328-4a6e-9491-822fa6b3c3fb::eave-chain::0:10"", ""7cabc39b-6328-4a6e-9491-822fa6b3c3fb::eave-chain::0:3"", ""7cabc39b-6328-4a6e-9491-822fa6b3c3fb::eave-chain::0:4"", ""7cabc39b-6328-4a6e-9491-822fa6b3c3fb::eave-chain::0:5"", ""7cabc39b-6328-4a6e-9491-822fa6b3c3fb::eave-chain::0:7"", ""7cabc39b-6328-4a6e-9491-822fa6b3c3fb::eave-chain::0:8""]",45.671812,0.042301,1.010264,"[""building-part:3f6180a03c824a9cd5b8""]","[""building-part:3f6180a03c824a9cd5b8""]","[""building-part:3f6180a03c824a9cd5b8"", ""building-part:76eb5cad19eb51a48f31"", ""building-part:e170f3168f930f5bffee"", ""building-part:e52a825db09f0ad02baf""]",False,True,True
7cabc39b-6328-4a6e-9491-822fa6b3c3fb,0,ridge_eave_plane_group,3,7cabc39b-6328-4a6e-9491-822fa6b3c3fb::ridge-eave-candidate::plane-group::a9c86911722e,180.472756,29.580289,14.37017,14,0.930648,0.915584,0.9596,90.000156,2.47642,0.0,25.250562,6,45.671812,7cabc39b-6328-4a6e-9491-822fa6b3c3fb::eave-chain::0:7,0.995698,0,0.940605,0.947296,strong,keep,False,"[""7cabc39b-6328-4a6e-9491-822fa6b3c3fb::eave-chain::0:10"", ""7cabc39b-6328-4a6e-9491-822fa6b3c3fb::eave-chain::0:3"", ""7cabc39b-6328-4a6e-9491-822fa6b3c3fb::eave-chain::0:4"", ""7cabc39b-6328-4a6e-9491-822fa6b3c3fb::eave-chain::0:5"", ""7cabc39b-6328-4a6e-9491-822fa6b3c3fb::eave-chain::0:7"", ""7cabc39b-6328-4a6e-9491-822fa6b3c3fb::eave-chain::0:8""]",45.671812,0.042301,0.312136,"[""building-part:3f6180a03c824a9cd5b8"", ""building-part:76eb5cad19eb51a48f31""]","[""building-part:3f6180a03c824a9cd5b8"", ""building-part:76eb5cad19eb51a48f31""]","[""building-part:3f6180a03c824a9cd5b8"", ""building-part:76eb5cad19eb51a48f31"", ""building-part:e170f3168f930f5bffee"", ""building-part:e52a825db09f0ad02baf""]",False,True,True
7dbc53a6-17e8-4806-83de-42286b95726c,2,candidate_oblique,0,7dbc53a6-17e8-4806-83de-42286b95726c::ceiling-oblique::ceiling-oblique:0,45.481571,302.456366,38.278674,3,0.33861,0.822304,0.785007,122.456366,38.278674,0.0,2.27861,1,2.27861,7dbc53a6-17e8-4806-83de-42286b95726c::eave-chain::2:5,0.860353,0,0.706917,0.570837,medium,maybe,False,"[""7dbc53a6-17e8-4806-83de-42286b95726c::eave-chain::2:5""]",2.27861,0.075429,1.524497,"[""building-part:4e6334d15844c58e2a14"", ""building-part:e4e921fd76a45b33fe0b"", ""building-part:f2cc7741b4ee0739d65d""]","[""building-part:4e6334d15844c58e2a14"", ""building-part:e4e921fd76a45b33fe0b"", ""building-part:f2cc7741b4ee0739d65d""]","[""building-part:4e6334d15844c58e2a14"", ""building-part:e4e921fd76a45b33fe0b"", ""building-part:f2cc7741b4ee0739d65d""]",True,True,True
7dbc53a6-17e8-4806-83de-42286b95726c,2,candidate_oblique,1,7dbc53a6-17e8-4806-83de-42286b95726c::ceiling-oblique::ceiling-oblique:1,27.561827,122.13811,43.470497,5,0.354165,0.466912,0.995681,0.356302,4.408974,0.0,5.777001,1,5.777001,7dbc53a6-17e8-4806-83de-42286b95726c::eave-chain::2:7,0.898764,0,0.708747,0.634185,medium,maybe,False,"[""7dbc53a6-17e8-4806-83de-42286b95726c::eave-chain::2:7""]",5.777001,1.763976,0.017788,"[""building-part:4e6334d15844c58e2a14"", ""building-part:e4e921fd76a45b33fe0b""]","[""building-part:4e6334d15844c58e2a14"", ""building-part:e4e921fd76a45b33fe0b""]","[""building-part:4e6334d15844c58e2a14"", ""building-part:e4e921fd76a45b33fe0b""]",True,True,True
7dbc53a6-17e8-4806-83de-42286b95726c,2,committed_oblique,0,7dbc53a6-17e8-4806-83de-42286b95726c::roof-oblique::oblique:0,63.925946,302.457343,38.280461,3,0.407183,0.803922,0.784988,122.457343,38.280461,0.0,0.0,5,18.441336,7dbc53a6-17e8-4806-83de-42286b95726c::eave-chain::2:2,0.986059,0,0.715107,0.480655,medium,maybe,False,"[""7dbc53a6-17e8-4806-83de-42286b95726c::eave-chain::2:0"", ""7dbc53a6-17e8-4806-83de-42286b95726c::eave-chain::2:1"", ""7dbc53a6-17e8-4806-83de-42286b95726c::eave-chain::2:2"", ""7dbc53a6-17e8-4806-83de-42286b95726c::eave-chain::2:3"", ""7dbc53a6-17e8-4806-83de-42286b95726c::eave-chain::2:5""]",18.441336,0.0763,1.513607,"[""building-part:e4e921fd76a45b33fe0b"", ""building-part:f2cc7741b4ee0739d65d""]","[""building-part:e4e921fd76a45b33fe0b"", ""building-part:f2cc7741b4ee0739d65d""]","[""building-part:4e6334d15844c58e2a14"", ""building-part:e4e921fd76a45b33fe0b"", ""building-part:f2cc7741b4ee0739d65d""]",False,True,True
7dbc53a6-17e8-4806-83de-42286b95726c,2,committed_oblique,1,7dbc53a6-17e8-4806-83de-42286b95726c::roof-oblique::oblique:1,53.179305,122.138067,43.470752,8,0.217777,0.59329,0.993261,0.643034,6.636984,0.0,13.103639,6,26.586019,7dbc53a6-17e8-4806-83de-42286b95726c::eave-chain::2:0,0.946875,0,0.718173,0.604421,medium,maybe,False,"[""7dbc53a6-17e8-4806-83de-42286b95726c::eave-chain::2:0"", ""7dbc53a6-17e8-4806-83de-42286b95726c::eave-chain::2:1"", ""7dbc53a6-17e8-4806-83de-42286b95726c::eave-chain::2:2"", ""7dbc53a6-17e8-4806-83de-42286b95726c::eave-chain::2:3"", ""7dbc53a6-17e8-4806-83de-42286b95726c::eave-chain::2:6"", ""7dbc53a6-17e8-4806-83de-42286b95726c::eave-chain::2:7""]",26.586019,0.241956,0.467392,"[""building-part:e4e921fd76a45b33fe0b""]","[""building-part:e4e921fd76a45b33fe0b""]","[""building-part:4e6334d15844c58e2a14"", ""building-part:e4e921fd76a45b33fe0b"", ""building-part:f2cc7741b4ee0739d65d""]",False,True,True
7dbc53a6-17e8-4806-83de-42286b95726c,1,ridge_eave_plane_group,0,7dbc53a6-17e8-4806-83de-42286b95726c::ridge-eave-candidate::plane-group::c217f0154fa8,151.678125,302.380105,40.972868,6,0.578116,1.0,0.75502,122.380105,40.972868,19.930481,23.423475,5,35.882169,7dbc53a6-17e8-4806-83de-42286b95726c::eave-chain::1:5,0.992269,0,0.793133,0.782251,strong,keep,False,"[""7dbc53a6-17e8-4806-83de-42286b95726c::eave-chain::1:1"", ""7dbc53a6-17e8-4806-83de-42286b95726c::eave-chain::1:3"", ""7dbc53a6-17e8-4806-83de-42286b95726c::eave-chain::1:5"", ""7dbc53a6-17e8-4806-83de-42286b95726c::eave-chain::1:6"", ""7dbc53a6-17e8-4806-83de-42286b95726c::eave-chain::1:8""]",35.882169,0.226542,5.028664,"[""building-part:e4e921fd76a45b33fe0b""]","[""building-part:e4e921fd76a45b33fe0b""]","[""building-part:4e6334d15844c58e2a14"", ""building-part:4fc0c18bbacf384841f4""]",False,True,True
7dbc53a6-17e8-4806-83de-42286b95726c,1,ridge_eave_plane_group,1,7dbc53a6-17e8-4806-83de-42286b95726c::ridge-eave-candidate::plane-group::90a3ab3f1cc9,151.678152,121.879519,46.790283,6,0.578116,1.0,0.684671,58.120481,46.790283,19.930481,23.423475,5,35.882169,7dbc53a6-17e8-4806-83de-42286b95726c::eave-chain::1:5,0.88512,0,0.757959,0.768181,strong,keep,False,"[""7dbc53a6-17e8-4806-83de-42286b95726c::eave-chain::1:1"", ""7dbc53a6-17e8-4806-83de-42286b95726c::eave-chain::1:3"", ""7dbc53a6-17e8-4806-83de-42286b95726c::eave-chain::1:5"", ""7dbc53a6-17e8-4806-83de-42286b95726c::eave-chain::1:6"", ""7dbc53a6-17e8-4806-83de-42286b95726c::eave-chain::1:8""]",35.882169,0.727128,3.135452,"[""building-part:4e6334d15844c58e2a14"", ""building-part:651acbab85f1c8b031e2"", ""building-part:e4e921fd76a45b33fe0b""]","[""building-part:4e6334d15844c58e2a14"", ""building-part:651acbab85f1c8b031e2"", ""building-part:e4e921fd76a45b33fe0b""]","[""building-part:4e6334d15844c58e2a14"", ""building-part:4fc0c18bbacf384841f4""]",True,True,True
7dbc53a6-17e8-4806-83de-42286b95726c,1,ridge_eave_plane_group,2,7dbc53a6-17e8-4806-83de-42286b95726c::ridge-eave-candidate::plane-group::8e2d81b284a6,151.678125,122.494506,26.723204,6,0.578116,1.0,0.893189,57.505494,26.723204,19.930481,23.423475,5,35.882169,7dbc53a6-17e8-4806-83de-42286b95726c::eave-chain::1:3,0.898481,0,0.862218,0.809884,strong,keep,False,"[""7dbc53a6-17e8-4806-83de-42286b95726c::eave-chain::1:1"", ""7dbc53a6-17e8-4806-83de-42286b95726c::eave-chain::1:3"", ""7dbc53a6-17e8-4806-83de-42286b95726c::eave-chain::1:5"", ""7dbc53a6-17e8-4806-83de-42286b95726c::eave-chain::1:6"", ""7dbc53a6-17e8-4806-83de-42286b95726c::eave-chain::1:8""]",35.882169,0.112141,2.059802,"[""building-part:4e6334d15844c58e2a14""]","[""building-part:4e6334d15844c58e2a14""]","[""building-part:4e6334d15844c58e2a14"", ""building-part:4fc0c18bbacf384841f4""]",True,True,True
7dbc53a6-17e8-4806-83de-42286b95726c,1,ridge_eave_plane_group,3,7dbc53a6-17e8-4806-83de-42286b95726c::ridge-eave-candidate::plane-group::ccf62348d80f,151.547887,302.494506,26.756494,6,0.577754,1.0,0.892928,122.494506,26.756494,19.930481,23.423475,5,35.882169,7dbc53a6-17e8-4806-83de-42286b95726c::eave-chain::1:3,0.898481,0,0.862015,0.809687,strong,keep,False,"[""7dbc53a6-17e8-4806-83de-42286b95726c::eave-chain::1:1"", ""7dbc53a6-17e8-4806-83de-42286b95726c::eave-chain::1:3"", ""7dbc53a6-17e8-4806-83de-42286b95726c::eave-chain::1:5"", ""7dbc53a6-17e8-4806-83de-42286b95726c::eave-chain::1:6"", ""7dbc53a6-17e8-4806-83de-42286b95726c::eave-chain::1:8""]",35.882169,0.112141,3.509253,"[""building-part:4e6334d15844c58e2a14""]","[""building-part:4e6334d15844c58e2a14""]","[""building-part:4e6334d15844c58e2a14"", ""building-part:4fc0c18bbacf384841f4""]",True,True,True
7dbc53a6-17e8-4806-83de-42286b95726c,1,ridge_eave_plane_group,4,7dbc53a6-17e8-4806-83de-42286b95726c::ridge-eave-candidate::plane-group::8259480a3820,151.678125,301.846052,50.202604,6,0.578116,1.0,0.640075,121.846052,50.202604,19.930481,23.423475,5,35.882169,7dbc53a6-17e8-4806-83de-42286b95726c::eave-chain::1:5,0.917872,0,0.735661,0.759262,medium,keep,False,"[""7dbc53a6-17e8-4806-83de-42286b95726c::eave-chain::1:1"", ""7dbc53a6-17e8-4806-83de-42286b95726c::eave-chain::1:3"", ""7dbc53a6-17e8-4806-83de-42286b95726c::eave-chain::1:5"", ""7dbc53a6-17e8-4806-83de-42286b95726c::eave-chain::1:6"", ""7dbc53a6-17e8-4806-83de-42286b95726c::eave-chain::1:8""]",35.882169,0.760595,6.7099,"[""building-part:4e6334d15844c58e2a14"", ""building-part:651acbab85f1c8b031e2""]","[""building-part:4e6334d15844c58e2a14"", ""building-part:651acbab85f1c8b031e2""]","[""building-part:4e6334d15844c58e2a14"", ""building-part:4fc0c18bbacf384841f4""]",True,True,True
7dbc53a6-17e8-4806-83de-42286b95726c,1,ridge_eave_plane_group,5,7dbc53a6-17e8-4806-83de-42286b95726c::ridge-eave-candidate::plane-group::bbb39ae71e8c,151.678125,122.494502,31.808389,6,0.578116,1.0,0.849816,57.505498,31.808389,19.930481,23.423475,5,35.882169,7dbc53a6-17e8-4806-83de-42286b95726c::eave-chain::1:3,0.898481,0,0.840531,0.80121,strong,keep,False,"[""7dbc53a6-17e8-4806-83de-42286b95726c::eave-chain::1:1"", ""7dbc53a6-17e8-4806-83de-42286b95726c::eave-chain::1:3"", ""7dbc53a6-17e8-4806-83de-42286b95726c::eave-chain::1:5"", ""7dbc53a6-17e8-4806-83de-42286b95726c::eave-chain::1:6"", ""7dbc53a6-17e8-4806-83de-42286b95726c::eave-chain::1:8""]",35.882169,0.112145,2.466174,"[""building-part:4e6334d15844c58e2a14""]","[""building-part:4e6334d15844c58e2a14""]","[""building-part:4e6334d15844c58e2a14"", ""building-part:4fc0c18bbacf384841f4""]",True,True,True
7dbc53a6-17e8-4806-83de-42286b95726c,3,ridge_eave_plane_group,6,7dbc53a6-17e8-4806-83de-42286b95726c::ridge-eave-candidate::plane-group::0aaeae27e08a,17.096762,120.826949,68.693848,0,0.0,0.0,,,,0.0,0.0,0,0.0,,,0,0.0,0.0,weak,drop_candidate,False,[],0.0,,,"[""building-part:4e6334d15844c58e2a14""]","[""building-part:4e6334d15844c58e2a14""]","[""building-part:651acbab85f1c8b031e2""]",True,True,True
7dbc53a6-17e8-4806-83de-42286b95726c,1,ridge_eave_plane_group,7,7dbc53a6-17e8-4806-83de-42286b95726c::ridge-eave-candidate::plane-group::a9694ac55267,151.547887,120.826949,68.693848,6,0.577754,1.0,0.363351,59.173051,68.693848,19.930481,23.423475,5,35.882169,7dbc53a6-17e8-4806-83de-42286b95726c::eave-chain::1:5,0.857051,0,0.597226,0.703772,medium,keep,False,"[""7dbc53a6-17e8-4806-83de-42286b95726c::eave-chain::1:1"", ""7dbc53a6-17e8-4806-83de-42286b95726c::eave-chain::1:3"", ""7dbc53a6-17e8-4806-83de-42286b95726c::eave-chain::1:5"", ""7dbc53a6-17e8-4806-83de-42286b95726c::eave-chain::1:6"", ""7dbc53a6-17e8-4806-83de-42286b95726c::eave-chain::1:8""]",35.882169,1.779698,4.249328,"[""building-part:4e6334d15844c58e2a14""]","[""building-part:4e6334d15844c58e2a14""]","[""building-part:4e6334d15844c58e2a14"", ""building-part:4fc0c18bbacf384841f4""]",True,True,True
7e330c34-f1bb-4f5f-b651-73b5333e0cc4,1,candidate_oblique,0,7e330c34-f1bb-4f5f-b651-73b5333e0cc4::ceiling-oblique::ceiling-oblique:0,29.384552,14.061218,40.985763,9,0.535151,0.400729,0.999393,0.712065,1.587951,11.18624,8.689159,6,13.759531,7e330c34-f1bb-4f5f-b651-73b5333e0cc4::eave-chain::1:1,0.98937,0,0.726945,0.694085,medium,keep,False,"[""7e330c34-f1bb-4f5f-b651-73b5333e0cc4::eave-chain::1:1"", ""7e330c34-f1bb-4f5f-b651-73b5333e0cc4::eave-chain::1:2"", ""7e330c34-f1bb-4f5f-b651-73b5333e0cc4::eave-chain::1:3"", ""7e330c34-f1bb-4f5f-b651-73b5333e0cc4::eave-chain::1:4"", ""7e330c34-f1bb-4f5f-b651-73b5333e0cc4::eave-chain::1:6"", ""7e330c34-f1bb-4f5f-b651-73b5333e0cc4::eave-chain::1:7""]",13.759531,0.484254,0.059431,"[""building-part:53e95a337b1cd637702e"", ""building-part:a0c94edc9eda7b94f122"", ""building-part:cfbdcfd6136bbef1493d""]","[""building-part:53e95a337b1cd637702e"", ""building-part:a0c94edc9eda7b94f122"", ""building-part:cfbdcfd6136bbef1493d""]","[""building-part:53e95a337b1cd637702e"", ""building-part:a0c94edc9eda7b94f122"", ""building-part:cfbdcfd6136bbef1493d""]",False,True,True
7e330c34-f1bb-4f5f-b651-73b5333e0cc4,1,candidate_oblique,1,7e330c34-f1bb-4f5f-b651-73b5333e0cc4::ceiling-oblique::ceiling-oblique:1,22.999107,194.771678,42.802777,4,0.603262,0.614754,0.999929,0.96018,0.398781,11.185819,6.841701,4,9.911712,7e330c34-f1bb-4f5f-b651-73b5333e0cc4::eave-chain::1:2,0.968101,0,0.805043,0.764242,strong,keep,False,"[""7e330c34-f1bb-4f5f-b651-73b5333e0cc4::eave-chain::1:1"", ""7e330c34-f1bb-4f5f-b651-73b5333e0cc4::eave-chain::1:2"", ""7e330c34-f1bb-4f5f-b651-73b5333e0cc4::eave-chain::1:4"", ""7e330c34-f1bb-4f5f-b651-73b5333e0cc4::eave-chain::1:5""]",9.911712,0.783413,0.063258,"[""building-part:53e95a337b1cd637702e"", ""building-part:a0c94edc9eda7b94f122"", ""building-part:cfbdcfd6136bbef1493d""]","[""building-part:53e95a337b1cd637702e"", ""building-part:a0c94edc9eda7b94f122"", ""building-part:cfbdcfd6136bbef1493d""]","[""building-part:53e95a337b1cd637702e"", ""building-part:a0c94edc9eda7b94f122"", ""building-part:cfbdcfd6136bbef1493d""]",False,True,True
7e330c34-f1bb-4f5f-b651-73b5333e0cc4,1,committed_oblique,0,7e330c34-f1bb-4f5f-b651-73b5333e0cc4::roof-oblique::oblique:0,28.000976,14.062984,40.983085,9,0.544185,0.400729,0.999391,0.713831,1.585273,6.140754,8.689159,6,13.759531,7e330c34-f1bb-4f5f-b651-73b5333e0cc4::eave-chain::1:1,0.989542,0,0.728751,0.697698,medium,keep,False,"[""7e330c34-f1bb-4f5f-b651-73b5333e0cc4::eave-chain::1:1"", ""7e330c34-f1bb-4f5f-b651-73b5333e0cc4::eave-chain::1:2"", ""7e330c34-f1bb-4f5f-b651-73b5333e0cc4::eave-chain::1:3"", ""7e330c34-f1bb-4f5f-b651-73b5333e0cc4::eave-chain::1:4"", ""7e330c34-f1bb-4f5f-b651-73b5333e0cc4::eave-chain::1:6"", ""7e330c34-f1bb-4f5f-b651-73b5333e0cc4::eave-chain::1:7""]",13.759531,0.484254,0.059398,"[""building-part:53e95a337b1cd637702e"", ""building-part:a0c94edc9eda7b94f122"", ""building-part:cfbdcfd6136bbef1493d""]","[""building-part:53e95a337b1cd637702e"", ""building-part:a0c94edc9eda7b94f122"", ""building-part:cfbdcfd6136bbef1493d""]","[""building-part:53e95a337b1cd637702e"", ""building-part:a0c94edc9eda7b94f122"", ""building-part:cfbdcfd6136bbef1493d""]",False,True,True
7e330c34-f1bb-4f5f-b651-73b5333e0cc4,1,committed_oblique,1,7e330c34-f1bb-4f5f-b651-73b5333e0cc4::roof-oblique::oblique:1,22.149495,194.771053,42.802396,5,0.630889,0.537705,0.999917,1.026205,0.550467,11.185819,6.841701,4,9.911712,7e330c34-f1bb-4f5f-b651-73b5333e0cc4::eave-chain::1:2,0.970181,0,0.787448,0.75988,strong,keep,False,"[""7e330c34-f1bb-4f5f-b651-73b5333e0cc4::eave-chain::1:1"", ""7e330c34-f1bb-4f5f-b651-73b5333e0cc4::eave-chain::1:2"", ""7e330c34-f1bb-4f5f-b651-73b5333e0cc4::eave-chain::1:4"", ""7e330c34-f1bb-4f5f-b651-73b5333e0cc4::eave-chain::1:5""]",9.911712,0.783413,0.063319,"[""building-part:53e95a337b1cd637702e"", ""building-part:a0c94edc9eda7b94f122"", ""building-part:cfbdcfd6136bbef1493d""]","[""building-part:53e95a337b1cd637702e"", ""building-part:a0c94edc9eda7b94f122"", ""building-part:cfbdcfd6136bbef1493d""]","[""building-part:53e95a337b1cd637702e"", ""building-part:a0c94edc9eda7b94f122"", ""building-part:cfbdcfd6136bbef1493d""]",False,True,True
7e330c34-f1bb-4f5f-b651-73b5333e0cc4,1,ridge_eave_plane_group,0,7e330c34-f1bb-4f5f-b651-73b5333e0cc4::ridge-eave-candidate::plane-group::7a6a99a94964,64.469719,14.077268,40.983408,12,0.440181,0.422131,0.99342,4.477468,1.769803,17.326574,6.437145,6,16.279327,7e330c34-f1bb-4f5f-b651-73b5333e0cc4::eave-chain::1:1,0.987559,0,0.711386,0.659183,medium,keep,False,"[""7e330c34-f1bb-4f5f-b651-73b5333e0cc4::eave-chain::1:1"", ""7e330c34-f1bb-4f5f-b651-73b5333e0cc4::eave-chain::1:2"", ""7e330c34-f1bb-4f5f-b651-73b5333e0cc4::eave-chain::1:3"", ""7e330c34-f1bb-4f5f-b651-73b5333e0cc4::eave-chain::1:5"", ""7e330c34-f1bb-4f5f-b651-73b5333e0cc4::eave-chain::1:6"", ""7e330c34-f1bb-4f5f-b651-73b5333e0cc4::eave-chain::1:7""]",16.279327,0.725366,0.120142,"[""building-part:53e95a337b1cd637702e"", ""building-part:cfbdcfd6136bbef1493d""]","[""building-part:53e95a337b1cd637702e"", ""building-part:cfbdcfd6136bbef1493d""]","[""building-part:53e95a337b1cd637702e"", ""building-part:a0c94edc9eda7b94f122"", ""building-part:cfbdcfd6136bbef1493d""]",False,True,True
7e330c34-f1bb-4f5f-b651-73b5333e0cc4,1,ridge_eave_plane_group,1,7e330c34-f1bb-4f5f-b651-73b5333e0cc4::ridge-eave-candidate::plane-group::3278df4184d1,64.469719,194.768194,42.798827,12,0.440181,0.422131,0.140643,176.03726,1.188176,17.326574,6.437145,6,16.279327,7e330c34-f1bb-4f5f-b651-73b5333e0cc4::eave-chain::1:5,0.953233,0,0.284997,0.488627,weak,maybe,False,"[""7e330c34-f1bb-4f5f-b651-73b5333e0cc4::eave-chain::1:1"", ""7e330c34-f1bb-4f5f-b651-73b5333e0cc4::eave-chain::1:2"", ""7e330c34-f1bb-4f5f-b651-73b5333e0cc4::eave-chain::1:3"", ""7e330c34-f1bb-4f5f-b651-73b5333e0cc4::eave-chain::1:5"", ""7e330c34-f1bb-4f5f-b651-73b5333e0cc4::eave-chain::1:6"", ""7e330c34-f1bb-4f5f-b651-73b5333e0cc4::eave-chain::1:7""]",16.279327,1.126832,3.110571,"[""building-part:53e95a337b1cd637702e"", ""building-part:cfbdcfd6136bbef1493d""]","[""building-part:53e95a337b1cd637702e"", ""building-part:cfbdcfd6136bbef1493d""]","[""building-part:53e95a337b1cd637702e"", ""building-part:a0c94edc9eda7b94f122"", ""building-part:cfbdcfd6136bbef1493d""]",False,True,True
873952bc-1159-43dd-b4bd-6535a55c57cf,1,candidate_oblique,0,873952bc-1159-43dd-b4bd-6535a55c57cf::ceiling-oblique::ceiling-oblique:0,13.211853,133.461802,50.246647,3,0.61378,0.873016,0.99767,0.557238,3.91157,7.198276,2.005672,7,16.70078,873952bc-1159-43dd-b4bd-6535a55c57cf::eave-chain::1:5,0.979567,0,0.883496,0.819649,strong,keep,False,"[""873952bc-1159-43dd-b4bd-6535a55c57cf::eave-chain::1:1"", ""873952bc-1159-43dd-b4bd-6535a55c57cf::eave-chain::1:2"", ""873952bc-1159-43dd-b4bd-6535a55c57cf::eave-chain::1:3"", ""873952bc-1159-43dd-b4bd-6535a55c57cf::eave-chain::1:4"", ""873952bc-1159-43dd-b4bd-6535a55c57cf::eave-chain::1:5"", ""873952bc-1159-43dd-b4bd-6535a55c57cf::eave-chain::1:6"", ""873952bc-1159-43dd-b4bd-6535a55c57cf::eave-chain::1:8""]",16.70078,0.281606,1.904576,"[""building-part:f10b8f0c08f0c5f5b9c5"", ""building-part:fbacde8f38fb7c00dd83""]","[""building-part:f10b8f0c08f0c5f5b9c5"", ""building-part:fbacde8f38fb7c00dd83""]","[""building-part:f10b8f0c08f0c5f5b9c5"", ""building-part:fbacde8f38fb7c00dd83""]",False,True,True
873952bc-1159-43dd-b4bd-6535a55c57cf,1,candidate_oblique,1,873952bc-1159-43dd-b4bd-6535a55c57cf::ceiling-oblique::ceiling-oblique:1,9.616679,313.608524,48.113753,5,0.903318,0.828571,0.999573,0.439204,1.624089,0.0,9.52436,6,16.315429,873952bc-1159-43dd-b4bd-6535a55c57cf::eave-chain::1:1,0.969912,0,0.929021,0.926956,strong,keep,False,"[""873952bc-1159-43dd-b4bd-6535a55c57cf::eave-chain::1:1"", ""873952bc-1159-43dd-b4bd-6535a55c57cf::eave-chain::1:2"", ""873952bc-1159-43dd-b4bd-6535a55c57cf::eave-chain::1:3"", ""873952bc-1159-43dd-b4bd-6535a55c57cf::eave-chain::1:4"", ""873952bc-1159-43dd-b4bd-6535a55c57cf::eave-chain::1:5"", ""873952bc-1159-43dd-b4bd-6535a55c57cf::eave-chain::1:6""]",16.315429,0.578277,1.593564,"[""building-part:f10b8f0c08f0c5f5b9c5"", ""building-part:fbacde8f38fb7c00dd83""]","[""building-part:f10b8f0c08f0c5f5b9c5"", ""building-part:fbacde8f38fb7c00dd83""]","[""building-part:f10b8f0c08f0c5f5b9c5"", ""building-part:fbacde8f38fb7c00dd83""]",False,True,True
873952bc-1159-43dd-b4bd-6535a55c57cf,1,committed_oblique,0,873952bc-1159-43dd-b4bd-6535a55c57cf::roof-oblique::oblique:0,19.015404,133.464009,50.250704,7,0.718733,0.918367,0.639307,89.705272,45.669321,7.198276,3.625829,7,16.70078,873952bc-1159-43dd-b4bd-6535a55c57cf::eave-chain::1:5,0.979523,0,0.73891,0.799028,medium,keep,False,"[""873952bc-1159-43dd-b4bd-6535a55c57cf::eave-chain::1:1"", ""873952bc-1159-43dd-b4bd-6535a55c57cf::eave-chain::1:2"", ""873952bc-1159-43dd-b4bd-6535a55c57cf::eave-chain::1:3"", ""873952bc-1159-43dd-b4bd-6535a55c57cf::eave-chain::1:4"", ""873952bc-1159-43dd-b4bd-6535a55c57cf::eave-chain::1:5"", ""873952bc-1159-43dd-b4bd-6535a55c57cf::eave-chain::1:6"", ""873952bc-1159-43dd-b4bd-6535a55c57cf::eave-chain::1:8""]",16.70078,0.281606,1.904826,"[""building-part:f10b8f0c08f0c5f5b9c5"", ""building-part:fbacde8f38fb7c00dd83""]","[""building-part:f10b8f0c08f0c5f5b9c5"", ""building-part:fbacde8f38fb7c00dd83""]","[""building-part:f10b8f0c08f0c5f5b9c5"", ""building-part:fbacde8f38fb7c00dd83""]",False,True,True
873952bc-1159-43dd-b4bd-6535a55c57cf,1,committed_oblique,1,873952bc-1159-43dd-b4bd-6535a55c57cf::roof-oblique::oblique:1,19.628806,313.605082,48.111116,7,0.679268,0.863946,0.962033,0.435762,15.838955,0.0,4.132831,6,16.315429,873952bc-1159-43dd-b4bd-6535a55c57cf::eave-chain::1:1,0.969883,0,0.876054,0.836903,strong,keep,False,"[""873952bc-1159-43dd-b4bd-6535a55c57cf::eave-chain::1:1"", ""873952bc-1159-43dd-b4bd-6535a55c57cf::eave-chain::1:2"", ""873952bc-1159-43dd-b4bd-6535a55c57cf::eave-chain::1:3"", ""873952bc-1159-43dd-b4bd-6535a55c57cf::eave-chain::1:4"", ""873952bc-1159-43dd-b4bd-6535a55c57cf::eave-chain::1:5"", ""873952bc-1159-43dd-b4bd-6535a55c57cf::eave-chain::1:6""]",16.315429,0.578277,1.593343,"[""building-part:f10b8f0c08f0c5f5b9c5"", ""building-part:fbacde8f38fb7c00dd83""]","[""building-part:f10b8f0c08f0c5f5b9c5"", ""building-part:fbacde8f38fb7c00dd83""]","[""building-part:f10b8f0c08f0c5f5b9c5"", ""building-part:fbacde8f38fb7c00dd83""]",False,True,True
873952bc-1159-43dd-b4bd-6535a55c57cf,0,ridge_eave_plane_group,0,873952bc-1159-43dd-b4bd-6535a55c57cf::ridge-eave-candidate::plane-group::6a32dcf2bc36,16.270435,133.466598,50.243738,3,0.281333,1.0,0.610949,95.76765,41.203599,0.0,0.392526,0,0.0,873952bc-1159-43dd-b4bd-6535a55c57cf::eave-chain::0:0,0.61128,0,0.661741,0.454349,medium,maybe,False,[],0.0,,,"[""building-part:f10b8f0c08f0c5f5b9c5"", ""building-part:fbacde8f38fb7c00dd83""]","[""building-part:f10b8f0c08f0c5f5b9c5"", ""building-part:fbacde8f38fb7c00dd83""]","[""building-part:0a4b701ab21fd9ee4e84"", ""building-part:a46e5c5180ac6d983d6a""]",False,True,True
873952bc-1159-43dd-b4bd-6535a55c57cf,0,ridge_eave_plane_group,1,873952bc-1159-43dd-b4bd-6535a55c57cf::ridge-eave-candidate::plane-group::1c303c72f916,47.372762,133.466598,50.243738,5,0.470698,0.826923,0.62222,133.466598,48.965656,0.0,5.720499,2,5.720499,873952bc-1159-43dd-b4bd-6535a55c57cf::eave-chain::0:0,0.925716,0,0.653326,0.678108,medium,keep,False,"[""873952bc-1159-43dd-b4bd-6535a55c57cf::eave-chain::0:0"", ""873952bc-1159-43dd-b4bd-6535a55c57cf::eave-chain::0:3""]",5.720499,1.120416,3.561679,"[""building-part:f10b8f0c08f0c5f5b9c5"", ""building-part:fbacde8f38fb7c00dd83""]","[""building-part:f10b8f0c08f0c5f5b9c5"", ""building-part:fbacde8f38fb7c00dd83""]","[""building-part:0a4b701ab21fd9ee4e84""]",False,True,True
873952bc-1159-43dd-b4bd-6535a55c57cf,0,ridge_eave_plane_group,2,873952bc-1159-43dd-b4bd-6535a55c57cf::ridge-eave-candidate::plane-group::f1f00e90b1eb,47.372762,313.606511,48.108206,5,0.470698,0.826923,0.684161,46.393489,46.830124,0.0,5.720499,2,5.720499,873952bc-1159-43dd-b4bd-6535a55c57cf::eave-chain::0:3,0.935728,0,0.684297,0.690496,medium,keep,False,"[""873952bc-1159-43dd-b4bd-6535a55c57cf::eave-chain::0:0"", ""873952bc-1159-43dd-b4bd-6535a55c57cf::eave-chain::0:3""]",5.720499,0.980504,3.343279,"[""building-part:f10b8f0c08f0c5f5b9c5"", ""building-part:fbacde8f38fb7c00dd83""]","[""building-part:f10b8f0c08f0c5f5b9c5"", ""building-part:fbacde8f38fb7c00dd83""]","[""building-part:0a4b701ab21fd9ee4e84""]",False,True,True
873952bc-1159-43dd-b4bd-6535a55c57cf,0,ridge_eave_plane_group,3,873952bc-1159-43dd-b4bd-6535a55c57cf::ridge-eave-candidate::plane-group::ffa1ecfe0d1f,47.372762,224.590241,49.872415,5,0.470698,0.826923,0.644332,135.409759,48.594332,0.0,0.0,1,5.354774,873952bc-1159-43dd-b4bd-6535a55c57cf::eave-chain::0:2,0.870849,0,0.664382,0.48253,medium,maybe,False,"[""873952bc-1159-43dd-b4bd-6535a55c57cf::eave-chain::0:2""]",5.354774,1.093144,1.21787,"[""building-part:0a4b701ab21fd9ee4e84"", ""building-part:f10b8f0c08f0c5f5b9c5"", ""building-part:fbacde8f38fb7c00dd83""]","[""building-part:0a4b701ab21fd9ee4e84"", ""building-part:f10b8f0c08f0c5f5b9c5"", ""building-part:fbacde8f38fb7c00dd83""]","[""building-part:0a4b701ab21fd9ee4e84""]",True,True,True
893d4535-3169-4907-a93a-b3ab8f66ec1c,0,candidate_oblique,0,893d4535-3169-4907-a93a-b3ab8f66ec1c::ceiling-oblique::ceiling-oblique:0,13.44812,166.825143,13.975856,2,0.998557,0.242718,0.985216,44.423618,6.793734,3.902787,2.725243,8,38.451609,893d4535-3169-4907-a93a-b3ab8f66ec1c::eave-chain::0:10,0.984904,0,0.765135,0.84501,strong,keep,False,"[""893d4535-3169-4907-a93a-b3ab8f66ec1c::eave-chain::0:1"", ""893d4535-3169-4907-a93a-b3ab8f66ec1c::eave-chain::0:10"", ""893d4535-3169-4907-a93a-b3ab8f66ec1c::eave-chain::0:19"", ""893d4535-3169-4907-a93a-b3ab8f66ec1c::eave-chain::0:3"", ""893d4535-3169-4907-a93a-b3ab8f66ec1c::eave-chain::0:4"", ""893d4535-3169-4907-a93a-b3ab8f66ec1c::eave-chain::0:5"", ""893d4535-3169-4907-a93a-b3ab8f66ec1c::eave-chain::0:6"", ""893d4535-3169-4907-a93a-b3ab8f66ec1c::eave-chain::0:8""]",38.451609,0.104295,0.542217,"[""building-part:ccf149e1a40760a4b794"", ""building-part:d1f4b7588e527eaf156c""]","[""building-part:ccf149e1a40760a4b794"", ""building-part:d1f4b7588e527eaf156c""]","[""building-part:ccf149e1a40760a4b794"", ""building-part:d1f4b7588e527eaf156c""]",True,True,True
893d4535-3169-4907-a93a-b3ab8f66ec1c,0,candidate_oblique,1,893d4535-3169-4907-a93a-b3ab8f66ec1c::ceiling-oblique::ceiling-oblique:1,17.815773,76.825136,15.215029,6,0.946079,0.368932,0.966473,28.668118,8.471064,6.858197,2.24532,3,13.34589,893d4535-3169-4907-a93a-b3ab8f66ec1c::eave-chain::0:12,0.809336,0,0.783132,0.845513,strong,keep,False,"[""893d4535-3169-4907-a93a-b3ab8f66ec1c::eave-chain::0:12"", ""893d4535-3169-4907-a93a-b3ab8f66ec1c::eave-chain::0:15"", ""893d4535-3169-4907-a93a-b3ab8f66ec1c::eave-chain::0:17""]",13.34589,0.145208,0.999687,"[""building-part:ccf149e1a40760a4b794"", ""building-part:d1f4b7588e527eaf156c""]","[""building-part:ccf149e1a40760a4b794"", ""building-part:d1f4b7588e527eaf156c""]","[""building-part:ccf149e1a40760a4b794"", ""building-part:d1f4b7588e527eaf156c""]",True,True,True
893d4535-3169-4907-a93a-b3ab8f66ec1c,0,candidate_oblique,2,893d4535-3169-4907-a93a-b3ab8f66ec1c::ceiling-oblique::ceiling-oblique:2,10.806684,256.825142,15.172177,3,0.528479,0.242718,0.996593,1.793821,4.730642,5.7218,0.0,0,0.0,893d4535-3169-4907-a93a-b3ab8f66ec1c::eave-chain::0:17,0.5637,0,0.676808,0.659254,medium,keep,False,[],0.0,,,"[""building-part:ccf149e1a40760a4b794"", ""building-part:d1f4b7588e527eaf156c""]","[""building-part:ccf149e1a40760a4b794"", ""building-part:d1f4b7588e527eaf156c""]","[""building-part:ccf149e1a40760a4b794"", ""building-part:d1f4b7588e527eaf156c""]",True,True,True
893d4535-3169-4907-a93a-b3ab8f66ec1c,0,committed_oblique,0,893d4535-3169-4907-a93a-b3ab8f66ec1c::roof-oblique::oblique:0,6.622038,166.826479,13.981654,3,0.866129,0.747573,0.970373,166.826479,13.981654,0.0,2.725243,8,38.451609,893d4535-3169-4907-a93a-b3ab8f66ec1c::eave-chain::0:10,0.999398,0,0.882684,0.826303,strong,keep,False,"[""893d4535-3169-4907-a93a-b3ab8f66ec1c::eave-chain::0:1"", ""893d4535-3169-4907-a93a-b3ab8f66ec1c::eave-chain::0:10"", ""893d4535-3169-4907-a93a-b3ab8f66ec1c::eave-chain::0:19"", ""893d4535-3169-4907-a93a-b3ab8f66ec1c::eave-chain::0:3"", ""893d4535-3169-4907-a93a-b3ab8f66ec1c::eave-chain::0:4"", ""893d4535-3169-4907-a93a-b3ab8f66ec1c::eave-chain::0:5"", ""893d4535-3169-4907-a93a-b3ab8f66ec1c::eave-chain::0:6"", ""893d4535-3169-4907-a93a-b3ab8f66ec1c::eave-chain::0:8""]",38.451609,0.104295,0.541928,"[""building-part:ccf149e1a40760a4b794"", ""building-part:d1f4b7588e527eaf156c""]","[""building-part:ccf149e1a40760a4b794"", ""building-part:d1f4b7588e527eaf156c""]","[""building-part:ccf149e1a40760a4b794"", ""building-part:d1f4b7588e527eaf156c""]",True,True,True
893d4535-3169-4907-a93a-b3ab8f66ec1c,0,committed_oblique,1,893d4535-3169-4907-a93a-b3ab8f66ec1c::roof-oblique::oblique:1,66.218797,76.829469,15.216836,13,0.971366,0.533981,0.964939,76.829469,10.833964,6.858197,20.731172,8,35.390973,893d4535-3169-4907-a93a-b3ab8f66ec1c::eave-chain::0:9,0.993818,0,0.836937,0.88833,strong,keep,False,"[""893d4535-3169-4907-a93a-b3ab8f66ec1c::eave-chain::0:0"", ""893d4535-3169-4907-a93a-b3ab8f66ec1c::eave-chain::0:11"", ""893d4535-3169-4907-a93a-b3ab8f66ec1c::eave-chain::0:12"", ""893d4535-3169-4907-a93a-b3ab8f66ec1c::eave-chain::0:15"", ""893d4535-3169-4907-a93a-b3ab8f66ec1c::eave-chain::0:17"", ""893d4535-3169-4907-a93a-b3ab8f66ec1c::eave-chain::0:2"", ""893d4535-3169-4907-a93a-b3ab8f66ec1c::eave-chain::0:7"", ""893d4535-3169-4907-a93a-b3ab8f66ec1c::eave-chain::0:9""]",35.390973,0.176544,1.151887,"[""building-part:ccf149e1a40760a4b794"", ""building-part:d1f4b7588e527eaf156c""]","[""building-part:ccf149e1a40760a4b794"", ""building-part:d1f4b7588e527eaf156c""]","[""building-part:ccf149e1a40760a4b794"", ""building-part:d1f4b7588e527eaf156c""]",True,True,True
893d4535-3169-4907-a93a-b3ab8f66ec1c,0,committed_oblique,2,893d4535-3169-4907-a93a-b3ab8f66ec1c::roof-oblique::oblique:2,57.15801,256.829922,15.179527,12,0.853546,0.81068,0.96511,76.829922,15.179527,7.645059,22.987282,7,34.574504,893d4535-3169-4907-a93a-b3ab8f66ec1c::eave-chain::0:17,0.989739,0,0.896468,0.896576,strong,keep,False,"[""893d4535-3169-4907-a93a-b3ab8f66ec1c::eave-chain::0:0"", ""893d4535-3169-4907-a93a-b3ab8f66ec1c::eave-chain::0:12"", ""893d4535-3169-4907-a93a-b3ab8f66ec1c::eave-chain::0:15"", ""893d4535-3169-4907-a93a-b3ab8f66ec1c::eave-chain::0:17"", ""893d4535-3169-4907-a93a-b3ab8f66ec1c::eave-chain::0:2"", ""893d4535-3169-4907-a93a-b3ab8f66ec1c::eave-chain::0:7"", ""893d4535-3169-4907-a93a-b3ab8f66ec1c::eave-chain::0:9""]",34.574504,0.207875,0.800719,"[""building-part:ccf149e1a40760a4b794"", ""building-part:d1f4b7588e527eaf156c""]","[""building-part:ccf149e1a40760a4b794"", ""building-part:d1f4b7588e527eaf156c""]","[""building-part:ccf149e1a40760a4b794"", ""building-part:d1f4b7588e527eaf156c""]",True,True,True
893d4535-3169-4907-a93a-b3ab8f66ec1c,0,ridge_eave_plane_group,0,893d4535-3169-4907-a93a-b3ab8f66ec1c::ridge-eave-candidate::plane-group::6e567b90a154,129.996865,346.825149,15.323774,21,0.914315,0.63939,0.964448,89.998895,15.323774,3.902787,16.845951,13,57.67908,893d4535-3169-4907-a93a-b3ab8f66ec1c::eave-chain::0:13,0.999981,0,0.856904,0.886493,strong,keep,False,"[""893d4535-3169-4907-a93a-b3ab8f66ec1c::eave-chain::0:1"", ""893d4535-3169-4907-a93a-b3ab8f66ec1c::eave-chain::0:10"", ""893d4535-3169-4907-a93a-b3ab8f66ec1c::eave-chain::0:13"", ""893d4535-3169-4907-a93a-b3ab8f66ec1c::eave-chain::0:14"", ""893d4535-3169-4907-a93a-b3ab8f66ec1c::eave-chain::0:16"", ""893d4535-3169-4907-a93a-b3ab8f66ec1c::eave-chain::0:18"", ""893d4535-3169-4907-a93a-b3ab8f66ec1c::eave-chain::0:19"", ""893d4535-3169-4907-a93a-b3ab8f66ec1c::eave-chain::0:20"", ""893d4535-3169-4907-a93a-b3ab8f66ec1c::eave-chain::0:3"", ""893d4535-3169-4907-a93a-b3ab8f66ec1c::eave-chain::0:4"", ""893d4535-3169-4907-a93a-b3ab8f66ec1c::eave-chain::0:5"", ""893d4535-3169-4907-a93a-b3ab8f66ec1c::eave-chain::0:6"", ""893d4535-3169-4907-a93a-b3ab8f66ec1c::eave-chain::0:8""]",57.67908,0.15692,1.487763,"[""building-part:ccf149e1a40760a4b794"", ""building-part:d1f4b7588e527eaf156c""]","[""building-part:ccf149e1a40760a4b794"", ""building-part:d1f4b7588e527eaf156c""]","[""building-part:ccf149e1a40760a4b794"", ""building-part:d1f4b7588e527eaf156c""]",True,True,True
893d4535-3169-4907-a93a-b3ab8f66ec1c,0,ridge_eave_plane_group,1,893d4535-3169-4907-a93a-b3ab8f66ec1c::ridge-eave-candidate::plane-group::34313b3a2132,13.41398,346.825149,15.323774,6,0.994008,0.368932,0.978371,16.011069,3.52514,3.902787,1.951468,9,40.403077,893d4535-3169-4907-a93a-b3ab8f66ec1c::eave-chain::0:13,0.999981,0,0.798667,0.867064,strong,keep,False,"[""893d4535-3169-4907-a93a-b3ab8f66ec1c::eave-chain::0:1"", ""893d4535-3169-4907-a93a-b3ab8f66ec1c::eave-chain::0:10"", ""893d4535-3169-4907-a93a-b3ab8f66ec1c::eave-chain::0:13"", ""893d4535-3169-4907-a93a-b3ab8f66ec1c::eave-chain::0:19"", ""893d4535-3169-4907-a93a-b3ab8f66ec1c::eave-chain::0:3"", ""893d4535-3169-4907-a93a-b3ab8f66ec1c::eave-chain::0:4"", ""893d4535-3169-4907-a93a-b3ab8f66ec1c::eave-chain::0:5"", ""893d4535-3169-4907-a93a-b3ab8f66ec1c::eave-chain::0:6"", ""893d4535-3169-4907-a93a-b3ab8f66ec1c::eave-chain::0:8""]",40.403077,0.051658,1.566193,"[""building-part:ccf149e1a40760a4b794"", ""building-part:d1f4b7588e527eaf156c""]","[""building-part:ccf149e1a40760a4b794"", ""building-part:d1f4b7588e527eaf156c""]","[""building-part:ccf149e1a40760a4b794"", ""building-part:d1f4b7588e527eaf156c""]",True,True,True
893d4535-3169-4907-a93a-b3ab8f66ec1c,0,ridge_eave_plane_group,2,893d4535-3169-4907-a93a-b3ab8f66ec1c::ridge-eave-candidate::plane-group::140fae4aafbf,129.996865,31.998649,19.483349,21,0.914315,0.63939,0.942738,45.173939,19.483349,0.0,0.0,0,0.0,893d4535-3169-4907-a93a-b3ab8f66ec1c::eave-chain::0:16,0.598023,0,0.846049,0.682151,strong,keep,False,[],0.0,,,"[""building-part:ccf149e1a40760a4b794"", ""building-part:d1f4b7588e527eaf156c""]","[""building-part:ccf149e1a40760a4b794"", ""building-part:d1f4b7588e527eaf156c""]","[""building-part:ccf149e1a40760a4b794"", ""building-part:d1f4b7588e527eaf156c""]",True,True,True
893d4535-3169-4907-a93a-b3ab8f66ec1c,0,ridge_eave_plane_group,3,893d4535-3169-4907-a93a-b3ab8f66ec1c::ridge-eave-candidate::plane-group::3c52960dec25,13.41398,31.998649,19.483349,6,0.994008,0.368932,0.958298,38.986686,4.685464,0.0,0.0,0,0.0,893d4535-3169-4907-a93a-b3ab8f66ec1c::eave-chain::0:11,0.590952,0,0.78863,0.663049,strong,keep,False,[],0.0,,,"[""building-part:ccf149e1a40760a4b794"", ""building-part:d1f4b7588e527eaf156c""]","[""building-part:ccf149e1a40760a4b794"", ""building-part:d1f4b7588e527eaf156c""]","[""building-part:ccf149e1a40760a4b794"", ""building-part:d1f4b7588e527eaf156c""]",True,True,True
893d4535-3169-4907-a93a-b3ab8f66ec1c,0,ridge_eave_plane_group,4,893d4535-3169-4907-a93a-b3ab8f66ec1c::ridge-eave-candidate::plane-group::bfbd0677648b,129.996865,179.009789,12.156922,21,0.914315,0.63939,0.977575,102.180053,12.156922,8.02653,16.845951,9,40.885026,893d4535-3169-4907-a93a-b3ab8f66ec1c::eave-chain::0:20,0.747739,0,0.863467,0.889119,strong,keep,False,"[""893d4535-3169-4907-a93a-b3ab8f66ec1c::eave-chain::0:1"", ""893d4535-3169-4907-a93a-b3ab8f66ec1c::eave-chain::0:10"", ""893d4535-3169-4907-a93a-b3ab8f66ec1c::eave-chain::0:19"", ""893d4535-3169-4907-a93a-b3ab8f66ec1c::eave-chain::0:20"", ""893d4535-3169-4907-a93a-b3ab8f66ec1c::eave-chain::0:3"", ""893d4535-3169-4907-a93a-b3ab8f66ec1c::eave-chain::0:4"", ""893d4535-3169-4907-a93a-b3ab8f66ec1c::eave-chain::0:5"", ""893d4535-3169-4907-a93a-b3ab8f66ec1c::eave-chain::0:6"", ""893d4535-3169-4907-a93a-b3ab8f66ec1c::eave-chain::0:8""]",40.885026,12.184615,0.561327,"[""building-part:ccf149e1a40760a4b794"", ""building-part:d1f4b7588e527eaf156c""]","[""building-part:ccf149e1a40760a4b794"", ""building-part:d1f4b7588e527eaf156c""]","[""building-part:ccf149e1a40760a4b794"", ""building-part:d1f4b7588e527eaf156c""]",True,True,True
893d4535-3169-4907-a93a-b3ab8f66ec1c,0,ridge_eave_plane_group,5,893d4535-3169-4907-a93a-b3ab8f66ec1c::ridge-eave-candidate::plane-group::bb74ea7f569b,129.996865,76.825136,15.215019,21,0.914315,0.63939,0.964948,76.825136,15.215019,14.503256,27.063493,8,35.390973,893d4535-3169-4907-a93a-b3ab8f66ec1c::eave-chain::0:9,0.993032,0,0.857154,0.886593,strong,keep,False,"[""893d4535-3169-4907-a93a-b3ab8f66ec1c::eave-chain::0:0"", ""893d4535-3169-4907-a93a-b3ab8f66ec1c::eave-chain::0:11"", ""893d4535-3169-4907-a93a-b3ab8f66ec1c::eave-chain::0:12"", ""893d4535-3169-4907-a93a-b3ab8f66ec1c::eave-chain::0:15"", ""893d4535-3169-4907-a93a-b3ab8f66ec1c::eave-chain::0:17"", ""893d4535-3169-4907-a93a-b3ab8f66ec1c::eave-chain::0:2"", ""893d4535-3169-4907-a93a-b3ab8f66ec1c::eave-chain::0:7"", ""893d4535-3169-4907-a93a-b3ab8f66ec1c::eave-chain::0:9""]",35.390973,0.176544,1.151876,"[""building-part:ccf149e1a40760a4b794"", ""building-part:d1f4b7588e527eaf156c""]","[""building-part:ccf149e1a40760a4b794"", ""building-part:d1f4b7588e527eaf156c""]","[""building-part:ccf149e1a40760a4b794"", ""building-part:d1f4b7588e527eaf156c""]",True,True,True
893d4535-3169-4907-a93a-b3ab8f66ec1c,0,ridge_eave_plane_group,6,893d4535-3169-4907-a93a-b3ab8f66ec1c::ridge-eave-candidate::plane-group::14e954fd3430,129.996865,267.665043,12.788898,21,0.914315,0.63939,0.975192,92.334957,12.788898,14.503256,26.777853,8,35.390973,893d4535-3169-4907-a93a-b3ab8f66ec1c::eave-chain::0:0,0.694688,0,0.862276,0.888642,strong,keep,False,"[""893d4535-3169-4907-a93a-b3ab8f66ec1c::eave-chain::0:0"", ""893d4535-3169-4907-a93a-b3ab8f66ec1c::eave-chain::0:11"", ""893d4535-3169-4907-a93a-b3ab8f66ec1c::eave-chain::0:12"", ""893d4535-3169-4907-a93a-b3ab8f66ec1c::eave-chain::0:15"", ""893d4535-3169-4907-a93a-b3ab8f66ec1c::eave-chain::0:17"", ""893d4535-3169-4907-a93a-b3ab8f66ec1c::eave-chain::0:2"", ""893d4535-3169-4907-a93a-b3ab8f66ec1c::eave-chain::0:7"", ""893d4535-3169-4907-a93a-b3ab8f66ec1c::eave-chain::0:9""]",35.390973,10.806506,0.805405,"[""building-part:ccf149e1a40760a4b794"", ""building-part:d1f4b7588e527eaf156c""]","[""building-part:ccf149e1a40760a4b794"", ""building-part:d1f4b7588e527eaf156c""]","[""building-part:ccf149e1a40760a4b794"", ""building-part:d1f4b7588e527eaf156c""]",True,True,True
8ab161a4-c958-49c9-8ca8-7a997292d52f,0,ridge_eave_plane_group,0,8ab161a4-c958-49c9-8ca8-7a997292d52f::ridge-eave-candidate::plane-group::8c6d6144cd7a,65.174165,310.742414,33.710302,7,0.419935,0.900621,0.831854,90.00034,32.881062,0.0,4.56236,5,25.232918,8ab161a4-c958-49c9-8ca8-7a997292d52f::eave-chain::0:3,0.899225,0,0.7701,0.714469,strong,keep,False,"[""8ab161a4-c958-49c9-8ca8-7a997292d52f::eave-chain::0:1"", ""8ab161a4-c958-49c9-8ca8-7a997292d52f::eave-chain::0:3"", ""8ab161a4-c958-49c9-8ca8-7a997292d52f::eave-chain::0:5"", ""8ab161a4-c958-49c9-8ca8-7a997292d52f::eave-chain::0:7"", ""8ab161a4-c958-49c9-8ca8-7a997292d52f::eave-chain::0:8""]",25.232918,0.039759,1.763504,"[""building-part:2bb72939f4ffb37626c5""]","[""building-part:2bb72939f4ffb37626c5""]","[""building-part:2bb72939f4ffb37626c5"", ""building-part:6fb6c87c131b9366f118"", ""building-part:83d0838233fa41f5fd71""]",True,True,True
8b723372-749f-4992-a044-d62bb99b84cc,1,candidate_oblique,0,8b723372-749f-4992-a044-d62bb99b84cc::ceiling-oblique::ceiling-oblique:0,23.906733,359.74041,44.639637,6,0.59069,0.465152,0.996357,4.009407,1.765601,0.0,6.874596,7,24.286719,8b723372-749f-4992-a044-d62bb99b84cc::eave-chain::1:7,0.990864,0,0.755862,0.728578,strong,keep,False,"[""8b723372-749f-4992-a044-d62bb99b84cc::eave-chain::1:0"", ""8b723372-749f-4992-a044-d62bb99b84cc::eave-chain::1:1"", ""8b723372-749f-4992-a044-d62bb99b84cc::eave-chain::1:4"", ""8b723372-749f-4992-a044-d62bb99b84cc::eave-chain::1:5"", ""8b723372-749f-4992-a044-d62bb99b84cc::eave-chain::1:6"", ""8b723372-749f-4992-a044-d62bb99b84cc::eave-chain::1:7"", ""8b723372-749f-4992-a044-d62bb99b84cc::eave-chain::1:8""]",24.286719,0.291331,0.100513,"[""building-part:0ecf2dbc5ee17bd633a5"", ""building-part:c6b7a9dc2813a31a7c98""]","[""building-part:0ecf2dbc5ee17bd633a5"", ""building-part:c6b7a9dc2813a31a7c98""]","[""building-part:0ecf2dbc5ee17bd633a5"", ""building-part:c6b7a9dc2813a31a7c98""]",False,True,True
8b723372-749f-4992-a044-d62bb99b84cc,1,candidate_oblique,1,8b723372-749f-4992-a044-d62bb99b84cc::ceiling-oblique::ceiling-oblique:1,18.081326,179.740403,44.907921,6,0.741693,0.494805,0.998902,0.0978,1.187314,0.0,13.338078,6,17.872306,8b723372-749f-4992-a044-d62bb99b84cc::eave-chain::1:4,0.995232,0,0.796231,0.795419,strong,keep,False,"[""8b723372-749f-4992-a044-d62bb99b84cc::eave-chain::1:2"", ""8b723372-749f-4992-a044-d62bb99b84cc::eave-chain::1:3"", ""8b723372-749f-4992-a044-d62bb99b84cc::eave-chain::1:4"", ""8b723372-749f-4992-a044-d62bb99b84cc::eave-chain::1:6"", ""8b723372-749f-4992-a044-d62bb99b84cc::eave-chain::1:7"", ""8b723372-749f-4992-a044-d62bb99b84cc::eave-chain::1:8""]",17.872306,0.212957,0.18075,"[""building-part:0ecf2dbc5ee17bd633a5"", ""building-part:c6b7a9dc2813a31a7c98""]","[""building-part:0ecf2dbc5ee17bd633a5"", ""building-part:c6b7a9dc2813a31a7c98""]","[""building-part:0ecf2dbc5ee17bd633a5"", ""building-part:c6b7a9dc2813a31a7c98""]",False,True,True
8b723372-749f-4992-a044-d62bb99b84cc,1,committed_oblique,0,8b723372-749f-4992-a044-d62bb99b84cc::roof-oblique::oblique:0,25.729904,359.740852,44.644415,6,0.54893,0.465152,0.996357,4.008965,1.765601,0.0,6.874596,7,24.286719,8b723372-749f-4992-a044-d62bb99b84cc::eave-chain::1:7,0.990861,0,0.74751,0.711874,medium,keep,False,"[""8b723372-749f-4992-a044-d62bb99b84cc::eave-chain::1:0"", ""8b723372-749f-4992-a044-d62bb99b84cc::eave-chain::1:1"", ""8b723372-749f-4992-a044-d62bb99b84cc::eave-chain::1:4"", ""8b723372-749f-4992-a044-d62bb99b84cc::eave-chain::1:5"", ""8b723372-749f-4992-a044-d62bb99b84cc::eave-chain::1:6"", ""8b723372-749f-4992-a044-d62bb99b84cc::eave-chain::1:7"", ""8b723372-749f-4992-a044-d62bb99b84cc::eave-chain::1:8""]",24.286719,0.291331,0.100253,"[""building-part:0ecf2dbc5ee17bd633a5"", ""building-part:c6b7a9dc2813a31a7c98""]","[""building-part:0ecf2dbc5ee17bd633a5"", ""building-part:c6b7a9dc2813a31a7c98""]","[""building-part:0ecf2dbc5ee17bd633a5"", ""building-part:c6b7a9dc2813a31a7c98""]",False,True,True
8b723372-749f-4992-a044-d62bb99b84cc,1,committed_oblique,1,8b723372-749f-4992-a044-d62bb99b84cc::roof-oblique::oblique:1,20.046923,179.739385,44.912862,6,0.667823,0.494805,0.998905,0.0978,1.182372,0.0,10.558849,6,17.872306,8b723372-749f-4992-a044-d62bb99b84cc::eave-chain::1:4,0.995222,0,0.781459,0.765871,strong,keep,False,"[""8b723372-749f-4992-a044-d62bb99b84cc::eave-chain::1:2"", ""8b723372-749f-4992-a044-d62bb99b84cc::eave-chain::1:3"", ""8b723372-749f-4992-a044-d62bb99b84cc::eave-chain::1:4"", ""8b723372-749f-4992-a044-d62bb99b84cc::eave-chain::1:6"", ""8b723372-749f-4992-a044-d62bb99b84cc::eave-chain::1:7"", ""8b723372-749f-4992-a044-d62bb99b84cc::eave-chain::1:8""]",17.872306,0.212957,0.180805,"[""building-part:0ecf2dbc5ee17bd633a5"", ""building-part:c6b7a9dc2813a31a7c98""]","[""building-part:0ecf2dbc5ee17bd633a5"", ""building-part:c6b7a9dc2813a31a7c98""]","[""building-part:0ecf2dbc5ee17bd633a5"", ""building-part:c6b7a9dc2813a31a7c98""]",False,True,True
8b723372-749f-4992-a044-d62bb99b84cc,0,ridge_eave_plane_group,0,8b723372-749f-4992-a044-d62bb99b84cc::ridge-eave-candidate::plane-group::56e2c992c01b,50.639436,359.74041,44.63978,5,0.536114,0.911111,0.711538,0.25959,44.63978,0.0,8.942697,6,16.550264,8b723372-749f-4992-a044-d62bb99b84cc::eave-chain::0:5,0.952188,0,0.736325,0.738976,medium,keep,False,"[""8b723372-749f-4992-a044-d62bb99b84cc::eave-chain::0:0"", ""8b723372-749f-4992-a044-d62bb99b84cc::eave-chain::0:2"", ""8b723372-749f-4992-a044-d62bb99b84cc::eave-chain::0:4"", ""8b723372-749f-4992-a044-d62bb99b84cc::eave-chain::0:5"", ""8b723372-749f-4992-a044-d62bb99b84cc::eave-chain::0:7"", ""8b723372-749f-4992-a044-d62bb99b84cc::eave-chain::0:9""]",16.550264,0.639247,1.263927,"[""building-part:0ecf2dbc5ee17bd633a5"", ""building-part:c6b7a9dc2813a31a7c98""]","[""building-part:0ecf2dbc5ee17bd633a5"", ""building-part:c6b7a9dc2813a31a7c98""]","[""building-part:6eb0d17e996bf40ecbb3"", ""building-part:d6ed5d495798fec87218"", ""building-part:dd0a762401fb82981b89""]",False,True,True
8b723372-749f-4992-a044-d62bb99b84cc,0,ridge_eave_plane_group,1,8b723372-749f-4992-a044-d62bb99b84cc::ridge-eave-candidate::plane-group::ff1146b1961b,50.639436,179.740402,44.907921,5,0.536114,0.911111,0.708242,179.740402,44.907921,0.0,8.942697,6,16.550264,8b723372-749f-4992-a044-d62bb99b84cc::eave-chain::0:2,0.888568,0,0.734677,0.738316,medium,keep,False,"[""8b723372-749f-4992-a044-d62bb99b84cc::eave-chain::0:0"", ""8b723372-749f-4992-a044-d62bb99b84cc::eave-chain::0:2"", ""8b723372-749f-4992-a044-d62bb99b84cc::eave-chain::0:4"", ""8b723372-749f-4992-a044-d62bb99b84cc::eave-chain::0:5"", ""8b723372-749f-4992-a044-d62bb99b84cc::eave-chain::0:7"", ""8b723372-749f-4992-a044-d62bb99b84cc::eave-chain::0:9""]",16.550264,0.639254,5.729433,"[""building-part:0ecf2dbc5ee17bd633a5"", ""building-part:c6b7a9dc2813a31a7c98""]","[""building-part:0ecf2dbc5ee17bd633a5"", ""building-part:c6b7a9dc2813a31a7c98""]","[""building-part:6eb0d17e996bf40ecbb3"", ""building-part:d6ed5d495798fec87218"", ""building-part:dd0a762401fb82981b89""]",False,True,True
8c0ef0cf-51a7-4ac0-8bbf-735f88a799cc,0,candidate_oblique,0,8c0ef0cf-51a7-4ac0-8bbf-735f88a799cc::ceiling-oblique::ceiling-oblique:0,29.434255,181.164286,25.622762,4,0.790729,0.695565,0.985435,0.912448,7.268085,5.863982,10.619363,5,38.146166,8c0ef0cf-51a7-4ac0-8bbf-735f88a799cc::eave-chain::0:2,0.995625,0,0.859533,0.852492,strong,keep,False,"[""8c0ef0cf-51a7-4ac0-8bbf-735f88a799cc::eave-chain::0:0"", ""8c0ef0cf-51a7-4ac0-8bbf-735f88a799cc::eave-chain::0:1"", ""8c0ef0cf-51a7-4ac0-8bbf-735f88a799cc::eave-chain::0:2"", ""8c0ef0cf-51a7-4ac0-8bbf-735f88a799cc::eave-chain::0:3"", ""8c0ef0cf-51a7-4ac0-8bbf-735f88a799cc::eave-chain::0:5""]",38.146166,0.021098,0.413564,"[""building-part:8434d9ab094d86d25a90"", ""building-part:921c7a220c1b237858fa"", ""building-part:f3cdc596bdcc44dd0af9""]","[""building-part:8434d9ab094d86d25a90"", ""building-part:921c7a220c1b237858fa"", ""building-part:f3cdc596bdcc44dd0af9""]","[""building-part:8434d9ab094d86d25a90"", ""building-part:921c7a220c1b237858fa"", ""building-part:f3cdc596bdcc44dd0af9""]",True,True,True
8c0ef0cf-51a7-4ac0-8bbf-735f88a799cc,0,candidate_oblique,1,8c0ef0cf-51a7-4ac0-8bbf-735f88a799cc::ceiling-oblique::ceiling-oblique:1,22.325149,1.164295,27.091959,2,0.940734,0.516129,0.996287,0.342098,3.571303,0.0,8.070609,4,35.21416,8c0ef0cf-51a7-4ac0-8bbf-735f88a799cc::eave-chain::0:0,0.99901,0,0.841129,0.878777,strong,keep,False,"[""8c0ef0cf-51a7-4ac0-8bbf-735f88a799cc::eave-chain::0:0"", ""8c0ef0cf-51a7-4ac0-8bbf-735f88a799cc::eave-chain::0:1"", ""8c0ef0cf-51a7-4ac0-8bbf-735f88a799cc::eave-chain::0:2"", ""8c0ef0cf-51a7-4ac0-8bbf-735f88a799cc::eave-chain::0:3""]",35.21416,0.021514,0.706384,"[""building-part:921c7a220c1b237858fa"", ""building-part:f3cdc596bdcc44dd0af9""]","[""building-part:921c7a220c1b237858fa"", ""building-part:f3cdc596bdcc44dd0af9""]","[""building-part:921c7a220c1b237858fa"", ""building-part:f3cdc596bdcc44dd0af9""]",False,True,False
8c0ef0cf-51a7-4ac0-8bbf-735f88a799cc,0,candidate_oblique,2,8c0ef0cf-51a7-4ac0-8bbf-735f88a799cc::ceiling-oblique::ceiling-oblique:2,20.014699,91.164309,43.104931,3,0.836882,0.50303,0.999135,1.369586,2.228661,6.427082,9.818046,5,17.119352,8c0ef0cf-51a7-4ac0-8bbf-735f88a799cc::eave-chain::0:16,0.981654,0,0.817853,0.835186,strong,keep,False,"[""8c0ef0cf-51a7-4ac0-8bbf-735f88a799cc::eave-chain::0:11"", ""8c0ef0cf-51a7-4ac0-8bbf-735f88a799cc::eave-chain::0:14"", ""8c0ef0cf-51a7-4ac0-8bbf-735f88a799cc::eave-chain::0:15"", ""8c0ef0cf-51a7-4ac0-8bbf-735f88a799cc::eave-chain::0:16"", ""8c0ef0cf-51a7-4ac0-8bbf-735f88a799cc::eave-chain::0:8""]",17.119352,0.00056,0.645382,"[""building-part:49854dbaf327c4b6de3b"", ""building-part:8434d9ab094d86d25a90""]","[""building-part:49854dbaf327c4b6de3b"", ""building-part:8434d9ab094d86d25a90""]","[""building-part:49854dbaf327c4b6de3b"", ""building-part:8434d9ab094d86d25a90""]",True,True,True
8c0ef0cf-51a7-4ac0-8bbf-735f88a799cc,0,candidate_oblique,3,8c0ef0cf-51a7-4ac0-8bbf-735f88a799cc::ceiling-oblique::ceiling-oblique:3,9.915542,271.164298,40.835346,2,0.581334,0.527273,0.99948,0.102083,1.750043,6.427082,6.523445,1,6.523445,8c0ef0cf-51a7-4ac0-8bbf-735f88a799cc::eave-chain::0:15,0.994602,0,0.774189,0.737884,strong,keep,False,"[""8c0ef0cf-51a7-4ac0-8bbf-735f88a799cc::eave-chain::0:15""]",6.523445,0.031278,0.018254,"[""building-part:49854dbaf327c4b6de3b"", ""building-part:8434d9ab094d86d25a90""]","[""building-part:49854dbaf327c4b6de3b"", ""building-part:8434d9ab094d86d25a90""]","[""building-part:49854dbaf327c4b6de3b"", ""building-part:8434d9ab094d86d25a90""]",True,True,True
8c0ef0cf-51a7-4ac0-8bbf-735f88a799cc,0,candidate_oblique,4,8c0ef0cf-51a7-4ac0-8bbf-735f88a799cc::ceiling-oblique::ceiling-oblique:4,49.581018,271.226774,26.747852,5,0.964949,0.687869,0.999156,0.584089,1.98804,16.634537,11.857818,3,19.819608,8c0ef0cf-51a7-4ac0-8bbf-735f88a799cc::eave-chain::0:21,0.990077,0,0.898928,0.923385,strong,keep,False,"[""8c0ef0cf-51a7-4ac0-8bbf-735f88a799cc::eave-chain::0:19"", ""8c0ef0cf-51a7-4ac0-8bbf-735f88a799cc::eave-chain::0:20"", ""8c0ef0cf-51a7-4ac0-8bbf-735f88a799cc::eave-chain::0:21""]",19.819608,0.306931,0.031479,"[""building-part:08675b55c78ece12210d"", ""building-part:27e2bb69440877250773"", ""building-part:921c7a220c1b237858fa"", ""building-part:f3cdc596bdcc44dd0af9""]","[""building-part:08675b55c78ece12210d"", ""building-part:27e2bb69440877250773"", ""building-part:921c7a220c1b237858fa"", ""building-part:f3cdc596bdcc44dd0af9""]","[""building-part:08675b55c78ece12210d"", ""building-part:27e2bb69440877250773"", ""building-part:921c7a220c1b237858fa"", ""building-part:f3cdc596bdcc44dd0af9""]",False,True,False
8c0ef0cf-51a7-4ac0-8bbf-735f88a799cc,0,candidate_oblique,5,8c0ef0cf-51a7-4ac0-8bbf-735f88a799cc::ceiling-oblique::ceiling-oblique:5,52.839351,91.212887,26.601266,10,0.962468,0.753692,0.984847,17.082825,3.339203,21.087617,17.812059,4,25.975968,8c0ef0cf-51a7-4ac0-8bbf-735f88a799cc::eave-chain::0:18,0.994069,0,0.911025,0.932695,strong,keep,False,"[""8c0ef0cf-51a7-4ac0-8bbf-735f88a799cc::eave-chain::0:18"", ""8c0ef0cf-51a7-4ac0-8bbf-735f88a799cc::eave-chain::0:19"", ""8c0ef0cf-51a7-4ac0-8bbf-735f88a799cc::eave-chain::0:20"", ""8c0ef0cf-51a7-4ac0-8bbf-735f88a799cc::eave-chain::0:21""]",25.975968,0.206048,0.018519,"[""building-part:08675b55c78ece12210d"", ""building-part:27e2bb69440877250773"", ""building-part:f3cdc596bdcc44dd0af9""]","[""building-part:08675b55c78ece12210d"", ""building-part:27e2bb69440877250773"", ""building-part:f3cdc596bdcc44dd0af9""]","[""building-part:08675b55c78ece12210d"", ""building-part:27e2bb69440877250773"", ""building-part:f3cdc596bdcc44dd0af9""]",False,True,False
8c0ef0cf-51a7-4ac0-8bbf-735f88a799cc,0,committed_oblique,0,8c0ef0cf-51a7-4ac0-8bbf-735f88a799cc::roof-oblique::oblique:0,21.263199,181.168129,25.622443,3,0.917749,0.635753,0.999923,0.793726,0.702223,0.0,11.002415,4,35.21416,8c0ef0cf-51a7-4ac0-8bbf-735f88a799cc::eave-chain::0:2,0.995558,0,0.874237,0.894235,strong,keep,False,"[""8c0ef0cf-51a7-4ac0-8bbf-735f88a799cc::eave-chain::0:0"", ""8c0ef0cf-51a7-4ac0-8bbf-735f88a799cc::eave-chain::0:1"", ""8c0ef0cf-51a7-4ac0-8bbf-735f88a799cc::eave-chain::0:2"", ""8c0ef0cf-51a7-4ac0-8bbf-735f88a799cc::eave-chain::0:3""]",35.21416,0.021514,0.699888,"[""building-part:921c7a220c1b237858fa""]","[""building-part:921c7a220c1b237858fa""]","[""building-part:921c7a220c1b237858fa"", ""building-part:f3cdc596bdcc44dd0af9""]",False,True,False
8c0ef0cf-51a7-4ac0-8bbf-735f88a799cc,0,committed_oblique,1,8c0ef0cf-51a7-4ac0-8bbf-735f88a799cc::roof-oblique::oblique:1,0.235043,1.162364,27.062729,1,0.999812,0.516129,0.992648,0.185088,6.951704,0.0,0.0,0,0.0,8c0ef0cf-51a7-4ac0-8bbf-735f88a799cc::eave-chain::0:1,0.654017,0,0.851125,0.70168,strong,keep,False,[],0.0,,,"[""building-part:921c7a220c1b237858fa"", ""building-part:f3cdc596bdcc44dd0af9""]","[""building-part:921c7a220c1b237858fa"", ""building-part:f3cdc596bdcc44dd0af9""]","[""building-part:921c7a220c1b237858fa"", ""building-part:f3cdc596bdcc44dd0af9""]",False,True,False
8c0ef0cf-51a7-4ac0-8bbf-735f88a799cc,0,committed_oblique,2,8c0ef0cf-51a7-4ac0-8bbf-735f88a799cc::roof-oblique::oblique:2,9.863214,271.165456,40.828514,2,0.582733,0.527273,0.999479,0.102083,1.750043,0.0,6.523445,1,6.523445,8c0ef0cf-51a7-4ac0-8bbf-735f88a799cc::eave-chain::0:15,0.994683,0,0.774468,0.738443,strong,keep,False,"[""8c0ef0cf-51a7-4ac0-8bbf-735f88a799cc::eave-chain::0:15""]",6.523445,0.031278,0.017934,"[""building-part:49854dbaf327c4b6de3b"", ""building-part:8434d9ab094d86d25a90""]","[""building-part:49854dbaf327c4b6de3b"", ""building-part:8434d9ab094d86d25a90""]","[""building-part:49854dbaf327c4b6de3b"", ""building-part:8434d9ab094d86d25a90""]",True,True,True
8c0ef0cf-51a7-4ac0-8bbf-735f88a799cc,0,committed_oblique,3,8c0ef0cf-51a7-4ac0-8bbf-735f88a799cc::roof-oblique::oblique:3,42.8086,91.215363,26.601573,5,0.97914,0.627552,0.99929,0.702621,2.134319,4.45308,21.258944,5,29.422852,8c0ef0cf-51a7-4ac0-8bbf-735f88a799cc::eave-chain::0:18,0.994614,0,0.883739,0.917024,strong,keep,False,"[""8c0ef0cf-51a7-4ac0-8bbf-735f88a799cc::eave-chain::0:17"", ""8c0ef0cf-51a7-4ac0-8bbf-735f88a799cc::eave-chain::0:18"", ""8c0ef0cf-51a7-4ac0-8bbf-735f88a799cc::eave-chain::0:19"", ""8c0ef0cf-51a7-4ac0-8bbf-735f88a799cc::eave-chain::0:20"", ""8c0ef0cf-51a7-4ac0-8bbf-735f88a799cc::eave-chain::0:21""]",29.422852,0.119052,0.026976,"[""building-part:08675b55c78ece12210d"", ""building-part:27e2bb69440877250773"", ""building-part:f3cdc596bdcc44dd0af9""]","[""building-part:08675b55c78ece12210d"", ""building-part:27e2bb69440877250773"", ""building-part:f3cdc596bdcc44dd0af9""]","[""building-part:08675b55c78ece12210d"", ""building-part:27e2bb69440877250773"", ""building-part:f3cdc596bdcc44dd0af9""]",False,True,False
8c0ef0cf-51a7-4ac0-8bbf-735f88a799cc,0,ridge_eave_plane_group,0,8c0ef0cf-51a7-4ac0-8bbf-735f88a799cc::ridge-eave-candidate::plane-group::21a06e5587b5,222.291692,271.164298,24.659268,24,0.853831,0.686861,0.83739,90.5259,3.994883,27.514699,34.712944,11,44.930299,8c0ef0cf-51a7-4ac0-8bbf-735f88a799cc::eave-chain::0:14,0.899997,0,0.795519,0.846382,strong,keep,False,"[""8c0ef0cf-51a7-4ac0-8bbf-735f88a799cc::eave-chain::0:11"", ""8c0ef0cf-51a7-4ac0-8bbf-735f88a799cc::eave-chain::0:14"", ""8c0ef0cf-51a7-4ac0-8bbf-735f88a799cc::eave-chain::0:15"", ""8c0ef0cf-51a7-4ac0-8bbf-735f88a799cc::eave-chain::0:16"", ""8c0ef0cf-51a7-4ac0-8bbf-735f88a799cc::eave-chain::0:18"", ""8c0ef0cf-51a7-4ac0-8bbf-735f88a799cc::eave-chain::0:19"", ""8c0ef0cf-51a7-4ac0-8bbf-735f88a799cc::eave-chain::0:20"", ""8c0ef0cf-51a7-4ac0-8bbf-735f88a799cc::eave-chain::0:21"", ""8c0ef0cf-51a7-4ac0-8bbf-735f88a799cc::eave-chain::0:4"", ""8c0ef0cf-51a7-4ac0-8bbf-735f88a799cc::eave-chain::0:6"", ""8c0ef0cf-51a7-4ac0-8bbf-735f88a799cc::eave-chain::0:8""]",44.930299,0.004837,4.089139,"[""building-part:921c7a220c1b237858fa""]","[""building-part:921c7a220c1b237858fa""]","[""building-part:08675b55c78ece12210d"", ""building-part:27e2bb69440877250773"", ""building-part:8434d9ab094d86d25a90"", ""building-part:921c7a220c1b237858fa"", ""building-part:f3cdc596bdcc44dd0af9""]",False,True,True
8c0ef0cf-51a7-4ac0-8bbf-735f88a799cc,0,ridge_eave_plane_group,1,8c0ef0cf-51a7-4ac0-8bbf-735f88a799cc::ridge-eave-candidate::plane-group::d2f945a49ca3,222.232028,91.164298,23.811471,24,0.853793,0.686861,0.871752,89.4741,4.640368,27.514699,34.712944,11,44.930299,8c0ef0cf-51a7-4ac0-8bbf-735f88a799cc::eave-chain::0:14,0.899997,0,0.812693,0.85324,strong,keep,False,"[""8c0ef0cf-51a7-4ac0-8bbf-735f88a799cc::eave-chain::0:11"", ""8c0ef0cf-51a7-4ac0-8bbf-735f88a799cc::eave-chain::0:14"", ""8c0ef0cf-51a7-4ac0-8bbf-735f88a799cc::eave-chain::0:15"", ""8c0ef0cf-51a7-4ac0-8bbf-735f88a799cc::eave-chain::0:16"", ""8c0ef0cf-51a7-4ac0-8bbf-735f88a799cc::eave-chain::0:18"", ""8c0ef0cf-51a7-4ac0-8bbf-735f88a799cc::eave-chain::0:19"", ""8c0ef0cf-51a7-4ac0-8bbf-735f88a799cc::eave-chain::0:20"", ""8c0ef0cf-51a7-4ac0-8bbf-735f88a799cc::eave-chain::0:21"", ""8c0ef0cf-51a7-4ac0-8bbf-735f88a799cc::eave-chain::0:4"", ""8c0ef0cf-51a7-4ac0-8bbf-735f88a799cc::eave-chain::0:6"", ""8c0ef0cf-51a7-4ac0-8bbf-735f88a799cc::eave-chain::0:8""]",44.930299,0.004837,3.67299,"[""building-part:921c7a220c1b237858fa""]","[""building-part:921c7a220c1b237858fa""]","[""building-part:08675b55c78ece12210d"", ""building-part:27e2bb69440877250773"", ""building-part:8434d9ab094d86d25a90"", ""building-part:921c7a220c1b237858fa"", ""building-part:f3cdc596bdcc44dd0af9""]",False,True,True
8c0ef0cf-51a7-4ac0-8bbf-735f88a799cc,0,ridge_eave_plane_group,2,8c0ef0cf-51a7-4ac0-8bbf-735f88a799cc::ridge-eave-candidate::plane-group::17381e1f3419,222.291692,181.164286,25.622592,24,0.853831,0.686861,0.801091,89.999455,3.728561,5.863982,21.770008,9,47.682303,8c0ef0cf-51a7-4ac0-8bbf-735f88a799cc::eave-chain::0:3,0.995517,0,0.77737,0.839123,strong,keep,False,"[""8c0ef0cf-51a7-4ac0-8bbf-735f88a799cc::eave-chain::0:0"", ""8c0ef0cf-51a7-4ac0-8bbf-735f88a799cc::eave-chain::0:1"", ""8c0ef0cf-51a7-4ac0-8bbf-735f88a799cc::eave-chain::0:10"", ""8c0ef0cf-51a7-4ac0-8bbf-735f88a799cc::eave-chain::0:12"", ""8c0ef0cf-51a7-4ac0-8bbf-735f88a799cc::eave-chain::0:2"", ""8c0ef0cf-51a7-4ac0-8bbf-735f88a799cc::eave-chain::0:22"", ""8c0ef0cf-51a7-4ac0-8bbf-735f88a799cc::eave-chain::0:3"", ""8c0ef0cf-51a7-4ac0-8bbf-735f88a799cc::eave-chain::0:5"", ""8c0ef0cf-51a7-4ac0-8bbf-735f88a799cc::eave-chain::0:7""]",47.682303,0.012334,1.387087,"[""building-part:921c7a220c1b237858fa"", ""building-part:f3cdc596bdcc44dd0af9""]","[""building-part:921c7a220c1b237858fa"", ""building-part:f3cdc596bdcc44dd0af9""]","[""building-part:08675b55c78ece12210d"", ""building-part:49854dbaf327c4b6de3b"", ""building-part:8434d9ab094d86d25a90"", ""building-part:921c7a220c1b237858fa"", ""building-part:f3cdc596bdcc44dd0af9""]",False,True,True
8c0ef0cf-51a7-4ac0-8bbf-735f88a799cc,0,ridge_eave_plane_group,3,8c0ef0cf-51a7-4ac0-8bbf-735f88a799cc::ridge-eave-candidate::plane-group::0d0fbf24f47d,222.232028,1.164295,27.091967,24,0.853793,0.686861,0.793244,90.000554,5.159569,5.863982,21.770008,9,47.682303,8c0ef0cf-51a7-4ac0-8bbf-735f88a799cc::eave-chain::0:0,0.999656,0,0.773439,0.837538,strong,keep,False,"[""8c0ef0cf-51a7-4ac0-8bbf-735f88a799cc::eave-chain::0:0"", ""8c0ef0cf-51a7-4ac0-8bbf-735f88a799cc::eave-chain::0:1"", ""8c0ef0cf-51a7-4ac0-8bbf-735f88a799cc::eave-chain::0:10"", ""8c0ef0cf-51a7-4ac0-8bbf-735f88a799cc::eave-chain::0:12"", ""8c0ef0cf-51a7-4ac0-8bbf-735f88a799cc::eave-chain::0:2"", ""8c0ef0cf-51a7-4ac0-8bbf-735f88a799cc::eave-chain::0:22"", ""8c0ef0cf-51a7-4ac0-8bbf-735f88a799cc::eave-chain::0:3"", ""8c0ef0cf-51a7-4ac0-8bbf-735f88a799cc::eave-chain::0:5"", ""8c0ef0cf-51a7-4ac0-8bbf-735f88a799cc::eave-chain::0:7""]",47.682303,0.012342,1.06378,"[""building-part:921c7a220c1b237858fa"", ""building-part:f3cdc596bdcc44dd0af9""]","[""building-part:921c7a220c1b237858fa"", ""building-part:f3cdc596bdcc44dd0af9""]","[""building-part:08675b55c78ece12210d"", ""building-part:49854dbaf327c4b6de3b"", ""building-part:8434d9ab094d86d25a90"", ""building-part:921c7a220c1b237858fa"", ""building-part:f3cdc596bdcc44dd0af9""]",False,True,True
8c0ef0cf-51a7-4ac0-8bbf-735f88a799cc,0,ridge_eave_plane_group,4,8c0ef0cf-51a7-4ac0-8bbf-735f88a799cc::ridge-eave-candidate::plane-group::60d406aec8d1,222.291292,91.164302,44.579906,24,0.853832,0.686861,0.67767,89.474096,17.840002,27.514699,34.712944,11,44.930299,8c0ef0cf-51a7-4ac0-8bbf-735f88a799cc::eave-chain::0:16,0.963562,0,0.71566,0.814439,medium,keep,False,"[""8c0ef0cf-51a7-4ac0-8bbf-735f88a799cc::eave-chain::0:11"", ""8c0ef0cf-51a7-4ac0-8bbf-735f88a799cc::eave-chain::0:14"", ""8c0ef0cf-51a7-4ac0-8bbf-735f88a799cc::eave-chain::0:15"", ""8c0ef0cf-51a7-4ac0-8bbf-735f88a799cc::eave-chain::0:16"", ""8c0ef0cf-51a7-4ac0-8bbf-735f88a799cc::eave-chain::0:18"", ""8c0ef0cf-51a7-4ac0-8bbf-735f88a799cc::eave-chain::0:19"", ""8c0ef0cf-51a7-4ac0-8bbf-735f88a799cc::eave-chain::0:20"", ""8c0ef0cf-51a7-4ac0-8bbf-735f88a799cc::eave-chain::0:21"", ""8c0ef0cf-51a7-4ac0-8bbf-735f88a799cc::eave-chain::0:4"", ""8c0ef0cf-51a7-4ac0-8bbf-735f88a799cc::eave-chain::0:6"", ""8c0ef0cf-51a7-4ac0-8bbf-735f88a799cc::eave-chain::0:8""]",44.930299,0.004841,4.487605,"[""building-part:8434d9ab094d86d25a90""]","[""building-part:8434d9ab094d86d25a90""]","[""building-part:08675b55c78ece12210d"", ""building-part:27e2bb69440877250773"", ""building-part:49854dbaf327c4b6de3b"", ""building-part:8434d9ab094d86d25a90"", ""building-part:921c7a220c1b237858fa"", ""building-part:f3cdc596bdcc44dd0af9""]",True,True,True
8c0ef0cf-51a7-4ac0-8bbf-735f88a799cc,0,ridge_eave_plane_group,5,8c0ef0cf-51a7-4ac0-8bbf-735f88a799cc::ridge-eave-candidate::plane-group::6b5aae198a73,222.291292,271.164302,39.668512,24,0.853832,0.686861,0.708591,90.525904,12.928608,27.514699,34.712944,11,44.930299,8c0ef0cf-51a7-4ac0-8bbf-735f88a799cc::eave-chain::0:15,0.958332,0,0.73112,0.820623,medium,keep,False,"[""8c0ef0cf-51a7-4ac0-8bbf-735f88a799cc::eave-chain::0:11"", ""8c0ef0cf-51a7-4ac0-8bbf-735f88a799cc::eave-chain::0:14"", ""8c0ef0cf-51a7-4ac0-8bbf-735f88a799cc::eave-chain::0:15"", ""8c0ef0cf-51a7-4ac0-8bbf-735f88a799cc::eave-chain::0:16"", ""8c0ef0cf-51a7-4ac0-8bbf-735f88a799cc::eave-chain::0:18"", ""8c0ef0cf-51a7-4ac0-8bbf-735f88a799cc::eave-chain::0:19"", ""8c0ef0cf-51a7-4ac0-8bbf-735f88a799cc::eave-chain::0:20"", ""8c0ef0cf-51a7-4ac0-8bbf-735f88a799cc::eave-chain::0:21"", ""8c0ef0cf-51a7-4ac0-8bbf-735f88a799cc::eave-chain::0:4"", ""8c0ef0cf-51a7-4ac0-8bbf-735f88a799cc::eave-chain::0:6"", ""8c0ef0cf-51a7-4ac0-8bbf-735f88a799cc::eave-chain::0:8""]",44.930299,0.004841,6.186813,"[""building-part:8434d9ab094d86d25a90""]","[""building-part:8434d9ab094d86d25a90""]","[""building-part:27e2bb69440877250773"", ""building-part:921c7a220c1b237858fa""]",True,True,True
8c0ef0cf-51a7-4ac0-8bbf-735f88a799cc,0,ridge_eave_plane_group,6,8c0ef0cf-51a7-4ac0-8bbf-735f88a799cc::ridge-eave-candidate::plane-group::b45cd070a6e1,222.291292,91.164324,40.15498,24,0.853832,0.686861,0.72746,89.474075,13.415076,27.514699,34.712944,11,44.930299,8c0ef0cf-51a7-4ac0-8bbf-735f88a799cc::eave-chain::0:16,0.983531,0,0.740555,0.824397,medium,keep,False,"[""8c0ef0cf-51a7-4ac0-8bbf-735f88a799cc::eave-chain::0:11"", ""8c0ef0cf-51a7-4ac0-8bbf-735f88a799cc::eave-chain::0:14"", ""8c0ef0cf-51a7-4ac0-8bbf-735f88a799cc::eave-chain::0:15"", ""8c0ef0cf-51a7-4ac0-8bbf-735f88a799cc::eave-chain::0:16"", ""8c0ef0cf-51a7-4ac0-8bbf-735f88a799cc::eave-chain::0:18"", ""8c0ef0cf-51a7-4ac0-8bbf-735f88a799cc::eave-chain::0:19"", ""8c0ef0cf-51a7-4ac0-8bbf-735f88a799cc::eave-chain::0:20"", ""8c0ef0cf-51a7-4ac0-8bbf-735f88a799cc::eave-chain::0:21"", ""8c0ef0cf-51a7-4ac0-8bbf-735f88a799cc::eave-chain::0:4"", ""8c0ef0cf-51a7-4ac0-8bbf-735f88a799cc::eave-chain::0:6"", ""8c0ef0cf-51a7-4ac0-8bbf-735f88a799cc::eave-chain::0:8""]",44.930299,0.004862,3.89968,"[""building-part:8434d9ab094d86d25a90""]","[""building-part:8434d9ab094d86d25a90""]","[""building-part:27e2bb69440877250773"", ""building-part:921c7a220c1b237858fa""]",True,True,True
8c0ef0cf-51a7-4ac0-8bbf-735f88a799cc,0,ridge_eave_plane_group,7,8c0ef0cf-51a7-4ac0-8bbf-735f88a799cc::ridge-eave-candidate::plane-group::5249f3ce43c9,222.291292,271.164288,43.168968,24,0.853832,0.686861,0.671203,90.52589,16.429064,27.514699,34.712944,11,44.930299,8c0ef0cf-51a7-4ac0-8bbf-735f88a799cc::eave-chain::0:15,0.95907,0,0.712426,0.813146,medium,keep,False,"[""8c0ef0cf-51a7-4ac0-8bbf-735f88a799cc::eave-chain::0:11"", ""8c0ef0cf-51a7-4ac0-8bbf-735f88a799cc::eave-chain::0:14"", ""8c0ef0cf-51a7-4ac0-8bbf-735f88a799cc::eave-chain::0:15"", ""8c0ef0cf-51a7-4ac0-8bbf-735f88a799cc::eave-chain::0:16"", ""8c0ef0cf-51a7-4ac0-8bbf-735f88a799cc::eave-chain::0:18"", ""8c0ef0cf-51a7-4ac0-8bbf-735f88a799cc::eave-chain::0:19"", ""8c0ef0cf-51a7-4ac0-8bbf-735f88a799cc::eave-chain::0:20"", ""8c0ef0cf-51a7-4ac0-8bbf-735f88a799cc::eave-chain::0:21"", ""8c0ef0cf-51a7-4ac0-8bbf-735f88a799cc::eave-chain::0:4"", ""8c0ef0cf-51a7-4ac0-8bbf-735f88a799cc::eave-chain::0:6"", ""8c0ef0cf-51a7-4ac0-8bbf-735f88a799cc::eave-chain::0:8""]",44.930299,0.004827,6.324924,"[""building-part:49854dbaf327c4b6de3b"", ""building-part:8434d9ab094d86d25a90""]","[""building-part:49854dbaf327c4b6de3b"", ""building-part:8434d9ab094d86d25a90""]","[""building-part:08675b55c78ece12210d"", ""building-part:27e2bb69440877250773"", ""building-part:8434d9ab094d86d25a90"", ""building-part:921c7a220c1b237858fa"", ""building-part:f3cdc596bdcc44dd0af9""]",True,True,True
8c0ef0cf-51a7-4ac0-8bbf-735f88a799cc,0,ridge_eave_plane_group,8,8c0ef0cf-51a7-4ac0-8bbf-735f88a799cc::ridge-eave-candidate::plane-group::e906e09df5d1,17.746221,271.211801,26.749155,1,0.050176,0.516129,0.806236,90.837398,1.703782,0.0,0.0,0,0.0,8c0ef0cf-51a7-4ac0-8bbf-735f88a799cc::eave-chain::0:21,0.497986,0,0.567992,0.284543,medium,drop_candidate,False,[],0.0,,,"[""building-part:08675b55c78ece12210d"", ""building-part:27e2bb69440877250773"", ""building-part:f3cdc596bdcc44dd0af9""]","[""building-part:08675b55c78ece12210d"", ""building-part:27e2bb69440877250773"", ""building-part:f3cdc596bdcc44dd0af9""]","[""building-part:921c7a220c1b237858fa"", ""building-part:f3cdc596bdcc44dd0af9""]",False,True,False
8c0ef0cf-51a7-4ac0-8bbf-735f88a799cc,0,ridge_eave_plane_group,9,8c0ef0cf-51a7-4ac0-8bbf-735f88a799cc::ridge-eave-candidate::plane-group::1badc3244939,222.291292,271.211801,26.749155,24,0.853832,0.686861,0.822704,90.573402,4.816756,27.514699,34.712944,11,44.930299,8c0ef0cf-51a7-4ac0-8bbf-735f88a799cc::eave-chain::0:21,0.997986,0,0.788177,0.843446,strong,keep,False,"[""8c0ef0cf-51a7-4ac0-8bbf-735f88a799cc::eave-chain::0:11"", ""8c0ef0cf-51a7-4ac0-8bbf-735f88a799cc::eave-chain::0:14"", ""8c0ef0cf-51a7-4ac0-8bbf-735f88a799cc::eave-chain::0:15"", ""8c0ef0cf-51a7-4ac0-8bbf-735f88a799cc::eave-chain::0:16"", ""8c0ef0cf-51a7-4ac0-8bbf-735f88a799cc::eave-chain::0:18"", ""8c0ef0cf-51a7-4ac0-8bbf-735f88a799cc::eave-chain::0:19"", ""8c0ef0cf-51a7-4ac0-8bbf-735f88a799cc::eave-chain::0:20"", ""8c0ef0cf-51a7-4ac0-8bbf-735f88a799cc::eave-chain::0:21"", ""8c0ef0cf-51a7-4ac0-8bbf-735f88a799cc::eave-chain::0:4"", ""8c0ef0cf-51a7-4ac0-8bbf-735f88a799cc::eave-chain::0:6"", ""8c0ef0cf-51a7-4ac0-8bbf-735f88a799cc::eave-chain::0:8""]",44.930299,0.04815,5.806024,"[""building-part:08675b55c78ece12210d"", ""building-part:27e2bb69440877250773"", ""building-part:f3cdc596bdcc44dd0af9""]","[""building-part:08675b55c78ece12210d"", ""building-part:27e2bb69440877250773"", ""building-part:f3cdc596bdcc44dd0af9""]","[""building-part:08675b55c78ece12210d"", ""building-part:27e2bb69440877250773"", ""building-part:49854dbaf327c4b6de3b"", ""building-part:8434d9ab094d86d25a90"", ""building-part:921c7a220c1b237858fa"", ""building-part:f3cdc596bdcc44dd0af9""]",False,True,True
8c0ef0cf-51a7-4ac0-8bbf-735f88a799cc,0,ridge_eave_plane_group,10,8c0ef0cf-51a7-4ac0-8bbf-735f88a799cc::ridge-eave-candidate::plane-group::9b2d40485a03,222.291292,91.10863,26.514718,24,0.853832,0.686861,0.85263,89.529769,4.58232,27.514699,34.712944,11,44.930299,8c0ef0cf-51a7-4ac0-8bbf-735f88a799cc::eave-chain::0:18,0.984768,0,0.80314,0.849431,strong,keep,False,"[""8c0ef0cf-51a7-4ac0-8bbf-735f88a799cc::eave-chain::0:11"", ""8c0ef0cf-51a7-4ac0-8bbf-735f88a799cc::eave-chain::0:14"", ""8c0ef0cf-51a7-4ac0-8bbf-735f88a799cc::eave-chain::0:15"", ""8c0ef0cf-51a7-4ac0-8bbf-735f88a799cc::eave-chain::0:16"", ""8c0ef0cf-51a7-4ac0-8bbf-735f88a799cc::eave-chain::0:18"", ""8c0ef0cf-51a7-4ac0-8bbf-735f88a799cc::eave-chain::0:19"", ""8c0ef0cf-51a7-4ac0-8bbf-735f88a799cc::eave-chain::0:20"", ""8c0ef0cf-51a7-4ac0-8bbf-735f88a799cc::eave-chain::0:21"", ""8c0ef0cf-51a7-4ac0-8bbf-735f88a799cc::eave-chain::0:4"", ""8c0ef0cf-51a7-4ac0-8bbf-735f88a799cc::eave-chain::0:6"", ""8c0ef0cf-51a7-4ac0-8bbf-735f88a799cc::eave-chain::0:8""]",44.930299,0.057202,8.189964,"[""building-part:08675b55c78ece12210d"", ""building-part:27e2bb69440877250773"", ""building-part:f3cdc596bdcc44dd0af9""]","[""building-part:08675b55c78ece12210d"", ""building-part:27e2bb69440877250773"", ""building-part:f3cdc596bdcc44dd0af9""]","[""building-part:08675b55c78ece12210d"", ""building-part:27e2bb69440877250773"", ""building-part:49854dbaf327c4b6de3b"", ""building-part:8434d9ab094d86d25a90"", ""building-part:921c7a220c1b237858fa"", ""building-part:f3cdc596bdcc44dd0af9""]",False,True,True
8e7e69b2-e1db-4482-8f21-93be6904a5f1,1,candidate_oblique,0,8e7e69b2-e1db-4482-8f21-93be6904a5f1::ceiling-oblique::ceiling-oblique:0,2.191618,4.52158,16.86066,2,0.998829,1.0,0.978505,87.963046,8.430429,7.072611,3.535721,9,45.646184,8e7e69b2-e1db-4482-8f21-93be6904a5f1::eave-chain::1:17,0.998901,0,0.989018,0.995233,strong,keep,False,"[""8e7e69b2-e1db-4482-8f21-93be6904a5f1::eave-chain::1:0"", ""8e7e69b2-e1db-4482-8f21-93be6904a5f1::eave-chain::1:11"", ""8e7e69b2-e1db-4482-8f21-93be6904a5f1::eave-chain::1:15"", ""8e7e69b2-e1db-4482-8f21-93be6904a5f1::eave-chain::1:17"", ""8e7e69b2-e1db-4482-8f21-93be6904a5f1::eave-chain::1:2"", ""8e7e69b2-e1db-4482-8f21-93be6904a5f1::eave-chain::1:4"", ""8e7e69b2-e1db-4482-8f21-93be6904a5f1::eave-chain::1:6"", ""8e7e69b2-e1db-4482-8f21-93be6904a5f1::eave-chain::1:8"", ""8e7e69b2-e1db-4482-8f21-93be6904a5f1::eave-chain::1:9""]",45.646184,0.039603,0.720873,"[""building-part:7f62d8a2da5a7933ba62""]","[""building-part:7f62d8a2da5a7933ba62""]","[""building-part:7f62d8a2da5a7933ba62""]",True,False,False
8e7e69b2-e1db-4482-8f21-93be6904a5f1,1,committed_oblique,0,8e7e69b2-e1db-4482-8f21-93be6904a5f1::roof-oblique::oblique:0,4.258922,4.518626,16.891416,3,0.997148,1.0,0.956857,175.481374,16.891416,7.072611,3.535721,9,45.646184,8e7e69b2-e1db-4482-8f21-93be6904a5f1::eave-chain::1:17,0.998891,0,0.977858,0.99023,strong,keep,False,"[""8e7e69b2-e1db-4482-8f21-93be6904a5f1::eave-chain::1:0"", ""8e7e69b2-e1db-4482-8f21-93be6904a5f1::eave-chain::1:11"", ""8e7e69b2-e1db-4482-8f21-93be6904a5f1::eave-chain::1:15"", ""8e7e69b2-e1db-4482-8f21-93be6904a5f1::eave-chain::1:17"", ""8e7e69b2-e1db-4482-8f21-93be6904a5f1::eave-chain::1:2"", ""8e7e69b2-e1db-4482-8f21-93be6904a5f1::eave-chain::1:4"", ""8e7e69b2-e1db-4482-8f21-93be6904a5f1::eave-chain::1:6"", ""8e7e69b2-e1db-4482-8f21-93be6904a5f1::eave-chain::1:8"", ""8e7e69b2-e1db-4482-8f21-93be6904a5f1::eave-chain::1:9""]",45.646184,0.039603,0.721984,"[""building-part:7f62d8a2da5a7933ba62""]","[""building-part:7f62d8a2da5a7933ba62""]","[""building-part:7f62d8a2da5a7933ba62""]",True,False,False
8e7e69b2-e1db-4482-8f21-93be6904a5f1,1,ridge_eave_plane_group,0,8e7e69b2-e1db-4482-8f21-93be6904a5f1::ridge-eave-candidate::plane-group::743769796b60,110.141852,4.52158,16.860628,9,0.929232,1.0,0.957013,175.47842,16.860628,7.072611,26.30319,9,45.646184,8e7e69b2-e1db-4482-8f21-93be6904a5f1::eave-chain::1:4,0.998901,0,0.964353,0.963095,strong,keep,False,"[""8e7e69b2-e1db-4482-8f21-93be6904a5f1::eave-chain::1:0"", ""8e7e69b2-e1db-4482-8f21-93be6904a5f1::eave-chain::1:11"", ""8e7e69b2-e1db-4482-8f21-93be6904a5f1::eave-chain::1:15"", ""8e7e69b2-e1db-4482-8f21-93be6904a5f1::eave-chain::1:17"", ""8e7e69b2-e1db-4482-8f21-93be6904a5f1::eave-chain::1:2"", ""8e7e69b2-e1db-4482-8f21-93be6904a5f1::eave-chain::1:4"", ""8e7e69b2-e1db-4482-8f21-93be6904a5f1::eave-chain::1:6"", ""8e7e69b2-e1db-4482-8f21-93be6904a5f1::eave-chain::1:8"", ""8e7e69b2-e1db-4482-8f21-93be6904a5f1::eave-chain::1:9""]",45.646184,0.039603,0.721068,"[""building-part:7f62d8a2da5a7933ba62""]","[""building-part:7f62d8a2da5a7933ba62""]","[""building-part:7f62d8a2da5a7933ba62""]",True,True,True
90683bb0-28ca-42a8-82b8-09d82cd434d5,2,candidate_oblique,0,90683bb0-28ca-42a8-82b8-09d82cd434d5::ceiling-oblique::ceiling-oblique:0,13.371913,252.122423,41.050598,6,0.787778,0.451961,0.996682,0.817537,2.452783,2.427345,7.059546,4,11.500584,90683bb0-28ca-42a8-82b8-09d82cd434d5::eave-chain::2:1,0.990079,0,0.791485,0.80484,strong,keep,False,"[""90683bb0-28ca-42a8-82b8-09d82cd434d5::eave-chain::2:0"", ""90683bb0-28ca-42a8-82b8-09d82cd434d5::eave-chain::2:1"", ""90683bb0-28ca-42a8-82b8-09d82cd434d5::eave-chain::2:2"", ""90683bb0-28ca-42a8-82b8-09d82cd434d5::eave-chain::2:3""]",11.500584,0.226475,0.09972,"[""building-part:fb67c7fb09412db2b89a""]","[""building-part:fb67c7fb09412db2b89a""]","[""building-part:fb67c7fb09412db2b89a""]",False,True,True
90683bb0-28ca-42a8-82b8-09d82cd434d5,2,candidate_oblique,1,90683bb0-28ca-42a8-82b8-09d82cd434d5::ceiling-oblique::ceiling-oblique:1,16.572633,72.122415,42.034335,2,0.224713,0.382353,0.976826,0.845773,8.756265,2.427345,3.663734,1,3.663734,90683bb0-28ca-42a8-82b8-09d82cd434d5::eave-chain::2:2,0.987489,0,0.648061,0.561721,medium,maybe,False,"[""90683bb0-28ca-42a8-82b8-09d82cd434d5::eave-chain::2:2""]",3.663734,0.464413,0.000505,"[""building-part:fb67c7fb09412db2b89a""]","[""building-part:fb67c7fb09412db2b89a""]","[""building-part:fb67c7fb09412db2b89a""]",False,True,True
90683bb0-28ca-42a8-82b8-09d82cd434d5,2,committed_oblique,0,90683bb0-28ca-42a8-82b8-09d82cd434d5::roof-oblique::oblique:0,18.051056,252.120086,41.048634,8,0.598724,0.434559,0.993723,3.967127,2.454747,2.427345,3.663734,4,11.500584,90683bb0-28ca-42a8-82b8-09d82cd434d5::eave-chain::2:1,0.990051,0,0.746974,0.725146,medium,keep,False,"[""90683bb0-28ca-42a8-82b8-09d82cd434d5::eave-chain::2:0"", ""90683bb0-28ca-42a8-82b8-09d82cd434d5::eave-chain::2:1"", ""90683bb0-28ca-42a8-82b8-09d82cd434d5::eave-chain::2:2"", ""90683bb0-28ca-42a8-82b8-09d82cd434d5::eave-chain::2:3""]",11.500584,0.226475,0.099647,"[""building-part:fb67c7fb09412db2b89a""]","[""building-part:fb67c7fb09412db2b89a""]","[""building-part:fb67c7fb09412db2b89a""]",False,True,True
90683bb0-28ca-42a8-82b8-09d82cd434d5,2,committed_oblique,1,90683bb0-28ca-42a8-82b8-09d82cd434d5::roof-oblique::oblique:1,17.414168,72.123415,42.037361,2,0.19812,0.382353,0.976818,0.845773,8.759291,0.0,3.663734,1,3.663734,90683bb0-28ca-42a8-82b8-09d82cd434d5::eave-chain::2:2,0.971708,0,0.642739,0.534269,medium,maybe,False,"[""90683bb0-28ca-42a8-82b8-09d82cd434d5::eave-chain::2:2""]",3.663734,0.464413,0.000737,"[""building-part:fb67c7fb09412db2b89a""]","[""building-part:fb67c7fb09412db2b89a""]","[""building-part:fb67c7fb09412db2b89a""]",False,True,True
90683bb0-28ca-42a8-82b8-09d82cd434d5,2,ridge_eave_plane_group,0,90683bb0-28ca-42a8-82b8-09d82cd434d5::ridge-eave-candidate::plane-group::b1ff564f5f84,37.736964,73.306686,47.305075,8,0.377831,0.434559,0.060432,175.90981,4.503346,2.427345,0.0,4,11.500584,90683bb0-28ca-42a8-82b8-09d82cd434d5::eave-chain::2:2,0.880804,0,0.23615,0.371498,weak,drop_candidate,False,"[""90683bb0-28ca-42a8-82b8-09d82cd434d5::eave-chain::2:0"", ""90683bb0-28ca-42a8-82b8-09d82cd434d5::eave-chain::2:1"", ""90683bb0-28ca-42a8-82b8-09d82cd434d5::eave-chain::2:2"", ""90683bb0-28ca-42a8-82b8-09d82cd434d5::eave-chain::2:3""]",11.500584,0.957788,2.040014,"[""building-part:25a348b5bdd832fe1d55""]","[""building-part:25a348b5bdd832fe1d55""]","[""building-part:fb67c7fb09412db2b89a""]",True,True,True
90683bb0-28ca-42a8-82b8-09d82cd434d5,2,ridge_eave_plane_group,1,90683bb0-28ca-42a8-82b8-09d82cd434d5::ridge-eave-candidate::plane-group::a360c8fffd67,37.736964,252.122423,41.057994,8,0.377831,0.434559,0.993737,3.967127,2.445387,2.427345,0.0,4,11.500584,90683bb0-28ca-42a8-82b8-09d82cd434d5::eave-chain::2:1,0.990746,0,0.702803,0.558159,medium,maybe,False,"[""90683bb0-28ca-42a8-82b8-09d82cd434d5::eave-chain::2:0"", ""90683bb0-28ca-42a8-82b8-09d82cd434d5::eave-chain::2:1"", ""90683bb0-28ca-42a8-82b8-09d82cd434d5::eave-chain::2:2"", ""90683bb0-28ca-42a8-82b8-09d82cd434d5::eave-chain::2:3""]",11.500584,0.226474,0.102046,"[""building-part:fb67c7fb09412db2b89a""]","[""building-part:fb67c7fb09412db2b89a""]","[""building-part:fb67c7fb09412db2b89a""]",False,True,True
90683bb0-28ca-42a8-82b8-09d82cd434d5,2,ridge_eave_plane_group,2,90683bb0-28ca-42a8-82b8-09d82cd434d5::ridge-eave-candidate::plane-group::006d5d5dbf53,37.736964,72.122415,42.034335,8,0.377831,0.434559,0.090019,176.032873,1.812559,2.427345,0.0,4,11.500584,90683bb0-28ca-42a8-82b8-09d82cd434d5::eave-chain::2:2,0.987468,0,0.250944,0.377415,weak,drop_candidate,False,"[""90683bb0-28ca-42a8-82b8-09d82cd434d5::eave-chain::2:0"", ""90683bb0-28ca-42a8-82b8-09d82cd434d5::eave-chain::2:1"", ""90683bb0-28ca-42a8-82b8-09d82cd434d5::eave-chain::2:2"", ""90683bb0-28ca-42a8-82b8-09d82cd434d5::eave-chain::2:3""]",11.500584,0.226483,3.584153,"[""building-part:fb67c7fb09412db2b89a""]","[""building-part:fb67c7fb09412db2b89a""]","[""building-part:fb67c7fb09412db2b89a""]",False,True,True
9419424d-2dd9-4dd2-a9d9-e029e32c1f28,0,candidate_oblique,0,9419424d-2dd9-4dd2-a9d9-e029e32c1f28::ceiling-oblique::ceiling-oblique:0,35.775902,54.568898,15.058492,14,0.712284,0.672487,0.978493,42.395853,3.752416,18.313874,6.630278,13,57.035609,9419424d-2dd9-4dd2-a9d9-e029e32c1f28::eave-chain::0:16,0.964566,0,0.83345,0.81511,strong,keep,False,"[""9419424d-2dd9-4dd2-a9d9-e029e32c1f28::eave-chain::0:1"", ""9419424d-2dd9-4dd2-a9d9-e029e32c1f28::eave-chain::0:10"", ""9419424d-2dd9-4dd2-a9d9-e029e32c1f28::eave-chain::0:13"", ""9419424d-2dd9-4dd2-a9d9-e029e32c1f28::eave-chain::0:15"", ""9419424d-2dd9-4dd2-a9d9-e029e32c1f28::eave-chain::0:16"", ""9419424d-2dd9-4dd2-a9d9-e029e32c1f28::eave-chain::0:17"", ""9419424d-2dd9-4dd2-a9d9-e029e32c1f28::eave-chain::0:19"", ""9419424d-2dd9-4dd2-a9d9-e029e32c1f28::eave-chain::0:2"", ""9419424d-2dd9-4dd2-a9d9-e029e32c1f28::eave-chain::0:21"", ""9419424d-2dd9-4dd2-a9d9-e029e32c1f28::eave-chain::0:4"", ""9419424d-2dd9-4dd2-a9d9-e029e32c1f28::eave-chain::0:6"", ""9419424d-2dd9-4dd2-a9d9-e029e32c1f28::eave-chain::0:7"", ""9419424d-2dd9-4dd2-a9d9-e029e32c1f28::eave-chain::0:8""]",57.035609,0.787821,0.152818,"[""building-part:56a95c957681279dc4f4""]","[""building-part:56a95c957681279dc4f4""]","[""building-part:56a95c957681279dc4f4""]",True,False,False
9419424d-2dd9-4dd2-a9d9-e029e32c1f28,0,committed_oblique,0,9419424d-2dd9-4dd2-a9d9-e029e32c1f28::roof-oblique::oblique:0,27.909953,54.577052,15.059365,12,0.906435,0.745679,0.994208,16.208904,2.795447,15.419654,12.167006,13,57.035609,9419424d-2dd9-4dd2-a9d9-e029e32c1f28::eave-chain::0:16,0.972581,0,0.902095,0.910551,strong,keep,False,"[""9419424d-2dd9-4dd2-a9d9-e029e32c1f28::eave-chain::0:1"", ""9419424d-2dd9-4dd2-a9d9-e029e32c1f28::eave-chain::0:10"", ""9419424d-2dd9-4dd2-a9d9-e029e32c1f28::eave-chain::0:13"", ""9419424d-2dd9-4dd2-a9d9-e029e32c1f28::eave-chain::0:15"", ""9419424d-2dd9-4dd2-a9d9-e029e32c1f28::eave-chain::0:16"", ""9419424d-2dd9-4dd2-a9d9-e029e32c1f28::eave-chain::0:17"", ""9419424d-2dd9-4dd2-a9d9-e029e32c1f28::eave-chain::0:19"", ""9419424d-2dd9-4dd2-a9d9-e029e32c1f28::eave-chain::0:2"", ""9419424d-2dd9-4dd2-a9d9-e029e32c1f28::eave-chain::0:21"", ""9419424d-2dd9-4dd2-a9d9-e029e32c1f28::eave-chain::0:4"", ""9419424d-2dd9-4dd2-a9d9-e029e32c1f28::eave-chain::0:6"", ""9419424d-2dd9-4dd2-a9d9-e029e32c1f28::eave-chain::0:7"", ""9419424d-2dd9-4dd2-a9d9-e029e32c1f28::eave-chain::0:8""]",57.035609,0.787821,0.152852,"[""building-part:56a95c957681279dc4f4""]","[""building-part:56a95c957681279dc4f4""]","[""building-part:56a95c957681279dc4f4""]",True,False,False
9419424d-2dd9-4dd2-a9d9-e029e32c1f28,0,ridge_eave_plane_group,0,9419424d-2dd9-4dd2-a9d9-e029e32c1f28::ridge-eave-candidate::plane-group::c6d91e2d6626,86.493863,54.540182,15.050906,19,0.950346,0.730604,0.965695,54.540182,15.050906,18.313874,22.719468,10,52.027049,9419424d-2dd9-4dd2-a9d9-e029e32c1f28::eave-chain::0:16,0.972438,0,0.892098,0.919398,strong,keep,False,"[""9419424d-2dd9-4dd2-a9d9-e029e32c1f28::eave-chain::0:1"", ""9419424d-2dd9-4dd2-a9d9-e029e32c1f28::eave-chain::0:10"", ""9419424d-2dd9-4dd2-a9d9-e029e32c1f28::eave-chain::0:13"", ""9419424d-2dd9-4dd2-a9d9-e029e32c1f28::eave-chain::0:15"", ""9419424d-2dd9-4dd2-a9d9-e029e32c1f28::eave-chain::0:16"", ""9419424d-2dd9-4dd2-a9d9-e029e32c1f28::eave-chain::0:17"", ""9419424d-2dd9-4dd2-a9d9-e029e32c1f28::eave-chain::0:19"", ""9419424d-2dd9-4dd2-a9d9-e029e32c1f28::eave-chain::0:2"", ""9419424d-2dd9-4dd2-a9d9-e029e32c1f28::eave-chain::0:21"", ""9419424d-2dd9-4dd2-a9d9-e029e32c1f28::eave-chain::0:4""]",52.027049,0.911936,0.342751,"[""building-part:56a95c957681279dc4f4""]","[""building-part:56a95c957681279dc4f4""]","[""building-part:56a95c957681279dc4f4"", ""building-part:f079865e27101d679585""]",True,True,True
9419424d-2dd9-4dd2-a9d9-e029e32c1f28,0,ridge_eave_plane_group,1,9419424d-2dd9-4dd2-a9d9-e029e32c1f28::ridge-eave-candidate::plane-group::be6977cbf271,86.490822,324.058771,24.031433,19,0.95038,0.730604,0.913322,91.270539,24.031433,0.0,26.797287,6,40.362909,9419424d-2dd9-4dd2-a9d9-e029e32c1f28::eave-chain::0:5,0.905465,0,0.865918,0.908937,strong,keep,False,"[""9419424d-2dd9-4dd2-a9d9-e029e32c1f28::eave-chain::0:0"", ""9419424d-2dd9-4dd2-a9d9-e029e32c1f28::eave-chain::0:11"", ""9419424d-2dd9-4dd2-a9d9-e029e32c1f28::eave-chain::0:14"", ""9419424d-2dd9-4dd2-a9d9-e029e32c1f28::eave-chain::0:3"", ""9419424d-2dd9-4dd2-a9d9-e029e32c1f28::eave-chain::0:5"", ""9419424d-2dd9-4dd2-a9d9-e029e32c1f28::eave-chain::0:9""]",40.362909,0.496852,0.971535,"[""building-part:56a95c957681279dc4f4""]","[""building-part:56a95c957681279dc4f4""]","[""building-part:56a95c957681279dc4f4"", ""building-part:f079865e27101d679585""]",True,True,True
9419424d-2dd9-4dd2-a9d9-e029e32c1f28,0,ridge_eave_plane_group,2,9419424d-2dd9-4dd2-a9d9-e029e32c1f28::ridge-eave-candidate::plane-group::81765e71e4e4,86.493869,54.058878,28.423978,19,0.950346,0.730604,0.879449,54.058878,28.423978,18.313874,22.719468,10,52.027049,9419424d-2dd9-4dd2-a9d9-e029e32c1f28::eave-chain::0:15,0.995372,0,0.848975,0.902149,strong,keep,False,"[""9419424d-2dd9-4dd2-a9d9-e029e32c1f28::eave-chain::0:1"", ""9419424d-2dd9-4dd2-a9d9-e029e32c1f28::eave-chain::0:10"", ""9419424d-2dd9-4dd2-a9d9-e029e32c1f28::eave-chain::0:13"", ""9419424d-2dd9-4dd2-a9d9-e029e32c1f28::eave-chain::0:15"", ""9419424d-2dd9-4dd2-a9d9-e029e32c1f28::eave-chain::0:16"", ""9419424d-2dd9-4dd2-a9d9-e029e32c1f28::eave-chain::0:17"", ""9419424d-2dd9-4dd2-a9d9-e029e32c1f28::eave-chain::0:19"", ""9419424d-2dd9-4dd2-a9d9-e029e32c1f28::eave-chain::0:2"", ""9419424d-2dd9-4dd2-a9d9-e029e32c1f28::eave-chain::0:21"", ""9419424d-2dd9-4dd2-a9d9-e029e32c1f28::eave-chain::0:4""]",52.027049,0.964696,1.689326,"[""building-part:56a95c957681279dc4f4""]","[""building-part:56a95c957681279dc4f4""]","[""building-part:56a95c957681279dc4f4"", ""building-part:f079865e27101d679585""]",True,True,True
9419424d-2dd9-4dd2-a9d9-e029e32c1f28,0,ridge_eave_plane_group,3,9419424d-2dd9-4dd2-a9d9-e029e32c1f28::ridge-eave-candidate::plane-group::3b5dc36b043f,86.493869,234.058894,11.106915,19,0.950346,0.730604,0.981269,125.941106,11.106915,18.313874,22.719468,10,52.027049,9419424d-2dd9-4dd2-a9d9-e029e32c1f28::eave-chain::0:16,0.946609,0,0.899885,0.922513,strong,keep,False,"[""9419424d-2dd9-4dd2-a9d9-e029e32c1f28::eave-chain::0:1"", ""9419424d-2dd9-4dd2-a9d9-e029e32c1f28::eave-chain::0:10"", ""9419424d-2dd9-4dd2-a9d9-e029e32c1f28::eave-chain::0:13"", ""9419424d-2dd9-4dd2-a9d9-e029e32c1f28::eave-chain::0:15"", ""9419424d-2dd9-4dd2-a9d9-e029e32c1f28::eave-chain::0:16"", ""9419424d-2dd9-4dd2-a9d9-e029e32c1f28::eave-chain::0:17"", ""9419424d-2dd9-4dd2-a9d9-e029e32c1f28::eave-chain::0:19"", ""9419424d-2dd9-4dd2-a9d9-e029e32c1f28::eave-chain::0:2"", ""9419424d-2dd9-4dd2-a9d9-e029e32c1f28::eave-chain::0:21"", ""9419424d-2dd9-4dd2-a9d9-e029e32c1f28::eave-chain::0:4""]",52.027049,0.964696,0.977519,"[""building-part:56a95c957681279dc4f4""]","[""building-part:56a95c957681279dc4f4""]","[""building-part:56a95c957681279dc4f4"", ""building-part:f079865e27101d679585""]",True,True,True
945b16b9-0ebf-409e-af08-aab7672801d2,0,candidate_oblique,0,945b16b9-0ebf-409e-af08-aab7672801d2::ceiling-oblique::ceiling-oblique:0,28.364876,28.70494,12.132617,4,0.708513,1.0,0.988716,16.615266,6.608942,0.0,13.363036,8,40.996765,945b16b9-0ebf-409e-af08-aab7672801d2::eave-chain::0:11,0.999071,0,0.936061,0.881149,strong,keep,False,"[""945b16b9-0ebf-409e-af08-aab7672801d2::eave-chain::0:0"", ""945b16b9-0ebf-409e-af08-aab7672801d2::eave-chain::0:1"", ""945b16b9-0ebf-409e-af08-aab7672801d2::eave-chain::0:10"", ""945b16b9-0ebf-409e-af08-aab7672801d2::eave-chain::0:11"", ""945b16b9-0ebf-409e-af08-aab7672801d2::eave-chain::0:12"", ""945b16b9-0ebf-409e-af08-aab7672801d2::eave-chain::0:13"", ""945b16b9-0ebf-409e-af08-aab7672801d2::eave-chain::0:5"", ""945b16b9-0ebf-409e-af08-aab7672801d2::eave-chain::0:8""]",40.996765,0.184813,0.148756,"[""building-part:87ce8c1a0800fde0a62e"", ""building-part:e0d930f98aedc27918fe""]","[""building-part:87ce8c1a0800fde0a62e"", ""building-part:e0d930f98aedc27918fe""]","[""building-part:87ce8c1a0800fde0a62e"", ""building-part:e0d930f98aedc27918fe""]",True,True,True
945b16b9-0ebf-409e-af08-aab7672801d2,0,committed_oblique,0,945b16b9-0ebf-409e-af08-aab7672801d2::roof-oblique::oblique:0,27.671766,28.710204,12.126441,6,0.925132,1.0,0.977686,28.710204,12.126441,0.0,16.324603,8,40.996765,945b16b9-0ebf-409e-af08-aab7672801d2::eave-chain::0:11,0.99964,0,0.97387,0.96559,strong,keep,False,"[""945b16b9-0ebf-409e-af08-aab7672801d2::eave-chain::0:0"", ""945b16b9-0ebf-409e-af08-aab7672801d2::eave-chain::0:1"", ""945b16b9-0ebf-409e-af08-aab7672801d2::eave-chain::0:10"", ""945b16b9-0ebf-409e-af08-aab7672801d2::eave-chain::0:11"", ""945b16b9-0ebf-409e-af08-aab7672801d2::eave-chain::0:12"", ""945b16b9-0ebf-409e-af08-aab7672801d2::eave-chain::0:13"", ""945b16b9-0ebf-409e-af08-aab7672801d2::eave-chain::0:5"", ""945b16b9-0ebf-409e-af08-aab7672801d2::eave-chain::0:8""]",40.996765,0.184813,0.148735,"[""building-part:87ce8c1a0800fde0a62e"", ""building-part:e0d930f98aedc27918fe""]","[""building-part:87ce8c1a0800fde0a62e"", ""building-part:e0d930f98aedc27918fe""]","[""building-part:87ce8c1a0800fde0a62e"", ""building-part:c48ee864400a3ff314a1"", ""building-part:e0d930f98aedc27918fe""]",True,True,True
945b16b9-0ebf-409e-af08-aab7672801d2,0,ridge_eave_plane_group,0,945b16b9-0ebf-409e-af08-aab7672801d2::ridge-eave-candidate::plane-group::9f73801f7e61,94.131232,28.704939,12.13263,8,0.947991,1.0,0.977664,90.0,12.13263,0.0,27.684866,8,40.996765,945b16b9-0ebf-409e-af08-aab7672801d2::eave-chain::0:11,0.999033,0,0.97843,0.974729,strong,keep,False,"[""945b16b9-0ebf-409e-af08-aab7672801d2::eave-chain::0:0"", ""945b16b9-0ebf-409e-af08-aab7672801d2::eave-chain::0:1"", ""945b16b9-0ebf-409e-af08-aab7672801d2::eave-chain::0:10"", ""945b16b9-0ebf-409e-af08-aab7672801d2::eave-chain::0:11"", ""945b16b9-0ebf-409e-af08-aab7672801d2::eave-chain::0:12"", ""945b16b9-0ebf-409e-af08-aab7672801d2::eave-chain::0:13"", ""945b16b9-0ebf-409e-af08-aab7672801d2::eave-chain::0:5"", ""945b16b9-0ebf-409e-af08-aab7672801d2::eave-chain::0:8""]",40.996765,0.184812,0.146459,"[""building-part:87ce8c1a0800fde0a62e"", ""building-part:e0d930f98aedc27918fe""]","[""building-part:87ce8c1a0800fde0a62e"", ""building-part:e0d930f98aedc27918fe""]","[""building-part:87ce8c1a0800fde0a62e"", ""building-part:9b74643df093cb0436ed"", ""building-part:c48ee864400a3ff314a1"", ""building-part:e0d930f98aedc27918fe""]",True,True,True
964a40ac-d9df-44e1-b64b-84e02b909004,0,ridge_eave_plane_group,0,964a40ac-d9df-44e1-b64b-84e02b909004::ridge-eave-candidate::plane-group::ccd56041a96f,88.016966,178.206822,25.319334,12,0.971472,0.926535,0.903938,1.793178,25.319334,3.311533,12.342947,8,44.729506,964a40ac-d9df-44e1-b64b-84e02b909004::eave-chain::0:3,0.999159,0,0.924224,0.954683,strong,keep,False,"[""964a40ac-d9df-44e1-b64b-84e02b909004::eave-chain::0:10"", ""964a40ac-d9df-44e1-b64b-84e02b909004::eave-chain::0:12"", ""964a40ac-d9df-44e1-b64b-84e02b909004::eave-chain::0:15"", ""964a40ac-d9df-44e1-b64b-84e02b909004::eave-chain::0:2"", ""964a40ac-d9df-44e1-b64b-84e02b909004::eave-chain::0:3"", ""964a40ac-d9df-44e1-b64b-84e02b909004::eave-chain::0:4"", ""964a40ac-d9df-44e1-b64b-84e02b909004::eave-chain::0:6"", ""964a40ac-d9df-44e1-b64b-84e02b909004::eave-chain::0:8""]",44.729506,0.040958,0.858989,"[""building-part:98982b0e8a5cc74a2b45""]","[""building-part:98982b0e8a5cc74a2b45""]","[""building-part:09e0f15a4217ae82c991"", ""building-part:3224b917acefa497ecdb"", ""building-part:37d1ebf82d650af7530b"", ""building-part:98982b0e8a5cc74a2b45"", ""building-part:fa4a441afde3b7f54af9""]",False,True,True
97571caa-1065-4ac5-a385-2ec9758026dd,0,candidate_oblique,0,97571caa-1065-4ac5-a385-2ec9758026dd::ceiling-oblique::ceiling-oblique:0,45.071108,242.389478,14.12497,11,0.878133,0.633333,0.99775,3.493639,2.884478,1.95707,20.309151,10,48.238754,97571caa-1065-4ac5-a385-2ec9758026dd::eave-chain::0:7,0.991799,0,0.864502,0.87747,strong,keep,False,"[""97571caa-1065-4ac5-a385-2ec9758026dd::eave-chain::0:0"", ""97571caa-1065-4ac5-a385-2ec9758026dd::eave-chain::0:1"", ""97571caa-1065-4ac5-a385-2ec9758026dd::eave-chain::0:14"", ""97571caa-1065-4ac5-a385-2ec9758026dd::eave-chain::0:16"", ""97571caa-1065-4ac5-a385-2ec9758026dd::eave-chain::0:3"", ""97571caa-1065-4ac5-a385-2ec9758026dd::eave-chain::0:4"", ""97571caa-1065-4ac5-a385-2ec9758026dd::eave-chain::0:5"", ""97571caa-1065-4ac5-a385-2ec9758026dd::eave-chain::0:6"", ""97571caa-1065-4ac5-a385-2ec9758026dd::eave-chain::0:7"", ""97571caa-1065-4ac5-a385-2ec9758026dd::eave-chain::0:8""]",48.238754,0.078328,0.21503,"[""building-part:419d6c242e6d1bf79e34"", ""building-part:67a76f334d76d64ad6b3"", ""building-part:bf6a93c14e58a5738994"", ""building-part:d84ecf8726511f0a6377""]","[""building-part:419d6c242e6d1bf79e34"", ""building-part:67a76f334d76d64ad6b3"", ""building-part:bf6a93c14e58a5738994"", ""building-part:d84ecf8726511f0a6377""]","[""building-part:419d6c242e6d1bf79e34"", ""building-part:67a76f334d76d64ad6b3"", ""building-part:bf6a93c14e58a5738994"", ""building-part:d84ecf8726511f0a6377""]",True,True,True
97571caa-1065-4ac5-a385-2ec9758026dd,0,candidate_oblique,1,97571caa-1065-4ac5-a385-2ec9758026dd::ceiling-oblique::ceiling-oblique:1,44.044838,62.389479,15.117984,12,0.689969,0.588384,0.976621,47.029456,5.210189,1.95707,13.73121,9,41.966652,97571caa-1065-4ac5-a385-2ec9758026dd::eave-chain::0:8,0.995098,0,0.802819,0.788988,strong,keep,False,"[""97571caa-1065-4ac5-a385-2ec9758026dd::eave-chain::0:0"", ""97571caa-1065-4ac5-a385-2ec9758026dd::eave-chain::0:1"", ""97571caa-1065-4ac5-a385-2ec9758026dd::eave-chain::0:10"", ""97571caa-1065-4ac5-a385-2ec9758026dd::eave-chain::0:3"", ""97571caa-1065-4ac5-a385-2ec9758026dd::eave-chain::0:4"", ""97571caa-1065-4ac5-a385-2ec9758026dd::eave-chain::0:6"", ""97571caa-1065-4ac5-a385-2ec9758026dd::eave-chain::0:7"", ""97571caa-1065-4ac5-a385-2ec9758026dd::eave-chain::0:8"", ""97571caa-1065-4ac5-a385-2ec9758026dd::eave-chain::0:9""]",41.966652,0.073579,0.849428,"[""building-part:419d6c242e6d1bf79e34"", ""building-part:67a76f334d76d64ad6b3"", ""building-part:bf6a93c14e58a5738994""]","[""building-part:419d6c242e6d1bf79e34"", ""building-part:67a76f334d76d64ad6b3"", ""building-part:bf6a93c14e58a5738994""]","[""building-part:419d6c242e6d1bf79e34"", ""building-part:67a76f334d76d64ad6b3"", ""building-part:bf6a93c14e58a5738994""]",True,True,True
97571caa-1065-4ac5-a385-2ec9758026dd,0,committed_oblique,0,97571caa-1065-4ac5-a385-2ec9758026dd::roof-oblique::oblique:0,63.937691,242.39097,14.121081,15,0.921889,0.642222,0.969782,62.39097,3.769954,1.95707,23.809102,10,48.238754,97571caa-1065-4ac5-a385-2ec9758026dd::eave-chain::0:7,0.991769,0,0.861936,0.891156,strong,keep,False,"[""97571caa-1065-4ac5-a385-2ec9758026dd::eave-chain::0:0"", ""97571caa-1065-4ac5-a385-2ec9758026dd::eave-chain::0:1"", ""97571caa-1065-4ac5-a385-2ec9758026dd::eave-chain::0:14"", ""97571caa-1065-4ac5-a385-2ec9758026dd::eave-chain::0:16"", ""97571caa-1065-4ac5-a385-2ec9758026dd::eave-chain::0:3"", ""97571caa-1065-4ac5-a385-2ec9758026dd::eave-chain::0:4"", ""97571caa-1065-4ac5-a385-2ec9758026dd::eave-chain::0:5"", ""97571caa-1065-4ac5-a385-2ec9758026dd::eave-chain::0:6"", ""97571caa-1065-4ac5-a385-2ec9758026dd::eave-chain::0:7"", ""97571caa-1065-4ac5-a385-2ec9758026dd::eave-chain::0:8""]",48.238754,0.078328,0.214894,"[""building-part:419d6c242e6d1bf79e34"", ""building-part:67a76f334d76d64ad6b3"", ""building-part:bf6a93c14e58a5738994"", ""building-part:d84ecf8726511f0a6377""]","[""building-part:419d6c242e6d1bf79e34"", ""building-part:67a76f334d76d64ad6b3"", ""building-part:bf6a93c14e58a5738994"", ""building-part:d84ecf8726511f0a6377""]","[""building-part:419d6c242e6d1bf79e34"", ""building-part:67a76f334d76d64ad6b3"", ""building-part:bf6a93c14e58a5738994"", ""building-part:d84ecf8726511f0a6377""]",True,True,True
97571caa-1065-4ac5-a385-2ec9758026dd,0,committed_oblique,1,97571caa-1065-4ac5-a385-2ec9758026dd::roof-oblique::oblique:1,89.567273,62.390107,15.115882,11,0.432402,0.61157,0.987852,31.668806,6.34685,0.0,11.339427,9,41.966652,97571caa-1065-4ac5-a385-2ec9758026dd::eave-chain::0:8,0.994972,0,0.763877,0.692845,strong,keep,False,"[""97571caa-1065-4ac5-a385-2ec9758026dd::eave-chain::0:0"", ""97571caa-1065-4ac5-a385-2ec9758026dd::eave-chain::0:1"", ""97571caa-1065-4ac5-a385-2ec9758026dd::eave-chain::0:10"", ""97571caa-1065-4ac5-a385-2ec9758026dd::eave-chain::0:3"", ""97571caa-1065-4ac5-a385-2ec9758026dd::eave-chain::0:4"", ""97571caa-1065-4ac5-a385-2ec9758026dd::eave-chain::0:6"", ""97571caa-1065-4ac5-a385-2ec9758026dd::eave-chain::0:7"", ""97571caa-1065-4ac5-a385-2ec9758026dd::eave-chain::0:8"", ""97571caa-1065-4ac5-a385-2ec9758026dd::eave-chain::0:9""]",41.966652,0.073579,0.848919,"[""building-part:419d6c242e6d1bf79e34"", ""building-part:67a76f334d76d64ad6b3"", ""building-part:bf6a93c14e58a5738994""]","[""building-part:419d6c242e6d1bf79e34"", ""building-part:67a76f334d76d64ad6b3"", ""building-part:bf6a93c14e58a5738994""]","[""building-part:419d6c242e6d1bf79e34"", ""building-part:67a76f334d76d64ad6b3"", ""building-part:bf6a93c14e58a5738994""]",True,True,True
97571caa-1065-4ac5-a385-2ec9758026dd,0,ridge_eave_plane_group,0,97571caa-1065-4ac5-a385-2ec9758026dd::ridge-eave-candidate::plane-group::a958da4c4f55,153.609915,242.389478,14.1248,22,0.637313,0.622452,0.969766,103.857412,4.419142,1.95707,25.190687,12,61.166139,97571caa-1065-4ac5-a385-2ec9758026dd::eave-chain::0:7,0.9907,0,0.799081,0.773369,strong,keep,False,"[""97571caa-1065-4ac5-a385-2ec9758026dd::eave-chain::0:0"", ""97571caa-1065-4ac5-a385-2ec9758026dd::eave-chain::0:1"", ""97571caa-1065-4ac5-a385-2ec9758026dd::eave-chain::0:10"", ""97571caa-1065-4ac5-a385-2ec9758026dd::eave-chain::0:14"", ""97571caa-1065-4ac5-a385-2ec9758026dd::eave-chain::0:16"", ""97571caa-1065-4ac5-a385-2ec9758026dd::eave-chain::0:3"", ""97571caa-1065-4ac5-a385-2ec9758026dd::eave-chain::0:4"", ""97571caa-1065-4ac5-a385-2ec9758026dd::eave-chain::0:5"", ""97571caa-1065-4ac5-a385-2ec9758026dd::eave-chain::0:6"", ""97571caa-1065-4ac5-a385-2ec9758026dd::eave-chain::0:7"", ""97571caa-1065-4ac5-a385-2ec9758026dd::eave-chain::0:8"", ""97571caa-1065-4ac5-a385-2ec9758026dd::eave-chain::0:9""]",61.166139,0.078327,0.407547,"[""building-part:419d6c242e6d1bf79e34"", ""building-part:67a76f334d76d64ad6b3"", ""building-part:bf6a93c14e58a5738994""]","[""building-part:419d6c242e6d1bf79e34"", ""building-part:67a76f334d76d64ad6b3"", ""building-part:bf6a93c14e58a5738994""]","[""building-part:419d6c242e6d1bf79e34"", ""building-part:67a76f334d76d64ad6b3"", ""building-part:bf6a93c14e58a5738994""]",True,True,True
97571caa-1065-4ac5-a385-2ec9758026dd,0,ridge_eave_plane_group,1,97571caa-1065-4ac5-a385-2ec9758026dd::ridge-eave-candidate::plane-group::1f487b259f10,153.609915,62.389478,15.118596,22,0.637313,0.622452,0.965388,76.142588,4.419142,1.95707,25.190687,12,61.166139,97571caa-1065-4ac5-a385-2ec9758026dd::eave-chain::0:6,0.996343,0,0.796892,0.772493,strong,keep,False,"[""97571caa-1065-4ac5-a385-2ec9758026dd::eave-chain::0:0"", ""97571caa-1065-4ac5-a385-2ec9758026dd::eave-chain::0:1"", ""97571caa-1065-4ac5-a385-2ec9758026dd::eave-chain::0:10"", ""97571caa-1065-4ac5-a385-2ec9758026dd::eave-chain::0:14"", ""97571caa-1065-4ac5-a385-2ec9758026dd::eave-chain::0:16"", ""97571caa-1065-4ac5-a385-2ec9758026dd::eave-chain::0:3"", ""97571caa-1065-4ac5-a385-2ec9758026dd::eave-chain::0:4"", ""97571caa-1065-4ac5-a385-2ec9758026dd::eave-chain::0:5"", ""97571caa-1065-4ac5-a385-2ec9758026dd::eave-chain::0:6"", ""97571caa-1065-4ac5-a385-2ec9758026dd::eave-chain::0:7"", ""97571caa-1065-4ac5-a385-2ec9758026dd::eave-chain::0:8"", ""97571caa-1065-4ac5-a385-2ec9758026dd::eave-chain::0:9""]",61.166139,0.078328,1.130472,"[""building-part:419d6c242e6d1bf79e34"", ""building-part:67a76f334d76d64ad6b3"", ""building-part:bf6a93c14e58a5738994""]","[""building-part:419d6c242e6d1bf79e34"", ""building-part:67a76f334d76d64ad6b3"", ""building-part:bf6a93c14e58a5738994""]","[""building-part:419d6c242e6d1bf79e34"", ""building-part:67a76f334d76d64ad6b3"", ""building-part:bf6a93c14e58a5738994"", ""building-part:d84ecf8726511f0a6377""]",True,True,True
9829323a-4939-45bf-ae66-b950b18ddf52,0,ridge_eave_plane_group,0,9829323a-4939-45bf-ae66-b950b18ddf52::ridge-eave-candidate::plane-group::1e81b26b6d75,65.164718,245.072644,8.001328,8,0.953295,1.0,0.990265,114.927356,8.001328,0.0,19.47082,4,36.788369,9829323a-4939-45bf-ae66-b950b18ddf52::eave-chain::0:2,0.918978,0,0.985791,0.979371,strong,keep,False,"[""9829323a-4939-45bf-ae66-b950b18ddf52::eave-chain::0:0"", ""9829323a-4939-45bf-ae66-b950b18ddf52::eave-chain::0:2"", ""9829323a-4939-45bf-ae66-b950b18ddf52::eave-chain::0:5"", ""9829323a-4939-45bf-ae66-b950b18ddf52::eave-chain::0:6""]",36.788369,0.860976,0.821078,"[""building-part:89271af6cf2cc539f807""]","[""building-part:89271af6cf2cc539f807""]","[""building-part:89271af6cf2cc539f807"", ""building-part:f394c7c9052552aaaded""]",False,True,True
98472f6b-45bc-4814-a4b8-914f8f6976dd,0,candidate_oblique,0,98472f6b-45bc-4814-a4b8-914f8f6976dd::ceiling-oblique::ceiling-oblique:0,52.917522,344.857778,7.585927,13,0.681619,0.774157,0.998287,20.421071,2.385301,0.0,9.008552,7,29.338811,98472f6b-45bc-4814-a4b8-914f8f6976dd::eave-chain::0:0,0.987461,0,0.867714,0.827136,strong,keep,False,"[""98472f6b-45bc-4814-a4b8-914f8f6976dd::eave-chain::0:0"", ""98472f6b-45bc-4814-a4b8-914f8f6976dd::eave-chain::0:1"", ""98472f6b-45bc-4814-a4b8-914f8f6976dd::eave-chain::0:14"", ""98472f6b-45bc-4814-a4b8-914f8f6976dd::eave-chain::0:3"", ""98472f6b-45bc-4814-a4b8-914f8f6976dd::eave-chain::0:6"", ""98472f6b-45bc-4814-a4b8-914f8f6976dd::eave-chain::0:7"", ""98472f6b-45bc-4814-a4b8-914f8f6976dd::eave-chain::0:8""]",29.338811,0.456025,0.104268,"[""building-part:570f2f6101074f8998f0"", ""building-part:7543c682d3c547d0a837"", ""building-part:be25ace875b453db2764"", ""building-part:be5446efc92d89cba22f""]","[""building-part:570f2f6101074f8998f0"", ""building-part:7543c682d3c547d0a837"", ""building-part:be25ace875b453db2764"", ""building-part:be5446efc92d89cba22f""]","[""building-part:570f2f6101074f8998f0"", ""building-part:7543c682d3c547d0a837"", ""building-part:be25ace875b453db2764"", ""building-part:be5446efc92d89cba22f""]",True,True,True
98472f6b-45bc-4814-a4b8-914f8f6976dd,0,candidate_oblique,1,98472f6b-45bc-4814-a4b8-914f8f6976dd::ceiling-oblique::ceiling-oblique:1,26.861717,164.866695,7.190376,5,0.928177,0.8875,0.999653,11.122491,1.509912,0.0,10.779776,8,43.189889,98472f6b-45bc-4814-a4b8-914f8f6976dd::eave-chain::0:9,0.984354,0,0.951712,0.948701,strong,keep,False,"[""98472f6b-45bc-4814-a4b8-914f8f6976dd::eave-chain::0:0"", ""98472f6b-45bc-4814-a4b8-914f8f6976dd::eave-chain::0:1"", ""98472f6b-45bc-4814-a4b8-914f8f6976dd::eave-chain::0:11"", ""98472f6b-45bc-4814-a4b8-914f8f6976dd::eave-chain::0:3"", ""98472f6b-45bc-4814-a4b8-914f8f6976dd::eave-chain::0:6"", ""98472f6b-45bc-4814-a4b8-914f8f6976dd::eave-chain::0:7"", ""98472f6b-45bc-4814-a4b8-914f8f6976dd::eave-chain::0:8"", ""98472f6b-45bc-4814-a4b8-914f8f6976dd::eave-chain::0:9""]",43.189889,0.427666,0.331446,"[""building-part:570f2f6101074f8998f0"", ""building-part:7543c682d3c547d0a837"", ""building-part:be5446efc92d89cba22f""]","[""building-part:570f2f6101074f8998f0"", ""building-part:7543c682d3c547d0a837"", ""building-part:be5446efc92d89cba22f""]","[""building-part:570f2f6101074f8998f0"", ""building-part:7543c682d3c547d0a837"", ""building-part:be5446efc92d89cba22f""]",True,True,True
98472f6b-45bc-4814-a4b8-914f8f6976dd,0,committed_oblique,0,98472f6b-45bc-4814-a4b8-914f8f6976dd::roof-oblique::oblique:0,39.284543,344.850669,7.585764,13,0.896573,0.774157,0.998288,20.413962,2.385139,0.0,19.177032,7,29.338811,98472f6b-45bc-4814-a4b8-914f8f6976dd::eave-chain::0:3,0.989127,0,0.910705,0.913118,strong,keep,False,"[""98472f6b-45bc-4814-a4b8-914f8f6976dd::eave-chain::0:0"", ""98472f6b-45bc-4814-a4b8-914f8f6976dd::eave-chain::0:1"", ""98472f6b-45bc-4814-a4b8-914f8f6976dd::eave-chain::0:14"", ""98472f6b-45bc-4814-a4b8-914f8f6976dd::eave-chain::0:3"", ""98472f6b-45bc-4814-a4b8-914f8f6976dd::eave-chain::0:6"", ""98472f6b-45bc-4814-a4b8-914f8f6976dd::eave-chain::0:7"", ""98472f6b-45bc-4814-a4b8-914f8f6976dd::eave-chain::0:8""]",29.338811,0.456025,0.104287,"[""building-part:570f2f6101074f8998f0"", ""building-part:7543c682d3c547d0a837"", ""building-part:be25ace875b453db2764"", ""building-part:be5446efc92d89cba22f""]","[""building-part:570f2f6101074f8998f0"", ""building-part:7543c682d3c547d0a837"", ""building-part:be25ace875b453db2764"", ""building-part:be5446efc92d89cba22f""]","[""building-part:570f2f6101074f8998f0"", ""building-part:7543c682d3c547d0a837"", ""building-part:be25ace875b453db2764"", ""building-part:be5446efc92d89cba22f""]",True,True,True
98472f6b-45bc-4814-a4b8-914f8f6976dd,0,committed_oblique,1,98472f6b-45bc-4814-a4b8-914f8f6976dd::roof-oblique::oblique:1,38.286341,164.864906,7.194474,7,0.902963,0.833929,0.99217,11.120702,5.848808,0.0,10.779776,8,43.189889,98472f6b-45bc-4814-a4b8-914f8f6976dd::eave-chain::0:9,0.984254,0,0.926856,0.926405,strong,keep,False,"[""98472f6b-45bc-4814-a4b8-914f8f6976dd::eave-chain::0:0"", ""98472f6b-45bc-4814-a4b8-914f8f6976dd::eave-chain::0:1"", ""98472f6b-45bc-4814-a4b8-914f8f6976dd::eave-chain::0:11"", ""98472f6b-45bc-4814-a4b8-914f8f6976dd::eave-chain::0:3"", ""98472f6b-45bc-4814-a4b8-914f8f6976dd::eave-chain::0:6"", ""98472f6b-45bc-4814-a4b8-914f8f6976dd::eave-chain::0:7"", ""98472f6b-45bc-4814-a4b8-914f8f6976dd::eave-chain::0:8"", ""98472f6b-45bc-4814-a4b8-914f8f6976dd::eave-chain::0:9""]",43.189889,0.427666,0.331547,"[""building-part:570f2f6101074f8998f0"", ""building-part:7543c682d3c547d0a837"", ""building-part:be5446efc92d89cba22f""]","[""building-part:570f2f6101074f8998f0"", ""building-part:7543c682d3c547d0a837"", ""building-part:be5446efc92d89cba22f""]","[""building-part:570f2f6101074f8998f0"", ""building-part:7543c682d3c547d0a837"", ""building-part:be5446efc92d89cba22f""]",True,True,True
98472f6b-45bc-4814-a4b8-914f8f6976dd,0,ridge_eave_plane_group,0,98472f6b-45bc-4814-a4b8-914f8f6976dd::ridge-eave-candidate::plane-group::2e9a5e3b1e5f,75.306107,344.852528,3.582644,19,0.928299,0.784291,0.997407,90.010639,3.966745,0.0,29.151486,9,48.303429,98472f6b-45bc-4814-a4b8-914f8f6976dd::eave-chain::0:3,0.961466,0,0.919651,0.927659,strong,keep,False,"[""98472f6b-45bc-4814-a4b8-914f8f6976dd::eave-chain::0:0"", ""98472f6b-45bc-4814-a4b8-914f8f6976dd::eave-chain::0:1"", ""98472f6b-45bc-4814-a4b8-914f8f6976dd::eave-chain::0:11"", ""98472f6b-45bc-4814-a4b8-914f8f6976dd::eave-chain::0:14"", ""98472f6b-45bc-4814-a4b8-914f8f6976dd::eave-chain::0:3"", ""98472f6b-45bc-4814-a4b8-914f8f6976dd::eave-chain::0:6"", ""98472f6b-45bc-4814-a4b8-914f8f6976dd::eave-chain::0:7"", ""98472f6b-45bc-4814-a4b8-914f8f6976dd::eave-chain::0:8"", ""98472f6b-45bc-4814-a4b8-914f8f6976dd::eave-chain::0:9""]",48.303429,0.450774,0.300935,"[""building-part:570f2f6101074f8998f0"", ""building-part:7543c682d3c547d0a837"", ""building-part:be25ace875b453db2764"", ""building-part:be5446efc92d89cba22f""]","[""building-part:570f2f6101074f8998f0"", ""building-part:7543c682d3c547d0a837"", ""building-part:be25ace875b453db2764"", ""building-part:be5446efc92d89cba22f""]","[""building-part:570f2f6101074f8998f0"", ""building-part:7543c682d3c547d0a837"", ""building-part:be25ace875b453db2764"", ""building-part:be5446efc92d89cba22f""]",True,True,True
992198d7-4dfe-4ecd-9fa0-b66fa6cac3fd,0,candidate_oblique,0,992198d7-4dfe-4ecd-9fa0-b66fa6cac3fd::ceiling-oblique::ceiling-oblique:0,15.952884,277.96568,13.378203,1,0.995182,0.625,1.0,0.176118,0.031087,0.0,12.584681,11,74.605445,992198d7-4dfe-4ecd-9fa0-b66fa6cac3fd::eave-chain::0:14,0.968873,0,0.886536,0.923073,strong,keep,False,"[""992198d7-4dfe-4ecd-9fa0-b66fa6cac3fd::eave-chain::0:1"", ""992198d7-4dfe-4ecd-9fa0-b66fa6cac3fd::eave-chain::0:12"", ""992198d7-4dfe-4ecd-9fa0-b66fa6cac3fd::eave-chain::0:14"", ""992198d7-4dfe-4ecd-9fa0-b66fa6cac3fd::eave-chain::0:16"", ""992198d7-4dfe-4ecd-9fa0-b66fa6cac3fd::eave-chain::0:18"", ""992198d7-4dfe-4ecd-9fa0-b66fa6cac3fd::eave-chain::0:20"", ""992198d7-4dfe-4ecd-9fa0-b66fa6cac3fd::eave-chain::0:22"", ""992198d7-4dfe-4ecd-9fa0-b66fa6cac3fd::eave-chain::0:25"", ""992198d7-4dfe-4ecd-9fa0-b66fa6cac3fd::eave-chain::0:3"", ""992198d7-4dfe-4ecd-9fa0-b66fa6cac3fd::eave-chain::0:6"", ""992198d7-4dfe-4ecd-9fa0-b66fa6cac3fd::eave-chain::0:9""]",74.605445,0.123286,0.788473,"[""building-part:9bf5c5b4d88f674ab0f0"", ""building-part:af1bdc440f1f138e7c5b"", ""building-part:f58bd2cda1b785a70141""]","[""building-part:9bf5c5b4d88f674ab0f0"", ""building-part:af1bdc440f1f138e7c5b"", ""building-part:f58bd2cda1b785a70141""]","[""building-part:9bf5c5b4d88f674ab0f0"", ""building-part:af1bdc440f1f138e7c5b"", ""building-part:f58bd2cda1b785a70141""]",True,True,True
992198d7-4dfe-4ecd-9fa0-b66fa6cac3fd,0,candidate_oblique,1,992198d7-4dfe-4ecd-9fa0-b66fa6cac3fd::ceiling-oblique::ceiling-oblique:1,17.997654,97.965678,14.065082,2,0.703464,0.625,0.98501,48.983514,7.065138,0.0,12.585887,11,74.605445,992198d7-4dfe-4ecd-9fa0-b66fa6cac3fd::eave-chain::0:14,0.988475,0,0.820698,0.803387,strong,keep,False,"[""992198d7-4dfe-4ecd-9fa0-b66fa6cac3fd::eave-chain::0:1"", ""992198d7-4dfe-4ecd-9fa0-b66fa6cac3fd::eave-chain::0:12"", ""992198d7-4dfe-4ecd-9fa0-b66fa6cac3fd::eave-chain::0:14"", ""992198d7-4dfe-4ecd-9fa0-b66fa6cac3fd::eave-chain::0:16"", ""992198d7-4dfe-4ecd-9fa0-b66fa6cac3fd::eave-chain::0:18"", ""992198d7-4dfe-4ecd-9fa0-b66fa6cac3fd::eave-chain::0:20"", ""992198d7-4dfe-4ecd-9fa0-b66fa6cac3fd::eave-chain::0:22"", ""992198d7-4dfe-4ecd-9fa0-b66fa6cac3fd::eave-chain::0:25"", ""992198d7-4dfe-4ecd-9fa0-b66fa6cac3fd::eave-chain::0:3"", ""992198d7-4dfe-4ecd-9fa0-b66fa6cac3fd::eave-chain::0:6"", ""992198d7-4dfe-4ecd-9fa0-b66fa6cac3fd::eave-chain::0:9""]",74.605445,0.123288,0.83393,"[""building-part:9bf5c5b4d88f674ab0f0"", ""building-part:af1bdc440f1f138e7c5b"", ""building-part:f58bd2cda1b785a70141""]","[""building-part:9bf5c5b4d88f674ab0f0"", ""building-part:af1bdc440f1f138e7c5b"", ""building-part:f58bd2cda1b785a70141""]","[""building-part:9bf5c5b4d88f674ab0f0"", ""building-part:af1bdc440f1f138e7c5b"", ""building-part:f58bd2cda1b785a70141""]",True,True,True
992198d7-4dfe-4ecd-9fa0-b66fa6cac3fd,0,committed_oblique,0,992198d7-4dfe-4ecd-9fa0-b66fa6cac3fd::roof-oblique::oblique:0,57.197916,277.969446,13.38202,8,0.961602,0.942708,0.972849,90.0,13.38202,0.0,42.837605,11,74.605445,992198d7-4dfe-4ecd-9fa0-b66fa6cac3fd::eave-chain::0:1,0.99031,0,0.961557,0.967752,strong,keep,False,"[""992198d7-4dfe-4ecd-9fa0-b66fa6cac3fd::eave-chain::0:1"", ""992198d7-4dfe-4ecd-9fa0-b66fa6cac3fd::eave-chain::0:12"", ""992198d7-4dfe-4ecd-9fa0-b66fa6cac3fd::eave-chain::0:14"", ""992198d7-4dfe-4ecd-9fa0-b66fa6cac3fd::eave-chain::0:16"", ""992198d7-4dfe-4ecd-9fa0-b66fa6cac3fd::eave-chain::0:18"", ""992198d7-4dfe-4ecd-9fa0-b66fa6cac3fd::eave-chain::0:20"", ""992198d7-4dfe-4ecd-9fa0-b66fa6cac3fd::eave-chain::0:22"", ""992198d7-4dfe-4ecd-9fa0-b66fa6cac3fd::eave-chain::0:25"", ""992198d7-4dfe-4ecd-9fa0-b66fa6cac3fd::eave-chain::0:3"", ""992198d7-4dfe-4ecd-9fa0-b66fa6cac3fd::eave-chain::0:6"", ""992198d7-4dfe-4ecd-9fa0-b66fa6cac3fd::eave-chain::0:9""]",74.605445,0.123286,0.788694,"[""building-part:9bf5c5b4d88f674ab0f0"", ""building-part:adbc4e5b64a4d06b2d95"", ""building-part:af1bdc440f1f138e7c5b"", ""building-part:e8a985f0c84868f1b5d8"", ""building-part:f58bd2cda1b785a70141""]","[""building-part:9bf5c5b4d88f674ab0f0"", ""building-part:adbc4e5b64a4d06b2d95"", ""building-part:af1bdc440f1f138e7c5b"", ""building-part:e8a985f0c84868f1b5d8"", ""building-part:f58bd2cda1b785a70141""]","[""building-part:9bf5c5b4d88f674ab0f0"", ""building-part:adbc4e5b64a4d06b2d95"", ""building-part:af1bdc440f1f138e7c5b"", ""building-part:e8a985f0c84868f1b5d8"", ""building-part:f58bd2cda1b785a70141""]",True,True,True
992198d7-4dfe-4ecd-9fa0-b66fa6cac3fd,0,committed_oblique,1,992198d7-4dfe-4ecd-9fa0-b66fa6cac3fd::roof-oblique::oblique:1,73.052462,97.97022,14.067813,8,0.912931,0.838542,0.970009,90.0,14.067813,0.0,35.903187,11,74.605445,992198d7-4dfe-4ecd-9fa0-b66fa6cac3fd::eave-chain::0:9,0.995819,0,0.919153,0.926883,strong,keep,False,"[""992198d7-4dfe-4ecd-9fa0-b66fa6cac3fd::eave-chain::0:1"", ""992198d7-4dfe-4ecd-9fa0-b66fa6cac3fd::eave-chain::0:12"", ""992198d7-4dfe-4ecd-9fa0-b66fa6cac3fd::eave-chain::0:14"", ""992198d7-4dfe-4ecd-9fa0-b66fa6cac3fd::eave-chain::0:16"", ""992198d7-4dfe-4ecd-9fa0-b66fa6cac3fd::eave-chain::0:18"", ""992198d7-4dfe-4ecd-9fa0-b66fa6cac3fd::eave-chain::0:20"", ""992198d7-4dfe-4ecd-9fa0-b66fa6cac3fd::eave-chain::0:22"", ""992198d7-4dfe-4ecd-9fa0-b66fa6cac3fd::eave-chain::0:25"", ""992198d7-4dfe-4ecd-9fa0-b66fa6cac3fd::eave-chain::0:3"", ""992198d7-4dfe-4ecd-9fa0-b66fa6cac3fd::eave-chain::0:6"", ""992198d7-4dfe-4ecd-9fa0-b66fa6cac3fd::eave-chain::0:9""]",74.605445,0.123288,0.834268,"[""building-part:9bf5c5b4d88f674ab0f0"", ""building-part:e8a985f0c84868f1b5d8"", ""building-part:f58bd2cda1b785a70141""]","[""building-part:9bf5c5b4d88f674ab0f0"", ""building-part:e8a985f0c84868f1b5d8"", ""building-part:f58bd2cda1b785a70141""]","[""building-part:9bf5c5b4d88f674ab0f0"", ""building-part:af1bdc440f1f138e7c5b"", ""building-part:e8a985f0c84868f1b5d8"", ""building-part:f58bd2cda1b785a70141""]",True,True,True
992198d7-4dfe-4ecd-9fa0-b66fa6cac3fd,0,ridge_eave_plane_group,0,992198d7-4dfe-4ecd-9fa0-b66fa6cac3fd::ridge-eave-candidate::plane-group::f4485550b339,130.517092,277.96568,13.378203,14,0.934319,0.880952,0.972864,90.0,13.378203,0.0,36.687737,11,74.605445,992198d7-4dfe-4ecd-9fa0-b66fa6cac3fd::eave-chain::0:1,0.990333,0,0.937582,0.944491,strong,keep,False,"[""992198d7-4dfe-4ecd-9fa0-b66fa6cac3fd::eave-chain::0:1"", ""992198d7-4dfe-4ecd-9fa0-b66fa6cac3fd::eave-chain::0:12"", ""992198d7-4dfe-4ecd-9fa0-b66fa6cac3fd::eave-chain::0:14"", ""992198d7-4dfe-4ecd-9fa0-b66fa6cac3fd::eave-chain::0:16"", ""992198d7-4dfe-4ecd-9fa0-b66fa6cac3fd::eave-chain::0:18"", ""992198d7-4dfe-4ecd-9fa0-b66fa6cac3fd::eave-chain::0:20"", ""992198d7-4dfe-4ecd-9fa0-b66fa6cac3fd::eave-chain::0:22"", ""992198d7-4dfe-4ecd-9fa0-b66fa6cac3fd::eave-chain::0:25"", ""992198d7-4dfe-4ecd-9fa0-b66fa6cac3fd::eave-chain::0:3"", ""992198d7-4dfe-4ecd-9fa0-b66fa6cac3fd::eave-chain::0:6"", ""992198d7-4dfe-4ecd-9fa0-b66fa6cac3fd::eave-chain::0:9""]",74.605445,0.123286,0.788483,"[""building-part:9bf5c5b4d88f674ab0f0"", ""building-part:f58bd2cda1b785a70141""]","[""building-part:9bf5c5b4d88f674ab0f0"", ""building-part:f58bd2cda1b785a70141""]","[""building-part:9bf5c5b4d88f674ab0f0"", ""building-part:adbc4e5b64a4d06b2d95"", ""building-part:e8a985f0c84868f1b5d8"", ""building-part:f58bd2cda1b785a70141""]",True,True,True
992198d7-4dfe-4ecd-9fa0-b66fa6cac3fd,0,ridge_eave_plane_group,1,992198d7-4dfe-4ecd-9fa0-b66fa6cac3fd::ridge-eave-candidate::plane-group::3e677086bfb2,130.517092,97.965678,14.065082,14,0.934319,0.880952,0.97002,90.0,14.065082,0.0,36.687737,11,74.605445,992198d7-4dfe-4ecd-9fa0-b66fa6cac3fd::eave-chain::0:9,0.995817,0,0.93616,0.943922,strong,keep,False,"[""992198d7-4dfe-4ecd-9fa0-b66fa6cac3fd::eave-chain::0:1"", ""992198d7-4dfe-4ecd-9fa0-b66fa6cac3fd::eave-chain::0:12"", ""992198d7-4dfe-4ecd-9fa0-b66fa6cac3fd::eave-chain::0:14"", ""992198d7-4dfe-4ecd-9fa0-b66fa6cac3fd::eave-chain::0:16"", ""992198d7-4dfe-4ecd-9fa0-b66fa6cac3fd::eave-chain::0:18"", ""992198d7-4dfe-4ecd-9fa0-b66fa6cac3fd::eave-chain::0:20"", ""992198d7-4dfe-4ecd-9fa0-b66fa6cac3fd::eave-chain::0:22"", ""992198d7-4dfe-4ecd-9fa0-b66fa6cac3fd::eave-chain::0:25"", ""992198d7-4dfe-4ecd-9fa0-b66fa6cac3fd::eave-chain::0:3"", ""992198d7-4dfe-4ecd-9fa0-b66fa6cac3fd::eave-chain::0:6"", ""992198d7-4dfe-4ecd-9fa0-b66fa6cac3fd::eave-chain::0:9""]",74.605445,0.123288,0.833901,"[""building-part:9bf5c5b4d88f674ab0f0"", ""building-part:f58bd2cda1b785a70141""]","[""building-part:9bf5c5b4d88f674ab0f0"", ""building-part:f58bd2cda1b785a70141""]","[""building-part:9bf5c5b4d88f674ab0f0"", ""building-part:adbc4e5b64a4d06b2d95"", ""building-part:af1bdc440f1f138e7c5b"", ""building-part:e8a985f0c84868f1b5d8"", ""building-part:f58bd2cda1b785a70141""]",True,True,True
99ce0ab2-eaac-406c-9fa2-707d7dbe30c5,0,candidate_oblique,0,99ce0ab2-eaac-406c-9fa2-707d7dbe30c5::ceiling-oblique::ceiling-oblique:0,24.207294,256.163437,13.614739,8,0.841522,0.625601,0.9719,76.163437,11.634619,0.0,0.628481,0,0.0,99ce0ab2-eaac-406c-9fa2-707d7dbe30c5::eave-chain::0:19,0.563973,0,0.841935,0.687533,strong,keep,False,[],0.0,,,"[""building-part:08a6e9064bc56fca5ba8"", ""building-part:208b8c02f142f904c1fe"", ""building-part:6b73b94fc57b8761bfd3"", ""building-part:dc6f20aed8ea0d75446e"", ""building-part:e07fde4437fd231d7ebc""]","[""building-part:08a6e9064bc56fca5ba8"", ""building-part:208b8c02f142f904c1fe"", ""building-part:6b73b94fc57b8761bfd3"", ""building-part:dc6f20aed8ea0d75446e"", ""building-part:e07fde4437fd231d7ebc""]","[""building-part:08a6e9064bc56fca5ba8"", ""building-part:208b8c02f142f904c1fe"", ""building-part:6b73b94fc57b8761bfd3"", ""building-part:dc6f20aed8ea0d75446e"", ""building-part:e07fde4437fd231d7ebc""]",True,True,True
99ce0ab2-eaac-406c-9fa2-707d7dbe30c5,0,candidate_oblique,1,99ce0ab2-eaac-406c-9fa2-707d7dbe30c5::ceiling-oblique::ceiling-oblique:1,9.687342,268.618297,21.253808,3,0.983074,0.718269,0.931984,88.618297,17.293567,0.0,5.804189,0,0.0,99ce0ab2-eaac-406c-9fa2-707d7dbe30c5::eave-chain::0:10,0.697725,0,0.878088,0.92328,strong,keep,False,[],0.0,,,"[""building-part:08a6e9064bc56fca5ba8"", ""building-part:208b8c02f142f904c1fe"", ""building-part:6b73b94fc57b8761bfd3"", ""building-part:dc6f20aed8ea0d75446e"", ""building-part:e07fde4437fd231d7ebc""]","[""building-part:08a6e9064bc56fca5ba8"", ""building-part:208b8c02f142f904c1fe"", ""building-part:6b73b94fc57b8761bfd3"", ""building-part:dc6f20aed8ea0d75446e"", ""building-part:e07fde4437fd231d7ebc""]","[""building-part:08a6e9064bc56fca5ba8"", ""building-part:208b8c02f142f904c1fe"", ""building-part:6b73b94fc57b8761bfd3"", ""building-part:dc6f20aed8ea0d75446e"", ""building-part:e07fde4437fd231d7ebc""]",True,True,True
99ce0ab2-eaac-406c-9fa2-707d7dbe30c5,0,candidate_oblique,2,99ce0ab2-eaac-406c-9fa2-707d7dbe30c5::ceiling-oblique::ceiling-oblique:2,23.744637,88.618305,18.539592,5,0.691952,0.495,0.948104,88.618305,18.539592,0.0,0.0,0,0.0,99ce0ab2-eaac-406c-9fa2-707d7dbe30c5::eave-chain::0:4,0.565753,2,0.760942,0.465402,strong,maybe,True,[],0.0,,,"[""building-part:08a6e9064bc56fca5ba8"", ""building-part:208b8c02f142f904c1fe"", ""building-part:6b73b94fc57b8761bfd3"", ""building-part:dc6f20aed8ea0d75446e"", ""building-part:e07fde4437fd231d7ebc""]","[""building-part:08a6e9064bc56fca5ba8"", ""building-part:208b8c02f142f904c1fe"", ""building-part:6b73b94fc57b8761bfd3"", ""building-part:dc6f20aed8ea0d75446e"", ""building-part:e07fde4437fd231d7ebc""]","[""building-part:08a6e9064bc56fca5ba8"", ""building-part:208b8c02f142f904c1fe"", ""building-part:6b73b94fc57b8761bfd3"", ""building-part:dc6f20aed8ea0d75446e"", ""building-part:e07fde4437fd231d7ebc""]",True,True,True
99ce0ab2-eaac-406c-9fa2-707d7dbe30c5,0,committed_oblique,0,99ce0ab2-eaac-406c-9fa2-707d7dbe30c5::roof-oblique::oblique:0,102.480166,256.168925,13.616364,14,0.884106,0.747665,0.971894,103.831075,13.616364,0.0,27.508458,5,27.585525,99ce0ab2-eaac-406c-9fa2-707d7dbe30c5::eave-chain::0:10,0.611795,0,0.887067,0.897554,strong,keep,False,"[""99ce0ab2-eaac-406c-9fa2-707d7dbe30c5::eave-chain::0:10"", ""99ce0ab2-eaac-406c-9fa2-707d7dbe30c5::eave-chain::0:12"", ""99ce0ab2-eaac-406c-9fa2-707d7dbe30c5::eave-chain::0:13"", ""99ce0ab2-eaac-406c-9fa2-707d7dbe30c5::eave-chain::0:15"", ""99ce0ab2-eaac-406c-9fa2-707d7dbe30c5::eave-chain::0:8""]",27.585525,12.47652,0.981997,"[""building-part:08a6e9064bc56fca5ba8"", ""building-part:208b8c02f142f904c1fe"", ""building-part:6b73b94fc57b8761bfd3"", ""building-part:dc6f20aed8ea0d75446e"", ""building-part:e07fde4437fd231d7ebc""]","[""building-part:08a6e9064bc56fca5ba8"", ""building-part:208b8c02f142f904c1fe"", ""building-part:6b73b94fc57b8761bfd3"", ""building-part:dc6f20aed8ea0d75446e"", ""building-part:e07fde4437fd231d7ebc""]","[""building-part:08a6e9064bc56fca5ba8"", ""building-part:208b8c02f142f904c1fe"", ""building-part:6b73b94fc57b8761bfd3"", ""building-part:a33f57e27ed79627e8be"", ""building-part:dc6f20aed8ea0d75446e"", ""building-part:e07fde4437fd231d7ebc""]",True,True,True
99ce0ab2-eaac-406c-9fa2-707d7dbe30c5,0,committed_oblique,1,99ce0ab2-eaac-406c-9fa2-707d7dbe30c5::roof-oblique::oblique:1,27.800967,268.619199,21.246258,4,0.993144,0.788702,0.932032,90.0,19.266138,0.0,5.804189,0,0.0,99ce0ab2-eaac-406c-9fa2-707d7dbe30c5::eave-chain::0:10,0.69785,0,0.901255,0.941404,strong,keep,False,[],0.0,,,"[""building-part:08a6e9064bc56fca5ba8"", ""building-part:208b8c02f142f904c1fe"", ""building-part:6b73b94fc57b8761bfd3""]","[""building-part:08a6e9064bc56fca5ba8"", ""building-part:208b8c02f142f904c1fe"", ""building-part:6b73b94fc57b8761bfd3""]","[""building-part:08a6e9064bc56fca5ba8"", ""building-part:208b8c02f142f904c1fe"", ""building-part:6b73b94fc57b8761bfd3"", ""building-part:dc6f20aed8ea0d75446e"", ""building-part:e07fde4437fd231d7ebc""]",False,True,True
99ce0ab2-eaac-406c-9fa2-707d7dbe30c5,0,committed_oblique,2,99ce0ab2-eaac-406c-9fa2-707d7dbe30c5::roof-oblique::oblique:2,77.408395,88.619878,18.541109,9,0.904385,0.779167,0.948096,88.619878,18.541109,0.0,5.671697,5,27.585525,99ce0ab2-eaac-406c-9fa2-707d7dbe30c5::eave-chain::0:15,0.995429,2,0.888675,0.807207,strong,keep,True,"[""99ce0ab2-eaac-406c-9fa2-707d7dbe30c5::eave-chain::0:10"", ""99ce0ab2-eaac-406c-9fa2-707d7dbe30c5::eave-chain::0:12"", ""99ce0ab2-eaac-406c-9fa2-707d7dbe30c5::eave-chain::0:13"", ""99ce0ab2-eaac-406c-9fa2-707d7dbe30c5::eave-chain::0:15"", ""99ce0ab2-eaac-406c-9fa2-707d7dbe30c5::eave-chain::0:8""]",27.585525,0.031068,1.51328,"[""building-part:208b8c02f142f904c1fe"", ""building-part:6b73b94fc57b8761bfd3"", ""building-part:a33f57e27ed79627e8be"", ""building-part:dc6f20aed8ea0d75446e"", ""building-part:e07fde4437fd231d7ebc""]","[""building-part:208b8c02f142f904c1fe"", ""building-part:6b73b94fc57b8761bfd3"", ""building-part:a33f57e27ed79627e8be"", ""building-part:dc6f20aed8ea0d75446e"", ""building-part:e07fde4437fd231d7ebc""]","[""building-part:08a6e9064bc56fca5ba8"", ""building-part:208b8c02f142f904c1fe"", ""building-part:6b73b94fc57b8761bfd3"", ""building-part:a33f57e27ed79627e8be"", ""building-part:dc6f20aed8ea0d75446e"", ""building-part:e07fde4437fd231d7ebc""]",True,True,True
99ce0ab2-eaac-406c-9fa2-707d7dbe30c5,0,ridge_eave_plane_group,0,99ce0ab2-eaac-406c-9fa2-707d7dbe30c5::ridge-eave-candidate::plane-group::7ae54b20aed1,178.973592,243.553977,8.279987,17,0.899326,0.738518,0.989576,116.446023,8.279987,0.0,36.178525,3,38.145002,99ce0ab2-eaac-406c-9fa2-707d7dbe30c5::eave-chain::0:6,0.931978,2,0.896209,0.805349,strong,keep,True,"[""99ce0ab2-eaac-406c-9fa2-707d7dbe30c5::eave-chain::0:1"", ""99ce0ab2-eaac-406c-9fa2-707d7dbe30c5::eave-chain::0:3"", ""99ce0ab2-eaac-406c-9fa2-707d7dbe30c5::eave-chain::0:6""]",38.145002,0.673751,0.456726,"[""building-part:6b73b94fc57b8761bfd3""]","[""building-part:6b73b94fc57b8761bfd3""]","[""building-part:08a6e9064bc56fca5ba8"", ""building-part:208b8c02f142f904c1fe"", ""building-part:6b73b94fc57b8761bfd3"", ""building-part:a33f57e27ed79627e8be"", ""building-part:dc6f20aed8ea0d75446e"", ""building-part:e07fde4437fd231d7ebc""]",False,True,True
99ce0ab2-eaac-406c-9fa2-707d7dbe30c5,0,ridge_eave_plane_group,1,99ce0ab2-eaac-406c-9fa2-707d7dbe30c5::ridge-eave-candidate::plane-group::a565a9963da9,178.973732,268.666118,20.485771,17,0.899325,0.738518,0.936759,91.333882,20.485771,0.0,20.997469,5,27.585525,99ce0ab2-eaac-406c-9fa2-707d7dbe30c5::eave-chain::0:10,0.961844,2,0.8698,0.794786,strong,keep,True,"[""99ce0ab2-eaac-406c-9fa2-707d7dbe30c5::eave-chain::0:10"", ""99ce0ab2-eaac-406c-9fa2-707d7dbe30c5::eave-chain::0:12"", ""99ce0ab2-eaac-406c-9fa2-707d7dbe30c5::eave-chain::0:13"", ""99ce0ab2-eaac-406c-9fa2-707d7dbe30c5::eave-chain::0:15"", ""99ce0ab2-eaac-406c-9fa2-707d7dbe30c5::eave-chain::0:8""]",27.585525,0.064899,1.363425,"[""building-part:208b8c02f142f904c1fe"", ""building-part:6b73b94fc57b8761bfd3"", ""building-part:dc6f20aed8ea0d75446e"", ""building-part:e07fde4437fd231d7ebc""]","[""building-part:208b8c02f142f904c1fe"", ""building-part:6b73b94fc57b8761bfd3"", ""building-part:dc6f20aed8ea0d75446e"", ""building-part:e07fde4437fd231d7ebc""]","[""building-part:08a6e9064bc56fca5ba8"", ""building-part:208b8c02f142f904c1fe"", ""building-part:6b73b94fc57b8761bfd3"", ""building-part:a33f57e27ed79627e8be"", ""building-part:dc6f20aed8ea0d75446e"", ""building-part:e07fde4437fd231d7ebc""]",True,True,True
99ce0ab2-eaac-406c-9fa2-707d7dbe30c5,0,ridge_eave_plane_group,2,99ce0ab2-eaac-406c-9fa2-707d7dbe30c5::ridge-eave-candidate::plane-group::a09ea619dbca,178.973592,88.618305,18.539584,17,0.899326,0.738518,0.948104,88.618305,18.539584,0.0,20.997469,5,27.585525,99ce0ab2-eaac-406c-9fa2-707d7dbe30c5::eave-chain::0:15,0.993755,2,0.875473,0.797055,strong,keep,True,"[""99ce0ab2-eaac-406c-9fa2-707d7dbe30c5::eave-chain::0:10"", ""99ce0ab2-eaac-406c-9fa2-707d7dbe30c5::eave-chain::0:12"", ""99ce0ab2-eaac-406c-9fa2-707d7dbe30c5::eave-chain::0:13"", ""99ce0ab2-eaac-406c-9fa2-707d7dbe30c5::eave-chain::0:15"", ""99ce0ab2-eaac-406c-9fa2-707d7dbe30c5::eave-chain::0:8""]",27.585525,0.031068,1.506445,"[""building-part:208b8c02f142f904c1fe"", ""building-part:6b73b94fc57b8761bfd3"", ""building-part:dc6f20aed8ea0d75446e"", ""building-part:e07fde4437fd231d7ebc""]","[""building-part:208b8c02f142f904c1fe"", ""building-part:6b73b94fc57b8761bfd3"", ""building-part:dc6f20aed8ea0d75446e"", ""building-part:e07fde4437fd231d7ebc""]","[""building-part:08a6e9064bc56fca5ba8"", ""building-part:208b8c02f142f904c1fe"", ""building-part:6b73b94fc57b8761bfd3"", ""building-part:a33f57e27ed79627e8be"", ""building-part:dc6f20aed8ea0d75446e"", ""building-part:e07fde4437fd231d7ebc""]",True,True,True
9bb4ada4-60fb-4ab0-8e05-de49acc92623,0,candidate_oblique,0,9bb4ada4-60fb-4ab0-8e05-de49acc92623::ceiling-oblique::ceiling-oblique:0,10.122119,61.826579,7.25394,1,0.984035,0.625,0.999934,4.699086,0.314522,0.0,10.111572,10,54.747848,9bb4ada4-60fb-4ab0-8e05-de49acc92623::eave-chain::0:8,0.993412,0,0.884274,0.918601,strong,keep,False,"[""9bb4ada4-60fb-4ab0-8e05-de49acc92623::eave-chain::0:0"", ""9bb4ada4-60fb-4ab0-8e05-de49acc92623::eave-chain::0:11"", ""9bb4ada4-60fb-4ab0-8e05-de49acc92623::eave-chain::0:13"", ""9bb4ada4-60fb-4ab0-8e05-de49acc92623::eave-chain::0:15"", ""9bb4ada4-60fb-4ab0-8e05-de49acc92623::eave-chain::0:2"", ""9bb4ada4-60fb-4ab0-8e05-de49acc92623::eave-chain::0:4"", ""9bb4ada4-60fb-4ab0-8e05-de49acc92623::eave-chain::0:5"", ""9bb4ada4-60fb-4ab0-8e05-de49acc92623::eave-chain::0:6"", ""9bb4ada4-60fb-4ab0-8e05-de49acc92623::eave-chain::0:8"", ""9bb4ada4-60fb-4ab0-8e05-de49acc92623::eave-chain::0:9""]",54.747848,0.079744,0.275531,"[""building-part:abdb47d8c56122d0e400"", ""building-part:c403b019528e53c444f6""]","[""building-part:abdb47d8c56122d0e400"", ""building-part:c403b019528e53c444f6""]","[""building-part:abdb47d8c56122d0e400"", ""building-part:c403b019528e53c444f6""]",True,True,True
9bb4ada4-60fb-4ab0-8e05-de49acc92623,0,committed_oblique,0,9bb4ada4-60fb-4ab0-8e05-de49acc92623::roof-oblique::oblique:0,12.395977,61.806641,7.251266,4,0.926627,0.739583,0.992002,90.0,7.251266,0.0,10.111572,10,54.747848,9bb4ada4-60fb-4ab0-8e05-de49acc92623::eave-chain::0:8,0.993375,0,0.903202,0.916968,strong,keep,False,"[""9bb4ada4-60fb-4ab0-8e05-de49acc92623::eave-chain::0:0"", ""9bb4ada4-60fb-4ab0-8e05-de49acc92623::eave-chain::0:11"", ""9bb4ada4-60fb-4ab0-8e05-de49acc92623::eave-chain::0:13"", ""9bb4ada4-60fb-4ab0-8e05-de49acc92623::eave-chain::0:15"", ""9bb4ada4-60fb-4ab0-8e05-de49acc92623::eave-chain::0:2"", ""9bb4ada4-60fb-4ab0-8e05-de49acc92623::eave-chain::0:4"", ""9bb4ada4-60fb-4ab0-8e05-de49acc92623::eave-chain::0:5"", ""9bb4ada4-60fb-4ab0-8e05-de49acc92623::eave-chain::0:6"", ""9bb4ada4-60fb-4ab0-8e05-de49acc92623::eave-chain::0:8"", ""9bb4ada4-60fb-4ab0-8e05-de49acc92623::eave-chain::0:9""]",54.747848,0.079744,0.275289,"[""building-part:c403b019528e53c444f6""]","[""building-part:c403b019528e53c444f6""]","[""building-part:abdb47d8c56122d0e400"", ""building-part:c403b019528e53c444f6""]",False,True,True
9bb4ada4-60fb-4ab0-8e05-de49acc92623,0,ridge_eave_plane_group,0,9bb4ada4-60fb-4ab0-8e05-de49acc92623::ridge-eave-candidate::plane-group::86be93936bc8,116.030009,61.826579,7.253934,9,0.947301,0.884259,0.991996,61.826579,7.253934,0.0,31.370718,10,54.747848,9bb4ada4-60fb-4ab0-8e05-de49acc92623::eave-chain::0:8,0.993256,0,0.950736,0.954171,strong,keep,False,"[""9bb4ada4-60fb-4ab0-8e05-de49acc92623::eave-chain::0:0"", ""9bb4ada4-60fb-4ab0-8e05-de49acc92623::eave-chain::0:11"", ""9bb4ada4-60fb-4ab0-8e05-de49acc92623::eave-chain::0:13"", ""9bb4ada4-60fb-4ab0-8e05-de49acc92623::eave-chain::0:15"", ""9bb4ada4-60fb-4ab0-8e05-de49acc92623::eave-chain::0:2"", ""9bb4ada4-60fb-4ab0-8e05-de49acc92623::eave-chain::0:4"", ""9bb4ada4-60fb-4ab0-8e05-de49acc92623::eave-chain::0:5"", ""9bb4ada4-60fb-4ab0-8e05-de49acc92623::eave-chain::0:6"", ""9bb4ada4-60fb-4ab0-8e05-de49acc92623::eave-chain::0:8"", ""9bb4ada4-60fb-4ab0-8e05-de49acc92623::eave-chain::0:9""]",54.747848,0.079744,0.275531,"[""building-part:c403b019528e53c444f6""]","[""building-part:c403b019528e53c444f6""]","[""building-part:abdb47d8c56122d0e400"", ""building-part:c403b019528e53c444f6""]",False,True,True
9bc73438-328e-440e-a4be-25efa61d3b7c,0,candidate_oblique,0,9bc73438-328e-440e-a4be-25efa61d3b7c::ceiling-oblique::ceiling-oblique:0,40.559021,175.37042,7.331332,5,0.377396,0.907692,0.991825,4.62958,7.331332,0.0,22.516187,9,51.696239,9bc73438-328e-440e-a4be-25efa61d3b7c::eave-chain::0:1,0.987767,0,0.843699,0.730862,strong,keep,False,"[""9bc73438-328e-440e-a4be-25efa61d3b7c::eave-chain::0:0"", ""9bc73438-328e-440e-a4be-25efa61d3b7c::eave-chain::0:1"", ""9bc73438-328e-440e-a4be-25efa61d3b7c::eave-chain::0:10"", ""9bc73438-328e-440e-a4be-25efa61d3b7c::eave-chain::0:12"", ""9bc73438-328e-440e-a4be-25efa61d3b7c::eave-chain::0:13"", ""9bc73438-328e-440e-a4be-25efa61d3b7c::eave-chain::0:15"", ""9bc73438-328e-440e-a4be-25efa61d3b7c::eave-chain::0:3"", ""9bc73438-328e-440e-a4be-25efa61d3b7c::eave-chain::0:5"", ""9bc73438-328e-440e-a4be-25efa61d3b7c::eave-chain::0:8""]",51.696239,0.11781,0.12846,"[""building-part:230490f24b6804033afd"", ""building-part:3ce423ad8be7f3e65c13"", ""building-part:3d515fae81c16da3d40a""]","[""building-part:230490f24b6804033afd"", ""building-part:3ce423ad8be7f3e65c13"", ""building-part:3d515fae81c16da3d40a""]","[""building-part:230490f24b6804033afd"", ""building-part:3ce423ad8be7f3e65c13"", ""building-part:3d515fae81c16da3d40a""]",True,True,True
9bc73438-328e-440e-a4be-25efa61d3b7c,0,committed_oblique,0,9bc73438-328e-440e-a4be-25efa61d3b7c::roof-oblique::oblique:0,17.873137,175.378747,7.327402,7,0.962388,0.934066,0.991834,4.621253,7.327402,0.0,25.16774,9,51.696239,9bc73438-328e-440e-a4be-25efa61d3b7c::eave-chain::0:10,0.989173,0,0.968614,0.970135,strong,keep,False,"[""9bc73438-328e-440e-a4be-25efa61d3b7c::eave-chain::0:0"", ""9bc73438-328e-440e-a4be-25efa61d3b7c::eave-chain::0:1"", ""9bc73438-328e-440e-a4be-25efa61d3b7c::eave-chain::0:10"", ""9bc73438-328e-440e-a4be-25efa61d3b7c::eave-chain::0:12"", ""9bc73438-328e-440e-a4be-25efa61d3b7c::eave-chain::0:13"", ""9bc73438-328e-440e-a4be-25efa61d3b7c::eave-chain::0:15"", ""9bc73438-328e-440e-a4be-25efa61d3b7c::eave-chain::0:3"", ""9bc73438-328e-440e-a4be-25efa61d3b7c::eave-chain::0:5"", ""9bc73438-328e-440e-a4be-25efa61d3b7c::eave-chain::0:8""]",51.696239,0.11781,0.128467,"[""building-part:3ce423ad8be7f3e65c13""]","[""building-part:3ce423ad8be7f3e65c13""]","[""building-part:230490f24b6804033afd"", ""building-part:3ce423ad8be7f3e65c13"", ""building-part:3d515fae81c16da3d40a"", ""building-part:b584a0429e99c91ba87d"", ""building-part:ea997f01eede63ab9a6a""]",True,True,True
9bdb3966-1a42-44b8-a033-07cdcab74bbb,1,candidate_oblique,0,9bdb3966-1a42-44b8-a033-07cdcab74bbb::ceiling-oblique::ceiling-oblique:0,14.311187,176.212973,38.332268,3,0.948424,0.798535,0.999827,0.124675,1.064833,16.799376,8.399695,2,8.399695,9bdb3966-1a42-44b8-a033-07cdcab74bbb::eave-chain::1:15,0.995086,0,0.929159,0.939042,strong,keep,False,"[""9bdb3966-1a42-44b8-a033-07cdcab74bbb::eave-chain::1:15"", ""9bdb3966-1a42-44b8-a033-07cdcab74bbb::eave-chain::1:7""]",8.399695,0.023868,0.021645,"[""building-part:ba69e32a8e8ca391d196""]","[""building-part:ba69e32a8e8ca391d196""]","[""building-part:ba69e32a8e8ca391d196""]",True,True,True
9bdb3966-1a42-44b8-a033-07cdcab74bbb,1,candidate_oblique,1,9bdb3966-1a42-44b8-a033-07cdcab74bbb::ceiling-oblique::ceiling-oblique:1,14.021936,356.189763,35.936437,7,0.648788,0.863112,0.871181,3.879432,27.780192,10.107968,17.402218,5,21.821875,9bdb3966-1a42-44b8-a033-07cdcab74bbb::eave-chain::1:14,0.981822,0,0.824282,0.806374,strong,keep,False,"[""9bdb3966-1a42-44b8-a033-07cdcab74bbb::eave-chain::1:12"", ""9bdb3966-1a42-44b8-a033-07cdcab74bbb::eave-chain::1:13"", ""9bdb3966-1a42-44b8-a033-07cdcab74bbb::eave-chain::1:14"", ""9bdb3966-1a42-44b8-a033-07cdcab74bbb::eave-chain::1:16"", ""9bdb3966-1a42-44b8-a033-07cdcab74bbb::eave-chain::1:17""]",21.821875,0.429266,0.224312,"[""building-part:ba69e32a8e8ca391d196""]","[""building-part:ba69e32a8e8ca391d196""]","[""building-part:ba69e32a8e8ca391d196""]",True,True,True
9bdb3966-1a42-44b8-a033-07cdcab74bbb,1,committed_oblique,0,9bdb3966-1a42-44b8-a033-07cdcab74bbb::roof-oblique::oblique:0,28.254675,176.213125,38.335332,4,0.925575,0.813187,0.892111,88.168824,19.69855,16.799376,15.117371,5,21.700025,9bdb3966-1a42-44b8-a033-07cdcab74bbb::eave-chain::1:15,0.995084,0,0.875127,0.911289,strong,keep,False,"[""9bdb3966-1a42-44b8-a033-07cdcab74bbb::eave-chain::1:12"", ""9bdb3966-1a42-44b8-a033-07cdcab74bbb::eave-chain::1:13"", ""9bdb3966-1a42-44b8-a033-07cdcab74bbb::eave-chain::1:15"", ""9bdb3966-1a42-44b8-a033-07cdcab74bbb::eave-chain::1:3"", ""9bdb3966-1a42-44b8-a033-07cdcab74bbb::eave-chain::1:7""]",21.700025,0.047204,0.672224,"[""building-part:ba69e32a8e8ca391d196""]","[""building-part:ba69e32a8e8ca391d196""]","[""building-part:ba69e32a8e8ca391d196""]",True,True,True
9bdb3966-1a42-44b8-a033-07cdcab74bbb,1,committed_oblique,1,9bdb3966-1a42-44b8-a033-07cdcab74bbb::roof-oblique::oblique:1,21.528331,356.188999,35.93523,9,0.623605,0.873321,0.809681,3.811001,35.93523,10.107968,11.3206,4,17.903254,9bdb3966-1a42-44b8-a033-07cdcab74bbb::eave-chain::1:14,0.981788,0,0.791558,0.786042,strong,keep,False,"[""9bdb3966-1a42-44b8-a033-07cdcab74bbb::eave-chain::1:12"", ""9bdb3966-1a42-44b8-a033-07cdcab74bbb::eave-chain::1:13"", ""9bdb3966-1a42-44b8-a033-07cdcab74bbb::eave-chain::1:14"", ""9bdb3966-1a42-44b8-a033-07cdcab74bbb::eave-chain::1:17""]",17.903254,0.495708,0.22582,"[""building-part:ba69e32a8e8ca391d196""]","[""building-part:ba69e32a8e8ca391d196""]","[""building-part:ba69e32a8e8ca391d196""]",True,True,True
9bdb3966-1a42-44b8-a033-07cdcab74bbb,1,ridge_eave_plane_group,0,9bdb3966-1a42-44b8-a033-07cdcab74bbb::ridge-eave-candidate::plane-group::14cd8b3c6b66,107.046525,176.212973,38.332303,12,0.406229,0.862227,0.784427,176.178376,30.703667,26.907344,0.0,5,22.384329,9bdb3966-1a42-44b8-a033-07cdcab74bbb::eave-chain::1:7,0.98239,0,0.732127,0.691822,medium,keep,False,"[""9bdb3966-1a42-44b8-a033-07cdcab74bbb::eave-chain::1:12"", ""9bdb3966-1a42-44b8-a033-07cdcab74bbb::eave-chain::1:13"", ""9bdb3966-1a42-44b8-a033-07cdcab74bbb::eave-chain::1:14"", ""9bdb3966-1a42-44b8-a033-07cdcab74bbb::eave-chain::1:15"", ""9bdb3966-1a42-44b8-a033-07cdcab74bbb::eave-chain::1:7""]",22.384329,0.261267,0.672851,"[""building-part:ba69e32a8e8ca391d196""]","[""building-part:ba69e32a8e8ca391d196""]","[""building-part:ba69e32a8e8ca391d196""]",True,True,True
9bdb3966-1a42-44b8-a033-07cdcab74bbb,1,ridge_eave_plane_group,1,9bdb3966-1a42-44b8-a033-07cdcab74bbb::ridge-eave-candidate::plane-group::f47ec213b1c5,107.137474,356.492904,36.090594,12,0.405884,0.862227,0.808087,3.541694,28.461958,26.907344,0.0,5,22.384329,9bdb3966-1a42-44b8-a033-07cdcab74bbb::eave-chain::1:14,0.948829,0,0.743888,0.696417,medium,keep,False,"[""9bdb3966-1a42-44b8-a033-07cdcab74bbb::eave-chain::1:12"", ""9bdb3966-1a42-44b8-a033-07cdcab74bbb::eave-chain::1:13"", ""9bdb3966-1a42-44b8-a033-07cdcab74bbb::eave-chain::1:14"", ""9bdb3966-1a42-44b8-a033-07cdcab74bbb::eave-chain::1:15"", ""9bdb3966-1a42-44b8-a033-07cdcab74bbb::eave-chain::1:7""]",22.384329,0.259008,0.714833,"[""building-part:ba69e32a8e8ca391d196""]","[""building-part:ba69e32a8e8ca391d196""]","[""building-part:ba69e32a8e8ca391d196""]",True,True,True
9bdb3966-1a42-44b8-a033-07cdcab74bbb,1,ridge_eave_plane_group,2,9bdb3966-1a42-44b8-a033-07cdcab74bbb::ridge-eave-candidate::plane-group::6486f0eb02de,107.137474,267.377367,30.284513,12,0.405884,0.862227,0.823399,91.893248,22.655877,0.0,3.626098,5,8.161897,9bdb3966-1a42-44b8-a033-07cdcab74bbb::eave-chain::1:6,0.869005,0,0.751545,0.680784,strong,keep,False,"[""9bdb3966-1a42-44b8-a033-07cdcab74bbb::eave-chain::1:0"", ""9bdb3966-1a42-44b8-a033-07cdcab74bbb::eave-chain::1:1"", ""9bdb3966-1a42-44b8-a033-07cdcab74bbb::eave-chain::1:11"", ""9bdb3966-1a42-44b8-a033-07cdcab74bbb::eave-chain::1:4"", ""9bdb3966-1a42-44b8-a033-07cdcab74bbb::eave-chain::1:6""]",8.161897,1.162996,2.642215,"[""building-part:ba69e32a8e8ca391d196""]","[""building-part:ba69e32a8e8ca391d196""]","[""building-part:ba69e32a8e8ca391d196""]",True,True,True
9bdb3966-1a42-44b8-a033-07cdcab74bbb,1,ridge_eave_plane_group,3,9bdb3966-1a42-44b8-a033-07cdcab74bbb::ridge-eave-candidate::plane-group::a80d35a8a3b5,107.046525,86.212966,28.935262,12,0.406229,0.862227,0.861072,87.704998,21.306626,0.0,3.626098,5,8.161897,9bdb3966-1a42-44b8-a033-07cdcab74bbb::eave-chain::1:6,0.899944,0,0.77045,0.688457,strong,keep,False,"[""9bdb3966-1a42-44b8-a033-07cdcab74bbb::eave-chain::1:0"", ""9bdb3966-1a42-44b8-a033-07cdcab74bbb::eave-chain::1:1"", ""9bdb3966-1a42-44b8-a033-07cdcab74bbb::eave-chain::1:11"", ""9bdb3966-1a42-44b8-a033-07cdcab74bbb::eave-chain::1:4"", ""9bdb3966-1a42-44b8-a033-07cdcab74bbb::eave-chain::1:6""]",8.161897,0.002099,1.45417,"[""building-part:ba69e32a8e8ca391d196""]","[""building-part:ba69e32a8e8ca391d196""]","[""building-part:ba69e32a8e8ca391d196""]",True,True,True
9c42b8bc-b55c-427b-b695-9d073c5f8a75,1,candidate_oblique,0,9c42b8bc-b55c-427b-b695-9d073c5f8a75::ceiling-oblique::ceiling-oblique:0,47.189593,132.722306,45.689959,5,0.447069,0.749911,0.999938,0.407656,0.638486,0.0,21.45585,9,43.232898,9c42b8bc-b55c-427b-b695-9d073c5f8a75::eave-chain::1:10,0.987982,0,0.814356,0.728797,strong,keep,False,"[""9c42b8bc-b55c-427b-b695-9d073c5f8a75::eave-chain::1:0"", ""9c42b8bc-b55c-427b-b695-9d073c5f8a75::eave-chain::1:1"", ""9c42b8bc-b55c-427b-b695-9d073c5f8a75::eave-chain::1:10"", ""9c42b8bc-b55c-427b-b695-9d073c5f8a75::eave-chain::1:2"", ""9c42b8bc-b55c-427b-b695-9d073c5f8a75::eave-chain::1:3"", ""9c42b8bc-b55c-427b-b695-9d073c5f8a75::eave-chain::1:4"", ""9c42b8bc-b55c-427b-b695-9d073c5f8a75::eave-chain::1:5"", ""9c42b8bc-b55c-427b-b695-9d073c5f8a75::eave-chain::1:6"", ""9c42b8bc-b55c-427b-b695-9d073c5f8a75::eave-chain::1:9""]",43.232898,0.118639,0.09089,"[""building-part:cd002f65c81b9c0cf8f8""]","[""building-part:cd002f65c81b9c0cf8f8""]","[""building-part:cd002f65c81b9c0cf8f8""]",True,False,False
9c42b8bc-b55c-427b-b695-9d073c5f8a75,1,candidate_oblique,1,9c42b8bc-b55c-427b-b695-9d073c5f8a75::ceiling-oblique::ceiling-oblique:1,44.379663,312.722307,46.499678,5,0.67392,0.756259,0.999909,0.041057,0.291237,0.0,16.814214,8,40.531462,9c42b8bc-b55c-427b-b695-9d073c5f8a75::eave-chain::1:4,0.991847,0,0.861616,0.820802,strong,keep,False,"[""9c42b8bc-b55c-427b-b695-9d073c5f8a75::eave-chain::1:1"", ""9c42b8bc-b55c-427b-b695-9d073c5f8a75::eave-chain::1:2"", ""9c42b8bc-b55c-427b-b695-9d073c5f8a75::eave-chain::1:3"", ""9c42b8bc-b55c-427b-b695-9d073c5f8a75::eave-chain::1:4"", ""9c42b8bc-b55c-427b-b695-9d073c5f8a75::eave-chain::1:5"", ""9c42b8bc-b55c-427b-b695-9d073c5f8a75::eave-chain::1:6"", ""9c42b8bc-b55c-427b-b695-9d073c5f8a75::eave-chain::1:8"", ""9c42b8bc-b55c-427b-b695-9d073c5f8a75::eave-chain::1:9""]",40.531462,0.031262,0.51117,"[""building-part:cd002f65c81b9c0cf8f8""]","[""building-part:cd002f65c81b9c0cf8f8""]","[""building-part:cd002f65c81b9c0cf8f8""]",True,False,False
9c42b8bc-b55c-427b-b695-9d073c5f8a75,1,committed_oblique,0,9c42b8bc-b55c-427b-b695-9d073c5f8a75::roof-oblique::oblique:0,55.28674,132.722946,45.68947,5,0.447011,0.749911,0.999938,0.407017,0.638975,0.0,16.995548,9,43.232898,9c42b8bc-b55c-427b-b695-9d073c5f8a75::eave-chain::1:10,0.988049,0,0.814344,0.728774,strong,keep,False,"[""9c42b8bc-b55c-427b-b695-9d073c5f8a75::eave-chain::1:0"", ""9c42b8bc-b55c-427b-b695-9d073c5f8a75::eave-chain::1:1"", ""9c42b8bc-b55c-427b-b695-9d073c5f8a75::eave-chain::1:10"", ""9c42b8bc-b55c-427b-b695-9d073c5f8a75::eave-chain::1:2"", ""9c42b8bc-b55c-427b-b695-9d073c5f8a75::eave-chain::1:3"", ""9c42b8bc-b55c-427b-b695-9d073c5f8a75::eave-chain::1:4"", ""9c42b8bc-b55c-427b-b695-9d073c5f8a75::eave-chain::1:5"", ""9c42b8bc-b55c-427b-b695-9d073c5f8a75::eave-chain::1:6"", ""9c42b8bc-b55c-427b-b695-9d073c5f8a75::eave-chain::1:9""]",43.232898,0.118639,0.091045,"[""building-part:cd002f65c81b9c0cf8f8""]","[""building-part:cd002f65c81b9c0cf8f8""]","[""building-part:cd002f65c81b9c0cf8f8""]",True,False,False
9c42b8bc-b55c-427b-b695-9d073c5f8a75,1,committed_oblique,1,9c42b8bc-b55c-427b-b695-9d073c5f8a75::roof-oblique::oblique:1,52.423676,312.720006,46.502258,6,0.644198,0.796883,0.998759,0.511428,2.125588,0.0,17.622006,8,40.531462,9c42b8bc-b55c-427b-b695-9d073c5f8a75::eave-chain::1:4,0.991857,0,0.867284,0.816808,strong,keep,False,"[""9c42b8bc-b55c-427b-b695-9d073c5f8a75::eave-chain::1:1"", ""9c42b8bc-b55c-427b-b695-9d073c5f8a75::eave-chain::1:2"", ""9c42b8bc-b55c-427b-b695-9d073c5f8a75::eave-chain::1:3"", ""9c42b8bc-b55c-427b-b695-9d073c5f8a75::eave-chain::1:4"", ""9c42b8bc-b55c-427b-b695-9d073c5f8a75::eave-chain::1:5"", ""9c42b8bc-b55c-427b-b695-9d073c5f8a75::eave-chain::1:6"", ""9c42b8bc-b55c-427b-b695-9d073c5f8a75::eave-chain::1:8"", ""9c42b8bc-b55c-427b-b695-9d073c5f8a75::eave-chain::1:9""]",40.531462,0.031262,0.511215,"[""building-part:cd002f65c81b9c0cf8f8""]","[""building-part:cd002f65c81b9c0cf8f8""]","[""building-part:cd002f65c81b9c0cf8f8""]",True,False,False
9c42b8bc-b55c-427b-b695-9d073c5f8a75,0,ridge_eave_plane_group,0,9c42b8bc-b55c-427b-b695-9d073c5f8a75::ridge-eave-candidate::plane-group::1bf6e59f7ad0,143.240878,223.374488,19.651335,0,0.0,0.0,,,,0.0,0.0,0,0.0,,,0,0.0,0.0,weak,drop_candidate,False,[],0.0,,,"[""building-part:cd002f65c81b9c0cf8f8""]","[""building-part:cd002f65c81b9c0cf8f8""]","[""building-part:cd002f65c81b9c0cf8f8""]",True,False,False
9c42b8bc-b55c-427b-b695-9d073c5f8a75,0,ridge_eave_plane_group,1,9c42b8bc-b55c-427b-b695-9d073c5f8a75::ridge-eave-candidate::plane-group::9d4fbe1ee8c8,143.240878,43.920684,32.950637,0,0.0,0.0,,,,0.0,0.0,0,0.0,,,0,0.0,0.0,weak,drop_candidate,False,[],0.0,,,"[""building-part:cd002f65c81b9c0cf8f8""]","[""building-part:cd002f65c81b9c0cf8f8""]","[""building-part:cd002f65c81b9c0cf8f8""]",True,False,False
9c42b8bc-b55c-427b-b695-9d073c5f8a75,0,ridge_eave_plane_group,2,9c42b8bc-b55c-427b-b695-9d073c5f8a75::ridge-eave-candidate::plane-group::2da50665a6dd,143.240878,132.722306,45.689969,0,0.0,0.0,,,,0.0,0.0,0,0.0,,,0,0.0,0.0,weak,drop_candidate,False,[],0.0,,,"[""building-part:cd002f65c81b9c0cf8f8""]","[""building-part:cd002f65c81b9c0cf8f8""]","[""building-part:cd002f65c81b9c0cf8f8""]",True,False,False
9c42b8bc-b55c-427b-b695-9d073c5f8a75,0,ridge_eave_plane_group,3,9c42b8bc-b55c-427b-b695-9d073c5f8a75::ridge-eave-candidate::plane-group::44a4fb13221a,143.240878,312.722306,46.499703,0,0.0,0.0,,,,0.0,0.0,0,0.0,,,0,0.0,0.0,weak,drop_candidate,False,[],0.0,,,"[""building-part:cd002f65c81b9c0cf8f8""]","[""building-part:cd002f65c81b9c0cf8f8""]","[""building-part:cd002f65c81b9c0cf8f8""]",True,False,False
9c80d7ae-2804-4b2f-83bb-544927398846,0,ridge_eave_plane_group,0,9c80d7ae-2804-4b2f-83bb-544927398846::ridge-eave-candidate::plane-group::1d0e803102f8,156.780734,239.410603,22.796904,5,0.531591,0.966667,0.921884,59.410603,22.796904,0.0,22.091603,3,19.167697,9c80d7ae-2804-4b2f-83bb-544927398846::eave-chain::0:6,0.845086,0,0.85726,0.790347,strong,keep,False,"[""9c80d7ae-2804-4b2f-83bb-544927398846::eave-chain::0:1"", ""9c80d7ae-2804-4b2f-83bb-544927398846::eave-chain::0:4"", ""9c80d7ae-2804-4b2f-83bb-544927398846::eave-chain::0:6""]",19.167697,2.135538,1.386994,"[""building-part:0745f7ba742397a23e7e""]","[""building-part:0745f7ba742397a23e7e""]","[""building-part:023042a47e8bd1e1ef2d"", ""building-part:0745f7ba742397a23e7e"", ""building-part:34dc91130599225c8ea8"", ""building-part:aa7cce2ff4aa2aea3f29"", ""building-part:f6b9e59453c5be200a15""]",True,True,True
9c80d7ae-2804-4b2f-83bb-544927398846,0,ridge_eave_plane_group,1,9c80d7ae-2804-4b2f-83bb-544927398846::ridge-eave-candidate::plane-group::b5793537ff06,82.797357,239.410603,22.796904,6,0.932885,0.916667,0.921884,90.0,22.796904,0.0,20.576297,2,23.500203,9c80d7ae-2804-4b2f-83bb-544927398846::eave-chain::0:13,0.845738,0,0.922519,0.940864,strong,keep,False,"[""9c80d7ae-2804-4b2f-83bb-544927398846::eave-chain::0:13"", ""9c80d7ae-2804-4b2f-83bb-544927398846::eave-chain::0:8""]",23.500203,1.370726,1.631127,"[""building-part:0745f7ba742397a23e7e""]","[""building-part:0745f7ba742397a23e7e""]","[""building-part:023042a47e8bd1e1ef2d"", ""building-part:34dc91130599225c8ea8"", ""building-part:77f8935133a216ac8017"", ""building-part:aa7cce2ff4aa2aea3f29"", ""building-part:f6b9e59453c5be200a15""]",True,True,True
9dce7b8f-036f-42bb-9645-a1b5cc17fbd1,0,candidate_oblique,0,9dce7b8f-036f-42bb-9645-a1b5cc17fbd1::ceiling-oblique::ceiling-oblique:0,5.815381,263.720451,24.501065,2,0.93474,0.970588,0.954969,48.162531,12.406871,5.27543,2.640707,1,2.640707,9dce7b8f-036f-42bb-9645-a1b5cc17fbd1::eave-chain::0:15,0.999795,0,0.955609,0.959007,strong,keep,False,"[""9dce7b8f-036f-42bb-9645-a1b5cc17fbd1::eave-chain::0:15""]",2.640707,0.007405,3.1e-05,"[""building-part:976111607704f73186ec""]","[""building-part:976111607704f73186ec""]","[""building-part:976111607704f73186ec""]",True,False,False
9dce7b8f-036f-42bb-9645-a1b5cc17fbd1,0,committed_oblique,0,9dce7b8f-036f-42bb-9645-a1b5cc17fbd1::roof-oblique::oblique:0,7.374306,263.715443,24.488987,3,0.943736,0.980392,0.910041,83.715443,24.488987,5.27543,2.640707,1,2.640707,9dce7b8f-036f-42bb-9645-a1b5cc17fbd1::eave-chain::0:15,0.999673,0,0.937885,0.955581,strong,keep,False,"[""9dce7b8f-036f-42bb-9645-a1b5cc17fbd1::eave-chain::0:15""]",2.640707,0.007405,0.000519,"[""building-part:976111607704f73186ec""]","[""building-part:976111607704f73186ec""]","[""building-part:976111607704f73186ec""]",True,False,False
9dce7b8f-036f-42bb-9645-a1b5cc17fbd1,0,ridge_eave_plane_group,0,9dce7b8f-036f-42bb-9645-a1b5cc17fbd1::ridge-eave-candidate::plane-group::8e8f55ee1663,117.489726,263.720451,24.501068,11,0.949913,0.991979,0.909954,83.720451,24.501068,5.27543,36.310746,8,50.090343,9dce7b8f-036f-42bb-9645-a1b5cc17fbd1::eave-chain::0:15,0.999773,0,0.942553,0.960352,strong,keep,False,"[""9dce7b8f-036f-42bb-9645-a1b5cc17fbd1::eave-chain::0:1"", ""9dce7b8f-036f-42bb-9645-a1b5cc17fbd1::eave-chain::0:11"", ""9dce7b8f-036f-42bb-9645-a1b5cc17fbd1::eave-chain::0:13"", ""9dce7b8f-036f-42bb-9645-a1b5cc17fbd1::eave-chain::0:14"", ""9dce7b8f-036f-42bb-9645-a1b5cc17fbd1::eave-chain::0:15"", ""9dce7b8f-036f-42bb-9645-a1b5cc17fbd1::eave-chain::0:3"", ""9dce7b8f-036f-42bb-9645-a1b5cc17fbd1::eave-chain::0:4"", ""9dce7b8f-036f-42bb-9645-a1b5cc17fbd1::eave-chain::0:6""]",50.090343,0.569632,1.587805,"[""building-part:976111607704f73186ec""]","[""building-part:976111607704f73186ec""]","[""building-part:5502cd57f9ee690767bf"", ""building-part:976111607704f73186ec""]",True,True,True
a1ac389f-7406-4ddf-a270-d9a5e72dbf51,2,candidate_oblique,0,a1ac389f-7406-4ddf-a270-d9a5e72dbf51::ceiling-oblique::ceiling-oblique:0,5.916162,7.156226,54.690517,1,0.113003,0.604167,0.999395,0.000315,1.992507,0.0,1.059554,1,1.059554,a1ac389f-7406-4ddf-a270-d9a5e72dbf51::eave-chain::2:0,0.98663,0,0.703548,0.418891,medium,drop_candidate,False,"[""a1ac389f-7406-4ddf-a270-d9a5e72dbf51::eave-chain::2:0""]",1.059554,0.000315,0.053428,"[""building-part:1368dfa7ef2081cac64a""]","[""building-part:1368dfa7ef2081cac64a""]","[""building-part:1368dfa7ef2081cac64a""]",False,True,True
a1ac389f-7406-4ddf-a270-d9a5e72dbf51,2,committed_oblique,0,a1ac389f-7406-4ddf-a270-d9a5e72dbf51::roof-oblique::oblique:0,9.139699,7.152878,54.69787,1,0.073136,0.604167,0.999391,0.003663,1.99986,0.0,1.059554,1,1.059554,a1ac389f-7406-4ddf-a270-d9a5e72dbf51::eave-chain::2:0,0.986531,0,0.695573,0.402944,medium,drop_candidate,False,"[""a1ac389f-7406-4ddf-a270-d9a5e72dbf51::eave-chain::2:0""]",1.059554,0.000315,0.053802,"[""building-part:1368dfa7ef2081cac64a""]","[""building-part:1368dfa7ef2081cac64a""]","[""building-part:1368dfa7ef2081cac64a"", ""building-part:24c348635c723ae61162""]",False,True,True
a1ac389f-7406-4ddf-a270-d9a5e72dbf51,1,ridge_eave_plane_group,0,a1ac389f-7406-4ddf-a270-d9a5e72dbf51::ridge-eave-candidate::plane-group::070f60261cbf,32.211332,187.156247,34.824176,2,0.526617,0.888889,0.820908,90.0,34.824176,0.0,5.641862,2,9.458909,a1ac389f-7406-4ddf-a270-d9a5e72dbf51::eave-chain::1:1,0.883552,0,0.782444,0.752606,strong,keep,False,"[""a1ac389f-7406-4ddf-a270-d9a5e72dbf51::eave-chain::1:1"", ""a1ac389f-7406-4ddf-a270-d9a5e72dbf51::eave-chain::1:3""]",9.458909,0.682609,5.138883,"[""building-part:24c348635c723ae61162""]","[""building-part:24c348635c723ae61162""]","[""building-part:8b216c7c38a3573df4d9""]",False,True,True
a1ac389f-7406-4ddf-a270-d9a5e72dbf51,1,ridge_eave_plane_group,2,a1ac389f-7406-4ddf-a270-d9a5e72dbf51::ridge-eave-candidate::plane-group::8ecc2f701564,32.211332,7.156228,49.699802,2,0.526617,0.888889,0.646792,90.0,49.699802,0.0,5.641862,2,9.458909,a1ac389f-7406-4ddf-a270-d9a5e72dbf51::eave-chain::1:1,0.903365,0,0.695386,0.717783,medium,keep,False,"[""a1ac389f-7406-4ddf-a270-d9a5e72dbf51::eave-chain::1:1"", ""a1ac389f-7406-4ddf-a270-d9a5e72dbf51::eave-chain::1:3""]",9.458909,0.682589,2.09258,"[""building-part:1368dfa7ef2081cac64a""]","[""building-part:1368dfa7ef2081cac64a""]","[""building-part:8b216c7c38a3573df4d9""]",False,True,True
a1ac389f-7406-4ddf-a270-d9a5e72dbf51,1,ridge_eave_plane_group,4,a1ac389f-7406-4ddf-a270-d9a5e72dbf51::ridge-eave-candidate::plane-group::3aebbb21e517,32.211332,6.408674,68.78724,2,0.526617,0.888889,0.361832,90.0,68.78724,0.0,5.641862,2,9.458909,a1ac389f-7406-4ddf-a270-d9a5e72dbf51::eave-chain::1:3,0.899977,0,0.552906,0.660791,medium,keep,False,"[""a1ac389f-7406-4ddf-a270-d9a5e72dbf51::eave-chain::1:1"", ""a1ac389f-7406-4ddf-a270-d9a5e72dbf51::eave-chain::1:3""]",9.458909,0.065815,6.84476,"[""building-part:8b216c7c38a3573df4d9""]","[""building-part:8b216c7c38a3573df4d9""]","[""building-part:8b216c7c38a3573df4d9""]",True,True,True
a1ac389f-7406-4ddf-a270-d9a5e72dbf51,1,ridge_eave_plane_group,5,a1ac389f-7406-4ddf-a270-d9a5e72dbf51::ridge-eave-candidate::plane-group::57b1283cdb55,32.211332,6.408742,26.447483,2,0.526617,0.888889,0.895343,90.0,26.447483,0.0,5.641862,2,9.458909,a1ac389f-7406-4ddf-a270-d9a5e72dbf51::eave-chain::1:3,0.899976,0,0.819662,0.767493,strong,keep,False,"[""a1ac389f-7406-4ddf-a270-d9a5e72dbf51::eave-chain::1:1"", ""a1ac389f-7406-4ddf-a270-d9a5e72dbf51::eave-chain::1:3""]",9.458909,0.065815,1.61268,"[""building-part:8b216c7c38a3573df4d9""]","[""building-part:8b216c7c38a3573df4d9""]","[""building-part:8b216c7c38a3573df4d9""]",True,True,True
a1ac389f-7406-4ddf-a270-d9a5e72dbf51,1,ridge_eave_plane_group,6,a1ac389f-7406-4ddf-a270-d9a5e72dbf51::ridge-eave-candidate::plane-group::b077d291bcea,32.211332,4.47498,24.95322,2,0.526617,0.888889,0.906653,90.0,24.95322,0.0,5.641862,2,9.458909,a1ac389f-7406-4ddf-a270-d9a5e72dbf51::eave-chain::1:3,0.848458,0,0.825316,0.769755,strong,keep,False,"[""a1ac389f-7406-4ddf-a270-d9a5e72dbf51::eave-chain::1:1"", ""a1ac389f-7406-4ddf-a270-d9a5e72dbf51::eave-chain::1:3""]",9.458909,1.998658,2.726949,"[""building-part:8b216c7c38a3573df4d9""]","[""building-part:8b216c7c38a3573df4d9""]","[""building-part:8b216c7c38a3573df4d9""]",True,True,True
a317a543-06cf-4f1b-97d2-139c26c1cb13,2,candidate_oblique,0,a317a543-06cf-4f1b-97d2-139c26c1cb13::ceiling-oblique::ceiling-oblique:0,14.856388,214.676601,48.178014,2,0.255231,0.733333,0.833396,17.351866,24.299636,0.0,0.0,0,0.0,a317a543-06cf-4f1b-97d2-139c26c1cb13::eave-chain::2:0,0.427502,0,0.687744,0.415438,medium,drop_candidate,False,[],0.0,,,"[""building-part:115a5549bb57807b62ab"", ""building-part:34960dc8fa9e5c8c1aa5"", ""building-part:4111455895a1b185a2f7"", ""building-part:dca8683c4b2ae0814506""]","[""building-part:115a5549bb57807b62ab"", ""building-part:34960dc8fa9e5c8c1aa5"", ""building-part:4111455895a1b185a2f7"", ""building-part:dca8683c4b2ae0814506""]","[""building-part:115a5549bb57807b62ab"", ""building-part:34960dc8fa9e5c8c1aa5"", ""building-part:4111455895a1b185a2f7"", ""building-part:dca8683c4b2ae0814506""]",False,True,True
a317a543-06cf-4f1b-97d2-139c26c1cb13,2,candidate_oblique,1,a317a543-06cf-4f1b-97d2-139c26c1cb13::ceiling-oblique::ceiling-oblique:1,27.322926,34.640879,49.233745,2,0.629389,0.569767,0.999634,0.08928,1.549216,0.0,0.0,0,0.0,a317a543-06cf-4f1b-97d2-139c26c1cb13::eave-chain::2:0,0.399934,0,0.796625,0.565636,strong,maybe,False,[],0.0,,,"[""building-part:115a5549bb57807b62ab"", ""building-part:34960dc8fa9e5c8c1aa5""]","[""building-part:115a5549bb57807b62ab"", ""building-part:34960dc8fa9e5c8c1aa5""]","[""building-part:115a5549bb57807b62ab"", ""building-part:34960dc8fa9e5c8c1aa5""]",False,True,True
a317a543-06cf-4f1b-97d2-139c26c1cb13,2,committed_oblique,0,a317a543-06cf-4f1b-97d2-139c26c1cb13::roof-oblique::oblique:0,63.02093,214.676352,48.176464,5,0.195582,0.599812,0.99927,0.027941,2.189269,0.0,1.462004,1,1.462004,a317a543-06cf-4f1b-97d2-139c26c1cb13::eave-chain::2:0,0.927526,0,0.718695,0.471149,medium,maybe,False,"[""a317a543-06cf-4f1b-97d2-139c26c1cb13::eave-chain::2:0""]",1.462004,0.03325,0.286348,"[""building-part:34960dc8fa9e5c8c1aa5"", ""building-part:4111455895a1b185a2f7"", ""building-part:dca8683c4b2ae0814506""]","[""building-part:34960dc8fa9e5c8c1aa5"", ""building-part:4111455895a1b185a2f7"", ""building-part:dca8683c4b2ae0814506""]","[""building-part:115a5549bb57807b62ab"", ""building-part:34960dc8fa9e5c8c1aa5"", ""building-part:4111455895a1b185a2f7"", ""building-part:dca8683c4b2ae0814506""]",False,True,True
a317a543-06cf-4f1b-97d2-139c26c1cb13,2,committed_oblique,1,a317a543-06cf-4f1b-97d2-139c26c1cb13::roof-oblique::oblique:1,78.716033,34.640494,49.228889,3,0.263419,0.510797,0.999637,0.07988,1.542078,0.0,0.0,0,0.0,a317a543-06cf-4f1b-97d2-139c26c1cb13::eave-chain::2:0,0.399934,0,0.705742,0.407454,medium,drop_candidate,False,[],0.0,,,"[""building-part:115a5549bb57807b62ab"", ""building-part:34960dc8fa9e5c8c1aa5""]","[""building-part:115a5549bb57807b62ab"", ""building-part:34960dc8fa9e5c8c1aa5""]","[""building-part:115a5549bb57807b62ab"", ""building-part:34960dc8fa9e5c8c1aa5"", ""building-part:4111455895a1b185a2f7"", ""building-part:dca8683c4b2ae0814506""]",False,True,True
a317a543-06cf-4f1b-97d2-139c26c1cb13,1,ridge_eave_plane_group,1,a317a543-06cf-4f1b-97d2-139c26c1cb13::ridge-eave-candidate::plane-group::ae7fef169eb0,208.342081,124.527757,31.125483,17,0.839587,0.895847,0.856037,89.782248,30.506082,0.0,15.83342,11,45.621178,a317a543-06cf-4f1b-97d2-139c26c1cb13::eave-chain::1:18,0.915402,0,0.86469,0.886212,strong,keep,False,"[""a317a543-06cf-4f1b-97d2-139c26c1cb13::eave-chain::1:1"", ""a317a543-06cf-4f1b-97d2-139c26c1cb13::eave-chain::1:11"", ""a317a543-06cf-4f1b-97d2-139c26c1cb13::eave-chain::1:12"", ""a317a543-06cf-4f1b-97d2-139c26c1cb13::eave-chain::1:13"", ""a317a543-06cf-4f1b-97d2-139c26c1cb13::eave-chain::1:14"", ""a317a543-06cf-4f1b-97d2-139c26c1cb13::eave-chain::1:16"", ""a317a543-06cf-4f1b-97d2-139c26c1cb13::eave-chain::1:18"", ""a317a543-06cf-4f1b-97d2-139c26c1cb13::eave-chain::1:22"", ""a317a543-06cf-4f1b-97d2-139c26c1cb13::eave-chain::1:23"", ""a317a543-06cf-4f1b-97d2-139c26c1cb13::eave-chain::1:3"", ""a317a543-06cf-4f1b-97d2-139c26c1cb13::eave-chain::1:4""]",45.621178,0.040959,8.818636,"[""building-part:83dfc8dba64b215d5991""]","[""building-part:83dfc8dba64b215d5991""]","[""building-part:37b957caeb91b8708f97"", ""building-part:83dfc8dba64b215d5991"", ""building-part:a22f2d950da481a67f56"", ""building-part:afe39a9c23a69ef0757f""]",True,True,True
a317a543-06cf-4f1b-97d2-139c26c1cb13,1,ridge_eave_plane_group,2,a317a543-06cf-4f1b-97d2-139c26c1cb13::ridge-eave-candidate::plane-group::f09a71ed5ed5,208.342081,304.581868,38.870349,17,0.839587,0.895847,0.778568,90.163642,38.250947,0.0,15.83342,11,45.621178,a317a543-06cf-4f1b-97d2-139c26c1cb13::eave-chain::1:23,0.964855,0,0.825956,0.870718,strong,keep,False,"[""a317a543-06cf-4f1b-97d2-139c26c1cb13::eave-chain::1:1"", ""a317a543-06cf-4f1b-97d2-139c26c1cb13::eave-chain::1:11"", ""a317a543-06cf-4f1b-97d2-139c26c1cb13::eave-chain::1:12"", ""a317a543-06cf-4f1b-97d2-139c26c1cb13::eave-chain::1:13"", ""a317a543-06cf-4f1b-97d2-139c26c1cb13::eave-chain::1:14"", ""a317a543-06cf-4f1b-97d2-139c26c1cb13::eave-chain::1:16"", ""a317a543-06cf-4f1b-97d2-139c26c1cb13::eave-chain::1:18"", ""a317a543-06cf-4f1b-97d2-139c26c1cb13::eave-chain::1:22"", ""a317a543-06cf-4f1b-97d2-139c26c1cb13::eave-chain::1:23"", ""a317a543-06cf-4f1b-97d2-139c26c1cb13::eave-chain::1:3"", ""a317a543-06cf-4f1b-97d2-139c26c1cb13::eave-chain::1:4""]",45.621178,0.070719,7.910771,"[""building-part:34960dc8fa9e5c8c1aa5"", ""building-part:83dfc8dba64b215d5991""]","[""building-part:34960dc8fa9e5c8c1aa5"", ""building-part:83dfc8dba64b215d5991""]","[""building-part:37b957caeb91b8708f97"", ""building-part:83dfc8dba64b215d5991"", ""building-part:a22f2d950da481a67f56"", ""building-part:afe39a9c23a69ef0757f""]",True,True,True
a317a543-06cf-4f1b-97d2-139c26c1cb13,1,ridge_eave_plane_group,5,a317a543-06cf-4f1b-97d2-139c26c1cb13::ridge-eave-candidate::plane-group::bcb383418b7c,208.342063,124.704595,46.726933,17,0.839587,0.895847,0.685476,89.872326,46.107532,0.0,15.83342,11,45.621178,a317a543-06cf-4f1b-97d2-139c26c1cb13::eave-chain::1:18,0.89624,0,0.77941,0.852099,strong,keep,False,"[""a317a543-06cf-4f1b-97d2-139c26c1cb13::eave-chain::1:1"", ""a317a543-06cf-4f1b-97d2-139c26c1cb13::eave-chain::1:11"", ""a317a543-06cf-4f1b-97d2-139c26c1cb13::eave-chain::1:12"", ""a317a543-06cf-4f1b-97d2-139c26c1cb13::eave-chain::1:13"", ""a317a543-06cf-4f1b-97d2-139c26c1cb13::eave-chain::1:14"", ""a317a543-06cf-4f1b-97d2-139c26c1cb13::eave-chain::1:16"", ""a317a543-06cf-4f1b-97d2-139c26c1cb13::eave-chain::1:18"", ""a317a543-06cf-4f1b-97d2-139c26c1cb13::eave-chain::1:22"", ""a317a543-06cf-4f1b-97d2-139c26c1cb13::eave-chain::1:23"", ""a317a543-06cf-4f1b-97d2-139c26c1cb13::eave-chain::1:3"", ""a317a543-06cf-4f1b-97d2-139c26c1cb13::eave-chain::1:4""]",45.621178,0.178062,5.940247,"[""building-part:115a5549bb57807b62ab""]","[""building-part:115a5549bb57807b62ab""]","[""building-part:054c447e9144d178b343"", ""building-part:37b957caeb91b8708f97"", ""building-part:83dfc8dba64b215d5991"", ""building-part:a22f2d950da481a67f56"", ""building-part:afe39a9c23a69ef0757f""]",False,True,True
a317a543-06cf-4f1b-97d2-139c26c1cb13,1,ridge_eave_plane_group,6,a317a543-06cf-4f1b-97d2-139c26c1cb13::ridge-eave-candidate::plane-group::fb1c8744b36f,208.32856,214.677574,48.178342,17,0.839577,0.895847,0.666814,89.850099,47.558941,18.595402,43.718386,12,67.272214,a317a543-06cf-4f1b-97d2-139c26c1cb13::eave-chain::1:5,0.90944,0,0.770077,0.848363,strong,keep,False,"[""a317a543-06cf-4f1b-97d2-139c26c1cb13::eave-chain::1:0"", ""a317a543-06cf-4f1b-97d2-139c26c1cb13::eave-chain::1:10"", ""a317a543-06cf-4f1b-97d2-139c26c1cb13::eave-chain::1:15"", ""a317a543-06cf-4f1b-97d2-139c26c1cb13::eave-chain::1:17"", ""a317a543-06cf-4f1b-97d2-139c26c1cb13::eave-chain::1:19"", ""a317a543-06cf-4f1b-97d2-139c26c1cb13::eave-chain::1:2"", ""a317a543-06cf-4f1b-97d2-139c26c1cb13::eave-chain::1:21"", ""a317a543-06cf-4f1b-97d2-139c26c1cb13::eave-chain::1:5"", ""a317a543-06cf-4f1b-97d2-139c26c1cb13::eave-chain::1:6"", ""a317a543-06cf-4f1b-97d2-139c26c1cb13::eave-chain::1:7"", ""a317a543-06cf-4f1b-97d2-139c26c1cb13::eave-chain::1:8"", ""a317a543-06cf-4f1b-97d2-139c26c1cb13::eave-chain::1:9""]",67.272214,0.132648,2.898725,"[""building-part:115a5549bb57807b62ab"", ""building-part:34960dc8fa9e5c8c1aa5"", ""building-part:4111455895a1b185a2f7""]","[""building-part:115a5549bb57807b62ab"", ""building-part:34960dc8fa9e5c8c1aa5"", ""building-part:4111455895a1b185a2f7""]","[""building-part:054c447e9144d178b343"", ""building-part:37b957caeb91b8708f97"", ""building-part:83dfc8dba64b215d5991"", ""building-part:a22f2d950da481a67f56"", ""building-part:afe39a9c23a69ef0757f""]",False,True,True
a317a543-06cf-4f1b-97d2-139c26c1cb13,1,ridge_eave_plane_group,7,a317a543-06cf-4f1b-97d2-139c26c1cb13::ridge-eave-candidate::plane-group::99351594e929,208.342081,34.640941,49.23377,17,0.839587,0.895847,0.652974,90.113268,48.614369,18.595402,43.718386,12,67.272214,a317a543-06cf-4f1b-97d2-139c26c1cb13::eave-chain::1:7,0.914728,0,0.763159,0.845599,strong,keep,False,"[""a317a543-06cf-4f1b-97d2-139c26c1cb13::eave-chain::1:0"", ""a317a543-06cf-4f1b-97d2-139c26c1cb13::eave-chain::1:10"", ""a317a543-06cf-4f1b-97d2-139c26c1cb13::eave-chain::1:15"", ""a317a543-06cf-4f1b-97d2-139c26c1cb13::eave-chain::1:17"", ""a317a543-06cf-4f1b-97d2-139c26c1cb13::eave-chain::1:19"", ""a317a543-06cf-4f1b-97d2-139c26c1cb13::eave-chain::1:2"", ""a317a543-06cf-4f1b-97d2-139c26c1cb13::eave-chain::1:21"", ""a317a543-06cf-4f1b-97d2-139c26c1cb13::eave-chain::1:5"", ""a317a543-06cf-4f1b-97d2-139c26c1cb13::eave-chain::1:6"", ""a317a543-06cf-4f1b-97d2-139c26c1cb13::eave-chain::1:7"", ""a317a543-06cf-4f1b-97d2-139c26c1cb13::eave-chain::1:8"", ""a317a543-06cf-4f1b-97d2-139c26c1cb13::eave-chain::1:9""]",67.272214,0.104567,5.329276,"[""building-part:115a5549bb57807b62ab"", ""building-part:34960dc8fa9e5c8c1aa5""]","[""building-part:115a5549bb57807b62ab"", ""building-part:34960dc8fa9e5c8c1aa5""]","[""building-part:054c447e9144d178b343"", ""building-part:37b957caeb91b8708f97"", ""building-part:83dfc8dba64b215d5991"", ""building-part:a22f2d950da481a67f56"", ""building-part:afe39a9c23a69ef0757f""]",False,True,True
a317a543-06cf-4f1b-97d2-139c26c1cb13,1,ridge_eave_plane_group,8,a317a543-06cf-4f1b-97d2-139c26c1cb13::ridge-eave-candidate::plane-group::51b677082283,208.342081,124.620668,46.558817,17,0.839587,0.895847,0.68761,89.875159,45.939415,0.0,15.83342,11,45.621178,a317a543-06cf-4f1b-97d2-139c26c1cb13::eave-chain::1:18,0.898478,0,0.780476,0.852526,strong,keep,False,"[""a317a543-06cf-4f1b-97d2-139c26c1cb13::eave-chain::1:1"", ""a317a543-06cf-4f1b-97d2-139c26c1cb13::eave-chain::1:11"", ""a317a543-06cf-4f1b-97d2-139c26c1cb13::eave-chain::1:12"", ""a317a543-06cf-4f1b-97d2-139c26c1cb13::eave-chain::1:13"", ""a317a543-06cf-4f1b-97d2-139c26c1cb13::eave-chain::1:14"", ""a317a543-06cf-4f1b-97d2-139c26c1cb13::eave-chain::1:16"", ""a317a543-06cf-4f1b-97d2-139c26c1cb13::eave-chain::1:18"", ""a317a543-06cf-4f1b-97d2-139c26c1cb13::eave-chain::1:22"", ""a317a543-06cf-4f1b-97d2-139c26c1cb13::eave-chain::1:23"", ""a317a543-06cf-4f1b-97d2-139c26c1cb13::eave-chain::1:3"", ""a317a543-06cf-4f1b-97d2-139c26c1cb13::eave-chain::1:4""]",45.621178,0.103507,15.472475,"[""building-part:34960dc8fa9e5c8c1aa5""]","[""building-part:34960dc8fa9e5c8c1aa5""]","[""building-part:054c447e9144d178b343"", ""building-part:37b957caeb91b8708f97"", ""building-part:83dfc8dba64b215d5991"", ""building-part:a22f2d950da481a67f56"", ""building-part:afe39a9c23a69ef0757f""]",False,True,True
a317a543-06cf-4f1b-97d2-139c26c1cb13,1,ridge_eave_plane_group,9,a317a543-06cf-4f1b-97d2-139c26c1cb13::ridge-eave-candidate::plane-group::85c9b92d6d34,208.342081,124.620597,52.503708,17,0.839587,0.895847,0.60871,89.875088,51.884307,0.0,15.83342,11,45.621178,a317a543-06cf-4f1b-97d2-139c26c1cb13::eave-chain::1:18,0.89848,0,0.741027,0.836746,medium,keep,False,"[""a317a543-06cf-4f1b-97d2-139c26c1cb13::eave-chain::1:1"", ""a317a543-06cf-4f1b-97d2-139c26c1cb13::eave-chain::1:11"", ""a317a543-06cf-4f1b-97d2-139c26c1cb13::eave-chain::1:12"", ""a317a543-06cf-4f1b-97d2-139c26c1cb13::eave-chain::1:13"", ""a317a543-06cf-4f1b-97d2-139c26c1cb13::eave-chain::1:14"", ""a317a543-06cf-4f1b-97d2-139c26c1cb13::eave-chain::1:16"", ""a317a543-06cf-4f1b-97d2-139c26c1cb13::eave-chain::1:18"", ""a317a543-06cf-4f1b-97d2-139c26c1cb13::eave-chain::1:22"", ""a317a543-06cf-4f1b-97d2-139c26c1cb13::eave-chain::1:23"", ""a317a543-06cf-4f1b-97d2-139c26c1cb13::eave-chain::1:3"", ""a317a543-06cf-4f1b-97d2-139c26c1cb13::eave-chain::1:4""]",45.621178,0.103578,20.556545,"[""building-part:34960dc8fa9e5c8c1aa5""]","[""building-part:34960dc8fa9e5c8c1aa5""]","[""building-part:054c447e9144d178b343"", ""building-part:37b957caeb91b8708f97"", ""building-part:83dfc8dba64b215d5991"", ""building-part:a22f2d950da481a67f56"", ""building-part:afe39a9c23a69ef0757f""]",False,True,True
a430ffa9-a314-4352-8b54-dfbd04634861,1,candidate_oblique,0,a430ffa9-a314-4352-8b54-dfbd04634861::ceiling-oblique::ceiling-oblique:0,5.187372,292.857456,38.268349,3,0.469515,0.96875,0.986787,7.89489,8.220116,0.0,6.929642,4,28.109985,a430ffa9-a314-4352-8b54-dfbd04634861::eave-chain::1:1,0.974397,0,0.877921,0.778913,strong,keep,False,"[""a430ffa9-a314-4352-8b54-dfbd04634861::eave-chain::1:1"", ""a430ffa9-a314-4352-8b54-dfbd04634861::eave-chain::1:3"", ""a430ffa9-a314-4352-8b54-dfbd04634861::eave-chain::1:4"", ""a430ffa9-a314-4352-8b54-dfbd04634861::eave-chain::1:6""]",28.109985,0.109863,0.955922,"[""building-part:94569985ba9ffa806c8a""]","[""building-part:94569985ba9ffa806c8a""]","[""building-part:94569985ba9ffa806c8a""]",True,True,True
a430ffa9-a314-4352-8b54-dfbd04634861,1,candidate_oblique,1,a430ffa9-a314-4352-8b54-dfbd04634861::ceiling-oblique::ceiling-oblique:1,11.700853,112.85744,42.780474,5,0.952231,1.0,0.733961,67.14256,42.780474,14.583738,7.290746,2,7.290746,a430ffa9-a314-4352-8b54-dfbd04634861::eave-chain::1:7,0.987497,0,0.857427,0.927685,strong,keep,False,"[""a430ffa9-a314-4352-8b54-dfbd04634861::eave-chain::1:11"", ""a430ffa9-a314-4352-8b54-dfbd04634861::eave-chain::1:7""]",7.290746,0.190253,0.036163,"[""building-part:94569985ba9ffa806c8a""]","[""building-part:94569985ba9ffa806c8a""]","[""building-part:94569985ba9ffa806c8a""]",True,False,False
a430ffa9-a314-4352-8b54-dfbd04634861,1,committed_oblique,0,a430ffa9-a314-4352-8b54-dfbd04634861::roof-oblique::oblique:0,19.822748,292.854733,38.26983,5,0.707934,0.98125,0.793517,36.702373,37.285577,0.0,10.733183,4,28.109985,a430ffa9-a314-4352-8b54-dfbd04634861::eave-chain::1:1,0.974473,0,0.83272,0.838127,strong,keep,False,"[""a430ffa9-a314-4352-8b54-dfbd04634861::eave-chain::1:1"", ""a430ffa9-a314-4352-8b54-dfbd04634861::eave-chain::1:3"", ""a430ffa9-a314-4352-8b54-dfbd04634861::eave-chain::1:4"", ""a430ffa9-a314-4352-8b54-dfbd04634861::eave-chain::1:6""]",28.109985,0.109863,0.95636,"[""building-part:94569985ba9ffa806c8a""]","[""building-part:94569985ba9ffa806c8a""]","[""building-part:94569985ba9ffa806c8a""]",True,True,True
a430ffa9-a314-4352-8b54-dfbd04634861,1,committed_oblique,1,a430ffa9-a314-4352-8b54-dfbd04634861::roof-oblique::oblique:1,31.701585,112.853555,42.779047,5,0.990244,1.0,0.733978,67.146445,42.779047,14.583738,28.73456,7,39.146786,a430ffa9-a314-4352-8b54-dfbd04634861::eave-chain::1:7,0.987414,0,0.865038,0.942893,strong,keep,False,"[""a430ffa9-a314-4352-8b54-dfbd04634861::eave-chain::1:1"", ""a430ffa9-a314-4352-8b54-dfbd04634861::eave-chain::1:11"", ""a430ffa9-a314-4352-8b54-dfbd04634861::eave-chain::1:3"", ""a430ffa9-a314-4352-8b54-dfbd04634861::eave-chain::1:4"", ""a430ffa9-a314-4352-8b54-dfbd04634861::eave-chain::1:6"", ""a430ffa9-a314-4352-8b54-dfbd04634861::eave-chain::1:7"", ""a430ffa9-a314-4352-8b54-dfbd04634861::eave-chain::1:9""]",39.146786,0.129441,1.632039,"[""building-part:94569985ba9ffa806c8a""]","[""building-part:94569985ba9ffa806c8a""]","[""building-part:94569985ba9ffa806c8a""]",True,False,False
a430ffa9-a314-4352-8b54-dfbd04634861,0,ridge_eave_plane_group,0,a430ffa9-a314-4352-8b54-dfbd04634861::ridge-eave-candidate::plane-group::1b4efcafe651,89.121838,292.762596,40.986019,5,0.310821,0.966667,0.75487,67.237404,40.986019,0.0,6.675208,3,10.308259,a430ffa9-a314-4352-8b54-dfbd04634861::eave-chain::0:5,0.893765,0,0.729599,0.668636,medium,keep,False,"[""a430ffa9-a314-4352-8b54-dfbd04634861::eave-chain::0:0"", ""a430ffa9-a314-4352-8b54-dfbd04634861::eave-chain::0:2"", ""a430ffa9-a314-4352-8b54-dfbd04634861::eave-chain::0:5""]",10.308259,0.233716,2.352271,"[""building-part:94569985ba9ffa806c8a""]","[""building-part:94569985ba9ffa806c8a""]","[""building-part:94569985ba9ffa806c8a"", ""building-part:a82be33406988921a611"", ""building-part:b6f02eb8f1ef939e8c60""]",True,True,True
a430ffa9-a314-4352-8b54-dfbd04634861,0,ridge_eave_plane_group,1,a430ffa9-a314-4352-8b54-dfbd04634861::ridge-eave-candidate::plane-group::055a452adff1,89.121838,112.85744,42.780576,5,0.310821,0.966667,0.73396,112.85744,42.780576,0.0,6.675208,3,10.308259,a430ffa9-a314-4352-8b54-dfbd04634861::eave-chain::0:5,0.9892,0,0.719144,0.664454,medium,keep,False,"[""a430ffa9-a314-4352-8b54-dfbd04634861::eave-chain::0:0"", ""a430ffa9-a314-4352-8b54-dfbd04634861::eave-chain::0:2"", ""a430ffa9-a314-4352-8b54-dfbd04634861::eave-chain::0:5""]",10.308259,0.32856,5.137207,"[""building-part:94569985ba9ffa806c8a""]","[""building-part:94569985ba9ffa806c8a""]","[""building-part:94569985ba9ffa806c8a"", ""building-part:a82be33406988921a611"", ""building-part:b6f02eb8f1ef939e8c60""]",True,True,True
a430ffa9-a314-4352-8b54-dfbd04634861,0,ridge_eave_plane_group,2,a430ffa9-a314-4352-8b54-dfbd04634861::ridge-eave-candidate::plane-group::31df38c580a2,89.121838,22.528909,43.146,5,0.310821,0.966667,0.729613,22.528909,43.146,8.804042,2.064133,4,12.368046,a430ffa9-a314-4352-8b54-dfbd04634861::eave-chain::0:6,0.899988,0,0.716971,0.663585,medium,keep,False,"[""a430ffa9-a314-4352-8b54-dfbd04634861::eave-chain::0:1"", ""a430ffa9-a314-4352-8b54-dfbd04634861::eave-chain::0:3"", ""a430ffa9-a314-4352-8b54-dfbd04634861::eave-chain::0:4"", ""a430ffa9-a314-4352-8b54-dfbd04634861::eave-chain::0:6""]",12.368046,0.000712,2.96071,"[""building-part:94569985ba9ffa806c8a""]","[""building-part:94569985ba9ffa806c8a""]","[""building-part:94569985ba9ffa806c8a"", ""building-part:a82be33406988921a611"", ""building-part:b6f02eb8f1ef939e8c60""]",True,True,True
a443b86f-c86a-47a7-abef-0a56893c99b0,1,candidate_oblique,0,a443b86f-c86a-47a7-abef-0a56893c99b0::ceiling-oblique::ceiling-oblique:0,13.998888,7.728469,44.249119,3,0.650201,0.879752,0.999965,0.673365,0.164243,12.976009,8.530486,4,10.333667,a443b86f-c86a-47a7-abef-0a56893c99b0::eave-chain::1:4,0.996176,0,0.893949,0.836024,strong,keep,False,"[""a443b86f-c86a-47a7-abef-0a56893c99b0::eave-chain::1:13"", ""a443b86f-c86a-47a7-abef-0a56893c99b0::eave-chain::1:4"", ""a443b86f-c86a-47a7-abef-0a56893c99b0::eave-chain::1:5"", ""a443b86f-c86a-47a7-abef-0a56893c99b0::eave-chain::1:7""]",10.333667,0.037845,0.029314,"[""building-part:136adea2a7785cd3bc6c"", ""building-part:a13acde1bc464cc394a2""]","[""building-part:136adea2a7785cd3bc6c"", ""building-part:a13acde1bc464cc394a2""]","[""building-part:136adea2a7785cd3bc6c"", ""building-part:a13acde1bc464cc394a2""]",False,True,True
a443b86f-c86a-47a7-abef-0a56893c99b0,1,committed_oblique,0,a443b86f-c86a-47a7-abef-0a56893c99b0::roof-oblique::oblique:0,16.865784,7.724417,44.241435,5,0.798738,0.855703,0.716406,7.724417,44.241435,12.976009,6.48737,4,10.333667,a443b86f-c86a-47a7-abef-0a56893c99b0::eave-chain::1:4,0.996186,0,0.774662,0.833917,strong,keep,False,"[""a443b86f-c86a-47a7-abef-0a56893c99b0::eave-chain::1:13"", ""a443b86f-c86a-47a7-abef-0a56893c99b0::eave-chain::1:4"", ""a443b86f-c86a-47a7-abef-0a56893c99b0::eave-chain::1:5"", ""a443b86f-c86a-47a7-abef-0a56893c99b0::eave-chain::1:7""]",10.333667,0.037845,0.02939,"[""building-part:a13acde1bc464cc394a2""]","[""building-part:a13acde1bc464cc394a2""]","[""building-part:136adea2a7785cd3bc6c"", ""building-part:a13acde1bc464cc394a2""]",False,True,True
a443b86f-c86a-47a7-abef-0a56893c99b0,1,ridge_eave_plane_group,0,a443b86f-c86a-47a7-abef-0a56893c99b0::ridge-eave-candidate::plane-group::04ce72a2f0c6,98.535231,187.728474,45.199927,11,0.482943,0.776531,0.704635,76.984967,5.856836,16.599744,2.362869,5,11.905497,a443b86f-c86a-47a7-abef-0a56893c99b0::eave-chain::1:11,0.99308,0,0.681865,0.68941,medium,keep,False,"[""a443b86f-c86a-47a7-abef-0a56893c99b0::eave-chain::1:1"", ""a443b86f-c86a-47a7-abef-0a56893c99b0::eave-chain::1:11"", ""a443b86f-c86a-47a7-abef-0a56893c99b0::eave-chain::1:13"", ""a443b86f-c86a-47a7-abef-0a56893c99b0::eave-chain::1:4"", ""a443b86f-c86a-47a7-abef-0a56893c99b0::eave-chain::1:5""]",11.905497,0.045831,2.261698,"[""building-part:a13acde1bc464cc394a2""]","[""building-part:a13acde1bc464cc394a2""]","[""building-part:136adea2a7785cd3bc6c"", ""building-part:a13acde1bc464cc394a2""]",False,True,True
a443b86f-c86a-47a7-abef-0a56893c99b0,1,ridge_eave_plane_group,1,a443b86f-c86a-47a7-abef-0a56893c99b0::ridge-eave-candidate::plane-group::c94a10048b20,101.847378,277.728471,38.642981,11,0.467237,0.776531,0.571001,89.999655,6.558587,1.85434,4.263939,6,11.094998,a443b86f-c86a-47a7-abef-0a56893c99b0::eave-chain::1:12,0.899987,0,0.611907,0.656401,medium,keep,False,"[""a443b86f-c86a-47a7-abef-0a56893c99b0::eave-chain::1:0"", ""a443b86f-c86a-47a7-abef-0a56893c99b0::eave-chain::1:10"", ""a443b86f-c86a-47a7-abef-0a56893c99b0::eave-chain::1:12"", ""a443b86f-c86a-47a7-abef-0a56893c99b0::eave-chain::1:2"", ""a443b86f-c86a-47a7-abef-0a56893c99b0::eave-chain::1:8"", ""a443b86f-c86a-47a7-abef-0a56893c99b0::eave-chain::1:9""]",11.094998,0.000617,2.804822,"[""building-part:a13acde1bc464cc394a2""]","[""building-part:a13acde1bc464cc394a2""]","[""building-part:136adea2a7785cd3bc6c"", ""building-part:a13acde1bc464cc394a2""]",False,True,True
a443b86f-c86a-47a7-abef-0a56893c99b0,1,ridge_eave_plane_group,2,a443b86f-c86a-47a7-abef-0a56893c99b0::ridge-eave-candidate::plane-group::7594b655ee54,101.87618,97.728495,49.204721,11,0.467105,0.776531,0.473626,90.000322,9.169229,1.85434,4.263939,6,11.094998,a443b86f-c86a-47a7-abef-0a56893c99b0::eave-chain::1:9,0.962569,0,0.563193,0.636873,medium,maybe,False,"[""a443b86f-c86a-47a7-abef-0a56893c99b0::eave-chain::1:0"", ""a443b86f-c86a-47a7-abef-0a56893c99b0::eave-chain::1:10"", ""a443b86f-c86a-47a7-abef-0a56893c99b0::eave-chain::1:12"", ""a443b86f-c86a-47a7-abef-0a56893c99b0::eave-chain::1:2"", ""a443b86f-c86a-47a7-abef-0a56893c99b0::eave-chain::1:8"", ""a443b86f-c86a-47a7-abef-0a56893c99b0::eave-chain::1:9""]",11.094998,0.000593,1.585549,"[""building-part:a13acde1bc464cc394a2""]","[""building-part:a13acde1bc464cc394a2""]","[""building-part:136adea2a7785cd3bc6c"", ""building-part:a13acde1bc464cc394a2""]",False,True,True
a443b86f-c86a-47a7-abef-0a56893c99b0,1,ridge_eave_plane_group,3,a443b86f-c86a-47a7-abef-0a56893c99b0::ridge-eave-candidate::plane-group::71dc69a9156f,101.87618,149.323714,32.584978,11,0.467105,0.776531,0.842594,54.910061,12.61659,0.0,0.0,0,0.0,a443b86f-c86a-47a7-abef-0a56893c99b0::eave-chain::1:8,0.564234,0,0.747677,0.510667,medium,maybe,False,[],0.0,,,"[""building-part:a13acde1bc464cc394a2""]","[""building-part:a13acde1bc464cc394a2""]","[""building-part:136adea2a7785cd3bc6c"", ""building-part:a13acde1bc464cc394a2""]",False,True,True
a443b86f-c86a-47a7-abef-0a56893c99b0,1,ridge_eave_plane_group,4,a443b86f-c86a-47a7-abef-0a56893c99b0::ridge-eave-candidate::plane-group::2c52335c3a2b,101.555611,7.728469,43.761236,11,0.46858,0.776531,0.578697,103.015037,4.418145,16.599744,2.362869,5,11.905497,a443b86f-c86a-47a7-abef-0a56893c99b0::eave-chain::1:13,0.987994,0,0.616024,0.658478,medium,keep,False,"[""a443b86f-c86a-47a7-abef-0a56893c99b0::eave-chain::1:1"", ""a443b86f-c86a-47a7-abef-0a56893c99b0::eave-chain::1:11"", ""a443b86f-c86a-47a7-abef-0a56893c99b0::eave-chain::1:13"", ""a443b86f-c86a-47a7-abef-0a56893c99b0::eave-chain::1:4"", ""a443b86f-c86a-47a7-abef-0a56893c99b0::eave-chain::1:5""]",11.905497,0.045826,2.904879,"[""building-part:136adea2a7785cd3bc6c"", ""building-part:a13acde1bc464cc394a2""]","[""building-part:136adea2a7785cd3bc6c"", ""building-part:a13acde1bc464cc394a2""]","[""building-part:136adea2a7785cd3bc6c"", ""building-part:a13acde1bc464cc394a2""]",False,True,True
a492a5d6-ab9f-4b1e-bbfe-4762c1370a40,1,candidate_oblique,0,a492a5d6-ab9f-4b1e-bbfe-4762c1370a40::ceiling-oblique::ceiling-oblique:0,3.987811,178.684875,6.370884,1,0.999991,1.0,1.0,0.000637,0.002241,0.0,5.161258,2,5.161258,a492a5d6-ab9f-4b1e-bbfe-4762c1370a40::eave-chain::1:7,0.999976,0,0.999998,0.999996,strong,keep,False,"[""a492a5d6-ab9f-4b1e-bbfe-4762c1370a40::eave-chain::1:6"", ""a492a5d6-ab9f-4b1e-bbfe-4762c1370a40::eave-chain::1:7""]",5.161258,0.000637,3.1e-05,"[""building-part:8efc5ab587d277e11731""]","[""building-part:8efc5ab587d277e11731""]","[""building-part:8efc5ab587d277e11731""]",False,True,False
a492a5d6-ab9f-4b1e-bbfe-4762c1370a40,2,candidate_oblique,1,a492a5d6-ab9f-4b1e-bbfe-4762c1370a40::ceiling-oblique::ceiling-oblique:1,13.356392,89.114793,45.710793,2,0.311659,0.955882,0.999909,0.250763,0.550378,6.453738,1.172946,3,7.626813,a492a5d6-ab9f-4b1e-bbfe-4762c1370a40::eave-chain::2:5,0.993051,0,0.849051,0.715822,strong,keep,False,"[""a492a5d6-ab9f-4b1e-bbfe-4762c1370a40::eave-chain::2:3"", ""a492a5d6-ab9f-4b1e-bbfe-4762c1370a40::eave-chain::2:5"", ""a492a5d6-ab9f-4b1e-bbfe-4762c1370a40::eave-chain::2:6""]",7.626813,0.004485,0.027284,"[""building-part:53045710eac4756e185c""]","[""building-part:53045710eac4756e185c""]","[""building-part:53045710eac4756e185c""]",True,True,True
a492a5d6-ab9f-4b1e-bbfe-4762c1370a40,2,candidate_oblique,2,a492a5d6-ab9f-4b1e-bbfe-4762c1370a40::ceiling-oblique::ceiling-oblique:2,7.817995,269.114789,43.85958,4,0.837679,0.977941,0.998776,1.24931,2.483432,12.307753,6.150935,3,9.377816,a492a5d6-ab9f-4b1e-bbfe-4762c1370a40::eave-chain::2:6,0.991569,0,0.960306,0.930415,strong,keep,False,"[""a492a5d6-ab9f-4b1e-bbfe-4762c1370a40::eave-chain::2:2"", ""a492a5d6-ab9f-4b1e-bbfe-4762c1370a40::eave-chain::2:5"", ""a492a5d6-ab9f-4b1e-bbfe-4762c1370a40::eave-chain::2:6""]",9.377816,0.000808,0.035084,"[""building-part:53045710eac4756e185c""]","[""building-part:53045710eac4756e185c""]","[""building-part:53045710eac4756e185c""]",True,True,True
a492a5d6-ab9f-4b1e-bbfe-4762c1370a40,1,committed_oblique,0,a492a5d6-ab9f-4b1e-bbfe-4762c1370a40::roof-oblique::oblique:0,6.494406,178.715569,6.364279,2,0.729926,1.0,0.996919,89.372813,3.186563,0.0,5.161258,5,23.247322,a492a5d6-ab9f-4b1e-bbfe-4762c1370a40::eave-chain::1:7,0.999871,0,0.944444,0.891354,strong,keep,False,"[""a492a5d6-ab9f-4b1e-bbfe-4762c1370a40::eave-chain::1:1"", ""a492a5d6-ab9f-4b1e-bbfe-4762c1370a40::eave-chain::1:3"", ""a492a5d6-ab9f-4b1e-bbfe-4762c1370a40::eave-chain::1:5"", ""a492a5d6-ab9f-4b1e-bbfe-4762c1370a40::eave-chain::1:6"", ""a492a5d6-ab9f-4b1e-bbfe-4762c1370a40::eave-chain::1:7""]",23.247322,0.000662,0.112738,"[""building-part:8efc5ab587d277e11731""]","[""building-part:8efc5ab587d277e11731""]","[""building-part:53135c54507e769878bb"", ""building-part:8efc5ab587d277e11731""]",False,True,False
a492a5d6-ab9f-4b1e-bbfe-4762c1370a40,2,committed_oblique,1,a492a5d6-ab9f-4b1e-bbfe-4762c1370a40::roof-oblique::oblique:1,21.906766,89.114597,45.712133,5,0.49725,0.947059,0.842715,0.490629,32.572066,6.453738,0.0,3,7.626813,a492a5d6-ab9f-4b1e-bbfe-4762c1370a40::eave-chain::2:3,0.987832,0,0.804925,0.756855,strong,keep,False,"[""a492a5d6-ab9f-4b1e-bbfe-4762c1370a40::eave-chain::2:3"", ""a492a5d6-ab9f-4b1e-bbfe-4762c1370a40::eave-chain::2:5"", ""a492a5d6-ab9f-4b1e-bbfe-4762c1370a40::eave-chain::2:6""]",7.626813,0.004485,0.02711,"[""building-part:53045710eac4756e185c""]","[""building-part:53045710eac4756e185c""]","[""building-part:53045710eac4756e185c""]",True,True,True
a492a5d6-ab9f-4b1e-bbfe-4762c1370a40,2,committed_oblique,2,a492a5d6-ab9f-4b1e-bbfe-4762c1370a40::roof-oblique::oblique:2,17.351977,269.113231,43.861259,5,0.819543,0.964706,0.998048,2.496254,3.162345,12.307753,3.226986,3,9.377816,a492a5d6-ab9f-4b1e-bbfe-4762c1370a40::eave-chain::2:6,0.991605,0,0.952345,0.920368,strong,keep,False,"[""a492a5d6-ab9f-4b1e-bbfe-4762c1370a40::eave-chain::2:2"", ""a492a5d6-ab9f-4b1e-bbfe-4762c1370a40::eave-chain::2:5"", ""a492a5d6-ab9f-4b1e-bbfe-4762c1370a40::eave-chain::2:6""]",9.377816,0.000808,0.035291,"[""building-part:53045710eac4756e185c""]","[""building-part:53045710eac4756e185c""]","[""building-part:53045710eac4756e185c""]",True,True,True
a492a5d6-ab9f-4b1e-bbfe-4762c1370a40,1,ridge_eave_plane_group,0,a492a5d6-ab9f-4b1e-bbfe-4762c1370a40::ridge-eave-candidate::plane-group::68851d100c6a,70.917863,89.114793,45.710828,4,0.483166,0.96875,0.69828,89.114793,45.710828,0.0,3.034801,3,18.577748,a492a5d6-ab9f-4b1e-bbfe-4762c1370a40::eave-chain::1:2,0.91271,0,0.736398,0.678413,medium,keep,False,"[""a492a5d6-ab9f-4b1e-bbfe-4762c1370a40::eave-chain::1:0"", ""a492a5d6-ab9f-4b1e-bbfe-4762c1370a40::eave-chain::1:2"", ""a492a5d6-ab9f-4b1e-bbfe-4762c1370a40::eave-chain::1:4""]",18.577748,1.139789,3.349809,"[""building-part:53045710eac4756e185c""]","[""building-part:53045710eac4756e185c""]","[""building-part:53045710eac4756e185c"", ""building-part:53135c54507e769878bb"", ""building-part:8efc5ab587d277e11731"", ""building-part:c9e66e139527d5cf0bd5""]",True,True,True
a492a5d6-ab9f-4b1e-bbfe-4762c1370a40,1,ridge_eave_plane_group,1,a492a5d6-ab9f-4b1e-bbfe-4762c1370a40::ridge-eave-candidate::plane-group::78947c0f7926,70.917863,269.114788,43.859585,4,0.483166,0.96875,0.72104,90.885212,43.859585,0.0,3.034801,3,18.577748,a492a5d6-ab9f-4b1e-bbfe-4762c1370a40::eave-chain::1:4,0.888512,0,0.747778,0.682965,medium,keep,False,"[""a492a5d6-ab9f-4b1e-bbfe-4762c1370a40::eave-chain::1:0"", ""a492a5d6-ab9f-4b1e-bbfe-4762c1370a40::eave-chain::1:2"", ""a492a5d6-ab9f-4b1e-bbfe-4762c1370a40::eave-chain::1:4""]",18.577748,1.139784,4.165532,"[""building-part:53045710eac4756e185c""]","[""building-part:53045710eac4756e185c""]","[""building-part:53045710eac4756e185c"", ""building-part:53135c54507e769878bb"", ""building-part:8efc5ab587d277e11731"", ""building-part:c9e66e139527d5cf0bd5""]",True,True,True
a4d6eef3-6107-45a3-bd37-3cf2ef4e9efb,0,candidate_oblique,0,a4d6eef3-6107-45a3-bd37-3cf2ef4e9efb::ceiling-oblique::ceiling-oblique:0,2.638017,165.718551,65.185507,2,0.988596,1.0,0.709838,7.243867,32.593068,12.561222,13.027705,4,41.788991,a4d6eef3-6107-45a3-bd37-3cf2ef4e9efb::eave-chain::0:15,0.995439,0,0.852638,0.937406,strong,keep,False,"[""a4d6eef3-6107-45a3-bd37-3cf2ef4e9efb::eave-chain::0:0"", ""a4d6eef3-6107-45a3-bd37-3cf2ef4e9efb::eave-chain::0:15"", ""a4d6eef3-6107-45a3-bd37-3cf2ef4e9efb::eave-chain::0:2"", ""a4d6eef3-6107-45a3-bd37-3cf2ef4e9efb::eave-chain::0:5""]",41.788991,0.23426,3.931638,"[""building-part:6d6282dc12f55f867cb3""]","[""building-part:6d6282dc12f55f867cb3""]","[""building-part:6d6282dc12f55f867cb3""]",False,True,False
a4d6eef3-6107-45a3-bd37-3cf2ef4e9efb,0,committed_oblique,0,a4d6eef3-6107-45a3-bd37-3cf2ef4e9efb::roof-oblique::oblique:0,9.014715,165.717454,65.183513,4,0.784584,1.0,0.419713,14.282546,52.570323,25.122208,6.747233,4,41.788991,a4d6eef3-6107-45a3-bd37-3cf2ef4e9efb::eave-chain::0:15,0.995482,0,0.666773,0.797776,medium,keep,False,"[""a4d6eef3-6107-45a3-bd37-3cf2ef4e9efb::eave-chain::0:0"", ""a4d6eef3-6107-45a3-bd37-3cf2ef4e9efb::eave-chain::0:15"", ""a4d6eef3-6107-45a3-bd37-3cf2ef4e9efb::eave-chain::0:2"", ""a4d6eef3-6107-45a3-bd37-3cf2ef4e9efb::eave-chain::0:5""]",41.788991,0.23426,3.931218,"[""building-part:6d6282dc12f55f867cb3""]","[""building-part:6d6282dc12f55f867cb3""]","[""building-part:52fbd160508522dca244"", ""building-part:6d6282dc12f55f867cb3""]",False,True,True
a6cb04fa-e84a-4641-a667-b4dd05dd7d41,0,candidate_oblique,0,a6cb04fa-e84a-4641-a667-b4dd05dd7d41::ceiling-oblique::ceiling-oblique:0,10.936406,348.111535,17.915967,4,0.896099,0.769231,0.975748,84.504154,9.078917,0.0,11.053759,8,62.472941,a6cb04fa-e84a-4641-a667-b4dd05dd7d41::eave-chain::0:7,0.942411,0,0.897863,0.907435,strong,keep,False,"[""a6cb04fa-e84a-4641-a667-b4dd05dd7d41::eave-chain::0:0"", ""a6cb04fa-e84a-4641-a667-b4dd05dd7d41::eave-chain::0:12"", ""a6cb04fa-e84a-4641-a667-b4dd05dd7d41::eave-chain::0:2"", ""a6cb04fa-e84a-4641-a667-b4dd05dd7d41::eave-chain::0:4"", ""a6cb04fa-e84a-4641-a667-b4dd05dd7d41::eave-chain::0:6"", ""a6cb04fa-e84a-4641-a667-b4dd05dd7d41::eave-chain::0:7"", ""a6cb04fa-e84a-4641-a667-b4dd05dd7d41::eave-chain::0:8"", ""a6cb04fa-e84a-4641-a667-b4dd05dd7d41::eave-chain::0:9""]",62.472941,0.147147,0.963162,"[""building-part:5e95ea3d70b2cb5dca77""]","[""building-part:5e95ea3d70b2cb5dca77""]","[""building-part:5e95ea3d70b2cb5dca77""]",True,False,False
a6cb04fa-e84a-4641-a667-b4dd05dd7d41,0,committed_oblique,0,a6cb04fa-e84a-4641-a667-b4dd05dd7d41::roof-oblique::oblique:0,14.690957,348.105251,17.91447,6,0.875678,0.846154,0.975752,6.398903,9.07742,0.0,14.653478,8,62.472941,a6cb04fa-e84a-4641-a667-b4dd05dd7d41::eave-chain::0:7,0.955379,0,0.916858,0.914652,strong,keep,False,"[""a6cb04fa-e84a-4641-a667-b4dd05dd7d41::eave-chain::0:0"", ""a6cb04fa-e84a-4641-a667-b4dd05dd7d41::eave-chain::0:12"", ""a6cb04fa-e84a-4641-a667-b4dd05dd7d41::eave-chain::0:2"", ""a6cb04fa-e84a-4641-a667-b4dd05dd7d41::eave-chain::0:4"", ""a6cb04fa-e84a-4641-a667-b4dd05dd7d41::eave-chain::0:6"", ""a6cb04fa-e84a-4641-a667-b4dd05dd7d41::eave-chain::0:7"", ""a6cb04fa-e84a-4641-a667-b4dd05dd7d41::eave-chain::0:8"", ""a6cb04fa-e84a-4641-a667-b4dd05dd7d41::eave-chain::0:9""]",62.472941,0.147147,0.963345,"[""building-part:5e95ea3d70b2cb5dca77""]","[""building-part:5e95ea3d70b2cb5dca77""]","[""building-part:5e95ea3d70b2cb5dca77""]",True,False,False
a6cb04fa-e84a-4641-a667-b4dd05dd7d41,0,ridge_eave_plane_group,0,a6cb04fa-e84a-4641-a667-b4dd05dd7d41::ridge-eave-candidate::plane-group::a9987f75153e,101.661057,348.111535,17.915963,13,0.900126,0.928994,0.951509,11.888465,17.915963,0.0,23.062317,8,62.472941,a6cb04fa-e84a-4641-a667-b4dd05dd7d41::eave-chain::0:8,0.990956,0,0.934478,0.936151,strong,keep,False,"[""a6cb04fa-e84a-4641-a667-b4dd05dd7d41::eave-chain::0:0"", ""a6cb04fa-e84a-4641-a667-b4dd05dd7d41::eave-chain::0:12"", ""a6cb04fa-e84a-4641-a667-b4dd05dd7d41::eave-chain::0:2"", ""a6cb04fa-e84a-4641-a667-b4dd05dd7d41::eave-chain::0:4"", ""a6cb04fa-e84a-4641-a667-b4dd05dd7d41::eave-chain::0:6"", ""a6cb04fa-e84a-4641-a667-b4dd05dd7d41::eave-chain::0:7"", ""a6cb04fa-e84a-4641-a667-b4dd05dd7d41::eave-chain::0:8"", ""a6cb04fa-e84a-4641-a667-b4dd05dd7d41::eave-chain::0:9""]",62.472941,0.147147,0.964347,"[""building-part:5e95ea3d70b2cb5dca77""]","[""building-part:5e95ea3d70b2cb5dca77""]","[""building-part:44e7132aa4b01373646d"", ""building-part:5e95ea3d70b2cb5dca77"", ""building-part:85efca2811773d02648f""]",True,True,True
a8aca518-ee19-4cef-8df9-1b574c2d43d1,2,candidate_oblique,0,a8aca518-ee19-4cef-8df9-1b574c2d43d1::ceiling-oblique::ceiling-oblique:0,4.066007,119.025885,45.922013,1,0.98465,1.0,0.999988,0.366871,0.091583,6.26476,3.132164,1,3.132164,a8aca518-ee19-4cef-8df9-1b574c2d43d1::eave-chain::2:2,0.994362,0,0.996924,0.993858,strong,keep,False,"[""a8aca518-ee19-4cef-8df9-1b574c2d43d1::eave-chain::2:2""]",3.132164,0.190888,0.00219,"[""building-part:76fdadf1c1a70d70724e"", ""building-part:98dbd99ce3b2eb401e88""]","[""building-part:76fdadf1c1a70d70724e"", ""building-part:98dbd99ce3b2eb401e88""]","[""building-part:76fdadf1c1a70d70724e"", ""building-part:98dbd99ce3b2eb401e88""]",False,True,True
a8aca518-ee19-4cef-8df9-1b574c2d43d1,2,candidate_oblique,1,a8aca518-ee19-4cef-8df9-1b574c2d43d1::ceiling-oblique::ceiling-oblique:1,14.818065,299.025891,46.169528,5,0.373348,0.597039,0.99926,2.881244,2.173693,2.0486,1.022319,1,1.022319,a8aca518-ee19-4cef-8df9-1b574c2d43d1::eave-chain::2:3,0.966791,0,0.753411,0.622145,strong,maybe,False,"[""a8aca518-ee19-4cef-8df9-1b574c2d43d1::eave-chain::2:3""]",1.022319,0.92406,0.03427,"[""building-part:76fdadf1c1a70d70724e"", ""building-part:7de3cafe9a6856ee1285"", ""building-part:e79cc25598b96ab7ae39""]","[""building-part:76fdadf1c1a70d70724e"", ""building-part:7de3cafe9a6856ee1285"", ""building-part:e79cc25598b96ab7ae39""]","[""building-part:76fdadf1c1a70d70724e"", ""building-part:7de3cafe9a6856ee1285"", ""building-part:e79cc25598b96ab7ae39""]",False,True,True
a8aca518-ee19-4cef-8df9-1b574c2d43d1,2,committed_oblique,0,a8aca518-ee19-4cef-8df9-1b574c2d43d1::roof-oblique::oblique:0,23.803665,119.023031,45.926262,2,0.373499,1.0,0.847786,59.693524,23.011047,6.26476,5.274831,2,8.406994,a8aca518-ee19-4cef-8df9-1b574c2d43d1::eave-chain::2:2,0.986926,0,0.798593,0.718957,strong,keep,False,"[""a8aca518-ee19-4cef-8df9-1b574c2d43d1::eave-chain::2:0"", ""a8aca518-ee19-4cef-8df9-1b574c2d43d1::eave-chain::2:2""]",8.406994,0.286711,0.892954,"[""building-part:98dbd99ce3b2eb401e88"", ""building-part:e79cc25598b96ab7ae39""]","[""building-part:98dbd99ce3b2eb401e88"", ""building-part:e79cc25598b96ab7ae39""]","[""building-part:76fdadf1c1a70d70724e"", ""building-part:98dbd99ce3b2eb401e88"", ""building-part:e79cc25598b96ab7ae39""]",False,True,True
a8aca518-ee19-4cef-8df9-1b574c2d43d1,2,committed_oblique,1,a8aca518-ee19-4cef-8df9-1b574c2d43d1::roof-oblique::oblique:1,26.504181,299.02578,46.169116,6,0.355052,0.6642,0.985843,10.270993,2.763388,2.0486,6.29715,2,6.29715,a8aca518-ee19-4cef-8df9-1b574c2d43d1::eave-chain::2:3,0.966785,0,0.763192,0.672029,strong,keep,False,"[""a8aca518-ee19-4cef-8df9-1b574c2d43d1::eave-chain::2:0"", ""a8aca518-ee19-4cef-8df9-1b574c2d43d1::eave-chain::2:3""]",6.29715,0.653301,0.918638,"[""building-part:76fdadf1c1a70d70724e"", ""building-part:7de3cafe9a6856ee1285"", ""building-part:e79cc25598b96ab7ae39""]","[""building-part:76fdadf1c1a70d70724e"", ""building-part:7de3cafe9a6856ee1285"", ""building-part:e79cc25598b96ab7ae39""]","[""building-part:76fdadf1c1a70d70724e"", ""building-part:7de3cafe9a6856ee1285"", ""building-part:e79cc25598b96ab7ae39""]",False,True,True
a8aca518-ee19-4cef-8df9-1b574c2d43d1,1,ridge_eave_plane_group,0,a8aca518-ee19-4cef-8df9-1b574c2d43d1::ridge-eave-candidate::plane-group::3ebd67bd048f,53.876514,300.408985,29.989315,6,0.913466,0.972222,0.866119,90.0,29.989315,0.0,13.894609,7,28.397192,a8aca518-ee19-4cef-8df9-1b574c2d43d1::eave-chain::1:6,0.955342,0,0.907419,0.933054,strong,keep,False,"[""a8aca518-ee19-4cef-8df9-1b574c2d43d1::eave-chain::1:0"", ""a8aca518-ee19-4cef-8df9-1b574c2d43d1::eave-chain::1:10"", ""a8aca518-ee19-4cef-8df9-1b574c2d43d1::eave-chain::1:3"", ""a8aca518-ee19-4cef-8df9-1b574c2d43d1::eave-chain::1:4"", ""a8aca518-ee19-4cef-8df9-1b574c2d43d1::eave-chain::1:6"", ""a8aca518-ee19-4cef-8df9-1b574c2d43d1::eave-chain::1:7"", ""a8aca518-ee19-4cef-8df9-1b574c2d43d1::eave-chain::1:8""]",28.397192,0.020428,1.779528,"[""building-part:c0917c201ea95f4fbe4d""]","[""building-part:c0917c201ea95f4fbe4d""]","[""building-part:70da9b16b88540d62eb5""]",False,True,True
a8aca518-ee19-4cef-8df9-1b574c2d43d1,1,ridge_eave_plane_group,1,a8aca518-ee19-4cef-8df9-1b574c2d43d1::ridge-eave-candidate::plane-group::84127974c4aa,53.876514,300.408987,44.85504,6,0.913466,0.972222,0.708894,90.0,44.85504,0.0,13.894609,7,28.397192,a8aca518-ee19-4cef-8df9-1b574c2d43d1::eave-chain::1:10,0.970947,0,0.828807,0.901609,strong,keep,False,"[""a8aca518-ee19-4cef-8df9-1b574c2d43d1::eave-chain::1:0"", ""a8aca518-ee19-4cef-8df9-1b574c2d43d1::eave-chain::1:10"", ""a8aca518-ee19-4cef-8df9-1b574c2d43d1::eave-chain::1:3"", ""a8aca518-ee19-4cef-8df9-1b574c2d43d1::eave-chain::1:4"", ""a8aca518-ee19-4cef-8df9-1b574c2d43d1::eave-chain::1:6"", ""a8aca518-ee19-4cef-8df9-1b574c2d43d1::eave-chain::1:7"", ""a8aca518-ee19-4cef-8df9-1b574c2d43d1::eave-chain::1:8""]",28.397192,0.020426,1.904024,"[""building-part:c0917c201ea95f4fbe4d""]","[""building-part:c0917c201ea95f4fbe4d""]","[""building-part:2acc90a4024807ae2ab2"", ""building-part:70da9b16b88540d62eb5""]",False,True,True
a8aca518-ee19-4cef-8df9-1b574c2d43d1,1,ridge_eave_plane_group,2,a8aca518-ee19-4cef-8df9-1b574c2d43d1::ridge-eave-candidate::plane-group::2098f3727460,53.876514,119.025885,45.922019,6,0.913466,0.972222,0.695637,90.0,45.922019,0.0,13.894609,7,28.397192,a8aca518-ee19-4cef-8df9-1b574c2d43d1::eave-chain::1:0,0.867339,0,0.822178,0.898958,strong,keep,False,"[""a8aca518-ee19-4cef-8df9-1b574c2d43d1::eave-chain::1:0"", ""a8aca518-ee19-4cef-8df9-1b574c2d43d1::eave-chain::1:10"", ""a8aca518-ee19-4cef-8df9-1b574c2d43d1::eave-chain::1:3"", ""a8aca518-ee19-4cef-8df9-1b574c2d43d1::eave-chain::1:4"", ""a8aca518-ee19-4cef-8df9-1b574c2d43d1::eave-chain::1:6"", ""a8aca518-ee19-4cef-8df9-1b574c2d43d1::eave-chain::1:7"", ""a8aca518-ee19-4cef-8df9-1b574c2d43d1::eave-chain::1:8""]",28.397192,1.383796,5.80144,"[""building-part:98dbd99ce3b2eb401e88""]","[""building-part:98dbd99ce3b2eb401e88""]","[""building-part:70da9b16b88540d62eb5""]",False,True,True
a8aca518-ee19-4cef-8df9-1b574c2d43d1,1,ridge_eave_plane_group,3,a8aca518-ee19-4cef-8df9-1b574c2d43d1::ridge-eave-candidate::plane-group::65d717185e17,53.876514,299.025891,46.171129,6,0.913466,0.972222,0.692507,90.0,46.171129,0.0,13.894609,7,28.397192,a8aca518-ee19-4cef-8df9-1b574c2d43d1::eave-chain::1:3,0.937519,0,0.820613,0.898332,strong,keep,False,"[""a8aca518-ee19-4cef-8df9-1b574c2d43d1::eave-chain::1:0"", ""a8aca518-ee19-4cef-8df9-1b574c2d43d1::eave-chain::1:10"", ""a8aca518-ee19-4cef-8df9-1b574c2d43d1::eave-chain::1:3"", ""a8aca518-ee19-4cef-8df9-1b574c2d43d1::eave-chain::1:4"", ""a8aca518-ee19-4cef-8df9-1b574c2d43d1::eave-chain::1:6"", ""a8aca518-ee19-4cef-8df9-1b574c2d43d1::eave-chain::1:7"", ""a8aca518-ee19-4cef-8df9-1b574c2d43d1::eave-chain::1:8""]",28.397192,1.38379,3.506943,"[""building-part:76fdadf1c1a70d70724e"", ""building-part:7de3cafe9a6856ee1285"", ""building-part:e79cc25598b96ab7ae39""]","[""building-part:76fdadf1c1a70d70724e"", ""building-part:7de3cafe9a6856ee1285"", ""building-part:e79cc25598b96ab7ae39""]","[""building-part:2acc90a4024807ae2ab2"", ""building-part:70da9b16b88540d62eb5""]",False,True,True
aa047931-2b45-497d-a093-f637a2934699,1,ridge_eave_plane_group,0,aa047931-2b45-497d-a093-f637a2934699::ridge-eave-candidate::plane-group::0eb59872aeba,122.910606,143.679746,43.692398,7,0.904446,0.940476,0.723059,36.320254,43.692398,0.0,28.422367,6,36.768957,aa047931-2b45-497d-a093-f637a2934699::eave-chain::1:1,0.780307,0,0.824561,0.894485,strong,keep,False,"[""aa047931-2b45-497d-a093-f637a2934699::eave-chain::1:1"", ""aa047931-2b45-497d-a093-f637a2934699::eave-chain::1:10"", ""aa047931-2b45-497d-a093-f637a2934699::eave-chain::1:12"", ""aa047931-2b45-497d-a093-f637a2934699::eave-chain::1:14"", ""aa047931-2b45-497d-a093-f637a2934699::eave-chain::1:4"", ""aa047931-2b45-497d-a093-f637a2934699::eave-chain::1:5""]",36.768957,5.289957,2.382203,"[""building-part:27061fbea45b80cbdc5a""]","[""building-part:27061fbea45b80cbdc5a""]","[""building-part:27061fbea45b80cbdc5a"", ""building-part:f5241c08b7ff92365e84"", ""building-part:fc71240cbd415e6ccb7e""]",True,True,True
ad0ee87f-5986-4d5e-9aa9-3bf1a5acf789,2,candidate_oblique,0,ad0ee87f-5986-4d5e-9aa9-3bf1a5acf789::ceiling-oblique::ceiling-oblique:0,3.702125,79.222726,48.833305,5,0.89348,1.0,0.997863,1.091233,3.746073,16.322658,8.160147,1,8.160147,ad0ee87f-5986-4d5e-9aa9-3bf1a5acf789::eave-chain::2:3,0.994251,0,0.977628,0.956965,strong,keep,False,"[""ad0ee87f-5986-4d5e-9aa9-3bf1a5acf789::eave-chain::2:3""]",8.160147,0.213413,0.000234,"[""building-part:332ea5e5d8a912deb6b3"", ""building-part:5c0ed6beb59db8d36f82""]","[""building-part:332ea5e5d8a912deb6b3"", ""building-part:5c0ed6beb59db8d36f82""]","[""building-part:332ea5e5d8a912deb6b3"", ""building-part:5c0ed6beb59db8d36f82""]",False,True,True
ad0ee87f-5986-4d5e-9aa9-3bf1a5acf789,2,candidate_oblique,1,ad0ee87f-5986-4d5e-9aa9-3bf1a5acf789::ceiling-oblique::ceiling-oblique:1,2.806105,259.22272,47.658642,2,0.370166,0.761905,0.987834,2.897816,6.138904,0.0,5.021261,5,26.534174,ad0ee87f-5986-4d5e-9aa9-3bf1a5acf789::eave-chain::2:10,0.948736,0,0.796522,0.698014,strong,keep,False,"[""ad0ee87f-5986-4d5e-9aa9-3bf1a5acf789::eave-chain::2:10"", ""ad0ee87f-5986-4d5e-9aa9-3bf1a5acf789::eave-chain::2:2"", ""ad0ee87f-5986-4d5e-9aa9-3bf1a5acf789::eave-chain::2:5"", ""ad0ee87f-5986-4d5e-9aa9-3bf1a5acf789::eave-chain::2:7"", ""ad0ee87f-5986-4d5e-9aa9-3bf1a5acf789::eave-chain::2:9""]",26.534174,0.001451,0.20505,"[""building-part:532ac42b432b8f95914b"", ""building-part:5c0ed6beb59db8d36f82""]","[""building-part:532ac42b432b8f95914b"", ""building-part:5c0ed6beb59db8d36f82""]","[""building-part:532ac42b432b8f95914b"", ""building-part:5c0ed6beb59db8d36f82""]",False,True,True
ad0ee87f-5986-4d5e-9aa9-3bf1a5acf789,2,committed_oblique,0,ad0ee87f-5986-4d5e-9aa9-3bf1a5acf789::roof-oblique::oblique:0,27.828277,79.223179,48.836801,5,0.774315,1.0,0.997867,1.09078,3.742578,16.322658,16.291643,5,32.850397,ad0ee87f-5986-4d5e-9aa9-3bf1a5acf789::eave-chain::2:3,0.994248,0,0.953797,0.909299,strong,keep,False,"[""ad0ee87f-5986-4d5e-9aa9-3bf1a5acf789::eave-chain::2:2"", ""ad0ee87f-5986-4d5e-9aa9-3bf1a5acf789::eave-chain::2:3"", ""ad0ee87f-5986-4d5e-9aa9-3bf1a5acf789::eave-chain::2:5"", ""ad0ee87f-5986-4d5e-9aa9-3bf1a5acf789::eave-chain::2:7"", ""ad0ee87f-5986-4d5e-9aa9-3bf1a5acf789::eave-chain::2:9""]",32.850397,0.189419,5.308941,"[""building-part:332ea5e5d8a912deb6b3"", ""building-part:5c0ed6beb59db8d36f82""]","[""building-part:332ea5e5d8a912deb6b3"", ""building-part:5c0ed6beb59db8d36f82""]","[""building-part:332ea5e5d8a912deb6b3"", ""building-part:5c0ed6beb59db8d36f82""]",False,True,True
ad0ee87f-5986-4d5e-9aa9-3bf1a5acf789,2,committed_oblique,1,ad0ee87f-5986-4d5e-9aa9-3bf1a5acf789::roof-oblique::oblique:1,27.181234,259.220894,47.657461,7,0.787127,0.897959,0.673561,100.779106,47.657461,0.0,21.133333,5,26.534174,ad0ee87f-5986-4d5e-9aa9-3bf1a5acf789::eave-chain::2:5,0.967876,0,0.763594,0.829155,strong,keep,False,"[""ad0ee87f-5986-4d5e-9aa9-3bf1a5acf789::eave-chain::2:10"", ""ad0ee87f-5986-4d5e-9aa9-3bf1a5acf789::eave-chain::2:2"", ""ad0ee87f-5986-4d5e-9aa9-3bf1a5acf789::eave-chain::2:5"", ""ad0ee87f-5986-4d5e-9aa9-3bf1a5acf789::eave-chain::2:7"", ""ad0ee87f-5986-4d5e-9aa9-3bf1a5acf789::eave-chain::2:9""]",26.534174,0.001451,0.205115,"[""building-part:332ea5e5d8a912deb6b3"", ""building-part:532ac42b432b8f95914b"", ""building-part:5c0ed6beb59db8d36f82""]","[""building-part:332ea5e5d8a912deb6b3"", ""building-part:532ac42b432b8f95914b"", ""building-part:5c0ed6beb59db8d36f82""]","[""building-part:332ea5e5d8a912deb6b3"", ""building-part:532ac42b432b8f95914b"", ""building-part:5c0ed6beb59db8d36f82""]",False,True,True
ad0ee87f-5986-4d5e-9aa9-3bf1a5acf789,1,ridge_eave_plane_group,0,ad0ee87f-5986-4d5e-9aa9-3bf1a5acf789::ridge-eave-candidate::plane-group::b2c73ec79604,57.666163,79.222726,48.834907,3,0.288907,0.79321,0.658231,79.222726,48.834907,0.0,2.400037,4,11.521461,ad0ee87f-5986-4d5e-9aa9-3bf1a5acf789::eave-chain::1:3,0.792608,0,0.62486,0.525853,medium,maybe,False,"[""ad0ee87f-5986-4d5e-9aa9-3bf1a5acf789::eave-chain::1:1"", ""ad0ee87f-5986-4d5e-9aa9-3bf1a5acf789::eave-chain::1:3"", ""ad0ee87f-5986-4d5e-9aa9-3bf1a5acf789::eave-chain::1:5"", ""ad0ee87f-5986-4d5e-9aa9-3bf1a5acf789::eave-chain::1:7""]",11.521461,4.027265,5.388452,"[""building-part:332ea5e5d8a912deb6b3"", ""building-part:5c0ed6beb59db8d36f82""]","[""building-part:332ea5e5d8a912deb6b3"", ""building-part:5c0ed6beb59db8d36f82""]","[""building-part:5c0ed6beb59db8d36f82"", ""building-part:6544550a191f08584750""]",False,True,True
ad0ee87f-5986-4d5e-9aa9-3bf1a5acf789,1,ridge_eave_plane_group,1,ad0ee87f-5986-4d5e-9aa9-3bf1a5acf789::ridge-eave-candidate::plane-group::7daa3f477e21,57.666163,259.22272,47.658646,3,0.288907,0.79321,0.673546,100.77728,47.658646,0.0,2.400037,4,11.521461,ad0ee87f-5986-4d5e-9aa9-3bf1a5acf789::eave-chain::1:3,0.792608,0,0.632517,0.528916,medium,maybe,False,"[""ad0ee87f-5986-4d5e-9aa9-3bf1a5acf789::eave-chain::1:1"", ""ad0ee87f-5986-4d5e-9aa9-3bf1a5acf789::eave-chain::1:3"", ""ad0ee87f-5986-4d5e-9aa9-3bf1a5acf789::eave-chain::1:5"", ""ad0ee87f-5986-4d5e-9aa9-3bf1a5acf789::eave-chain::1:7""]",11.521461,4.02727,4.652477,"[""building-part:532ac42b432b8f95914b"", ""building-part:5c0ed6beb59db8d36f82""]","[""building-part:532ac42b432b8f95914b"", ""building-part:5c0ed6beb59db8d36f82""]","[""building-part:5c0ed6beb59db8d36f82"", ""building-part:6544550a191f08584750""]",False,True,True
ad0ee87f-5986-4d5e-9aa9-3bf1a5acf789,1,ridge_eave_plane_group,2,ad0ee87f-5986-4d5e-9aa9-3bf1a5acf789::ridge-eave-candidate::plane-group::6cdea8b902fe,62.227028,83.250009,24.199162,3,0.327888,0.79321,0.912126,83.250009,24.199162,0.0,5.760731,4,11.521461,ad0ee87f-5986-4d5e-9aa9-3bf1a5acf789::eave-chain::1:3,0.899995,0,0.759604,0.672222,strong,keep,False,"[""ad0ee87f-5986-4d5e-9aa9-3bf1a5acf789::eave-chain::1:1"", ""ad0ee87f-5986-4d5e-9aa9-3bf1a5acf789::eave-chain::1:3"", ""ad0ee87f-5986-4d5e-9aa9-3bf1a5acf789::eave-chain::1:5"", ""ad0ee87f-5986-4d5e-9aa9-3bf1a5acf789::eave-chain::1:7""]",11.521461,0.000133,0.931917,"[""building-part:6544550a191f08584750""]","[""building-part:6544550a191f08584750""]","[""building-part:5c0ed6beb59db8d36f82"", ""building-part:6544550a191f08584750"", ""building-part:8beba00d1cf349c06df2""]",False,True,True
b4b6f3ed-7bfd-43a8-aeed-520b558bfa2b,0,ridge_eave_plane_group,0,b4b6f3ed-7bfd-43a8-aeed-520b558bfa2b::ridge-eave-candidate::plane-group::dfe43ea59297,150.575978,184.016455,48.361771,9,0.582877,0.981481,0.664425,175.983545,48.361771,0.0,6.19682,5,23.509482,b4b6f3ed-7bfd-43a8-aeed-520b558bfa2b::eave-chain::0:7,0.919135,0,0.743232,0.762332,medium,keep,False,"[""b4b6f3ed-7bfd-43a8-aeed-520b558bfa2b::eave-chain::0:1"", ""b4b6f3ed-7bfd-43a8-aeed-520b558bfa2b::eave-chain::0:3"", ""b4b6f3ed-7bfd-43a8-aeed-520b558bfa2b::eave-chain::0:5"", ""b4b6f3ed-7bfd-43a8-aeed-520b558bfa2b::eave-chain::0:7"", ""b4b6f3ed-7bfd-43a8-aeed-520b558bfa2b::eave-chain::0:9""]",23.509482,0.320202,4.552165,"[""building-part:b8636de12b8c37420cd9"", ""building-part:da78afa6710edffff457""]","[""building-part:b8636de12b8c37420cd9"", ""building-part:da78afa6710edffff457""]","[""building-part:1aff5bdf9dff8c4c9dfc"", ""building-part:5b73b656f04cb789bde7"", ""building-part:b8636de12b8c37420cd9"", ""building-part:da78afa6710edffff457"", ""building-part:f0e0dba1f652b2bcff79""]",False,True,True
b53c11aa-8db7-4aad-a24d-3ffa9eeff5de,2,candidate_oblique,0,b53c11aa-8db7-4aad-a24d-3ffa9eeff5de::ceiling-oblique::ceiling-oblique:0,11.884061,240.799423,45.124677,7,0.67525,1.0,0.998571,1.541119,1.96468,12.243611,6.122734,5,23.258311,b53c11aa-8db7-4aad-a24d-3ffa9eeff5de::eave-chain::2:6,0.968955,0,0.934335,0.869814,strong,keep,False,"[""b53c11aa-8db7-4aad-a24d-3ffa9eeff5de::eave-chain::2:0"", ""b53c11aa-8db7-4aad-a24d-3ffa9eeff5de::eave-chain::2:2"", ""b53c11aa-8db7-4aad-a24d-3ffa9eeff5de::eave-chain::2:3"", ""b53c11aa-8db7-4aad-a24d-3ffa9eeff5de::eave-chain::2:5"", ""b53c11aa-8db7-4aad-a24d-3ffa9eeff5de::eave-chain::2:6""]",23.258311,0.542102,0.139738,"[""building-part:59a95f3be10d59187717"", ""building-part:8dc450e7f0d839493048""]","[""building-part:59a95f3be10d59187717"", ""building-part:8dc450e7f0d839493048""]","[""building-part:59a95f3be10d59187717"", ""building-part:8dc450e7f0d839493048""]",True,True,True
b53c11aa-8db7-4aad-a24d-3ffa9eeff5de,2,candidate_oblique,1,b53c11aa-8db7-4aad-a24d-3ffa9eeff5de::ceiling-oblique::ceiling-oblique:1,11.294017,61.205257,44.83478,4,0.971908,0.916667,0.854491,59.816335,22.928811,19.838485,9.916981,2,12.073579,b53c11aa-8db7-4aad-a24d-3ffa9eeff5de::eave-chain::2:2,0.99599,0,0.896627,0.942995,strong,keep,False,"[""b53c11aa-8db7-4aad-a24d-3ffa9eeff5de::eave-chain::2:0"", ""b53c11aa-8db7-4aad-a24d-3ffa9eeff5de::eave-chain::2:2""]",12.073579,0.517738,2.159995,"[""building-part:59a95f3be10d59187717"", ""building-part:8dc450e7f0d839493048""]","[""building-part:59a95f3be10d59187717"", ""building-part:8dc450e7f0d839493048""]","[""building-part:59a95f3be10d59187717"", ""building-part:8dc450e7f0d839493048""]",True,True,True
b53c11aa-8db7-4aad-a24d-3ffa9eeff5de,2,committed_oblique,0,b53c11aa-8db7-4aad-a24d-3ffa9eeff5de::roof-oblique::oblique:0,28.79522,240.799715,45.130433,8,0.61915,1.0,0.998122,1.78774,2.408459,12.243611,9.199475,5,23.258311,b53c11aa-8db7-4aad-a24d-3ffa9eeff5de::eave-chain::2:6,0.968943,0,0.922891,0.847285,strong,keep,False,"[""b53c11aa-8db7-4aad-a24d-3ffa9eeff5de::eave-chain::2:0"", ""b53c11aa-8db7-4aad-a24d-3ffa9eeff5de::eave-chain::2:2"", ""b53c11aa-8db7-4aad-a24d-3ffa9eeff5de::eave-chain::2:3"", ""b53c11aa-8db7-4aad-a24d-3ffa9eeff5de::eave-chain::2:5"", ""b53c11aa-8db7-4aad-a24d-3ffa9eeff5de::eave-chain::2:6""]",23.258311,0.542102,0.140033,"[""building-part:59a95f3be10d59187717"", ""building-part:8dc450e7f0d839493048""]","[""building-part:59a95f3be10d59187717"", ""building-part:8dc450e7f0d839493048""]","[""building-part:59a95f3be10d59187717"", ""building-part:8dc450e7f0d839493048""]",True,True,True
b53c11aa-8db7-4aad-a24d-3ffa9eeff5de,2,committed_oblique,1,b53c11aa-8db7-4aad-a24d-3ffa9eeff5de::roof-oblique::oblique:1,28.640574,61.207896,44.83637,5,0.723135,0.933333,0.709123,61.207896,44.83637,19.838485,11.013836,4,21.277433,b53c11aa-8db7-4aad-a24d-3ffa9eeff5de::eave-chain::2:2,0.996021,0,0.779189,0.817745,strong,keep,False,"[""b53c11aa-8db7-4aad-a24d-3ffa9eeff5de::eave-chain::2:0"", ""b53c11aa-8db7-4aad-a24d-3ffa9eeff5de::eave-chain::2:2"", ""b53c11aa-8db7-4aad-a24d-3ffa9eeff5de::eave-chain::2:3"", ""b53c11aa-8db7-4aad-a24d-3ffa9eeff5de::eave-chain::2:5""]",21.277433,0.517738,1.53375,"[""building-part:59a95f3be10d59187717"", ""building-part:8dc450e7f0d839493048""]","[""building-part:59a95f3be10d59187717"", ""building-part:8dc450e7f0d839493048""]","[""building-part:59a95f3be10d59187717"", ""building-part:8dc450e7f0d839493048""]",True,True,True
b53c11aa-8db7-4aad-a24d-3ffa9eeff5de,2,ridge_eave_plane_group,0,b53c11aa-8db7-4aad-a24d-3ffa9eeff5de::ridge-eave-candidate::plane-group::535146df6894,122.254692,240.809755,45.115185,11,0.315286,0.969697,0.984663,5.080522,1.955189,32.082095,0.0,5,23.258311,b53c11aa-8db7-4aad-a24d-3ffa9eeff5de::eave-chain::2:6,0.965605,0,0.846298,0.716986,strong,keep,False,"[""b53c11aa-8db7-4aad-a24d-3ffa9eeff5de::eave-chain::2:0"", ""b53c11aa-8db7-4aad-a24d-3ffa9eeff5de::eave-chain::2:2"", ""b53c11aa-8db7-4aad-a24d-3ffa9eeff5de::eave-chain::2:3"", ""b53c11aa-8db7-4aad-a24d-3ffa9eeff5de::eave-chain::2:5"", ""b53c11aa-8db7-4aad-a24d-3ffa9eeff5de::eave-chain::2:6""]",23.258311,0.53177,0.143423,"[""building-part:59a95f3be10d59187717"", ""building-part:8dc450e7f0d839493048""]","[""building-part:59a95f3be10d59187717"", ""building-part:8dc450e7f0d839493048""]","[""building-part:59a95f3be10d59187717"", ""building-part:8dc450e7f0d839493048""]",True,True,True
b53c11aa-8db7-4aad-a24d-3ffa9eeff5de,2,ridge_eave_plane_group,1,b53c11aa-8db7-4aad-a24d-3ffa9eeff5de::ridge-eave-candidate::plane-group::63ad387b80cc,122.254692,61.206174,44.835113,11,0.315286,0.969697,0.173537,174.523059,1.675116,32.082095,0.0,5,23.258311,b53c11aa-8db7-4aad-a24d-3ffa9eeff5de::eave-chain::2:2,0.995284,0,0.440735,0.554761,weak,maybe,False,"[""b53c11aa-8db7-4aad-a24d-3ffa9eeff5de::eave-chain::2:0"", ""b53c11aa-8db7-4aad-a24d-3ffa9eeff5de::eave-chain::2:2"", ""b53c11aa-8db7-4aad-a24d-3ffa9eeff5de::eave-chain::2:3"", ""b53c11aa-8db7-4aad-a24d-3ffa9eeff5de::eave-chain::2:5"", ""b53c11aa-8db7-4aad-a24d-3ffa9eeff5de::eave-chain::2:6""]",23.258311,0.135351,2.094225,"[""building-part:59a95f3be10d59187717"", ""building-part:8dc450e7f0d839493048""]","[""building-part:59a95f3be10d59187717"", ""building-part:8dc450e7f0d839493048""]","[""building-part:59a95f3be10d59187717"", ""building-part:8dc450e7f0d839493048""]",True,True,True
b65126ae-ccca-4032-876f-e9c1c059862c,2,candidate_oblique,0,b65126ae-ccca-4032-876f-e9c1c059862c::ceiling-oblique::ceiling-oblique:0,20.005063,261.843322,46.921669,6,0.660862,0.533165,0.819496,45.145654,2.012938,5.904042,4.211248,4,7.163229,b65126ae-ccca-4032-876f-e9c1c059862c::eave-chain::2:0,0.991937,0,0.70187,0.734877,medium,keep,False,"[""b65126ae-ccca-4032-876f-e9c1c059862c::eave-chain::2:0"", ""b65126ae-ccca-4032-876f-e9c1c059862c::eave-chain::2:2"", ""b65126ae-ccca-4032-876f-e9c1c059862c::eave-chain::2:4"", ""b65126ae-ccca-4032-876f-e9c1c059862c::eave-chain::2:5""]",7.163229,0.396317,0.030604,"[""building-part:85ff2c57af51747b8f07"", ""building-part:b3590be72ef0686e9b80"", ""building-part:f7746490699e3963c1fa"", ""building-part:f8cc34fa73ed0471906b""]","[""building-part:85ff2c57af51747b8f07"", ""building-part:b3590be72ef0686e9b80"", ""building-part:f7746490699e3963c1fa"", ""building-part:f8cc34fa73ed0471906b""]","[""building-part:85ff2c57af51747b8f07"", ""building-part:b3590be72ef0686e9b80"", ""building-part:f7746490699e3963c1fa"", ""building-part:f8cc34fa73ed0471906b""]",True,True,True
b65126ae-ccca-4032-876f-e9c1c059862c,2,candidate_oblique,1,b65126ae-ccca-4032-876f-e9c1c059862c::ceiling-oblique::ceiling-oblique:1,22.93298,81.725571,47.751589,4,0.544167,0.561111,0.54714,90.256754,0.324311,5.904042,6.94936,4,6.94936,b65126ae-ccca-4032-876f-e9c1c059862c::eave-chain::2:1,0.982487,0,0.550737,0.639317,medium,maybe,False,"[""b65126ae-ccca-4032-876f-e9c1c059862c::eave-chain::2:1"", ""b65126ae-ccca-4032-876f-e9c1c059862c::eave-chain::2:2"", ""b65126ae-ccca-4032-876f-e9c1c059862c::eave-chain::2:3"", ""b65126ae-ccca-4032-876f-e9c1c059862c::eave-chain::2:4""]",6.94936,0.719057,0.081349,"[""building-part:85ff2c57af51747b8f07"", ""building-part:b3590be72ef0686e9b80"", ""building-part:f7746490699e3963c1fa"", ""building-part:f8cc34fa73ed0471906b""]","[""building-part:85ff2c57af51747b8f07"", ""building-part:b3590be72ef0686e9b80"", ""building-part:f7746490699e3963c1fa"", ""building-part:f8cc34fa73ed0471906b""]","[""building-part:85ff2c57af51747b8f07"", ""building-part:b3590be72ef0686e9b80"", ""building-part:f7746490699e3963c1fa"", ""building-part:f8cc34fa73ed0471906b""]",True,True,True
b65126ae-ccca-4032-876f-e9c1c059862c,2,candidate_oblique,2,b65126ae-ccca-4032-876f-e9c1c059862c::ceiling-oblique::ceiling-oblique:2,4.01986,171.843317,21.489635,1,0.950481,0.5,0.999912,0.421251,0.743907,4.082452,2.041084,2,4.082083,b65126ae-ccca-4032-876f-e9c1c059862c::eave-chain::2:7,0.993886,0,0.840052,0.880175,strong,keep,False,"[""b65126ae-ccca-4032-876f-e9c1c059862c::eave-chain::2:6"", ""b65126ae-ccca-4032-876f-e9c1c059862c::eave-chain::2:7""]",4.082083,0.051988,0.743015,"[""building-part:85ff2c57af51747b8f07"", ""building-part:f7746490699e3963c1fa""]","[""building-part:85ff2c57af51747b8f07"", ""building-part:f7746490699e3963c1fa""]","[""building-part:85ff2c57af51747b8f07"", ""building-part:f7746490699e3963c1fa""]",False,True,True
b65126ae-ccca-4032-876f-e9c1c059862c,2,candidate_oblique,3,b65126ae-ccca-4032-876f-e9c1c059862c::ceiling-oblique::ceiling-oblique:3,3.913848,351.843317,20.442269,1,0.991957,0.5,0.999997,0.419611,0.000601,4.082452,2.040999,2,4.082083,b65126ae-ccca-4032-876f-e9c1c059862c::eave-chain::2:6,0.998656,0,0.84839,0.896782,strong,keep,False,"[""b65126ae-ccca-4032-876f-e9c1c059862c::eave-chain::2:6"", ""b65126ae-ccca-4032-876f-e9c1c059862c::eave-chain::2:7""]",4.082083,0.051988,0.703497,"[""building-part:85ff2c57af51747b8f07"", ""building-part:f7746490699e3963c1fa""]","[""building-part:85ff2c57af51747b8f07"", ""building-part:f7746490699e3963c1fa""]","[""building-part:85ff2c57af51747b8f07"", ""building-part:f7746490699e3963c1fa""]",False,True,False
b65126ae-ccca-4032-876f-e9c1c059862c,2,committed_oblique,0,b65126ae-ccca-4032-876f-e9c1c059862c::roof-oblique::oblique:0,18.182477,261.843748,46.919084,4,0.535468,0.424747,0.819512,45.145654,14.717835,0.0,1.06044,3,6.655266,b65126ae-ccca-4032-876f-e9c1c059862c::eave-chain::2:5,0.947248,0,0.644274,0.516061,medium,maybe,False,"[""b65126ae-ccca-4032-876f-e9c1c059862c::eave-chain::2:0"", ""b65126ae-ccca-4032-876f-e9c1c059862c::eave-chain::2:2"", ""b65126ae-ccca-4032-876f-e9c1c059862c::eave-chain::2:5""]",6.655266,0.397566,0.023348,"[""building-part:85ff2c57af51747b8f07"", ""building-part:f7746490699e3963c1fa"", ""building-part:f8cc34fa73ed0471906b""]","[""building-part:85ff2c57af51747b8f07"", ""building-part:f7746490699e3963c1fa"", ""building-part:f8cc34fa73ed0471906b""]","[""building-part:85ff2c57af51747b8f07"", ""building-part:f7746490699e3963c1fa"", ""building-part:f8cc34fa73ed0471906b""]",False,True,True
b65126ae-ccca-4032-876f-e9c1c059862c,2,committed_oblique,1,b65126ae-ccca-4032-876f-e9c1c059862c::roof-oblique::oblique:1,16.267623,81.718124,47.744703,3,0.66137,0.666667,0.999847,1.351261,0.574209,5.904042,6.441397,3,6.441397,b65126ae-ccca-4032-876f-e9c1c059862c::eave-chain::2:1,0.982629,0,0.832198,0.797851,strong,keep,False,"[""b65126ae-ccca-4032-876f-e9c1c059862c::eave-chain::2:1"", ""b65126ae-ccca-4032-876f-e9c1c059862c::eave-chain::2:2"", ""b65126ae-ccca-4032-876f-e9c1c059862c::eave-chain::2:3""]",6.441397,0.925294,0.095542,"[""building-part:b3590be72ef0686e9b80"", ""building-part:f7746490699e3963c1fa"", ""building-part:f8cc34fa73ed0471906b""]","[""building-part:b3590be72ef0686e9b80"", ""building-part:f7746490699e3963c1fa"", ""building-part:f8cc34fa73ed0471906b""]","[""building-part:85ff2c57af51747b8f07"", ""building-part:b3590be72ef0686e9b80"", ""building-part:f7746490699e3963c1fa"", ""building-part:f8cc34fa73ed0471906b""]",True,True,True
b65126ae-ccca-4032-876f-e9c1c059862c,2,committed_oblique,2,b65126ae-ccca-4032-876f-e9c1c059862c::roof-oblique::oblique:2,4.366311,171.825944,21.486048,3,0.996164,0.666667,0.632328,89.856166,26.196599,0.0,0.0,0,0.0,b65126ae-ccca-4032-876f-e9c1c059862c::eave-chain::2:2,0.525231,0,0.715397,0.658265,medium,keep,False,[],0.0,,,"[""building-part:b3590be72ef0686e9b80""]","[""building-part:b3590be72ef0686e9b80""]","[""building-part:b3590be72ef0686e9b80"", ""building-part:f7746490699e3963c1fa"", ""building-part:f8cc34fa73ed0471906b""]",True,True,True
b65126ae-ccca-4032-876f-e9c1c059862c,2,committed_oblique,3,b65126ae-ccca-4032-876f-e9c1c059862c::roof-oblique::oblique:3,10.429751,351.863782,20.439991,3,0.507789,0.56633,0.634116,90.019429,27.2303,0.0,0.0,0,0.0,b65126ae-ccca-4032-876f-e9c1c059862c::eave-chain::2:6,0.716276,0,0.588515,0.443205,medium,drop_candidate,False,[],0.0,,,"[""building-part:f7746490699e3963c1fa"", ""building-part:f8cc34fa73ed0471906b""]","[""building-part:f7746490699e3963c1fa"", ""building-part:f8cc34fa73ed0471906b""]","[""building-part:85ff2c57af51747b8f07"", ""building-part:f7746490699e3963c1fa"", ""building-part:f8cc34fa73ed0471906b""]",False,True,True
b65126ae-ccca-4032-876f-e9c1c059862c,2,ridge_eave_plane_group,0,b65126ae-ccca-4032-876f-e9c1c059862c::ridge-eave-candidate::plane-group::1d7595d53d88,57.880595,81.321079,52.324687,7,0.493571,0.528427,0.566941,90.943489,5.877473,5.904042,0.507963,4,9.054714,b65126ae-ccca-4032-876f-e9c1c059862c::eave-chain::2:0,0.940655,0,0.540713,0.616502,weak,maybe,False,"[""b65126ae-ccca-4032-876f-e9c1c059862c::eave-chain::2:0"", ""b65126ae-ccca-4032-876f-e9c1c059862c::eave-chain::2:1"", ""b65126ae-ccca-4032-876f-e9c1c059862c::eave-chain::2:4"", ""b65126ae-ccca-4032-876f-e9c1c059862c::eave-chain::2:5""]",9.054714,0.677892,2.510295,"[""building-part:b3590be72ef0686e9b80""]","[""building-part:b3590be72ef0686e9b80""]","[""building-part:85ff2c57af51747b8f07"", ""building-part:b3590be72ef0686e9b80"", ""building-part:f7746490699e3963c1fa"", ""building-part:f8cc34fa73ed0471906b""]",True,True,True
b65126ae-ccca-4032-876f-e9c1c059862c,2,ridge_eave_plane_group,1,b65126ae-ccca-4032-876f-e9c1c059862c::ridge-eave-candidate::plane-group::b9e785db4ef3,57.605426,261.843322,46.921939,7,0.495929,0.528427,0.640612,89.578753,1.396973,5.904042,0.507963,4,9.054714,b65126ae-ccca-4032-876f-e9c1c059862c::eave-chain::2:0,0.996357,0,0.57802,0.632179,medium,maybe,False,"[""b65126ae-ccca-4032-876f-e9c1c059862c::eave-chain::2:0"", ""b65126ae-ccca-4032-876f-e9c1c059862c::eave-chain::2:1"", ""b65126ae-ccca-4032-876f-e9c1c059862c::eave-chain::2:4"", ""b65126ae-ccca-4032-876f-e9c1c059862c::eave-chain::2:5""]",9.054714,0.242439,0.022435,"[""building-part:85ff2c57af51747b8f07"", ""building-part:b3590be72ef0686e9b80"", ""building-part:f7746490699e3963c1fa"", ""building-part:f8cc34fa73ed0471906b""]","[""building-part:85ff2c57af51747b8f07"", ""building-part:b3590be72ef0686e9b80"", ""building-part:f7746490699e3963c1fa"", ""building-part:f8cc34fa73ed0471906b""]","[""building-part:85ff2c57af51747b8f07"", ""building-part:b3590be72ef0686e9b80"", ""building-part:f7746490699e3963c1fa"", ""building-part:f8cc34fa73ed0471906b""]",True,True,True
b65126ae-ccca-4032-876f-e9c1c059862c,2,ridge_eave_plane_group,2,b65126ae-ccca-4032-876f-e9c1c059862c::ridge-eave-candidate::plane-group::ace3ea9a5dc9,57.880595,81.72786,47.750896,7,0.493571,0.528427,0.626305,90.536708,1.303682,5.904042,0.507963,4,9.054714,b65126ae-ccca-4032-876f-e9c1c059862c::eave-chain::2:1,0.981389,0,0.570395,0.628375,medium,maybe,False,"[""b65126ae-ccca-4032-876f-e9c1c059862c::eave-chain::2:0"", ""b65126ae-ccca-4032-876f-e9c1c059862c::eave-chain::2:1"", ""b65126ae-ccca-4032-876f-e9c1c059862c::eave-chain::2:4"", ""b65126ae-ccca-4032-876f-e9c1c059862c::eave-chain::2:5""]",9.054714,0.271112,1.000126,"[""building-part:b3590be72ef0686e9b80"", ""building-part:f7746490699e3963c1fa"", ""building-part:f8cc34fa73ed0471906b""]","[""building-part:b3590be72ef0686e9b80"", ""building-part:f7746490699e3963c1fa"", ""building-part:f8cc34fa73ed0471906b""]","[""building-part:85ff2c57af51747b8f07"", ""building-part:b3590be72ef0686e9b80"", ""building-part:f7746490699e3963c1fa"", ""building-part:f8cc34fa73ed0471906b""]",True,True,True
b65126ae-ccca-4032-876f-e9c1c059862c,2,ridge_eave_plane_group,3,b65126ae-ccca-4032-876f-e9c1c059862c::ridge-eave-candidate::plane-group::b9b613a29271,57.880619,171.843318,21.489716,7,0.493571,0.528427,0.641871,90.001036,24.957498,4.082452,0.0,2,4.082083,b65126ae-ccca-4032-876f-e9c1c059862c::eave-chain::2:7,0.992602,0,0.578178,0.631488,medium,maybe,False,"[""b65126ae-ccca-4032-876f-e9c1c059862c::eave-chain::2:6"", ""b65126ae-ccca-4032-876f-e9c1c059862c::eave-chain::2:7""]",4.082083,0.051988,0.743018,"[""building-part:85ff2c57af51747b8f07"", ""building-part:f7746490699e3963c1fa""]","[""building-part:85ff2c57af51747b8f07"", ""building-part:f7746490699e3963c1fa""]","[""building-part:85ff2c57af51747b8f07"", ""building-part:b3590be72ef0686e9b80"", ""building-part:f7746490699e3963c1fa"", ""building-part:f8cc34fa73ed0471906b""]",False,True,True
b65126ae-ccca-4032-876f-e9c1c059862c,2,ridge_eave_plane_group,4,b65126ae-ccca-4032-876f-e9c1c059862c::ridge-eave-candidate::plane-group::c5430550f989,57.605401,351.843317,20.442269,7,0.495929,0.528427,0.644919,89.998964,26.004946,4.082452,0.0,2,4.082083,b65126ae-ccca-4032-876f-e9c1c059862c::eave-chain::2:6,0.994106,0,0.580173,0.633041,medium,maybe,False,"[""b65126ae-ccca-4032-876f-e9c1c059862c::eave-chain::2:6"", ""b65126ae-ccca-4032-876f-e9c1c059862c::eave-chain::2:7""]",4.082083,0.051988,0.703516,"[""building-part:85ff2c57af51747b8f07""]","[""building-part:85ff2c57af51747b8f07""]","[""building-part:85ff2c57af51747b8f07"", ""building-part:b3590be72ef0686e9b80"", ""building-part:f7746490699e3963c1fa"", ""building-part:f8cc34fa73ed0471906b""]",False,True,True
b8cefbc4-bb4e-4d53-be56-990780166cae,2,candidate_oblique,0,b8cefbc4-bb4e-4d53-be56-990780166cae::ceiling-oblique::ceiling-oblique:0,9.272803,347.650843,48.656124,4,0.694561,1.0,0.829771,7.057806,25.456496,10.895737,5.442296,2,5.442296,b8cefbc4-bb4e-4d53-be56-990780166cae::eave-chain::2:2,0.993852,0,0.853798,0.843779,strong,keep,False,"[""b8cefbc4-bb4e-4d53-be56-990780166cae::eave-chain::2:2"", ""b8cefbc4-bb4e-4d53-be56-990780166cae::eave-chain::2:6""]",5.442296,0.544471,0.057755,"[""building-part:e2b3470708879bfa24ad""]","[""building-part:e2b3470708879bfa24ad""]","[""building-part:e2b3470708879bfa24ad""]",False,True,True
b8cefbc4-bb4e-4d53-be56-990780166cae,2,candidate_oblique,1,b8cefbc4-bb4e-4d53-be56-990780166cae::ceiling-oblique::ceiling-oblique:1,13.322432,167.650841,47.705105,2,0.513219,0.669643,0.999872,0.139095,0.879268,0.0,3.955879,1,3.955879,b8cefbc4-bb4e-4d53-be56-990780166cae::eave-chain::2:3,0.995977,0,0.803473,0.736984,strong,keep,False,"[""b8cefbc4-bb4e-4d53-be56-990780166cae::eave-chain::2:3""]",3.955879,0.147274,0.000382,"[""building-part:e2b3470708879bfa24ad""]","[""building-part:e2b3470708879bfa24ad""]","[""building-part:e2b3470708879bfa24ad""]",False,True,True
b8cefbc4-bb4e-4d53-be56-990780166cae,2,committed_oblique,0,b8cefbc4-bb4e-4d53-be56-990780166cae::roof-oblique::oblique:0,28.898096,347.652281,48.656529,4,0.484431,1.0,0.829768,7.057806,25.456902,10.895737,5.443968,4,10.886355,b8cefbc4-bb4e-4d53-be56-990780166cae::eave-chain::2:2,0.993863,0,0.81177,0.759726,strong,keep,False,"[""b8cefbc4-bb4e-4d53-be56-990780166cae::eave-chain::2:1"", ""b8cefbc4-bb4e-4d53-be56-990780166cae::eave-chain::2:2"", ""b8cefbc4-bb4e-4d53-be56-990780166cae::eave-chain::2:4"", ""b8cefbc4-bb4e-4d53-be56-990780166cae::eave-chain::2:6""]",10.886355,0.08164,0.60902,"[""building-part:e2b3470708879bfa24ad""]","[""building-part:e2b3470708879bfa24ad""]","[""building-part:e2b3470708879bfa24ad""]",False,True,True
b8cefbc4-bb4e-4d53-be56-990780166cae,2,committed_oblique,1,b8cefbc4-bb4e-4d53-be56-990780166cae::roof-oblique::oblique:1,30.121144,167.653067,47.704723,2,0.227145,0.669643,0.999872,0.138688,0.878886,0.0,6.948829,2,6.948829,b8cefbc4-bb4e-4d53-be56-990780166cae::eave-chain::2:3,0.995944,0,0.746258,0.624761,medium,maybe,False,"[""b8cefbc4-bb4e-4d53-be56-990780166cae::eave-chain::2:3"", ""b8cefbc4-bb4e-4d53-be56-990780166cae::eave-chain::2:4""]",6.948829,0.073657,1.088283,"[""building-part:e2b3470708879bfa24ad""]","[""building-part:e2b3470708879bfa24ad""]","[""building-part:e2b3470708879bfa24ad""]",False,True,True
b8cefbc4-bb4e-4d53-be56-990780166cae,1,ridge_eave_plane_group,1,b8cefbc4-bb4e-4d53-be56-990780166cae::ridge-eave-candidate::plane-group::540114200d86,69.047752,346.195784,46.418557,1,0.010595,0.584416,0.998229,0.000328,3.41056,0.0,0.0,0,0.0,,,0,0.676558,0.320767,medium,drop_candidate,False,[],0.0,,,"[""building-part:46b7f92e8d29461bb445""]","[""building-part:46b7f92e8d29461bb445""]","[""building-part:46b7f92e8d29461bb445"", ""building-part:e2b3470708879bfa24ad""]",True,True,True
b8cefbc4-bb4e-4d53-be56-990780166cae,1,ridge_eave_plane_group,2,b8cefbc4-bb4e-4d53-be56-990780166cae::ridge-eave-candidate::plane-group::4526a48ad367,69.047752,346.19578,43.007282,1,0.010595,0.584416,1.0,0.000324,0.000715,0.0,0.0,0,0.0,,,0,0.677444,0.321121,medium,drop_candidate,False,[],0.0,,,"[""building-part:46b7f92e8d29461bb445""]","[""building-part:46b7f92e8d29461bb445""]","[""building-part:46b7f92e8d29461bb445"", ""building-part:e2b3470708879bfa24ad""]",True,True,True
b8cefbc4-bb4e-4d53-be56-990780166cae,1,ridge_eave_plane_group,3,b8cefbc4-bb4e-4d53-be56-990780166cae::ridge-eave-candidate::plane-group::5a18e00cc344,69.047752,347.650843,48.656175,1,0.010595,0.584416,0.99498,1.455387,5.648178,0.0,0.0,0,0.0,,,0,0.674934,0.320117,medium,drop_candidate,False,[],0.0,,,"[""building-part:e2b3470708879bfa24ad""]","[""building-part:e2b3470708879bfa24ad""]","[""building-part:46b7f92e8d29461bb445"", ""building-part:e2b3470708879bfa24ad""]",False,True,True
b8cefbc4-bb4e-4d53-be56-990780166cae,1,ridge_eave_plane_group,4,b8cefbc4-bb4e-4d53-be56-990780166cae::ridge-eave-candidate::plane-group::fcebdfa24f78,69.047752,167.650841,47.705184,1,0.010595,0.584416,0.012284,178.544615,4.697186,0.0,0.0,0,0.0,,,0,0.183586,0.123578,weak,drop_candidate,False,[],0.0,,,"[""building-part:e2b3470708879bfa24ad""]","[""building-part:e2b3470708879bfa24ad""]","[""building-part:46b7f92e8d29461bb445"", ""building-part:e2b3470708879bfa24ad""]",False,True,True
b8cefbc4-bb4e-4d53-be56-990780166cae,1,ridge_eave_plane_group,5,b8cefbc4-bb4e-4d53-be56-990780166cae::ridge-eave-candidate::plane-group::f4d638b6e2eb,69.047752,347.650849,51.596356,1,0.010595,0.584416,0.988614,1.455393,8.588358,0.0,0.0,0,0.0,,,0,0.671751,0.318844,medium,drop_candidate,False,[],0.0,,,"[""building-part:e2b3470708879bfa24ad""]","[""building-part:e2b3470708879bfa24ad""]","[""building-part:46b7f92e8d29461bb445"", ""building-part:e2b3470708879bfa24ad""]",False,True,True
b8def755-9829-4141-8ecb-3e71ef446d0d,2,candidate_oblique,0,b8def755-9829-4141-8ecb-3e71ef446d0d::ceiling-oblique::ceiling-oblique:0,14.228942,319.007524,49.679943,4,0.641671,0.349206,0.990415,0.001777,1.840436,0.0,12.387549,3,18.555167,b8def755-9829-4141-8ecb-3e71ef446d0d::eave-chain::2:0,0.989014,0,0.728304,0.724593,medium,keep,False,"[""b8def755-9829-4141-8ecb-3e71ef446d0d::eave-chain::2:0"", ""b8def755-9829-4141-8ecb-3e71ef446d0d::eave-chain::2:1"", ""b8def755-9829-4141-8ecb-3e71ef446d0d::eave-chain::2:2""]",18.555167,0.001832,0.056746,"[""building-part:6d1cd65f38009478a509""]","[""building-part:6d1cd65f38009478a509""]","[""building-part:6d1cd65f38009478a509""]",False,True,True
b8def755-9829-4141-8ecb-3e71ef446d0d,2,candidate_oblique,1,b8def755-9829-4141-8ecb-3e71ef446d0d::ceiling-oblique::ceiling-oblique:1,13.724918,139.00753,48.693053,1,0.909891,0.349206,0.999998,0.000116,0.113915,0.0,17.092479,3,18.555167,b8def755-9829-4141-8ecb-3e71ef446d0d::eave-chain::2:0,0.989354,0,0.786739,0.833797,strong,keep,False,"[""b8def755-9829-4141-8ecb-3e71ef446d0d::eave-chain::2:0"", ""b8def755-9829-4141-8ecb-3e71ef446d0d::eave-chain::2:1"", ""b8def755-9829-4141-8ecb-3e71ef446d0d::eave-chain::2:2""]",18.555167,0.001838,0.123577,"[""building-part:6d1cd65f38009478a509""]","[""building-part:6d1cd65f38009478a509""]","[""building-part:6d1cd65f38009478a509""]",False,True,True
b8def755-9829-4141-8ecb-3e71ef446d0d,2,committed_oblique,0,b8def755-9829-4141-8ecb-3e71ef446d0d::roof-oblique::oblique:0,16.918863,319.008099,49.679139,4,0.539646,0.349206,0.990417,0.001777,1.84124,0.0,10.924861,3,18.555167,b8def755-9829-4141-8ecb-3e71ef446d0d::eave-chain::2:0,0.988938,0,0.707899,0.683783,medium,keep,False,"[""b8def755-9829-4141-8ecb-3e71ef446d0d::eave-chain::2:0"", ""b8def755-9829-4141-8ecb-3e71ef446d0d::eave-chain::2:1"", ""b8def755-9829-4141-8ecb-3e71ef446d0d::eave-chain::2:2""]",18.555167,0.001832,0.056484,"[""building-part:6d1cd65f38009478a509""]","[""building-part:6d1cd65f38009478a509""]","[""building-part:6d1cd65f38009478a509"", ""building-part:b3900a46b6ffa41e83da""]",False,True,True
b8def755-9829-4141-8ecb-3e71ef446d0d,2,committed_oblique,1,b8def755-9829-4141-8ecb-3e71ef446d0d::roof-oblique::oblique:1,13.106954,139.01682,48.688828,1,0.952698,0.349206,0.999998,0.009174,0.10969,0.0,17.092479,3,18.555167,b8def755-9829-4141-8ecb-3e71ef446d0d::eave-chain::2:0,0.98333,0,0.795301,0.85092,strong,keep,False,"[""b8def755-9829-4141-8ecb-3e71ef446d0d::eave-chain::2:0"", ""b8def755-9829-4141-8ecb-3e71ef446d0d::eave-chain::2:1"", ""b8def755-9829-4141-8ecb-3e71ef446d0d::eave-chain::2:2""]",18.555167,0.001838,0.123292,"[""building-part:6d1cd65f38009478a509""]","[""building-part:6d1cd65f38009478a509""]","[""building-part:6d1cd65f38009478a509""]",False,True,True
b8def755-9829-4141-8ecb-3e71ef446d0d,1,ridge_eave_plane_group,0,b8def755-9829-4141-8ecb-3e71ef446d0d::ridge-eave-candidate::plane-group::f47d323ca42c,44.648792,231.207209,18.991129,3,0.287525,0.809524,0.945569,128.792791,18.991129,0.0,7.18319,4,12.481919,b8def755-9829-4141-8ecb-3e71ef446d0d::eave-chain::1:5,0.889088,0,0.773147,0.666028,strong,keep,False,"[""b8def755-9829-4141-8ecb-3e71ef446d0d::eave-chain::1:1"", ""b8def755-9829-4141-8ecb-3e71ef446d0d::eave-chain::1:3"", ""b8def755-9829-4141-8ecb-3e71ef446d0d::eave-chain::1:5"", ""b8def755-9829-4141-8ecb-3e71ef446d0d::eave-chain::1:7""]",12.481919,0.409404,2.84413,"[""building-part:b3900a46b6ffa41e83da""]","[""building-part:b3900a46b6ffa41e83da""]","[""building-part:77f1a6aa9937d8a5636b"", ""building-part:b3900a46b6ffa41e83da""]",True,True,True
b8def755-9829-4141-8ecb-3e71ef446d0d,1,ridge_eave_plane_group,1,b8def755-9829-4141-8ecb-3e71ef446d0d::ridge-eave-candidate::plane-group::15958bf85707,44.648792,51.207176,23.265491,3,0.287525,0.809524,0.918684,51.207176,23.265491,0.0,7.18319,4,12.481919,b8def755-9829-4141-8ecb-3e71ef446d0d::eave-chain::1:5,0.889089,0,0.759704,0.660652,strong,keep,False,"[""b8def755-9829-4141-8ecb-3e71ef446d0d::eave-chain::1:1"", ""b8def755-9829-4141-8ecb-3e71ef446d0d::eave-chain::1:3"", ""b8def755-9829-4141-8ecb-3e71ef446d0d::eave-chain::1:5"", ""b8def755-9829-4141-8ecb-3e71ef446d0d::eave-chain::1:7""]",12.481919,0.409371,3.619313,"[""building-part:b3900a46b6ffa41e83da""]","[""building-part:b3900a46b6ffa41e83da""]","[""building-part:77f1a6aa9937d8a5636b"", ""building-part:b3900a46b6ffa41e83da""]",True,True,True
b8def755-9829-4141-8ecb-3e71ef446d0d,1,ridge_eave_plane_group,3,b8def755-9829-4141-8ecb-3e71ef446d0d::ridge-eave-candidate::plane-group::893ec49b081c,44.648792,50.797268,17.727925,3,0.287525,0.809524,0.952513,50.797268,17.727925,0.0,7.18319,4,12.481919,b8def755-9829-4141-8ecb-3e71ef446d0d::eave-chain::1:3,0.915928,0,0.776619,0.667417,strong,keep,False,"[""b8def755-9829-4141-8ecb-3e71ef446d0d::eave-chain::1:1"", ""b8def755-9829-4141-8ecb-3e71ef446d0d::eave-chain::1:3"", ""b8def755-9829-4141-8ecb-3e71ef446d0d::eave-chain::1:5"", ""b8def755-9829-4141-8ecb-3e71ef446d0d::eave-chain::1:7""]",12.481919,0.000684,0.772637,"[""building-part:b3900a46b6ffa41e83da""]","[""building-part:b3900a46b6ffa41e83da""]","[""building-part:77f1a6aa9937d8a5636b"", ""building-part:b3900a46b6ffa41e83da""]",True,True,True
b8def755-9829-4141-8ecb-3e71ef446d0d,1,ridge_eave_plane_group,4,b8def755-9829-4141-8ecb-3e71ef446d0d::ridge-eave-candidate::plane-group::4b774d1ca380,44.648791,319.007524,49.679962,3,0.287525,0.809524,0.647056,40.992476,49.679962,0.0,3.915687,5,6.937128,b8def755-9829-4141-8ecb-3e71ef446d0d::eave-chain::1:0,0.877496,0,0.62389,0.60211,medium,maybe,False,"[""b8def755-9829-4141-8ecb-3e71ef446d0d::eave-chain::1:0"", ""b8def755-9829-4141-8ecb-3e71ef446d0d::eave-chain::1:2"", ""b8def755-9829-4141-8ecb-3e71ef446d0d::eave-chain::1:4"", ""b8def755-9829-4141-8ecb-3e71ef446d0d::eave-chain::1:6"", ""b8def755-9829-4141-8ecb-3e71ef446d0d::eave-chain::1:8""]",6.937128,1.789547,2.054183,"[""building-part:6d1cd65f38009478a509""]","[""building-part:6d1cd65f38009478a509""]","[""building-part:77f1a6aa9937d8a5636b"", ""building-part:b3900a46b6ffa41e83da""]",False,True,True
b8def755-9829-4141-8ecb-3e71ef446d0d,1,ridge_eave_plane_group,5,b8def755-9829-4141-8ecb-3e71ef446d0d::ridge-eave-candidate::plane-group::d2d6f491ec6c,44.648792,139.00753,48.693054,3,0.287525,0.809524,0.660093,139.00753,48.693054,0.0,3.915687,5,6.937128,b8def755-9829-4141-8ecb-3e71ef446d0d::eave-chain::1:8,0.852318,0,0.630408,0.604718,medium,maybe,False,"[""b8def755-9829-4141-8ecb-3e71ef446d0d::eave-chain::1:0"", ""b8def755-9829-4141-8ecb-3e71ef446d0d::eave-chain::1:2"", ""b8def755-9829-4141-8ecb-3e71ef446d0d::eave-chain::1:4"", ""b8def755-9829-4141-8ecb-3e71ef446d0d::eave-chain::1:6"", ""b8def755-9829-4141-8ecb-3e71ef446d0d::eave-chain::1:8""]",6.937128,1.789541,6.367145,"[""building-part:6d1cd65f38009478a509""]","[""building-part:6d1cd65f38009478a509""]","[""building-part:77f1a6aa9937d8a5636b"", ""building-part:b3900a46b6ffa41e83da""]",False,True,True
b8def755-9829-4141-8ecb-3e71ef446d0d,1,ridge_eave_plane_group,6,b8def755-9829-4141-8ecb-3e71ef446d0d::ridge-eave-candidate::plane-group::70d50a8011ee,44.648792,229.007525,38.273841,3,0.287525,0.809524,0.785059,130.992475,38.273841,0.0,7.18319,4,12.481919,b8def755-9829-4141-8ecb-3e71ef446d0d::eave-chain::1:1,0.864407,0,0.692892,0.633927,medium,maybe,False,"[""b8def755-9829-4141-8ecb-3e71ef446d0d::eave-chain::1:1"", ""b8def755-9829-4141-8ecb-3e71ef446d0d::eave-chain::1:3"", ""b8def755-9829-4141-8ecb-3e71ef446d0d::eave-chain::1:5"", ""b8def755-9829-4141-8ecb-3e71ef446d0d::eave-chain::1:7""]",12.481919,1.790427,2.477772,"[""building-part:6d1cd65f38009478a509"", ""building-part:b3900a46b6ffa41e83da""]","[""building-part:6d1cd65f38009478a509"", ""building-part:b3900a46b6ffa41e83da""]","[""building-part:77f1a6aa9937d8a5636b"", ""building-part:b3900a46b6ffa41e83da""]",True,True,True
b8def755-9829-4141-8ecb-3e71ef446d0d,1,ridge_eave_plane_group,7,b8def755-9829-4141-8ecb-3e71ef446d0d::ridge-eave-candidate::plane-group::a4a6e72eee85,44.648792,49.007531,38.796757,3,0.287525,0.809524,0.779373,49.007531,38.796757,0.0,7.18319,4,12.481919,b8def755-9829-4141-8ecb-3e71ef446d0d::eave-chain::1:7,0.852262,0,0.690049,0.632789,medium,maybe,False,"[""b8def755-9829-4141-8ecb-3e71ef446d0d::eave-chain::1:1"", ""b8def755-9829-4141-8ecb-3e71ef446d0d::eave-chain::1:3"", ""b8def755-9829-4141-8ecb-3e71ef446d0d::eave-chain::1:5"", ""b8def755-9829-4141-8ecb-3e71ef446d0d::eave-chain::1:7""]",12.481919,1.790421,2.562806,"[""building-part:6d1cd65f38009478a509"", ""building-part:b3900a46b6ffa41e83da""]","[""building-part:6d1cd65f38009478a509"", ""building-part:b3900a46b6ffa41e83da""]","[""building-part:77f1a6aa9937d8a5636b"", ""building-part:b3900a46b6ffa41e83da""]",True,True,True
bad532ea-75de-411a-a390-77f4d6a93ff8,4,candidate_oblique,0,bad532ea-75de-411a-a390-77f4d6a93ff8::ceiling-oblique::ceiling-oblique:0,20.705055,275.99182,41.189815,7,0.351806,0.253333,0.979569,6.101227,3.352897,0.0,8.400195,1,8.400195,bad532ea-75de-411a-a390-77f4d6a93ff8::eave-chain::4:0,0.991107,0,0.636146,0.587303,medium,maybe,False,"[""bad532ea-75de-411a-a390-77f4d6a93ff8::eave-chain::4:0""]",8.400195,0.000355,0.035534,"[""building-part:3f7976e9798060dd8b07""]","[""building-part:3f7976e9798060dd8b07""]","[""building-part:3f7976e9798060dd8b07""]",False,True,True
bad532ea-75de-411a-a390-77f4d6a93ff8,4,candidate_oblique,1,bad532ea-75de-411a-a390-77f4d6a93ff8::ceiling-oblique::ceiling-oblique:1,19.865093,95.991814,40.500571,2,0.981478,0.253333,0.556518,89.99999,1.518203,0.0,14.305752,2,14.305752,bad532ea-75de-411a-a390-77f4d6a93ff8::eave-chain::4:0,0.988849,0,0.550555,0.754562,medium,keep,False,"[""bad532ea-75de-411a-a390-77f4d6a93ff8::eave-chain::4:0"", ""bad532ea-75de-411a-a390-77f4d6a93ff8::eave-chain::4:1""]",14.305752,0.000472,0.070464,"[""building-part:3f7976e9798060dd8b07""]","[""building-part:3f7976e9798060dd8b07""]","[""building-part:3f7976e9798060dd8b07""]",False,True,True
bad532ea-75de-411a-a390-77f4d6a93ff8,4,committed_oblique,0,bad532ea-75de-411a-a390-77f4d6a93ff8::roof-oblique::oblique:0,21.244713,275.98315,41.1925,7,0.337288,0.253333,0.979547,6.109898,3.355582,0.0,8.400195,1,8.400195,bad532ea-75de-411a-a390-77f4d6a93ff8::eave-chain::4:0,0.981875,0,0.633231,0.581491,medium,maybe,False,"[""bad532ea-75de-411a-a390-77f4d6a93ff8::eave-chain::4:0""]",8.400195,0.000355,0.035672,"[""building-part:3f7976e9798060dd8b07""]","[""building-part:3f7976e9798060dd8b07""]","[""building-part:3f7976e9798060dd8b07""]",False,True,True
bad532ea-75de-411a-a390-77f4d6a93ff8,4,committed_oblique,1,bad532ea-75de-411a-a390-77f4d6a93ff8::roof-oblique::oblique:1,23.376963,95.992773,40.50177,2,0.828497,0.253333,0.556508,89.99999,1.518203,0.0,8.400195,2,14.305752,bad532ea-75de-411a-a390-77f4d6a93ff8::eave-chain::4:0,0.988848,0,0.519953,0.693367,weak,keep,False,"[""bad532ea-75de-411a-a390-77f4d6a93ff8::eave-chain::4:0"", ""bad532ea-75de-411a-a390-77f4d6a93ff8::eave-chain::4:1""]",14.305752,0.000472,0.070526,"[""building-part:3f7976e9798060dd8b07""]","[""building-part:3f7976e9798060dd8b07""]","[""building-part:3f7976e9798060dd8b07""]",False,True,True
bad532ea-75de-411a-a390-77f4d6a93ff8,4,ridge_eave_plane_group,0,bad532ea-75de-411a-a390-77f4d6a93ff8::ridge-eave-candidate::plane-group::6c9d2c0a0321,44.766867,275.991821,41.190171,8,0.592878,0.253333,0.978628,9.986034,2.584832,0.0,0.0,2,14.305752,bad532ea-75de-411a-a390-77f4d6a93ff8::eave-chain::4:0,0.998596,0,0.68389,0.483543,medium,maybe,False,"[""bad532ea-75de-411a-a390-77f4d6a93ff8::eave-chain::4:0"", ""bad532ea-75de-411a-a390-77f4d6a93ff8::eave-chain::4:1""]",14.305752,0.000472,2.79349,"[""building-part:3f7976e9798060dd8b07""]","[""building-part:3f7976e9798060dd8b07""]","[""building-part:3f7976e9798060dd8b07""]",False,True,True
bad532ea-75de-411a-a390-77f4d6a93ff8,4,ridge_eave_plane_group,1,bad532ea-75de-411a-a390-77f4d6a93ff8::ridge-eave-candidate::plane-group::424511314090,44.766867,95.991814,40.50058,8,0.592878,0.253333,0.189774,170.01396,2.584832,0.0,0.0,2,14.305752,bad532ea-75de-411a-a390-77f4d6a93ff8::eave-chain::4:0,0.988885,0,0.289463,0.325773,weak,drop_candidate,False,"[""bad532ea-75de-411a-a390-77f4d6a93ff8::eave-chain::4:0"", ""bad532ea-75de-411a-a390-77f4d6a93ff8::eave-chain::4:1""]",14.305752,0.000472,0.070319,"[""building-part:3f7976e9798060dd8b07""]","[""building-part:3f7976e9798060dd8b07""]","[""building-part:3f7976e9798060dd8b07""]",False,True,True
bad532ea-75de-411a-a390-77f4d6a93ff8,4,ridge_eave_plane_group,2,bad532ea-75de-411a-a390-77f4d6a93ff8::ridge-eave-candidate::plane-group::519045139f84,44.766867,275.99181,24.975866,8,0.592878,0.253333,0.95126,9.986044,15.117507,0.0,0.0,2,14.305752,bad532ea-75de-411a-a390-77f4d6a93ff8::eave-chain::4:0,0.908004,0,0.670205,0.47807,medium,maybe,False,"[""bad532ea-75de-411a-a390-77f4d6a93ff8::eave-chain::4:0"", ""bad532ea-75de-411a-a390-77f4d6a93ff8::eave-chain::4:1""]",14.305752,0.000472,2.126096,"[""building-part:3f7976e9798060dd8b07""]","[""building-part:3f7976e9798060dd8b07""]","[""building-part:3f7976e9798060dd8b07""]",False,True,True
bad532ea-75de-411a-a390-77f4d6a93ff8,4,ridge_eave_plane_group,3,bad532ea-75de-411a-a390-77f4d6a93ff8::ridge-eave-candidate::plane-group::6c42b3484390,44.766867,93.4852,24.798771,8,0.592878,0.253333,0.446419,167.507346,15.294602,0.0,0.0,2,14.305752,bad532ea-75de-411a-a390-77f4d6a93ff8::eave-chain::4:1,0.833172,0,0.417785,0.377101,weak,drop_candidate,False,"[""bad532ea-75de-411a-a390-77f4d6a93ff8::eave-chain::4:0"", ""bad532ea-75de-411a-a390-77f4d6a93ff8::eave-chain::4:1""]",14.305752,2.506504,9.580263,"[""building-part:198b4c28466e78251ffc""]","[""building-part:198b4c28466e78251ffc""]","[""building-part:3f7976e9798060dd8b07""]",False,True,True
bad532ea-75de-411a-a390-77f4d6a93ff8,4,ridge_eave_plane_group,4,bad532ea-75de-411a-a390-77f4d6a93ff8::ridge-eave-candidate::plane-group::559937f82663,44.766867,93.4852,43.295387,8,0.592878,0.253333,0.148517,167.507346,3.5467,0.0,0.0,2,14.305752,bad532ea-75de-411a-a390-77f4d6a93ff8::eave-chain::4:1,0.833172,0,0.268834,0.317521,weak,drop_candidate,False,"[""bad532ea-75de-411a-a390-77f4d6a93ff8::eave-chain::4:0"", ""bad532ea-75de-411a-a390-77f4d6a93ff8::eave-chain::4:1""]",14.305752,2.506504,11.024893,"[""building-part:198b4c28466e78251ffc""]","[""building-part:198b4c28466e78251ffc""]","[""building-part:3f7976e9798060dd8b07""]",False,True,True
bb00df25-e7be-420e-8ad1-1f9be60a4c4a,0,candidate_oblique,0,bb00df25-e7be-420e-8ad1-1f9be60a4c4a::ceiling-oblique::ceiling-oblique:0,9.116035,96.719703,19.987319,4,0.95962,0.875,0.969845,42.157483,10.311322,10.524425,10.468847,6,49.239727,bb00df25-e7be-420e-8ad1-1f9be60a4c4a::eave-chain::0:11,0.97523,0,0.939346,0.952817,strong,keep,False,"[""bb00df25-e7be-420e-8ad1-1f9be60a4c4a::eave-chain::0:11"", ""bb00df25-e7be-420e-8ad1-1f9be60a4c4a::eave-chain::0:12"", ""bb00df25-e7be-420e-8ad1-1f9be60a4c4a::eave-chain::0:13"", ""bb00df25-e7be-420e-8ad1-1f9be60a4c4a::eave-chain::0:2"", ""bb00df25-e7be-420e-8ad1-1f9be60a4c4a::eave-chain::0:4"", ""bb00df25-e7be-420e-8ad1-1f9be60a4c4a::eave-chain::0:9""]",49.239727,0.048186,1.806374,"[""building-part:0b5201415d988f2fba6c"", ""building-part:af7a779f4bfa015bbb22"", ""building-part:bebf80ee9a4b10860a6f""]","[""building-part:0b5201415d988f2fba6c"", ""building-part:af7a779f4bfa015bbb22"", ""building-part:bebf80ee9a4b10860a6f""]","[""building-part:0b5201415d988f2fba6c"", ""building-part:af7a779f4bfa015bbb22"", ""building-part:bebf80ee9a4b10860a6f""]",False,True,False
bb00df25-e7be-420e-8ad1-1f9be60a4c4a,0,committed_oblique,0,bb00df25-e7be-420e-8ad1-1f9be60a4c4a::roof-oblique::oblique:0,11.774591,96.719565,19.997856,6,0.983317,0.833333,0.939705,83.280435,19.997856,10.524425,10.468847,6,49.239727,bb00df25-e7be-420e-8ad1-1f9be60a4c4a::eave-chain::0:11,0.975199,0,0.916516,0.947935,strong,keep,False,"[""bb00df25-e7be-420e-8ad1-1f9be60a4c4a::eave-chain::0:11"", ""bb00df25-e7be-420e-8ad1-1f9be60a4c4a::eave-chain::0:12"", ""bb00df25-e7be-420e-8ad1-1f9be60a4c4a::eave-chain::0:13"", ""bb00df25-e7be-420e-8ad1-1f9be60a4c4a::eave-chain::0:2"", ""bb00df25-e7be-420e-8ad1-1f9be60a4c4a::eave-chain::0:4"", ""bb00df25-e7be-420e-8ad1-1f9be60a4c4a::eave-chain::0:9""]",49.239727,0.048186,1.807604,"[""building-part:0b5201415d988f2fba6c"", ""building-part:af7a779f4bfa015bbb22"", ""building-part:bebf80ee9a4b10860a6f""]","[""building-part:0b5201415d988f2fba6c"", ""building-part:af7a779f4bfa015bbb22"", ""building-part:bebf80ee9a4b10860a6f""]","[""building-part:0b5201415d988f2fba6c"", ""building-part:af7a779f4bfa015bbb22"", ""building-part:b13d8f196b43dcdac5bd"", ""building-part:bebf80ee9a4b10860a6f""]",False,True,False
bb00df25-e7be-420e-8ad1-1f9be60a4c4a,0,ridge_eave_plane_group,0,bb00df25-e7be-420e-8ad1-1f9be60a4c4a::ridge-eave-candidate::plane-group::3854e0bf9fe6,125.445382,96.719703,19.987289,17,0.941474,0.841176,0.939768,89.319125,19.987289,14.624497,25.772934,6,49.239727,bb00df25-e7be-420e-8ad1-1f9be60a4c4a::eave-chain::0:11,0.975651,0,0.910532,0.932779,strong,keep,False,"[""bb00df25-e7be-420e-8ad1-1f9be60a4c4a::eave-chain::0:11"", ""bb00df25-e7be-420e-8ad1-1f9be60a4c4a::eave-chain::0:12"", ""bb00df25-e7be-420e-8ad1-1f9be60a4c4a::eave-chain::0:13"", ""bb00df25-e7be-420e-8ad1-1f9be60a4c4a::eave-chain::0:2"", ""bb00df25-e7be-420e-8ad1-1f9be60a4c4a::eave-chain::0:4"", ""bb00df25-e7be-420e-8ad1-1f9be60a4c4a::eave-chain::0:9""]",49.239727,0.048186,1.808034,"[""building-part:0b5201415d988f2fba6c"", ""building-part:af7a779f4bfa015bbb22"", ""building-part:bebf80ee9a4b10860a6f""]","[""building-part:0b5201415d988f2fba6c"", ""building-part:af7a779f4bfa015bbb22"", ""building-part:bebf80ee9a4b10860a6f""]","[""building-part:0b5201415d988f2fba6c"", ""building-part:4aca97086c8e17075470"", ""building-part:af7a779f4bfa015bbb22"", ""building-part:b13d8f196b43dcdac5bd"", ""building-part:bebf80ee9a4b10860a6f"", ""building-part:ed96570fdccd0e261b08""]",False,True,True
bb013161-a5cf-4dfc-9b88-d2c851f92aee,0,candidate_oblique,0,bb013161-a5cf-4dfc-9b88-d2c851f92aee::ceiling-oblique::ceiling-oblique:0,25.251134,232.727221,19.172136,6,0.784904,0.538441,0.999937,0.605193,0.525239,4.303302,9.949375,13,74.124263,bb013161-a5cf-4dfc-9b88-d2c851f92aee::eave-chain::0:1,0.991709,0,0.818482,0.821637,strong,keep,False,"[""bb013161-a5cf-4dfc-9b88-d2c851f92aee::eave-chain::0:0"", ""bb013161-a5cf-4dfc-9b88-d2c851f92aee::eave-chain::0:1"", ""bb013161-a5cf-4dfc-9b88-d2c851f92aee::eave-chain::0:11"", ""bb013161-a5cf-4dfc-9b88-d2c851f92aee::eave-chain::0:13"", ""bb013161-a5cf-4dfc-9b88-d2c851f92aee::eave-chain::0:14"", ""bb013161-a5cf-4dfc-9b88-d2c851f92aee::eave-chain::0:16"", ""bb013161-a5cf-4dfc-9b88-d2c851f92aee::eave-chain::0:19"", ""bb013161-a5cf-4dfc-9b88-d2c851f92aee::eave-chain::0:2"", ""bb013161-a5cf-4dfc-9b88-d2c851f92aee::eave-chain::0:3"", ""bb013161-a5cf-4dfc-9b88-d2c851f92aee::eave-chain::0:5"", ""bb013161-a5cf-4dfc-9b88-d2c851f92aee::eave-chain::0:6"", ""bb013161-a5cf-4dfc-9b88-d2c851f92aee::eave-chain::0:8"", ""bb013161-a5cf-4dfc-9b88-d2c851f92aee::eave-chain::0:9""]",74.124263,0.140476,1.666365,"[""building-part:3745a49da4869d648acc""]","[""building-part:3745a49da4869d648acc""]","[""building-part:3745a49da4869d648acc""]",True,False,False
bb013161-a5cf-4dfc-9b88-d2c851f92aee,0,candidate_oblique,1,bb013161-a5cf-4dfc-9b88-d2c851f92aee::ceiling-oblique::ceiling-oblique:1,6.605491,52.727219,18.036654,2,0.987623,0.65,0.99606,9.666872,2.39039,4.303302,0.0,0,0.0,bb013161-a5cf-4dfc-9b88-d2c851f92aee::eave-chain::0:2,0.636795,0,0.890554,0.924261,strong,keep,False,[],0.0,,,"[""building-part:3745a49da4869d648acc""]","[""building-part:3745a49da4869d648acc""]","[""building-part:3745a49da4869d648acc""]",True,False,False
bb013161-a5cf-4dfc-9b88-d2c851f92aee,0,candidate_oblique,2,bb013161-a5cf-4dfc-9b88-d2c851f92aee::ceiling-oblique::ceiling-oblique:2,24.661655,52.727217,7.107541,5,0.89295,0.5,0.992316,48.465309,4.32437,0.0,11.113373,12,69.701218,bb013161-a5cf-4dfc-9b88-d2c851f92aee::eave-chain::0:6,0.992405,0,0.824748,0.855643,strong,keep,False,"[""bb013161-a5cf-4dfc-9b88-d2c851f92aee::eave-chain::0:0"", ""bb013161-a5cf-4dfc-9b88-d2c851f92aee::eave-chain::0:11"", ""bb013161-a5cf-4dfc-9b88-d2c851f92aee::eave-chain::0:13"", ""bb013161-a5cf-4dfc-9b88-d2c851f92aee::eave-chain::0:14"", ""bb013161-a5cf-4dfc-9b88-d2c851f92aee::eave-chain::0:16"", ""bb013161-a5cf-4dfc-9b88-d2c851f92aee::eave-chain::0:19"", ""bb013161-a5cf-4dfc-9b88-d2c851f92aee::eave-chain::0:2"", ""bb013161-a5cf-4dfc-9b88-d2c851f92aee::eave-chain::0:3"", ""bb013161-a5cf-4dfc-9b88-d2c851f92aee::eave-chain::0:5"", ""bb013161-a5cf-4dfc-9b88-d2c851f92aee::eave-chain::0:6"", ""bb013161-a5cf-4dfc-9b88-d2c851f92aee::eave-chain::0:8"", ""bb013161-a5cf-4dfc-9b88-d2c851f92aee::eave-chain::0:9""]",69.701218,0.140401,0.484347,"[""building-part:3745a49da4869d648acc"", ""building-part:84a22d0ee49a4000ee56""]","[""building-part:3745a49da4869d648acc"", ""building-part:84a22d0ee49a4000ee56""]","[""building-part:3745a49da4869d648acc"", ""building-part:84a22d0ee49a4000ee56""]",True,True,True
bb013161-a5cf-4dfc-9b88-d2c851f92aee,0,committed_oblique,0,bb013161-a5cf-4dfc-9b88-d2c851f92aee::roof-oblique::oblique:0,29.813907,232.73059,19.172931,8,0.957885,0.653831,0.99992,1.297133,0.658918,2.864417,16.764295,13,74.124263,bb013161-a5cf-4dfc-9b88-d2c851f92aee::eave-chain::0:1,0.991749,0,0.887686,0.913904,strong,keep,False,"[""bb013161-a5cf-4dfc-9b88-d2c851f92aee::eave-chain::0:0"", ""bb013161-a5cf-4dfc-9b88-d2c851f92aee::eave-chain::0:1"", ""bb013161-a5cf-4dfc-9b88-d2c851f92aee::eave-chain::0:11"", ""bb013161-a5cf-4dfc-9b88-d2c851f92aee::eave-chain::0:13"", ""bb013161-a5cf-4dfc-9b88-d2c851f92aee::eave-chain::0:14"", ""bb013161-a5cf-4dfc-9b88-d2c851f92aee::eave-chain::0:16"", ""bb013161-a5cf-4dfc-9b88-d2c851f92aee::eave-chain::0:19"", ""bb013161-a5cf-4dfc-9b88-d2c851f92aee::eave-chain::0:2"", ""bb013161-a5cf-4dfc-9b88-d2c851f92aee::eave-chain::0:3"", ""bb013161-a5cf-4dfc-9b88-d2c851f92aee::eave-chain::0:5"", ""bb013161-a5cf-4dfc-9b88-d2c851f92aee::eave-chain::0:6"", ""bb013161-a5cf-4dfc-9b88-d2c851f92aee::eave-chain::0:8"", ""bb013161-a5cf-4dfc-9b88-d2c851f92aee::eave-chain::0:9""]",74.124263,0.140476,1.666636,"[""building-part:3745a49da4869d648acc""]","[""building-part:3745a49da4869d648acc""]","[""building-part:3745a49da4869d648acc""]",True,False,False
bb013161-a5cf-4dfc-9b88-d2c851f92aee,0,committed_oblique,1,bb013161-a5cf-4dfc-9b88-d2c851f92aee::roof-oblique::oblique:1,53.561138,52.728165,18.035776,11,0.884195,0.786364,0.950863,52.728165,18.035776,0.0,10.990891,12,69.701218,bb013161-a5cf-4dfc-9b88-d2c851f92aee::eave-chain::0:14,0.976662,0,0.88818,0.901124,strong,keep,False,"[""bb013161-a5cf-4dfc-9b88-d2c851f92aee::eave-chain::0:0"", ""bb013161-a5cf-4dfc-9b88-d2c851f92aee::eave-chain::0:11"", ""bb013161-a5cf-4dfc-9b88-d2c851f92aee::eave-chain::0:13"", ""bb013161-a5cf-4dfc-9b88-d2c851f92aee::eave-chain::0:14"", ""bb013161-a5cf-4dfc-9b88-d2c851f92aee::eave-chain::0:16"", ""bb013161-a5cf-4dfc-9b88-d2c851f92aee::eave-chain::0:19"", ""bb013161-a5cf-4dfc-9b88-d2c851f92aee::eave-chain::0:2"", ""bb013161-a5cf-4dfc-9b88-d2c851f92aee::eave-chain::0:3"", ""bb013161-a5cf-4dfc-9b88-d2c851f92aee::eave-chain::0:5"", ""bb013161-a5cf-4dfc-9b88-d2c851f92aee::eave-chain::0:6"", ""bb013161-a5cf-4dfc-9b88-d2c851f92aee::eave-chain::0:8"", ""bb013161-a5cf-4dfc-9b88-d2c851f92aee::eave-chain::0:9""]",69.701218,0.140402,1.284524,"[""building-part:3745a49da4869d648acc""]","[""building-part:3745a49da4869d648acc""]","[""building-part:3745a49da4869d648acc"", ""building-part:84a22d0ee49a4000ee56""]",True,True,True
bb013161-a5cf-4dfc-9b88-d2c851f92aee,0,committed_oblique,2,bb013161-a5cf-4dfc-9b88-d2c851f92aee::roof-oblique::oblique:2,51.288342,52.736595,7.106633,6,0.96707,0.583333,0.992318,52.736595,6.614741,0.0,15.435115,12,69.701218,bb013161-a5cf-4dfc-9b88-d2c851f92aee::eave-chain::0:6,0.992454,0,0.864573,0.901958,strong,keep,False,"[""bb013161-a5cf-4dfc-9b88-d2c851f92aee::eave-chain::0:0"", ""bb013161-a5cf-4dfc-9b88-d2c851f92aee::eave-chain::0:11"", ""bb013161-a5cf-4dfc-9b88-d2c851f92aee::eave-chain::0:13"", ""bb013161-a5cf-4dfc-9b88-d2c851f92aee::eave-chain::0:14"", ""bb013161-a5cf-4dfc-9b88-d2c851f92aee::eave-chain::0:16"", ""bb013161-a5cf-4dfc-9b88-d2c851f92aee::eave-chain::0:19"", ""bb013161-a5cf-4dfc-9b88-d2c851f92aee::eave-chain::0:2"", ""bb013161-a5cf-4dfc-9b88-d2c851f92aee::eave-chain::0:3"", ""bb013161-a5cf-4dfc-9b88-d2c851f92aee::eave-chain::0:5"", ""bb013161-a5cf-4dfc-9b88-d2c851f92aee::eave-chain::0:6"", ""bb013161-a5cf-4dfc-9b88-d2c851f92aee::eave-chain::0:8"", ""bb013161-a5cf-4dfc-9b88-d2c851f92aee::eave-chain::0:9""]",69.701218,0.140401,0.4839,"[""building-part:3745a49da4869d648acc"", ""building-part:84a22d0ee49a4000ee56""]","[""building-part:3745a49da4869d648acc"", ""building-part:84a22d0ee49a4000ee56""]","[""building-part:3745a49da4869d648acc"", ""building-part:84a22d0ee49a4000ee56""]",True,True,True
bb013161-a5cf-4dfc-9b88-d2c851f92aee,0,ridge_eave_plane_group,0,bb013161-a5cf-4dfc-9b88-d2c851f92aee::ridge-eave-candidate::plane-group::aed62de1d472,138.81646,232.727221,19.17215,21,0.943124,0.67765,0.944536,52.727221,12.593326,4.303302,39.421441,13,74.124263,bb013161-a5cf-4dfc-9b88-d2c851f92aee::eave-chain::0:1,0.993845,0,0.864188,0.901687,strong,keep,False,"[""bb013161-a5cf-4dfc-9b88-d2c851f92aee::eave-chain::0:0"", ""bb013161-a5cf-4dfc-9b88-d2c851f92aee::eave-chain::0:1"", ""bb013161-a5cf-4dfc-9b88-d2c851f92aee::eave-chain::0:11"", ""bb013161-a5cf-4dfc-9b88-d2c851f92aee::eave-chain::0:13"", ""bb013161-a5cf-4dfc-9b88-d2c851f92aee::eave-chain::0:14"", ""bb013161-a5cf-4dfc-9b88-d2c851f92aee::eave-chain::0:16"", ""bb013161-a5cf-4dfc-9b88-d2c851f92aee::eave-chain::0:19"", ""bb013161-a5cf-4dfc-9b88-d2c851f92aee::eave-chain::0:2"", ""bb013161-a5cf-4dfc-9b88-d2c851f92aee::eave-chain::0:3"", ""bb013161-a5cf-4dfc-9b88-d2c851f92aee::eave-chain::0:5"", ""bb013161-a5cf-4dfc-9b88-d2c851f92aee::eave-chain::0:6"", ""bb013161-a5cf-4dfc-9b88-d2c851f92aee::eave-chain::0:8"", ""bb013161-a5cf-4dfc-9b88-d2c851f92aee::eave-chain::0:9""]",74.124263,0.140476,1.657992,"[""building-part:3745a49da4869d648acc""]","[""building-part:3745a49da4869d648acc""]","[""building-part:3745a49da4869d648acc"", ""building-part:84a22d0ee49a4000ee56""]",True,True,True
bb013161-a5cf-4dfc-9b88-d2c851f92aee,0,ridge_eave_plane_group,1,bb013161-a5cf-4dfc-9b88-d2c851f92aee::ridge-eave-candidate::plane-group::fba9cf5ef3f8,138.81646,52.727219,18.036653,21,0.943124,0.67765,0.950859,127.272781,11.457829,4.303302,39.421441,13,74.124263,bb013161-a5cf-4dfc-9b88-d2c851f92aee::eave-chain::0:14,0.976695,0,0.867349,0.902951,strong,keep,False,"[""bb013161-a5cf-4dfc-9b88-d2c851f92aee::eave-chain::0:0"", ""bb013161-a5cf-4dfc-9b88-d2c851f92aee::eave-chain::0:1"", ""bb013161-a5cf-4dfc-9b88-d2c851f92aee::eave-chain::0:11"", ""bb013161-a5cf-4dfc-9b88-d2c851f92aee::eave-chain::0:13"", ""bb013161-a5cf-4dfc-9b88-d2c851f92aee::eave-chain::0:14"", ""bb013161-a5cf-4dfc-9b88-d2c851f92aee::eave-chain::0:16"", ""bb013161-a5cf-4dfc-9b88-d2c851f92aee::eave-chain::0:19"", ""bb013161-a5cf-4dfc-9b88-d2c851f92aee::eave-chain::0:2"", ""bb013161-a5cf-4dfc-9b88-d2c851f92aee::eave-chain::0:3"", ""bb013161-a5cf-4dfc-9b88-d2c851f92aee::eave-chain::0:5"", ""bb013161-a5cf-4dfc-9b88-d2c851f92aee::eave-chain::0:6"", ""bb013161-a5cf-4dfc-9b88-d2c851f92aee::eave-chain::0:8"", ""bb013161-a5cf-4dfc-9b88-d2c851f92aee::eave-chain::0:9""]",74.124263,0.140474,1.44946,"[""building-part:3745a49da4869d648acc""]","[""building-part:3745a49da4869d648acc""]","[""building-part:3745a49da4869d648acc"", ""building-part:84a22d0ee49a4000ee56""]",True,True,True
bb013161-a5cf-4dfc-9b88-d2c851f92aee,0,ridge_eave_plane_group,2,bb013161-a5cf-4dfc-9b88-d2c851f92aee::ridge-eave-candidate::plane-group::38d3f9a92b7d,138.81646,52.727217,7.107551,21,0.943124,0.67765,0.992316,127.272783,7.107551,4.303302,39.421441,13,74.124263,bb013161-a5cf-4dfc-9b88-d2c851f92aee::eave-chain::0:6,0.991918,0,0.888078,0.911243,strong,keep,False,"[""bb013161-a5cf-4dfc-9b88-d2c851f92aee::eave-chain::0:0"", ""bb013161-a5cf-4dfc-9b88-d2c851f92aee::eave-chain::0:1"", ""bb013161-a5cf-4dfc-9b88-d2c851f92aee::eave-chain::0:11"", ""bb013161-a5cf-4dfc-9b88-d2c851f92aee::eave-chain::0:13"", ""bb013161-a5cf-4dfc-9b88-d2c851f92aee::eave-chain::0:14"", ""bb013161-a5cf-4dfc-9b88-d2c851f92aee::eave-chain::0:16"", ""bb013161-a5cf-4dfc-9b88-d2c851f92aee::eave-chain::0:19"", ""bb013161-a5cf-4dfc-9b88-d2c851f92aee::eave-chain::0:2"", ""bb013161-a5cf-4dfc-9b88-d2c851f92aee::eave-chain::0:3"", ""bb013161-a5cf-4dfc-9b88-d2c851f92aee::eave-chain::0:5"", ""bb013161-a5cf-4dfc-9b88-d2c851f92aee::eave-chain::0:6"", ""bb013161-a5cf-4dfc-9b88-d2c851f92aee::eave-chain::0:8"", ""bb013161-a5cf-4dfc-9b88-d2c851f92aee::eave-chain::0:9""]",74.124263,0.140472,0.541821,"[""building-part:3745a49da4869d648acc""]","[""building-part:3745a49da4869d648acc""]","[""building-part:3745a49da4869d648acc"", ""building-part:84a22d0ee49a4000ee56""]",True,True,True
bc2779a4-d0a2-4ba8-abbf-10129d3f82de,2,candidate_oblique,0,bc2779a4-d0a2-4ba8-abbf-10129d3f82de::ceiling-oblique::ceiling-oblique:0,31.063491,171.044528,6.888559,7,0.748455,0.68254,0.992781,88.113651,3.595734,0.0,5.478911,5,17.755401,bc2779a4-d0a2-4ba8-abbf-10129d3f82de::eave-chain::2:6,0.834314,0,0.850844,0.834446,strong,keep,False,"[""bc2779a4-d0a2-4ba8-abbf-10129d3f82de::eave-chain::2:10"", ""bc2779a4-d0a2-4ba8-abbf-10129d3f82de::eave-chain::2:12"", ""bc2779a4-d0a2-4ba8-abbf-10129d3f82de::eave-chain::2:2"", ""bc2779a4-d0a2-4ba8-abbf-10129d3f82de::eave-chain::2:4"", ""bc2779a4-d0a2-4ba8-abbf-10129d3f82de::eave-chain::2:6""]",17.755401,0.458406,0.644299,"[""building-part:4cb20154969179c0eb11"", ""building-part:c4f3ab1ccb5aab2747b0"", ""building-part:fe7cc6dcf2e1d08ea53f""]","[""building-part:4cb20154969179c0eb11"", ""building-part:c4f3ab1ccb5aab2747b0"", ""building-part:fe7cc6dcf2e1d08ea53f""]","[""building-part:4cb20154969179c0eb11"", ""building-part:c4f3ab1ccb5aab2747b0"", ""building-part:fe7cc6dcf2e1d08ea53f""]",True,True,True
bc2779a4-d0a2-4ba8-abbf-10129d3f82de,3,candidate_oblique,1,bc2779a4-d0a2-4ba8-abbf-10129d3f82de::ceiling-oblique::ceiling-oblique:1,8.314564,171.197523,47.585354,1,0.355289,0.62963,0.999741,0.305538,1.286031,0.0,6.273156,1,6.273156,bc2779a4-d0a2-4ba8-abbf-10129d3f82de::eave-chain::3:0,0.809339,0,0.759817,0.66799,strong,keep,False,"[""bc2779a4-d0a2-4ba8-abbf-10129d3f82de::eave-chain::3:0""]",6.273156,0.305538,0.038627,"[""building-part:0cfcfb971f0ee28e31b9"", ""building-part:b96a276a139b0b02fd96""]","[""building-part:0cfcfb971f0ee28e31b9"", ""building-part:b96a276a139b0b02fd96""]","[""building-part:0cfcfb971f0ee28e31b9"", ""building-part:b96a276a139b0b02fd96""]",False,True,True
bc2779a4-d0a2-4ba8-abbf-10129d3f82de,2,committed_oblique,0,bc2779a4-d0a2-4ba8-abbf-10129d3f82de::roof-oblique::oblique:0,28.179112,171.039379,6.891622,9,0.880411,0.753086,0.992775,88.1188,5.582017,0.0,10.608137,5,17.755401,bc2779a4-d0a2-4ba8-abbf-10129d3f82de::eave-chain::2:6,0.834304,0,0.898396,0.901337,strong,keep,False,"[""bc2779a4-d0a2-4ba8-abbf-10129d3f82de::eave-chain::2:10"", ""bc2779a4-d0a2-4ba8-abbf-10129d3f82de::eave-chain::2:12"", ""bc2779a4-d0a2-4ba8-abbf-10129d3f82de::eave-chain::2:2"", ""bc2779a4-d0a2-4ba8-abbf-10129d3f82de::eave-chain::2:4"", ""bc2779a4-d0a2-4ba8-abbf-10129d3f82de::eave-chain::2:6""]",17.755401,0.458406,0.644489,"[""building-part:4cb20154969179c0eb11"", ""building-part:c4f3ab1ccb5aab2747b0""]","[""building-part:4cb20154969179c0eb11"", ""building-part:c4f3ab1ccb5aab2747b0""]","[""building-part:4cb20154969179c0eb11"", ""building-part:64a8f80cbc671d893c6d"", ""building-part:c4f3ab1ccb5aab2747b0"", ""building-part:fe7cc6dcf2e1d08ea53f""]",False,True,True
bc2779a4-d0a2-4ba8-abbf-10129d3f82de,3,committed_oblique,1,bc2779a4-d0a2-4ba8-abbf-10129d3f82de::roof-oblique::oblique:1,9.121348,171.202865,47.585969,1,0.364993,0.62963,0.999741,0.300196,1.286646,0.0,6.273156,1,6.273156,bc2779a4-d0a2-4ba8-abbf-10129d3f82de::eave-chain::3:0,0.837167,0,0.761758,0.671871,strong,keep,False,"[""bc2779a4-d0a2-4ba8-abbf-10129d3f82de::eave-chain::3:0""]",6.273156,0.305538,0.038848,"[""building-part:0cfcfb971f0ee28e31b9"", ""building-part:b96a276a139b0b02fd96""]","[""building-part:0cfcfb971f0ee28e31b9"", ""building-part:b96a276a139b0b02fd96""]","[""building-part:0cfcfb971f0ee28e31b9"", ""building-part:b96a276a139b0b02fd96""]",False,True,True
bc2779a4-d0a2-4ba8-abbf-10129d3f82de,2,ridge_eave_plane_group,0,bc2779a4-d0a2-4ba8-abbf-10129d3f82de::ridge-eave-candidate::plane-group::6c1de215d3d1,39.19659,262.097993,16.275251,12,0.576437,0.814815,0.959926,82.097993,12.501912,0.0,9.014931,8,29.1623,bc2779a4-d0a2-4ba8-abbf-10129d3f82de::eave-chain::2:3,0.868374,0,0.839695,0.785523,strong,keep,False,"[""bc2779a4-d0a2-4ba8-abbf-10129d3f82de::eave-chain::2:0"", ""bc2779a4-d0a2-4ba8-abbf-10129d3f82de::eave-chain::2:1"", ""bc2779a4-d0a2-4ba8-abbf-10129d3f82de::eave-chain::2:11"", ""bc2779a4-d0a2-4ba8-abbf-10129d3f82de::eave-chain::2:13"", ""bc2779a4-d0a2-4ba8-abbf-10129d3f82de::eave-chain::2:3"", ""bc2779a4-d0a2-4ba8-abbf-10129d3f82de::eave-chain::2:5"", ""bc2779a4-d0a2-4ba8-abbf-10129d3f82de::eave-chain::2:7"", ""bc2779a4-d0a2-4ba8-abbf-10129d3f82de::eave-chain::2:9""]",29.1623,1.524568,2.515035,"[""building-part:fe7cc6dcf2e1d08ea53f""]","[""building-part:fe7cc6dcf2e1d08ea53f""]","[""building-part:fe7cc6dcf2e1d08ea53f""]",True,True,True
bc2779a4-d0a2-4ba8-abbf-10129d3f82de,1,ridge_eave_plane_group,1,bc2779a4-d0a2-4ba8-abbf-10129d3f82de::ridge-eave-candidate::plane-group::b26f99f33bd6,22.411464,262.097993,16.275251,2,0.374811,0.975,0.955632,63.585085,15.233774,0.0,0.0,0,0.0,bc2779a4-d0a2-4ba8-abbf-10129d3f82de::eave-chain::1:4,0.399998,0,0.845278,0.536051,strong,maybe,False,[],0.0,,,"[""building-part:fe7cc6dcf2e1d08ea53f""]","[""building-part:fe7cc6dcf2e1d08ea53f""]","[""building-part:64a8f80cbc671d893c6d"", ""building-part:fe7cc6dcf2e1d08ea53f""]",True,True,True
bc2779a4-d0a2-4ba8-abbf-10129d3f82de,1,ridge_eave_plane_group,2,bc2779a4-d0a2-4ba8-abbf-10129d3f82de::ridge-eave-candidate::plane-group::532bc4d53329,39.611187,262.097993,16.275251,5,0.964649,1.0,0.959926,97.902007,16.275251,0.0,0.0,0,0.0,bc2779a4-d0a2-4ba8-abbf-10129d3f82de::eave-chain::1:4,0.399998,0,0.972893,0.777845,strong,keep,False,[],0.0,,,"[""building-part:fe7cc6dcf2e1d08ea53f""]","[""building-part:fe7cc6dcf2e1d08ea53f""]","[""building-part:1c9620bcac1b6026e12f"", ""building-part:8f38ef16c60b651b42ee"", ""building-part:fe7cc6dcf2e1d08ea53f""]",True,True,True
bc2779a4-d0a2-4ba8-abbf-10129d3f82de,2,ridge_eave_plane_group,3,bc2779a4-d0a2-4ba8-abbf-10129d3f82de::ridge-eave-candidate::plane-group::4078d25c7940,77.806777,350.887705,46.164345,13,0.559515,0.82906,0.692592,89.67612,39.927271,0.0,0.0,5,17.755401,bc2779a4-d0a2-4ba8-abbf-10129d3f82de::eave-chain::2:2,0.891464,0,0.706917,0.528136,medium,maybe,False,"[""bc2779a4-d0a2-4ba8-abbf-10129d3f82de::eave-chain::2:10"", ""bc2779a4-d0a2-4ba8-abbf-10129d3f82de::eave-chain::2:12"", ""bc2779a4-d0a2-4ba8-abbf-10129d3f82de::eave-chain::2:2"", ""bc2779a4-d0a2-4ba8-abbf-10129d3f82de::eave-chain::2:4"", ""bc2779a4-d0a2-4ba8-abbf-10129d3f82de::eave-chain::2:6""]",17.755401,0.320109,0.806422,"[""building-part:0cfcfb971f0ee28e31b9"", ""building-part:b96a276a139b0b02fd96"", ""building-part:fe7cc6dcf2e1d08ea53f""]","[""building-part:0cfcfb971f0ee28e31b9"", ""building-part:b96a276a139b0b02fd96"", ""building-part:fe7cc6dcf2e1d08ea53f""]","[""building-part:4cb20154969179c0eb11"", ""building-part:c4f3ab1ccb5aab2747b0"", ""building-part:fe7cc6dcf2e1d08ea53f""]",True,True,True
bc2779a4-d0a2-4ba8-abbf-10129d3f82de,1,ridge_eave_plane_group,4,bc2779a4-d0a2-4ba8-abbf-10129d3f82de::ridge-eave-candidate::plane-group::60528ad45283,22.411464,350.887705,46.164345,2,0.374811,0.975,0.558757,63.585085,30.930572,0.0,0.0,2,3.188384,bc2779a4-d0a2-4ba8-abbf-10129d3f82de::eave-chain::1:2,0.645807,0,0.646841,0.456676,medium,maybe,False,"[""bc2779a4-d0a2-4ba8-abbf-10129d3f82de::eave-chain::1:0"", ""bc2779a4-d0a2-4ba8-abbf-10129d3f82de::eave-chain::1:2""]",3.188384,1.208921,1.515763,"[""building-part:0cfcfb971f0ee28e31b9"", ""building-part:b96a276a139b0b02fd96"", ""building-part:fe7cc6dcf2e1d08ea53f""]","[""building-part:0cfcfb971f0ee28e31b9"", ""building-part:b96a276a139b0b02fd96"", ""building-part:fe7cc6dcf2e1d08ea53f""]","[""building-part:64a8f80cbc671d893c6d"", ""building-part:fe7cc6dcf2e1d08ea53f""]",True,True,True
bc2779a4-d0a2-4ba8-abbf-10129d3f82de,1,ridge_eave_plane_group,5,bc2779a4-d0a2-4ba8-abbf-10129d3f82de::ridge-eave-candidate::plane-group::8b45ed46d739,39.611187,350.887705,46.164345,5,0.964649,1.0,0.692592,9.112295,46.164345,0.0,0.0,0,0.0,bc2779a4-d0a2-4ba8-abbf-10129d3f82de::eave-chain::1:0,0.367783,0,0.839226,0.724378,strong,keep,False,[],0.0,,,"[""building-part:0cfcfb971f0ee28e31b9"", ""building-part:b96a276a139b0b02fd96"", ""building-part:fe7cc6dcf2e1d08ea53f""]","[""building-part:0cfcfb971f0ee28e31b9"", ""building-part:b96a276a139b0b02fd96"", ""building-part:fe7cc6dcf2e1d08ea53f""]","[""building-part:1c9620bcac1b6026e12f"", ""building-part:8f38ef16c60b651b42ee"", ""building-part:fe7cc6dcf2e1d08ea53f""]",True,True,True
bc2779a4-d0a2-4ba8-abbf-10129d3f82de,2,ridge_eave_plane_group,6,bc2779a4-d0a2-4ba8-abbf-10129d3f82de::ridge-eave-candidate::plane-group::65ddf20dedf6,77.99607,82.097996,50.099871,13,0.558157,0.82906,0.641451,97.902004,43.862797,0.0,8.843056,8,29.1623,bc2779a4-d0a2-4ba8-abbf-10129d3f82de::eave-chain::2:3,0.868374,0,0.681075,0.717365,medium,keep,False,"[""bc2779a4-d0a2-4ba8-abbf-10129d3f82de::eave-chain::2:0"", ""bc2779a4-d0a2-4ba8-abbf-10129d3f82de::eave-chain::2:1"", ""bc2779a4-d0a2-4ba8-abbf-10129d3f82de::eave-chain::2:11"", ""bc2779a4-d0a2-4ba8-abbf-10129d3f82de::eave-chain::2:13"", ""bc2779a4-d0a2-4ba8-abbf-10129d3f82de::eave-chain::2:3"", ""bc2779a4-d0a2-4ba8-abbf-10129d3f82de::eave-chain::2:5"", ""bc2779a4-d0a2-4ba8-abbf-10129d3f82de::eave-chain::2:7"", ""bc2779a4-d0a2-4ba8-abbf-10129d3f82de::eave-chain::2:9""]",29.1623,1.524571,1.992209,"[""building-part:fe7cc6dcf2e1d08ea53f""]","[""building-part:fe7cc6dcf2e1d08ea53f""]","[""building-part:4cb20154969179c0eb11"", ""building-part:fe7cc6dcf2e1d08ea53f""]",True,True,True
bc2779a4-d0a2-4ba8-abbf-10129d3f82de,1,ridge_eave_plane_group,7,bc2779a4-d0a2-4ba8-abbf-10129d3f82de::ridge-eave-candidate::plane-group::10e0e124695e,39.611187,82.097996,50.099871,5,0.964649,1.0,0.641451,82.097996,50.099871,0.0,0.0,0,0.0,bc2779a4-d0a2-4ba8-abbf-10129d3f82de::eave-chain::1:4,0.399998,0,0.813656,0.71415,strong,keep,False,[],0.0,,,"[""building-part:fe7cc6dcf2e1d08ea53f""]","[""building-part:fe7cc6dcf2e1d08ea53f""]","[""building-part:1c9620bcac1b6026e12f"", ""building-part:8f38ef16c60b651b42ee"", ""building-part:fe7cc6dcf2e1d08ea53f""]",True,True,True
bc2779a4-d0a2-4ba8-abbf-10129d3f82de,2,ridge_eave_plane_group,8,bc2779a4-d0a2-4ba8-abbf-10129d3f82de::ridge-eave-candidate::plane-group::096ff6c99826,75.464368,170.585515,6.167046,13,0.576882,0.82906,0.994152,90.02169,6.167046,0.0,0.0,5,17.755401,bc2779a4-d0a2-4ba8-abbf-10129d3f82de::eave-chain::2:2,0.994801,0,0.86117,0.595395,strong,maybe,False,"[""bc2779a4-d0a2-4ba8-abbf-10129d3f82de::eave-chain::2:10"", ""bc2779a4-d0a2-4ba8-abbf-10129d3f82de::eave-chain::2:12"", ""bc2779a4-d0a2-4ba8-abbf-10129d3f82de::eave-chain::2:2"", ""bc2779a4-d0a2-4ba8-abbf-10129d3f82de::eave-chain::2:4"", ""bc2779a4-d0a2-4ba8-abbf-10129d3f82de::eave-chain::2:6""]",17.755401,0.017919,0.379602,"[""building-part:c4f3ab1ccb5aab2747b0""]","[""building-part:c4f3ab1ccb5aab2747b0""]","[""building-part:4cb20154969179c0eb11"", ""building-part:64a8f80cbc671d893c6d"", ""building-part:c4f3ab1ccb5aab2747b0""]",False,True,True
bc2779a4-d0a2-4ba8-abbf-10129d3f82de,1,ridge_eave_plane_group,9,bc2779a4-d0a2-4ba8-abbf-10129d3f82de::ridge-eave-candidate::plane-group::5dd344d177d4,39.611187,170.585515,6.167046,5,0.964649,1.0,0.994213,170.585515,6.167046,0.0,0.0,0,0.0,bc2779a4-d0a2-4ba8-abbf-10129d3f82de::eave-chain::1:0,0.359725,0,0.990036,0.784702,strong,keep,False,[],0.0,,,"[""building-part:c4f3ab1ccb5aab2747b0""]","[""building-part:c4f3ab1ccb5aab2747b0""]","[""building-part:1c9620bcac1b6026e12f"", ""building-part:8f38ef16c60b651b42ee"", ""building-part:fe7cc6dcf2e1d08ea53f""]",False,True,True
bc2779a4-d0a2-4ba8-abbf-10129d3f82de,2,ridge_eave_plane_group,10,bc2779a4-d0a2-4ba8-abbf-10129d3f82de::ridge-eave-candidate::plane-group::a5aab85a2c53,65.53539,171.200044,47.58453,12,0.611008,0.814815,0.674502,89.297505,43.81119,0.0,0.0,5,17.755401,bc2779a4-d0a2-4ba8-abbf-10129d3f82de::eave-chain::2:2,0.925886,0,0.703897,0.542266,medium,maybe,False,"[""bc2779a4-d0a2-4ba8-abbf-10129d3f82de::eave-chain::2:10"", ""bc2779a4-d0a2-4ba8-abbf-10129d3f82de::eave-chain::2:12"", ""bc2779a4-d0a2-4ba8-abbf-10129d3f82de::eave-chain::2:2"", ""bc2779a4-d0a2-4ba8-abbf-10129d3f82de::eave-chain::2:4"", ""bc2779a4-d0a2-4ba8-abbf-10129d3f82de::eave-chain::2:6""]",17.755401,0.613921,3.826847,"[""building-part:0cfcfb971f0ee28e31b9"", ""building-part:b96a276a139b0b02fd96"", ""building-part:c4f3ab1ccb5aab2747b0""]","[""building-part:0cfcfb971f0ee28e31b9"", ""building-part:b96a276a139b0b02fd96"", ""building-part:c4f3ab1ccb5aab2747b0""]","[""building-part:4cb20154969179c0eb11"", ""building-part:64a8f80cbc671d893c6d"", ""building-part:c4f3ab1ccb5aab2747b0""]",False,True,True
bc2779a4-d0a2-4ba8-abbf-10129d3f82de,1,ridge_eave_plane_group,11,bc2779a4-d0a2-4ba8-abbf-10129d3f82de::ridge-eave-candidate::plane-group::5ef641c9fc98,39.611187,171.200044,47.58453,5,0.964649,1.0,0.674502,171.200044,47.58453,0.0,0.0,0,0.0,bc2779a4-d0a2-4ba8-abbf-10129d3f82de::eave-chain::1:0,0.376112,0,0.830181,0.72076,strong,keep,False,[],0.0,,,"[""building-part:0cfcfb971f0ee28e31b9"", ""building-part:b96a276a139b0b02fd96"", ""building-part:c4f3ab1ccb5aab2747b0""]","[""building-part:0cfcfb971f0ee28e31b9"", ""building-part:b96a276a139b0b02fd96"", ""building-part:c4f3ab1ccb5aab2747b0""]","[""building-part:1c9620bcac1b6026e12f"", ""building-part:8f38ef16c60b651b42ee"", ""building-part:fe7cc6dcf2e1d08ea53f""]",False,True,True
bc2779a4-d0a2-4ba8-abbf-10129d3f82de,2,ridge_eave_plane_group,12,bc2779a4-d0a2-4ba8-abbf-10129d3f82de::ridge-eave-candidate::plane-group::37031dea5ca9,71.332046,171.503542,7.610071,13,0.608536,0.82906,0.991192,90.939717,7.610071,0.0,0.0,5,17.755401,bc2779a4-d0a2-4ba8-abbf-10129d3f82de::eave-chain::2:4,0.899275,0,0.866021,0.607465,strong,maybe,False,"[""bc2779a4-d0a2-4ba8-abbf-10129d3f82de::eave-chain::2:10"", ""bc2779a4-d0a2-4ba8-abbf-10129d3f82de::eave-chain::2:12"", ""bc2779a4-d0a2-4ba8-abbf-10129d3f82de::eave-chain::2:2"", ""bc2779a4-d0a2-4ba8-abbf-10129d3f82de::eave-chain::2:4"", ""bc2779a4-d0a2-4ba8-abbf-10129d3f82de::eave-chain::2:6""]",17.755401,0.917419,0.880495,"[""building-part:0cfcfb971f0ee28e31b9""]","[""building-part:0cfcfb971f0ee28e31b9""]","[""building-part:4cb20154969179c0eb11"", ""building-part:64a8f80cbc671d893c6d"", ""building-part:c4f3ab1ccb5aab2747b0"", ""building-part:fe7cc6dcf2e1d08ea53f""]",False,True,True
bc2779a4-d0a2-4ba8-abbf-10129d3f82de,1,ridge_eave_plane_group,13,bc2779a4-d0a2-4ba8-abbf-10129d3f82de::ridge-eave-candidate::plane-group::f8411a836a08,39.611187,171.503542,7.610071,5,0.964649,1.0,0.991192,171.503542,7.610071,0.0,0.0,0,0.0,bc2779a4-d0a2-4ba8-abbf-10129d3f82de::eave-chain::1:0,0.384205,0,0.988526,0.784098,strong,keep,False,[],0.0,,,"[""building-part:0cfcfb971f0ee28e31b9""]","[""building-part:0cfcfb971f0ee28e31b9""]","[""building-part:1c9620bcac1b6026e12f"", ""building-part:8f38ef16c60b651b42ee"", ""building-part:fe7cc6dcf2e1d08ea53f""]",False,True,True
bfd05652-9331-4260-886d-1b6779ee1bfa,1,candidate_oblique,0,bfd05652-9331-4260-886d-1b6779ee1bfa::ceiling-oblique::ceiling-oblique:0,4.78531,175.212535,27.875046,2,0.998394,1.0,0.941978,87.918464,13.937622,7.001883,3.499978,1,3.499978,bfd05652-9331-4260-886d-1b6779ee1bfa::eave-chain::1:20,0.9964,0,0.970668,0.987753,strong,keep,False,"[""bfd05652-9331-4260-886d-1b6779ee1bfa::eave-chain::1:20""]",3.499978,0.133127,0.000199,"[""building-part:166d332a0859f5fd1eca""]","[""building-part:166d332a0859f5fd1eca""]","[""building-part:166d332a0859f5fd1eca""]",False,True,False
bfd05652-9331-4260-886d-1b6779ee1bfa,1,committed_oblique,0,bfd05652-9331-4260-886d-1b6779ee1bfa::roof-oblique::oblique:0,6.994122,175.216988,27.875866,3,0.995414,1.0,0.883963,4.783012,27.875866,7.001883,3.499978,1,3.499978,bfd05652-9331-4260-886d-1b6779ee1bfa::eave-chain::1:20,0.996379,0,0.941064,0.974958,strong,keep,False,"[""bfd05652-9331-4260-886d-1b6779ee1bfa::eave-chain::1:20""]",3.499978,0.133127,0.000283,"[""building-part:166d332a0859f5fd1eca""]","[""building-part:166d332a0859f5fd1eca""]","[""building-part:166d332a0859f5fd1eca""]",False,True,False
bfd05652-9331-4260-886d-1b6779ee1bfa,1,ridge_eave_plane_group,0,bfd05652-9331-4260-886d-1b6779ee1bfa::ridge-eave-candidate::plane-group::6e262f831145,148.439615,359.033728,40.084437,12,0.936318,1.0,0.765096,2.563302,40.084437,11.241192,34.901084,9,69.524082,bfd05652-9331-4260-886d-1b6779ee1bfa::eave-chain::1:13,0.811316,0,0.869812,0.927546,strong,keep,False,"[""bfd05652-9331-4260-886d-1b6779ee1bfa::eave-chain::1:0"", ""bfd05652-9331-4260-886d-1b6779ee1bfa::eave-chain::1:13"", ""bfd05652-9331-4260-886d-1b6779ee1bfa::eave-chain::1:17"", ""bfd05652-9331-4260-886d-1b6779ee1bfa::eave-chain::1:19"", ""bfd05652-9331-4260-886d-1b6779ee1bfa::eave-chain::1:2"", ""bfd05652-9331-4260-886d-1b6779ee1bfa::eave-chain::1:20"", ""bfd05652-9331-4260-886d-1b6779ee1bfa::eave-chain::1:21"", ""bfd05652-9331-4260-886d-1b6779ee1bfa::eave-chain::1:4"", ""bfd05652-9331-4260-886d-1b6779ee1bfa::eave-chain::1:6""]",69.524082,3.753845,2.920604,"[""building-part:166d332a0859f5fd1eca""]","[""building-part:166d332a0859f5fd1eca""]","[""building-part:166d332a0859f5fd1eca"", ""building-part:32348f17a54b69668143"", ""building-part:ce93cbdd2f6753e7001f""]",False,True,True
bfd05652-9331-4260-886d-1b6779ee1bfa,1,ridge_eave_plane_group,1,bfd05652-9331-4260-886d-1b6779ee1bfa::ridge-eave-candidate::plane-group::465ea4759a03,148.439615,175.212535,27.875023,12,0.936318,1.0,0.88397,175.212535,27.875023,11.241192,34.901084,9,69.524082,bfd05652-9331-4260-886d-1b6779ee1bfa::eave-chain::1:20,0.996341,0,0.929248,0.951321,strong,keep,False,"[""bfd05652-9331-4260-886d-1b6779ee1bfa::eave-chain::1:0"", ""bfd05652-9331-4260-886d-1b6779ee1bfa::eave-chain::1:13"", ""bfd05652-9331-4260-886d-1b6779ee1bfa::eave-chain::1:17"", ""bfd05652-9331-4260-886d-1b6779ee1bfa::eave-chain::1:19"", ""bfd05652-9331-4260-886d-1b6779ee1bfa::eave-chain::1:2"", ""bfd05652-9331-4260-886d-1b6779ee1bfa::eave-chain::1:20"", ""bfd05652-9331-4260-886d-1b6779ee1bfa::eave-chain::1:21"", ""bfd05652-9331-4260-886d-1b6779ee1bfa::eave-chain::1:4"", ""bfd05652-9331-4260-886d-1b6779ee1bfa::eave-chain::1:6""]",69.524082,0.133127,2.366836,"[""building-part:166d332a0859f5fd1eca""]","[""building-part:166d332a0859f5fd1eca""]","[""building-part:166d332a0859f5fd1eca"", ""building-part:32348f17a54b69668143"", ""building-part:ce93cbdd2f6753e7001f""]",False,True,True
c001b1ca-ea07-472d-b888-6ab457d4e7d9,1,ridge_eave_plane_group,0,c001b1ca-ea07-472d-b888-6ab457d4e7d9::ridge-eave-candidate::plane-group::8dd620312dcf,72.889727,2.592705,26.610171,4,0.73189,0.96875,0.894075,2.592705,26.610171,0.0,16.381564,3,28.824249,c001b1ca-ea07-472d-b888-6ab457d4e7d9::eave-chain::1:2,0.886475,0,0.88404,0.865321,strong,keep,False,"[""c001b1ca-ea07-472d-b888-6ab457d4e7d9::eave-chain::1:2"", ""c001b1ca-ea07-472d-b888-6ab457d4e7d9::eave-chain::1:4"", ""c001b1ca-ea07-472d-b888-6ab457d4e7d9::eave-chain::1:6""]",28.824249,1.383508,0.657184,"[""building-part:d0f1b409d5d5401408e7""]","[""building-part:d0f1b409d5d5401408e7""]","[""building-part:3365341ada0acf0582d1"", ""building-part:f65ae9f6fb19b1068403""]",False,True,True
c2800052-b0e7-4c30-a881-f813cb0b2043,0,ridge_eave_plane_group,0,c2800052-b0e7-4c30-a881-f813cb0b2043::ridge-eave-candidate::plane-group::046c7eaf2087,71.014335,287.584228,33.928519,9,0.864338,0.995885,0.829735,72.415772,33.928519,3.722598,15.060573,9,29.940601,c2800052-b0e7-4c30-a881-f813cb0b2043::eave-chain::0:18,0.971341,0,0.8865,0.910859,strong,keep,False,"[""c2800052-b0e7-4c30-a881-f813cb0b2043::eave-chain::0:0"", ""c2800052-b0e7-4c30-a881-f813cb0b2043::eave-chain::0:10"", ""c2800052-b0e7-4c30-a881-f813cb0b2043::eave-chain::0:13"", ""c2800052-b0e7-4c30-a881-f813cb0b2043::eave-chain::0:16"", ""c2800052-b0e7-4c30-a881-f813cb0b2043::eave-chain::0:18"", ""c2800052-b0e7-4c30-a881-f813cb0b2043::eave-chain::0:2"", ""c2800052-b0e7-4c30-a881-f813cb0b2043::eave-chain::0:4"", ""c2800052-b0e7-4c30-a881-f813cb0b2043::eave-chain::0:7"", ""c2800052-b0e7-4c30-a881-f813cb0b2043::eave-chain::0:8""]",29.940601,0.001455,1.467808,"[""building-part:5f11a961b0d02a20b100""]","[""building-part:5f11a961b0d02a20b100""]","[""building-part:0e815680ea3f61ed9010"", ""building-part:5f11a961b0d02a20b100"", ""building-part:709abaedd600dbdecae8"", ""building-part:c968301369d2be486c25""]",True,True,True
c2800052-b0e7-4c30-a881-f813cb0b2043,0,ridge_eave_plane_group,1,c2800052-b0e7-4c30-a881-f813cb0b2043::ridge-eave-candidate::plane-group::b0a4e5b9a3cf,71.014335,288.076653,29.260992,9,0.864338,0.995885,0.872402,71.923347,29.260992,3.722598,15.060573,9,29.940601,c2800052-b0e7-4c30-a881-f813cb0b2043::eave-chain::0:13,0.886895,0,0.907834,0.919393,strong,keep,False,"[""c2800052-b0e7-4c30-a881-f813cb0b2043::eave-chain::0:0"", ""c2800052-b0e7-4c30-a881-f813cb0b2043::eave-chain::0:10"", ""c2800052-b0e7-4c30-a881-f813cb0b2043::eave-chain::0:13"", ""c2800052-b0e7-4c30-a881-f813cb0b2043::eave-chain::0:16"", ""c2800052-b0e7-4c30-a881-f813cb0b2043::eave-chain::0:18"", ""c2800052-b0e7-4c30-a881-f813cb0b2043::eave-chain::0:2"", ""c2800052-b0e7-4c30-a881-f813cb0b2043::eave-chain::0:4"", ""c2800052-b0e7-4c30-a881-f813cb0b2043::eave-chain::0:7"", ""c2800052-b0e7-4c30-a881-f813cb0b2043::eave-chain::0:8""]",29.940601,0.493879,3.337162,"[""building-part:0a67f4b18099d0d6740d""]","[""building-part:0a67f4b18099d0d6740d""]","[""building-part:0e815680ea3f61ed9010"", ""building-part:5f11a961b0d02a20b100"", ""building-part:709abaedd600dbdecae8"", ""building-part:c968301369d2be486c25""]",False,True,True
c3ddcac0-827d-48dc-9223-4b219d874fa5,1,candidate_oblique,0,c3ddcac0-827d-48dc-9223-4b219d874fa5::ceiling-oblique::ceiling-oblique:0,3.590169,73.566236,18.254429,2,0.997507,1.0,0.974829,37.313606,9.128447,7.848938,3.921378,7,33.268388,c3ddcac0-827d-48dc-9223-4b219d874fa5::eave-chain::1:5,0.99694,0,0.986916,0.993968,strong,keep,False,"[""c3ddcac0-827d-48dc-9223-4b219d874fa5::eave-chain::1:1"", ""c3ddcac0-827d-48dc-9223-4b219d874fa5::eave-chain::1:10"", ""c3ddcac0-827d-48dc-9223-4b219d874fa5::eave-chain::1:12"", ""c3ddcac0-827d-48dc-9223-4b219d874fa5::eave-chain::1:3"", ""c3ddcac0-827d-48dc-9223-4b219d874fa5::eave-chain::1:5"", ""c3ddcac0-827d-48dc-9223-4b219d874fa5::eave-chain::1:7"", ""c3ddcac0-827d-48dc-9223-4b219d874fa5::eave-chain::1:8""]",33.268388,0.104117,1.961218,"[""building-part:a7d3971468e2d539230f""]","[""building-part:a7d3971468e2d539230f""]","[""building-part:a7d3971468e2d539230f""]",False,True,False
c3ddcac0-827d-48dc-9223-4b219d874fa5,1,committed_oblique,0,c3ddcac0-827d-48dc-9223-4b219d874fa5::roof-oblique::oblique:0,5.646034,73.562945,18.257547,2,0.998405,1.0,0.974821,37.310314,9.1291,7.848938,3.921378,7,33.268388,c3ddcac0-827d-48dc-9223-4b219d874fa5::eave-chain::1:5,0.996932,0,0.987091,0.994326,strong,keep,False,"[""c3ddcac0-827d-48dc-9223-4b219d874fa5::eave-chain::1:1"", ""c3ddcac0-827d-48dc-9223-4b219d874fa5::eave-chain::1:10"", ""c3ddcac0-827d-48dc-9223-4b219d874fa5::eave-chain::1:12"", ""c3ddcac0-827d-48dc-9223-4b219d874fa5::eave-chain::1:3"", ""c3ddcac0-827d-48dc-9223-4b219d874fa5::eave-chain::1:5"", ""c3ddcac0-827d-48dc-9223-4b219d874fa5::eave-chain::1:7"", ""c3ddcac0-827d-48dc-9223-4b219d874fa5::eave-chain::1:8""]",33.268388,0.104117,1.961528,"[""building-part:2f538feb173135297987"", ""building-part:a36325deb7ac962c06c3"", ""building-part:a7d3971468e2d539230f""]","[""building-part:2f538feb173135297987"", ""building-part:a36325deb7ac962c06c3"", ""building-part:a7d3971468e2d539230f""]","[""building-part:a7d3971468e2d539230f""]",False,True,False
c72ad855-9e52-46f1-886d-a9f37911521f,1,candidate_oblique,0,c72ad855-9e52-46f1-886d-a9f37911521f::ceiling-oblique::ceiling-oblique:0,15.353059,173.848027,48.848022,4,0.861549,0.753571,0.999884,0.559144,0.736551,6.086677,11.605267,1,11.605267,c72ad855-9e52-46f1-886d-a9f37911521f::eave-chain::1:2,0.993415,0,0.898323,0.895311,strong,keep,False,"[""c72ad855-9e52-46f1-886d-a9f37911521f::eave-chain::1:2""]",11.605267,0.217083,0.003186,"[""building-part:2579801fe75f0992fb65""]","[""building-part:2579801fe75f0992fb65""]","[""building-part:2579801fe75f0992fb65""]",True,True,True
c72ad855-9e52-46f1-886d-a9f37911521f,1,candidate_oblique,1,c72ad855-9e52-46f1-886d-a9f37911521f::ceiling-oblique::ceiling-oblique:1,15.442397,353.84803,49.6732,2,0.89781,0.757143,0.999936,0.506289,0.379115,6.702425,3.351099,1,3.351099,c72ad855-9e52-46f1-886d-a9f37911521f::eave-chain::1:3,0.984098,0,0.906673,0.91054,strong,keep,False,"[""c72ad855-9e52-46f1-886d-a9f37911521f::eave-chain::1:3""]",3.351099,0.146544,0.047976,"[""building-part:2579801fe75f0992fb65""]","[""building-part:2579801fe75f0992fb65""]","[""building-part:2579801fe75f0992fb65""]",True,True,True
c72ad855-9e52-46f1-886d-a9f37911521f,1,committed_oblique,0,c72ad855-9e52-46f1-886d-a9f37911521f::roof-oblique::oblique:0,32.700513,173.847327,48.848477,5,0.49166,0.802857,0.999851,0.658878,0.924596,6.086677,17.999486,2,17.999486,c72ad855-9e52-46f1-886d-a9f37911521f::eave-chain::1:2,0.993401,0,0.839115,0.757206,strong,keep,False,"[""c72ad855-9e52-46f1-886d-a9f37911521f::eave-chain::1:1"", ""c72ad855-9e52-46f1-886d-a9f37911521f::eave-chain::1:2""]",17.999486,0.147332,0.380481,"[""building-part:2579801fe75f0992fb65""]","[""building-part:2579801fe75f0992fb65""]","[""building-part:2579801fe75f0992fb65""]",True,True,True
c72ad855-9e52-46f1-886d-a9f37911521f,1,committed_oblique,1,c72ad855-9e52-46f1-886d-a9f37911521f::roof-oblique::oblique:1,35.352726,353.847448,49.669074,3,0.484017,0.838095,0.999877,0.758969,0.686492,6.702425,6.394219,2,9.745318,c72ad855-9e52-46f1-886d-a9f37911521f::eave-chain::1:3,0.984112,0,0.84817,0.761201,strong,keep,False,"[""c72ad855-9e52-46f1-886d-a9f37911521f::eave-chain::1:1"", ""c72ad855-9e52-46f1-886d-a9f37911521f::eave-chain::1:3""]",9.745318,0.112061,0.839196,"[""building-part:2579801fe75f0992fb65""]","[""building-part:2579801fe75f0992fb65""]","[""building-part:2579801fe75f0992fb65""]",True,True,True
c72ad855-9e52-46f1-886d-a9f37911521f,1,ridge_eave_plane_group,0,c72ad855-9e52-46f1-886d-a9f37911521f::ridge-eave-candidate::plane-group::e344d962c7f3,71.910521,173.848026,48.848392,7,0.461808,0.789796,0.658054,6.151974,0.924681,12.789103,0.0,3,21.350585,c72ad855-9e52-46f1-886d-a9f37911521f::eave-chain::1:2,0.993303,0,0.658327,0.674293,medium,keep,False,"[""c72ad855-9e52-46f1-886d-a9f37911521f::eave-chain::1:1"", ""c72ad855-9e52-46f1-886d-a9f37911521f::eave-chain::1:2"", ""c72ad855-9e52-46f1-886d-a9f37911521f::eave-chain::1:3""]",21.350585,0.146547,0.750889,"[""building-part:2579801fe75f0992fb65""]","[""building-part:2579801fe75f0992fb65""]","[""building-part:2579801fe75f0992fb65""]",True,True,True
c72ad855-9e52-46f1-886d-a9f37911521f,1,ridge_eave_plane_group,1,c72ad855-9e52-46f1-886d-a9f37911521f::ridge-eave-candidate::plane-group::a431d0e1ad6e,71.910521,353.84803,49.673206,7,0.461808,0.789796,0.647146,173.84803,0.682361,12.789103,0.0,3,21.350585,c72ad855-9e52-46f1-886d-a9f37911521f::eave-chain::1:3,0.984049,0,0.652874,0.672112,medium,keep,False,"[""c72ad855-9e52-46f1-886d-a9f37911521f::eave-chain::1:1"", ""c72ad855-9e52-46f1-886d-a9f37911521f::eave-chain::1:2"", ""c72ad855-9e52-46f1-886d-a9f37911521f::eave-chain::1:3""]",21.350585,0.146544,1.631184,"[""building-part:2579801fe75f0992fb65""]","[""building-part:2579801fe75f0992fb65""]","[""building-part:2579801fe75f0992fb65""]",True,True,True
c7898e89-b45b-47f3-96b7-8c1fa96ef9fd,1,candidate_oblique,0,c7898e89-b45b-47f3-96b7-8c1fa96ef9fd::ceiling-oblique::ceiling-oblique:0,3.939363,247.05001,34.423624,1,0.032887,0.257143,0.701726,90.000942,2.712238,0.0,2.803752,0,0.0,c7898e89-b45b-47f3-96b7-8c1fa96ef9fd::eave-chain::1:1,0.565171,0,0.434584,0.345116,weak,drop_candidate,False,[],0.0,,,"[""building-part:a39e8c4d264e60815ee2""]","[""building-part:a39e8c4d264e60815ee2""]","[""building-part:a39e8c4d264e60815ee2""]",False,True,True
c7898e89-b45b-47f3-96b7-8c1fa96ef9fd,1,candidate_oblique,1,c7898e89-b45b-47f3-96b7-8c1fa96ef9fd::ceiling-oblique::ceiling-oblique:1,4.040803,67.05001,34.466246,2,0.384559,0.257143,0.844948,51.132276,1.915761,0.0,2.803752,1,2.803752,c7898e89-b45b-47f3-96b7-8c1fa96ef9fd::eave-chain::1:1,0.618748,0,0.576529,0.514429,medium,maybe,False,"[""c7898e89-b45b-47f3-96b7-8c1fa96ef9fd::eave-chain::1:1""]",2.803752,12.263184,0.207607,"[""building-part:a39e8c4d264e60815ee2""]","[""building-part:a39e8c4d264e60815ee2""]","[""building-part:a39e8c4d264e60815ee2""]",False,True,True
c7898e89-b45b-47f3-96b7-8c1fa96ef9fd,1,committed_oblique,0,c7898e89-b45b-47f3-96b7-8c1fa96ef9fd::roof-oblique::oblique:0,19.271845,247.047438,34.419568,3,0.262939,0.257143,0.701774,89.999962,5.73812,0.0,2.803752,0,0.0,c7898e89-b45b-47f3-96b7-8c1fa96ef9fd::eave-chain::1:1,0.560902,0,0.480618,0.437146,weak,drop_candidate,False,[],0.0,,,"[""building-part:a39e8c4d264e60815ee2""]","[""building-part:a39e8c4d264e60815ee2""]","[""building-part:a39e8c4d264e60815ee2""]",False,True,True
c7898e89-b45b-47f3-96b7-8c1fa96ef9fd,1,committed_oblique,1,c7898e89-b45b-47f3-96b7-8c1fa96ef9fd::roof-oblique::oblique:1,25.627236,67.046397,34.469228,2,0.060636,0.257143,0.844929,51.132276,1.915761,0.0,2.803752,1,2.803752,c7898e89-b45b-47f3-96b7-8c1fa96ef9fd::eave-chain::1:1,0.620081,0,0.511734,0.384856,weak,drop_candidate,False,"[""c7898e89-b45b-47f3-96b7-8c1fa96ef9fd::eave-chain::1:1""]",2.803752,12.263184,0.207696,"[""building-part:a39e8c4d264e60815ee2""]","[""building-part:a39e8c4d264e60815ee2""]","[""building-part:a39e8c4d264e60815ee2""]",False,True,True
c7898e89-b45b-47f3-96b7-8c1fa96ef9fd,1,ridge_eave_plane_group,0,c7898e89-b45b-47f3-96b7-8c1fa96ef9fd::ridge-eave-candidate::plane-group::c379bd85726c,47.260356,337.050015,45.984954,5,0.140101,0.257143,0.213093,179.99746,13.811381,3.338733,0.0,1,3.968104,c7898e89-b45b-47f3-96b7-8c1fa96ef9fd::eave-chain::1:0,0.999982,0,0.211709,0.317024,weak,drop_candidate,False,"[""c7898e89-b45b-47f3-96b7-8c1fa96ef9fd::eave-chain::1:0""]",3.968104,0.000314,3.8e-05,"[""building-part:a39e8c4d264e60815ee2""]","[""building-part:a39e8c4d264e60815ee2""]","[""building-part:a39e8c4d264e60815ee2""]",False,True,True
c7898e89-b45b-47f3-96b7-8c1fa96ef9fd,1,ridge_eave_plane_group,1,c7898e89-b45b-47f3-96b7-8c1fa96ef9fd::ridge-eave-candidate::plane-group::6b72750d027f,47.260356,157.049976,39.385851,5,0.140101,0.257143,0.990924,0.0025,7.674465,3.338733,0.0,1,3.968104,c7898e89-b45b-47f3-96b7-8c1fa96ef9fd::eave-chain::1:0,0.980262,0,0.600625,0.47259,medium,maybe,False,"[""c7898e89-b45b-47f3-96b7-8c1fa96ef9fd::eave-chain::1:0""]",3.968104,0.000275,0.078921,"[""building-part:a39e8c4d264e60815ee2""]","[""building-part:a39e8c4d264e60815ee2""]","[""building-part:a39e8c4d264e60815ee2""]",False,True,True
c7898e89-b45b-47f3-96b7-8c1fa96ef9fd,1,ridge_eave_plane_group,2,c7898e89-b45b-47f3-96b7-8c1fa96ef9fd::ridge-eave-candidate::plane-group::21077e9caffd,47.260356,247.05001,34.423667,5,0.140101,0.257143,0.698218,90.000942,2.712281,0.0,0.0,0,0.0,c7898e89-b45b-47f3-96b7-8c1fa96ef9fd::eave-chain::1:1,0.565671,0,0.454272,0.247113,weak,drop_candidate,False,[],0.0,,,"[""building-part:a39e8c4d264e60815ee2""]","[""building-part:a39e8c4d264e60815ee2""]","[""building-part:a39e8c4d264e60815ee2""]",False,True,True
c7898e89-b45b-47f3-96b7-8c1fa96ef9fd,1,ridge_eave_plane_group,3,c7898e89-b45b-47f3-96b7-8c1fa96ef9fd::ridge-eave-candidate::plane-group::378ec58168bc,47.260356,67.05001,34.466009,5,0.140101,0.257143,0.70138,89.999058,2.754623,0.0,0.0,0,0.0,c7898e89-b45b-47f3-96b7-8c1fa96ef9fd::eave-chain::1:1,0.565671,0,0.455853,0.247745,weak,drop_candidate,False,[],0.0,,,"[""building-part:a39e8c4d264e60815ee2""]","[""building-part:a39e8c4d264e60815ee2""]","[""building-part:a39e8c4d264e60815ee2""]",False,True,True
c87c1e25-ff00-44ec-b823-b0966c81af70,1,candidate_oblique,0,c87c1e25-ff00-44ec-b823-b0966c81af70::ceiling-oblique::ceiling-oblique:0,13.950096,45.822628,46.842282,2,0.513496,0.68125,0.84197,67.154702,23.753674,0.0,12.386866,7,33.570723,c87c1e25-ff00-44ec-b823-b0966c81af70::eave-chain::1:6,0.994035,0,0.728059,0.710042,medium,keep,False,"[""c87c1e25-ff00-44ec-b823-b0966c81af70::eave-chain::1:0"", ""c87c1e25-ff00-44ec-b823-b0966c81af70::eave-chain::1:2"", ""c87c1e25-ff00-44ec-b823-b0966c81af70::eave-chain::1:4"", ""c87c1e25-ff00-44ec-b823-b0966c81af70::eave-chain::1:5"", ""c87c1e25-ff00-44ec-b823-b0966c81af70::eave-chain::1:6"", ""c87c1e25-ff00-44ec-b823-b0966c81af70::eave-chain::1:7"", ""c87c1e25-ff00-44ec-b823-b0966c81af70::eave-chain::1:9""]",33.570723,0.253045,2.066728,"[""building-part:8e23f75d86afaa45fb74""]","[""building-part:8e23f75d86afaa45fb74""]","[""building-part:8e23f75d86afaa45fb74""]",False,True,True
c87c1e25-ff00-44ec-b823-b0966c81af70,1,candidate_oblique,1,c87c1e25-ff00-44ec-b823-b0966c81af70::ceiling-oblique::ceiling-oblique:1,3.683674,225.641527,45.567929,1,0.993105,0.5625,0.999998,0.142286,0.057732,0.0,5.818658,7,33.570723,c87c1e25-ff00-44ec-b823-b0966c81af70::eave-chain::1:5,0.997755,0,0.86737,0.909742,strong,keep,False,"[""c87c1e25-ff00-44ec-b823-b0966c81af70::eave-chain::1:0"", ""c87c1e25-ff00-44ec-b823-b0966c81af70::eave-chain::1:2"", ""c87c1e25-ff00-44ec-b823-b0966c81af70::eave-chain::1:4"", ""c87c1e25-ff00-44ec-b823-b0966c81af70::eave-chain::1:5"", ""c87c1e25-ff00-44ec-b823-b0966c81af70::eave-chain::1:6"", ""c87c1e25-ff00-44ec-b823-b0966c81af70::eave-chain::1:7"", ""c87c1e25-ff00-44ec-b823-b0966c81af70::eave-chain::1:9""]",33.570723,0.212624,1.986018,"[""building-part:8e23f75d86afaa45fb74""]","[""building-part:8e23f75d86afaa45fb74""]","[""building-part:8e23f75d86afaa45fb74""]",False,True,True
c87c1e25-ff00-44ec-b823-b0966c81af70,1,committed_oblique,0,c87c1e25-ff00-44ec-b823-b0966c81af70::roof-oblique::oblique:0,19.558189,45.826117,46.839258,4,0.521124,0.715625,0.684047,90.0,46.839258,0.0,11.397126,7,33.570723,c87c1e25-ff00-44ec-b823-b0966c81af70::eave-chain::1:6,0.987395,0,0.660936,0.688384,medium,keep,False,"[""c87c1e25-ff00-44ec-b823-b0966c81af70::eave-chain::1:0"", ""c87c1e25-ff00-44ec-b823-b0966c81af70::eave-chain::1:2"", ""c87c1e25-ff00-44ec-b823-b0966c81af70::eave-chain::1:4"", ""c87c1e25-ff00-44ec-b823-b0966c81af70::eave-chain::1:5"", ""c87c1e25-ff00-44ec-b823-b0966c81af70::eave-chain::1:6"", ""c87c1e25-ff00-44ec-b823-b0966c81af70::eave-chain::1:7"", ""c87c1e25-ff00-44ec-b823-b0966c81af70::eave-chain::1:9""]",33.570723,0.253045,2.066519,"[""building-part:8e23f75d86afaa45fb74"", ""building-part:fe919135a80d6ccae847""]","[""building-part:8e23f75d86afaa45fb74"", ""building-part:fe919135a80d6ccae847""]","[""building-part:8e23f75d86afaa45fb74""]",False,True,True
c87c1e25-ff00-44ec-b823-b0966c81af70,1,committed_oblique,1,c87c1e25-ff00-44ec-b823-b0966c81af70::roof-oblique::oblique:1,18.322712,225.643138,45.564522,4,0.791551,0.703125,0.700106,45.643138,45.564522,0.0,15.82904,7,33.570723,c87c1e25-ff00-44ec-b823-b0966c81af70::eave-chain::1:5,0.997714,0,0.719301,0.797267,medium,keep,False,"[""c87c1e25-ff00-44ec-b823-b0966c81af70::eave-chain::1:0"", ""c87c1e25-ff00-44ec-b823-b0966c81af70::eave-chain::1:2"", ""c87c1e25-ff00-44ec-b823-b0966c81af70::eave-chain::1:4"", ""c87c1e25-ff00-44ec-b823-b0966c81af70::eave-chain::1:5"", ""c87c1e25-ff00-44ec-b823-b0966c81af70::eave-chain::1:6"", ""c87c1e25-ff00-44ec-b823-b0966c81af70::eave-chain::1:7"", ""c87c1e25-ff00-44ec-b823-b0966c81af70::eave-chain::1:9""]",33.570723,0.212624,1.985733,"[""building-part:8e23f75d86afaa45fb74""]","[""building-part:8e23f75d86afaa45fb74""]","[""building-part:8e23f75d86afaa45fb74""]",False,True,True
c87c1e25-ff00-44ec-b823-b0966c81af70,0,ridge_eave_plane_group,0,c87c1e25-ff00-44ec-b823-b0966c81af70::ridge-eave-candidate::plane-group::c215c09cf929,42.894469,136.134256,42.98282,6,0.294414,0.946809,0.731558,90.0,42.98282,0.0,11.922693,6,20.039934,c87c1e25-ff00-44ec-b823-b0966c81af70::eave-chain::0:5,0.899982,0,0.708704,0.653439,medium,keep,False,"[""c87c1e25-ff00-44ec-b823-b0966c81af70::eave-chain::0:1"", ""c87c1e25-ff00-44ec-b823-b0966c81af70::eave-chain::0:10"", ""c87c1e25-ff00-44ec-b823-b0966c81af70::eave-chain::0:12"", ""c87c1e25-ff00-44ec-b823-b0966c81af70::eave-chain::0:3"", ""c87c1e25-ff00-44ec-b823-b0966c81af70::eave-chain::0:5"", ""c87c1e25-ff00-44ec-b823-b0966c81af70::eave-chain::0:8""]",20.039934,0.056781,1.77039,"[""building-part:bfda9dc869be51923d26""]","[""building-part:bfda9dc869be51923d26""]","[""building-part:5fa35e2d90ad183b88ad"", ""building-part:bfda9dc869be51923d26""]",False,True,True
c87c1e25-ff00-44ec-b823-b0966c81af70,0,ridge_eave_plane_group,1,c87c1e25-ff00-44ec-b823-b0966c81af70::ridge-eave-candidate::plane-group::1bc8ebae0d30,20.552234,136.134256,42.98282,4,0.618886,0.903061,0.731558,43.865744,42.98282,0.0,10.667627,5,18.043942,c87c1e25-ff00-44ec-b823-b0966c81af70::eave-chain::0:12,0.983667,0,0.760475,0.774478,strong,keep,False,"[""c87c1e25-ff00-44ec-b823-b0966c81af70::eave-chain::0:10"", ""c87c1e25-ff00-44ec-b823-b0966c81af70::eave-chain::0:12"", ""c87c1e25-ff00-44ec-b823-b0966c81af70::eave-chain::0:3"", ""c87c1e25-ff00-44ec-b823-b0966c81af70::eave-chain::0:5"", ""c87c1e25-ff00-44ec-b823-b0966c81af70::eave-chain::0:8""]",18.043942,0.107007,1.325444,"[""building-part:bfda9dc869be51923d26""]","[""building-part:bfda9dc869be51923d26""]","[""building-part:5fa35e2d90ad183b88ad"", ""building-part:bfda9dc869be51923d26""]",False,True,True
c87c1e25-ff00-44ec-b823-b0966c81af70,0,ridge_eave_plane_group,2,c87c1e25-ff00-44ec-b823-b0966c81af70::ridge-eave-candidate::plane-group::43aa23800ceb,42.894454,316.134201,39.180559,6,0.294413,0.946809,0.775159,90.0,39.180559,0.0,11.922693,6,20.039934,c87c1e25-ff00-44ec-b823-b0966c81af70::eave-chain::0:5,0.899983,0,0.730505,0.662159,medium,keep,False,"[""c87c1e25-ff00-44ec-b823-b0966c81af70::eave-chain::0:1"", ""c87c1e25-ff00-44ec-b823-b0966c81af70::eave-chain::0:10"", ""c87c1e25-ff00-44ec-b823-b0966c81af70::eave-chain::0:12"", ""c87c1e25-ff00-44ec-b823-b0966c81af70::eave-chain::0:3"", ""c87c1e25-ff00-44ec-b823-b0966c81af70::eave-chain::0:5"", ""c87c1e25-ff00-44ec-b823-b0966c81af70::eave-chain::0:8""]",20.039934,0.056836,1.509791,"[""building-part:bfda9dc869be51923d26""]","[""building-part:bfda9dc869be51923d26""]","[""building-part:5fa35e2d90ad183b88ad"", ""building-part:bfda9dc869be51923d26""]",False,True,True
c87c1e25-ff00-44ec-b823-b0966c81af70,0,ridge_eave_plane_group,3,c87c1e25-ff00-44ec-b823-b0966c81af70::ridge-eave-candidate::plane-group::59337b961417,42.894426,45.823698,46.840599,6,0.294414,0.946809,0.68403,127.877552,46.840599,0.0,0.899145,7,12.215941,c87c1e25-ff00-44ec-b823-b0966c81af70::eave-chain::0:4,0.891753,0,0.68494,0.48889,medium,maybe,False,"[""c87c1e25-ff00-44ec-b823-b0966c81af70::eave-chain::0:0"", ""c87c1e25-ff00-44ec-b823-b0966c81af70::eave-chain::0:11"", ""c87c1e25-ff00-44ec-b823-b0966c81af70::eave-chain::0:13"", ""c87c1e25-ff00-44ec-b823-b0966c81af70::eave-chain::0:4"", ""c87c1e25-ff00-44ec-b823-b0966c81af70::eave-chain::0:6"", ""c87c1e25-ff00-44ec-b823-b0966c81af70::eave-chain::0:7"", ""c87c1e25-ff00-44ec-b823-b0966c81af70::eave-chain::0:9""]",12.215941,0.366651,2.237366,"[""building-part:8e23f75d86afaa45fb74""]","[""building-part:8e23f75d86afaa45fb74""]","[""building-part:5fa35e2d90ad183b88ad"", ""building-part:bfda9dc869be51923d26""]",False,True,True
c87c1e25-ff00-44ec-b823-b0966c81af70,0,ridge_eave_plane_group,4,c87c1e25-ff00-44ec-b823-b0966c81af70::ridge-eave-candidate::plane-group::0380d9841e28,42.894441,225.641527,45.567929,6,0.294414,0.946809,0.700063,52.122448,45.567929,0.0,0.899145,7,12.215941,c87c1e25-ff00-44ec-b823-b0966c81af70::eave-chain::0:4,0.886895,0,0.692957,0.492097,medium,maybe,False,"[""c87c1e25-ff00-44ec-b823-b0966c81af70::eave-chain::0:0"", ""c87c1e25-ff00-44ec-b823-b0966c81af70::eave-chain::0:11"", ""c87c1e25-ff00-44ec-b823-b0966c81af70::eave-chain::0:13"", ""c87c1e25-ff00-44ec-b823-b0966c81af70::eave-chain::0:4"", ""c87c1e25-ff00-44ec-b823-b0966c81af70::eave-chain::0:6"", ""c87c1e25-ff00-44ec-b823-b0966c81af70::eave-chain::0:7"", ""c87c1e25-ff00-44ec-b823-b0966c81af70::eave-chain::0:9""]",12.215941,0.500062,7.049654,"[""building-part:8e23f75d86afaa45fb74""]","[""building-part:8e23f75d86afaa45fb74""]","[""building-part:5fa35e2d90ad183b88ad""]",False,True,True
c9a43a7c-7171-484c-ac98-54f9ba59b6e6,2,candidate_oblique,0,c9a43a7c-7171-484c-ac98-54f9ba59b6e6::ceiling-oblique::ceiling-oblique:0,10.51185,235.900703,44.434073,3,0.984146,0.952381,0.999993,0.146409,0.195501,14.565675,7.28281,1,7.28281,c9a43a7c-7171-484c-ac98-54f9ba59b6e6::eave-chain::2:2,0.991512,0,0.98254,0.984133,strong,keep,False,"[""c9a43a7c-7171-484c-ac98-54f9ba59b6e6::eave-chain::2:2""]",7.28281,0.288182,0.003211,"[""building-part:0eb9f715befcd7e00ca6"", ""building-part:2205725ee4d916c06f4f"", ""building-part:831f32ce1ef3fa3d8596""]","[""building-part:0eb9f715befcd7e00ca6"", ""building-part:2205725ee4d916c06f4f"", ""building-part:831f32ce1ef3fa3d8596""]","[""building-part:0eb9f715befcd7e00ca6"", ""building-part:2205725ee4d916c06f4f"", ""building-part:831f32ce1ef3fa3d8596""]",True,True,True
c9a43a7c-7171-484c-ac98-54f9ba59b6e6,2,candidate_oblique,1,c9a43a7c-7171-484c-ac98-54f9ba59b6e6::ceiling-oblique::ceiling-oblique:1,18.428808,55.9007,43.312509,7,0.810582,0.989796,0.727623,55.9007,43.312509,17.866607,9.770183,3,9.770183,c9a43a7c-7171-484c-ac98-54f9ba59b6e6::eave-chain::2:9,0.993993,0,0.822867,0.867717,strong,keep,False,"[""c9a43a7c-7171-484c-ac98-54f9ba59b6e6::eave-chain::2:3"", ""c9a43a7c-7171-484c-ac98-54f9ba59b6e6::eave-chain::2:4"", ""c9a43a7c-7171-484c-ac98-54f9ba59b6e6::eave-chain::2:9""]",9.770183,0.104494,0.020339,"[""building-part:0eb9f715befcd7e00ca6"", ""building-part:2205725ee4d916c06f4f"", ""building-part:831f32ce1ef3fa3d8596""]","[""building-part:0eb9f715befcd7e00ca6"", ""building-part:2205725ee4d916c06f4f"", ""building-part:831f32ce1ef3fa3d8596""]","[""building-part:0eb9f715befcd7e00ca6"", ""building-part:2205725ee4d916c06f4f"", ""building-part:831f32ce1ef3fa3d8596""]",True,True,True
c9a43a7c-7171-484c-ac98-54f9ba59b6e6,2,committed_oblique,0,c9a43a7c-7171-484c-ac98-54f9ba59b6e6::roof-oblique::oblique:0,31.504384,235.901149,44.436368,5,0.823974,0.971429,0.714028,55.901149,44.436368,14.565675,17.264118,3,17.264118,c9a43a7c-7171-484c-ac98-54f9ba59b6e6::eave-chain::2:2,0.991523,0,0.813238,0.866681,strong,keep,False,"[""c9a43a7c-7171-484c-ac98-54f9ba59b6e6::eave-chain::2:0"", ""c9a43a7c-7171-484c-ac98-54f9ba59b6e6::eave-chain::2:2"", ""c9a43a7c-7171-484c-ac98-54f9ba59b6e6::eave-chain::2:8""]",17.264118,0.015166,0.262694,"[""building-part:0eb9f715befcd7e00ca6"", ""building-part:2205725ee4d916c06f4f"", ""building-part:831f32ce1ef3fa3d8596""]","[""building-part:0eb9f715befcd7e00ca6"", ""building-part:2205725ee4d916c06f4f"", ""building-part:831f32ce1ef3fa3d8596""]","[""building-part:0eb9f715befcd7e00ca6"", ""building-part:2205725ee4d916c06f4f"", ""building-part:831f32ce1ef3fa3d8596""]",True,True,True
c9a43a7c-7171-484c-ac98-54f9ba59b6e6,2,committed_oblique,1,c9a43a7c-7171-484c-ac98-54f9ba59b6e6::roof-oblique::oblique:1,36.827734,55.899919,43.314034,8,0.7382,0.991071,0.727605,55.899919,43.314034,17.866607,12.534387,4,16.142935,c9a43a7c-7171-484c-ac98-54f9ba59b6e6::eave-chain::2:9,0.993836,0,0.808764,0.839015,strong,keep,False,"[""c9a43a7c-7171-484c-ac98-54f9ba59b6e6::eave-chain::2:0"", ""c9a43a7c-7171-484c-ac98-54f9ba59b6e6::eave-chain::2:3"", ""c9a43a7c-7171-484c-ac98-54f9ba59b6e6::eave-chain::2:4"", ""c9a43a7c-7171-484c-ac98-54f9ba59b6e6::eave-chain::2:9""]",16.142935,0.059832,0.640446,"[""building-part:0eb9f715befcd7e00ca6"", ""building-part:2205725ee4d916c06f4f"", ""building-part:831f32ce1ef3fa3d8596""]","[""building-part:0eb9f715befcd7e00ca6"", ""building-part:2205725ee4d916c06f4f"", ""building-part:831f32ce1ef3fa3d8596""]","[""building-part:0eb9f715befcd7e00ca6"", ""building-part:2205725ee4d916c06f4f"", ""building-part:831f32ce1ef3fa3d8596""]",True,True,True
c9a43a7c-7171-484c-ac98-54f9ba59b6e6,2,ridge_eave_plane_group,0,c9a43a7c-7171-484c-ac98-54f9ba59b6e6::ridge-eave-candidate::plane-group::8d6df67cf0c9,99.87205,235.900703,44.434073,10,0.532232,0.985714,0.714056,124.099297,22.314787,32.432282,0.0,4,22.588494,c9a43a7c-7171-484c-ac98-54f9ba59b6e6::eave-chain::2:2,0.978426,0,0.759189,0.752847,strong,keep,False,"[""c9a43a7c-7171-484c-ac98-54f9ba59b6e6::eave-chain::2:0"", ""c9a43a7c-7171-484c-ac98-54f9ba59b6e6::eave-chain::2:2"", ""c9a43a7c-7171-484c-ac98-54f9ba59b6e6::eave-chain::2:3"", ""c9a43a7c-7171-484c-ac98-54f9ba59b6e6::eave-chain::2:8""]",22.588494,0.105677,0.843383,"[""building-part:0eb9f715befcd7e00ca6"", ""building-part:2205725ee4d916c06f4f"", ""building-part:831f32ce1ef3fa3d8596""]","[""building-part:0eb9f715befcd7e00ca6"", ""building-part:2205725ee4d916c06f4f"", ""building-part:831f32ce1ef3fa3d8596""]","[""building-part:0eb9f715befcd7e00ca6"", ""building-part:2205725ee4d916c06f4f"", ""building-part:831f32ce1ef3fa3d8596""]",True,True,True
c9a43a7c-7171-484c-ac98-54f9ba59b6e6,2,ridge_eave_plane_group,1,c9a43a7c-7171-484c-ac98-54f9ba59b6e6::ridge-eave-candidate::plane-group::b41ceafbbb82,99.87205,55.9007,43.314273,10,0.532232,0.985714,0.727602,55.9007,22.288404,32.432282,0.0,4,22.588494,c9a43a7c-7171-484c-ac98-54f9ba59b6e6::eave-chain::2:3,0.988209,0,0.765962,0.755556,strong,keep,False,"[""c9a43a7c-7171-484c-ac98-54f9ba59b6e6::eave-chain::2:0"", ""c9a43a7c-7171-484c-ac98-54f9ba59b6e6::eave-chain::2:2"", ""c9a43a7c-7171-484c-ac98-54f9ba59b6e6::eave-chain::2:3"", ""c9a43a7c-7171-484c-ac98-54f9ba59b6e6::eave-chain::2:8""]",22.588494,0.10568,2.066312,"[""building-part:0eb9f715befcd7e00ca6"", ""building-part:2205725ee4d916c06f4f"", ""building-part:831f32ce1ef3fa3d8596""]","[""building-part:0eb9f715befcd7e00ca6"", ""building-part:2205725ee4d916c06f4f"", ""building-part:831f32ce1ef3fa3d8596""]","[""building-part:0eb9f715befcd7e00ca6"", ""building-part:2205725ee4d916c06f4f"", ""building-part:831f32ce1ef3fa3d8596""]",True,True,True
cb711a0b-6e8d-4ae6-b008-af3297446dcc,0,candidate_oblique,0,cb711a0b-6e8d-4ae6-b008-af3297446dcc::ceiling-oblique::ceiling-oblique:0,29.654725,314.420913,44.459722,6,0.604401,0.809524,0.855915,25.296729,1.22402,7.038892,4.741899,5,17.399739,cb711a0b-6e8d-4ae6-b008-af3297446dcc::eave-chain::0:10,0.948231,0,0.791695,0.774848,strong,keep,False,"[""cb711a0b-6e8d-4ae6-b008-af3297446dcc::eave-chain::0:0"", ""cb711a0b-6e8d-4ae6-b008-af3297446dcc::eave-chain::0:10"", ""cb711a0b-6e8d-4ae6-b008-af3297446dcc::eave-chain::0:11"", ""cb711a0b-6e8d-4ae6-b008-af3297446dcc::eave-chain::0:12"", ""cb711a0b-6e8d-4ae6-b008-af3297446dcc::eave-chain::0:15""]",17.399739,1.905835,0.887763,"[""building-part:43f34f3f8f8d865a9794""]","[""building-part:43f34f3f8f8d865a9794""]","[""building-part:43f34f3f8f8d865a9794""]",True,True,True
cb711a0b-6e8d-4ae6-b008-af3297446dcc,1,candidate_oblique,1,cb711a0b-6e8d-4ae6-b008-af3297446dcc::ceiling-oblique::ceiling-oblique:1,6.695824,325.382784,44.240237,1,0.429859,0.48,1.0,0.001817,0.034444,0.0,1.186133,1,1.186133,cb711a0b-6e8d-4ae6-b008-af3297446dcc::eave-chain::1:2,0.997405,0,0.729972,0.52725,medium,maybe,False,"[""cb711a0b-6e8d-4ae6-b008-af3297446dcc::eave-chain::1:2""]",1.186133,0.004005,0.009951,"[""building-part:3777a17254f8cc0b4fad"", ""building-part:80ef6ee3803a0ab7bc79""]","[""building-part:3777a17254f8cc0b4fad"", ""building-part:80ef6ee3803a0ab7bc79""]","[""building-part:3777a17254f8cc0b4fad"", ""building-part:80ef6ee3803a0ab7bc79""]",False,True,False
cb711a0b-6e8d-4ae6-b008-af3297446dcc,1,candidate_oblique,2,cb711a0b-6e8d-4ae6-b008-af3297446dcc::ceiling-oblique::ceiling-oblique:2,6.211351,143.71915,45.304808,2,0.843554,1.0,0.850839,19.938142,23.724475,8.445255,0.0,0,0.0,cb711a0b-6e8d-4ae6-b008-af3297446dcc::eave-chain::1:0,0.399984,0,0.89413,0.907589,strong,keep,False,[],0.0,,,"[""building-part:354547edb194f954f7e3""]","[""building-part:354547edb194f954f7e3""]","[""building-part:354547edb194f954f7e3""]",False,True,False
cb711a0b-6e8d-4ae6-b008-af3297446dcc,1,candidate_oblique,3,cb711a0b-6e8d-4ae6-b008-af3297446dcc::ceiling-oblique::ceiling-oblique:3,9.186672,55.027511,44.820297,1,0.821612,0.225,0.999603,0.245034,1.605076,0.0,10.356308,3,11.43998,cb711a0b-6e8d-4ae6-b008-af3297446dcc::eave-chain::1:5,0.990787,0,0.731624,0.773565,medium,keep,False,"[""cb711a0b-6e8d-4ae6-b008-af3297446dcc::eave-chain::1:3"", ""cb711a0b-6e8d-4ae6-b008-af3297446dcc::eave-chain::1:4"", ""cb711a0b-6e8d-4ae6-b008-af3297446dcc::eave-chain::1:5""]",11.43998,0.450461,0.115738,"[""building-part:3777a17254f8cc0b4fad"", ""building-part:80ef6ee3803a0ab7bc79""]","[""building-part:3777a17254f8cc0b4fad"", ""building-part:80ef6ee3803a0ab7bc79""]","[""building-part:3777a17254f8cc0b4fad"", ""building-part:80ef6ee3803a0ab7bc79""]",False,True,False
cb711a0b-6e8d-4ae6-b008-af3297446dcc,1,candidate_oblique,4,cb711a0b-6e8d-4ae6-b008-af3297446dcc::ceiling-oblique::ceiling-oblique:4,8.699472,235.027507,45.35824,1,0.083481,0.225,0.998142,1.524382,3.330881,0.0,6.262076,3,11.43998,cb711a0b-6e8d-4ae6-b008-af3297446dcc::eave-chain::1:4,0.953263,0,0.583267,0.478021,medium,maybe,False,"[""cb711a0b-6e8d-4ae6-b008-af3297446dcc::eave-chain::1:3"", ""cb711a0b-6e8d-4ae6-b008-af3297446dcc::eave-chain::1:4"", ""cb711a0b-6e8d-4ae6-b008-af3297446dcc::eave-chain::1:5""]",11.43998,0.450464,0.13309,"[""building-part:3777a17254f8cc0b4fad"", ""building-part:80ef6ee3803a0ab7bc79""]","[""building-part:3777a17254f8cc0b4fad"", ""building-part:80ef6ee3803a0ab7bc79""]","[""building-part:3777a17254f8cc0b4fad"", ""building-part:80ef6ee3803a0ab7bc79""]",False,True,False
cb711a0b-6e8d-4ae6-b008-af3297446dcc,0,committed_oblique,0,cb711a0b-6e8d-4ae6-b008-af3297446dcc::roof-oblique::oblique:0,29.34565,314.419223,44.46203,6,0.641021,0.809524,0.855902,25.296729,1.22402,7.038892,10.287361,5,17.399739,cb711a0b-6e8d-4ae6-b008-af3297446dcc::eave-chain::0:10,0.948362,0,0.799012,0.789493,strong,keep,False,"[""cb711a0b-6e8d-4ae6-b008-af3297446dcc::eave-chain::0:0"", ""cb711a0b-6e8d-4ae6-b008-af3297446dcc::eave-chain::0:10"", ""cb711a0b-6e8d-4ae6-b008-af3297446dcc::eave-chain::0:11"", ""cb711a0b-6e8d-4ae6-b008-af3297446dcc::eave-chain::0:12"", ""cb711a0b-6e8d-4ae6-b008-af3297446dcc::eave-chain::0:15""]",17.399739,1.905835,0.88794,"[""building-part:43f34f3f8f8d865a9794""]","[""building-part:43f34f3f8f8d865a9794""]","[""building-part:43f34f3f8f8d865a9794""]",True,True,True
cb711a0b-6e8d-4ae6-b008-af3297446dcc,1,committed_oblique,1,cb711a0b-6e8d-4ae6-b008-af3297446dcc::roof-oblique::oblique:1,7.242595,143.714124,45.309426,2,0.530533,1.0,0.850807,19.943168,23.729093,0.0,0.0,1,3.111944,cb711a0b-6e8d-4ae6-b008-af3297446dcc::eave-chain::1:0,0.653951,0,0.83151,0.582375,strong,maybe,False,"[""cb711a0b-6e8d-4ae6-b008-af3297446dcc::eave-chain::1:0""]",3.111944,0.000603,1.245788,"[""building-part:354547edb194f954f7e3""]","[""building-part:354547edb194f954f7e3""]","[""building-part:354547edb194f954f7e3""]",False,True,False
cb711a0b-6e8d-4ae6-b008-af3297446dcc,1,committed_oblique,2,cb711a0b-6e8d-4ae6-b008-af3297446dcc::roof-oblique::oblique:2,12.145913,55.02673,44.816841,3,0.599928,0.826667,0.510947,92.287854,1.656177,0.0,0.0,0,0.0,cb711a0b-6e8d-4ae6-b008-af3297446dcc::eave-chain::1:5,0.679413,0,0.623459,0.507494,medium,maybe,False,[],0.0,,,"[""building-part:354547edb194f954f7e3""]","[""building-part:354547edb194f954f7e3""]","[""building-part:354547edb194f954f7e3"", ""building-part:3777a17254f8cc0b4fad"", ""building-part:80ef6ee3803a0ab7bc79""]",False,True,False
cb711a0b-6e8d-4ae6-b008-af3297446dcc,1,committed_oblique,3,cb711a0b-6e8d-4ae6-b008-af3297446dcc::roof-oblique::oblique:3,6.539131,235.028948,45.360833,2,0.492373,1.0,0.617292,71.371655,23.780501,0.0,1.241106,3,7.502682,cb711a0b-6e8d-4ae6-b008-af3297446dcc::eave-chain::1:1,0.865095,0,0.707121,0.582463,medium,maybe,False,"[""cb711a0b-6e8d-4ae6-b008-af3297446dcc::eave-chain::1:1"", ""cb711a0b-6e8d-4ae6-b008-af3297446dcc::eave-chain::1:3"", ""cb711a0b-6e8d-4ae6-b008-af3297446dcc::eave-chain::1:5""]",7.502682,1.307405,1.462673,"[""building-part:354547edb194f954f7e3"", ""building-part:3777a17254f8cc0b4fad"", ""building-part:80ef6ee3803a0ab7bc79""]","[""building-part:354547edb194f954f7e3"", ""building-part:3777a17254f8cc0b4fad"", ""building-part:80ef6ee3803a0ab7bc79""]","[""building-part:354547edb194f954f7e3"", ""building-part:3777a17254f8cc0b4fad"", ""building-part:80ef6ee3803a0ab7bc79""]",False,True,False
cb711a0b-6e8d-4ae6-b008-af3297446dcc,0,ridge_eave_plane_group,0,cb711a0b-6e8d-4ae6-b008-af3297446dcc::ridge-eave-candidate::plane-group::7b57fc677475,101.573856,312.597693,44.609796,6,0.301167,0.759816,0.711906,90.0,44.609796,0.0,14.017817,9,33.042238,cb711a0b-6e8d-4ae6-b008-af3297446dcc::eave-chain::0:11,0.909896,1,0.644131,0.564811,medium,maybe,True,"[""cb711a0b-6e8d-4ae6-b008-af3297446dcc::eave-chain::0:0"", ""cb711a0b-6e8d-4ae6-b008-af3297446dcc::eave-chain::0:1"", ""cb711a0b-6e8d-4ae6-b008-af3297446dcc::eave-chain::0:10"", ""cb711a0b-6e8d-4ae6-b008-af3297446dcc::eave-chain::0:11"", ""cb711a0b-6e8d-4ae6-b008-af3297446dcc::eave-chain::0:12"", ""cb711a0b-6e8d-4ae6-b008-af3297446dcc::eave-chain::0:15"", ""cb711a0b-6e8d-4ae6-b008-af3297446dcc::eave-chain::0:3"", ""cb711a0b-6e8d-4ae6-b008-af3297446dcc::eave-chain::0:7"", ""cb711a0b-6e8d-4ae6-b008-af3297446dcc::eave-chain::0:8""]",33.042238,1.63376,2.416441,"[""building-part:43f34f3f8f8d865a9794""]","[""building-part:43f34f3f8f8d865a9794""]","[""building-part:354547edb194f954f7e3"", ""building-part:3777a17254f8cc0b4fad"", ""building-part:43f34f3f8f8d865a9794"", ""building-part:b9ad13f76a81b54d886b""]",True,True,True
cb711a0b-6e8d-4ae6-b008-af3297446dcc,0,ridge_eave_plane_group,1,cb711a0b-6e8d-4ae6-b008-af3297446dcc::ridge-eave-candidate::plane-group::0052bf07ce21,26.900292,312.597693,44.609796,7,0.722096,0.789116,0.711906,47.402307,1.15746,7.038892,17.399739,5,17.399739,cb711a0b-6e8d-4ae6-b008-af3297446dcc::eave-chain::0:11,0.893979,0,0.737107,0.789043,medium,keep,False,"[""cb711a0b-6e8d-4ae6-b008-af3297446dcc::eave-chain::0:0"", ""cb711a0b-6e8d-4ae6-b008-af3297446dcc::eave-chain::0:10"", ""cb711a0b-6e8d-4ae6-b008-af3297446dcc::eave-chain::0:11"", ""cb711a0b-6e8d-4ae6-b008-af3297446dcc::eave-chain::0:12"", ""cb711a0b-6e8d-4ae6-b008-af3297446dcc::eave-chain::0:15""]",17.399739,1.019843,0.907094,"[""building-part:43f34f3f8f8d865a9794""]","[""building-part:43f34f3f8f8d865a9794""]","[""building-part:43f34f3f8f8d865a9794""]",True,False,False
cb711a0b-6e8d-4ae6-b008-af3297446dcc,0,ridge_eave_plane_group,2,cb711a0b-6e8d-4ae6-b008-af3297446dcc::ridge-eave-candidate::plane-group::ea6eaecfcd5f,101.573856,134.079537,43.682832,6,0.301167,0.759816,0.723174,90.0,43.682832,0.0,14.017817,9,33.042238,cb711a0b-6e8d-4ae6-b008-af3297446dcc::eave-chain::0:0,0.933774,1,0.649765,0.567065,medium,maybe,True,"[""cb711a0b-6e8d-4ae6-b008-af3297446dcc::eave-chain::0:0"", ""cb711a0b-6e8d-4ae6-b008-af3297446dcc::eave-chain::0:1"", ""cb711a0b-6e8d-4ae6-b008-af3297446dcc::eave-chain::0:10"", ""cb711a0b-6e8d-4ae6-b008-af3297446dcc::eave-chain::0:11"", ""cb711a0b-6e8d-4ae6-b008-af3297446dcc::eave-chain::0:12"", ""cb711a0b-6e8d-4ae6-b008-af3297446dcc::eave-chain::0:15"", ""cb711a0b-6e8d-4ae6-b008-af3297446dcc::eave-chain::0:3"", ""cb711a0b-6e8d-4ae6-b008-af3297446dcc::eave-chain::0:7"", ""cb711a0b-6e8d-4ae6-b008-af3297446dcc::eave-chain::0:8""]",33.042238,2.498471,0.98277,"[""building-part:43f34f3f8f8d865a9794""]","[""building-part:43f34f3f8f8d865a9794""]","[""building-part:354547edb194f954f7e3"", ""building-part:3777a17254f8cc0b4fad"", ""building-part:43f34f3f8f8d865a9794"", ""building-part:b9ad13f76a81b54d886b""]",True,True,True
cb711a0b-6e8d-4ae6-b008-af3297446dcc,0,ridge_eave_plane_group,3,cb711a0b-6e8d-4ae6-b008-af3297446dcc::ridge-eave-candidate::plane-group::b7e3d637b98c,26.900292,134.079537,43.682832,7,0.722096,0.789116,0.485538,134.079537,1.15913,7.038892,17.399739,5,17.399739,cb711a0b-6e8d-4ae6-b008-af3297446dcc::eave-chain::0:0,0.962417,0,0.623923,0.743769,medium,keep,False,"[""cb711a0b-6e8d-4ae6-b008-af3297446dcc::eave-chain::0:0"", ""cb711a0b-6e8d-4ae6-b008-af3297446dcc::eave-chain::0:10"", ""cb711a0b-6e8d-4ae6-b008-af3297446dcc::eave-chain::0:11"", ""cb711a0b-6e8d-4ae6-b008-af3297446dcc::eave-chain::0:12"", ""cb711a0b-6e8d-4ae6-b008-af3297446dcc::eave-chain::0:15""]",17.399739,1.56446,2.310967,"[""building-part:43f34f3f8f8d865a9794""]","[""building-part:43f34f3f8f8d865a9794""]","[""building-part:43f34f3f8f8d865a9794""]",True,False,False
cb711a0b-6e8d-4ae6-b008-af3297446dcc,0,ridge_eave_plane_group,4,cb711a0b-6e8d-4ae6-b008-af3297446dcc::ridge-eave-candidate::plane-group::8e7828df60ac,101.573856,325.382784,44.066044,6,0.301167,0.759816,0.718539,90.0,44.066044,0.0,14.017817,3,12.155639,cb711a0b-6e8d-4ae6-b008-af3297446dcc::eave-chain::0:3,0.843037,1,0.647448,0.566138,medium,maybe,True,"[""cb711a0b-6e8d-4ae6-b008-af3297446dcc::eave-chain::0:3"", ""cb711a0b-6e8d-4ae6-b008-af3297446dcc::eave-chain::0:7"", ""cb711a0b-6e8d-4ae6-b008-af3297446dcc::eave-chain::0:8""]",12.155639,2.609817,5.138935,"[""building-part:3777a17254f8cc0b4fad"", ""building-part:80ef6ee3803a0ab7bc79""]","[""building-part:3777a17254f8cc0b4fad"", ""building-part:80ef6ee3803a0ab7bc79""]","[""building-part:354547edb194f954f7e3"", ""building-part:3777a17254f8cc0b4fad"", ""building-part:43f34f3f8f8d865a9794"", ""building-part:b9ad13f76a81b54d886b""]",False,True,True
cb711a0b-6e8d-4ae6-b008-af3297446dcc,0,ridge_eave_plane_group,5,cb711a0b-6e8d-4ae6-b008-af3297446dcc::ridge-eave-candidate::plane-group::46dd7c3f09f7,26.900292,325.382784,44.066044,7,0.722096,0.789116,0.718539,34.617216,1.030659,5.570221,17.399739,4,13.90305,cb711a0b-6e8d-4ae6-b008-af3297446dcc::eave-chain::0:10,0.649587,0,0.740423,0.790369,medium,keep,False,"[""cb711a0b-6e8d-4ae6-b008-af3297446dcc::eave-chain::0:0"", ""cb711a0b-6e8d-4ae6-b008-af3297446dcc::eave-chain::0:10"", ""cb711a0b-6e8d-4ae6-b008-af3297446dcc::eave-chain::0:12"", ""cb711a0b-6e8d-4ae6-b008-af3297446dcc::eave-chain::0:15""]",13.90305,12.476526,0.824876,"[""building-part:3777a17254f8cc0b4fad"", ""building-part:80ef6ee3803a0ab7bc79""]","[""building-part:3777a17254f8cc0b4fad"", ""building-part:80ef6ee3803a0ab7bc79""]","[""building-part:43f34f3f8f8d865a9794""]",False,True,False
cb711a0b-6e8d-4ae6-b008-af3297446dcc,0,ridge_eave_plane_group,6,cb711a0b-6e8d-4ae6-b008-af3297446dcc::ridge-eave-candidate::plane-group::b8e8c7311b54,101.573856,143.71915,45.304725,6,0.301167,0.759816,0.703336,90.0,45.304725,0.0,14.017817,3,12.155639,cb711a0b-6e8d-4ae6-b008-af3297446dcc::eave-chain::0:3,0.8874,1,0.639846,0.563097,medium,maybe,True,"[""cb711a0b-6e8d-4ae6-b008-af3297446dcc::eave-chain::0:3"", ""cb711a0b-6e8d-4ae6-b008-af3297446dcc::eave-chain::0:7"", ""cb711a0b-6e8d-4ae6-b008-af3297446dcc::eave-chain::0:8""]",12.155639,0.946183,3.429604,"[""building-part:354547edb194f954f7e3""]","[""building-part:354547edb194f954f7e3""]","[""building-part:354547edb194f954f7e3"", ""building-part:3777a17254f8cc0b4fad"", ""building-part:43f34f3f8f8d865a9794"", ""building-part:b9ad13f76a81b54d886b""]",False,True,True
cb711a0b-6e8d-4ae6-b008-af3297446dcc,0,ridge_eave_plane_group,7,cb711a0b-6e8d-4ae6-b008-af3297446dcc::ridge-eave-candidate::plane-group::ddd8f3c1519e,26.900292,143.71915,45.304725,7,0.722096,0.789116,0.386517,143.71915,1.852388,7.038892,17.399739,4,13.90305,cb711a0b-6e8d-4ae6-b008-af3297446dcc::eave-chain::0:0,0.617702,0,0.574413,0.723965,medium,keep,False,"[""cb711a0b-6e8d-4ae6-b008-af3297446dcc::eave-chain::0:0"", ""cb711a0b-6e8d-4ae6-b008-af3297446dcc::eave-chain::0:10"", ""cb711a0b-6e8d-4ae6-b008-af3297446dcc::eave-chain::0:12"", ""cb711a0b-6e8d-4ae6-b008-af3297446dcc::eave-chain::0:15""]",13.90305,10.812891,7.353442,"[""building-part:354547edb194f954f7e3""]","[""building-part:354547edb194f954f7e3""]","[""building-part:43f34f3f8f8d865a9794""]",False,True,False
cb711a0b-6e8d-4ae6-b008-af3297446dcc,0,ridge_eave_plane_group,8,cb711a0b-6e8d-4ae6-b008-af3297446dcc::ridge-eave-candidate::plane-group::892fabc15ff3,101.573856,55.027288,44.819987,6,0.301167,0.759816,0.709325,90.503294,44.819987,0.0,0.0,3,13.136039,cb711a0b-6e8d-4ae6-b008-af3297446dcc::eave-chain::0:9,0.913427,1,0.642841,0.364295,medium,drop_candidate,True,"[""cb711a0b-6e8d-4ae6-b008-af3297446dcc::eave-chain::0:4"", ""cb711a0b-6e8d-4ae6-b008-af3297446dcc::eave-chain::0:5"", ""cb711a0b-6e8d-4ae6-b008-af3297446dcc::eave-chain::0:9""]",13.136039,2.256658,1.684756,"[""building-part:3777a17254f8cc0b4fad"", ""building-part:80ef6ee3803a0ab7bc79""]","[""building-part:3777a17254f8cc0b4fad"", ""building-part:80ef6ee3803a0ab7bc79""]","[""building-part:354547edb194f954f7e3"", ""building-part:3777a17254f8cc0b4fad"", ""building-part:43f34f3f8f8d865a9794"", ""building-part:b9ad13f76a81b54d886b""]",False,True,True
cb711a0b-6e8d-4ae6-b008-af3297446dcc,0,ridge_eave_plane_group,9,cb711a0b-6e8d-4ae6-b008-af3297446dcc::ridge-eave-candidate::plane-group::abd5ef5ee8c9,26.900292,55.027288,44.819987,7,0.722096,0.789116,0.610403,100.588778,1.36765,0.0,3.972157,0,0.0,cb711a0b-6e8d-4ae6-b008-af3297446dcc::eave-chain::0:17,0.541364,0,0.686356,0.76735,medium,keep,False,[],0.0,,,"[""building-part:3777a17254f8cc0b4fad"", ""building-part:80ef6ee3803a0ab7bc79""]","[""building-part:3777a17254f8cc0b4fad"", ""building-part:80ef6ee3803a0ab7bc79""]","[""building-part:43f34f3f8f8d865a9794""]",False,True,False
cb711a0b-6e8d-4ae6-b008-af3297446dcc,0,ridge_eave_plane_group,10,cb711a0b-6e8d-4ae6-b008-af3297446dcc::ridge-eave-candidate::plane-group::1a75685aec6f,101.573856,235.029307,45.35797,6,0.301167,0.759816,0.702675,89.496706,45.35797,0.0,0.0,3,13.136039,cb711a0b-6e8d-4ae6-b008-af3297446dcc::eave-chain::0:4,0.839769,1,0.639516,0.362965,medium,drop_candidate,True,"[""cb711a0b-6e8d-4ae6-b008-af3297446dcc::eave-chain::0:4"", ""cb711a0b-6e8d-4ae6-b008-af3297446dcc::eave-chain::0:5"", ""cb711a0b-6e8d-4ae6-b008-af3297446dcc::eave-chain::0:9""]",13.136039,2.258677,5.31777,"[""building-part:3777a17254f8cc0b4fad"", ""building-part:80ef6ee3803a0ab7bc79""]","[""building-part:3777a17254f8cc0b4fad"", ""building-part:80ef6ee3803a0ab7bc79""]","[""building-part:354547edb194f954f7e3"", ""building-part:3777a17254f8cc0b4fad"", ""building-part:43f34f3f8f8d865a9794"", ""building-part:b9ad13f76a81b54d886b""]",False,True,True
cb711a0b-6e8d-4ae6-b008-af3297446dcc,0,ridge_eave_plane_group,11,cb711a0b-6e8d-4ae6-b008-af3297446dcc::ridge-eave-candidate::plane-group::180fa8c375af,26.900292,235.029307,45.35797,7,0.722096,0.789116,0.6176,79.409203,1.905633,0.0,3.972157,0,0.0,cb711a0b-6e8d-4ae6-b008-af3297446dcc::eave-chain::0:17,0.54131,0,0.689954,0.768789,medium,keep,False,[],0.0,,,"[""building-part:3777a17254f8cc0b4fad"", ""building-part:80ef6ee3803a0ab7bc79""]","[""building-part:3777a17254f8cc0b4fad"", ""building-part:80ef6ee3803a0ab7bc79""]","[""building-part:43f34f3f8f8d865a9794""]",False,True,False
cf982769-994b-4193-a621-91d46d1a3344,1,candidate_oblique,0,cf982769-994b-4193-a621-91d46d1a3344::ceiling-oblique::ceiling-oblique:0,28.427762,38.119244,43.525735,2,0.905437,0.716667,0.999847,0.878519,0.621568,0.0,7.701784,3,11.622815,cf982769-994b-4193-a621-91d46d1a3344::eave-chain::1:3,0.964021,0,0.896011,0.905478,strong,keep,False,"[""cf982769-994b-4193-a621-91d46d1a3344::eave-chain::1:0"", ""cf982769-994b-4193-a621-91d46d1a3344::eave-chain::1:1"", ""cf982769-994b-4193-a621-91d46d1a3344::eave-chain::1:3""]",11.622815,0.920533,0.211827,"[""building-part:9527dc957c5c0ca098a8""]","[""building-part:9527dc957c5c0ca098a8""]","[""building-part:9527dc957c5c0ca098a8""]",False,True,True
cf982769-994b-4193-a621-91d46d1a3344,1,candidate_oblique,1,cf982769-994b-4193-a621-91d46d1a3344::ceiling-oblique::ceiling-oblique:1,29.667493,218.349272,42.04346,4,0.580179,0.716667,0.988121,12.43934,3.95199,0.0,6.989555,3,11.622815,cf982769-994b-4193-a621-91d46d1a3344::eave-chain::1:1,0.956633,0,0.825096,0.773029,strong,keep,False,"[""cf982769-994b-4193-a621-91d46d1a3344::eave-chain::1:0"", ""cf982769-994b-4193-a621-91d46d1a3344::eave-chain::1:1"", ""cf982769-994b-4193-a621-91d46d1a3344::eave-chain::1:3""]",11.622815,0.690505,0.243822,"[""building-part:9527dc957c5c0ca098a8""]","[""building-part:9527dc957c5c0ca098a8""]","[""building-part:9527dc957c5c0ca098a8""]",False,True,True
cf982769-994b-4193-a621-91d46d1a3344,1,committed_oblique,0,cf982769-994b-4193-a621-91d46d1a3344::roof-oblique::oblique:0,31.061811,218.34964,42.044113,4,0.554087,0.716667,0.988122,12.43934,3.951337,0.0,3.068523,3,11.622815,cf982769-994b-4193-a621-91d46d1a3344::eave-chain::1:1,0.956631,0,0.819878,0.716019,strong,keep,False,"[""cf982769-994b-4193-a621-91d46d1a3344::eave-chain::1:0"", ""cf982769-994b-4193-a621-91d46d1a3344::eave-chain::1:1"", ""cf982769-994b-4193-a621-91d46d1a3344::eave-chain::1:3""]",11.622815,0.690505,0.243761,"[""building-part:9527dc957c5c0ca098a8""]","[""building-part:9527dc957c5c0ca098a8""]","[""building-part:9527dc957c5c0ca098a8""]",False,True,True
cf982769-994b-4193-a621-91d46d1a3344,0,ridge_eave_plane_group,0,cf982769-994b-4193-a621-91d46d1a3344::ridge-eave-candidate::plane-group::6d2454bf5666,89.697683,130.265508,15.789421,10,0.873086,0.912269,0.958046,62.672576,9.298686,0.0,11.71335,5,21.446509,cf982769-994b-4193-a621-91d46d1a3344::eave-chain::0:9,0.961721,0,0.927321,0.923297,strong,keep,False,"[""cf982769-994b-4193-a621-91d46d1a3344::eave-chain::0:0"", ""cf982769-994b-4193-a621-91d46d1a3344::eave-chain::0:2"", ""cf982769-994b-4193-a621-91d46d1a3344::eave-chain::0:4"", ""cf982769-994b-4193-a621-91d46d1a3344::eave-chain::0:6"", ""cf982769-994b-4193-a621-91d46d1a3344::eave-chain::0:9""]",21.446509,0.766397,1.412865,"[""building-part:8898c878e2a21a2509b1""]","[""building-part:8898c878e2a21a2509b1""]","[""building-part:8898c878e2a21a2509b1"", ""building-part:9b563c7a873a012592e9"", ""building-part:adeac34009e33ce93244""]",True,True,True
cf982769-994b-4193-a621-91d46d1a3344,0,ridge_eave_plane_group,1,cf982769-994b-4193-a621-91d46d1a3344::ridge-eave-candidate::plane-group::bf34b36a407e,89.697683,38.111791,43.518339,10,0.873086,0.912269,0.725154,117.021408,36.615578,11.260599,18.213118,6,52.538425,cf982769-994b-4193-a621-91d46d1a3344::eave-chain::0:5,0.92143,0,0.810875,0.876719,strong,keep,False,"[""cf982769-994b-4193-a621-91d46d1a3344::eave-chain::0:1"", ""cf982769-994b-4193-a621-91d46d1a3344::eave-chain::0:10"", ""cf982769-994b-4193-a621-91d46d1a3344::eave-chain::0:3"", ""cf982769-994b-4193-a621-91d46d1a3344::eave-chain::0:5"", ""cf982769-994b-4193-a621-91d46d1a3344::eave-chain::0:7"", ""cf982769-994b-4193-a621-91d46d1a3344::eave-chain::0:8""]",52.538425,1.957416,3.0604,"[""building-part:9527dc957c5c0ca098a8""]","[""building-part:9527dc957c5c0ca098a8""]","[""building-part:8898c878e2a21a2509b1"", ""building-part:9b563c7a873a012592e9"", ""building-part:adeac34009e33ce93244""]",False,True,True
cf982769-994b-4193-a621-91d46d1a3344,0,ridge_eave_plane_group,2,cf982769-994b-4193-a621-91d46d1a3344::ridge-eave-candidate::plane-group::23699b2b21d8,89.697683,218.391349,42.038124,10,0.873086,0.912269,0.742509,63.25815,35.135363,11.260599,18.213118,6,52.538425,cf982769-994b-4193-a621-91d46d1a3344::eave-chain::0:7,0.889175,0,0.819552,0.88019,strong,keep,False,"[""cf982769-994b-4193-a621-91d46d1a3344::eave-chain::0:1"", ""cf982769-994b-4193-a621-91d46d1a3344::eave-chain::0:10"", ""cf982769-994b-4193-a621-91d46d1a3344::eave-chain::0:3"", ""cf982769-994b-4193-a621-91d46d1a3344::eave-chain::0:5"", ""cf982769-994b-4193-a621-91d46d1a3344::eave-chain::0:7"", ""cf982769-994b-4193-a621-91d46d1a3344::eave-chain::0:8""]",52.538425,1.677858,4.527148,"[""building-part:9527dc957c5c0ca098a8""]","[""building-part:9527dc957c5c0ca098a8""]","[""building-part:8898c878e2a21a2509b1"", ""building-part:9b563c7a873a012592e9"", ""building-part:adeac34009e33ce93244""]",False,True,True
cf982769-994b-4193-a621-91d46d1a3344,0,ridge_eave_plane_group,3,cf982769-994b-4193-a621-91d46d1a3344::ridge-eave-candidate::plane-group::c92e2ce5eb60,89.697683,309.039191,41.832285,10,0.873086,0.912269,0.719178,116.101107,34.929525,0.0,11.71335,5,21.446509,cf982769-994b-4193-a621-91d46d1a3344::eave-chain::0:6,0.893519,0,0.807887,0.875524,strong,keep,False,"[""cf982769-994b-4193-a621-91d46d1a3344::eave-chain::0:0"", ""cf982769-994b-4193-a621-91d46d1a3344::eave-chain::0:2"", ""cf982769-994b-4193-a621-91d46d1a3344::eave-chain::0:4"", ""cf982769-994b-4193-a621-91d46d1a3344::eave-chain::0:6"", ""cf982769-994b-4193-a621-91d46d1a3344::eave-chain::0:9""]",21.446509,0.982663,2.180237,"[""building-part:9527dc957c5c0ca098a8""]","[""building-part:9527dc957c5c0ca098a8""]","[""building-part:8898c878e2a21a2509b1"", ""building-part:9b563c7a873a012592e9"", ""building-part:adeac34009e33ce93244""]",False,True,True
d28b528a-475b-4ac0-a38d-ee992cd877db,1,candidate_oblique,0,d28b528a-475b-4ac0-a38d-ee992cd877db::ceiling-oblique::ceiling-oblique:0,7.355064,192.66127,45.103693,1,0.44686,0.481013,0.705451,89.993967,43.230415,0.0,0.0,0,0.0,d28b528a-475b-4ac0-a38d-ee992cd877db::eave-chain::1:2,0.6449,0,0.586401,0.416037,medium,drop_candidate,False,[],0.0,,,"[""building-part:3ddb8a171cbb7fdf7aa7""]","[""building-part:3ddb8a171cbb7fdf7aa7""]","[""building-part:3ddb8a171cbb7fdf7aa7""]",False,True,True
d28b528a-475b-4ac0-a38d-ee992cd877db,1,candidate_oblique,1,d28b528a-475b-4ac0-a38d-ee992cd877db::ceiling-oblique::ceiling-oblique:1,37.339198,192.661284,40.666582,9,0.843562,0.610302,0.986476,0.388434,9.1797,0.0,0.0,0,0.0,d28b528a-475b-4ac0-a38d-ee992cd877db::eave-chain::1:2,0.347274,0,0.845041,0.65678,strong,keep,False,[],0.0,,,"[""building-part:92448dcb66c7b42fc048"", ""building-part:acb372047d374d370166""]","[""building-part:92448dcb66c7b42fc048"", ""building-part:acb372047d374d370166""]","[""building-part:92448dcb66c7b42fc048"", ""building-part:acb372047d374d370166""]",False,True,True
d28b528a-475b-4ac0-a38d-ee992cd877db,1,candidate_oblique,2,d28b528a-475b-4ac0-a38d-ee992cd877db::ceiling-oblique::ceiling-oblique:2,37.415197,12.661283,41.930229,7,0.690858,0.847939,0.999818,0.971736,0.816529,8.074762,0.0,0,0.0,d28b528a-475b-4ac0-a38d-ee992cd877db::eave-chain::1:2,0.347274,0,0.892462,0.845895,strong,keep,False,[],0.0,,,"[""building-part:92448dcb66c7b42fc048"", ""building-part:acb372047d374d370166""]","[""building-part:92448dcb66c7b42fc048"", ""building-part:acb372047d374d370166""]","[""building-part:92448dcb66c7b42fc048"", ""building-part:acb372047d374d370166""]",False,True,True
d28b528a-475b-4ac0-a38d-ee992cd877db,1,committed_oblique,0,d28b528a-475b-4ac0-a38d-ee992cd877db::roof-oblique::oblique:0,57.985352,192.660902,45.103318,4,0.208173,0.481013,0.83963,52.159273,6.932268,0.0,3.675612,2,9.11591,d28b528a-475b-4ac0-a38d-ee992cd877db::eave-chain::1:2,0.947265,0,0.605753,0.531178,medium,maybe,False,"[""d28b528a-475b-4ac0-a38d-ee992cd877db::eave-chain::1:1"", ""d28b528a-475b-4ac0-a38d-ee992cd877db::eave-chain::1:2""]",9.11591,5.278632,0.514089,"[""building-part:3ddb8a171cbb7fdf7aa7""]","[""building-part:3ddb8a171cbb7fdf7aa7""]","[""building-part:3ddb8a171cbb7fdf7aa7""]",False,True,True
d28b528a-475b-4ac0-a38d-ee992cd877db,1,ridge_eave_plane_group,0,d28b528a-475b-4ac0-a38d-ee992cd877db::ridge-eave-candidate::plane-group::07c0f1b83ebf,122.603961,105.656005,19.835228,5,0.101611,0.48081,0.693666,84.414715,24.702273,0.0,0.0,0,0.0,d28b528a-475b-4ac0-a38d-ee992cd877db::eave-chain::1:2,0.5,0,0.511398,0.27554,weak,drop_candidate,False,[],0.0,,,"[""building-part:1812d0385baa16547383""]","[""building-part:1812d0385baa16547383""]","[""building-part:3ddb8a171cbb7fdf7aa7"", ""building-part:92448dcb66c7b42fc048""]",True,True,True
d28b528a-475b-4ac0-a38d-ee992cd877db,1,ridge_eave_plane_group,1,d28b528a-475b-4ac0-a38d-ee992cd877db::ridge-eave-candidate::plane-group::301850138d65,122.603594,195.656006,10.2977,5,0.101611,0.48081,0.703269,91.553282,34.2398,0.0,3.675612,1,3.675612,d28b528a-475b-4ac0-a38d-ee992cd877db::eave-chain::1:2,0.970569,0,0.5162,0.461241,weak,maybe,False,"[""d28b528a-475b-4ac0-a38d-ee992cd877db::eave-chain::1:2""]",3.675612,1.017491,0.009191,"[""building-part:1812d0385baa16547383""]","[""building-part:1812d0385baa16547383""]","[""building-part:3ddb8a171cbb7fdf7aa7"", ""building-part:92448dcb66c7b42fc048""]",True,True,True
d28b528a-475b-4ac0-a38d-ee992cd877db,1,ridge_eave_plane_group,2,d28b528a-475b-4ac0-a38d-ee992cd877db::ridge-eave-candidate::plane-group::14262d807761,98.225486,195.656006,10.2977,15,0.587443,0.695219,0.842819,15.656006,31.387074,8.074762,0.0,0,0.0,d28b528a-475b-4ac0-a38d-ee992cd877db::eave-chain::1:2,0.470569,0,0.747464,0.742585,medium,keep,False,[],0.0,,,"[""building-part:1812d0385baa16547383""]","[""building-part:1812d0385baa16547383""]","[""building-part:92448dcb66c7b42fc048"", ""building-part:acb372047d374d370166""]",True,True,True
d28b528a-475b-4ac0-a38d-ee992cd877db,1,ridge_eave_plane_group,3,d28b528a-475b-4ac0-a38d-ee992cd877db::ridge-eave-candidate::plane-group::5577fe3f9a76,122.603594,12.661278,44.214519,5,0.101611,0.48081,0.502559,91.441447,1.700436,0.0,3.675612,1,3.675612,d28b528a-475b-4ac0-a38d-ee992cd877db::eave-chain::1:2,0.847274,0,0.415845,0.421099,weak,drop_candidate,False,"[""d28b528a-475b-4ac0-a38d-ee992cd877db::eave-chain::1:2""]",3.675612,1.977237,4.826323,"[""building-part:3ddb8a171cbb7fdf7aa7""]","[""building-part:3ddb8a171cbb7fdf7aa7""]","[""building-part:3ddb8a171cbb7fdf7aa7"", ""building-part:92448dcb66c7b42fc048""]",False,True,True
d28b528a-475b-4ac0-a38d-ee992cd877db,1,ridge_eave_plane_group,4,d28b528a-475b-4ac0-a38d-ee992cd877db::ridge-eave-candidate::plane-group::6a6d766e11bf,122.603692,282.661259,40.403433,5,0.101611,0.48081,0.474967,98.580031,5.511521,0.0,0.0,0,0.0,d28b528a-475b-4ac0-a38d-ee992cd877db::eave-chain::1:2,0.5,0,0.402049,0.2318,weak,drop_candidate,False,[],0.0,,,"[""building-part:92448dcb66c7b42fc048"", ""building-part:acb372047d374d370166""]","[""building-part:92448dcb66c7b42fc048"", ""building-part:acb372047d374d370166""]","[""building-part:3ddb8a171cbb7fdf7aa7"", ""building-part:92448dcb66c7b42fc048""]",False,True,True
d28b528a-475b-4ac0-a38d-ee992cd877db,1,ridge_eave_plane_group,5,d28b528a-475b-4ac0-a38d-ee992cd877db::ridge-eave-candidate::plane-group::a4add63fdc81,122.60395,15.656026,10.254208,5,0.101611,0.48081,0.710096,88.446699,34.283293,0.0,3.675612,1,3.675612,d28b528a-475b-4ac0-a38d-ee992cd877db::eave-chain::1:2,0.872866,0,0.519613,0.462606,weak,maybe,False,"[""d28b528a-475b-4ac0-a38d-ee992cd877db::eave-chain::1:2""]",3.675612,1.017511,0.848494,"[""building-part:1812d0385baa16547383""]","[""building-part:1812d0385baa16547383""]","[""building-part:3ddb8a171cbb7fdf7aa7"", ""building-part:92448dcb66c7b42fc048""]",True,True,True
d28b528a-475b-4ac0-a38d-ee992cd877db,1,ridge_eave_plane_group,6,d28b528a-475b-4ac0-a38d-ee992cd877db::ridge-eave-candidate::plane-group::0f5a6759c94d,122.603594,195.655962,24.799578,5,0.101611,0.48081,0.835208,91.553238,21.115377,0.0,3.675612,1,3.675612,d28b528a-475b-4ac0-a38d-ee992cd877db::eave-chain::1:2,0.96591,0,0.582169,0.487629,medium,maybe,False,"[""d28b528a-475b-4ac0-a38d-ee992cd877db::eave-chain::1:2""]",3.675612,1.017447,0.027832,"[""building-part:1812d0385baa16547383""]","[""building-part:1812d0385baa16547383""]","[""building-part:3ddb8a171cbb7fdf7aa7"", ""building-part:92448dcb66c7b42fc048""]",True,True,True
d28b528a-475b-4ac0-a38d-ee992cd877db,1,ridge_eave_plane_group,7,d28b528a-475b-4ac0-a38d-ee992cd877db::ridge-eave-candidate::plane-group::68bfc924174e,100.454178,195.655962,24.799578,15,0.579379,0.695219,0.907781,15.655962,17.677641,8.074762,0.0,0,0.0,d28b528a-475b-4ac0-a38d-ee992cd877db::eave-chain::1:2,0.46591,0,0.778332,0.752351,strong,keep,False,[],0.0,,,"[""building-part:1812d0385baa16547383""]","[""building-part:1812d0385baa16547383""]","[""building-part:92448dcb66c7b42fc048"", ""building-part:acb372047d374d370166""]",True,True,True
d28b528a-475b-4ac0-a38d-ee992cd877db,1,ridge_eave_plane_group,8,d28b528a-475b-4ac0-a38d-ee992cd877db::ridge-eave-candidate::plane-group::0ba4df2970c0,122.604025,15.656038,7.08638,5,0.101611,0.48081,0.71505,88.446686,37.45112,0.0,3.675612,1,3.675612,d28b528a-475b-4ac0-a38d-ee992cd877db::eave-chain::1:2,0.872866,0,0.52209,0.463597,weak,maybe,False,"[""d28b528a-475b-4ac0-a38d-ee992cd877db::eave-chain::1:2""]",3.675612,1.017523,0.583975,"[""building-part:1812d0385baa16547383""]","[""building-part:1812d0385baa16547383""]","[""building-part:3ddb8a171cbb7fdf7aa7"", ""building-part:92448dcb66c7b42fc048""]",True,True,True
d28b528a-475b-4ac0-a38d-ee992cd877db,1,ridge_eave_plane_group,9,d28b528a-475b-4ac0-a38d-ee992cd877db::ridge-eave-candidate::plane-group::7730fa481ffc,122.603594,192.66127,45.103693,5,0.101611,0.48081,0.705451,88.558546,1.01055,0.0,3.675612,1,3.675612,d28b528a-475b-4ac0-a38d-ee992cd877db::eave-chain::1:2,0.947264,0,0.517291,0.461677,weak,maybe,False,"[""d28b528a-475b-4ac0-a38d-ee992cd877db::eave-chain::1:2""]",3.675612,1.977245,3.7e-05,"[""building-part:3ddb8a171cbb7fdf7aa7""]","[""building-part:3ddb8a171cbb7fdf7aa7""]","[""building-part:3ddb8a171cbb7fdf7aa7"", ""building-part:92448dcb66c7b42fc048""]",False,True,True
d28b528a-475b-4ac0-a38d-ee992cd877db,1,ridge_eave_plane_group,10,d28b528a-475b-4ac0-a38d-ee992cd877db::ridge-eave-candidate::plane-group::5985a84bcac7,122.60302,192.661285,40.667887,5,0.101612,0.48081,0.758097,88.558561,5.247068,0.0,3.675612,1,3.675612,d28b528a-475b-4ac0-a38d-ee992cd877db::eave-chain::1:2,0.847274,0,0.543614,0.472207,weak,maybe,False,"[""d28b528a-475b-4ac0-a38d-ee992cd877db::eave-chain::1:2""]",3.675612,1.97723,11.275841,"[""building-part:92448dcb66c7b42fc048"", ""building-part:acb372047d374d370166""]","[""building-part:92448dcb66c7b42fc048"", ""building-part:acb372047d374d370166""]","[""building-part:3ddb8a171cbb7fdf7aa7"", ""building-part:92448dcb66c7b42fc048""]",False,True,True
d28b528a-475b-4ac0-a38d-ee992cd877db,1,ridge_eave_plane_group,11,d28b528a-475b-4ac0-a38d-ee992cd877db::ridge-eave-candidate::plane-group::434df8e1c214,122.603741,102.661292,40.403446,5,0.101611,0.48081,0.610613,81.420003,5.511509,0.0,0.0,0,0.0,d28b528a-475b-4ac0-a38d-ee992cd877db::eave-chain::1:2,0.5,0,0.469872,0.258929,weak,drop_candidate,False,[],0.0,,,"[""building-part:92448dcb66c7b42fc048"", ""building-part:acb372047d374d370166""]","[""building-part:92448dcb66c7b42fc048"", ""building-part:acb372047d374d370166""]","[""building-part:3ddb8a171cbb7fdf7aa7"", ""building-part:92448dcb66c7b42fc048""]",False,True,True
d28b528a-475b-4ac0-a38d-ee992cd877db,1,ridge_eave_plane_group,12,d28b528a-475b-4ac0-a38d-ee992cd877db::ridge-eave-candidate::plane-group::3cd54931e904,122.603692,12.661283,41.930242,5,0.101611,0.48081,0.522622,91.441441,3.984713,0.0,3.675612,1,3.675612,d28b528a-475b-4ac0-a38d-ee992cd877db::eave-chain::1:2,0.847274,0,0.425876,0.425112,weak,drop_candidate,False,"[""d28b528a-475b-4ac0-a38d-ee992cd877db::eave-chain::1:2""]",3.675612,1.977232,19.655068,"[""building-part:92448dcb66c7b42fc048"", ""building-part:acb372047d374d370166""]","[""building-part:92448dcb66c7b42fc048"", ""building-part:acb372047d374d370166""]","[""building-part:3ddb8a171cbb7fdf7aa7"", ""building-part:92448dcb66c7b42fc048""]",False,True,True
d28b528a-475b-4ac0-a38d-ee992cd877db,1,ridge_eave_plane_group,13,d28b528a-475b-4ac0-a38d-ee992cd877db::ridge-eave-candidate::plane-group::af5303cd5f7c,122.603594,282.66129,44.869538,5,0.101611,0.48081,0.431344,98.58,1.045417,0.0,0.0,0,0.0,d28b528a-475b-4ac0-a38d-ee992cd877db::eave-chain::1:2,0.5,0,0.380237,0.223075,weak,drop_candidate,False,[],0.0,,,"[""building-part:92448dcb66c7b42fc048""]","[""building-part:92448dcb66c7b42fc048""]","[""building-part:3ddb8a171cbb7fdf7aa7"", ""building-part:92448dcb66c7b42fc048""]",False,True,True
d28b528a-475b-4ac0-a38d-ee992cd877db,1,ridge_eave_plane_group,14,d28b528a-475b-4ac0-a38d-ee992cd877db::ridge-eave-candidate::plane-group::021d7047d8ed,100.933572,282.66129,44.869538,15,0.576627,0.695219,0.536201,90.000381,3.184763,0.0,0.0,0,0.0,d28b528a-475b-4ac0-a38d-ee992cd877db::eave-chain::1:0,0.0,0,0.591992,0.476935,medium,maybe,False,[],0.0,,,"[""building-part:92448dcb66c7b42fc048""]","[""building-part:92448dcb66c7b42fc048""]","[""building-part:92448dcb66c7b42fc048"", ""building-part:acb372047d374d370166""]",False,True,True
d28b528a-475b-4ac0-a38d-ee992cd877db,1,ridge_eave_plane_group,15,d28b528a-475b-4ac0-a38d-ee992cd877db::ridge-eave-candidate::plane-group::c677e8396ac5,122.603594,102.66129,41.819056,5,0.101611,0.48081,0.600982,81.42,4.095898,0.0,0.0,0,0.0,d28b528a-475b-4ac0-a38d-ee992cd877db::eave-chain::1:2,0.5,0,0.465056,0.257003,weak,drop_candidate,False,[],0.0,,,"[""building-part:92448dcb66c7b42fc048""]","[""building-part:92448dcb66c7b42fc048""]","[""building-part:3ddb8a171cbb7fdf7aa7"", ""building-part:92448dcb66c7b42fc048""]",False,True,True
d28b528a-475b-4ac0-a38d-ee992cd877db,1,ridge_eave_plane_group,16,d28b528a-475b-4ac0-a38d-ee992cd877db::ridge-eave-candidate::plane-group::7a5761e70268,103.468918,102.66129,41.819056,15,0.562497,0.695219,0.578863,89.999619,1.024313,0.0,0.0,0,0.0,d28b528a-475b-4ac0-a38d-ee992cd877db::eave-chain::1:0,0.0,0,0.610497,0.479815,medium,maybe,False,[],0.0,,,"[""building-part:92448dcb66c7b42fc048""]","[""building-part:92448dcb66c7b42fc048""]","[""building-part:92448dcb66c7b42fc048"", ""building-part:acb372047d374d370166""]",False,True,True
d32d5562-5763-4c71-a816-6732c638fa6a,1,candidate_oblique,0,d32d5562-5763-4c71-a816-6732c638fa6a::ceiling-oblique::ceiling-oblique:0,27.391253,117.728633,45.276118,5,0.916383,0.890909,0.999911,1.021977,0.516361,20.007245,9.532734,2,9.532734,d32d5562-5763-4c71-a816-6732c638fa6a::eave-chain::1:1,0.979656,0,0.950505,0.944717,strong,keep,False,"[""d32d5562-5763-4c71-a816-6732c638fa6a::eave-chain::1:1"", ""d32d5562-5763-4c71-a816-6732c638fa6a::eave-chain::1:7""]",9.532734,0.47139,0.584983,"[""building-part:2893e7bd7e55f0563399"", ""building-part:308cf2ebc4e6425bbe20"", ""building-part:dc7269b2aa6455b1666d""]","[""building-part:2893e7bd7e55f0563399"", ""building-part:308cf2ebc4e6425bbe20"", ""building-part:dc7269b2aa6455b1666d""]","[""building-part:2893e7bd7e55f0563399"", ""building-part:308cf2ebc4e6425bbe20"", ""building-part:dc7269b2aa6455b1666d""]",True,True,True
d32d5562-5763-4c71-a816-6732c638fa6a,1,candidate_oblique,1,d32d5562-5763-4c71-a816-6732c638fa6a::ceiling-oblique::ceiling-oblique:1,26.348854,297.579799,45.971996,4,0.724548,0.766878,0.847296,31.616371,23.762181,6.245041,5.776513,3,8.446081,d32d5562-5763-4c71-a816-6732c638fa6a::eave-chain::1:0,0.981521,0,0.798621,0.812654,strong,keep,False,"[""d32d5562-5763-4c71-a816-6732c638fa6a::eave-chain::1:0"", ""d32d5562-5763-4c71-a816-6732c638fa6a::eave-chain::1:5"", ""d32d5562-5763-4c71-a816-6732c638fa6a::eave-chain::1:7""]",8.446081,0.54617,0.014366,"[""building-part:2893e7bd7e55f0563399"", ""building-part:308cf2ebc4e6425bbe20"", ""building-part:dc7269b2aa6455b1666d""]","[""building-part:2893e7bd7e55f0563399"", ""building-part:308cf2ebc4e6425bbe20"", ""building-part:dc7269b2aa6455b1666d""]","[""building-part:2893e7bd7e55f0563399"", ""building-part:308cf2ebc4e6425bbe20"", ""building-part:dc7269b2aa6455b1666d""]",True,True,True
d32d5562-5763-4c71-a816-6732c638fa6a,1,committed_oblique,0,d32d5562-5763-4c71-a816-6732c638fa6a::roof-oblique::oblique:0,34.293033,117.728226,45.275975,5,0.730039,0.890909,0.999911,1.022384,0.516218,20.007245,5.308041,2,9.532734,d32d5562-5763-4c71-a816-6732c638fa6a::eave-chain::1:1,0.979634,0,0.913236,0.87018,strong,keep,False,"[""d32d5562-5763-4c71-a816-6732c638fa6a::eave-chain::1:1"", ""d32d5562-5763-4c71-a816-6732c638fa6a::eave-chain::1:7""]",9.532734,0.47139,0.585071,"[""building-part:2893e7bd7e55f0563399"", ""building-part:308cf2ebc4e6425bbe20"", ""building-part:dc7269b2aa6455b1666d""]","[""building-part:2893e7bd7e55f0563399"", ""building-part:308cf2ebc4e6425bbe20"", ""building-part:dc7269b2aa6455b1666d""]","[""building-part:2893e7bd7e55f0563399"", ""building-part:308cf2ebc4e6425bbe20"", ""building-part:dc7269b2aa6455b1666d""]",True,True,True
d32d5562-5763-4c71-a816-6732c638fa6a,1,committed_oblique,1,d32d5562-5763-4c71-a816-6732c638fa6a::roof-oblique::oblique:1,33.088544,297.57945,45.971588,4,0.652285,0.766878,0.847299,31.616371,23.761773,0.0,5.431072,4,11.223106,d32d5562-5763-4c71-a816-6732c638fa6a::eave-chain::1:0,0.98251,0,0.78417,0.783749,strong,keep,False,"[""d32d5562-5763-4c71-a816-6732c638fa6a::eave-chain::1:0"", ""d32d5562-5763-4c71-a816-6732c638fa6a::eave-chain::1:3"", ""d32d5562-5763-4c71-a816-6732c638fa6a::eave-chain::1:5"", ""d32d5562-5763-4c71-a816-6732c638fa6a::eave-chain::1:7""]",11.223106,0.496635,0.87779,"[""building-part:2893e7bd7e55f0563399"", ""building-part:308cf2ebc4e6425bbe20""]","[""building-part:2893e7bd7e55f0563399"", ""building-part:308cf2ebc4e6425bbe20""]","[""building-part:2893e7bd7e55f0563399"", ""building-part:308cf2ebc4e6425bbe20"", ""building-part:dc7269b2aa6455b1666d""]",True,True,True
d32d5562-5763-4c71-a816-6732c638fa6a,1,ridge_eave_plane_group,0,d32d5562-5763-4c71-a816-6732c638fa6a::ridge-eave-candidate::plane-group::f9005c736861,16.431588,117.681191,22.527278,3,0.622291,0.719474,0.391618,179.086067,22.527278,0.0,5.899489,3,8.569058,d32d5562-5763-4c71-a816-6732c638fa6a::eave-chain::1:3,0.890834,0,0.536109,0.671135,weak,keep,False,"[""d32d5562-5763-4c71-a816-6732c638fa6a::eave-chain::1:0"", ""d32d5562-5763-4c71-a816-6732c638fa6a::eave-chain::1:3"", ""d32d5562-5763-4c71-a816-6732c638fa6a::eave-chain::1:5""]",8.569058,0.647562,1.244131,"[""building-part:4b8e3a648226e3211865""]","[""building-part:4b8e3a648226e3211865""]","[""building-part:2893e7bd7e55f0563399"", ""building-part:308cf2ebc4e6425bbe20"", ""building-part:dc7269b2aa6455b1666d""]",False,True,True
d32d5562-5763-4c71-a816-6732c638fa6a,1,ridge_eave_plane_group,1,d32d5562-5763-4c71-a816-6732c638fa6a::ridge-eave-candidate::plane-group::107557c68793,34.340456,117.681191,22.527278,6,0.517365,0.89004,0.923697,90.0,22.514034,7.986035,4.224692,4,14.979327,d32d5562-5763-4c71-a816-6732c638fa6a::eave-chain::1:7,0.873779,0,0.832334,0.769694,strong,keep,False,"[""d32d5562-5763-4c71-a816-6732c638fa6a::eave-chain::1:1"", ""d32d5562-5763-4c71-a816-6732c638fa6a::eave-chain::1:3"", ""d32d5562-5763-4c71-a816-6732c638fa6a::eave-chain::1:5"", ""d32d5562-5763-4c71-a816-6732c638fa6a::eave-chain::1:7""]",14.979327,0.518832,2.401617,"[""building-part:4b8e3a648226e3211865""]","[""building-part:4b8e3a648226e3211865""]","[""building-part:2893e7bd7e55f0563399"", ""building-part:308cf2ebc4e6425bbe20"", ""building-part:dc7269b2aa6455b1666d""]",False,True,True
d32d5562-5763-4c71-a816-6732c638fa6a,1,ridge_eave_plane_group,2,d32d5562-5763-4c71-a816-6732c638fa6a::ridge-eave-candidate::plane-group::02019cf26b6a,15.538842,117.681191,22.527278,2,0.737191,0.636364,0.640018,89.869705,23.432302,6.245041,0.0,1,3.122465,d32d5562-5763-4c71-a816-6732c638fa6a::eave-chain::1:0,0.835346,0,0.658356,0.750153,medium,keep,False,"[""d32d5562-5763-4c71-a816-6732c638fa6a::eave-chain::1:0""]",3.122465,0.647562,0.485036,"[""building-part:4b8e3a648226e3211865""]","[""building-part:4b8e3a648226e3211865""]","[""building-part:308cf2ebc4e6425bbe20"", ""building-part:dc7269b2aa6455b1666d""]",False,True,False
d32d5562-5763-4c71-a816-6732c638fa6a,1,ridge_eave_plane_group,3,d32d5562-5763-4c71-a816-6732c638fa6a::ridge-eave-candidate::plane-group::ab098ee412fd,34.340456,297.576424,45.971175,6,0.517365,0.89004,0.69502,90.0,23.761359,7.986035,4.224692,4,14.979327,d32d5562-5763-4c71-a816-6732c638fa6a::eave-chain::1:5,0.95106,0,0.717995,0.723958,medium,keep,False,"[""d32d5562-5763-4c71-a816-6732c638fa6a::eave-chain::1:1"", ""d32d5562-5763-4c71-a816-6732c638fa6a::eave-chain::1:3"", ""d32d5562-5763-4c71-a816-6732c638fa6a::eave-chain::1:5"", ""d32d5562-5763-4c71-a816-6732c638fa6a::eave-chain::1:7""]",14.979327,0.623599,1.970741,"[""building-part:2893e7bd7e55f0563399"", ""building-part:308cf2ebc4e6425bbe20""]","[""building-part:2893e7bd7e55f0563399"", ""building-part:308cf2ebc4e6425bbe20""]","[""building-part:2893e7bd7e55f0563399"", ""building-part:308cf2ebc4e6425bbe20"", ""building-part:dc7269b2aa6455b1666d""]",True,True,True
d32d5562-5763-4c71-a816-6732c638fa6a,1,ridge_eave_plane_group,4,d32d5562-5763-4c71-a816-6732c638fa6a::ridge-eave-candidate::plane-group::402a3be0c544,16.431588,297.576424,45.971175,3,0.622291,0.719474,0.999583,0.809166,1.551544,0.0,5.899489,3,8.569058,d32d5562-5763-4c71-a816-6732c638fa6a::eave-chain::1:3,0.88804,0,0.840092,0.792728,strong,keep,False,"[""d32d5562-5763-4c71-a816-6732c638fa6a::eave-chain::1:0"", ""d32d5562-5763-4c71-a816-6732c638fa6a::eave-chain::1:3"", ""d32d5562-5763-4c71-a816-6732c638fa6a::eave-chain::1:5""]",8.569058,0.542795,0.02038,"[""building-part:2893e7bd7e55f0563399"", ""building-part:308cf2ebc4e6425bbe20""]","[""building-part:2893e7bd7e55f0563399"", ""building-part:308cf2ebc4e6425bbe20""]","[""building-part:2893e7bd7e55f0563399"", ""building-part:308cf2ebc4e6425bbe20"", ""building-part:dc7269b2aa6455b1666d""]",True,True,True
d32d5562-5763-4c71-a816-6732c638fa6a,1,ridge_eave_plane_group,5,d32d5562-5763-4c71-a816-6732c638fa6a::ridge-eave-candidate::plane-group::a93004123c78,15.538842,297.576424,45.971175,2,0.737191,0.636364,0.512884,90.130295,0.45005,6.245041,0.0,1,3.122465,d32d5562-5763-4c71-a816-6732c638fa6a::eave-chain::1:0,0.933044,0,0.594789,0.724726,medium,keep,False,"[""d32d5562-5763-4c71-a816-6732c638fa6a::eave-chain::1:0""]",3.122465,0.542795,0.02038,"[""building-part:2893e7bd7e55f0563399"", ""building-part:308cf2ebc4e6425bbe20""]","[""building-part:2893e7bd7e55f0563399"", ""building-part:308cf2ebc4e6425bbe20""]","[""building-part:308cf2ebc4e6425bbe20""]",True,True,True
d32d5562-5763-4c71-a816-6732c638fa6a,1,ridge_eave_plane_group,6,d32d5562-5763-4c71-a816-6732c638fa6a::ridge-eave-candidate::plane-group::27c8b8b1b1d7,34.340456,298.0263,26.01582,6,0.517365,0.89004,0.898673,90.0,22.514034,7.986035,4.224692,4,14.979327,d32d5562-5763-4c71-a816-6732c638fa6a::eave-chain::1:7,0.894791,0,0.819822,0.764689,strong,keep,False,"[""d32d5562-5763-4c71-a816-6732c638fa6a::eave-chain::1:1"", ""d32d5562-5763-4c71-a816-6732c638fa6a::eave-chain::1:3"", ""d32d5562-5763-4c71-a816-6732c638fa6a::eave-chain::1:5"", ""d32d5562-5763-4c71-a816-6732c638fa6a::eave-chain::1:7""]",14.979327,0.174118,0.989023,"[""building-part:2893e7bd7e55f0563399""]","[""building-part:2893e7bd7e55f0563399""]","[""building-part:2893e7bd7e55f0563399"", ""building-part:308cf2ebc4e6425bbe20"", ""building-part:dc7269b2aa6455b1666d""]",True,True,True
d32d5562-5763-4c71-a816-6732c638fa6a,1,ridge_eave_plane_group,7,d32d5562-5763-4c71-a816-6732c638fa6a::ridge-eave-candidate::plane-group::c4eab55f2ac9,13.776868,298.0263,26.01582,3,0.589236,0.719474,0.937263,1.259042,20.393809,0.0,5.899489,2,5.899489,d32d5562-5763-4c71-a816-6732c638fa6a::eave-chain::1:3,0.899963,0,0.802321,0.767042,strong,keep,False,"[""d32d5562-5763-4c71-a816-6732c638fa6a::eave-chain::1:0"", ""d32d5562-5763-4c71-a816-6732c638fa6a::eave-chain::1:3""]",5.899489,0.49703,0.825216,"[""building-part:2893e7bd7e55f0563399""]","[""building-part:2893e7bd7e55f0563399""]","[""building-part:2893e7bd7e55f0563399"", ""building-part:308cf2ebc4e6425bbe20""]",True,True,True
d32d5562-5763-4c71-a816-6732c638fa6a,1,ridge_eave_plane_group,8,d32d5562-5763-4c71-a816-6732c638fa6a::ridge-eave-candidate::plane-group::bb5c5be29819,15.538842,298.0263,26.01582,2,0.737191,0.636364,0.62709,90.130295,19.94376,6.245041,0.0,1,3.122465,d32d5562-5763-4c71-a816-6732c638fa6a::eave-chain::1:0,0.890148,0,0.651892,0.747567,medium,keep,False,"[""d32d5562-5763-4c71-a816-6732c638fa6a::eave-chain::1:0""]",3.122465,0.992671,0.14398,"[""building-part:2893e7bd7e55f0563399""]","[""building-part:2893e7bd7e55f0563399""]","[""building-part:308cf2ebc4e6425bbe20""]",True,True,True
d32d5562-5763-4c71-a816-6732c638fa6a,1,ridge_eave_plane_group,9,d32d5562-5763-4c71-a816-6732c638fa6a::ridge-eave-candidate::plane-group::7d1e93c22f78,34.340456,117.727399,45.275355,6,0.517365,0.89004,0.7037,90.0,23.06554,7.986035,4.224692,4,14.979327,d32d5562-5763-4c71-a816-6732c638fa6a::eave-chain::1:1,0.885102,0,0.722335,0.725694,medium,keep,False,"[""d32d5562-5763-4c71-a816-6732c638fa6a::eave-chain::1:1"", ""d32d5562-5763-4c71-a816-6732c638fa6a::eave-chain::1:3"", ""d32d5562-5763-4c71-a816-6732c638fa6a::eave-chain::1:5"", ""d32d5562-5763-4c71-a816-6732c638fa6a::eave-chain::1:7""]",14.979327,0.472624,1.998919,"[""building-part:2893e7bd7e55f0563399"", ""building-part:308cf2ebc4e6425bbe20"", ""building-part:dc7269b2aa6455b1666d""]","[""building-part:2893e7bd7e55f0563399"", ""building-part:308cf2ebc4e6425bbe20"", ""building-part:dc7269b2aa6455b1666d""]","[""building-part:2893e7bd7e55f0563399"", ""building-part:308cf2ebc4e6425bbe20"", ""building-part:dc7269b2aa6455b1666d""]",True,True,True
d32d5562-5763-4c71-a816-6732c638fa6a,1,ridge_eave_plane_group,10,d32d5562-5763-4c71-a816-6732c638fa6a::ridge-eave-candidate::plane-group::261a18893036,15.538842,117.727399,45.275355,2,0.737191,0.636364,0.514663,89.869705,0.684225,6.245041,0.0,1,3.122465,d32d5562-5763-4c71-a816-6732c638fa6a::eave-chain::1:0,0.834113,0,0.595679,0.725082,medium,keep,False,"[""d32d5562-5763-4c71-a816-6732c638fa6a::eave-chain::1:0""]",3.122465,0.69377,5.254317,"[""building-part:2893e7bd7e55f0563399"", ""building-part:308cf2ebc4e6425bbe20"", ""building-part:dc7269b2aa6455b1666d""]","[""building-part:2893e7bd7e55f0563399"", ""building-part:308cf2ebc4e6425bbe20"", ""building-part:dc7269b2aa6455b1666d""]","[""building-part:308cf2ebc4e6425bbe20""]",True,True,True
d39db17d-0f12-472b-b4ae-0e6e5ce702e1,0,candidate_oblique,0,d39db17d-0f12-472b-b4ae-0e6e5ce702e1::ceiling-oblique::ceiling-oblique:0,9.864103,332.646113,31.959086,4,0.975013,0.863636,0.924179,13.794202,12.139789,7.755757,4.049366,12,101.863626,d39db17d-0f12-472b-b4ae-0e6e5ce702e1::eave-chain::0:19,0.998868,0,0.916183,0.947568,strong,keep,False,"[""d39db17d-0f12-472b-b4ae-0e6e5ce702e1::eave-chain::0:1"", ""d39db17d-0f12-472b-b4ae-0e6e5ce702e1::eave-chain::0:11"", ""d39db17d-0f12-472b-b4ae-0e6e5ce702e1::eave-chain::0:13"", ""d39db17d-0f12-472b-b4ae-0e6e5ce702e1::eave-chain::0:14"", ""d39db17d-0f12-472b-b4ae-0e6e5ce702e1::eave-chain::0:15"", ""d39db17d-0f12-472b-b4ae-0e6e5ce702e1::eave-chain::0:16"", ""d39db17d-0f12-472b-b4ae-0e6e5ce702e1::eave-chain::0:19"", ""d39db17d-0f12-472b-b4ae-0e6e5ce702e1::eave-chain::0:20"", ""d39db17d-0f12-472b-b4ae-0e6e5ce702e1::eave-chain::0:22"", ""d39db17d-0f12-472b-b4ae-0e6e5ce702e1::eave-chain::0:3"", ""d39db17d-0f12-472b-b4ae-0e6e5ce702e1::eave-chain::0:5"", ""d39db17d-0f12-472b-b4ae-0e6e5ce702e1::eave-chain::0:8""]",101.863626,0.195322,5.016356,"[""building-part:111d5c72eca11c6e20a8"", ""building-part:e64a92e05031f3e8363e""]","[""building-part:111d5c72eca11c6e20a8"", ""building-part:e64a92e05031f3e8363e""]","[""building-part:111d5c72eca11c6e20a8"", ""building-part:e64a92e05031f3e8363e""]",False,True,False
d39db17d-0f12-472b-b4ae-0e6e5ce702e1,0,candidate_oblique,1,d39db17d-0f12-472b-b4ae-0e6e5ce702e1::ceiling-oblique::ceiling-oblique:1,9.457673,152.64612,31.967985,1,0.989324,0.818182,0.999994,0.36903,0.000114,7.755788,3.877591,11,97.986095,d39db17d-0f12-472b-b4ae-0e6e5ce702e1::eave-chain::0:15,0.828365,0,0.943317,0.959365,strong,keep,False,"[""d39db17d-0f12-472b-b4ae-0e6e5ce702e1::eave-chain::0:1"", ""d39db17d-0f12-472b-b4ae-0e6e5ce702e1::eave-chain::0:11"", ""d39db17d-0f12-472b-b4ae-0e6e5ce702e1::eave-chain::0:13"", ""d39db17d-0f12-472b-b4ae-0e6e5ce702e1::eave-chain::0:14"", ""d39db17d-0f12-472b-b4ae-0e6e5ce702e1::eave-chain::0:15"", ""d39db17d-0f12-472b-b4ae-0e6e5ce702e1::eave-chain::0:16"", ""d39db17d-0f12-472b-b4ae-0e6e5ce702e1::eave-chain::0:19"", ""d39db17d-0f12-472b-b4ae-0e6e5ce702e1::eave-chain::0:22"", ""d39db17d-0f12-472b-b4ae-0e6e5ce702e1::eave-chain::0:3"", ""d39db17d-0f12-472b-b4ae-0e6e5ce702e1::eave-chain::0:5"", ""d39db17d-0f12-472b-b4ae-0e6e5ce702e1::eave-chain::0:8""]",97.986095,0.260248,3.189509,"[""building-part:111d5c72eca11c6e20a8"", ""building-part:e64a92e05031f3e8363e""]","[""building-part:111d5c72eca11c6e20a8"", ""building-part:e64a92e05031f3e8363e""]","[""building-part:111d5c72eca11c6e20a8"", ""building-part:e64a92e05031f3e8363e""]",False,True,False
d39db17d-0f12-472b-b4ae-0e6e5ce702e1,0,committed_oblique,0,d39db17d-0f12-472b-b4ae-0e6e5ce702e1::roof-oblique::oblique:0,19.498224,332.642747,31.940913,5,0.99129,0.854545,0.848594,27.357253,23.591584,7.755757,10.421332,12,101.863626,d39db17d-0f12-472b-b4ae-0e6e5ce702e1::eave-chain::0:19,0.999,0,0.878919,0.937144,strong,keep,False,"[""d39db17d-0f12-472b-b4ae-0e6e5ce702e1::eave-chain::0:1"", ""d39db17d-0f12-472b-b4ae-0e6e5ce702e1::eave-chain::0:11"", ""d39db17d-0f12-472b-b4ae-0e6e5ce702e1::eave-chain::0:13"", ""d39db17d-0f12-472b-b4ae-0e6e5ce702e1::eave-chain::0:14"", ""d39db17d-0f12-472b-b4ae-0e6e5ce702e1::eave-chain::0:15"", ""d39db17d-0f12-472b-b4ae-0e6e5ce702e1::eave-chain::0:16"", ""d39db17d-0f12-472b-b4ae-0e6e5ce702e1::eave-chain::0:19"", ""d39db17d-0f12-472b-b4ae-0e6e5ce702e1::eave-chain::0:20"", ""d39db17d-0f12-472b-b4ae-0e6e5ce702e1::eave-chain::0:22"", ""d39db17d-0f12-472b-b4ae-0e6e5ce702e1::eave-chain::0:3"", ""d39db17d-0f12-472b-b4ae-0e6e5ce702e1::eave-chain::0:5"", ""d39db17d-0f12-472b-b4ae-0e6e5ce702e1::eave-chain::0:8""]",101.863626,0.195322,5.013515,"[""building-part:111d5c72eca11c6e20a8""]","[""building-part:111d5c72eca11c6e20a8""]","[""building-part:111d5c72eca11c6e20a8"", ""building-part:e64a92e05031f3e8363e""]",False,True,False
d39db17d-0f12-472b-b4ae-0e6e5ce702e1,0,committed_oblique,1,d39db17d-0f12-472b-b4ae-0e6e5ce702e1::roof-oblique::oblique:1,50.897175,152.642405,31.967124,7,0.95731,0.948052,0.848352,27.357595,31.967124,7.755788,16.38448,11,97.986095,d39db17d-0f12-472b-b4ae-0e6e5ce702e1::eave-chain::0:15,0.978293,0,0.900053,0.942205,strong,keep,False,"[""d39db17d-0f12-472b-b4ae-0e6e5ce702e1::eave-chain::0:1"", ""d39db17d-0f12-472b-b4ae-0e6e5ce702e1::eave-chain::0:11"", ""d39db17d-0f12-472b-b4ae-0e6e5ce702e1::eave-chain::0:13"", ""d39db17d-0f12-472b-b4ae-0e6e5ce702e1::eave-chain::0:14"", ""d39db17d-0f12-472b-b4ae-0e6e5ce702e1::eave-chain::0:15"", ""d39db17d-0f12-472b-b4ae-0e6e5ce702e1::eave-chain::0:16"", ""d39db17d-0f12-472b-b4ae-0e6e5ce702e1::eave-chain::0:19"", ""d39db17d-0f12-472b-b4ae-0e6e5ce702e1::eave-chain::0:22"", ""d39db17d-0f12-472b-b4ae-0e6e5ce702e1::eave-chain::0:3"", ""d39db17d-0f12-472b-b4ae-0e6e5ce702e1::eave-chain::0:5"", ""d39db17d-0f12-472b-b4ae-0e6e5ce702e1::eave-chain::0:8""]",97.986095,0.260248,3.189551,"[""building-part:111d5c72eca11c6e20a8"", ""building-part:e64a92e05031f3e8363e""]","[""building-part:111d5c72eca11c6e20a8"", ""building-part:e64a92e05031f3e8363e""]","[""building-part:00df14c0f5437fc8ffbe"", ""building-part:111d5c72eca11c6e20a8"", ""building-part:e64a92e05031f3e8363e""]",False,True,False
d39db17d-0f12-472b-b4ae-0e6e5ce702e1,0,ridge_eave_plane_group,0,d39db17d-0f12-472b-b4ae-0e6e5ce702e1::ridge-eave-candidate::plane-group::d6e3ec32dc51,168.253243,332.646113,31.959064,19,0.946833,0.918319,0.848426,89.996551,31.959064,0.0,41.37419,12,101.863626,d39db17d-0f12-472b-b4ae-0e6e5ce702e1::eave-chain::0:16,0.899994,1,0.889075,0.882082,strong,keep,True,"[""d39db17d-0f12-472b-b4ae-0e6e5ce702e1::eave-chain::0:1"", ""d39db17d-0f12-472b-b4ae-0e6e5ce702e1::eave-chain::0:11"", ""d39db17d-0f12-472b-b4ae-0e6e5ce702e1::eave-chain::0:13"", ""d39db17d-0f12-472b-b4ae-0e6e5ce702e1::eave-chain::0:14"", ""d39db17d-0f12-472b-b4ae-0e6e5ce702e1::eave-chain::0:15"", ""d39db17d-0f12-472b-b4ae-0e6e5ce702e1::eave-chain::0:16"", ""d39db17d-0f12-472b-b4ae-0e6e5ce702e1::eave-chain::0:19"", ""d39db17d-0f12-472b-b4ae-0e6e5ce702e1::eave-chain::0:20"", ""d39db17d-0f12-472b-b4ae-0e6e5ce702e1::eave-chain::0:22"", ""d39db17d-0f12-472b-b4ae-0e6e5ce702e1::eave-chain::0:3"", ""d39db17d-0f12-472b-b4ae-0e6e5ce702e1::eave-chain::0:5"", ""d39db17d-0f12-472b-b4ae-0e6e5ce702e1::eave-chain::0:8""]",101.863626,0.195322,5.009089,"[""building-part:111d5c72eca11c6e20a8""]","[""building-part:111d5c72eca11c6e20a8""]","[""building-part:111d5c72eca11c6e20a8"", ""building-part:e64a92e05031f3e8363e""]",False,True,True
d39db17d-0f12-472b-b4ae-0e6e5ce702e1,0,ridge_eave_plane_group,1,d39db17d-0f12-472b-b4ae-0e6e5ce702e1::ridge-eave-candidate::plane-group::5258ea3b85f5,168.253243,152.64612,31.967984,19,0.946833,0.918319,0.848344,90.003442,31.967984,0.0,41.37419,12,101.863626,d39db17d-0f12-472b-b4ae-0e6e5ce702e1::eave-chain::0:15,0.911087,1,0.889034,0.882066,strong,keep,True,"[""d39db17d-0f12-472b-b4ae-0e6e5ce702e1::eave-chain::0:1"", ""d39db17d-0f12-472b-b4ae-0e6e5ce702e1::eave-chain::0:11"", ""d39db17d-0f12-472b-b4ae-0e6e5ce702e1::eave-chain::0:13"", ""d39db17d-0f12-472b-b4ae-0e6e5ce702e1::eave-chain::0:14"", ""d39db17d-0f12-472b-b4ae-0e6e5ce702e1::eave-chain::0:15"", ""d39db17d-0f12-472b-b4ae-0e6e5ce702e1::eave-chain::0:16"", ""d39db17d-0f12-472b-b4ae-0e6e5ce702e1::eave-chain::0:19"", ""d39db17d-0f12-472b-b4ae-0e6e5ce702e1::eave-chain::0:20"", ""d39db17d-0f12-472b-b4ae-0e6e5ce702e1::eave-chain::0:22"", ""d39db17d-0f12-472b-b4ae-0e6e5ce702e1::eave-chain::0:3"", ""d39db17d-0f12-472b-b4ae-0e6e5ce702e1::eave-chain::0:5"", ""d39db17d-0f12-472b-b4ae-0e6e5ce702e1::eave-chain::0:8""]",101.863626,0.195329,2.80748,"[""building-part:111d5c72eca11c6e20a8""]","[""building-part:111d5c72eca11c6e20a8""]","[""building-part:111d5c72eca11c6e20a8"", ""building-part:e64a92e05031f3e8363e""]",False,True,True
d683f65d-ad08-4f69-ab23-dbd7ec1bcaed,0,candidate_oblique,0,d683f65d-ad08-4f69-ab23-dbd7ec1bcaed::ceiling-oblique::ceiling-oblique:0,16.769629,230.907512,19.176231,4,0.986216,0.863636,0.99225,14.355543,2.260915,8.362167,4.762626,0,0.0,d683f65d-ad08-4f69-ab23-dbd7ec1bcaed::eave-chain::0:6,0.721381,0,0.952459,0.965664,strong,keep,False,[],0.0,,,"[""building-part:55e1fb70a04f7bdc42f4"", ""building-part:69d543f03b3f70224d82""]","[""building-part:55e1fb70a04f7bdc42f4"", ""building-part:69d543f03b3f70224d82""]","[""building-part:55e1fb70a04f7bdc42f4"", ""building-part:69d543f03b3f70224d82""]",True,True,True
d683f65d-ad08-4f69-ab23-dbd7ec1bcaed,0,candidate_oblique,1,d683f65d-ad08-4f69-ab23-dbd7ec1bcaed::ceiling-oblique::ceiling-oblique:1,15.725874,50.907538,19.371431,2,0.998971,0.818182,0.97165,26.33864,9.922914,8.361295,0.0,0,0.0,d683f65d-ad08-4f69-ab23-dbd7ec1bcaed::eave-chain::0:15,0.646755,0,0.931074,0.957555,strong,keep,False,[],0.0,,,"[""building-part:55e1fb70a04f7bdc42f4"", ""building-part:69d543f03b3f70224d82""]","[""building-part:55e1fb70a04f7bdc42f4"", ""building-part:69d543f03b3f70224d82""]","[""building-part:55e1fb70a04f7bdc42f4"", ""building-part:69d543f03b3f70224d82""]",True,True,True
d683f65d-ad08-4f69-ab23-dbd7ec1bcaed,0,committed_oblique,0,d683f65d-ad08-4f69-ab23-dbd7ec1bcaed::roof-oblique::oblique:0,119.364353,230.906933,19.17489,17,0.958956,0.949106,0.94452,50.906933,19.17489,8.362167,27.442176,10,96.800718,d683f65d-ad08-4f69-ab23-dbd7ec1bcaed::eave-chain::0:6,0.943591,0,0.948783,0.962307,strong,keep,False,"[""d683f65d-ad08-4f69-ab23-dbd7ec1bcaed::eave-chain::0:0"", ""d683f65d-ad08-4f69-ab23-dbd7ec1bcaed::eave-chain::0:1"", ""d683f65d-ad08-4f69-ab23-dbd7ec1bcaed::eave-chain::0:15"", ""d683f65d-ad08-4f69-ab23-dbd7ec1bcaed::eave-chain::0:17"", ""d683f65d-ad08-4f69-ab23-dbd7ec1bcaed::eave-chain::0:19"", ""d683f65d-ad08-4f69-ab23-dbd7ec1bcaed::eave-chain::0:21"", ""d683f65d-ad08-4f69-ab23-dbd7ec1bcaed::eave-chain::0:22"", ""d683f65d-ad08-4f69-ab23-dbd7ec1bcaed::eave-chain::0:23"", ""d683f65d-ad08-4f69-ab23-dbd7ec1bcaed::eave-chain::0:3"", ""d683f65d-ad08-4f69-ab23-dbd7ec1bcaed::eave-chain::0:6""]",96.800718,0.078386,1.684659,"[""building-part:55e1fb70a04f7bdc42f4"", ""building-part:69d543f03b3f70224d82"", ""building-part:fe631054ad9374d579c1""]","[""building-part:55e1fb70a04f7bdc42f4"", ""building-part:69d543f03b3f70224d82"", ""building-part:fe631054ad9374d579c1""]","[""building-part:39908da88d84238ec229"", ""building-part:55e1fb70a04f7bdc42f4"", ""building-part:69d543f03b3f70224d82"", ""building-part:fe631054ad9374d579c1""]",True,True,True
d683f65d-ad08-4f69-ab23-dbd7ec1bcaed,0,committed_oblique,1,d683f65d-ad08-4f69-ab23-dbd7ec1bcaed::roof-oblique::oblique:1,108.289907,50.907684,19.373353,12,0.969114,0.92372,0.943377,129.092316,19.373353,8.361295,12.595016,9,94.902309,d683f65d-ad08-4f69-ab23-dbd7ec1bcaed::eave-chain::0:15,0.98923,0,0.942627,0.961065,strong,keep,False,"[""d683f65d-ad08-4f69-ab23-dbd7ec1bcaed::eave-chain::0:0"", ""d683f65d-ad08-4f69-ab23-dbd7ec1bcaed::eave-chain::0:1"", ""d683f65d-ad08-4f69-ab23-dbd7ec1bcaed::eave-chain::0:15"", ""d683f65d-ad08-4f69-ab23-dbd7ec1bcaed::eave-chain::0:17"", ""d683f65d-ad08-4f69-ab23-dbd7ec1bcaed::eave-chain::0:19"", ""d683f65d-ad08-4f69-ab23-dbd7ec1bcaed::eave-chain::0:22"", ""d683f65d-ad08-4f69-ab23-dbd7ec1bcaed::eave-chain::0:23"", ""d683f65d-ad08-4f69-ab23-dbd7ec1bcaed::eave-chain::0:3"", ""d683f65d-ad08-4f69-ab23-dbd7ec1bcaed::eave-chain::0:6""]",94.902309,0.092835,1.501324,"[""building-part:39908da88d84238ec229"", ""building-part:55e1fb70a04f7bdc42f4"", ""building-part:69d543f03b3f70224d82""]","[""building-part:39908da88d84238ec229"", ""building-part:55e1fb70a04f7bdc42f4"", ""building-part:69d543f03b3f70224d82""]","[""building-part:39908da88d84238ec229"", ""building-part:55e1fb70a04f7bdc42f4"", ""building-part:69d543f03b3f70224d82"", ""building-part:fe631054ad9374d579c1""]",True,True,True
d683f65d-ad08-4f69-ab23-dbd7ec1bcaed,0,ridge_eave_plane_group,0,d683f65d-ad08-4f69-ab23-dbd7ec1bcaed::ridge-eave-candidate::plane-group::1cbe5cbccf3c,224.91904,230.907511,19.175452,22,0.964125,0.933599,0.944517,50.907511,19.175452,16.723462,43.763743,10,96.800718,d683f65d-ad08-4f69-ab23-dbd7ec1bcaed::eave-chain::0:6,0.977543,0,0.945163,0.961273,strong,keep,False,"[""d683f65d-ad08-4f69-ab23-dbd7ec1bcaed::eave-chain::0:0"", ""d683f65d-ad08-4f69-ab23-dbd7ec1bcaed::eave-chain::0:1"", ""d683f65d-ad08-4f69-ab23-dbd7ec1bcaed::eave-chain::0:15"", ""d683f65d-ad08-4f69-ab23-dbd7ec1bcaed::eave-chain::0:17"", ""d683f65d-ad08-4f69-ab23-dbd7ec1bcaed::eave-chain::0:19"", ""d683f65d-ad08-4f69-ab23-dbd7ec1bcaed::eave-chain::0:21"", ""d683f65d-ad08-4f69-ab23-dbd7ec1bcaed::eave-chain::0:22"", ""d683f65d-ad08-4f69-ab23-dbd7ec1bcaed::eave-chain::0:23"", ""d683f65d-ad08-4f69-ab23-dbd7ec1bcaed::eave-chain::0:3"", ""d683f65d-ad08-4f69-ab23-dbd7ec1bcaed::eave-chain::0:6""]",96.800718,0.078386,1.684756,"[""building-part:55e1fb70a04f7bdc42f4"", ""building-part:69d543f03b3f70224d82""]","[""building-part:55e1fb70a04f7bdc42f4"", ""building-part:69d543f03b3f70224d82""]","[""building-part:39908da88d84238ec229"", ""building-part:55e1fb70a04f7bdc42f4"", ""building-part:69d543f03b3f70224d82"", ""building-part:fe631054ad9374d579c1""]",True,True,True
d683f65d-ad08-4f69-ab23-dbd7ec1bcaed,0,ridge_eave_plane_group,1,d683f65d-ad08-4f69-ab23-dbd7ec1bcaed::ridge-eave-candidate::plane-group::0f007af2c211,47.05257,230.907511,19.175452,2,0.996376,1.0,0.944517,50.907511,19.175452,0.0,4.719472,5,38.747591,d683f65d-ad08-4f69-ab23-dbd7ec1bcaed::eave-chain::0:19,0.899986,0,0.971534,0.987454,strong,keep,False,"[""d683f65d-ad08-4f69-ab23-dbd7ec1bcaed::eave-chain::0:15"", ""d683f65d-ad08-4f69-ab23-dbd7ec1bcaed::eave-chain::0:17"", ""d683f65d-ad08-4f69-ab23-dbd7ec1bcaed::eave-chain::0:19"", ""d683f65d-ad08-4f69-ab23-dbd7ec1bcaed::eave-chain::0:22"", ""d683f65d-ad08-4f69-ab23-dbd7ec1bcaed::eave-chain::0:23""]",38.747591,0.063911,1.464136,"[""building-part:55e1fb70a04f7bdc42f4"", ""building-part:69d543f03b3f70224d82""]","[""building-part:55e1fb70a04f7bdc42f4"", ""building-part:69d543f03b3f70224d82""]","[""building-part:39908da88d84238ec229"", ""building-part:55e1fb70a04f7bdc42f4""]",True,True,True
d683f65d-ad08-4f69-ab23-dbd7ec1bcaed,0,ridge_eave_plane_group,2,d683f65d-ad08-4f69-ab23-dbd7ec1bcaed::ridge-eave-candidate::plane-group::f9e73cf0383d,224.91904,50.907538,19.371431,22,0.964125,0.933599,0.943388,129.092462,19.371431,16.723462,43.763743,10,96.800718,d683f65d-ad08-4f69-ab23-dbd7ec1bcaed::eave-chain::0:3,0.997256,0,0.944599,0.961048,strong,keep,False,"[""d683f65d-ad08-4f69-ab23-dbd7ec1bcaed::eave-chain::0:0"", ""d683f65d-ad08-4f69-ab23-dbd7ec1bcaed::eave-chain::0:1"", ""d683f65d-ad08-4f69-ab23-dbd7ec1bcaed::eave-chain::0:15"", ""d683f65d-ad08-4f69-ab23-dbd7ec1bcaed::eave-chain::0:17"", ""d683f65d-ad08-4f69-ab23-dbd7ec1bcaed::eave-chain::0:19"", ""d683f65d-ad08-4f69-ab23-dbd7ec1bcaed::eave-chain::0:21"", ""d683f65d-ad08-4f69-ab23-dbd7ec1bcaed::eave-chain::0:22"", ""d683f65d-ad08-4f69-ab23-dbd7ec1bcaed::eave-chain::0:23"", ""d683f65d-ad08-4f69-ab23-dbd7ec1bcaed::eave-chain::0:3"", ""d683f65d-ad08-4f69-ab23-dbd7ec1bcaed::eave-chain::0:6""]",96.800718,0.07836,1.98828,"[""building-part:55e1fb70a04f7bdc42f4"", ""building-part:69d543f03b3f70224d82""]","[""building-part:55e1fb70a04f7bdc42f4"", ""building-part:69d543f03b3f70224d82""]","[""building-part:39908da88d84238ec229"", ""building-part:55e1fb70a04f7bdc42f4"", ""building-part:69d543f03b3f70224d82"", ""building-part:fe631054ad9374d579c1""]",True,True,True
d683f65d-ad08-4f69-ab23-dbd7ec1bcaed,0,ridge_eave_plane_group,3,d683f65d-ad08-4f69-ab23-dbd7ec1bcaed::ridge-eave-candidate::plane-group::d33b6fe3e7ed,47.05257,50.907538,19.371431,2,0.996376,1.0,0.943388,129.092462,19.371431,0.0,4.719472,5,38.747591,d683f65d-ad08-4f69-ab23-dbd7ec1bcaed::eave-chain::0:15,0.989121,0,0.970969,0.987228,strong,keep,False,"[""d683f65d-ad08-4f69-ab23-dbd7ec1bcaed::eave-chain::0:15"", ""d683f65d-ad08-4f69-ab23-dbd7ec1bcaed::eave-chain::0:17"", ""d683f65d-ad08-4f69-ab23-dbd7ec1bcaed::eave-chain::0:19"", ""d683f65d-ad08-4f69-ab23-dbd7ec1bcaed::eave-chain::0:22"", ""d683f65d-ad08-4f69-ab23-dbd7ec1bcaed::eave-chain::0:23""]",38.747591,0.063884,2.626191,"[""building-part:55e1fb70a04f7bdc42f4"", ""building-part:69d543f03b3f70224d82""]","[""building-part:55e1fb70a04f7bdc42f4"", ""building-part:69d543f03b3f70224d82""]","[""building-part:39908da88d84238ec229"", ""building-part:55e1fb70a04f7bdc42f4""]",True,True,True
d7f1aa19-5ca9-4e1b-ac1a-c86d63f9ede7,0,ridge_eave_plane_group,0,d7f1aa19-5ca9-4e1b-ac1a-c86d63f9ede7::ridge-eave-candidate::plane-group::d6305909b4e0,52.614947,288.495967,12.053198,6,0.965173,1.0,0.977954,108.495967,12.053198,0.0,16.87601,4,27.053807,d7f1aa19-5ca9-4e1b-ac1a-c86d63f9ede7::eave-chain::0:2,0.987511,0,0.982012,0.98166,strong,keep,False,"[""d7f1aa19-5ca9-4e1b-ac1a-c86d63f9ede7::eave-chain::0:0"", ""d7f1aa19-5ca9-4e1b-ac1a-c86d63f9ede7::eave-chain::0:2"", ""d7f1aa19-5ca9-4e1b-ac1a-c86d63f9ede7::eave-chain::0:6"", ""d7f1aa19-5ca9-4e1b-ac1a-c86d63f9ede7::eave-chain::0:8""]",27.053807,0.104789,0.419159,"[""building-part:829102ed1b148270331d""]","[""building-part:829102ed1b148270331d""]","[""building-part:829102ed1b148270331d""]",True,False,False
d8308bfc-c2c1-42bd-8503-282571708b8c,0,candidate_oblique,0,d8308bfc-c2c1-42bd-8503-282571708b8c::ceiling-oblique::ceiling-oblique:0,9.114782,41.939469,20.369521,5,0.918994,0.552941,0.998405,0.758872,1.100832,0.0,2.864686,6,27.572157,d8308bfc-c2c1-42bd-8503-282571708b8c::eave-chain::0:4,0.953654,0,0.848884,0.821101,strong,keep,False,"[""d8308bfc-c2c1-42bd-8503-282571708b8c::eave-chain::0:1"", ""d8308bfc-c2c1-42bd-8503-282571708b8c::eave-chain::0:3"", ""d8308bfc-c2c1-42bd-8503-282571708b8c::eave-chain::0:4"", ""d8308bfc-c2c1-42bd-8503-282571708b8c::eave-chain::0:6"", ""d8308bfc-c2c1-42bd-8503-282571708b8c::eave-chain::0:8"", ""d8308bfc-c2c1-42bd-8503-282571708b8c::eave-chain::0:9""]",27.572157,0.001369,0.427768,"[""building-part:c6b980dc952a4c034196"", ""building-part:d743f0ba378b98add3f2""]","[""building-part:c6b980dc952a4c034196"", ""building-part:d743f0ba378b98add3f2""]","[""building-part:c6b980dc952a4c034196"", ""building-part:d743f0ba378b98add3f2""]",False,True,False
d8308bfc-c2c1-42bd-8503-282571708b8c,0,candidate_oblique,1,d8308bfc-c2c1-42bd-8503-282571708b8c::ceiling-oblique::ceiling-oblique:1,12.521155,131.939476,44.999607,2,0.993725,0.875,0.853555,24.11241,22.499816,10.288932,5.144367,3,17.72231,d8308bfc-c2c1-42bd-8503-282571708b8c::eave-chain::0:18,0.997801,0,0.888022,0.943201,strong,keep,False,"[""d8308bfc-c2c1-42bd-8503-282571708b8c::eave-chain::0:18"", ""d8308bfc-c2c1-42bd-8503-282571708b8c::eave-chain::0:5"", ""d8308bfc-c2c1-42bd-8503-282571708b8c::eave-chain::0:7""]",17.72231,0.082257,0.091481,"[""building-part:1dd2f681ded8a1ff5f1f"", ""building-part:3b8f9b26e19666643bdf"", ""building-part:5575d5f814ccb73801a8""]","[""building-part:1dd2f681ded8a1ff5f1f"", ""building-part:3b8f9b26e19666643bdf"", ""building-part:5575d5f814ccb73801a8""]","[""building-part:1dd2f681ded8a1ff5f1f"", ""building-part:3b8f9b26e19666643bdf"", ""building-part:5575d5f814ccb73801a8""]",False,True,False
d8308bfc-c2c1-42bd-8503-282571708b8c,0,candidate_oblique,2,d8308bfc-c2c1-42bd-8503-282571708b8c::ceiling-oblique::ceiling-oblique:2,12.732956,311.939469,44.940499,3,0.99751,0.916667,0.707841,48.060531,44.940499,10.290738,5.144404,3,17.72231,d8308bfc-c2c1-42bd-8503-282571708b8c::eave-chain::0:7,0.813213,0,0.828422,0.923906,strong,keep,False,"[""d8308bfc-c2c1-42bd-8503-282571708b8c::eave-chain::0:18"", ""d8308bfc-c2c1-42bd-8503-282571708b8c::eave-chain::0:5"", ""d8308bfc-c2c1-42bd-8503-282571708b8c::eave-chain::0:7""]",17.72231,0.082265,5.058921,"[""building-part:1dd2f681ded8a1ff5f1f"", ""building-part:3b8f9b26e19666643bdf"", ""building-part:5575d5f814ccb73801a8""]","[""building-part:1dd2f681ded8a1ff5f1f"", ""building-part:3b8f9b26e19666643bdf"", ""building-part:5575d5f814ccb73801a8""]","[""building-part:1dd2f681ded8a1ff5f1f"", ""building-part:3b8f9b26e19666643bdf"", ""building-part:5575d5f814ccb73801a8""]",False,True,False
d8308bfc-c2c1-42bd-8503-282571708b8c,0,committed_oblique,0,d8308bfc-c2c1-42bd-8503-282571708b8c::roof-oblique::oblique:0,47.217131,131.9405,45.005188,8,0.606633,0.689338,0.707043,75.511505,34.685033,10.288932,5.144367,3,17.72231,d8308bfc-c2c1-42bd-8503-282571708b8c::eave-chain::0:18,0.997756,0,0.68165,0.72193,medium,keep,False,"[""d8308bfc-c2c1-42bd-8503-282571708b8c::eave-chain::0:18"", ""d8308bfc-c2c1-42bd-8503-282571708b8c::eave-chain::0:5"", ""d8308bfc-c2c1-42bd-8503-282571708b8c::eave-chain::0:7""]",17.72231,0.082257,0.091684,"[""building-part:09e47ee58b02628497ab"", ""building-part:1dd2f681ded8a1ff5f1f"", ""building-part:3b8f9b26e19666643bdf"", ""building-part:d743f0ba378b98add3f2""]","[""building-part:09e47ee58b02628497ab"", ""building-part:1dd2f681ded8a1ff5f1f"", ""building-part:3b8f9b26e19666643bdf"", ""building-part:d743f0ba378b98add3f2""]","[""building-part:09e47ee58b02628497ab"", ""building-part:1dd2f681ded8a1ff5f1f"", ""building-part:3b8f9b26e19666643bdf"", ""building-part:5575d5f814ccb73801a8"", ""building-part:685e03cc82b161b62e59"", ""building-part:c3e4be94ae4cb33136fa"", ""building-part:c6b980dc952a4c034196"", ""building-part:d743f0ba378b98add3f2""]",False,True,False
d8308bfc-c2c1-42bd-8503-282571708b8c,0,committed_oblique,1,d8308bfc-c2c1-42bd-8503-282571708b8c::roof-oblique::oblique:1,25.397122,311.939458,44.941091,4,0.991175,0.9375,0.707833,90.0,44.941091,10.290738,10.108168,3,17.72231,d8308bfc-c2c1-42bd-8503-282571708b8c::eave-chain::0:7,0.96762,0,0.833402,0.925537,strong,keep,False,"[""d8308bfc-c2c1-42bd-8503-282571708b8c::eave-chain::0:18"", ""d8308bfc-c2c1-42bd-8503-282571708b8c::eave-chain::0:5"", ""d8308bfc-c2c1-42bd-8503-282571708b8c::eave-chain::0:7""]",17.72231,0.082265,5.05894,"[""building-part:1dd2f681ded8a1ff5f1f"", ""building-part:3b8f9b26e19666643bdf""]","[""building-part:1dd2f681ded8a1ff5f1f"", ""building-part:3b8f9b26e19666643bdf""]","[""building-part:1dd2f681ded8a1ff5f1f"", ""building-part:3b8f9b26e19666643bdf"", ""building-part:5575d5f814ccb73801a8""]",False,True,False
d8308bfc-c2c1-42bd-8503-282571708b8c,0,ridge_eave_plane_group,0,d8308bfc-c2c1-42bd-8503-282571708b8c::ridge-eave-candidate::plane-group::d4cba46098f6,155.981038,131.939476,44.999607,16,0.625737,0.844669,0.707112,89.172832,44.999607,20.57967,37.876531,8,41.785405,d8308bfc-c2c1-42bd-8503-282571708b8c::eave-chain::0:18,0.997784,0,0.732104,0.760651,medium,keep,False,"[""d8308bfc-c2c1-42bd-8503-282571708b8c::eave-chain::0:0"", ""d8308bfc-c2c1-42bd-8503-282571708b8c::eave-chain::0:11"", ""d8308bfc-c2c1-42bd-8503-282571708b8c::eave-chain::0:15"", ""d8308bfc-c2c1-42bd-8503-282571708b8c::eave-chain::0:18"", ""d8308bfc-c2c1-42bd-8503-282571708b8c::eave-chain::0:2"", ""d8308bfc-c2c1-42bd-8503-282571708b8c::eave-chain::0:21"", ""d8308bfc-c2c1-42bd-8503-282571708b8c::eave-chain::0:5"", ""d8308bfc-c2c1-42bd-8503-282571708b8c::eave-chain::0:7""]",41.785405,0.001671,5.799927,"[""building-part:1dd2f681ded8a1ff5f1f"", ""building-part:3b8f9b26e19666643bdf""]","[""building-part:1dd2f681ded8a1ff5f1f"", ""building-part:3b8f9b26e19666643bdf""]","[""building-part:0093302fd730b864c447"", ""building-part:09e47ee58b02628497ab"", ""building-part:1dd2f681ded8a1ff5f1f"", ""building-part:34a8be49a1c03303f1bb"", ""building-part:3b8f9b26e19666643bdf"", ""building-part:5575d5f814ccb73801a8"", ""building-part:685e03cc82b161b62e59"", ""building-part:c3e4be94ae4cb33136fa"", ""building-part:c6b980dc952a4c034196"", ""building-part:d743f0ba378b98add3f2""]",False,True,True
d8308bfc-c2c1-42bd-8503-282571708b8c,0,ridge_eave_plane_group,1,d8308bfc-c2c1-42bd-8503-282571708b8c::ridge-eave-candidate::plane-group::4a786332268a,155.981038,311.939469,44.940484,16,0.625737,0.844669,0.707841,90.827176,44.940484,20.57967,37.876531,8,41.785405,d8308bfc-c2c1-42bd-8503-282571708b8c::eave-chain::0:7,0.967534,0,0.732469,0.760797,medium,keep,False,"[""d8308bfc-c2c1-42bd-8503-282571708b8c::eave-chain::0:0"", ""d8308bfc-c2c1-42bd-8503-282571708b8c::eave-chain::0:11"", ""d8308bfc-c2c1-42bd-8503-282571708b8c::eave-chain::0:15"", ""d8308bfc-c2c1-42bd-8503-282571708b8c::eave-chain::0:18"", ""d8308bfc-c2c1-42bd-8503-282571708b8c::eave-chain::0:2"", ""d8308bfc-c2c1-42bd-8503-282571708b8c::eave-chain::0:21"", ""d8308bfc-c2c1-42bd-8503-282571708b8c::eave-chain::0:5"", ""d8308bfc-c2c1-42bd-8503-282571708b8c::eave-chain::0:7""]",41.785405,0.001663,11.111134,"[""building-part:1dd2f681ded8a1ff5f1f"", ""building-part:3b8f9b26e19666643bdf""]","[""building-part:1dd2f681ded8a1ff5f1f"", ""building-part:3b8f9b26e19666643bdf""]","[""building-part:0093302fd730b864c447"", ""building-part:09e47ee58b02628497ab"", ""building-part:1dd2f681ded8a1ff5f1f"", ""building-part:34a8be49a1c03303f1bb"", ""building-part:3b8f9b26e19666643bdf"", ""building-part:5575d5f814ccb73801a8"", ""building-part:685e03cc82b161b62e59"", ""building-part:c3e4be94ae4cb33136fa"", ""building-part:c6b980dc952a4c034196"", ""building-part:d743f0ba378b98add3f2""]",False,True,True
dd4ba0e6-c9e0-444f-b815-9ad921cd3b87,0,ridge_eave_plane_group,0,dd4ba0e6-c9e0-444f-b815-9ad921cd3b87::ridge-eave-candidate::plane-group::4dafa3b11417,76.866493,238.564305,44.572325,16,0.956108,0.965625,0.712365,58.564305,44.572325,2.408425,19.447331,7,66.14416,dd4ba0e6-c9e0-444f-b815-9ad921cd3b87::eave-chain::0:4,0.917602,0,0.837092,0.918041,strong,keep,False,"[""dd4ba0e6-c9e0-444f-b815-9ad921cd3b87::eave-chain::0:0"", ""dd4ba0e6-c9e0-444f-b815-9ad921cd3b87::eave-chain::0:11"", ""dd4ba0e6-c9e0-444f-b815-9ad921cd3b87::eave-chain::0:13"", ""dd4ba0e6-c9e0-444f-b815-9ad921cd3b87::eave-chain::0:14"", ""dd4ba0e6-c9e0-444f-b815-9ad921cd3b87::eave-chain::0:2"", ""dd4ba0e6-c9e0-444f-b815-9ad921cd3b87::eave-chain::0:4"", ""dd4ba0e6-c9e0-444f-b815-9ad921cd3b87::eave-chain::0:5""]",66.14416,0.223843,2.187133,"[""building-part:62a982ddf972f4c9e90d""]","[""building-part:62a982ddf972f4c9e90d""]","[""building-part:4cc4f10064005b52cf2f"", ""building-part:62a982ddf972f4c9e90d"", ""building-part:dd7ce996e1035f3dc73c""]",True,True,True
dd4ba0e6-c9e0-444f-b815-9ad921cd3b87,0,ridge_eave_plane_group,1,dd4ba0e6-c9e0-444f-b815-9ad921cd3b87::ridge-eave-candidate::plane-group::0c4b3fbf06fd,76.866493,58.564307,43.826513,16,0.956108,0.965625,0.72144,121.435693,43.826513,2.408425,19.447331,7,66.14416,dd4ba0e6-c9e0-444f-b815-9ad921cd3b87::eave-chain::0:14,0.95718,0,0.841629,0.919856,strong,keep,False,"[""dd4ba0e6-c9e0-444f-b815-9ad921cd3b87::eave-chain::0:0"", ""dd4ba0e6-c9e0-444f-b815-9ad921cd3b87::eave-chain::0:11"", ""dd4ba0e6-c9e0-444f-b815-9ad921cd3b87::eave-chain::0:13"", ""dd4ba0e6-c9e0-444f-b815-9ad921cd3b87::eave-chain::0:14"", ""dd4ba0e6-c9e0-444f-b815-9ad921cd3b87::eave-chain::0:2"", ""dd4ba0e6-c9e0-444f-b815-9ad921cd3b87::eave-chain::0:4"", ""dd4ba0e6-c9e0-444f-b815-9ad921cd3b87::eave-chain::0:5""]",66.14416,0.223841,5.62972,"[""building-part:62a982ddf972f4c9e90d""]","[""building-part:62a982ddf972f4c9e90d""]","[""building-part:4cc4f10064005b52cf2f"", ""building-part:62a982ddf972f4c9e90d"", ""building-part:dd7ce996e1035f3dc73c""]",True,True,True
dfb88995-ff0a-4025-878b-b544364f8e92,1,candidate_oblique,0,dfb88995-ff0a-4025-878b-b544364f8e92::ceiling-oblique::ceiling-oblique:0,10.292279,296.927555,50.499931,2,0.678896,0.833333,0.818022,31.828778,25.342027,10.536744,5.267213,1,5.267213,dfb88995-ff0a-4025-878b-b544364f8e92::eave-chain::1:0,0.98123,0,0.79479,0.801829,strong,keep,False,"[""dfb88995-ff0a-4025-878b-b544364f8e92::eave-chain::1:0""]",5.267213,0.408094,0.029101,"[""building-part:c728dc9bccea9a041216""]","[""building-part:c728dc9bccea9a041216""]","[""building-part:c728dc9bccea9a041216""]",False,True,True
dfb88995-ff0a-4025-878b-b544364f8e92,1,candidate_oblique,1,dfb88995-ff0a-4025-878b-b544364f8e92::ceiling-oblique::ceiling-oblique:1,8.387471,117.064902,48.1259,3,0.302583,0.265306,0.987907,11.177273,2.734481,5.436183,2.406174,2,4.811605,dfb88995-ff0a-4025-878b-b544364f8e92::eave-chain::1:1,0.978469,0,0.634062,0.571676,medium,maybe,False,"[""dfb88995-ff0a-4025-878b-b544364f8e92::eave-chain::1:1"", ""dfb88995-ff0a-4025-878b-b544364f8e92::eave-chain::1:3""]",4.811605,0.362977,0.971231,"[""building-part:c728dc9bccea9a041216""]","[""building-part:c728dc9bccea9a041216""]","[""building-part:c728dc9bccea9a041216""]",False,True,True
dfb88995-ff0a-4025-878b-b544364f8e92,1,committed_oblique,0,dfb88995-ff0a-4025-878b-b544364f8e92::roof-oblique::oblique:0,31.958116,296.925619,50.501075,2,0.414683,0.833333,0.818014,31.830714,25.343171,10.536744,7.672643,3,10.078818,dfb88995-ff0a-4025-878b-b544364f8e92::eave-chain::1:0,0.971656,0,0.741944,0.696143,medium,keep,False,"[""dfb88995-ff0a-4025-878b-b544364f8e92::eave-chain::1:0"", ""dfb88995-ff0a-4025-878b-b544364f8e92::eave-chain::1:1"", ""dfb88995-ff0a-4025-878b-b544364f8e92::eave-chain::1:3""]",10.078818,0.408094,2.600141,"[""building-part:c728dc9bccea9a041216""]","[""building-part:c728dc9bccea9a041216""]","[""building-part:c728dc9bccea9a041216""]",False,True,True
dfb88995-ff0a-4025-878b-b544364f8e92,1,committed_oblique,1,dfb88995-ff0a-4025-878b-b544364f8e92::roof-oblique::oblique:1,29.252683,117.064401,48.124805,4,0.229913,0.44898,0.974026,11.27293,8.042245,5.436183,3.3395,2,4.811605,dfb88995-ff0a-4025-878b-b544364f8e92::eave-chain::1:1,0.978467,0,0.66769,0.576566,medium,maybe,False,"[""dfb88995-ff0a-4025-878b-b544364f8e92::eave-chain::1:1"", ""dfb88995-ff0a-4025-878b-b544364f8e92::eave-chain::1:3""]",4.811605,0.362977,0.971194,"[""building-part:c728dc9bccea9a041216""]","[""building-part:c728dc9bccea9a041216""]","[""building-part:c728dc9bccea9a041216""]",False,True,True
dfb88995-ff0a-4025-878b-b544364f8e92,0,ridge_eave_plane_group,0,dfb88995-ff0a-4025-878b-b544364f8e92::ridge-eave-candidate::plane-group::f4624450b2a2,58.029331,296.928679,50.499746,2,0.671834,1.0,0.636082,63.071321,50.499746,0.0,13.615921,4,13.615921,dfb88995-ff0a-4025-878b-b544364f8e92::eave-chain::0:1,0.885493,0,0.752408,0.79595,strong,keep,False,"[""dfb88995-ff0a-4025-878b-b544364f8e92::eave-chain::0:1"", ""dfb88995-ff0a-4025-878b-b544364f8e92::eave-chain::0:3"", ""dfb88995-ff0a-4025-878b-b544364f8e92::eave-chain::0:5"", ""dfb88995-ff0a-4025-878b-b544364f8e92::eave-chain::0:7""]",13.615921,0.544585,4.52704,"[""building-part:c728dc9bccea9a041216""]","[""building-part:c728dc9bccea9a041216""]","[""building-part:5d1c28608bfc65560bb4""]",False,True,True
dfb88995-ff0a-4025-878b-b544364f8e92,0,ridge_eave_plane_group,1,dfb88995-ff0a-4025-878b-b544364f8e92::ridge-eave-candidate::plane-group::400c4ddcb3e7,58.029331,117.064901,48.126368,2,0.671834,1.0,0.66749,117.064901,48.126368,0.0,13.615921,4,13.615921,dfb88995-ff0a-4025-878b-b544364f8e92::eave-chain::0:1,0.889126,0,0.768112,0.802232,strong,keep,False,"[""dfb88995-ff0a-4025-878b-b544364f8e92::eave-chain::0:1"", ""dfb88995-ff0a-4025-878b-b544364f8e92::eave-chain::0:3"", ""dfb88995-ff0a-4025-878b-b544364f8e92::eave-chain::0:5"", ""dfb88995-ff0a-4025-878b-b544364f8e92::eave-chain::0:7""]",13.615921,0.408364,5.226119,"[""building-part:c728dc9bccea9a041216""]","[""building-part:c728dc9bccea9a041216""]","[""building-part:5d1c28608bfc65560bb4""]",False,True,True
e0155eef-34a5-4642-bca6-39b83ee42af1,3,candidate_oblique,0,e0155eef-34a5-4642-bca6-39b83ee42af1::ceiling-oblique::ceiling-oblique:0,16.126445,206.124076,47.98304,2,0.357971,0.4375,0.975792,11.7407,1.282524,4.687294,2.333809,1,2.333809,e0155eef-34a5-4642-bca6-39b83ee42af1::eave-chain::3:0,0.828872,0,0.69074,0.625847,medium,maybe,False,"[""e0155eef-34a5-4642-bca6-39b83ee42af1::eave-chain::3:0""]",2.333809,0.000395,0.773486,"[""building-part:3f7976e9798060dd8b07""]","[""building-part:3f7976e9798060dd8b07""]","[""building-part:3f7976e9798060dd8b07""]",False,True,False
e0155eef-34a5-4642-bca6-39b83ee42af1,3,candidate_oblique,1,e0155eef-34a5-4642-bca6-39b83ee42af1::ceiling-oblique::ceiling-oblique:1,18.431482,26.12408,47.937171,6,0.405955,0.641827,0.974149,3.534467,2.85201,11.56779,4.89857,5,8.919424,e0155eef-34a5-4642-bca6-39b83ee42af1::eave-chain::3:0,0.967674,0,0.760814,0.685577,strong,keep,False,"[""e0155eef-34a5-4642-bca6-39b83ee42af1::eave-chain::3:0"", ""e0155eef-34a5-4642-bca6-39b83ee42af1::eave-chain::3:2"", ""e0155eef-34a5-4642-bca6-39b83ee42af1::eave-chain::3:3"", ""e0155eef-34a5-4642-bca6-39b83ee42af1::eave-chain::3:4"", ""e0155eef-34a5-4642-bca6-39b83ee42af1::eave-chain::3:5""]",8.919424,0.184856,0.970744,"[""building-part:12e4be02560be0e2cf7e"", ""building-part:23ebd80e1abc0251a1b9"", ""building-part:3f7976e9798060dd8b07""]","[""building-part:12e4be02560be0e2cf7e"", ""building-part:23ebd80e1abc0251a1b9"", ""building-part:3f7976e9798060dd8b07""]","[""building-part:12e4be02560be0e2cf7e"", ""building-part:23ebd80e1abc0251a1b9"", ""building-part:3f7976e9798060dd8b07""]",True,True,True
e0155eef-34a5-4642-bca6-39b83ee42af1,2,candidate_oblique,2,e0155eef-34a5-4642-bca6-39b83ee42af1::ceiling-oblique::ceiling-oblique:2,4.822817,26.124076,51.23743,2,0.752636,0.705882,0.999963,0.408327,0.346198,0.0,7.961665,5,12.171411,e0155eef-34a5-4642-bca6-39b83ee42af1::eave-chain::2:4,0.989732,0,0.862273,0.842223,strong,keep,False,"[""e0155eef-34a5-4642-bca6-39b83ee42af1::eave-chain::2:0"", ""e0155eef-34a5-4642-bca6-39b83ee42af1::eave-chain::2:1"", ""e0155eef-34a5-4642-bca6-39b83ee42af1::eave-chain::2:2"", ""e0155eef-34a5-4642-bca6-39b83ee42af1::eave-chain::2:3"", ""e0155eef-34a5-4642-bca6-39b83ee42af1::eave-chain::2:4""]",12.171411,0.283587,0.027507,"[""building-part:af219b4b74e09f2e61ac""]","[""building-part:af219b4b74e09f2e61ac""]","[""building-part:af219b4b74e09f2e61ac""]",False,True,False
e0155eef-34a5-4642-bca6-39b83ee42af1,2,candidate_oblique,3,e0155eef-34a5-4642-bca6-39b83ee42af1::ceiling-oblique::ceiling-oblique:3,2.041789,206.124084,44.510976,1,0.096206,0.705882,0.988739,0.000323,8.606715,0.0,0.0,3,8.19069,e0155eef-34a5-4642-bca6-39b83ee42af1::eave-chain::2:0,0.755949,0,0.725375,0.377407,medium,drop_candidate,False,"[""e0155eef-34a5-4642-bca6-39b83ee42af1::eave-chain::2:0"", ""e0155eef-34a5-4642-bca6-39b83ee42af1::eave-chain::2:1"", ""e0155eef-34a5-4642-bca6-39b83ee42af1::eave-chain::2:3""]",8.19069,0.283595,1.805384,"[""building-part:af219b4b74e09f2e61ac""]","[""building-part:af219b4b74e09f2e61ac""]","[""building-part:af219b4b74e09f2e61ac""]",False,True,False
e0155eef-34a5-4642-bca6-39b83ee42af1,3,committed_oblique,0,e0155eef-34a5-4642-bca6-39b83ee42af1::roof-oblique::oblique:0,17.670447,206.116839,47.990015,2,0.323153,0.4375,0.975806,11.7407,1.282524,0.0,2.333809,1,2.333809,e0155eef-34a5-4642-bca6-39b83ee42af1::eave-chain::3:0,0.823606,0,0.683784,0.528613,medium,maybe,False,"[""e0155eef-34a5-4642-bca6-39b83ee42af1::eave-chain::3:0""]",2.333809,0.000395,0.774379,"[""building-part:3f7976e9798060dd8b07""]","[""building-part:3f7976e9798060dd8b07""]","[""building-part:3f7976e9798060dd8b07""]",False,True,False
e0155eef-34a5-4642-bca6-39b83ee42af1,3,committed_oblique,1,e0155eef-34a5-4642-bca6-39b83ee42af1::roof-oblique::oblique:1,29.728798,26.124264,47.933988,8,0.262745,0.73137,0.926428,14.731908,14.628845,11.56779,4.89857,5,8.919424,e0155eef-34a5-4642-bca6-39b83ee42af1::eave-chain::3:0,0.981679,0,0.735174,0.636658,medium,maybe,False,"[""e0155eef-34a5-4642-bca6-39b83ee42af1::eave-chain::3:0"", ""e0155eef-34a5-4642-bca6-39b83ee42af1::eave-chain::3:2"", ""e0155eef-34a5-4642-bca6-39b83ee42af1::eave-chain::3:3"", ""e0155eef-34a5-4642-bca6-39b83ee42af1::eave-chain::3:4"", ""e0155eef-34a5-4642-bca6-39b83ee42af1::eave-chain::3:5""]",8.919424,0.184856,0.970753,"[""building-part:23ebd80e1abc0251a1b9"", ""building-part:3f7976e9798060dd8b07""]","[""building-part:23ebd80e1abc0251a1b9"", ""building-part:3f7976e9798060dd8b07""]","[""building-part:12e4be02560be0e2cf7e"", ""building-part:23ebd80e1abc0251a1b9"", ""building-part:3f7976e9798060dd8b07""]",False,True,True
e0155eef-34a5-4642-bca6-39b83ee42af1,2,committed_oblique,2,e0155eef-34a5-4642-bca6-39b83ee42af1::roof-oblique::oblique:2,14.731348,26.124739,51.241314,2,0.246398,0.705882,0.999962,0.40899,0.346198,0.0,1.596053,5,12.171411,e0155eef-34a5-4642-bca6-39b83ee42af1::eave-chain::2:4,0.989725,0,0.761026,0.519531,strong,maybe,False,"[""e0155eef-34a5-4642-bca6-39b83ee42af1::eave-chain::2:0"", ""e0155eef-34a5-4642-bca6-39b83ee42af1::eave-chain::2:1"", ""e0155eef-34a5-4642-bca6-39b83ee42af1::eave-chain::2:2"", ""e0155eef-34a5-4642-bca6-39b83ee42af1::eave-chain::2:3"", ""e0155eef-34a5-4642-bca6-39b83ee42af1::eave-chain::2:4""]",12.171411,0.283587,0.027527,"[""building-part:af219b4b74e09f2e61ac""]","[""building-part:af219b4b74e09f2e61ac""]","[""building-part:af219b4b74e09f2e61ac""]",False,True,True
e0155eef-34a5-4642-bca6-39b83ee42af1,2,committed_oblique,3,e0155eef-34a5-4642-bca6-39b83ee42af1::roof-oblique::oblique:3,23.980819,206.123553,44.516336,1,0.03616,0.705882,0.988725,0.000208,8.612075,0.0,0.0,3,8.19069,e0155eef-34a5-4642-bca6-39b83ee42af1::eave-chain::2:0,0.985087,0,0.713359,0.353386,medium,drop_candidate,False,"[""e0155eef-34a5-4642-bca6-39b83ee42af1::eave-chain::2:0"", ""e0155eef-34a5-4642-bca6-39b83ee42af1::eave-chain::2:1"", ""e0155eef-34a5-4642-bca6-39b83ee42af1::eave-chain::2:3""]",8.19069,0.283595,1.805784,"[""building-part:af219b4b74e09f2e61ac""]","[""building-part:af219b4b74e09f2e61ac""]","[""building-part:af219b4b74e09f2e61ac""]",False,True,True
e0155eef-34a5-4642-bca6-39b83ee42af1,0,ridge_eave_plane_group,0,e0155eef-34a5-4642-bca6-39b83ee42af1::ridge-eave-candidate::plane-group::a253dbf3b3f2,75.204139,206.124076,47.98304,15,0.82705,0.909744,0.669351,26.124076,47.98304,8.766544,27.949948,8,40.673728,e0155eef-34a5-4642-bca6-39b83ee42af1::eave-chain::0:11,0.899984,0,0.773008,0.846639,strong,keep,False,"[""e0155eef-34a5-4642-bca6-39b83ee42af1::eave-chain::0:1"", ""e0155eef-34a5-4642-bca6-39b83ee42af1::eave-chain::0:10"", ""e0155eef-34a5-4642-bca6-39b83ee42af1::eave-chain::0:11"", ""e0155eef-34a5-4642-bca6-39b83ee42af1::eave-chain::0:13"", ""e0155eef-34a5-4642-bca6-39b83ee42af1::eave-chain::0:15"", ""e0155eef-34a5-4642-bca6-39b83ee42af1::eave-chain::0:17"", ""e0155eef-34a5-4642-bca6-39b83ee42af1::eave-chain::0:3"", ""e0155eef-34a5-4642-bca6-39b83ee42af1::eave-chain::0:8""]",40.673728,0.245519,9.758845,"[""building-part:3f7976e9798060dd8b07""]","[""building-part:3f7976e9798060dd8b07""]","[""building-part:49679d45b3940a1129d6"", ""building-part:534242d6f6160f5fe5b9"", ""building-part:5a6dcb2bf45703c53a12"", ""building-part:5b9ed7ee722501393fdd"", ""building-part:7b8f08f8109d712d8433"", ""building-part:a718db9a464b603de593""]",False,True,True
e0155eef-34a5-4642-bca6-39b83ee42af1,0,ridge_eave_plane_group,1,e0155eef-34a5-4642-bca6-39b83ee42af1::ridge-eave-candidate::plane-group::031659d6f6cf,75.204139,26.124081,47.301751,15,0.82705,0.909744,0.678137,153.875919,47.301751,8.766544,27.949948,8,40.673728,e0155eef-34a5-4642-bca6-39b83ee42af1::eave-chain::0:11,0.899984,0,0.777402,0.848396,strong,keep,False,"[""e0155eef-34a5-4642-bca6-39b83ee42af1::eave-chain::0:1"", ""e0155eef-34a5-4642-bca6-39b83ee42af1::eave-chain::0:10"", ""e0155eef-34a5-4642-bca6-39b83ee42af1::eave-chain::0:11"", ""e0155eef-34a5-4642-bca6-39b83ee42af1::eave-chain::0:13"", ""e0155eef-34a5-4642-bca6-39b83ee42af1::eave-chain::0:15"", ""e0155eef-34a5-4642-bca6-39b83ee42af1::eave-chain::0:17"", ""e0155eef-34a5-4642-bca6-39b83ee42af1::eave-chain::0:3"", ""e0155eef-34a5-4642-bca6-39b83ee42af1::eave-chain::0:8""]",40.673728,0.245515,3.093513,"[""building-part:23ebd80e1abc0251a1b9"", ""building-part:3f7976e9798060dd8b07""]","[""building-part:23ebd80e1abc0251a1b9"", ""building-part:3f7976e9798060dd8b07""]","[""building-part:49679d45b3940a1129d6"", ""building-part:5a6dcb2bf45703c53a12"", ""building-part:7b8f08f8109d712d8433"", ""building-part:a718db9a464b603de593""]",False,True,True
e0155eef-34a5-4642-bca6-39b83ee42af1,0,ridge_eave_plane_group,2,e0155eef-34a5-4642-bca6-39b83ee42af1::ridge-eave-candidate::plane-group::736880b09387,75.204139,26.124078,51.749643,15,0.82705,0.909744,0.619099,153.875922,51.749643,8.766544,27.949948,8,40.673728,e0155eef-34a5-4642-bca6-39b83ee42af1::eave-chain::0:11,0.899984,0,0.747882,0.836588,medium,keep,False,"[""e0155eef-34a5-4642-bca6-39b83ee42af1::eave-chain::0:1"", ""e0155eef-34a5-4642-bca6-39b83ee42af1::eave-chain::0:10"", ""e0155eef-34a5-4642-bca6-39b83ee42af1::eave-chain::0:11"", ""e0155eef-34a5-4642-bca6-39b83ee42af1::eave-chain::0:13"", ""e0155eef-34a5-4642-bca6-39b83ee42af1::eave-chain::0:15"", ""e0155eef-34a5-4642-bca6-39b83ee42af1::eave-chain::0:17"", ""e0155eef-34a5-4642-bca6-39b83ee42af1::eave-chain::0:3"", ""e0155eef-34a5-4642-bca6-39b83ee42af1::eave-chain::0:8""]",40.673728,0.245518,2.713368,"[""building-part:3f7976e9798060dd8b07""]","[""building-part:3f7976e9798060dd8b07""]","[""building-part:49679d45b3940a1129d6"", ""building-part:534242d6f6160f5fe5b9"", ""building-part:5b9ed7ee722501393fdd"", ""building-part:7b8f08f8109d712d8433"", ""building-part:a718db9a464b603de593""]",False,True,True
e0155eef-34a5-4642-bca6-39b83ee42af1,0,ridge_eave_plane_group,3,e0155eef-34a5-4642-bca6-39b83ee42af1::ridge-eave-candidate::plane-group::595e10a43810,74.847436,26.124076,51.237425,15,0.830989,0.909744,0.626095,153.875924,51.237425,8.766544,27.949948,8,40.673728,e0155eef-34a5-4642-bca6-39b83ee42af1::eave-chain::0:1,0.978147,0,0.752168,0.839563,strong,keep,False,"[""e0155eef-34a5-4642-bca6-39b83ee42af1::eave-chain::0:1"", ""e0155eef-34a5-4642-bca6-39b83ee42af1::eave-chain::0:10"", ""e0155eef-34a5-4642-bca6-39b83ee42af1::eave-chain::0:11"", ""e0155eef-34a5-4642-bca6-39b83ee42af1::eave-chain::0:13"", ""e0155eef-34a5-4642-bca6-39b83ee42af1::eave-chain::0:15"", ""e0155eef-34a5-4642-bca6-39b83ee42af1::eave-chain::0:17"", ""e0155eef-34a5-4642-bca6-39b83ee42af1::eave-chain::0:3"", ""e0155eef-34a5-4642-bca6-39b83ee42af1::eave-chain::0:8""]",40.673728,0.245519,4.486562,"[""building-part:af219b4b74e09f2e61ac""]","[""building-part:af219b4b74e09f2e61ac""]","[""building-part:49679d45b3940a1129d6"", ""building-part:534242d6f6160f5fe5b9"", ""building-part:5a6dcb2bf45703c53a12"", ""building-part:5b9ed7ee722501393fdd"", ""building-part:7b8f08f8109d712d8433"", ""building-part:a718db9a464b603de593""]",False,True,True
e0155eef-34a5-4642-bca6-39b83ee42af1,0,ridge_eave_plane_group,4,e0155eef-34a5-4642-bca6-39b83ee42af1::ridge-eave-candidate::plane-group::f7408c84a17c,74.845482,206.124084,44.510413,15,0.830904,0.909744,0.713123,26.124084,44.510413,8.766544,27.949948,8,40.673728,e0155eef-34a5-4642-bca6-39b83ee42af1::eave-chain::0:11,0.899984,0,0.795665,0.856935,strong,keep,False,"[""e0155eef-34a5-4642-bca6-39b83ee42af1::eave-chain::0:1"", ""e0155eef-34a5-4642-bca6-39b83ee42af1::eave-chain::0:10"", ""e0155eef-34a5-4642-bca6-39b83ee42af1::eave-chain::0:11"", ""e0155eef-34a5-4642-bca6-39b83ee42af1::eave-chain::0:13"", ""e0155eef-34a5-4642-bca6-39b83ee42af1::eave-chain::0:15"", ""e0155eef-34a5-4642-bca6-39b83ee42af1::eave-chain::0:17"", ""e0155eef-34a5-4642-bca6-39b83ee42af1::eave-chain::0:3"", ""e0155eef-34a5-4642-bca6-39b83ee42af1::eave-chain::0:8""]",40.673728,0.245511,3.842487,"[""building-part:af219b4b74e09f2e61ac""]","[""building-part:af219b4b74e09f2e61ac""]","[""building-part:5b9ed7ee722501393fdd"", ""building-part:7b8f08f8109d712d8433""]",False,True,True
e028bcc5-73ee-45f9-924b-d7badbc66caf,1,candidate_oblique,0,e028bcc5-73ee-45f9-924b-d7badbc66caf::ceiling-oblique::ceiling-oblique:0,16.363842,51.345779,44.531366,5,0.956143,0.883333,0.999558,0.346369,1.698512,18.440491,16.64902,3,25.117125,e028bcc5-73ee-45f9-924b-d7badbc66caf::eave-chain::1:1,0.99373,0,0.956008,0.959035,strong,keep,False,"[""e028bcc5-73ee-45f9-924b-d7badbc66caf::eave-chain::1:1"", ""e028bcc5-73ee-45f9-924b-d7badbc66caf::eave-chain::1:2"", ""e028bcc5-73ee-45f9-924b-d7badbc66caf::eave-chain::1:3""]",25.117125,0.098733,0.119205,"[""building-part:6797ae5b3e601cb93567"", ""building-part:b710d03831abc95c1b5b""]","[""building-part:6797ae5b3e601cb93567"", ""building-part:b710d03831abc95c1b5b""]","[""building-part:6797ae5b3e601cb93567"", ""building-part:b710d03831abc95c1b5b""]",True,True,True
e028bcc5-73ee-45f9-924b-d7badbc66caf,1,candidate_oblique,1,e028bcc5-73ee-45f9-924b-d7badbc66caf::ceiling-oblique::ceiling-oblique:1,9.691753,231.363119,45.649208,4,0.687346,0.785714,0.999984,0.221926,0.251562,8.995615,8.468106,2,22.775449,e028bcc5-73ee-45f9-924b-d7badbc66caf::eave-chain::1:2,0.997236,0,0.873175,0.832078,strong,keep,False,"[""e028bcc5-73ee-45f9-924b-d7badbc66caf::eave-chain::1:1"", ""e028bcc5-73ee-45f9-924b-d7badbc66caf::eave-chain::1:2""]",22.775449,0.118195,2.32868,"[""building-part:6797ae5b3e601cb93567"", ""building-part:b710d03831abc95c1b5b""]","[""building-part:6797ae5b3e601cb93567"", ""building-part:b710d03831abc95c1b5b""]","[""building-part:6797ae5b3e601cb93567"", ""building-part:b710d03831abc95c1b5b""]",True,True,True
e028bcc5-73ee-45f9-924b-d7badbc66caf,1,candidate_oblique,2,e028bcc5-73ee-45f9-924b-d7badbc66caf::ceiling-oblique::ceiling-oblique:2,6.342149,321.115362,41.271796,2,0.937875,1.0,0.875114,71.48815,21.991376,8.670884,0.0,0,0.0,e028bcc5-73ee-45f9-924b-d7badbc66caf::eave-chain::1:5,0.393377,0,0.925132,0.950173,strong,keep,False,[],0.0,,,"[""building-part:525a59f4c8c5d6822f42"", ""building-part:6797ae5b3e601cb93567"", ""building-part:b710d03831abc95c1b5b""]","[""building-part:525a59f4c8c5d6822f42"", ""building-part:6797ae5b3e601cb93567"", ""building-part:b710d03831abc95c1b5b""]","[""building-part:525a59f4c8c5d6822f42"", ""building-part:6797ae5b3e601cb93567"", ""building-part:b710d03831abc95c1b5b""]",True,True,True
e028bcc5-73ee-45f9-924b-d7badbc66caf,1,committed_oblique,0,e028bcc5-73ee-45f9-924b-d7badbc66caf::roof-oblique::oblique:0,33.612537,51.346456,44.529559,5,0.72001,0.883333,0.999559,0.345692,1.696705,18.440491,14.307344,3,25.117125,e028bcc5-73ee-45f9-924b-d7badbc66caf::eave-chain::1:1,0.993769,0,0.908781,0.864582,strong,keep,False,"[""e028bcc5-73ee-45f9-924b-d7badbc66caf::eave-chain::1:1"", ""e028bcc5-73ee-45f9-924b-d7badbc66caf::eave-chain::1:2"", ""e028bcc5-73ee-45f9-924b-d7badbc66caf::eave-chain::1:3""]",25.117125,0.098733,0.119221,"[""building-part:6797ae5b3e601cb93567"", ""building-part:b710d03831abc95c1b5b""]","[""building-part:6797ae5b3e601cb93567"", ""building-part:b710d03831abc95c1b5b""]","[""building-part:6797ae5b3e601cb93567"", ""building-part:b710d03831abc95c1b5b""]",True,True,True
e028bcc5-73ee-45f9-924b-d7badbc66caf,1,committed_oblique,1,e028bcc5-73ee-45f9-924b-d7badbc66caf::roof-oblique::oblique:1,20.584999,231.36605,45.647459,4,0.600546,0.785714,0.999984,0.221926,0.251562,8.995615,8.468106,2,22.775449,e028bcc5-73ee-45f9-924b-d7badbc66caf::eave-chain::1:2,0.997298,0,0.855815,0.797358,strong,keep,False,"[""e028bcc5-73ee-45f9-924b-d7badbc66caf::eave-chain::1:1"", ""e028bcc5-73ee-45f9-924b-d7badbc66caf::eave-chain::1:2""]",22.775449,0.118195,2.328398,"[""building-part:6797ae5b3e601cb93567""]","[""building-part:6797ae5b3e601cb93567""]","[""building-part:6797ae5b3e601cb93567"", ""building-part:b710d03831abc95c1b5b""]",True,True,True
e028bcc5-73ee-45f9-924b-d7badbc66caf,1,committed_oblique,2,e028bcc5-73ee-45f9-924b-d7badbc66caf::roof-oblique::oblique:2,8.680072,321.117031,41.279125,2,0.932401,1.0,0.875075,71.48815,21.991376,8.670884,0.0,0,0.0,e028bcc5-73ee-45f9-924b-d7badbc66caf::eave-chain::1:5,0.393377,0,0.924018,0.947976,strong,keep,False,[],0.0,,,"[""building-part:525a59f4c8c5d6822f42"", ""building-part:b710d03831abc95c1b5b""]","[""building-part:525a59f4c8c5d6822f42"", ""building-part:b710d03831abc95c1b5b""]","[""building-part:525a59f4c8c5d6822f42"", ""building-part:6797ae5b3e601cb93567"", ""building-part:b710d03831abc95c1b5b""]",False,True,True
e028bcc5-73ee-45f9-924b-d7badbc66caf,0,ridge_eave_plane_group,0,e028bcc5-73ee-45f9-924b-d7badbc66caf::ridge-eave-candidate::plane-group::36c4eee5ed01,188.562225,231.412863,43.643044,1,0.0435,1.0,0.723654,128.587137,43.643044,0.0,2.483501,3,4.966941,e028bcc5-73ee-45f9-924b-d7badbc66caf::eave-chain::0:5,0.891542,0,0.670527,0.486306,medium,maybe,False,"[""e028bcc5-73ee-45f9-924b-d7badbc66caf::eave-chain::0:1"", ""e028bcc5-73ee-45f9-924b-d7badbc66caf::eave-chain::0:3"", ""e028bcc5-73ee-45f9-924b-d7badbc66caf::eave-chain::0:5""]",4.966941,0.317178,1.364911,"[""building-part:525a59f4c8c5d6822f42"", ""building-part:6797ae5b3e601cb93567"", ""building-part:b710d03831abc95c1b5b""]","[""building-part:525a59f4c8c5d6822f42"", ""building-part:6797ae5b3e601cb93567"", ""building-part:b710d03831abc95c1b5b""]","[""building-part:525a59f4c8c5d6822f42"", ""building-part:6797ae5b3e601cb93567"", ""building-part:7e91059ee0ee3c48947e""]",True,True,True
e028bcc5-73ee-45f9-924b-d7badbc66caf,0,ridge_eave_plane_group,1,e028bcc5-73ee-45f9-924b-d7badbc66caf::ridge-eave-candidate::plane-group::c8e1d7773799,188.562225,51.345331,44.531333,1,0.0435,1.0,0.712867,51.345331,44.531333,0.0,2.483501,3,4.966941,e028bcc5-73ee-45f9-924b-d7badbc66caf::eave-chain::0:5,0.889741,0,0.665133,0.484148,medium,maybe,False,"[""e028bcc5-73ee-45f9-924b-d7badbc66caf::eave-chain::0:1"", ""e028bcc5-73ee-45f9-924b-d7badbc66caf::eave-chain::0:3"", ""e028bcc5-73ee-45f9-924b-d7badbc66caf::eave-chain::0:5""]",4.966941,0.38471,8.797807,"[""building-part:6797ae5b3e601cb93567"", ""building-part:b710d03831abc95c1b5b""]","[""building-part:6797ae5b3e601cb93567"", ""building-part:b710d03831abc95c1b5b""]","[""building-part:525a59f4c8c5d6822f42"", ""building-part:6797ae5b3e601cb93567""]",True,True,True
e028bcc5-73ee-45f9-924b-d7badbc66caf,0,ridge_eave_plane_group,2,e028bcc5-73ee-45f9-924b-d7badbc66caf::ridge-eave-candidate::plane-group::ca2c77f5f6a8,188.562225,321.134871,41.270982,1,0.0435,1.0,0.751598,38.865129,41.270982,0.0,3.399513,3,6.798948,e028bcc5-73ee-45f9-924b-d7badbc66caf::eave-chain::0:0,0.884113,0,0.684499,0.537695,medium,maybe,False,"[""e028bcc5-73ee-45f9-924b-d7badbc66caf::eave-chain::0:0"", ""e028bcc5-73ee-45f9-924b-d7badbc66caf::eave-chain::0:2"", ""e028bcc5-73ee-45f9-924b-d7badbc66caf::eave-chain::0:4""]",6.798948,0.59575,5.16756,"[""building-part:525a59f4c8c5d6822f42"", ""building-part:6797ae5b3e601cb93567"", ""building-part:b710d03831abc95c1b5b""]","[""building-part:525a59f4c8c5d6822f42"", ""building-part:6797ae5b3e601cb93567"", ""building-part:b710d03831abc95c1b5b""]","[""building-part:525a59f4c8c5d6822f42"", ""building-part:6797ae5b3e601cb93567"", ""building-part:7e91059ee0ee3c48947e""]",True,True,True
e028bcc5-73ee-45f9-924b-d7badbc66caf,0,ridge_eave_plane_group,3,e028bcc5-73ee-45f9-924b-d7badbc66caf::ridge-eave-candidate::plane-group::982b6ea30d73,188.562225,142.044546,46.57817,1,0.0435,1.0,0.687364,142.044546,46.57817,0.0,3.399513,3,6.798948,e028bcc5-73ee-45f9-924b-d7badbc66caf::eave-chain::0:4,0.891641,0,0.652382,0.524848,medium,maybe,False,"[""e028bcc5-73ee-45f9-924b-d7badbc66caf::eave-chain::0:0"", ""e028bcc5-73ee-45f9-924b-d7badbc66caf::eave-chain::0:2"", ""e028bcc5-73ee-45f9-924b-d7badbc66caf::eave-chain::0:4""]",6.798948,0.313925,2.90691,"[""building-part:525a59f4c8c5d6822f42""]","[""building-part:525a59f4c8c5d6822f42""]","[""building-part:525a59f4c8c5d6822f42"", ""building-part:6797ae5b3e601cb93567"", ""building-part:7e91059ee0ee3c48947e""]",False,True,True
e496ca55-bafb-4b8b-b3f1-5f6fb5ae8c7e,2,candidate_oblique,0,e496ca55-bafb-4b8b-b3f1-5f6fb5ae8c7e::ceiling-oblique::ceiling-oblique:0,16.435843,31.719819,42.33766,6,0.814225,0.911765,0.869489,16.096057,3.396942,15.181582,0.0,1,3.759911,e496ca55-bafb-4b8b-b3f1-5f6fb5ae8c7e::eave-chain::2:13,0.988139,0,0.871119,0.881941,strong,keep,False,"[""e496ca55-bafb-4b8b-b3f1-5f6fb5ae8c7e::eave-chain::2:13""]",3.759911,0.259769,0.019123,"[""building-part:75a23c4c0e47aa29c809"", ""building-part:cb8315f3a21ad1274a49""]","[""building-part:75a23c4c0e47aa29c809"", ""building-part:cb8315f3a21ad1274a49""]","[""building-part:75a23c4c0e47aa29c809"", ""building-part:cb8315f3a21ad1274a49""]",False,True,True
e496ca55-bafb-4b8b-b3f1-5f6fb5ae8c7e,2,candidate_oblique,1,e496ca55-bafb-4b8b-b3f1-5f6fb5ae8c7e::ceiling-oblique::ceiling-oblique:1,22.298128,211.860385,41.906783,5,0.679487,0.747433,0.998403,0.213642,2.37464,5.787874,5.584186,5,15.823876,e496ca55-bafb-4b8b-b3f1-5f6fb5ae8c7e::eave-chain::2:4,0.991594,0,0.859329,0.820962,strong,keep,False,"[""e496ca55-bafb-4b8b-b3f1-5f6fb5ae8c7e::eave-chain::2:0"", ""e496ca55-bafb-4b8b-b3f1-5f6fb5ae8c7e::eave-chain::2:2"", ""e496ca55-bafb-4b8b-b3f1-5f6fb5ae8c7e::eave-chain::2:4"", ""e496ca55-bafb-4b8b-b3f1-5f6fb5ae8c7e::eave-chain::2:6"", ""e496ca55-bafb-4b8b-b3f1-5f6fb5ae8c7e::eave-chain::2:8""]",15.823876,0.210581,1.262369,"[""building-part:3958608d73ba7b891309"", ""building-part:75a23c4c0e47aa29c809"", ""building-part:cb8315f3a21ad1274a49""]","[""building-part:3958608d73ba7b891309"", ""building-part:75a23c4c0e47aa29c809"", ""building-part:cb8315f3a21ad1274a49""]","[""building-part:3958608d73ba7b891309"", ""building-part:75a23c4c0e47aa29c809"", ""building-part:cb8315f3a21ad1274a49""]",False,True,True
e496ca55-bafb-4b8b-b3f1-5f6fb5ae8c7e,2,committed_oblique,0,e496ca55-bafb-4b8b-b3f1-5f6fb5ae8c7e::roof-oblique::oblique:0,52.087527,31.718597,42.337101,7,0.827909,0.929076,0.739195,31.718597,42.337101,11.909942,13.687354,8,24.955388,e496ca55-bafb-4b8b-b3f1-5f6fb5ae8c7e::eave-chain::2:13,0.988266,0,0.813902,0.864818,strong,keep,False,"[""e496ca55-bafb-4b8b-b3f1-5f6fb5ae8c7e::eave-chain::2:0"", ""e496ca55-bafb-4b8b-b3f1-5f6fb5ae8c7e::eave-chain::2:12"", ""e496ca55-bafb-4b8b-b3f1-5f6fb5ae8c7e::eave-chain::2:13"", ""e496ca55-bafb-4b8b-b3f1-5f6fb5ae8c7e::eave-chain::2:16"", ""e496ca55-bafb-4b8b-b3f1-5f6fb5ae8c7e::eave-chain::2:18"", ""e496ca55-bafb-4b8b-b3f1-5f6fb5ae8c7e::eave-chain::2:2"", ""e496ca55-bafb-4b8b-b3f1-5f6fb5ae8c7e::eave-chain::2:6"", ""e496ca55-bafb-4b8b-b3f1-5f6fb5ae8c7e::eave-chain::2:8""]",24.955388,0.070756,1.935799,"[""building-part:75a23c4c0e47aa29c809"", ""building-part:cb8315f3a21ad1274a49""]","[""building-part:75a23c4c0e47aa29c809"", ""building-part:cb8315f3a21ad1274a49""]","[""building-part:75a23c4c0e47aa29c809"", ""building-part:cb8315f3a21ad1274a49""]",False,True,True
e496ca55-bafb-4b8b-b3f1-5f6fb5ae8c7e,2,committed_oblique,1,e496ca55-bafb-4b8b-b3f1-5f6fb5ae8c7e::roof-oblique::oblique:1,66.602418,211.860042,41.908586,10,0.583276,0.823403,0.744211,31.860042,41.908586,9.111858,16.070291,8,25.751319,e496ca55-bafb-4b8b-b3f1-5f6fb5ae8c7e::eave-chain::2:4,0.991587,0,0.735782,0.746833,medium,keep,False,"[""e496ca55-bafb-4b8b-b3f1-5f6fb5ae8c7e::eave-chain::2:0"", ""e496ca55-bafb-4b8b-b3f1-5f6fb5ae8c7e::eave-chain::2:12"", ""e496ca55-bafb-4b8b-b3f1-5f6fb5ae8c7e::eave-chain::2:16"", ""e496ca55-bafb-4b8b-b3f1-5f6fb5ae8c7e::eave-chain::2:18"", ""e496ca55-bafb-4b8b-b3f1-5f6fb5ae8c7e::eave-chain::2:2"", ""e496ca55-bafb-4b8b-b3f1-5f6fb5ae8c7e::eave-chain::2:4"", ""e496ca55-bafb-4b8b-b3f1-5f6fb5ae8c7e::eave-chain::2:6"", ""e496ca55-bafb-4b8b-b3f1-5f6fb5ae8c7e::eave-chain::2:8""]",25.751319,0.21091,1.723036,"[""building-part:75a23c4c0e47aa29c809"", ""building-part:cb8315f3a21ad1274a49""]","[""building-part:75a23c4c0e47aa29c809"", ""building-part:cb8315f3a21ad1274a49""]","[""building-part:3958608d73ba7b891309"", ""building-part:75a23c4c0e47aa29c809"", ""building-part:cb8315f3a21ad1274a49""]",False,True,True
e496ca55-bafb-4b8b-b3f1-5f6fb5ae8c7e,1,ridge_eave_plane_group,0,e496ca55-bafb-4b8b-b3f1-5f6fb5ae8c7e::ridge-eave-candidate::plane-group::5afcff87c91b,120.821828,31.709498,42.220324,3,0.703738,1.0,0.740566,31.709498,42.220324,0.0,21.350885,4,29.02344,e496ca55-bafb-4b8b-b3f1-5f6fb5ae8c7e::eave-chain::1:2,0.803337,0,0.811031,0.829608,strong,keep,False,"[""e496ca55-bafb-4b8b-b3f1-5f6fb5ae8c7e::eave-chain::1:0"", ""e496ca55-bafb-4b8b-b3f1-5f6fb5ae8c7e::eave-chain::1:2"", ""e496ca55-bafb-4b8b-b3f1-5f6fb5ae8c7e::eave-chain::1:6"", ""e496ca55-bafb-4b8b-b3f1-5f6fb5ae8c7e::eave-chain::1:7""]",29.02344,3.624958,6.560892,"[""building-part:75a23c4c0e47aa29c809"", ""building-part:cb8315f3a21ad1274a49""]","[""building-part:75a23c4c0e47aa29c809"", ""building-part:cb8315f3a21ad1274a49""]","[""building-part:041ca10797bda0a9b4d2"", ""building-part:3025f5c461a56968c344"", ""building-part:3958608d73ba7b891309""]",False,True,True
e496ca55-bafb-4b8b-b3f1-5f6fb5ae8c7e,1,ridge_eave_plane_group,1,e496ca55-bafb-4b8b-b3f1-5f6fb5ae8c7e::ridge-eave-candidate::plane-group::4ef87f97f5ac,120.821828,211.815073,41.431197,3,0.703738,1.0,0.749751,148.184927,41.431197,0.0,21.350885,4,29.02344,e496ca55-bafb-4b8b-b3f1-5f6fb5ae8c7e::eave-chain::1:2,0.806152,0,0.815623,0.831445,strong,keep,False,"[""e496ca55-bafb-4b8b-b3f1-5f6fb5ae8c7e::eave-chain::1:0"", ""e496ca55-bafb-4b8b-b3f1-5f6fb5ae8c7e::eave-chain::1:2"", ""e496ca55-bafb-4b8b-b3f1-5f6fb5ae8c7e::eave-chain::1:6"", ""e496ca55-bafb-4b8b-b3f1-5f6fb5ae8c7e::eave-chain::1:7""]",29.02344,3.519382,2.451415,"[""building-part:3958608d73ba7b891309"", ""building-part:75a23c4c0e47aa29c809"", ""building-part:cb8315f3a21ad1274a49""]","[""building-part:3958608d73ba7b891309"", ""building-part:75a23c4c0e47aa29c809"", ""building-part:cb8315f3a21ad1274a49""]","[""building-part:041ca10797bda0a9b4d2"", ""building-part:3025f5c461a56968c344"", ""building-part:3958608d73ba7b891309""]",False,True,True
e4fe9821-2270-4d23-bc74-703743b5d282,0,ridge_eave_plane_group,0,e4fe9821-2270-4d23-bc74-703743b5d282::ridge-eave-candidate::plane-group::8c6ac064e822,35.585376,268.825209,17.414223,1,0.999988,0.75,0.954166,91.174791,17.414223,0.0,0.0,0,0.0,e4fe9821-2270-4d23-bc74-703743b5d282::eave-chain::0:9,0.490832,0,0.902081,0.740829,strong,keep,False,[],0.0,,,"[""building-part:3df38b45ef571032e937""]","[""building-part:3df38b45ef571032e937""]","[""building-part:2dd73bb22ef3a99edda1""]",True,True,True
e4fe9821-2270-4d23-bc74-703743b5d282,0,ridge_eave_plane_group,1,e4fe9821-2270-4d23-bc74-703743b5d282::ridge-eave-candidate::plane-group::de32955f2501,139.883362,268.825209,17.414223,11,0.694846,0.941725,0.954166,91.174791,17.414223,6.308523,19.042711,6,39.230503,e4fe9821-2270-4d23-bc74-703743b5d282::eave-chain::0:9,0.990832,0,0.89857,0.857117,strong,keep,False,"[""e4fe9821-2270-4d23-bc74-703743b5d282::eave-chain::0:1"", ""e4fe9821-2270-4d23-bc74-703743b5d282::eave-chain::0:12"", ""e4fe9821-2270-4d23-bc74-703743b5d282::eave-chain::0:2"", ""e4fe9821-2270-4d23-bc74-703743b5d282::eave-chain::0:3"", ""e4fe9821-2270-4d23-bc74-703743b5d282::eave-chain::0:6"", ""e4fe9821-2270-4d23-bc74-703743b5d282::eave-chain::0:9""]",39.230503,0.012215,1.774181,"[""building-part:3df38b45ef571032e937""]","[""building-part:3df38b45ef571032e937""]","[""building-part:3df38b45ef571032e937""]",True,False,False
e5adc187-70eb-4828-aa90-5fe3c46dfbce,1,candidate_oblique,0,e5adc187-70eb-4828-aa90-5fe3c46dfbce::ceiling-oblique::ceiling-oblique:0,11.017059,217.672057,48.561641,4,0.504413,0.75,0.997984,0.523458,3.324573,6.969691,0.97043,3,9.511204,e5adc187-70eb-4828-aa90-5fe3c46dfbce::eave-chain::1:3,0.988888,0,0.824874,0.751362,strong,keep,False,"[""e5adc187-70eb-4828-aa90-5fe3c46dfbce::eave-chain::1:2"", ""e5adc187-70eb-4828-aa90-5fe3c46dfbce::eave-chain::1:3"", ""e5adc187-70eb-4828-aa90-5fe3c46dfbce::eave-chain::1:4""]",9.511204,0.30734,0.04442,"[""building-part:806d43b8aa72f3a9538f"", ""building-part:e453683d45389fee8102""]","[""building-part:806d43b8aa72f3a9538f"", ""building-part:e453683d45389fee8102""]","[""building-part:806d43b8aa72f3a9538f"", ""building-part:e453683d45389fee8102""]",True,True,True
e5adc187-70eb-4828-aa90-5fe3c46dfbce,1,candidate_oblique,1,e5adc187-70eb-4828-aa90-5fe3c46dfbce::ceiling-oblique::ceiling-oblique:1,2.879041,37.672088,46.979407,1,0.968865,1.0,0.999988,0.389504,0.002383,6.970088,3.484705,2,8.540774,e5adc187-70eb-4828-aa90-5fe3c46dfbce::eave-chain::1:2,0.994343,0,0.993767,0.987543,strong,keep,False,"[""e5adc187-70eb-4828-aa90-5fe3c46dfbce::eave-chain::1:2"", ""e5adc187-70eb-4828-aa90-5fe3c46dfbce::eave-chain::1:3""]",8.540774,0.258816,1.865743,"[""building-part:806d43b8aa72f3a9538f""]","[""building-part:806d43b8aa72f3a9538f""]","[""building-part:806d43b8aa72f3a9538f""]",True,False,False
e5adc187-70eb-4828-aa90-5fe3c46dfbce,1,candidate_oblique,2,e5adc187-70eb-4828-aa90-5fe3c46dfbce::ceiling-oblique::ceiling-oblique:2,1.244931,127.67202,43.360888,1,0.996246,0.823529,0.999999,0.08855,0.041668,4.829901,2.414902,1,2.414902,e5adc187-70eb-4828-aa90-5fe3c46dfbce::eave-chain::1:10,0.998901,0,0.946308,0.963204,strong,keep,False,"[""e5adc187-70eb-4828-aa90-5fe3c46dfbce::eave-chain::1:10""]",2.414902,0.040653,6e-05,"[""building-part:e453683d45389fee8102""]","[""building-part:e453683d45389fee8102""]","[""building-part:e453683d45389fee8102""]",False,True,True
e5adc187-70eb-4828-aa90-5fe3c46dfbce,1,committed_oblique,0,e5adc187-70eb-4828-aa90-5fe3c46dfbce::roof-oblique::oblique:0,11.309965,217.673767,48.568002,4,0.751173,0.75,0.997981,0.523458,3.324573,6.969691,6.026499,3,9.511204,e5adc187-70eb-4828-aa90-5fe3c46dfbce::eave-chain::1:3,0.988883,0,0.874225,0.850065,strong,keep,False,"[""e5adc187-70eb-4828-aa90-5fe3c46dfbce::eave-chain::1:2"", ""e5adc187-70eb-4828-aa90-5fe3c46dfbce::eave-chain::1:3"", ""e5adc187-70eb-4828-aa90-5fe3c46dfbce::eave-chain::1:4""]",9.511204,0.30734,0.044004,"[""building-part:806d43b8aa72f3a9538f"", ""building-part:e453683d45389fee8102""]","[""building-part:806d43b8aa72f3a9538f"", ""building-part:e453683d45389fee8102""]","[""building-part:806d43b8aa72f3a9538f"", ""building-part:e453683d45389fee8102""]",True,True,True
e5adc187-70eb-4828-aa90-5fe3c46dfbce,1,committed_oblique,1,e5adc187-70eb-4828-aa90-5fe3c46dfbce::roof-oblique::oblique:1,6.212768,37.669358,46.973481,2,0.997945,1.0,0.841162,19.028066,23.490895,6.970088,3.484705,2,8.540774,e5adc187-70eb-4828-aa90-5fe3c46dfbce::eave-chain::1:2,0.994212,0,0.92017,0.967411,strong,keep,False,"[""e5adc187-70eb-4828-aa90-5fe3c46dfbce::eave-chain::1:2"", ""e5adc187-70eb-4828-aa90-5fe3c46dfbce::eave-chain::1:3""]",8.540774,0.258816,1.865859,"[""building-part:806d43b8aa72f3a9538f""]","[""building-part:806d43b8aa72f3a9538f""]","[""building-part:806d43b8aa72f3a9538f"", ""building-part:e453683d45389fee8102""]",True,True,True
e5adc187-70eb-4828-aa90-5fe3c46dfbce,1,committed_oblique,2,e5adc187-70eb-4828-aa90-5fe3c46dfbce::roof-oblique::oblique:2,2.453862,127.680911,43.366053,2,0.999148,0.823529,0.86349,26.199374,21.701278,4.829901,2.414902,1,2.414902,e5adc187-70eb-4828-aa90-5fe3c46dfbce::eave-chain::1:10,0.998907,0,0.878634,0.937063,strong,keep,False,"[""e5adc187-70eb-4828-aa90-5fe3c46dfbce::eave-chain::1:10""]",2.414902,0.040653,3.4e-05,"[""building-part:806d43b8aa72f3a9538f"", ""building-part:d65970d04373226ea491"", ""building-part:e453683d45389fee8102""]","[""building-part:806d43b8aa72f3a9538f"", ""building-part:d65970d04373226ea491"", ""building-part:e453683d45389fee8102""]","[""building-part:806d43b8aa72f3a9538f"", ""building-part:e453683d45389fee8102""]",True,True,True
e5adc187-70eb-4828-aa90-5fe3c46dfbce,1,ridge_eave_plane_group,1,e5adc187-70eb-4828-aa90-5fe3c46dfbce::ridge-eave-candidate::plane-group::9ffb738d190a,10.838835,37.672088,46.97945,3,0.355906,0.941176,0.682261,37.672088,3.576894,6.970088,0.0,2,8.540774,e5adc187-70eb-4828-aa90-5fe3c46dfbce::eave-chain::1:2,0.90995,0,0.694664,0.66705,medium,keep,False,"[""e5adc187-70eb-4828-aa90-5fe3c46dfbce::eave-chain::1:2"", ""e5adc187-70eb-4828-aa90-5fe3c46dfbce::eave-chain::1:3""]",8.540774,0.258816,1.865924,"[""building-part:806d43b8aa72f3a9538f""]","[""building-part:806d43b8aa72f3a9538f""]","[""building-part:806d43b8aa72f3a9538f""]",True,True,True
e5adc187-70eb-4828-aa90-5fe3c46dfbce,0,ridge_eave_plane_group,2,e5adc187-70eb-4828-aa90-5fe3c46dfbce::ridge-eave-candidate::plane-group::7af48562a880,75.137067,37.672088,46.97945,1,0.00953,1.0,0.682261,142.327912,46.97945,0.0,0.0,0,0.0,,,0,0.643036,0.340264,medium,drop_candidate,False,[],0.0,,,"[""building-part:806d43b8aa72f3a9538f""]","[""building-part:806d43b8aa72f3a9538f""]","[""building-part:806d43b8aa72f3a9538f"", ""building-part:d65970d04373226ea491""]",True,True,True
e5adc187-70eb-4828-aa90-5fe3c46dfbce,0,ridge_eave_plane_group,6,e5adc187-70eb-4828-aa90-5fe3c46dfbce::ridge-eave-candidate::plane-group::d5080f6d4392,79.843045,127.67202,43.360888,1,0.008968,1.0,0.727044,52.32798,43.360888,0.0,0.0,0,0.0,,,0,0.665315,0.348996,medium,drop_candidate,False,[],0.0,,,"[""building-part:e453683d45389fee8102""]","[""building-part:e453683d45389fee8102""]","[""building-part:806d43b8aa72f3a9538f"", ""building-part:d65970d04373226ea491""]",False,True,True
e5adc187-70eb-4828-aa90-5fe3c46dfbce,0,ridge_eave_plane_group,7,e5adc187-70eb-4828-aa90-5fe3c46dfbce::ridge-eave-candidate::plane-group::6ba8337497ec,91.193686,307.672108,47.056054,1,0.046814,1.0,0.681283,127.672108,47.056054,0.0,0.0,0,0.0,,,0,0.650004,0.354982,medium,drop_candidate,False,[],0.0,,,"[""building-part:e453683d45389fee8102""]","[""building-part:e453683d45389fee8102""]","[""building-part:806d43b8aa72f3a9538f"", ""building-part:d65970d04373226ea491""]",False,True,True
e5adc187-70eb-4828-aa90-5fe3c46dfbce,0,ridge_eave_plane_group,8,e5adc187-70eb-4828-aa90-5fe3c46dfbce::ridge-eave-candidate::plane-group::d59c0b664786,74.26595,217.672057,48.563742,1,0.009641,1.0,0.661786,37.672057,48.563742,0.0,0.0,0,0.0,,,0,0.632821,0.336214,medium,drop_candidate,False,[],0.0,,,"[""building-part:806d43b8aa72f3a9538f"", ""building-part:e453683d45389fee8102""]","[""building-part:806d43b8aa72f3a9538f"", ""building-part:e453683d45389fee8102""]","[""building-part:806d43b8aa72f3a9538f"", ""building-part:d65970d04373226ea491""]",True,True,True
e661e7b6-303d-415c-b378-2d9dd2fbfd6f,1,candidate_oblique,0,e661e7b6-303d-415c-b378-2d9dd2fbfd6f::ceiling-oblique::ceiling-oblique:0,11.778136,148.027187,49.536162,3,0.848167,0.504723,0.99984,1.33031,0.184903,0.0,7.538092,2,7.538092,e661e7b6-303d-415c-b378-2d9dd2fbfd6f::eave-chain::1:5,0.966552,1,0.820971,0.790179,strong,keep,True,"[""e661e7b6-303d-415c-b378-2d9dd2fbfd6f::eave-chain::1:5"", ""e661e7b6-303d-415c-b378-2d9dd2fbfd6f::eave-chain::1:6""]",7.538092,0.93177,0.085944,"[""building-part:541e0f27648c9d88d906"", ""building-part:6f690b2674acce14c92d"", ""building-part:a89d9423eaf25e71aa0f"", ""building-part:bc9d8fc77969d0b86e03""]","[""building-part:541e0f27648c9d88d906"", ""building-part:6f690b2674acce14c92d"", ""building-part:a89d9423eaf25e71aa0f"", ""building-part:bc9d8fc77969d0b86e03""]","[""building-part:541e0f27648c9d88d906"", ""building-part:6f690b2674acce14c92d"", ""building-part:a89d9423eaf25e71aa0f"", ""building-part:bc9d8fc77969d0b86e03""]",True,True,True
e661e7b6-303d-415c-b378-2d9dd2fbfd6f,1,candidate_oblique,1,e661e7b6-303d-415c-b378-2d9dd2fbfd6f::ceiling-oblique::ceiling-oblique:1,10.362734,326.712297,50.460002,4,0.788154,0.603939,0.796775,27.392974,26.194156,0.0,0.0,0,0.0,e661e7b6-303d-415c-b378-2d9dd2fbfd6f::eave-chain::1:7,0.5,2,0.7372,0.495404,medium,maybe,True,[],0.0,,,"[""building-part:541e0f27648c9d88d906"", ""building-part:69e824125f8e5e2a0088"", ""building-part:6f690b2674acce14c92d"", ""building-part:bc9d8fc77969d0b86e03""]","[""building-part:541e0f27648c9d88d906"", ""building-part:69e824125f8e5e2a0088"", ""building-part:6f690b2674acce14c92d"", ""building-part:bc9d8fc77969d0b86e03""]","[""building-part:541e0f27648c9d88d906"", ""building-part:69e824125f8e5e2a0088"", ""building-part:6f690b2674acce14c92d"", ""building-part:bc9d8fc77969d0b86e03""]",True,True,True
e661e7b6-303d-415c-b378-2d9dd2fbfd6f,1,committed_oblique,0,e661e7b6-303d-415c-b378-2d9dd2fbfd6f::roof-oblique::oblique:0,24.53572,148.027038,49.54258,5,0.690402,0.608097,0.648883,31.972962,49.54258,0.0,3.767588,2,7.538092,e661e7b6-303d-415c-b378-2d9dd2fbfd6f::eave-chain::1:5,0.966493,1,0.644951,0.665936,medium,keep,True,"[""e661e7b6-303d-415c-b378-2d9dd2fbfd6f::eave-chain::1:5"", ""e661e7b6-303d-415c-b378-2d9dd2fbfd6f::eave-chain::1:6""]",7.538092,0.93177,0.086137,"[""building-part:541e0f27648c9d88d906"", ""building-part:6f690b2674acce14c92d"", ""building-part:a89d9423eaf25e71aa0f"", ""building-part:bc9d8fc77969d0b86e03""]","[""building-part:541e0f27648c9d88d906"", ""building-part:6f690b2674acce14c92d"", ""building-part:a89d9423eaf25e71aa0f"", ""building-part:bc9d8fc77969d0b86e03""]","[""building-part:541e0f27648c9d88d906"", ""building-part:69e824125f8e5e2a0088"", ""building-part:6f690b2674acce14c92d"", ""building-part:a89d9423eaf25e71aa0f"", ""building-part:bc9d8fc77969d0b86e03""]",True,True,True
e661e7b6-303d-415c-b378-2d9dd2fbfd6f,1,committed_oblique,1,e661e7b6-303d-415c-b378-2d9dd2fbfd6f::roof-oblique::oblique:1,33.871962,326.711941,50.458929,5,0.681709,0.588414,0.636631,33.288059,50.458929,0.0,0.0,0,0.0,e661e7b6-303d-415c-b378-2d9dd2fbfd6f::eave-chain::1:10,0.5,2,0.631182,0.417693,medium,drop_candidate,True,[],0.0,,,"[""building-part:541e0f27648c9d88d906"", ""building-part:69e824125f8e5e2a0088"", ""building-part:6f690b2674acce14c92d"", ""building-part:bc9d8fc77969d0b86e03""]","[""building-part:541e0f27648c9d88d906"", ""building-part:69e824125f8e5e2a0088"", ""building-part:6f690b2674acce14c92d"", ""building-part:bc9d8fc77969d0b86e03""]","[""building-part:541e0f27648c9d88d906"", ""building-part:69e824125f8e5e2a0088"", ""building-part:6f690b2674acce14c92d"", ""building-part:bc9d8fc77969d0b86e03""]",True,True,True
e661e7b6-303d-415c-b378-2d9dd2fbfd6f,1,ridge_eave_plane_group,0,e661e7b6-303d-415c-b378-2d9dd2fbfd6f::ridge-eave-candidate::plane-group::6ba22f548358,46.969166,114.114691,9.219344,8,0.511417,0.55703,0.866111,90.0,24.688245,0.0,7.128683,5,21.455587,e661e7b6-303d-415c-b378-2d9dd2fbfd6f::eave-chain::1:1,0.918626,2,0.702448,0.589195,medium,maybe,True,"[""e661e7b6-303d-415c-b378-2d9dd2fbfd6f::eave-chain::1:1"", ""e661e7b6-303d-415c-b378-2d9dd2fbfd6f::eave-chain::1:10"", ""e661e7b6-303d-415c-b378-2d9dd2fbfd6f::eave-chain::1:3"", ""e661e7b6-303d-415c-b378-2d9dd2fbfd6f::eave-chain::1:4"", ""e661e7b6-303d-415c-b378-2d9dd2fbfd6f::eave-chain::1:8""]",21.455587,1.793162,0.294649,"[""building-part:6f690b2674acce14c92d""]","[""building-part:6f690b2674acce14c92d""]","[""building-part:541e0f27648c9d88d906"", ""building-part:6f690b2674acce14c92d"", ""building-part:bc9d8fc77969d0b86e03""]",True,True,True
e661e7b6-303d-415c-b378-2d9dd2fbfd6f,1,ridge_eave_plane_group,1,e661e7b6-303d-415c-b378-2d9dd2fbfd6f::ridge-eave-candidate::plane-group::2367a81e00dc,36.471434,114.114691,9.219344,5,0.893979,0.57603,0.987082,114.114691,9.219344,0.0,10.9911,5,21.455587,e661e7b6-303d-415c-b378-2d9dd2fbfd6f::eave-chain::1:10,0.918911,3,0.845146,0.720214,strong,keep,True,"[""e661e7b6-303d-415c-b378-2d9dd2fbfd6f::eave-chain::1:1"", ""e661e7b6-303d-415c-b378-2d9dd2fbfd6f::eave-chain::1:10"", ""e661e7b6-303d-415c-b378-2d9dd2fbfd6f::eave-chain::1:3"", ""e661e7b6-303d-415c-b378-2d9dd2fbfd6f::eave-chain::1:4"", ""e661e7b6-303d-415c-b378-2d9dd2fbfd6f::eave-chain::1:8""]",21.455587,1.793162,0.294649,"[""building-part:6f690b2674acce14c92d""]","[""building-part:6f690b2674acce14c92d""]","[""building-part:541e0f27648c9d88d906"", ""building-part:69e824125f8e5e2a0088"", ""building-part:6f690b2674acce14c92d"", ""building-part:a89d9423eaf25e71aa0f"", ""building-part:bc9d8fc77969d0b86e03""]",True,True,True
e661e7b6-303d-415c-b378-2d9dd2fbfd6f,0,ridge_eave_plane_group,2,e661e7b6-303d-415c-b378-2d9dd2fbfd6f::ridge-eave-candidate::plane-group::3ec13c07566a,16.486797,114.114691,9.219344,0,0.0,0.0,,,,0.0,0.0,0,0.0,,,0,0.0,0.0,weak,drop_candidate,False,[],0.0,,,"[""building-part:6f690b2674acce14c92d""]","[""building-part:6f690b2674acce14c92d""]","[""building-part:541e0f27648c9d88d906"", ""building-part:e216edd98b8f54e2dae6""]",True,True,True
e661e7b6-303d-415c-b378-2d9dd2fbfd6f,1,ridge_eave_plane_group,9,e661e7b6-303d-415c-b378-2d9dd2fbfd6f::ridge-eave-candidate::plane-group::8e510e2abaad,41.501347,148.024177,49.532429,6,0.470968,0.556948,0.649018,31.975823,49.532429,0.0,3.767588,2,7.538092,e661e7b6-303d-415c-b378-2d9dd2fbfd6f::eave-chain::1:5,0.957135,1,0.585787,0.56796,medium,maybe,True,"[""e661e7b6-303d-415c-b378-2d9dd2fbfd6f::eave-chain::1:5"", ""e661e7b6-303d-415c-b378-2d9dd2fbfd6f::eave-chain::1:6""]",7.538092,0.928761,0.085712,"[""building-part:541e0f27648c9d88d906"", ""building-part:6f690b2674acce14c92d"", ""building-part:bc9d8fc77969d0b86e03""]","[""building-part:541e0f27648c9d88d906"", ""building-part:6f690b2674acce14c92d"", ""building-part:bc9d8fc77969d0b86e03""]","[""building-part:541e0f27648c9d88d906"", ""building-part:69e824125f8e5e2a0088"", ""building-part:6f690b2674acce14c92d"", ""building-part:a89d9423eaf25e71aa0f"", ""building-part:bc9d8fc77969d0b86e03""]",True,True,True
e661e7b6-303d-415c-b378-2d9dd2fbfd6f,1,ridge_eave_plane_group,10,e661e7b6-303d-415c-b378-2d9dd2fbfd6f::ridge-eave-candidate::plane-group::fcf9fcad0f30,31.641591,148.024177,49.532429,5,0.937177,0.57603,0.649018,148.024177,49.532429,0.0,0.0,0,0.0,e661e7b6-303d-415c-b378-2d9dd2fbfd6f::eave-chain::1:5,0.576189,3,0.684753,0.46988,medium,maybe,True,[],0.0,,,"[""building-part:541e0f27648c9d88d906"", ""building-part:6f690b2674acce14c92d"", ""building-part:bc9d8fc77969d0b86e03""]","[""building-part:541e0f27648c9d88d906"", ""building-part:6f690b2674acce14c92d"", ""building-part:bc9d8fc77969d0b86e03""]","[""building-part:541e0f27648c9d88d906"", ""building-part:69e824125f8e5e2a0088"", ""building-part:6f690b2674acce14c92d"", ""building-part:a89d9423eaf25e71aa0f"", ""building-part:bc9d8fc77969d0b86e03""]",True,True,True
e661e7b6-303d-415c-b378-2d9dd2fbfd6f,1,ridge_eave_plane_group,11,e661e7b6-303d-415c-b378-2d9dd2fbfd6f::ridge-eave-candidate::plane-group::8817e195a7ba,73.605743,326.712185,50.457533,8,0.645413,0.55703,0.63665,90.0,26.194156,0.0,3.767588,2,7.538092,e661e7b6-303d-415c-b378-2d9dd2fbfd6f::eave-chain::1:5,0.877971,3,0.614517,0.53528,medium,maybe,True,"[""e661e7b6-303d-415c-b378-2d9dd2fbfd6f::eave-chain::1:5"", ""e661e7b6-303d-415c-b378-2d9dd2fbfd6f::eave-chain::1:6""]",7.538092,0.442839,5.616698,"[""building-part:541e0f27648c9d88d906"", ""building-part:6f690b2674acce14c92d"", ""building-part:bc9d8fc77969d0b86e03""]","[""building-part:541e0f27648c9d88d906"", ""building-part:6f690b2674acce14c92d"", ""building-part:bc9d8fc77969d0b86e03""]","[""building-part:541e0f27648c9d88d906"", ""building-part:69e824125f8e5e2a0088"", ""building-part:6f690b2674acce14c92d"", ""building-part:a89d9423eaf25e71aa0f"", ""building-part:bc9d8fc77969d0b86e03""]",True,True,True
e721a943-1c4f-4bd6-b8a3-f9558de79921,0,candidate_oblique,0,e721a943-1c4f-4bd6-b8a3-f9558de79921::ceiling-oblique::ceiling-oblique:0,6.663649,209.850516,18.747662,1,0.999978,1.0,1.0,2.3e-05,0.000186,0.0,9.469212,6,42.929352,e721a943-1c4f-4bd6-b8a3-f9558de79921::eave-chain::0:11,0.999977,0,0.999996,0.999991,strong,keep,False,"[""e721a943-1c4f-4bd6-b8a3-f9558de79921::eave-chain::0:0"", ""e721a943-1c4f-4bd6-b8a3-f9558de79921::eave-chain::0:10"", ""e721a943-1c4f-4bd6-b8a3-f9558de79921::eave-chain::0:11"", ""e721a943-1c4f-4bd6-b8a3-f9558de79921::eave-chain::0:2"", ""e721a943-1c4f-4bd6-b8a3-f9558de79921::eave-chain::0:8"", ""e721a943-1c4f-4bd6-b8a3-f9558de79921::eave-chain::0:9""]",42.929352,0.042881,0.455523,"[""building-part:1e5b8228a3dc686248d1"", ""building-part:ac312a5cf836c78c1616""]","[""building-part:1e5b8228a3dc686248d1"", ""building-part:ac312a5cf836c78c1616""]","[""building-part:1e5b8228a3dc686248d1"", ""building-part:ac312a5cf836c78c1616""]",True,True,True
e721a943-1c4f-4bd6-b8a3-f9558de79921,0,committed_oblique,0,e721a943-1c4f-4bd6-b8a3-f9558de79921::roof-oblique::oblique:0,8.247716,209.868318,18.749305,2,0.960043,1.0,0.973467,14.943072,9.375567,0.0,9.469212,6,42.929352,e721a943-1c4f-4bd6-b8a3-f9558de79921::eave-chain::0:11,0.999968,0,0.978742,0.978711,strong,keep,False,"[""e721a943-1c4f-4bd6-b8a3-f9558de79921::eave-chain::0:0"", ""e721a943-1c4f-4bd6-b8a3-f9558de79921::eave-chain::0:10"", ""e721a943-1c4f-4bd6-b8a3-f9558de79921::eave-chain::0:11"", ""e721a943-1c4f-4bd6-b8a3-f9558de79921::eave-chain::0:2"", ""e721a943-1c4f-4bd6-b8a3-f9558de79921::eave-chain::0:8"", ""e721a943-1c4f-4bd6-b8a3-f9558de79921::eave-chain::0:9""]",42.929352,0.042881,0.455179,"[""building-part:1e5b8228a3dc686248d1""]","[""building-part:1e5b8228a3dc686248d1""]","[""building-part:1e5b8228a3dc686248d1"", ""building-part:ac312a5cf836c78c1616""]",False,True,True
e721a943-1c4f-4bd6-b8a3-f9558de79921,0,ridge_eave_plane_group,0,e721a943-1c4f-4bd6-b8a3-f9558de79921::ridge-eave-candidate::plane-group::8a8004c8573a,76.237365,209.850516,18.747662,9,0.97105,1.0,0.946943,29.850516,18.747662,0.0,23.889515,6,42.929352,e721a943-1c4f-4bd6-b8a3-f9558de79921::eave-chain::0:11,0.999977,0,0.967682,0.977809,strong,keep,False,"[""e721a943-1c4f-4bd6-b8a3-f9558de79921::eave-chain::0:0"", ""e721a943-1c4f-4bd6-b8a3-f9558de79921::eave-chain::0:10"", ""e721a943-1c4f-4bd6-b8a3-f9558de79921::eave-chain::0:11"", ""e721a943-1c4f-4bd6-b8a3-f9558de79921::eave-chain::0:2"", ""e721a943-1c4f-4bd6-b8a3-f9558de79921::eave-chain::0:8"", ""e721a943-1c4f-4bd6-b8a3-f9558de79921::eave-chain::0:9""]",42.929352,0.042881,0.455523,"[""building-part:1e5b8228a3dc686248d1""]","[""building-part:1e5b8228a3dc686248d1""]","[""building-part:1e5b8228a3dc686248d1"", ""building-part:ac312a5cf836c78c1616""]",False,True,True
e7452ac7-517e-4321-9201-d52bf7f0cae9,0,candidate_oblique,0,e7452ac7-517e-4321-9201-d52bf7f0cae9::ceiling-oblique::ceiling-oblique:0,52.9592,48.559379,12.842378,7,0.968778,0.904762,0.997262,5.655191,4.111284,0.0,36.139752,12,79.025108,e7452ac7-517e-4321-9201-d52bf7f0cae9::eave-chain::0:14,0.985759,0,0.963815,0.967916,strong,keep,False,"[""e7452ac7-517e-4321-9201-d52bf7f0cae9::eave-chain::0:1"", ""e7452ac7-517e-4321-9201-d52bf7f0cae9::eave-chain::0:12"", ""e7452ac7-517e-4321-9201-d52bf7f0cae9::eave-chain::0:14"", ""e7452ac7-517e-4321-9201-d52bf7f0cae9::eave-chain::0:15"", ""e7452ac7-517e-4321-9201-d52bf7f0cae9::eave-chain::0:18"", ""e7452ac7-517e-4321-9201-d52bf7f0cae9::eave-chain::0:20"", ""e7452ac7-517e-4321-9201-d52bf7f0cae9::eave-chain::0:21"", ""e7452ac7-517e-4321-9201-d52bf7f0cae9::eave-chain::0:3"", ""e7452ac7-517e-4321-9201-d52bf7f0cae9::eave-chain::0:6"", ""e7452ac7-517e-4321-9201-d52bf7f0cae9::eave-chain::0:7"", ""e7452ac7-517e-4321-9201-d52bf7f0cae9::eave-chain::0:8"", ""e7452ac7-517e-4321-9201-d52bf7f0cae9::eave-chain::0:9""]",79.025108,0.038646,0.925669,"[""building-part:11d5b77f1c09fab7c1b2"", ""building-part:4edb670b91a8db680962"", ""building-part:6b8a614e15ade27f4b24"", ""building-part:ad0d11c4d5c8f1862786"", ""building-part:e6e1b56b0501f119bd36""]","[""building-part:11d5b77f1c09fab7c1b2"", ""building-part:4edb670b91a8db680962"", ""building-part:6b8a614e15ade27f4b24"", ""building-part:ad0d11c4d5c8f1862786"", ""building-part:e6e1b56b0501f119bd36""]","[""building-part:11d5b77f1c09fab7c1b2"", ""building-part:4edb670b91a8db680962"", ""building-part:6b8a614e15ade27f4b24"", ""building-part:ad0d11c4d5c8f1862786"", ""building-part:e6e1b56b0501f119bd36""]",True,True,True
e7452ac7-517e-4321-9201-d52bf7f0cae9,0,committed_oblique,0,e7452ac7-517e-4321-9201-d52bf7f0cae9::roof-oblique::oblique:0,63.964531,48.567377,12.844031,15,0.939408,0.944444,0.974979,48.567377,12.844031,0.0,17.800388,12,79.025108,e7452ac7-517e-4321-9201-d52bf7f0cae9::eave-chain::0:14,0.987009,0,0.958704,0.959648,strong,keep,False,"[""e7452ac7-517e-4321-9201-d52bf7f0cae9::eave-chain::0:1"", ""e7452ac7-517e-4321-9201-d52bf7f0cae9::eave-chain::0:12"", ""e7452ac7-517e-4321-9201-d52bf7f0cae9::eave-chain::0:14"", ""e7452ac7-517e-4321-9201-d52bf7f0cae9::eave-chain::0:15"", ""e7452ac7-517e-4321-9201-d52bf7f0cae9::eave-chain::0:18"", ""e7452ac7-517e-4321-9201-d52bf7f0cae9::eave-chain::0:20"", ""e7452ac7-517e-4321-9201-d52bf7f0cae9::eave-chain::0:21"", ""e7452ac7-517e-4321-9201-d52bf7f0cae9::eave-chain::0:3"", ""e7452ac7-517e-4321-9201-d52bf7f0cae9::eave-chain::0:6"", ""e7452ac7-517e-4321-9201-d52bf7f0cae9::eave-chain::0:7"", ""e7452ac7-517e-4321-9201-d52bf7f0cae9::eave-chain::0:8"", ""e7452ac7-517e-4321-9201-d52bf7f0cae9::eave-chain::0:9""]",79.025108,0.038646,0.925871,"[""building-part:4edb670b91a8db680962"", ""building-part:6b8a614e15ade27f4b24"", ""building-part:ad0d11c4d5c8f1862786""]","[""building-part:4edb670b91a8db680962"", ""building-part:6b8a614e15ade27f4b24"", ""building-part:ad0d11c4d5c8f1862786""]","[""building-part:11d5b77f1c09fab7c1b2"", ""building-part:4edb670b91a8db680962"", ""building-part:6b8a614e15ade27f4b24"", ""building-part:ad0d11c4d5c8f1862786"", ""building-part:e6e1b56b0501f119bd36""]",False,True,True
e7452ac7-517e-4321-9201-d52bf7f0cae9,0,ridge_eave_plane_group,0,e7452ac7-517e-4321-9201-d52bf7f0cae9::ridge-eave-candidate::plane-group::fdca87ef9e3a,148.220711,48.593744,12.842575,19,0.92529,0.95614,0.974984,48.593744,12.842575,0.0,39.860126,12,79.025108,e7452ac7-517e-4321-9201-d52bf7f0cae9::eave-chain::0:14,0.994165,0,0.959392,0.956341,strong,keep,False,"[""e7452ac7-517e-4321-9201-d52bf7f0cae9::eave-chain::0:1"", ""e7452ac7-517e-4321-9201-d52bf7f0cae9::eave-chain::0:12"", ""e7452ac7-517e-4321-9201-d52bf7f0cae9::eave-chain::0:14"", ""e7452ac7-517e-4321-9201-d52bf7f0cae9::eave-chain::0:15"", ""e7452ac7-517e-4321-9201-d52bf7f0cae9::eave-chain::0:18"", ""e7452ac7-517e-4321-9201-d52bf7f0cae9::eave-chain::0:20"", ""e7452ac7-517e-4321-9201-d52bf7f0cae9::eave-chain::0:21"", ""e7452ac7-517e-4321-9201-d52bf7f0cae9::eave-chain::0:3"", ""e7452ac7-517e-4321-9201-d52bf7f0cae9::eave-chain::0:6"", ""e7452ac7-517e-4321-9201-d52bf7f0cae9::eave-chain::0:7"", ""e7452ac7-517e-4321-9201-d52bf7f0cae9::eave-chain::0:8"", ""e7452ac7-517e-4321-9201-d52bf7f0cae9::eave-chain::0:9""]",79.025108,0.028008,0.951443,"[""building-part:11d5b77f1c09fab7c1b2"", ""building-part:4edb670b91a8db680962"", ""building-part:6b8a614e15ade27f4b24"", ""building-part:ad0d11c4d5c8f1862786"", ""building-part:e6e1b56b0501f119bd36""]","[""building-part:11d5b77f1c09fab7c1b2"", ""building-part:4edb670b91a8db680962"", ""building-part:6b8a614e15ade27f4b24"", ""building-part:ad0d11c4d5c8f1862786"", ""building-part:e6e1b56b0501f119bd36""]","[""building-part:11d5b77f1c09fab7c1b2"", ""building-part:4edb670b91a8db680962"", ""building-part:52be0077f5c73ec24110"", ""building-part:6b8a614e15ade27f4b24"", ""building-part:ad0d11c4d5c8f1862786"", ""building-part:e6e1b56b0501f119bd36""]",True,True,True
e7452ac7-517e-4321-9201-d52bf7f0cae9,0,ridge_eave_plane_group,1,e7452ac7-517e-4321-9201-d52bf7f0cae9::ridge-eave-candidate::plane-group::a5d322aee0ef,148.220711,228.59627,8.127646,19,0.92529,0.95614,0.989956,131.40373,8.127646,0.0,39.860126,12,79.025108,e7452ac7-517e-4321-9201-d52bf7f0cae9::eave-chain::0:12,0.991332,0,0.966878,0.959335,strong,keep,False,"[""e7452ac7-517e-4321-9201-d52bf7f0cae9::eave-chain::0:1"", ""e7452ac7-517e-4321-9201-d52bf7f0cae9::eave-chain::0:12"", ""e7452ac7-517e-4321-9201-d52bf7f0cae9::eave-chain::0:14"", ""e7452ac7-517e-4321-9201-d52bf7f0cae9::eave-chain::0:15"", ""e7452ac7-517e-4321-9201-d52bf7f0cae9::eave-chain::0:18"", ""e7452ac7-517e-4321-9201-d52bf7f0cae9::eave-chain::0:20"", ""e7452ac7-517e-4321-9201-d52bf7f0cae9::eave-chain::0:21"", ""e7452ac7-517e-4321-9201-d52bf7f0cae9::eave-chain::0:3"", ""e7452ac7-517e-4321-9201-d52bf7f0cae9::eave-chain::0:6"", ""e7452ac7-517e-4321-9201-d52bf7f0cae9::eave-chain::0:7"", ""e7452ac7-517e-4321-9201-d52bf7f0cae9::eave-chain::0:8"", ""e7452ac7-517e-4321-9201-d52bf7f0cae9::eave-chain::0:9""]",79.025108,0.028008,0.603026,"[""building-part:11d5b77f1c09fab7c1b2"", ""building-part:ad0d11c4d5c8f1862786"", ""building-part:e6e1b56b0501f119bd36""]","[""building-part:11d5b77f1c09fab7c1b2"", ""building-part:ad0d11c4d5c8f1862786"", ""building-part:e6e1b56b0501f119bd36""]","[""building-part:11d5b77f1c09fab7c1b2"", ""building-part:4edb670b91a8db680962"", ""building-part:52be0077f5c73ec24110"", ""building-part:6b8a614e15ade27f4b24"", ""building-part:ad0d11c4d5c8f1862786"", ""building-part:e6e1b56b0501f119bd36""]",True,True,True
e93694c4-b9a9-4184-ab47-4d0d0a8504b2,0,candidate_oblique,0,e93694c4-b9a9-4184-ab47-4d0d0a8504b2::ceiling-oblique::ceiling-oblique:0,3.536795,164.021303,14.74115,1,0.974311,1.0,0.999998,0.502191,0.001282,6.327521,3.163243,7,35.593611,e93694c4-b9a9-4184-ab47-4d0d0a8504b2::eave-chain::0:3,0.999137,0,0.994861,0.989724,strong,keep,False,"[""e93694c4-b9a9-4184-ab47-4d0d0a8504b2::eave-chain::0:14"", ""e93694c4-b9a9-4184-ab47-4d0d0a8504b2::eave-chain::0:2"", ""e93694c4-b9a9-4184-ab47-4d0d0a8504b2::eave-chain::0:3"", ""e93694c4-b9a9-4184-ab47-4d0d0a8504b2::eave-chain::0:4"", ""e93694c4-b9a9-4184-ab47-4d0d0a8504b2::eave-chain::0:6"", ""e93694c4-b9a9-4184-ab47-4d0d0a8504b2::eave-chain::0:8"", ""e93694c4-b9a9-4184-ab47-4d0d0a8504b2::eave-chain::0:9""]",35.593611,0.03156,0.289084,"[""building-part:0b558dc4fec259c5b3df""]","[""building-part:0b558dc4fec259c5b3df""]","[""building-part:0b558dc4fec259c5b3df""]",False,True,False
e93694c4-b9a9-4184-ab47-4d0d0a8504b2,0,committed_oblique,0,e93694c4-b9a9-4184-ab47-4d0d0a8504b2::roof-oblique::oblique:0,5.231409,164.01476,14.746476,3,0.999522,1.0,0.967062,15.98524,14.746476,6.327521,4.303088,7,35.593611,e93694c4-b9a9-4184-ab47-4d0d0a8504b2::eave-chain::0:3,0.999133,0,0.983435,0.993221,strong,keep,False,"[""e93694c4-b9a9-4184-ab47-4d0d0a8504b2::eave-chain::0:14"", ""e93694c4-b9a9-4184-ab47-4d0d0a8504b2::eave-chain::0:2"", ""e93694c4-b9a9-4184-ab47-4d0d0a8504b2::eave-chain::0:3"", ""e93694c4-b9a9-4184-ab47-4d0d0a8504b2::eave-chain::0:4"", ""e93694c4-b9a9-4184-ab47-4d0d0a8504b2::eave-chain::0:6"", ""e93694c4-b9a9-4184-ab47-4d0d0a8504b2::eave-chain::0:8"", ""e93694c4-b9a9-4184-ab47-4d0d0a8504b2::eave-chain::0:9""]",35.593611,0.03156,0.289401,"[""building-part:0b558dc4fec259c5b3df""]","[""building-part:0b558dc4fec259c5b3df""]","[""building-part:0b558dc4fec259c5b3df"", ""building-part:706df4c400b36fb907dd""]",False,True,True
e93694c4-b9a9-4184-ab47-4d0d0a8504b2,0,ridge_eave_plane_group,0,e93694c4-b9a9-4184-ab47-4d0d0a8504b2::ridge-eave-candidate::plane-group::1239e13c7597,68.231037,164.021303,14.741153,9,0.978587,0.973856,0.967085,15.978697,14.741153,6.327521,35.593611,7,35.593611,e93694c4-b9a9-4184-ab47-4d0d0a8504b2::eave-chain::0:3,0.999114,0,0.971417,0.979623,strong,keep,False,"[""e93694c4-b9a9-4184-ab47-4d0d0a8504b2::eave-chain::0:14"", ""e93694c4-b9a9-4184-ab47-4d0d0a8504b2::eave-chain::0:2"", ""e93694c4-b9a9-4184-ab47-4d0d0a8504b2::eave-chain::0:3"", ""e93694c4-b9a9-4184-ab47-4d0d0a8504b2::eave-chain::0:4"", ""e93694c4-b9a9-4184-ab47-4d0d0a8504b2::eave-chain::0:6"", ""e93694c4-b9a9-4184-ab47-4d0d0a8504b2::eave-chain::0:8"", ""e93694c4-b9a9-4184-ab47-4d0d0a8504b2::eave-chain::0:9""]",35.593611,0.03156,0.289176,"[""building-part:0b558dc4fec259c5b3df""]","[""building-part:0b558dc4fec259c5b3df""]","[""building-part:0b558dc4fec259c5b3df"", ""building-part:706df4c400b36fb907dd"", ""building-part:b694ba32322dd12491b5""]",False,True,True
e9dddee6-297a-43f5-b862-90091889ea39,2,candidate_oblique,0,e9dddee6-297a-43f5-b862-90091889ea39::ceiling-oblique::ceiling-oblique:0,15.250543,233.025317,44.660833,5,0.696999,0.87619,0.999672,2.073298,0.877174,12.124322,1.561331,4,8.689755,e9dddee6-297a-43f5-b862-90091889ea39::eave-chain::2:0,0.992592,0,0.902093,0.853972,strong,keep,False,"[""e9dddee6-297a-43f5-b862-90091889ea39::eave-chain::2:0"", ""e9dddee6-297a-43f5-b862-90091889ea39::eave-chain::2:1"", ""e9dddee6-297a-43f5-b862-90091889ea39::eave-chain::2:10"", ""e9dddee6-297a-43f5-b862-90091889ea39::eave-chain::2:4""]",8.689755,0.130377,0.033996,"[""building-part:0c43775c8230b3b8f162"", ""building-part:d28bd335aba885925f65"", ""building-part:e903dbcc8fbb689a9740""]","[""building-part:0c43775c8230b3b8f162"", ""building-part:d28bd335aba885925f65"", ""building-part:e903dbcc8fbb689a9740""]","[""building-part:0c43775c8230b3b8f162"", ""building-part:d28bd335aba885925f65"", ""building-part:e903dbcc8fbb689a9740""]",False,True,True
e9dddee6-297a-43f5-b862-90091889ea39,2,candidate_oblique,1,e9dddee6-297a-43f5-b862-90091889ea39::ceiling-oblique::ceiling-oblique:1,4.748203,53.02531,45.077031,2,0.914049,0.923077,0.858114,20.199921,19.752079,12.007862,2.204724,2,6.00081,e9dddee6-297a-43f5-b862-90091889ea39::eave-chain::2:9,0.815193,0,0.88879,0.921858,strong,keep,False,"[""e9dddee6-297a-43f5-b862-90091889ea39::eave-chain::2:6"", ""e9dddee6-297a-43f5-b862-90091889ea39::eave-chain::2:9""]",6.00081,0.000963,1.312248,"[""building-part:0c43775c8230b3b8f162""]","[""building-part:0c43775c8230b3b8f162""]","[""building-part:0c43775c8230b3b8f162""]",False,True,True
e9dddee6-297a-43f5-b862-90091889ea39,2,committed_oblique,0,e9dddee6-297a-43f5-b862-90091889ea39::roof-oblique::oblique:0,27.942136,233.025437,44.660635,5,0.733157,0.87619,0.999672,2.073178,0.877372,12.124322,12.84356,7,17.183769,e9dddee6-297a-43f5-b862-90091889ea39::eave-chain::2:4,0.985392,0,0.909325,0.868435,strong,keep,False,"[""e9dddee6-297a-43f5-b862-90091889ea39::eave-chain::2:0"", ""e9dddee6-297a-43f5-b862-90091889ea39::eave-chain::2:1"", ""e9dddee6-297a-43f5-b862-90091889ea39::eave-chain::2:10"", ""e9dddee6-297a-43f5-b862-90091889ea39::eave-chain::2:2"", ""e9dddee6-297a-43f5-b862-90091889ea39::eave-chain::2:4"", ""e9dddee6-297a-43f5-b862-90091889ea39::eave-chain::2:6"", ""e9dddee6-297a-43f5-b862-90091889ea39::eave-chain::2:9""]",17.183769,0.019707,0.07799,"[""building-part:0c43775c8230b3b8f162"", ""building-part:d28bd335aba885925f65"", ""building-part:e903dbcc8fbb689a9740""]","[""building-part:0c43775c8230b3b8f162"", ""building-part:d28bd335aba885925f65"", ""building-part:e903dbcc8fbb689a9740""]","[""building-part:0c43775c8230b3b8f162"", ""building-part:d28bd335aba885925f65"", ""building-part:e903dbcc8fbb689a9740""]",False,True,True
e9dddee6-297a-43f5-b862-90091889ea39,2,committed_oblique,1,e9dddee6-297a-43f5-b862-90091889ea39::roof-oblique::oblique:1,28.666297,53.022411,45.080589,5,0.402391,0.938462,0.706112,53.022411,45.080589,12.007862,8.494014,3,8.494014,e9dddee6-297a-43f5-b862-90091889ea39::eave-chain::2:9,0.89221,0,0.715072,0.689871,medium,keep,False,"[""e9dddee6-297a-43f5-b862-90091889ea39::eave-chain::2:2"", ""e9dddee6-297a-43f5-b862-90091889ea39::eave-chain::2:6"", ""e9dddee6-297a-43f5-b862-90091889ea39::eave-chain::2:9""]",8.494014,0.000919,1.328929,"[""building-part:0c43775c8230b3b8f162"", ""building-part:d28bd335aba885925f65"", ""building-part:e903dbcc8fbb689a9740""]","[""building-part:0c43775c8230b3b8f162"", ""building-part:d28bd335aba885925f65"", ""building-part:e903dbcc8fbb689a9740""]","[""building-part:0c43775c8230b3b8f162"", ""building-part:d28bd335aba885925f65"", ""building-part:e903dbcc8fbb689a9740""]",False,True,True
e9dddee6-297a-43f5-b862-90091889ea39,1,ridge_eave_plane_group,0,e9dddee6-297a-43f5-b862-90091889ea39::ridge-eave-candidate::plane-group::6a6b3b4849e6,56.325827,232.196847,39.589363,1,0.078221,1.0,0.770632,127.803153,39.589363,0.0,2.139883,2,3.983127,e9dddee6-297a-43f5-b862-90091889ea39::eave-chain::1:0,0.899982,0,0.70096,0.492409,medium,maybe,False,"[""e9dddee6-297a-43f5-b862-90091889ea39::eave-chain::1:0"", ""e9dddee6-297a-43f5-b862-90091889ea39::eave-chain::1:2""]",3.983127,0.001063,1.572501,"[""building-part:428f7083748ecd14de83""]","[""building-part:428f7083748ecd14de83""]","[""building-part:0913d7ace3f326c09c37"", ""building-part:428f7083748ecd14de83""]",True,True,True
e9dddee6-297a-43f5-b862-90091889ea39,1,ridge_eave_plane_group,1,e9dddee6-297a-43f5-b862-90091889ea39::ridge-eave-candidate::plane-group::a00b9a36fbcc,56.325827,233.025317,44.660819,1,0.078221,1.0,0.71128,126.974683,44.660819,0.0,2.139883,2,3.983127,e9dddee6-297a-43f5-b862-90091889ea39::eave-chain::1:2,0.877946,0,0.671284,0.480539,medium,maybe,False,"[""e9dddee6-297a-43f5-b862-90091889ea39::eave-chain::1:0"", ""e9dddee6-297a-43f5-b862-90091889ea39::eave-chain::1:2""]",3.983127,0.827407,1.919047,"[""building-part:0c43775c8230b3b8f162"", ""building-part:d28bd335aba885925f65"", ""building-part:e903dbcc8fbb689a9740""]","[""building-part:0c43775c8230b3b8f162"", ""building-part:d28bd335aba885925f65"", ""building-part:e903dbcc8fbb689a9740""]","[""building-part:0913d7ace3f326c09c37"", ""building-part:428f7083748ecd14de83""]",False,True,True
e9dddee6-297a-43f5-b862-90091889ea39,1,ridge_eave_plane_group,2,e9dddee6-297a-43f5-b862-90091889ea39::ridge-eave-candidate::plane-group::dbe45cf9a6ed,56.325827,53.025313,44.718739,1,0.078221,1.0,0.710569,53.025313,44.718739,0.0,2.139883,2,3.983127,e9dddee6-297a-43f5-b862-90091889ea39::eave-chain::1:2,0.877946,0,0.670929,0.480396,medium,maybe,False,"[""e9dddee6-297a-43f5-b862-90091889ea39::eave-chain::1:0"", ""e9dddee6-297a-43f5-b862-90091889ea39::eave-chain::1:2""]",3.983127,0.827403,6.725859,"[""building-part:0c43775c8230b3b8f162"", ""building-part:d28bd335aba885925f65""]","[""building-part:0c43775c8230b3b8f162"", ""building-part:d28bd335aba885925f65""]","[""building-part:0913d7ace3f326c09c37"", ""building-part:428f7083748ecd14de83""]",False,True,True
e9f0631f-ae34-4d30-af21-d3369327755f,0,candidate_oblique,0,e9f0631f-ae34-4d30-af21-d3369327755f::ceiling-oblique::ceiling-oblique:0,6.718718,336.090416,11.203469,3,0.818182,0.688889,0.999299,6.019731,1.740169,0.0,4.64644,6,18.506728,e9f0631f-ae34-4d30-af21-d3369327755f::eave-chain::0:11,0.976916,0,0.869952,0.86491,strong,keep,False,"[""e9f0631f-ae34-4d30-af21-d3369327755f::eave-chain::0:10"", ""e9f0631f-ae34-4d30-af21-d3369327755f::eave-chain::0:11"", ""e9f0631f-ae34-4d30-af21-d3369327755f::eave-chain::0:6"", ""e9f0631f-ae34-4d30-af21-d3369327755f::eave-chain::0:7"", ""e9f0631f-ae34-4d30-af21-d3369327755f::eave-chain::0:8"", ""e9f0631f-ae34-4d30-af21-d3369327755f::eave-chain::0:9""]",18.506728,0.029382,0.348267,"[""building-part:aa0f32e72fd838c4318e""]","[""building-part:aa0f32e72fd838c4318e""]","[""building-part:aa0f32e72fd838c4318e""]",False,True,False
e9f0631f-ae34-4d30-af21-d3369327755f,1,candidate_oblique,1,e9f0631f-ae34-4d30-af21-d3369327755f::ceiling-oblique::ceiling-oblique:1,2.342441,245.583331,42.652816,2,0.992424,1.0,0.867717,57.579128,21.327465,6.657623,3.327543,1,3.327543,e9f0631f-ae34-4d30-af21-d3369327755f::eave-chain::1:3,0.991061,0,0.932343,0.970513,strong,keep,False,"[""e9f0631f-ae34-4d30-af21-d3369327755f::eave-chain::1:3""]",3.327543,0.328126,0.000757,"[""building-part:57620b2464d36858d120""]","[""building-part:57620b2464d36858d120""]","[""building-part:57620b2464d36858d120""]",True,True,True
e9f0631f-ae34-4d30-af21-d3369327755f,1,candidate_oblique,2,e9f0631f-ae34-4d30-af21-d3369327755f::ceiling-oblique::ceiling-oblique:2,21.801434,335.583333,44.788159,8,0.828107,0.849519,0.853717,12.974331,1.801779,6.034927,9.383322,4,16.488502,e9f0631f-ae34-4d30-af21-d3369327755f::eave-chain::1:8,0.988169,0,0.847336,0.87189,strong,keep,False,"[""e9f0631f-ae34-4d30-af21-d3369327755f::eave-chain::1:0"", ""e9f0631f-ae34-4d30-af21-d3369327755f::eave-chain::1:17"", ""e9f0631f-ae34-4d30-af21-d3369327755f::eave-chain::1:2"", ""e9f0631f-ae34-4d30-af21-d3369327755f::eave-chain::1:8""]",16.488502,0.113565,1.517971,"[""building-part:41d07897b39ef8426211"", ""building-part:57620b2464d36858d120"", ""building-part:e6e869cf79411dfc51ee""]","[""building-part:41d07897b39ef8426211"", ""building-part:57620b2464d36858d120"", ""building-part:e6e869cf79411dfc51ee""]","[""building-part:41d07897b39ef8426211"", ""building-part:57620b2464d36858d120"", ""building-part:e6e869cf79411dfc51ee""]",True,True,True
e9f0631f-ae34-4d30-af21-d3369327755f,1,candidate_oblique,3,e9f0631f-ae34-4d30-af21-d3369327755f::ceiling-oblique::ceiling-oblique:3,29.55831,65.583329,43.50372,5,0.467037,0.603594,0.999191,0.358724,2.304973,0.0,3.100742,5,19.581781,e9f0631f-ae34-4d30-af21-d3369327755f::eave-chain::1:9,0.993917,0,0.774081,0.662409,strong,keep,False,"[""e9f0631f-ae34-4d30-af21-d3369327755f::eave-chain::1:13"", ""e9f0631f-ae34-4d30-af21-d3369327755f::eave-chain::1:14"", ""e9f0631f-ae34-4d30-af21-d3369327755f::eave-chain::1:15"", ""e9f0631f-ae34-4d30-af21-d3369327755f::eave-chain::1:16"", ""e9f0631f-ae34-4d30-af21-d3369327755f::eave-chain::1:9""]",19.581781,0.169457,0.077734,"[""building-part:72c767830e9ce66d3fe1"", ""building-part:f844bfb00438929b123d""]","[""building-part:72c767830e9ce66d3fe1"", ""building-part:f844bfb00438929b123d""]","[""building-part:72c767830e9ce66d3fe1"", ""building-part:f844bfb00438929b123d""]",False,True,False
e9f0631f-ae34-4d30-af21-d3369327755f,1,candidate_oblique,4,e9f0631f-ae34-4d30-af21-d3369327755f::ceiling-oblique::ceiling-oblique:4,20.022925,245.583328,44.223899,7,0.810691,0.656703,0.986075,7.380778,9.572827,1.172072,8.533826,4,16.481039,e9f0631f-ae34-4d30-af21-d3369327755f::eave-chain::1:14,0.992164,0,0.852187,0.852832,strong,keep,False,"[""e9f0631f-ae34-4d30-af21-d3369327755f::eave-chain::1:13"", ""e9f0631f-ae34-4d30-af21-d3369327755f::eave-chain::1:14"", ""e9f0631f-ae34-4d30-af21-d3369327755f::eave-chain::1:15"", ""e9f0631f-ae34-4d30-af21-d3369327755f::eave-chain::1:16""]",16.481039,0.085043,2.100654,"[""building-part:72c767830e9ce66d3fe1"", ""building-part:f844bfb00438929b123d""]","[""building-part:72c767830e9ce66d3fe1"", ""building-part:f844bfb00438929b123d""]","[""building-part:72c767830e9ce66d3fe1"", ""building-part:f844bfb00438929b123d""]",False,True,False
e9f0631f-ae34-4d30-af21-d3369327755f,0,committed_oblique,0,e9f0631f-ae34-4d30-af21-d3369327755f::roof-oblique::oblique:0,8.915519,336.090617,11.206335,4,0.665634,0.766667,0.993668,14.964658,3.452186,0.0,4.645774,6,18.506728,e9f0631f-ae34-4d30-af21-d3369327755f::eave-chain::0:11,0.976978,0,0.859961,0.818321,strong,keep,False,"[""e9f0631f-ae34-4d30-af21-d3369327755f::eave-chain::0:10"", ""e9f0631f-ae34-4d30-af21-d3369327755f::eave-chain::0:11"", ""e9f0631f-ae34-4d30-af21-d3369327755f::eave-chain::0:6"", ""e9f0631f-ae34-4d30-af21-d3369327755f::eave-chain::0:7"", ""e9f0631f-ae34-4d30-af21-d3369327755f::eave-chain::0:8"", ""e9f0631f-ae34-4d30-af21-d3369327755f::eave-chain::0:9""]",18.506728,0.029382,0.348586,"[""building-part:aa0f32e72fd838c4318e""]","[""building-part:aa0f32e72fd838c4318e""]","[""building-part:57620b2464d36858d120"", ""building-part:aa0f32e72fd838c4318e""]",False,True,True
e9f0631f-ae34-4d30-af21-d3369327755f,1,committed_oblique,1,e9f0631f-ae34-4d30-af21-d3369327755f::roof-oblique::oblique:1,6.373975,335.571922,44.784583,3,0.868707,0.883333,0.70976,24.428078,3.724812,0.0,4.988238,4,16.488502,e9f0631f-ae34-4d30-af21-d3369327755f::eave-chain::1:0,0.963964,0,0.793622,0.866102,strong,keep,False,"[""e9f0631f-ae34-4d30-af21-d3369327755f::eave-chain::1:0"", ""e9f0631f-ae34-4d30-af21-d3369327755f::eave-chain::1:17"", ""e9f0631f-ae34-4d30-af21-d3369327755f::eave-chain::1:2"", ""e9f0631f-ae34-4d30-af21-d3369327755f::eave-chain::1:8""]",16.488502,0.113565,1.517852,"[""building-part:57620b2464d36858d120""]","[""building-part:57620b2464d36858d120""]","[""building-part:57620b2464d36858d120"", ""building-part:e6e869cf79411dfc51ee""]",True,True,True
e9f0631f-ae34-4d30-af21-d3369327755f,1,committed_oblique,2,e9f0631f-ae34-4d30-af21-d3369327755f::roof-oblique::oblique:2,50.270871,245.581545,44.225323,11,0.679763,0.620492,0.716602,89.999978,3.026576,1.172072,17.067167,5,19.581781,e9f0631f-ae34-4d30-af21-d3369327755f::eave-chain::1:14,0.992149,0,0.680401,0.739324,medium,keep,False,"[""e9f0631f-ae34-4d30-af21-d3369327755f::eave-chain::1:13"", ""e9f0631f-ae34-4d30-af21-d3369327755f::eave-chain::1:14"", ""e9f0631f-ae34-4d30-af21-d3369327755f::eave-chain::1:15"", ""e9f0631f-ae34-4d30-af21-d3369327755f::eave-chain::1:16"", ""e9f0631f-ae34-4d30-af21-d3369327755f::eave-chain::1:9""]",19.581781,0.169457,0.9528,"[""building-part:72c767830e9ce66d3fe1"", ""building-part:f844bfb00438929b123d""]","[""building-part:72c767830e9ce66d3fe1"", ""building-part:f844bfb00438929b123d""]","[""building-part:72c767830e9ce66d3fe1"", ""building-part:f844bfb00438929b123d""]",False,True,False
e9f0631f-ae34-4d30-af21-d3369327755f,0,ridge_eave_plane_group,0,e9f0631f-ae34-4d30-af21-d3369327755f::ridge-eave-candidate::plane-group::04305085d85c,71.160368,336.090409,10.999261,1,0.034336,0.688889,0.98163,156.090409,10.999261,0.0,0.0,6,18.506728,e9f0631f-ae34-4d30-af21-d3369327755f::eave-chain::0:6,0.899961,0,0.704349,0.347838,medium,drop_candidate,False,"[""e9f0631f-ae34-4d30-af21-d3369327755f::eave-chain::0:10"", ""e9f0631f-ae34-4d30-af21-d3369327755f::eave-chain::0:11"", ""e9f0631f-ae34-4d30-af21-d3369327755f::eave-chain::0:6"", ""e9f0631f-ae34-4d30-af21-d3369327755f::eave-chain::0:7"", ""e9f0631f-ae34-4d30-af21-d3369327755f::eave-chain::0:8"", ""e9f0631f-ae34-4d30-af21-d3369327755f::eave-chain::0:9""]",18.506728,0.029382,0.351293,"[""building-part:aa0f32e72fd838c4318e""]","[""building-part:aa0f32e72fd838c4318e""]","[""building-part:aa0f32e72fd838c4318e"", ""building-part:f844bfb00438929b123d""]",False,True,False
e9f0631f-ae34-4d30-af21-d3369327755f,0,ridge_eave_plane_group,1,e9f0631f-ae34-4d30-af21-d3369327755f::ridge-eave-candidate::plane-group::6c42425cb50b,33.347746,336.090409,10.999261,12,0.729511,0.844444,0.98163,89.999348,4.882897,0.0,4.141366,6,18.506728,e9f0631f-ae34-4d30-af21-d3369327755f::eave-chain::0:11,0.978941,0,0.89005,0.857019,strong,keep,False,"[""e9f0631f-ae34-4d30-af21-d3369327755f::eave-chain::0:10"", ""e9f0631f-ae34-4d30-af21-d3369327755f::eave-chain::0:11"", ""e9f0631f-ae34-4d30-af21-d3369327755f::eave-chain::0:6"", ""e9f0631f-ae34-4d30-af21-d3369327755f::eave-chain::0:7"", ""e9f0631f-ae34-4d30-af21-d3369327755f::eave-chain::0:8"", ""e9f0631f-ae34-4d30-af21-d3369327755f::eave-chain::0:9""]",18.506728,0.029382,0.351293,"[""building-part:aa0f32e72fd838c4318e""]","[""building-part:aa0f32e72fd838c4318e""]","[""building-part:57620b2464d36858d120"", ""building-part:aa0f32e72fd838c4318e"", ""building-part:f844bfb00438929b123d""]",False,True,True
e9f0631f-ae34-4d30-af21-d3369327755f,1,ridge_eave_plane_group,2,e9f0631f-ae34-4d30-af21-d3369327755f::ridge-eave-candidate::plane-group::66b4b9a03ae3,19.042767,336.090409,10.999261,0,0.0,0.0,,,,0.0,0.0,0,0.0,e9f0631f-ae34-4d30-af21-d3369327755f::eave-chain::1:7,0.475669,0,0.0,0.0,weak,drop_candidate,False,[],0.0,,,"[""building-part:aa0f32e72fd838c4318e""]","[""building-part:aa0f32e72fd838c4318e""]","[""building-part:aa0f32e72fd838c4318e""]",False,True,False
e9f0631f-ae34-4d30-af21-d3369327755f,0,ridge_eave_plane_group,3,e9f0631f-ae34-4d30-af21-d3369327755f::ridge-eave-candidate::plane-group::7d35046ae2d9,70.02842,336.090409,10.999261,6,0.223491,0.792593,0.984739,27.531663,3.65926,0.0,10.872061,7,22.814976,e9f0631f-ae34-4d30-af21-d3369327755f::eave-chain::0:11,0.899627,0,0.774845,0.644863,strong,maybe,False,"[""e9f0631f-ae34-4d30-af21-d3369327755f::eave-chain::0:10"", ""e9f0631f-ae34-4d30-af21-d3369327755f::eave-chain::0:11"", ""e9f0631f-ae34-4d30-af21-d3369327755f::eave-chain::0:2"", ""e9f0631f-ae34-4d30-af21-d3369327755f::eave-chain::0:6"", ""e9f0631f-ae34-4d30-af21-d3369327755f::eave-chain::0:7"", ""e9f0631f-ae34-4d30-af21-d3369327755f::eave-chain::0:8"", ""e9f0631f-ae34-4d30-af21-d3369327755f::eave-chain::0:9""]",22.814976,0.049048,0.343478,"[""building-part:aa0f32e72fd838c4318e""]","[""building-part:aa0f32e72fd838c4318e""]","[""building-part:57620b2464d36858d120"", ""building-part:aa0f32e72fd838c4318e"", ""building-part:f37bd6f93c1f0790e420""]",False,True,True
e9f0631f-ae34-4d30-af21-d3369327755f,0,ridge_eave_plane_group,4,e9f0631f-ae34-4d30-af21-d3369327755f::ridge-eave-candidate::plane-group::e26e977c499a,71.16516,156.090407,10.180491,1,0.034401,0.688889,0.984256,23.909593,10.180491,0.0,0.0,6,18.506728,e9f0631f-ae34-4d30-af21-d3369327755f::eave-chain::0:6,0.927559,0,0.705675,0.348389,medium,drop_candidate,False,"[""e9f0631f-ae34-4d30-af21-d3369327755f::eave-chain::0:10"", ""e9f0631f-ae34-4d30-af21-d3369327755f::eave-chain::0:11"", ""e9f0631f-ae34-4d30-af21-d3369327755f::eave-chain::0:6"", ""e9f0631f-ae34-4d30-af21-d3369327755f::eave-chain::0:7"", ""e9f0631f-ae34-4d30-af21-d3369327755f::eave-chain::0:8"", ""e9f0631f-ae34-4d30-af21-d3369327755f::eave-chain::0:9""]",18.506728,0.029382,0.085593,"[""building-part:aa0f32e72fd838c4318e""]","[""building-part:aa0f32e72fd838c4318e""]","[""building-part:aa0f32e72fd838c4318e"", ""building-part:f844bfb00438929b123d""]",False,True,False
e9f0631f-ae34-4d30-af21-d3369327755f,0,ridge_eave_plane_group,5,e9f0631f-ae34-4d30-af21-d3369327755f::ridge-eave-candidate::plane-group::7000e88ba532,28.887709,156.090407,10.180491,11,0.755138,0.830303,0.981777,90.00374,4.287928,0.0,5.479481,6,18.506728,e9f0631f-ae34-4d30-af21-d3369327755f::eave-chain::0:7,0.995418,0,0.891007,0.864471,strong,keep,False,"[""e9f0631f-ae34-4d30-af21-d3369327755f::eave-chain::0:10"", ""e9f0631f-ae34-4d30-af21-d3369327755f::eave-chain::0:11"", ""e9f0631f-ae34-4d30-af21-d3369327755f::eave-chain::0:6"", ""e9f0631f-ae34-4d30-af21-d3369327755f::eave-chain::0:7"", ""e9f0631f-ae34-4d30-af21-d3369327755f::eave-chain::0:8"", ""e9f0631f-ae34-4d30-af21-d3369327755f::eave-chain::0:9""]",18.506728,0.029382,0.085593,"[""building-part:aa0f32e72fd838c4318e""]","[""building-part:aa0f32e72fd838c4318e""]","[""building-part:57620b2464d36858d120"", ""building-part:aa0f32e72fd838c4318e""]",False,True,True
e9f0631f-ae34-4d30-af21-d3369327755f,1,ridge_eave_plane_group,6,e9f0631f-ae34-4d30-af21-d3369327755f::ridge-eave-candidate::plane-group::48db57151a6b,18.97017,156.090407,10.180491,0,0.0,0.0,,,,0.0,0.0,0,0.0,e9f0631f-ae34-4d30-af21-d3369327755f::eave-chain::1:8,0.43046,0,0.0,0.0,weak,drop_candidate,False,[],0.0,,,"[""building-part:aa0f32e72fd838c4318e""]","[""building-part:aa0f32e72fd838c4318e""]","[""building-part:aa0f32e72fd838c4318e""]",False,True,False
e9f0631f-ae34-4d30-af21-d3369327755f,0,ridge_eave_plane_group,7,e9f0631f-ae34-4d30-af21-d3369327755f::ridge-eave-candidate::plane-group::4e515250764f,72.164798,156.090407,10.180491,6,0.216874,0.792593,0.959054,152.468335,4.47803,0.0,10.872061,7,22.814976,e9f0631f-ae34-4d30-af21-d3369327755f::eave-chain::0:7,0.903718,0,0.76068,0.637079,strong,maybe,False,"[""e9f0631f-ae34-4d30-af21-d3369327755f::eave-chain::0:10"", ""e9f0631f-ae34-4d30-af21-d3369327755f::eave-chain::0:11"", ""e9f0631f-ae34-4d30-af21-d3369327755f::eave-chain::0:2"", ""e9f0631f-ae34-4d30-af21-d3369327755f::eave-chain::0:6"", ""e9f0631f-ae34-4d30-af21-d3369327755f::eave-chain::0:7"", ""e9f0631f-ae34-4d30-af21-d3369327755f::eave-chain::0:8"", ""e9f0631f-ae34-4d30-af21-d3369327755f::eave-chain::0:9""]",22.814976,0.04905,0.129175,"[""building-part:aa0f32e72fd838c4318e""]","[""building-part:aa0f32e72fd838c4318e""]","[""building-part:57620b2464d36858d120"", ""building-part:aa0f32e72fd838c4318e"", ""building-part:f37bd6f93c1f0790e420""]",False,True,True
e9f0631f-ae34-4d30-af21-d3369327755f,0,ridge_eave_plane_group,8,e9f0631f-ae34-4d30-af21-d3369327755f::ridge-eave-candidate::plane-group::2fbd34a063f1,71.16516,156.090445,18.706108,1,0.034401,0.688889,0.947176,23.909555,18.706108,0.0,0.0,6,18.506728,e9f0631f-ae34-4d30-af21-d3369327755f::eave-chain::0:6,0.899962,0,0.687135,0.340973,medium,drop_candidate,False,"[""e9f0631f-ae34-4d30-af21-d3369327755f::eave-chain::0:10"", ""e9f0631f-ae34-4d30-af21-d3369327755f::eave-chain::0:11"", ""e9f0631f-ae34-4d30-af21-d3369327755f::eave-chain::0:6"", ""e9f0631f-ae34-4d30-af21-d3369327755f::eave-chain::0:7"", ""e9f0631f-ae34-4d30-af21-d3369327755f::eave-chain::0:8"", ""e9f0631f-ae34-4d30-af21-d3369327755f::eave-chain::0:9""]",18.506728,0.029382,0.285009,"[""building-part:aa0f32e72fd838c4318e""]","[""building-part:aa0f32e72fd838c4318e""]","[""building-part:aa0f32e72fd838c4318e"", ""building-part:f844bfb00438929b123d""]",False,True,False
e9f0631f-ae34-4d30-af21-d3369327755f,0,ridge_eave_plane_group,9,e9f0631f-ae34-4d30-af21-d3369327755f::ridge-eave-candidate::plane-group::d9ed680e7a0a,27.102498,156.090445,18.706108,11,0.741701,0.830303,0.945328,90.003701,7.694356,0.0,4.141366,6,18.506728,e9f0631f-ae34-4d30-af21-d3369327755f::eave-chain::0:7,0.996865,0,0.870095,0.851807,strong,keep,False,"[""e9f0631f-ae34-4d30-af21-d3369327755f::eave-chain::0:10"", ""e9f0631f-ae34-4d30-af21-d3369327755f::eave-chain::0:11"", ""e9f0631f-ae34-4d30-af21-d3369327755f::eave-chain::0:6"", ""e9f0631f-ae34-4d30-af21-d3369327755f::eave-chain::0:7"", ""e9f0631f-ae34-4d30-af21-d3369327755f::eave-chain::0:8"", ""e9f0631f-ae34-4d30-af21-d3369327755f::eave-chain::0:9""]",18.506728,0.029382,0.285009,"[""building-part:aa0f32e72fd838c4318e""]","[""building-part:aa0f32e72fd838c4318e""]","[""building-part:57620b2464d36858d120"", ""building-part:aa0f32e72fd838c4318e""]",False,True,True
e9f0631f-ae34-4d30-af21-d3369327755f,1,ridge_eave_plane_group,10,e9f0631f-ae34-4d30-af21-d3369327755f::ridge-eave-candidate::plane-group::aa6dd0c7e035,18.661568,156.090445,18.706108,0,0.0,0.0,,,,0.0,0.0,0,0.0,e9f0631f-ae34-4d30-af21-d3369327755f::eave-chain::1:8,0.418408,0,0.0,0.0,weak,drop_candidate,False,[],0.0,,,"[""building-part:aa0f32e72fd838c4318e""]","[""building-part:aa0f32e72fd838c4318e""]","[""building-part:aa0f32e72fd838c4318e""]",False,True,False
e9f0631f-ae34-4d30-af21-d3369327755f,0,ridge_eave_plane_group,11,e9f0631f-ae34-4d30-af21-d3369327755f::ridge-eave-candidate::plane-group::b5becd7a5225,72.325905,156.090445,18.706108,6,0.217988,0.792593,0.908843,152.468374,7.812226,0.0,10.872061,7,22.814976,e9f0631f-ae34-4d30-af21-d3369327755f::eave-chain::0:7,0.910544,0,0.735797,0.627482,medium,maybe,False,"[""e9f0631f-ae34-4d30-af21-d3369327755f::eave-chain::0:10"", ""e9f0631f-ae34-4d30-af21-d3369327755f::eave-chain::0:11"", ""e9f0631f-ae34-4d30-af21-d3369327755f::eave-chain::0:2"", ""e9f0631f-ae34-4d30-af21-d3369327755f::eave-chain::0:6"", ""e9f0631f-ae34-4d30-af21-d3369327755f::eave-chain::0:7"", ""e9f0631f-ae34-4d30-af21-d3369327755f::eave-chain::0:8"", ""e9f0631f-ae34-4d30-af21-d3369327755f::eave-chain::0:9""]",22.814976,0.049012,0.296443,"[""building-part:aa0f32e72fd838c4318e""]","[""building-part:aa0f32e72fd838c4318e""]","[""building-part:57620b2464d36858d120"", ""building-part:aa0f32e72fd838c4318e"", ""building-part:f37bd6f93c1f0790e420""]",False,True,True
e9f0631f-ae34-4d30-af21-d3369327755f,0,ridge_eave_plane_group,12,e9f0631f-ae34-4d30-af21-d3369327755f::ridge-eave-candidate::plane-group::8e6030623efa,71.16516,155.979059,6.616346,1,0.034401,0.688889,0.99334,24.020941,6.616346,0.0,0.0,6,18.506728,e9f0631f-ae34-4d30-af21-d3369327755f::eave-chain::0:6,0.993749,0,0.710217,0.350206,medium,drop_candidate,False,"[""e9f0631f-ae34-4d30-af21-d3369327755f::eave-chain::0:10"", ""e9f0631f-ae34-4d30-af21-d3369327755f::eave-chain::0:11"", ""e9f0631f-ae34-4d30-af21-d3369327755f::eave-chain::0:6"", ""e9f0631f-ae34-4d30-af21-d3369327755f::eave-chain::0:7"", ""e9f0631f-ae34-4d30-af21-d3369327755f::eave-chain::0:8"", ""e9f0631f-ae34-4d30-af21-d3369327755f::eave-chain::0:9""]",18.506728,0.107328,0.120566,"[""building-part:41d07897b39ef8426211""]","[""building-part:41d07897b39ef8426211""]","[""building-part:aa0f32e72fd838c4318e"", ""building-part:f844bfb00438929b123d""]",False,True,False
e9f0631f-ae34-4d30-af21-d3369327755f,0,ridge_eave_plane_group,13,e9f0631f-ae34-4d30-af21-d3369327755f::ridge-eave-candidate::plane-group::a0d2934913ef,29.123065,155.979059,6.616346,11,0.758257,0.830303,0.988068,90.115088,5.439201,0.0,5.479481,6,18.506728,e9f0631f-ae34-4d30-af21-d3369327755f::eave-chain::0:7,0.978413,0,0.894776,0.866977,strong,keep,False,"[""e9f0631f-ae34-4d30-af21-d3369327755f::eave-chain::0:10"", ""e9f0631f-ae34-4d30-af21-d3369327755f::eave-chain::0:11"", ""e9f0631f-ae34-4d30-af21-d3369327755f::eave-chain::0:6"", ""e9f0631f-ae34-4d30-af21-d3369327755f::eave-chain::0:7"", ""e9f0631f-ae34-4d30-af21-d3369327755f::eave-chain::0:8"", ""e9f0631f-ae34-4d30-af21-d3369327755f::eave-chain::0:9""]",18.506728,0.107328,0.120566,"[""building-part:41d07897b39ef8426211""]","[""building-part:41d07897b39ef8426211""]","[""building-part:57620b2464d36858d120"", ""building-part:aa0f32e72fd838c4318e""]",False,True,True
e9f0631f-ae34-4d30-af21-d3369327755f,1,ridge_eave_plane_group,14,e9f0631f-ae34-4d30-af21-d3369327755f::ridge-eave-candidate::plane-group::d6890f6a9231,19.631098,155.979059,6.616346,0,0.0,0.0,,,,0.0,0.0,0,0.0,e9f0631f-ae34-4d30-af21-d3369327755f::eave-chain::1:8,0.395586,0,0.0,0.0,weak,drop_candidate,False,[],0.0,,,"[""building-part:41d07897b39ef8426211""]","[""building-part:41d07897b39ef8426211""]","[""building-part:aa0f32e72fd838c4318e""]",False,True,False
e9f0631f-ae34-4d30-af21-d3369327755f,0,ridge_eave_plane_group,15,e9f0631f-ae34-4d30-af21-d3369327755f::ridge-eave-candidate::plane-group::e286c4e3c7cd,71.874988,155.979059,6.616346,6,0.21863,0.792593,0.97381,152.356987,6.471819,0.0,10.872061,7,22.814976,e9f0631f-ae34-4d30-af21-d3369327755f::eave-chain::0:7,0.88995,0,0.768409,0.640732,strong,maybe,False,"[""e9f0631f-ae34-4d30-af21-d3369327755f::eave-chain::0:10"", ""e9f0631f-ae34-4d30-af21-d3369327755f::eave-chain::0:11"", ""e9f0631f-ae34-4d30-af21-d3369327755f::eave-chain::0:2"", ""e9f0631f-ae34-4d30-af21-d3369327755f::eave-chain::0:6"", ""e9f0631f-ae34-4d30-af21-d3369327755f::eave-chain::0:7"", ""e9f0631f-ae34-4d30-af21-d3369327755f::eave-chain::0:8"", ""e9f0631f-ae34-4d30-af21-d3369327755f::eave-chain::0:9""]",22.814976,0.112797,0.121677,"[""building-part:41d07897b39ef8426211""]","[""building-part:41d07897b39ef8426211""]","[""building-part:57620b2464d36858d120""]",False,True,True
e9f0631f-ae34-4d30-af21-d3369327755f,0,ridge_eave_plane_group,16,e9f0631f-ae34-4d30-af21-d3369327755f::ridge-eave-candidate::plane-group::4eaeee23e4a3,71.1652,335.97904,7.134965,1,0.034402,0.688889,0.992256,155.97904,7.134965,0.0,0.0,6,18.506728,e9f0631f-ae34-4d30-af21-d3369327755f::eave-chain::0:6,0.896992,0,0.709675,0.34999,medium,drop_candidate,False,"[""e9f0631f-ae34-4d30-af21-d3369327755f::eave-chain::0:10"", ""e9f0631f-ae34-4d30-af21-d3369327755f::eave-chain::0:11"", ""e9f0631f-ae34-4d30-af21-d3369327755f::eave-chain::0:6"", ""e9f0631f-ae34-4d30-af21-d3369327755f::eave-chain::0:7"", ""e9f0631f-ae34-4d30-af21-d3369327755f::eave-chain::0:8"", ""e9f0631f-ae34-4d30-af21-d3369327755f::eave-chain::0:9""]",18.506728,0.107346,0.208278,"[""building-part:41d07897b39ef8426211""]","[""building-part:41d07897b39ef8426211""]","[""building-part:aa0f32e72fd838c4318e"", ""building-part:f844bfb00438929b123d""]",False,True,False
e9f0631f-ae34-4d30-af21-d3369327755f,0,ridge_eave_plane_group,17,e9f0631f-ae34-4d30-af21-d3369327755f::ridge-eave-candidate::plane-group::6ac401f57382,32.506871,335.97904,7.134965,12,0.701992,0.844444,0.991295,89.88798,5.364628,0.0,4.141366,6,18.506728,e9f0631f-ae34-4d30-af21-d3369327755f::eave-chain::0:7,0.971607,0,0.889379,0.847945,strong,keep,False,"[""e9f0631f-ae34-4d30-af21-d3369327755f::eave-chain::0:10"", ""e9f0631f-ae34-4d30-af21-d3369327755f::eave-chain::0:11"", ""e9f0631f-ae34-4d30-af21-d3369327755f::eave-chain::0:6"", ""e9f0631f-ae34-4d30-af21-d3369327755f::eave-chain::0:7"", ""e9f0631f-ae34-4d30-af21-d3369327755f::eave-chain::0:8"", ""e9f0631f-ae34-4d30-af21-d3369327755f::eave-chain::0:9""]",18.506728,0.107346,0.208278,"[""building-part:41d07897b39ef8426211""]","[""building-part:41d07897b39ef8426211""]","[""building-part:57620b2464d36858d120"", ""building-part:aa0f32e72fd838c4318e"", ""building-part:f844bfb00438929b123d""]",False,True,True
e9f0631f-ae34-4d30-af21-d3369327755f,1,ridge_eave_plane_group,18,e9f0631f-ae34-4d30-af21-d3369327755f::ridge-eave-candidate::plane-group::1c5b66428fc1,20.728229,335.97904,7.134965,0,0.0,0.0,,,,0.0,0.0,0,0.0,e9f0631f-ae34-4d30-af21-d3369327755f::eave-chain::1:7,0.403088,0,0.0,0.0,weak,drop_candidate,False,[],0.0,,,"[""building-part:41d07897b39ef8426211""]","[""building-part:41d07897b39ef8426211""]","[""building-part:aa0f32e72fd838c4318e""]",False,True,False
e9f0631f-ae34-4d30-af21-d3369327755f,0,ridge_eave_plane_group,19,e9f0631f-ae34-4d30-af21-d3369327755f::ridge-eave-candidate::plane-group::293d76c7e470,71.052731,335.97904,7.134965,6,0.223775,0.792593,0.992256,27.643031,6.471819,0.0,10.872061,7,22.814976,e9f0631f-ae34-4d30-af21-d3369327755f::eave-chain::0:2,0.940462,0,0.778661,0.64648,strong,maybe,False,"[""e9f0631f-ae34-4d30-af21-d3369327755f::eave-chain::0:10"", ""e9f0631f-ae34-4d30-af21-d3369327755f::eave-chain::0:11"", ""e9f0631f-ae34-4d30-af21-d3369327755f::eave-chain::0:2"", ""e9f0631f-ae34-4d30-af21-d3369327755f::eave-chain::0:6"", ""e9f0631f-ae34-4d30-af21-d3369327755f::eave-chain::0:7"", ""e9f0631f-ae34-4d30-af21-d3369327755f::eave-chain::0:8"", ""e9f0631f-ae34-4d30-af21-d3369327755f::eave-chain::0:9""]",22.814976,0.112815,0.160617,"[""building-part:41d07897b39ef8426211""]","[""building-part:41d07897b39ef8426211""]","[""building-part:57620b2464d36858d120"", ""building-part:aa0f32e72fd838c4318e""]",False,True,True
e9f0631f-ae34-4d30-af21-d3369327755f,0,ridge_eave_plane_group,20,e9f0631f-ae34-4d30-af21-d3369327755f::ridge-eave-candidate::plane-group::49efff067ed5,71.16516,155.596049,46.398752,1,0.034401,0.688889,0.689635,24.403951,46.398752,0.0,0.0,6,18.506728,e9f0631f-ae34-4d30-af21-d3369327755f::eave-chain::0:6,0.963208,0,0.558365,0.289465,medium,drop_candidate,False,"[""e9f0631f-ae34-4d30-af21-d3369327755f::eave-chain::0:10"", ""e9f0631f-ae34-4d30-af21-d3369327755f::eave-chain::0:11"", ""e9f0631f-ae34-4d30-af21-d3369327755f::eave-chain::0:6"", ""e9f0631f-ae34-4d30-af21-d3369327755f::eave-chain::0:7"", ""e9f0631f-ae34-4d30-af21-d3369327755f::eave-chain::0:8"", ""e9f0631f-ae34-4d30-af21-d3369327755f::eave-chain::0:9""]",18.506728,0.490337,3.249625,"[""building-part:e6e869cf79411dfc51ee""]","[""building-part:e6e869cf79411dfc51ee""]","[""building-part:aa0f32e72fd838c4318e"", ""building-part:f844bfb00438929b123d""]",False,True,False
e9f0631f-ae34-4d30-af21-d3369327755f,1,ridge_eave_plane_group,21,e9f0631f-ae34-4d30-af21-d3369327755f::ridge-eave-candidate::plane-group::e0914b2a93b8,10.459211,155.596049,46.398752,2,0.182319,0.789474,0.535518,135.178459,20.372943,0.0,2.131888,1,2.131888,e9f0631f-ae34-4d30-af21-d3369327755f::eave-chain::1:12,0.867679,0,0.541065,0.44452,weak,drop_candidate,False,"[""e9f0631f-ae34-4d30-af21-d3369327755f::eave-chain::1:12""]",2.131888,0.013981,2.610934,"[""building-part:e6e869cf79411dfc51ee""]","[""building-part:e6e869cf79411dfc51ee""]","[""building-part:72c767830e9ce66d3fe1""]",False,True,False
e9f0631f-ae34-4d30-af21-d3369327755f,1,ridge_eave_plane_group,22,e9f0631f-ae34-4d30-af21-d3369327755f::ridge-eave-candidate::plane-group::23a16759c132,15.661944,155.596049,46.398752,0,0.0,0.0,,,,0.0,0.0,0,0.0,e9f0631f-ae34-4d30-af21-d3369327755f::eave-chain::1:7,0.49512,0,0.0,0.0,weak,drop_candidate,False,[],0.0,,,"[""building-part:e6e869cf79411dfc51ee""]","[""building-part:e6e869cf79411dfc51ee""]","[""building-part:aa0f32e72fd838c4318e""]",False,True,False
e9f0631f-ae34-4d30-af21-d3369327755f,0,ridge_eave_plane_group,23,e9f0631f-ae34-4d30-af21-d3369327755f::ridge-eave-candidate::plane-group::2d6e5b32acb3,19.696172,155.596049,46.398752,9,0.7448,0.861728,0.685345,148.351906,35.387001,0.0,6.059216,6,18.506728,e9f0631f-ae34-4d30-af21-d3369327755f::eave-chain::0:8,0.887076,0,0.750151,0.807335,strong,keep,False,"[""e9f0631f-ae34-4d30-af21-d3369327755f::eave-chain::0:10"", ""e9f0631f-ae34-4d30-af21-d3369327755f::eave-chain::0:11"", ""e9f0631f-ae34-4d30-af21-d3369327755f::eave-chain::0:6"", ""e9f0631f-ae34-4d30-af21-d3369327755f::eave-chain::0:7"", ""e9f0631f-ae34-4d30-af21-d3369327755f::eave-chain::0:8"", ""e9f0631f-ae34-4d30-af21-d3369327755f::eave-chain::0:9""]",18.506728,0.490337,3.249625,"[""building-part:e6e869cf79411dfc51ee""]","[""building-part:e6e869cf79411dfc51ee""]","[""building-part:57620b2464d36858d120"", ""building-part:aa0f32e72fd838c4318e""]",False,True,True
e9f0631f-ae34-4d30-af21-d3369327755f,0,ridge_eave_plane_group,24,e9f0631f-ae34-4d30-af21-d3369327755f::ridge-eave-candidate::plane-group::9b0a59506fca,73.399688,155.596049,46.398752,6,0.229352,0.792593,0.615859,151.973978,35.504871,0.0,10.872061,7,22.814976,e9f0631f-ae34-4d30-af21-d3369327755f::eave-chain::0:2,0.870403,0,0.591578,0.573431,medium,maybe,False,"[""e9f0631f-ae34-4d30-af21-d3369327755f::eave-chain::0:10"", ""e9f0631f-ae34-4d30-af21-d3369327755f::eave-chain::0:11"", ""e9f0631f-ae34-4d30-af21-d3369327755f::eave-chain::0:2"", ""e9f0631f-ae34-4d30-af21-d3369327755f::eave-chain::0:6"", ""e9f0631f-ae34-4d30-af21-d3369327755f::eave-chain::0:7"", ""e9f0631f-ae34-4d30-af21-d3369327755f::eave-chain::0:8"", ""e9f0631f-ae34-4d30-af21-d3369327755f::eave-chain::0:9""]",22.814976,0.495806,3.534599,"[""building-part:e6e869cf79411dfc51ee""]","[""building-part:e6e869cf79411dfc51ee""]","[""building-part:57620b2464d36858d120"", ""building-part:aa0f32e72fd838c4318e"", ""building-part:f37bd6f93c1f0790e420""]",False,True,True
e9f0631f-ae34-4d30-af21-d3369327755f,0,ridge_eave_plane_group,25,e9f0631f-ae34-4d30-af21-d3369327755f::ridge-eave-candidate::plane-group::952011e7ee5f,71.16516,335.583339,46.034777,1,0.034401,0.688889,0.694222,155.583339,46.034777,0.0,0.0,6,18.506728,e9f0631f-ae34-4d30-af21-d3369327755f::eave-chain::0:6,0.88644,0,0.560658,0.290382,medium,drop_candidate,False,"[""e9f0631f-ae34-4d30-af21-d3369327755f::eave-chain::0:10"", ""e9f0631f-ae34-4d30-af21-d3369327755f::eave-chain::0:11"", ""e9f0631f-ae34-4d30-af21-d3369327755f::eave-chain::0:6"", ""e9f0631f-ae34-4d30-af21-d3369327755f::eave-chain::0:7"", ""e9f0631f-ae34-4d30-af21-d3369327755f::eave-chain::0:8"", ""e9f0631f-ae34-4d30-af21-d3369327755f::eave-chain::0:9""]",18.506728,0.503048,4.475672,"[""building-part:41d07897b39ef8426211"", ""building-part:57620b2464d36858d120"", ""building-part:e6e869cf79411dfc51ee""]","[""building-part:41d07897b39ef8426211"", ""building-part:57620b2464d36858d120"", ""building-part:e6e869cf79411dfc51ee""]","[""building-part:aa0f32e72fd838c4318e"", ""building-part:f844bfb00438929b123d""]",True,True,True
e9f0631f-ae34-4d30-af21-d3369327755f,0,ridge_eave_plane_group,26,e9f0631f-ae34-4d30-af21-d3369327755f::ridge-eave-candidate::plane-group::e00add92fa53,29.809937,335.583339,46.034777,12,0.768427,0.844444,0.694222,89.492278,35.140896,0.0,5.479481,6,18.506728,e9f0631f-ae34-4d30-af21-d3369327755f::eave-chain::0:9,0.886728,0,0.75413,0.815104,strong,keep,False,"[""e9f0631f-ae34-4d30-af21-d3369327755f::eave-chain::0:10"", ""e9f0631f-ae34-4d30-af21-d3369327755f::eave-chain::0:11"", ""e9f0631f-ae34-4d30-af21-d3369327755f::eave-chain::0:6"", ""e9f0631f-ae34-4d30-af21-d3369327755f::eave-chain::0:7"", ""e9f0631f-ae34-4d30-af21-d3369327755f::eave-chain::0:8"", ""e9f0631f-ae34-4d30-af21-d3369327755f::eave-chain::0:9""]",18.506728,0.503048,4.475672,"[""building-part:41d07897b39ef8426211"", ""building-part:57620b2464d36858d120"", ""building-part:e6e869cf79411dfc51ee""]","[""building-part:41d07897b39ef8426211"", ""building-part:57620b2464d36858d120"", ""building-part:e6e869cf79411dfc51ee""]","[""building-part:57620b2464d36858d120"", ""building-part:aa0f32e72fd838c4318e""]",True,True,True
e9f0631f-ae34-4d30-af21-d3369327755f,1,ridge_eave_plane_group,27,e9f0631f-ae34-4d30-af21-d3369327755f::ridge-eave-candidate::plane-group::ce3bc6e6c30e,8.609831,335.583339,46.034777,0,0.0,0.0,,,,0.0,0.0,0,0.0,e9f0631f-ae34-4d30-af21-d3369327755f::eave-chain::1:0,0.478958,0,0.0,0.0,weak,drop_candidate,False,[],0.0,,,"[""building-part:41d07897b39ef8426211"", ""building-part:57620b2464d36858d120"", ""building-part:e6e869cf79411dfc51ee""]","[""building-part:41d07897b39ef8426211"", ""building-part:57620b2464d36858d120"", ""building-part:e6e869cf79411dfc51ee""]","[""building-part:aa0f32e72fd838c4318e""]",True,True,True
e9f0631f-ae34-4d30-af21-d3369327755f,1,ridge_eave_plane_group,28,e9f0631f-ae34-4d30-af21-d3369327755f::ridge-eave-candidate::plane-group::ac435a872c08,93.584214,335.583339,46.034777,8,0.486102,0.961538,0.694208,89.629503,24.706149,8.686039,0.0,5,20.838243,e9f0631f-ae34-4d30-af21-d3369327755f::eave-chain::1:0,0.912304,0,0.732786,0.72559,medium,keep,False,"[""e9f0631f-ae34-4d30-af21-d3369327755f::eave-chain::1:0"", ""e9f0631f-ae34-4d30-af21-d3369327755f::eave-chain::1:17"", ""e9f0631f-ae34-4d30-af21-d3369327755f::eave-chain::1:2"", ""e9f0631f-ae34-4d30-af21-d3369327755f::eave-chain::1:6"", ""e9f0631f-ae34-4d30-af21-d3369327755f::eave-chain::1:7""]",20.838243,0.170286,3.111185,"[""building-part:41d07897b39ef8426211"", ""building-part:57620b2464d36858d120"", ""building-part:e6e869cf79411dfc51ee""]","[""building-part:41d07897b39ef8426211"", ""building-part:57620b2464d36858d120"", ""building-part:e6e869cf79411dfc51ee""]","[""building-part:41d07897b39ef8426211"", ""building-part:57620b2464d36858d120"", ""building-part:e6e869cf79411dfc51ee""]",True,True,True
e9f0631f-ae34-4d30-af21-d3369327755f,0,ridge_eave_plane_group,29,e9f0631f-ae34-4d30-af21-d3369327755f::ridge-eave-candidate::plane-group::33621d48ad03,59.894093,335.583339,46.034777,6,0.265529,0.792593,0.755385,28.038733,35.140896,0.0,10.872061,7,22.814976,e9f0631f-ae34-4d30-af21-d3369327755f::eave-chain::0:2,0.9292,0,0.668576,0.615807,medium,maybe,False,"[""e9f0631f-ae34-4d30-af21-d3369327755f::eave-chain::0:10"", ""e9f0631f-ae34-4d30-af21-d3369327755f::eave-chain::0:11"", ""e9f0631f-ae34-4d30-af21-d3369327755f::eave-chain::0:2"", ""e9f0631f-ae34-4d30-af21-d3369327755f::eave-chain::0:6"", ""e9f0631f-ae34-4d30-af21-d3369327755f::eave-chain::0:7"", ""e9f0631f-ae34-4d30-af21-d3369327755f::eave-chain::0:8"", ""e9f0631f-ae34-4d30-af21-d3369327755f::eave-chain::0:9""]",22.814976,0.508517,4.063772,"[""building-part:41d07897b39ef8426211"", ""building-part:57620b2464d36858d120"", ""building-part:e6e869cf79411dfc51ee""]","[""building-part:41d07897b39ef8426211"", ""building-part:57620b2464d36858d120"", ""building-part:e6e869cf79411dfc51ee""]","[""building-part:57620b2464d36858d120"", ""building-part:aa0f32e72fd838c4318e"", ""building-part:f37bd6f93c1f0790e420""]",True,True,True
e9f0631f-ae34-4d30-af21-d3369327755f,0,ridge_eave_plane_group,34,e9f0631f-ae34-4d30-af21-d3369327755f::ridge-eave-candidate::plane-group::7665800d1b4d,71.16516,335.583316,41.048316,1,0.034401,0.688889,0.754156,155.583316,41.048316,0.0,0.0,6,18.506728,e9f0631f-ae34-4d30-af21-d3369327755f::eave-chain::0:6,0.886439,0,0.590625,0.302369,medium,drop_candidate,False,"[""e9f0631f-ae34-4d30-af21-d3369327755f::eave-chain::0:10"", ""e9f0631f-ae34-4d30-af21-d3369327755f::eave-chain::0:11"", ""e9f0631f-ae34-4d30-af21-d3369327755f::eave-chain::0:6"", ""e9f0631f-ae34-4d30-af21-d3369327755f::eave-chain::0:7"", ""e9f0631f-ae34-4d30-af21-d3369327755f::eave-chain::0:8"", ""e9f0631f-ae34-4d30-af21-d3369327755f::eave-chain::0:9""]",18.506728,0.503071,3.973935,"[""building-part:57620b2464d36858d120"", ""building-part:e6e869cf79411dfc51ee""]","[""building-part:57620b2464d36858d120"", ""building-part:e6e869cf79411dfc51ee""]","[""building-part:aa0f32e72fd838c4318e"", ""building-part:f844bfb00438929b123d""]",True,True,True
e9f0631f-ae34-4d30-af21-d3369327755f,0,ridge_eave_plane_group,35,e9f0631f-ae34-4d30-af21-d3369327755f::ridge-eave-candidate::plane-group::967ba12fcb0f,29.608773,335.583316,41.048316,11,0.756899,0.830303,0.754156,89.495341,30.036565,0.0,5.479481,6,18.506728,e9f0631f-ae34-4d30-af21-d3369327755f::eave-chain::0:9,0.886728,0,0.777549,0.819651,strong,keep,False,"[""e9f0631f-ae34-4d30-af21-d3369327755f::eave-chain::0:10"", ""e9f0631f-ae34-4d30-af21-d3369327755f::eave-chain::0:11"", ""e9f0631f-ae34-4d30-af21-d3369327755f::eave-chain::0:6"", ""e9f0631f-ae34-4d30-af21-d3369327755f::eave-chain::0:7"", ""e9f0631f-ae34-4d30-af21-d3369327755f::eave-chain::0:8"", ""e9f0631f-ae34-4d30-af21-d3369327755f::eave-chain::0:9""]",18.506728,0.503071,3.973935,"[""building-part:57620b2464d36858d120"", ""building-part:e6e869cf79411dfc51ee""]","[""building-part:57620b2464d36858d120"", ""building-part:e6e869cf79411dfc51ee""]","[""building-part:57620b2464d36858d120"", ""building-part:aa0f32e72fd838c4318e""]",True,True,True
e9f0631f-ae34-4d30-af21-d3369327755f,1,ridge_eave_plane_group,36,e9f0631f-ae34-4d30-af21-d3369327755f::ridge-eave-candidate::plane-group::afa3f631e2b7,8.853749,335.583316,41.048316,0,0.0,0.0,,,,0.0,0.0,0,0.0,e9f0631f-ae34-4d30-af21-d3369327755f::eave-chain::1:8,0.499991,0,0.0,0.0,weak,drop_candidate,False,[],0.0,,,"[""building-part:57620b2464d36858d120"", ""building-part:e6e869cf79411dfc51ee""]","[""building-part:57620b2464d36858d120"", ""building-part:e6e869cf79411dfc51ee""]","[""building-part:aa0f32e72fd838c4318e""]",True,True,True
e9f0631f-ae34-4d30-af21-d3369327755f,1,ridge_eave_plane_group,37,e9f0631f-ae34-4d30-af21-d3369327755f::ridge-eave-candidate::plane-group::9980c6cbf767,89.406416,335.583316,41.048316,8,0.472207,0.961538,0.754143,89.629503,22.957601,8.686039,4.374007,4,16.467424,e9f0631f-ae34-4d30-af21-d3369327755f::eave-chain::1:0,0.909931,0,0.759975,0.732019,strong,keep,False,"[""e9f0631f-ae34-4d30-af21-d3369327755f::eave-chain::1:0"", ""e9f0631f-ae34-4d30-af21-d3369327755f::eave-chain::1:17"", ""e9f0631f-ae34-4d30-af21-d3369327755f::eave-chain::1:2"", ""e9f0631f-ae34-4d30-af21-d3369327755f::eave-chain::1:7""]",16.467424,0.198568,2.802433,"[""building-part:57620b2464d36858d120"", ""building-part:e6e869cf79411dfc51ee""]","[""building-part:57620b2464d36858d120"", ""building-part:e6e869cf79411dfc51ee""]","[""building-part:41d07897b39ef8426211"", ""building-part:57620b2464d36858d120"", ""building-part:e6e869cf79411dfc51ee""]",True,True,True
e9f0631f-ae34-4d30-af21-d3369327755f,0,ridge_eave_plane_group,38,e9f0631f-ae34-4d30-af21-d3369327755f::ridge-eave-candidate::plane-group::e1305b50244b,61.384795,335.583316,41.048316,6,0.261551,0.792593,0.808895,28.038756,30.154435,0.0,10.872061,7,22.814976,e9f0631f-ae34-4d30-af21-d3369327755f::eave-chain::0:2,0.941579,0,0.694536,0.624918,medium,maybe,False,"[""e9f0631f-ae34-4d30-af21-d3369327755f::eave-chain::0:10"", ""e9f0631f-ae34-4d30-af21-d3369327755f::eave-chain::0:11"", ""e9f0631f-ae34-4d30-af21-d3369327755f::eave-chain::0:2"", ""e9f0631f-ae34-4d30-af21-d3369327755f::eave-chain::0:6"", ""e9f0631f-ae34-4d30-af21-d3369327755f::eave-chain::0:7"", ""e9f0631f-ae34-4d30-af21-d3369327755f::eave-chain::0:8"", ""e9f0631f-ae34-4d30-af21-d3369327755f::eave-chain::0:9""]",22.814976,0.50854,3.617457,"[""building-part:57620b2464d36858d120"", ""building-part:e6e869cf79411dfc51ee""]","[""building-part:57620b2464d36858d120"", ""building-part:e6e869cf79411dfc51ee""]","[""building-part:57620b2464d36858d120"", ""building-part:aa0f32e72fd838c4318e"", ""building-part:f37bd6f93c1f0790e420""]",True,True,True
e9f0631f-ae34-4d30-af21-d3369327755f,0,ridge_eave_plane_group,39,e9f0631f-ae34-4d30-af21-d3369327755f::ridge-eave-candidate::plane-group::698887d5432f,71.160358,65.583329,43.503644,1,0.034336,0.688889,0.725331,114.416671,43.503644,0.0,5.037094,2,5.037094,e9f0631f-ae34-4d30-af21-d3369327755f::eave-chain::0:4,0.886514,0,0.576199,0.496578,medium,maybe,False,"[""e9f0631f-ae34-4d30-af21-d3369327755f::eave-chain::0:4"", ""e9f0631f-ae34-4d30-af21-d3369327755f::eave-chain::0:5""]",5.037094,0.505884,1.509964,"[""building-part:72c767830e9ce66d3fe1"", ""building-part:f844bfb00438929b123d""]","[""building-part:72c767830e9ce66d3fe1"", ""building-part:f844bfb00438929b123d""]","[""building-part:aa0f32e72fd838c4318e"", ""building-part:f844bfb00438929b123d""]",False,True,False
e9f0631f-ae34-4d30-af21-d3369327755f,0,ridge_eave_plane_group,40,e9f0631f-ae34-4d30-af21-d3369327755f::ridge-eave-candidate::plane-group::8cdceace2ad4,39.649461,65.583329,43.503644,12,0.773396,0.844444,0.701764,114.416671,32.609762,0.0,7.660404,5,15.087878,e9f0631f-ae34-4d30-af21-d3369327755f::eave-chain::0:4,0.886514,0,0.758895,0.8186,strong,keep,False,"[""e9f0631f-ae34-4d30-af21-d3369327755f::eave-chain::0:0"", ""e9f0631f-ae34-4d30-af21-d3369327755f::eave-chain::0:1"", ""e9f0631f-ae34-4d30-af21-d3369327755f::eave-chain::0:3"", ""e9f0631f-ae34-4d30-af21-d3369327755f::eave-chain::0:4"", ""e9f0631f-ae34-4d30-af21-d3369327755f::eave-chain::0:5""]",15.087878,0.507405,4.171737,"[""building-part:72c767830e9ce66d3fe1"", ""building-part:f844bfb00438929b123d""]","[""building-part:72c767830e9ce66d3fe1"", ""building-part:f844bfb00438929b123d""]","[""building-part:aa0f32e72fd838c4318e"", ""building-part:f844bfb00438929b123d""]",False,True,True
e9f0631f-ae34-4d30-af21-d3369327755f,1,ridge_eave_plane_group,41,e9f0631f-ae34-4d30-af21-d3369327755f::ridge-eave-candidate::plane-group::180c20578399,18.791199,65.583329,43.503644,0,0.0,0.0,,,,0.0,0.0,0,0.0,e9f0631f-ae34-4d30-af21-d3369327755f::eave-chain::1:9,0.493904,0,0.0,0.0,weak,drop_candidate,False,[],0.0,,,"[""building-part:72c767830e9ce66d3fe1"", ""building-part:f844bfb00438929b123d""]","[""building-part:72c767830e9ce66d3fe1"", ""building-part:f844bfb00438929b123d""]","[""building-part:aa0f32e72fd838c4318e""]",False,True,False
e9f0631f-ae34-4d30-af21-d3369327755f,0,ridge_eave_plane_group,42,e9f0631f-ae34-4d30-af21-d3369327755f::ridge-eave-candidate::plane-group::455bf9fa739a,73.399603,65.583329,43.503644,6,0.229352,0.792593,0.719506,89.862441,32.609762,0.0,2.62331,3,10.050784,e9f0631f-ae34-4d30-af21-d3369327755f::eave-chain::0:0,0.886468,0,0.643401,0.525326,medium,maybe,False,"[""e9f0631f-ae34-4d30-af21-d3369327755f::eave-chain::0:0"", ""e9f0631f-ae34-4d30-af21-d3369327755f::eave-chain::0:1"", ""e9f0631f-ae34-4d30-af21-d3369327755f::eave-chain::0:3""]",10.050784,0.508017,6.290833,"[""building-part:72c767830e9ce66d3fe1"", ""building-part:f844bfb00438929b123d""]","[""building-part:72c767830e9ce66d3fe1"", ""building-part:f844bfb00438929b123d""]","[""building-part:57620b2464d36858d120"", ""building-part:aa0f32e72fd838c4318e"", ""building-part:f37bd6f93c1f0790e420""]",False,True,True
e9f0631f-ae34-4d30-af21-d3369327755f,0,ridge_eave_plane_group,43,e9f0631f-ae34-4d30-af21-d3369327755f::ridge-eave-candidate::plane-group::e9cd05343516,71.12003,245.583328,44.223821,1,0.033788,0.688889,0.716621,65.583328,44.223821,0.0,5.037094,2,5.037094,e9f0631f-ae34-4d30-af21-d3369327755f::eave-chain::0:4,0.886514,0,0.571735,0.494617,medium,maybe,False,"[""e9f0631f-ae34-4d30-af21-d3369327755f::eave-chain::0:4"", ""e9f0631f-ae34-4d30-af21-d3369327755f::eave-chain::0:5""]",5.037094,0.505884,5.337742,"[""building-part:72c767830e9ce66d3fe1"", ""building-part:f844bfb00438929b123d""]","[""building-part:72c767830e9ce66d3fe1"", ""building-part:f844bfb00438929b123d""]","[""building-part:aa0f32e72fd838c4318e"", ""building-part:f844bfb00438929b123d""]",False,True,False
e9f0631f-ae34-4d30-af21-d3369327755f,0,ridge_eave_plane_group,44,e9f0631f-ae34-4d30-af21-d3369327755f::ridge-eave-candidate::plane-group::782bfad5f1b6,97.722488,245.583328,44.223821,13,0.399417,0.85641,0.716621,65.583328,33.44781,0.0,7.660404,5,15.087878,e9f0631f-ae34-4d30-af21-d3369327755f::eave-chain::0:4,0.886514,0,0.695117,0.674373,medium,keep,False,"[""e9f0631f-ae34-4d30-af21-d3369327755f::eave-chain::0:0"", ""e9f0631f-ae34-4d30-af21-d3369327755f::eave-chain::0:1"", ""e9f0631f-ae34-4d30-af21-d3369327755f::eave-chain::0:3"", ""e9f0631f-ae34-4d30-af21-d3369327755f::eave-chain::0:4"", ""e9f0631f-ae34-4d30-af21-d3369327755f::eave-chain::0:5""]",15.087878,0.507406,11.140911,"[""building-part:72c767830e9ce66d3fe1"", ""building-part:f844bfb00438929b123d""]","[""building-part:72c767830e9ce66d3fe1"", ""building-part:f844bfb00438929b123d""]","[""building-part:57620b2464d36858d120"", ""building-part:aa0f32e72fd838c4318e"", ""building-part:f37bd6f93c1f0790e420""]",False,True,True
e9f0631f-ae34-4d30-af21-d3369327755f,0,ridge_eave_plane_group,46,e9f0631f-ae34-4d30-af21-d3369327755f::ridge-eave-candidate::plane-group::a62508ffa041,73.399603,245.583333,40.71571,6,0.229352,0.792593,0.74862,90.137559,29.821828,0.0,2.62331,3,10.050784,e9f0631f-ae34-4d30-af21-d3369327755f::eave-chain::0:1,0.935011,0,0.657958,0.531149,medium,maybe,False,"[""e9f0631f-ae34-4d30-af21-d3369327755f::eave-chain::0:0"", ""e9f0631f-ae34-4d30-af21-d3369327755f::eave-chain::0:1"", ""e9f0631f-ae34-4d30-af21-d3369327755f::eave-chain::0:3""]",10.050784,0.508013,1.675937,"[""building-part:57620b2464d36858d120""]","[""building-part:57620b2464d36858d120""]","[""building-part:57620b2464d36858d120"", ""building-part:aa0f32e72fd838c4318e"", ""building-part:f37bd6f93c1f0790e420""]",True,True,True
e9f0631f-ae34-4d30-af21-d3369327755f,0,ridge_eave_plane_group,48,e9f0631f-ae34-4d30-af21-d3369327755f::ridge-eave-candidate::plane-group::472a3aebab45,73.399603,245.583328,44.589923,6,0.229352,0.792593,0.704372,90.137559,33.696041,0.0,2.62331,3,10.050784,e9f0631f-ae34-4d30-af21-d3369327755f::eave-chain::0:1,0.935579,0,0.635834,0.522299,medium,maybe,False,"[""e9f0631f-ae34-4d30-af21-d3369327755f::eave-chain::0:0"", ""e9f0631f-ae34-4d30-af21-d3369327755f::eave-chain::0:1"", ""e9f0631f-ae34-4d30-af21-d3369327755f::eave-chain::0:3""]",10.050784,0.508018,1.956228,"[""building-part:57620b2464d36858d120""]","[""building-part:57620b2464d36858d120""]","[""building-part:57620b2464d36858d120"", ""building-part:aa0f32e72fd838c4318e"", ""building-part:f37bd6f93c1f0790e420""]",True,True,True
e9f0631f-ae34-4d30-af21-d3369327755f,0,ridge_eave_plane_group,49,e9f0631f-ae34-4d30-af21-d3369327755f::ridge-eave-candidate::plane-group::6592acba02bb,71.16516,65.583342,43.926323,1,0.034401,0.688889,0.720232,114.416658,43.926323,0.0,5.037094,2,5.037094,e9f0631f-ae34-4d30-af21-d3369327755f::eave-chain::0:4,0.886514,0,0.573663,0.495585,medium,maybe,False,"[""e9f0631f-ae34-4d30-af21-d3369327755f::eave-chain::0:4"", ""e9f0631f-ae34-4d30-af21-d3369327755f::eave-chain::0:5""]",5.037094,0.505871,16.236394,"[""building-part:57620b2464d36858d120""]","[""building-part:57620b2464d36858d120""]","[""building-part:aa0f32e72fd838c4318e"", ""building-part:f844bfb00438929b123d""]",True,True,True
e9f0631f-ae34-4d30-af21-d3369327755f,0,ridge_eave_plane_group,50,e9f0631f-ae34-4d30-af21-d3369327755f::ridge-eave-candidate::plane-group::5346ff4d5e29,73.399813,65.583342,43.926323,6,0.229352,0.792593,0.714457,89.862441,33.032441,0.0,2.62331,3,10.050784,e9f0631f-ae34-4d30-af21-d3369327755f::eave-chain::0:0,0.886469,0,0.640877,0.524316,medium,maybe,False,"[""e9f0631f-ae34-4d30-af21-d3369327755f::eave-chain::0:0"", ""e9f0631f-ae34-4d30-af21-d3369327755f::eave-chain::0:1"", ""e9f0631f-ae34-4d30-af21-d3369327755f::eave-chain::0:3""]",10.050784,0.508004,8.320519,"[""building-part:57620b2464d36858d120""]","[""building-part:57620b2464d36858d120""]","[""building-part:57620b2464d36858d120"", ""building-part:aa0f32e72fd838c4318e"", ""building-part:f37bd6f93c1f0790e420""]",True,True,True
ed5231c3-375e-426e-b341-62f6d2b0b3f5,0,candidate_oblique,0,ed5231c3-375e-426e-b341-62f6d2b0b3f5::ceiling-oblique::ceiling-oblique:0,14.964197,94.364104,12.128651,5,0.95066,0.5,0.994595,2.891219,3.56117,0.0,16.788604,5,46.033981,ed5231c3-375e-426e-b341-62f6d2b0b3f5::eave-chain::0:3,0.990171,0,0.837429,0.879183,strong,keep,False,"[""ed5231c3-375e-426e-b341-62f6d2b0b3f5::eave-chain::0:1"", ""ed5231c3-375e-426e-b341-62f6d2b0b3f5::eave-chain::0:3"", ""ed5231c3-375e-426e-b341-62f6d2b0b3f5::eave-chain::0:4"", ""ed5231c3-375e-426e-b341-62f6d2b0b3f5::eave-chain::0:5"", ""ed5231c3-375e-426e-b341-62f6d2b0b3f5::eave-chain::0:8""]",46.033981,0.246657,0.338884,"[""building-part:3a2ab2dbe74389d360ba"", ""building-part:5c19cba0d199bed334bb""]","[""building-part:3a2ab2dbe74389d360ba"", ""building-part:5c19cba0d199bed334bb""]","[""building-part:3a2ab2dbe74389d360ba"", ""building-part:5c19cba0d199bed334bb""]",True,True,True
ed5231c3-375e-426e-b341-62f6d2b0b3f5,0,committed_oblique,0,ed5231c3-375e-426e-b341-62f6d2b0b3f5::roof-oblique::oblique:0,17.487349,94.367115,12.128277,7,0.93153,0.628571,0.979861,35.610933,5.960299,0.0,16.788604,5,46.033981,ed5231c3-375e-426e-b341-62f6d2b0b3f5::eave-chain::0:3,0.990266,0,0.864808,0.894299,strong,keep,False,"[""ed5231c3-375e-426e-b341-62f6d2b0b3f5::eave-chain::0:1"", ""ed5231c3-375e-426e-b341-62f6d2b0b3f5::eave-chain::0:3"", ""ed5231c3-375e-426e-b341-62f6d2b0b3f5::eave-chain::0:4"", ""ed5231c3-375e-426e-b341-62f6d2b0b3f5::eave-chain::0:5"", ""ed5231c3-375e-426e-b341-62f6d2b0b3f5::eave-chain::0:8""]",46.033981,0.246657,0.339156,"[""building-part:5c19cba0d199bed334bb""]","[""building-part:5c19cba0d199bed334bb""]","[""building-part:3a2ab2dbe74389d360ba"", ""building-part:47900d523ce1f006e066"", ""building-part:5c19cba0d199bed334bb""]",False,True,True
ed5231c3-375e-426e-b341-62f6d2b0b3f5,0,ridge_eave_plane_group,0,ed5231c3-375e-426e-b341-62f6d2b0b3f5::ridge-eave-candidate::plane-group::a78a0e4a21be,110.15828,73.254698,10.582838,11,0.957774,0.763636,0.98299,73.254698,10.582838,0.0,0.0,0,0.0,ed5231c3-375e-426e-b341-62f6d2b0b3f5::eave-chain::0:3,0.559599,0,0.912141,0.732435,strong,keep,False,[],0.0,,,"[""building-part:5c19cba0d199bed334bb""]","[""building-part:5c19cba0d199bed334bb""]","[""building-part:011346443c99f5c0676f"", ""building-part:3a2ab2dbe74389d360ba"", ""building-part:47900d523ce1f006e066"", ""building-part:5c19cba0d199bed334bb""]",False,True,True
ed5231c3-375e-426e-b341-62f6d2b0b3f5,0,ridge_eave_plane_group,1,ed5231c3-375e-426e-b341-62f6d2b0b3f5::ridge-eave-candidate::plane-group::8cbca9e11731,110.15828,94.364111,9.577181,11,0.957774,0.763636,0.986062,85.635889,9.577181,0.0,31.141712,7,53.744335,ed5231c3-375e-426e-b341-62f6d2b0b3f5::eave-chain::0:3,0.989274,0,0.913677,0.933049,strong,keep,False,"[""ed5231c3-375e-426e-b341-62f6d2b0b3f5::eave-chain::0:1"", ""ed5231c3-375e-426e-b341-62f6d2b0b3f5::eave-chain::0:11"", ""ed5231c3-375e-426e-b341-62f6d2b0b3f5::eave-chain::0:13"", ""ed5231c3-375e-426e-b341-62f6d2b0b3f5::eave-chain::0:3"", ""ed5231c3-375e-426e-b341-62f6d2b0b3f5::eave-chain::0:4"", ""ed5231c3-375e-426e-b341-62f6d2b0b3f5::eave-chain::0:5"", ""ed5231c3-375e-426e-b341-62f6d2b0b3f5::eave-chain::0:8""]",53.744335,0.155112,0.293123,"[""building-part:5c19cba0d199bed334bb""]","[""building-part:5c19cba0d199bed334bb""]","[""building-part:3a2ab2dbe74389d360ba"", ""building-part:47900d523ce1f006e066"", ""building-part:5c19cba0d199bed334bb""]",False,True,True
f332f739-1779-496c-a207-7b1c93daa8bb,2,candidate_oblique,0,f332f739-1779-496c-a207-7b1c93daa8bb::ceiling-oblique::ceiling-oblique:0,20.248075,328.492404,44.828748,5,0.641109,0.968421,0.709217,31.507596,44.828748,5.798225,2.897515,1,2.897515,f332f739-1779-496c-a207-7b1c93daa8bb::eave-chain::2:13,0.976065,0,0.773357,0.791971,strong,keep,False,"[""f332f739-1779-496c-a207-7b1c93daa8bb::eave-chain::2:13""]",2.897515,0.427148,0.050176,"[""building-part:63ae6a3b783722c2fdfd"", ""building-part:8a4a2b6e58ce6435a8f9"", ""building-part:dedb1df3473bfa0f776c"", ""building-part:e52ee34b5c3877c06ee6""]","[""building-part:63ae6a3b783722c2fdfd"", ""building-part:8a4a2b6e58ce6435a8f9"", ""building-part:dedb1df3473bfa0f776c"", ""building-part:e52ee34b5c3877c06ee6""]","[""building-part:63ae6a3b783722c2fdfd"", ""building-part:8a4a2b6e58ce6435a8f9"", ""building-part:dedb1df3473bfa0f776c"", ""building-part:e52ee34b5c3877c06ee6""]",False,True,True
f332f739-1779-496c-a207-7b1c93daa8bb,2,candidate_oblique,1,f332f739-1779-496c-a207-7b1c93daa8bb::ceiling-oblique::ceiling-oblique:1,17.874314,148.508288,45.592839,5,0.616688,0.825731,0.974037,17.926517,1.739775,14.096654,7.044299,2,7.044299,f332f739-1779-496c-a207-7b1c93daa8bb::eave-chain::2:11,0.980448,0,0.858076,0.806629,strong,keep,False,"[""f332f739-1779-496c-a207-7b1c93daa8bb::eave-chain::2:11"", ""f332f739-1779-496c-a207-7b1c93daa8bb::eave-chain::2:5""]",7.044299,0.443913,0.070269,"[""building-part:63ae6a3b783722c2fdfd"", ""building-part:dedb1df3473bfa0f776c"", ""building-part:e52ee34b5c3877c06ee6""]","[""building-part:63ae6a3b783722c2fdfd"", ""building-part:dedb1df3473bfa0f776c"", ""building-part:e52ee34b5c3877c06ee6""]","[""building-part:63ae6a3b783722c2fdfd"", ""building-part:dedb1df3473bfa0f776c"", ""building-part:e52ee34b5c3877c06ee6""]",False,True,True
f332f739-1779-496c-a207-7b1c93daa8bb,2,committed_oblique,0,f332f739-1779-496c-a207-7b1c93daa8bb::roof-oblique::oblique:0,43.811512,328.491297,44.828616,6,0.59033,0.973684,0.709219,31.508703,44.828616,5.798225,18.780409,4,18.780409,f332f739-1779-496c-a207-7b1c93daa8bb::eave-chain::2:13,0.976042,0,0.764781,0.772713,strong,keep,False,"[""f332f739-1779-496c-a207-7b1c93daa8bb::eave-chain::2:0"", ""f332f739-1779-496c-a207-7b1c93daa8bb::eave-chain::2:10"", ""f332f739-1779-496c-a207-7b1c93daa8bb::eave-chain::2:13"", ""f332f739-1779-496c-a207-7b1c93daa8bb::eave-chain::2:3""]",18.780409,0.307964,1.721325,"[""building-part:63ae6a3b783722c2fdfd"", ""building-part:8a4a2b6e58ce6435a8f9"", ""building-part:dedb1df3473bfa0f776c"", ""building-part:e52ee34b5c3877c06ee6""]","[""building-part:63ae6a3b783722c2fdfd"", ""building-part:8a4a2b6e58ce6435a8f9"", ""building-part:dedb1df3473bfa0f776c"", ""building-part:e52ee34b5c3877c06ee6""]","[""building-part:63ae6a3b783722c2fdfd"", ""building-part:8a4a2b6e58ce6435a8f9"", ""building-part:dedb1df3473bfa0f776c"", ""building-part:e52ee34b5c3877c06ee6""]",False,True,True
f332f739-1779-496c-a207-7b1c93daa8bb,2,committed_oblique,1,f332f739-1779-496c-a207-7b1c93daa8bb::roof-oblique::oblique:1,36.436426,148.505701,45.594531,9,0.593695,0.88564,0.699732,31.494299,45.594531,14.096654,16.402164,5,22.927193,f332f739-1779-496c-a207-7b1c93daa8bb::eave-chain::2:11,0.980488,0,0.734297,0.754552,medium,keep,False,"[""f332f739-1779-496c-a207-7b1c93daa8bb::eave-chain::2:0"", ""f332f739-1779-496c-a207-7b1c93daa8bb::eave-chain::2:10"", ""f332f739-1779-496c-a207-7b1c93daa8bb::eave-chain::2:11"", ""f332f739-1779-496c-a207-7b1c93daa8bb::eave-chain::2:3"", ""f332f739-1779-496c-a207-7b1c93daa8bb::eave-chain::2:5""]",22.927193,0.414541,1.382023,"[""building-part:63ae6a3b783722c2fdfd"", ""building-part:dedb1df3473bfa0f776c"", ""building-part:e52ee34b5c3877c06ee6""]","[""building-part:63ae6a3b783722c2fdfd"", ""building-part:dedb1df3473bfa0f776c"", ""building-part:e52ee34b5c3877c06ee6""]","[""building-part:63ae6a3b783722c2fdfd"", ""building-part:8a4a2b6e58ce6435a8f9"", ""building-part:dedb1df3473bfa0f776c"", ""building-part:e52ee34b5c3877c06ee6""]",False,True,True
f332f739-1779-496c-a207-7b1c93daa8bb,2,ridge_eave_plane_group,0,f332f739-1779-496c-a207-7b1c93daa8bb::ridge-eave-candidate::plane-group::91f9f1a51795,91.336232,330.425801,39.226781,12,0.520205,0.91423,0.774649,150.425801,24.036784,19.894879,1.811734,6,25.824708,f332f739-1779-496c-a207-7b1c93daa8bb::eave-chain::2:5,0.904784,0,0.765635,0.745858,strong,keep,False,"[""f332f739-1779-496c-a207-7b1c93daa8bb::eave-chain::2:0"", ""f332f739-1779-496c-a207-7b1c93daa8bb::eave-chain::2:10"", ""f332f739-1779-496c-a207-7b1c93daa8bb::eave-chain::2:11"", ""f332f739-1779-496c-a207-7b1c93daa8bb::eave-chain::2:13"", ""f332f739-1779-496c-a207-7b1c93daa8bb::eave-chain::2:3"", ""f332f739-1779-496c-a207-7b1c93daa8bb::eave-chain::2:5""]",25.824708,2.043866,4.13815,"[""building-part:9d78a4ceb98136fc4c68""]","[""building-part:9d78a4ceb98136fc4c68""]","[""building-part:63ae6a3b783722c2fdfd"", ""building-part:8a4a2b6e58ce6435a8f9"", ""building-part:dedb1df3473bfa0f776c"", ""building-part:e52ee34b5c3877c06ee6""]",True,True,True
f332f739-1779-496c-a207-7b1c93daa8bb,2,ridge_eave_plane_group,1,f332f739-1779-496c-a207-7b1c93daa8bb::ridge-eave-candidate::plane-group::3ecb1bbe5d34,91.336232,240.4258,16.721281,12,0.520205,0.91423,0.832572,89.134585,20.015661,0.0,6.88538,8,14.437604,f332f739-1779-496c-a207-7b1c93daa8bb::eave-chain::2:1,0.86781,0,0.794596,0.757443,strong,keep,False,"[""f332f739-1779-496c-a207-7b1c93daa8bb::eave-chain::2:1"", ""f332f739-1779-496c-a207-7b1c93daa8bb::eave-chain::2:12"", ""f332f739-1779-496c-a207-7b1c93daa8bb::eave-chain::2:2"", ""f332f739-1779-496c-a207-7b1c93daa8bb::eave-chain::2:4"", ""f332f739-1779-496c-a207-7b1c93daa8bb::eave-chain::2:6"", ""f332f739-1779-496c-a207-7b1c93daa8bb::eave-chain::2:7"", ""f332f739-1779-496c-a207-7b1c93daa8bb::eave-chain::2:8"", ""f332f739-1779-496c-a207-7b1c93daa8bb::eave-chain::2:9""]",14.437604,1.916326,3.236456,"[""building-part:9d78a4ceb98136fc4c68""]","[""building-part:9d78a4ceb98136fc4c68""]","[""building-part:63ae6a3b783722c2fdfd"", ""building-part:8a4a2b6e58ce6435a8f9"", ""building-part:dedb1df3473bfa0f776c"", ""building-part:e52ee34b5c3877c06ee6""]",True,True,True
f332f739-1779-496c-a207-7b1c93daa8bb,2,ridge_eave_plane_group,2,f332f739-1779-496c-a207-7b1c93daa8bb::ridge-eave-candidate::plane-group::070cf81c692c,91.336232,59.690129,24.47683,12,0.520205,0.91423,0.910129,90.865415,24.036784,0.0,6.88538,8,14.437604,f332f739-1779-496c-a207-7b1c93daa8bb::eave-chain::2:1,0.887428,0,0.833375,0.772954,strong,keep,False,"[""f332f739-1779-496c-a207-7b1c93daa8bb::eave-chain::2:1"", ""f332f739-1779-496c-a207-7b1c93daa8bb::eave-chain::2:12"", ""f332f739-1779-496c-a207-7b1c93daa8bb::eave-chain::2:2"", ""f332f739-1779-496c-a207-7b1c93daa8bb::eave-chain::2:4"", ""f332f739-1779-496c-a207-7b1c93daa8bb::eave-chain::2:6"", ""f332f739-1779-496c-a207-7b1c93daa8bb::eave-chain::2:7"", ""f332f739-1779-496c-a207-7b1c93daa8bb::eave-chain::2:8"", ""f332f739-1779-496c-a207-7b1c93daa8bb::eave-chain::2:9""]",14.437604,1.180655,4.95847,"[""building-part:9d78a4ceb98136fc4c68""]","[""building-part:9d78a4ceb98136fc4c68""]","[""building-part:63ae6a3b783722c2fdfd"", ""building-part:8a4a2b6e58ce6435a8f9"", ""building-part:dedb1df3473bfa0f776c"", ""building-part:e52ee34b5c3877c06ee6""]",True,True,True
f332f739-1779-496c-a207-7b1c93daa8bb,2,ridge_eave_plane_group,3,f332f739-1779-496c-a207-7b1c93daa8bb::ridge-eave-candidate::plane-group::8c70ebd6995c,91.336232,328.492301,44.828753,12,0.520205,0.91423,0.709217,148.492301,24.813093,19.894879,1.811734,6,25.824708,f332f739-1779-496c-a207-7b1c93daa8bb::eave-chain::2:13,0.941236,0,0.732919,0.732772,medium,keep,False,"[""f332f739-1779-496c-a207-7b1c93daa8bb::eave-chain::2:0"", ""f332f739-1779-496c-a207-7b1c93daa8bb::eave-chain::2:10"", ""f332f739-1779-496c-a207-7b1c93daa8bb::eave-chain::2:11"", ""f332f739-1779-496c-a207-7b1c93daa8bb::eave-chain::2:13"", ""f332f739-1779-496c-a207-7b1c93daa8bb::eave-chain::2:3"", ""f332f739-1779-496c-a207-7b1c93daa8bb::eave-chain::2:5""]",25.824708,0.428786,1.875439,"[""building-part:63ae6a3b783722c2fdfd"", ""building-part:8a4a2b6e58ce6435a8f9"", ""building-part:dedb1df3473bfa0f776c""]","[""building-part:63ae6a3b783722c2fdfd"", ""building-part:8a4a2b6e58ce6435a8f9"", ""building-part:dedb1df3473bfa0f776c""]","[""building-part:63ae6a3b783722c2fdfd"", ""building-part:8a4a2b6e58ce6435a8f9"", ""building-part:dedb1df3473bfa0f776c"", ""building-part:e52ee34b5c3877c06ee6""]",False,True,True
f332f739-1779-496c-a207-7b1c93daa8bb,2,ridge_eave_plane_group,4,f332f739-1779-496c-a207-7b1c93daa8bb::ridge-eave-candidate::plane-group::c35b298ebb0c,91.336232,148.508288,45.592817,12,0.520205,0.91423,0.699753,31.491712,25.577157,19.894879,1.811734,6,25.824708,f332f739-1779-496c-a207-7b1c93daa8bb::eave-chain::2:5,0.960831,0,0.728187,0.730879,medium,keep,False,"[""f332f739-1779-496c-a207-7b1c93daa8bb::eave-chain::2:0"", ""f332f739-1779-496c-a207-7b1c93daa8bb::eave-chain::2:10"", ""f332f739-1779-496c-a207-7b1c93daa8bb::eave-chain::2:11"", ""f332f739-1779-496c-a207-7b1c93daa8bb::eave-chain::2:13"", ""f332f739-1779-496c-a207-7b1c93daa8bb::eave-chain::2:3"", ""f332f739-1779-496c-a207-7b1c93daa8bb::eave-chain::2:5""]",25.824708,0.428786,1.607441,"[""building-part:63ae6a3b783722c2fdfd"", ""building-part:dedb1df3473bfa0f776c"", ""building-part:e52ee34b5c3877c06ee6""]","[""building-part:63ae6a3b783722c2fdfd"", ""building-part:dedb1df3473bfa0f776c"", ""building-part:e52ee34b5c3877c06ee6""]","[""building-part:63ae6a3b783722c2fdfd"", ""building-part:8a4a2b6e58ce6435a8f9"", ""building-part:dedb1df3473bfa0f776c"", ""building-part:e52ee34b5c3877c06ee6""]",False,True,True
f332f739-1779-496c-a207-7b1c93daa8bb,2,ridge_eave_plane_group,5,f332f739-1779-496c-a207-7b1c93daa8bb::ridge-eave-candidate::plane-group::971d84dd035f,91.336232,238.508287,47.687254,12,0.520205,0.91423,0.648389,89.134585,27.671593,0.0,6.88538,8,14.437604,f332f739-1779-496c-a207-7b1c93daa8bb::eave-chain::2:2,0.887888,0,0.702505,0.720606,medium,keep,False,"[""f332f739-1779-496c-a207-7b1c93daa8bb::eave-chain::2:1"", ""f332f739-1779-496c-a207-7b1c93daa8bb::eave-chain::2:12"", ""f332f739-1779-496c-a207-7b1c93daa8bb::eave-chain::2:2"", ""f332f739-1779-496c-a207-7b1c93daa8bb::eave-chain::2:4"", ""f332f739-1779-496c-a207-7b1c93daa8bb::eave-chain::2:6"", ""f332f739-1779-496c-a207-7b1c93daa8bb::eave-chain::2:7"", ""f332f739-1779-496c-a207-7b1c93daa8bb::eave-chain::2:8"", ""f332f739-1779-496c-a207-7b1c93daa8bb::eave-chain::2:9""]",14.437604,0.025163,2.649461,"[""building-part:e52ee34b5c3877c06ee6""]","[""building-part:e52ee34b5c3877c06ee6""]","[""building-part:63ae6a3b783722c2fdfd"", ""building-part:8a4a2b6e58ce6435a8f9"", ""building-part:dedb1df3473bfa0f776c"", ""building-part:e52ee34b5c3877c06ee6""]",False,True,True
f332f739-1779-496c-a207-7b1c93daa8bb,2,ridge_eave_plane_group,6,f332f739-1779-496c-a207-7b1c93daa8bb::ridge-eave-candidate::plane-group::951357b9cc86,91.336232,58.508287,40.026229,12,0.520205,0.91423,0.76575,90.865415,24.036784,0.0,6.88538,8,14.437604,f332f739-1779-496c-a207-7b1c93daa8bb::eave-chain::2:6,0.920993,0,0.761185,0.744078,strong,keep,False,"[""f332f739-1779-496c-a207-7b1c93daa8bb::eave-chain::2:1"", ""f332f739-1779-496c-a207-7b1c93daa8bb::eave-chain::2:12"", ""f332f739-1779-496c-a207-7b1c93daa8bb::eave-chain::2:2"", ""f332f739-1779-496c-a207-7b1c93daa8bb::eave-chain::2:4"", ""f332f739-1779-496c-a207-7b1c93daa8bb::eave-chain::2:6"", ""f332f739-1779-496c-a207-7b1c93daa8bb::eave-chain::2:7"", ""f332f739-1779-496c-a207-7b1c93daa8bb::eave-chain::2:8"", ""f332f739-1779-496c-a207-7b1c93daa8bb::eave-chain::2:9""]",14.437604,0.025163,2.344644,"[""building-part:e52ee34b5c3877c06ee6""]","[""building-part:e52ee34b5c3877c06ee6""]","[""building-part:63ae6a3b783722c2fdfd"", ""building-part:8a4a2b6e58ce6435a8f9"", ""building-part:dedb1df3473bfa0f776c"", ""building-part:e52ee34b5c3877c06ee6""]",False,True,True
f46b4d89-ae67-405c-af8b-eb7396b06ef8,1,candidate_oblique,0,f46b4d89-ae67-405c-af8b-eb7396b06ef8::ceiling-oblique::ceiling-oblique:0,18.782994,260.127086,39.536693,3,0.279765,0.637427,0.975959,1.164301,12.588855,5.54897,5.549676,5,16.556688,f46b4d89-ae67-405c-af8b-eb7396b06ef8::eave-chain::1:8,0.97112,0,0.735161,0.634583,medium,maybe,False,"[""f46b4d89-ae67-405c-af8b-eb7396b06ef8::eave-chain::1:0"", ""f46b4d89-ae67-405c-af8b-eb7396b06ef8::eave-chain::1:11"", ""f46b4d89-ae67-405c-af8b-eb7396b06ef8::eave-chain::1:3"", ""f46b4d89-ae67-405c-af8b-eb7396b06ef8::eave-chain::1:8"", ""f46b4d89-ae67-405c-af8b-eb7396b06ef8::eave-chain::1:9""]",16.556688,0.00347,0.389761,"[""building-part:a88dc5e769c2f78d960a"", ""building-part:c364696c86a1868c9ecc""]","[""building-part:a88dc5e769c2f78d960a"", ""building-part:c364696c86a1868c9ecc""]","[""building-part:a88dc5e769c2f78d960a"", ""building-part:c364696c86a1868c9ecc""]",True,True,True
f46b4d89-ae67-405c-af8b-eb7396b06ef8,1,candidate_oblique,1,f46b4d89-ae67-405c-af8b-eb7396b06ef8::ceiling-oblique::ceiling-oblique:1,9.524779,80.127086,40.638454,3,0.519062,0.873563,0.758834,80.127086,40.638454,5.798664,0.696116,4,14.487743,f46b4d89-ae67-405c-af8b-eb7396b06ef8::eave-chain::1:6,0.988838,0,0.745299,0.734104,medium,keep,False,"[""f46b4d89-ae67-405c-af8b-eb7396b06ef8::eave-chain::1:0"", ""f46b4d89-ae67-405c-af8b-eb7396b06ef8::eave-chain::1:11"", ""f46b4d89-ae67-405c-af8b-eb7396b06ef8::eave-chain::1:6"", ""f46b4d89-ae67-405c-af8b-eb7396b06ef8::eave-chain::1:9""]",14.487743,0.09749,0.922773,"[""building-part:a88dc5e769c2f78d960a"", ""building-part:c364696c86a1868c9ecc""]","[""building-part:a88dc5e769c2f78d960a"", ""building-part:c364696c86a1868c9ecc""]","[""building-part:a88dc5e769c2f78d960a"", ""building-part:c364696c86a1868c9ecc""]",True,True,True
f46b4d89-ae67-405c-af8b-eb7396b06ef8,1,committed_oblique,0,f46b4d89-ae67-405c-af8b-eb7396b06ef8::roof-oblique::oblique:0,19.386414,260.126653,39.534185,6,0.691638,0.755495,0.771245,94.938603,38.213483,5.54897,4.967873,5,16.556688,f46b4d89-ae67-405c-af8b-eb7396b06ef8::eave-chain::1:3,0.998895,0,0.750599,0.782003,strong,keep,False,"[""f46b4d89-ae67-405c-af8b-eb7396b06ef8::eave-chain::1:0"", ""f46b4d89-ae67-405c-af8b-eb7396b06ef8::eave-chain::1:11"", ""f46b4d89-ae67-405c-af8b-eb7396b06ef8::eave-chain::1:3"", ""f46b4d89-ae67-405c-af8b-eb7396b06ef8::eave-chain::1:8"", ""f46b4d89-ae67-405c-af8b-eb7396b06ef8::eave-chain::1:9""]",16.556688,0.00347,0.389466,"[""building-part:a88dc5e769c2f78d960a"", ""building-part:c364696c86a1868c9ecc""]","[""building-part:a88dc5e769c2f78d960a"", ""building-part:c364696c86a1868c9ecc""]","[""building-part:a88dc5e769c2f78d960a"", ""building-part:c364696c86a1868c9ecc""]",True,True,True
f46b4d89-ae67-405c-af8b-eb7396b06ef8,1,committed_oblique,1,f46b4d89-ae67-405c-af8b-eb7396b06ef8::roof-oblique::oblique:1,16.789559,80.131207,40.639405,3,0.91151,0.873563,0.758824,80.131207,40.639405,5.798664,5.35623,4,14.487743,f46b4d89-ae67-405c-af8b-eb7396b06ef8::eave-chain::1:6,0.988935,0,0.823783,0.891081,strong,keep,False,"[""f46b4d89-ae67-405c-af8b-eb7396b06ef8::eave-chain::1:0"", ""f46b4d89-ae67-405c-af8b-eb7396b06ef8::eave-chain::1:11"", ""f46b4d89-ae67-405c-af8b-eb7396b06ef8::eave-chain::1:6"", ""f46b4d89-ae67-405c-af8b-eb7396b06ef8::eave-chain::1:9""]",14.487743,0.09749,0.922766,"[""building-part:a88dc5e769c2f78d960a""]","[""building-part:a88dc5e769c2f78d960a""]","[""building-part:a88dc5e769c2f78d960a"", ""building-part:c364696c86a1868c9ecc""]",True,True,True
f46b4d89-ae67-405c-af8b-eb7396b06ef8,1,ridge_eave_plane_group,0,f46b4d89-ae67-405c-af8b-eb7396b06ef8::ridge-eave-candidate::plane-group::97aef3904512,54.579344,260.127086,39.536391,7,0.524626,0.790424,0.77122,99.872914,36.894987,11.347633,2.898928,5,17.088144,f46b4d89-ae67-405c-af8b-eb7396b06ef8::eave-chain::1:8,0.975795,0,0.727663,0.722179,medium,keep,False,"[""f46b4d89-ae67-405c-af8b-eb7396b06ef8::eave-chain::1:0"", ""f46b4d89-ae67-405c-af8b-eb7396b06ef8::eave-chain::1:11"", ""f46b4d89-ae67-405c-af8b-eb7396b06ef8::eave-chain::1:6"", ""f46b4d89-ae67-405c-af8b-eb7396b06ef8::eave-chain::1:8"", ""f46b4d89-ae67-405c-af8b-eb7396b06ef8::eave-chain::1:9""]",17.088144,0.191511,2.359908,"[""building-part:a88dc5e769c2f78d960a"", ""building-part:c364696c86a1868c9ecc""]","[""building-part:a88dc5e769c2f78d960a"", ""building-part:c364696c86a1868c9ecc""]","[""building-part:a88dc5e769c2f78d960a"", ""building-part:c364696c86a1868c9ecc""]",True,True,True
f46b4d89-ae67-405c-af8b-eb7396b06ef8,1,ridge_eave_plane_group,1,f46b4d89-ae67-405c-af8b-eb7396b06ef8::ridge-eave-candidate::plane-group::e2c3eac9f236,56.110298,350.127116,9.208499,7,0.512838,0.790424,0.978689,89.569751,9.208499,0.0,5.489784,6,14.579999,f46b4d89-ae67-405c-af8b-eb7396b06ef8::eave-chain::1:4,0.899949,0,0.829039,0.758958,strong,keep,False,"[""f46b4d89-ae67-405c-af8b-eb7396b06ef8::eave-chain::1:1"", ""f46b4d89-ae67-405c-af8b-eb7396b06ef8::eave-chain::1:10"", ""f46b4d89-ae67-405c-af8b-eb7396b06ef8::eave-chain::1:12"", ""f46b4d89-ae67-405c-af8b-eb7396b06ef8::eave-chain::1:4"", ""f46b4d89-ae67-405c-af8b-eb7396b06ef8::eave-chain::1:5"", ""f46b4d89-ae67-405c-af8b-eb7396b06ef8::eave-chain::1:7""]",14.579999,0.001607,0.256649,"[""building-part:a88dc5e769c2f78d960a"", ""building-part:c364696c86a1868c9ecc""]","[""building-part:a88dc5e769c2f78d960a"", ""building-part:c364696c86a1868c9ecc""]","[""building-part:a88dc5e769c2f78d960a"", ""building-part:c364696c86a1868c9ecc""]",True,True,True
f46b4d89-ae67-405c-af8b-eb7396b06ef8,1,ridge_eave_plane_group,2,f46b4d89-ae67-405c-af8b-eb7396b06ef8::ridge-eave-candidate::plane-group::103bebfd1465,54.579344,80.127086,40.638709,7,0.524626,0.790424,0.758831,80.127086,37.997305,11.347633,2.898928,5,17.088144,f46b4d89-ae67-405c-af8b-eb7396b06ef8::eave-chain::1:6,0.988425,0,0.721468,0.719702,medium,keep,False,"[""f46b4d89-ae67-405c-af8b-eb7396b06ef8::eave-chain::1:0"", ""f46b4d89-ae67-405c-af8b-eb7396b06ef8::eave-chain::1:11"", ""f46b4d89-ae67-405c-af8b-eb7396b06ef8::eave-chain::1:6"", ""f46b4d89-ae67-405c-af8b-eb7396b06ef8::eave-chain::1:8"", ""f46b4d89-ae67-405c-af8b-eb7396b06ef8::eave-chain::1:9""]",17.088144,0.191511,1.775099,"[""building-part:a88dc5e769c2f78d960a"", ""building-part:c364696c86a1868c9ecc""]","[""building-part:a88dc5e769c2f78d960a"", ""building-part:c364696c86a1868c9ecc""]","[""building-part:a88dc5e769c2f78d960a"", ""building-part:c364696c86a1868c9ecc""]",True,True,True
f932e0d3-b002-4f89-97e7-ec54d4703506,2,candidate_oblique,0,f932e0d3-b002-4f89-97e7-ec54d4703506::ceiling-oblique::ceiling-oblique:0,7.498626,247.047514,45.615648,3,0.691344,0.848485,0.999872,0.101855,0.913238,9.269492,6.830526,3,14.8876,f932e0d3-b002-4f89-97e7-ec54d4703506::eave-chain::2:4,0.991443,0,0.89275,0.846209,strong,keep,False,"[""f932e0d3-b002-4f89-97e7-ec54d4703506::eave-chain::2:2"", ""f932e0d3-b002-4f89-97e7-ec54d4703506::eave-chain::2:3"", ""f932e0d3-b002-4f89-97e7-ec54d4703506::eave-chain::2:4""]",14.8876,0.144289,0.045734,"[""building-part:f6850006e59cf379dd99""]","[""building-part:f6850006e59cf379dd99""]","[""building-part:f6850006e59cf379dd99""]",True,True,True
f932e0d3-b002-4f89-97e7-ec54d4703506,2,candidate_oblique,1,f932e0d3-b002-4f89-97e7-ec54d4703506::ceiling-oblique::ceiling-oblique:1,7.755802,67.04751,44.711905,3,0.96494,1.0,0.999934,0.498417,0.657879,16.11569,8.057074,2,13.153452,f932e0d3-b002-4f89-97e7-ec54d4703506::eave-chain::2:3,0.990539,0,0.992955,0.985963,strong,keep,False,"[""f932e0d3-b002-4f89-97e7-ec54d4703506::eave-chain::2:3"", ""f932e0d3-b002-4f89-97e7-ec54d4703506::eave-chain::2:4""]",13.153452,0.167858,2.79988,"[""building-part:f6850006e59cf379dd99""]","[""building-part:f6850006e59cf379dd99""]","[""building-part:f6850006e59cf379dd99""]",True,True,True
f932e0d3-b002-4f89-97e7-ec54d4703506,2,committed_oblique,0,f932e0d3-b002-4f89-97e7-ec54d4703506::roof-oblique::oblique:0,24.995684,247.043925,45.619897,5,0.551139,0.909091,0.982649,0.19427,10.688803,9.269492,11.987456,4,21.778678,f932e0d3-b002-4f89-97e7-ec54d4703506::eave-chain::2:4,0.991442,0,0.87428,0.798804,strong,keep,False,"[""f932e0d3-b002-4f89-97e7-ec54d4703506::eave-chain::2:0"", ""f932e0d3-b002-4f89-97e7-ec54d4703506::eave-chain::2:2"", ""f932e0d3-b002-4f89-97e7-ec54d4703506::eave-chain::2:3"", ""f932e0d3-b002-4f89-97e7-ec54d4703506::eave-chain::2:4""]",21.778678,0.167858,0.986018,"[""building-part:f6850006e59cf379dd99""]","[""building-part:f6850006e59cf379dd99""]","[""building-part:f6850006e59cf379dd99""]",True,True,True
f932e0d3-b002-4f89-97e7-ec54d4703506,2,committed_oblique,1,f932e0d3-b002-4f89-97e7-ec54d4703506::roof-oblique::oblique:1,22.924017,67.044453,44.716053,4,0.984157,1.0,0.855269,33.772963,22.684892,16.11569,14.948152,3,20.04453,f932e0d3-b002-4f89-97e7-ec54d4703506::eave-chain::2:3,0.990616,0,0.924466,0.964716,strong,keep,False,"[""f932e0d3-b002-4f89-97e7-ec54d4703506::eave-chain::2:0"", ""f932e0d3-b002-4f89-97e7-ec54d4703506::eave-chain::2:3"", ""f932e0d3-b002-4f89-97e7-ec54d4703506::eave-chain::2:4""]",20.04453,0.191423,1.899235,"[""building-part:f6850006e59cf379dd99""]","[""building-part:f6850006e59cf379dd99""]","[""building-part:f6850006e59cf379dd99""]",True,True,True
f932e0d3-b002-4f89-97e7-ec54d4703506,2,ridge_eave_plane_group,0,f932e0d3-b002-4f89-97e7-ec54d4703506::ridge-eave-candidate::plane-group::ad5e2507d6cb,62.186342,247.047514,45.615897,8,0.584457,0.943182,0.699465,67.047514,5.802897,25.385182,0.0,4,21.778678,f932e0d3-b002-4f89-97e7-ec54d4703506::eave-chain::2:2,0.987636,0,0.749579,0.762312,medium,keep,False,"[""f932e0d3-b002-4f89-97e7-ec54d4703506::eave-chain::2:0"", ""f932e0d3-b002-4f89-97e7-ec54d4703506::eave-chain::2:2"", ""f932e0d3-b002-4f89-97e7-ec54d4703506::eave-chain::2:3"", ""f932e0d3-b002-4f89-97e7-ec54d4703506::eave-chain::2:4""]",21.778678,0.167858,0.983445,"[""building-part:f6850006e59cf379dd99""]","[""building-part:f6850006e59cf379dd99""]","[""building-part:f6850006e59cf379dd99""]",True,True,True
f932e0d3-b002-4f89-97e7-ec54d4703506,2,ridge_eave_plane_group,1,f932e0d3-b002-4f89-97e7-ec54d4703506::ridge-eave-candidate::plane-group::26402aa06b8f,62.186342,67.04751,44.711835,8,0.584457,0.943182,0.710654,112.95249,6.706959,25.385182,0.0,4,21.778678,f932e0d3-b002-4f89-97e7-ec54d4703506::eave-chain::2:3,0.9845,0,0.755173,0.76455,strong,keep,False,"[""f932e0d3-b002-4f89-97e7-ec54d4703506::eave-chain::2:0"", ""f932e0d3-b002-4f89-97e7-ec54d4703506::eave-chain::2:2"", ""f932e0d3-b002-4f89-97e7-ec54d4703506::eave-chain::2:3"", ""f932e0d3-b002-4f89-97e7-ec54d4703506::eave-chain::2:4""]",21.778678,0.167858,3.741113,"[""building-part:f6850006e59cf379dd99""]","[""building-part:f6850006e59cf379dd99""]","[""building-part:f6850006e59cf379dd99""]",True,True,True
fa45599d-b1aa-4d6d-b4b4-2c823108398f,0,candidate_oblique,0,fa45599d-b1aa-4d6d-b4b4-2c823108398f::ceiling-oblique::ceiling-oblique:0,8.386714,123.628886,24.488447,2,0.95632,0.571429,0.997347,0.660222,3.216772,0.0,3.886807,1,3.886807,fa45599d-b1aa-4d6d-b4b4-2c823108398f::eave-chain::0:18,0.977186,0,0.861366,0.890623,strong,keep,False,"[""fa45599d-b1aa-4d6d-b4b4-2c823108398f::eave-chain::0:18""]",3.886807,0.616698,0.025468,"[""building-part:be0b2fb060acd42c85e7""]","[""building-part:be0b2fb060acd42c85e7""]","[""building-part:be0b2fb060acd42c85e7""]",False,True,False
fa45599d-b1aa-4d6d-b4b4-2c823108398f,0,committed_oblique,0,fa45599d-b1aa-4d6d-b4b4-2c823108398f::roof-oblique::oblique:0,12.04945,123.626386,24.496443,3,0.683802,0.568452,0.994772,0.701245,5.416473,0.0,3.886807,1,3.886807,fa45599d-b1aa-4d6d-b4b4-2c823108398f::eave-chain::0:18,0.97729,0,0.804682,0.780506,strong,keep,False,"[""fa45599d-b1aa-4d6d-b4b4-2c823108398f::eave-chain::0:18""]",3.886807,0.616698,0.02506,"[""building-part:be0b2fb060acd42c85e7""]","[""building-part:be0b2fb060acd42c85e7""]","[""building-part:9ac32a6871e0b040762b"", ""building-part:be0b2fb060acd42c85e7""]",False,True,False
fa45599d-b1aa-4d6d-b4b4-2c823108398f,0,ridge_eave_plane_group,0,fa45599d-b1aa-4d6d-b4b4-2c823108398f::ridge-eave-candidate::plane-group::a1fecded8230,170.564433,303.628883,24.712814,12,0.579547,0.875446,0.908415,123.628883,24.712814,0.0,23.359598,9,66.023989,fa45599d-b1aa-4d6d-b4b4-2c823108398f::eave-chain::0:17,0.999001,0,0.832751,0.788591,strong,keep,False,"[""fa45599d-b1aa-4d6d-b4b4-2c823108398f::eave-chain::0:0"", ""fa45599d-b1aa-4d6d-b4b4-2c823108398f::eave-chain::0:11"", ""fa45599d-b1aa-4d6d-b4b4-2c823108398f::eave-chain::0:14"", ""fa45599d-b1aa-4d6d-b4b4-2c823108398f::eave-chain::0:16"", ""fa45599d-b1aa-4d6d-b4b4-2c823108398f::eave-chain::0:17"", ""fa45599d-b1aa-4d6d-b4b4-2c823108398f::eave-chain::0:18"", ""fa45599d-b1aa-4d6d-b4b4-2c823108398f::eave-chain::0:2"", ""fa45599d-b1aa-4d6d-b4b4-2c823108398f::eave-chain::0:6"", ""fa45599d-b1aa-4d6d-b4b4-2c823108398f::eave-chain::0:8""]",66.023989,0.377289,5.083112,"[""building-part:be0b2fb060acd42c85e7""]","[""building-part:be0b2fb060acd42c85e7""]","[""building-part:9ac32a6871e0b040762b"", ""building-part:be0b2fb060acd42c85e7"", ""building-part:d6b3cc8d3b3ae284e3f4""]",False,True,True
fa45599d-b1aa-4d6d-b4b4-2c823108398f,0,ridge_eave_plane_group,1,fa45599d-b1aa-4d6d-b4b4-2c823108398f::ridge-eave-candidate::plane-group::0eafccc8b9d4,170.564433,123.628886,24.488549,12,0.579547,0.875446,0.910044,56.371114,24.488549,0.0,23.359598,9,66.023989,fa45599d-b1aa-4d6d-b4b4-2c823108398f::eave-chain::0:16,0.95429,0,0.833565,0.788917,strong,keep,False,"[""fa45599d-b1aa-4d6d-b4b4-2c823108398f::eave-chain::0:0"", ""fa45599d-b1aa-4d6d-b4b4-2c823108398f::eave-chain::0:11"", ""fa45599d-b1aa-4d6d-b4b4-2c823108398f::eave-chain::0:14"", ""fa45599d-b1aa-4d6d-b4b4-2c823108398f::eave-chain::0:16"", ""fa45599d-b1aa-4d6d-b4b4-2c823108398f::eave-chain::0:17"", ""fa45599d-b1aa-4d6d-b4b4-2c823108398f::eave-chain::0:18"", ""fa45599d-b1aa-4d6d-b4b4-2c823108398f::eave-chain::0:2"", ""fa45599d-b1aa-4d6d-b4b4-2c823108398f::eave-chain::0:6"", ""fa45599d-b1aa-4d6d-b4b4-2c823108398f::eave-chain::0:8""]",66.023989,0.377292,1.403276,"[""building-part:be0b2fb060acd42c85e7""]","[""building-part:be0b2fb060acd42c85e7""]","[""building-part:5a372667d1866fd2ce1c"", ""building-part:779562de584bc2fc5781"", ""building-part:80a292754a4791f2064a"", ""building-part:9ac32a6871e0b040762b"", ""building-part:be0b2fb060acd42c85e7"", ""building-part:d6b3cc8d3b3ae284e3f4""]",False,True,True
fb279aa5-092f-4146-83ff-b557415e7ba4,0,candidate_oblique,0,fb279aa5-092f-4146-83ff-b557415e7ba4::ceiling-oblique::ceiling-oblique:0,7.197572,61.590134,16.561567,5,0.670906,0.744872,0.99776,2.946427,3.722382,3.993963,8.573859,6,46.855538,fb279aa5-092f-4146-83ff-b557415e7ba4::eave-chain::0:2,0.972413,0,0.856523,0.816889,strong,keep,False,"[""fb279aa5-092f-4146-83ff-b557415e7ba4::eave-chain::0:12"", ""fb279aa5-092f-4146-83ff-b557415e7ba4::eave-chain::0:2"", ""fb279aa5-092f-4146-83ff-b557415e7ba4::eave-chain::0:3"", ""fb279aa5-092f-4146-83ff-b557415e7ba4::eave-chain::0:4"", ""fb279aa5-092f-4146-83ff-b557415e7ba4::eave-chain::0:6"", ""fb279aa5-092f-4146-83ff-b557415e7ba4::eave-chain::0:8""]",46.855538,0.730405,0.394176,"[""building-part:aad26df7915a3fa450c2"", ""building-part:c73faea3cc7f815be5e1""]","[""building-part:aad26df7915a3fa450c2"", ""building-part:c73faea3cc7f815be5e1""]","[""building-part:aad26df7915a3fa450c2"", ""building-part:c73faea3cc7f815be5e1""]",True,True,True
fb279aa5-092f-4146-83ff-b557415e7ba4,0,candidate_oblique,1,fb279aa5-092f-4146-83ff-b557415e7ba4::ceiling-oblique::ceiling-oblique:1,16.915363,152.132024,13.838797,1,0.997073,1.0,1.0,0.128649,0.000136,9.374947,4.687327,8,47.616685,fb279aa5-092f-4146-83ff-b557415e7ba4::eave-chain::0:16,0.999803,0,0.999414,0.998829,strong,keep,False,"[""fb279aa5-092f-4146-83ff-b557415e7ba4::eave-chain::0:1"", ""fb279aa5-092f-4146-83ff-b557415e7ba4::eave-chain::0:10"", ""fb279aa5-092f-4146-83ff-b557415e7ba4::eave-chain::0:11"", ""fb279aa5-092f-4146-83ff-b557415e7ba4::eave-chain::0:13"", ""fb279aa5-092f-4146-83ff-b557415e7ba4::eave-chain::0:14"", ""fb279aa5-092f-4146-83ff-b557415e7ba4::eave-chain::0:16"", ""fb279aa5-092f-4146-83ff-b557415e7ba4::eave-chain::0:5"", ""fb279aa5-092f-4146-83ff-b557415e7ba4::eave-chain::0:7""]",47.616685,0.014539,0.546994,"[""building-part:d0da6847b28e5c21f9be""]","[""building-part:d0da6847b28e5c21f9be""]","[""building-part:d0da6847b28e5c21f9be""]",False,True,False
fb279aa5-092f-4146-83ff-b557415e7ba4,0,candidate_oblique,2,fb279aa5-092f-4146-83ff-b557415e7ba4::ceiling-oblique::ceiling-oblique:2,14.787526,332.132024,13.172157,1,0.999995,1.0,1.0,0.000189,1e-05,4.687518,4.687518,8,47.616685,fb279aa5-092f-4146-83ff-b557415e7ba4::eave-chain::0:14,0.788767,0,0.999999,0.999998,strong,keep,False,"[""fb279aa5-092f-4146-83ff-b557415e7ba4::eave-chain::0:1"", ""fb279aa5-092f-4146-83ff-b557415e7ba4::eave-chain::0:10"", ""fb279aa5-092f-4146-83ff-b557415e7ba4::eave-chain::0:11"", ""fb279aa5-092f-4146-83ff-b557415e7ba4::eave-chain::0:13"", ""fb279aa5-092f-4146-83ff-b557415e7ba4::eave-chain::0:14"", ""fb279aa5-092f-4146-83ff-b557415e7ba4::eave-chain::0:16"", ""fb279aa5-092f-4146-83ff-b557415e7ba4::eave-chain::0:5"", ""fb279aa5-092f-4146-83ff-b557415e7ba4::eave-chain::0:7""]",47.616685,0.014539,1.952229,"[""building-part:d0da6847b28e5c21f9be""]","[""building-part:d0da6847b28e5c21f9be""]","[""building-part:d0da6847b28e5c21f9be""]",False,True,False
fb279aa5-092f-4146-83ff-b557415e7ba4,0,committed_oblique,0,fb279aa5-092f-4146-83ff-b557415e7ba4::roof-oblique::oblique:0,5.624051,61.599054,16.555765,5,0.865858,0.744872,0.997752,2.955347,3.728184,0.0,5.281552,6,46.855538,fb279aa5-092f-4146-83ff-b557415e7ba4::eave-chain::0:2,0.919405,0,0.895509,0.894868,strong,keep,False,"[""fb279aa5-092f-4146-83ff-b557415e7ba4::eave-chain::0:12"", ""fb279aa5-092f-4146-83ff-b557415e7ba4::eave-chain::0:2"", ""fb279aa5-092f-4146-83ff-b557415e7ba4::eave-chain::0:3"", ""fb279aa5-092f-4146-83ff-b557415e7ba4::eave-chain::0:4"", ""fb279aa5-092f-4146-83ff-b557415e7ba4::eave-chain::0:6"", ""fb279aa5-092f-4146-83ff-b557415e7ba4::eave-chain::0:8""]",46.855538,0.730405,0.394317,"[""building-part:aad26df7915a3fa450c2""]","[""building-part:aad26df7915a3fa450c2""]","[""building-part:aad26df7915a3fa450c2"", ""building-part:c73faea3cc7f815be5e1""]",True,True,True
fb279aa5-092f-4146-83ff-b557415e7ba4,0,committed_oblique,1,fb279aa5-092f-4146-83ff-b557415e7ba4::roof-oblique::oblique:1,74.417572,152.132746,13.840158,8,0.957664,0.890625,0.970967,27.867254,13.840158,9.374947,12.02858,8,47.616685,fb279aa5-092f-4146-83ff-b557415e7ba4::eave-chain::0:16,0.999782,0,0.944204,0.955384,strong,keep,False,"[""fb279aa5-092f-4146-83ff-b557415e7ba4::eave-chain::0:1"", ""fb279aa5-092f-4146-83ff-b557415e7ba4::eave-chain::0:10"", ""fb279aa5-092f-4146-83ff-b557415e7ba4::eave-chain::0:11"", ""fb279aa5-092f-4146-83ff-b557415e7ba4::eave-chain::0:13"", ""fb279aa5-092f-4146-83ff-b557415e7ba4::eave-chain::0:14"", ""fb279aa5-092f-4146-83ff-b557415e7ba4::eave-chain::0:16"", ""fb279aa5-092f-4146-83ff-b557415e7ba4::eave-chain::0:5"", ""fb279aa5-092f-4146-83ff-b557415e7ba4::eave-chain::0:7""]",47.616685,0.014539,0.546953,"[""building-part:aad26df7915a3fa450c2"", ""building-part:c73faea3cc7f815be5e1"", ""building-part:d0da6847b28e5c21f9be""]","[""building-part:aad26df7915a3fa450c2"", ""building-part:c73faea3cc7f815be5e1"", ""building-part:d0da6847b28e5c21f9be""]","[""building-part:aad26df7915a3fa450c2"", ""building-part:c73faea3cc7f815be5e1"", ""building-part:d0da6847b28e5c21f9be""]",True,True,True
fb279aa5-092f-4146-83ff-b557415e7ba4,0,committed_oblique,2,fb279aa5-092f-4146-83ff-b557415e7ba4::roof-oblique::oblique:2,43.626023,332.137973,13.175667,3,0.980129,1.0,0.973676,152.137973,13.175667,9.374901,11.909111,8,47.616685,fb279aa5-092f-4146-83ff-b557415e7ba4::eave-chain::0:14,0.988057,0,0.982864,0.986787,strong,keep,False,"[""fb279aa5-092f-4146-83ff-b557415e7ba4::eave-chain::0:1"", ""fb279aa5-092f-4146-83ff-b557415e7ba4::eave-chain::0:10"", ""fb279aa5-092f-4146-83ff-b557415e7ba4::eave-chain::0:11"", ""fb279aa5-092f-4146-83ff-b557415e7ba4::eave-chain::0:13"", ""fb279aa5-092f-4146-83ff-b557415e7ba4::eave-chain::0:14"", ""fb279aa5-092f-4146-83ff-b557415e7ba4::eave-chain::0:16"", ""fb279aa5-092f-4146-83ff-b557415e7ba4::eave-chain::0:5"", ""fb279aa5-092f-4146-83ff-b557415e7ba4::eave-chain::0:7""]",47.616685,0.014539,1.952779,"[""building-part:d0da6847b28e5c21f9be""]","[""building-part:d0da6847b28e5c21f9be""]","[""building-part:c73faea3cc7f815be5e1"", ""building-part:d0da6847b28e5c21f9be""]",False,True,False
fb279aa5-092f-4146-83ff-b557415e7ba4,0,ridge_eave_plane_group,0,fb279aa5-092f-4146-83ff-b557415e7ba4::ridge-eave-candidate::plane-group::405736657448,137.200434,61.601307,16.557872,12,0.926035,0.869391,0.958532,104.52903,16.557872,3.993963,16.413164,7,47.351447,fb279aa5-092f-4146-83ff-b557415e7ba4::eave-chain::0:2,0.974434,0,0.92529,0.935999,strong,keep,False,"[""fb279aa5-092f-4146-83ff-b557415e7ba4::eave-chain::0:12"", ""fb279aa5-092f-4146-83ff-b557415e7ba4::eave-chain::0:15"", ""fb279aa5-092f-4146-83ff-b557415e7ba4::eave-chain::0:2"", ""fb279aa5-092f-4146-83ff-b557415e7ba4::eave-chain::0:3"", ""fb279aa5-092f-4146-83ff-b557415e7ba4::eave-chain::0:4"", ""fb279aa5-092f-4146-83ff-b557415e7ba4::eave-chain::0:6"", ""fb279aa5-092f-4146-83ff-b557415e7ba4::eave-chain::0:8""]",47.351447,0.531455,0.738563,"[""building-part:aad26df7915a3fa450c2""]","[""building-part:aad26df7915a3fa450c2""]","[""building-part:aad26df7915a3fa450c2"", ""building-part:c73faea3cc7f815be5e1"", ""building-part:d0da6847b28e5c21f9be""]",True,True,True
fb279aa5-092f-4146-83ff-b557415e7ba4,0,ridge_eave_plane_group,1,fb279aa5-092f-4146-83ff-b557415e7ba4::ridge-eave-candidate::plane-group::50d0af57b78f,137.238145,152.132024,13.838797,12,0.926055,0.869391,0.970973,27.867976,13.838797,18.749848,30.420879,9,50.418308,fb279aa5-092f-4146-83ff-b557415e7ba4::eave-chain::0:16,0.999802,0,0.931515,0.938495,strong,keep,False,"[""fb279aa5-092f-4146-83ff-b557415e7ba4::eave-chain::0:1"", ""fb279aa5-092f-4146-83ff-b557415e7ba4::eave-chain::0:10"", ""fb279aa5-092f-4146-83ff-b557415e7ba4::eave-chain::0:11"", ""fb279aa5-092f-4146-83ff-b557415e7ba4::eave-chain::0:13"", ""fb279aa5-092f-4146-83ff-b557415e7ba4::eave-chain::0:14"", ""fb279aa5-092f-4146-83ff-b557415e7ba4::eave-chain::0:16"", ""fb279aa5-092f-4146-83ff-b557415e7ba4::eave-chain::0:5"", ""fb279aa5-092f-4146-83ff-b557415e7ba4::eave-chain::0:7"", ""fb279aa5-092f-4146-83ff-b557415e7ba4::eave-chain::0:9""]",50.418308,0.007244,0.885313,"[""building-part:d0da6847b28e5c21f9be""]","[""building-part:d0da6847b28e5c21f9be""]","[""building-part:aad26df7915a3fa450c2"", ""building-part:c73faea3cc7f815be5e1"", ""building-part:d0da6847b28e5c21f9be""]",False,True,True
fb279aa5-092f-4146-83ff-b557415e7ba4,0,ridge_eave_plane_group,2,fb279aa5-092f-4146-83ff-b557415e7ba4::ridge-eave-candidate::plane-group::c081a1d3616c,137.2005,332.132024,13.172157,12,0.926035,0.869391,0.97369,152.132024,13.172157,18.749848,30.420879,9,50.418308,fb279aa5-092f-4146-83ff-b557415e7ba4::eave-chain::0:14,0.920442,0,0.932869,0.93903,strong,keep,False,"[""fb279aa5-092f-4146-83ff-b557415e7ba4::eave-chain::0:1"", ""fb279aa5-092f-4146-83ff-b557415e7ba4::eave-chain::0:10"", ""fb279aa5-092f-4146-83ff-b557415e7ba4::eave-chain::0:11"", ""fb279aa5-092f-4146-83ff-b557415e7ba4::eave-chain::0:13"", ""fb279aa5-092f-4146-83ff-b557415e7ba4::eave-chain::0:14"", ""fb279aa5-092f-4146-83ff-b557415e7ba4::eave-chain::0:16"", ""fb279aa5-092f-4146-83ff-b557415e7ba4::eave-chain::0:5"", ""fb279aa5-092f-4146-83ff-b557415e7ba4::eave-chain::0:7"", ""fb279aa5-092f-4146-83ff-b557415e7ba4::eave-chain::0:9""]",50.418308,0.007244,1.975768,"[""building-part:d0da6847b28e5c21f9be""]","[""building-part:d0da6847b28e5c21f9be""]","[""building-part:aad26df7915a3fa450c2"", ""building-part:c73faea3cc7f815be5e1"", ""building-part:d0da6847b28e5c21f9be""]",False,True,True
fb279aa5-092f-4146-83ff-b557415e7ba4,0,ridge_eave_plane_group,3,fb279aa5-092f-4146-83ff-b557415e7ba4::ridge-eave-candidate::plane-group::1329d83e0c79,137.238084,152.131962,35.839351,12,0.926055,0.869391,0.810662,27.868038,35.839351,18.749848,30.420879,9,50.418308,fb279aa5-092f-4146-83ff-b557415e7ba4::eave-chain::0:9,0.899989,0,0.851359,0.906433,strong,keep,False,"[""fb279aa5-092f-4146-83ff-b557415e7ba4::eave-chain::0:1"", ""fb279aa5-092f-4146-83ff-b557415e7ba4::eave-chain::0:10"", ""fb279aa5-092f-4146-83ff-b557415e7ba4::eave-chain::0:11"", ""fb279aa5-092f-4146-83ff-b557415e7ba4::eave-chain::0:13"", ""fb279aa5-092f-4146-83ff-b557415e7ba4::eave-chain::0:14"", ""fb279aa5-092f-4146-83ff-b557415e7ba4::eave-chain::0:16"", ""fb279aa5-092f-4146-83ff-b557415e7ba4::eave-chain::0:5"", ""fb279aa5-092f-4146-83ff-b557415e7ba4::eave-chain::0:7"", ""fb279aa5-092f-4146-83ff-b557415e7ba4::eave-chain::0:9""]",50.418308,0.007306,3.98138,"[""building-part:aad26df7915a3fa450c2"", ""building-part:c73faea3cc7f815be5e1"", ""building-part:d0da6847b28e5c21f9be""]","[""building-part:aad26df7915a3fa450c2"", ""building-part:c73faea3cc7f815be5e1"", ""building-part:d0da6847b28e5c21f9be""]","[""building-part:aad26df7915a3fa450c2"", ""building-part:c73faea3cc7f815be5e1"", ""building-part:d0da6847b28e5c21f9be""]",True,True,True
fe829d59-c9f1-4194-a40b-39600a4f27b6,2,candidate_oblique,0,fe829d59-c9f1-4194-a40b-39600a4f27b6::ceiling-oblique::ceiling-oblique:0,12.710903,168.688783,44.007929,3,0.600095,0.888889,0.99981,1.550231,0.700446,10.005493,4.889598,2,4.889598,fe829d59-c9f1-4194-a40b-39600a4f27b6::eave-chain::2:3,0.978,0,0.886591,0.817778,strong,keep,False,"[""fe829d59-c9f1-4194-a40b-39600a4f27b6::eave-chain::2:3"", ""fe829d59-c9f1-4194-a40b-39600a4f27b6::eave-chain::2:7""]",4.889598,0.72612,0.048247,"[""building-part:28a840f21fffb444d9de"", ""building-part:6dbea338b80a16d069c0"", ""building-part:9d54df8a822dd3a0ac90""]","[""building-part:28a840f21fffb444d9de"", ""building-part:6dbea338b80a16d069c0"", ""building-part:9d54df8a822dd3a0ac90""]","[""building-part:28a840f21fffb444d9de"", ""building-part:6dbea338b80a16d069c0"", ""building-part:9d54df8a822dd3a0ac90""]",False,True,True
fe829d59-c9f1-4194-a40b-39600a4f27b6,2,candidate_oblique,1,fe829d59-c9f1-4194-a40b-39600a4f27b6::ceiling-oblique::ceiling-oblique:1,4.77313,348.921246,43.604138,3,0.942743,0.815385,0.998388,0.650912,3.220503,14.801376,7.874658,1,7.874658,fe829d59-c9f1-4194-a40b-39600a4f27b6::eave-chain::2:6,0.993692,0,0.932358,0.939852,strong,keep,False,"[""fe829d59-c9f1-4194-a40b-39600a4f27b6::eave-chain::2:6""]",7.874658,0.211821,0.001428,"[""building-part:28a840f21fffb444d9de"", ""building-part:6dbea338b80a16d069c0""]","[""building-part:28a840f21fffb444d9de"", ""building-part:6dbea338b80a16d069c0""]","[""building-part:28a840f21fffb444d9de"", ""building-part:6dbea338b80a16d069c0""]",False,True,True
fe829d59-c9f1-4194-a40b-39600a4f27b6,2,committed_oblique,0,fe829d59-c9f1-4194-a40b-39600a4f27b6::roof-oblique::oblique:0,30.156954,168.688865,44.007078,6,0.729819,0.918803,0.719254,11.311135,44.007078,10.005493,5.626549,4,16.04126,fe829d59-c9f1-4194-a40b-39600a4f27b6::eave-chain::2:3,0.978006,0,0.781232,0.819539,strong,keep,False,"[""fe829d59-c9f1-4194-a40b-39600a4f27b6::eave-chain::2:1"", ""fe829d59-c9f1-4194-a40b-39600a4f27b6::eave-chain::2:3"", ""fe829d59-c9f1-4194-a40b-39600a4f27b6::eave-chain::2:4"", ""fe829d59-c9f1-4194-a40b-39600a4f27b6::eave-chain::2:7""]",16.04126,0.486182,0.795378,"[""building-part:28a840f21fffb444d9de"", ""building-part:6dbea338b80a16d069c0"", ""building-part:9d54df8a822dd3a0ac90""]","[""building-part:28a840f21fffb444d9de"", ""building-part:6dbea338b80a16d069c0"", ""building-part:9d54df8a822dd3a0ac90""]","[""building-part:28a840f21fffb444d9de"", ""building-part:6dbea338b80a16d069c0"", ""building-part:9d54df8a822dd3a0ac90""]",False,True,True
fe829d59-c9f1-4194-a40b-39600a4f27b6,2,committed_oblique,1,fe829d59-c9f1-4194-a40b-39600a4f27b6::roof-oblique::oblique:1,28.509836,348.92463,43.603949,4,0.799605,0.823077,0.861256,5.861449,23.41232,15.751826,8.126831,2,12.501853,fe829d59-c9f1-4194-a40b-39600a4f27b6::eave-chain::2:6,0.993925,0,0.837472,0.856708,strong,keep,False,"[""fe829d59-c9f1-4194-a40b-39600a4f27b6::eave-chain::2:1"", ""fe829d59-c9f1-4194-a40b-39600a4f27b6::eave-chain::2:6""]",12.501853,0.388502,1.132798,"[""building-part:28a840f21fffb444d9de"", ""building-part:6dbea338b80a16d069c0""]","[""building-part:28a840f21fffb444d9de"", ""building-part:6dbea338b80a16d069c0""]","[""building-part:28a840f21fffb444d9de"", ""building-part:6dbea338b80a16d069c0""]",False,True,True
fe829d59-c9f1-4194-a40b-39600a4f27b6,1,ridge_eave_plane_group,0,fe829d59-c9f1-4194-a40b-39600a4f27b6::ridge-eave-candidate::plane-group::39aad5547e30,65.193492,168.693481,43.999808,1,0.305344,1.0,0.719342,11.306519,43.999808,0.0,4.744942,4,9.489785,fe829d59-c9f1-4194-a40b-39600a4f27b6::eave-chain::1:2,0.898064,0,0.72074,0.666006,medium,keep,False,"[""fe829d59-c9f1-4194-a40b-39600a4f27b6::eave-chain::1:0"", ""fe829d59-c9f1-4194-a40b-39600a4f27b6::eave-chain::1:2"", ""fe829d59-c9f1-4194-a40b-39600a4f27b6::eave-chain::1:4"", ""fe829d59-c9f1-4194-a40b-39600a4f27b6::eave-chain::1:6""]",9.489785,0.204799,0.976345,"[""building-part:28a840f21fffb444d9de"", ""building-part:6dbea338b80a16d069c0"", ""building-part:9d54df8a822dd3a0ac90""]","[""building-part:28a840f21fffb444d9de"", ""building-part:6dbea338b80a16d069c0"", ""building-part:9d54df8a822dd3a0ac90""]","[""building-part:754e2e8365a82d165050"", ""building-part:b18976ae2eee575fac5d""]",False,True,True
fe829d59-c9f1-4194-a40b-39600a4f27b6,1,ridge_eave_plane_group,1,fe829d59-c9f1-4194-a40b-39600a4f27b6::ridge-eave-candidate::plane-group::d4d7313524f0,65.193492,348.928476,43.60221,1,0.305344,1.0,0.724145,168.928476,43.60221,0.0,4.744942,4,9.489785,fe829d59-c9f1-4194-a40b-39600a4f27b6::eave-chain::1:4,0.888353,0,0.723141,0.666967,medium,keep,False,"[""fe829d59-c9f1-4194-a40b-39600a4f27b6::eave-chain::1:0"", ""fe829d59-c9f1-4194-a40b-39600a4f27b6::eave-chain::1:2"", ""fe829d59-c9f1-4194-a40b-39600a4f27b6::eave-chain::1:4"", ""fe829d59-c9f1-4194-a40b-39600a4f27b6::eave-chain::1:6""]",9.489785,0.439794,8.262869,"[""building-part:28a840f21fffb444d9de"", ""building-part:6dbea338b80a16d069c0""]","[""building-part:28a840f21fffb444d9de"", ""building-part:6dbea338b80a16d069c0""]","[""building-part:754e2e8365a82d165050"", ""building-part:b18976ae2eee575fac5d""]",False,True,True
feccbd0c-0420-4775-b5b7-49b99559947e,0,ridge_eave_plane_group,0,feccbd0c-0420-4775-b5b7-49b99559947e::ridge-eave-candidate::plane-group::1fedfaa0ad89,97.692073,103.68651,13.858898,13,0.93644,0.948718,0.970889,76.31349,13.858898,3.245866,24.567336,7,42.784956,feccbd0c-0420-4775-b5b7-49b99559947e::eave-chain::0:4,0.951491,0,0.957348,0.958497,strong,keep,False,"[""feccbd0c-0420-4775-b5b7-49b99559947e::eave-chain::0:1"", ""feccbd0c-0420-4775-b5b7-49b99559947e::eave-chain::0:11"", ""feccbd0c-0420-4775-b5b7-49b99559947e::eave-chain::0:13"", ""feccbd0c-0420-4775-b5b7-49b99559947e::eave-chain::0:15"", ""feccbd0c-0420-4775-b5b7-49b99559947e::eave-chain::0:3"", ""feccbd0c-0420-4775-b5b7-49b99559947e::eave-chain::0:4"", ""feccbd0c-0420-4775-b5b7-49b99559947e::eave-chain::0:8""]",42.784956,0.715598,0.918476,"[""building-part:30d9925167826f55c95f""]","[""building-part:30d9925167826f55c95f""]","[""building-part:135e0bd2ba85850beb94"", ""building-part:30d9925167826f55c95f"", ""building-part:375ce078678bef009196"", ""building-part:76505bac8e587f5fa9af""]",False,True,True
feccbd0c-0420-4775-b5b7-49b99559947e,0,ridge_eave_plane_group,1,feccbd0c-0420-4775-b5b7-49b99559947e::ridge-eave-candidate::plane-group::84834b62185d,97.692073,103.686546,22.71801,13,0.93644,0.948718,0.922417,76.313454,22.71801,3.245866,24.567336,7,42.784956,feccbd0c-0420-4775-b5b7-49b99559947e::eave-chain::0:4,0.974459,0,0.933112,0.948803,strong,keep,False,"[""feccbd0c-0420-4775-b5b7-49b99559947e::eave-chain::0:1"", ""feccbd0c-0420-4775-b5b7-49b99559947e::eave-chain::0:11"", ""feccbd0c-0420-4775-b5b7-49b99559947e::eave-chain::0:13"", ""feccbd0c-0420-4775-b5b7-49b99559947e::eave-chain::0:15"", ""feccbd0c-0420-4775-b5b7-49b99559947e::eave-chain::0:3"", ""feccbd0c-0420-4775-b5b7-49b99559947e::eave-chain::0:4"", ""feccbd0c-0420-4775-b5b7-49b99559947e::eave-chain::0:8""]",42.784956,0.715633,1.850587,"[""building-part:30d9925167826f55c95f""]","[""building-part:30d9925167826f55c95f""]","[""building-part:135e0bd2ba85850beb94"", ""building-part:3018775f7ed0b1783b11"", ""building-part:30d9925167826f55c95f"", ""building-part:375ce078678bef009196"", ""building-part:76505bac8e587f5fa9af""]",False,True,True
