uuid,story,candidate_count,committed_count,split_target_count,top_retention_targets,top_orientation_targets
016980bc-6762-4022-bfbf-17df4112e10c,1,0,0,0,"[{""element_id"": ""016980bc-6762-4022-bfbf-17df4112e10c::ridge-eave-candidate::plane-group::d7b2b8ea7619"", ""retention_support_score"": 0.581587, ""target_kind"": ""ridge_eave_plane_group""}, {""element_id"": ""016980bc-6762-4022-bfbf-17df4112e10c::ridge-eave-candidate::plane-group::aac4bc192ba0"", ""retention_support_score"": 0.578989, ""target_kind"": ""ridge_eave_plane_group""}, {""element_id"": ""016980bc-6762-4022-bfbf-17df4112e10c::ridge-eave-candidate::plane-group::bca2326594b1"", ""retention_support_score"": 0.57413, ""target_kind"": ""ridge_eave_plane_group""}]","[{""element_id"": ""016980bc-6762-4022-bfbf-17df4112e10c::ridge-eave-candidate::plane-group::d7b2b8ea7619"", ""orientation_support_score"": 0.709597, ""target_kind"": ""ridge_eave_plane_group""}, {""element_id"": ""016980bc-6762-4022-bfbf-17df4112e10c::ridge-eave-candidate::plane-group::aac4bc192ba0"", ""orientation_support_score"": 0.703102, ""target_kind"": ""ridge_eave_plane_group""}, {""element_id"": ""016980bc-6762-4022-bfbf-17df4112e10c::ridge-eave-candidate::plane-group::bca2326594b1"", ""orientation_support_score"": 0.690955, ""target_kind"": ""ridge_eave_plane_group""}]"
016980bc-6762-4022-bfbf-17df4112e10c,2,2,1,0,"[{""element_id"": ""016980bc-6762-4022-bfbf-17df4112e10c::ceiling-oblique::ceiling-oblique:1"", ""retention_support_score"": 0.983232, ""target_kind"": ""candidate_oblique""}, {""element_id"": ""016980bc-6762-4022-bfbf-17df4112e10c::roof-oblique::oblique:0"", ""retention_support_score"": 0.846362, ""target_kind"": ""committed_oblique""}, {""element_id"": ""016980bc-6762-4022-bfbf-17df4112e10c::ceiling-oblique::ceiling-oblique:0"", ""retention_support_score"": 0.809072, ""target_kind"": ""candidate_oblique""}]","[{""element_id"": ""016980bc-6762-4022-bfbf-17df4112e10c::ceiling-oblique::ceiling-oblique:1"", ""orientation_support_score"": 0.991072, ""target_kind"": ""candidate_oblique""}, {""element_id"": ""016980bc-6762-4022-bfbf-17df4112e10c::ceiling-oblique::ceiling-oblique:0"", ""orientation_support_score"": 0.904406, ""target_kind"": ""candidate_oblique""}, {""element_id"": ""016980bc-6762-4022-bfbf-17df4112e10c::roof-oblique::oblique:0"", ""orientation_support_score"": 0.81784, ""target_kind"": ""committed_oblique""}]"
019e1376-9762-42d6-8520-b664b8c752df,1,2,2,0,"[{""element_id"": ""019e1376-9762-42d6-8520-b664b8c752df::ceiling-oblique::ceiling-oblique:0"", ""retention_support_score"": 0.969774, ""target_kind"": ""candidate_oblique""}, {""element_id"": ""019e1376-9762-42d6-8520-b664b8c752df::roof-oblique::oblique:0"", ""retention_support_score"": 0.951906, ""target_kind"": ""committed_oblique""}, {""element_id"": ""019e1376-9762-42d6-8520-b664b8c752df::ridge-eave-candidate::plane-group::5678e46008d3"", ""retention_support_score"": 0.942443, ""target_kind"": ""ridge_eave_plane_group""}]","[{""element_id"": ""019e1376-9762-42d6-8520-b664b8c752df::ceiling-oblique::ceiling-oblique:0"", ""orientation_support_score"": 0.954467, ""target_kind"": ""candidate_oblique""}, {""element_id"": ""019e1376-9762-42d6-8520-b664b8c752df::roof-oblique::oblique:0"", ""orientation_support_score"": 0.935414, ""target_kind"": ""committed_oblique""}, {""element_id"": ""019e1376-9762-42d6-8520-b664b8c752df::ridge-eave-candidate::plane-group::5678e46008d3"", ""orientation_support_score"": 0.917353, ""target_kind"": ""ridge_eave_plane_group""}]"
05cecad4-119e-4dd2-beaf-d4af36973644,0,0,0,0,"[{""element_id"": ""05cecad4-119e-4dd2-beaf-d4af36973644::ridge-eave-candidate::plane-group::a87263346daa"", ""retention_support_score"": 0.968945, ""target_kind"": ""ridge_eave_plane_group""}]","[{""element_id"": ""05cecad4-119e-4dd2-beaf-d4af36973644::ridge-eave-candidate::plane-group::a87263346daa"", ""orientation_support_score"": 0.948321, ""target_kind"": ""ridge_eave_plane_group""}]"
0a5032e9-85a0-4970-9143-c430bbdaa0f5,0,2,2,0,"[{""element_id"": ""0a5032e9-85a0-4970-9143-c430bbdaa0f5::ridge-eave-candidate::plane-group::e9f227aa9b9b"", ""retention_support_score"": 0.936468, ""target_kind"": ""ridge_eave_plane_group""}, {""element_id"": ""0a5032e9-85a0-4970-9143-c430bbdaa0f5::ridge-eave-candidate::plane-group::5ad85505a210"", ""retention_support_score"": 0.936, ""target_kind"": ""ridge_eave_plane_group""}, {""element_id"": ""0a5032e9-85a0-4970-9143-c430bbdaa0f5::roof-oblique::oblique:0"", ""retention_support_score"": 0.934571, ""target_kind"": ""committed_oblique""}]","[{""element_id"": ""0a5032e9-85a0-4970-9143-c430bbdaa0f5::ridge-eave-candidate::plane-group::e9f227aa9b9b"", ""orientation_support_score"": 0.919049, ""target_kind"": ""ridge_eave_plane_group""}, {""element_id"": ""0a5032e9-85a0-4970-9143-c430bbdaa0f5::roof-oblique::oblique:1"", ""orientation_support_score"": 0.918136, ""target_kind"": ""committed_oblique""}, {""element_id"": ""0a5032e9-85a0-4970-9143-c430bbdaa0f5::ridge-eave-candidate::plane-group::5ad85505a210"", ""orientation_support_score"": 0.917879, ""target_kind"": ""ridge_eave_plane_group""}]"
0b75d30e-c50c-4fc6-88ff-fce983078aa4,0,1,0,0,"[{""element_id"": ""0b75d30e-c50c-4fc6-88ff-fce983078aa4::ridge-eave-candidate::plane-group::3a188ce47436"", ""retention_support_score"": 0.873687, ""target_kind"": ""ridge_eave_plane_group""}, {""element_id"": ""0b75d30e-c50c-4fc6-88ff-fce983078aa4::ridge-eave-candidate::plane-group::1ae3db3e3fcd"", ""retention_support_score"": 0.868384, ""target_kind"": ""ridge_eave_plane_group""}, {""element_id"": ""0b75d30e-c50c-4fc6-88ff-fce983078aa4::ceiling-oblique::ceiling-oblique:2"", ""retention_support_score"": 0.799992, ""target_kind"": ""candidate_oblique""}]","[{""element_id"": ""0b75d30e-c50c-4fc6-88ff-fce983078aa4::ceiling-oblique::ceiling-oblique:2"", ""orientation_support_score"": 0.999996, ""target_kind"": ""candidate_oblique""}, {""element_id"": ""0b75d30e-c50c-4fc6-88ff-fce983078aa4::ridge-eave-candidate::plane-group::3a188ce47436"", ""orientation_support_score"": 0.83839, ""target_kind"": ""ridge_eave_plane_group""}, {""element_id"": ""0b75d30e-c50c-4fc6-88ff-fce983078aa4::ridge-eave-candidate::plane-group::1ae3db3e3fcd"", ""orientation_support_score"": 0.825134, ""target_kind"": ""ridge_eave_plane_group""}]"
0b75d30e-c50c-4fc6-88ff-fce983078aa4,1,2,2,0,"[{""element_id"": ""0b75d30e-c50c-4fc6-88ff-fce983078aa4::ceiling-oblique::ceiling-oblique:1"", ""retention_support_score"": 0.605939, ""target_kind"": ""candidate_oblique""}, {""element_id"": ""0b75d30e-c50c-4fc6-88ff-fce983078aa4::roof-oblique::oblique:1"", ""retention_support_score"": 0.60096, ""target_kind"": ""committed_oblique""}, {""element_id"": ""0b75d30e-c50c-4fc6-88ff-fce983078aa4::ceiling-oblique::ceiling-oblique:0"", ""retention_support_score"": 0.527345, ""target_kind"": ""candidate_oblique""}]","[{""element_id"": ""0b75d30e-c50c-4fc6-88ff-fce983078aa4::ceiling-oblique::ceiling-oblique:1"", ""orientation_support_score"": 0.648802, ""target_kind"": ""candidate_oblique""}, {""element_id"": ""0b75d30e-c50c-4fc6-88ff-fce983078aa4::roof-oblique::oblique:1"", ""orientation_support_score"": 0.646312, ""target_kind"": ""committed_oblique""}, {""element_id"": ""0b75d30e-c50c-4fc6-88ff-fce983078aa4::ceiling-oblique::ceiling-oblique:0"", ""orientation_support_score"": 0.59278, ""target_kind"": ""candidate_oblique""}]"
0d3f2993-8386-4130-8f1c-b2938c410828,0,0,0,0,"[{""element_id"": ""0d3f2993-8386-4130-8f1c-b2938c410828::ridge-eave-candidate::plane-group::82e4db5854b1"", ""retention_support_score"": 0.583934, ""target_kind"": ""ridge_eave_plane_group""}, {""element_id"": ""0d3f2993-8386-4130-8f1c-b2938c410828::ridge-eave-candidate::plane-group::105777bc81d0"", ""retention_support_score"": 0.579185, ""target_kind"": ""ridge_eave_plane_group""}, {""element_id"": ""0d3f2993-8386-4130-8f1c-b2938c410828::ridge-eave-candidate::plane-group::a28ebde6bbf9"", ""retention_support_score"": 0.578036, ""target_kind"": ""ridge_eave_plane_group""}]","[{""element_id"": ""0d3f2993-8386-4130-8f1c-b2938c410828::ridge-eave-candidate::plane-group::82e4db5854b1"", ""orientation_support_score"": 0.653877, ""target_kind"": ""ridge_eave_plane_group""}, {""element_id"": ""0d3f2993-8386-4130-8f1c-b2938c410828::ridge-eave-candidate::plane-group::105777bc81d0"", ""orientation_support_score"": 0.642005, ""target_kind"": ""ridge_eave_plane_group""}, {""element_id"": ""0d3f2993-8386-4130-8f1c-b2938c410828::ridge-eave-candidate::plane-group::a28ebde6bbf9"", ""orientation_support_score"": 0.639132, ""target_kind"": ""ridge_eave_plane_group""}]"
0d3f2993-8386-4130-8f1c-b2938c410828,1,4,3,0,"[{""element_id"": ""0d3f2993-8386-4130-8f1c-b2938c410828::ceiling-oblique::ceiling-oblique:1"", ""retention_support_score"": 0.894023, ""target_kind"": ""candidate_oblique""}, {""element_id"": ""0d3f2993-8386-4130-8f1c-b2938c410828::roof-oblique::oblique:1"", ""retention_support_score"": 0.834752, ""target_kind"": ""committed_oblique""}, {""element_id"": ""0d3f2993-8386-4130-8f1c-b2938c410828::ceiling-oblique::ceiling-oblique:3"", ""retention_support_score"": 0.820715, ""target_kind"": ""candidate_oblique""}]","[{""element_id"": ""0d3f2993-8386-4130-8f1c-b2938c410828::ceiling-oblique::ceiling-oblique:1"", ""orientation_support_score"": 0.880318, ""target_kind"": ""candidate_oblique""}, {""element_id"": ""0d3f2993-8386-4130-8f1c-b2938c410828::ceiling-oblique::ceiling-oblique:3"", ""orientation_support_score"": 0.870572, ""target_kind"": ""candidate_oblique""}, {""element_id"": ""0d3f2993-8386-4130-8f1c-b2938c410828::ceiling-oblique::ceiling-oblique:2"", ""orientation_support_score"": 0.823435, ""target_kind"": ""candidate_oblique""}]"
0f911051-6084-4f0d-8f9a-24fc5b20f6ff,0,0,0,0,"[{""element_id"": ""0f911051-6084-4f0d-8f9a-24fc5b20f6ff::ridge-eave-candidate::plane-group::03e5930b89ea"", ""retention_support_score"": 0.979959, ""target_kind"": ""ridge_eave_plane_group""}]","[{""element_id"": ""0f911051-6084-4f0d-8f9a-24fc5b20f6ff::ridge-eave-candidate::plane-group::03e5930b89ea"", ""orientation_support_score"": 0.985073, ""target_kind"": ""ridge_eave_plane_group""}]"
0fe789ce-e653-4828-863c-0f6ce7fee21d,1,2,2,0,"[{""element_id"": ""0fe789ce-e653-4828-863c-0f6ce7fee21d::ceiling-oblique::ceiling-oblique:0"", ""retention_support_score"": 0.81611, ""target_kind"": ""candidate_oblique""}, {""element_id"": ""0fe789ce-e653-4828-863c-0f6ce7fee21d::roof-oblique::oblique:0"", ""retention_support_score"": 0.783142, ""target_kind"": ""committed_oblique""}, {""element_id"": ""0fe789ce-e653-4828-863c-0f6ce7fee21d::ceiling-oblique::ceiling-oblique:1"", ""retention_support_score"": 0.717225, ""target_kind"": ""candidate_oblique""}]","[{""element_id"": ""0fe789ce-e653-4828-863c-0f6ce7fee21d::ceiling-oblique::ceiling-oblique:0"", ""orientation_support_score"": 0.8518, ""target_kind"": ""candidate_oblique""}, {""element_id"": ""0fe789ce-e653-4828-863c-0f6ce7fee21d::roof-oblique::oblique:0"", ""orientation_support_score"": 0.835316, ""target_kind"": ""committed_oblique""}, {""element_id"": ""0fe789ce-e653-4828-863c-0f6ce7fee21d::ceiling-oblique::ceiling-oblique:1"", ""orientation_support_score"": 0.793594, ""target_kind"": ""candidate_oblique""}]"
107e8496-9bff-42bb-b776-720f44b70e55,0,1,1,0,"[{""element_id"": ""107e8496-9bff-42bb-b776-720f44b70e55::ridge-eave-candidate::plane-group::c1d377395f17"", ""retention_support_score"": 0.966135, ""target_kind"": ""ridge_eave_plane_group""}, {""element_id"": ""107e8496-9bff-42bb-b776-720f44b70e55::roof-oblique::oblique:0"", ""retention_support_score"": 0.958639, ""target_kind"": ""committed_oblique""}, {""element_id"": ""107e8496-9bff-42bb-b776-720f44b70e55::ceiling-oblique::ceiling-oblique:0"", ""retention_support_score"": 0.950077, ""target_kind"": ""candidate_oblique""}]","[{""element_id"": ""107e8496-9bff-42bb-b776-720f44b70e55::ridge-eave-candidate::plane-group::c1d377395f17"", ""orientation_support_score"": 0.950259, ""target_kind"": ""ridge_eave_plane_group""}, {""element_id"": ""107e8496-9bff-42bb-b776-720f44b70e55::roof-oblique::oblique:0"", ""orientation_support_score"": 0.940195, ""target_kind"": ""committed_oblique""}, {""element_id"": ""107e8496-9bff-42bb-b776-720f44b70e55::ceiling-oblique::ceiling-oblique:0"", ""orientation_support_score"": 0.936081, ""target_kind"": ""candidate_oblique""}]"
117d172e-00d6-436e-8df2-050f25977602,1,2,2,0,"[{""element_id"": ""117d172e-00d6-436e-8df2-050f25977602::ceiling-oblique::ceiling-oblique:0"", ""retention_support_score"": 0.951883, ""target_kind"": ""candidate_oblique""}, {""element_id"": ""117d172e-00d6-436e-8df2-050f25977602::roof-oblique::oblique:0"", ""retention_support_score"": 0.841389, ""target_kind"": ""committed_oblique""}, {""element_id"": ""117d172e-00d6-436e-8df2-050f25977602::roof-oblique::oblique:1"", ""retention_support_score"": 0.702323, ""target_kind"": ""committed_oblique""}]","[{""element_id"": ""117d172e-00d6-436e-8df2-050f25977602::ceiling-oblique::ceiling-oblique:0"", ""orientation_support_score"": 0.95926, ""target_kind"": ""candidate_oblique""}, {""element_id"": ""117d172e-00d6-436e-8df2-050f25977602::roof-oblique::oblique:0"", ""orientation_support_score"": 0.843385, ""target_kind"": ""committed_oblique""}, {""element_id"": ""117d172e-00d6-436e-8df2-050f25977602::roof-oblique::oblique:1"", ""orientation_support_score"": 0.808811, ""target_kind"": ""committed_oblique""}]"
121ff4c2-ec13-46b8-b557-b31775259e5d,0,0,0,0,"[{""element_id"": ""121ff4c2-ec13-46b8-b557-b31775259e5d::ridge-eave-candidate::plane-group::663d24f52176"", ""retention_support_score"": 0.964136, ""target_kind"": ""ridge_eave_plane_group""}]","[{""element_id"": ""121ff4c2-ec13-46b8-b557-b31775259e5d::ridge-eave-candidate::plane-group::663d24f52176"", ""orientation_support_score"": 0.945577, ""target_kind"": ""ridge_eave_plane_group""}]"
146ecf8b-ffa1-4239-ba58-040b61861fd9,0,2,2,0,"[{""element_id"": ""146ecf8b-ffa1-4239-ba58-040b61861fd9::roof-oblique::oblique:1"", ""retention_support_score"": 0.604115, ""target_kind"": ""committed_oblique""}, {""element_id"": ""146ecf8b-ffa1-4239-ba58-040b61861fd9::ceiling-oblique::ceiling-oblique:1"", ""retention_support_score"": 0.410355, ""target_kind"": ""candidate_oblique""}, {""element_id"": ""146ecf8b-ffa1-4239-ba58-040b61861fd9::roof-oblique::oblique:0"", ""retention_support_score"": 0.0, ""target_kind"": ""committed_oblique""}]","[{""element_id"": ""146ecf8b-ffa1-4239-ba58-040b61861fd9::roof-oblique::oblique:1"", ""orientation_support_score"": 0.717581, ""target_kind"": ""committed_oblique""}, {""element_id"": ""146ecf8b-ffa1-4239-ba58-040b61861fd9::ceiling-oblique::ceiling-oblique:1"", ""orientation_support_score"": 0.65545, ""target_kind"": ""candidate_oblique""}, {""element_id"": ""146ecf8b-ffa1-4239-ba58-040b61861fd9::roof-oblique::oblique:0"", ""orientation_support_score"": 0.0, ""target_kind"": ""committed_oblique""}]"
146ecf8b-ffa1-4239-ba58-040b61861fd9,1,2,2,0,"[{""element_id"": ""146ecf8b-ffa1-4239-ba58-040b61861fd9::roof-oblique::oblique:3"", ""retention_support_score"": 0.877229, ""target_kind"": ""committed_oblique""}, {""element_id"": ""146ecf8b-ffa1-4239-ba58-040b61861fd9::ceiling-oblique::ceiling-oblique:3"", ""retention_support_score"": 0.84668, ""target_kind"": ""candidate_oblique""}, {""element_id"": ""146ecf8b-ffa1-4239-ba58-040b61861fd9::roof-oblique::oblique:2"", ""retention_support_score"": 0.828327, ""target_kind"": ""committed_oblique""}]","[{""element_id"": ""146ecf8b-ffa1-4239-ba58-040b61861fd9::roof-oblique::oblique:2"", ""orientation_support_score"": 0.862365, ""target_kind"": ""committed_oblique""}, {""element_id"": ""146ecf8b-ffa1-4239-ba58-040b61861fd9::ceiling-oblique::ceiling-oblique:3"", ""orientation_support_score"": 0.833589, ""target_kind"": ""candidate_oblique""}, {""element_id"": ""146ecf8b-ffa1-4239-ba58-040b61861fd9::ceiling-oblique::ceiling-oblique:2"", ""orientation_support_score"": 0.815201, ""target_kind"": ""candidate_oblique""}]"
16784bad-2cd9-4f4c-bb26-60355981cfe2,0,0,0,0,"[{""element_id"": ""16784bad-2cd9-4f4c-bb26-60355981cfe2::ridge-eave-candidate::plane-group::4a4ced2408b7"", ""retention_support_score"": 0.764378, ""target_kind"": ""ridge_eave_plane_group""}, {""element_id"": ""16784bad-2cd9-4f4c-bb26-60355981cfe2::ridge-eave-candidate::plane-group::5c2a2ab72621"", ""retention_support_score"": 0.757716, ""target_kind"": ""ridge_eave_plane_group""}, {""element_id"": ""16784bad-2cd9-4f4c-bb26-60355981cfe2::ridge-eave-candidate::plane-group::08d6ddc30a8b"", ""retention_support_score"": 0.727126, ""target_kind"": ""ridge_eave_plane_group""}]","[{""element_id"": ""16784bad-2cd9-4f4c-bb26-60355981cfe2::ridge-eave-candidate::plane-group::4a4ced2408b7"", ""orientation_support_score"": 0.862421, ""target_kind"": ""ridge_eave_plane_group""}, {""element_id"": ""16784bad-2cd9-4f4c-bb26-60355981cfe2::ridge-eave-candidate::plane-group::5c2a2ab72621"", ""orientation_support_score"": 0.845766, ""target_kind"": ""ridge_eave_plane_group""}, {""element_id"": ""16784bad-2cd9-4f4c-bb26-60355981cfe2::ridge-eave-candidate::plane-group::08d6ddc30a8b"", ""orientation_support_score"": 0.769293, ""target_kind"": ""ridge_eave_plane_group""}]"
16784bad-2cd9-4f4c-bb26-60355981cfe2,1,4,4,0,"[{""element_id"": ""16784bad-2cd9-4f4c-bb26-60355981cfe2::ceiling-oblique::ceiling-oblique:0"", ""retention_support_score"": 0.939094, ""target_kind"": ""candidate_oblique""}, {""element_id"": ""16784bad-2cd9-4f4c-bb26-60355981cfe2::ceiling-oblique::ceiling-oblique:2"", ""retention_support_score"": 0.923637, ""target_kind"": ""candidate_oblique""}, {""element_id"": ""16784bad-2cd9-4f4c-bb26-60355981cfe2::roof-oblique::oblique:0"", ""retention_support_score"": 0.900796, ""target_kind"": ""committed_oblique""}]","[{""element_id"": ""16784bad-2cd9-4f4c-bb26-60355981cfe2::ceiling-oblique::ceiling-oblique:0"", ""orientation_support_score"": 0.938289, ""target_kind"": ""candidate_oblique""}, {""element_id"": ""16784bad-2cd9-4f4c-bb26-60355981cfe2::roof-oblique::oblique:0"", ""orientation_support_score"": 0.91914, ""target_kind"": ""committed_oblique""}, {""element_id"": ""16784bad-2cd9-4f4c-bb26-60355981cfe2::ceiling-oblique::ceiling-oblique:3"", ""orientation_support_score"": 0.876921, ""target_kind"": ""candidate_oblique""}]"
1825a812-09d0-4407-9265-182a07053cfc,0,0,0,0,"[{""element_id"": ""1825a812-09d0-4407-9265-182a07053cfc::ridge-eave-candidate::plane-group::b94927d9d64b"", ""retention_support_score"": 0.860988, ""target_kind"": ""ridge_eave_plane_group""}]","[{""element_id"": ""1825a812-09d0-4407-9265-182a07053cfc::ridge-eave-candidate::plane-group::b94927d9d64b"", ""orientation_support_score"": 0.912947, ""target_kind"": ""ridge_eave_plane_group""}]"
1900be91-8684-4316-98e2-c4fef6e6296f,0,1,0,0,"[{""element_id"": ""1900be91-8684-4316-98e2-c4fef6e6296f::ceiling-oblique::ceiling-oblique:2"", ""retention_support_score"": 0.799994, ""target_kind"": ""candidate_oblique""}, {""element_id"": ""1900be91-8684-4316-98e2-c4fef6e6296f::ridge-eave-candidate::plane-group::160ddc14a3e4"", ""retention_support_score"": 0.762668, ""target_kind"": ""ridge_eave_plane_group""}, {""element_id"": ""1900be91-8684-4316-98e2-c4fef6e6296f::ridge-eave-candidate::plane-group::8b7c37d8663e"", ""retention_support_score"": 0.743142, ""target_kind"": ""ridge_eave_plane_group""}]","[{""element_id"": ""1900be91-8684-4316-98e2-c4fef6e6296f::ceiling-oblique::ceiling-oblique:2"", ""orientation_support_score"": 0.999997, ""target_kind"": ""candidate_oblique""}, {""element_id"": ""1900be91-8684-4316-98e2-c4fef6e6296f::ridge-eave-candidate::plane-group::160ddc14a3e4"", ""orientation_support_score"": 0.792171, ""target_kind"": ""ridge_eave_plane_group""}, {""element_id"": ""1900be91-8684-4316-98e2-c4fef6e6296f::ridge-eave-candidate::plane-group::8b7c37d8663e"", ""orientation_support_score"": 0.743354, ""target_kind"": ""ridge_eave_plane_group""}]"
1900be91-8684-4316-98e2-c4fef6e6296f,1,2,2,0,"[{""element_id"": ""1900be91-8684-4316-98e2-c4fef6e6296f::ceiling-oblique::ceiling-oblique:0"", ""retention_support_score"": 0.792211, ""target_kind"": ""candidate_oblique""}, {""element_id"": ""1900be91-8684-4316-98e2-c4fef6e6296f::roof-oblique::oblique:0"", ""retention_support_score"": 0.777914, ""target_kind"": ""committed_oblique""}, {""element_id"": ""1900be91-8684-4316-98e2-c4fef6e6296f::roof-oblique::oblique:1"", ""retention_support_score"": 0.505979, ""target_kind"": ""committed_oblique""}]","[{""element_id"": ""1900be91-8684-4316-98e2-c4fef6e6296f::ceiling-oblique::ceiling-oblique:0"", ""orientation_support_score"": 0.803545, ""target_kind"": ""candidate_oblique""}, {""element_id"": ""1900be91-8684-4316-98e2-c4fef6e6296f::roof-oblique::oblique:0"", ""orientation_support_score"": 0.796396, ""target_kind"": ""committed_oblique""}, {""element_id"": ""1900be91-8684-4316-98e2-c4fef6e6296f::ceiling-oblique::ceiling-oblique:1"", ""orientation_support_score"": 0.646034, ""target_kind"": ""candidate_oblique""}]"
19459014-f39b-4bf6-945e-c5b50930dea3,0,0,0,0,"[{""element_id"": ""19459014-f39b-4bf6-945e-c5b50930dea3::ridge-eave-candidate::plane-group::61405a63fe1f"", ""retention_support_score"": 0.792579, ""target_kind"": ""ridge_eave_plane_group""}, {""element_id"": ""19459014-f39b-4bf6-945e-c5b50930dea3::ridge-eave-candidate::plane-group::37544bb7c4a7"", ""retention_support_score"": 0.791275, ""target_kind"": ""ridge_eave_plane_group""}]","[{""element_id"": ""19459014-f39b-4bf6-945e-c5b50930dea3::ridge-eave-candidate::plane-group::61405a63fe1f"", ""orientation_support_score"": 0.78977, ""target_kind"": ""ridge_eave_plane_group""}, {""element_id"": ""19459014-f39b-4bf6-945e-c5b50930dea3::ridge-eave-candidate::plane-group::37544bb7c4a7"", ""orientation_support_score"": 0.78651, ""target_kind"": ""ridge_eave_plane_group""}]"
19459014-f39b-4bf6-945e-c5b50930dea3,1,2,2,0,"[{""element_id"": ""19459014-f39b-4bf6-945e-c5b50930dea3::ceiling-oblique::ceiling-oblique:0"", ""retention_support_score"": 0.898303, ""target_kind"": ""candidate_oblique""}, {""element_id"": ""19459014-f39b-4bf6-945e-c5b50930dea3::ceiling-oblique::ceiling-oblique:1"", ""retention_support_score"": 0.849415, ""target_kind"": ""candidate_oblique""}, {""element_id"": ""19459014-f39b-4bf6-945e-c5b50930dea3::roof-oblique::oblique:1"", ""retention_support_score"": 0.719913, ""target_kind"": ""committed_oblique""}]","[{""element_id"": ""19459014-f39b-4bf6-945e-c5b50930dea3::ceiling-oblique::ceiling-oblique:1"", ""orientation_support_score"": 0.887641, ""target_kind"": ""candidate_oblique""}, {""element_id"": ""19459014-f39b-4bf6-945e-c5b50930dea3::ceiling-oblique::ceiling-oblique:0"", ""orientation_support_score"": 0.870293, ""target_kind"": ""candidate_oblique""}, {""element_id"": ""19459014-f39b-4bf6-945e-c5b50930dea3::roof-oblique::oblique:1"", ""orientation_support_score"": 0.772054, ""target_kind"": ""committed_oblique""}]"
1d26eda3-c927-4cdf-a3b0-218036828a55,1,3,3,6,"[{""element_id"": ""1d26eda3-c927-4cdf-a3b0-218036828a55::ceiling-oblique::ceiling-oblique:2"", ""retention_support_score"": 0.824995, ""target_kind"": ""candidate_oblique""}, {""element_id"": ""1d26eda3-c927-4cdf-a3b0-218036828a55::ceiling-oblique::ceiling-oblique:1"", ""retention_support_score"": 0.821276, ""target_kind"": ""candidate_oblique""}, {""element_id"": ""1d26eda3-c927-4cdf-a3b0-218036828a55::roof-oblique::oblique:2"", ""retention_support_score"": 0.820003, ""target_kind"": ""committed_oblique""}]","[{""element_id"": ""1d26eda3-c927-4cdf-a3b0-218036828a55::ceiling-oblique::ceiling-oblique:0"", ""orientation_support_score"": 0.869686, ""target_kind"": ""candidate_oblique""}, {""element_id"": ""1d26eda3-c927-4cdf-a3b0-218036828a55::ceiling-oblique::ceiling-oblique:1"", ""orientation_support_score"": 0.858887, ""target_kind"": ""candidate_oblique""}, {""element_id"": ""1d26eda3-c927-4cdf-a3b0-218036828a55::ceiling-oblique::ceiling-oblique:2"", ""orientation_support_score"": 0.852769, ""target_kind"": ""candidate_oblique""}]"
1f03f6e0-dfe6-4b25-bb45-f44ad146c0a3,0,0,0,0,"[{""element_id"": ""1f03f6e0-dfe6-4b25-bb45-f44ad146c0a3::ridge-eave-candidate::plane-group::ee911d640517"", ""retention_support_score"": 0.678068, ""target_kind"": ""ridge_eave_plane_group""}]","[{""element_id"": ""1f03f6e0-dfe6-4b25-bb45-f44ad146c0a3::ridge-eave-candidate::plane-group::ee911d640517"", ""orientation_support_score"": 0.785336, ""target_kind"": ""ridge_eave_plane_group""}]"
1f03f6e0-dfe6-4b25-bb45-f44ad146c0a3,1,7,2,21,"[{""element_id"": ""1f03f6e0-dfe6-4b25-bb45-f44ad146c0a3::ceiling-oblique::ceiling-oblique:5"", ""retention_support_score"": 0.85147, ""target_kind"": ""candidate_oblique""}, {""element_id"": ""1f03f6e0-dfe6-4b25-bb45-f44ad146c0a3::ceiling-oblique::ceiling-oblique:3"", ""retention_support_score"": 0.815194, ""target_kind"": ""candidate_oblique""}, {""element_id"": ""1f03f6e0-dfe6-4b25-bb45-f44ad146c0a3::roof-oblique::oblique:1"", ""retention_support_score"": 0.812988, ""target_kind"": ""committed_oblique""}]","[{""element_id"": ""1f03f6e0-dfe6-4b25-bb45-f44ad146c0a3::ceiling-oblique::ceiling-oblique:5"", ""orientation_support_score"": 0.86433, ""target_kind"": ""candidate_oblique""}, {""element_id"": ""1f03f6e0-dfe6-4b25-bb45-f44ad146c0a3::ceiling-oblique::ceiling-oblique:3"", ""orientation_support_score"": 0.858963, ""target_kind"": ""candidate_oblique""}, {""element_id"": ""1f03f6e0-dfe6-4b25-bb45-f44ad146c0a3::roof-oblique::oblique:1"", ""orientation_support_score"": 0.848934, ""target_kind"": ""committed_oblique""}]"
21af2a12-2a29-44b5-b703-fbaa208996e9,1,3,3,0,"[{""element_id"": ""21af2a12-2a29-44b5-b703-fbaa208996e9::ceiling-oblique::ceiling-oblique:0"", ""retention_support_score"": 0.826894, ""target_kind"": ""candidate_oblique""}, {""element_id"": ""21af2a12-2a29-44b5-b703-fbaa208996e9::roof-oblique::oblique:0"", ""retention_support_score"": 0.789217, ""target_kind"": ""committed_oblique""}, {""element_id"": ""21af2a12-2a29-44b5-b703-fbaa208996e9::ceiling-oblique::ceiling-oblique:1"", ""retention_support_score"": 0.747204, ""target_kind"": ""candidate_oblique""}]","[{""element_id"": ""21af2a12-2a29-44b5-b703-fbaa208996e9::ceiling-oblique::ceiling-oblique:0"", ""orientation_support_score"": 0.841964, ""target_kind"": ""candidate_oblique""}, {""element_id"": ""21af2a12-2a29-44b5-b703-fbaa208996e9::roof-oblique::oblique:0"", ""orientation_support_score"": 0.823126, ""target_kind"": ""committed_oblique""}, {""element_id"": ""21af2a12-2a29-44b5-b703-fbaa208996e9::ceiling-oblique::ceiling-oblique:1"", ""orientation_support_score"": 0.794984, ""target_kind"": ""candidate_oblique""}]"
2388d90c-8cc9-4cca-b232-d658e184074d,0,0,0,0,"[{""element_id"": ""2388d90c-8cc9-4cca-b232-d658e184074d::ridge-eave-candidate::plane-group::2f9664930b62"", ""retention_support_score"": 0.795987, ""target_kind"": ""ridge_eave_plane_group""}, {""element_id"": ""2388d90c-8cc9-4cca-b232-d658e184074d::ridge-eave-candidate::plane-group::d456d8d022e0"", ""retention_support_score"": 0.738502, ""target_kind"": ""ridge_eave_plane_group""}, {""element_id"": ""2388d90c-8cc9-4cca-b232-d658e184074d::ridge-eave-candidate::plane-group::81fbcf40431f"", ""retention_support_score"": 0.731482, ""target_kind"": ""ridge_eave_plane_group""}]","[{""element_id"": ""2388d90c-8cc9-4cca-b232-d658e184074d::ridge-eave-candidate::plane-group::2f9664930b62"", ""orientation_support_score"": 0.894369, ""target_kind"": ""ridge_eave_plane_group""}, {""element_id"": ""2388d90c-8cc9-4cca-b232-d658e184074d::ridge-eave-candidate::plane-group::d456d8d022e0"", ""orientation_support_score"": 0.741179, ""target_kind"": ""ridge_eave_plane_group""}, {""element_id"": ""2388d90c-8cc9-4cca-b232-d658e184074d::ridge-eave-candidate::plane-group::81fbcf40431f"", ""orientation_support_score"": 0.723629, ""target_kind"": ""ridge_eave_plane_group""}]"
2388d90c-8cc9-4cca-b232-d658e184074d,1,2,2,0,"[{""element_id"": ""2388d90c-8cc9-4cca-b232-d658e184074d::ceiling-oblique::ceiling-oblique:1"", ""retention_support_score"": 0.888895, ""target_kind"": ""candidate_oblique""}, {""element_id"": ""2388d90c-8cc9-4cca-b232-d658e184074d::ceiling-oblique::ceiling-oblique:0"", ""retention_support_score"": 0.885621, ""target_kind"": ""candidate_oblique""}, {""element_id"": ""2388d90c-8cc9-4cca-b232-d658e184074d::roof-oblique::oblique:1"", ""retention_support_score"": 0.757382, ""target_kind"": ""committed_oblique""}]","[{""element_id"": ""2388d90c-8cc9-4cca-b232-d658e184074d::ceiling-oblique::ceiling-oblique:1"", ""orientation_support_score"": 0.921899, ""target_kind"": ""candidate_oblique""}, {""element_id"": ""2388d90c-8cc9-4cca-b232-d658e184074d::ceiling-oblique::ceiling-oblique:0"", ""orientation_support_score"": 0.88746, ""target_kind"": ""candidate_oblique""}, {""element_id"": ""2388d90c-8cc9-4cca-b232-d658e184074d::roof-oblique::oblique:0"", ""orientation_support_score"": 0.802, ""target_kind"": ""committed_oblique""}]"
287808db-3826-4351-b9a1-6f9831bdc870,2,2,2,0,"[{""element_id"": ""287808db-3826-4351-b9a1-6f9831bdc870::roof-oblique::oblique:0"", ""retention_support_score"": 0.807382, ""target_kind"": ""committed_oblique""}, {""element_id"": ""287808db-3826-4351-b9a1-6f9831bdc870::roof-oblique::oblique:1"", ""retention_support_score"": 0.760003, ""target_kind"": ""committed_oblique""}, {""element_id"": ""287808db-3826-4351-b9a1-6f9831bdc870::ceiling-oblique::ceiling-oblique:0"", ""retention_support_score"": 0.741416, ""target_kind"": ""candidate_oblique""}]","[{""element_id"": ""287808db-3826-4351-b9a1-6f9831bdc870::roof-oblique::oblique:0"", ""orientation_support_score"": 0.853271, ""target_kind"": ""committed_oblique""}, {""element_id"": ""287808db-3826-4351-b9a1-6f9831bdc870::ceiling-oblique::ceiling-oblique:0"", ""orientation_support_score"": 0.820289, ""target_kind"": ""candidate_oblique""}, {""element_id"": ""287808db-3826-4351-b9a1-6f9831bdc870::roof-oblique::oblique:1"", ""orientation_support_score"": 0.793771, ""target_kind"": ""committed_oblique""}]"
29865ccb-e7e8-4ad6-a01c-d632f20761b7,1,2,2,0,"[{""element_id"": ""29865ccb-e7e8-4ad6-a01c-d632f20761b7::roof-oblique::oblique:1"", ""retention_support_score"": 0.918842, ""target_kind"": ""committed_oblique""}, {""element_id"": ""29865ccb-e7e8-4ad6-a01c-d632f20761b7::ceiling-oblique::ceiling-oblique:1"", ""retention_support_score"": 0.912035, ""target_kind"": ""candidate_oblique""}, {""element_id"": ""29865ccb-e7e8-4ad6-a01c-d632f20761b7::ceiling-oblique::ceiling-oblique:0"", ""retention_support_score"": 0.838517, ""target_kind"": ""candidate_oblique""}]","[{""element_id"": ""29865ccb-e7e8-4ad6-a01c-d632f20761b7::ceiling-oblique::ceiling-oblique:1"", ""orientation_support_score"": 0.955969, ""target_kind"": ""candidate_oblique""}, {""element_id"": ""29865ccb-e7e8-4ad6-a01c-d632f20761b7::ceiling-oblique::ceiling-oblique:0"", ""orientation_support_score"": 0.88007, ""target_kind"": ""candidate_oblique""}, {""element_id"": ""29865ccb-e7e8-4ad6-a01c-d632f20761b7::roof-oblique::oblique:1"", ""orientation_support_score"": 0.874232, ""target_kind"": ""committed_oblique""}]"
2d80b27f-ca29-4b3e-9197-ad3c4af7cbfb,0,0,0,0,"[{""element_id"": ""2d80b27f-ca29-4b3e-9197-ad3c4af7cbfb::ridge-eave-candidate::plane-group::c5a1f7a6d3ab"", ""retention_support_score"": 0.941168, ""target_kind"": ""ridge_eave_plane_group""}]","[{""element_id"": ""2d80b27f-ca29-4b3e-9197-ad3c4af7cbfb::ridge-eave-candidate::plane-group::c5a1f7a6d3ab"", ""orientation_support_score"": 0.90051, ""target_kind"": ""ridge_eave_plane_group""}]"
2f382701-addb-48a5-8749-0e8e7f988a10,2,2,2,0,"[{""element_id"": ""2f382701-addb-48a5-8749-0e8e7f988a10::ceiling-oblique::ceiling-oblique:0"", ""retention_support_score"": 0.99282, ""target_kind"": ""candidate_oblique""}, {""element_id"": ""2f382701-addb-48a5-8749-0e8e7f988a10::roof-oblique::oblique:1"", ""retention_support_score"": 0.868511, ""target_kind"": ""committed_oblique""}, {""element_id"": ""2f382701-addb-48a5-8749-0e8e7f988a10::ceiling-oblique::ceiling-oblique:1"", ""retention_support_score"": 0.791672, ""target_kind"": ""candidate_oblique""}]","[{""element_id"": ""2f382701-addb-48a5-8749-0e8e7f988a10::ceiling-oblique::ceiling-oblique:0"", ""orientation_support_score"": 0.996408, ""target_kind"": ""candidate_oblique""}, {""element_id"": ""2f382701-addb-48a5-8749-0e8e7f988a10::ceiling-oblique::ceiling-oblique:1"", ""orientation_support_score"": 0.87645, ""target_kind"": ""candidate_oblique""}, {""element_id"": ""2f382701-addb-48a5-8749-0e8e7f988a10::roof-oblique::oblique:1"", ""orientation_support_score"": 0.800949, ""target_kind"": ""committed_oblique""}]"
3297bc28-5d39-4358-bd2e-0f1183cae489,1,0,0,0,"[{""element_id"": ""3297bc28-5d39-4358-bd2e-0f1183cae489::ridge-eave-candidate::plane-group::273c9b9ffc8e"", ""retention_support_score"": 0.82896, ""target_kind"": ""ridge_eave_plane_group""}, {""element_id"": ""3297bc28-5d39-4358-bd2e-0f1183cae489::ridge-eave-candidate::plane-group::af1d6193663e"", ""retention_support_score"": 0.784772, ""target_kind"": ""ridge_eave_plane_group""}, {""element_id"": ""3297bc28-5d39-4358-bd2e-0f1183cae489::ridge-eave-candidate::plane-group::0fccafb89e62"", ""retention_support_score"": 0.778908, ""target_kind"": ""ridge_eave_plane_group""}]","[{""element_id"": ""3297bc28-5d39-4358-bd2e-0f1183cae489::ridge-eave-candidate::plane-group::273c9b9ffc8e"", ""orientation_support_score"": 0.780432, ""target_kind"": ""ridge_eave_plane_group""}, {""element_id"": ""3297bc28-5d39-4358-bd2e-0f1183cae489::ridge-eave-candidate::plane-group::af1d6193663e"", ""orientation_support_score"": 0.669963, ""target_kind"": ""ridge_eave_plane_group""}, {""element_id"": ""3297bc28-5d39-4358-bd2e-0f1183cae489::ridge-eave-candidate::plane-group::0fccafb89e62"", ""orientation_support_score"": 0.655302, ""target_kind"": ""ridge_eave_plane_group""}]"
3297bc28-5d39-4358-bd2e-0f1183cae489,2,2,2,0,"[{""element_id"": ""3297bc28-5d39-4358-bd2e-0f1183cae489::ceiling-oblique::ceiling-oblique:0"", ""retention_support_score"": 0.774877, ""target_kind"": ""candidate_oblique""}, {""element_id"": ""3297bc28-5d39-4358-bd2e-0f1183cae489::roof-oblique::oblique:0"", ""retention_support_score"": 0.734719, ""target_kind"": ""committed_oblique""}, {""element_id"": ""3297bc28-5d39-4358-bd2e-0f1183cae489::roof-oblique::oblique:1"", ""retention_support_score"": 0.620941, ""target_kind"": ""committed_oblique""}]","[{""element_id"": ""3297bc28-5d39-4358-bd2e-0f1183cae489::ceiling-oblique::ceiling-oblique:0"", ""orientation_support_score"": 0.787538, ""target_kind"": ""candidate_oblique""}, {""element_id"": ""3297bc28-5d39-4358-bd2e-0f1183cae489::roof-oblique::oblique:0"", ""orientation_support_score"": 0.683447, ""target_kind"": ""committed_oblique""}, {""element_id"": ""3297bc28-5d39-4358-bd2e-0f1183cae489::roof-oblique::oblique:1"", ""orientation_support_score"": 0.623879, ""target_kind"": ""committed_oblique""}]"
37e9355f-29a7-4303-abae-240c55df13e4,0,0,0,0,"[{""element_id"": ""37e9355f-29a7-4303-abae-240c55df13e4::ridge-eave-candidate::plane-group::31dd1d8452ac"", ""retention_support_score"": 0.905185, ""target_kind"": ""ridge_eave_plane_group""}, {""element_id"": ""37e9355f-29a7-4303-abae-240c55df13e4::ridge-eave-candidate::plane-group::47368e73e39a"", ""retention_support_score"": 0.867555, ""target_kind"": ""ridge_eave_plane_group""}, {""element_id"": ""37e9355f-29a7-4303-abae-240c55df13e4::ridge-eave-candidate::plane-group::cdf8edc4ea5c"", ""retention_support_score"": 0.706181, ""target_kind"": ""ridge_eave_plane_group""}]","[{""element_id"": ""37e9355f-29a7-4303-abae-240c55df13e4::ridge-eave-candidate::plane-group::cdf8edc4ea5c"", ""orientation_support_score"": 0.902775, ""target_kind"": ""ridge_eave_plane_group""}, {""element_id"": ""37e9355f-29a7-4303-abae-240c55df13e4::ridge-eave-candidate::plane-group::31dd1d8452ac"", ""orientation_support_score"": 0.900284, ""target_kind"": ""ridge_eave_plane_group""}, {""element_id"": ""37e9355f-29a7-4303-abae-240c55df13e4::ridge-eave-candidate::plane-group::47368e73e39a"", ""orientation_support_score"": 0.806209, ""target_kind"": ""ridge_eave_plane_group""}]"
38158927-652c-4d01-9aa3-770956648d85,1,2,2,0,"[{""element_id"": ""38158927-652c-4d01-9aa3-770956648d85::ceiling-oblique::ceiling-oblique:1"", ""retention_support_score"": 0.898605, ""target_kind"": ""candidate_oblique""}, {""element_id"": ""38158927-652c-4d01-9aa3-770956648d85::roof-oblique::oblique:0"", ""retention_support_score"": 0.897075, ""target_kind"": ""committed_oblique""}, {""element_id"": ""38158927-652c-4d01-9aa3-770956648d85::ceiling-oblique::ceiling-oblique:0"", ""retention_support_score"": 0.887379, ""target_kind"": ""candidate_oblique""}]","[{""element_id"": ""38158927-652c-4d01-9aa3-770956648d85::ceiling-oblique::ceiling-oblique:1"", ""orientation_support_score"": 0.877814, ""target_kind"": ""candidate_oblique""}, {""element_id"": ""38158927-652c-4d01-9aa3-770956648d85::roof-oblique::oblique:1"", ""orientation_support_score"": 0.859431, ""target_kind"": ""committed_oblique""}, {""element_id"": ""38158927-652c-4d01-9aa3-770956648d85::roof-oblique::oblique:0"", ""orientation_support_score"": 0.847446, ""target_kind"": ""committed_oblique""}]"
38f71f1d-2c71-4fcd-9997-83b2914416b0,1,2,2,0,"[{""element_id"": ""38f71f1d-2c71-4fcd-9997-83b2914416b0::ceiling-oblique::ceiling-oblique:1"", ""retention_support_score"": 0.944722, ""target_kind"": ""candidate_oblique""}, {""element_id"": ""38f71f1d-2c71-4fcd-9997-83b2914416b0::ceiling-oblique::ceiling-oblique:0"", ""retention_support_score"": 0.91052, ""target_kind"": ""candidate_oblique""}, {""element_id"": ""38f71f1d-2c71-4fcd-9997-83b2914416b0::roof-oblique::oblique:0"", ""retention_support_score"": 0.8405, ""target_kind"": ""committed_oblique""}]","[{""element_id"": ""38f71f1d-2c71-4fcd-9997-83b2914416b0::ceiling-oblique::ceiling-oblique:0"", ""orientation_support_score"": 0.928919, ""target_kind"": ""candidate_oblique""}, {""element_id"": ""38f71f1d-2c71-4fcd-9997-83b2914416b0::ceiling-oblique::ceiling-oblique:1"", ""orientation_support_score"": 0.901869, ""target_kind"": ""candidate_oblique""}, {""element_id"": ""38f71f1d-2c71-4fcd-9997-83b2914416b0::roof-oblique::oblique:0"", ""orientation_support_score"": 0.897597, ""target_kind"": ""committed_oblique""}]"
3a034c99-8986-4749-aedb-0a5a04ea803f,1,2,2,0,"[{""element_id"": ""3a034c99-8986-4749-aedb-0a5a04ea803f::ceiling-oblique::ceiling-oblique:0"", ""retention_support_score"": 0.990006, ""target_kind"": ""candidate_oblique""}, {""element_id"": ""3a034c99-8986-4749-aedb-0a5a04ea803f::ceiling-oblique::ceiling-oblique:1"", ""retention_support_score"": 0.987011, ""target_kind"": ""candidate_oblique""}, {""element_id"": ""3a034c99-8986-4749-aedb-0a5a04ea803f::roof-oblique::oblique:0"", ""retention_support_score"": 0.938403, ""target_kind"": ""committed_oblique""}]","[{""element_id"": ""3a034c99-8986-4749-aedb-0a5a04ea803f::ceiling-oblique::ceiling-oblique:0"", ""orientation_support_score"": 0.994929, ""target_kind"": ""candidate_oblique""}, {""element_id"": ""3a034c99-8986-4749-aedb-0a5a04ea803f::ceiling-oblique::ceiling-oblique:1"", ""orientation_support_score"": 0.993502, ""target_kind"": ""candidate_oblique""}, {""element_id"": ""3a034c99-8986-4749-aedb-0a5a04ea803f::roof-oblique::oblique:0"", ""orientation_support_score"": 0.857106, ""target_kind"": ""committed_oblique""}]"
3a576e1b-4b3e-4f5d-8c20-b39b157fcf03,2,2,2,0,"[{""element_id"": ""3a576e1b-4b3e-4f5d-8c20-b39b157fcf03::ceiling-oblique::ceiling-oblique:1"", ""retention_support_score"": 0.72903, ""target_kind"": ""candidate_oblique""}, {""element_id"": ""3a576e1b-4b3e-4f5d-8c20-b39b157fcf03::ceiling-oblique::ceiling-oblique:0"", ""retention_support_score"": 0.673369, ""target_kind"": ""candidate_oblique""}, {""element_id"": ""3a576e1b-4b3e-4f5d-8c20-b39b157fcf03::roof-oblique::oblique:1"", ""retention_support_score"": 0.671409, ""target_kind"": ""committed_oblique""}]","[{""element_id"": ""3a576e1b-4b3e-4f5d-8c20-b39b157fcf03::ceiling-oblique::ceiling-oblique:1"", ""orientation_support_score"": 0.802522, ""target_kind"": ""candidate_oblique""}, {""element_id"": ""3a576e1b-4b3e-4f5d-8c20-b39b157fcf03::roof-oblique::oblique:1"", ""orientation_support_score"": 0.781865, ""target_kind"": ""committed_oblique""}, {""element_id"": ""3a576e1b-4b3e-4f5d-8c20-b39b157fcf03::ceiling-oblique::ceiling-oblique:0"", ""orientation_support_score"": 0.747972, ""target_kind"": ""candidate_oblique""}]"
3c74f488-a562-4bc4-9d7a-3f707fe85133,2,2,2,0,"[{""element_id"": ""3c74f488-a562-4bc4-9d7a-3f707fe85133::ceiling-oblique::ceiling-oblique:1"", ""retention_support_score"": 0.974389, ""target_kind"": ""candidate_oblique""}, {""element_id"": ""3c74f488-a562-4bc4-9d7a-3f707fe85133::ceiling-oblique::ceiling-oblique:0"", ""retention_support_score"": 0.897126, ""target_kind"": ""candidate_oblique""}, {""element_id"": ""3c74f488-a562-4bc4-9d7a-3f707fe85133::roof-oblique::oblique:0"", ""retention_support_score"": 0.887066, ""target_kind"": ""committed_oblique""}]","[{""element_id"": ""3c74f488-a562-4bc4-9d7a-3f707fe85133::ceiling-oblique::ceiling-oblique:1"", ""orientation_support_score"": 0.967191, ""target_kind"": ""candidate_oblique""}, {""element_id"": ""3c74f488-a562-4bc4-9d7a-3f707fe85133::ceiling-oblique::ceiling-oblique:0"", ""orientation_support_score"": 0.948193, ""target_kind"": ""candidate_oblique""}, {""element_id"": ""3c74f488-a562-4bc4-9d7a-3f707fe85133::ridge-eave-candidate::plane-group::07fe7eec8a01"", ""orientation_support_score"": 0.865543, ""target_kind"": ""ridge_eave_plane_group""}]"
3e378d10-6d7f-451c-b5e8-705731e6f37e,1,2,2,0,"[{""element_id"": ""3e378d10-6d7f-451c-b5e8-705731e6f37e::ceiling-oblique::ceiling-oblique:0"", ""retention_support_score"": 0.72309, ""target_kind"": ""candidate_oblique""}, {""element_id"": ""3e378d10-6d7f-451c-b5e8-705731e6f37e::roof-oblique::oblique:0"", ""retention_support_score"": 0.708105, ""target_kind"": ""committed_oblique""}, {""element_id"": ""3e378d10-6d7f-451c-b5e8-705731e6f37e::roof-oblique::oblique:1"", ""retention_support_score"": 0.690861, ""target_kind"": ""committed_oblique""}]","[{""element_id"": ""3e378d10-6d7f-451c-b5e8-705731e6f37e::roof-oblique::oblique:1"", ""orientation_support_score"": 0.804029, ""target_kind"": ""committed_oblique""}, {""element_id"": ""3e378d10-6d7f-451c-b5e8-705731e6f37e::ceiling-oblique::ceiling-oblique:1"", ""orientation_support_score"": 0.791646, ""target_kind"": ""candidate_oblique""}, {""element_id"": ""3e378d10-6d7f-451c-b5e8-705731e6f37e::ceiling-oblique::ceiling-oblique:0"", ""orientation_support_score"": 0.69507, ""target_kind"": ""candidate_oblique""}]"
3ee81b85-a21f-4f55-a100-5995f36f84f9,0,1,1,0,"[{""element_id"": ""3ee81b85-a21f-4f55-a100-5995f36f84f9::ceiling-oblique::ceiling-oblique:0"", ""retention_support_score"": 0.999998, ""target_kind"": ""candidate_oblique""}, {""element_id"": ""3ee81b85-a21f-4f55-a100-5995f36f84f9::roof-oblique::oblique:0"", ""retention_support_score"": 0.957401, ""target_kind"": ""committed_oblique""}, {""element_id"": ""3ee81b85-a21f-4f55-a100-5995f36f84f9::ridge-eave-candidate::plane-group::a13edc95799e"", ""retention_support_score"": 0.955386, ""target_kind"": ""ridge_eave_plane_group""}]","[{""element_id"": ""3ee81b85-a21f-4f55-a100-5995f36f84f9::ceiling-oblique::ceiling-oblique:0"", ""orientation_support_score"": 0.999999, ""target_kind"": ""candidate_oblique""}, {""element_id"": ""3ee81b85-a21f-4f55-a100-5995f36f84f9::ridge-eave-candidate::plane-group::a13edc95799e"", ""orientation_support_score"": 0.954625, ""target_kind"": ""ridge_eave_plane_group""}, {""element_id"": ""3ee81b85-a21f-4f55-a100-5995f36f84f9::roof-oblique::oblique:0"", ""orientation_support_score"": 0.933402, ""target_kind"": ""committed_oblique""}]"
466d0aa8-7021-4825-8f7b-b954c824c13a,1,2,2,0,"[{""element_id"": ""466d0aa8-7021-4825-8f7b-b954c824c13a::ceiling-oblique::ceiling-oblique:0"", ""retention_support_score"": 0.981733, ""target_kind"": ""candidate_oblique""}, {""element_id"": ""466d0aa8-7021-4825-8f7b-b954c824c13a::roof-oblique::oblique:1"", ""retention_support_score"": 0.935068, ""target_kind"": ""committed_oblique""}, {""element_id"": ""466d0aa8-7021-4825-8f7b-b954c824c13a::roof-oblique::oblique:0"", ""retention_support_score"": 0.911397, ""target_kind"": ""committed_oblique""}]","[{""element_id"": ""466d0aa8-7021-4825-8f7b-b954c824c13a::ceiling-oblique::ceiling-oblique:0"", ""orientation_support_score"": 0.990852, ""target_kind"": ""candidate_oblique""}, {""element_id"": ""466d0aa8-7021-4825-8f7b-b954c824c13a::ceiling-oblique::ceiling-oblique:1"", ""orientation_support_score"": 0.895197, ""target_kind"": ""candidate_oblique""}, {""element_id"": ""466d0aa8-7021-4825-8f7b-b954c824c13a::roof-oblique::oblique:1"", ""orientation_support_score"": 0.886796, ""target_kind"": ""committed_oblique""}]"
49762ea7-8131-4141-ad52-e8012b46f630,0,0,0,0,"[{""element_id"": ""49762ea7-8131-4141-ad52-e8012b46f630::ridge-eave-candidate::plane-group::3107b18ec412"", ""retention_support_score"": 0.638019, ""target_kind"": ""ridge_eave_plane_group""}, {""element_id"": ""49762ea7-8131-4141-ad52-e8012b46f630::ridge-eave-candidate::plane-group::5a4ae55779ec"", ""retention_support_score"": 0.63652, ""target_kind"": ""ridge_eave_plane_group""}]","[{""element_id"": ""49762ea7-8131-4141-ad52-e8012b46f630::ridge-eave-candidate::plane-group::3107b18ec412"", ""orientation_support_score"": 0.705286, ""target_kind"": ""ridge_eave_plane_group""}, {""element_id"": ""49762ea7-8131-4141-ad52-e8012b46f630::ridge-eave-candidate::plane-group::5a4ae55779ec"", ""orientation_support_score"": 0.701539, ""target_kind"": ""ridge_eave_plane_group""}]"
49762ea7-8131-4141-ad52-e8012b46f630,1,2,2,0,"[{""element_id"": ""49762ea7-8131-4141-ad52-e8012b46f630::ceiling-oblique::ceiling-oblique:0"", ""retention_support_score"": 0.938285, ""target_kind"": ""candidate_oblique""}, {""element_id"": ""49762ea7-8131-4141-ad52-e8012b46f630::roof-oblique::oblique:0"", ""retention_support_score"": 0.92378, ""target_kind"": ""committed_oblique""}, {""element_id"": ""49762ea7-8131-4141-ad52-e8012b46f630::roof-oblique::oblique:1"", ""retention_support_score"": 0.812858, ""target_kind"": ""committed_oblique""}]","[{""element_id"": ""49762ea7-8131-4141-ad52-e8012b46f630::ceiling-oblique::ceiling-oblique:0"", ""orientation_support_score"": 0.89921, ""target_kind"": ""candidate_oblique""}, {""element_id"": ""49762ea7-8131-4141-ad52-e8012b46f630::roof-oblique::oblique:0"", ""orientation_support_score"": 0.838393, ""target_kind"": ""committed_oblique""}, {""element_id"": ""49762ea7-8131-4141-ad52-e8012b46f630::roof-oblique::oblique:1"", ""orientation_support_score"": 0.783054, ""target_kind"": ""committed_oblique""}]"
4fe068d2-f39e-47ed-8c15-35b6396862bf,1,0,0,0,"[{""element_id"": ""4fe068d2-f39e-47ed-8c15-35b6396862bf::ridge-eave-candidate::plane-group::76e24da6c577"", ""retention_support_score"": 0.618798, ""target_kind"": ""ridge_eave_plane_group""}, {""element_id"": ""4fe068d2-f39e-47ed-8c15-35b6396862bf::ridge-eave-candidate::plane-group::18969b077d1b"", ""retention_support_score"": 0.443432, ""target_kind"": ""ridge_eave_plane_group""}]","[{""element_id"": ""4fe068d2-f39e-47ed-8c15-35b6396862bf::ridge-eave-candidate::plane-group::76e24da6c577"", ""orientation_support_score"": 0.791309, ""target_kind"": ""ridge_eave_plane_group""}, {""element_id"": ""4fe068d2-f39e-47ed-8c15-35b6396862bf::ridge-eave-candidate::plane-group::18969b077d1b"", ""orientation_support_score"": 0.723182, ""target_kind"": ""ridge_eave_plane_group""}]"
513a4b03-cfb1-4221-99ff-d9b7d1e1d3f6,0,0,0,0,"[{""element_id"": ""513a4b03-cfb1-4221-99ff-d9b7d1e1d3f6::ridge-eave-candidate::plane-group::d5a9e34bf275"", ""retention_support_score"": 0.761188, ""target_kind"": ""ridge_eave_plane_group""}, {""element_id"": ""513a4b03-cfb1-4221-99ff-d9b7d1e1d3f6::ridge-eave-candidate::plane-group::9ce559237218"", ""retention_support_score"": 0.75924, ""target_kind"": ""ridge_eave_plane_group""}]","[{""element_id"": ""513a4b03-cfb1-4221-99ff-d9b7d1e1d3f6::ridge-eave-candidate::plane-group::d5a9e34bf275"", ""orientation_support_score"": 0.775476, ""target_kind"": ""ridge_eave_plane_group""}, {""element_id"": ""513a4b03-cfb1-4221-99ff-d9b7d1e1d3f6::ridge-eave-candidate::plane-group::9ce559237218"", ""orientation_support_score"": 0.770604, ""target_kind"": ""ridge_eave_plane_group""}]"
513a4b03-cfb1-4221-99ff-d9b7d1e1d3f6,1,2,2,0,"[{""element_id"": ""513a4b03-cfb1-4221-99ff-d9b7d1e1d3f6::ceiling-oblique::ceiling-oblique:1"", ""retention_support_score"": 0.944956, ""target_kind"": ""candidate_oblique""}, {""element_id"": ""513a4b03-cfb1-4221-99ff-d9b7d1e1d3f6::ceiling-oblique::ceiling-oblique:0"", ""retention_support_score"": 0.932548, ""target_kind"": ""candidate_oblique""}, {""element_id"": ""513a4b03-cfb1-4221-99ff-d9b7d1e1d3f6::roof-oblique::oblique:0"", ""retention_support_score"": 0.870812, ""target_kind"": ""committed_oblique""}]","[{""element_id"": ""513a4b03-cfb1-4221-99ff-d9b7d1e1d3f6::ceiling-oblique::ceiling-oblique:1"", ""orientation_support_score"": 0.931715, ""target_kind"": ""candidate_oblique""}, {""element_id"": ""513a4b03-cfb1-4221-99ff-d9b7d1e1d3f6::ceiling-oblique::ceiling-oblique:0"", ""orientation_support_score"": 0.925452, ""target_kind"": ""candidate_oblique""}, {""element_id"": ""513a4b03-cfb1-4221-99ff-d9b7d1e1d3f6::roof-oblique::oblique:0"", ""orientation_support_score"": 0.894585, ""target_kind"": ""committed_oblique""}]"
517846b1-d1f1-4faa-8407-e80dcdbcc003,0,0,0,0,"[{""element_id"": ""517846b1-d1f1-4faa-8407-e80dcdbcc003::ridge-eave-candidate::plane-group::fd0f35acff35"", ""retention_support_score"": 0.837811, ""target_kind"": ""ridge_eave_plane_group""}, {""element_id"": ""517846b1-d1f1-4faa-8407-e80dcdbcc003::ridge-eave-candidate::plane-group::3a99869f613f"", ""retention_support_score"": 0.834099, ""target_kind"": ""ridge_eave_plane_group""}, {""element_id"": ""517846b1-d1f1-4faa-8407-e80dcdbcc003::ridge-eave-candidate::plane-group::b82f39897c33"", ""retention_support_score"": 0.814743, ""target_kind"": ""ridge_eave_plane_group""}]","[{""element_id"": ""517846b1-d1f1-4faa-8407-e80dcdbcc003::ridge-eave-candidate::plane-group::fd0f35acff35"", ""orientation_support_score"": 0.847456, ""target_kind"": ""ridge_eave_plane_group""}, {""element_id"": ""517846b1-d1f1-4faa-8407-e80dcdbcc003::ridge-eave-candidate::plane-group::3a99869f613f"", ""orientation_support_score"": 0.836505, ""target_kind"": ""ridge_eave_plane_group""}, {""element_id"": ""517846b1-d1f1-4faa-8407-e80dcdbcc003::ridge-eave-candidate::plane-group::b82f39897c33"", ""orientation_support_score"": 0.791255, ""target_kind"": ""ridge_eave_plane_group""}]"
52f91e67-3891-4729-8bf3-be2c0a6a0d04,2,2,2,0,"[{""element_id"": ""52f91e67-3891-4729-8bf3-be2c0a6a0d04::ceiling-oblique::ceiling-oblique:0"", ""retention_support_score"": 0.967919, ""target_kind"": ""candidate_oblique""}, {""element_id"": ""52f91e67-3891-4729-8bf3-be2c0a6a0d04::roof-oblique::oblique:0"", ""retention_support_score"": 0.868965, ""target_kind"": ""committed_oblique""}, {""element_id"": ""52f91e67-3891-4729-8bf3-be2c0a6a0d04::roof-oblique::oblique:1"", ""retention_support_score"": 0.836039, ""target_kind"": ""committed_oblique""}]","[{""element_id"": ""52f91e67-3891-4729-8bf3-be2c0a6a0d04::ceiling-oblique::ceiling-oblique:0"", ""orientation_support_score"": 0.976003, ""target_kind"": ""candidate_oblique""}, {""element_id"": ""52f91e67-3891-4729-8bf3-be2c0a6a0d04::roof-oblique::oblique:0"", ""orientation_support_score"": 0.926526, ""target_kind"": ""committed_oblique""}, {""element_id"": ""52f91e67-3891-4729-8bf3-be2c0a6a0d04::roof-oblique::oblique:1"", ""orientation_support_score"": 0.908154, ""target_kind"": ""committed_oblique""}]"
53c380e7-407e-48f7-8c72-b449e2334798,0,2,2,0,"[{""element_id"": ""53c380e7-407e-48f7-8c72-b449e2334798::roof-oblique::oblique:1"", ""retention_support_score"": 0.977663, ""target_kind"": ""committed_oblique""}, {""element_id"": ""53c380e7-407e-48f7-8c72-b449e2334798::ridge-eave-candidate::plane-group::09d9e9de622c"", ""retention_support_score"": 0.971758, ""target_kind"": ""ridge_eave_plane_group""}, {""element_id"": ""53c380e7-407e-48f7-8c72-b449e2334798::ridge-eave-candidate::plane-group::b9f6e3a5e6da"", ""retention_support_score"": 0.970598, ""target_kind"": ""ridge_eave_plane_group""}]","[{""element_id"": ""53c380e7-407e-48f7-8c72-b449e2334798::roof-oblique::oblique:1"", ""orientation_support_score"": 0.973555, ""target_kind"": ""committed_oblique""}, {""element_id"": ""53c380e7-407e-48f7-8c72-b449e2334798::ceiling-oblique::ceiling-oblique:1"", ""orientation_support_score"": 0.957979, ""target_kind"": ""candidate_oblique""}, {""element_id"": ""53c380e7-407e-48f7-8c72-b449e2334798::ridge-eave-candidate::plane-group::09d9e9de622c"", ""orientation_support_score"": 0.956533, ""target_kind"": ""ridge_eave_plane_group""}]"
56108837-05d5-4fe4-bfd5-aec6b649d825,0,1,1,0,"[{""element_id"": ""56108837-05d5-4fe4-bfd5-aec6b649d825::ceiling-oblique::ceiling-oblique:0"", ""retention_support_score"": 0.99999, ""target_kind"": ""candidate_oblique""}, {""element_id"": ""56108837-05d5-4fe4-bfd5-aec6b649d825::ridge-eave-candidate::plane-group::0fe0de167a96"", ""retention_support_score"": 0.963062, ""target_kind"": ""ridge_eave_plane_group""}, {""element_id"": ""56108837-05d5-4fe4-bfd5-aec6b649d825::ridge-eave-candidate::plane-group::918abc5d21a2"", ""retention_support_score"": 0.961921, ""target_kind"": ""ridge_eave_plane_group""}]","[{""element_id"": ""56108837-05d5-4fe4-bfd5-aec6b649d825::ceiling-oblique::ceiling-oblique:0"", ""orientation_support_score"": 0.999995, ""target_kind"": ""candidate_oblique""}, {""element_id"": ""56108837-05d5-4fe4-bfd5-aec6b649d825::ridge-eave-candidate::plane-group::0fe0de167a96"", ""orientation_support_score"": 0.943338, ""target_kind"": ""ridge_eave_plane_group""}, {""element_id"": ""56108837-05d5-4fe4-bfd5-aec6b649d825::ridge-eave-candidate::plane-group::918abc5d21a2"", ""orientation_support_score"": 0.940485, ""target_kind"": ""ridge_eave_plane_group""}]"
5831141f-829c-4adb-9bae-289c2140c72d,2,2,2,0,"[{""element_id"": ""5831141f-829c-4adb-9bae-289c2140c72d::ceiling-oblique::ceiling-oblique:1"", ""retention_support_score"": 0.816274, ""target_kind"": ""candidate_oblique""}, {""element_id"": ""5831141f-829c-4adb-9bae-289c2140c72d::ceiling-oblique::ceiling-oblique:0"", ""retention_support_score"": 0.731506, ""target_kind"": ""candidate_oblique""}, {""element_id"": ""5831141f-829c-4adb-9bae-289c2140c72d::roof-oblique::oblique:1"", ""retention_support_score"": 0.685807, ""target_kind"": ""committed_oblique""}]","[{""element_id"": ""5831141f-829c-4adb-9bae-289c2140c72d::ceiling-oblique::ceiling-oblique:1"", ""orientation_support_score"": 0.827632, ""target_kind"": ""candidate_oblique""}, {""element_id"": ""5831141f-829c-4adb-9bae-289c2140c72d::ceiling-oblique::ceiling-oblique:0"", ""orientation_support_score"": 0.823532, ""target_kind"": ""candidate_oblique""}, {""element_id"": ""5831141f-829c-4adb-9bae-289c2140c72d::roof-oblique::oblique:1"", ""orientation_support_score"": 0.762396, ""target_kind"": ""committed_oblique""}]"
59b505e7-b384-451b-90b1-80f2654dd10d,1,0,0,0,"[{""element_id"": ""59b505e7-b384-451b-90b1-80f2654dd10d::ridge-eave-candidate::plane-group::cf1a80f76e5e"", ""retention_support_score"": 0.357683, ""target_kind"": ""ridge_eave_plane_group""}, {""element_id"": ""59b505e7-b384-451b-90b1-80f2654dd10d::ridge-eave-candidate::plane-group::67cbe481196a"", ""retention_support_score"": 0.350215, ""target_kind"": ""ridge_eave_plane_group""}, {""element_id"": ""59b505e7-b384-451b-90b1-80f2654dd10d::ridge-eave-candidate::plane-group::814c6ba9134f"", ""retention_support_score"": 0.350161, ""target_kind"": ""ridge_eave_plane_group""}]","[{""element_id"": ""59b505e7-b384-451b-90b1-80f2654dd10d::ridge-eave-candidate::plane-group::cf1a80f76e5e"", ""orientation_support_score"": 0.665469, ""target_kind"": ""ridge_eave_plane_group""}, {""element_id"": ""59b505e7-b384-451b-90b1-80f2654dd10d::ridge-eave-candidate::plane-group::67cbe481196a"", ""orientation_support_score"": 0.646798, ""target_kind"": ""ridge_eave_plane_group""}, {""element_id"": ""59b505e7-b384-451b-90b1-80f2654dd10d::ridge-eave-candidate::plane-group::814c6ba9134f"", ""orientation_support_score"": 0.646663, ""target_kind"": ""ridge_eave_plane_group""}]"
59b505e7-b384-451b-90b1-80f2654dd10d,2,4,4,0,"[{""element_id"": ""59b505e7-b384-451b-90b1-80f2654dd10d::ceiling-oblique::ceiling-oblique:0"", ""retention_support_score"": 0.889534, ""target_kind"": ""candidate_oblique""}, {""element_id"": ""59b505e7-b384-451b-90b1-80f2654dd10d::ceiling-oblique::ceiling-oblique:3"", ""retention_support_score"": 0.700278, ""target_kind"": ""candidate_oblique""}, {""element_id"": ""59b505e7-b384-451b-90b1-80f2654dd10d::roof-oblique::oblique:1"", ""retention_support_score"": 0.469792, ""target_kind"": ""committed_oblique""}]","[{""element_id"": ""59b505e7-b384-451b-90b1-80f2654dd10d::ceiling-oblique::ceiling-oblique:0"", ""orientation_support_score"": 0.944738, ""target_kind"": ""candidate_oblique""}, {""element_id"": ""59b505e7-b384-451b-90b1-80f2654dd10d::ceiling-oblique::ceiling-oblique:3"", ""orientation_support_score"": 0.771098, ""target_kind"": ""candidate_oblique""}, {""element_id"": ""59b505e7-b384-451b-90b1-80f2654dd10d::roof-oblique::oblique:3"", ""orientation_support_score"": 0.657571, ""target_kind"": ""committed_oblique""}]"
5a97cb51-78cd-40c7-9dd5-423bdea306a6,0,2,2,0,"[{""element_id"": ""5a97cb51-78cd-40c7-9dd5-423bdea306a6::roof-oblique::oblique:1"", ""retention_support_score"": 0.938707, ""target_kind"": ""committed_oblique""}, {""element_id"": ""5a97cb51-78cd-40c7-9dd5-423bdea306a6::ridge-eave-candidate::plane-group::34aa1ef68d3c"", ""retention_support_score"": 0.927207, ""target_kind"": ""ridge_eave_plane_group""}, {""element_id"": ""5a97cb51-78cd-40c7-9dd5-423bdea306a6::ridge-eave-candidate::plane-group::a941b7458c94"", ""retention_support_score"": 0.905312, ""target_kind"": ""ridge_eave_plane_group""}]","[{""element_id"": ""5a97cb51-78cd-40c7-9dd5-423bdea306a6::roof-oblique::oblique:1"", ""orientation_support_score"": 0.919998, ""target_kind"": ""committed_oblique""}, {""element_id"": ""5a97cb51-78cd-40c7-9dd5-423bdea306a6::ridge-eave-candidate::plane-group::34aa1ef68d3c"", ""orientation_support_score"": 0.907536, ""target_kind"": ""ridge_eave_plane_group""}, {""element_id"": ""5a97cb51-78cd-40c7-9dd5-423bdea306a6::roof-oblique::oblique:0"", ""orientation_support_score"": 0.861627, ""target_kind"": ""committed_oblique""}]"
5c557e06-393e-466e-a957-f7391b76b8ff,0,3,3,0,"[{""element_id"": ""5c557e06-393e-466e-a957-f7391b76b8ff::roof-oblique::oblique:0"", ""retention_support_score"": 0.935475, ""target_kind"": ""committed_oblique""}, {""element_id"": ""5c557e06-393e-466e-a957-f7391b76b8ff::ceiling-oblique::ceiling-oblique:0"", ""retention_support_score"": 0.931309, ""target_kind"": ""candidate_oblique""}, {""element_id"": ""5c557e06-393e-466e-a957-f7391b76b8ff::ridge-eave-candidate::plane-group::2ce58d2cab18"", ""retention_support_score"": 0.911944, ""target_kind"": ""ridge_eave_plane_group""}]","[{""element_id"": ""5c557e06-393e-466e-a957-f7391b76b8ff::ceiling-oblique::ceiling-oblique:0"", ""orientation_support_score"": 0.911776, ""target_kind"": ""candidate_oblique""}, {""element_id"": ""5c557e06-393e-466e-a957-f7391b76b8ff::roof-oblique::oblique:0"", ""orientation_support_score"": 0.908102, ""target_kind"": ""committed_oblique""}, {""element_id"": ""5c557e06-393e-466e-a957-f7391b76b8ff::ridge-eave-candidate::plane-group::2ce58d2cab18"", ""orientation_support_score"": 0.879429, ""target_kind"": ""ridge_eave_plane_group""}]"
5ecc6e8c-228b-4167-9331-de247c802320,1,0,0,0,"[{""element_id"": ""5ecc6e8c-228b-4167-9331-de247c802320::ridge-eave-candidate::plane-group::01aebca26cde"", ""retention_support_score"": 0.996181, ""target_kind"": ""ridge_eave_plane_group""}, {""element_id"": ""5ecc6e8c-228b-4167-9331-de247c802320::ridge-eave-candidate::plane-group::8999dfccea67"", ""retention_support_score"": 0.960244, ""target_kind"": ""ridge_eave_plane_group""}]","[{""element_id"": ""5ecc6e8c-228b-4167-9331-de247c802320::ridge-eave-candidate::plane-group::01aebca26cde"", ""orientation_support_score"": 0.994232, ""target_kind"": ""ridge_eave_plane_group""}, {""element_id"": ""5ecc6e8c-228b-4167-9331-de247c802320::ridge-eave-candidate::plane-group::8999dfccea67"", ""orientation_support_score"": 0.904391, ""target_kind"": ""ridge_eave_plane_group""}]"
5ecc6e8c-228b-4167-9331-de247c802320,2,2,2,0,"[{""element_id"": ""5ecc6e8c-228b-4167-9331-de247c802320::ceiling-oblique::ceiling-oblique:1"", ""retention_support_score"": 0.990761, ""target_kind"": ""candidate_oblique""}, {""element_id"": ""5ecc6e8c-228b-4167-9331-de247c802320::roof-oblique::oblique:0"", ""retention_support_score"": 0.837779, ""target_kind"": ""committed_oblique""}, {""element_id"": ""5ecc6e8c-228b-4167-9331-de247c802320::ceiling-oblique::ceiling-oblique:0"", ""retention_support_score"": 0.818416, ""target_kind"": ""candidate_oblique""}]","[{""element_id"": ""5ecc6e8c-228b-4167-9331-de247c802320::ceiling-oblique::ceiling-oblique:1"", ""orientation_support_score"": 0.995379, ""target_kind"": ""candidate_oblique""}, {""element_id"": ""5ecc6e8c-228b-4167-9331-de247c802320::roof-oblique::oblique:0"", ""orientation_support_score"": 0.873835, ""target_kind"": ""committed_oblique""}, {""element_id"": ""5ecc6e8c-228b-4167-9331-de247c802320::ceiling-oblique::ceiling-oblique:0"", ""orientation_support_score"": 0.86415, ""target_kind"": ""candidate_oblique""}]"
5fdc8f48-e5d6-4951-915d-52ebf282eedb,0,0,0,0,"[{""element_id"": ""5fdc8f48-e5d6-4951-915d-52ebf282eedb::ridge-eave-candidate::plane-group::de8bc6f448c6"", ""retention_support_score"": 0.651399, ""target_kind"": ""ridge_eave_plane_group""}, {""element_id"": ""5fdc8f48-e5d6-4951-915d-52ebf282eedb::ridge-eave-candidate::plane-group::96982f21e52a"", ""retention_support_score"": 0.625755, ""target_kind"": ""ridge_eave_plane_group""}, {""element_id"": ""5fdc8f48-e5d6-4951-915d-52ebf282eedb::ridge-eave-candidate::plane-group::e09377f5f771"", ""retention_support_score"": 0.60784, ""target_kind"": ""ridge_eave_plane_group""}]","[{""element_id"": ""5fdc8f48-e5d6-4951-915d-52ebf282eedb::ridge-eave-candidate::plane-group::de8bc6f448c6"", ""orientation_support_score"": 0.7179, ""target_kind"": ""ridge_eave_plane_group""}, {""element_id"": ""5fdc8f48-e5d6-4951-915d-52ebf282eedb::ridge-eave-candidate::plane-group::96982f21e52a"", ""orientation_support_score"": 0.65379, ""target_kind"": ""ridge_eave_plane_group""}, {""element_id"": ""5fdc8f48-e5d6-4951-915d-52ebf282eedb::ridge-eave-candidate::plane-group::e09377f5f771"", ""orientation_support_score"": 0.609004, ""target_kind"": ""ridge_eave_plane_group""}]"
5fdc8f48-e5d6-4951-915d-52ebf282eedb,1,2,2,0,"[{""element_id"": ""5fdc8f48-e5d6-4951-915d-52ebf282eedb::ceiling-oblique::ceiling-oblique:0"", ""retention_support_score"": 0.936627, ""target_kind"": ""candidate_oblique""}, {""element_id"": ""5fdc8f48-e5d6-4951-915d-52ebf282eedb::roof-oblique::oblique:0"", ""retention_support_score"": 0.79621, ""target_kind"": ""committed_oblique""}, {""element_id"": ""5fdc8f48-e5d6-4951-915d-52ebf282eedb::roof-oblique::oblique:1"", ""retention_support_score"": 0.718033, ""target_kind"": ""committed_oblique""}]","[{""element_id"": ""5fdc8f48-e5d6-4951-915d-52ebf282eedb::ceiling-oblique::ceiling-oblique:0"", ""orientation_support_score"": 0.923605, ""target_kind"": ""candidate_oblique""}, {""element_id"": ""5fdc8f48-e5d6-4951-915d-52ebf282eedb::roof-oblique::oblique:0"", ""orientation_support_score"": 0.792448, ""target_kind"": ""committed_oblique""}, {""element_id"": ""5fdc8f48-e5d6-4951-915d-52ebf282eedb::roof-oblique::oblique:1"", ""orientation_support_score"": 0.771465, ""target_kind"": ""committed_oblique""}]"
60f2f02b-8910-461c-879a-75925d256989,0,1,1,0,"[{""element_id"": ""60f2f02b-8910-461c-879a-75925d256989::roof-oblique::oblique:0"", ""retention_support_score"": 0.999716, ""target_kind"": ""committed_oblique""}, {""element_id"": ""60f2f02b-8910-461c-879a-75925d256989::ceiling-oblique::ceiling-oblique:0"", ""retention_support_score"": 0.975719, ""target_kind"": ""candidate_oblique""}]","[{""element_id"": ""60f2f02b-8910-461c-879a-75925d256989::roof-oblique::oblique:0"", ""orientation_support_score"": 0.999441, ""target_kind"": ""committed_oblique""}, {""element_id"": ""60f2f02b-8910-461c-879a-75925d256989::ceiling-oblique::ceiling-oblique:0"", ""orientation_support_score"": 0.987442, ""target_kind"": ""candidate_oblique""}]"
60f2f02b-8910-461c-879a-75925d256989,1,2,2,0,"[{""element_id"": ""60f2f02b-8910-461c-879a-75925d256989::ceiling-oblique::ceiling-oblique:2"", ""retention_support_score"": 0.992993, ""target_kind"": ""candidate_oblique""}, {""element_id"": ""60f2f02b-8910-461c-879a-75925d256989::roof-oblique::oblique:2"", ""retention_support_score"": 0.880076, ""target_kind"": ""committed_oblique""}, {""element_id"": ""60f2f02b-8910-461c-879a-75925d256989::roof-oblique::oblique:1"", ""retention_support_score"": 0.822241, ""target_kind"": ""committed_oblique""}]","[{""element_id"": ""60f2f02b-8910-461c-879a-75925d256989::ceiling-oblique::ceiling-oblique:2"", ""orientation_support_score"": 0.996495, ""target_kind"": ""candidate_oblique""}, {""element_id"": ""60f2f02b-8910-461c-879a-75925d256989::roof-oblique::oblique:1"", ""orientation_support_score"": 0.858234, ""target_kind"": ""committed_oblique""}, {""element_id"": ""60f2f02b-8910-461c-879a-75925d256989::ceiling-oblique::ceiling-oblique:1"", ""orientation_support_score"": 0.816663, ""target_kind"": ""candidate_oblique""}]"
6203a969-742b-4935-bc4d-8eae644b8f73,0,2,2,0,"[{""element_id"": ""6203a969-742b-4935-bc4d-8eae644b8f73::ceiling-oblique::ceiling-oblique:0"", ""retention_support_score"": 0.995144, ""target_kind"": ""candidate_oblique""}, {""element_id"": ""6203a969-742b-4935-bc4d-8eae644b8f73::ceiling-oblique::ceiling-oblique:1"", ""retention_support_score"": 0.962658, ""target_kind"": ""candidate_oblique""}, {""element_id"": ""6203a969-742b-4935-bc4d-8eae644b8f73::ridge-eave-candidate::plane-group::39bcd64acca4"", ""retention_support_score"": 0.90749, ""target_kind"": ""ridge_eave_plane_group""}]","[{""element_id"": ""6203a969-742b-4935-bc4d-8eae644b8f73::ceiling-oblique::ceiling-oblique:0"", ""orientation_support_score"": 0.997559, ""target_kind"": ""candidate_oblique""}, {""element_id"": ""6203a969-742b-4935-bc4d-8eae644b8f73::ceiling-oblique::ceiling-oblique:1"", ""orientation_support_score"": 0.908092, ""target_kind"": ""candidate_oblique""}, {""element_id"": ""6203a969-742b-4935-bc4d-8eae644b8f73::ridge-eave-candidate::plane-group::39bcd64acca4"", ""orientation_support_score"": 0.813185, ""target_kind"": ""ridge_eave_plane_group""}]"
66a72e63-8b3c-4e57-977b-32f5119a9d09,1,0,0,0,"[{""element_id"": ""66a72e63-8b3c-4e57-977b-32f5119a9d09::ridge-eave-candidate::plane-group::40de84bf82c7"", ""retention_support_score"": 0.458274, ""target_kind"": ""ridge_eave_plane_group""}, {""element_id"": ""66a72e63-8b3c-4e57-977b-32f5119a9d09::ridge-eave-candidate::plane-group::857bd69c9b0b"", ""retention_support_score"": 0.457088, ""target_kind"": ""ridge_eave_plane_group""}]","[{""element_id"": ""66a72e63-8b3c-4e57-977b-32f5119a9d09::ridge-eave-candidate::plane-group::40de84bf82c7"", ""orientation_support_score"": 0.609334, ""target_kind"": ""ridge_eave_plane_group""}, {""element_id"": ""66a72e63-8b3c-4e57-977b-32f5119a9d09::ridge-eave-candidate::plane-group::857bd69c9b0b"", ""orientation_support_score"": 0.606368, ""target_kind"": ""ridge_eave_plane_group""}]"
66a72e63-8b3c-4e57-977b-32f5119a9d09,2,2,2,0,"[{""element_id"": ""66a72e63-8b3c-4e57-977b-32f5119a9d09::ceiling-oblique::ceiling-oblique:1"", ""retention_support_score"": 0.801123, ""target_kind"": ""candidate_oblique""}, {""element_id"": ""66a72e63-8b3c-4e57-977b-32f5119a9d09::roof-oblique::oblique:1"", ""retention_support_score"": 0.772974, ""target_kind"": ""committed_oblique""}, {""element_id"": ""66a72e63-8b3c-4e57-977b-32f5119a9d09::ceiling-oblique::ceiling-oblique:0"", ""retention_support_score"": 0.759539, ""target_kind"": ""candidate_oblique""}]","[{""element_id"": ""66a72e63-8b3c-4e57-977b-32f5119a9d09::ceiling-oblique::ceiling-oblique:1"", ""orientation_support_score"": 0.853599, ""target_kind"": ""candidate_oblique""}, {""element_id"": ""66a72e63-8b3c-4e57-977b-32f5119a9d09::roof-oblique::oblique:1"", ""orientation_support_score"": 0.842656, ""target_kind"": ""committed_oblique""}, {""element_id"": ""66a72e63-8b3c-4e57-977b-32f5119a9d09::ceiling-oblique::ceiling-oblique:0"", ""orientation_support_score"": 0.781726, ""target_kind"": ""candidate_oblique""}]"
670a8030-c451-4e80-badd-6702cef02a03,1,0,0,0,"[{""element_id"": ""670a8030-c451-4e80-badd-6702cef02a03::ridge-eave-candidate::plane-group::81bcbb298661"", ""retention_support_score"": 0.858853, ""target_kind"": ""ridge_eave_plane_group""}, {""element_id"": ""670a8030-c451-4e80-badd-6702cef02a03::ridge-eave-candidate::plane-group::73a3c5b26f9a"", ""retention_support_score"": 0.843434, ""target_kind"": ""ridge_eave_plane_group""}, {""element_id"": ""670a8030-c451-4e80-badd-6702cef02a03::ridge-eave-candidate::plane-group::b1a221fc26e7"", ""retention_support_score"": 0.840128, ""target_kind"": ""ridge_eave_plane_group""}]","[{""element_id"": ""670a8030-c451-4e80-badd-6702cef02a03::ridge-eave-candidate::plane-group::81bcbb298661"", ""orientation_support_score"": 0.854375, ""target_kind"": ""ridge_eave_plane_group""}, {""element_id"": ""670a8030-c451-4e80-badd-6702cef02a03::ridge-eave-candidate::plane-group::73a3c5b26f9a"", ""orientation_support_score"": 0.815828, ""target_kind"": ""ridge_eave_plane_group""}, {""element_id"": ""670a8030-c451-4e80-badd-6702cef02a03::ridge-eave-candidate::plane-group::b1a221fc26e7"", ""orientation_support_score"": 0.807562, ""target_kind"": ""ridge_eave_plane_group""}]"
670a8030-c451-4e80-badd-6702cef02a03,2,2,2,0,"[{""element_id"": ""670a8030-c451-4e80-badd-6702cef02a03::ceiling-oblique::ceiling-oblique:0"", ""retention_support_score"": 0.959799, ""target_kind"": ""candidate_oblique""}, {""element_id"": ""670a8030-c451-4e80-badd-6702cef02a03::roof-oblique::oblique:0"", ""retention_support_score"": 0.862245, ""target_kind"": ""committed_oblique""}, {""element_id"": ""670a8030-c451-4e80-badd-6702cef02a03::roof-oblique::oblique:1"", ""retention_support_score"": 0.682171, ""target_kind"": ""committed_oblique""}]","[{""element_id"": ""670a8030-c451-4e80-badd-6702cef02a03::ceiling-oblique::ceiling-oblique:0"", ""orientation_support_score"": 0.979852, ""target_kind"": ""candidate_oblique""}, {""element_id"": ""670a8030-c451-4e80-badd-6702cef02a03::roof-oblique::oblique:0"", ""orientation_support_score"": 0.874845, ""target_kind"": ""committed_oblique""}, {""element_id"": ""670a8030-c451-4e80-badd-6702cef02a03::roof-oblique::oblique:1"", ""orientation_support_score"": 0.784462, ""target_kind"": ""committed_oblique""}]"
6c29deb7-51e6-437d-bfe4-0eb83e559881,2,2,2,0,"[{""element_id"": ""6c29deb7-51e6-437d-bfe4-0eb83e559881::ridge-eave-candidate::plane-group::42b3e447ae7c"", ""retention_support_score"": 0.868669, ""target_kind"": ""ridge_eave_plane_group""}, {""element_id"": ""6c29deb7-51e6-437d-bfe4-0eb83e559881::roof-oblique::oblique:1"", ""retention_support_score"": 0.864289, ""target_kind"": ""committed_oblique""}, {""element_id"": ""6c29deb7-51e6-437d-bfe4-0eb83e559881::ridge-eave-candidate::plane-group::57518f31e429"", ""retention_support_score"": 0.86366, ""target_kind"": ""ridge_eave_plane_group""}]","[{""element_id"": ""6c29deb7-51e6-437d-bfe4-0eb83e559881::ceiling-oblique::ceiling-oblique:1"", ""orientation_support_score"": 0.892537, ""target_kind"": ""candidate_oblique""}, {""element_id"": ""6c29deb7-51e6-437d-bfe4-0eb83e559881::ceiling-oblique::ceiling-oblique:0"", ""orientation_support_score"": 0.858905, ""target_kind"": ""candidate_oblique""}, {""element_id"": ""6c29deb7-51e6-437d-bfe4-0eb83e559881::ridge-eave-candidate::plane-group::42b3e447ae7c"", ""orientation_support_score"": 0.81541, ""target_kind"": ""ridge_eave_plane_group""}]"
70f8e0fd-c931-42d6-bf9d-f10e59571b29,1,2,2,0,"[{""element_id"": ""70f8e0fd-c931-42d6-bf9d-f10e59571b29::roof-oblique::oblique:1"", ""retention_support_score"": 0.908842, ""target_kind"": ""committed_oblique""}, {""element_id"": ""70f8e0fd-c931-42d6-bf9d-f10e59571b29::roof-oblique::oblique:0"", ""retention_support_score"": 0.879337, ""target_kind"": ""committed_oblique""}, {""element_id"": ""70f8e0fd-c931-42d6-bf9d-f10e59571b29::ridge-eave-candidate::plane-group::f35238f66bbc"", ""retention_support_score"": 0.877889, ""target_kind"": ""ridge_eave_plane_group""}]","[{""element_id"": ""70f8e0fd-c931-42d6-bf9d-f10e59571b29::roof-oblique::oblique:1"", ""orientation_support_score"": 0.877054, ""target_kind"": ""committed_oblique""}, {""element_id"": ""70f8e0fd-c931-42d6-bf9d-f10e59571b29::ridge-eave-candidate::plane-group::f35238f66bbc"", ""orientation_support_score"": 0.854279, ""target_kind"": ""ridge_eave_plane_group""}, {""element_id"": ""70f8e0fd-c931-42d6-bf9d-f10e59571b29::ridge-eave-candidate::plane-group::d96081df257e"", ""orientation_support_score"": 0.85419, ""target_kind"": ""ridge_eave_plane_group""}]"
7153d532-16c1-45e8-b7c9-f5cd1ba5cc85,1,4,4,0,"[{""element_id"": ""7153d532-16c1-45e8-b7c9-f5cd1ba5cc85::roof-oblique::oblique:1"", ""retention_support_score"": 0.915028, ""target_kind"": ""committed_oblique""}, {""element_id"": ""7153d532-16c1-45e8-b7c9-f5cd1ba5cc85::ceiling-oblique::ceiling-oblique:0"", ""retention_support_score"": 0.909705, ""target_kind"": ""candidate_oblique""}, {""element_id"": ""7153d532-16c1-45e8-b7c9-f5cd1ba5cc85::ridge-eave-candidate::plane-group::7d1bdd3b6575"", ""retention_support_score"": 0.900515, ""target_kind"": ""ridge_eave_plane_group""}]","[{""element_id"": ""7153d532-16c1-45e8-b7c9-f5cd1ba5cc85::roof-oblique::oblique:1"", ""orientation_support_score"": 0.916517, ""target_kind"": ""committed_oblique""}, {""element_id"": ""7153d532-16c1-45e8-b7c9-f5cd1ba5cc85::ceiling-oblique::ceiling-oblique:0"", ""orientation_support_score"": 0.899431, ""target_kind"": ""candidate_oblique""}, {""element_id"": ""7153d532-16c1-45e8-b7c9-f5cd1ba5cc85::ridge-eave-candidate::plane-group::7d1bdd3b6575"", ""orientation_support_score"": 0.876264, ""target_kind"": ""ridge_eave_plane_group""}]"
71ee522c-1e78-411f-b3ce-33d59516038f,0,2,2,0,"[{""element_id"": ""71ee522c-1e78-411f-b3ce-33d59516038f::roof-oblique::oblique:1"", ""retention_support_score"": 0.966048, ""target_kind"": ""committed_oblique""}, {""element_id"": ""71ee522c-1e78-411f-b3ce-33d59516038f::ceiling-oblique::ceiling-oblique:1"", ""retention_support_score"": 0.965155, ""target_kind"": ""candidate_oblique""}, {""element_id"": ""71ee522c-1e78-411f-b3ce-33d59516038f::ceiling-oblique::ceiling-oblique:0"", ""retention_support_score"": 0.964408, ""target_kind"": ""candidate_oblique""}]","[{""element_id"": ""71ee522c-1e78-411f-b3ce-33d59516038f::ceiling-oblique::ceiling-oblique:0"", ""orientation_support_score"": 0.916242, ""target_kind"": ""candidate_oblique""}, {""element_id"": ""71ee522c-1e78-411f-b3ce-33d59516038f::roof-oblique::oblique:1"", ""orientation_support_score"": 0.916186, ""target_kind"": ""committed_oblique""}, {""element_id"": ""71ee522c-1e78-411f-b3ce-33d59516038f::ceiling-oblique::ceiling-oblique:1"", ""orientation_support_score"": 0.915747, ""target_kind"": ""candidate_oblique""}]"
720c2f50-9586-47b5-b27c-130214cd8b5d,1,2,2,0,"[{""element_id"": ""720c2f50-9586-47b5-b27c-130214cd8b5d::roof-oblique::oblique:1"", ""retention_support_score"": 0.926514, ""target_kind"": ""committed_oblique""}, {""element_id"": ""720c2f50-9586-47b5-b27c-130214cd8b5d::ridge-eave-candidate::plane-group::206c4f81427d"", ""retention_support_score"": 0.914799, ""target_kind"": ""ridge_eave_plane_group""}, {""element_id"": ""720c2f50-9586-47b5-b27c-130214cd8b5d::ridge-eave-candidate::plane-group::6c34fd43d262"", ""retention_support_score"": 0.909043, ""target_kind"": ""ridge_eave_plane_group""}]","[{""element_id"": ""720c2f50-9586-47b5-b27c-130214cd8b5d::roof-oblique::oblique:1"", ""orientation_support_score"": 0.904867, ""target_kind"": ""committed_oblique""}, {""element_id"": ""720c2f50-9586-47b5-b27c-130214cd8b5d::ridge-eave-candidate::plane-group::206c4f81427d"", ""orientation_support_score"": 0.894329, ""target_kind"": ""ridge_eave_plane_group""}, {""element_id"": ""720c2f50-9586-47b5-b27c-130214cd8b5d::ridge-eave-candidate::plane-group::6c34fd43d262"", ""orientation_support_score"": 0.887017, ""target_kind"": ""ridge_eave_plane_group""}]"
720c2f50-9586-47b5-b27c-130214cd8b5d,2,2,2,0,"[{""element_id"": ""720c2f50-9586-47b5-b27c-130214cd8b5d::ceiling-oblique::ceiling-oblique:2"", ""retention_support_score"": 0.835579, ""target_kind"": ""candidate_oblique""}, {""element_id"": ""720c2f50-9586-47b5-b27c-130214cd8b5d::roof-oblique::oblique:2"", ""retention_support_score"": 0.793934, ""target_kind"": ""committed_oblique""}, {""element_id"": ""720c2f50-9586-47b5-b27c-130214cd8b5d::ceiling-oblique::ceiling-oblique:3"", ""retention_support_score"": 0.784778, ""target_kind"": ""candidate_oblique""}]","[{""element_id"": ""720c2f50-9586-47b5-b27c-130214cd8b5d::ceiling-oblique::ceiling-oblique:2"", ""orientation_support_score"": 0.851519, ""target_kind"": ""candidate_oblique""}, {""element_id"": ""720c2f50-9586-47b5-b27c-130214cd8b5d::roof-oblique::oblique:2"", ""orientation_support_score"": 0.830695, ""target_kind"": ""committed_oblique""}, {""element_id"": ""720c2f50-9586-47b5-b27c-130214cd8b5d::ceiling-oblique::ceiling-oblique:3"", ""orientation_support_score"": 0.809784, ""target_kind"": ""candidate_oblique""}]"
72122129-7ee2-4a14-a645-23d44df3d2b5,1,0,0,0,"[{""element_id"": ""72122129-7ee2-4a14-a645-23d44df3d2b5::ridge-eave-candidate::plane-group::26ee422700b3"", ""retention_support_score"": 0.53327, ""target_kind"": ""ridge_eave_plane_group""}, {""element_id"": ""72122129-7ee2-4a14-a645-23d44df3d2b5::ridge-eave-candidate::plane-group::bd009f320da6"", ""retention_support_score"": 0.502044, ""target_kind"": ""ridge_eave_plane_group""}, {""element_id"": ""72122129-7ee2-4a14-a645-23d44df3d2b5::ridge-eave-candidate::plane-group::25aa08cd4024"", ""retention_support_score"": 0.501011, ""target_kind"": ""ridge_eave_plane_group""}]","[{""element_id"": ""72122129-7ee2-4a14-a645-23d44df3d2b5::ridge-eave-candidate::plane-group::26ee422700b3"", ""orientation_support_score"": 0.696152, ""target_kind"": ""ridge_eave_plane_group""}, {""element_id"": ""72122129-7ee2-4a14-a645-23d44df3d2b5::ridge-eave-candidate::plane-group::bd009f320da6"", ""orientation_support_score"": 0.618087, ""target_kind"": ""ridge_eave_plane_group""}, {""element_id"": ""72122129-7ee2-4a14-a645-23d44df3d2b5::ridge-eave-candidate::plane-group::25aa08cd4024"", ""orientation_support_score"": 0.615505, ""target_kind"": ""ridge_eave_plane_group""}]"
72122129-7ee2-4a14-a645-23d44df3d2b5,2,2,2,0,"[{""element_id"": ""72122129-7ee2-4a14-a645-23d44df3d2b5::ceiling-oblique::ceiling-oblique:1"", ""retention_support_score"": 0.917672, ""target_kind"": ""candidate_oblique""}, {""element_id"": ""72122129-7ee2-4a14-a645-23d44df3d2b5::roof-oblique::oblique:1"", ""retention_support_score"": 0.82005, ""target_kind"": ""committed_oblique""}, {""element_id"": ""72122129-7ee2-4a14-a645-23d44df3d2b5::roof-oblique::oblique:0"", ""retention_support_score"": 0.809853, ""target_kind"": ""committed_oblique""}]","[{""element_id"": ""72122129-7ee2-4a14-a645-23d44df3d2b5::ceiling-oblique::ceiling-oblique:1"", ""orientation_support_score"": 0.958823, ""target_kind"": ""candidate_oblique""}, {""element_id"": ""72122129-7ee2-4a14-a645-23d44df3d2b5::ceiling-oblique::ceiling-oblique:0"", ""orientation_support_score"": 0.859723, ""target_kind"": ""candidate_oblique""}, {""element_id"": ""72122129-7ee2-4a14-a645-23d44df3d2b5::roof-oblique::oblique:1"", ""orientation_support_score"": 0.763678, ""target_kind"": ""committed_oblique""}]"
73465f84-d5f5-4b84-8509-0e818beb5ecd,1,1,1,0,"[{""element_id"": ""73465f84-d5f5-4b84-8509-0e818beb5ecd::ceiling-oblique::ceiling-oblique:0"", ""retention_support_score"": 0.964017, ""target_kind"": ""candidate_oblique""}, {""element_id"": ""73465f84-d5f5-4b84-8509-0e818beb5ecd::ridge-eave-candidate::plane-group::cd0cc70e3a75"", ""retention_support_score"": 0.962169, ""target_kind"": ""ridge_eave_plane_group""}, {""element_id"": ""73465f84-d5f5-4b84-8509-0e818beb5ecd::roof-oblique::oblique:0"", ""retention_support_score"": 0.961473, ""target_kind"": ""committed_oblique""}]","[{""element_id"": ""73465f84-d5f5-4b84-8509-0e818beb5ecd::ceiling-oblique::ceiling-oblique:0"", ""orientation_support_score"": 0.982008, ""target_kind"": ""candidate_oblique""}, {""element_id"": ""73465f84-d5f5-4b84-8509-0e818beb5ecd::roof-oblique::oblique:0"", ""orientation_support_score"": 0.979224, ""target_kind"": ""committed_oblique""}, {""element_id"": ""73465f84-d5f5-4b84-8509-0e818beb5ecd::ridge-eave-candidate::plane-group::cd0cc70e3a75"", ""orientation_support_score"": 0.968376, ""target_kind"": ""ridge_eave_plane_group""}]"
74e87bcd-3989-4d5c-8f16-f7782dc3afbd,0,0,0,0,"[{""element_id"": ""74e87bcd-3989-4d5c-8f16-f7782dc3afbd::ridge-eave-candidate::plane-group::eacdce4bdba3"", ""retention_support_score"": 0.469077, ""target_kind"": ""ridge_eave_plane_group""}, {""element_id"": ""74e87bcd-3989-4d5c-8f16-f7782dc3afbd::ridge-eave-candidate::plane-group::0f5dd403c1ba"", ""retention_support_score"": 0.455123, ""target_kind"": ""ridge_eave_plane_group""}, {""element_id"": ""74e87bcd-3989-4d5c-8f16-f7782dc3afbd::ridge-eave-candidate::plane-group::b819143288aa"", ""retention_support_score"": 0.380423, ""target_kind"": ""ridge_eave_plane_group""}]","[{""element_id"": ""74e87bcd-3989-4d5c-8f16-f7782dc3afbd::ridge-eave-candidate::plane-group::eacdce4bdba3"", ""orientation_support_score"": 0.604551, ""target_kind"": ""ridge_eave_plane_group""}, {""element_id"": ""74e87bcd-3989-4d5c-8f16-f7782dc3afbd::ridge-eave-candidate::plane-group::0f5dd403c1ba"", ""orientation_support_score"": 0.569771, ""target_kind"": ""ridge_eave_plane_group""}, {""element_id"": ""74e87bcd-3989-4d5c-8f16-f7782dc3afbd::ridge-eave-candidate::plane-group::b819143288aa"", ""orientation_support_score"": 0.559551, ""target_kind"": ""ridge_eave_plane_group""}]"
74e87bcd-3989-4d5c-8f16-f7782dc3afbd,1,2,2,0,"[{""element_id"": ""74e87bcd-3989-4d5c-8f16-f7782dc3afbd::ceiling-oblique::ceiling-oblique:1"", ""retention_support_score"": 0.841582, ""target_kind"": ""candidate_oblique""}, {""element_id"": ""74e87bcd-3989-4d5c-8f16-f7782dc3afbd::roof-oblique::oblique:1"", ""retention_support_score"": 0.763989, ""target_kind"": ""committed_oblique""}, {""element_id"": ""74e87bcd-3989-4d5c-8f16-f7782dc3afbd::roof-oblique::oblique:0"", ""retention_support_score"": 0.0, ""target_kind"": ""committed_oblique""}]","[{""element_id"": ""74e87bcd-3989-4d5c-8f16-f7782dc3afbd::ceiling-oblique::ceiling-oblique:1"", ""orientation_support_score"": 0.857109, ""target_kind"": ""candidate_oblique""}, {""element_id"": ""74e87bcd-3989-4d5c-8f16-f7782dc3afbd::roof-oblique::oblique:1"", ""orientation_support_score"": 0.694829, ""target_kind"": ""committed_oblique""}, {""element_id"": ""74e87bcd-3989-4d5c-8f16-f7782dc3afbd::roof-oblique::oblique:0"", ""orientation_support_score"": 0.0, ""target_kind"": ""committed_oblique""}]"
777b25c6-42e6-40d3-a0a4-aaafdd23842e,1,2,2,0,"[{""element_id"": ""777b25c6-42e6-40d3-a0a4-aaafdd23842e::roof-oblique::oblique:0"", ""retention_support_score"": 0.939996, ""target_kind"": ""committed_oblique""}, {""element_id"": ""777b25c6-42e6-40d3-a0a4-aaafdd23842e::ceiling-oblique::ceiling-oblique:0"", ""retention_support_score"": 0.805653, ""target_kind"": ""candidate_oblique""}, {""element_id"": ""777b25c6-42e6-40d3-a0a4-aaafdd23842e::ridge-eave-candidate::plane-group::4083be9b64a2"", ""retention_support_score"": 0.69132, ""target_kind"": ""ridge_eave_plane_group""}]","[{""element_id"": ""777b25c6-42e6-40d3-a0a4-aaafdd23842e::roof-oblique::oblique:0"", ""orientation_support_score"": 0.938301, ""target_kind"": ""committed_oblique""}, {""element_id"": ""777b25c6-42e6-40d3-a0a4-aaafdd23842e::ceiling-oblique::ceiling-oblique:1"", ""orientation_support_score"": 0.876094, ""target_kind"": ""candidate_oblique""}, {""element_id"": ""777b25c6-42e6-40d3-a0a4-aaafdd23842e::ceiling-oblique::ceiling-oblique:0"", ""orientation_support_score"": 0.87113, ""target_kind"": ""candidate_oblique""}]"
795ceae3-b6ef-42bc-bd48-9b69f06e9de6,0,1,1,0,"[{""element_id"": ""795ceae3-b6ef-42bc-bd48-9b69f06e9de6::ceiling-oblique::ceiling-oblique:0"", ""retention_support_score"": 0.986362, ""target_kind"": ""candidate_oblique""}, {""element_id"": ""795ceae3-b6ef-42bc-bd48-9b69f06e9de6::roof-oblique::oblique:0"", ""retention_support_score"": 0.970364, ""target_kind"": ""committed_oblique""}, {""element_id"": ""795ceae3-b6ef-42bc-bd48-9b69f06e9de6::ridge-eave-candidate::plane-group::768a65d9215d"", ""retention_support_score"": 0.962552, ""target_kind"": ""ridge_eave_plane_group""}]","[{""element_id"": ""795ceae3-b6ef-42bc-bd48-9b69f06e9de6::ceiling-oblique::ceiling-oblique:0"", ""orientation_support_score"": 0.993181, ""target_kind"": ""candidate_oblique""}, {""element_id"": ""795ceae3-b6ef-42bc-bd48-9b69f06e9de6::roof-oblique::oblique:0"", ""orientation_support_score"": 0.964233, ""target_kind"": ""committed_oblique""}, {""element_id"": ""795ceae3-b6ef-42bc-bd48-9b69f06e9de6::ridge-eave-candidate::plane-group::768a65d9215d"", ""orientation_support_score"": 0.939353, ""target_kind"": ""ridge_eave_plane_group""}]"
7cabc39b-6328-4a6e-9491-822fa6b3c3fb,0,4,4,0,"[{""element_id"": ""7cabc39b-6328-4a6e-9491-822fa6b3c3fb::roof-oblique::oblique:2"", ""retention_support_score"": 1.0, ""target_kind"": ""committed_oblique""}, {""element_id"": ""7cabc39b-6328-4a6e-9491-822fa6b3c3fb::ceiling-oblique::ceiling-oblique:2"", ""retention_support_score"": 0.999997, ""target_kind"": ""candidate_oblique""}, {""element_id"": ""7cabc39b-6328-4a6e-9491-822fa6b3c3fb::ceiling-oblique::ceiling-oblique:1"", ""retention_support_score"": 0.995723, ""target_kind"": ""candidate_oblique""}]","[{""element_id"": ""7cabc39b-6328-4a6e-9491-822fa6b3c3fb::roof-oblique::oblique:2"", ""orientation_support_score"": 1.0, ""target_kind"": ""committed_oblique""}, {""element_id"": ""7cabc39b-6328-4a6e-9491-822fa6b3c3fb::ceiling-oblique::ceiling-oblique:2"", ""orientation_support_score"": 0.999999, ""target_kind"": ""candidate_oblique""}, {""element_id"": ""7cabc39b-6328-4a6e-9491-822fa6b3c3fb::ceiling-oblique::ceiling-oblique:1"", ""orientation_support_score"": 0.997859, ""target_kind"": ""candidate_oblique""}]"
7dbc53a6-17e8-4806-83de-42286b95726c,1,0,0,0,"[{""element_id"": ""7dbc53a6-17e8-4806-83de-42286b95726c::ridge-eave-candidate::plane-group::8e2d81b284a6"", ""retention_support_score"": 0.809884, ""target_kind"": ""ridge_eave_plane_group""}, {""element_id"": ""7dbc53a6-17e8-4806-83de-42286b95726c::ridge-eave-candidate::plane-group::ccf62348d80f"", ""retention_support_score"": 0.809687, ""target_kind"": ""ridge_eave_plane_group""}, {""element_id"": ""7dbc53a6-17e8-4806-83de-42286b95726c::ridge-eave-candidate::plane-group::bbb39ae71e8c"", ""retention_support_score"": 0.80121, ""target_kind"": ""ridge_eave_plane_group""}]","[{""element_id"": ""7dbc53a6-17e8-4806-83de-42286b95726c::ridge-eave-candidate::plane-group::8e2d81b284a6"", ""orientation_support_score"": 0.862218, ""target_kind"": ""ridge_eave_plane_group""}, {""element_id"": ""7dbc53a6-17e8-4806-83de-42286b95726c::ridge-eave-candidate::plane-group::ccf62348d80f"", ""orientation_support_score"": 0.862015, ""target_kind"": ""ridge_eave_plane_group""}, {""element_id"": ""7dbc53a6-17e8-4806-83de-42286b95726c::ridge-eave-candidate::plane-group::bbb39ae71e8c"", ""orientation_support_score"": 0.840531, ""target_kind"": ""ridge_eave_plane_group""}]"
7dbc53a6-17e8-4806-83de-42286b95726c,2,2,2,0,"[{""element_id"": ""7dbc53a6-17e8-4806-83de-42286b95726c::ceiling-oblique::ceiling-oblique:1"", ""retention_support_score"": 0.634185, ""target_kind"": ""candidate_oblique""}, {""element_id"": ""7dbc53a6-17e8-4806-83de-42286b95726c::roof-oblique::oblique:1"", ""retention_support_score"": 0.604421, ""target_kind"": ""committed_oblique""}, {""element_id"": ""7dbc53a6-17e8-4806-83de-42286b95726c::ceiling-oblique::ceiling-oblique:0"", ""retention_support_score"": 0.570837, ""target_kind"": ""candidate_oblique""}]","[{""element_id"": ""7dbc53a6-17e8-4806-83de-42286b95726c::roof-oblique::oblique:1"", ""orientation_support_score"": 0.718173, ""target_kind"": ""committed_oblique""}, {""element_id"": ""7dbc53a6-17e8-4806-83de-42286b95726c::roof-oblique::oblique:0"", ""orientation_support_score"": 0.715107, ""target_kind"": ""committed_oblique""}, {""element_id"": ""7dbc53a6-17e8-4806-83de-42286b95726c::ceiling-oblique::ceiling-oblique:1"", ""orientation_support_score"": 0.708747, ""target_kind"": ""candidate_oblique""}]"
7dbc53a6-17e8-4806-83de-42286b95726c,3,0,0,0,"[{""element_id"": ""7dbc53a6-17e8-4806-83de-42286b95726c::ridge-eave-candidate::plane-group::0aaeae27e08a"", ""retention_support_score"": 0.0, ""target_kind"": ""ridge_eave_plane_group""}]","[{""element_id"": ""7dbc53a6-17e8-4806-83de-42286b95726c::ridge-eave-candidate::plane-group::0aaeae27e08a"", ""orientation_support_score"": 0.0, ""target_kind"": ""ridge_eave_plane_group""}]"
7e330c34-f1bb-4f5f-b651-73b5333e0cc4,1,2,2,0,"[{""element_id"": ""7e330c34-f1bb-4f5f-b651-73b5333e0cc4::ceiling-oblique::ceiling-oblique:1"", ""retention_support_score"": 0.764242, ""target_kind"": ""candidate_oblique""}, {""element_id"": ""7e330c34-f1bb-4f5f-b651-73b5333e0cc4::roof-oblique::oblique:1"", ""retention_support_score"": 0.75988, ""target_kind"": ""committed_oblique""}, {""element_id"": ""7e330c34-f1bb-4f5f-b651-73b5333e0cc4::roof-oblique::oblique:0"", ""retention_support_score"": 0.697698, ""target_kind"": ""committed_oblique""}]","[{""element_id"": ""7e330c34-f1bb-4f5f-b651-73b5333e0cc4::ceiling-oblique::ceiling-oblique:1"", ""orientation_support_score"": 0.805043, ""target_kind"": ""candidate_oblique""}, {""element_id"": ""7e330c34-f1bb-4f5f-b651-73b5333e0cc4::roof-oblique::oblique:1"", ""orientation_support_score"": 0.787448, ""target_kind"": ""committed_oblique""}, {""element_id"": ""7e330c34-f1bb-4f5f-b651-73b5333e0cc4::roof-oblique::oblique:0"", ""orientation_support_score"": 0.728751, ""target_kind"": ""committed_oblique""}]"
873952bc-1159-43dd-b4bd-6535a55c57cf,0,0,0,0,"[{""element_id"": ""873952bc-1159-43dd-b4bd-6535a55c57cf::ridge-eave-candidate::plane-group::f1f00e90b1eb"", ""retention_support_score"": 0.690496, ""target_kind"": ""ridge_eave_plane_group""}, {""element_id"": ""873952bc-1159-43dd-b4bd-6535a55c57cf::ridge-eave-candidate::plane-group::1c303c72f916"", ""retention_support_score"": 0.678108, ""target_kind"": ""ridge_eave_plane_group""}, {""element_id"": ""873952bc-1159-43dd-b4bd-6535a55c57cf::ridge-eave-candidate::plane-group::ffa1ecfe0d1f"", ""retention_support_score"": 0.48253, ""target_kind"": ""ridge_eave_plane_group""}]","[{""element_id"": ""873952bc-1159-43dd-b4bd-6535a55c57cf::ridge-eave-candidate::plane-group::f1f00e90b1eb"", ""orientation_support_score"": 0.684297, ""target_kind"": ""ridge_eave_plane_group""}, {""element_id"": ""873952bc-1159-43dd-b4bd-6535a55c57cf::ridge-eave-candidate::plane-group::ffa1ecfe0d1f"", ""orientation_support_score"": 0.664382, ""target_kind"": ""ridge_eave_plane_group""}, {""element_id"": ""873952bc-1159-43dd-b4bd-6535a55c57cf::ridge-eave-candidate::plane-group::6a32dcf2bc36"", ""orientation_support_score"": 0.661741, ""target_kind"": ""ridge_eave_plane_group""}]"
873952bc-1159-43dd-b4bd-6535a55c57cf,1,2,2,0,"[{""element_id"": ""873952bc-1159-43dd-b4bd-6535a55c57cf::ceiling-oblique::ceiling-oblique:1"", ""retention_support_score"": 0.926956, ""target_kind"": ""candidate_oblique""}, {""element_id"": ""873952bc-1159-43dd-b4bd-6535a55c57cf::roof-oblique::oblique:1"", ""retention_support_score"": 0.836903, ""target_kind"": ""committed_oblique""}, {""element_id"": ""873952bc-1159-43dd-b4bd-6535a55c57cf::ceiling-oblique::ceiling-oblique:0"", ""retention_support_score"": 0.819649, ""target_kind"": ""candidate_oblique""}]","[{""element_id"": ""873952bc-1159-43dd-b4bd-6535a55c57cf::ceiling-oblique::ceiling-oblique:1"", ""orientation_support_score"": 0.929021, ""target_kind"": ""candidate_oblique""}, {""element_id"": ""873952bc-1159-43dd-b4bd-6535a55c57cf::ceiling-oblique::ceiling-oblique:0"", ""orientation_support_score"": 0.883496, ""target_kind"": ""candidate_oblique""}, {""element_id"": ""873952bc-1159-43dd-b4bd-6535a55c57cf::roof-oblique::oblique:1"", ""orientation_support_score"": 0.876054, ""target_kind"": ""committed_oblique""}]"
893d4535-3169-4907-a93a-b3ab8f66ec1c,0,3,3,0,"[{""element_id"": ""893d4535-3169-4907-a93a-b3ab8f66ec1c::roof-oblique::oblique:2"", ""retention_support_score"": 0.896576, ""target_kind"": ""committed_oblique""}, {""element_id"": ""893d4535-3169-4907-a93a-b3ab8f66ec1c::ridge-eave-candidate::plane-group::bfbd0677648b"", ""retention_support_score"": 0.889119, ""target_kind"": ""ridge_eave_plane_group""}, {""element_id"": ""893d4535-3169-4907-a93a-b3ab8f66ec1c::ridge-eave-candidate::plane-group::14e954fd3430"", ""retention_support_score"": 0.888642, ""target_kind"": ""ridge_eave_plane_group""}]","[{""element_id"": ""893d4535-3169-4907-a93a-b3ab8f66ec1c::roof-oblique::oblique:2"", ""orientation_support_score"": 0.896468, ""target_kind"": ""committed_oblique""}, {""element_id"": ""893d4535-3169-4907-a93a-b3ab8f66ec1c::roof-oblique::oblique:0"", ""orientation_support_score"": 0.882684, ""target_kind"": ""committed_oblique""}, {""element_id"": ""893d4535-3169-4907-a93a-b3ab8f66ec1c::ridge-eave-candidate::plane-group::bfbd0677648b"", ""orientation_support_score"": 0.863467, ""target_kind"": ""ridge_eave_plane_group""}]"
8ab161a4-c958-49c9-8ca8-7a997292d52f,0,0,0,0,"[{""element_id"": ""8ab161a4-c958-49c9-8ca8-7a997292d52f::ridge-eave-candidate::plane-group::8c6d6144cd7a"", ""retention_support_score"": 0.714469, ""target_kind"": ""ridge_eave_plane_group""}]","[{""element_id"": ""8ab161a4-c958-49c9-8ca8-7a997292d52f::ridge-eave-candidate::plane-group::8c6d6144cd7a"", ""orientation_support_score"": 0.7701, ""target_kind"": ""ridge_eave_plane_group""}]"
8b723372-749f-4992-a044-d62bb99b84cc,0,0,0,0,"[{""element_id"": ""8b723372-749f-4992-a044-d62bb99b84cc::ridge-eave-candidate::plane-group::56e2c992c01b"", ""retention_support_score"": 0.738976, ""target_kind"": ""ridge_eave_plane_group""}, {""element_id"": ""8b723372-749f-4992-a044-d62bb99b84cc::ridge-eave-candidate::plane-group::ff1146b1961b"", ""retention_support_score"": 0.738316, ""target_kind"": ""ridge_eave_plane_group""}]","[{""element_id"": ""8b723372-749f-4992-a044-d62bb99b84cc::ridge-eave-candidate::plane-group::56e2c992c01b"", ""orientation_support_score"": 0.736325, ""target_kind"": ""ridge_eave_plane_group""}, {""element_id"": ""8b723372-749f-4992-a044-d62bb99b84cc::ridge-eave-candidate::plane-group::ff1146b1961b"", ""orientation_support_score"": 0.734677, ""target_kind"": ""ridge_eave_plane_group""}]"
8b723372-749f-4992-a044-d62bb99b84cc,1,2,2,0,"[{""element_id"": ""8b723372-749f-4992-a044-d62bb99b84cc::ceiling-oblique::ceiling-oblique:1"", ""retention_support_score"": 0.795419, ""target_kind"": ""candidate_oblique""}, {""element_id"": ""8b723372-749f-4992-a044-d62bb99b84cc::roof-oblique::oblique:1"", ""retention_support_score"": 0.765871, ""target_kind"": ""committed_oblique""}, {""element_id"": ""8b723372-749f-4992-a044-d62bb99b84cc::ceiling-oblique::ceiling-oblique:0"", ""retention_support_score"": 0.728578, ""target_kind"": ""candidate_oblique""}]","[{""element_id"": ""8b723372-749f-4992-a044-d62bb99b84cc::ceiling-oblique::ceiling-oblique:1"", ""orientation_support_score"": 0.796231, ""target_kind"": ""candidate_oblique""}, {""element_id"": ""8b723372-749f-4992-a044-d62bb99b84cc::roof-oblique::oblique:1"", ""orientation_support_score"": 0.781459, ""target_kind"": ""committed_oblique""}, {""element_id"": ""8b723372-749f-4992-a044-d62bb99b84cc::ceiling-oblique::ceiling-oblique:0"", ""orientation_support_score"": 0.755862, ""target_kind"": ""candidate_oblique""}]"
8c0ef0cf-51a7-4ac0-8bbf-735f88a799cc,0,6,4,0,"[{""element_id"": ""8c0ef0cf-51a7-4ac0-8bbf-735f88a799cc::ceiling-oblique::ceiling-oblique:5"", ""retention_support_score"": 0.932695, ""target_kind"": ""candidate_oblique""}, {""element_id"": ""8c0ef0cf-51a7-4ac0-8bbf-735f88a799cc::ceiling-oblique::ceiling-oblique:4"", ""retention_support_score"": 0.923385, ""target_kind"": ""candidate_oblique""}, {""element_id"": ""8c0ef0cf-51a7-4ac0-8bbf-735f88a799cc::roof-oblique::oblique:3"", ""retention_support_score"": 0.917024, ""target_kind"": ""committed_oblique""}]","[{""element_id"": ""8c0ef0cf-51a7-4ac0-8bbf-735f88a799cc::ceiling-oblique::ceiling-oblique:5"", ""orientation_support_score"": 0.911025, ""target_kind"": ""candidate_oblique""}, {""element_id"": ""8c0ef0cf-51a7-4ac0-8bbf-735f88a799cc::ceiling-oblique::ceiling-oblique:4"", ""orientation_support_score"": 0.898928, ""target_kind"": ""candidate_oblique""}, {""element_id"": ""8c0ef0cf-51a7-4ac0-8bbf-735f88a799cc::roof-oblique::oblique:3"", ""orientation_support_score"": 0.883739, ""target_kind"": ""committed_oblique""}]"
8e7e69b2-e1db-4482-8f21-93be6904a5f1,1,1,1,0,"[{""element_id"": ""8e7e69b2-e1db-4482-8f21-93be6904a5f1::ceiling-oblique::ceiling-oblique:0"", ""retention_support_score"": 0.995233, ""target_kind"": ""candidate_oblique""}, {""element_id"": ""8e7e69b2-e1db-4482-8f21-93be6904a5f1::roof-oblique::oblique:0"", ""retention_support_score"": 0.99023, ""target_kind"": ""committed_oblique""}, {""element_id"": ""8e7e69b2-e1db-4482-8f21-93be6904a5f1::ridge-eave-candidate::plane-group::743769796b60"", ""retention_support_score"": 0.963095, ""target_kind"": ""ridge_eave_plane_group""}]","[{""element_id"": ""8e7e69b2-e1db-4482-8f21-93be6904a5f1::ceiling-oblique::ceiling-oblique:0"", ""orientation_support_score"": 0.989018, ""target_kind"": ""candidate_oblique""}, {""element_id"": ""8e7e69b2-e1db-4482-8f21-93be6904a5f1::roof-oblique::oblique:0"", ""orientation_support_score"": 0.977858, ""target_kind"": ""committed_oblique""}, {""element_id"": ""8e7e69b2-e1db-4482-8f21-93be6904a5f1::ridge-eave-candidate::plane-group::743769796b60"", ""orientation_support_score"": 0.964353, ""target_kind"": ""ridge_eave_plane_group""}]"
90683bb0-28ca-42a8-82b8-09d82cd434d5,2,2,2,0,"[{""element_id"": ""90683bb0-28ca-42a8-82b8-09d82cd434d5::ceiling-oblique::ceiling-oblique:0"", ""retention_support_score"": 0.80484, ""target_kind"": ""candidate_oblique""}, {""element_id"": ""90683bb0-28ca-42a8-82b8-09d82cd434d5::roof-oblique::oblique:0"", ""retention_support_score"": 0.725146, ""target_kind"": ""committed_oblique""}, {""element_id"": ""90683bb0-28ca-42a8-82b8-09d82cd434d5::ceiling-oblique::ceiling-oblique:1"", ""retention_support_score"": 0.561721, ""target_kind"": ""candidate_oblique""}]","[{""element_id"": ""90683bb0-28ca-42a8-82b8-09d82cd434d5::ceiling-oblique::ceiling-oblique:0"", ""orientation_support_score"": 0.791485, ""target_kind"": ""candidate_oblique""}, {""element_id"": ""90683bb0-28ca-42a8-82b8-09d82cd434d5::roof-oblique::oblique:0"", ""orientation_support_score"": 0.746974, ""target_kind"": ""committed_oblique""}, {""element_id"": ""90683bb0-28ca-42a8-82b8-09d82cd434d5::ridge-eave-candidate::plane-group::a360c8fffd67"", ""orientation_support_score"": 0.702803, ""target_kind"": ""ridge_eave_plane_group""}]"
9419424d-2dd9-4dd2-a9d9-e029e32c1f28,0,1,1,0,"[{""element_id"": ""9419424d-2dd9-4dd2-a9d9-e029e32c1f28::ridge-eave-candidate::plane-group::3b5dc36b043f"", ""retention_support_score"": 0.922513, ""target_kind"": ""ridge_eave_plane_group""}, {""element_id"": ""9419424d-2dd9-4dd2-a9d9-e029e32c1f28::ridge-eave-candidate::plane-group::c6d91e2d6626"", ""retention_support_score"": 0.919398, ""target_kind"": ""ridge_eave_plane_group""}, {""element_id"": ""9419424d-2dd9-4dd2-a9d9-e029e32c1f28::roof-oblique::oblique:0"", ""retention_support_score"": 0.910551, ""target_kind"": ""committed_oblique""}]","[{""element_id"": ""9419424d-2dd9-4dd2-a9d9-e029e32c1f28::roof-oblique::oblique:0"", ""orientation_support_score"": 0.902095, ""target_kind"": ""committed_oblique""}, {""element_id"": ""9419424d-2dd9-4dd2-a9d9-e029e32c1f28::ridge-eave-candidate::plane-group::3b5dc36b043f"", ""orientation_support_score"": 0.899885, ""target_kind"": ""ridge_eave_plane_group""}, {""element_id"": ""9419424d-2dd9-4dd2-a9d9-e029e32c1f28::ridge-eave-candidate::plane-group::c6d91e2d6626"", ""orientation_support_score"": 0.892098, ""target_kind"": ""ridge_eave_plane_group""}]"
945b16b9-0ebf-409e-af08-aab7672801d2,0,1,1,0,"[{""element_id"": ""945b16b9-0ebf-409e-af08-aab7672801d2::ridge-eave-candidate::plane-group::9f73801f7e61"", ""retention_support_score"": 0.974729, ""target_kind"": ""ridge_eave_plane_group""}, {""element_id"": ""945b16b9-0ebf-409e-af08-aab7672801d2::roof-oblique::oblique:0"", ""retention_support_score"": 0.96559, ""target_kind"": ""committed_oblique""}, {""element_id"": ""945b16b9-0ebf-409e-af08-aab7672801d2::ceiling-oblique::ceiling-oblique:0"", ""retention_support_score"": 0.881149, ""target_kind"": ""candidate_oblique""}]","[{""element_id"": ""945b16b9-0ebf-409e-af08-aab7672801d2::ridge-eave-candidate::plane-group::9f73801f7e61"", ""orientation_support_score"": 0.97843, ""target_kind"": ""ridge_eave_plane_group""}, {""element_id"": ""945b16b9-0ebf-409e-af08-aab7672801d2::roof-oblique::oblique:0"", ""orientation_support_score"": 0.97387, ""target_kind"": ""committed_oblique""}, {""element_id"": ""945b16b9-0ebf-409e-af08-aab7672801d2::ceiling-oblique::ceiling-oblique:0"", ""orientation_support_score"": 0.936061, ""target_kind"": ""candidate_oblique""}]"
964a40ac-d9df-44e1-b64b-84e02b909004,0,0,0,0,"[{""element_id"": ""964a40ac-d9df-44e1-b64b-84e02b909004::ridge-eave-candidate::plane-group::ccd56041a96f"", ""retention_support_score"": 0.954683, ""target_kind"": ""ridge_eave_plane_group""}]","[{""element_id"": ""964a40ac-d9df-44e1-b64b-84e02b909004::ridge-eave-candidate::plane-group::ccd56041a96f"", ""orientation_support_score"": 0.924224, ""target_kind"": ""ridge_eave_plane_group""}]"
97571caa-1065-4ac5-a385-2ec9758026dd,0,2,2,0,"[{""element_id"": ""97571caa-1065-4ac5-a385-2ec9758026dd::roof-oblique::oblique:0"", ""retention_support_score"": 0.891156, ""target_kind"": ""committed_oblique""}, {""element_id"": ""97571caa-1065-4ac5-a385-2ec9758026dd::ceiling-oblique::ceiling-oblique:0"", ""retention_support_score"": 0.87747, ""target_kind"": ""candidate_oblique""}, {""element_id"": ""97571caa-1065-4ac5-a385-2ec9758026dd::ceiling-oblique::ceiling-oblique:1"", ""retention_support_score"": 0.788988, ""target_kind"": ""candidate_oblique""}]","[{""element_id"": ""97571caa-1065-4ac5-a385-2ec9758026dd::ceiling-oblique::ceiling-oblique:0"", ""orientation_support_score"": 0.864502, ""target_kind"": ""candidate_oblique""}, {""element_id"": ""97571caa-1065-4ac5-a385-2ec9758026dd::roof-oblique::oblique:0"", ""orientation_support_score"": 0.861936, ""target_kind"": ""committed_oblique""}, {""element_id"": ""97571caa-1065-4ac5-a385-2ec9758026dd::ceiling-oblique::ceiling-oblique:1"", ""orientation_support_score"": 0.802819, ""target_kind"": ""candidate_oblique""}]"
9829323a-4939-45bf-ae66-b950b18ddf52,0,0,0,0,"[{""element_id"": ""9829323a-4939-45bf-ae66-b950b18ddf52::ridge-eave-candidate::plane-group::1e81b26b6d75"", ""retention_support_score"": 0.979371, ""target_kind"": ""ridge_eave_plane_group""}]","[{""element_id"": ""9829323a-4939-45bf-ae66-b950b18ddf52::ridge-eave-candidate::plane-group::1e81b26b6d75"", ""orientation_support_score"": 0.985791, ""target_kind"": ""ridge_eave_plane_group""}]"
98472f6b-45bc-4814-a4b8-914f8f6976dd,0,2,2,0,"[{""element_id"": ""98472f6b-45bc-4814-a4b8-914f8f6976dd::ceiling-oblique::ceiling-oblique:1"", ""retention_support_score"": 0.948701, ""target_kind"": ""candidate_oblique""}, {""element_id"": ""98472f6b-45bc-4814-a4b8-914f8f6976dd::ridge-eave-candidate::plane-group::2e9a5e3b1e5f"", ""retention_support_score"": 0.927659, ""target_kind"": ""ridge_eave_plane_group""}, {""element_id"": ""98472f6b-45bc-4814-a4b8-914f8f6976dd::roof-oblique::oblique:1"", ""retention_support_score"": 0.926405, ""target_kind"": ""committed_oblique""}]","[{""element_id"": ""98472f6b-45bc-4814-a4b8-914f8f6976dd::ceiling-oblique::ceiling-oblique:1"", ""orientation_support_score"": 0.951712, ""target_kind"": ""candidate_oblique""}, {""element_id"": ""98472f6b-45bc-4814-a4b8-914f8f6976dd::roof-oblique::oblique:1"", ""orientation_support_score"": 0.926856, ""target_kind"": ""committed_oblique""}, {""element_id"": ""98472f6b-45bc-4814-a4b8-914f8f6976dd::ridge-eave-candidate::plane-group::2e9a5e3b1e5f"", ""orientation_support_score"": 0.919651, ""target_kind"": ""ridge_eave_plane_group""}]"
992198d7-4dfe-4ecd-9fa0-b66fa6cac3fd,0,2,2,0,"[{""element_id"": ""992198d7-4dfe-4ecd-9fa0-b66fa6cac3fd::roof-oblique::oblique:0"", ""retention_support_score"": 0.967752, ""target_kind"": ""committed_oblique""}, {""element_id"": ""992198d7-4dfe-4ecd-9fa0-b66fa6cac3fd::ridge-eave-candidate::plane-group::f4485550b339"", ""retention_support_score"": 0.944491, ""target_kind"": ""ridge_eave_plane_group""}, {""element_id"": ""992198d7-4dfe-4ecd-9fa0-b66fa6cac3fd::ridge-eave-candidate::plane-group::3e677086bfb2"", ""retention_support_score"": 0.943922, ""target_kind"": ""ridge_eave_plane_group""}]","[{""element_id"": ""992198d7-4dfe-4ecd-9fa0-b66fa6cac3fd::roof-oblique::oblique:0"", ""orientation_support_score"": 0.961557, ""target_kind"": ""committed_oblique""}, {""element_id"": ""992198d7-4dfe-4ecd-9fa0-b66fa6cac3fd::ridge-eave-candidate::plane-group::f4485550b339"", ""orientation_support_score"": 0.937582, ""target_kind"": ""ridge_eave_plane_group""}, {""element_id"": ""992198d7-4dfe-4ecd-9fa0-b66fa6cac3fd::ridge-eave-candidate::plane-group::3e677086bfb2"", ""orientation_support_score"": 0.93616, ""target_kind"": ""ridge_eave_plane_group""}]"
99ce0ab2-eaac-406c-9fa2-707d7dbe30c5,0,3,3,5,"[{""element_id"": ""99ce0ab2-eaac-406c-9fa2-707d7dbe30c5::roof-oblique::oblique:1"", ""retention_support_score"": 0.941404, ""target_kind"": ""committed_oblique""}, {""element_id"": ""99ce0ab2-eaac-406c-9fa2-707d7dbe30c5::ceiling-oblique::ceiling-oblique:1"", ""retention_support_score"": 0.92328, ""target_kind"": ""candidate_oblique""}, {""element_id"": ""99ce0ab2-eaac-406c-9fa2-707d7dbe30c5::roof-oblique::oblique:0"", ""retention_support_score"": 0.897554, ""target_kind"": ""committed_oblique""}]","[{""element_id"": ""99ce0ab2-eaac-406c-9fa2-707d7dbe30c5::roof-oblique::oblique:1"", ""orientation_support_score"": 0.901255, ""target_kind"": ""committed_oblique""}, {""element_id"": ""99ce0ab2-eaac-406c-9fa2-707d7dbe30c5::ridge-eave-candidate::plane-group::7ae54b20aed1"", ""orientation_support_score"": 0.896209, ""target_kind"": ""ridge_eave_plane_group""}, {""element_id"": ""99ce0ab2-eaac-406c-9fa2-707d7dbe30c5::roof-oblique::oblique:2"", ""orientation_support_score"": 0.888675, ""target_kind"": ""committed_oblique""}]"
9bb4ada4-60fb-4ab0-8e05-de49acc92623,0,1,1,0,"[{""element_id"": ""9bb4ada4-60fb-4ab0-8e05-de49acc92623::ridge-eave-candidate::plane-group::86be93936bc8"", ""retention_support_score"": 0.954171, ""target_kind"": ""ridge_eave_plane_group""}, {""element_id"": ""9bb4ada4-60fb-4ab0-8e05-de49acc92623::ceiling-oblique::ceiling-oblique:0"", ""retention_support_score"": 0.918601, ""target_kind"": ""candidate_oblique""}, {""element_id"": ""9bb4ada4-60fb-4ab0-8e05-de49acc92623::roof-oblique::oblique:0"", ""retention_support_score"": 0.916968, ""target_kind"": ""committed_oblique""}]","[{""element_id"": ""9bb4ada4-60fb-4ab0-8e05-de49acc92623::ridge-eave-candidate::plane-group::86be93936bc8"", ""orientation_support_score"": 0.950736, ""target_kind"": ""ridge_eave_plane_group""}, {""element_id"": ""9bb4ada4-60fb-4ab0-8e05-de49acc92623::roof-oblique::oblique:0"", ""orientation_support_score"": 0.903202, ""target_kind"": ""committed_oblique""}, {""element_id"": ""9bb4ada4-60fb-4ab0-8e05-de49acc92623::ceiling-oblique::ceiling-oblique:0"", ""orientation_support_score"": 0.884274, ""target_kind"": ""candidate_oblique""}]"
9bc73438-328e-440e-a4be-25efa61d3b7c,0,1,1,0,"[{""element_id"": ""9bc73438-328e-440e-a4be-25efa61d3b7c::roof-oblique::oblique:0"", ""retention_support_score"": 0.970135, ""target_kind"": ""committed_oblique""}, {""element_id"": ""9bc73438-328e-440e-a4be-25efa61d3b7c::ceiling-oblique::ceiling-oblique:0"", ""retention_support_score"": 0.730862, ""target_kind"": ""candidate_oblique""}]","[{""element_id"": ""9bc73438-328e-440e-a4be-25efa61d3b7c::roof-oblique::oblique:0"", ""orientation_support_score"": 0.968614, ""target_kind"": ""committed_oblique""}, {""element_id"": ""9bc73438-328e-440e-a4be-25efa61d3b7c::ceiling-oblique::ceiling-oblique:0"", ""orientation_support_score"": 0.843699, ""target_kind"": ""candidate_oblique""}]"
9bdb3966-1a42-44b8-a033-07cdcab74bbb,1,2,2,0,"[{""element_id"": ""9bdb3966-1a42-44b8-a033-07cdcab74bbb::ceiling-oblique::ceiling-oblique:0"", ""retention_support_score"": 0.939042, ""target_kind"": ""candidate_oblique""}, {""element_id"": ""9bdb3966-1a42-44b8-a033-07cdcab74bbb::roof-oblique::oblique:0"", ""retention_support_score"": 0.911289, ""target_kind"": ""committed_oblique""}, {""element_id"": ""9bdb3966-1a42-44b8-a033-07cdcab74bbb::ceiling-oblique::ceiling-oblique:1"", ""retention_support_score"": 0.806374, ""target_kind"": ""candidate_oblique""}]","[{""element_id"": ""9bdb3966-1a42-44b8-a033-07cdcab74bbb::ceiling-oblique::ceiling-oblique:0"", ""orientation_support_score"": 0.929159, ""target_kind"": ""candidate_oblique""}, {""element_id"": ""9bdb3966-1a42-44b8-a033-07cdcab74bbb::roof-oblique::oblique:0"", ""orientation_support_score"": 0.875127, ""target_kind"": ""committed_oblique""}, {""element_id"": ""9bdb3966-1a42-44b8-a033-07cdcab74bbb::ceiling-oblique::ceiling-oblique:1"", ""orientation_support_score"": 0.824282, ""target_kind"": ""candidate_oblique""}]"
9c42b8bc-b55c-427b-b695-9d073c5f8a75,0,0,0,0,"[{""element_id"": ""9c42b8bc-b55c-427b-b695-9d073c5f8a75::ridge-eave-candidate::plane-group::9d4fbe1ee8c8"", ""retention_support_score"": 0.0, ""target_kind"": ""ridge_eave_plane_group""}, {""element_id"": ""9c42b8bc-b55c-427b-b695-9d073c5f8a75::ridge-eave-candidate::plane-group::44a4fb13221a"", ""retention_support_score"": 0.0, ""target_kind"": ""ridge_eave_plane_group""}, {""element_id"": ""9c42b8bc-b55c-427b-b695-9d073c5f8a75::ridge-eave-candidate::plane-group::2da50665a6dd"", ""retention_support_score"": 0.0, ""target_kind"": ""ridge_eave_plane_group""}]","[{""element_id"": ""9c42b8bc-b55c-427b-b695-9d073c5f8a75::ridge-eave-candidate::plane-group::9d4fbe1ee8c8"", ""orientation_support_score"": 0.0, ""target_kind"": ""ridge_eave_plane_group""}, {""element_id"": ""9c42b8bc-b55c-427b-b695-9d073c5f8a75::ridge-eave-candidate::plane-group::44a4fb13221a"", ""orientation_support_score"": 0.0, ""target_kind"": ""ridge_eave_plane_group""}, {""element_id"": ""9c42b8bc-b55c-427b-b695-9d073c5f8a75::ridge-eave-candidate::plane-group::2da50665a6dd"", ""orientation_support_score"": 0.0, ""target_kind"": ""ridge_eave_plane_group""}]"
9c42b8bc-b55c-427b-b695-9d073c5f8a75,1,2,2,0,"[{""element_id"": ""9c42b8bc-b55c-427b-b695-9d073c5f8a75::ceiling-oblique::ceiling-oblique:1"", ""retention_support_score"": 0.820802, ""target_kind"": ""candidate_oblique""}, {""element_id"": ""9c42b8bc-b55c-427b-b695-9d073c5f8a75::roof-oblique::oblique:1"", ""retention_support_score"": 0.816808, ""target_kind"": ""committed_oblique""}, {""element_id"": ""9c42b8bc-b55c-427b-b695-9d073c5f8a75::ceiling-oblique::ceiling-oblique:0"", ""retention_support_score"": 0.728797, ""target_kind"": ""candidate_oblique""}]","[{""element_id"": ""9c42b8bc-b55c-427b-b695-9d073c5f8a75::roof-oblique::oblique:1"", ""orientation_support_score"": 0.867284, ""target_kind"": ""committed_oblique""}, {""element_id"": ""9c42b8bc-b55c-427b-b695-9d073c5f8a75::ceiling-oblique::ceiling-oblique:1"", ""orientation_support_score"": 0.861616, ""target_kind"": ""candidate_oblique""}, {""element_id"": ""9c42b8bc-b55c-427b-b695-9d073c5f8a75::ceiling-oblique::ceiling-oblique:0"", ""orientation_support_score"": 0.814356, ""target_kind"": ""candidate_oblique""}]"
9c80d7ae-2804-4b2f-83bb-544927398846,0,0,0,0,"[{""element_id"": ""9c80d7ae-2804-4b2f-83bb-544927398846::ridge-eave-candidate::plane-group::b5793537ff06"", ""retention_support_score"": 0.940864, ""target_kind"": ""ridge_eave_plane_group""}, {""element_id"": ""9c80d7ae-2804-4b2f-83bb-544927398846::ridge-eave-candidate::plane-group::1d0e803102f8"", ""retention_support_score"": 0.790347, ""target_kind"": ""ridge_eave_plane_group""}]","[{""element_id"": ""9c80d7ae-2804-4b2f-83bb-544927398846::ridge-eave-candidate::plane-group::b5793537ff06"", ""orientation_support_score"": 0.922519, ""target_kind"": ""ridge_eave_plane_group""}, {""element_id"": ""9c80d7ae-2804-4b2f-83bb-544927398846::ridge-eave-candidate::plane-group::1d0e803102f8"", ""orientation_support_score"": 0.85726, ""target_kind"": ""ridge_eave_plane_group""}]"
9dce7b8f-036f-42bb-9645-a1b5cc17fbd1,0,1,1,0,"[{""element_id"": ""9dce7b8f-036f-42bb-9645-a1b5cc17fbd1::ridge-eave-candidate::plane-group::8e8f55ee1663"", ""retention_support_score"": 0.960352, ""target_kind"": ""ridge_eave_plane_group""}, {""element_id"": ""9dce7b8f-036f-42bb-9645-a1b5cc17fbd1::ceiling-oblique::ceiling-oblique:0"", ""retention_support_score"": 0.959007, ""target_kind"": ""candidate_oblique""}, {""element_id"": ""9dce7b8f-036f-42bb-9645-a1b5cc17fbd1::roof-oblique::oblique:0"", ""retention_support_score"": 0.955581, ""target_kind"": ""committed_oblique""}]","[{""element_id"": ""9dce7b8f-036f-42bb-9645-a1b5cc17fbd1::ceiling-oblique::ceiling-oblique:0"", ""orientation_support_score"": 0.955609, ""target_kind"": ""candidate_oblique""}, {""element_id"": ""9dce7b8f-036f-42bb-9645-a1b5cc17fbd1::ridge-eave-candidate::plane-group::8e8f55ee1663"", ""orientation_support_score"": 0.942553, ""target_kind"": ""ridge_eave_plane_group""}, {""element_id"": ""9dce7b8f-036f-42bb-9645-a1b5cc17fbd1::roof-oblique::oblique:0"", ""orientation_support_score"": 0.937885, ""target_kind"": ""committed_oblique""}]"
a1ac389f-7406-4ddf-a270-d9a5e72dbf51,1,0,0,0,"[{""element_id"": ""a1ac389f-7406-4ddf-a270-d9a5e72dbf51::ridge-eave-candidate::plane-group::b077d291bcea"", ""retention_support_score"": 0.769755, ""target_kind"": ""ridge_eave_plane_group""}, {""element_id"": ""a1ac389f-7406-4ddf-a270-d9a5e72dbf51::ridge-eave-candidate::plane-group::57b1283cdb55"", ""retention_support_score"": 0.767493, ""target_kind"": ""ridge_eave_plane_group""}, {""element_id"": ""a1ac389f-7406-4ddf-a270-d9a5e72dbf51::ridge-eave-candidate::plane-group::070f60261cbf"", ""retention_support_score"": 0.752606, ""target_kind"": ""ridge_eave_plane_group""}]","[{""element_id"": ""a1ac389f-7406-4ddf-a270-d9a5e72dbf51::ridge-eave-candidate::plane-group::b077d291bcea"", ""orientation_support_score"": 0.825316, ""target_kind"": ""ridge_eave_plane_group""}, {""element_id"": ""a1ac389f-7406-4ddf-a270-d9a5e72dbf51::ridge-eave-candidate::plane-group::57b1283cdb55"", ""orientation_support_score"": 0.819662, ""target_kind"": ""ridge_eave_plane_group""}, {""element_id"": ""a1ac389f-7406-4ddf-a270-d9a5e72dbf51::ridge-eave-candidate::plane-group::070f60261cbf"", ""orientation_support_score"": 0.782444, ""target_kind"": ""ridge_eave_plane_group""}]"
a1ac389f-7406-4ddf-a270-d9a5e72dbf51,2,1,1,0,"[{""element_id"": ""a1ac389f-7406-4ddf-a270-d9a5e72dbf51::ceiling-oblique::ceiling-oblique:0"", ""retention_support_score"": 0.418891, ""target_kind"": ""candidate_oblique""}, {""element_id"": ""a1ac389f-7406-4ddf-a270-d9a5e72dbf51::roof-oblique::oblique:0"", ""retention_support_score"": 0.402944, ""target_kind"": ""committed_oblique""}]","[{""element_id"": ""a1ac389f-7406-4ddf-a270-d9a5e72dbf51::ceiling-oblique::ceiling-oblique:0"", ""orientation_support_score"": 0.703548, ""target_kind"": ""candidate_oblique""}, {""element_id"": ""a1ac389f-7406-4ddf-a270-d9a5e72dbf51::roof-oblique::oblique:0"", ""orientation_support_score"": 0.695573, ""target_kind"": ""committed_oblique""}]"
a317a543-06cf-4f1b-97d2-139c26c1cb13,1,0,0,0,"[{""element_id"": ""a317a543-06cf-4f1b-97d2-139c26c1cb13::ridge-eave-candidate::plane-group::ae7fef169eb0"", ""retention_support_score"": 0.886212, ""target_kind"": ""ridge_eave_plane_group""}, {""element_id"": ""a317a543-06cf-4f1b-97d2-139c26c1cb13::ridge-eave-candidate::plane-group::f09a71ed5ed5"", ""retention_support_score"": 0.870718, ""target_kind"": ""ridge_eave_plane_group""}, {""element_id"": ""a317a543-06cf-4f1b-97d2-139c26c1cb13::ridge-eave-candidate::plane-group::51b677082283"", ""retention_support_score"": 0.852526, ""target_kind"": ""ridge_eave_plane_group""}]","[{""element_id"": ""a317a543-06cf-4f1b-97d2-139c26c1cb13::ridge-eave-candidate::plane-group::ae7fef169eb0"", ""orientation_support_score"": 0.86469, ""target_kind"": ""ridge_eave_plane_group""}, {""element_id"": ""a317a543-06cf-4f1b-97d2-139c26c1cb13::ridge-eave-candidate::plane-group::f09a71ed5ed5"", ""orientation_support_score"": 0.825956, ""target_kind"": ""ridge_eave_plane_group""}, {""element_id"": ""a317a543-06cf-4f1b-97d2-139c26c1cb13::ridge-eave-candidate::plane-group::51b677082283"", ""orientation_support_score"": 0.780476, ""target_kind"": ""ridge_eave_plane_group""}]"
a317a543-06cf-4f1b-97d2-139c26c1cb13,2,2,2,0,"[{""element_id"": ""a317a543-06cf-4f1b-97d2-139c26c1cb13::ceiling-oblique::ceiling-oblique:1"", ""retention_support_score"": 0.565636, ""target_kind"": ""candidate_oblique""}, {""element_id"": ""a317a543-06cf-4f1b-97d2-139c26c1cb13::roof-oblique::oblique:0"", ""retention_support_score"": 0.471149, ""target_kind"": ""committed_oblique""}, {""element_id"": ""a317a543-06cf-4f1b-97d2-139c26c1cb13::ceiling-oblique::ceiling-oblique:0"", ""retention_support_score"": 0.415438, ""target_kind"": ""candidate_oblique""}]","[{""element_id"": ""a317a543-06cf-4f1b-97d2-139c26c1cb13::ceiling-oblique::ceiling-oblique:1"", ""orientation_support_score"": 0.796625, ""target_kind"": ""candidate_oblique""}, {""element_id"": ""a317a543-06cf-4f1b-97d2-139c26c1cb13::roof-oblique::oblique:0"", ""orientation_support_score"": 0.718695, ""target_kind"": ""committed_oblique""}, {""element_id"": ""a317a543-06cf-4f1b-97d2-139c26c1cb13::roof-oblique::oblique:1"", ""orientation_support_score"": 0.705742, ""target_kind"": ""committed_oblique""}]"
a430ffa9-a314-4352-8b54-dfbd04634861,0,0,0,0,"[{""element_id"": ""a430ffa9-a314-4352-8b54-dfbd04634861::ridge-eave-candidate::plane-group::1b4efcafe651"", ""retention_support_score"": 0.668636, ""target_kind"": ""ridge_eave_plane_group""}, {""element_id"": ""a430ffa9-a314-4352-8b54-dfbd04634861::ridge-eave-candidate::plane-group::055a452adff1"", ""retention_support_score"": 0.664454, ""target_kind"": ""ridge_eave_plane_group""}, {""element_id"": ""a430ffa9-a314-4352-8b54-dfbd04634861::ridge-eave-candidate::plane-group::31df38c580a2"", ""retention_support_score"": 0.663585, ""target_kind"": ""ridge_eave_plane_group""}]","[{""element_id"": ""a430ffa9-a314-4352-8b54-dfbd04634861::ridge-eave-candidate::plane-group::1b4efcafe651"", ""orientation_support_score"": 0.729599, ""target_kind"": ""ridge_eave_plane_group""}, {""element_id"": ""a430ffa9-a314-4352-8b54-dfbd04634861::ridge-eave-candidate::plane-group::055a452adff1"", ""orientation_support_score"": 0.719144, ""target_kind"": ""ridge_eave_plane_group""}, {""element_id"": ""a430ffa9-a314-4352-8b54-dfbd04634861::ridge-eave-candidate::plane-group::31df38c580a2"", ""orientation_support_score"": 0.716971, ""target_kind"": ""ridge_eave_plane_group""}]"
a430ffa9-a314-4352-8b54-dfbd04634861,1,2,2,0,"[{""element_id"": ""a430ffa9-a314-4352-8b54-dfbd04634861::roof-oblique::oblique:1"", ""retention_support_score"": 0.942893, ""target_kind"": ""committed_oblique""}, {""element_id"": ""a430ffa9-a314-4352-8b54-dfbd04634861::ceiling-oblique::ceiling-oblique:1"", ""retention_support_score"": 0.927685, ""target_kind"": ""candidate_oblique""}, {""element_id"": ""a430ffa9-a314-4352-8b54-dfbd04634861::roof-oblique::oblique:0"", ""retention_support_score"": 0.838127, ""target_kind"": ""committed_oblique""}]","[{""element_id"": ""a430ffa9-a314-4352-8b54-dfbd04634861::ceiling-oblique::ceiling-oblique:0"", ""orientation_support_score"": 0.877921, ""target_kind"": ""candidate_oblique""}, {""element_id"": ""a430ffa9-a314-4352-8b54-dfbd04634861::roof-oblique::oblique:1"", ""orientation_support_score"": 0.865038, ""target_kind"": ""committed_oblique""}, {""element_id"": ""a430ffa9-a314-4352-8b54-dfbd04634861::ceiling-oblique::ceiling-oblique:1"", ""orientation_support_score"": 0.857427, ""target_kind"": ""candidate_oblique""}]"
a443b86f-c86a-47a7-abef-0a56893c99b0,1,1,1,0,"[{""element_id"": ""a443b86f-c86a-47a7-abef-0a56893c99b0::ceiling-oblique::ceiling-oblique:0"", ""retention_support_score"": 0.836024, ""target_kind"": ""candidate_oblique""}, {""element_id"": ""a443b86f-c86a-47a7-abef-0a56893c99b0::roof-oblique::oblique:0"", ""retention_support_score"": 0.833917, ""target_kind"": ""committed_oblique""}, {""element_id"": ""a443b86f-c86a-47a7-abef-0a56893c99b0::ridge-eave-candidate::plane-group::04ce72a2f0c6"", ""retention_support_score"": 0.68941, ""target_kind"": ""ridge_eave_plane_group""}]","[{""element_id"": ""a443b86f-c86a-47a7-abef-0a56893c99b0::ceiling-oblique::ceiling-oblique:0"", ""orientation_support_score"": 0.893949, ""target_kind"": ""candidate_oblique""}, {""element_id"": ""a443b86f-c86a-47a7-abef-0a56893c99b0::roof-oblique::oblique:0"", ""orientation_support_score"": 0.774662, ""target_kind"": ""committed_oblique""}, {""element_id"": ""a443b86f-c86a-47a7-abef-0a56893c99b0::ridge-eave-candidate::plane-group::71dc69a9156f"", ""orientation_support_score"": 0.747677, ""target_kind"": ""ridge_eave_plane_group""}]"
a492a5d6-ab9f-4b1e-bbfe-4762c1370a40,1,1,1,0,"[{""element_id"": ""a492a5d6-ab9f-4b1e-bbfe-4762c1370a40::ceiling-oblique::ceiling-oblique:0"", ""retention_support_score"": 0.999996, ""target_kind"": ""candidate_oblique""}, {""element_id"": ""a492a5d6-ab9f-4b1e-bbfe-4762c1370a40::roof-oblique::oblique:0"", ""retention_support_score"": 0.891354, ""target_kind"": ""committed_oblique""}, {""element_id"": ""a492a5d6-ab9f-4b1e-bbfe-4762c1370a40::ridge-eave-candidate::plane-group::78947c0f7926"", ""retention_support_score"": 0.682965, ""target_kind"": ""ridge_eave_plane_group""}]","[{""element_id"": ""a492a5d6-ab9f-4b1e-bbfe-4762c1370a40::ceiling-oblique::ceiling-oblique:0"", ""orientation_support_score"": 0.999998, ""target_kind"": ""candidate_oblique""}, {""element_id"": ""a492a5d6-ab9f-4b1e-bbfe-4762c1370a40::roof-oblique::oblique:0"", ""orientation_support_score"": 0.944444, ""target_kind"": ""committed_oblique""}, {""element_id"": ""a492a5d6-ab9f-4b1e-bbfe-4762c1370a40::ridge-eave-candidate::plane-group::78947c0f7926"", ""orientation_support_score"": 0.747778, ""target_kind"": ""ridge_eave_plane_group""}]"
a492a5d6-ab9f-4b1e-bbfe-4762c1370a40,2,2,2,0,"[{""element_id"": ""a492a5d6-ab9f-4b1e-bbfe-4762c1370a40::ceiling-oblique::ceiling-oblique:2"", ""retention_support_score"": 0.930415, ""target_kind"": ""candidate_oblique""}, {""element_id"": ""a492a5d6-ab9f-4b1e-bbfe-4762c1370a40::roof-oblique::oblique:2"", ""retention_support_score"": 0.920368, ""target_kind"": ""committed_oblique""}, {""element_id"": ""a492a5d6-ab9f-4b1e-bbfe-4762c1370a40::roof-oblique::oblique:1"", ""retention_support_score"": 0.756855, ""target_kind"": ""committed_oblique""}]","[{""element_id"": ""a492a5d6-ab9f-4b1e-bbfe-4762c1370a40::ceiling-oblique::ceiling-oblique:2"", ""orientation_support_score"": 0.960306, ""target_kind"": ""candidate_oblique""}, {""element_id"": ""a492a5d6-ab9f-4b1e-bbfe-4762c1370a40::roof-oblique::oblique:2"", ""orientation_support_score"": 0.952345, ""target_kind"": ""committed_oblique""}, {""element_id"": ""a492a5d6-ab9f-4b1e-bbfe-4762c1370a40::ceiling-oblique::ceiling-oblique:1"", ""orientation_support_score"": 0.849051, ""target_kind"": ""candidate_oblique""}]"
a4d6eef3-6107-45a3-bd37-3cf2ef4e9efb,0,1,1,0,"[{""element_id"": ""a4d6eef3-6107-45a3-bd37-3cf2ef4e9efb::ceiling-oblique::ceiling-oblique:0"", ""retention_support_score"": 0.937406, ""target_kind"": ""candidate_oblique""}, {""element_id"": ""a4d6eef3-6107-45a3-bd37-3cf2ef4e9efb::roof-oblique::oblique:0"", ""retention_support_score"": 0.797776, ""target_kind"": ""committed_oblique""}]","[{""element_id"": ""a4d6eef3-6107-45a3-bd37-3cf2ef4e9efb::ceiling-oblique::ceiling-oblique:0"", ""orientation_support_score"": 0.852638, ""target_kind"": ""candidate_oblique""}, {""element_id"": ""a4d6eef3-6107-45a3-bd37-3cf2ef4e9efb::roof-oblique::oblique:0"", ""orientation_support_score"": 0.666773, ""target_kind"": ""committed_oblique""}]"
a6cb04fa-e84a-4641-a667-b4dd05dd7d41,0,1,1,0,"[{""element_id"": ""a6cb04fa-e84a-4641-a667-b4dd05dd7d41::ridge-eave-candidate::plane-group::a9987f75153e"", ""retention_support_score"": 0.936151, ""target_kind"": ""ridge_eave_plane_group""}, {""element_id"": ""a6cb04fa-e84a-4641-a667-b4dd05dd7d41::roof-oblique::oblique:0"", ""retention_support_score"": 0.914652, ""target_kind"": ""committed_oblique""}, {""element_id"": ""a6cb04fa-e84a-4641-a667-b4dd05dd7d41::ceiling-oblique::ceiling-oblique:0"", ""retention_support_score"": 0.907435, ""target_kind"": ""candidate_oblique""}]","[{""element_id"": ""a6cb04fa-e84a-4641-a667-b4dd05dd7d41::ridge-eave-candidate::plane-group::a9987f75153e"", ""orientation_support_score"": 0.934478, ""target_kind"": ""ridge_eave_plane_group""}, {""element_id"": ""a6cb04fa-e84a-4641-a667-b4dd05dd7d41::roof-oblique::oblique:0"", ""orientation_support_score"": 0.916858, ""target_kind"": ""committed_oblique""}, {""element_id"": ""a6cb04fa-e84a-4641-a667-b4dd05dd7d41::ceiling-oblique::ceiling-oblique:0"", ""orientation_support_score"": 0.897863, ""target_kind"": ""candidate_oblique""}]"
a8aca518-ee19-4cef-8df9-1b574c2d43d1,1,0,0,0,"[{""element_id"": ""a8aca518-ee19-4cef-8df9-1b574c2d43d1::ridge-eave-candidate::plane-group::3ebd67bd048f"", ""retention_support_score"": 0.933054, ""target_kind"": ""ridge_eave_plane_group""}, {""element_id"": ""a8aca518-ee19-4cef-8df9-1b574c2d43d1::ridge-eave-candidate::plane-group::84127974c4aa"", ""retention_support_score"": 0.901609, ""target_kind"": ""ridge_eave_plane_group""}, {""element_id"": ""a8aca518-ee19-4cef-8df9-1b574c2d43d1::ridge-eave-candidate::plane-group::2098f3727460"", ""retention_support_score"": 0.898958, ""target_kind"": ""ridge_eave_plane_group""}]","[{""element_id"": ""a8aca518-ee19-4cef-8df9-1b574c2d43d1::ridge-eave-candidate::plane-group::3ebd67bd048f"", ""orientation_support_score"": 0.907419, ""target_kind"": ""ridge_eave_plane_group""}, {""element_id"": ""a8aca518-ee19-4cef-8df9-1b574c2d43d1::ridge-eave-candidate::plane-group::84127974c4aa"", ""orientation_support_score"": 0.828807, ""target_kind"": ""ridge_eave_plane_group""}, {""element_id"": ""a8aca518-ee19-4cef-8df9-1b574c2d43d1::ridge-eave-candidate::plane-group::2098f3727460"", ""orientation_support_score"": 0.822178, ""target_kind"": ""ridge_eave_plane_group""}]"
a8aca518-ee19-4cef-8df9-1b574c2d43d1,2,2,2,0,"[{""element_id"": ""a8aca518-ee19-4cef-8df9-1b574c2d43d1::ceiling-oblique::ceiling-oblique:0"", ""retention_support_score"": 0.993858, ""target_kind"": ""candidate_oblique""}, {""element_id"": ""a8aca518-ee19-4cef-8df9-1b574c2d43d1::roof-oblique::oblique:0"", ""retention_support_score"": 0.718957, ""target_kind"": ""committed_oblique""}, {""element_id"": ""a8aca518-ee19-4cef-8df9-1b574c2d43d1::roof-oblique::oblique:1"", ""retention_support_score"": 0.672029, ""target_kind"": ""committed_oblique""}]","[{""element_id"": ""a8aca518-ee19-4cef-8df9-1b574c2d43d1::ceiling-oblique::ceiling-oblique:0"", ""orientation_support_score"": 0.996924, ""target_kind"": ""candidate_oblique""}, {""element_id"": ""a8aca518-ee19-4cef-8df9-1b574c2d43d1::roof-oblique::oblique:0"", ""orientation_support_score"": 0.798593, ""target_kind"": ""committed_oblique""}, {""element_id"": ""a8aca518-ee19-4cef-8df9-1b574c2d43d1::roof-oblique::oblique:1"", ""orientation_support_score"": 0.763192, ""target_kind"": ""committed_oblique""}]"
aa047931-2b45-497d-a093-f637a2934699,1,0,0,0,"[{""element_id"": ""aa047931-2b45-497d-a093-f637a2934699::ridge-eave-candidate::plane-group::0eb59872aeba"", ""retention_support_score"": 0.894485, ""target_kind"": ""ridge_eave_plane_group""}]","[{""element_id"": ""aa047931-2b45-497d-a093-f637a2934699::ridge-eave-candidate::plane-group::0eb59872aeba"", ""orientation_support_score"": 0.824561, ""target_kind"": ""ridge_eave_plane_group""}]"
ad0ee87f-5986-4d5e-9aa9-3bf1a5acf789,1,0,0,0,"[{""element_id"": ""ad0ee87f-5986-4d5e-9aa9-3bf1a5acf789::ridge-eave-candidate::plane-group::6cdea8b902fe"", ""retention_support_score"": 0.672222, ""target_kind"": ""ridge_eave_plane_group""}, {""element_id"": ""ad0ee87f-5986-4d5e-9aa9-3bf1a5acf789::ridge-eave-candidate::plane-group::7daa3f477e21"", ""retention_support_score"": 0.528916, ""target_kind"": ""ridge_eave_plane_group""}, {""element_id"": ""ad0ee87f-5986-4d5e-9aa9-3bf1a5acf789::ridge-eave-candidate::plane-group::b2c73ec79604"", ""retention_support_score"": 0.525853, ""target_kind"": ""ridge_eave_plane_group""}]","[{""element_id"": ""ad0ee87f-5986-4d5e-9aa9-3bf1a5acf789::ridge-eave-candidate::plane-group::6cdea8b902fe"", ""orientation_support_score"": 0.759604, ""target_kind"": ""ridge_eave_plane_group""}, {""element_id"": ""ad0ee87f-5986-4d5e-9aa9-3bf1a5acf789::ridge-eave-candidate::plane-group::7daa3f477e21"", ""orientation_support_score"": 0.632517, ""target_kind"": ""ridge_eave_plane_group""}, {""element_id"": ""ad0ee87f-5986-4d5e-9aa9-3bf1a5acf789::ridge-eave-candidate::plane-group::b2c73ec79604"", ""orientation_support_score"": 0.62486, ""target_kind"": ""ridge_eave_plane_group""}]"
ad0ee87f-5986-4d5e-9aa9-3bf1a5acf789,2,2,2,0,"[{""element_id"": ""ad0ee87f-5986-4d5e-9aa9-3bf1a5acf789::ceiling-oblique::ceiling-oblique:0"", ""retention_support_score"": 0.956965, ""target_kind"": ""candidate_oblique""}, {""element_id"": ""ad0ee87f-5986-4d5e-9aa9-3bf1a5acf789::roof-oblique::oblique:0"", ""retention_support_score"": 0.909299, ""target_kind"": ""committed_oblique""}, {""element_id"": ""ad0ee87f-5986-4d5e-9aa9-3bf1a5acf789::roof-oblique::oblique:1"", ""retention_support_score"": 0.829155, ""target_kind"": ""committed_oblique""}]","[{""element_id"": ""ad0ee87f-5986-4d5e-9aa9-3bf1a5acf789::ceiling-oblique::ceiling-oblique:0"", ""orientation_support_score"": 0.977628, ""target_kind"": ""candidate_oblique""}, {""element_id"": ""ad0ee87f-5986-4d5e-9aa9-3bf1a5acf789::roof-oblique::oblique:0"", ""orientation_support_score"": 0.953797, ""target_kind"": ""committed_oblique""}, {""element_id"": ""ad0ee87f-5986-4d5e-9aa9-3bf1a5acf789::ceiling-oblique::ceiling-oblique:1"", ""orientation_support_score"": 0.796522, ""target_kind"": ""candidate_oblique""}]"
b4b6f3ed-7bfd-43a8-aeed-520b558bfa2b,0,0,0,0,"[{""element_id"": ""b4b6f3ed-7bfd-43a8-aeed-520b558bfa2b::ridge-eave-candidate::plane-group::dfe43ea59297"", ""retention_support_score"": 0.762332, ""target_kind"": ""ridge_eave_plane_group""}]","[{""element_id"": ""b4b6f3ed-7bfd-43a8-aeed-520b558bfa2b::ridge-eave-candidate::plane-group::dfe43ea59297"", ""orientation_support_score"": 0.743232, ""target_kind"": ""ridge_eave_plane_group""}]"
b53c11aa-8db7-4aad-a24d-3ffa9eeff5de,2,2,2,0,"[{""element_id"": ""b53c11aa-8db7-4aad-a24d-3ffa9eeff5de::ceiling-oblique::ceiling-oblique:1"", ""retention_support_score"": 0.942995, ""target_kind"": ""candidate_oblique""}, {""element_id"": ""b53c11aa-8db7-4aad-a24d-3ffa9eeff5de::ceiling-oblique::ceiling-oblique:0"", ""retention_support_score"": 0.869814, ""target_kind"": ""candidate_oblique""}, {""element_id"": ""b53c11aa-8db7-4aad-a24d-3ffa9eeff5de::roof-oblique::oblique:0"", ""retention_support_score"": 0.847285, ""target_kind"": ""committed_oblique""}]","[{""element_id"": ""b53c11aa-8db7-4aad-a24d-3ffa9eeff5de::ceiling-oblique::ceiling-oblique:0"", ""orientation_support_score"": 0.934335, ""target_kind"": ""candidate_oblique""}, {""element_id"": ""b53c11aa-8db7-4aad-a24d-3ffa9eeff5de::roof-oblique::oblique:0"", ""orientation_support_score"": 0.922891, ""target_kind"": ""committed_oblique""}, {""element_id"": ""b53c11aa-8db7-4aad-a24d-3ffa9eeff5de::ceiling-oblique::ceiling-oblique:1"", ""orientation_support_score"": 0.896627, ""target_kind"": ""candidate_oblique""}]"
b65126ae-ccca-4032-876f-e9c1c059862c,2,4,4,0,"[{""element_id"": ""b65126ae-ccca-4032-876f-e9c1c059862c::ceiling-oblique::ceiling-oblique:3"", ""retention_support_score"": 0.896782, ""target_kind"": ""candidate_oblique""}, {""element_id"": ""b65126ae-ccca-4032-876f-e9c1c059862c::ceiling-oblique::ceiling-oblique:2"", ""retention_support_score"": 0.880175, ""target_kind"": ""candidate_oblique""}, {""element_id"": ""b65126ae-ccca-4032-876f-e9c1c059862c::roof-oblique::oblique:1"", ""retention_support_score"": 0.797851, ""target_kind"": ""committed_oblique""}]","[{""element_id"": ""b65126ae-ccca-4032-876f-e9c1c059862c::ceiling-oblique::ceiling-oblique:3"", ""orientation_support_score"": 0.84839, ""target_kind"": ""candidate_oblique""}, {""element_id"": ""b65126ae-ccca-4032-876f-e9c1c059862c::ceiling-oblique::ceiling-oblique:2"", ""orientation_support_score"": 0.840052, ""target_kind"": ""candidate_oblique""}, {""element_id"": ""b65126ae-ccca-4032-876f-e9c1c059862c::roof-oblique::oblique:1"", ""orientation_support_score"": 0.832198, ""target_kind"": ""committed_oblique""}]"
b8cefbc4-bb4e-4d53-be56-990780166cae,1,0,0,0,"[{""element_id"": ""b8cefbc4-bb4e-4d53-be56-990780166cae::ridge-eave-candidate::plane-group::4526a48ad367"", ""retention_support_score"": 0.321121, ""target_kind"": ""ridge_eave_plane_group""}, {""element_id"": ""b8cefbc4-bb4e-4d53-be56-990780166cae::ridge-eave-candidate::plane-group::540114200d86"", ""retention_support_score"": 0.320767, ""target_kind"": ""ridge_eave_plane_group""}, {""element_id"": ""b8cefbc4-bb4e-4d53-be56-990780166cae::ridge-eave-candidate::plane-group::5a18e00cc344"", ""retention_support_score"": 0.320117, ""target_kind"": ""ridge_eave_plane_group""}]","[{""element_id"": ""b8cefbc4-bb4e-4d53-be56-990780166cae::ridge-eave-candidate::plane-group::4526a48ad367"", ""orientation_support_score"": 0.677444, ""target_kind"": ""ridge_eave_plane_group""}, {""element_id"": ""b8cefbc4-bb4e-4d53-be56-990780166cae::ridge-eave-candidate::plane-group::540114200d86"", ""orientation_support_score"": 0.676558, ""target_kind"": ""ridge_eave_plane_group""}, {""element_id"": ""b8cefbc4-bb4e-4d53-be56-990780166cae::ridge-eave-candidate::plane-group::5a18e00cc344"", ""orientation_support_score"": 0.674934, ""target_kind"": ""ridge_eave_plane_group""}]"
b8cefbc4-bb4e-4d53-be56-990780166cae,2,2,2,0,"[{""element_id"": ""b8cefbc4-bb4e-4d53-be56-990780166cae::ceiling-oblique::ceiling-oblique:0"", ""retention_support_score"": 0.843779, ""target_kind"": ""candidate_oblique""}, {""element_id"": ""b8cefbc4-bb4e-4d53-be56-990780166cae::roof-oblique::oblique:0"", ""retention_support_score"": 0.759726, ""target_kind"": ""committed_oblique""}, {""element_id"": ""b8cefbc4-bb4e-4d53-be56-990780166cae::ceiling-oblique::ceiling-oblique:1"", ""retention_support_score"": 0.736984, ""target_kind"": ""candidate_oblique""}]","[{""element_id"": ""b8cefbc4-bb4e-4d53-be56-990780166cae::ceiling-oblique::ceiling-oblique:0"", ""orientation_support_score"": 0.853798, ""target_kind"": ""candidate_oblique""}, {""element_id"": ""b8cefbc4-bb4e-4d53-be56-990780166cae::roof-oblique::oblique:0"", ""orientation_support_score"": 0.81177, ""target_kind"": ""committed_oblique""}, {""element_id"": ""b8cefbc4-bb4e-4d53-be56-990780166cae::ceiling-oblique::ceiling-oblique:1"", ""orientation_support_score"": 0.803473, ""target_kind"": ""candidate_oblique""}]"
b8def755-9829-4141-8ecb-3e71ef446d0d,1,0,0,0,"[{""element_id"": ""b8def755-9829-4141-8ecb-3e71ef446d0d::ridge-eave-candidate::plane-group::893ec49b081c"", ""retention_support_score"": 0.667417, ""target_kind"": ""ridge_eave_plane_group""}, {""element_id"": ""b8def755-9829-4141-8ecb-3e71ef446d0d::ridge-eave-candidate::plane-group::f47d323ca42c"", ""retention_support_score"": 0.666028, ""target_kind"": ""ridge_eave_plane_group""}, {""element_id"": ""b8def755-9829-4141-8ecb-3e71ef446d0d::ridge-eave-candidate::plane-group::15958bf85707"", ""retention_support_score"": 0.660652, ""target_kind"": ""ridge_eave_plane_group""}]","[{""element_id"": ""b8def755-9829-4141-8ecb-3e71ef446d0d::ridge-eave-candidate::plane-group::893ec49b081c"", ""orientation_support_score"": 0.776619, ""target_kind"": ""ridge_eave_plane_group""}, {""element_id"": ""b8def755-9829-4141-8ecb-3e71ef446d0d::ridge-eave-candidate::plane-group::f47d323ca42c"", ""orientation_support_score"": 0.773147, ""target_kind"": ""ridge_eave_plane_group""}, {""element_id"": ""b8def755-9829-4141-8ecb-3e71ef446d0d::ridge-eave-candidate::plane-group::15958bf85707"", ""orientation_support_score"": 0.759704, ""target_kind"": ""ridge_eave_plane_group""}]"
b8def755-9829-4141-8ecb-3e71ef446d0d,2,2,2,0,"[{""element_id"": ""b8def755-9829-4141-8ecb-3e71ef446d0d::roof-oblique::oblique:1"", ""retention_support_score"": 0.85092, ""target_kind"": ""committed_oblique""}, {""element_id"": ""b8def755-9829-4141-8ecb-3e71ef446d0d::ceiling-oblique::ceiling-oblique:1"", ""retention_support_score"": 0.833797, ""target_kind"": ""candidate_oblique""}, {""element_id"": ""b8def755-9829-4141-8ecb-3e71ef446d0d::ceiling-oblique::ceiling-oblique:0"", ""retention_support_score"": 0.724593, ""target_kind"": ""candidate_oblique""}]","[{""element_id"": ""b8def755-9829-4141-8ecb-3e71ef446d0d::roof-oblique::oblique:1"", ""orientation_support_score"": 0.795301, ""target_kind"": ""committed_oblique""}, {""element_id"": ""b8def755-9829-4141-8ecb-3e71ef446d0d::ceiling-oblique::ceiling-oblique:1"", ""orientation_support_score"": 0.786739, ""target_kind"": ""candidate_oblique""}, {""element_id"": ""b8def755-9829-4141-8ecb-3e71ef446d0d::ceiling-oblique::ceiling-oblique:0"", ""orientation_support_score"": 0.728304, ""target_kind"": ""candidate_oblique""}]"
bad532ea-75de-411a-a390-77f4d6a93ff8,4,2,2,0,"[{""element_id"": ""bad532ea-75de-411a-a390-77f4d6a93ff8::ceiling-oblique::ceiling-oblique:1"", ""retention_support_score"": 0.754562, ""target_kind"": ""candidate_oblique""}, {""element_id"": ""bad532ea-75de-411a-a390-77f4d6a93ff8::roof-oblique::oblique:1"", ""retention_support_score"": 0.693367, ""target_kind"": ""committed_oblique""}, {""element_id"": ""bad532ea-75de-411a-a390-77f4d6a93ff8::ceiling-oblique::ceiling-oblique:0"", ""retention_support_score"": 0.587303, ""target_kind"": ""candidate_oblique""}]","[{""element_id"": ""bad532ea-75de-411a-a390-77f4d6a93ff8::ridge-eave-candidate::plane-group::6c9d2c0a0321"", ""orientation_support_score"": 0.68389, ""target_kind"": ""ridge_eave_plane_group""}, {""element_id"": ""bad532ea-75de-411a-a390-77f4d6a93ff8::ridge-eave-candidate::plane-group::519045139f84"", ""orientation_support_score"": 0.670205, ""target_kind"": ""ridge_eave_plane_group""}, {""element_id"": ""bad532ea-75de-411a-a390-77f4d6a93ff8::ceiling-oblique::ceiling-oblique:0"", ""orientation_support_score"": 0.636146, ""target_kind"": ""candidate_oblique""}]"
bb00df25-e7be-420e-8ad1-1f9be60a4c4a,0,1,1,0,"[{""element_id"": ""bb00df25-e7be-420e-8ad1-1f9be60a4c4a::ceiling-oblique::ceiling-oblique:0"", ""retention_support_score"": 0.952817, ""target_kind"": ""candidate_oblique""}, {""element_id"": ""bb00df25-e7be-420e-8ad1-1f9be60a4c4a::roof-oblique::oblique:0"", ""retention_support_score"": 0.947935, ""target_kind"": ""committed_oblique""}, {""element_id"": ""bb00df25-e7be-420e-8ad1-1f9be60a4c4a::ridge-eave-candidate::plane-group::3854e0bf9fe6"", ""retention_support_score"": 0.932779, ""target_kind"": ""ridge_eave_plane_group""}]","[{""element_id"": ""bb00df25-e7be-420e-8ad1-1f9be60a4c4a::ceiling-oblique::ceiling-oblique:0"", ""orientation_support_score"": 0.939346, ""target_kind"": ""candidate_oblique""}, {""element_id"": ""bb00df25-e7be-420e-8ad1-1f9be60a4c4a::roof-oblique::oblique:0"", ""orientation_support_score"": 0.916516, ""target_kind"": ""committed_oblique""}, {""element_id"": ""bb00df25-e7be-420e-8ad1-1f9be60a4c4a::ridge-eave-candidate::plane-group::3854e0bf9fe6"", ""orientation_support_score"": 0.910532, ""target_kind"": ""ridge_eave_plane_group""}]"
bb013161-a5cf-4dfc-9b88-d2c851f92aee,0,3,3,0,"[{""element_id"": ""bb013161-a5cf-4dfc-9b88-d2c851f92aee::ceiling-oblique::ceiling-oblique:1"", ""retention_support_score"": 0.924261, ""target_kind"": ""candidate_oblique""}, {""element_id"": ""bb013161-a5cf-4dfc-9b88-d2c851f92aee::roof-oblique::oblique:0"", ""retention_support_score"": 0.913904, ""target_kind"": ""committed_oblique""}, {""element_id"": ""bb013161-a5cf-4dfc-9b88-d2c851f92aee::ridge-eave-candidate::plane-group::38d3f9a92b7d"", ""retention_support_score"": 0.911243, ""target_kind"": ""ridge_eave_plane_group""}]","[{""element_id"": ""bb013161-a5cf-4dfc-9b88-d2c851f92aee::ceiling-oblique::ceiling-oblique:1"", ""orientation_support_score"": 0.890554, ""target_kind"": ""candidate_oblique""}, {""element_id"": ""bb013161-a5cf-4dfc-9b88-d2c851f92aee::roof-oblique::oblique:1"", ""orientation_support_score"": 0.88818, ""target_kind"": ""committed_oblique""}, {""element_id"": ""bb013161-a5cf-4dfc-9b88-d2c851f92aee::ridge-eave-candidate::plane-group::38d3f9a92b7d"", ""orientation_support_score"": 0.888078, ""target_kind"": ""ridge_eave_plane_group""}]"
bc2779a4-d0a2-4ba8-abbf-10129d3f82de,1,0,0,0,"[{""element_id"": ""bc2779a4-d0a2-4ba8-abbf-10129d3f82de::ridge-eave-candidate::plane-group::5dd344d177d4"", ""retention_support_score"": 0.784702, ""target_kind"": ""ridge_eave_plane_group""}, {""element_id"": ""bc2779a4-d0a2-4ba8-abbf-10129d3f82de::ridge-eave-candidate::plane-group::f8411a836a08"", ""retention_support_score"": 0.784098, ""target_kind"": ""ridge_eave_plane_group""}, {""element_id"": ""bc2779a4-d0a2-4ba8-abbf-10129d3f82de::ridge-eave-candidate::plane-group::532bc4d53329"", ""retention_support_score"": 0.777845, ""target_kind"": ""ridge_eave_plane_group""}]","[{""element_id"": ""bc2779a4-d0a2-4ba8-abbf-10129d3f82de::ridge-eave-candidate::plane-group::5dd344d177d4"", ""orientation_support_score"": 0.990036, ""target_kind"": ""ridge_eave_plane_group""}, {""element_id"": ""bc2779a4-d0a2-4ba8-abbf-10129d3f82de::ridge-eave-candidate::plane-group::f8411a836a08"", ""orientation_support_score"": 0.988526, ""target_kind"": ""ridge_eave_plane_group""}, {""element_id"": ""bc2779a4-d0a2-4ba8-abbf-10129d3f82de::ridge-eave-candidate::plane-group::532bc4d53329"", ""orientation_support_score"": 0.972893, ""target_kind"": ""ridge_eave_plane_group""}]"
bc2779a4-d0a2-4ba8-abbf-10129d3f82de,2,1,1,0,"[{""element_id"": ""bc2779a4-d0a2-4ba8-abbf-10129d3f82de::roof-oblique::oblique:0"", ""retention_support_score"": 0.901337, ""target_kind"": ""committed_oblique""}, {""element_id"": ""bc2779a4-d0a2-4ba8-abbf-10129d3f82de::ceiling-oblique::ceiling-oblique:0"", ""retention_support_score"": 0.834446, ""target_kind"": ""candidate_oblique""}, {""element_id"": ""bc2779a4-d0a2-4ba8-abbf-10129d3f82de::ridge-eave-candidate::plane-group::6c1de215d3d1"", ""retention_support_score"": 0.785523, ""target_kind"": ""ridge_eave_plane_group""}]","[{""element_id"": ""bc2779a4-d0a2-4ba8-abbf-10129d3f82de::roof-oblique::oblique:0"", ""orientation_support_score"": 0.898396, ""target_kind"": ""committed_oblique""}, {""element_id"": ""bc2779a4-d0a2-4ba8-abbf-10129d3f82de::ridge-eave-candidate::plane-group::37031dea5ca9"", ""orientation_support_score"": 0.866021, ""target_kind"": ""ridge_eave_plane_group""}, {""element_id"": ""bc2779a4-d0a2-4ba8-abbf-10129d3f82de::ridge-eave-candidate::plane-group::096ff6c99826"", ""orientation_support_score"": 0.86117, ""target_kind"": ""ridge_eave_plane_group""}]"
bc2779a4-d0a2-4ba8-abbf-10129d3f82de,3,1,1,0,"[{""element_id"": ""bc2779a4-d0a2-4ba8-abbf-10129d3f82de::roof-oblique::oblique:1"", ""retention_support_score"": 0.671871, ""target_kind"": ""committed_oblique""}, {""element_id"": ""bc2779a4-d0a2-4ba8-abbf-10129d3f82de::ceiling-oblique::ceiling-oblique:1"", ""retention_support_score"": 0.66799, ""target_kind"": ""candidate_oblique""}]","[{""element_id"": ""bc2779a4-d0a2-4ba8-abbf-10129d3f82de::roof-oblique::oblique:1"", ""orientation_support_score"": 0.761758, ""target_kind"": ""committed_oblique""}, {""element_id"": ""bc2779a4-d0a2-4ba8-abbf-10129d3f82de::ceiling-oblique::ceiling-oblique:1"", ""orientation_support_score"": 0.759817, ""target_kind"": ""candidate_oblique""}]"
bfd05652-9331-4260-886d-1b6779ee1bfa,1,1,1,0,"[{""element_id"": ""bfd05652-9331-4260-886d-1b6779ee1bfa::ceiling-oblique::ceiling-oblique:0"", ""retention_support_score"": 0.987753, ""target_kind"": ""candidate_oblique""}, {""element_id"": ""bfd05652-9331-4260-886d-1b6779ee1bfa::roof-oblique::oblique:0"", ""retention_support_score"": 0.974958, ""target_kind"": ""committed_oblique""}, {""element_id"": ""bfd05652-9331-4260-886d-1b6779ee1bfa::ridge-eave-candidate::plane-group::465ea4759a03"", ""retention_support_score"": 0.951321, ""target_kind"": ""ridge_eave_plane_group""}]","[{""element_id"": ""bfd05652-9331-4260-886d-1b6779ee1bfa::ceiling-oblique::ceiling-oblique:0"", ""orientation_support_score"": 0.970668, ""target_kind"": ""candidate_oblique""}, {""element_id"": ""bfd05652-9331-4260-886d-1b6779ee1bfa::roof-oblique::oblique:0"", ""orientation_support_score"": 0.941064, ""target_kind"": ""committed_oblique""}, {""element_id"": ""bfd05652-9331-4260-886d-1b6779ee1bfa::ridge-eave-candidate::plane-group::465ea4759a03"", ""orientation_support_score"": 0.929248, ""target_kind"": ""ridge_eave_plane_group""}]"
c001b1ca-ea07-472d-b888-6ab457d4e7d9,1,0,0,0,"[{""element_id"": ""c001b1ca-ea07-472d-b888-6ab457d4e7d9::ridge-eave-candidate::plane-group::8dd620312dcf"", ""retention_support_score"": 0.865321, ""target_kind"": ""ridge_eave_plane_group""}]","[{""element_id"": ""c001b1ca-ea07-472d-b888-6ab457d4e7d9::ridge-eave-candidate::plane-group::8dd620312dcf"", ""orientation_support_score"": 0.88404, ""target_kind"": ""ridge_eave_plane_group""}]"
c2800052-b0e7-4c30-a881-f813cb0b2043,0,0,0,0,"[{""element_id"": ""c2800052-b0e7-4c30-a881-f813cb0b2043::ridge-eave-candidate::plane-group::b0a4e5b9a3cf"", ""retention_support_score"": 0.919393, ""target_kind"": ""ridge_eave_plane_group""}, {""element_id"": ""c2800052-b0e7-4c30-a881-f813cb0b2043::ridge-eave-candidate::plane-group::046c7eaf2087"", ""retention_support_score"": 0.910859, ""target_kind"": ""ridge_eave_plane_group""}]","[{""element_id"": ""c2800052-b0e7-4c30-a881-f813cb0b2043::ridge-eave-candidate::plane-group::b0a4e5b9a3cf"", ""orientation_support_score"": 0.907834, ""target_kind"": ""ridge_eave_plane_group""}, {""element_id"": ""c2800052-b0e7-4c30-a881-f813cb0b2043::ridge-eave-candidate::plane-group::046c7eaf2087"", ""orientation_support_score"": 0.8865, ""target_kind"": ""ridge_eave_plane_group""}]"
c3ddcac0-827d-48dc-9223-4b219d874fa5,1,1,1,0,"[{""element_id"": ""c3ddcac0-827d-48dc-9223-4b219d874fa5::roof-oblique::oblique:0"", ""retention_support_score"": 0.994326, ""target_kind"": ""committed_oblique""}, {""element_id"": ""c3ddcac0-827d-48dc-9223-4b219d874fa5::ceiling-oblique::ceiling-oblique:0"", ""retention_support_score"": 0.993968, ""target_kind"": ""candidate_oblique""}]","[{""element_id"": ""c3ddcac0-827d-48dc-9223-4b219d874fa5::roof-oblique::oblique:0"", ""orientation_support_score"": 0.987091, ""target_kind"": ""committed_oblique""}, {""element_id"": ""c3ddcac0-827d-48dc-9223-4b219d874fa5::ceiling-oblique::ceiling-oblique:0"", ""orientation_support_score"": 0.986916, ""target_kind"": ""candidate_oblique""}]"
c72ad855-9e52-46f1-886d-a9f37911521f,1,2,2,0,"[{""element_id"": ""c72ad855-9e52-46f1-886d-a9f37911521f::ceiling-oblique::ceiling-oblique:1"", ""retention_support_score"": 0.91054, ""target_kind"": ""candidate_oblique""}, {""element_id"": ""c72ad855-9e52-46f1-886d-a9f37911521f::ceiling-oblique::ceiling-oblique:0"", ""retention_support_score"": 0.895311, ""target_kind"": ""candidate_oblique""}, {""element_id"": ""c72ad855-9e52-46f1-886d-a9f37911521f::roof-oblique::oblique:1"", ""retention_support_score"": 0.761201, ""target_kind"": ""committed_oblique""}]","[{""element_id"": ""c72ad855-9e52-46f1-886d-a9f37911521f::ceiling-oblique::ceiling-oblique:1"", ""orientation_support_score"": 0.906673, ""target_kind"": ""candidate_oblique""}, {""element_id"": ""c72ad855-9e52-46f1-886d-a9f37911521f::ceiling-oblique::ceiling-oblique:0"", ""orientation_support_score"": 0.898323, ""target_kind"": ""candidate_oblique""}, {""element_id"": ""c72ad855-9e52-46f1-886d-a9f37911521f::roof-oblique::oblique:1"", ""orientation_support_score"": 0.84817, ""target_kind"": ""committed_oblique""}]"
c7898e89-b45b-47f3-96b7-8c1fa96ef9fd,1,2,2,0,"[{""element_id"": ""c7898e89-b45b-47f3-96b7-8c1fa96ef9fd::ceiling-oblique::ceiling-oblique:1"", ""retention_support_score"": 0.514429, ""target_kind"": ""candidate_oblique""}, {""element_id"": ""c7898e89-b45b-47f3-96b7-8c1fa96ef9fd::ridge-eave-candidate::plane-group::6b72750d027f"", ""retention_support_score"": 0.47259, ""target_kind"": ""ridge_eave_plane_group""}, {""element_id"": ""c7898e89-b45b-47f3-96b7-8c1fa96ef9fd::roof-oblique::oblique:0"", ""retention_support_score"": 0.437146, ""target_kind"": ""committed_oblique""}]","[{""element_id"": ""c7898e89-b45b-47f3-96b7-8c1fa96ef9fd::ridge-eave-candidate::plane-group::6b72750d027f"", ""orientation_support_score"": 0.600625, ""target_kind"": ""ridge_eave_plane_group""}, {""element_id"": ""c7898e89-b45b-47f3-96b7-8c1fa96ef9fd::ceiling-oblique::ceiling-oblique:1"", ""orientation_support_score"": 0.576529, ""target_kind"": ""candidate_oblique""}, {""element_id"": ""c7898e89-b45b-47f3-96b7-8c1fa96ef9fd::roof-oblique::oblique:1"", ""orientation_support_score"": 0.511734, ""target_kind"": ""committed_oblique""}]"
c87c1e25-ff00-44ec-b823-b0966c81af70,0,0,0,0,"[{""element_id"": ""c87c1e25-ff00-44ec-b823-b0966c81af70::ridge-eave-candidate::plane-group::1bc8ebae0d30"", ""retention_support_score"": 0.774478, ""target_kind"": ""ridge_eave_plane_group""}, {""element_id"": ""c87c1e25-ff00-44ec-b823-b0966c81af70::ridge-eave-candidate::plane-group::43aa23800ceb"", ""retention_support_score"": 0.662159, ""target_kind"": ""ridge_eave_plane_group""}, {""element_id"": ""c87c1e25-ff00-44ec-b823-b0966c81af70::ridge-eave-candidate::plane-group::c215c09cf929"", ""retention_support_score"": 0.653439, ""target_kind"": ""ridge_eave_plane_group""}]","[{""element_id"": ""c87c1e25-ff00-44ec-b823-b0966c81af70::ridge-eave-candidate::plane-group::1bc8ebae0d30"", ""orientation_support_score"": 0.760475, ""target_kind"": ""ridge_eave_plane_group""}, {""element_id"": ""c87c1e25-ff00-44ec-b823-b0966c81af70::ridge-eave-candidate::plane-group::43aa23800ceb"", ""orientation_support_score"": 0.730505, ""target_kind"": ""ridge_eave_plane_group""}, {""element_id"": ""c87c1e25-ff00-44ec-b823-b0966c81af70::ridge-eave-candidate::plane-group::c215c09cf929"", ""orientation_support_score"": 0.708704, ""target_kind"": ""ridge_eave_plane_group""}]"
c87c1e25-ff00-44ec-b823-b0966c81af70,1,2,2,0,"[{""element_id"": ""c87c1e25-ff00-44ec-b823-b0966c81af70::ceiling-oblique::ceiling-oblique:1"", ""retention_support_score"": 0.909742, ""target_kind"": ""candidate_oblique""}, {""element_id"": ""c87c1e25-ff00-44ec-b823-b0966c81af70::roof-oblique::oblique:1"", ""retention_support_score"": 0.797267, ""target_kind"": ""committed_oblique""}, {""element_id"": ""c87c1e25-ff00-44ec-b823-b0966c81af70::ceiling-oblique::ceiling-oblique:0"", ""retention_support_score"": 0.710042, ""target_kind"": ""candidate_oblique""}]","[{""element_id"": ""c87c1e25-ff00-44ec-b823-b0966c81af70::ceiling-oblique::ceiling-oblique:1"", ""orientation_support_score"": 0.86737, ""target_kind"": ""candidate_oblique""}, {""element_id"": ""c87c1e25-ff00-44ec-b823-b0966c81af70::ceiling-oblique::ceiling-oblique:0"", ""orientation_support_score"": 0.728059, ""target_kind"": ""candidate_oblique""}, {""element_id"": ""c87c1e25-ff00-44ec-b823-b0966c81af70::roof-oblique::oblique:1"", ""orientation_support_score"": 0.719301, ""target_kind"": ""committed_oblique""}]"
c9a43a7c-7171-484c-ac98-54f9ba59b6e6,2,2,2,0,"[{""element_id"": ""c9a43a7c-7171-484c-ac98-54f9ba59b6e6::ceiling-oblique::ceiling-oblique:0"", ""retention_support_score"": 0.984133, ""target_kind"": ""candidate_oblique""}, {""element_id"": ""c9a43a7c-7171-484c-ac98-54f9ba59b6e6::ceiling-oblique::ceiling-oblique:1"", ""retention_support_score"": 0.867717, ""target_kind"": ""candidate_oblique""}, {""element_id"": ""c9a43a7c-7171-484c-ac98-54f9ba59b6e6::roof-oblique::oblique:0"", ""retention_support_score"": 0.866681, ""target_kind"": ""committed_oblique""}]","[{""element_id"": ""c9a43a7c-7171-484c-ac98-54f9ba59b6e6::ceiling-oblique::ceiling-oblique:0"", ""orientation_support_score"": 0.98254, ""target_kind"": ""candidate_oblique""}, {""element_id"": ""c9a43a7c-7171-484c-ac98-54f9ba59b6e6::ceiling-oblique::ceiling-oblique:1"", ""orientation_support_score"": 0.822867, ""target_kind"": ""candidate_oblique""}, {""element_id"": ""c9a43a7c-7171-484c-ac98-54f9ba59b6e6::roof-oblique::oblique:0"", ""orientation_support_score"": 0.813238, ""target_kind"": ""committed_oblique""}]"
cb711a0b-6e8d-4ae6-b008-af3297446dcc,0,1,1,6,"[{""element_id"": ""cb711a0b-6e8d-4ae6-b008-af3297446dcc::ridge-eave-candidate::plane-group::46dd7c3f09f7"", ""retention_support_score"": 0.790369, ""target_kind"": ""ridge_eave_plane_group""}, {""element_id"": ""cb711a0b-6e8d-4ae6-b008-af3297446dcc::roof-oblique::oblique:0"", ""retention_support_score"": 0.789493, ""target_kind"": ""committed_oblique""}, {""element_id"": ""cb711a0b-6e8d-4ae6-b008-af3297446dcc::ridge-eave-candidate::plane-group::0052bf07ce21"", ""retention_support_score"": 0.789043, ""target_kind"": ""ridge_eave_plane_group""}]","[{""element_id"": ""cb711a0b-6e8d-4ae6-b008-af3297446dcc::roof-oblique::oblique:0"", ""orientation_support_score"": 0.799012, ""target_kind"": ""committed_oblique""}, {""element_id"": ""cb711a0b-6e8d-4ae6-b008-af3297446dcc::ceiling-oblique::ceiling-oblique:0"", ""orientation_support_score"": 0.791695, ""target_kind"": ""candidate_oblique""}, {""element_id"": ""cb711a0b-6e8d-4ae6-b008-af3297446dcc::ridge-eave-candidate::plane-group::46dd7c3f09f7"", ""orientation_support_score"": 0.740423, ""target_kind"": ""ridge_eave_plane_group""}]"
cb711a0b-6e8d-4ae6-b008-af3297446dcc,1,4,3,0,"[{""element_id"": ""cb711a0b-6e8d-4ae6-b008-af3297446dcc::ceiling-oblique::ceiling-oblique:2"", ""retention_support_score"": 0.907589, ""target_kind"": ""candidate_oblique""}, {""element_id"": ""cb711a0b-6e8d-4ae6-b008-af3297446dcc::ceiling-oblique::ceiling-oblique:3"", ""retention_support_score"": 0.773565, ""target_kind"": ""candidate_oblique""}, {""element_id"": ""cb711a0b-6e8d-4ae6-b008-af3297446dcc::roof-oblique::oblique:3"", ""retention_support_score"": 0.582463, ""target_kind"": ""committed_oblique""}]","[{""element_id"": ""cb711a0b-6e8d-4ae6-b008-af3297446dcc::ceiling-oblique::ceiling-oblique:2"", ""orientation_support_score"": 0.89413, ""target_kind"": ""candidate_oblique""}, {""element_id"": ""cb711a0b-6e8d-4ae6-b008-af3297446dcc::roof-oblique::oblique:1"", ""orientation_support_score"": 0.83151, ""target_kind"": ""committed_oblique""}, {""element_id"": ""cb711a0b-6e8d-4ae6-b008-af3297446dcc::ceiling-oblique::ceiling-oblique:3"", ""orientation_support_score"": 0.731624, ""target_kind"": ""candidate_oblique""}]"
cf982769-994b-4193-a621-91d46d1a3344,0,0,0,0,"[{""element_id"": ""cf982769-994b-4193-a621-91d46d1a3344::ridge-eave-candidate::plane-group::6d2454bf5666"", ""retention_support_score"": 0.923297, ""target_kind"": ""ridge_eave_plane_group""}, {""element_id"": ""cf982769-994b-4193-a621-91d46d1a3344::ridge-eave-candidate::plane-group::23699b2b21d8"", ""retention_support_score"": 0.88019, ""target_kind"": ""ridge_eave_plane_group""}, {""element_id"": ""cf982769-994b-4193-a621-91d46d1a3344::ridge-eave-candidate::plane-group::bf34b36a407e"", ""retention_support_score"": 0.876719, ""target_kind"": ""ridge_eave_plane_group""}]","[{""element_id"": ""cf982769-994b-4193-a621-91d46d1a3344::ridge-eave-candidate::plane-group::6d2454bf5666"", ""orientation_support_score"": 0.927321, ""target_kind"": ""ridge_eave_plane_group""}, {""element_id"": ""cf982769-994b-4193-a621-91d46d1a3344::ridge-eave-candidate::plane-group::23699b2b21d8"", ""orientation_support_score"": 0.819552, ""target_kind"": ""ridge_eave_plane_group""}, {""element_id"": ""cf982769-994b-4193-a621-91d46d1a3344::ridge-eave-candidate::plane-group::bf34b36a407e"", ""orientation_support_score"": 0.810875, ""target_kind"": ""ridge_eave_plane_group""}]"
cf982769-994b-4193-a621-91d46d1a3344,1,2,1,0,"[{""element_id"": ""cf982769-994b-4193-a621-91d46d1a3344::ceiling-oblique::ceiling-oblique:0"", ""retention_support_score"": 0.905478, ""target_kind"": ""candidate_oblique""}, {""element_id"": ""cf982769-994b-4193-a621-91d46d1a3344::ceiling-oblique::ceiling-oblique:1"", ""retention_support_score"": 0.773029, ""target_kind"": ""candidate_oblique""}, {""element_id"": ""cf982769-994b-4193-a621-91d46d1a3344::roof-oblique::oblique:0"", ""retention_support_score"": 0.716019, ""target_kind"": ""committed_oblique""}]","[{""element_id"": ""cf982769-994b-4193-a621-91d46d1a3344::ceiling-oblique::ceiling-oblique:0"", ""orientation_support_score"": 0.896011, ""target_kind"": ""candidate_oblique""}, {""element_id"": ""cf982769-994b-4193-a621-91d46d1a3344::ceiling-oblique::ceiling-oblique:1"", ""orientation_support_score"": 0.825096, ""target_kind"": ""candidate_oblique""}, {""element_id"": ""cf982769-994b-4193-a621-91d46d1a3344::roof-oblique::oblique:0"", ""orientation_support_score"": 0.819878, ""target_kind"": ""committed_oblique""}]"
d28b528a-475b-4ac0-a38d-ee992cd877db,1,3,1,0,"[{""element_id"": ""d28b528a-475b-4ac0-a38d-ee992cd877db::ceiling-oblique::ceiling-oblique:2"", ""retention_support_score"": 0.845895, ""target_kind"": ""candidate_oblique""}, {""element_id"": ""d28b528a-475b-4ac0-a38d-ee992cd877db::ridge-eave-candidate::plane-group::68bfc924174e"", ""retention_support_score"": 0.752351, ""target_kind"": ""ridge_eave_plane_group""}, {""element_id"": ""d28b528a-475b-4ac0-a38d-ee992cd877db::ridge-eave-candidate::plane-group::14262d807761"", ""retention_support_score"": 0.742585, ""target_kind"": ""ridge_eave_plane_group""}]","[{""element_id"": ""d28b528a-475b-4ac0-a38d-ee992cd877db::ceiling-oblique::ceiling-oblique:2"", ""orientation_support_score"": 0.892462, ""target_kind"": ""candidate_oblique""}, {""element_id"": ""d28b528a-475b-4ac0-a38d-ee992cd877db::ceiling-oblique::ceiling-oblique:1"", ""orientation_support_score"": 0.845041, ""target_kind"": ""candidate_oblique""}, {""element_id"": ""d28b528a-475b-4ac0-a38d-ee992cd877db::ridge-eave-candidate::plane-group::68bfc924174e"", ""orientation_support_score"": 0.778332, ""target_kind"": ""ridge_eave_plane_group""}]"
d32d5562-5763-4c71-a816-6732c638fa6a,1,2,2,0,"[{""element_id"": ""d32d5562-5763-4c71-a816-6732c638fa6a::ceiling-oblique::ceiling-oblique:0"", ""retention_support_score"": 0.944717, ""target_kind"": ""candidate_oblique""}, {""element_id"": ""d32d5562-5763-4c71-a816-6732c638fa6a::roof-oblique::oblique:0"", ""retention_support_score"": 0.87018, ""target_kind"": ""committed_oblique""}, {""element_id"": ""d32d5562-5763-4c71-a816-6732c638fa6a::ceiling-oblique::ceiling-oblique:1"", ""retention_support_score"": 0.812654, ""target_kind"": ""candidate_oblique""}]","[{""element_id"": ""d32d5562-5763-4c71-a816-6732c638fa6a::ceiling-oblique::ceiling-oblique:0"", ""orientation_support_score"": 0.950505, ""target_kind"": ""candidate_oblique""}, {""element_id"": ""d32d5562-5763-4c71-a816-6732c638fa6a::roof-oblique::oblique:0"", ""orientation_support_score"": 0.913236, ""target_kind"": ""committed_oblique""}, {""element_id"": ""d32d5562-5763-4c71-a816-6732c638fa6a::ridge-eave-candidate::plane-group::402a3be0c544"", ""orientation_support_score"": 0.840092, ""target_kind"": ""ridge_eave_plane_group""}]"
d39db17d-0f12-472b-b4ae-0e6e5ce702e1,0,2,2,2,"[{""element_id"": ""d39db17d-0f12-472b-b4ae-0e6e5ce702e1::ceiling-oblique::ceiling-oblique:1"", ""retention_support_score"": 0.959365, ""target_kind"": ""candidate_oblique""}, {""element_id"": ""d39db17d-0f12-472b-b4ae-0e6e5ce702e1::ceiling-oblique::ceiling-oblique:0"", ""retention_support_score"": 0.947568, ""target_kind"": ""candidate_oblique""}, {""element_id"": ""d39db17d-0f12-472b-b4ae-0e6e5ce702e1::roof-oblique::oblique:1"", ""retention_support_score"": 0.942205, ""target_kind"": ""committed_oblique""}]","[{""element_id"": ""d39db17d-0f12-472b-b4ae-0e6e5ce702e1::ceiling-oblique::ceiling-oblique:1"", ""orientation_support_score"": 0.943317, ""target_kind"": ""candidate_oblique""}, {""element_id"": ""d39db17d-0f12-472b-b4ae-0e6e5ce702e1::ceiling-oblique::ceiling-oblique:0"", ""orientation_support_score"": 0.916183, ""target_kind"": ""candidate_oblique""}, {""element_id"": ""d39db17d-0f12-472b-b4ae-0e6e5ce702e1::roof-oblique::oblique:1"", ""orientation_support_score"": 0.900053, ""target_kind"": ""committed_oblique""}]"
d683f65d-ad08-4f69-ab23-dbd7ec1bcaed,0,2,2,0,"[{""element_id"": ""d683f65d-ad08-4f69-ab23-dbd7ec1bcaed::ridge-eave-candidate::plane-group::0f007af2c211"", ""retention_support_score"": 0.987454, ""target_kind"": ""ridge_eave_plane_group""}, {""element_id"": ""d683f65d-ad08-4f69-ab23-dbd7ec1bcaed::ridge-eave-candidate::plane-group::d33b6fe3e7ed"", ""retention_support_score"": 0.987228, ""target_kind"": ""ridge_eave_plane_group""}, {""element_id"": ""d683f65d-ad08-4f69-ab23-dbd7ec1bcaed::ceiling-oblique::ceiling-oblique:0"", ""retention_support_score"": 0.965664, ""target_kind"": ""candidate_oblique""}]","[{""element_id"": ""d683f65d-ad08-4f69-ab23-dbd7ec1bcaed::ridge-eave-candidate::plane-group::0f007af2c211"", ""orientation_support_score"": 0.971534, ""target_kind"": ""ridge_eave_plane_group""}, {""element_id"": ""d683f65d-ad08-4f69-ab23-dbd7ec1bcaed::ridge-eave-candidate::plane-group::d33b6fe3e7ed"", ""orientation_support_score"": 0.970969, ""target_kind"": ""ridge_eave_plane_group""}, {""element_id"": ""d683f65d-ad08-4f69-ab23-dbd7ec1bcaed::ceiling-oblique::ceiling-oblique:0"", ""orientation_support_score"": 0.952459, ""target_kind"": ""candidate_oblique""}]"
d7f1aa19-5ca9-4e1b-ac1a-c86d63f9ede7,0,0,0,0,"[{""element_id"": ""d7f1aa19-5ca9-4e1b-ac1a-c86d63f9ede7::ridge-eave-candidate::plane-group::d6305909b4e0"", ""retention_support_score"": 0.98166, ""target_kind"": ""ridge_eave_plane_group""}]","[{""element_id"": ""d7f1aa19-5ca9-4e1b-ac1a-c86d63f9ede7::ridge-eave-candidate::plane-group::d6305909b4e0"", ""orientation_support_score"": 0.982012, ""target_kind"": ""ridge_eave_plane_group""}]"
d8308bfc-c2c1-42bd-8503-282571708b8c,0,3,2,0,"[{""element_id"": ""d8308bfc-c2c1-42bd-8503-282571708b8c::ceiling-oblique::ceiling-oblique:1"", ""retention_support_score"": 0.943201, ""target_kind"": ""candidate_oblique""}, {""element_id"": ""d8308bfc-c2c1-42bd-8503-282571708b8c::roof-oblique::oblique:1"", ""retention_support_score"": 0.925537, ""target_kind"": ""committed_oblique""}, {""element_id"": ""d8308bfc-c2c1-42bd-8503-282571708b8c::ceiling-oblique::ceiling-oblique:2"", ""retention_support_score"": 0.923906, ""target_kind"": ""candidate_oblique""}]","[{""element_id"": ""d8308bfc-c2c1-42bd-8503-282571708b8c::ceiling-oblique::ceiling-oblique:1"", ""orientation_support_score"": 0.888022, ""target_kind"": ""candidate_oblique""}, {""element_id"": ""d8308bfc-c2c1-42bd-8503-282571708b8c::ceiling-oblique::ceiling-oblique:0"", ""orientation_support_score"": 0.848884, ""target_kind"": ""candidate_oblique""}, {""element_id"": ""d8308bfc-c2c1-42bd-8503-282571708b8c::roof-oblique::oblique:1"", ""orientation_support_score"": 0.833402, ""target_kind"": ""committed_oblique""}]"
dd4ba0e6-c9e0-444f-b815-9ad921cd3b87,0,0,0,0,"[{""element_id"": ""dd4ba0e6-c9e0-444f-b815-9ad921cd3b87::ridge-eave-candidate::plane-group::0c4b3fbf06fd"", ""retention_support_score"": 0.919856, ""target_kind"": ""ridge_eave_plane_group""}, {""element_id"": ""dd4ba0e6-c9e0-444f-b815-9ad921cd3b87::ridge-eave-candidate::plane-group::4dafa3b11417"", ""retention_support_score"": 0.918041, ""target_kind"": ""ridge_eave_plane_group""}]","[{""element_id"": ""dd4ba0e6-c9e0-444f-b815-9ad921cd3b87::ridge-eave-candidate::plane-group::0c4b3fbf06fd"", ""orientation_support_score"": 0.841629, ""target_kind"": ""ridge_eave_plane_group""}, {""element_id"": ""dd4ba0e6-c9e0-444f-b815-9ad921cd3b87::ridge-eave-candidate::plane-group::4dafa3b11417"", ""orientation_support_score"": 0.837092, ""target_kind"": ""ridge_eave_plane_group""}]"
dfb88995-ff0a-4025-878b-b544364f8e92,0,0,0,0,"[{""element_id"": ""dfb88995-ff0a-4025-878b-b544364f8e92::ridge-eave-candidate::plane-group::400c4ddcb3e7"", ""retention_support_score"": 0.802232, ""target_kind"": ""ridge_eave_plane_group""}, {""element_id"": ""dfb88995-ff0a-4025-878b-b544364f8e92::ridge-eave-candidate::plane-group::f4624450b2a2"", ""retention_support_score"": 0.79595, ""target_kind"": ""ridge_eave_plane_group""}]","[{""element_id"": ""dfb88995-ff0a-4025-878b-b544364f8e92::ridge-eave-candidate::plane-group::400c4ddcb3e7"", ""orientation_support_score"": 0.768112, ""target_kind"": ""ridge_eave_plane_group""}, {""element_id"": ""dfb88995-ff0a-4025-878b-b544364f8e92::ridge-eave-candidate::plane-group::f4624450b2a2"", ""orientation_support_score"": 0.752408, ""target_kind"": ""ridge_eave_plane_group""}]"
dfb88995-ff0a-4025-878b-b544364f8e92,1,2,2,0,"[{""element_id"": ""dfb88995-ff0a-4025-878b-b544364f8e92::ceiling-oblique::ceiling-oblique:0"", ""retention_support_score"": 0.801829, ""target_kind"": ""candidate_oblique""}, {""element_id"": ""dfb88995-ff0a-4025-878b-b544364f8e92::roof-oblique::oblique:0"", ""retention_support_score"": 0.696143, ""target_kind"": ""committed_oblique""}, {""element_id"": ""dfb88995-ff0a-4025-878b-b544364f8e92::roof-oblique::oblique:1"", ""retention_support_score"": 0.576566, ""target_kind"": ""committed_oblique""}]","[{""element_id"": ""dfb88995-ff0a-4025-878b-b544364f8e92::ceiling-oblique::ceiling-oblique:0"", ""orientation_support_score"": 0.79479, ""target_kind"": ""candidate_oblique""}, {""element_id"": ""dfb88995-ff0a-4025-878b-b544364f8e92::roof-oblique::oblique:0"", ""orientation_support_score"": 0.741944, ""target_kind"": ""committed_oblique""}, {""element_id"": ""dfb88995-ff0a-4025-878b-b544364f8e92::roof-oblique::oblique:1"", ""orientation_support_score"": 0.66769, ""target_kind"": ""committed_oblique""}]"
e0155eef-34a5-4642-bca6-39b83ee42af1,0,0,0,0,"[{""element_id"": ""e0155eef-34a5-4642-bca6-39b83ee42af1::ridge-eave-candidate::plane-group::f7408c84a17c"", ""retention_support_score"": 0.856935, ""target_kind"": ""ridge_eave_plane_group""}, {""element_id"": ""e0155eef-34a5-4642-bca6-39b83ee42af1::ridge-eave-candidate::plane-group::031659d6f6cf"", ""retention_support_score"": 0.848396, ""target_kind"": ""ridge_eave_plane_group""}, {""element_id"": ""e0155eef-34a5-4642-bca6-39b83ee42af1::ridge-eave-candidate::plane-group::a253dbf3b3f2"", ""retention_support_score"": 0.846639, ""target_kind"": ""ridge_eave_plane_group""}]","[{""element_id"": ""e0155eef-34a5-4642-bca6-39b83ee42af1::ridge-eave-candidate::plane-group::f7408c84a17c"", ""orientation_support_score"": 0.795665, ""target_kind"": ""ridge_eave_plane_group""}, {""element_id"": ""e0155eef-34a5-4642-bca6-39b83ee42af1::ridge-eave-candidate::plane-group::031659d6f6cf"", ""orientation_support_score"": 0.777402, ""target_kind"": ""ridge_eave_plane_group""}, {""element_id"": ""e0155eef-34a5-4642-bca6-39b83ee42af1::ridge-eave-candidate::plane-group::a253dbf3b3f2"", ""orientation_support_score"": 0.773008, ""target_kind"": ""ridge_eave_plane_group""}]"
e0155eef-34a5-4642-bca6-39b83ee42af1,2,2,2,0,"[{""element_id"": ""e0155eef-34a5-4642-bca6-39b83ee42af1::ceiling-oblique::ceiling-oblique:2"", ""retention_support_score"": 0.842223, ""target_kind"": ""candidate_oblique""}, {""element_id"": ""e0155eef-34a5-4642-bca6-39b83ee42af1::roof-oblique::oblique:2"", ""retention_support_score"": 0.519531, ""target_kind"": ""committed_oblique""}, {""element_id"": ""e0155eef-34a5-4642-bca6-39b83ee42af1::ceiling-oblique::ceiling-oblique:3"", ""retention_support_score"": 0.377407, ""target_kind"": ""candidate_oblique""}]","[{""element_id"": ""e0155eef-34a5-4642-bca6-39b83ee42af1::ceiling-oblique::ceiling-oblique:2"", ""orientation_support_score"": 0.862273, ""target_kind"": ""candidate_oblique""}, {""element_id"": ""e0155eef-34a5-4642-bca6-39b83ee42af1::roof-oblique::oblique:2"", ""orientation_support_score"": 0.761026, ""target_kind"": ""committed_oblique""}, {""element_id"": ""e0155eef-34a5-4642-bca6-39b83ee42af1::ceiling-oblique::ceiling-oblique:3"", ""orientation_support_score"": 0.725375, ""target_kind"": ""candidate_oblique""}]"
e0155eef-34a5-4642-bca6-39b83ee42af1,3,2,2,0,"[{""element_id"": ""e0155eef-34a5-4642-bca6-39b83ee42af1::ceiling-oblique::ceiling-oblique:1"", ""retention_support_score"": 0.685577, ""target_kind"": ""candidate_oblique""}, {""element_id"": ""e0155eef-34a5-4642-bca6-39b83ee42af1::roof-oblique::oblique:1"", ""retention_support_score"": 0.636658, ""target_kind"": ""committed_oblique""}, {""element_id"": ""e0155eef-34a5-4642-bca6-39b83ee42af1::ceiling-oblique::ceiling-oblique:0"", ""retention_support_score"": 0.625847, ""target_kind"": ""candidate_oblique""}]","[{""element_id"": ""e0155eef-34a5-4642-bca6-39b83ee42af1::ceiling-oblique::ceiling-oblique:1"", ""orientation_support_score"": 0.760814, ""target_kind"": ""candidate_oblique""}, {""element_id"": ""e0155eef-34a5-4642-bca6-39b83ee42af1::roof-oblique::oblique:1"", ""orientation_support_score"": 0.735174, ""target_kind"": ""committed_oblique""}, {""element_id"": ""e0155eef-34a5-4642-bca6-39b83ee42af1::ceiling-oblique::ceiling-oblique:0"", ""orientation_support_score"": 0.69074, ""target_kind"": ""candidate_oblique""}]"
e028bcc5-73ee-45f9-924b-d7badbc66caf,0,0,0,0,"[{""element_id"": ""e028bcc5-73ee-45f9-924b-d7badbc66caf::ridge-eave-candidate::plane-group::ca2c77f5f6a8"", ""retention_support_score"": 0.537695, ""target_kind"": ""ridge_eave_plane_group""}, {""element_id"": ""e028bcc5-73ee-45f9-924b-d7badbc66caf::ridge-eave-candidate::plane-group::982b6ea30d73"", ""retention_support_score"": 0.524848, ""target_kind"": ""ridge_eave_plane_group""}, {""element_id"": ""e028bcc5-73ee-45f9-924b-d7badbc66caf::ridge-eave-candidate::plane-group::36c4eee5ed01"", ""retention_support_score"": 0.486306, ""target_kind"": ""ridge_eave_plane_group""}]","[{""element_id"": ""e028bcc5-73ee-45f9-924b-d7badbc66caf::ridge-eave-candidate::plane-group::ca2c77f5f6a8"", ""orientation_support_score"": 0.684499, ""target_kind"": ""ridge_eave_plane_group""}, {""element_id"": ""e028bcc5-73ee-45f9-924b-d7badbc66caf::ridge-eave-candidate::plane-group::36c4eee5ed01"", ""orientation_support_score"": 0.670527, ""target_kind"": ""ridge_eave_plane_group""}, {""element_id"": ""e028bcc5-73ee-45f9-924b-d7badbc66caf::ridge-eave-candidate::plane-group::c8e1d7773799"", ""orientation_support_score"": 0.665133, ""target_kind"": ""ridge_eave_plane_group""}]"
e028bcc5-73ee-45f9-924b-d7badbc66caf,1,3,3,0,"[{""element_id"": ""e028bcc5-73ee-45f9-924b-d7badbc66caf::ceiling-oblique::ceiling-oblique:0"", ""retention_support_score"": 0.959035, ""target_kind"": ""candidate_oblique""}, {""element_id"": ""e028bcc5-73ee-45f9-924b-d7badbc66caf::ceiling-oblique::ceiling-oblique:2"", ""retention_support_score"": 0.950173, ""target_kind"": ""candidate_oblique""}, {""element_id"": ""e028bcc5-73ee-45f9-924b-d7badbc66caf::roof-oblique::oblique:2"", ""retention_support_score"": 0.947976, ""target_kind"": ""committed_oblique""}]","[{""element_id"": ""e028bcc5-73ee-45f9-924b-d7badbc66caf::ceiling-oblique::ceiling-oblique:0"", ""orientation_support_score"": 0.956008, ""target_kind"": ""candidate_oblique""}, {""element_id"": ""e028bcc5-73ee-45f9-924b-d7badbc66caf::ceiling-oblique::ceiling-oblique:2"", ""orientation_support_score"": 0.925132, ""target_kind"": ""candidate_oblique""}, {""element_id"": ""e028bcc5-73ee-45f9-924b-d7badbc66caf::roof-oblique::oblique:2"", ""orientation_support_score"": 0.924018, ""target_kind"": ""committed_oblique""}]"
e496ca55-bafb-4b8b-b3f1-5f6fb5ae8c7e,1,0,0,0,"[{""element_id"": ""e496ca55-bafb-4b8b-b3f1-5f6fb5ae8c7e::ridge-eave-candidate::plane-group::4ef87f97f5ac"", ""retention_support_score"": 0.831445, ""target_kind"": ""ridge_eave_plane_group""}, {""element_id"": ""e496ca55-bafb-4b8b-b3f1-5f6fb5ae8c7e::ridge-eave-candidate::plane-group::5afcff87c91b"", ""retention_support_score"": 0.829608, ""target_kind"": ""ridge_eave_plane_group""}]","[{""element_id"": ""e496ca55-bafb-4b8b-b3f1-5f6fb5ae8c7e::ridge-eave-candidate::plane-group::4ef87f97f5ac"", ""orientation_support_score"": 0.815623, ""target_kind"": ""ridge_eave_plane_group""}, {""element_id"": ""e496ca55-bafb-4b8b-b3f1-5f6fb5ae8c7e::ridge-eave-candidate::plane-group::5afcff87c91b"", ""orientation_support_score"": 0.811031, ""target_kind"": ""ridge_eave_plane_group""}]"
e496ca55-bafb-4b8b-b3f1-5f6fb5ae8c7e,2,2,2,0,"[{""element_id"": ""e496ca55-bafb-4b8b-b3f1-5f6fb5ae8c7e::ceiling-oblique::ceiling-oblique:0"", ""retention_support_score"": 0.881941, ""target_kind"": ""candidate_oblique""}, {""element_id"": ""e496ca55-bafb-4b8b-b3f1-5f6fb5ae8c7e::roof-oblique::oblique:0"", ""retention_support_score"": 0.864818, ""target_kind"": ""committed_oblique""}, {""element_id"": ""e496ca55-bafb-4b8b-b3f1-5f6fb5ae8c7e::ceiling-oblique::ceiling-oblique:1"", ""retention_support_score"": 0.820962, ""target_kind"": ""candidate_oblique""}]","[{""element_id"": ""e496ca55-bafb-4b8b-b3f1-5f6fb5ae8c7e::ceiling-oblique::ceiling-oblique:0"", ""orientation_support_score"": 0.871119, ""target_kind"": ""candidate_oblique""}, {""element_id"": ""e496ca55-bafb-4b8b-b3f1-5f6fb5ae8c7e::ceiling-oblique::ceiling-oblique:1"", ""orientation_support_score"": 0.859329, ""target_kind"": ""candidate_oblique""}, {""element_id"": ""e496ca55-bafb-4b8b-b3f1-5f6fb5ae8c7e::roof-oblique::oblique:0"", ""orientation_support_score"": 0.813902, ""target_kind"": ""committed_oblique""}]"
e4fe9821-2270-4d23-bc74-703743b5d282,0,0,0,0,"[{""element_id"": ""e4fe9821-2270-4d23-bc74-703743b5d282::ridge-eave-candidate::plane-group::de32955f2501"", ""retention_support_score"": 0.857117, ""target_kind"": ""ridge_eave_plane_group""}, {""element_id"": ""e4fe9821-2270-4d23-bc74-703743b5d282::ridge-eave-candidate::plane-group::8c6ac064e822"", ""retention_support_score"": 0.740829, ""target_kind"": ""ridge_eave_plane_group""}]","[{""element_id"": ""e4fe9821-2270-4d23-bc74-703743b5d282::ridge-eave-candidate::plane-group::8c6ac064e822"", ""orientation_support_score"": 0.902081, ""target_kind"": ""ridge_eave_plane_group""}, {""element_id"": ""e4fe9821-2270-4d23-bc74-703743b5d282::ridge-eave-candidate::plane-group::de32955f2501"", ""orientation_support_score"": 0.89857, ""target_kind"": ""ridge_eave_plane_group""}]"
e5adc187-70eb-4828-aa90-5fe3c46dfbce,0,0,0,0,"[{""element_id"": ""e5adc187-70eb-4828-aa90-5fe3c46dfbce::ridge-eave-candidate::plane-group::6ba8337497ec"", ""retention_support_score"": 0.354982, ""target_kind"": ""ridge_eave_plane_group""}, {""element_id"": ""e5adc187-70eb-4828-aa90-5fe3c46dfbce::ridge-eave-candidate::plane-group::d5080f6d4392"", ""retention_support_score"": 0.348996, ""target_kind"": ""ridge_eave_plane_group""}, {""element_id"": ""e5adc187-70eb-4828-aa90-5fe3c46dfbce::ridge-eave-candidate::plane-group::7af48562a880"", ""retention_support_score"": 0.340264, ""target_kind"": ""ridge_eave_plane_group""}]","[{""element_id"": ""e5adc187-70eb-4828-aa90-5fe3c46dfbce::ridge-eave-candidate::plane-group::d5080f6d4392"", ""orientation_support_score"": 0.665315, ""target_kind"": ""ridge_eave_plane_group""}, {""element_id"": ""e5adc187-70eb-4828-aa90-5fe3c46dfbce::ridge-eave-candidate::plane-group::6ba8337497ec"", ""orientation_support_score"": 0.650004, ""target_kind"": ""ridge_eave_plane_group""}, {""element_id"": ""e5adc187-70eb-4828-aa90-5fe3c46dfbce::ridge-eave-candidate::plane-group::7af48562a880"", ""orientation_support_score"": 0.643036, ""target_kind"": ""ridge_eave_plane_group""}]"
e5adc187-70eb-4828-aa90-5fe3c46dfbce,1,3,3,0,"[{""element_id"": ""e5adc187-70eb-4828-aa90-5fe3c46dfbce::ceiling-oblique::ceiling-oblique:1"", ""retention_support_score"": 0.987543, ""target_kind"": ""candidate_oblique""}, {""element_id"": ""e5adc187-70eb-4828-aa90-5fe3c46dfbce::roof-oblique::oblique:1"", ""retention_support_score"": 0.967411, ""target_kind"": ""committed_oblique""}, {""element_id"": ""e5adc187-70eb-4828-aa90-5fe3c46dfbce::ceiling-oblique::ceiling-oblique:2"", ""retention_support_score"": 0.963204, ""target_kind"": ""candidate_oblique""}]","[{""element_id"": ""e5adc187-70eb-4828-aa90-5fe3c46dfbce::ceiling-oblique::ceiling-oblique:1"", ""orientation_support_score"": 0.993767, ""target_kind"": ""candidate_oblique""}, {""element_id"": ""e5adc187-70eb-4828-aa90-5fe3c46dfbce::ceiling-oblique::ceiling-oblique:2"", ""orientation_support_score"": 0.946308, ""target_kind"": ""candidate_oblique""}, {""element_id"": ""e5adc187-70eb-4828-aa90-5fe3c46dfbce::roof-oblique::oblique:1"", ""orientation_support_score"": 0.92017, ""target_kind"": ""committed_oblique""}]"
e661e7b6-303d-415c-b378-2d9dd2fbfd6f,0,0,0,0,"[{""element_id"": ""e661e7b6-303d-415c-b378-2d9dd2fbfd6f::ridge-eave-candidate::plane-group::3ec13c07566a"", ""retention_support_score"": 0.0, ""target_kind"": ""ridge_eave_plane_group""}]","[{""element_id"": ""e661e7b6-303d-415c-b378-2d9dd2fbfd6f::ridge-eave-candidate::plane-group::3ec13c07566a"", ""orientation_support_score"": 0.0, ""target_kind"": ""ridge_eave_plane_group""}]"
e661e7b6-303d-415c-b378-2d9dd2fbfd6f,1,2,2,9,"[{""element_id"": ""e661e7b6-303d-415c-b378-2d9dd2fbfd6f::ceiling-oblique::ceiling-oblique:0"", ""retention_support_score"": 0.790179, ""target_kind"": ""candidate_oblique""}, {""element_id"": ""e661e7b6-303d-415c-b378-2d9dd2fbfd6f::ridge-eave-candidate::plane-group::2367a81e00dc"", ""retention_support_score"": 0.720214, ""target_kind"": ""ridge_eave_plane_group""}, {""element_id"": ""e661e7b6-303d-415c-b378-2d9dd2fbfd6f::roof-oblique::oblique:0"", ""retention_support_score"": 0.665936, ""target_kind"": ""committed_oblique""}]","[{""element_id"": ""e661e7b6-303d-415c-b378-2d9dd2fbfd6f::ridge-eave-candidate::plane-group::2367a81e00dc"", ""orientation_support_score"": 0.845146, ""target_kind"": ""ridge_eave_plane_group""}, {""element_id"": ""e661e7b6-303d-415c-b378-2d9dd2fbfd6f::ceiling-oblique::ceiling-oblique:0"", ""orientation_support_score"": 0.820971, ""target_kind"": ""candidate_oblique""}, {""element_id"": ""e661e7b6-303d-415c-b378-2d9dd2fbfd6f::ceiling-oblique::ceiling-oblique:1"", ""orientation_support_score"": 0.7372, ""target_kind"": ""candidate_oblique""}]"
e721a943-1c4f-4bd6-b8a3-f9558de79921,0,1,1,0,"[{""element_id"": ""e721a943-1c4f-4bd6-b8a3-f9558de79921::ceiling-oblique::ceiling-oblique:0"", ""retention_support_score"": 0.999991, ""target_kind"": ""candidate_oblique""}, {""element_id"": ""e721a943-1c4f-4bd6-b8a3-f9558de79921::roof-oblique::oblique:0"", ""retention_support_score"": 0.978711, ""target_kind"": ""committed_oblique""}, {""element_id"": ""e721a943-1c4f-4bd6-b8a3-f9558de79921::ridge-eave-candidate::plane-group::8a8004c8573a"", ""retention_support_score"": 0.977809, ""target_kind"": ""ridge_eave_plane_group""}]","[{""element_id"": ""e721a943-1c4f-4bd6-b8a3-f9558de79921::ceiling-oblique::ceiling-oblique:0"", ""orientation_support_score"": 0.999996, ""target_kind"": ""candidate_oblique""}, {""element_id"": ""e721a943-1c4f-4bd6-b8a3-f9558de79921::roof-oblique::oblique:0"", ""orientation_support_score"": 0.978742, ""target_kind"": ""committed_oblique""}, {""element_id"": ""e721a943-1c4f-4bd6-b8a3-f9558de79921::ridge-eave-candidate::plane-group::8a8004c8573a"", ""orientation_support_score"": 0.967682, ""target_kind"": ""ridge_eave_plane_group""}]"
e7452ac7-517e-4321-9201-d52bf7f0cae9,0,1,1,0,"[{""element_id"": ""e7452ac7-517e-4321-9201-d52bf7f0cae9::ceiling-oblique::ceiling-oblique:0"", ""retention_support_score"": 0.967916, ""target_kind"": ""candidate_oblique""}, {""element_id"": ""e7452ac7-517e-4321-9201-d52bf7f0cae9::roof-oblique::oblique:0"", ""retention_support_score"": 0.959648, ""target_kind"": ""committed_oblique""}, {""element_id"": ""e7452ac7-517e-4321-9201-d52bf7f0cae9::ridge-eave-candidate::plane-group::a5d322aee0ef"", ""retention_support_score"": 0.959335, ""target_kind"": ""ridge_eave_plane_group""}]","[{""element_id"": ""e7452ac7-517e-4321-9201-d52bf7f0cae9::ridge-eave-candidate::plane-group::a5d322aee0ef"", ""orientation_support_score"": 0.966878, ""target_kind"": ""ridge_eave_plane_group""}, {""element_id"": ""e7452ac7-517e-4321-9201-d52bf7f0cae9::ceiling-oblique::ceiling-oblique:0"", ""orientation_support_score"": 0.963815, ""target_kind"": ""candidate_oblique""}, {""element_id"": ""e7452ac7-517e-4321-9201-d52bf7f0cae9::ridge-eave-candidate::plane-group::fdca87ef9e3a"", ""orientation_support_score"": 0.959392, ""target_kind"": ""ridge_eave_plane_group""}]"
e93694c4-b9a9-4184-ab47-4d0d0a8504b2,0,1,1,0,"[{""element_id"": ""e93694c4-b9a9-4184-ab47-4d0d0a8504b2::roof-oblique::oblique:0"", ""retention_support_score"": 0.993221, ""target_kind"": ""committed_oblique""}, {""element_id"": ""e93694c4-b9a9-4184-ab47-4d0d0a8504b2::ceiling-oblique::ceiling-oblique:0"", ""retention_support_score"": 0.989724, ""target_kind"": ""candidate_oblique""}, {""element_id"": ""e93694c4-b9a9-4184-ab47-4d0d0a8504b2::ridge-eave-candidate::plane-group::1239e13c7597"", ""retention_support_score"": 0.979623, ""target_kind"": ""ridge_eave_plane_group""}]","[{""element_id"": ""e93694c4-b9a9-4184-ab47-4d0d0a8504b2::ceiling-oblique::ceiling-oblique:0"", ""orientation_support_score"": 0.994861, ""target_kind"": ""candidate_oblique""}, {""element_id"": ""e93694c4-b9a9-4184-ab47-4d0d0a8504b2::roof-oblique::oblique:0"", ""orientation_support_score"": 0.983435, ""target_kind"": ""committed_oblique""}, {""element_id"": ""e93694c4-b9a9-4184-ab47-4d0d0a8504b2::ridge-eave-candidate::plane-group::1239e13c7597"", ""orientation_support_score"": 0.971417, ""target_kind"": ""ridge_eave_plane_group""}]"
e9dddee6-297a-43f5-b862-90091889ea39,1,0,0,0,"[{""element_id"": ""e9dddee6-297a-43f5-b862-90091889ea39::ridge-eave-candidate::plane-group::6a6b3b4849e6"", ""retention_support_score"": 0.492409, ""target_kind"": ""ridge_eave_plane_group""}, {""element_id"": ""e9dddee6-297a-43f5-b862-90091889ea39::ridge-eave-candidate::plane-group::a00b9a36fbcc"", ""retention_support_score"": 0.480539, ""target_kind"": ""ridge_eave_plane_group""}, {""element_id"": ""e9dddee6-297a-43f5-b862-90091889ea39::ridge-eave-candidate::plane-group::dbe45cf9a6ed"", ""retention_support_score"": 0.480396, ""target_kind"": ""ridge_eave_plane_group""}]","[{""element_id"": ""e9dddee6-297a-43f5-b862-90091889ea39::ridge-eave-candidate::plane-group::6a6b3b4849e6"", ""orientation_support_score"": 0.70096, ""target_kind"": ""ridge_eave_plane_group""}, {""element_id"": ""e9dddee6-297a-43f5-b862-90091889ea39::ridge-eave-candidate::plane-group::a00b9a36fbcc"", ""orientation_support_score"": 0.671284, ""target_kind"": ""ridge_eave_plane_group""}, {""element_id"": ""e9dddee6-297a-43f5-b862-90091889ea39::ridge-eave-candidate::plane-group::dbe45cf9a6ed"", ""orientation_support_score"": 0.670929, ""target_kind"": ""ridge_eave_plane_group""}]"
e9dddee6-297a-43f5-b862-90091889ea39,2,2,2,0,"[{""element_id"": ""e9dddee6-297a-43f5-b862-90091889ea39::ceiling-oblique::ceiling-oblique:1"", ""retention_support_score"": 0.921858, ""target_kind"": ""candidate_oblique""}, {""element_id"": ""e9dddee6-297a-43f5-b862-90091889ea39::roof-oblique::oblique:0"", ""retention_support_score"": 0.868435, ""target_kind"": ""committed_oblique""}, {""element_id"": ""e9dddee6-297a-43f5-b862-90091889ea39::ceiling-oblique::ceiling-oblique:0"", ""retention_support_score"": 0.853972, ""target_kind"": ""candidate_oblique""}]","[{""element_id"": ""e9dddee6-297a-43f5-b862-90091889ea39::roof-oblique::oblique:0"", ""orientation_support_score"": 0.909325, ""target_kind"": ""committed_oblique""}, {""element_id"": ""e9dddee6-297a-43f5-b862-90091889ea39::ceiling-oblique::ceiling-oblique:0"", ""orientation_support_score"": 0.902093, ""target_kind"": ""candidate_oblique""}, {""element_id"": ""e9dddee6-297a-43f5-b862-90091889ea39::ceiling-oblique::ceiling-oblique:1"", ""orientation_support_score"": 0.88879, ""target_kind"": ""candidate_oblique""}]"
e9f0631f-ae34-4d30-af21-d3369327755f,0,1,1,0,"[{""element_id"": ""e9f0631f-ae34-4d30-af21-d3369327755f::ridge-eave-candidate::plane-group::a0d2934913ef"", ""retention_support_score"": 0.866977, ""target_kind"": ""ridge_eave_plane_group""}, {""element_id"": ""e9f0631f-ae34-4d30-af21-d3369327755f::ceiling-oblique::ceiling-oblique:0"", ""retention_support_score"": 0.86491, ""target_kind"": ""candidate_oblique""}, {""element_id"": ""e9f0631f-ae34-4d30-af21-d3369327755f::ridge-eave-candidate::plane-group::7000e88ba532"", ""retention_support_score"": 0.864471, ""target_kind"": ""ridge_eave_plane_group""}]","[{""element_id"": ""e9f0631f-ae34-4d30-af21-d3369327755f::ridge-eave-candidate::plane-group::a0d2934913ef"", ""orientation_support_score"": 0.894776, ""target_kind"": ""ridge_eave_plane_group""}, {""element_id"": ""e9f0631f-ae34-4d30-af21-d3369327755f::ridge-eave-candidate::plane-group::7000e88ba532"", ""orientation_support_score"": 0.891007, ""target_kind"": ""ridge_eave_plane_group""}, {""element_id"": ""e9f0631f-ae34-4d30-af21-d3369327755f::ridge-eave-candidate::plane-group::6c42425cb50b"", ""orientation_support_score"": 0.89005, ""target_kind"": ""ridge_eave_plane_group""}]"
e9f0631f-ae34-4d30-af21-d3369327755f,1,4,2,0,"[{""element_id"": ""e9f0631f-ae34-4d30-af21-d3369327755f::ceiling-oblique::ceiling-oblique:1"", ""retention_support_score"": 0.970513, ""target_kind"": ""candidate_oblique""}, {""element_id"": ""e9f0631f-ae34-4d30-af21-d3369327755f::ceiling-oblique::ceiling-oblique:2"", ""retention_support_score"": 0.87189, ""target_kind"": ""candidate_oblique""}, {""element_id"": ""e9f0631f-ae34-4d30-af21-d3369327755f::roof-oblique::oblique:1"", ""retention_support_score"": 0.866102, ""target_kind"": ""committed_oblique""}]","[{""element_id"": ""e9f0631f-ae34-4d30-af21-d3369327755f::ceiling-oblique::ceiling-oblique:1"", ""orientation_support_score"": 0.932343, ""target_kind"": ""candidate_oblique""}, {""element_id"": ""e9f0631f-ae34-4d30-af21-d3369327755f::ceiling-oblique::ceiling-oblique:4"", ""orientation_support_score"": 0.852187, ""target_kind"": ""candidate_oblique""}, {""element_id"": ""e9f0631f-ae34-4d30-af21-d3369327755f::ceiling-oblique::ceiling-oblique:2"", ""orientation_support_score"": 0.847336, ""target_kind"": ""candidate_oblique""}]"
ed5231c3-375e-426e-b341-62f6d2b0b3f5,0,1,1,0,"[{""element_id"": ""ed5231c3-375e-426e-b341-62f6d2b0b3f5::ridge-eave-candidate::plane-group::8cbca9e11731"", ""retention_support_score"": 0.933049, ""target_kind"": ""ridge_eave_plane_group""}, {""element_id"": ""ed5231c3-375e-426e-b341-62f6d2b0b3f5::roof-oblique::oblique:0"", ""retention_support_score"": 0.894299, ""target_kind"": ""committed_oblique""}, {""element_id"": ""ed5231c3-375e-426e-b341-62f6d2b0b3f5::ceiling-oblique::ceiling-oblique:0"", ""retention_support_score"": 0.879183, ""target_kind"": ""candidate_oblique""}]","[{""element_id"": ""ed5231c3-375e-426e-b341-62f6d2b0b3f5::ridge-eave-candidate::plane-group::8cbca9e11731"", ""orientation_support_score"": 0.913677, ""target_kind"": ""ridge_eave_plane_group""}, {""element_id"": ""ed5231c3-375e-426e-b341-62f6d2b0b3f5::ridge-eave-candidate::plane-group::a78a0e4a21be"", ""orientation_support_score"": 0.912141, ""target_kind"": ""ridge_eave_plane_group""}, {""element_id"": ""ed5231c3-375e-426e-b341-62f6d2b0b3f5::roof-oblique::oblique:0"", ""orientation_support_score"": 0.864808, ""target_kind"": ""committed_oblique""}]"
f332f739-1779-496c-a207-7b1c93daa8bb,2,2,2,0,"[{""element_id"": ""f332f739-1779-496c-a207-7b1c93daa8bb::ceiling-oblique::ceiling-oblique:1"", ""retention_support_score"": 0.806629, ""target_kind"": ""candidate_oblique""}, {""element_id"": ""f332f739-1779-496c-a207-7b1c93daa8bb::ceiling-oblique::ceiling-oblique:0"", ""retention_support_score"": 0.791971, ""target_kind"": ""candidate_oblique""}, {""element_id"": ""f332f739-1779-496c-a207-7b1c93daa8bb::ridge-eave-candidate::plane-group::070cf81c692c"", ""retention_support_score"": 0.772954, ""target_kind"": ""ridge_eave_plane_group""}]","[{""element_id"": ""f332f739-1779-496c-a207-7b1c93daa8bb::ceiling-oblique::ceiling-oblique:1"", ""orientation_support_score"": 0.858076, ""target_kind"": ""candidate_oblique""}, {""element_id"": ""f332f739-1779-496c-a207-7b1c93daa8bb::ridge-eave-candidate::plane-group::070cf81c692c"", ""orientation_support_score"": 0.833375, ""target_kind"": ""ridge_eave_plane_group""}, {""element_id"": ""f332f739-1779-496c-a207-7b1c93daa8bb::ridge-eave-candidate::plane-group::3ecb1bbe5d34"", ""orientation_support_score"": 0.794596, ""target_kind"": ""ridge_eave_plane_group""}]"
f46b4d89-ae67-405c-af8b-eb7396b06ef8,1,2,2,0,"[{""element_id"": ""f46b4d89-ae67-405c-af8b-eb7396b06ef8::roof-oblique::oblique:1"", ""retention_support_score"": 0.891081, ""target_kind"": ""committed_oblique""}, {""element_id"": ""f46b4d89-ae67-405c-af8b-eb7396b06ef8::roof-oblique::oblique:0"", ""retention_support_score"": 0.782003, ""target_kind"": ""committed_oblique""}, {""element_id"": ""f46b4d89-ae67-405c-af8b-eb7396b06ef8::ridge-eave-candidate::plane-group::e2c3eac9f236"", ""retention_support_score"": 0.758958, ""target_kind"": ""ridge_eave_plane_group""}]","[{""element_id"": ""f46b4d89-ae67-405c-af8b-eb7396b06ef8::ridge-eave-candidate::plane-group::e2c3eac9f236"", ""orientation_support_score"": 0.829039, ""target_kind"": ""ridge_eave_plane_group""}, {""element_id"": ""f46b4d89-ae67-405c-af8b-eb7396b06ef8::roof-oblique::oblique:1"", ""orientation_support_score"": 0.823783, ""target_kind"": ""committed_oblique""}, {""element_id"": ""f46b4d89-ae67-405c-af8b-eb7396b06ef8::roof-oblique::oblique:0"", ""orientation_support_score"": 0.750599, ""target_kind"": ""committed_oblique""}]"
f932e0d3-b002-4f89-97e7-ec54d4703506,2,2,2,0,"[{""element_id"": ""f932e0d3-b002-4f89-97e7-ec54d4703506::ceiling-oblique::ceiling-oblique:1"", ""retention_support_score"": 0.985963, ""target_kind"": ""candidate_oblique""}, {""element_id"": ""f932e0d3-b002-4f89-97e7-ec54d4703506::roof-oblique::oblique:1"", ""retention_support_score"": 0.964716, ""target_kind"": ""committed_oblique""}, {""element_id"": ""f932e0d3-b002-4f89-97e7-ec54d4703506::ceiling-oblique::ceiling-oblique:0"", ""retention_support_score"": 0.846209, ""target_kind"": ""candidate_oblique""}]","[{""element_id"": ""f932e0d3-b002-4f89-97e7-ec54d4703506::ceiling-oblique::ceiling-oblique:1"", ""orientation_support_score"": 0.992955, ""target_kind"": ""candidate_oblique""}, {""element_id"": ""f932e0d3-b002-4f89-97e7-ec54d4703506::roof-oblique::oblique:1"", ""orientation_support_score"": 0.924466, ""target_kind"": ""committed_oblique""}, {""element_id"": ""f932e0d3-b002-4f89-97e7-ec54d4703506::ceiling-oblique::ceiling-oblique:0"", ""orientation_support_score"": 0.89275, ""target_kind"": ""candidate_oblique""}]"
fa45599d-b1aa-4d6d-b4b4-2c823108398f,0,1,1,0,"[{""element_id"": ""fa45599d-b1aa-4d6d-b4b4-2c823108398f::ceiling-oblique::ceiling-oblique:0"", ""retention_support_score"": 0.890623, ""target_kind"": ""candidate_oblique""}, {""element_id"": ""fa45599d-b1aa-4d6d-b4b4-2c823108398f::ridge-eave-candidate::plane-group::0eafccc8b9d4"", ""retention_support_score"": 0.788917, ""target_kind"": ""ridge_eave_plane_group""}, {""element_id"": ""fa45599d-b1aa-4d6d-b4b4-2c823108398f::ridge-eave-candidate::plane-group::a1fecded8230"", ""retention_support_score"": 0.788591, ""target_kind"": ""ridge_eave_plane_group""}]","[{""element_id"": ""fa45599d-b1aa-4d6d-b4b4-2c823108398f::ceiling-oblique::ceiling-oblique:0"", ""orientation_support_score"": 0.861366, ""target_kind"": ""candidate_oblique""}, {""element_id"": ""fa45599d-b1aa-4d6d-b4b4-2c823108398f::ridge-eave-candidate::plane-group::0eafccc8b9d4"", ""orientation_support_score"": 0.833565, ""target_kind"": ""ridge_eave_plane_group""}, {""element_id"": ""fa45599d-b1aa-4d6d-b4b4-2c823108398f::ridge-eave-candidate::plane-group::a1fecded8230"", ""orientation_support_score"": 0.832751, ""target_kind"": ""ridge_eave_plane_group""}]"
fb279aa5-092f-4146-83ff-b557415e7ba4,0,3,3,0,"[{""element_id"": ""fb279aa5-092f-4146-83ff-b557415e7ba4::ceiling-oblique::ceiling-oblique:2"", ""retention_support_score"": 0.999998, ""target_kind"": ""candidate_oblique""}, {""element_id"": ""fb279aa5-092f-4146-83ff-b557415e7ba4::ceiling-oblique::ceiling-oblique:1"", ""retention_support_score"": 0.998829, ""target_kind"": ""candidate_oblique""}, {""element_id"": ""fb279aa5-092f-4146-83ff-b557415e7ba4::roof-oblique::oblique:2"", ""retention_support_score"": 0.986787, ""target_kind"": ""committed_oblique""}]","[{""element_id"": ""fb279aa5-092f-4146-83ff-b557415e7ba4::ceiling-oblique::ceiling-oblique:2"", ""orientation_support_score"": 0.999999, ""target_kind"": ""candidate_oblique""}, {""element_id"": ""fb279aa5-092f-4146-83ff-b557415e7ba4::ceiling-oblique::ceiling-oblique:1"", ""orientation_support_score"": 0.999414, ""target_kind"": ""candidate_oblique""}, {""element_id"": ""fb279aa5-092f-4146-83ff-b557415e7ba4::roof-oblique::oblique:2"", ""orientation_support_score"": 0.982864, ""target_kind"": ""committed_oblique""}]"
fe829d59-c9f1-4194-a40b-39600a4f27b6,1,0,0,0,"[{""element_id"": ""fe829d59-c9f1-4194-a40b-39600a4f27b6::ridge-eave-candidate::plane-group::d4d7313524f0"", ""retention_support_score"": 0.666967, ""target_kind"": ""ridge_eave_plane_group""}, {""element_id"": ""fe829d59-c9f1-4194-a40b-39600a4f27b6::ridge-eave-candidate::plane-group::39aad5547e30"", ""retention_support_score"": 0.666006, ""target_kind"": ""ridge_eave_plane_group""}]","[{""element_id"": ""fe829d59-c9f1-4194-a40b-39600a4f27b6::ridge-eave-candidate::plane-group::d4d7313524f0"", ""orientation_support_score"": 0.723141, ""target_kind"": ""ridge_eave_plane_group""}, {""element_id"": ""fe829d59-c9f1-4194-a40b-39600a4f27b6::ridge-eave-candidate::plane-group::39aad5547e30"", ""orientation_support_score"": 0.72074, ""target_kind"": ""ridge_eave_plane_group""}]"
fe829d59-c9f1-4194-a40b-39600a4f27b6,2,2,2,0,"[{""element_id"": ""fe829d59-c9f1-4194-a40b-39600a4f27b6::ceiling-oblique::ceiling-oblique:1"", ""retention_support_score"": 0.939852, ""target_kind"": ""candidate_oblique""}, {""element_id"": ""fe829d59-c9f1-4194-a40b-39600a4f27b6::roof-oblique::oblique:1"", ""retention_support_score"": 0.856708, ""target_kind"": ""committed_oblique""}, {""element_id"": ""fe829d59-c9f1-4194-a40b-39600a4f27b6::roof-oblique::oblique:0"", ""retention_support_score"": 0.819539, ""target_kind"": ""committed_oblique""}]","[{""element_id"": ""fe829d59-c9f1-4194-a40b-39600a4f27b6::ceiling-oblique::ceiling-oblique:1"", ""orientation_support_score"": 0.932358, ""target_kind"": ""candidate_oblique""}, {""element_id"": ""fe829d59-c9f1-4194-a40b-39600a4f27b6::ceiling-oblique::ceiling-oblique:0"", ""orientation_support_score"": 0.886591, ""target_kind"": ""candidate_oblique""}, {""element_id"": ""fe829d59-c9f1-4194-a40b-39600a4f27b6::roof-oblique::oblique:1"", ""orientation_support_score"": 0.837472, ""target_kind"": ""committed_oblique""}]"
feccbd0c-0420-4775-b5b7-49b99559947e,0,0,0,0,"[{""element_id"": ""feccbd0c-0420-4775-b5b7-49b99559947e::ridge-eave-candidate::plane-group::1fedfaa0ad89"", ""retention_support_score"": 0.958497, ""target_kind"": ""ridge_eave_plane_group""}, {""element_id"": ""feccbd0c-0420-4775-b5b7-49b99559947e::ridge-eave-candidate::plane-group::84834b62185d"", ""retention_support_score"": 0.948803, ""target_kind"": ""ridge_eave_plane_group""}]","[{""element_id"": ""feccbd0c-0420-4775-b5b7-49b99559947e::ridge-eave-candidate::plane-group::1fedfaa0ad89"", ""orientation_support_score"": 0.957348, ""target_kind"": ""ridge_eave_plane_group""}, {""element_id"": ""feccbd0c-0420-4775-b5b7-49b99559947e::ridge-eave-candidate::plane-group::84834b62185d"", ""orientation_support_score"": 0.933112, ""target_kind"": ""ridge_eave_plane_group""}]"
