uuid,surface_kind,surface_index,story,element_id,surface_area_m2,surface_y_max,overextend_fraction_xz,overextend_y_m,raw_y_max,n_overlapping_planes,n_overlapping_rooms
016980bc-6762-4022-bfbf-17df4112e10c,oblique,0,2,016980bc-6762-4022-bfbf-17df4112e10c::roof-oblique::oblique:0,20.601,2.382,0.004,1.427,0.955,10,8
016980bc-6762-4022-bfbf-17df4112e10c,flat,1,2,016980bc-6762-4022-bfbf-17df4112e10c::roof-flat::flat:1,12.646,0.955,0.0,-0.004,0.959,7,5
016980bc-6762-4022-bfbf-17df4112e10c,flat,2,2,016980bc-6762-4022-bfbf-17df4112e10c::roof-flat::flat:2,15.898,0.924,0.0,-0.003,0.927,16,7
019e1376-9762-42d6-8520-b664b8c752df,oblique,0,1,019e1376-9762-42d6-8520-b664b8c752df::roof-oblique::oblique:0,40.566,1.926,0.027,1.007,0.919,5,2
019e1376-9762-42d6-8520-b664b8c752df,oblique,1,1,019e1376-9762-42d6-8520-b664b8c752df::roof-oblique::oblique:1,43.128,1.926,0.058,0.962,0.964,10,6
019e1376-9762-42d6-8520-b664b8c752df,flat,0,1,019e1376-9762-42d6-8520-b664b8c752df::roof-flat::flat:0,44.032,0.919,0.0,-0.003,0.922,4,1
019e1376-9762-42d6-8520-b664b8c752df,flat,1,1,019e1376-9762-42d6-8520-b664b8c752df::roof-flat::flat:1,3.61,0.925,0.001,-0.007,0.932,2,1
019e1376-9762-42d6-8520-b664b8c752df,flat,2,1,019e1376-9762-42d6-8520-b664b8c752df::roof-flat::flat:2,19.335,0.777,0.0,-0.0,0.777,3,1
019e1376-9762-42d6-8520-b664b8c752df,flat,3,0,019e1376-9762-42d6-8520-b664b8c752df::roof-flat::flat:3,2.504,0.768,0.0,1.267,-0.499,1,1
019e1376-9762-42d6-8520-b664b8c752df,flat,4,1,019e1376-9762-42d6-8520-b664b8c752df::roof-flat::flat:4,15.419,0.956,0.217,-0.008,0.964,4,2
0430ebc2-236b-4b5d-991f-3e97ad246b78,flat,0,0,0430ebc2-236b-4b5d-991f-3e97ad246b78::roof-flat::flat:0,12.7,0.987,0.194,0.068,0.919,1,1
0430ebc2-236b-4b5d-991f-3e97ad246b78,flat,1,0,0430ebc2-236b-4b5d-991f-3e97ad246b78::roof-flat::flat:1,9.285,1.017,0.0,0.0,1.017,1,1
0430ebc2-236b-4b5d-991f-3e97ad246b78,flat,2,0,0430ebc2-236b-4b5d-991f-3e97ad246b78::roof-flat::flat:2,46.122,1.023,0.0,0.0,1.023,1,1
0430ebc2-236b-4b5d-991f-3e97ad246b78,flat,3,0,0430ebc2-236b-4b5d-991f-3e97ad246b78::roof-flat::flat:3,12.998,0.987,0.0,0.049,0.938,1,1
0430ebc2-236b-4b5d-991f-3e97ad246b78,flat,4,0,0430ebc2-236b-4b5d-991f-3e97ad246b78::roof-flat::flat:4,3.709,0.987,0.0,0.044,0.943,1,1
0430ebc2-236b-4b5d-991f-3e97ad246b78,flat,5,0,0430ebc2-236b-4b5d-991f-3e97ad246b78::roof-flat::flat:5,9.084,1.008,0.131,-0.0,1.008,1,1
0430ebc2-236b-4b5d-991f-3e97ad246b78,flat,6,0,0430ebc2-236b-4b5d-991f-3e97ad246b78::roof-flat::flat:6,8.0,1.009,0.0,0.0,1.009,2,1
0430ebc2-236b-4b5d-991f-3e97ad246b78,flat,7,0,0430ebc2-236b-4b5d-991f-3e97ad246b78::roof-flat::flat:7,10.786,0.987,0.0,0.095,0.892,1,1
05cecad4-119e-4dd2-beaf-d4af36973644,flat,0,0,05cecad4-119e-4dd2-beaf-d4af36973644::roof-flat::flat:0,8.707,1.152,0.0,-0.0,1.152,1,1
05cecad4-119e-4dd2-beaf-d4af36973644,flat,1,0,05cecad4-119e-4dd2-beaf-d4af36973644::roof-flat::flat:1,3.021,1.144,0.0,0.017,1.127,1,1
05cecad4-119e-4dd2-beaf-d4af36973644,flat,2,0,05cecad4-119e-4dd2-beaf-d4af36973644::roof-flat::flat:2,7.316,1.153,0.0,0.0,1.153,1,1
05cecad4-119e-4dd2-beaf-d4af36973644,flat,3,0,05cecad4-119e-4dd2-beaf-d4af36973644::roof-flat::flat:3,8.603,1.144,0.0,0.02,1.124,1,1
05cecad4-119e-4dd2-beaf-d4af36973644,flat,4,0,05cecad4-119e-4dd2-beaf-d4af36973644::roof-flat::flat:4,8.52,1.144,0.252,0.035,1.109,1,1
05cecad4-119e-4dd2-beaf-d4af36973644,flat,5,0,05cecad4-119e-4dd2-beaf-d4af36973644::roof-flat::flat:5,31.293,1.144,0.0,0.013,1.131,1,1
05cecad4-119e-4dd2-beaf-d4af36973644,flat,6,0,05cecad4-119e-4dd2-beaf-d4af36973644::roof-flat::flat:6,4.857,1.167,0.001,-0.016,1.183,2,1
0a5032e9-85a0-4970-9143-c430bbdaa0f5,oblique,0,0,0a5032e9-85a0-4970-9143-c430bbdaa0f5::roof-oblique::oblique:0,45.184,1.334,0.018,0.016,1.318,4,3
0a5032e9-85a0-4970-9143-c430bbdaa0f5,oblique,1,0,0a5032e9-85a0-4970-9143-c430bbdaa0f5::roof-oblique::oblique:1,80.363,1.334,0.025,0.016,1.318,9,6
0a5032e9-85a0-4970-9143-c430bbdaa0f5,flat,0,0,0a5032e9-85a0-4970-9143-c430bbdaa0f5::roof-flat::flat:0,21.049,1.283,0.0,0.564,0.719,1,1
0a5032e9-85a0-4970-9143-c430bbdaa0f5,flat,1,0,0a5032e9-85a0-4970-9143-c430bbdaa0f5::roof-flat::flat:1,5.535,0.793,0.025,0.038,0.755,1,1
0a5032e9-85a0-4970-9143-c430bbdaa0f5,flat,2,0,0a5032e9-85a0-4970-9143-c430bbdaa0f5::roof-flat::flat:2,43.443,1.328,0.001,0.01,1.318,3,1
0a5032e9-85a0-4970-9143-c430bbdaa0f5,flat,3,0,0a5032e9-85a0-4970-9143-c430bbdaa0f5::roof-flat::flat:3,18.889,0.814,0.0,0.0,0.814,2,1
0a5032e9-85a0-4970-9143-c430bbdaa0f5,flat,4,0,0a5032e9-85a0-4970-9143-c430bbdaa0f5::roof-flat::flat:4,11.918,0.828,0.0,0.0,0.828,1,1
0a5032e9-85a0-4970-9143-c430bbdaa0f5,flat,5,0,0a5032e9-85a0-4970-9143-c430bbdaa0f5::roof-flat::flat:5,3.701,0.833,0.0,-0.0,0.833,1,1
0a5032e9-85a0-4970-9143-c430bbdaa0f5,flat,6,0,0a5032e9-85a0-4970-9143-c430bbdaa0f5::roof-flat::flat:6,8.65,1.283,0.0,0.483,0.8,1,1
0b75d30e-c50c-4fc6-88ff-fce983078aa4,oblique,0,1,0b75d30e-c50c-4fc6-88ff-fce983078aa4::roof-oblique::oblique:0,24.053,5.913,0.003,-0.054,5.967,19,3
0b75d30e-c50c-4fc6-88ff-fce983078aa4,oblique,1,1,0b75d30e-c50c-4fc6-88ff-fce983078aa4::roof-oblique::oblique:1,19.868,5.913,0.0,-0.054,5.967,14,3
0b75d30e-c50c-4fc6-88ff-fce983078aa4,flat,2,0,0b75d30e-c50c-4fc6-88ff-fce983078aa4::roof-flat::flat:2,6.423,1.408,0.045,-0.024,1.432,3,1
0b75d30e-c50c-4fc6-88ff-fce983078aa4,flat,3,0,0b75d30e-c50c-4fc6-88ff-fce983078aa4::roof-flat::flat:3,8.618,1.435,0.0,0.0,1.435,1,1
0ce3ac3a-93ce-4ac0-9704-3cf7d31a636d,flat,0,0,0ce3ac3a-93ce-4ac0-9704-3cf7d31a636d::roof-flat::flat:0,8.506,1.615,0.001,0.458,1.157,1,1
0ce3ac3a-93ce-4ac0-9704-3cf7d31a636d,flat,1,0,0ce3ac3a-93ce-4ac0-9704-3cf7d31a636d::roof-flat::flat:1,23.593,1.615,0.0,0.477,1.138,1,1
0ce3ac3a-93ce-4ac0-9704-3cf7d31a636d,flat,2,0,0ce3ac3a-93ce-4ac0-9704-3cf7d31a636d::roof-flat::flat:2,6.541,1.615,0.171,0.0,1.615,5,1
0ce3ac3a-93ce-4ac0-9704-3cf7d31a636d,flat,3,0,0ce3ac3a-93ce-4ac0-9704-3cf7d31a636d::roof-flat::flat:3,12.809,1.615,0.008,0.467,1.148,1,1
0ce3ac3a-93ce-4ac0-9704-3cf7d31a636d,flat,4,0,0ce3ac3a-93ce-4ac0-9704-3cf7d31a636d::roof-flat::flat:4,7.058,1.145,0.045,0.432,0.713,1,1
0ce3ac3a-93ce-4ac0-9704-3cf7d31a636d,flat,5,0,0ce3ac3a-93ce-4ac0-9704-3cf7d31a636d::roof-flat::flat:5,5.223,0.853,0.0,0.0,0.853,2,1
0d3f2993-8386-4130-8f1c-b2938c410828,oblique,0,1,0d3f2993-8386-4130-8f1c-b2938c410828::roof-oblique::oblique:0,11.996,5.449,0.0,2.289,3.16,12,4
0d3f2993-8386-4130-8f1c-b2938c410828,oblique,1,1,0d3f2993-8386-4130-8f1c-b2938c410828::roof-oblique::oblique:1,12.045,5.449,0.005,2.27,3.179,12,6
0d3f2993-8386-4130-8f1c-b2938c410828,oblique,2,1,0d3f2993-8386-4130-8f1c-b2938c410828::roof-oblique::oblique:2,0.977,3.913,0.006,0.732,3.18,4,2
0d3f2993-8386-4130-8f1c-b2938c410828,flat,0,1,0d3f2993-8386-4130-8f1c-b2938c410828::roof-flat::flat:0,38.55,3.079,0.0,-0.047,3.127,9,4
0d3f2993-8386-4130-8f1c-b2938c410828,flat,1,1,0d3f2993-8386-4130-8f1c-b2938c410828::roof-flat::flat:1,26.916,3.131,0.0,-0.004,3.135,18,7
0d3f2993-8386-4130-8f1c-b2938c410828,flat,2,1,0d3f2993-8386-4130-8f1c-b2938c410828::roof-flat::flat:2,9.267,3.126,0.0,-0.002,3.128,3,2
0d3f2993-8386-4130-8f1c-b2938c410828,flat,3,1,0d3f2993-8386-4130-8f1c-b2938c410828::roof-flat::flat:3,4.797,3.178,0.0,-0.001,3.179,4,2
0d3f2993-8386-4130-8f1c-b2938c410828,flat,4,1,0d3f2993-8386-4130-8f1c-b2938c410828::roof-flat::flat:4,12.653,3.18,0.001,-0.0,3.18,8,2
0f911051-6084-4f0d-8f9a-24fc5b20f6ff,flat,0,0,0f911051-6084-4f0d-8f9a-24fc5b20f6ff::roof-flat::flat:0,50.69,0.709,0.0,0.159,0.55,1,1
0f911051-6084-4f0d-8f9a-24fc5b20f6ff,flat,1,0,0f911051-6084-4f0d-8f9a-24fc5b20f6ff::roof-flat::flat:1,70.544,0.709,0.116,0.04,0.669,2,2
0f911051-6084-4f0d-8f9a-24fc5b20f6ff,flat,2,0,0f911051-6084-4f0d-8f9a-24fc5b20f6ff::roof-flat::flat:2,6.552,0.709,0.0,0.083,0.626,1,1
0f911051-6084-4f0d-8f9a-24fc5b20f6ff,flat,3,0,0f911051-6084-4f0d-8f9a-24fc5b20f6ff::roof-flat::flat:3,18.855,0.709,0.0,0.038,0.671,1,1
0f911051-6084-4f0d-8f9a-24fc5b20f6ff,flat,4,0,0f911051-6084-4f0d-8f9a-24fc5b20f6ff::roof-flat::flat:4,9.301,0.709,0.0,0.055,0.654,1,1
0f911051-6084-4f0d-8f9a-24fc5b20f6ff,flat,5,0,0f911051-6084-4f0d-8f9a-24fc5b20f6ff::roof-flat::flat:5,5.833,0.709,0.0,0.04,0.669,1,1
0f911051-6084-4f0d-8f9a-24fc5b20f6ff,flat,6,0,0f911051-6084-4f0d-8f9a-24fc5b20f6ff::roof-flat::flat:6,10.646,0.709,0.0,0.017,0.692,2,1
0f911051-6084-4f0d-8f9a-24fc5b20f6ff,flat,7,0,0f911051-6084-4f0d-8f9a-24fc5b20f6ff::roof-flat::flat:7,16.041,0.798,0.0,-0.0,0.798,2,1
0f911051-6084-4f0d-8f9a-24fc5b20f6ff,flat,8,0,0f911051-6084-4f0d-8f9a-24fc5b20f6ff::roof-flat::flat:8,13.707,0.789,0.008,0.0,0.789,1,1
0f911051-6084-4f0d-8f9a-24fc5b20f6ff,flat,9,0,0f911051-6084-4f0d-8f9a-24fc5b20f6ff::roof-flat::flat:9,10.895,0.777,0.14,-0.0,0.777,1,1
0f911051-6084-4f0d-8f9a-24fc5b20f6ff,flat,10,0,0f911051-6084-4f0d-8f9a-24fc5b20f6ff::roof-flat::flat:10,11.725,0.752,0.0,-0.0,0.752,1,1
0f911051-6084-4f0d-8f9a-24fc5b20f6ff,flat,11,0,0f911051-6084-4f0d-8f9a-24fc5b20f6ff::roof-flat::flat:11,39.507,0.709,0.0,-0.043,0.752,1,1
0fe789ce-e653-4828-863c-0f6ce7fee21d,oblique,0,1,0fe789ce-e653-4828-863c-0f6ce7fee21d::roof-oblique::oblique:0,29.073,4.563,0.008,1.08,3.483,14,6
0fe789ce-e653-4828-863c-0f6ce7fee21d,oblique,1,1,0fe789ce-e653-4828-863c-0f6ce7fee21d::roof-oblique::oblique:1,25.787,4.559,0.001,1.076,3.483,15,5
107e8496-9bff-42bb-b776-720f44b70e55,oblique,0,0,107e8496-9bff-42bb-b776-720f44b70e55::roof-oblique::oblique:0,16.34,1.471,0.018,0.123,1.348,4,4
107e8496-9bff-42bb-b776-720f44b70e55,flat,0,0,107e8496-9bff-42bb-b776-720f44b70e55::roof-flat::flat:0,10.498,1.3,0.0,0.014,1.286,1,1
107e8496-9bff-42bb-b776-720f44b70e55,flat,1,0,107e8496-9bff-42bb-b776-720f44b70e55::roof-flat::flat:1,22.933,1.3,0.0,0.005,1.295,1,1
107e8496-9bff-42bb-b776-720f44b70e55,flat,2,0,107e8496-9bff-42bb-b776-720f44b70e55::roof-flat::flat:2,9.256,1.3,0.0,0.004,1.296,1,1
107e8496-9bff-42bb-b776-720f44b70e55,flat,3,0,107e8496-9bff-42bb-b776-720f44b70e55::roof-flat::flat:3,3.574,1.3,0.0,0.036,1.264,1,1
107e8496-9bff-42bb-b776-720f44b70e55,flat,4,0,107e8496-9bff-42bb-b776-720f44b70e55::roof-flat::flat:4,10.407,1.3,0.23,0.034,1.266,1,1
107e8496-9bff-42bb-b776-720f44b70e55,flat,5,0,107e8496-9bff-42bb-b776-720f44b70e55::roof-flat::flat:5,12.545,1.3,0.0,0.014,1.286,1,1
107e8496-9bff-42bb-b776-720f44b70e55,flat,6,0,107e8496-9bff-42bb-b776-720f44b70e55::roof-flat::flat:6,13.585,1.3,0.0,0.05,1.25,1,1
107e8496-9bff-42bb-b776-720f44b70e55,flat,7,0,107e8496-9bff-42bb-b776-720f44b70e55::roof-flat::flat:7,2.169,0.694,0.116,-0.0,0.694,1,1
10d27382-8fce-456b-897d-3d5194ff5de5,flat,0,1,10d27382-8fce-456b-897d-3d5194ff5de5::roof-flat::flat:0,6.13,2.616,0.0,-0.0,2.616,1,1
10d27382-8fce-456b-897d-3d5194ff5de5,flat,1,1,10d27382-8fce-456b-897d-3d5194ff5de5::roof-flat::flat:1,25.111,2.584,0.056,0.013,2.571,1,1
10d27382-8fce-456b-897d-3d5194ff5de5,flat,2,1,10d27382-8fce-456b-897d-3d5194ff5de5::roof-flat::flat:2,4.76,2.584,0.063,0.127,2.457,1,1
10d27382-8fce-456b-897d-3d5194ff5de5,flat,3,1,10d27382-8fce-456b-897d-3d5194ff5de5::roof-flat::flat:3,7.231,2.584,0.087,0.128,2.456,1,1
10d27382-8fce-456b-897d-3d5194ff5de5,flat,4,1,10d27382-8fce-456b-897d-3d5194ff5de5::roof-flat::flat:4,4.891,2.584,0.0,0.071,2.513,1,1
10d27382-8fce-456b-897d-3d5194ff5de5,flat,5,1,10d27382-8fce-456b-897d-3d5194ff5de5::roof-flat::flat:5,10.167,2.584,0.188,0.029,2.555,1,1
10d27382-8fce-456b-897d-3d5194ff5de5,flat,6,0,10d27382-8fce-456b-897d-3d5194ff5de5::roof-flat::flat:6,4.886,2.584,0.0,-0.034,2.618,2,2
117d172e-00d6-436e-8df2-050f25977602,oblique,0,1,117d172e-00d6-436e-8df2-050f25977602::roof-oblique::oblique:0,27.689,1.934,0.007,1.099,0.835,11,7
117d172e-00d6-436e-8df2-050f25977602,oblique,1,1,117d172e-00d6-436e-8df2-050f25977602::roof-oblique::oblique:1,28.214,1.934,0.029,1.11,0.824,40,7
121ff4c2-ec13-46b8-b557-b31775259e5d,flat,0,0,121ff4c2-ec13-46b8-b557-b31775259e5d::roof-flat::flat:0,6.219,0.824,0.038,0.141,0.683,1,1
121ff4c2-ec13-46b8-b557-b31775259e5d,flat,1,0,121ff4c2-ec13-46b8-b557-b31775259e5d::roof-flat::flat:1,35.358,0.824,0.0,0.063,0.761,1,1
121ff4c2-ec13-46b8-b557-b31775259e5d,flat,2,0,121ff4c2-ec13-46b8-b557-b31775259e5d::roof-flat::flat:2,8.276,1.715,0.126,0.903,0.812,1,1
121ff4c2-ec13-46b8-b557-b31775259e5d,flat,3,0,121ff4c2-ec13-46b8-b557-b31775259e5d::roof-flat::flat:3,4.222,1.714,0.186,-0.0,1.714,1,1
121ff4c2-ec13-46b8-b557-b31775259e5d,flat,4,0,121ff4c2-ec13-46b8-b557-b31775259e5d::roof-flat::flat:4,6.901,1.715,0.0,0.864,0.851,1,1
121ff4c2-ec13-46b8-b557-b31775259e5d,flat,5,0,121ff4c2-ec13-46b8-b557-b31775259e5d::roof-flat::flat:5,10.47,0.882,0.0,-0.0,0.882,1,1
121ff4c2-ec13-46b8-b557-b31775259e5d,flat,6,0,121ff4c2-ec13-46b8-b557-b31775259e5d::roof-flat::flat:6,7.23,0.892,0.0,0.0,0.892,1,1
146ecf8b-ffa1-4239-ba58-040b61861fd9,oblique,2,1,146ecf8b-ffa1-4239-ba58-040b61861fd9::roof-oblique::oblique:2,16.369,2.944,0.002,1.107,1.837,16,5
146ecf8b-ffa1-4239-ba58-040b61861fd9,oblique,3,1,146ecf8b-ffa1-4239-ba58-040b61861fd9::roof-oblique::oblique:3,25.008,2.944,0.01,1.91,1.034,9,5
146ecf8b-ffa1-4239-ba58-040b61861fd9,flat,2,0,146ecf8b-ffa1-4239-ba58-040b61861fd9::roof-flat::flat:2,10.89,-2.501,0.013,-0.0,-2.501,1,1
16784bad-2cd9-4f4c-bb26-60355981cfe2,oblique,0,1,16784bad-2cd9-4f4c-bb26-60355981cfe2::roof-oblique::oblique:0,26.062,4.815,0.003,1.136,3.679,13,6
16784bad-2cd9-4f4c-bb26-60355981cfe2,oblique,1,1,16784bad-2cd9-4f4c-bb26-60355981cfe2::roof-oblique::oblique:1,27.112,4.815,0.0,1.136,3.679,18,8
16784bad-2cd9-4f4c-bb26-60355981cfe2,oblique,2,1,16784bad-2cd9-4f4c-bb26-60355981cfe2::roof-oblique::oblique:2,5.123,4.771,0.004,1.066,3.705,13,4
16784bad-2cd9-4f4c-bb26-60355981cfe2,oblique,3,1,16784bad-2cd9-4f4c-bb26-60355981cfe2::roof-oblique::oblique:3,3.701,4.773,0.0,1.098,3.675,6,3
1825a812-09d0-4407-9265-182a07053cfc,flat,0,0,1825a812-09d0-4407-9265-182a07053cfc::roof-flat::flat:0,11.012,0.817,0.0,0.067,0.75,1,1
1825a812-09d0-4407-9265-182a07053cfc,flat,1,0,1825a812-09d0-4407-9265-182a07053cfc::roof-flat::flat:1,7.771,0.817,0.0,0.066,0.751,1,1
1825a812-09d0-4407-9265-182a07053cfc,flat,2,0,1825a812-09d0-4407-9265-182a07053cfc::roof-flat::flat:2,11.245,0.817,0.0,0.05,0.767,1,1
1825a812-09d0-4407-9265-182a07053cfc,flat,3,0,1825a812-09d0-4407-9265-182a07053cfc::roof-flat::flat:3,7.363,0.817,0.0,0.072,0.745,1,1
1825a812-09d0-4407-9265-182a07053cfc,flat,4,0,1825a812-09d0-4407-9265-182a07053cfc::roof-flat::flat:4,13.376,0.817,0.049,0.058,0.759,1,1
1825a812-09d0-4407-9265-182a07053cfc,flat,5,0,1825a812-09d0-4407-9265-182a07053cfc::roof-flat::flat:5,13.144,0.817,0.0,-0.001,0.818,2,2
1825a812-09d0-4407-9265-182a07053cfc,flat,6,0,1825a812-09d0-4407-9265-182a07053cfc::roof-flat::flat:6,5.02,0.817,0.0,0.043,0.774,1,1
1825a812-09d0-4407-9265-182a07053cfc,flat,7,0,1825a812-09d0-4407-9265-182a07053cfc::roof-flat::flat:7,6.72,0.818,0.0,0.0,0.818,1,1
1825a812-09d0-4407-9265-182a07053cfc,flat,8,0,1825a812-09d0-4407-9265-182a07053cfc::roof-flat::flat:8,6.07,0.817,0.205,0.029,0.788,1,1
1825a812-09d0-4407-9265-182a07053cfc,flat,9,0,1825a812-09d0-4407-9265-182a07053cfc::roof-flat::flat:9,33.91,0.894,0.016,0.0,0.894,4,1
1900be91-8684-4316-98e2-c4fef6e6296f,oblique,0,1,1900be91-8684-4316-98e2-c4fef6e6296f::roof-oblique::oblique:0,57.486,5.283,0.003,-0.012,5.295,39,8
1900be91-8684-4316-98e2-c4fef6e6296f,oblique,1,1,1900be91-8684-4316-98e2-c4fef6e6296f::roof-oblique::oblique:1,28.35,5.283,0.01,0.009,5.274,18,4
1900be91-8684-4316-98e2-c4fef6e6296f,flat,2,0,1900be91-8684-4316-98e2-c4fef6e6296f::roof-flat::flat:2,15.659,1.358,0.097,0.0,1.358,1,1
1900be91-8684-4316-98e2-c4fef6e6296f,flat,4,0,1900be91-8684-4316-98e2-c4fef6e6296f::roof-flat::flat:4,12.848,1.077,0.0,0.197,0.88,4,1
191e11c0-fd47-489c-9e3d-c8072713a761,flat,0,0,191e11c0-fd47-489c-9e3d-c8072713a761::roof-flat::flat:0,9.819,1.265,0.096,0.0,1.265,1,1
191e11c0-fd47-489c-9e3d-c8072713a761,flat,1,0,191e11c0-fd47-489c-9e3d-c8072713a761::roof-flat::flat:1,38.91,1.259,0.0,0.004,1.255,1,1
191e11c0-fd47-489c-9e3d-c8072713a761,flat,2,0,191e11c0-fd47-489c-9e3d-c8072713a761::roof-flat::flat:2,10.708,1.259,0.212,0.004,1.255,1,1
191e11c0-fd47-489c-9e3d-c8072713a761,flat,3,0,191e11c0-fd47-489c-9e3d-c8072713a761::roof-flat::flat:3,11.052,1.26,0.024,-0.0,1.26,2,1
191e11c0-fd47-489c-9e3d-c8072713a761,flat,4,0,191e11c0-fd47-489c-9e3d-c8072713a761::roof-flat::flat:4,3.464,1.259,0.0,0.008,1.25,1,1
191e11c0-fd47-489c-9e3d-c8072713a761,flat,5,0,191e11c0-fd47-489c-9e3d-c8072713a761::roof-flat::flat:5,6.023,1.259,0.0,0.01,1.249,1,1
193c3c70-2271-4c42-ab2c-586e1d64d4cb,flat,0,0,193c3c70-2271-4c42-ab2c-586e1d64d4cb::roof-flat::flat:0,50.274,0.719,0.027,0.008,0.711,1,1
193c3c70-2271-4c42-ab2c-586e1d64d4cb,flat,1,0,193c3c70-2271-4c42-ab2c-586e1d64d4cb::roof-flat::flat:1,7.6,0.719,0.0,0.006,0.713,1,1
193c3c70-2271-4c42-ab2c-586e1d64d4cb,flat,2,0,193c3c70-2271-4c42-ab2c-586e1d64d4cb::roof-flat::flat:2,9.51,0.719,0.0,0.005,0.714,1,1
193c3c70-2271-4c42-ab2c-586e1d64d4cb,flat,3,0,193c3c70-2271-4c42-ab2c-586e1d64d4cb::roof-flat::flat:3,7.638,0.719,0.0,0.012,0.707,1,1
193c3c70-2271-4c42-ab2c-586e1d64d4cb,flat,4,0,193c3c70-2271-4c42-ab2c-586e1d64d4cb::roof-flat::flat:4,11.664,0.742,0.0,0.0,0.742,1,1
19459014-f39b-4bf6-945e-c5b50930dea3,oblique,0,1,19459014-f39b-4bf6-945e-c5b50930dea3::roof-oblique::oblique:0,27.89,2.398,0.019,1.458,0.94,10,5
19459014-f39b-4bf6-945e-c5b50930dea3,oblique,1,1,19459014-f39b-4bf6-945e-c5b50930dea3::roof-oblique::oblique:1,24.058,2.398,0.061,1.433,0.966,11,9
19459014-f39b-4bf6-945e-c5b50930dea3,flat,0,0,19459014-f39b-4bf6-945e-c5b50930dea3::roof-flat::flat:0,54.74,-1.819,0.0,-0.0,-1.819,2,1
19459014-f39b-4bf6-945e-c5b50930dea3,flat,1,0,19459014-f39b-4bf6-945e-c5b50930dea3::roof-flat::flat:1,10.449,-1.843,0.225,0.105,-1.948,1,1
19459014-f39b-4bf6-945e-c5b50930dea3,flat,3,0,19459014-f39b-4bf6-945e-c5b50930dea3::roof-flat::flat:3,9.541,-1.843,0.0,0.026,-1.869,1,1
19bf6498-09eb-4c62-8fc8-8623942351ba,flat,0,0,19bf6498-09eb-4c62-8fc8-8623942351ba::roof-flat::flat:0,10.306,0.959,0.0,0.066,0.893,1,1
19bf6498-09eb-4c62-8fc8-8623942351ba,flat,1,0,19bf6498-09eb-4c62-8fc8-8623942351ba::roof-flat::flat:1,14.121,0.959,0.0,0.057,0.902,1,1
19bf6498-09eb-4c62-8fc8-8623942351ba,flat,2,0,19bf6498-09eb-4c62-8fc8-8623942351ba::roof-flat::flat:2,8.407,0.959,0.0,0.04,0.919,1,1
19bf6498-09eb-4c62-8fc8-8623942351ba,flat,3,0,19bf6498-09eb-4c62-8fc8-8623942351ba::roof-flat::flat:3,2.638,0.959,0.095,0.009,0.95,1,1
19bf6498-09eb-4c62-8fc8-8623942351ba,flat,4,0,19bf6498-09eb-4c62-8fc8-8623942351ba::roof-flat::flat:4,13.263,0.959,0.086,0.003,0.956,1,1
19bf6498-09eb-4c62-8fc8-8623942351ba,flat,5,0,19bf6498-09eb-4c62-8fc8-8623942351ba::roof-flat::flat:5,44.095,0.959,0.0,0.002,0.957,1,1
19bf6498-09eb-4c62-8fc8-8623942351ba,flat,6,0,19bf6498-09eb-4c62-8fc8-8623942351ba::roof-flat::flat:6,12.035,0.983,0.027,-0.0,0.983,1,1
19bf6498-09eb-4c62-8fc8-8623942351ba,flat,7,0,19bf6498-09eb-4c62-8fc8-8623942351ba::roof-flat::flat:7,6.124,1.004,0.0,-0.0,1.004,1,1
19bf6498-09eb-4c62-8fc8-8623942351ba,flat,8,0,19bf6498-09eb-4c62-8fc8-8623942351ba::roof-flat::flat:8,5.585,0.959,0.127,0.048,0.911,1,1
1a453338-ca2e-49d0-9bd2-da33c07fd348,flat,0,0,1a453338-ca2e-49d0-9bd2-da33c07fd348::roof-flat::flat:0,14.586,0.825,0.0,0.054,0.771,1,1
1a453338-ca2e-49d0-9bd2-da33c07fd348,flat,1,0,1a453338-ca2e-49d0-9bd2-da33c07fd348::roof-flat::flat:1,11.047,0.825,0.289,0.071,0.754,1,1
1a453338-ca2e-49d0-9bd2-da33c07fd348,flat,2,0,1a453338-ca2e-49d0-9bd2-da33c07fd348::roof-flat::flat:2,5.546,0.835,0.0,-0.0,0.835,1,1
1a453338-ca2e-49d0-9bd2-da33c07fd348,flat,3,0,1a453338-ca2e-49d0-9bd2-da33c07fd348::roof-flat::flat:3,16.614,0.849,0.0,0.0,0.849,1,1
1a453338-ca2e-49d0-9bd2-da33c07fd348,flat,4,0,1a453338-ca2e-49d0-9bd2-da33c07fd348::roof-flat::flat:4,10.908,0.936,0.134,0.0,0.936,1,1
1a453338-ca2e-49d0-9bd2-da33c07fd348,flat,5,0,1a453338-ca2e-49d0-9bd2-da33c07fd348::roof-flat::flat:5,5.604,0.863,0.0,-0.0,0.863,1,1
1a453338-ca2e-49d0-9bd2-da33c07fd348,flat,6,0,1a453338-ca2e-49d0-9bd2-da33c07fd348::roof-flat::flat:6,7.782,0.825,0.0,0.084,0.741,1,1
1a453338-ca2e-49d0-9bd2-da33c07fd348,flat,7,0,1a453338-ca2e-49d0-9bd2-da33c07fd348::roof-flat::flat:7,46.553,0.83,0.0,0.0,0.83,1,1
1d26eda3-c927-4cdf-a3b0-218036828a55,oblique,0,1,1d26eda3-c927-4cdf-a3b0-218036828a55::roof-oblique::oblique:0,18.812,1.138,0.043,0.316,0.822,6,3
1d26eda3-c927-4cdf-a3b0-218036828a55,oblique,1,1,1d26eda3-c927-4cdf-a3b0-218036828a55::roof-oblique::oblique:1,16.103,1.096,0.044,0.449,0.647,8,3
1d26eda3-c927-4cdf-a3b0-218036828a55,oblique,2,1,1d26eda3-c927-4cdf-a3b0-218036828a55::roof-oblique::oblique:2,12.187,1.096,0.02,0.446,0.65,14,3
1d26eda3-c927-4cdf-a3b0-218036828a55,flat,1,1,1d26eda3-c927-4cdf-a3b0-218036828a55::roof-flat::flat:1,14.102,0.706,0.0,-0.001,0.707,1,1
1d26eda3-c927-4cdf-a3b0-218036828a55,flat,2,1,1d26eda3-c927-4cdf-a3b0-218036828a55::roof-flat::flat:2,25.999,0.809,0.004,0.0,0.809,2,1
1d26eda3-c927-4cdf-a3b0-218036828a55,flat,4,1,1d26eda3-c927-4cdf-a3b0-218036828a55::roof-flat::flat:4,1.576,0.819,0.0,-0.0,0.819,1,1
1d26eda3-c927-4cdf-a3b0-218036828a55,flat,5,1,1d26eda3-c927-4cdf-a3b0-218036828a55::roof-flat::flat:5,24.047,0.822,0.0,0.0,0.822,3,3
1f03f6e0-dfe6-4b25-bb45-f44ad146c0a3,oblique,0,1,1f03f6e0-dfe6-4b25-bb45-f44ad146c0a3::roof-oblique::oblique:0,25.205,4.467,0.055,0.03,4.437,33,4
1f03f6e0-dfe6-4b25-bb45-f44ad146c0a3,oblique,1,1,1f03f6e0-dfe6-4b25-bb45-f44ad146c0a3::roof-oblique::oblique:1,42.62,4.49,0.028,-0.023,4.513,21,5
1f03f6e0-dfe6-4b25-bb45-f44ad146c0a3,flat,0,1,1f03f6e0-dfe6-4b25-bb45-f44ad146c0a3::roof-flat::flat:0,43.76,3.907,0.001,-0.018,3.925,51,10
1f03f6e0-dfe6-4b25-bb45-f44ad146c0a3,flat,1,1,1f03f6e0-dfe6-4b25-bb45-f44ad146c0a3::roof-flat::flat:1,11.082,3.066,0.123,0.115,2.951,4,1
1f03f6e0-dfe6-4b25-bb45-f44ad146c0a3,flat,3,1,1f03f6e0-dfe6-4b25-bb45-f44ad146c0a3::roof-flat::flat:3,1.766,3.153,0.0,0.0,3.153,2,2
1f03f6e0-dfe6-4b25-bb45-f44ad146c0a3,flat,4,1,1f03f6e0-dfe6-4b25-bb45-f44ad146c0a3::roof-flat::flat:4,2.224,3.14,0.0,0.001,3.139,3,3
1f03f6e0-dfe6-4b25-bb45-f44ad146c0a3,flat,5,1,1f03f6e0-dfe6-4b25-bb45-f44ad146c0a3::roof-flat::flat:5,3.38,3.173,0.0,-0.0,3.173,5,3
1f03f6e0-dfe6-4b25-bb45-f44ad146c0a3,flat,6,1,1f03f6e0-dfe6-4b25-bb45-f44ad146c0a3::roof-flat::flat:6,37.571,3.166,0.0,-0.0,3.166,3,3
1f03f6e0-dfe6-4b25-bb45-f44ad146c0a3,flat,7,1,1f03f6e0-dfe6-4b25-bb45-f44ad146c0a3::roof-flat::flat:7,30.652,3.074,0.083,0.014,3.059,3,3
1f03f6e0-dfe6-4b25-bb45-f44ad146c0a3,flat,8,1,1f03f6e0-dfe6-4b25-bb45-f44ad146c0a3::roof-flat::flat:8,15.858,3.103,0.0,0.0,3.103,7,3
1f03f6e0-dfe6-4b25-bb45-f44ad146c0a3,flat,9,1,1f03f6e0-dfe6-4b25-bb45-f44ad146c0a3::roof-flat::flat:9,15.165,3.06,0.166,-0.0,3.06,12,6
1f03f6e0-dfe6-4b25-bb45-f44ad146c0a3,flat,10,1,1f03f6e0-dfe6-4b25-bb45-f44ad146c0a3::roof-flat::flat:10,6.129,3.056,0.0,-0.001,3.057,6,3
1f03f6e0-dfe6-4b25-bb45-f44ad146c0a3,flat,11,1,1f03f6e0-dfe6-4b25-bb45-f44ad146c0a3::roof-flat::flat:11,22.646,3.086,0.0,0.026,3.059,12,2
1f03f6e0-dfe6-4b25-bb45-f44ad146c0a3,flat,12,1,1f03f6e0-dfe6-4b25-bb45-f44ad146c0a3::roof-flat::flat:12,47.228,3.075,0.013,0.0,3.075,8,4
1f03f6e0-dfe6-4b25-bb45-f44ad146c0a3,flat,13,1,1f03f6e0-dfe6-4b25-bb45-f44ad146c0a3::roof-flat::flat:13,4.987,3.074,0.001,-0.002,3.076,2,1
1f03f6e0-dfe6-4b25-bb45-f44ad146c0a3,flat,14,1,1f03f6e0-dfe6-4b25-bb45-f44ad146c0a3::roof-flat::flat:14,19.164,3.097,0.0,-0.0,3.097,4,2
21af2a12-2a29-44b5-b703-fbaa208996e9,oblique,0,1,21af2a12-2a29-44b5-b703-fbaa208996e9::roof-oblique::oblique:0,14.868,1.121,0.001,0.402,0.719,7,5
21af2a12-2a29-44b5-b703-fbaa208996e9,oblique,1,1,21af2a12-2a29-44b5-b703-fbaa208996e9::roof-oblique::oblique:1,17.09,1.121,0.003,0.385,0.736,13,7
21af2a12-2a29-44b5-b703-fbaa208996e9,oblique,2,1,21af2a12-2a29-44b5-b703-fbaa208996e9::roof-oblique::oblique:2,15.07,1.315,0.0,0.61,0.705,6,3
21af2a12-2a29-44b5-b703-fbaa208996e9,flat,0,0,21af2a12-2a29-44b5-b703-fbaa208996e9::roof-flat::flat:0,2.899,-1.717,0.0,0.0,-1.717,1,1
21af2a12-2a29-44b5-b703-fbaa208996e9,flat,1,1,21af2a12-2a29-44b5-b703-fbaa208996e9::roof-flat::flat:1,3.798,0.713,0.0,0.0,0.713,2,2
2388d90c-8cc9-4cca-b232-d658e184074d,oblique,0,1,2388d90c-8cc9-4cca-b232-d658e184074d::roof-oblique::oblique:0,33.938,4.563,0.044,1.364,3.199,16,11
2388d90c-8cc9-4cca-b232-d658e184074d,oblique,1,1,2388d90c-8cc9-4cca-b232-d658e184074d::roof-oblique::oblique:1,21.794,4.563,0.038,1.365,3.198,9,7
2388d90c-8cc9-4cca-b232-d658e184074d,flat,0,1,2388d90c-8cc9-4cca-b232-d658e184074d::roof-flat::flat:0,10.441,3.181,0.0,-0.018,3.199,7,3
2388d90c-8cc9-4cca-b232-d658e184074d,flat,1,1,2388d90c-8cc9-4cca-b232-d658e184074d::roof-flat::flat:1,11.044,3.184,0.0,0.0,3.184,4,3
2388d90c-8cc9-4cca-b232-d658e184074d,flat,2,0,2388d90c-8cc9-4cca-b232-d658e184074d::roof-flat::flat:2,4.706,0.961,0.0,0.0,0.961,1,1
2388d90c-8cc9-4cca-b232-d658e184074d,flat,5,0,2388d90c-8cc9-4cca-b232-d658e184074d::roof-flat::flat:5,2.497,1.009,0.0,0.0,1.009,1,1
2388d90c-8cc9-4cca-b232-d658e184074d,flat,7,0,2388d90c-8cc9-4cca-b232-d658e184074d::roof-flat::flat:7,11.794,1.02,0.081,0.0,1.02,1,1
2388d90c-8cc9-4cca-b232-d658e184074d,flat,8,0,2388d90c-8cc9-4cca-b232-d658e184074d::roof-flat::flat:8,12.187,1.039,0.0,0.0,1.039,1,1
2388d90c-8cc9-4cca-b232-d658e184074d,flat,9,0,2388d90c-8cc9-4cca-b232-d658e184074d::roof-flat::flat:9,14.181,1.011,0.0,-0.0,1.011,1,1
23cbb422-ada0-454d-8f91-30888256960d,flat,1,1,23cbb422-ada0-454d-8f91-30888256960d::roof-flat::flat:1,18.294,2.972,0.014,-0.0,2.972,1,1
23cbb422-ada0-454d-8f91-30888256960d,flat,2,1,23cbb422-ada0-454d-8f91-30888256960d::roof-flat::flat:2,10.265,4.074,0.0,1.127,2.947,4,2
23cbb422-ada0-454d-8f91-30888256960d,flat,3,1,23cbb422-ada0-454d-8f91-30888256960d::roof-flat::flat:3,5.004,4.074,0.0,0.0,4.074,5,1
23cbb422-ada0-454d-8f91-30888256960d,flat,4,1,23cbb422-ada0-454d-8f91-30888256960d::roof-flat::flat:4,11.667,2.967,0.113,0.049,2.918,1,1
23cbb422-ada0-454d-8f91-30888256960d,flat,5,1,23cbb422-ada0-454d-8f91-30888256960d::roof-flat::flat:5,6.54,2.986,0.0,-0.0,2.986,1,1
23cbb422-ada0-454d-8f91-30888256960d,flat,6,1,23cbb422-ada0-454d-8f91-30888256960d::roof-flat::flat:6,2.218,2.969,0.0,0.0,2.969,1,1
23cbb422-ada0-454d-8f91-30888256960d,flat,7,1,23cbb422-ada0-454d-8f91-30888256960d::roof-flat::flat:7,2.471,2.967,0.0,0.005,2.962,1,1
24e8aaa7-ec15-4a72-be5f-c67b95a53411,flat,0,0,24e8aaa7-ec15-4a72-be5f-c67b95a53411::roof-flat::flat:0,11.573,1.187,0.0,-0.0,1.188,1,1
24e8aaa7-ec15-4a72-be5f-c67b95a53411,flat,1,0,24e8aaa7-ec15-4a72-be5f-c67b95a53411::roof-flat::flat:1,16.048,1.169,0.059,0.013,1.156,3,2
24e8aaa7-ec15-4a72-be5f-c67b95a53411,flat,2,0,24e8aaa7-ec15-4a72-be5f-c67b95a53411::roof-flat::flat:2,4.366,1.169,0.0,0.013,1.156,1,1
24e8aaa7-ec15-4a72-be5f-c67b95a53411,flat,3,0,24e8aaa7-ec15-4a72-be5f-c67b95a53411::roof-flat::flat:3,5.496,1.169,0.122,0.033,1.136,1,1
24e8aaa7-ec15-4a72-be5f-c67b95a53411,flat,4,0,24e8aaa7-ec15-4a72-be5f-c67b95a53411::roof-flat::flat:4,16.78,1.172,0.021,-0.0,1.172,2,1
24e8aaa7-ec15-4a72-be5f-c67b95a53411,flat,5,0,24e8aaa7-ec15-4a72-be5f-c67b95a53411::roof-flat::flat:5,56.755,1.176,0.004,0.0,1.176,1,1
24e8aaa7-ec15-4a72-be5f-c67b95a53411,flat,6,0,24e8aaa7-ec15-4a72-be5f-c67b95a53411::roof-flat::flat:6,4.69,1.169,0.053,0.003,1.166,1,1
24e8aaa7-ec15-4a72-be5f-c67b95a53411,flat,7,0,24e8aaa7-ec15-4a72-be5f-c67b95a53411::roof-flat::flat:7,8.972,1.169,0.0,0.506,0.663,1,1
287808db-3826-4351-b9a1-6f9831bdc870,oblique,0,2,287808db-3826-4351-b9a1-6f9831bdc870::roof-oblique::oblique:0,15.881,1.022,0.011,0.085,0.937,24,8
287808db-3826-4351-b9a1-6f9831bdc870,oblique,1,2,287808db-3826-4351-b9a1-6f9831bdc870::roof-oblique::oblique:1,16.0,1.022,0.017,-0.016,1.038,8,5
287808db-3826-4351-b9a1-6f9831bdc870,flat,0,0,287808db-3826-4351-b9a1-6f9831bdc870::roof-flat::flat:0,10.751,0.956,0.0,1.304,-0.348,3,2
287808db-3826-4351-b9a1-6f9831bdc870,flat,1,0,287808db-3826-4351-b9a1-6f9831bdc870::roof-flat::flat:1,5.121,0.956,0.029,0.04,0.915,7,3
287808db-3826-4351-b9a1-6f9831bdc870,flat,2,0,287808db-3826-4351-b9a1-6f9831bdc870::roof-flat::flat:2,5.66,-0.375,0.0,-0.016,-0.359,9,4
287808db-3826-4351-b9a1-6f9831bdc870,flat,3,3,287808db-3826-4351-b9a1-6f9831bdc870::roof-flat::flat:3,7.291,0.956,0.0,0.04,0.915,15,6
294c5209-06ff-47ae-841b-e7e973b3699e,flat,0,0,294c5209-06ff-47ae-841b-e7e973b3699e::roof-flat::flat:0,9.816,0.857,0.0,0.016,0.841,1,1
294c5209-06ff-47ae-841b-e7e973b3699e,flat,1,0,294c5209-06ff-47ae-841b-e7e973b3699e::roof-flat::flat:1,11.308,0.88,0.0,0.0,0.88,1,1
294c5209-06ff-47ae-841b-e7e973b3699e,flat,2,0,294c5209-06ff-47ae-841b-e7e973b3699e::roof-flat::flat:2,29.524,0.86,0.0,0.0,0.86,1,1
294c5209-06ff-47ae-841b-e7e973b3699e,flat,3,0,294c5209-06ff-47ae-841b-e7e973b3699e::roof-flat::flat:3,8.786,0.857,0.0,0.031,0.826,1,1
294c5209-06ff-47ae-841b-e7e973b3699e,flat,4,0,294c5209-06ff-47ae-841b-e7e973b3699e::roof-flat::flat:4,9.289,0.857,0.174,0.02,0.837,1,1
294c5209-06ff-47ae-841b-e7e973b3699e,flat,6,0,294c5209-06ff-47ae-841b-e7e973b3699e::roof-flat::flat:6,15.526,1.361,0.0,0.034,1.327,2,2
294c5209-06ff-47ae-841b-e7e973b3699e,flat,7,0,294c5209-06ff-47ae-841b-e7e973b3699e::roof-flat::flat:7,4.8,0.859,0.0,0.0,0.859,1,1
29865ccb-e7e8-4ad6-a01c-d632f20761b7,oblique,0,1,29865ccb-e7e8-4ad6-a01c-d632f20761b7::roof-oblique::oblique:0,33.269,1.942,0.019,0.948,0.994,12,8
29865ccb-e7e8-4ad6-a01c-d632f20761b7,oblique,1,1,29865ccb-e7e8-4ad6-a01c-d632f20761b7::roof-oblique::oblique:1,23.35,1.942,0.001,0.954,0.988,8,6
29865ccb-e7e8-4ad6-a01c-d632f20761b7,flat,2,1,29865ccb-e7e8-4ad6-a01c-d632f20761b7::roof-flat::flat:2,3.635,0.972,0.043,0.197,0.775,3,3
29865ccb-e7e8-4ad6-a01c-d632f20761b7,flat,3,1,29865ccb-e7e8-4ad6-a01c-d632f20761b7::roof-flat::flat:3,6.264,0.944,0.0,-0.011,0.955,7,4
29a9cb5c-e7e7-4a01-b8ed-b2a2dd0edd2a,flat,0,0,29a9cb5c-e7e7-4a01-b8ed-b2a2dd0edd2a::roof-flat::flat:0,15.375,1.374,0.052,0.606,0.768,2,1
29a9cb5c-e7e7-4a01-b8ed-b2a2dd0edd2a,flat,1,0,29a9cb5c-e7e7-4a01-b8ed-b2a2dd0edd2a::roof-flat::flat:1,6.818,1.374,0.077,0.115,1.259,1,1
29a9cb5c-e7e7-4a01-b8ed-b2a2dd0edd2a,flat,2,0,29a9cb5c-e7e7-4a01-b8ed-b2a2dd0edd2a::roof-flat::flat:2,28.411,1.386,0.0,0.0,1.386,1,1
29a9cb5c-e7e7-4a01-b8ed-b2a2dd0edd2a,flat,3,0,29a9cb5c-e7e7-4a01-b8ed-b2a2dd0edd2a::roof-flat::flat:3,13.954,1.374,0.1,0.015,1.359,1,1
29a9cb5c-e7e7-4a01-b8ed-b2a2dd0edd2a,flat,4,0,29a9cb5c-e7e7-4a01-b8ed-b2a2dd0edd2a::roof-flat::flat:4,9.549,1.374,0.06,0.012,1.362,1,1
29a9cb5c-e7e7-4a01-b8ed-b2a2dd0edd2a,flat,5,0,29a9cb5c-e7e7-4a01-b8ed-b2a2dd0edd2a::roof-flat::flat:5,28.836,1.374,0.0,0.014,1.36,1,1
29a9cb5c-e7e7-4a01-b8ed-b2a2dd0edd2a,flat,6,0,29a9cb5c-e7e7-4a01-b8ed-b2a2dd0edd2a::roof-flat::flat:6,9.119,0.76,0.007,-0.0,0.76,2,1
2d80b27f-ca29-4b3e-9197-ad3c4af7cbfb,flat,0,0,2d80b27f-ca29-4b3e-9197-ad3c4af7cbfb::roof-flat::flat:0,10.502,0.97,0.029,0.212,0.758,1,1
2d80b27f-ca29-4b3e-9197-ad3c4af7cbfb,flat,1,0,2d80b27f-ca29-4b3e-9197-ad3c4af7cbfb::roof-flat::flat:1,9.306,0.97,0.0,0.024,0.946,1,1
2d80b27f-ca29-4b3e-9197-ad3c4af7cbfb,flat,2,0,2d80b27f-ca29-4b3e-9197-ad3c4af7cbfb::roof-flat::flat:2,7.293,1.006,0.0,0.0,1.006,1,1
2d80b27f-ca29-4b3e-9197-ad3c4af7cbfb,flat,3,0,2d80b27f-ca29-4b3e-9197-ad3c4af7cbfb::roof-flat::flat:3,8.382,0.971,0.227,0.0,0.971,1,1
2d80b27f-ca29-4b3e-9197-ad3c4af7cbfb,flat,4,0,2d80b27f-ca29-4b3e-9197-ad3c4af7cbfb::roof-flat::flat:4,6.943,0.985,0.0,0.0,0.985,1,1
2d80b27f-ca29-4b3e-9197-ad3c4af7cbfb,flat,5,0,2d80b27f-ca29-4b3e-9197-ad3c4af7cbfb::roof-flat::flat:5,34.153,1.036,0.0,0.0,1.036,1,1
2d80b27f-ca29-4b3e-9197-ad3c4af7cbfb,flat,6,0,2d80b27f-ca29-4b3e-9197-ad3c4af7cbfb::roof-flat::flat:6,3.075,0.971,0.0,0.0,0.971,1,1
2de0ff98-b554-446b-a501-b9fab4577f5a,flat,0,0,2de0ff98-b554-446b-a501-b9fab4577f5a::roof-flat::flat:0,11.371,0.829,0.055,0.061,0.768,1,1
2de0ff98-b554-446b-a501-b9fab4577f5a,flat,1,0,2de0ff98-b554-446b-a501-b9fab4577f5a::roof-flat::flat:1,13.236,0.829,0.085,0.064,0.765,1,1
2de0ff98-b554-446b-a501-b9fab4577f5a,flat,2,0,2de0ff98-b554-446b-a501-b9fab4577f5a::roof-flat::flat:2,10.822,0.829,0.0,0.04,0.789,1,1
2de0ff98-b554-446b-a501-b9fab4577f5a,flat,3,0,2de0ff98-b554-446b-a501-b9fab4577f5a::roof-flat::flat:3,4.56,0.829,0.119,0.011,0.818,1,1
2de0ff98-b554-446b-a501-b9fab4577f5a,flat,4,0,2de0ff98-b554-446b-a501-b9fab4577f5a::roof-flat::flat:4,13.901,0.829,0.102,0.002,0.827,3,2
2de0ff98-b554-446b-a501-b9fab4577f5a,flat,5,0,2de0ff98-b554-446b-a501-b9fab4577f5a::roof-flat::flat:5,25.688,0.847,0.082,0.0,0.847,1,1
2de0ff98-b554-446b-a501-b9fab4577f5a,flat,6,0,2de0ff98-b554-446b-a501-b9fab4577f5a::roof-flat::flat:6,25.306,0.848,0.0,0.0,0.848,1,1
2de0ff98-b554-446b-a501-b9fab4577f5a,flat,7,0,2de0ff98-b554-446b-a501-b9fab4577f5a::roof-flat::flat:7,7.997,0.872,0.0,0.0,0.872,1,1
2df1d2ed-54c9-41e9-9ed8-c4110e3868e0,flat,0,0,2df1d2ed-54c9-41e9-9ed8-c4110e3868e0::roof-flat::flat:0,9.344,1.028,0.0,-0.0,1.028,1,1
2df1d2ed-54c9-41e9-9ed8-c4110e3868e0,flat,1,0,2df1d2ed-54c9-41e9-9ed8-c4110e3868e0::roof-flat::flat:1,3.764,1.016,0.0,0.012,1.004,1,1
2df1d2ed-54c9-41e9-9ed8-c4110e3868e0,flat,2,0,2df1d2ed-54c9-41e9-9ed8-c4110e3868e0::roof-flat::flat:2,10.866,1.018,0.0,-0.0,1.018,1,1
2df1d2ed-54c9-41e9-9ed8-c4110e3868e0,flat,3,0,2df1d2ed-54c9-41e9-9ed8-c4110e3868e0::roof-flat::flat:3,12.303,1.016,0.0,0.009,1.007,1,1
2df1d2ed-54c9-41e9-9ed8-c4110e3868e0,flat,4,0,2df1d2ed-54c9-41e9-9ed8-c4110e3868e0::roof-flat::flat:4,8.121,1.016,0.0,0.017,0.999,1,1
2df1d2ed-54c9-41e9-9ed8-c4110e3868e0,flat,5,0,2df1d2ed-54c9-41e9-9ed8-c4110e3868e0::roof-flat::flat:5,33.358,1.016,0.097,0.0,1.016,1,1
2df1d2ed-54c9-41e9-9ed8-c4110e3868e0,flat,6,0,2df1d2ed-54c9-41e9-9ed8-c4110e3868e0::roof-flat::flat:6,14.625,1.017,0.0,-0.0,1.017,1,1
2df1d2ed-54c9-41e9-9ed8-c4110e3868e0,flat,7,0,2df1d2ed-54c9-41e9-9ed8-c4110e3868e0::roof-flat::flat:7,6.363,1.016,0.0,0.014,1.002,1,1
2df1d2ed-54c9-41e9-9ed8-c4110e3868e0,flat,8,0,2df1d2ed-54c9-41e9-9ed8-c4110e3868e0::roof-flat::flat:8,14.019,1.016,0.0,0.002,1.014,1,1
2df1d2ed-54c9-41e9-9ed8-c4110e3868e0,flat,9,0,2df1d2ed-54c9-41e9-9ed8-c4110e3868e0::roof-flat::flat:9,7.162,1.016,0.0,0.013,1.003,1,1
2ea3b759-e047-424c-8034-f8ee5b811fb4,flat,0,0,2ea3b759-e047-424c-8034-f8ee5b811fb4::roof-flat::flat:0,4.016,0.908,0.0,0.012,0.896,1,1
2ea3b759-e047-424c-8034-f8ee5b811fb4,flat,1,0,2ea3b759-e047-424c-8034-f8ee5b811fb4::roof-flat::flat:1,2.445,0.908,0.0,0.003,0.905,1,1
2ea3b759-e047-424c-8034-f8ee5b811fb4,flat,2,0,2ea3b759-e047-424c-8034-f8ee5b811fb4::roof-flat::flat:2,27.102,0.92,0.002,-0.0,0.92,5,2
2ea3b759-e047-424c-8034-f8ee5b811fb4,flat,3,0,2ea3b759-e047-424c-8034-f8ee5b811fb4::roof-flat::flat:3,9.634,0.908,0.0,0.032,0.876,1,1
2ea3b759-e047-424c-8034-f8ee5b811fb4,flat,4,0,2ea3b759-e047-424c-8034-f8ee5b811fb4::roof-flat::flat:4,6.208,0.908,0.104,-0.0,0.908,1,1
2ea3b759-e047-424c-8034-f8ee5b811fb4,flat,6,0,2ea3b759-e047-424c-8034-f8ee5b811fb4::roof-flat::flat:6,8.12,0.908,0.0,0.01,0.898,1,1
2ea3b759-e047-424c-8034-f8ee5b811fb4,flat,7,0,2ea3b759-e047-424c-8034-f8ee5b811fb4::roof-flat::flat:7,8.08,0.908,0.0,0.005,0.903,1,1
2ea3b759-e047-424c-8034-f8ee5b811fb4,flat,8,0,2ea3b759-e047-424c-8034-f8ee5b811fb4::roof-flat::flat:8,31.784,0.942,0.0,-0.0,0.942,1,1
2f382701-addb-48a5-8749-0e8e7f988a10,oblique,0,2,2f382701-addb-48a5-8749-0e8e7f988a10::roof-oblique::oblique:0,30.745,2.196,0.08,1.458,0.738,10,7
2f382701-addb-48a5-8749-0e8e7f988a10,oblique,1,2,2f382701-addb-48a5-8749-0e8e7f988a10::roof-oblique::oblique:1,25.537,2.196,0.069,1.463,0.733,14,8
2f382701-addb-48a5-8749-0e8e7f988a10,flat,0,1,2f382701-addb-48a5-8749-0e8e7f988a10::roof-flat::flat:0,37.575,-2.833,0.028,-0.018,-2.815,9,2
2f382701-addb-48a5-8749-0e8e7f988a10,flat,1,1,2f382701-addb-48a5-8749-0e8e7f988a10::roof-flat::flat:1,9.692,-2.8,0.032,-0.045,-2.755,5,1
2f382701-addb-48a5-8749-0e8e7f988a10,flat,4,0,2f382701-addb-48a5-8749-0e8e7f988a10::roof-flat::flat:4,10.784,-2.883,0.002,-0.05,-2.833,6,2
2f382701-addb-48a5-8749-0e8e7f988a10,flat,5,2,2f382701-addb-48a5-8749-0e8e7f988a10::roof-flat::flat:5,12.926,0.738,0.0,0.0,0.738,2,2
2f382701-addb-48a5-8749-0e8e7f988a10,flat,6,2,2f382701-addb-48a5-8749-0e8e7f988a10::roof-flat::flat:6,6.48,0.722,0.0,-0.011,0.733,2,2
2f382701-addb-48a5-8749-0e8e7f988a10,flat,7,2,2f382701-addb-48a5-8749-0e8e7f988a10::roof-flat::flat:7,3.643,0.733,0.001,-0.0,0.733,1,1
3297bc28-5d39-4358-bd2e-0f1183cae489,oblique,0,2,3297bc28-5d39-4358-bd2e-0f1183cae489::roof-oblique::oblique:0,24.236,3.588,0.002,2.594,0.994,25,10
3297bc28-5d39-4358-bd2e-0f1183cae489,oblique,1,2,3297bc28-5d39-4358-bd2e-0f1183cae489::roof-oblique::oblique:1,26.461,3.588,0.01,2.591,0.997,24,12
3297bc28-5d39-4358-bd2e-0f1183cae489,flat,5,2,3297bc28-5d39-4358-bd2e-0f1183cae489::roof-flat::flat:5,8.721,0.982,0.0,0.0,0.982,8,4
3297bc28-5d39-4358-bd2e-0f1183cae489,flat,6,2,3297bc28-5d39-4358-bd2e-0f1183cae489::roof-flat::flat:6,14.93,0.994,0.0,-0.003,0.997,11,6
36f034dc-17ec-4e9d-9ec0-e8b0139201c8,flat,0,0,36f034dc-17ec-4e9d-9ec0-e8b0139201c8::roof-flat::flat:0,20.904,0.918,0.0,0.073,0.845,1,1
36f034dc-17ec-4e9d-9ec0-e8b0139201c8,flat,1,0,36f034dc-17ec-4e9d-9ec0-e8b0139201c8::roof-flat::flat:1,31.095,0.918,0.066,0.01,0.908,1,1
36f034dc-17ec-4e9d-9ec0-e8b0139201c8,flat,2,0,36f034dc-17ec-4e9d-9ec0-e8b0139201c8::roof-flat::flat:2,17.603,0.921,0.029,-0.0,0.921,1,1
36f034dc-17ec-4e9d-9ec0-e8b0139201c8,flat,3,0,36f034dc-17ec-4e9d-9ec0-e8b0139201c8::roof-flat::flat:3,4.947,0.94,0.058,0.0,0.94,1,1
36f034dc-17ec-4e9d-9ec0-e8b0139201c8,flat,4,0,36f034dc-17ec-4e9d-9ec0-e8b0139201c8::roof-flat::flat:4,5.34,0.938,0.284,-0.0,0.938,2,1
36f034dc-17ec-4e9d-9ec0-e8b0139201c8,flat,5,0,36f034dc-17ec-4e9d-9ec0-e8b0139201c8::roof-flat::flat:5,34.145,0.954,0.086,0.0,0.954,2,1
36f034dc-17ec-4e9d-9ec0-e8b0139201c8,flat,6,0,36f034dc-17ec-4e9d-9ec0-e8b0139201c8::roof-flat::flat:6,11.578,1.028,0.0,-0.0,1.028,1,1
36f034dc-17ec-4e9d-9ec0-e8b0139201c8,flat,7,0,36f034dc-17ec-4e9d-9ec0-e8b0139201c8::roof-flat::flat:7,19.277,0.971,0.0,-0.001,0.972,5,1
36f034dc-17ec-4e9d-9ec0-e8b0139201c8,flat,8,0,36f034dc-17ec-4e9d-9ec0-e8b0139201c8::roof-flat::flat:8,59.696,0.924,0.001,-0.0,0.924,1,1
37e9355f-29a7-4303-abae-240c55df13e4,flat,0,0,37e9355f-29a7-4303-abae-240c55df13e4::roof-flat::flat:0,24.689,1.115,0.012,0.045,1.07,1,1
37e9355f-29a7-4303-abae-240c55df13e4,flat,1,0,37e9355f-29a7-4303-abae-240c55df13e4::roof-flat::flat:1,6.805,1.115,0.0,0.022,1.093,1,1
37e9355f-29a7-4303-abae-240c55df13e4,flat,2,0,37e9355f-29a7-4303-abae-240c55df13e4::roof-flat::flat:2,10.564,1.115,0.0,0.006,1.109,1,1
37e9355f-29a7-4303-abae-240c55df13e4,flat,3,0,37e9355f-29a7-4303-abae-240c55df13e4::roof-flat::flat:3,2.935,1.115,0.0,0.027,1.088,1,1
37e9355f-29a7-4303-abae-240c55df13e4,flat,4,0,37e9355f-29a7-4303-abae-240c55df13e4::roof-flat::flat:4,24.711,1.123,0.0,-0.0,1.123,1,1
37e9355f-29a7-4303-abae-240c55df13e4,flat,5,0,37e9355f-29a7-4303-abae-240c55df13e4::roof-flat::flat:5,4.383,1.115,0.0,0.024,1.091,1,1
37e9355f-29a7-4303-abae-240c55df13e4,flat,6,0,37e9355f-29a7-4303-abae-240c55df13e4::roof-flat::flat:6,7.199,1.177,0.0,0.0,1.177,1,1
37e9355f-29a7-4303-abae-240c55df13e4,flat,7,0,37e9355f-29a7-4303-abae-240c55df13e4::roof-flat::flat:7,2.854,1.181,0.0,0.0,1.181,1,1
37e9355f-29a7-4303-abae-240c55df13e4,flat,8,0,37e9355f-29a7-4303-abae-240c55df13e4::roof-flat::flat:8,16.808,1.278,0.0,0.0,1.278,5,1
38158927-652c-4d01-9aa3-770956648d85,oblique,0,1,38158927-652c-4d01-9aa3-770956648d85::roof-oblique::oblique:0,25.294,1.994,0.021,-0.024,2.018,6,6
38158927-652c-4d01-9aa3-770956648d85,oblique,1,1,38158927-652c-4d01-9aa3-770956648d85::roof-oblique::oblique:1,24.661,1.994,0.012,-0.022,2.016,7,6
38158927-652c-4d01-9aa3-770956648d85,flat,1,1,38158927-652c-4d01-9aa3-770956648d85::roof-flat::flat:1,10.084,1.462,0.0,0.402,1.06,2,2
38158927-652c-4d01-9aa3-770956648d85,flat,2,1,38158927-652c-4d01-9aa3-770956648d85::roof-flat::flat:2,10.047,2.005,0.0,0.935,1.07,2,2
38158927-652c-4d01-9aa3-770956648d85,flat,3,1,38158927-652c-4d01-9aa3-770956648d85::roof-flat::flat:3,8.411,2.005,0.0,1.004,1.001,4,4
38f71f1d-2c71-4fcd-9997-83b2914416b0,oblique,0,1,38f71f1d-2c71-4fcd-9997-83b2914416b0::roof-oblique::oblique:0,47.693,3.253,0.015,2.458,0.795,19,11
38f71f1d-2c71-4fcd-9997-83b2914416b0,oblique,1,1,38f71f1d-2c71-4fcd-9997-83b2914416b0::roof-oblique::oblique:1,54.147,3.253,0.003,2.491,0.762,12,6
3a034c99-8986-4749-aedb-0a5a04ea803f,oblique,0,1,3a034c99-8986-4749-aedb-0a5a04ea803f::roof-oblique::oblique:0,26.462,5.523,0.007,2.099,3.424,7,5
3a034c99-8986-4749-aedb-0a5a04ea803f,oblique,1,1,3a034c99-8986-4749-aedb-0a5a04ea803f::roof-oblique::oblique:1,26.313,5.523,0.014,2.099,3.424,14,9
3a034c99-8986-4749-aedb-0a5a04ea803f,flat,0,1,3a034c99-8986-4749-aedb-0a5a04ea803f::roof-flat::flat:0,7.134,3.424,0.0,0.0,3.424,2,2
3a576e1b-4b3e-4f5d-8c20-b39b157fcf03,oblique,0,2,3a576e1b-4b3e-4f5d-8c20-b39b157fcf03::roof-oblique::oblique:0,28.155,6.289,0.005,0.981,5.308,19,9
3a576e1b-4b3e-4f5d-8c20-b39b157fcf03,oblique,1,2,3a576e1b-4b3e-4f5d-8c20-b39b157fcf03::roof-oblique::oblique:1,30.869,6.289,0.001,0.983,5.306,20,8
3a576e1b-4b3e-4f5d-8c20-b39b157fcf03,flat,0,2,3a576e1b-4b3e-4f5d-8c20-b39b157fcf03::roof-flat::flat:0,13.538,5.306,0.0,-0.002,5.308,10,3
3a576e1b-4b3e-4f5d-8c20-b39b157fcf03,flat,1,2,3a576e1b-4b3e-4f5d-8c20-b39b157fcf03::roof-flat::flat:1,11.643,5.282,0.001,0.0,5.282,12,7
3c74f488-a562-4bc4-9d7a-3f707fe85133,oblique,0,2,3c74f488-a562-4bc4-9d7a-3f707fe85133::roof-oblique::oblique:0,34.258,9.43,0.0,3.05,6.38,45,12
3c74f488-a562-4bc4-9d7a-3f707fe85133,oblique,1,2,3c74f488-a562-4bc4-9d7a-3f707fe85133::roof-oblique::oblique:1,40.174,9.43,0.002,3.046,6.384,26,9
3c74f488-a562-4bc4-9d7a-3f707fe85133,flat,6,1,3c74f488-a562-4bc4-9d7a-3f707fe85133::roof-flat::flat:6,30.364,3.431,0.006,0.0,3.431,8,1
3c74f488-a562-4bc4-9d7a-3f707fe85133,flat,7,2,3c74f488-a562-4bc4-9d7a-3f707fe85133::roof-flat::flat:7,6.774,6.354,0.005,0.032,6.322,10,4
3c74f488-a562-4bc4-9d7a-3f707fe85133,flat,8,2,3c74f488-a562-4bc4-9d7a-3f707fe85133::roof-flat::flat:8,7.235,6.358,0.029,-0.0,6.358,14,6
3e378d10-6d7f-451c-b5e8-705731e6f37e,oblique,0,1,3e378d10-6d7f-451c-b5e8-705731e6f37e::roof-oblique::oblique:0,32.327,1.71,0.001,-0.052,1.762,20,7
3e378d10-6d7f-451c-b5e8-705731e6f37e,oblique,1,1,3e378d10-6d7f-451c-b5e8-705731e6f37e::roof-oblique::oblique:1,36.1,1.71,0.001,-0.048,1.758,16,5
3ee81b85-a21f-4f55-a100-5995f36f84f9,oblique,0,0,3ee81b85-a21f-4f55-a100-5995f36f84f9::roof-oblique::oblique:0,11.033,0.9,0.008,0.125,0.775,3,3
3ee81b85-a21f-4f55-a100-5995f36f84f9,flat,0,0,3ee81b85-a21f-4f55-a100-5995f36f84f9::roof-flat::flat:0,7.435,0.787,0.012,0.024,0.763,1,1
3ee81b85-a21f-4f55-a100-5995f36f84f9,flat,1,0,3ee81b85-a21f-4f55-a100-5995f36f84f9::roof-flat::flat:1,43.414,0.797,0.029,-0.0,0.797,1,1
3ee81b85-a21f-4f55-a100-5995f36f84f9,flat,2,0,3ee81b85-a21f-4f55-a100-5995f36f84f9::roof-flat::flat:2,14.823,0.808,0.001,0.0,0.808,1,1
3ee81b85-a21f-4f55-a100-5995f36f84f9,flat,3,0,3ee81b85-a21f-4f55-a100-5995f36f84f9::roof-flat::flat:3,5.411,0.787,0.032,0.023,0.764,1,1
3ee81b85-a21f-4f55-a100-5995f36f84f9,flat,4,0,3ee81b85-a21f-4f55-a100-5995f36f84f9::roof-flat::flat:4,3.997,0.787,0.204,0.04,0.747,1,1
3ee81b85-a21f-4f55-a100-5995f36f84f9,flat,5,0,3ee81b85-a21f-4f55-a100-5995f36f84f9::roof-flat::flat:5,8.567,0.787,0.0,0.036,0.751,1,1
3ee81b85-a21f-4f55-a100-5995f36f84f9,flat,6,0,3ee81b85-a21f-4f55-a100-5995f36f84f9::roof-flat::flat:6,9.615,0.788,0.0,0.0,0.788,1,1
43674d8e-302d-4915-878f-f50d2d9f8d1b,flat,0,0,43674d8e-302d-4915-878f-f50d2d9f8d1b::roof-flat::flat:0,5.188,0.972,0.095,0.005,0.967,1,1
43674d8e-302d-4915-878f-f50d2d9f8d1b,flat,1,0,43674d8e-302d-4915-878f-f50d2d9f8d1b::roof-flat::flat:1,36.175,0.973,0.0,0.0,0.973,1,1
43674d8e-302d-4915-878f-f50d2d9f8d1b,flat,2,0,43674d8e-302d-4915-878f-f50d2d9f8d1b::roof-flat::flat:2,11.108,0.972,0.179,0.008,0.964,1,1
43674d8e-302d-4915-878f-f50d2d9f8d1b,flat,3,0,43674d8e-302d-4915-878f-f50d2d9f8d1b::roof-flat::flat:3,10.054,0.989,0.0,-0.0,0.989,1,1
43674d8e-302d-4915-878f-f50d2d9f8d1b,flat,4,0,43674d8e-302d-4915-878f-f50d2d9f8d1b::roof-flat::flat:4,7.786,0.972,0.0,0.009,0.963,1,1
43674d8e-302d-4915-878f-f50d2d9f8d1b,flat,5,0,43674d8e-302d-4915-878f-f50d2d9f8d1b::roof-flat::flat:5,7.854,0.972,0.0,0.022,0.95,1,1
43674d8e-302d-4915-878f-f50d2d9f8d1b,flat,6,0,43674d8e-302d-4915-878f-f50d2d9f8d1b::roof-flat::flat:6,8.944,0.972,0.0,0.001,0.971,2,2
43674d8e-302d-4915-878f-f50d2d9f8d1b,flat,7,0,43674d8e-302d-4915-878f-f50d2d9f8d1b::roof-flat::flat:7,6.506,0.972,0.0,0.001,0.971,1,1
43674d8e-302d-4915-878f-f50d2d9f8d1b,flat,8,0,43674d8e-302d-4915-878f-f50d2d9f8d1b::roof-flat::flat:8,6.595,0.972,0.0,0.008,0.964,1,1
45b933f5-4f12-488c-b77a-065cf3c2d719,flat,0,0,45b933f5-4f12-488c-b77a-065cf3c2d719::roof-flat::flat:0,38.884,0.719,0.01,-0.052,0.771,2,2
45b933f5-4f12-488c-b77a-065cf3c2d719,flat,1,0,45b933f5-4f12-488c-b77a-065cf3c2d719::roof-flat::flat:1,11.345,0.719,0.0,0.047,0.672,1,1
45b933f5-4f12-488c-b77a-065cf3c2d719,flat,2,0,45b933f5-4f12-488c-b77a-065cf3c2d719::roof-flat::flat:2,5.849,0.719,0.0,0.04,0.679,1,1
45b933f5-4f12-488c-b77a-065cf3c2d719,flat,3,0,45b933f5-4f12-488c-b77a-065cf3c2d719::roof-flat::flat:3,5.715,0.719,0.0,0.03,0.689,1,1
45b933f5-4f12-488c-b77a-065cf3c2d719,flat,4,0,45b933f5-4f12-488c-b77a-065cf3c2d719::roof-flat::flat:4,7.121,0.719,0.274,0.029,0.69,1,1
45b933f5-4f12-488c-b77a-065cf3c2d719,flat,5,0,45b933f5-4f12-488c-b77a-065cf3c2d719::roof-flat::flat:5,9.753,0.719,0.0,0.013,0.706,1,1
45b933f5-4f12-488c-b77a-065cf3c2d719,flat,6,0,45b933f5-4f12-488c-b77a-065cf3c2d719::roof-flat::flat:6,10.122,0.728,0.007,0.0,0.728,1,1
45b933f5-4f12-488c-b77a-065cf3c2d719,flat,7,0,45b933f5-4f12-488c-b77a-065cf3c2d719::roof-flat::flat:7,10.204,0.749,0.0,0.0,0.749,1,1
45b933f5-4f12-488c-b77a-065cf3c2d719,flat,8,0,45b933f5-4f12-488c-b77a-065cf3c2d719::roof-flat::flat:8,7.08,0.771,0.0,0.0,0.771,1,1
466d0aa8-7021-4825-8f7b-b954c824c13a,oblique,0,1,466d0aa8-7021-4825-8f7b-b954c824c13a::roof-oblique::oblique:0,43.382,2.299,0.001,1.412,0.887,15,11
466d0aa8-7021-4825-8f7b-b954c824c13a,oblique,1,1,466d0aa8-7021-4825-8f7b-b954c824c13a::roof-oblique::oblique:1,42.496,2.299,0.0,1.398,0.9,14,7
466d0aa8-7021-4825-8f7b-b954c824c13a,flat,0,0,466d0aa8-7021-4825-8f7b-b954c824c13a::roof-flat::flat:0,7.806,-2.063,0.002,-0.0,-2.063,1,1
46ea557e-3151-43d2-b72b-f212290516cc,flat,0,0,46ea557e-3151-43d2-b72b-f212290516cc::roof-flat::flat:0,34.988,0.626,0.0,-0.023,0.649,7,2
46ea557e-3151-43d2-b72b-f212290516cc,flat,1,0,46ea557e-3151-43d2-b72b-f212290516cc::roof-flat::flat:1,4.843,0.739,0.0,0.081,0.658,1,1
46ea557e-3151-43d2-b72b-f212290516cc,flat,2,0,46ea557e-3151-43d2-b72b-f212290516cc::roof-flat::flat:2,9.524,0.829,0.095,0.0,0.829,1,1
46ea557e-3151-43d2-b72b-f212290516cc,flat,3,0,46ea557e-3151-43d2-b72b-f212290516cc::roof-flat::flat:3,6.497,0.804,0.332,-0.0,0.804,1,1
46ea557e-3151-43d2-b72b-f212290516cc,flat,4,0,46ea557e-3151-43d2-b72b-f212290516cc::roof-flat::flat:4,8.509,0.807,0.0,-0.0,0.807,1,1
46ea557e-3151-43d2-b72b-f212290516cc,flat,5,0,46ea557e-3151-43d2-b72b-f212290516cc::roof-flat::flat:5,6.73,0.795,0.0,0.0,0.795,1,1
46ea557e-3151-43d2-b72b-f212290516cc,flat,6,0,46ea557e-3151-43d2-b72b-f212290516cc::roof-flat::flat:6,16.665,0.739,0.0,0.09,0.649,2,2
46ea557e-3151-43d2-b72b-f212290516cc,flat,7,0,46ea557e-3151-43d2-b72b-f212290516cc::roof-flat::flat:7,15.289,0.739,0.0,0.201,0.538,1,1
494a97c4-ab7e-4021-9345-c46fecfd1d67,flat,0,0,494a97c4-ab7e-4021-9345-c46fecfd1d67::roof-flat::flat:0,5.523,1.074,0.0,0.211,0.863,1,1
494a97c4-ab7e-4021-9345-c46fecfd1d67,flat,1,0,494a97c4-ab7e-4021-9345-c46fecfd1d67::roof-flat::flat:1,11.781,1.074,0.0,0.207,0.867,1,1
494a97c4-ab7e-4021-9345-c46fecfd1d67,flat,2,0,494a97c4-ab7e-4021-9345-c46fecfd1d67::roof-flat::flat:2,11.78,0.864,0.0,0.0,0.864,1,1
494a97c4-ab7e-4021-9345-c46fecfd1d67,flat,3,0,494a97c4-ab7e-4021-9345-c46fecfd1d67::roof-flat::flat:3,13.6,1.074,0.09,0.226,0.848,1,1
494a97c4-ab7e-4021-9345-c46fecfd1d67,flat,4,0,494a97c4-ab7e-4021-9345-c46fecfd1d67::roof-flat::flat:4,7.271,1.074,0.125,0.228,0.846,1,1
494a97c4-ab7e-4021-9345-c46fecfd1d67,flat,5,0,494a97c4-ab7e-4021-9345-c46fecfd1d67::roof-flat::flat:5,7.044,1.074,0.0,0.21,0.864,1,1
494a97c4-ab7e-4021-9345-c46fecfd1d67,flat,6,0,494a97c4-ab7e-4021-9345-c46fecfd1d67::roof-flat::flat:6,27.429,1.074,0.001,0.019,1.055,3,1
494a97c4-ab7e-4021-9345-c46fecfd1d67,flat,7,0,494a97c4-ab7e-4021-9345-c46fecfd1d67::roof-flat::flat:7,35.571,1.074,0.045,-0.0,1.074,4,2
494a97c4-ab7e-4021-9345-c46fecfd1d67,flat,8,0,494a97c4-ab7e-4021-9345-c46fecfd1d67::roof-flat::flat:8,3.797,1.074,0.0,0.22,0.854,1,1
494a97c4-ab7e-4021-9345-c46fecfd1d67,flat,9,0,494a97c4-ab7e-4021-9345-c46fecfd1d67::roof-flat::flat:9,9.13,1.074,0.0,0.221,0.853,1,1
494a97c4-ab7e-4021-9345-c46fecfd1d67,flat,10,0,494a97c4-ab7e-4021-9345-c46fecfd1d67::roof-flat::flat:10,12.808,1.074,0.0,0.203,0.871,1,1
494a97c4-ab7e-4021-9345-c46fecfd1d67,flat,11,0,494a97c4-ab7e-4021-9345-c46fecfd1d67::roof-flat::flat:11,6.054,0.905,0.0,-0.0,0.905,1,1
4fe068d2-f39e-47ed-8c15-35b6396862bf,flat,0,2,4fe068d2-f39e-47ed-8c15-35b6396862bf::roof-flat::flat:0,24.862,3.39,0.0,0.0,3.39,3,3
4fe068d2-f39e-47ed-8c15-35b6396862bf,flat,1,2,4fe068d2-f39e-47ed-8c15-35b6396862bf::roof-flat::flat:1,15.104,3.37,0.0,0.028,3.342,4,3
4fe068d2-f39e-47ed-8c15-35b6396862bf,flat,2,2,4fe068d2-f39e-47ed-8c15-35b6396862bf::roof-flat::flat:2,4.455,3.37,0.366,0.004,3.366,3,2
4fe068d2-f39e-47ed-8c15-35b6396862bf,flat,3,2,4fe068d2-f39e-47ed-8c15-35b6396862bf::roof-flat::flat:3,25.864,3.37,0.0,0.008,3.362,2,2
4fe068d2-f39e-47ed-8c15-35b6396862bf,flat,4,2,4fe068d2-f39e-47ed-8c15-35b6396862bf::roof-flat::flat:4,18.225,3.37,0.0,0.22,3.15,1,1
4fe068d2-f39e-47ed-8c15-35b6396862bf,flat,5,0,4fe068d2-f39e-47ed-8c15-35b6396862bf::roof-flat::flat:5,12.74,3.37,0.0,-0.02,3.39,2,2
4fe068d2-f39e-47ed-8c15-35b6396862bf,flat,6,0,4fe068d2-f39e-47ed-8c15-35b6396862bf::roof-flat::flat:6,14.734,3.37,0.051,0.028,3.342,2,2
4fe068d2-f39e-47ed-8c15-35b6396862bf,flat,7,0,4fe068d2-f39e-47ed-8c15-35b6396862bf::roof-flat::flat:7,4.01,3.37,0.0,0.004,3.366,5,3
4fe068d2-f39e-47ed-8c15-35b6396862bf,flat,8,0,4fe068d2-f39e-47ed-8c15-35b6396862bf::roof-flat::flat:8,7.752,3.37,0.0,0.008,3.362,2,2
513a4b03-cfb1-4221-99ff-d9b7d1e1d3f6,oblique,0,1,513a4b03-cfb1-4221-99ff-d9b7d1e1d3f6::roof-oblique::oblique:0,20.946,1.97,0.001,1.228,0.742,9,6
513a4b03-cfb1-4221-99ff-d9b7d1e1d3f6,oblique,1,1,513a4b03-cfb1-4221-99ff-d9b7d1e1d3f6::roof-oblique::oblique:1,30.622,1.97,0.003,1.22,0.75,6,4
52f91e67-3891-4729-8bf3-be2c0a6a0d04,oblique,0,2,52f91e67-3891-4729-8bf3-be2c0a6a0d04::roof-oblique::oblique:0,30.695,8.329,0.013,2.087,6.242,37,6
52f91e67-3891-4729-8bf3-be2c0a6a0d04,oblique,1,2,52f91e67-3891-4729-8bf3-be2c0a6a0d04::roof-oblique::oblique:1,37.635,8.329,0.017,2.09,6.239,43,5
52f91e67-3891-4729-8bf3-be2c0a6a0d04,flat,0,1,52f91e67-3891-4729-8bf3-be2c0a6a0d04::roof-flat::flat:0,9.91,3.392,0.137,0.23,3.162,1,1
52f91e67-3891-4729-8bf3-be2c0a6a0d04,flat,1,1,52f91e67-3891-4729-8bf3-be2c0a6a0d04::roof-flat::flat:1,4.246,3.392,0.0,0.372,3.02,1,1
52f91e67-3891-4729-8bf3-be2c0a6a0d04,flat,2,1,52f91e67-3891-4729-8bf3-be2c0a6a0d04::roof-flat::flat:2,27.749,3.103,0.0,0.066,3.038,1,1
53ba9e35-1aeb-43e2-87d2-27be83b949f5,flat,0,0,53ba9e35-1aeb-43e2-87d2-27be83b949f5::roof-flat::flat:0,8.221,1.141,0.237,0.002,1.139,1,1
53ba9e35-1aeb-43e2-87d2-27be83b949f5,flat,1,0,53ba9e35-1aeb-43e2-87d2-27be83b949f5::roof-flat::flat:1,6.993,1.141,0.0,0.008,1.133,1,1
53ba9e35-1aeb-43e2-87d2-27be83b949f5,flat,2,0,53ba9e35-1aeb-43e2-87d2-27be83b949f5::roof-flat::flat:2,5.548,1.141,0.0,0.001,1.14,1,1
53ba9e35-1aeb-43e2-87d2-27be83b949f5,flat,3,0,53ba9e35-1aeb-43e2-87d2-27be83b949f5::roof-flat::flat:3,10.379,1.141,0.0,0.025,1.116,1,1
53ba9e35-1aeb-43e2-87d2-27be83b949f5,flat,4,0,53ba9e35-1aeb-43e2-87d2-27be83b949f5::roof-flat::flat:4,4.811,1.141,0.0,0.017,1.124,1,1
53ba9e35-1aeb-43e2-87d2-27be83b949f5,flat,5,0,53ba9e35-1aeb-43e2-87d2-27be83b949f5::roof-flat::flat:5,33.911,1.141,0.0,0.06,1.081,1,1
53ba9e35-1aeb-43e2-87d2-27be83b949f5,flat,6,0,53ba9e35-1aeb-43e2-87d2-27be83b949f5::roof-flat::flat:6,15.384,1.152,0.071,0.0,1.152,1,1
53ba9e35-1aeb-43e2-87d2-27be83b949f5,flat,7,0,53ba9e35-1aeb-43e2-87d2-27be83b949f5::roof-flat::flat:7,10.562,1.176,0.0,0.0,1.176,1,1
53c380e7-407e-48f7-8c72-b449e2334798,oblique,0,0,53c380e7-407e-48f7-8c72-b449e2334798::roof-oblique::oblique:0,59.308,2.119,0.011,0.665,1.454,5,3
53c380e7-407e-48f7-8c72-b449e2334798,oblique,1,0,53c380e7-407e-48f7-8c72-b449e2334798::roof-oblique::oblique:1,54.006,2.119,0.031,0.708,1.411,14,7
53c380e7-407e-48f7-8c72-b449e2334798,flat,1,0,53c380e7-407e-48f7-8c72-b449e2334798::roof-flat::flat:1,16.959,1.449,0.0,-0.005,1.454,2,1
53c380e7-407e-48f7-8c72-b449e2334798,flat,2,0,53c380e7-407e-48f7-8c72-b449e2334798::roof-flat::flat:2,8.525,1.385,0.181,-0.004,1.389,2,1
53c380e7-407e-48f7-8c72-b449e2334798,flat,3,0,53c380e7-407e-48f7-8c72-b449e2334798::roof-flat::flat:3,7.842,1.373,0.056,-0.001,1.374,2,1
53c380e7-407e-48f7-8c72-b449e2334798,flat,4,0,53c380e7-407e-48f7-8c72-b449e2334798::roof-flat::flat:4,11.807,1.361,0.0,-0.01,1.371,2,1
53c380e7-407e-48f7-8c72-b449e2334798,flat,5,0,53c380e7-407e-48f7-8c72-b449e2334798::roof-flat::flat:5,3.832,1.329,0.001,-0.016,1.345,2,1
56108837-05d5-4fe4-bfd5-aec6b649d825,oblique,0,0,56108837-05d5-4fe4-bfd5-aec6b649d825::roof-oblique::oblique:0,11.345,2.379,0.056,0.244,2.135,3,3
56108837-05d5-4fe4-bfd5-aec6b649d825,flat,0,0,56108837-05d5-4fe4-bfd5-aec6b649d825::roof-flat::flat:0,6.916,1.179,0.0,0.058,1.121,1,1
56108837-05d5-4fe4-bfd5-aec6b649d825,flat,1,0,56108837-05d5-4fe4-bfd5-aec6b649d825::roof-flat::flat:1,5.937,1.179,0.0,0.03,1.149,1,1
56108837-05d5-4fe4-bfd5-aec6b649d825,flat,2,0,56108837-05d5-4fe4-bfd5-aec6b649d825::roof-flat::flat:2,5.312,1.179,0.0,0.03,1.149,1,1
56108837-05d5-4fe4-bfd5-aec6b649d825,flat,3,0,56108837-05d5-4fe4-bfd5-aec6b649d825::roof-flat::flat:3,2.985,1.186,0.0,0.0,1.185,1,1
56108837-05d5-4fe4-bfd5-aec6b649d825,flat,4,0,56108837-05d5-4fe4-bfd5-aec6b649d825::roof-flat::flat:4,9.096,2.135,0.0,0.933,1.202,1,1
56108837-05d5-4fe4-bfd5-aec6b649d825,flat,5,0,56108837-05d5-4fe4-bfd5-aec6b649d825::roof-flat::flat:5,27.727,2.135,0.107,0.926,1.209,1,1
573ee2ba-67b9-4bb0-b4ba-47015d09377c,flat,0,0,573ee2ba-67b9-4bb0-b4ba-47015d09377c::roof-flat::flat:0,5.777,1.084,0.0,0.048,1.036,1,1
573ee2ba-67b9-4bb0-b4ba-47015d09377c,flat,1,0,573ee2ba-67b9-4bb0-b4ba-47015d09377c::roof-flat::flat:1,9.946,1.086,0.127,-0.0,1.087,1,1
573ee2ba-67b9-4bb0-b4ba-47015d09377c,flat,2,0,573ee2ba-67b9-4bb0-b4ba-47015d09377c::roof-flat::flat:2,33.049,1.094,0.003,0.0,1.094,2,2
573ee2ba-67b9-4bb0-b4ba-47015d09377c,flat,3,0,573ee2ba-67b9-4bb0-b4ba-47015d09377c::roof-flat::flat:3,4.796,1.084,0.001,0.005,1.079,1,1
573ee2ba-67b9-4bb0-b4ba-47015d09377c,flat,4,0,573ee2ba-67b9-4bb0-b4ba-47015d09377c::roof-flat::flat:4,5.457,1.084,0.0,-0.0,1.084,1,1
5831141f-829c-4adb-9bae-289c2140c72d,oblique,0,2,5831141f-829c-4adb-9bae-289c2140c72d::roof-oblique::oblique:0,16.953,2.63,0.054,1.288,1.342,25,9
5831141f-829c-4adb-9bae-289c2140c72d,oblique,1,2,5831141f-829c-4adb-9bae-289c2140c72d::roof-oblique::oblique:1,7.99,2.63,0.0,1.329,1.301,5,3
59b505e7-b384-451b-90b1-80f2654dd10d,oblique,0,2,59b505e7-b384-451b-90b1-80f2654dd10d::roof-oblique::oblique:0,2.009,6.465,0.0,0.014,6.451,9,3
59b505e7-b384-451b-90b1-80f2654dd10d,oblique,1,2,59b505e7-b384-451b-90b1-80f2654dd10d::roof-oblique::oblique:1,14.318,6.465,0.008,0.014,6.451,20,11
59b505e7-b384-451b-90b1-80f2654dd10d,oblique,2,2,59b505e7-b384-451b-90b1-80f2654dd10d::roof-oblique::oblique:2,10.877,6.465,0.001,0.019,6.446,18,9
59b505e7-b384-451b-90b1-80f2654dd10d,oblique,3,2,59b505e7-b384-451b-90b1-80f2654dd10d::roof-oblique::oblique:3,2.436,9.012,0.008,2.566,6.446,6,5
59b505e7-b384-451b-90b1-80f2654dd10d,flat,2,2,59b505e7-b384-451b-90b1-80f2654dd10d::roof-flat::flat:2,6.82,6.446,0.0,-0.005,6.451,10,3
59b505e7-b384-451b-90b1-80f2654dd10d,flat,3,2,59b505e7-b384-451b-90b1-80f2654dd10d::roof-flat::flat:3,7.02,6.35,0.002,0.028,6.322,13,4
5a97cb51-78cd-40c7-9dd5-423bdea306a6,oblique,0,0,5a97cb51-78cd-40c7-9dd5-423bdea306a6::roof-oblique::oblique:0,32.423,2.061,0.029,-0.002,2.062,5,4
5a97cb51-78cd-40c7-9dd5-423bdea306a6,oblique,1,0,5a97cb51-78cd-40c7-9dd5-423bdea306a6::roof-oblique::oblique:1,121.723,2.061,0.045,-0.002,2.063,10,9
5a97cb51-78cd-40c7-9dd5-423bdea306a6,flat,0,0,5a97cb51-78cd-40c7-9dd5-423bdea306a6::roof-flat::flat:0,16.742,2.06,0.0,0.574,1.486,1,1
5a97cb51-78cd-40c7-9dd5-423bdea306a6,flat,1,0,5a97cb51-78cd-40c7-9dd5-423bdea306a6::roof-flat::flat:1,12.141,1.523,0.0,-0.0,1.523,1,1
5a97cb51-78cd-40c7-9dd5-423bdea306a6,flat,2,0,5a97cb51-78cd-40c7-9dd5-423bdea306a6::roof-flat::flat:2,11.069,1.504,0.066,0.0,1.504,1,1
5a97cb51-78cd-40c7-9dd5-423bdea306a6,flat,3,0,5a97cb51-78cd-40c7-9dd5-423bdea306a6::roof-flat::flat:3,15.024,1.46,0.0,-0.0,1.46,1,1
5a97cb51-78cd-40c7-9dd5-423bdea306a6,flat,4,0,5a97cb51-78cd-40c7-9dd5-423bdea306a6::roof-flat::flat:4,11.214,1.407,0.0,-0.0,1.407,1,1
5a97cb51-78cd-40c7-9dd5-423bdea306a6,flat,5,0,5a97cb51-78cd-40c7-9dd5-423bdea306a6::roof-flat::flat:5,7.563,2.06,0.0,0.715,1.345,1,1
5a97cb51-78cd-40c7-9dd5-423bdea306a6,flat,6,0,5a97cb51-78cd-40c7-9dd5-423bdea306a6::roof-flat::flat:6,9.65,2.06,0.0,0.714,1.347,2,2
5a97cb51-78cd-40c7-9dd5-423bdea306a6,flat,7,0,5a97cb51-78cd-40c7-9dd5-423bdea306a6::roof-flat::flat:7,32.129,1.499,0.064,0.0,1.499,2,2
5c557e06-393e-466e-a957-f7391b76b8ff,oblique,0,0,5c557e06-393e-466e-a957-f7391b76b8ff::roof-oblique::oblique:0,33.099,1.2,0.018,0.006,1.194,5,3
5c557e06-393e-466e-a957-f7391b76b8ff,oblique,1,0,5c557e06-393e-466e-a957-f7391b76b8ff::roof-oblique::oblique:1,21.258,1.092,0.06,0.028,1.064,8,4
5c557e06-393e-466e-a957-f7391b76b8ff,oblique,2,0,5c557e06-393e-466e-a957-f7391b76b8ff::roof-oblique::oblique:2,21.526,1.2,0.025,-0.028,1.228,14,3
5c557e06-393e-466e-a957-f7391b76b8ff,flat,0,0,5c557e06-393e-466e-a957-f7391b76b8ff::roof-flat::flat:0,25.272,1.194,0.0,0.0,1.194,2,1
5c557e06-393e-466e-a957-f7391b76b8ff,flat,1,0,5c557e06-393e-466e-a957-f7391b76b8ff::roof-flat::flat:1,12.71,1.17,0.0,-0.006,1.176,5,1
5c557e06-393e-466e-a957-f7391b76b8ff,flat,2,0,5c557e06-393e-466e-a957-f7391b76b8ff::roof-flat::flat:2,32.277,1.185,0.041,-0.043,1.228,13,1
5c557e06-393e-466e-a957-f7391b76b8ff,flat,3,0,5c557e06-393e-466e-a957-f7391b76b8ff::roof-flat::flat:3,4.027,1.024,0.0,0.0,1.024,1,1
5ecc6e8c-228b-4167-9331-de247c802320,oblique,0,2,5ecc6e8c-228b-4167-9331-de247c802320::roof-oblique::oblique:0,38.8,6.654,0.002,0.649,6.005,44,13
5ecc6e8c-228b-4167-9331-de247c802320,oblique,1,2,5ecc6e8c-228b-4167-9331-de247c802320::roof-oblique::oblique:1,37.307,6.654,0.001,0.66,5.994,11,9
60f2f02b-8910-461c-879a-75925d256989,oblique,1,1,60f2f02b-8910-461c-879a-75925d256989::roof-oblique::oblique:1,32.144,3.956,0.015,2.809,1.147,22,9
60f2f02b-8910-461c-879a-75925d256989,oblique,2,1,60f2f02b-8910-461c-879a-75925d256989::roof-oblique::oblique:2,29.389,3.956,0.02,2.809,1.147,10,9
60f2f02b-8910-461c-879a-75925d256989,flat,0,1,60f2f02b-8910-461c-879a-75925d256989::roof-flat::flat:0,5.228,1.136,0.001,-0.004,1.14,7,2
60f2f02b-8910-461c-879a-75925d256989,flat,1,1,60f2f02b-8910-461c-879a-75925d256989::roof-flat::flat:1,6.045,1.147,0.157,0.0,1.147,6,6
60f2f02b-8910-461c-879a-75925d256989,flat,3,1,60f2f02b-8910-461c-879a-75925d256989::roof-flat::flat:3,11.955,0.901,0.001,-0.022,0.923,5,2
60f2f02b-8910-461c-879a-75925d256989,flat,4,1,60f2f02b-8910-461c-879a-75925d256989::roof-flat::flat:4,12.264,1.126,0.0,0.222,0.904,2,2
60f2f02b-8910-461c-879a-75925d256989,flat,5,1,60f2f02b-8910-461c-879a-75925d256989::roof-flat::flat:5,11.459,1.059,0.0,-0.003,1.062,4,3
60fa343a-d19a-4d18-b939-33b80e790be6,flat,1,1,60fa343a-d19a-4d18-b939-33b80e790be6::roof-flat::flat:1,6.132,0.802,0.027,0.0,0.802,8,2
60fa343a-d19a-4d18-b939-33b80e790be6,flat,2,1,60fa343a-d19a-4d18-b939-33b80e790be6::roof-flat::flat:2,7.523,0.779,0.011,0.005,0.774,2,2
60fa343a-d19a-4d18-b939-33b80e790be6,flat,3,1,60fa343a-d19a-4d18-b939-33b80e790be6::roof-flat::flat:3,5.992,0.814,0.0,0.0,0.814,7,4
60fa343a-d19a-4d18-b939-33b80e790be6,flat,4,1,60fa343a-d19a-4d18-b939-33b80e790be6::roof-flat::flat:4,34.66,0.779,0.008,0.049,0.73,15,4
60fa343a-d19a-4d18-b939-33b80e790be6,flat,5,1,60fa343a-d19a-4d18-b939-33b80e790be6::roof-flat::flat:5,10.229,0.779,0.0,0.024,0.755,4,3
612d1bc8-dbed-47cb-aef5-3e64964ccc04,flat,0,0,612d1bc8-dbed-47cb-aef5-3e64964ccc04::roof-flat::flat:0,7.31,1.107,0.0,0.048,1.059,1,1
612d1bc8-dbed-47cb-aef5-3e64964ccc04,flat,1,0,612d1bc8-dbed-47cb-aef5-3e64964ccc04::roof-flat::flat:1,5.235,1.107,0.0,0.05,1.057,1,1
612d1bc8-dbed-47cb-aef5-3e64964ccc04,flat,2,0,612d1bc8-dbed-47cb-aef5-3e64964ccc04::roof-flat::flat:2,6.362,1.107,0.252,0.044,1.062,1,1
612d1bc8-dbed-47cb-aef5-3e64964ccc04,flat,3,0,612d1bc8-dbed-47cb-aef5-3e64964ccc04::roof-flat::flat:3,59.454,1.107,0.003,0.036,1.071,1,1
612d1bc8-dbed-47cb-aef5-3e64964ccc04,flat,4,0,612d1bc8-dbed-47cb-aef5-3e64964ccc04::roof-flat::flat:4,11.112,1.107,0.0,0.062,1.045,1,1
612d1bc8-dbed-47cb-aef5-3e64964ccc04,flat,5,0,612d1bc8-dbed-47cb-aef5-3e64964ccc04::roof-flat::flat:5,10.975,1.198,0.0,-0.0,1.198,1,1
612d1bc8-dbed-47cb-aef5-3e64964ccc04,flat,6,0,612d1bc8-dbed-47cb-aef5-3e64964ccc04::roof-flat::flat:6,3.756,1.22,0.0,-0.0,1.22,1,1
612d1bc8-dbed-47cb-aef5-3e64964ccc04,flat,7,0,612d1bc8-dbed-47cb-aef5-3e64964ccc04::roof-flat::flat:7,6.873,1.224,0.316,0.0,1.224,1,1
612d1bc8-dbed-47cb-aef5-3e64964ccc04,flat,8,0,612d1bc8-dbed-47cb-aef5-3e64964ccc04::roof-flat::flat:8,17.85,1.24,0.0,0.0,1.24,2,2
612d1bc8-dbed-47cb-aef5-3e64964ccc04,flat,9,0,612d1bc8-dbed-47cb-aef5-3e64964ccc04::roof-flat::flat:9,8.635,1.107,0.104,0.067,1.04,1,1
6203a969-742b-4935-bc4d-8eae644b8f73,oblique,0,0,6203a969-742b-4935-bc4d-8eae644b8f73::roof-oblique::oblique:0,46.938,4.594,0.012,2.47,2.124,5,4
6203a969-742b-4935-bc4d-8eae644b8f73,oblique,1,0,6203a969-742b-4935-bc4d-8eae644b8f73::roof-oblique::oblique:1,45.503,4.594,0.05,2.476,2.118,7,6
6203a969-742b-4935-bc4d-8eae644b8f73,flat,0,0,6203a969-742b-4935-bc4d-8eae644b8f73::roof-flat::flat:0,8.729,0.679,0.0,0.097,0.583,1,1
6203a969-742b-4935-bc4d-8eae644b8f73,flat,1,0,6203a969-742b-4935-bc4d-8eae644b8f73::roof-flat::flat:1,12.042,2.114,0.016,1.463,0.651,1,1
6203a969-742b-4935-bc4d-8eae644b8f73,flat,2,0,6203a969-742b-4935-bc4d-8eae644b8f73::roof-flat::flat:2,22.432,2.114,0.062,1.442,0.672,1,1
6203a969-742b-4935-bc4d-8eae644b8f73,flat,3,0,6203a969-742b-4935-bc4d-8eae644b8f73::roof-flat::flat:3,6.206,2.114,0.0,1.47,0.644,1,1
6203a969-742b-4935-bc4d-8eae644b8f73,flat,4,0,6203a969-742b-4935-bc4d-8eae644b8f73::roof-flat::flat:4,14.448,2.114,0.039,1.462,0.652,1,1
6203a969-742b-4935-bc4d-8eae644b8f73,flat,5,0,6203a969-742b-4935-bc4d-8eae644b8f73::roof-flat::flat:5,5.455,2.114,0.059,1.479,0.635,1,1
6203a969-742b-4935-bc4d-8eae644b8f73,flat,6,0,6203a969-742b-4935-bc4d-8eae644b8f73::roof-flat::flat:6,16.426,2.114,0.0,1.392,0.722,1,1
6203a969-742b-4935-bc4d-8eae644b8f73,flat,7,0,6203a969-742b-4935-bc4d-8eae644b8f73::roof-flat::flat:7,11.084,2.114,0.0,1.401,0.713,1,1
6203a969-742b-4935-bc4d-8eae644b8f73,flat,8,0,6203a969-742b-4935-bc4d-8eae644b8f73::roof-flat::flat:8,5.734,2.114,0.179,1.4,0.714,1,1
6203a969-742b-4935-bc4d-8eae644b8f73,flat,9,0,6203a969-742b-4935-bc4d-8eae644b8f73::roof-flat::flat:9,5.215,2.114,0.0,1.382,0.732,1,1
6203a969-742b-4935-bc4d-8eae644b8f73,flat,10,0,6203a969-742b-4935-bc4d-8eae644b8f73::roof-flat::flat:10,11.597,2.114,0.0,1.373,0.741,1,1
66a72e63-8b3c-4e57-977b-32f5119a9d09,oblique,0,2,66a72e63-8b3c-4e57-977b-32f5119a9d09::roof-oblique::oblique:0,38.02,7.46,0.006,1.429,6.031,27,10
66a72e63-8b3c-4e57-977b-32f5119a9d09,oblique,1,2,66a72e63-8b3c-4e57-977b-32f5119a9d09::roof-oblique::oblique:1,32.321,7.46,0.006,1.424,6.036,40,14
66a72e63-8b3c-4e57-977b-32f5119a9d09,flat,0,2,66a72e63-8b3c-4e57-977b-32f5119a9d09::roof-flat::flat:0,11.432,6.027,0.002,0.0,6.027,5,5
670a8030-c451-4e80-badd-6702cef02a03,oblique,0,2,670a8030-c451-4e80-badd-6702cef02a03::roof-oblique::oblique:0,25.987,2.316,0.0,1.343,0.973,9,5
670a8030-c451-4e80-badd-6702cef02a03,oblique,1,2,670a8030-c451-4e80-badd-6702cef02a03::roof-oblique::oblique:1,22.647,2.316,0.008,1.351,0.965,30,11
670a8030-c451-4e80-badd-6702cef02a03,flat,1,2,670a8030-c451-4e80-badd-6702cef02a03::roof-flat::flat:1,13.652,0.916,0.007,0.005,0.911,12,7
6c29deb7-51e6-437d-bfe4-0eb83e559881,oblique,0,2,6c29deb7-51e6-437d-bfe4-0eb83e559881::roof-oblique::oblique:0,2.571,6.51,0.0,0.401,6.109,10,4
6c29deb7-51e6-437d-bfe4-0eb83e559881,oblique,1,2,6c29deb7-51e6-437d-bfe4-0eb83e559881::roof-oblique::oblique:1,4.695,6.569,0.0,0.46,6.109,13,4
6c29deb7-51e6-437d-bfe4-0eb83e559881,flat,0,2,6c29deb7-51e6-437d-bfe4-0eb83e559881::roof-flat::flat:0,14.773,6.109,0.0,0.0,6.109,7,3
6c29deb7-51e6-437d-bfe4-0eb83e559881,flat,1,2,6c29deb7-51e6-437d-bfe4-0eb83e559881::roof-flat::flat:1,13.18,6.095,0.0,0.016,6.079,7,3
6c29deb7-51e6-437d-bfe4-0eb83e559881,flat,2,2,6c29deb7-51e6-437d-bfe4-0eb83e559881::roof-flat::flat:2,10.963,6.104,0.0,-0.009,6.113,26,4
6e8a252f-fc38-4ffa-8691-3f43938a0a16,flat,0,0,6e8a252f-fc38-4ffa-8691-3f43938a0a16::roof-flat::flat:0,14.199,1.115,0.0,0.044,1.071,1,1
6e8a252f-fc38-4ffa-8691-3f43938a0a16,flat,1,0,6e8a252f-fc38-4ffa-8691-3f43938a0a16::roof-flat::flat:1,10.471,1.115,0.0,0.018,1.097,1,1
6e8a252f-fc38-4ffa-8691-3f43938a0a16,flat,2,0,6e8a252f-fc38-4ffa-8691-3f43938a0a16::roof-flat::flat:2,6.072,1.125,0.0,0.0,1.125,1,1
6e8a252f-fc38-4ffa-8691-3f43938a0a16,flat,3,0,6e8a252f-fc38-4ffa-8691-3f43938a0a16::roof-flat::flat:3,14.931,1.159,0.108,0.0,1.159,1,1
6e8a252f-fc38-4ffa-8691-3f43938a0a16,flat,4,0,6e8a252f-fc38-4ffa-8691-3f43938a0a16::roof-flat::flat:4,8.615,1.217,0.0,0.0,1.217,1,1
6e8a252f-fc38-4ffa-8691-3f43938a0a16,flat,5,0,6e8a252f-fc38-4ffa-8691-3f43938a0a16::roof-flat::flat:5,22.684,1.115,0.0,0.059,1.056,1,1
6e8a252f-fc38-4ffa-8691-3f43938a0a16,flat,6,0,6e8a252f-fc38-4ffa-8691-3f43938a0a16::roof-flat::flat:6,9.601,1.115,0.099,0.025,1.09,1,1
6e8a252f-fc38-4ffa-8691-3f43938a0a16,flat,7,0,6e8a252f-fc38-4ffa-8691-3f43938a0a16::roof-flat::flat:7,7.133,1.115,0.0,0.006,1.109,1,1
7153d532-16c1-45e8-b7c9-f5cd1ba5cc85,flat,0,0,7153d532-16c1-45e8-b7c9-f5cd1ba5cc85::roof-flat::flat:0,8.209,1.402,0.0,0.022,1.38,2,2
7153d532-16c1-45e8-b7c9-f5cd1ba5cc85,flat,1,0,7153d532-16c1-45e8-b7c9-f5cd1ba5cc85::roof-flat::flat:1,7.451,1.646,0.0,-0.024,1.67,5,3
7153d532-16c1-45e8-b7c9-f5cd1ba5cc85,flat,2,0,7153d532-16c1-45e8-b7c9-f5cd1ba5cc85::roof-flat::flat:2,6.667,1.646,0.036,0.266,1.38,3,2
7153d532-16c1-45e8-b7c9-f5cd1ba5cc85,flat,3,0,7153d532-16c1-45e8-b7c9-f5cd1ba5cc85::roof-flat::flat:3,4.689,1.646,0.063,0.989,0.657,3,2
7153d532-16c1-45e8-b7c9-f5cd1ba5cc85,flat,4,0,7153d532-16c1-45e8-b7c9-f5cd1ba5cc85::roof-flat::flat:4,17.42,1.646,0.0,0.268,1.378,9,3
7153d532-16c1-45e8-b7c9-f5cd1ba5cc85,flat,5,0,7153d532-16c1-45e8-b7c9-f5cd1ba5cc85::roof-flat::flat:5,5.858,1.402,0.0,0.024,1.378,4,2
7153d532-16c1-45e8-b7c9-f5cd1ba5cc85,flat,6,0,7153d532-16c1-45e8-b7c9-f5cd1ba5cc85::roof-flat::flat:6,4.618,1.646,0.219,0.834,0.812,6,3
7153d532-16c1-45e8-b7c9-f5cd1ba5cc85,flat,7,1,7153d532-16c1-45e8-b7c9-f5cd1ba5cc85::roof-flat::flat:7,15.735,1.077,0.016,0.265,0.812,11,3
7153d532-16c1-45e8-b7c9-f5cd1ba5cc85,flat,8,1,7153d532-16c1-45e8-b7c9-f5cd1ba5cc85::roof-flat::flat:8,3.028,0.653,0.0,-0.004,0.657,3,2
7153d532-16c1-45e8-b7c9-f5cd1ba5cc85,flat,9,1,7153d532-16c1-45e8-b7c9-f5cd1ba5cc85::roof-flat::flat:9,17.761,0.745,0.005,-0.002,0.747,2,1
7153d532-16c1-45e8-b7c9-f5cd1ba5cc85,flat,10,1,7153d532-16c1-45e8-b7c9-f5cd1ba5cc85::roof-flat::flat:10,12.517,0.739,0.059,-0.009,0.748,2,1
71ee522c-1e78-411f-b3ce-33d59516038f,oblique,0,0,71ee522c-1e78-411f-b3ce-33d59516038f::roof-oblique::oblique:0,45.048,4.316,0.025,2.02,2.296,5,4
71ee522c-1e78-411f-b3ce-33d59516038f,oblique,1,0,71ee522c-1e78-411f-b3ce-33d59516038f::roof-oblique::oblique:1,21.675,4.316,0.001,2.026,2.29,2,1
71ee522c-1e78-411f-b3ce-33d59516038f,flat,0,0,71ee522c-1e78-411f-b3ce-33d59516038f::roof-flat::flat:0,21.582,1.263,0.183,0.0,1.263,3,1
71ee522c-1e78-411f-b3ce-33d59516038f,flat,1,0,71ee522c-1e78-411f-b3ce-33d59516038f::roof-flat::flat:1,10.905,1.1,0.098,-0.005,1.105,7,1
71ee522c-1e78-411f-b3ce-33d59516038f,flat,2,0,71ee522c-1e78-411f-b3ce-33d59516038f::roof-flat::flat:2,6.718,1.1,0.0,0.018,1.082,1,1
71ee522c-1e78-411f-b3ce-33d59516038f,flat,3,0,71ee522c-1e78-411f-b3ce-33d59516038f::roof-flat::flat:3,23.551,1.1,0.0,0.034,1.066,2,1
71ee522c-1e78-411f-b3ce-33d59516038f,flat,4,0,71ee522c-1e78-411f-b3ce-33d59516038f::roof-flat::flat:4,10.318,1.1,0.147,0.031,1.069,1,1
71ee522c-1e78-411f-b3ce-33d59516038f,flat,5,0,71ee522c-1e78-411f-b3ce-33d59516038f::roof-flat::flat:5,43.607,2.284,0.002,-0.012,2.296,3,1
71ee522c-1e78-411f-b3ce-33d59516038f,flat,6,0,71ee522c-1e78-411f-b3ce-33d59516038f::roof-flat::flat:6,8.896,2.284,0.0,1.211,1.073,1,1
720c2f50-9586-47b5-b27c-130214cd8b5d,oblique,2,2,720c2f50-9586-47b5-b27c-130214cd8b5d::roof-oblique::oblique:2,44.487,7.169,0.002,1.684,5.485,9,5
720c2f50-9586-47b5-b27c-130214cd8b5d,oblique,3,2,720c2f50-9586-47b5-b27c-130214cd8b5d::roof-oblique::oblique:3,51.312,7.169,0.046,1.684,5.485,21,12
720c2f50-9586-47b5-b27c-130214cd8b5d,flat,0,1,720c2f50-9586-47b5-b27c-130214cd8b5d::roof-flat::flat:0,4.805,2.787,0.0,0.11,2.677,1,1
720c2f50-9586-47b5-b27c-130214cd8b5d,flat,5,2,720c2f50-9586-47b5-b27c-130214cd8b5d::roof-flat::flat:5,12.49,5.423,0.0,-0.008,5.431,7,4
720c2f50-9586-47b5-b27c-130214cd8b5d,flat,6,2,720c2f50-9586-47b5-b27c-130214cd8b5d::roof-flat::flat:6,16.006,5.485,0.0,0.0,5.485,4,4
72122129-7ee2-4a14-a645-23d44df3d2b5,oblique,0,2,72122129-7ee2-4a14-a645-23d44df3d2b5::roof-oblique::oblique:0,14.27,7.891,0.0,1.943,5.948,16,9
72122129-7ee2-4a14-a645-23d44df3d2b5,oblique,1,2,72122129-7ee2-4a14-a645-23d44df3d2b5::roof-oblique::oblique:1,19.68,7.891,0.002,1.941,5.95,19,11
72122129-7ee2-4a14-a645-23d44df3d2b5,flat,0,2,72122129-7ee2-4a14-a645-23d44df3d2b5::roof-flat::flat:0,5.234,5.883,0.0,-0.003,5.886,10,5
72122129-7ee2-4a14-a645-23d44df3d2b5,flat,2,1,72122129-7ee2-4a14-a645-23d44df3d2b5::roof-flat::flat:2,3.781,3.396,0.031,0.051,3.345,1,1
72122129-7ee2-4a14-a645-23d44df3d2b5,flat,3,1,72122129-7ee2-4a14-a645-23d44df3d2b5::roof-flat::flat:3,10.69,3.396,0.093,0.301,3.095,2,2
73465f84-d5f5-4b84-8509-0e818beb5ecd,oblique,0,1,73465f84-d5f5-4b84-8509-0e818beb5ecd::roof-oblique::oblique:0,25.193,1.529,0.019,0.046,1.483,9,7
73465f84-d5f5-4b84-8509-0e818beb5ecd,flat,0,1,73465f84-d5f5-4b84-8509-0e818beb5ecd::roof-flat::flat:0,11.657,1.448,0.0,-0.0,1.448,2,2
73465f84-d5f5-4b84-8509-0e818beb5ecd,flat,1,1,73465f84-d5f5-4b84-8509-0e818beb5ecd::roof-flat::flat:1,9.69,1.466,0.032,0.369,1.097,3,2
73465f84-d5f5-4b84-8509-0e818beb5ecd,flat,2,1,73465f84-d5f5-4b84-8509-0e818beb5ecd::roof-flat::flat:2,8.042,1.483,0.0,-0.0,1.483,2,2
73465f84-d5f5-4b84-8509-0e818beb5ecd,flat,3,1,73465f84-d5f5-4b84-8509-0e818beb5ecd::roof-flat::flat:3,14.446,1.213,0.126,0.0,1.213,8,3
73465f84-d5f5-4b84-8509-0e818beb5ecd,flat,4,1,73465f84-d5f5-4b84-8509-0e818beb5ecd::roof-flat::flat:4,19.959,1.059,0.0,0.056,1.003,1,1
73465f84-d5f5-4b84-8509-0e818beb5ecd,flat,5,1,73465f84-d5f5-4b84-8509-0e818beb5ecd::roof-flat::flat:5,29.729,1.059,0.005,0.039,1.02,2,2
73c1d779-2257-4e39-838a-5b026bca2401,flat,0,0,73c1d779-2257-4e39-838a-5b026bca2401::roof-flat::flat:0,17.68,0.793,0.0,0.022,0.771,1,1
73c1d779-2257-4e39-838a-5b026bca2401,flat,1,0,73c1d779-2257-4e39-838a-5b026bca2401::roof-flat::flat:1,9.016,0.793,0.0,0.045,0.748,1,1
73c1d779-2257-4e39-838a-5b026bca2401,flat,2,0,73c1d779-2257-4e39-838a-5b026bca2401::roof-flat::flat:2,2.888,0.793,0.0,0.076,0.717,1,1
73c1d779-2257-4e39-838a-5b026bca2401,flat,3,0,73c1d779-2257-4e39-838a-5b026bca2401::roof-flat::flat:3,34.46,0.823,0.026,-0.0,0.823,1,1
73c1d779-2257-4e39-838a-5b026bca2401,flat,4,0,73c1d779-2257-4e39-838a-5b026bca2401::roof-flat::flat:4,25.756,0.802,0.0,0.0,0.802,1,1
73c1d779-2257-4e39-838a-5b026bca2401,flat,5,0,73c1d779-2257-4e39-838a-5b026bca2401::roof-flat::flat:5,13.249,0.793,0.0,0.012,0.781,1,1
73c1d779-2257-4e39-838a-5b026bca2401,flat,6,0,73c1d779-2257-4e39-838a-5b026bca2401::roof-flat::flat:6,8.81,0.793,0.0,0.035,0.758,1,1
73c1d779-2257-4e39-838a-5b026bca2401,flat,7,0,73c1d779-2257-4e39-838a-5b026bca2401::roof-flat::flat:7,8.794,0.793,0.0,0.014,0.779,1,1
73c1d779-2257-4e39-838a-5b026bca2401,flat,8,0,73c1d779-2257-4e39-838a-5b026bca2401::roof-flat::flat:8,16.304,0.793,0.0,0.031,0.762,1,1
73c1d779-2257-4e39-838a-5b026bca2401,flat,9,0,73c1d779-2257-4e39-838a-5b026bca2401::roof-flat::flat:9,13.47,0.803,0.0,-0.0,0.803,1,1
73c1d779-2257-4e39-838a-5b026bca2401,flat,10,0,73c1d779-2257-4e39-838a-5b026bca2401::roof-flat::flat:10,6.039,0.826,0.0,0.0,0.826,3,1
73c1d779-2257-4e39-838a-5b026bca2401,flat,11,0,73c1d779-2257-4e39-838a-5b026bca2401::roof-flat::flat:11,8.035,0.819,0.0,0.0,0.819,1,1
777b25c6-42e6-40d3-a0a4-aaafdd23842e,oblique,0,1,777b25c6-42e6-40d3-a0a4-aaafdd23842e::roof-oblique::oblique:0,18.344,4.766,0.0,1.166,3.6,10,4
777b25c6-42e6-40d3-a0a4-aaafdd23842e,oblique,1,1,777b25c6-42e6-40d3-a0a4-aaafdd23842e::roof-oblique::oblique:1,11.07,4.766,0.021,1.178,3.588,10,5
7791ff1d-7641-4da1-8380-1773d30a7bcc,flat,0,1,7791ff1d-7641-4da1-8380-1773d30a7bcc::roof-flat::flat:0,54.223,2.226,0.0,-0.0,2.226,4,3
7791ff1d-7641-4da1-8380-1773d30a7bcc,flat,1,0,7791ff1d-7641-4da1-8380-1773d30a7bcc::roof-flat::flat:1,6.269,2.22,0.0,1.346,0.874,1,1
7791ff1d-7641-4da1-8380-1773d30a7bcc,flat,2,0,7791ff1d-7641-4da1-8380-1773d30a7bcc::roof-flat::flat:2,2.6,2.22,0.172,1.355,0.865,1,1
7791ff1d-7641-4da1-8380-1773d30a7bcc,flat,3,0,7791ff1d-7641-4da1-8380-1773d30a7bcc::roof-flat::flat:3,10.245,2.22,0.032,1.344,0.876,1,1
7791ff1d-7641-4da1-8380-1773d30a7bcc,flat,4,0,7791ff1d-7641-4da1-8380-1773d30a7bcc::roof-flat::flat:4,9.312,2.22,0.016,1.365,0.855,1,1
7791ff1d-7641-4da1-8380-1773d30a7bcc,flat,5,0,7791ff1d-7641-4da1-8380-1773d30a7bcc::roof-flat::flat:5,10.401,2.22,0.083,-0.006,2.226,3,2
795ceae3-b6ef-42bc-bd48-9b69f06e9de6,oblique,0,0,795ceae3-b6ef-42bc-bd48-9b69f06e9de6::roof-oblique::oblique:0,8.58,1.318,0.048,0.238,1.08,4,2
795ceae3-b6ef-42bc-bd48-9b69f06e9de6,flat,0,0,795ceae3-b6ef-42bc-bd48-9b69f06e9de6::roof-flat::flat:0,4.786,1.079,0.0,-0.001,1.08,2,1
795ceae3-b6ef-42bc-bd48-9b69f06e9de6,flat,1,0,795ceae3-b6ef-42bc-bd48-9b69f06e9de6::roof-flat::flat:1,5.902,1.04,0.0,-0.0,1.04,2,1
795ceae3-b6ef-42bc-bd48-9b69f06e9de6,flat,2,0,795ceae3-b6ef-42bc-bd48-9b69f06e9de6::roof-flat::flat:2,5.679,1.041,0.0,0.0,1.041,1,1
795ceae3-b6ef-42bc-bd48-9b69f06e9de6,flat,3,0,795ceae3-b6ef-42bc-bd48-9b69f06e9de6::roof-flat::flat:3,11.096,1.011,0.0,0.0,1.011,1,1
795ceae3-b6ef-42bc-bd48-9b69f06e9de6,flat,4,0,795ceae3-b6ef-42bc-bd48-9b69f06e9de6::roof-flat::flat:4,9.862,1.027,0.0,0.0,1.027,1,1
795ceae3-b6ef-42bc-bd48-9b69f06e9de6,flat,5,0,795ceae3-b6ef-42bc-bd48-9b69f06e9de6::roof-flat::flat:5,5.039,0.999,0.0,0.005,0.994,1,1
795ceae3-b6ef-42bc-bd48-9b69f06e9de6,flat,6,0,795ceae3-b6ef-42bc-bd48-9b69f06e9de6::roof-flat::flat:6,36.324,0.999,0.0,0.037,0.962,1,1
795ceae3-b6ef-42bc-bd48-9b69f06e9de6,flat,7,0,795ceae3-b6ef-42bc-bd48-9b69f06e9de6::roof-flat::flat:7,4.195,0.999,0.084,0.051,0.948,1,1
795ceae3-b6ef-42bc-bd48-9b69f06e9de6,flat,8,0,795ceae3-b6ef-42bc-bd48-9b69f06e9de6::roof-flat::flat:8,43.469,0.999,0.025,0.045,0.954,1,1
7cabc39b-6328-4a6e-9491-822fa6b3c3fb,oblique,0,0,7cabc39b-6328-4a6e-9491-822fa6b3c3fb::roof-oblique::oblique:0,55.299,2.089,0.084,0.008,2.081,6,5
7cabc39b-6328-4a6e-9491-822fa6b3c3fb,oblique,1,0,7cabc39b-6328-4a6e-9491-822fa6b3c3fb::roof-oblique::oblique:1,68.54,2.089,0.086,-0.007,2.096,8,7
7cabc39b-6328-4a6e-9491-822fa6b3c3fb,oblique,2,0,7cabc39b-6328-4a6e-9491-822fa6b3c3fb::roof-oblique::oblique:2,16.252,2.016,0.0,-0.074,2.09,1,1
7cabc39b-6328-4a6e-9491-822fa6b3c3fb,oblique,3,0,7cabc39b-6328-4a6e-9491-822fa6b3c3fb::roof-oblique::oblique:3,48.572,2.016,0.07,-0.074,2.09,8,6
7cabc39b-6328-4a6e-9491-822fa6b3c3fb,flat,0,0,7cabc39b-6328-4a6e-9491-822fa6b3c3fb::roof-flat::flat:0,8.579,2.035,0.0,0.847,1.188,2,1
7cabc39b-6328-4a6e-9491-822fa6b3c3fb,flat,1,0,7cabc39b-6328-4a6e-9491-822fa6b3c3fb::roof-flat::flat:1,30.371,1.173,0.0,0.011,1.162,1,1
7cabc39b-6328-4a6e-9491-822fa6b3c3fb,flat,2,0,7cabc39b-6328-4a6e-9491-822fa6b3c3fb::roof-flat::flat:2,20.936,1.191,0.416,0.0,1.191,1,1
7e42a701-1f0a-451a-8229-05f581454979,flat,0,0,7e42a701-1f0a-451a-8229-05f581454979::roof-flat::flat:0,33.483,1.257,0.0,-0.0,1.257,1,1
7e42a701-1f0a-451a-8229-05f581454979,flat,1,0,7e42a701-1f0a-451a-8229-05f581454979::roof-flat::flat:1,7.768,1.231,0.0,0.002,1.23,1,1
7e42a701-1f0a-451a-8229-05f581454979,flat,2,0,7e42a701-1f0a-451a-8229-05f581454979::roof-flat::flat:2,12.347,1.231,0.0,0.016,1.215,1,1
7e42a701-1f0a-451a-8229-05f581454979,flat,3,0,7e42a701-1f0a-451a-8229-05f581454979::roof-flat::flat:3,2.338,1.231,0.0,0.004,1.227,1,1
7e42a701-1f0a-451a-8229-05f581454979,flat,4,0,7e42a701-1f0a-451a-8229-05f581454979::roof-flat::flat:4,3.498,1.236,0.0,-0.0,1.236,1,1
7e42a701-1f0a-451a-8229-05f581454979,flat,5,0,7e42a701-1f0a-451a-8229-05f581454979::roof-flat::flat:5,7.565,1.231,0.0,0.055,1.176,1,1
7e42a701-1f0a-451a-8229-05f581454979,flat,6,0,7e42a701-1f0a-451a-8229-05f581454979::roof-flat::flat:6,10.445,1.231,0.0,0.037,1.194,1,1
7e42a701-1f0a-451a-8229-05f581454979,flat,7,0,7e42a701-1f0a-451a-8229-05f581454979::roof-flat::flat:7,6.159,1.231,0.0,0.016,1.215,1,1
7e42a701-1f0a-451a-8229-05f581454979,flat,8,0,7e42a701-1f0a-451a-8229-05f581454979::roof-flat::flat:8,14.356,1.231,0.099,0.018,1.213,1,1
7e42a701-1f0a-451a-8229-05f581454979,flat,9,0,7e42a701-1f0a-451a-8229-05f581454979::roof-flat::flat:9,12.893,1.231,0.083,-0.0,1.231,1,1
7e42a701-1f0a-451a-8229-05f581454979,flat,10,0,7e42a701-1f0a-451a-8229-05f581454979::roof-flat::flat:10,6.335,1.231,0.126,0.02,1.211,1,1
7e42a701-1f0a-451a-8229-05f581454979,flat,11,0,7e42a701-1f0a-451a-8229-05f581454979::roof-flat::flat:11,9.118,1.263,0.0,-0.0,1.263,1,1
85b7d943-95c9-4937-af42-121f705ed3e0,flat,0,0,85b7d943-95c9-4937-af42-121f705ed3e0::roof-flat::flat:0,3.212,0.866,0.0,0.0,0.866,1,1
85b7d943-95c9-4937-af42-121f705ed3e0,flat,1,0,85b7d943-95c9-4937-af42-121f705ed3e0::roof-flat::flat:1,8.174,0.843,0.0,0.012,0.831,1,1
85b7d943-95c9-4937-af42-121f705ed3e0,flat,2,0,85b7d943-95c9-4937-af42-121f705ed3e0::roof-flat::flat:2,6.053,0.843,0.0,0.01,0.833,1,1
85b7d943-95c9-4937-af42-121f705ed3e0,flat,3,0,85b7d943-95c9-4937-af42-121f705ed3e0::roof-flat::flat:3,10.409,0.852,0.0,-0.0,0.852,1,1
85b7d943-95c9-4937-af42-121f705ed3e0,flat,4,0,85b7d943-95c9-4937-af42-121f705ed3e0::roof-flat::flat:4,7.583,0.843,0.0,0.003,0.84,1,1
85b7d943-95c9-4937-af42-121f705ed3e0,flat,5,0,85b7d943-95c9-4937-af42-121f705ed3e0::roof-flat::flat:5,32.074,0.843,0.015,0.037,0.806,1,1
85b7d943-95c9-4937-af42-121f705ed3e0,flat,6,0,85b7d943-95c9-4937-af42-121f705ed3e0::roof-flat::flat:6,8.734,0.843,0.0,0.014,0.829,1,1
873952bc-1159-43dd-b4bd-6535a55c57cf,oblique,0,1,873952bc-1159-43dd-b4bd-6535a55c57cf::roof-oblique::oblique:0,19.015,3.88,0.026,1.282,2.598,20,6
873952bc-1159-43dd-b4bd-6535a55c57cf,oblique,1,1,873952bc-1159-43dd-b4bd-6535a55c57cf::roof-oblique::oblique:1,19.629,3.88,0.008,1.287,2.593,15,6
873952bc-1159-43dd-b4bd-6535a55c57cf,flat,0,1,873952bc-1159-43dd-b4bd-6535a55c57cf::roof-flat::flat:0,6.764,2.589,0.016,-0.0,2.589,10,2
893d4535-3169-4907-a93a-b3ab8f66ec1c,oblique,0,0,893d4535-3169-4907-a93a-b3ab8f66ec1c::roof-oblique::oblique:0,6.622,1.819,0.134,0.134,1.685,3,3
893d4535-3169-4907-a93a-b3ab8f66ec1c,oblique,1,0,893d4535-3169-4907-a93a-b3ab8f66ec1c::roof-oblique::oblique:1,66.219,1.924,0.02,0.019,1.905,15,6
893d4535-3169-4907-a93a-b3ab8f66ec1c,oblique,2,0,893d4535-3169-4907-a93a-b3ab8f66ec1c::roof-oblique::oblique:2,57.158,1.924,0.066,0.012,1.912,22,9
893d4535-3169-4907-a93a-b3ab8f66ec1c,flat,0,0,893d4535-3169-4907-a93a-b3ab8f66ec1c::roof-flat::flat:0,5.595,1.001,0.0,0.099,0.901,1,1
893d4535-3169-4907-a93a-b3ab8f66ec1c,flat,1,0,893d4535-3169-4907-a93a-b3ab8f66ec1c::roof-flat::flat:1,10.034,1.001,0.0,0.074,0.927,1,1
893d4535-3169-4907-a93a-b3ab8f66ec1c,flat,2,0,893d4535-3169-4907-a93a-b3ab8f66ec1c::roof-flat::flat:2,8.714,1.672,0.0,0.7,0.972,1,1
893d4535-3169-4907-a93a-b3ab8f66ec1c,flat,3,0,893d4535-3169-4907-a93a-b3ab8f66ec1c::roof-flat::flat:3,10.576,1.001,0.001,0.066,0.935,1,1
893d4535-3169-4907-a93a-b3ab8f66ec1c,flat,4,0,893d4535-3169-4907-a93a-b3ab8f66ec1c::roof-flat::flat:4,5.949,1.006,0.0,-0.0,1.006,1,1
893d4535-3169-4907-a93a-b3ab8f66ec1c,flat,5,0,893d4535-3169-4907-a93a-b3ab8f66ec1c::roof-flat::flat:5,11.338,1.672,0.0,0.631,1.041,1,1
893d4535-3169-4907-a93a-b3ab8f66ec1c,flat,6,0,893d4535-3169-4907-a93a-b3ab8f66ec1c::roof-flat::flat:6,15.35,1.905,0.235,0.942,0.963,1,1
893d4535-3169-4907-a93a-b3ab8f66ec1c,flat,7,0,893d4535-3169-4907-a93a-b3ab8f66ec1c::roof-flat::flat:7,5.946,1.905,0.0,0.874,1.031,1,1
893d4535-3169-4907-a93a-b3ab8f66ec1c,flat,8,0,893d4535-3169-4907-a93a-b3ab8f66ec1c::roof-flat::flat:8,3.981,1.905,0.508,0.88,1.025,1,1
893d4535-3169-4907-a93a-b3ab8f66ec1c,flat,9,0,893d4535-3169-4907-a93a-b3ab8f66ec1c::roof-flat::flat:9,5.358,1.036,0.0,0.0,1.036,2,1
8ab161a4-c958-49c9-8ca8-7a997292d52f,flat,0,0,8ab161a4-c958-49c9-8ca8-7a997292d52f::roof-flat::flat:0,2.757,1.196,0.0,0.0,1.196,1,1
8ab161a4-c958-49c9-8ca8-7a997292d52f,flat,1,0,8ab161a4-c958-49c9-8ca8-7a997292d52f::roof-flat::flat:1,12.668,1.309,0.0,-0.0,1.309,2,1
8ab161a4-c958-49c9-8ca8-7a997292d52f,flat,2,0,8ab161a4-c958-49c9-8ca8-7a997292d52f::roof-flat::flat:2,6.668,1.142,0.0,0.032,1.11,1,1
8ab161a4-c958-49c9-8ca8-7a997292d52f,flat,3,0,8ab161a4-c958-49c9-8ca8-7a997292d52f::roof-flat::flat:3,6.618,1.142,0.0,0.011,1.131,1,1
8b723372-749f-4992-a044-d62bb99b84cc,oblique,0,1,8b723372-749f-4992-a044-d62bb99b84cc::roof-oblique::oblique:0,25.73,1.949,0.0,0.015,1.934,17,8
8b723372-749f-4992-a044-d62bb99b84cc,oblique,1,1,8b723372-749f-4992-a044-d62bb99b84cc::roof-oblique::oblique:1,20.047,1.949,0.001,0.022,1.927,14,6
8e7e69b2-e1db-4482-8f21-93be6904a5f1,oblique,0,1,8e7e69b2-e1db-4482-8f21-93be6904a5f1::roof-oblique::oblique:0,4.259,1.227,0.0,0.157,1.07,5,3
8e7e69b2-e1db-4482-8f21-93be6904a5f1,flat,1,1,8e7e69b2-e1db-4482-8f21-93be6904a5f1::roof-flat::flat:1,48.32,1.052,0.026,0.011,1.041,8,3
8e7e69b2-e1db-4482-8f21-93be6904a5f1,flat,2,1,8e7e69b2-e1db-4482-8f21-93be6904a5f1::roof-flat::flat:2,5.196,1.052,0.0,0.033,1.019,1,1
8e7e69b2-e1db-4482-8f21-93be6904a5f1,flat,3,1,8e7e69b2-e1db-4482-8f21-93be6904a5f1::roof-flat::flat:3,14.231,1.052,0.0,0.001,1.051,1,1
8e7e69b2-e1db-4482-8f21-93be6904a5f1,flat,4,1,8e7e69b2-e1db-4482-8f21-93be6904a5f1::roof-flat::flat:4,11.812,1.071,0.044,0.0,1.071,6,2
8e7e69b2-e1db-4482-8f21-93be6904a5f1,flat,5,1,8e7e69b2-e1db-4482-8f21-93be6904a5f1::roof-flat::flat:5,12.445,1.066,0.0,-0.004,1.07,6,2
8e7e69b2-e1db-4482-8f21-93be6904a5f1,flat,6,1,8e7e69b2-e1db-4482-8f21-93be6904a5f1::roof-flat::flat:6,7.39,1.1,0.0,0.0,1.1,2,2
8fc0de5f-99be-4295-b529-d389a4670a8f,flat,0,0,8fc0de5f-99be-4295-b529-d389a4670a8f::roof-flat::flat:0,9.456,1.03,0.0,0.007,1.023,1,1
8fc0de5f-99be-4295-b529-d389a4670a8f,flat,1,0,8fc0de5f-99be-4295-b529-d389a4670a8f::roof-flat::flat:1,28.368,1.03,0.02,0.063,0.967,1,1
8fc0de5f-99be-4295-b529-d389a4670a8f,flat,2,0,8fc0de5f-99be-4295-b529-d389a4670a8f::roof-flat::flat:2,7.961,1.041,0.0,-0.0,1.041,1,1
8fc0de5f-99be-4295-b529-d389a4670a8f,flat,3,0,8fc0de5f-99be-4295-b529-d389a4670a8f::roof-flat::flat:3,7.793,1.059,0.0,-0.0,1.059,1,1
8fc0de5f-99be-4295-b529-d389a4670a8f,flat,4,0,8fc0de5f-99be-4295-b529-d389a4670a8f::roof-flat::flat:4,8.799,1.03,0.0,0.065,0.965,1,1
8fc0de5f-99be-4295-b529-d389a4670a8f,flat,5,0,8fc0de5f-99be-4295-b529-d389a4670a8f::roof-flat::flat:5,4.073,1.092,0.0,0.0,1.092,1,1
8fc0de5f-99be-4295-b529-d389a4670a8f,flat,6,0,8fc0de5f-99be-4295-b529-d389a4670a8f::roof-flat::flat:6,7.503,1.03,0.004,0.056,0.974,1,1
90683bb0-28ca-42a8-82b8-09d82cd434d5,oblique,0,2,90683bb0-28ca-42a8-82b8-09d82cd434d5::roof-oblique::oblique:0,18.051,2.11,0.0,-0.091,2.201,18,5
90683bb0-28ca-42a8-82b8-09d82cd434d5,oblique,1,2,90683bb0-28ca-42a8-82b8-09d82cd434d5::roof-oblique::oblique:1,17.414,2.11,0.0,-0.088,2.198,14,3
91f66e67-37e3-4cc9-9815-a4ce71c56a0a,flat,0,0,91f66e67-37e3-4cc9-9815-a4ce71c56a0a::roof-flat::flat:0,2.428,0.816,0.25,0.002,0.814,1,1
91f66e67-37e3-4cc9-9815-a4ce71c56a0a,flat,1,0,91f66e67-37e3-4cc9-9815-a4ce71c56a0a::roof-flat::flat:1,13.021,0.83,0.0,-0.0,0.83,1,1
91f66e67-37e3-4cc9-9815-a4ce71c56a0a,flat,2,0,91f66e67-37e3-4cc9-9815-a4ce71c56a0a::roof-flat::flat:2,10.514,0.826,0.03,0.0,0.826,1,1
91f66e67-37e3-4cc9-9815-a4ce71c56a0a,flat,3,0,91f66e67-37e3-4cc9-9815-a4ce71c56a0a::roof-flat::flat:3,38.531,0.816,0.0,-0.005,0.821,2,2
91f66e67-37e3-4cc9-9815-a4ce71c56a0a,flat,4,0,91f66e67-37e3-4cc9-9815-a4ce71c56a0a::roof-flat::flat:4,8.198,0.816,0.0,0.008,0.808,1,1
91f66e67-37e3-4cc9-9815-a4ce71c56a0a,flat,5,0,91f66e67-37e3-4cc9-9815-a4ce71c56a0a::roof-flat::flat:5,28.696,0.816,0.056,0.007,0.809,3,3
91f66e67-37e3-4cc9-9815-a4ce71c56a0a,flat,6,0,91f66e67-37e3-4cc9-9815-a4ce71c56a0a::roof-flat::flat:6,8.75,0.829,0.0,-0.001,0.83,1,1
91f66e67-37e3-4cc9-9815-a4ce71c56a0a,flat,7,0,91f66e67-37e3-4cc9-9815-a4ce71c56a0a::roof-flat::flat:7,5.823,0.816,0.0,0.007,0.809,1,1
938d6ed6-d916-462b-ba37-f421feb2af21,flat,0,0,938d6ed6-d916-462b-ba37-f421feb2af21::roof-flat::flat:0,25.31,1.287,0.001,-0.005,1.292,4,3
938d6ed6-d916-462b-ba37-f421feb2af21,flat,1,0,938d6ed6-d916-462b-ba37-f421feb2af21::roof-flat::flat:1,6.888,1.287,0.003,-0.005,1.292,2,2
938d6ed6-d916-462b-ba37-f421feb2af21,flat,2,0,938d6ed6-d916-462b-ba37-f421feb2af21::roof-flat::flat:2,11.018,1.287,0.033,-0.005,1.292,2,2
938d6ed6-d916-462b-ba37-f421feb2af21,flat,3,0,938d6ed6-d916-462b-ba37-f421feb2af21::roof-flat::flat:3,7.369,1.287,0.081,-0.005,1.292,2,2
938d6ed6-d916-462b-ba37-f421feb2af21,flat,4,0,938d6ed6-d916-462b-ba37-f421feb2af21::roof-flat::flat:4,7.549,1.287,0.0,0.002,1.285,6,2
938d6ed6-d916-462b-ba37-f421feb2af21,flat,5,0,938d6ed6-d916-462b-ba37-f421feb2af21::roof-flat::flat:5,4.835,1.287,0.0,2.971,-1.684,1,1
938d6ed6-d916-462b-ba37-f421feb2af21,flat,6,0,938d6ed6-d916-462b-ba37-f421feb2af21::roof-flat::flat:6,29.746,1.287,0.004,0.002,1.285,4,4
938d6ed6-d916-462b-ba37-f421feb2af21,flat,7,0,938d6ed6-d916-462b-ba37-f421feb2af21::roof-flat::flat:7,9.936,1.287,0.165,0.002,1.285,4,4
938d6ed6-d916-462b-ba37-f421feb2af21,flat,8,0,938d6ed6-d916-462b-ba37-f421feb2af21::roof-flat::flat:8,2.803,1.287,0.0,0.002,1.285,3,3
938d6ed6-d916-462b-ba37-f421feb2af21,flat,9,0,938d6ed6-d916-462b-ba37-f421feb2af21::roof-flat::flat:9,13.119,1.287,0.012,0.002,1.285,4,4
938d6ed6-d916-462b-ba37-f421feb2af21,flat,10,0,938d6ed6-d916-462b-ba37-f421feb2af21::roof-flat::flat:10,11.35,1.287,0.0,-0.055,1.342,3,3
938d6ed6-d916-462b-ba37-f421feb2af21,flat,11,0,938d6ed6-d916-462b-ba37-f421feb2af21::roof-flat::flat:11,8.347,1.287,0.0,0.002,1.285,2,2
938d6ed6-d916-462b-ba37-f421feb2af21,flat,12,2,938d6ed6-d916-462b-ba37-f421feb2af21::roof-flat::flat:12,9.867,1.287,0.0,0.026,1.261,4,4
938d6ed6-d916-462b-ba37-f421feb2af21,flat,13,2,938d6ed6-d916-462b-ba37-f421feb2af21::roof-flat::flat:13,9.121,1.342,0.155,-0.0,1.342,5,5
938d6ed6-d916-462b-ba37-f421feb2af21,flat,14,2,938d6ed6-d916-462b-ba37-f421feb2af21::roof-flat::flat:14,50.096,1.287,0.0,0.002,1.285,9,8
938d6ed6-d916-462b-ba37-f421feb2af21,flat,15,2,938d6ed6-d916-462b-ba37-f421feb2af21::roof-flat::flat:15,13.949,1.287,0.0,0.064,1.223,2,2
938d6ed6-d916-462b-ba37-f421feb2af21,flat,16,2,938d6ed6-d916-462b-ba37-f421feb2af21::roof-flat::flat:16,8.38,1.287,0.036,0.07,1.217,2,2
938d6ed6-d916-462b-ba37-f421feb2af21,flat,17,2,938d6ed6-d916-462b-ba37-f421feb2af21::roof-flat::flat:17,2.766,1.287,0.0,0.006,1.281,1,1
938d6ed6-d916-462b-ba37-f421feb2af21,flat,18,1,938d6ed6-d916-462b-ba37-f421feb2af21::roof-flat::flat:18,59.724,1.287,0.0,0.072,1.215,2,2
938d6ed6-d916-462b-ba37-f421feb2af21,flat,19,2,938d6ed6-d916-462b-ba37-f421feb2af21::roof-flat::flat:19,42.174,1.292,0.034,-0.0,1.292,6,5
938d6ed6-d916-462b-ba37-f421feb2af21,flat,20,2,938d6ed6-d916-462b-ba37-f421feb2af21::roof-flat::flat:20,7.154,1.287,0.0,0.014,1.273,1,1
940c5969-1037-4f02-810b-6d4c89b0582b,flat,0,0,940c5969-1037-4f02-810b-6d4c89b0582b::roof-flat::flat:0,20.766,0.983,0.0,-0.0,0.983,1,1
940c5969-1037-4f02-810b-6d4c89b0582b,flat,1,0,940c5969-1037-4f02-810b-6d4c89b0582b::roof-flat::flat:1,37.054,0.911,0.0,-0.002,0.913,3,3
940c5969-1037-4f02-810b-6d4c89b0582b,flat,2,0,940c5969-1037-4f02-810b-6d4c89b0582b::roof-flat::flat:2,11.719,0.937,0.0,-0.0,0.937,1,1
9419424d-2dd9-4dd2-a9d9-e029e32c1f28,oblique,0,0,9419424d-2dd9-4dd2-a9d9-e029e32c1f28::roof-oblique::oblique:0,27.91,1.244,0.083,0.111,1.133,14,7
9419424d-2dd9-4dd2-a9d9-e029e32c1f28,flat,0,0,9419424d-2dd9-4dd2-a9d9-e029e32c1f28::roof-flat::flat:0,11.475,0.909,0.008,0.142,0.767,1,1
9419424d-2dd9-4dd2-a9d9-e029e32c1f28,flat,1,0,9419424d-2dd9-4dd2-a9d9-e029e32c1f28::roof-flat::flat:1,3.463,0.95,0.0,-0.0,0.95,1,1
9419424d-2dd9-4dd2-a9d9-e029e32c1f28,flat,2,0,9419424d-2dd9-4dd2-a9d9-e029e32c1f28::roof-flat::flat:2,21.012,0.956,0.0,-0.054,1.01,3,3
9419424d-2dd9-4dd2-a9d9-e029e32c1f28,flat,3,0,9419424d-2dd9-4dd2-a9d9-e029e32c1f28::roof-flat::flat:3,10.18,1.01,0.005,-0.0,1.01,2,1
9419424d-2dd9-4dd2-a9d9-e029e32c1f28,flat,4,0,9419424d-2dd9-4dd2-a9d9-e029e32c1f28::roof-flat::flat:4,11.952,1.107,0.0,-0.001,1.108,3,1
9419424d-2dd9-4dd2-a9d9-e029e32c1f28,flat,5,0,9419424d-2dd9-4dd2-a9d9-e029e32c1f28::roof-flat::flat:5,9.063,1.132,0.004,-0.0,1.132,1,1
9419424d-2dd9-4dd2-a9d9-e029e32c1f28,flat,6,0,9419424d-2dd9-4dd2-a9d9-e029e32c1f28::roof-flat::flat:6,6.623,0.648,0.0,-0.001,0.649,1,1
9419424d-2dd9-4dd2-a9d9-e029e32c1f28,flat,7,0,9419424d-2dd9-4dd2-a9d9-e029e32c1f28::roof-flat::flat:7,1.639,0.909,0.078,0.363,0.546,4,2
945b16b9-0ebf-409e-af08-aab7672801d2,oblique,0,0,945b16b9-0ebf-409e-af08-aab7672801d2::roof-oblique::oblique:0,27.672,1.022,0.029,0.066,0.956,10,6
945b16b9-0ebf-409e-af08-aab7672801d2,flat,0,0,945b16b9-0ebf-409e-af08-aab7672801d2::roof-flat::flat:0,7.374,0.889,0.001,-0.024,0.913,1,1
945b16b9-0ebf-409e-af08-aab7672801d2,flat,1,0,945b16b9-0ebf-409e-af08-aab7672801d2::roof-flat::flat:1,16.005,0.919,0.072,0.014,0.905,2,2
945b16b9-0ebf-409e-af08-aab7672801d2,flat,2,0,945b16b9-0ebf-409e-af08-aab7672801d2::roof-flat::flat:2,32.23,0.956,0.0,0.0,0.956,1,1
945b16b9-0ebf-409e-af08-aab7672801d2,flat,3,0,945b16b9-0ebf-409e-af08-aab7672801d2::roof-flat::flat:3,9.274,0.919,0.088,0.004,0.915,1,1
945b16b9-0ebf-409e-af08-aab7672801d2,flat,4,0,945b16b9-0ebf-409e-af08-aab7672801d2::roof-flat::flat:4,4.17,0.919,0.0,0.02,0.899,1,1
945b16b9-0ebf-409e-af08-aab7672801d2,flat,5,0,945b16b9-0ebf-409e-af08-aab7672801d2::roof-flat::flat:5,11.52,0.924,0.0,0.0,0.924,1,1
945b16b9-0ebf-409e-af08-aab7672801d2,flat,6,0,945b16b9-0ebf-409e-af08-aab7672801d2::roof-flat::flat:6,7.979,0.919,0.0,0.005,0.914,1,1
945b16b9-0ebf-409e-af08-aab7672801d2,flat,7,0,945b16b9-0ebf-409e-af08-aab7672801d2::roof-flat::flat:7,8.126,0.863,0.003,-0.0,0.863,5,1
964a40ac-d9df-44e1-b64b-84e02b909004,flat,0,0,964a40ac-d9df-44e1-b64b-84e02b909004::roof-flat::flat:0,9.135,0.761,0.0,0.0,0.761,1,1
964a40ac-d9df-44e1-b64b-84e02b909004,flat,1,0,964a40ac-d9df-44e1-b64b-84e02b909004::roof-flat::flat:1,10.507,0.755,0.172,0.031,0.724,1,1
964a40ac-d9df-44e1-b64b-84e02b909004,flat,2,0,964a40ac-d9df-44e1-b64b-84e02b909004::roof-flat::flat:2,7.304,0.766,0.0,-0.0,0.766,1,1
964a40ac-d9df-44e1-b64b-84e02b909004,flat,3,0,964a40ac-d9df-44e1-b64b-84e02b909004::roof-flat::flat:3,6.854,0.782,0.0,-0.0,0.782,1,1
964a40ac-d9df-44e1-b64b-84e02b909004,flat,4,0,964a40ac-d9df-44e1-b64b-84e02b909004::roof-flat::flat:4,3.122,0.755,0.0,0.003,0.752,1,1
964a40ac-d9df-44e1-b64b-84e02b909004,flat,5,0,964a40ac-d9df-44e1-b64b-84e02b909004::roof-flat::flat:5,9.297,0.755,0.0,0.004,0.751,1,1
964a40ac-d9df-44e1-b64b-84e02b909004,flat,6,0,964a40ac-d9df-44e1-b64b-84e02b909004::roof-flat::flat:6,24.525,0.762,0.021,0.0,0.762,4,2
964a40ac-d9df-44e1-b64b-84e02b909004,flat,7,0,964a40ac-d9df-44e1-b64b-84e02b909004::roof-flat::flat:7,12.114,0.755,0.0,0.129,0.626,1,1
97571caa-1065-4ac5-a385-2ec9758026dd,oblique,0,0,97571caa-1065-4ac5-a385-2ec9758026dd::roof-oblique::oblique:0,63.938,1.814,0.075,-0.04,1.854,16,8
97571caa-1065-4ac5-a385-2ec9758026dd,oblique,1,0,97571caa-1065-4ac5-a385-2ec9758026dd::roof-oblique::oblique:1,89.567,1.814,0.112,-0.04,1.854,21,6
97571caa-1065-4ac5-a385-2ec9758026dd,flat,0,0,97571caa-1065-4ac5-a385-2ec9758026dd::roof-flat::flat:0,6.608,1.434,0.003,0.027,1.407,1,1
97571caa-1065-4ac5-a385-2ec9758026dd,flat,1,0,97571caa-1065-4ac5-a385-2ec9758026dd::roof-flat::flat:1,8.544,1.746,0.101,0.846,0.9,2,1
97571caa-1065-4ac5-a385-2ec9758026dd,flat,2,0,97571caa-1065-4ac5-a385-2ec9758026dd::roof-flat::flat:2,4.292,1.44,0.0,-0.044,1.484,2,2
97571caa-1065-4ac5-a385-2ec9758026dd,flat,3,0,97571caa-1065-4ac5-a385-2ec9758026dd::roof-flat::flat:3,2.41,1.746,0.0,0.856,0.89,1,1
97571caa-1065-4ac5-a385-2ec9758026dd,flat,4,0,97571caa-1065-4ac5-a385-2ec9758026dd::roof-flat::flat:4,4.565,1.496,0.207,0.012,1.484,1,1
97571caa-1065-4ac5-a385-2ec9758026dd,flat,5,0,97571caa-1065-4ac5-a385-2ec9758026dd::roof-flat::flat:5,10.866,1.746,0.0,0.724,1.022,1,1
97571caa-1065-4ac5-a385-2ec9758026dd,flat,6,0,97571caa-1065-4ac5-a385-2ec9758026dd::roof-flat::flat:6,10.592,1.062,0.236,-0.0,1.062,1,1
97571caa-1065-4ac5-a385-2ec9758026dd,flat,7,0,97571caa-1065-4ac5-a385-2ec9758026dd::roof-flat::flat:7,10.84,0.986,0.014,0.02,0.966,1,1
97571caa-1065-4ac5-a385-2ec9758026dd,flat,8,0,97571caa-1065-4ac5-a385-2ec9758026dd::roof-flat::flat:8,39.032,1.746,0.021,0.011,1.735,4,2
9829323a-4939-45bf-ae66-b950b18ddf52,flat,0,0,9829323a-4939-45bf-ae66-b950b18ddf52::roof-flat::flat:0,28.217,1.075,0.011,0.0,1.075,1,1
9829323a-4939-45bf-ae66-b950b18ddf52,flat,1,0,9829323a-4939-45bf-ae66-b950b18ddf52::roof-flat::flat:1,9.673,1.038,0.09,0.0,1.038,1,1
9829323a-4939-45bf-ae66-b950b18ddf52,flat,2,0,9829323a-4939-45bf-ae66-b950b18ddf52::roof-flat::flat:2,15.952,1.037,0.048,-0.0,1.037,1,1
9829323a-4939-45bf-ae66-b950b18ddf52,flat,3,0,9829323a-4939-45bf-ae66-b950b18ddf52::roof-flat::flat:3,4.242,0.966,0.0,0.057,0.909,1,1
9829323a-4939-45bf-ae66-b950b18ddf52,flat,4,0,9829323a-4939-45bf-ae66-b950b18ddf52::roof-flat::flat:4,2.208,0.966,0.0,0.196,0.77,1,1
98472f6b-45bc-4814-a4b8-914f8f6976dd,oblique,0,0,98472f6b-45bc-4814-a4b8-914f8f6976dd::roof-oblique::oblique:0,39.285,1.142,0.093,0.039,1.103,14,6
98472f6b-45bc-4814-a4b8-914f8f6976dd,oblique,1,0,98472f6b-45bc-4814-a4b8-914f8f6976dd::roof-oblique::oblique:1,38.286,1.142,0.054,0.106,1.036,11,3
98472f6b-45bc-4814-a4b8-914f8f6976dd,flat,0,0,98472f6b-45bc-4814-a4b8-914f8f6976dd::roof-flat::flat:0,11.964,1.026,0.045,-0.009,1.035,1,1
98472f6b-45bc-4814-a4b8-914f8f6976dd,flat,1,0,98472f6b-45bc-4814-a4b8-914f8f6976dd::roof-flat::flat:1,9.26,1.036,0.178,-0.043,1.079,5,1
98472f6b-45bc-4814-a4b8-914f8f6976dd,flat,3,0,98472f6b-45bc-4814-a4b8-914f8f6976dd::roof-flat::flat:3,8.275,1.047,0.001,-0.056,1.103,5,2
98472f6b-45bc-4814-a4b8-914f8f6976dd,flat,4,0,98472f6b-45bc-4814-a4b8-914f8f6976dd::roof-flat::flat:4,1.852,1.103,0.001,-0.0,1.103,3,2
98472f6b-45bc-4814-a4b8-914f8f6976dd,flat,5,0,98472f6b-45bc-4814-a4b8-914f8f6976dd::roof-flat::flat:5,6.524,0.916,0.0,-0.0,0.916,5,1
992198d7-4dfe-4ecd-9fa0-b66fa6cac3fd,oblique,0,0,992198d7-4dfe-4ecd-9fa0-b66fa6cac3fd::roof-oblique::oblique:0,57.198,1.497,0.038,-0.001,1.498,8,7
992198d7-4dfe-4ecd-9fa0-b66fa6cac3fd,oblique,1,0,992198d7-4dfe-4ecd-9fa0-b66fa6cac3fd::roof-oblique::oblique:1,73.052,1.497,0.02,0.0,1.497,13,4
992198d7-4dfe-4ecd-9fa0-b66fa6cac3fd,flat,0,0,992198d7-4dfe-4ecd-9fa0-b66fa6cac3fd::roof-flat::flat:0,11.323,0.681,0.0,0.017,0.664,1,1
992198d7-4dfe-4ecd-9fa0-b66fa6cac3fd,flat,1,0,992198d7-4dfe-4ecd-9fa0-b66fa6cac3fd::roof-flat::flat:1,7.625,0.682,0.0,-0.0,0.682,1,1
992198d7-4dfe-4ecd-9fa0-b66fa6cac3fd,flat,2,0,992198d7-4dfe-4ecd-9fa0-b66fa6cac3fd::roof-flat::flat:2,4.587,1.497,0.209,0.803,0.694,2,1
992198d7-4dfe-4ecd-9fa0-b66fa6cac3fd,flat,3,0,992198d7-4dfe-4ecd-9fa0-b66fa6cac3fd::roof-flat::flat:3,4.531,1.497,0.0,0.808,0.689,1,1
992198d7-4dfe-4ecd-9fa0-b66fa6cac3fd,flat,4,0,992198d7-4dfe-4ecd-9fa0-b66fa6cac3fd::roof-flat::flat:4,19.612,1.497,0.0,0.825,0.672,2,1
9bb4ada4-60fb-4ab0-8e05-de49acc92623,flat,0,0,9bb4ada4-60fb-4ab0-8e05-de49acc92623::roof-flat::flat:0,13.736,1.023,0.0,0.0,1.023,1,1
9bb4ada4-60fb-4ab0-8e05-de49acc92623,flat,1,0,9bb4ada4-60fb-4ab0-8e05-de49acc92623::roof-flat::flat:1,3.904,0.986,0.0,-0.0,0.986,2,1
9bb4ada4-60fb-4ab0-8e05-de49acc92623,flat,2,0,9bb4ada4-60fb-4ab0-8e05-de49acc92623::roof-flat::flat:2,10.101,0.981,0.256,0.009,0.972,1,1
9bb4ada4-60fb-4ab0-8e05-de49acc92623,flat,3,0,9bb4ada4-60fb-4ab0-8e05-de49acc92623::roof-flat::flat:3,10.124,0.595,0.001,-0.02,0.615,2,1
9bb4ada4-60fb-4ab0-8e05-de49acc92623,flat,4,0,9bb4ada4-60fb-4ab0-8e05-de49acc92623::roof-flat::flat:4,3.572,0.981,0.0,0.041,0.94,1,1
9bb4ada4-60fb-4ab0-8e05-de49acc92623,flat,5,0,9bb4ada4-60fb-4ab0-8e05-de49acc92623::roof-flat::flat:5,11.307,0.981,0.041,0.006,0.975,1,1
9bb4ada4-60fb-4ab0-8e05-de49acc92623,flat,6,0,9bb4ada4-60fb-4ab0-8e05-de49acc92623::roof-flat::flat:6,34.794,0.981,0.0,0.037,0.944,1,1
9bb4ada4-60fb-4ab0-8e05-de49acc92623,flat,7,0,9bb4ada4-60fb-4ab0-8e05-de49acc92623::roof-flat::flat:7,28.424,0.981,0.1,0.041,0.94,2,1
9bc73438-328e-440e-a4be-25efa61d3b7c,oblique,0,0,9bc73438-328e-440e-a4be-25efa61d3b7c::roof-oblique::oblique:0,17.873,1.072,0.038,0.11,0.962,7,5
9bc73438-328e-440e-a4be-25efa61d3b7c,flat,0,0,9bc73438-328e-440e-a4be-25efa61d3b7c::roof-flat::flat:0,3.559,0.801,0.0,0.0,0.801,1,1
9bc73438-328e-440e-a4be-25efa61d3b7c,flat,1,0,9bc73438-328e-440e-a4be-25efa61d3b7c::roof-flat::flat:1,3.619,0.842,0.0,0.153,0.689,1,1
9bc73438-328e-440e-a4be-25efa61d3b7c,flat,2,0,9bc73438-328e-440e-a4be-25efa61d3b7c::roof-flat::flat:2,8.153,0.892,0.001,-0.023,0.915,3,1
9bdc330e-6144-499b-9c70-3fc6f0c4ebf3,flat,0,1,9bdc330e-6144-499b-9c70-3fc6f0c4ebf3::roof-flat::flat:0,7.839,3.601,0.0,0.002,3.599,2,2
9bdc330e-6144-499b-9c70-3fc6f0c4ebf3,flat,1,1,9bdc330e-6144-499b-9c70-3fc6f0c4ebf3::roof-flat::flat:1,13.139,3.605,0.003,-0.0,3.605,3,3
9bdc330e-6144-499b-9c70-3fc6f0c4ebf3,flat,2,1,9bdc330e-6144-499b-9c70-3fc6f0c4ebf3::roof-flat::flat:2,11.826,3.601,0.0,0.01,3.591,4,3
9bdc330e-6144-499b-9c70-3fc6f0c4ebf3,flat,3,1,9bdc330e-6144-499b-9c70-3fc6f0c4ebf3::roof-flat::flat:3,30.475,3.601,0.0,0.01,3.591,3,3
9bdc330e-6144-499b-9c70-3fc6f0c4ebf3,flat,4,1,9bdc330e-6144-499b-9c70-3fc6f0c4ebf3::roof-flat::flat:4,29.872,4.656,0.0,0.0,4.656,1,1
9bdc330e-6144-499b-9c70-3fc6f0c4ebf3,flat,5,1,9bdc330e-6144-499b-9c70-3fc6f0c4ebf3::roof-flat::flat:5,14.356,4.65,0.0,0.049,4.601,1,1
9bdc330e-6144-499b-9c70-3fc6f0c4ebf3,flat,6,1,9bdc330e-6144-499b-9c70-3fc6f0c4ebf3::roof-flat::flat:6,9.124,4.65,0.0,0.009,4.641,1,1
9bdc330e-6144-499b-9c70-3fc6f0c4ebf3,flat,7,1,9bdc330e-6144-499b-9c70-3fc6f0c4ebf3::roof-flat::flat:7,3.235,4.65,0.0,0.017,4.633,1,1
9bdc330e-6144-499b-9c70-3fc6f0c4ebf3,flat,8,1,9bdc330e-6144-499b-9c70-3fc6f0c4ebf3::roof-flat::flat:8,5.21,3.601,0.062,0.021,3.58,3,3
9c07bf97-56cd-4d82-a99d-00809d1d8537,flat,0,0,9c07bf97-56cd-4d82-a99d-00809d1d8537::roof-flat::flat:0,41.059,1.03,0.0,0.014,1.016,1,1
9c07bf97-56cd-4d82-a99d-00809d1d8537,flat,1,0,9c07bf97-56cd-4d82-a99d-00809d1d8537::roof-flat::flat:1,12.366,1.03,0.0,0.029,1.001,1,1
9c07bf97-56cd-4d82-a99d-00809d1d8537,flat,2,0,9c07bf97-56cd-4d82-a99d-00809d1d8537::roof-flat::flat:2,11.208,1.03,0.0,0.01,1.02,1,1
9c07bf97-56cd-4d82-a99d-00809d1d8537,flat,3,0,9c07bf97-56cd-4d82-a99d-00809d1d8537::roof-flat::flat:3,2.386,1.03,0.246,0.028,1.002,1,1
9c07bf97-56cd-4d82-a99d-00809d1d8537,flat,4,0,9c07bf97-56cd-4d82-a99d-00809d1d8537::roof-flat::flat:4,16.796,1.032,0.0,-0.0,1.032,1,1
9c07bf97-56cd-4d82-a99d-00809d1d8537,flat,5,0,9c07bf97-56cd-4d82-a99d-00809d1d8537::roof-flat::flat:5,8.264,1.043,0.0,0.0,1.043,1,1
9c07bf97-56cd-4d82-a99d-00809d1d8537,flat,6,0,9c07bf97-56cd-4d82-a99d-00809d1d8537::roof-flat::flat:6,4.989,1.03,0.0,0.03,1.0,1,1
9c07bf97-56cd-4d82-a99d-00809d1d8537,flat,7,0,9c07bf97-56cd-4d82-a99d-00809d1d8537::roof-flat::flat:7,8.883,1.06,0.0,-0.0,1.06,1,1
9c07bf97-56cd-4d82-a99d-00809d1d8537,flat,8,0,9c07bf97-56cd-4d82-a99d-00809d1d8537::roof-flat::flat:8,9.277,1.048,0.258,0.0,1.048,1,1
9c07bf97-56cd-4d82-a99d-00809d1d8537,flat,9,0,9c07bf97-56cd-4d82-a99d-00809d1d8537::roof-flat::flat:9,10.994,1.048,0.0,0.0,1.048,1,1
9c07bf97-56cd-4d82-a99d-00809d1d8537,flat,10,0,9c07bf97-56cd-4d82-a99d-00809d1d8537::roof-flat::flat:10,12.986,1.03,0.023,0.005,1.025,1,1
9c42b8bc-b55c-427b-b695-9d073c5f8a75,oblique,0,1,9c42b8bc-b55c-427b-b695-9d073c5f8a75::roof-oblique::oblique:0,55.287,2.611,0.0,0.999,1.612,30,7
9c42b8bc-b55c-427b-b695-9d073c5f8a75,oblique,1,1,9c42b8bc-b55c-427b-b695-9d073c5f8a75::roof-oblique::oblique:1,52.424,2.611,0.003,0.955,1.657,24,13
9c80d7ae-2804-4b2f-83bb-544927398846,flat,0,0,9c80d7ae-2804-4b2f-83bb-544927398846::roof-flat::flat:0,13.253,-1.996,0.0,0.116,-2.112,1,1
9c80d7ae-2804-4b2f-83bb-544927398846,flat,1,0,9c80d7ae-2804-4b2f-83bb-544927398846::roof-flat::flat:1,4.581,-1.996,0.087,0.101,-2.097,1,1
9c80d7ae-2804-4b2f-83bb-544927398846,flat,2,0,9c80d7ae-2804-4b2f-83bb-544927398846::roof-flat::flat:2,37.021,-1.996,0.0,0.038,-2.034,2,2
9c80d7ae-2804-4b2f-83bb-544927398846,flat,3,0,9c80d7ae-2804-4b2f-83bb-544927398846::roof-flat::flat:3,21.229,-1.996,0.0,0.012,-2.008,2,2
9c80d7ae-2804-4b2f-83bb-544927398846,flat,4,0,9c80d7ae-2804-4b2f-83bb-544927398846::roof-flat::flat:4,34.895,-1.996,0.041,0.012,-2.008,2,2
9c80d7ae-2804-4b2f-83bb-544927398846,flat,5,0,9c80d7ae-2804-4b2f-83bb-544927398846::roof-flat::flat:5,9.749,-1.996,0.019,0.055,-2.051,2,2
9c80d7ae-2804-4b2f-83bb-544927398846,flat,6,0,9c80d7ae-2804-4b2f-83bb-544927398846::roof-flat::flat:6,3.008,-1.996,0.0,0.079,-2.075,1,1
9c80d7ae-2804-4b2f-83bb-544927398846,flat,7,0,9c80d7ae-2804-4b2f-83bb-544927398846::roof-flat::flat:7,13.593,-1.859,0.0,0.0,-1.859,1,1
9c80d7ae-2804-4b2f-83bb-544927398846,flat,8,0,9c80d7ae-2804-4b2f-83bb-544927398846::roof-flat::flat:8,22.302,-1.91,0.105,-0.0,-1.91,1,1
9c80d7ae-2804-4b2f-83bb-544927398846,flat,10,0,9c80d7ae-2804-4b2f-83bb-544927398846::roof-flat::flat:10,18.483,-1.847,0.0,0.0,-1.847,1,1
9c80d7ae-2804-4b2f-83bb-544927398846,flat,11,1,9c80d7ae-2804-4b2f-83bb-544927398846::roof-flat::flat:11,13.959,0.614,0.0,0.0,0.614,5,2
9c80d7ae-2804-4b2f-83bb-544927398846,flat,12,1,9c80d7ae-2804-4b2f-83bb-544927398846::roof-flat::flat:12,5.577,0.627,0.002,0.041,0.586,3,2
9dce7b8f-036f-42bb-9645-a1b5cc17fbd1,oblique,0,0,9dce7b8f-036f-42bb-9645-a1b5cc17fbd1::roof-oblique::oblique:0,7.374,1.201,0.005,0.078,1.123,5,2
9dce7b8f-036f-42bb-9645-a1b5cc17fbd1,flat,0,0,9dce7b8f-036f-42bb-9645-a1b5cc17fbd1::roof-flat::flat:0,10.897,1.043,0.0,0.064,0.979,1,1
9dce7b8f-036f-42bb-9645-a1b5cc17fbd1,flat,1,0,9dce7b8f-036f-42bb-9645-a1b5cc17fbd1::roof-flat::flat:1,8.499,1.043,0.0,0.047,0.996,1,1
9dce7b8f-036f-42bb-9645-a1b5cc17fbd1,flat,2,0,9dce7b8f-036f-42bb-9645-a1b5cc17fbd1::roof-flat::flat:2,7.021,1.043,0.0,0.038,1.005,1,1
9dce7b8f-036f-42bb-9645-a1b5cc17fbd1,flat,3,0,9dce7b8f-036f-42bb-9645-a1b5cc17fbd1::roof-flat::flat:3,7.667,1.068,0.0,0.0,1.068,1,1
9dce7b8f-036f-42bb-9645-a1b5cc17fbd1,flat,4,0,9dce7b8f-036f-42bb-9645-a1b5cc17fbd1::roof-flat::flat:4,6.96,1.05,0.0,0.0,1.05,1,1
9dce7b8f-036f-42bb-9645-a1b5cc17fbd1,flat,5,0,9dce7b8f-036f-42bb-9645-a1b5cc17fbd1::roof-flat::flat:5,36.947,1.123,0.144,0.0,1.123,1,1
9dce7b8f-036f-42bb-9645-a1b5cc17fbd1,flat,6,0,9dce7b8f-036f-42bb-9645-a1b5cc17fbd1::roof-flat::flat:6,15.386,1.128,0.0,0.0,1.128,1,1
9dce7b8f-036f-42bb-9645-a1b5cc17fbd1,flat,7,0,9dce7b8f-036f-42bb-9645-a1b5cc17fbd1::roof-flat::flat:7,7.51,1.043,0.0,0.055,0.988,1,1
a085ad69-b4d4-4296-bc5e-731a0cceec5e,flat,0,0,a085ad69-b4d4-4296-bc5e-731a0cceec5e::roof-flat::flat:0,6.781,0.993,0.0,0.073,0.92,1,1
a085ad69-b4d4-4296-bc5e-731a0cceec5e,flat,1,0,a085ad69-b4d4-4296-bc5e-731a0cceec5e::roof-flat::flat:1,11.04,0.993,0.051,0.014,0.979,1,1
a085ad69-b4d4-4296-bc5e-731a0cceec5e,flat,2,0,a085ad69-b4d4-4296-bc5e-731a0cceec5e::roof-flat::flat:2,13.004,1.014,0.114,0.0,1.014,1,1
a085ad69-b4d4-4296-bc5e-731a0cceec5e,flat,3,0,a085ad69-b4d4-4296-bc5e-731a0cceec5e::roof-flat::flat:3,12.386,0.995,0.337,0.0,0.995,1,1
a085ad69-b4d4-4296-bc5e-731a0cceec5e,flat,4,0,a085ad69-b4d4-4296-bc5e-731a0cceec5e::roof-flat::flat:4,4.529,0.993,0.0,0.023,0.97,1,1
a085ad69-b4d4-4296-bc5e-731a0cceec5e,flat,5,0,a085ad69-b4d4-4296-bc5e-731a0cceec5e::roof-flat::flat:5,9.335,0.993,0.0,0.04,0.953,1,1
a085ad69-b4d4-4296-bc5e-731a0cceec5e,flat,6,0,a085ad69-b4d4-4296-bc5e-731a0cceec5e::roof-flat::flat:6,12.197,0.993,0.0,0.027,0.966,1,1
a085ad69-b4d4-4296-bc5e-731a0cceec5e,flat,7,0,a085ad69-b4d4-4296-bc5e-731a0cceec5e::roof-flat::flat:7,8.262,0.993,0.043,0.034,0.959,1,1
a085ad69-b4d4-4296-bc5e-731a0cceec5e,flat,8,0,a085ad69-b4d4-4296-bc5e-731a0cceec5e::roof-flat::flat:8,41.908,1.044,0.0,-0.0,1.044,1,1
a085ad69-b4d4-4296-bc5e-731a0cceec5e,flat,9,0,a085ad69-b4d4-4296-bc5e-731a0cceec5e::roof-flat::flat:9,29.343,1.018,0.0,0.038,0.98,1,1
a1ac389f-7406-4ddf-a270-d9a5e72dbf51,oblique,0,2,a1ac389f-7406-4ddf-a270-d9a5e72dbf51::roof-oblique::oblique:0,9.14,7.052,0.0,0.778,6.274,18,4
a1ac389f-7406-4ddf-a270-d9a5e72dbf51,flat,0,2,a1ac389f-7406-4ddf-a270-d9a5e72dbf51::roof-flat::flat:0,13.25,6.274,0.0,-0.0,6.274,19,5
a1ac389f-7406-4ddf-a270-d9a5e72dbf51,flat,1,2,a1ac389f-7406-4ddf-a270-d9a5e72dbf51::roof-flat::flat:1,3.01,6.363,0.0,0.0,6.363,9,5
a317a543-06cf-4f1b-97d2-139c26c1cb13,oblique,0,2,a317a543-06cf-4f1b-97d2-139c26c1cb13::roof-oblique::oblique:0,63.021,2.009,0.012,1.235,0.774,27,8
a317a543-06cf-4f1b-97d2-139c26c1cb13,oblique,1,2,a317a543-06cf-4f1b-97d2-139c26c1cb13::roof-oblique::oblique:1,78.716,2.009,0.003,1.235,0.774,20,7
a317a543-06cf-4f1b-97d2-139c26c1cb13,flat,4,2,a317a543-06cf-4f1b-97d2-139c26c1cb13::roof-flat::flat:4,18.168,0.749,0.0,0.013,0.736,6,3
a317a543-06cf-4f1b-97d2-139c26c1cb13,flat,5,2,a317a543-06cf-4f1b-97d2-139c26c1cb13::roof-flat::flat:5,3.374,0.77,0.006,-0.0,0.77,3,3
a3997c27-0367-483e-a462-64847105997d,flat,0,0,a3997c27-0367-483e-a462-64847105997d::roof-flat::flat:0,15.002,0.884,0.007,0.0,0.884,1,1
a3997c27-0367-483e-a462-64847105997d,flat,1,0,a3997c27-0367-483e-a462-64847105997d::roof-flat::flat:1,4.916,0.874,0.025,0.005,0.869,1,1
a3997c27-0367-483e-a462-64847105997d,flat,2,0,a3997c27-0367-483e-a462-64847105997d::roof-flat::flat:2,7.735,0.874,0.075,0.002,0.872,1,1
a3997c27-0367-483e-a462-64847105997d,flat,3,0,a3997c27-0367-483e-a462-64847105997d::roof-flat::flat:3,39.41,0.876,0.103,-0.008,0.884,2,2
a3997c27-0367-483e-a462-64847105997d,flat,4,0,a3997c27-0367-483e-a462-64847105997d::roof-flat::flat:4,23.476,0.874,0.0,0.01,0.864,1,1
a3997c27-0367-483e-a462-64847105997d,flat,5,0,a3997c27-0367-483e-a462-64847105997d::roof-flat::flat:5,8.87,0.877,0.0,-0.0,0.877,1,1
a3997c27-0367-483e-a462-64847105997d,flat,6,0,a3997c27-0367-483e-a462-64847105997d::roof-flat::flat:6,9.006,0.874,0.0,0.012,0.862,1,1
a3997c27-0367-483e-a462-64847105997d,flat,7,0,a3997c27-0367-483e-a462-64847105997d::roof-flat::flat:7,3.865,0.877,0.0,0.0,0.877,1,1
a3997c27-0367-483e-a462-64847105997d,flat,8,0,a3997c27-0367-483e-a462-64847105997d::roof-flat::flat:8,8.626,0.874,0.0,0.003,0.871,1,1
a3997c27-0367-483e-a462-64847105997d,flat,9,0,a3997c27-0367-483e-a462-64847105997d::roof-flat::flat:9,4.345,0.874,0.0,0.016,0.858,1,1
a3997c27-0367-483e-a462-64847105997d,flat,10,0,a3997c27-0367-483e-a462-64847105997d::roof-flat::flat:10,16.15,0.874,0.101,0.016,0.858,2,2
a430ffa9-a314-4352-8b54-dfbd04634861,oblique,0,1,a430ffa9-a314-4352-8b54-dfbd04634861::roof-oblique::oblique:0,19.823,4.616,0.001,1.321,3.295,9,7
a430ffa9-a314-4352-8b54-dfbd04634861,oblique,1,1,a430ffa9-a314-4352-8b54-dfbd04634861::roof-oblique::oblique:1,31.702,4.616,0.007,1.321,3.295,11,6
a430ffa9-a314-4352-8b54-dfbd04634861,flat,0,1,a430ffa9-a314-4352-8b54-dfbd04634861::roof-flat::flat:0,15.203,3.295,0.017,0.0,3.295,4,3
a430ffa9-a314-4352-8b54-dfbd04634861,flat,1,0,a430ffa9-a314-4352-8b54-dfbd04634861::roof-flat::flat:1,2.797,0.545,0.0,0.0,0.545,1,1
a443b86f-c86a-47a7-abef-0a56893c99b0,oblique,0,1,a443b86f-c86a-47a7-abef-0a56893c99b0::roof-oblique::oblique:0,16.866,1.319,0.015,0.498,0.821,10,7
a492a5d6-ab9f-4b1e-bbfe-4762c1370a40,oblique,1,2,a492a5d6-ab9f-4b1e-bbfe-4762c1370a40::roof-oblique::oblique:1,21.907,2.752,0.016,1.253,1.499,21,8
a492a5d6-ab9f-4b1e-bbfe-4762c1370a40,oblique,2,2,a492a5d6-ab9f-4b1e-bbfe-4762c1370a40::roof-oblique::oblique:2,17.352,2.752,0.0,1.253,1.499,7,4
a492a5d6-ab9f-4b1e-bbfe-4762c1370a40,flat,4,1,a492a5d6-ab9f-4b1e-bbfe-4762c1370a40::roof-flat::flat:4,3.987,-1.66,0.0,-0.0,-1.66,1,1
a4d6eef3-6107-45a3-bd37-3cf2ef4e9efb,oblique,0,0,a4d6eef3-6107-45a3-bd37-3cf2ef4e9efb::roof-oblique::oblique:0,9.015,3.202,0.215,1.126,2.076,4,2
a4d6eef3-6107-45a3-bd37-3cf2ef4e9efb,flat,0,0,a4d6eef3-6107-45a3-bd37-3cf2ef4e9efb::roof-flat::flat:0,9.407,0.718,0.171,0.072,0.646,1,1
a4d6eef3-6107-45a3-bd37-3cf2ef4e9efb,flat,1,0,a4d6eef3-6107-45a3-bd37-3cf2ef4e9efb::roof-flat::flat:1,12.096,0.718,0.0,0.029,0.689,1,1
a4d6eef3-6107-45a3-bd37-3cf2ef4e9efb,flat,2,0,a4d6eef3-6107-45a3-bd37-3cf2ef4e9efb::roof-flat::flat:2,5.84,0.718,0.0,0.076,0.642,1,1
a4d6eef3-6107-45a3-bd37-3cf2ef4e9efb,flat,3,0,a4d6eef3-6107-45a3-bd37-3cf2ef4e9efb::roof-flat::flat:3,7.832,0.718,0.0,0.036,0.682,1,1
a4d6eef3-6107-45a3-bd37-3cf2ef4e9efb,flat,4,0,a4d6eef3-6107-45a3-bd37-3cf2ef4e9efb::roof-flat::flat:4,7.765,0.718,0.0,0.033,0.684,1,1
a4d6eef3-6107-45a3-bd37-3cf2ef4e9efb,flat,5,0,a4d6eef3-6107-45a3-bd37-3cf2ef4e9efb::roof-flat::flat:5,12.361,0.718,0.0,0.033,0.685,1,1
a4d6eef3-6107-45a3-bd37-3cf2ef4e9efb,flat,6,0,a4d6eef3-6107-45a3-bd37-3cf2ef4e9efb::roof-flat::flat:6,13.693,0.718,0.275,0.024,0.694,1,1
a4d6eef3-6107-45a3-bd37-3cf2ef4e9efb,flat,7,0,a4d6eef3-6107-45a3-bd37-3cf2ef4e9efb::roof-flat::flat:7,38.703,0.8,0.0,0.0,0.8,1,1
a4d6eef3-6107-45a3-bd37-3cf2ef4e9efb,flat,8,0,a4d6eef3-6107-45a3-bd37-3cf2ef4e9efb::roof-flat::flat:8,23.336,2.071,0.001,-0.005,2.076,4,1
a8a3b04b-42d0-4468-8b3a-5e2135b9313b,flat,0,0,a8a3b04b-42d0-4468-8b3a-5e2135b9313b::roof-flat::flat:0,39.75,0.976,0.0,0.024,0.952,1,1
a8a3b04b-42d0-4468-8b3a-5e2135b9313b,flat,1,0,a8a3b04b-42d0-4468-8b3a-5e2135b9313b::roof-flat::flat:1,6.281,0.986,0.233,0.0,0.986,1,1
a8a3b04b-42d0-4468-8b3a-5e2135b9313b,flat,2,0,a8a3b04b-42d0-4468-8b3a-5e2135b9313b::roof-flat::flat:2,8.45,0.988,0.0,-0.001,0.989,1,1
a8a3b04b-42d0-4468-8b3a-5e2135b9313b,flat,3,0,a8a3b04b-42d0-4468-8b3a-5e2135b9313b::roof-flat::flat:3,10.231,0.976,0.0,0.004,0.972,1,1
a8a3b04b-42d0-4468-8b3a-5e2135b9313b,flat,4,0,a8a3b04b-42d0-4468-8b3a-5e2135b9313b::roof-flat::flat:4,9.024,0.991,0.03,-0.0,0.991,1,1
a8aca518-ee19-4cef-8df9-1b574c2d43d1,oblique,0,2,a8aca518-ee19-4cef-8df9-1b574c2d43d1::roof-oblique::oblique:0,23.804,2.501,0.014,1.763,0.738,10,9
a8aca518-ee19-4cef-8df9-1b574c2d43d1,oblique,1,2,a8aca518-ee19-4cef-8df9-1b574c2d43d1::roof-oblique::oblique:1,26.504,2.501,0.002,1.76,0.741,33,9
aa047931-2b45-497d-a093-f637a2934699,flat,0,1,aa047931-2b45-497d-a093-f637a2934699::roof-flat::flat:0,13.963,1.209,0.0,-0.0,1.21,6,4
aa047931-2b45-497d-a093-f637a2934699,flat,1,1,aa047931-2b45-497d-a093-f637a2934699::roof-flat::flat:1,7.613,1.237,0.028,-0.0,1.237,2,2
aa047931-2b45-497d-a093-f637a2934699,flat,2,1,aa047931-2b45-497d-a093-f637a2934699::roof-flat::flat:2,12.222,1.239,0.0,-0.0,1.239,2,2
aa047931-2b45-497d-a093-f637a2934699,flat,3,1,aa047931-2b45-497d-a093-f637a2934699::roof-flat::flat:3,7.785,1.254,0.054,-0.0,1.254,5,4
aa047931-2b45-497d-a093-f637a2934699,flat,4,1,aa047931-2b45-497d-a093-f637a2934699::roof-flat::flat:4,12.472,1.245,0.001,0.0,1.245,3,3
aa047931-2b45-497d-a093-f637a2934699,flat,5,1,aa047931-2b45-497d-a093-f637a2934699::roof-flat::flat:5,3.799,1.195,0.008,0.073,1.122,3,3
aa047931-2b45-497d-a093-f637a2934699,flat,6,1,aa047931-2b45-497d-a093-f637a2934699::roof-flat::flat:6,27.791,1.255,0.0,-0.0,1.255,5,5
aa047931-2b45-497d-a093-f637a2934699,flat,7,1,aa047931-2b45-497d-a093-f637a2934699::roof-flat::flat:7,31.043,1.195,0.0,0.121,1.074,1,1
ad2243cf-dac2-4f43-aa8d-37d50dc46a33,flat,0,0,ad2243cf-dac2-4f43-aa8d-37d50dc46a33::roof-flat::flat:0,12.94,1.168,0.0,-0.0,1.168,1,1
ad2243cf-dac2-4f43-aa8d-37d50dc46a33,flat,1,0,ad2243cf-dac2-4f43-aa8d-37d50dc46a33::roof-flat::flat:1,4.163,1.167,0.0,0.056,1.111,1,1
ad2243cf-dac2-4f43-aa8d-37d50dc46a33,flat,2,0,ad2243cf-dac2-4f43-aa8d-37d50dc46a33::roof-flat::flat:2,9.995,1.167,0.0,0.03,1.137,1,1
ad2243cf-dac2-4f43-aa8d-37d50dc46a33,flat,3,0,ad2243cf-dac2-4f43-aa8d-37d50dc46a33::roof-flat::flat:3,18.494,1.167,0.195,0.015,1.152,1,1
ad2243cf-dac2-4f43-aa8d-37d50dc46a33,flat,4,0,ad2243cf-dac2-4f43-aa8d-37d50dc46a33::roof-flat::flat:4,16.068,1.167,0.0,0.018,1.149,1,1
ad2243cf-dac2-4f43-aa8d-37d50dc46a33,flat,5,0,ad2243cf-dac2-4f43-aa8d-37d50dc46a33::roof-flat::flat:5,5.854,1.188,0.0,0.0,1.188,1,1
ad2243cf-dac2-4f43-aa8d-37d50dc46a33,flat,6,0,ad2243cf-dac2-4f43-aa8d-37d50dc46a33::roof-flat::flat:6,22.455,1.179,0.0,-0.0,1.179,1,1
ad2243cf-dac2-4f43-aa8d-37d50dc46a33,flat,7,0,ad2243cf-dac2-4f43-aa8d-37d50dc46a33::roof-flat::flat:7,17.322,1.18,0.001,-0.001,1.181,1,1
ad2243cf-dac2-4f43-aa8d-37d50dc46a33,flat,8,0,ad2243cf-dac2-4f43-aa8d-37d50dc46a33::roof-flat::flat:8,10.422,1.167,0.0,0.0,1.167,1,1
b01824fc-be43-451f-bc6e-aaab701c144d,flat,0,0,b01824fc-be43-451f-bc6e-aaab701c144d::roof-flat::flat:0,14.374,0.747,0.005,0.016,0.731,1,1
b01824fc-be43-451f-bc6e-aaab701c144d,flat,1,0,b01824fc-be43-451f-bc6e-aaab701c144d::roof-flat::flat:1,30.728,0.964,0.0,0.213,0.751,3,2
b01824fc-be43-451f-bc6e-aaab701c144d,flat,2,0,b01824fc-be43-451f-bc6e-aaab701c144d::roof-flat::flat:2,11.726,0.964,0.069,0.0,0.964,5,1
b01824fc-be43-451f-bc6e-aaab701c144d,flat,3,0,b01824fc-be43-451f-bc6e-aaab701c144d::roof-flat::flat:3,6.383,0.964,0.0,0.179,0.785,1,1
b01824fc-be43-451f-bc6e-aaab701c144d,flat,4,0,b01824fc-be43-451f-bc6e-aaab701c144d::roof-flat::flat:4,9.841,0.769,0.0,-0.0,0.769,1,1
b01824fc-be43-451f-bc6e-aaab701c144d,flat,5,0,b01824fc-be43-451f-bc6e-aaab701c144d::roof-flat::flat:5,11.429,0.964,0.037,0.205,0.759,1,1
b01824fc-be43-451f-bc6e-aaab701c144d,flat,6,0,b01824fc-be43-451f-bc6e-aaab701c144d::roof-flat::flat:6,8.496,0.964,0.0,0.202,0.762,1,1
b4f7407a-5941-4165-947a-a726dc432c69,flat,0,0,b4f7407a-5941-4165-947a-a726dc432c69::roof-flat::flat:0,27.499,0.773,0.0,0.069,0.704,1,1
b4f7407a-5941-4165-947a-a726dc432c69,flat,1,0,b4f7407a-5941-4165-947a-a726dc432c69::roof-flat::flat:1,8.167,0.773,0.253,0.074,0.699,1,1
b4f7407a-5941-4165-947a-a726dc432c69,flat,2,0,b4f7407a-5941-4165-947a-a726dc432c69::roof-flat::flat:2,5.458,0.773,0.0,0.081,0.692,1,1
b4f7407a-5941-4165-947a-a726dc432c69,flat,3,0,b4f7407a-5941-4165-947a-a726dc432c69::roof-flat::flat:3,8.48,0.773,0.0,0.017,0.756,1,1
b4f7407a-5941-4165-947a-a726dc432c69,flat,4,0,b4f7407a-5941-4165-947a-a726dc432c69::roof-flat::flat:4,12.84,0.774,0.0,0.0,0.774,1,1
b4f7407a-5941-4165-947a-a726dc432c69,flat,5,0,b4f7407a-5941-4165-947a-a726dc432c69::roof-flat::flat:5,5.53,0.803,0.0,0.0,0.803,1,1
b4f7407a-5941-4165-947a-a726dc432c69,flat,6,0,b4f7407a-5941-4165-947a-a726dc432c69::roof-flat::flat:6,12.913,0.809,0.0,-0.0,0.809,1,1
b4f7407a-5941-4165-947a-a726dc432c69,flat,7,0,b4f7407a-5941-4165-947a-a726dc432c69::roof-flat::flat:7,8.303,0.83,0.0,0.0,0.83,1,1
b53c11aa-8db7-4aad-a24d-3ffa9eeff5de,oblique,0,2,b53c11aa-8db7-4aad-a24d-3ffa9eeff5de::roof-oblique::oblique:0,28.795,1.587,0.0,1.123,0.464,19,5
b53c11aa-8db7-4aad-a24d-3ffa9eeff5de,oblique,1,2,b53c11aa-8db7-4aad-a24d-3ffa9eeff5de::roof-oblique::oblique:1,28.641,1.587,0.014,1.113,0.474,9,7
b53c11aa-8db7-4aad-a24d-3ffa9eeff5de,flat,1,1,b53c11aa-8db7-4aad-a24d-3ffa9eeff5de::roof-flat::flat:1,4.13,-2.08,0.0,0.063,-2.143,1,1
b53c11aa-8db7-4aad-a24d-3ffa9eeff5de,flat,2,1,b53c11aa-8db7-4aad-a24d-3ffa9eeff5de::roof-flat::flat:2,14.923,-2.08,0.0,0.063,-2.143,1,1
b53c11aa-8db7-4aad-a24d-3ffa9eeff5de,flat,3,1,b53c11aa-8db7-4aad-a24d-3ffa9eeff5de::roof-flat::flat:3,12.01,-2.08,0.005,0.063,-2.143,3,1
b65126ae-ccca-4032-876f-e9c1c059862c,oblique,1,2,b65126ae-ccca-4032-876f-e9c1c059862c::roof-oblique::oblique:1,16.268,1.858,0.0,-0.062,1.92,15,9
b65126ae-ccca-4032-876f-e9c1c059862c,flat,2,2,b65126ae-ccca-4032-876f-e9c1c059862c::roof-flat::flat:2,3.614,1.915,0.0,0.0,1.915,10,4
b65126ae-ccca-4032-876f-e9c1c059862c,flat,3,2,b65126ae-ccca-4032-876f-e9c1c059862c::roof-flat::flat:3,7.705,1.554,0.0,-0.003,1.557,5,4
b8782b87-5800-42dd-8926-07d8f11cafc0,flat,0,0,b8782b87-5800-42dd-8926-07d8f11cafc0::roof-flat::flat:0,6.123,1.022,0.0,0.0,1.022,1,1
b8782b87-5800-42dd-8926-07d8f11cafc0,flat,1,0,b8782b87-5800-42dd-8926-07d8f11cafc0::roof-flat::flat:1,14.745,1.021,0.0,0.0,1.021,1,1
b8782b87-5800-42dd-8926-07d8f11cafc0,flat,2,0,b8782b87-5800-42dd-8926-07d8f11cafc0::roof-flat::flat:2,45.632,1.008,0.0,0.02,0.988,2,2
b8782b87-5800-42dd-8926-07d8f11cafc0,flat,3,0,b8782b87-5800-42dd-8926-07d8f11cafc0::roof-flat::flat:3,6.523,1.008,0.084,0.016,0.992,1,1
b8782b87-5800-42dd-8926-07d8f11cafc0,flat,4,0,b8782b87-5800-42dd-8926-07d8f11cafc0::roof-flat::flat:4,6.3,1.013,0.0,0.0,1.013,1,1
b8782b87-5800-42dd-8926-07d8f11cafc0,flat,5,0,b8782b87-5800-42dd-8926-07d8f11cafc0::roof-flat::flat:5,12.32,1.015,0.027,-0.0,1.015,2,2
b8782b87-5800-42dd-8926-07d8f11cafc0,flat,6,0,b8782b87-5800-42dd-8926-07d8f11cafc0::roof-flat::flat:6,4.954,1.008,0.176,0.009,0.999,1,1
b8782b87-5800-42dd-8926-07d8f11cafc0,flat,7,0,b8782b87-5800-42dd-8926-07d8f11cafc0::roof-flat::flat:7,8.904,1.008,0.0,0.026,0.982,1,1
b8782b87-5800-42dd-8926-07d8f11cafc0,flat,8,0,b8782b87-5800-42dd-8926-07d8f11cafc0::roof-flat::flat:8,8.702,1.008,0.0,0.009,0.999,1,1
b8cefbc4-bb4e-4d53-be56-990780166cae,oblique,0,2,b8cefbc4-bb4e-4d53-be56-990780166cae::roof-oblique::oblique:0,28.898,3.082,0.012,2.136,0.946,44,13
b8cefbc4-bb4e-4d53-be56-990780166cae,oblique,1,2,b8cefbc4-bb4e-4d53-be56-990780166cae::roof-oblique::oblique:1,30.121,3.082,0.0,2.168,0.914,25,10
b8def755-9829-4141-8ecb-3e71ef446d0d,oblique,0,2,b8def755-9829-4141-8ecb-3e71ef446d0d::roof-oblique::oblique:0,16.919,1.767,0.007,-0.0,1.767,33,10
b8def755-9829-4141-8ecb-3e71ef446d0d,oblique,1,2,b8def755-9829-4141-8ecb-3e71ef446d0d::roof-oblique::oblique:1,13.107,1.767,0.0,-0.0,1.767,5,4
b8f923d9-dc6a-4cc2-b99c-b98bb7d01f57,flat,0,0,b8f923d9-dc6a-4cc2-b99c-b98bb7d01f57::roof-flat::flat:0,9.322,1.414,0.0,0.0,1.414,8,1
b9575f6d-aa02-4540-ba49-d8e823a41067,flat,0,0,b9575f6d-aa02-4540-ba49-d8e823a41067::roof-flat::flat:0,22.153,0.9,0.0,0.06,0.84,1,1
b9575f6d-aa02-4540-ba49-d8e823a41067,flat,1,0,b9575f6d-aa02-4540-ba49-d8e823a41067::roof-flat::flat:1,14.328,0.9,0.0,0.058,0.842,1,1
b9575f6d-aa02-4540-ba49-d8e823a41067,flat,2,0,b9575f6d-aa02-4540-ba49-d8e823a41067::roof-flat::flat:2,4.618,0.9,0.0,0.359,0.541,1,1
b9575f6d-aa02-4540-ba49-d8e823a41067,flat,3,0,b9575f6d-aa02-4540-ba49-d8e823a41067::roof-flat::flat:3,6.963,0.9,0.0,0.054,0.846,1,1
b9575f6d-aa02-4540-ba49-d8e823a41067,flat,4,0,b9575f6d-aa02-4540-ba49-d8e823a41067::roof-flat::flat:4,13.822,0.9,0.212,0.026,0.874,2,1
b9575f6d-aa02-4540-ba49-d8e823a41067,flat,5,0,b9575f6d-aa02-4540-ba49-d8e823a41067::roof-flat::flat:5,3.112,0.9,0.019,0.317,0.583,1,1
b9575f6d-aa02-4540-ba49-d8e823a41067,flat,6,0,b9575f6d-aa02-4540-ba49-d8e823a41067::roof-flat::flat:6,6.899,0.912,0.0,-0.0,0.912,1,1
b9575f6d-aa02-4540-ba49-d8e823a41067,flat,7,0,b9575f6d-aa02-4540-ba49-d8e823a41067::roof-flat::flat:7,28.322,0.946,0.0,0.0,0.946,1,1
b9575f6d-aa02-4540-ba49-d8e823a41067,flat,8,0,b9575f6d-aa02-4540-ba49-d8e823a41067::roof-flat::flat:8,28.278,0.935,0.0,0.0,0.935,1,1
bad532ea-75de-411a-a390-77f4d6a93ff8,oblique,0,4,bad532ea-75de-411a-a390-77f4d6a93ff8::roof-oblique::oblique:0,21.245,10.746,0.0,-0.005,10.751,43,7
bad532ea-75de-411a-a390-77f4d6a93ff8,oblique,1,4,bad532ea-75de-411a-a390-77f4d6a93ff8::roof-oblique::oblique:1,23.377,10.746,0.0,-0.005,10.751,20,9
bb00df25-e7be-420e-8ad1-1f9be60a4c4a,oblique,0,0,bb00df25-e7be-420e-8ad1-1f9be60a4c4a::roof-oblique::oblique:0,11.775,1.367,0.017,0.171,1.196,6,3
bb00df25-e7be-420e-8ad1-1f9be60a4c4a,flat,0,0,bb00df25-e7be-420e-8ad1-1f9be60a4c4a::roof-flat::flat:0,30.365,1.17,0.0,0.016,1.154,1,1
bb00df25-e7be-420e-8ad1-1f9be60a4c4a,flat,1,0,bb00df25-e7be-420e-8ad1-1f9be60a4c4a::roof-flat::flat:1,2.481,1.17,0.0,0.01,1.16,1,1
bb00df25-e7be-420e-8ad1-1f9be60a4c4a,flat,2,0,bb00df25-e7be-420e-8ad1-1f9be60a4c4a::roof-flat::flat:2,5.898,1.17,0.0,0.001,1.169,1,1
bb00df25-e7be-420e-8ad1-1f9be60a4c4a,flat,3,0,bb00df25-e7be-420e-8ad1-1f9be60a4c4a::roof-flat::flat:3,24.592,1.16,0.08,-0.02,1.18,9,2
bb00df25-e7be-420e-8ad1-1f9be60a4c4a,flat,4,0,bb00df25-e7be-420e-8ad1-1f9be60a4c4a::roof-flat::flat:4,12.456,1.18,0.002,-0.0,1.18,1,1
bb00df25-e7be-420e-8ad1-1f9be60a4c4a,flat,5,0,bb00df25-e7be-420e-8ad1-1f9be60a4c4a::roof-flat::flat:5,24.779,1.188,0.048,-0.024,1.212,6,3
bb00df25-e7be-420e-8ad1-1f9be60a4c4a,flat,6,0,bb00df25-e7be-420e-8ad1-1f9be60a4c4a::roof-flat::flat:6,8.238,1.17,0.0,0.028,1.142,1,1
bb00df25-e7be-420e-8ad1-1f9be60a4c4a,flat,7,0,bb00df25-e7be-420e-8ad1-1f9be60a4c4a::roof-flat::flat:7,16.634,1.17,0.025,0.019,1.151,1,1
bb00df25-e7be-420e-8ad1-1f9be60a4c4a,flat,8,0,bb00df25-e7be-420e-8ad1-1f9be60a4c4a::roof-flat::flat:8,8.141,1.172,0.0,-0.0,1.172,3,1
bc2779a4-d0a2-4ba8-abbf-10129d3f82de,oblique,1,3,bc2779a4-d0a2-4ba8-abbf-10129d3f82de::roof-oblique::oblique:1,9.121,8.558,0.0,0.467,8.091,17,8
bc2779a4-d0a2-4ba8-abbf-10129d3f82de,flat,0,1,bc2779a4-d0a2-4ba8-abbf-10129d3f82de::roof-flat::flat:0,7.102,2.61,0.134,0.001,2.609,2,1
bc2779a4-d0a2-4ba8-abbf-10129d3f82de,flat,1,1,bc2779a4-d0a2-4ba8-abbf-10129d3f82de::roof-flat::flat:1,26.024,2.61,0.005,0.011,2.599,2,1
bc2779a4-d0a2-4ba8-abbf-10129d3f82de,flat,2,1,bc2779a4-d0a2-4ba8-abbf-10129d3f82de::roof-flat::flat:2,12.356,2.631,0.104,-0.0,2.631,1,1
bfd05652-9331-4260-886d-1b6779ee1bfa,oblique,0,1,bfd05652-9331-4260-886d-1b6779ee1bfa::roof-oblique::oblique:0,6.994,1.18,0.005,0.277,0.903,3,2
bfd05652-9331-4260-886d-1b6779ee1bfa,flat,0,1,bfd05652-9331-4260-886d-1b6779ee1bfa::roof-flat::flat:0,11.087,0.863,0.0,0.043,0.82,3,3
bfd05652-9331-4260-886d-1b6779ee1bfa,flat,1,1,bfd05652-9331-4260-886d-1b6779ee1bfa::roof-flat::flat:1,9.275,0.863,0.0,0.097,0.766,2,2
bfd05652-9331-4260-886d-1b6779ee1bfa,flat,2,1,bfd05652-9331-4260-886d-1b6779ee1bfa::roof-flat::flat:2,11.514,0.863,0.004,0.062,0.801,4,4
bfd05652-9331-4260-886d-1b6779ee1bfa,flat,3,1,bfd05652-9331-4260-886d-1b6779ee1bfa::roof-flat::flat:3,8.644,0.863,0.014,0.093,0.77,7,5
bfd05652-9331-4260-886d-1b6779ee1bfa,flat,4,1,bfd05652-9331-4260-886d-1b6779ee1bfa::roof-flat::flat:4,19.728,0.865,0.0,-0.002,0.867,12,6
bfd05652-9331-4260-886d-1b6779ee1bfa,flat,5,1,bfd05652-9331-4260-886d-1b6779ee1bfa::roof-flat::flat:5,3.632,0.884,0.0,-0.0,0.884,4,3
bfd05652-9331-4260-886d-1b6779ee1bfa,flat,6,1,bfd05652-9331-4260-886d-1b6779ee1bfa::roof-flat::flat:6,9.114,0.896,0.0,0.0,0.896,3,3
bfd05652-9331-4260-886d-1b6779ee1bfa,flat,7,1,bfd05652-9331-4260-886d-1b6779ee1bfa::roof-flat::flat:7,42.582,0.894,0.0,-0.009,0.903,2,1
bfd05652-9331-4260-886d-1b6779ee1bfa,flat,8,1,bfd05652-9331-4260-886d-1b6779ee1bfa::roof-flat::flat:8,37.805,0.93,0.041,0.0,0.93,4,4
c001b1ca-ea07-472d-b888-6ab457d4e7d9,flat,0,0,c001b1ca-ea07-472d-b888-6ab457d4e7d9::roof-flat::flat:0,4.428,-1.573,0.054,0.079,-1.652,1,1
c001b1ca-ea07-472d-b888-6ab457d4e7d9,flat,1,0,c001b1ca-ea07-472d-b888-6ab457d4e7d9::roof-flat::flat:1,5.786,-1.494,0.147,0.0,-1.494,1,1
c001b1ca-ea07-472d-b888-6ab457d4e7d9,flat,2,0,c001b1ca-ea07-472d-b888-6ab457d4e7d9::roof-flat::flat:2,7.558,-1.573,0.0,0.007,-1.58,1,1
c001b1ca-ea07-472d-b888-6ab457d4e7d9,flat,3,1,c001b1ca-ea07-472d-b888-6ab457d4e7d9::roof-flat::flat:3,13.763,0.812,0.0,-0.0,0.812,4,4
c001b1ca-ea07-472d-b888-6ab457d4e7d9,flat,4,1,c001b1ca-ea07-472d-b888-6ab457d4e7d9::roof-flat::flat:4,4.258,0.796,0.022,0.075,0.722,1,1
c001b1ca-ea07-472d-b888-6ab457d4e7d9,flat,5,1,c001b1ca-ea07-472d-b888-6ab457d4e7d9::roof-flat::flat:5,24.957,0.796,0.0,-0.05,0.846,3,3
c2800052-b0e7-4c30-a881-f813cb0b2043,flat,0,0,c2800052-b0e7-4c30-a881-f813cb0b2043::roof-flat::flat:0,13.585,1.061,0.0,0.023,1.038,2,2
c2800052-b0e7-4c30-a881-f813cb0b2043,flat,1,0,c2800052-b0e7-4c30-a881-f813cb0b2043::roof-flat::flat:1,6.375,1.061,0.0,0.023,1.038,3,2
c2800052-b0e7-4c30-a881-f813cb0b2043,flat,2,0,c2800052-b0e7-4c30-a881-f813cb0b2043::roof-flat::flat:2,7.804,1.061,0.0,0.023,1.038,2,2
c2800052-b0e7-4c30-a881-f813cb0b2043,flat,3,0,c2800052-b0e7-4c30-a881-f813cb0b2043::roof-flat::flat:3,6.49,1.061,0.0,-0.016,1.077,3,2
c2800052-b0e7-4c30-a881-f813cb0b2043,flat,4,0,c2800052-b0e7-4c30-a881-f813cb0b2043::roof-flat::flat:4,15.205,1.061,0.036,0.021,1.04,2,2
c2800052-b0e7-4c30-a881-f813cb0b2043,flat,5,0,c2800052-b0e7-4c30-a881-f813cb0b2043::roof-flat::flat:5,2.358,1.061,0.0,-0.016,1.077,3,3
c2800052-b0e7-4c30-a881-f813cb0b2043,flat,6,1,c2800052-b0e7-4c30-a881-f813cb0b2043::roof-flat::flat:6,5.001,0.524,0.0,0.0,0.524,13,2
c2800052-b0e7-4c30-a881-f813cb0b2043,flat,7,2,c2800052-b0e7-4c30-a881-f813cb0b2043::roof-flat::flat:7,14.803,1.061,0.0,0.021,1.04,2,2
c2800052-b0e7-4c30-a881-f813cb0b2043,flat,8,2,c2800052-b0e7-4c30-a881-f813cb0b2043::roof-flat::flat:8,36.531,1.061,0.012,0.023,1.038,9,5
c2800052-b0e7-4c30-a881-f813cb0b2043,flat,9,2,c2800052-b0e7-4c30-a881-f813cb0b2043::roof-flat::flat:9,9.921,1.077,0.01,0.0,1.077,6,5
c3ddcac0-827d-48dc-9223-4b219d874fa5,oblique,0,1,c3ddcac0-827d-48dc-9223-4b219d874fa5::roof-oblique::oblique:0,5.646,1.309,0.001,0.18,1.129,3,2
c3ddcac0-827d-48dc-9223-4b219d874fa5,flat,3,1,c3ddcac0-827d-48dc-9223-4b219d874fa5::roof-flat::flat:3,34.646,1.116,0.0,-0.013,1.129,7,4
c3ddcac0-827d-48dc-9223-4b219d874fa5,flat,4,1,c3ddcac0-827d-48dc-9223-4b219d874fa5::roof-flat::flat:4,20.442,1.104,0.035,-0.0,1.104,2,2
c3ddcac0-827d-48dc-9223-4b219d874fa5,flat,5,1,c3ddcac0-827d-48dc-9223-4b219d874fa5::roof-flat::flat:5,9.096,1.094,0.002,-0.0,1.094,3,3
c3ddcac0-827d-48dc-9223-4b219d874fa5,flat,6,1,c3ddcac0-827d-48dc-9223-4b219d874fa5::roof-flat::flat:6,9.301,1.093,0.072,0.002,1.091,3,3
c3ddcac0-827d-48dc-9223-4b219d874fa5,flat,7,1,c3ddcac0-827d-48dc-9223-4b219d874fa5::roof-flat::flat:7,12.978,1.093,0.006,0.016,1.077,6,2
c3ddcac0-827d-48dc-9223-4b219d874fa5,flat,8,1,c3ddcac0-827d-48dc-9223-4b219d874fa5::roof-flat::flat:8,6.059,1.093,0.741,0.053,1.04,2,2
c3ddcac0-827d-48dc-9223-4b219d874fa5,flat,9,1,c3ddcac0-827d-48dc-9223-4b219d874fa5::roof-flat::flat:9,2.895,1.093,0.0,0.026,1.067,3,3
c72ad855-9e52-46f1-886d-a9f37911521f,oblique,0,1,c72ad855-9e52-46f1-886d-a9f37911521f::roof-oblique::oblique:0,32.701,2.03,0.017,1.172,0.858,14,10
c72ad855-9e52-46f1-886d-a9f37911521f,oblique,1,1,c72ad855-9e52-46f1-886d-a9f37911521f::roof-oblique::oblique:1,35.353,2.03,0.0,1.162,0.868,7,3
c72ad855-9e52-46f1-886d-a9f37911521f,flat,3,1,c72ad855-9e52-46f1-886d-a9f37911521f::roof-flat::flat:3,2.034,0.222,0.001,0.018,0.204,3,3
c7898e89-b45b-47f3-96b7-8c1fa96ef9fd,flat,0,0,c7898e89-b45b-47f3-96b7-8c1fa96ef9fd::roof-flat::flat:0,5.953,-1.465,0.0,0.177,-1.642,1,1
c7898e89-b45b-47f3-96b7-8c1fa96ef9fd,flat,1,0,c7898e89-b45b-47f3-96b7-8c1fa96ef9fd::roof-flat::flat:1,3.001,-1.465,0.055,0.175,-1.64,1,1
c7898e89-b45b-47f3-96b7-8c1fa96ef9fd,flat,2,0,c7898e89-b45b-47f3-96b7-8c1fa96ef9fd::roof-flat::flat:2,16.901,-1.45,0.0,-0.093,-1.357,1,1
c7f2456f-91fe-4aaa-a9ba-d886ec8e0648,flat,0,0,c7f2456f-91fe-4aaa-a9ba-d886ec8e0648::roof-flat::flat:0,43.838,1.114,0.005,0.0,1.114,1,1
c7f2456f-91fe-4aaa-a9ba-d886ec8e0648,flat,1,0,c7f2456f-91fe-4aaa-a9ba-d886ec8e0648::roof-flat::flat:1,13.69,1.105,0.121,0.005,1.1,5,2
c7f2456f-91fe-4aaa-a9ba-d886ec8e0648,flat,2,0,c7f2456f-91fe-4aaa-a9ba-d886ec8e0648::roof-flat::flat:2,6.824,1.124,0.0,-0.0,1.124,1,1
c7f2456f-91fe-4aaa-a9ba-d886ec8e0648,flat,3,0,c7f2456f-91fe-4aaa-a9ba-d886ec8e0648::roof-flat::flat:3,6.908,1.119,0.0,-0.0,1.119,1,1
c7f2456f-91fe-4aaa-a9ba-d886ec8e0648,flat,4,0,c7f2456f-91fe-4aaa-a9ba-d886ec8e0648::roof-flat::flat:4,9.993,1.105,0.0,0.023,1.082,1,1
c7f2456f-91fe-4aaa-a9ba-d886ec8e0648,flat,5,0,c7f2456f-91fe-4aaa-a9ba-d886ec8e0648::roof-flat::flat:5,8.428,1.115,0.0,-0.0,1.115,1,1
c7f2456f-91fe-4aaa-a9ba-d886ec8e0648,flat,6,0,c7f2456f-91fe-4aaa-a9ba-d886ec8e0648::roof-flat::flat:6,3.369,1.105,0.023,0.009,1.096,1,1
c7f2456f-91fe-4aaa-a9ba-d886ec8e0648,flat,7,0,c7f2456f-91fe-4aaa-a9ba-d886ec8e0648::roof-flat::flat:7,17.895,1.173,0.0,0.0,1.173,2,1
c7f2456f-91fe-4aaa-a9ba-d886ec8e0648,flat,8,0,c7f2456f-91fe-4aaa-a9ba-d886ec8e0648::roof-flat::flat:8,6.352,1.149,0.0,-0.0,1.149,1,1
c814dd8d-190b-4da2-ae80-d41c71e2b797,flat,0,0,c814dd8d-190b-4da2-ae80-d41c71e2b797::roof-flat::flat:0,43.669,0.752,0.004,0.01,0.742,1,1
c814dd8d-190b-4da2-ae80-d41c71e2b797,flat,1,0,c814dd8d-190b-4da2-ae80-d41c71e2b797::roof-flat::flat:1,13.416,0.752,0.066,0.009,0.743,1,1
c814dd8d-190b-4da2-ae80-d41c71e2b797,flat,2,0,c814dd8d-190b-4da2-ae80-d41c71e2b797::roof-flat::flat:2,5.564,0.769,0.179,0.0,0.769,1,1
c814dd8d-190b-4da2-ae80-d41c71e2b797,flat,3,0,c814dd8d-190b-4da2-ae80-d41c71e2b797::roof-flat::flat:3,6.6,0.763,0.0,0.0,0.763,1,1
c814dd8d-190b-4da2-ae80-d41c71e2b797,flat,4,0,c814dd8d-190b-4da2-ae80-d41c71e2b797::roof-flat::flat:4,6.821,0.752,0.0,0.0,0.752,1,1
c814dd8d-190b-4da2-ae80-d41c71e2b797,flat,5,0,c814dd8d-190b-4da2-ae80-d41c71e2b797::roof-flat::flat:5,12.066,0.771,0.102,0.0,0.771,1,1
c87c1e25-ff00-44ec-b823-b0966c81af70,oblique,0,1,c87c1e25-ff00-44ec-b823-b0966c81af70::roof-oblique::oblique:0,19.558,1.912,0.033,1.066,0.846,19,7
c87c1e25-ff00-44ec-b823-b0966c81af70,oblique,1,1,c87c1e25-ff00-44ec-b823-b0966c81af70::roof-oblique::oblique:1,18.323,1.912,0.0,1.066,0.846,6,3
c87c1e25-ff00-44ec-b823-b0966c81af70,flat,2,0,c87c1e25-ff00-44ec-b823-b0966c81af70::roof-flat::flat:2,3.719,-1.534,0.0,0.634,-2.168,1,1
c87c1e25-ff00-44ec-b823-b0966c81af70,flat,3,1,c87c1e25-ff00-44ec-b823-b0966c81af70::roof-flat::flat:3,13.271,0.846,0.0,0.0,0.846,4,2
c9a43a7c-7171-484c-ac98-54f9ba59b6e6,oblique,0,2,c9a43a7c-7171-484c-ac98-54f9ba59b6e6::roof-oblique::oblique:0,31.504,7.152,0.025,1.324,5.828,8,6
c9a43a7c-7171-484c-ac98-54f9ba59b6e6,oblique,1,2,c9a43a7c-7171-484c-ac98-54f9ba59b6e6::roof-oblique::oblique:1,36.828,7.152,0.027,1.31,5.842,23,15
c9a43a7c-7171-484c-ac98-54f9ba59b6e6,flat,1,1,c9a43a7c-7171-484c-ac98-54f9ba59b6e6::roof-flat::flat:1,4.52,3.142,0.0,0.399,2.743,1,1
c9a43a7c-7171-484c-ac98-54f9ba59b6e6,flat,2,2,c9a43a7c-7171-484c-ac98-54f9ba59b6e6::roof-flat::flat:2,1.834,5.805,0.0,0.0,5.805,7,4
cf982769-994b-4193-a621-91d46d1a3344,oblique,0,1,cf982769-994b-4193-a621-91d46d1a3344::roof-oblique::oblique:0,31.062,1.974,0.0,-0.006,1.98,20,4
cf982769-994b-4193-a621-91d46d1a3344,flat,0,0,cf982769-994b-4193-a621-91d46d1a3344::roof-flat::flat:0,6.165,-0.647,0.001,-0.005,-0.642,2,1
d28b528a-475b-4ac0-a38d-ee992cd877db,oblique,0,1,d28b528a-475b-4ac0-a38d-ee992cd877db::roof-oblique::oblique:0,57.985,4.929,0.008,4.567,0.361,31,6
d28b528a-475b-4ac0-a38d-ee992cd877db,flat,0,0,d28b528a-475b-4ac0-a38d-ee992cd877db::roof-flat::flat:0,10.778,-1.842,0.0,-0.0,-1.842,1,1
d28b528a-475b-4ac0-a38d-ee992cd877db,flat,1,0,d28b528a-475b-4ac0-a38d-ee992cd877db::roof-flat::flat:1,8.208,-1.844,0.0,0.207,-2.051,2,1
d28b528a-475b-4ac0-a38d-ee992cd877db,flat,2,0,d28b528a-475b-4ac0-a38d-ee992cd877db::roof-flat::flat:2,3.358,-1.844,0.347,0.161,-2.005,1,1
d28b528a-475b-4ac0-a38d-ee992cd877db,flat,4,0,d28b528a-475b-4ac0-a38d-ee992cd877db::roof-flat::flat:4,20.839,-1.888,0.0,-0.023,-1.865,1,1
d28b528a-475b-4ac0-a38d-ee992cd877db,flat,5,1,d28b528a-475b-4ac0-a38d-ee992cd877db::roof-flat::flat:5,12.182,1.678,0.0,0.002,1.676,2,2
d28b528a-475b-4ac0-a38d-ee992cd877db,flat,6,1,d28b528a-475b-4ac0-a38d-ee992cd877db::roof-flat::flat:6,15.124,2.068,0.003,0.0,2.068,7,2
d32d5562-5763-4c71-a816-6732c638fa6a,oblique,0,1,d32d5562-5763-4c71-a816-6732c638fa6a::roof-oblique::oblique:0,34.293,2.387,0.011,-0.052,2.439,14,8
d32d5562-5763-4c71-a816-6732c638fa6a,oblique,1,1,d32d5562-5763-4c71-a816-6732c638fa6a::roof-oblique::oblique:1,33.089,2.387,0.004,-0.048,2.435,15,7
d4665def-0566-4ccc-aa62-8d562ec6e424,flat,0,0,d4665def-0566-4ccc-aa62-8d562ec6e424::roof-flat::flat:0,8.35,1.126,0.0,0.003,1.123,1,1
d4665def-0566-4ccc-aa62-8d562ec6e424,flat,1,0,d4665def-0566-4ccc-aa62-8d562ec6e424::roof-flat::flat:1,9.393,1.126,0.129,0.015,1.111,1,1
d4665def-0566-4ccc-aa62-8d562ec6e424,flat,2,0,d4665def-0566-4ccc-aa62-8d562ec6e424::roof-flat::flat:2,4.817,1.133,0.263,-0.0,1.133,1,1
d4665def-0566-4ccc-aa62-8d562ec6e424,flat,3,0,d4665def-0566-4ccc-aa62-8d562ec6e424::roof-flat::flat:3,11.43,1.158,0.0,-0.0,1.158,1,1
d4665def-0566-4ccc-aa62-8d562ec6e424,flat,4,0,d4665def-0566-4ccc-aa62-8d562ec6e424::roof-flat::flat:4,36.341,1.127,0.008,0.0,1.127,1,1
d4665def-0566-4ccc-aa62-8d562ec6e424,flat,5,0,d4665def-0566-4ccc-aa62-8d562ec6e424::roof-flat::flat:5,15.723,1.126,0.009,0.03,1.096,1,1
d683f65d-ad08-4f69-ab23-dbd7ec1bcaed,oblique,0,0,d683f65d-ad08-4f69-ab23-dbd7ec1bcaed::roof-oblique::oblique:0,119.364,2.626,0.041,-0.014,2.64,17,12
d683f65d-ad08-4f69-ab23-dbd7ec1bcaed,oblique,1,0,d683f65d-ad08-4f69-ab23-dbd7ec1bcaed::roof-oblique::oblique:1,108.29,2.626,0.031,-0.022,2.648,12,8
d683f65d-ad08-4f69-ab23-dbd7ec1bcaed,flat,0,0,d683f65d-ad08-4f69-ab23-dbd7ec1bcaed::roof-flat::flat:0,46.606,1.459,0.0,-0.0,1.459,4,1
d683f65d-ad08-4f69-ab23-dbd7ec1bcaed,flat,1,0,d683f65d-ad08-4f69-ab23-dbd7ec1bcaed::roof-flat::flat:1,12.871,2.111,0.0,0.672,1.439,1,1
d683f65d-ad08-4f69-ab23-dbd7ec1bcaed,flat,2,0,d683f65d-ad08-4f69-ab23-dbd7ec1bcaed::roof-flat::flat:2,16.145,1.4,0.0,0.008,1.392,1,1
d683f65d-ad08-4f69-ab23-dbd7ec1bcaed,flat,3,0,d683f65d-ad08-4f69-ab23-dbd7ec1bcaed::roof-flat::flat:3,4.46,2.111,0.0,0.722,1.389,1,1
d683f65d-ad08-4f69-ab23-dbd7ec1bcaed,flat,4,0,d683f65d-ad08-4f69-ab23-dbd7ec1bcaed::roof-flat::flat:4,8.483,1.431,0.0,-0.0,1.431,1,1
d683f65d-ad08-4f69-ab23-dbd7ec1bcaed,flat,5,0,d683f65d-ad08-4f69-ab23-dbd7ec1bcaed::roof-flat::flat:5,15.312,2.628,0.396,1.231,1.397,1,1
d683f65d-ad08-4f69-ab23-dbd7ec1bcaed,flat,6,0,d683f65d-ad08-4f69-ab23-dbd7ec1bcaed::roof-flat::flat:6,12.552,2.628,0.0,1.272,1.356,1,1
d683f65d-ad08-4f69-ab23-dbd7ec1bcaed,flat,7,0,d683f65d-ad08-4f69-ab23-dbd7ec1bcaed::roof-flat::flat:7,30.663,2.628,0.0,1.272,1.356,1,1
d683f65d-ad08-4f69-ab23-dbd7ec1bcaed,flat,8,0,d683f65d-ad08-4f69-ab23-dbd7ec1bcaed::roof-flat::flat:8,34.463,1.4,0.0,0.018,1.381,1,1
d683f65d-ad08-4f69-ab23-dbd7ec1bcaed,flat,9,0,d683f65d-ad08-4f69-ab23-dbd7ec1bcaed::roof-flat::flat:9,19.143,2.628,0.066,1.266,1.362,2,1
d683f65d-ad08-4f69-ab23-dbd7ec1bcaed,flat,10,0,d683f65d-ad08-4f69-ab23-dbd7ec1bcaed::roof-flat::flat:10,17.896,1.4,0.039,0.051,1.349,1,1
d683f65d-ad08-4f69-ab23-dbd7ec1bcaed,flat,11,0,d683f65d-ad08-4f69-ab23-dbd7ec1bcaed::roof-flat::flat:11,12.552,1.4,0.0,0.087,1.313,2,1
d683f65d-ad08-4f69-ab23-dbd7ec1bcaed,flat,12,0,d683f65d-ad08-4f69-ab23-dbd7ec1bcaed::roof-flat::flat:12,8.124,2.111,0.0,0.707,1.405,1,1
d7f1aa19-5ca9-4e1b-ac1a-c86d63f9ede7,flat,0,0,d7f1aa19-5ca9-4e1b-ac1a-c86d63f9ede7::roof-flat::flat:0,5.427,1.148,0.0,0.049,1.099,1,1
d7f1aa19-5ca9-4e1b-ac1a-c86d63f9ede7,flat,1,0,d7f1aa19-5ca9-4e1b-ac1a-c86d63f9ede7::roof-flat::flat:1,3.564,1.148,0.0,0.036,1.112,1,1
d7f1aa19-5ca9-4e1b-ac1a-c86d63f9ede7,flat,2,0,d7f1aa19-5ca9-4e1b-ac1a-c86d63f9ede7::roof-flat::flat:2,16.274,1.148,0.0,0.014,1.134,1,1
d7f1aa19-5ca9-4e1b-ac1a-c86d63f9ede7,flat,3,0,d7f1aa19-5ca9-4e1b-ac1a-c86d63f9ede7::roof-flat::flat:3,6.006,1.148,0.305,0.005,1.143,1,1
d7f1aa19-5ca9-4e1b-ac1a-c86d63f9ede7,flat,4,0,d7f1aa19-5ca9-4e1b-ac1a-c86d63f9ede7::roof-flat::flat:4,11.584,1.163,0.0,-0.0,1.163,1,1
d7f1aa19-5ca9-4e1b-ac1a-c86d63f9ede7,flat,5,0,d7f1aa19-5ca9-4e1b-ac1a-c86d63f9ede7::roof-flat::flat:5,9.761,1.175,0.0,0.0,1.175,1,1
d8308bfc-c2c1-42bd-8503-282571708b8c,oblique,0,0,d8308bfc-c2c1-42bd-8503-282571708b8c::roof-oblique::oblique:0,47.217,3.755,0.115,0.11,3.645,12,5
d8308bfc-c2c1-42bd-8503-282571708b8c,oblique,1,0,d8308bfc-c2c1-42bd-8503-282571708b8c::roof-oblique::oblique:1,25.397,3.755,0.009,0.1,3.655,4,3
d8308bfc-c2c1-42bd-8503-282571708b8c,flat,0,0,d8308bfc-c2c1-42bd-8503-282571708b8c::roof-flat::flat:0,5.07,1.537,0.0,0.635,0.901,1,1
d8308bfc-c2c1-42bd-8503-282571708b8c,flat,1,0,d8308bfc-c2c1-42bd-8503-282571708b8c::roof-flat::flat:1,9.23,1.566,0.0,-0.001,1.567,6,1
d8308bfc-c2c1-42bd-8503-282571708b8c,flat,2,0,d8308bfc-c2c1-42bd-8503-282571708b8c::roof-flat::flat:2,12.39,1.115,0.0,0.0,1.115,1,1
d8308bfc-c2c1-42bd-8503-282571708b8c,flat,3,0,d8308bfc-c2c1-42bd-8503-282571708b8c::roof-flat::flat:3,12.14,3.642,0.0,2.535,1.107,1,1
d8308bfc-c2c1-42bd-8503-282571708b8c,flat,4,0,d8308bfc-c2c1-42bd-8503-282571708b8c::roof-flat::flat:4,11.095,1.017,0.0,0.013,1.004,2,1
d8308bfc-c2c1-42bd-8503-282571708b8c,flat,5,0,d8308bfc-c2c1-42bd-8503-282571708b8c::roof-flat::flat:5,11.026,1.017,0.225,0.088,0.929,1,1
d8308bfc-c2c1-42bd-8503-282571708b8c,flat,6,0,d8308bfc-c2c1-42bd-8503-282571708b8c::roof-flat::flat:6,7.412,1.054,0.0,-0.0,1.054,1,1
d8308bfc-c2c1-42bd-8503-282571708b8c,flat,7,0,d8308bfc-c2c1-42bd-8503-282571708b8c::roof-flat::flat:7,12.724,1.017,0.0,0.118,0.899,1,1
d8308bfc-c2c1-42bd-8503-282571708b8c,flat,8,0,d8308bfc-c2c1-42bd-8503-282571708b8c::roof-flat::flat:8,8.025,1.537,0.0,0.569,0.968,1,1
d8308bfc-c2c1-42bd-8503-282571708b8c,flat,9,0,d8308bfc-c2c1-42bd-8503-282571708b8c::roof-flat::flat:9,4.697,1.017,0.006,0.094,0.923,1,1
d8308bfc-c2c1-42bd-8503-282571708b8c,flat,10,0,d8308bfc-c2c1-42bd-8503-282571708b8c::roof-flat::flat:10,26.416,1.537,0.018,0.388,1.149,8,1
d904fdad-775d-4382-ba44-a4289889745e,flat,0,0,d904fdad-775d-4382-ba44-a4289889745e::roof-flat::flat:0,14.859,0.641,0.0,0.201,0.44,2,1
d904fdad-775d-4382-ba44-a4289889745e,flat,1,0,d904fdad-775d-4382-ba44-a4289889745e::roof-flat::flat:1,5.385,0.641,0.0,0.358,0.283,1,1
d904fdad-775d-4382-ba44-a4289889745e,flat,2,0,d904fdad-775d-4382-ba44-a4289889745e::roof-flat::flat:2,17.441,0.705,0.321,0.0,0.705,1,1
d904fdad-775d-4382-ba44-a4289889745e,flat,3,0,d904fdad-775d-4382-ba44-a4289889745e::roof-flat::flat:3,10.968,0.641,0.0,0.053,0.588,1,1
d904fdad-775d-4382-ba44-a4289889745e,flat,4,0,d904fdad-775d-4382-ba44-a4289889745e::roof-flat::flat:4,7.463,0.701,0.0,-0.0,0.701,1,1
d904fdad-775d-4382-ba44-a4289889745e,flat,5,0,d904fdad-775d-4382-ba44-a4289889745e::roof-flat::flat:5,10.623,0.74,0.0,0.0,0.74,1,1
d904fdad-775d-4382-ba44-a4289889745e,flat,6,0,d904fdad-775d-4382-ba44-a4289889745e::roof-flat::flat:6,9.723,0.77,0.0,-0.0,0.77,1,1
d904fdad-775d-4382-ba44-a4289889745e,flat,7,0,d904fdad-775d-4382-ba44-a4289889745e::roof-flat::flat:7,32.937,0.764,0.0,-0.0,0.764,1,1
d904fdad-775d-4382-ba44-a4289889745e,flat,8,0,d904fdad-775d-4382-ba44-a4289889745e::roof-flat::flat:8,35.965,0.641,0.0,0.013,0.628,1,1
d928da15-65c0-490c-84df-613a196930f0,flat,0,0,d928da15-65c0-490c-84df-613a196930f0::roof-flat::flat:0,11.222,1.011,0.0,0.0,1.011,1,1
d928da15-65c0-490c-84df-613a196930f0,flat,1,0,d928da15-65c0-490c-84df-613a196930f0::roof-flat::flat:1,3.744,1.007,0.001,-0.0,1.007,1,1
d928da15-65c0-490c-84df-613a196930f0,flat,2,0,d928da15-65c0-490c-84df-613a196930f0::roof-flat::flat:2,13.163,1.001,0.076,-0.006,1.007,2,2
d928da15-65c0-490c-84df-613a196930f0,flat,3,0,d928da15-65c0-490c-84df-613a196930f0::roof-flat::flat:3,29.511,1.001,0.0,-0.01,1.011,3,3
d928da15-65c0-490c-84df-613a196930f0,flat,4,0,d928da15-65c0-490c-84df-613a196930f0::roof-flat::flat:4,12.477,1.001,0.0,0.031,0.97,1,1
d928da15-65c0-490c-84df-613a196930f0,flat,5,0,d928da15-65c0-490c-84df-613a196930f0::roof-flat::flat:5,10.102,1.001,0.029,0.021,0.98,1,1
d928da15-65c0-490c-84df-613a196930f0,flat,6,0,d928da15-65c0-490c-84df-613a196930f0::roof-flat::flat:6,5.113,1.019,0.0,0.0,1.019,1,1
d98923f0-3373-4d3c-ba03-c0df5d8b29d8,flat,0,0,d98923f0-3373-4d3c-ba03-c0df5d8b29d8::roof-flat::flat:0,39.231,1.055,0.041,0.0,1.055,1,1
d98923f0-3373-4d3c-ba03-c0df5d8b29d8,flat,1,0,d98923f0-3373-4d3c-ba03-c0df5d8b29d8::roof-flat::flat:1,10.582,1.01,0.0,0.008,1.002,1,1
d98923f0-3373-4d3c-ba03-c0df5d8b29d8,flat,2,0,d98923f0-3373-4d3c-ba03-c0df5d8b29d8::roof-flat::flat:2,12.825,1.359,0.004,0.378,0.981,2,1
d98923f0-3373-4d3c-ba03-c0df5d8b29d8,flat,3,0,d98923f0-3373-4d3c-ba03-c0df5d8b29d8::roof-flat::flat:3,6.8,1.359,0.165,0.424,0.935,1,1
d98923f0-3373-4d3c-ba03-c0df5d8b29d8,flat,4,0,d98923f0-3373-4d3c-ba03-c0df5d8b29d8::roof-flat::flat:4,9.792,1.01,0.0,0.018,0.992,1,1
d98923f0-3373-4d3c-ba03-c0df5d8b29d8,flat,5,0,d98923f0-3373-4d3c-ba03-c0df5d8b29d8::roof-flat::flat:5,3.425,1.01,0.334,0.002,1.008,1,1
d98923f0-3373-4d3c-ba03-c0df5d8b29d8,flat,6,0,d98923f0-3373-4d3c-ba03-c0df5d8b29d8::roof-flat::flat:6,9.679,1.01,0.0,0.01,1.0,1,1
d98923f0-3373-4d3c-ba03-c0df5d8b29d8,flat,7,0,d98923f0-3373-4d3c-ba03-c0df5d8b29d8::roof-flat::flat:7,13.277,1.012,0.0,-0.0,1.012,1,1
dd4ba0e6-c9e0-444f-b815-9ad921cd3b87,flat,0,0,dd4ba0e6-c9e0-444f-b815-9ad921cd3b87::roof-flat::flat:0,13.721,0.873,0.0,0.0,0.873,1,1
dd4ba0e6-c9e0-444f-b815-9ad921cd3b87,flat,1,0,dd4ba0e6-c9e0-444f-b815-9ad921cd3b87::roof-flat::flat:1,9.196,0.902,0.106,-0.0,0.902,1,1
dd4ba0e6-c9e0-444f-b815-9ad921cd3b87,flat,2,0,dd4ba0e6-c9e0-444f-b815-9ad921cd3b87::roof-flat::flat:2,8.261,0.877,0.0,0.0,0.877,1,1
dd4ba0e6-c9e0-444f-b815-9ad921cd3b87,flat,3,0,dd4ba0e6-c9e0-444f-b815-9ad921cd3b87::roof-flat::flat:3,14.662,2.194,0.121,1.314,0.88,9,2
dd4ba0e6-c9e0-444f-b815-9ad921cd3b87,flat,4,0,dd4ba0e6-c9e0-444f-b815-9ad921cd3b87::roof-flat::flat:4,4.912,2.194,0.0,1.418,0.776,1,1
dd4ba0e6-c9e0-444f-b815-9ad921cd3b87,flat,6,0,dd4ba0e6-c9e0-444f-b815-9ad921cd3b87::roof-flat::flat:6,8.696,2.194,0.0,1.374,0.82,2,1
dd4ba0e6-c9e0-444f-b815-9ad921cd3b87,flat,7,0,dd4ba0e6-c9e0-444f-b815-9ad921cd3b87::roof-flat::flat:7,2.548,2.194,0.0,1.296,0.898,1,1
df1f5f4f-8801-4d5d-9c64-f0ea8e1ce027,flat,0,0,df1f5f4f-8801-4d5d-9c64-f0ea8e1ce027::roof-flat::flat:0,9.151,0.654,0.011,0.028,0.626,1,1
df1f5f4f-8801-4d5d-9c64-f0ea8e1ce027,flat,1,0,df1f5f4f-8801-4d5d-9c64-f0ea8e1ce027::roof-flat::flat:1,10.75,0.654,0.0,0.031,0.623,1,1
df1f5f4f-8801-4d5d-9c64-f0ea8e1ce027,flat,2,0,df1f5f4f-8801-4d5d-9c64-f0ea8e1ce027::roof-flat::flat:2,9.583,0.654,0.105,0.046,0.608,1,1
df1f5f4f-8801-4d5d-9c64-f0ea8e1ce027,flat,3,0,df1f5f4f-8801-4d5d-9c64-f0ea8e1ce027::roof-flat::flat:3,9.109,0.654,0.0,0.038,0.616,1,1
df1f5f4f-8801-4d5d-9c64-f0ea8e1ce027,flat,4,0,df1f5f4f-8801-4d5d-9c64-f0ea8e1ce027::roof-flat::flat:4,13.798,0.654,0.062,0.003,0.651,1,1
df1f5f4f-8801-4d5d-9c64-f0ea8e1ce027,flat,5,0,df1f5f4f-8801-4d5d-9c64-f0ea8e1ce027::roof-flat::flat:5,5.574,0.688,0.0,0.0,0.688,1,1
df1f5f4f-8801-4d5d-9c64-f0ea8e1ce027,flat,6,0,df1f5f4f-8801-4d5d-9c64-f0ea8e1ce027::roof-flat::flat:6,36.26,0.654,0.0,0.0,0.654,1,1
df1f5f4f-8801-4d5d-9c64-f0ea8e1ce027,flat,7,0,df1f5f4f-8801-4d5d-9c64-f0ea8e1ce027::roof-flat::flat:7,11.52,0.656,0.0,-0.0,0.656,2,1
dfb88995-ff0a-4025-878b-b544364f8e92,oblique,0,1,dfb88995-ff0a-4025-878b-b544364f8e92::roof-oblique::oblique:0,31.958,2.924,0.002,2.239,0.685,14,5
dfb88995-ff0a-4025-878b-b544364f8e92,oblique,1,1,dfb88995-ff0a-4025-878b-b544364f8e92::roof-oblique::oblique:1,29.253,2.924,0.028,2.25,0.674,16,7
dfb88995-ff0a-4025-878b-b544364f8e92,flat,1,1,dfb88995-ff0a-4025-878b-b544364f8e92::roof-flat::flat:1,5.849,0.669,0.06,-0.005,0.674,6,5
e0155eef-34a5-4642-bca6-39b83ee42af1,oblique,0,3,e0155eef-34a5-4642-bca6-39b83ee42af1::roof-oblique::oblique:0,17.67,7.699,0.0,-0.03,7.729,7,3
e0155eef-34a5-4642-bca6-39b83ee42af1,oblique,1,3,e0155eef-34a5-4642-bca6-39b83ee42af1::roof-oblique::oblique:1,29.729,7.699,0.064,-0.03,7.729,52,12
e0155eef-34a5-4642-bca6-39b83ee42af1,flat,0,0,e0155eef-34a5-4642-bca6-39b83ee42af1::roof-flat::flat:0,25.865,6.15,0.001,0.052,6.098,26,6
e0155eef-34a5-4642-bca6-39b83ee42af1,flat,1,0,e0155eef-34a5-4642-bca6-39b83ee42af1::roof-flat::flat:1,4.229,6.15,0.0,1.749,4.401,8,3
e0155eef-34a5-4642-bca6-39b83ee42af1,flat,2,0,e0155eef-34a5-4642-bca6-39b83ee42af1::roof-flat::flat:2,1.856,6.15,0.0,4.455,1.696,1,1
e0155eef-34a5-4642-bca6-39b83ee42af1,flat,3,0,e0155eef-34a5-4642-bca6-39b83ee42af1::roof-flat::flat:3,20.663,7.728,0.0,-0.001,7.729,15,3
e0155eef-34a5-4642-bca6-39b83ee42af1,flat,4,0,e0155eef-34a5-4642-bca6-39b83ee42af1::roof-flat::flat:4,14.315,7.728,0.0,0.0,7.728,17,5
e01a968a-24dd-4ca3-b46f-5aff03b1779f,flat,0,0,e01a968a-24dd-4ca3-b46f-5aff03b1779f::roof-flat::flat:0,2.235,0.665,0.0,0.074,0.591,1,1
e01a968a-24dd-4ca3-b46f-5aff03b1779f,flat,1,0,e01a968a-24dd-4ca3-b46f-5aff03b1779f::roof-flat::flat:1,6.931,0.665,0.018,0.022,0.643,1,1
e01a968a-24dd-4ca3-b46f-5aff03b1779f,flat,2,0,e01a968a-24dd-4ca3-b46f-5aff03b1779f::roof-flat::flat:2,10.934,0.717,0.051,-0.0,0.717,1,1
e01a968a-24dd-4ca3-b46f-5aff03b1779f,flat,3,0,e01a968a-24dd-4ca3-b46f-5aff03b1779f::roof-flat::flat:3,10.005,0.67,0.0,0.001,0.669,1,1
e01a968a-24dd-4ca3-b46f-5aff03b1779f,flat,4,0,e01a968a-24dd-4ca3-b46f-5aff03b1779f::roof-flat::flat:4,49.935,0.665,0.004,-0.002,0.667,2,2
e01a968a-24dd-4ca3-b46f-5aff03b1779f,flat,5,0,e01a968a-24dd-4ca3-b46f-5aff03b1779f::roof-flat::flat:5,18.752,0.667,0.133,0.0,0.667,1,1
e01a968a-24dd-4ca3-b46f-5aff03b1779f,flat,6,0,e01a968a-24dd-4ca3-b46f-5aff03b1779f::roof-flat::flat:6,9.575,0.665,0.0,0.001,0.664,1,1
e028bcc5-73ee-45f9-924b-d7badbc66caf,oblique,0,1,e028bcc5-73ee-45f9-924b-d7badbc66caf::roof-oblique::oblique:0,33.613,2.22,0.008,1.318,0.902,17,8
e028bcc5-73ee-45f9-924b-d7badbc66caf,oblique,1,1,e028bcc5-73ee-45f9-924b-d7badbc66caf::roof-oblique::oblique:1,20.585,2.219,0.011,1.315,0.903,8,4
e028bcc5-73ee-45f9-924b-d7badbc66caf,oblique,2,1,e028bcc5-73ee-45f9-924b-d7badbc66caf::roof-oblique::oblique:2,8.68,1.617,0.001,0.693,0.924,7,4
e028bcc5-73ee-45f9-924b-d7badbc66caf,flat,0,0,e028bcc5-73ee-45f9-924b-d7badbc66caf::roof-flat::flat:0,8.517,-1.696,0.037,0.104,-1.8,1,1
e028bcc5-73ee-45f9-924b-d7badbc66caf,flat,1,1,e028bcc5-73ee-45f9-924b-d7badbc66caf::roof-flat::flat:1,50.842,1.559,0.002,0.0,1.559,9,2
e0796748-79fd-40ae-be1f-e5977a9fe1e5,flat,0,0,e0796748-79fd-40ae-be1f-e5977a9fe1e5::roof-flat::flat:0,14.376,0.606,0.0,0.135,0.471,1,1
e0796748-79fd-40ae-be1f-e5977a9fe1e5,flat,1,0,e0796748-79fd-40ae-be1f-e5977a9fe1e5::roof-flat::flat:1,9.18,0.606,0.131,0.079,0.527,1,1
e0796748-79fd-40ae-be1f-e5977a9fe1e5,flat,2,0,e0796748-79fd-40ae-be1f-e5977a9fe1e5::roof-flat::flat:2,7.805,0.606,0.024,0.063,0.543,1,1
e0796748-79fd-40ae-be1f-e5977a9fe1e5,flat,3,0,e0796748-79fd-40ae-be1f-e5977a9fe1e5::roof-flat::flat:3,3.035,0.606,0.198,0.03,0.576,1,1
e0796748-79fd-40ae-be1f-e5977a9fe1e5,flat,4,0,e0796748-79fd-40ae-be1f-e5977a9fe1e5::roof-flat::flat:4,6.851,0.606,0.0,0.003,0.603,1,1
e0796748-79fd-40ae-be1f-e5977a9fe1e5,flat,5,0,e0796748-79fd-40ae-be1f-e5977a9fe1e5::roof-flat::flat:5,16.132,0.623,0.044,0.0,0.623,1,1
e0796748-79fd-40ae-be1f-e5977a9fe1e5,flat,6,0,e0796748-79fd-40ae-be1f-e5977a9fe1e5::roof-flat::flat:6,17.942,0.683,0.0,0.0,0.683,2,2
e0796748-79fd-40ae-be1f-e5977a9fe1e5,flat,7,0,e0796748-79fd-40ae-be1f-e5977a9fe1e5::roof-flat::flat:7,32.869,0.745,0.0,-0.0,0.745,2,1
e0796748-79fd-40ae-be1f-e5977a9fe1e5,flat,8,0,e0796748-79fd-40ae-be1f-e5977a9fe1e5::roof-flat::flat:8,9.832,0.606,0.033,0.075,0.531,1,1
e0796748-79fd-40ae-be1f-e5977a9fe1e5,flat,9,0,e0796748-79fd-40ae-be1f-e5977a9fe1e5::roof-flat::flat:9,13.282,0.606,0.066,0.025,0.581,6,1
e0796748-79fd-40ae-be1f-e5977a9fe1e5,flat,10,0,e0796748-79fd-40ae-be1f-e5977a9fe1e5::roof-flat::flat:10,3.588,0.606,0.0,0.285,0.321,1,1
e496ca55-bafb-4b8b-b3f1-5f6fb5ae8c7e,oblique,0,2,e496ca55-bafb-4b8b-b3f1-5f6fb5ae8c7e::roof-oblique::oblique:0,52.088,5.908,0.003,1.722,4.186,13,9
e496ca55-bafb-4b8b-b3f1-5f6fb5ae8c7e,oblique,1,2,e496ca55-bafb-4b8b-b3f1-5f6fb5ae8c7e::roof-oblique::oblique:1,66.602,5.908,0.005,1.722,4.186,32,17
e496ca55-bafb-4b8b-b3f1-5f6fb5ae8c7e,flat,2,2,e496ca55-bafb-4b8b-b3f1-5f6fb5ae8c7e::roof-flat::flat:2,10.494,4.128,0.0,0.0,4.128,6,4
e4fe9821-2270-4d23-bc74-703743b5d282,flat,0,0,e4fe9821-2270-4d23-bc74-703743b5d282::roof-flat::flat:0,4.798,0.839,0.076,0.047,0.792,1,1
e4fe9821-2270-4d23-bc74-703743b5d282,flat,1,0,e4fe9821-2270-4d23-bc74-703743b5d282::roof-flat::flat:1,13.924,0.839,0.021,0.009,0.83,1,1
e4fe9821-2270-4d23-bc74-703743b5d282,flat,2,0,e4fe9821-2270-4d23-bc74-703743b5d282::roof-flat::flat:2,20.05,0.839,0.0,-0.04,0.879,2,2
e4fe9821-2270-4d23-bc74-703743b5d282,flat,3,0,e4fe9821-2270-4d23-bc74-703743b5d282::roof-flat::flat:3,37.528,0.879,0.004,0.0,0.879,5,3
e4fe9821-2270-4d23-bc74-703743b5d282,flat,4,0,e4fe9821-2270-4d23-bc74-703743b5d282::roof-flat::flat:4,17.348,0.854,0.0,0.0,0.854,1,1
e4fe9821-2270-4d23-bc74-703743b5d282,flat,5,0,e4fe9821-2270-4d23-bc74-703743b5d282::roof-flat::flat:5,13.726,0.871,0.036,0.0,0.871,1,1
e4fe9821-2270-4d23-bc74-703743b5d282,flat,6,0,e4fe9821-2270-4d23-bc74-703743b5d282::roof-flat::flat:6,5.65,0.875,0.396,0.0,0.875,1,1
e4fe9821-2270-4d23-bc74-703743b5d282,flat,7,0,e4fe9821-2270-4d23-bc74-703743b5d282::roof-flat::flat:7,4.947,0.881,0.0,0.0,0.881,1,1
e4fe9821-2270-4d23-bc74-703743b5d282,flat,8,0,e4fe9821-2270-4d23-bc74-703743b5d282::roof-flat::flat:8,11.275,0.947,0.0,0.0,0.947,2,1
e4fe9821-2270-4d23-bc74-703743b5d282,flat,9,0,e4fe9821-2270-4d23-bc74-703743b5d282::roof-flat::flat:9,35.586,0.839,0.0,0.204,0.635,1,1
e5adc187-70eb-4828-aa90-5fe3c46dfbce,oblique,0,1,e5adc187-70eb-4828-aa90-5fe3c46dfbce::roof-oblique::oblique:0,11.31,1.81,0.004,1.049,0.761,10,6
e5adc187-70eb-4828-aa90-5fe3c46dfbce,oblique,1,1,e5adc187-70eb-4828-aa90-5fe3c46dfbce::roof-oblique::oblique:1,6.213,1.81,0.0,1.045,0.765,3,2
e5adc187-70eb-4828-aa90-5fe3c46dfbce,oblique,2,1,e5adc187-70eb-4828-aa90-5fe3c46dfbce::roof-oblique::oblique:2,2.454,1.196,0.0,0.473,0.723,4,3
e5adc187-70eb-4828-aa90-5fe3c46dfbce,flat,0,0,e5adc187-70eb-4828-aa90-5fe3c46dfbce::roof-flat::flat:0,4.268,-1.955,0.0,0.081,-2.036,1,1
e5adc187-70eb-4828-aa90-5fe3c46dfbce,flat,1,1,e5adc187-70eb-4828-aa90-5fe3c46dfbce::roof-flat::flat:1,11.723,0.722,0.0,-0.001,0.723,6,4
e721a943-1c4f-4bd6-b8a3-f9558de79921,oblique,0,0,e721a943-1c4f-4bd6-b8a3-f9558de79921::roof-oblique::oblique:0,8.248,1.492,0.04,0.169,1.323,2,2
e721a943-1c4f-4bd6-b8a3-f9558de79921,flat,0,0,e721a943-1c4f-4bd6-b8a3-f9558de79921::roof-flat::flat:0,6.504,1.04,0.0,0.032,1.008,1,1
e721a943-1c4f-4bd6-b8a3-f9558de79921,flat,1,0,e721a943-1c4f-4bd6-b8a3-f9558de79921::roof-flat::flat:1,7.372,1.044,0.0,0.0,1.044,1,1
e721a943-1c4f-4bd6-b8a3-f9558de79921,flat,2,0,e721a943-1c4f-4bd6-b8a3-f9558de79921::roof-flat::flat:2,3.44,1.04,0.0,0.01,1.03,1,1
e721a943-1c4f-4bd6-b8a3-f9558de79921,flat,3,0,e721a943-1c4f-4bd6-b8a3-f9558de79921::roof-flat::flat:3,4.958,1.323,0.001,0.274,1.049,1,1
e721a943-1c4f-4bd6-b8a3-f9558de79921,flat,4,0,e721a943-1c4f-4bd6-b8a3-f9558de79921::roof-flat::flat:4,6.522,1.323,0.0,0.282,1.041,1,1
e721a943-1c4f-4bd6-b8a3-f9558de79921,flat,5,0,e721a943-1c4f-4bd6-b8a3-f9558de79921::roof-flat::flat:5,9.433,1.323,0.0,0.288,1.035,1,1
e721a943-1c4f-4bd6-b8a3-f9558de79921,flat,6,0,e721a943-1c4f-4bd6-b8a3-f9558de79921::roof-flat::flat:6,6.666,1.322,0.0,-0.0,1.323,1,1
e7452ac7-517e-4321-9201-d52bf7f0cae9,oblique,0,0,e7452ac7-517e-4321-9201-d52bf7f0cae9::roof-oblique::oblique:0,63.965,1.921,0.056,0.137,1.784,16,9
e7452ac7-517e-4321-9201-d52bf7f0cae9,flat,0,0,e7452ac7-517e-4321-9201-d52bf7f0cae9::roof-flat::flat:0,4.702,1.689,0.032,0.868,0.821,1,1
e7452ac7-517e-4321-9201-d52bf7f0cae9,flat,1,0,e7452ac7-517e-4321-9201-d52bf7f0cae9::roof-flat::flat:1,13.164,1.689,0.0,0.863,0.826,2,1
e7452ac7-517e-4321-9201-d52bf7f0cae9,flat,2,0,e7452ac7-517e-4321-9201-d52bf7f0cae9::roof-flat::flat:2,7.408,1.689,0.0,0.86,0.829,1,1
e7452ac7-517e-4321-9201-d52bf7f0cae9,flat,3,0,e7452ac7-517e-4321-9201-d52bf7f0cae9::roof-flat::flat:3,11.619,1.689,0.0,0.855,0.834,1,1
e7452ac7-517e-4321-9201-d52bf7f0cae9,flat,4,0,e7452ac7-517e-4321-9201-d52bf7f0cae9::roof-flat::flat:4,18.433,0.855,0.056,0.014,0.841,1,1
e7452ac7-517e-4321-9201-d52bf7f0cae9,flat,5,0,e7452ac7-517e-4321-9201-d52bf7f0cae9::roof-flat::flat:5,26.153,1.74,0.0,-0.0,1.74,5,1
e7452ac7-517e-4321-9201-d52bf7f0cae9,flat,6,0,e7452ac7-517e-4321-9201-d52bf7f0cae9::roof-flat::flat:6,10.744,0.881,0.017,-0.0,0.881,1,1
e7452ac7-517e-4321-9201-d52bf7f0cae9,flat,7,0,e7452ac7-517e-4321-9201-d52bf7f0cae9::roof-flat::flat:7,4.115,0.898,0.0,-0.0,0.898,1,1
e7452ac7-517e-4321-9201-d52bf7f0cae9,flat,8,0,e7452ac7-517e-4321-9201-d52bf7f0cae9::roof-flat::flat:8,9.532,1.689,0.0,0.786,0.903,1,1
e7452ac7-517e-4321-9201-d52bf7f0cae9,flat,9,0,e7452ac7-517e-4321-9201-d52bf7f0cae9::roof-flat::flat:9,6.929,1.689,0.0,0.872,0.817,2,1
e93694c4-b9a9-4184-ab47-4d0d0a8504b2,oblique,0,0,e93694c4-b9a9-4184-ab47-4d0d0a8504b2::roof-oblique::oblique:0,5.231,0.931,0.0,0.136,0.795,3,2
e93694c4-b9a9-4184-ab47-4d0d0a8504b2,flat,0,0,e93694c4-b9a9-4184-ab47-4d0d0a8504b2::roof-flat::flat:0,6.714,0.792,0.0,-0.003,0.795,2,1
e93694c4-b9a9-4184-ab47-4d0d0a8504b2,flat,1,0,e93694c4-b9a9-4184-ab47-4d0d0a8504b2::roof-flat::flat:1,9.221,0.799,0.0,0.0,0.799,1,1
e93694c4-b9a9-4184-ab47-4d0d0a8504b2,flat,2,0,e93694c4-b9a9-4184-ab47-4d0d0a8504b2::roof-flat::flat:2,5.667,0.787,0.119,0.051,0.736,1,1
e93694c4-b9a9-4184-ab47-4d0d0a8504b2,flat,3,0,e93694c4-b9a9-4184-ab47-4d0d0a8504b2::roof-flat::flat:3,35.69,0.787,0.016,0.004,0.783,2,1
e93694c4-b9a9-4184-ab47-4d0d0a8504b2,flat,4,0,e93694c4-b9a9-4184-ab47-4d0d0a8504b2::roof-flat::flat:4,3.265,0.809,0.0,-0.0,0.809,1,1
e93694c4-b9a9-4184-ab47-4d0d0a8504b2,flat,5,0,e93694c4-b9a9-4184-ab47-4d0d0a8504b2::roof-flat::flat:5,5.677,0.787,0.0,0.026,0.761,1,1
e9a5d5e2-17c8-4879-89f2-f6a3af5cfd38,flat,0,0,e9a5d5e2-17c8-4879-89f2-f6a3af5cfd38::roof-flat::flat:0,10.581,0.812,0.0,0.006,0.806,1,1
e9a5d5e2-17c8-4879-89f2-f6a3af5cfd38,flat,1,0,e9a5d5e2-17c8-4879-89f2-f6a3af5cfd38::roof-flat::flat:1,10.111,0.812,0.0,0.003,0.809,1,1
e9a5d5e2-17c8-4879-89f2-f6a3af5cfd38,flat,2,0,e9a5d5e2-17c8-4879-89f2-f6a3af5cfd38::roof-flat::flat:2,26.363,0.812,0.0,0.006,0.806,1,1
e9a5d5e2-17c8-4879-89f2-f6a3af5cfd38,flat,3,0,e9a5d5e2-17c8-4879-89f2-f6a3af5cfd38::roof-flat::flat:3,5.557,0.812,0.0,0.041,0.771,1,1
e9a5d5e2-17c8-4879-89f2-f6a3af5cfd38,flat,4,0,e9a5d5e2-17c8-4879-89f2-f6a3af5cfd38::roof-flat::flat:4,7.664,0.812,0.0,0.003,0.809,1,1
e9a5d5e2-17c8-4879-89f2-f6a3af5cfd38,flat,5,0,e9a5d5e2-17c8-4879-89f2-f6a3af5cfd38::roof-flat::flat:5,7.499,0.83,0.0,0.0,0.83,1,1
e9a5d5e2-17c8-4879-89f2-f6a3af5cfd38,flat,6,0,e9a5d5e2-17c8-4879-89f2-f6a3af5cfd38::roof-flat::flat:6,7.679,0.812,0.0,0.02,0.792,1,1
e9dddee6-297a-43f5-b862-90091889ea39,oblique,0,2,e9dddee6-297a-43f5-b862-90091889ea39::roof-oblique::oblique:0,27.942,2.384,0.003,1.722,0.662,33,13
e9dddee6-297a-43f5-b862-90091889ea39,oblique,1,2,e9dddee6-297a-43f5-b862-90091889ea39::roof-oblique::oblique:1,28.666,2.384,0.0,1.732,0.652,20,7
e9f0631f-ae34-4d30-af21-d3369327755f,oblique,2,1,e9f0631f-ae34-4d30-af21-d3369327755f::roof-oblique::oblique:2,50.271,4.523,0.004,3.501,1.022,23,6
e9f0631f-ae34-4d30-af21-d3369327755f,flat,3,1,e9f0631f-ae34-4d30-af21-d3369327755f::roof-flat::flat:3,9.073,0.812,0.001,-0.012,0.824,3,2
e9f0631f-ae34-4d30-af21-d3369327755f,flat,4,1,e9f0631f-ae34-4d30-af21-d3369327755f::roof-flat::flat:4,12.527,0.888,0.0,0.003,0.885,3,2
e9f0631f-ae34-4d30-af21-d3369327755f,flat,5,1,e9f0631f-ae34-4d30-af21-d3369327755f::roof-flat::flat:5,20.035,0.845,0.006,-0.009,0.854,4,3
e9f0631f-ae34-4d30-af21-d3369327755f,flat,6,1,e9f0631f-ae34-4d30-af21-d3369327755f::roof-flat::flat:6,12.589,0.91,0.0,0.001,0.909,10,5
e9f0631f-ae34-4d30-af21-d3369327755f,flat,7,1,e9f0631f-ae34-4d30-af21-d3369327755f::roof-flat::flat:7,13.849,1.009,0.008,-0.013,1.022,9,2
ebd94f02-abc2-476d-8bf9-9bdfbc2a58dd,flat,0,1,ebd94f02-abc2-476d-8bf9-9bdfbc2a58dd::roof-flat::flat:0,29.376,0.793,0.0,0.041,0.752,4,4
ebd94f02-abc2-476d-8bf9-9bdfbc2a58dd,flat,1,1,ebd94f02-abc2-476d-8bf9-9bdfbc2a58dd::roof-flat::flat:1,55.497,0.793,0.0,0.021,0.772,2,2
ebd94f02-abc2-476d-8bf9-9bdfbc2a58dd,flat,2,1,ebd94f02-abc2-476d-8bf9-9bdfbc2a58dd::roof-flat::flat:2,17.443,0.793,0.054,0.005,0.788,1,1
ebd94f02-abc2-476d-8bf9-9bdfbc2a58dd,flat,3,1,ebd94f02-abc2-476d-8bf9-9bdfbc2a58dd::roof-flat::flat:3,3.969,0.829,0.0,-0.0,0.829,1,1
ebd94f02-abc2-476d-8bf9-9bdfbc2a58dd,flat,4,1,ebd94f02-abc2-476d-8bf9-9bdfbc2a58dd::roof-flat::flat:4,8.259,0.807,0.0,0.0,0.807,1,1
ebd94f02-abc2-476d-8bf9-9bdfbc2a58dd,flat,5,1,ebd94f02-abc2-476d-8bf9-9bdfbc2a58dd::roof-flat::flat:5,14.226,0.811,0.0,-0.0,0.811,1,1
ebd94f02-abc2-476d-8bf9-9bdfbc2a58dd,flat,6,1,ebd94f02-abc2-476d-8bf9-9bdfbc2a58dd::roof-flat::flat:6,6.38,0.805,0.0,0.0,0.805,1,1
ebded652-9e37-4267-992a-8b575c9e1016,flat,0,0,ebded652-9e37-4267-992a-8b575c9e1016::roof-flat::flat:0,8.569,0.777,0.0,0.245,0.532,1,1
ebded652-9e37-4267-992a-8b575c9e1016,flat,1,0,ebded652-9e37-4267-992a-8b575c9e1016::roof-flat::flat:1,18.58,0.777,0.047,0.239,0.538,1,1
ebded652-9e37-4267-992a-8b575c9e1016,flat,2,0,ebded652-9e37-4267-992a-8b575c9e1016::roof-flat::flat:2,41.1,0.777,0.0,0.164,0.613,1,1
ebded652-9e37-4267-992a-8b575c9e1016,flat,3,0,ebded652-9e37-4267-992a-8b575c9e1016::roof-flat::flat:3,7.28,0.777,0.024,0.087,0.691,1,1
ebded652-9e37-4267-992a-8b575c9e1016,flat,4,0,ebded652-9e37-4267-992a-8b575c9e1016::roof-flat::flat:4,9.907,0.777,0.0,0.057,0.72,1,1
ebded652-9e37-4267-992a-8b575c9e1016,flat,5,0,ebded652-9e37-4267-992a-8b575c9e1016::roof-flat::flat:5,3.303,0.89,0.286,0.0,0.89,1,1
ebded652-9e37-4267-992a-8b575c9e1016,flat,6,0,ebded652-9e37-4267-992a-8b575c9e1016::roof-flat::flat:6,7.513,0.859,0.141,0.0,0.859,1,1
ed5231c3-375e-426e-b341-62f6d2b0b3f5,oblique,0,0,ed5231c3-375e-426e-b341-62f6d2b0b3f5::roof-oblique::oblique:0,17.487,1.22,0.027,0.025,1.195,9,3
ed5231c3-375e-426e-b341-62f6d2b0b3f5,flat,0,0,ed5231c3-375e-426e-b341-62f6d2b0b3f5::roof-flat::flat:0,3.808,1.2,0.0,0.009,1.191,1,1
ed5231c3-375e-426e-b341-62f6d2b0b3f5,flat,1,0,ed5231c3-375e-426e-b341-62f6d2b0b3f5::roof-flat::flat:1,14.967,1.193,0.001,0.0,1.193,7,1
ed5231c3-375e-426e-b341-62f6d2b0b3f5,flat,2,0,ed5231c3-375e-426e-b341-62f6d2b0b3f5::roof-flat::flat:2,8.631,1.2,0.0,0.011,1.189,1,1
ed5231c3-375e-426e-b341-62f6d2b0b3f5,flat,3,0,ed5231c3-375e-426e-b341-62f6d2b0b3f5::roof-flat::flat:3,8.382,1.229,0.049,-0.0,1.229,1,1
ed5231c3-375e-426e-b341-62f6d2b0b3f5,flat,4,0,ed5231c3-375e-426e-b341-62f6d2b0b3f5::roof-flat::flat:4,11.682,1.2,0.157,0.024,1.176,1,1
ed5231c3-375e-426e-b341-62f6d2b0b3f5,flat,5,0,ed5231c3-375e-426e-b341-62f6d2b0b3f5::roof-flat::flat:5,44.821,1.2,0.0,0.005,1.195,1,1
ed5231c3-375e-426e-b341-62f6d2b0b3f5,flat,6,0,ed5231c3-375e-426e-b341-62f6d2b0b3f5::roof-flat::flat:6,16.192,0.793,0.0,0.0,0.793,1,1
ed646d77-0d2b-4d72-b20d-be6aac6aa669,flat,1,1,ed646d77-0d2b-4d72-b20d-be6aac6aa669::roof-flat::flat:1,9.086,1.232,0.0,0.038,1.194,1,1
ed646d77-0d2b-4d72-b20d-be6aac6aa669,flat,2,1,ed646d77-0d2b-4d72-b20d-be6aac6aa669::roof-flat::flat:2,5.73,1.232,0.0,0.042,1.19,1,1
ed646d77-0d2b-4d72-b20d-be6aac6aa669,flat,3,1,ed646d77-0d2b-4d72-b20d-be6aac6aa669::roof-flat::flat:3,11.023,1.232,0.0,0.016,1.216,1,1
ed646d77-0d2b-4d72-b20d-be6aac6aa669,flat,4,1,ed646d77-0d2b-4d72-b20d-be6aac6aa669::roof-flat::flat:4,39.582,1.232,0.001,0.009,1.223,3,3
ed646d77-0d2b-4d72-b20d-be6aac6aa669,flat,5,1,ed646d77-0d2b-4d72-b20d-be6aac6aa669::roof-flat::flat:5,26.851,1.241,0.0,-0.0,1.241,2,2
ed646d77-0d2b-4d72-b20d-be6aac6aa669,flat,6,1,ed646d77-0d2b-4d72-b20d-be6aac6aa669::roof-flat::flat:6,9.126,1.233,0.0,0.0,1.233,3,3
ed646d77-0d2b-4d72-b20d-be6aac6aa669,flat,7,1,ed646d77-0d2b-4d72-b20d-be6aac6aa669::roof-flat::flat:7,16.458,1.237,0.017,-0.0,1.237,4,4
ed646d77-0d2b-4d72-b20d-be6aac6aa669,flat,8,1,ed646d77-0d2b-4d72-b20d-be6aac6aa669::roof-flat::flat:8,10.088,1.256,0.0,-0.0,1.256,2,2
ed646d77-0d2b-4d72-b20d-be6aac6aa669,flat,9,1,ed646d77-0d2b-4d72-b20d-be6aac6aa669::roof-flat::flat:9,6.111,1.233,0.0,0.0,1.233,1,1
ed646d77-0d2b-4d72-b20d-be6aac6aa669,flat,10,1,ed646d77-0d2b-4d72-b20d-be6aac6aa669::roof-flat::flat:10,36.194,1.232,0.0,0.017,1.215,1,1
ed89b2f2-38dd-455f-a3df-13d92cdc1f8b,flat,0,0,ed89b2f2-38dd-455f-a3df-13d92cdc1f8b::roof-flat::flat:0,7.252,0.82,0.0,0.362,0.458,1,1
ed89b2f2-38dd-455f-a3df-13d92cdc1f8b,flat,1,0,ed89b2f2-38dd-455f-a3df-13d92cdc1f8b::roof-flat::flat:1,19.479,0.82,0.0,0.028,0.792,1,1
ed89b2f2-38dd-455f-a3df-13d92cdc1f8b,flat,2,0,ed89b2f2-38dd-455f-a3df-13d92cdc1f8b::roof-flat::flat:2,5.407,0.82,0.0,0.013,0.807,2,1
ed89b2f2-38dd-455f-a3df-13d92cdc1f8b,flat,3,0,ed89b2f2-38dd-455f-a3df-13d92cdc1f8b::roof-flat::flat:3,7.428,0.82,0.0,0.013,0.807,1,1
ed89b2f2-38dd-455f-a3df-13d92cdc1f8b,flat,4,0,ed89b2f2-38dd-455f-a3df-13d92cdc1f8b::roof-flat::flat:4,10.214,0.82,0.0,0.002,0.818,1,1
ed89b2f2-38dd-455f-a3df-13d92cdc1f8b,flat,5,0,ed89b2f2-38dd-455f-a3df-13d92cdc1f8b::roof-flat::flat:5,29.865,0.876,0.0,0.0,0.876,1,1
eda4954e-036f-4e74-817f-23ce2d309aa3,flat,0,0,eda4954e-036f-4e74-817f-23ce2d309aa3::roof-flat::flat:0,7.181,0.967,0.146,0.032,0.935,1,1
eda4954e-036f-4e74-817f-23ce2d309aa3,flat,1,0,eda4954e-036f-4e74-817f-23ce2d309aa3::roof-flat::flat:1,7.821,0.967,0.0,0.02,0.947,1,1
eda4954e-036f-4e74-817f-23ce2d309aa3,flat,2,0,eda4954e-036f-4e74-817f-23ce2d309aa3::roof-flat::flat:2,24.917,0.999,0.044,-0.0,0.999,2,2
eda4954e-036f-4e74-817f-23ce2d309aa3,flat,3,0,eda4954e-036f-4e74-817f-23ce2d309aa3::roof-flat::flat:3,10.359,0.967,0.0,0.172,0.795,1,1
eda4954e-036f-4e74-817f-23ce2d309aa3,flat,4,0,eda4954e-036f-4e74-817f-23ce2d309aa3::roof-flat::flat:4,22.945,0.997,0.0,-0.0,0.997,1,1
eda4954e-036f-4e74-817f-23ce2d309aa3,flat,5,0,eda4954e-036f-4e74-817f-23ce2d309aa3::roof-flat::flat:5,4.838,0.967,0.067,0.001,0.966,1,1
ef522d94-2279-4b9e-bd8f-90bb37043910,flat,0,0,ef522d94-2279-4b9e-bd8f-90bb37043910::roof-flat::flat:0,5.765,0.619,0.07,0.093,0.526,1,1
ef522d94-2279-4b9e-bd8f-90bb37043910,flat,1,0,ef522d94-2279-4b9e-bd8f-90bb37043910::roof-flat::flat:1,12.948,0.619,0.0,0.101,0.518,1,1
ef522d94-2279-4b9e-bd8f-90bb37043910,flat,2,0,ef522d94-2279-4b9e-bd8f-90bb37043910::roof-flat::flat:2,8.427,0.619,0.0,0.056,0.563,1,1
ef522d94-2279-4b9e-bd8f-90bb37043910,flat,3,0,ef522d94-2279-4b9e-bd8f-90bb37043910::roof-flat::flat:3,11.123,0.619,0.0,0.067,0.552,1,1
ef522d94-2279-4b9e-bd8f-90bb37043910,flat,4,0,ef522d94-2279-4b9e-bd8f-90bb37043910::roof-flat::flat:4,8.044,0.619,0.0,0.059,0.56,1,1
ef522d94-2279-4b9e-bd8f-90bb37043910,flat,5,0,ef522d94-2279-4b9e-bd8f-90bb37043910::roof-flat::flat:5,6.866,0.635,0.086,0.0,0.635,1,1
ef522d94-2279-4b9e-bd8f-90bb37043910,flat,6,0,ef522d94-2279-4b9e-bd8f-90bb37043910::roof-flat::flat:6,6.482,0.669,0.0,-0.0,0.669,1,1
f16973df-10b9-4369-9f0d-dd295a34d970,flat,0,0,f16973df-10b9-4369-9f0d-dd295a34d970::roof-flat::flat:0,7.469,1.134,0.0,0.005,1.129,1,1
f16973df-10b9-4369-9f0d-dd295a34d970,flat,1,0,f16973df-10b9-4369-9f0d-dd295a34d970::roof-flat::flat:1,11.067,1.134,0.043,0.019,1.115,1,1
f16973df-10b9-4369-9f0d-dd295a34d970,flat,2,0,f16973df-10b9-4369-9f0d-dd295a34d970::roof-flat::flat:2,3.415,1.134,0.0,0.012,1.122,1,1
f16973df-10b9-4369-9f0d-dd295a34d970,flat,3,0,f16973df-10b9-4369-9f0d-dd295a34d970::roof-flat::flat:3,35.946,1.134,0.0,0.02,1.114,2,2
f16973df-10b9-4369-9f0d-dd295a34d970,flat,4,0,f16973df-10b9-4369-9f0d-dd295a34d970::roof-flat::flat:4,5.647,1.134,0.254,0.042,1.092,1,1
f16973df-10b9-4369-9f0d-dd295a34d970,flat,5,0,f16973df-10b9-4369-9f0d-dd295a34d970::roof-flat::flat:5,7.954,1.134,0.0,0.003,1.131,1,1
f16973df-10b9-4369-9f0d-dd295a34d970,flat,6,0,f16973df-10b9-4369-9f0d-dd295a34d970::roof-flat::flat:6,9.954,1.152,0.0,-0.0,1.152,1,1
f16973df-10b9-4369-9f0d-dd295a34d970,flat,7,0,f16973df-10b9-4369-9f0d-dd295a34d970::roof-flat::flat:7,9.042,1.143,0.088,-0.0,1.143,1,1
f16973df-10b9-4369-9f0d-dd295a34d970,flat,8,0,f16973df-10b9-4369-9f0d-dd295a34d970::roof-flat::flat:8,5.611,1.134,0.0,0.029,1.105,1,1
f16973df-10b9-4369-9f0d-dd295a34d970,flat,9,0,f16973df-10b9-4369-9f0d-dd295a34d970::roof-flat::flat:9,19.846,1.134,0.002,0.023,1.111,4,1
f40dcc9f-b97b-4bef-8b40-ba011aabf0bd,flat,0,0,f40dcc9f-b97b-4bef-8b40-ba011aabf0bd::roof-flat::flat:0,12.254,1.397,0.0,0.0,1.397,1,1
f40dcc9f-b97b-4bef-8b40-ba011aabf0bd,flat,1,0,f40dcc9f-b97b-4bef-8b40-ba011aabf0bd::roof-flat::flat:1,9.251,1.364,0.0,0.063,1.301,1,1
f40dcc9f-b97b-4bef-8b40-ba011aabf0bd,flat,2,0,f40dcc9f-b97b-4bef-8b40-ba011aabf0bd::roof-flat::flat:2,7.442,1.364,0.0,0.054,1.31,1,1
f40dcc9f-b97b-4bef-8b40-ba011aabf0bd,flat,3,0,f40dcc9f-b97b-4bef-8b40-ba011aabf0bd::roof-flat::flat:3,3.838,1.364,0.0,0.024,1.34,1,1
f40dcc9f-b97b-4bef-8b40-ba011aabf0bd,flat,4,0,f40dcc9f-b97b-4bef-8b40-ba011aabf0bd::roof-flat::flat:4,7.723,1.364,0.0,0.019,1.345,1,1
f40dcc9f-b97b-4bef-8b40-ba011aabf0bd,flat,5,0,f40dcc9f-b97b-4bef-8b40-ba011aabf0bd::roof-flat::flat:5,8.001,1.364,0.0,0.009,1.355,1,1
f40dcc9f-b97b-4bef-8b40-ba011aabf0bd,flat,6,0,f40dcc9f-b97b-4bef-8b40-ba011aabf0bd::roof-flat::flat:6,11.568,1.364,0.0,0.018,1.346,1,1
f40dcc9f-b97b-4bef-8b40-ba011aabf0bd,flat,7,0,f40dcc9f-b97b-4bef-8b40-ba011aabf0bd::roof-flat::flat:7,35.548,1.366,0.078,-0.0,1.366,1,1
f40dcc9f-b97b-4bef-8b40-ba011aabf0bd,flat,8,0,f40dcc9f-b97b-4bef-8b40-ba011aabf0bd::roof-flat::flat:8,27.875,1.364,0.0,0.502,0.862,1,1
f46b4d89-ae67-405c-af8b-eb7396b06ef8,oblique,0,1,f46b4d89-ae67-405c-af8b-eb7396b06ef8::roof-oblique::oblique:0,19.386,1.966,0.001,1.155,0.811,27,8
f46b4d89-ae67-405c-af8b-eb7396b06ef8,oblique,1,1,f46b4d89-ae67-405c-af8b-eb7396b06ef8::roof-oblique::oblique:1,16.79,1.966,0.0,1.23,0.736,10,3
f46b4d89-ae67-405c-af8b-eb7396b06ef8,flat,0,1,f46b4d89-ae67-405c-af8b-eb7396b06ef8::roof-flat::flat:0,8.226,0.793,0.001,-0.005,0.798,22,5
f46b4d89-ae67-405c-af8b-eb7396b06ef8,flat,1,1,f46b4d89-ae67-405c-af8b-eb7396b06ef8::roof-flat::flat:1,9.419,0.73,0.0,-0.006,0.736,6,4
f919a443-ea71-4391-9bcb-bff1cf08c45d,flat,0,0,f919a443-ea71-4391-9bcb-bff1cf08c45d::roof-flat::flat:0,12.02,1.326,0.0,0.026,1.3,1,1
f919a443-ea71-4391-9bcb-bff1cf08c45d,flat,1,0,f919a443-ea71-4391-9bcb-bff1cf08c45d::roof-flat::flat:1,14.586,1.339,0.087,-0.0,1.339,1,1
f919a443-ea71-4391-9bcb-bff1cf08c45d,flat,2,0,f919a443-ea71-4391-9bcb-bff1cf08c45d::roof-flat::flat:2,10.425,1.326,0.063,0.033,1.293,1,1
f919a443-ea71-4391-9bcb-bff1cf08c45d,flat,3,0,f919a443-ea71-4391-9bcb-bff1cf08c45d::roof-flat::flat:3,4.224,1.326,0.0,0.026,1.3,1,1
f919a443-ea71-4391-9bcb-bff1cf08c45d,flat,4,0,f919a443-ea71-4391-9bcb-bff1cf08c45d::roof-flat::flat:4,11.687,1.326,0.0,0.012,1.314,1,1
f919a443-ea71-4391-9bcb-bff1cf08c45d,flat,5,0,f919a443-ea71-4391-9bcb-bff1cf08c45d::roof-flat::flat:5,37.69,1.348,0.002,0.0,1.348,3,2
f919a443-ea71-4391-9bcb-bff1cf08c45d,flat,6,0,f919a443-ea71-4391-9bcb-bff1cf08c45d::roof-flat::flat:6,14.28,1.326,0.016,0.031,1.295,1,1
f932e0d3-b002-4f89-97e7-ec54d4703506,oblique,0,2,f932e0d3-b002-4f89-97e7-ec54d4703506::roof-oblique::oblique:0,24.996,2.533,0.009,1.884,0.649,23,10
f932e0d3-b002-4f89-97e7-ec54d4703506,oblique,1,2,f932e0d3-b002-4f89-97e7-ec54d4703506::roof-oblique::oblique:1,22.924,2.533,0.005,1.887,0.646,8,6
fb279aa5-092f-4146-83ff-b557415e7ba4,oblique,0,0,fb279aa5-092f-4146-83ff-b557415e7ba4::roof-oblique::oblique:0,5.624,1.228,0.045,0.202,1.026,6,2
fb279aa5-092f-4146-83ff-b557415e7ba4,oblique,1,0,fb279aa5-092f-4146-83ff-b557415e7ba4::roof-oblique::oblique:1,74.418,2.006,0.034,0.018,1.988,10,5
fb279aa5-092f-4146-83ff-b557415e7ba4,oblique,2,0,fb279aa5-092f-4146-83ff-b557415e7ba4::roof-oblique::oblique:2,43.626,2.006,0.02,0.019,1.986,3,3
fb279aa5-092f-4146-83ff-b557415e7ba4,flat,0,0,fb279aa5-092f-4146-83ff-b557415e7ba4::roof-flat::flat:0,9.889,1.006,0.003,-0.012,1.018,4,1
fb279aa5-092f-4146-83ff-b557415e7ba4,flat,1,0,fb279aa5-092f-4146-83ff-b557415e7ba4::roof-flat::flat:1,11.087,1.026,0.0,-0.018,1.044,5,2
fb279aa5-092f-4146-83ff-b557415e7ba4,flat,2,0,fb279aa5-092f-4146-83ff-b557415e7ba4::roof-flat::flat:2,12.399,1.986,0.0,0.926,1.06,1,1
fb279aa5-092f-4146-83ff-b557415e7ba4,flat,3,0,fb279aa5-092f-4146-83ff-b557415e7ba4::roof-flat::flat:3,10.363,1.986,0.0,0.885,1.101,1,1
fb279aa5-092f-4146-83ff-b557415e7ba4,flat,4,0,fb279aa5-092f-4146-83ff-b557415e7ba4::roof-flat::flat:4,12.612,1.107,0.214,0.0,1.107,1,1
fb279aa5-092f-4146-83ff-b557415e7ba4,flat,5,0,fb279aa5-092f-4146-83ff-b557415e7ba4::roof-flat::flat:5,52.519,1.986,0.0,0.851,1.135,1,1
fc46b0be-a3aa-4a28-820c-a16691bcdd61,flat,0,0,fc46b0be-a3aa-4a28-820c-a16691bcdd61::roof-flat::flat:0,14.444,0.909,0.0,0.1,0.809,1,1
fc46b0be-a3aa-4a28-820c-a16691bcdd61,flat,1,0,fc46b0be-a3aa-4a28-820c-a16691bcdd61::roof-flat::flat:1,11.106,0.909,0.0,0.089,0.82,1,1
fc46b0be-a3aa-4a28-820c-a16691bcdd61,flat,2,0,fc46b0be-a3aa-4a28-820c-a16691bcdd61::roof-flat::flat:2,10.705,0.909,0.0,0.082,0.827,1,1
fc46b0be-a3aa-4a28-820c-a16691bcdd61,flat,3,0,fc46b0be-a3aa-4a28-820c-a16691bcdd61::roof-flat::flat:3,5.44,0.909,0.0,0.077,0.832,1,1
fc46b0be-a3aa-4a28-820c-a16691bcdd61,flat,4,0,fc46b0be-a3aa-4a28-820c-a16691bcdd61::roof-flat::flat:4,3.055,0.957,0.067,0.0,0.957,1,1
fc46b0be-a3aa-4a28-820c-a16691bcdd61,flat,5,0,fc46b0be-a3aa-4a28-820c-a16691bcdd61::roof-flat::flat:5,19.377,0.933,0.0,-0.0,0.933,1,1
fc46b0be-a3aa-4a28-820c-a16691bcdd61,flat,6,0,fc46b0be-a3aa-4a28-820c-a16691bcdd61::roof-flat::flat:6,40.505,0.992,0.0,-0.0,0.992,1,1
fc46b0be-a3aa-4a28-820c-a16691bcdd61,flat,7,0,fc46b0be-a3aa-4a28-820c-a16691bcdd61::roof-flat::flat:7,8.023,1.019,0.0,0.0,1.019,1,1
fd6ee1a7-7243-4c9b-ad7a-5d146b7f8706,flat,0,0,fd6ee1a7-7243-4c9b-ad7a-5d146b7f8706::roof-flat::flat:0,49.014,0.623,0.0,0.014,0.609,2,1
fd6ee1a7-7243-4c9b-ad7a-5d146b7f8706,flat,1,0,fd6ee1a7-7243-4c9b-ad7a-5d146b7f8706::roof-flat::flat:1,29.527,0.623,0.0,-0.027,0.65,5,2
fd6ee1a7-7243-4c9b-ad7a-5d146b7f8706,flat,2,0,fd6ee1a7-7243-4c9b-ad7a-5d146b7f8706::roof-flat::flat:2,8.786,0.623,0.243,0.015,0.608,1,1
fd6ee1a7-7243-4c9b-ad7a-5d146b7f8706,flat,3,0,fd6ee1a7-7243-4c9b-ad7a-5d146b7f8706::roof-flat::flat:3,8.193,0.623,0.0,0.013,0.61,1,1
fd6ee1a7-7243-4c9b-ad7a-5d146b7f8706,flat,4,0,fd6ee1a7-7243-4c9b-ad7a-5d146b7f8706::roof-flat::flat:4,11.434,0.623,0.0,0.004,0.619,1,1
fd6ee1a7-7243-4c9b-ad7a-5d146b7f8706,flat,5,0,fd6ee1a7-7243-4c9b-ad7a-5d146b7f8706::roof-flat::flat:5,8.885,0.65,0.005,-0.0,0.65,1,1
fd6ee1a7-7243-4c9b-ad7a-5d146b7f8706,flat,6,0,fd6ee1a7-7243-4c9b-ad7a-5d146b7f8706::roof-flat::flat:6,1.396,0.637,0.0,0.0,0.637,1,1
fd6ee1a7-7243-4c9b-ad7a-5d146b7f8706,flat,7,0,fd6ee1a7-7243-4c9b-ad7a-5d146b7f8706::roof-flat::flat:7,9.992,0.623,0.04,0.026,0.597,1,1
fe829d59-c9f1-4194-a40b-39600a4f27b6,oblique,0,2,fe829d59-c9f1-4194-a40b-39600a4f27b6::roof-oblique::oblique:0,30.157,3.066,0.002,2.244,0.822,15,8
fe829d59-c9f1-4194-a40b-39600a4f27b6,oblique,1,2,fe829d59-c9f1-4194-a40b-39600a4f27b6::roof-oblique::oblique:1,28.51,3.066,0.003,2.263,0.802,13,9
fe829d59-c9f1-4194-a40b-39600a4f27b6,flat,3,2,fe829d59-c9f1-4194-a40b-39600a4f27b6::roof-flat::flat:3,15.245,0.795,0.0,-0.007,0.802,8,6
fe829d59-c9f1-4194-a40b-39600a4f27b6,flat,4,2,fe829d59-c9f1-4194-a40b-39600a4f27b6::roof-flat::flat:4,3.791,0.737,0.0,0.0,0.737,4,3
fe829d59-c9f1-4194-a40b-39600a4f27b6,flat,5,2,fe829d59-c9f1-4194-a40b-39600a4f27b6::roof-flat::flat:5,10.733,0.743,0.006,-0.014,0.757,10,8
feccbd0c-0420-4775-b5b7-49b99559947e,flat,0,0,feccbd0c-0420-4775-b5b7-49b99559947e::roof-flat::flat:0,8.621,1.203,0.093,0.02,1.183,1,1
feccbd0c-0420-4775-b5b7-49b99559947e,flat,1,0,feccbd0c-0420-4775-b5b7-49b99559947e::roof-flat::flat:1,24.981,1.224,0.017,0.0,1.224,1,1
feccbd0c-0420-4775-b5b7-49b99559947e,flat,2,0,feccbd0c-0420-4775-b5b7-49b99559947e::roof-flat::flat:2,9.296,1.213,0.0,-0.0,1.213,1,1
feccbd0c-0420-4775-b5b7-49b99559947e,flat,3,0,feccbd0c-0420-4775-b5b7-49b99559947e::roof-flat::flat:3,4.204,1.195,0.066,0.0,1.195,4,1
feccbd0c-0420-4775-b5b7-49b99559947e,flat,4,0,feccbd0c-0420-4775-b5b7-49b99559947e::roof-flat::flat:4,3.117,1.203,0.0,0.006,1.197,1,1
feccbd0c-0420-4775-b5b7-49b99559947e,flat,5,0,feccbd0c-0420-4775-b5b7-49b99559947e::roof-flat::flat:5,9.099,1.204,0.285,0.0,1.204,1,1
feccbd0c-0420-4775-b5b7-49b99559947e,flat,6,0,feccbd0c-0420-4775-b5b7-49b99559947e::roof-flat::flat:6,7.262,1.203,0.0,0.022,1.181,1,1
feccbd0c-0420-4775-b5b7-49b99559947e,flat,7,0,feccbd0c-0420-4775-b5b7-49b99559947e::roof-flat::flat:7,5.554,1.203,0.0,0.043,1.16,1,1
