uuid,story,room_index,has_dormer,exposed,n_planes_scored,n_disagree,disagreement_rate,ceiling_type,raw_ceiling_source,n_walls_computed,n_doors,n_windows,n_openings,n_storages,n_floor_corners,floor_area_m2,raw_area_xz_m2,raw_area_vs_floor,n_raw_planes_room,n_raw_oblique,n_raw_near_vertical,incl_p50_deg,incl_range_deg,incl_std_deg,azimuth_range_deg
016980bc-6762-4022-bfbf-17df4112e10c,0,0,False,True,1,0,0.0,none,noMesh,4,2,2,0,3,30,18.63,16.76,0.9,1,0,0,0.0,0.0,0.0,0.0
016980bc-6762-4022-bfbf-17df4112e10c,1,6,False,True,1,0,0.0,none,noMesh,6,1,1,1,4,6,10.76,10.76,1.0,1,0,0,0.0,0.0,0.0,0.0
016980bc-6762-4022-bfbf-17df4112e10c,2,9,False,True,2,1,0.5,sloped,noMesh,8,2,1,0,0,8,12.65,12.66,1.001,4,3,2,67.66,90.0,37.29,180.01
016980bc-6762-4022-bfbf-17df4112e10c,2,10,False,True,4,1,0.25,sloped,noMesh,6,2,1,0,2,6,15.9,15.9,1.0,5,4,1,44.81,90.0,28.55,180.2
016980bc-6762-4022-bfbf-17df4112e10c,2,11,False,True,2,1,0.5,none,noMesh,6,2,0,1,0,4,4.7,4.7,1.001,2,1,0,22.1,44.19,22.1,0.0
019e1376-9762-42d6-8520-b664b8c752df,1,0,False,True,4,0,0.0,sloped,noMesh,8,3,4,0,10,8,44.03,44.03,1.0,4,3,0,20.63,23.96,9.59,179.73
019e1376-9762-42d6-8520-b664b8c752df,1,1,False,True,2,0,0.0,sloped,noMesh,4,1,1,0,0,4,9.3,9.3,1.0,2,1,0,12.39,24.78,12.39,0.0
019e1376-9762-42d6-8520-b664b8c752df,1,3,False,True,2,0,0.0,sloped,noMesh,4,0,1,1,2,4,3.61,3.61,1.0,2,1,0,13.3,26.6,13.3,0.0
019e1376-9762-42d6-8520-b664b8c752df,1,4,False,True,3,1,0.333,sloped,noMesh,6,2,6,2,8,6,19.34,19.34,1.0,4,3,1,12.22,90.0,35.8,90.0
019e1376-9762-42d6-8520-b664b8c752df,0,5,False,True,1,0,0.0,none,noMesh,4,1,0,0,1,4,2.5,2.5,1.0,1,0,0,0.0,0.0,0.0,0.0
019e1376-9762-42d6-8520-b664b8c752df,1,6,False,True,2,0,0.0,sloped,noMesh,4,1,1,0,1,26,15.42,8.47,0.549,2,1,0,12.23,24.46,12.23,0.0
0430ebc2-236b-4b5d-991f-3e97ad246b78,0,0,False,True,1,0,0.0,none,noMesh,4,2,1,0,7,25,12.7,10.23,0.805,1,0,0,0.0,0.0,0.0,0.0
0430ebc2-236b-4b5d-991f-3e97ad246b78,0,1,False,True,1,0,0.0,none,noMesh,4,1,1,0,2,4,9.28,9.28,1.0,1,0,0,0.0,0.0,0.0,0.0
0430ebc2-236b-4b5d-991f-3e97ad246b78,0,2,False,True,1,0,0.0,none,noMesh,4,4,3,0,3,4,46.13,46.13,1.0,1,0,0,0.0,0.0,0.0,0.0
0430ebc2-236b-4b5d-991f-3e97ad246b78,0,3,False,True,1,0,0.0,none,noMesh,4,1,1,0,1,4,13.0,13.0,1.0,1,0,0,0.0,0.0,0.0,0.0
0430ebc2-236b-4b5d-991f-3e97ad246b78,0,4,False,True,1,0,0.0,none,noMesh,4,1,2,0,3,4,3.71,3.71,1.0,1,0,0,0.0,0.0,0.0,0.0
0430ebc2-236b-4b5d-991f-3e97ad246b78,0,5,False,True,1,0,0.0,none,noMesh,5,1,1,0,3,17,9.08,7.9,0.869,1,0,0,0.0,0.0,0.0,0.0
0430ebc2-236b-4b5d-991f-3e97ad246b78,0,6,False,True,2,0,0.0,none,noMesh,8,5,0,2,1,7,8.0,8.0,1.0,2,0,0,0.0,0.0,0.0,0.0
0430ebc2-236b-4b5d-991f-3e97ad246b78,0,7,False,True,1,0,0.0,none,noMesh,5,3,0,0,3,4,10.79,10.79,1.0,1,0,0,0.0,0.0,0.0,0.0
05cecad4-119e-4dd2-beaf-d4af36973644,0,0,False,True,1,0,0.0,none,noMesh,9,2,1,0,7,8,8.7,8.7,1.0,1,0,0,0.0,0.0,0.0,0.0
05cecad4-119e-4dd2-beaf-d4af36973644,0,1,False,True,1,0,0.0,none,noMesh,5,1,0,0,2,4,3.02,3.02,1.0,1,0,0,0.0,0.0,0.0,0.0
05cecad4-119e-4dd2-beaf-d4af36973644,0,2,False,True,1,0,0.0,none,noMesh,6,1,1,0,2,6,7.32,7.32,1.0,1,0,0,0.0,0.0,0.0,0.0
05cecad4-119e-4dd2-beaf-d4af36973644,0,3,False,True,1,0,0.0,none,noMesh,4,1,1,0,3,4,8.6,8.6,1.0,1,0,0,0.0,0.0,0.0,0.0
05cecad4-119e-4dd2-beaf-d4af36973644,0,4,False,True,1,0,0.0,none,noMesh,8,6,0,0,1,27,8.52,6.37,0.748,1,0,0,0.0,0.0,0.0,0.0
05cecad4-119e-4dd2-beaf-d4af36973644,0,5,False,True,1,0,0.0,none,noMesh,6,2,3,0,3,6,31.29,31.29,1.0,1,0,0,0.0,0.0,0.0,0.0
05cecad4-119e-4dd2-beaf-d4af36973644,0,6,False,True,2,1,0.5,sloped,noMesh,4,2,0,0,2,4,4.86,4.86,1.0,2,1,0,12.29,24.57,12.29,0.0
0a5032e9-85a0-4970-9143-c430bbdaa0f5,0,0,False,True,1,0,0.0,none,noMesh,11,3,2,1,7,9,21.05,21.06,1.0,1,0,0,0.0,0.0,0.0,0.0
0a5032e9-85a0-4970-9143-c430bbdaa0f5,0,1,False,True,1,0,0.0,none,noMesh,4,2,1,0,2,7,5.54,5.4,0.975,1,0,0,0.0,0.0,0.0,0.0
0a5032e9-85a0-4970-9143-c430bbdaa0f5,0,2,False,True,3,0,0.0,sloped,noMesh,6,2,4,0,7,6,43.45,43.59,1.003,4,4,1,18.25,78.42,32.38,179.07
0a5032e9-85a0-4970-9143-c430bbdaa0f5,0,3,False,True,2,0,0.0,none,noMesh,11,5,2,0,3,9,18.89,22.38,1.185,2,0,0,0.0,0.0,0.0,0.0
0a5032e9-85a0-4970-9143-c430bbdaa0f5,0,6,False,True,2,0,0.0,none,noMesh,4,0,1,1,2,4,3.7,15.62,4.219,2,0,0,0.0,0.0,0.0,0.0
0a5032e9-85a0-4970-9143-c430bbdaa0f5,0,7,False,True,1,0,0.0,none,noMesh,6,1,1,0,1,40,15.44,9.67,0.627,1,0,0,0.0,0.0,0.0,0.0
0a5032e9-85a0-4970-9143-c430bbdaa0f5,0,8,False,True,1,0,0.0,none,noMesh,7,1,1,0,1,6,8.65,8.65,1.0,4,3,3,90.0,90.0,38.97,0.03
0b75d30e-c50c-4fc6-88ff-fce983078aa4,1,0,True,True,26,16,0.615,sloped,noMesh,9,0,4,0,2,7,37.49,37.49,1.0,33,29,9,64.4,90.0,30.02,296.45
0b75d30e-c50c-4fc6-88ff-fce983078aa4,0,1,False,True,2,0,0.0,none,noMesh,16,1,3,4,7,9,34.3,34.3,1.0,2,0,0,0.0,0.0,0.0,0.0
0b75d30e-c50c-4fc6-88ff-fce983078aa4,0,2,False,True,1,0,0.0,none,noMesh,4,2,1,0,1,4,7.17,7.17,1.0,1,0,0,0.0,0.0,0.0,0.0
0b75d30e-c50c-4fc6-88ff-fce983078aa4,0,4,False,True,3,2,0.667,sloped,noMesh,8,1,1,1,2,11,6.42,6.14,0.956,3,2,0,6.36,11.8,4.82,96.8
0b75d30e-c50c-4fc6-88ff-fce983078aa4,0,5,False,True,1,1,1.0,sloped,noMesh,4,2,0,0,3,4,8.62,8.62,1.0,1,1,0,6.38,0.0,0.0,0.0
0ce3ac3a-93ce-4ac0-9704-3cf7d31a636d,0,0,False,True,1,0,0.0,none,noMesh,5,3,1,0,4,4,8.51,8.51,1.0,1,0,0,0.0,0.0,0.0,0.0
0ce3ac3a-93ce-4ac0-9704-3cf7d31a636d,0,1,False,True,1,0,0.0,none,noMesh,4,1,1,0,1,18,8.68,7.48,0.861,1,0,0,0.0,0.0,0.0,0.0
0ce3ac3a-93ce-4ac0-9704-3cf7d31a636d,0,2,False,True,1,0,0.0,none,noMesh,4,4,2,0,0,4,23.59,23.59,1.0,1,0,0,0.0,0.0,0.0,0.0
0ce3ac3a-93ce-4ac0-9704-3cf7d31a636d,0,3,False,True,5,3,0.6,sloped,noMesh,6,2,0,0,0,9,6.54,5.42,0.829,7,5,2,16.21,90.0,37.31,180.0
0ce3ac3a-93ce-4ac0-9704-3cf7d31a636d,0,4,False,True,1,0,0.0,none,noMesh,3,1,1,0,1,10,12.81,12.8,0.999,1,0,0,0.0,0.0,0.0,0.0
0ce3ac3a-93ce-4ac0-9704-3cf7d31a636d,0,5,False,True,1,0,0.0,none,userScannedMesh,4,2,1,1,0,12,7.06,6.74,0.955,1,0,0,0.0,0.0,0.0,0.0
0ce3ac3a-93ce-4ac0-9704-3cf7d31a636d,0,6,False,True,2,1,0.5,none,noMesh,4,1,1,0,1,4,5.22,5.22,1.0,2,1,0,5.52,3.44,1.72,0.0
0d3f2993-8386-4130-8f1c-b2938c410828,1,0,False,True,6,4,0.667,sloped,noMesh,8,1,4,0,1,9,38.55,38.55,1.0,8,6,2,52.98,90.0,32.2,260.35
0d3f2993-8386-4130-8f1c-b2938c410828,1,1,False,True,10,5,0.5,sloped,noMesh,18,6,1,1,2,16,26.92,27.02,1.004,14,12,4,49.38,90.0,29.95,269.85
0d3f2993-8386-4130-8f1c-b2938c410828,1,2,False,True,2,1,0.5,sloped,noMesh,3,1,1,0,1,7,9.27,9.49,1.024,3,2,1,47.97,90.0,36.77,179.95
0d3f2993-8386-4130-8f1c-b2938c410828,1,3,False,True,3,2,0.667,none,noMesh,6,1,0,0,1,6,4.8,4.8,1.001,3,2,0,43.27,47.34,21.42,0.28
0d3f2993-8386-4130-8f1c-b2938c410828,1,4,True,True,8,3,0.375,sloped,noMesh,7,1,0,0,1,25,14.97,13.14,0.878,13,11,5,55.29,90.0,33.54,258.75
0d3f2993-8386-4130-8f1c-b2938c410828,1,5,False,True,5,4,0.8,none,noMesh,6,0,0,0,1,17,10.97,9.81,0.894,9,8,4,55.85,90.0,33.27,270.01
0d3f2993-8386-4130-8f1c-b2938c410828,1,6,False,True,6,4,0.667,sloped,noMesh,4,2,0,0,0,4,12.65,12.66,1.0,8,6,2,48.26,89.65,34.33,269.38
0d3f2993-8386-4130-8f1c-b2938c410828,0,7,False,True,1,0,0.0,none,noMesh,5,2,1,0,1,6,12.33,12.82,1.04,1,0,0,0.0,0.0,0.0,0.0
0d3f2993-8386-4130-8f1c-b2938c410828,0,10,False,True,1,0,0.0,none,noMesh,4,0,2,1,1,12,11.72,10.93,0.933,1,0,0,0.0,0.0,0.0,0.0
0f911051-6084-4f0d-8f9a-24fc5b20f6ff,0,0,False,True,1,0,0.0,none,noMesh,6,1,4,1,1,6,50.69,50.69,1.0,1,0,0,0.0,0.0,0.0,0.0
0f911051-6084-4f0d-8f9a-24fc5b20f6ff,0,1,False,True,1,0,0.0,none,noMesh,8,3,3,2,8,51,70.55,56.51,0.801,1,0,0,0.0,0.0,0.0,0.0
0f911051-6084-4f0d-8f9a-24fc5b20f6ff,0,2,False,True,1,0,0.0,none,noMesh,4,2,0,1,2,4,6.55,6.55,1.0,1,0,0,0.0,0.0,0.0,0.0
0f911051-6084-4f0d-8f9a-24fc5b20f6ff,0,3,False,True,1,0,0.0,none,noMesh,6,2,2,0,0,6,18.85,18.85,1.0,1,0,0,0.0,0.0,0.0,0.0
0f911051-6084-4f0d-8f9a-24fc5b20f6ff,0,4,False,True,1,0,0.0,none,noMesh,6,1,0,0,2,7,9.3,9.3,1.0,1,0,0,0.0,0.0,0.0,0.0
0f911051-6084-4f0d-8f9a-24fc5b20f6ff,0,5,False,True,1,0,0.0,none,noMesh,4,0,0,0,1,4,5.83,5.83,1.0,1,0,0,0.0,0.0,0.0,0.0
0f911051-6084-4f0d-8f9a-24fc5b20f6ff,0,6,False,True,2,0,0.0,none,noMesh,10,6,0,1,1,9,10.65,10.65,1.0,2,0,0,0.0,0.0,0.0,0.0
0f911051-6084-4f0d-8f9a-24fc5b20f6ff,0,7,False,True,2,0,0.0,none,noMesh,13,1,2,1,3,9,16.04,16.04,1.0,2,0,0,0.0,0.0,0.0,0.0
0f911051-6084-4f0d-8f9a-24fc5b20f6ff,0,8,False,True,1,0,0.0,none,noMesh,4,1,1,0,1,8,13.71,13.6,0.992,1,0,0,0.0,0.0,0.0,0.0
0f911051-6084-4f0d-8f9a-24fc5b20f6ff,0,9,False,True,1,0,0.0,none,noMesh,6,2,0,0,1,16,10.89,9.38,0.861,1,0,0,0.0,0.0,0.0,0.0
0f911051-6084-4f0d-8f9a-24fc5b20f6ff,0,10,False,True,1,0,0.0,none,noMesh,5,1,1,0,1,4,11.73,11.73,1.0,1,0,0,0.0,0.0,0.0,0.0
0f911051-6084-4f0d-8f9a-24fc5b20f6ff,0,11,False,True,1,0,0.0,none,noMesh,4,1,4,0,1,4,39.51,39.51,1.0,2,1,1,45.71,88.58,44.29,0.0
0fe789ce-e653-4828-863c-0f6ce7fee21d,1,0,False,True,3,0,0.0,sloped,noMesh,4,1,2,0,2,4,13.73,13.73,1.0,5,4,2,43.54,90.0,36.02,269.43
0fe789ce-e653-4828-863c-0f6ce7fee21d,1,1,False,True,2,1,0.5,none,noMesh,3,2,1,0,2,6,9.1,9.12,1.002,2,2,0,24.61,35.24,17.62,90.23
0fe789ce-e653-4828-863c-0f6ce7fee21d,1,3,True,True,18,8,0.444,sloped,noMesh,11,2,3,0,3,16,22.3,22.01,0.987,24,21,6,26.79,90.0,33.3,285.65
0fe789ce-e653-4828-863c-0f6ce7fee21d,0,4,False,True,1,0,0.0,none,noMesh,6,1,5,1,4,6,33.48,33.48,1.0,1,0,0,0.0,0.0,0.0,0.0
0fe789ce-e653-4828-863c-0f6ce7fee21d,0,7,False,True,1,0,0.0,none,noMesh,4,3,0,0,1,9,3.96,3.65,0.92,1,0,0,0.0,0.0,0.0,0.0
107e8496-9bff-42bb-b776-720f44b70e55,0,0,False,True,1,0,0.0,none,noMesh,2,0,1,1,1,4,10.5,10.61,1.011,1,0,0,0.0,0.0,0.0,0.0
107e8496-9bff-42bb-b776-720f44b70e55,0,1,False,True,1,0,0.0,none,noMesh,4,0,2,2,2,4,22.93,22.93,1.0,1,0,0,0.0,0.0,0.0,0.0
107e8496-9bff-42bb-b776-720f44b70e55,0,2,False,True,1,0,0.0,none,noMesh,4,1,1,0,1,4,9.26,9.26,1.0,1,0,0,0.0,0.0,0.0,0.0
107e8496-9bff-42bb-b776-720f44b70e55,0,3,False,True,1,0,0.0,none,noMesh,4,1,1,0,2,4,3.57,3.57,1.0,1,0,0,0.0,0.0,0.0,0.0
107e8496-9bff-42bb-b776-720f44b70e55,0,4,False,True,1,0,0.0,none,noMesh,5,4,0,2,4,26,10.41,8.01,0.77,1,0,0,0.0,0.0,0.0,0.0
107e8496-9bff-42bb-b776-720f44b70e55,0,5,False,True,1,0,0.0,none,noMesh,6,1,1,0,3,5,12.55,12.55,1.0,1,0,0,0.0,0.0,0.0,0.0
107e8496-9bff-42bb-b776-720f44b70e55,0,6,False,True,1,0,0.0,none,noMesh,4,0,1,2,7,4,13.59,13.59,1.0,1,0,0,0.0,0.0,0.0,0.0
107e8496-9bff-42bb-b776-720f44b70e55,0,7,False,True,1,0,0.0,sloped,noMesh,5,2,1,1,0,8,11.52,11.55,1.003,1,1,0,19.14,0.0,0.0,0.0
107e8496-9bff-42bb-b776-720f44b70e55,0,8,False,True,1,0,0.0,sloped,noMesh,4,1,1,0,1,6,2.17,1.92,0.884,1,1,0,17.48,0.0,0.0,0.0
10d27382-8fce-456b-897d-3d5194ff5de5,1,0,False,True,1,0,0.0,none,noMesh,7,0,2,2,9,13,11.24,10.63,0.946,1,0,0,0.0,0.0,0.0,0.0
10d27382-8fce-456b-897d-3d5194ff5de5,1,1,False,True,1,0,0.0,none,noMesh,4,1,1,0,2,4,6.13,6.13,1.0,1,0,0,0.0,0.0,0.0,0.0
10d27382-8fce-456b-897d-3d5194ff5de5,1,2,False,True,1,0,0.0,none,noMesh,8,4,5,1,3,17,25.11,23.72,0.945,1,0,0,0.0,0.0,0.0,0.0
10d27382-8fce-456b-897d-3d5194ff5de5,1,3,False,True,1,0,0.0,none,noMesh,5,1,0,2,1,9,4.76,4.46,0.937,1,0,0,0.0,0.0,0.0,0.0
10d27382-8fce-456b-897d-3d5194ff5de5,1,4,False,True,1,0,0.0,none,noMesh,4,1,1,0,3,9,7.23,6.6,0.914,1,0,0,0.0,0.0,0.0,0.0
10d27382-8fce-456b-897d-3d5194ff5de5,1,5,False,True,1,0,0.0,none,noMesh,6,1,2,2,2,11,15.46,15.22,0.985,1,0,0,0.0,0.0,0.0,0.0
10d27382-8fce-456b-897d-3d5194ff5de5,1,6,False,True,1,0,0.0,none,noMesh,4,0,1,1,4,4,4.89,4.89,1.0,1,0,0,0.0,0.0,0.0,0.0
10d27382-8fce-456b-897d-3d5194ff5de5,1,7,False,True,1,0,0.0,none,noMesh,6,1,1,1,3,12,10.17,8.26,0.812,1,0,0,0.0,0.0,0.0,0.0
10d27382-8fce-456b-897d-3d5194ff5de5,0,8,False,True,1,0,0.0,none,noMesh,7,0,1,0,1,8,4.89,4.89,1.0,1,0,0,0.0,0.0,0.0,0.0
117d172e-00d6-436e-8df2-050f25977602,0,1,False,True,1,0,0.0,none,noMesh,4,2,2,1,4,4,25.33,25.33,1.0,1,0,0,0.0,0.0,0.0,0.0
117d172e-00d6-436e-8df2-050f25977602,0,2,False,True,1,0,0.0,none,noMesh,4,1,1,0,4,10,2.99,3.03,1.015,1,0,0,0.0,0.0,0.0,0.0
117d172e-00d6-436e-8df2-050f25977602,1,5,False,True,5,1,0.2,sloped,noMesh,5,2,1,0,4,7,11.34,11.33,0.999,6,5,1,45.01,90.0,26.09,190.12
117d172e-00d6-436e-8df2-050f25977602,1,6,False,True,20,7,0.35,sloped,noMesh,13,6,0,0,0,13,8.19,8.15,0.995,20,18,0,42.81,71.37,22.8,266.85
117d172e-00d6-436e-8df2-050f25977602,1,7,False,True,2,1,0.5,none,noMesh,5,2,1,0,2,4,12.77,12.77,1.0,2,1,0,23.08,46.16,23.08,0.0
117d172e-00d6-436e-8df2-050f25977602,1,8,False,True,2,1,0.5,none,noMesh,5,0,1,1,2,14,7.05,6.59,0.935,2,1,0,22.59,45.17,22.59,0.0
121ff4c2-ec13-46b8-b557-b31775259e5d,0,0,False,True,1,0,0.0,none,noMesh,4,2,0,0,4,7,6.22,5.98,0.962,1,0,0,0.0,0.0,0.0,0.0
121ff4c2-ec13-46b8-b557-b31775259e5d,0,1,False,True,1,0,0.0,none,noMesh,6,2,2,1,7,6,35.36,35.36,1.0,1,0,0,0.0,0.0,0.0,0.0
121ff4c2-ec13-46b8-b557-b31775259e5d,0,2,False,True,1,0,0.0,none,noMesh,8,6,0,1,0,20,8.27,7.24,0.874,1,0,0,0.0,0.0,0.0,0.0
121ff4c2-ec13-46b8-b557-b31775259e5d,0,3,False,True,1,1,1.0,sloped,noMesh,4,1,0,0,0,10,4.22,3.44,0.814,1,1,0,24.66,0.0,0.0,0.0
121ff4c2-ec13-46b8-b557-b31775259e5d,0,4,False,True,1,0,0.0,none,noMesh,5,1,1,0,2,4,6.9,6.9,1.0,1,0,0,0.0,0.0,0.0,0.0
121ff4c2-ec13-46b8-b557-b31775259e5d,0,5,False,True,1,0,0.0,none,noMesh,5,2,1,0,0,4,10.47,10.47,1.0,1,0,0,0.0,0.0,0.0,0.0
121ff4c2-ec13-46b8-b557-b31775259e5d,0,6,False,True,1,0,0.0,none,noMesh,6,1,1,0,2,6,7.23,7.23,1.0,1,0,0,0.0,0.0,0.0,0.0
146ecf8b-ffa1-4239-ba58-040b61861fd9,0,0,False,True,4,0,0.0,sloped,noMesh,6,2,2,0,2,8,11.25,11.03,0.981,5,4,1,36.1,90.0,28.81,185.4
146ecf8b-ffa1-4239-ba58-040b61861fd9,0,1,False,True,4,1,0.25,none,noMesh,3,2,1,0,0,6,7.91,8.23,1.039,6,5,2,29.28,90.0,34.04,194.45
146ecf8b-ffa1-4239-ba58-040b61861fd9,0,2,False,True,1,0,0.0,none,noMesh,4,1,0,1,3,7,10.89,10.75,0.987,1,0,0,0.0,0.0,0.0,0.0
146ecf8b-ffa1-4239-ba58-040b61861fd9,1,4,False,True,10,5,0.5,none,noMesh,6,1,1,0,1,6,7.45,7.45,1.0,11,10,1,57.84,90.0,22.24,206.92
146ecf8b-ffa1-4239-ba58-040b61861fd9,1,5,False,True,1,1,1.0,none,noMesh,6,2,1,0,0,18,12.41,11.76,0.948,3,2,2,90.0,90.0,42.43,0.0
146ecf8b-ffa1-4239-ba58-040b61861fd9,1,6,False,True,4,2,0.5,sloped,noMesh,4,2,1,0,1,4,18.25,18.25,1.0,5,4,1,35.64,90.0,32.83,180.17
16784bad-2cd9-4f4c-bb26-60355981cfe2,1,0,False,True,10,4,0.4,none,noMesh,11,4,0,1,2,8,18.3,18.3,1.0,10,9,0,46.4,59.39,18.96,207.15
16784bad-2cd9-4f4c-bb26-60355981cfe2,1,1,False,True,2,1,0.5,none,userScannedMesh,4,1,0,0,0,9,8.8,7.91,0.898,2,1,0,22.61,45.22,22.61,0.0
16784bad-2cd9-4f4c-bb26-60355981cfe2,1,2,False,True,3,1,0.333,none,noMesh,4,1,1,1,3,4,19.31,19.31,1.0,3,2,0,46.07,46.07,21.72,179.9
16784bad-2cd9-4f4c-bb26-60355981cfe2,1,3,False,True,6,5,0.833,sloped,noMesh,5,1,1,0,0,11,10.96,10.19,0.93,7,5,1,44.95,90.0,29.75,181.34
16784bad-2cd9-4f4c-bb26-60355981cfe2,1,4,False,True,3,0,0.0,none,noMesh,5,1,1,0,1,9,9.48,9.31,0.981,4,3,1,48.07,90.0,31.86,179.33
16784bad-2cd9-4f4c-bb26-60355981cfe2,1,5,False,True,2,2,1.0,none,userScannedMesh,4,1,1,0,1,4,6.83,6.83,1.0,2,1,0,23.14,46.28,23.14,0.0
1825a812-09d0-4407-9265-182a07053cfc,0,0,False,True,1,0,0.0,none,noMesh,4,3,2,2,0,4,11.01,11.01,1.0,1,0,0,0.0,0.0,0.0,0.0
1825a812-09d0-4407-9265-182a07053cfc,0,1,False,True,1,0,0.0,none,noMesh,4,1,1,0,1,4,7.77,7.77,1.0,1,0,0,0.0,0.0,0.0,0.0
1825a812-09d0-4407-9265-182a07053cfc,0,2,False,True,1,0,0.0,none,noMesh,4,1,1,0,2,4,11.24,11.24,1.0,1,0,0,0.0,0.0,0.0,0.0
1825a812-09d0-4407-9265-182a07053cfc,0,3,False,True,1,0,0.0,none,noMesh,4,1,1,0,0,4,7.36,7.36,1.0,1,0,0,0.0,0.0,0.0,0.0
1825a812-09d0-4407-9265-182a07053cfc,0,4,False,True,1,0,0.0,none,noMesh,6,1,1,2,3,11,13.38,12.79,0.956,1,0,0,0.0,0.0,0.0,0.0
1825a812-09d0-4407-9265-182a07053cfc,0,5,False,True,1,0,0.0,none,noMesh,4,2,1,1,3,4,13.14,13.14,1.0,1,0,0,0.0,0.0,0.0,0.0
1825a812-09d0-4407-9265-182a07053cfc,0,6,False,True,1,0,0.0,none,noMesh,6,0,0,1,0,34,6.66,3.0,0.45,1,0,0,0.0,0.0,0.0,0.0
1825a812-09d0-4407-9265-182a07053cfc,0,7,False,True,1,0,0.0,none,noMesh,2,1,0,1,0,6,5.02,5.06,1.007,1,0,0,0.0,0.0,0.0,0.0
1825a812-09d0-4407-9265-182a07053cfc,0,8,False,True,1,0,0.0,none,noMesh,3,1,1,0,3,6,6.72,6.91,1.028,1,0,0,0.0,0.0,0.0,0.0
1825a812-09d0-4407-9265-182a07053cfc,0,9,False,True,1,0,0.0,none,noMesh,6,1,1,0,1,31,6.07,4.82,0.795,1,0,0,0.0,0.0,0.0,0.0
1825a812-09d0-4407-9265-182a07053cfc,0,10,False,True,4,2,0.5,flat,noMesh,8,0,2,1,3,11,33.91,33.37,0.984,6,4,2,14.87,90.0,39.56,170.61
1900be91-8684-4316-98e2-c4fef6e6296f,1,0,False,True,16,5,0.312,sloped,noMesh,5,1,1,0,1,11,11.6,11.44,0.986,18,16,2,49.3,90.0,25.2,270.0
1900be91-8684-4316-98e2-c4fef6e6296f,1,1,True,True,16,6,0.375,sloped,noMesh,12,4,5,1,1,20,30.88,30.57,0.99,20,18,4,47.64,90.0,28.83,307.8
1900be91-8684-4316-98e2-c4fef6e6296f,1,2,False,True,4,2,0.5,none,noMesh,4,1,1,0,3,4,17.71,17.71,1.0,4,2,0,24.79,46.74,22.68,2.66
1900be91-8684-4316-98e2-c4fef6e6296f,1,3,False,True,1,0,0.0,none,noMesh,4,1,1,0,1,8,12.05,11.08,0.92,1,1,0,46.25,0.0,0.0,0.0
1900be91-8684-4316-98e2-c4fef6e6296f,0,4,False,True,1,0,0.0,none,noMesh,4,1,0,0,2,14,3.37,2.8,0.829,1,0,0,0.0,0.0,0.0,0.0
1900be91-8684-4316-98e2-c4fef6e6296f,0,5,False,True,2,0,0.0,none,noMesh,9,5,4,0,3,8,32.52,32.52,1.0,2,0,0,0.0,0.0,0.0,0.0
1900be91-8684-4316-98e2-c4fef6e6296f,0,6,False,True,1,0,0.0,none,noMesh,4,2,1,0,0,13,16.54,14.86,0.898,1,0,0,0.0,0.0,0.0,0.0
1900be91-8684-4316-98e2-c4fef6e6296f,0,8,False,True,1,1,1.0,sloped,noMesh,4,1,2,0,3,14,15.66,14.14,0.903,1,1,0,6.68,0.0,0.0,0.0
1900be91-8684-4316-98e2-c4fef6e6296f,0,10,False,True,1,0,0.0,none,noMesh,4,1,1,0,3,4,4.42,4.42,1.0,1,0,0,0.0,0.0,0.0,0.0
1900be91-8684-4316-98e2-c4fef6e6296f,0,11,False,True,4,3,0.75,none,noMesh,6,2,2,1,4,5,12.85,12.87,1.001,5,4,1,11.25,90.0,35.4,174.65
191e11c0-fd47-489c-9e3d-c8072713a761,0,1,False,True,1,0,0.0,none,noMesh,6,3,4,0,9,5,38.91,38.91,1.0,1,0,0,0.0,0.0,0.0,0.0
191e11c0-fd47-489c-9e3d-c8072713a761,0,2,False,True,1,0,0.0,none,noMesh,6,1,1,0,3,9,10.71,8.44,0.788,1,0,0,0.0,0.0,0.0,0.0
191e11c0-fd47-489c-9e3d-c8072713a761,0,3,False,True,2,0,0.0,none,noMesh,8,2,1,1,1,9,11.05,10.79,0.976,2,0,0,0.0,0.0,0.0,0.0
191e11c0-fd47-489c-9e3d-c8072713a761,0,4,False,True,1,0,0.0,none,noMesh,4,1,1,0,2,4,3.46,3.46,1.0,1,0,0,0.0,0.0,0.0,0.0
191e11c0-fd47-489c-9e3d-c8072713a761,0,5,False,True,1,0,0.0,none,noMesh,6,2,1,0,5,23,10.42,8.65,0.83,1,0,0,0.0,0.0,0.0,0.0
191e11c0-fd47-489c-9e3d-c8072713a761,0,6,False,True,2,0,0.0,none,noMesh,4,1,1,0,1,4,6.02,14.9,2.473,2,0,0,0.0,0.0,0.0,0.0
193c3c70-2271-4c42-ab2c-586e1d64d4cb,0,0,False,True,1,0,0.0,none,noMesh,12,2,2,4,5,27,50.27,48.91,0.973,1,0,0,0.0,0.0,0.0,0.0
193c3c70-2271-4c42-ab2c-586e1d64d4cb,0,1,False,True,1,0,0.0,none,noMesh,6,1,1,0,1,5,7.6,7.6,1.0,1,0,0,0.0,0.0,0.0,0.0
193c3c70-2271-4c42-ab2c-586e1d64d4cb,0,2,False,True,1,0,0.0,none,noMesh,4,1,1,0,0,4,9.51,9.51,1.0,1,0,0,0.0,0.0,0.0,0.0
193c3c70-2271-4c42-ab2c-586e1d64d4cb,0,3,False,True,1,0,0.0,none,noMesh,6,1,1,0,0,6,7.64,7.64,1.0,1,0,0,0.0,0.0,0.0,0.0
193c3c70-2271-4c42-ab2c-586e1d64d4cb,0,4,False,True,1,0,0.0,none,noMesh,6,1,1,0,0,6,11.66,11.66,1.0,1,0,0,0.0,0.0,0.0,0.0
193c3c70-2271-4c42-ab2c-586e1d64d4cb,0,5,False,True,1,0,0.0,none,noMesh,4,2,1,0,1,8,6.85,6.49,0.947,1,0,0,0.0,0.0,0.0,0.0
19459014-f39b-4bf6-945e-c5b50930dea3,0,0,False,True,2,0,0.0,none,noMesh,10,2,1,1,3,8,54.74,54.94,1.004,2,0,0,0.0,0.0,0.0,0.0
19459014-f39b-4bf6-945e-c5b50930dea3,0,2,False,True,1,0,0.0,none,noMesh,4,3,0,0,2,17,10.44,8.1,0.775,1,0,0,0.0,0.0,0.0,0.0
19459014-f39b-4bf6-945e-c5b50930dea3,0,5,False,True,1,0,0.0,none,noMesh,4,1,1,0,2,4,7.52,7.52,1.0,1,0,0,0.0,0.0,0.0,0.0
19459014-f39b-4bf6-945e-c5b50930dea3,0,6,False,True,1,0,0.0,none,noMesh,6,2,1,0,0,4,9.54,9.54,1.0,1,0,0,0.0,0.0,0.0,0.0
19459014-f39b-4bf6-945e-c5b50930dea3,1,8,False,True,5,1,0.2,sloped,noMesh,8,2,1,0,4,8,16.45,17.52,1.065,8,7,3,45.53,90.0,29.96,104.95
19459014-f39b-4bf6-945e-c5b50930dea3,1,9,False,True,2,1,0.5,sloped,noMesh,7,2,1,0,3,18,6.16,5.56,0.902,4,3,2,66.45,90.0,37.48,180.05
19459014-f39b-4bf6-945e-c5b50930dea3,1,10,False,True,2,1,0.5,none,noMesh,5,1,0,1,0,8,5.34,6.24,1.17,2,1,0,21.69,43.37,21.69,0.0
19bf6498-09eb-4c62-8fc8-8623942351ba,0,0,False,True,1,0,0.0,none,noMesh,4,1,1,0,1,4,10.31,10.31,1.0,1,0,0,0.0,0.0,0.0,0.0
19bf6498-09eb-4c62-8fc8-8623942351ba,0,1,False,True,1,0,0.0,none,noMesh,4,1,2,0,1,4,14.12,14.12,1.0,1,0,0,0.0,0.0,0.0,0.0
19bf6498-09eb-4c62-8fc8-8623942351ba,0,2,False,True,1,0,0.0,none,noMesh,4,1,1,0,3,4,8.41,8.41,1.0,1,0,0,0.0,0.0,0.0,0.0
19bf6498-09eb-4c62-8fc8-8623942351ba,0,3,False,True,1,0,0.0,none,noMesh,4,0,1,1,1,15,2.64,2.39,0.906,1,0,0,0.0,0.0,0.0,0.0
19bf6498-09eb-4c62-8fc8-8623942351ba,0,4,False,True,1,0,0.0,none,noMesh,6,8,0,0,1,28,13.26,12.13,0.914,1,0,0,0.0,0.0,0.0,0.0
19bf6498-09eb-4c62-8fc8-8623942351ba,0,5,False,True,1,0,0.0,none,noMesh,6,3,3,0,10,6,44.09,44.09,1.0,1,0,0,0.0,0.0,0.0,0.0
19bf6498-09eb-4c62-8fc8-8623942351ba,0,6,False,True,1,0,0.0,none,noMesh,7,2,2,2,9,15,12.04,11.72,0.973,1,0,0,0.0,0.0,0.0,0.0
19bf6498-09eb-4c62-8fc8-8623942351ba,0,7,False,True,1,0,0.0,none,noMesh,2,2,1,0,4,6,6.12,6.2,1.012,1,0,0,0.0,0.0,0.0,0.0
19bf6498-09eb-4c62-8fc8-8623942351ba,0,8,False,True,1,0,0.0,none,noMesh,6,1,1,0,2,11,5.59,4.88,0.874,1,0,0,0.0,0.0,0.0,0.0
1a453338-ca2e-49d0-9bd2-da33c07fd348,0,0,False,True,1,0,0.0,none,noMesh,6,3,2,0,8,4,14.59,14.59,1.0,1,0,0,0.0,0.0,0.0,0.0
1a453338-ca2e-49d0-9bd2-da33c07fd348,0,1,False,True,1,0,0.0,none,noMesh,4,2,0,0,0,4,2.06,2.06,1.0,1,0,0,0.0,0.0,0.0,0.0
1a453338-ca2e-49d0-9bd2-da33c07fd348,0,2,False,True,1,0,0.0,none,noMesh,5,3,0,2,1,37,11.05,7.86,0.711,1,0,0,0.0,0.0,0.0,0.0
1a453338-ca2e-49d0-9bd2-da33c07fd348,0,3,False,True,1,0,0.0,none,noMesh,5,1,1,0,0,4,1.96,1.96,1.0,1,0,0,0.0,0.0,0.0,0.0
1a453338-ca2e-49d0-9bd2-da33c07fd348,0,4,False,True,1,0,0.0,none,noMesh,5,3,0,2,1,4,5.55,5.55,1.0,1,0,0,0.0,0.0,0.0,0.0
1a453338-ca2e-49d0-9bd2-da33c07fd348,0,5,False,True,1,0,0.0,none,noMesh,6,2,2,0,6,6,16.61,16.61,1.0,1,0,0,0.0,0.0,0.0,0.0
1a453338-ca2e-49d0-9bd2-da33c07fd348,0,6,False,True,1,0,0.0,none,noMesh,4,1,1,0,0,15,10.91,9.45,0.866,1,0,0,0.0,0.0,0.0,0.0
1a453338-ca2e-49d0-9bd2-da33c07fd348,0,7,False,True,1,0,0.0,none,noMesh,6,1,1,0,0,5,5.6,5.6,1.0,1,0,0,0.0,0.0,0.0,0.0
1a453338-ca2e-49d0-9bd2-da33c07fd348,0,8,False,True,1,0,0.0,none,noMesh,5,2,1,0,4,4,7.78,7.78,1.0,1,0,0,0.0,0.0,0.0,0.0
1a453338-ca2e-49d0-9bd2-da33c07fd348,0,9,False,True,1,0,0.0,none,noMesh,8,3,3,0,5,8,46.55,46.55,1.0,1,0,0,0.0,0.0,0.0,0.0
1d26eda3-c927-4cdf-a3b0-218036828a55,1,0,False,True,6,3,0.5,none,noMesh,7,3,2,0,1,11,21.7,30.06,1.385,9,7,3,45.2,90.0,37.09,180.3
1d26eda3-c927-4cdf-a3b0-218036828a55,1,1,False,True,15,8,0.533,sloped,noMesh,14,3,0,0,2,22,21.24,21.91,1.031,19,17,4,59.42,90.0,26.86,272.34
1d26eda3-c927-4cdf-a3b0-218036828a55,1,2,True,True,14,6,0.429,sloped,noMesh,6,1,1,0,0,11,5.88,5.57,0.948,19,16,5,50.55,90.0,33.4,273.26
1d26eda3-c927-4cdf-a3b0-218036828a55,1,3,False,True,3,0,0.0,none,noMesh,4,1,1,0,0,4,14.59,14.65,1.004,4,3,1,51.38,90.0,31.99,181.22
1d26eda3-c927-4cdf-a3b0-218036828a55,1,4,False,True,1,0,0.0,none,noMesh,3,1,2,0,2,7,14.1,14.14,1.003,1,0,0,0.0,0.0,0.0,0.0
1d26eda3-c927-4cdf-a3b0-218036828a55,1,5,False,True,2,1,0.5,none,noMesh,8,4,3,0,0,11,26.0,25.9,0.996,4,3,2,64.91,90.0,37.77,89.99
1d26eda3-c927-4cdf-a3b0-218036828a55,0,6,False,True,2,0,0.0,none,noMesh,8,1,1,1,1,6,5.75,5.75,1.0,2,0,0,0.0,0.0,0.0,0.0
1d26eda3-c927-4cdf-a3b0-218036828a55,1,9,False,True,1,0,0.0,none,noMesh,8,2,2,1,8,9,24.05,24.05,1.0,1,0,0,0.0,0.0,0.0,0.0
1f03f6e0-dfe6-4b25-bb45-f44ad146c0a3,1,0,False,True,38,32,0.842,sloped,userScannedMesh,8,10,3,0,7,12,43.76,66.8,1.527,42,36,4,36.68,90.0,25.74,319.14
1f03f6e0-dfe6-4b25-bb45-f44ad146c0a3,1,1,False,True,25,13,0.52,sloped,noMesh,10,4,2,0,1,15,33.17,32.99,0.995,29,25,5,57.1,90.0,25.74,304.7
1f03f6e0-dfe6-4b25-bb45-f44ad146c0a3,1,2,False,True,4,3,0.75,sloped,noMesh,4,3,1,0,2,4,17.47,17.47,1.0,4,3,0,46.47,49.74,20.67,180.13
1f03f6e0-dfe6-4b25-bb45-f44ad146c0a3,1,3,False,True,5,1,0.2,sloped,noMesh,9,3,2,0,4,6,27.25,27.24,1.0,5,3,0,46.59,50.16,23.96,179.12
1f03f6e0-dfe6-4b25-bb45-f44ad146c0a3,1,4,False,True,4,2,0.5,none,noMesh,6,3,1,0,0,16,11.08,9.72,0.877,4,3,0,43.73,57.22,22.49,57.8
1f03f6e0-dfe6-4b25-bb45-f44ad146c0a3,1,5,False,True,3,2,0.667,sloped,noMesh,5,1,2,0,0,4,8.34,8.34,1.0,3,2,0,44.21,49.47,22.18,3.64
1f03f6e0-dfe6-4b25-bb45-f44ad146c0a3,1,6,False,True,26,18,0.692,sloped,noMesh,8,2,1,0,4,13,18.77,18.2,0.97,29,27,3,48.0,90.0,22.4,304.12
1f03f6e0-dfe6-4b25-bb45-f44ad146c0a3,1,7,False,True,7,5,0.714,sloped,noMesh,4,1,3,0,1,4,18.79,18.74,0.997,9,8,3,55.95,90.0,29.19,260.09
1f03f6e0-dfe6-4b25-bb45-f44ad146c0a3,1,9,False,True,1,0,0.0,none,noMesh,4,0,1,0,2,5,2.22,2.96,1.329,1,0,0,0.0,0.0,0.0,0.0
1f03f6e0-dfe6-4b25-bb45-f44ad146c0a3,1,10,False,True,2,1,0.5,none,noMesh,8,2,0,0,0,7,3.38,5.21,1.541,2,1,0,9.89,19.77,9.89,0.0
1f03f6e0-dfe6-4b25-bb45-f44ad146c0a3,1,11,False,True,1,0,0.0,none,noMesh,5,2,4,0,5,13,37.58,37.65,1.002,1,0,0,0.0,0.0,0.0,0.0
1f03f6e0-dfe6-4b25-bb45-f44ad146c0a3,1,12,False,True,1,0,0.0,none,userScannedMesh,10,2,5,2,1,37,30.65,26.99,0.881,3,2,2,90.0,88.63,41.78,0.0
1f03f6e0-dfe6-4b25-bb45-f44ad146c0a3,1,13,False,True,4,2,0.5,none,noMesh,7,1,2,0,7,10,15.86,17.33,1.093,4,2,0,4.89,10.06,3.85,69.57
1f03f6e0-dfe6-4b25-bb45-f44ad146c0a3,1,14,False,True,6,4,0.667,sloped,noMesh,5,1,1,0,2,27,15.16,10.08,0.665,6,4,0,12.32,33.88,13.5,225.2
1f03f6e0-dfe6-4b25-bb45-f44ad146c0a3,1,15,False,True,2,1,0.5,sloped,noMesh,7,1,0,0,1,7,6.13,6.13,1.0,4,3,2,51.52,90.0,41.99,180.0
1f03f6e0-dfe6-4b25-bb45-f44ad146c0a3,1,16,False,True,3,1,0.333,sloped,noMesh,7,2,2,0,3,9,22.65,22.44,0.991,3,1,0,1.61,43.79,20.27,0.0
1f03f6e0-dfe6-4b25-bb45-f44ad146c0a3,1,17,False,True,1,0,0.0,none,noMesh,17,6,1,4,3,24,47.23,44.67,0.946,2,1,1,45.0,90.0,45.0,0.0
1f03f6e0-dfe6-4b25-bb45-f44ad146c0a3,1,18,False,True,2,1,0.5,sloped,noMesh,7,4,0,0,0,7,4.99,4.99,1.0,2,1,0,20.9,41.8,20.9,0.0
1f03f6e0-dfe6-4b25-bb45-f44ad146c0a3,1,19,False,True,1,0,0.0,none,noMesh,4,1,2,0,3,11,19.17,19.2,1.002,1,0,0,0.0,0.0,0.0,0.0
1f03f6e0-dfe6-4b25-bb45-f44ad146c0a3,1,20,False,True,3,1,0.333,sloped,noMesh,6,1,3,1,3,6,19.16,19.24,1.004,4,2,1,15.42,90.0,36.74,139.7
1f03f6e0-dfe6-4b25-bb45-f44ad146c0a3,0,23,False,True,2,0,0.0,none,noMesh,9,3,1,0,0,11,12.39,12.02,0.97,2,0,0,0.0,0.0,0.0,0.0
1f03f6e0-dfe6-4b25-bb45-f44ad146c0a3,0,27,False,True,9,5,0.556,none,noMesh,7,2,2,0,5,18,23.19,21.22,0.915,9,5,0,6.43,13.33,5.29,180.0
1f03f6e0-dfe6-4b25-bb45-f44ad146c0a3,0,28,False,True,1,0,0.0,none,noMesh,6,1,0,0,0,6,7.64,7.64,1.0,1,0,0,0.0,0.0,0.0,0.0
21af2a12-2a29-44b5-b703-fbaa208996e9,1,6,False,True,4,0,0.0,none,noMesh,6,1,1,0,2,11,17.74,17.42,0.982,5,4,1,39.61,90.0,28.57,179.59
21af2a12-2a29-44b5-b703-fbaa208996e9,1,7,False,True,6,0,0.0,none,noMesh,5,4,0,0,0,10,10.42,10.18,0.977,8,7,3,57.57,90.0,30.17,176.15
21af2a12-2a29-44b5-b703-fbaa208996e9,1,8,False,True,5,4,0.8,none,noMesh,10,1,1,0,4,10,15.77,15.77,1.0,8,7,3,60.75,90.0,28.01,270.0
21af2a12-2a29-44b5-b703-fbaa208996e9,1,9,False,True,10,8,0.8,none,noMesh,7,1,3,0,0,14,11.89,11.56,0.973,13,12,3,49.04,90.0,27.51,231.43
21af2a12-2a29-44b5-b703-fbaa208996e9,1,10,False,True,1,0,0.0,none,noMesh,4,1,1,0,1,4,3.8,3.8,1.0,1,0,0,0.0,0.0,0.0,0.0
2388d90c-8cc9-4cca-b232-d658e184074d,1,0,False,True,2,0,0.0,sloped,noMesh,6,1,1,0,4,5,7.21,7.21,1.0,2,1,0,23.5,47.0,23.5,0.0
2388d90c-8cc9-4cca-b232-d658e184074d,1,1,False,True,5,1,0.2,sloped,noMesh,6,2,0,2,2,6,10.44,10.48,1.004,7,6,2,44.49,90.0,32.38,180.38
2388d90c-8cc9-4cca-b232-d658e184074d,1,2,False,True,2,0,0.0,none,noMesh,4,2,1,0,0,4,11.04,11.04,1.0,4,3,2,70.47,90.0,36.95,179.98
2388d90c-8cc9-4cca-b232-d658e184074d,1,3,False,True,2,0,0.0,sloped,noMesh,4,1,1,0,2,7,10.72,10.53,0.982,2,1,0,25.76,51.53,25.76,0.0
2388d90c-8cc9-4cca-b232-d658e184074d,0,4,False,True,1,0,0.0,none,noMesh,2,1,0,0,0,8,4.71,6.73,1.431,1,0,0,0.0,0.0,0.0,0.0
2388d90c-8cc9-4cca-b232-d658e184074d,0,8,False,True,1,0,0.0,none,noMesh,4,0,1,1,2,4,3.87,3.87,1.0,1,0,0,0.0,0.0,0.0,0.0
2388d90c-8cc9-4cca-b232-d658e184074d,0,9,False,True,1,0,0.0,none,noMesh,14,6,1,1,3,15,37.54,37.38,0.996,1,0,0,0.0,0.0,0.0,0.0
2388d90c-8cc9-4cca-b232-d658e184074d,0,10,False,True,1,0,0.0,none,noMesh,4,1,2,0,1,4,2.5,2.5,1.0,1,0,0,0.0,0.0,0.0,0.0
2388d90c-8cc9-4cca-b232-d658e184074d,0,11,False,True,1,0,0.0,none,noMesh,4,1,2,0,1,19,14.86,12.48,0.84,1,0,0,0.0,0.0,0.0,0.0
2388d90c-8cc9-4cca-b232-d658e184074d,0,12,False,True,1,0,0.0,none,noMesh,5,1,1,0,1,10,11.8,10.84,0.919,1,0,0,0.0,0.0,0.0,0.0
2388d90c-8cc9-4cca-b232-d658e184074d,0,13,False,True,1,0,0.0,none,noMesh,5,1,1,0,3,4,12.19,12.19,1.0,1,0,0,0.0,0.0,0.0,0.0
2388d90c-8cc9-4cca-b232-d658e184074d,0,14,False,True,1,0,0.0,none,noMesh,4,1,0,0,1,4,14.18,14.18,1.0,1,0,0,0.0,0.0,0.0,0.0
23cbb422-ada0-454d-8f91-30888256960d,1,0,False,True,1,0,0.0,none,noMesh,6,2,2,1,6,27,11.75,10.48,0.892,1,0,0,0.0,0.0,0.0,0.0
23cbb422-ada0-454d-8f91-30888256960d,1,1,False,True,1,0,0.0,none,noMesh,4,1,3,1,2,11,18.29,18.04,0.986,1,0,0,0.0,0.0,0.0,0.0
23cbb422-ada0-454d-8f91-30888256960d,1,2,False,True,1,0,0.0,none,noMesh,4,2,2,0,3,4,10.26,10.26,1.0,1,0,0,0.0,0.0,0.0,0.0
23cbb422-ada0-454d-8f91-30888256960d,1,3,False,True,5,4,0.8,none,noMesh,3,3,0,0,0,6,5.0,5.3,1.06,6,5,1,50.39,90.0,28.23,249.36
23cbb422-ada0-454d-8f91-30888256960d,1,4,False,True,1,0,0.0,none,noMesh,4,2,2,1,1,13,11.66,10.35,0.887,1,0,0,0.0,0.0,0.0,0.0
23cbb422-ada0-454d-8f91-30888256960d,1,5,False,True,1,0,0.0,none,noMesh,4,0,2,1,1,4,6.54,6.54,1.0,2,1,1,45.0,90.0,45.0,0.0
23cbb422-ada0-454d-8f91-30888256960d,1,6,False,True,1,0,0.0,none,noMesh,5,2,0,1,0,4,2.22,2.22,1.0,1,0,0,0.0,0.0,0.0,0.0
23cbb422-ada0-454d-8f91-30888256960d,1,7,False,True,1,0,0.0,none,noMesh,5,1,1,0,0,4,2.47,2.47,1.0,1,0,0,0.0,0.0,0.0,0.0
23cbb422-ada0-454d-8f91-30888256960d,0,8,False,True,4,3,0.75,sloped,noMesh,5,0,1,0,0,6,5.89,5.89,1.0,5,4,1,7.58,90.0,33.52,180.0
24e8aaa7-ec15-4a72-be5f-c67b95a53411,0,0,False,True,1,0,0.0,none,noMesh,4,1,1,0,3,4,11.58,11.58,1.0,1,0,0,0.0,0.0,0.0,0.0
24e8aaa7-ec15-4a72-be5f-c67b95a53411,0,1,False,True,2,0,0.0,none,noMesh,5,2,1,0,4,17,16.04,14.52,0.905,2,0,0,0.0,0.0,0.0,0.0
24e8aaa7-ec15-4a72-be5f-c67b95a53411,0,3,False,True,1,0,0.0,none,noMesh,6,1,1,0,4,7,5.5,4.83,0.878,1,0,0,0.0,0.0,0.0,0.0
24e8aaa7-ec15-4a72-be5f-c67b95a53411,0,4,False,True,2,0,0.0,none,noMesh,12,5,1,1,3,17,16.78,26.1,1.555,2,0,0,0.0,0.0,0.0,0.0
24e8aaa7-ec15-4a72-be5f-c67b95a53411,0,5,False,True,1,0,0.0,none,noMesh,8,2,3,2,17,14,56.75,56.51,0.996,1,0,0,0.0,0.0,0.0,0.0
24e8aaa7-ec15-4a72-be5f-c67b95a53411,0,6,False,True,1,0,0.0,none,noMesh,4,2,0,0,4,8,4.69,4.44,0.947,2,1,1,45.0,90.0,45.0,0.0
24e8aaa7-ec15-4a72-be5f-c67b95a53411,0,7,False,True,1,0,0.0,none,noMesh,4,1,0,0,0,4,8.97,8.97,1.0,1,0,0,0.0,0.0,0.0,0.0
287808db-3826-4351-b9a1-6f9831bdc870,0,0,False,True,1,0,0.0,none,noMesh,4,0,1,1,2,4,10.75,10.75,1.0,1,0,0,0.0,0.0,0.0,0.0
287808db-3826-4351-b9a1-6f9831bdc870,0,1,False,True,1,0,0.0,none,noMesh,6,4,0,0,1,11,5.12,4.37,0.854,1,0,0,0.0,0.0,0.0,0.0
287808db-3826-4351-b9a1-6f9831bdc870,0,2,False,True,1,0,0.0,none,noMesh,4,0,1,1,2,4,5.66,5.66,1.0,1,0,0,0.0,0.0,0.0,0.0
287808db-3826-4351-b9a1-6f9831bdc870,2,5,False,True,7,2,0.286,sloped,noMesh,4,1,0,0,1,7,1.39,1.19,0.858,8,7,1,40.52,90.0,24.91,239.21
287808db-3826-4351-b9a1-6f9831bdc870,2,7,False,True,2,0,0.0,sloped,noMesh,6,1,1,0,3,17,12.39,11.92,0.962,2,1,0,20.76,41.52,20.76,0.0
287808db-3826-4351-b9a1-6f9831bdc870,3,8,False,True,7,5,0.714,none,noMesh,5,2,0,0,0,7,7.29,7.29,1.0,11,9,4,43.01,90.0,33.89,269.99
287808db-3826-4351-b9a1-6f9831bdc870,3,9,False,True,3,2,0.667,sloped,noMesh,8,1,1,0,2,10,11.79,11.34,0.962,3,2,0,41.45,43.36,20.01,179.66
287808db-3826-4351-b9a1-6f9831bdc870,3,10,False,True,2,1,0.5,none,noMesh,1,1,0,0,0,10,4.9,4.76,0.97,2,1,0,4.39,4.36,2.18,0.0
294c5209-06ff-47ae-841b-e7e973b3699e,0,0,False,True,1,0,0.0,none,noMesh,4,1,1,0,2,4,9.82,9.82,1.0,1,0,0,0.0,0.0,0.0,0.0
294c5209-06ff-47ae-841b-e7e973b3699e,0,1,False,True,1,0,0.0,none,noMesh,4,1,1,0,3,4,11.31,11.31,1.0,1,0,0,0.0,0.0,0.0,0.0
294c5209-06ff-47ae-841b-e7e973b3699e,0,2,False,True,1,0,0.0,none,noMesh,6,2,2,1,4,6,29.53,29.53,1.0,1,0,0,0.0,0.0,0.0,0.0
294c5209-06ff-47ae-841b-e7e973b3699e,0,3,False,True,1,0,0.0,none,noMesh,4,0,1,2,7,4,8.79,8.78,1.0,2,1,1,45.0,90.0,45.0,0.0
294c5209-06ff-47ae-841b-e7e973b3699e,0,5,False,True,1,0,0.0,none,userScannedMesh,4,2,0,0,4,4,5.19,5.19,1.0,1,0,0,0.0,0.0,0.0,0.0
294c5209-06ff-47ae-841b-e7e973b3699e,0,6,False,True,1,0,0.0,none,noMesh,4,3,2,0,0,4,15.53,15.53,1.0,2,1,1,45.73,88.54,44.27,0.0
294c5209-06ff-47ae-841b-e7e973b3699e,0,7,False,True,2,0,0.0,none,noMesh,4,1,1,0,1,4,4.8,12.47,2.599,2,0,0,0.0,0.0,0.0,0.0
29865ccb-e7e8-4ad6-a01c-d632f20761b7,0,0,False,True,1,0,0.0,none,noMesh,7,5,1,0,0,8,6.89,6.89,1.0,2,1,1,45.0,90.0,45.0,0.0
29865ccb-e7e8-4ad6-a01c-d632f20761b7,0,1,False,True,1,0,0.0,none,noMesh,4,1,2,1,3,4,20.99,20.99,1.0,1,0,0,0.0,0.0,0.0,0.0
29865ccb-e7e8-4ad6-a01c-d632f20761b7,1,5,False,True,1,0,0.0,none,noMesh,5,1,1,0,1,6,3.63,3.37,0.928,1,0,0,0.0,0.0,0.0,0.0
29865ccb-e7e8-4ad6-a01c-d632f20761b7,1,6,False,True,4,0,0.0,sloped,noMesh,7,4,1,0,0,10,6.26,6.27,1.001,6,5,2,36.56,90.0,32.43,99.8
29865ccb-e7e8-4ad6-a01c-d632f20761b7,1,7,False,True,2,0,0.0,sloped,noMesh,7,2,1,0,1,6,10.7,10.7,1.0,2,1,0,18.98,37.96,18.98,0.0
29865ccb-e7e8-4ad6-a01c-d632f20761b7,1,8,False,True,2,0,0.0,none,noMesh,5,1,2,0,4,11,13.95,12.88,0.923,2,1,0,18.6,37.2,18.6,0.0
29865ccb-e7e8-4ad6-a01c-d632f20761b7,1,9,False,True,2,0,0.0,sloped,noMesh,8,1,1,0,1,8,9.92,9.9,0.999,2,1,0,19.16,38.33,19.16,0.0
29a9cb5c-e7e7-4a01-b8ed-b2a2dd0edd2a,0,0,False,True,2,1,0.5,none,noMesh,5,1,1,0,1,15,15.38,14.7,0.956,2,1,0,14.3,28.6,14.3,0.0
29a9cb5c-e7e7-4a01-b8ed-b2a2dd0edd2a,0,1,False,True,1,0,0.0,none,noMesh,4,1,1,0,2,10,6.82,6.29,0.923,1,0,0,0.0,0.0,0.0,0.0
29a9cb5c-e7e7-4a01-b8ed-b2a2dd0edd2a,0,2,False,True,1,0,0.0,none,noMesh,11,4,2,2,8,9,28.41,28.41,1.0,1,0,0,0.0,0.0,0.0,0.0
29a9cb5c-e7e7-4a01-b8ed-b2a2dd0edd2a,0,3,False,True,1,0,0.0,none,noMesh,7,2,1,0,1,23,13.95,12.56,0.9,1,0,0,0.0,0.0,0.0,0.0
29a9cb5c-e7e7-4a01-b8ed-b2a2dd0edd2a,0,4,False,True,1,0,0.0,none,noMesh,4,1,1,0,0,12,9.55,8.98,0.941,1,0,0,0.0,0.0,0.0,0.0
29a9cb5c-e7e7-4a01-b8ed-b2a2dd0edd2a,0,5,False,True,1,0,0.0,none,noMesh,4,1,3,0,2,4,28.83,28.83,1.0,1,0,0,0.0,0.0,0.0,0.0
29a9cb5c-e7e7-4a01-b8ed-b2a2dd0edd2a,0,6,False,True,3,2,0.667,sloped,noMesh,7,1,0,0,1,10,9.12,9.17,1.006,5,4,2,57.44,90.0,37.61,90.0
2d80b27f-ca29-4b3e-9197-ad3c4af7cbfb,0,0,False,True,1,0,0.0,none,noMesh,4,1,1,0,3,7,10.5,10.2,0.971,1,0,0,0.0,0.0,0.0,0.0
2d80b27f-ca29-4b3e-9197-ad3c4af7cbfb,0,1,False,True,1,0,0.0,none,noMesh,8,2,1,0,8,8,9.31,9.31,1.0,1,0,0,0.0,0.0,0.0,0.0
2d80b27f-ca29-4b3e-9197-ad3c4af7cbfb,0,2,False,True,1,0,0.0,none,noMesh,6,1,1,0,1,6,7.29,7.29,1.0,1,0,0,0.0,0.0,0.0,0.0
2d80b27f-ca29-4b3e-9197-ad3c4af7cbfb,0,3,False,True,1,0,0.0,none,noMesh,6,6,0,0,2,28,8.38,6.48,0.773,1,0,0,0.0,0.0,0.0,0.0
2d80b27f-ca29-4b3e-9197-ad3c4af7cbfb,0,4,False,True,1,0,0.0,none,noMesh,4,1,1,0,3,4,6.94,6.94,1.0,1,0,0,0.0,0.0,0.0,0.0
2d80b27f-ca29-4b3e-9197-ad3c4af7cbfb,0,5,False,True,1,0,0.0,none,noMesh,6,2,3,0,4,6,34.16,34.16,1.0,1,0,0,0.0,0.0,0.0,0.0
2d80b27f-ca29-4b3e-9197-ad3c4af7cbfb,0,7,False,True,1,0,0.0,none,noMesh,4,1,0,0,2,4,3.07,3.07,1.0,1,0,0,0.0,0.0,0.0,0.0
2de0ff98-b554-446b-a501-b9fab4577f5a,0,0,False,True,1,0,0.0,none,noMesh,4,1,2,0,2,9,11.37,10.75,0.945,1,0,0,0.0,0.0,0.0,0.0
2de0ff98-b554-446b-a501-b9fab4577f5a,0,1,False,True,1,0,0.0,none,noMesh,6,1,2,0,3,13,13.23,12.12,0.915,1,0,0,0.0,0.0,0.0,0.0
2de0ff98-b554-446b-a501-b9fab4577f5a,0,2,False,True,1,0,0.0,none,noMesh,7,1,1,0,1,6,10.82,10.82,1.0,1,0,0,0.0,0.0,0.0,0.0
2de0ff98-b554-446b-a501-b9fab4577f5a,0,3,False,True,1,0,0.0,none,noMesh,4,0,1,1,2,9,4.56,4.02,0.881,1,0,0,0.0,0.0,0.0,0.0
2de0ff98-b554-446b-a501-b9fab4577f5a,0,4,False,True,2,0,0.0,none,noMesh,13,5,0,3,1,14,13.9,12.08,0.869,2,0,0,0.0,0.0,0.0,0.0
2de0ff98-b554-446b-a501-b9fab4577f5a,0,5,False,True,1,0,0.0,none,noMesh,11,5,2,0,10,26,25.69,23.58,0.918,3,2,2,90.0,90.0,42.43,180.0
2de0ff98-b554-446b-a501-b9fab4577f5a,0,6,False,True,1,0,0.0,none,noMesh,7,2,1,0,5,6,25.31,25.31,1.0,1,0,0,0.0,0.0,0.0,0.0
2de0ff98-b554-446b-a501-b9fab4577f5a,0,7,False,True,1,0,0.0,none,noMesh,4,2,0,0,5,4,8.0,8.0,1.0,1,0,0,0.0,0.0,0.0,0.0
2df1d2ed-54c9-41e9-9ed8-c4110e3868e0,0,0,False,True,1,0,0.0,none,noMesh,4,1,1,0,1,4,9.34,9.34,1.0,1,0,0,0.0,0.0,0.0,0.0
2df1d2ed-54c9-41e9-9ed8-c4110e3868e0,0,1,False,True,1,0,0.0,none,noMesh,4,1,1,0,0,4,3.76,3.76,1.0,1,0,0,0.0,0.0,0.0,0.0
2df1d2ed-54c9-41e9-9ed8-c4110e3868e0,0,2,False,True,1,0,0.0,none,noMesh,4,1,1,0,2,4,10.87,10.87,1.0,1,0,0,0.0,0.0,0.0,0.0
2df1d2ed-54c9-41e9-9ed8-c4110e3868e0,0,3,False,True,1,0,0.0,none,noMesh,6,6,0,0,2,6,12.3,12.3,1.0,1,0,0,0.0,0.0,0.0,0.0
2df1d2ed-54c9-41e9-9ed8-c4110e3868e0,0,4,False,True,1,0,0.0,none,noMesh,4,1,1,0,3,4,8.12,8.12,1.0,1,0,0,0.0,0.0,0.0,0.0
2df1d2ed-54c9-41e9-9ed8-c4110e3868e0,0,5,False,True,1,0,0.0,none,noMesh,4,3,1,1,4,39,33.36,30.12,0.903,1,0,0,0.0,0.0,0.0,0.0
2df1d2ed-54c9-41e9-9ed8-c4110e3868e0,0,6,False,True,1,0,0.0,none,noMesh,5,2,2,0,5,4,14.63,14.63,1.0,3,2,2,90.0,90.0,42.43,179.98
2df1d2ed-54c9-41e9-9ed8-c4110e3868e0,0,7,False,True,1,0,0.0,none,noMesh,4,2,0,0,2,4,6.36,6.36,1.0,1,0,0,0.0,0.0,0.0,0.0
2df1d2ed-54c9-41e9-9ed8-c4110e3868e0,0,8,False,True,1,0,0.0,none,noMesh,4,3,1,0,1,4,14.02,14.02,1.0,1,0,0,0.0,0.0,0.0,0.0
2df1d2ed-54c9-41e9-9ed8-c4110e3868e0,0,9,False,True,1,0,0.0,none,noMesh,6,1,1,0,2,5,7.16,7.16,1.0,1,0,0,0.0,0.0,0.0,0.0
2ea3b759-e047-424c-8034-f8ee5b811fb4,0,0,False,True,1,0,0.0,none,noMesh,6,3,2,0,3,41,38.28,37.1,0.969,1,0,0,0.0,0.0,0.0,0.0
2ea3b759-e047-424c-8034-f8ee5b811fb4,0,1,False,True,1,0,0.0,none,noMesh,6,3,0,0,0,6,4.02,4.02,1.0,1,0,0,0.0,0.0,0.0,0.0
2ea3b759-e047-424c-8034-f8ee5b811fb4,0,2,False,True,1,0,0.0,none,noMesh,7,0,1,0,0,9,2.45,2.45,1.003,1,0,0,0.0,0.0,0.0,0.0
2ea3b759-e047-424c-8034-f8ee5b811fb4,0,3,False,True,4,0,0.0,none,noMesh,8,8,2,1,6,13,27.1,35.35,1.304,4,0,0,0.0,0.0,0.0,0.0
2ea3b759-e047-424c-8034-f8ee5b811fb4,0,5,False,True,1,0,0.0,none,noMesh,4,1,1,1,0,4,9.63,9.63,1.0,1,0,0,0.0,0.0,0.0,0.0
2ea3b759-e047-424c-8034-f8ee5b811fb4,0,6,False,True,1,0,0.0,none,noMesh,8,1,1,0,2,15,6.21,6.16,0.992,1,0,0,0.0,0.0,0.0,0.0
2ea3b759-e047-424c-8034-f8ee5b811fb4,0,8,False,True,1,0,0.0,none,noMesh,4,1,1,0,3,4,8.12,8.12,1.0,1,0,0,0.0,0.0,0.0,0.0
2ea3b759-e047-424c-8034-f8ee5b811fb4,0,9,False,True,1,0,0.0,none,noMesh,5,1,1,0,2,4,8.08,8.08,1.0,1,0,0,0.0,0.0,0.0,0.0
2ea3b759-e047-424c-8034-f8ee5b811fb4,0,10,False,True,1,0,0.0,none,noMesh,4,2,2,0,7,4,31.79,31.79,1.0,1,0,0,0.0,0.0,0.0,0.0
2f382701-addb-48a5-8749-0e8e7f988a10,1,0,False,True,4,2,0.5,none,noMesh,11,2,4,1,3,20,37.58,36.52,0.972,5,3,1,6.75,90.0,34.12,107.27
2f382701-addb-48a5-8749-0e8e7f988a10,1,1,False,True,10,6,0.6,none,noMesh,10,4,1,1,0,9,9.69,9.69,1.0,10,6,0,6.34,64.0,22.22,166.51
2f382701-addb-48a5-8749-0e8e7f988a10,1,2,False,True,1,0,0.0,none,noMesh,8,1,1,2,6,12,12.01,9.4,0.783,1,0,0,0.0,0.0,0.0,0.0
2f382701-addb-48a5-8749-0e8e7f988a10,1,3,False,True,1,0,0.0,none,noMesh,11,2,0,0,0,16,8.56,6.99,0.817,1,0,0,0.0,0.0,0.0,0.0
2f382701-addb-48a5-8749-0e8e7f988a10,1,5,False,True,1,0,0.0,none,noMesh,6,6,0,0,1,6,12.59,12.59,1.0,1,0,0,0.0,0.0,0.0,0.0
2f382701-addb-48a5-8749-0e8e7f988a10,0,6,False,True,6,4,0.667,none,noMesh,7,0,1,0,0,9,10.78,10.77,0.999,8,7,3,61.51,90.0,29.96,269.99
2f382701-addb-48a5-8749-0e8e7f988a10,2,7,False,True,1,0,0.0,none,noMesh,5,3,1,0,2,7,12.93,12.89,0.997,1,0,0,0.0,0.0,0.0,0.0
2f382701-addb-48a5-8749-0e8e7f988a10,2,8,False,True,2,0,0.0,none,noMesh,4,1,1,0,2,4,7.94,7.94,1.0,2,1,0,24.07,48.14,24.07,0.0
2f382701-addb-48a5-8749-0e8e7f988a10,2,9,False,True,2,0,0.0,none,noMesh,6,2,1,0,1,12,5.26,5.02,0.954,2,1,0,23.75,47.49,23.75,0.0
2f382701-addb-48a5-8749-0e8e7f988a10,2,10,False,True,4,0,0.0,none,noMesh,8,6,0,0,0,17,7.49,7.09,0.947,4,3,0,41.51,48.39,19.49,9.94
2f382701-addb-48a5-8749-0e8e7f988a10,2,11,False,True,1,0,0.0,none,noMesh,4,2,1,0,1,4,6.48,6.48,1.0,1,0,0,0.0,0.0,0.0,0.0
2f382701-addb-48a5-8749-0e8e7f988a10,2,12,False,True,1,0,0.0,none,noMesh,5,1,1,0,0,7,3.64,3.75,1.03,1,0,0,0.0,0.0,0.0,0.0
3297bc28-5d39-4358-bd2e-0f1183cae489,0,0,False,True,1,0,0.0,none,noMesh,6,1,2,1,2,23,13.41,11.74,0.876,1,0,0,0.0,0.0,0.0,0.0
3297bc28-5d39-4358-bd2e-0f1183cae489,1,5,False,True,8,8,1.0,sloped,noMesh,5,2,0,0,0,7,2.56,2.56,1.0,10,10,2,39.69,80.74,24.4,269.37
3297bc28-5d39-4358-bd2e-0f1183cae489,1,6,False,True,1,0,0.0,none,noMesh,7,2,1,1,0,5,9.37,9.37,1.0,2,1,1,45.0,90.0,45.0,0.0
3297bc28-5d39-4358-bd2e-0f1183cae489,1,7,False,True,1,0,0.0,none,noMesh,6,1,2,1,1,16,18.6,17.99,0.967,1,0,0,0.0,0.0,0.0,0.0
3297bc28-5d39-4358-bd2e-0f1183cae489,1,8,False,True,2,1,0.5,none,noMesh,8,2,3,1,13,8,24.85,24.85,1.0,2,1,0,3.64,4.72,2.36,0.0
3297bc28-5d39-4358-bd2e-0f1183cae489,2,9,False,True,3,0,0.0,sloped,noMesh,13,4,2,0,0,19,7.99,6.57,0.823,3,1,0,0.0,55.71,26.26,0.0
3297bc28-5d39-4358-bd2e-0f1183cae489,2,11,False,True,5,1,0.2,sloped,noMesh,4,1,1,1,3,4,8.72,8.72,1.0,10,8,5,76.53,90.0,39.46,180.0
3297bc28-5d39-4358-bd2e-0f1183cae489,2,12,False,True,6,1,0.167,sloped,noMesh,6,4,3,0,2,6,14.93,14.93,1.0,8,6,2,56.73,90.0,34.97,203.79
3297bc28-5d39-4358-bd2e-0f1183cae489,2,13,True,True,4,0,0.0,sloped,noMesh,5,1,1,0,1,5,3.17,3.17,1.0,4,2,0,26.84,53.85,26.88,9.4
36f034dc-17ec-4e9d-9ec0-e8b0139201c8,0,0,False,True,1,0,0.0,none,noMesh,8,1,2,0,2,8,20.9,20.9,1.0,1,0,0,0.0,0.0,0.0,0.0
36f034dc-17ec-4e9d-9ec0-e8b0139201c8,0,1,False,True,1,0,0.0,none,noMesh,9,4,4,0,7,14,31.1,29.04,0.934,1,0,0,0.0,0.0,0.0,0.0
36f034dc-17ec-4e9d-9ec0-e8b0139201c8,0,2,False,True,1,0,0.0,none,noMesh,6,2,1,1,2,11,17.6,17.09,0.971,1,0,0,0.0,0.0,0.0,0.0
36f034dc-17ec-4e9d-9ec0-e8b0139201c8,0,3,False,True,1,0,0.0,none,noMesh,6,1,1,0,2,10,4.95,4.66,0.942,1,0,0,0.0,0.0,0.0,0.0
36f034dc-17ec-4e9d-9ec0-e8b0139201c8,0,4,False,True,2,1,0.5,none,noMesh,6,1,0,0,1,13,5.34,3.82,0.716,3,2,1,37.61,90.0,36.91,90.0
36f034dc-17ec-4e9d-9ec0-e8b0139201c8,0,5,False,True,2,0,0.0,none,noMesh,9,2,5,1,4,32,34.14,31.21,0.914,2,0,0,0.0,0.0,0.0,0.0
36f034dc-17ec-4e9d-9ec0-e8b0139201c8,0,6,False,True,1,0,0.0,none,noMesh,4,2,4,0,0,4,11.58,11.58,1.0,1,0,0,0.0,0.0,0.0,0.0
36f034dc-17ec-4e9d-9ec0-e8b0139201c8,0,7,False,True,5,3,0.6,none,noMesh,13,5,2,2,0,11,19.27,19.29,1.001,7,5,2,22.07,90.0,36.22,180.63
36f034dc-17ec-4e9d-9ec0-e8b0139201c8,0,8,False,True,1,0,0.0,none,noMesh,6,0,7,1,0,6,59.7,59.7,1.0,1,0,0,0.0,0.0,0.0,0.0
37e9355f-29a7-4303-abae-240c55df13e4,0,0,False,True,1,0,0.0,none,noMesh,6,1,2,0,3,10,24.69,24.38,0.988,1,0,0,0.0,0.0,0.0,0.0
37e9355f-29a7-4303-abae-240c55df13e4,0,2,False,True,1,0,0.0,none,noMesh,4,1,1,0,3,4,10.56,10.56,1.0,1,0,0,0.0,0.0,0.0,0.0
37e9355f-29a7-4303-abae-240c55df13e4,0,3,False,True,2,0,0.0,none,noMesh,4,1,1,0,2,4,2.94,9.74,3.318,2,0,0,0.0,0.0,0.0,0.0
37e9355f-29a7-4303-abae-240c55df13e4,0,4,False,True,1,0,0.0,none,noMesh,12,5,4,0,7,10,24.71,24.71,1.0,2,1,1,45.0,90.0,45.0,0.0
37e9355f-29a7-4303-abae-240c55df13e4,0,5,False,True,1,0,0.0,none,noMesh,4,1,0,1,0,4,4.38,4.38,1.0,2,1,1,45.0,90.0,45.0,0.0
37e9355f-29a7-4303-abae-240c55df13e4,0,6,False,True,1,0,0.0,none,noMesh,5,1,1,0,3,58,15.91,7.23,0.455,1,0,0,0.0,0.0,0.0,0.0
37e9355f-29a7-4303-abae-240c55df13e4,0,7,False,True,1,0,0.0,none,noMesh,4,1,1,0,6,4,7.2,7.2,1.0,1,0,0,0.0,0.0,0.0,0.0
37e9355f-29a7-4303-abae-240c55df13e4,0,8,False,True,1,0,0.0,none,noMesh,4,1,1,0,1,4,2.85,2.85,1.0,1,0,0,0.0,0.0,0.0,0.0
37e9355f-29a7-4303-abae-240c55df13e4,0,9,False,True,5,3,0.6,sloped,noMesh,4,3,4,0,2,4,16.8,16.8,1.0,7,5,2,14.41,85.69,35.78,180.0
37e9355f-29a7-4303-abae-240c55df13e4,0,11,False,True,1,0,0.0,none,noMesh,4,0,0,1,1,4,1.82,1.82,1.0,1,0,0,0.0,0.0,0.0,0.0
38158927-652c-4d01-9aa3-770956648d85,0,4,False,True,1,0,0.0,none,noMesh,9,4,1,1,7,16,41.11,39.56,0.962,1,0,0,0.0,0.0,0.0,0.0
38158927-652c-4d01-9aa3-770956648d85,1,5,False,True,1,0,0.0,none,noMesh,4,1,2,0,1,4,10.08,10.08,1.0,1,0,0,0.0,0.0,0.0,0.0
38158927-652c-4d01-9aa3-770956648d85,1,6,True,True,1,0,0.0,none,noMesh,4,1,1,0,2,4,10.05,10.05,1.0,1,0,0,0.0,0.0,0.0,0.0
38158927-652c-4d01-9aa3-770956648d85,1,7,False,True,2,0,0.0,sloped,noMesh,5,1,0,1,3,4,8.64,8.64,1.0,2,2,0,42.33,3.61,1.81,179.87
38158927-652c-4d01-9aa3-770956648d85,1,8,True,True,1,0,0.0,none,userScannedMesh,6,0,1,1,2,4,8.41,8.41,1.0,1,0,0,0.0,0.0,0.0,0.0
38158927-652c-4d01-9aa3-770956648d85,1,9,False,True,3,0,0.0,sloped,noMesh,6,3,1,0,0,17,9.48,7.63,0.805,3,3,0,41.28,4.05,1.9,179.03
38f71f1d-2c71-4fcd-9997-83b2914416b0,0,2,False,True,1,0,0.0,none,noMesh,6,3,2,0,2,11,22.56,21.76,0.965,1,0,0,0.0,0.0,0.0,0.0
38f71f1d-2c71-4fcd-9997-83b2914416b0,0,3,False,True,1,0,0.0,none,noMesh,4,2,2,0,4,4,34.51,34.51,1.0,1,0,0,0.0,0.0,0.0,0.0
38f71f1d-2c71-4fcd-9997-83b2914416b0,0,5,False,True,1,0,0.0,none,noMesh,6,1,1,0,2,6,2.99,2.99,1.0,1,0,0,0.0,0.0,0.0,0.0
38f71f1d-2c71-4fcd-9997-83b2914416b0,1,6,False,True,2,1,0.5,none,noMesh,9,4,1,0,0,28,14.57,12.88,0.884,2,1,0,23.79,47.58,23.79,0.0
38f71f1d-2c71-4fcd-9997-83b2914416b0,1,7,False,True,4,1,0.25,sloped,noMesh,6,2,1,0,4,7,12.47,12.47,1.0,5,4,1,49.91,90.0,28.64,117.01
38f71f1d-2c71-4fcd-9997-83b2914416b0,1,10,False,True,2,1,0.5,none,noMesh,3,1,1,0,1,6,11.06,11.18,1.011,2,1,0,24.88,49.76,24.88,0.0
38f71f1d-2c71-4fcd-9997-83b2914416b0,1,11,False,True,5,2,0.4,sloped,noMesh,8,3,2,0,2,9,30.45,30.07,0.988,7,6,2,46.48,90.0,30.03,179.22
3a034c99-8986-4749-aedb-0a5a04ea803f,1,0,False,True,2,0,0.0,none,noMesh,4,1,0,1,2,18,22.9,14.56,0.636,3,2,1,42.87,90.0,36.76,89.84
3a034c99-8986-4749-aedb-0a5a04ea803f,1,1,False,True,2,0,0.0,none,noMesh,4,1,0,0,1,4,9.74,9.74,1.0,2,1,0,21.82,43.63,21.82,0.0
3a034c99-8986-4749-aedb-0a5a04ea803f,1,2,False,True,2,0,0.0,none,noMesh,4,1,0,0,2,4,12.52,12.52,1.0,2,1,0,21.61,43.22,21.61,0.0
3a034c99-8986-4749-aedb-0a5a04ea803f,1,3,False,True,2,0,0.0,none,noMesh,6,1,0,0,3,5,7.62,7.62,0.999,2,1,0,21.81,43.62,21.81,0.0
3a034c99-8986-4749-aedb-0a5a04ea803f,1,4,False,True,1,0,0.0,none,noMesh,4,2,0,0,0,4,7.13,7.13,1.0,1,0,0,0.0,0.0,0.0,0.0
3a576e1b-4b3e-4f5d-8c20-b39b157fcf03,2,0,False,True,7,1,0.143,sloped,userScannedMesh,4,2,3,1,2,4,13.54,13.54,1.0,9,8,2,45.01,90.0,28.52,269.86
3a576e1b-4b3e-4f5d-8c20-b39b157fcf03,2,1,False,True,7,3,0.429,sloped,noMesh,9,2,1,1,2,18,11.65,11.01,0.946,9,8,2,29.13,90.0,34.52,223.91
3a576e1b-4b3e-4f5d-8c20-b39b157fcf03,2,2,False,True,5,0,0.0,none,noMesh,9,1,0,0,1,16,6.42,5.63,0.877,6,5,1,45.35,90.0,29.27,70.52
3a576e1b-4b3e-4f5d-8c20-b39b157fcf03,2,3,False,True,7,1,0.143,sloped,noMesh,11,1,3,0,1,10,17.51,17.55,1.003,11,10,4,46.54,90.0,33.45,263.46
3a576e1b-4b3e-4f5d-8c20-b39b157fcf03,1,4,False,True,1,0,0.0,none,noMesh,8,2,3,1,7,13,18.95,18.14,0.957,1,0,0,0.0,0.0,0.0,0.0
3a576e1b-4b3e-4f5d-8c20-b39b157fcf03,1,5,False,True,1,0,0.0,none,noMesh,7,0,4,1,1,12,19.8,19.28,0.974,1,0,0,0.0,0.0,0.0,0.0
3c74f488-a562-4bc4-9d7a-3f707fe85133,1,0,False,True,1,0,0.0,none,noMesh,6,3,1,0,2,11,16.6,15.16,0.913,1,0,0,0.0,0.0,0.0,0.0
3c74f488-a562-4bc4-9d7a-3f707fe85133,1,1,False,True,1,0,0.0,none,noMesh,12,5,0,1,0,12,5.91,5.69,0.963,1,0,0,0.0,0.0,0.0,0.0
3c74f488-a562-4bc4-9d7a-3f707fe85133,1,2,False,True,2,1,0.5,sloped,noMesh,4,2,1,0,0,4,6.39,6.39,1.0,4,3,2,55.02,90.0,40.61,180.0
3c74f488-a562-4bc4-9d7a-3f707fe85133,1,3,False,True,1,0,0.0,none,noMesh,4,0,1,1,2,4,3.51,3.51,1.0,1,0,0,0.0,0.0,0.0,0.0
3c74f488-a562-4bc4-9d7a-3f707fe85133,1,4,False,True,2,0,0.0,none,noMesh,8,1,1,0,5,12,7.06,6.34,0.898,2,0,0,0.0,0.0,0.0,0.0
3c74f488-a562-4bc4-9d7a-3f707fe85133,1,5,False,True,1,0,0.0,none,noMesh,6,1,3,2,5,6,33.33,33.33,1.0,1,0,0,0.0,0.0,0.0,0.0
3c74f488-a562-4bc4-9d7a-3f707fe85133,1,6,False,True,8,3,0.375,sloped,noMesh,11,3,2,0,7,10,30.36,30.2,0.995,13,8,5,9.16,90.0,42.23,252.47
3c74f488-a562-4bc4-9d7a-3f707fe85133,2,7,False,True,2,0,0.0,sloped,noMesh,6,1,1,0,1,6,13.84,13.49,0.975,2,1,0,23.8,47.6,23.8,0.0
3c74f488-a562-4bc4-9d7a-3f707fe85133,2,8,False,True,1,0,0.0,none,noMesh,12,6,0,0,0,10,6.77,5.69,0.841,1,0,0,0.0,0.0,0.0,0.0
3c74f488-a562-4bc4-9d7a-3f707fe85133,2,9,False,True,3,0,0.0,none,noMesh,5,1,1,0,1,5,6.49,6.49,1.0,5,4,2,50.91,90.0,33.32,212.92
3c74f488-a562-4bc4-9d7a-3f707fe85133,2,10,False,True,2,0,0.0,none,noMesh,4,0,1,1,0,4,2.75,2.75,1.0,2,1,0,24.33,48.66,24.33,0.0
3c74f488-a562-4bc4-9d7a-3f707fe85133,2,11,False,True,1,0,0.0,none,noMesh,9,1,1,0,4,21,7.24,5.86,0.81,1,0,0,0.0,0.0,0.0,0.0
3c74f488-a562-4bc4-9d7a-3f707fe85133,2,12,False,True,4,0,0.0,none,noMesh,8,3,2,0,4,8,29.82,29.8,1.0,5,3,1,47.68,90.0,34.01,0.97
3e378d10-6d7f-451c-b5e8-705731e6f37e,0,3,False,True,1,0,0.0,none,noMesh,5,1,1,0,4,5,4.69,4.69,1.0,1,0,0,0.0,0.0,0.0,0.0
3e378d10-6d7f-451c-b5e8-705731e6f37e,1,5,False,True,11,6,0.545,sloped,noMesh,8,2,1,0,1,7,39.57,39.54,0.999,15,13,4,42.15,90.0,30.44,270.05
3e378d10-6d7f-451c-b5e8-705731e6f37e,1,6,False,True,1,0,0.0,none,noMesh,4,1,0,1,1,4,11.4,11.4,1.0,1,1,0,38.82,0.0,0.0,0.0
3e378d10-6d7f-451c-b5e8-705731e6f37e,1,7,True,True,11,4,0.364,sloped,noMesh,5,2,1,0,1,14,15.81,15.05,0.952,13,12,2,40.35,90.0,24.71,234.82
3ee81b85-a21f-4f55-a100-5995f36f84f9,0,0,False,True,1,0,0.0,sloped,noMesh,4,0,2,1,5,4,9.56,9.56,1.0,1,1,0,14.05,0.0,0.0,0.0
3ee81b85-a21f-4f55-a100-5995f36f84f9,0,1,False,True,1,0,0.0,none,noMesh,4,2,0,0,1,8,7.43,7.34,0.988,1,0,0,0.0,0.0,0.0,0.0
3ee81b85-a21f-4f55-a100-5995f36f84f9,0,2,False,True,1,0,0.0,none,noMesh,6,4,3,1,8,19,43.41,42.15,0.971,1,0,0,0.0,0.0,0.0,0.0
3ee81b85-a21f-4f55-a100-5995f36f84f9,0,3,False,True,1,0,0.0,none,noMesh,7,3,2,0,2,6,14.82,14.81,0.999,1,0,0,0.0,0.0,0.0,0.0
3ee81b85-a21f-4f55-a100-5995f36f84f9,0,4,False,True,1,0,0.0,none,noMesh,1,1,1,0,1,7,5.41,5.3,0.979,1,0,0,0.0,0.0,0.0,0.0
3ee81b85-a21f-4f55-a100-5995f36f84f9,0,5,False,True,1,0,0.0,none,noMesh,5,3,0,0,0,4,1.4,1.44,1.031,1,0,0,0.0,0.0,0.0,0.0
3ee81b85-a21f-4f55-a100-5995f36f84f9,0,6,False,True,1,0,0.0,none,noMesh,4,1,1,0,1,16,4.0,3.18,0.797,1,0,0,0.0,0.0,0.0,0.0
3ee81b85-a21f-4f55-a100-5995f36f84f9,0,7,False,True,1,0,0.0,none,noMesh,4,1,1,0,1,4,8.57,8.57,1.0,1,0,0,0.0,0.0,0.0,0.0
3ee81b85-a21f-4f55-a100-5995f36f84f9,0,8,False,True,1,0,0.0,none,noMesh,4,1,1,0,1,4,9.62,9.62,1.0,1,0,0,0.0,0.0,0.0,0.0
43674d8e-302d-4915-878f-f50d2d9f8d1b,0,0,False,True,1,0,0.0,none,noMesh,6,3,0,0,0,11,5.19,4.69,0.905,1,0,0,0.0,0.0,0.0,0.0
43674d8e-302d-4915-878f-f50d2d9f8d1b,0,1,False,True,1,0,0.0,none,noMesh,6,2,3,1,4,6,36.17,36.17,1.0,1,0,0,0.0,0.0,0.0,0.0
43674d8e-302d-4915-878f-f50d2d9f8d1b,0,2,False,True,1,0,0.0,none,noMesh,4,5,0,1,2,25,11.11,9.12,0.821,1,0,0,0.0,0.0,0.0,0.0
43674d8e-302d-4915-878f-f50d2d9f8d1b,0,3,False,True,1,0,0.0,none,noMesh,4,1,1,0,4,4,10.06,10.06,1.0,1,0,0,0.0,0.0,0.0,0.0
43674d8e-302d-4915-878f-f50d2d9f8d1b,0,4,False,True,1,0,0.0,none,noMesh,4,1,1,0,4,4,7.78,7.78,1.0,1,0,0,0.0,0.0,0.0,0.0
43674d8e-302d-4915-878f-f50d2d9f8d1b,0,5,False,True,1,0,0.0,none,noMesh,2,1,1,0,3,6,7.85,7.93,1.009,1,0,0,0.0,0.0,0.0,0.0
43674d8e-302d-4915-878f-f50d2d9f8d1b,0,6,False,True,1,0,0.0,none,noMesh,5,3,1,0,9,4,8.94,8.94,1.0,1,0,0,0.0,0.0,0.0,0.0
43674d8e-302d-4915-878f-f50d2d9f8d1b,0,7,False,True,1,0,0.0,none,noMesh,4,1,0,0,4,8,6.51,6.63,1.019,1,0,0,0.0,0.0,0.0,0.0
43674d8e-302d-4915-878f-f50d2d9f8d1b,0,8,False,True,1,0,0.0,none,noMesh,4,1,0,0,0,4,1.5,1.5,1.0,1,0,0,0.0,0.0,0.0,0.0
43674d8e-302d-4915-878f-f50d2d9f8d1b,0,9,False,True,1,0,0.0,none,noMesh,6,1,1,0,3,5,6.6,6.6,1.0,1,0,0,0.0,0.0,0.0,0.0
45b933f5-4f12-488c-b77a-065cf3c2d719,0,0,False,True,1,0,0.0,none,noMesh,6,3,3,0,2,11,38.89,38.48,0.99,1,0,0,0.0,0.0,0.0,0.0
45b933f5-4f12-488c-b77a-065cf3c2d719,0,1,False,True,1,0,0.0,none,noMesh,8,2,1,1,7,7,11.34,11.34,1.0,1,0,0,0.0,0.0,0.0,0.0
45b933f5-4f12-488c-b77a-065cf3c2d719,0,2,False,True,1,0,0.0,none,noMesh,6,5,0,0,3,6,5.85,5.85,1.0,1,0,0,0.0,0.0,0.0,0.0
45b933f5-4f12-488c-b77a-065cf3c2d719,0,3,False,True,1,0,0.0,none,noMesh,4,0,1,1,1,4,1.8,1.8,1.0,1,0,0,0.0,0.0,0.0,0.0
45b933f5-4f12-488c-b77a-065cf3c2d719,0,4,False,True,1,0,0.0,none,noMesh,1,4,0,1,0,8,5.71,5.74,1.004,1,0,0,0.0,0.0,0.0,0.0
45b933f5-4f12-488c-b77a-065cf3c2d719,0,5,False,True,1,0,0.0,none,noMesh,7,2,1,0,2,32,7.12,5.17,0.726,1,0,0,0.0,0.0,0.0,0.0
45b933f5-4f12-488c-b77a-065cf3c2d719,0,6,False,True,1,0,0.0,none,noMesh,6,1,1,0,3,6,9.76,9.76,1.0,1,0,0,0.0,0.0,0.0,0.0
45b933f5-4f12-488c-b77a-065cf3c2d719,0,7,False,True,1,0,0.0,none,noMesh,6,1,1,0,3,8,10.12,10.05,0.993,1,0,0,0.0,0.0,0.0,0.0
45b933f5-4f12-488c-b77a-065cf3c2d719,0,8,False,True,1,0,0.0,none,noMesh,4,2,1,0,1,4,10.21,10.21,1.0,1,0,0,0.0,0.0,0.0,0.0
45b933f5-4f12-488c-b77a-065cf3c2d719,0,9,False,True,1,0,0.0,none,noMesh,2,2,1,0,4,4,7.08,7.28,1.029,1,0,0,0.0,0.0,0.0,0.0
466d0aa8-7021-4825-8f7b-b954c824c13a,0,0,False,True,1,0,0.0,none,noMesh,5,2,1,0,2,7,7.81,7.8,0.998,1,0,0,0.0,0.0,0.0,0.0
466d0aa8-7021-4825-8f7b-b954c824c13a,0,2,False,True,1,0,0.0,none,noMesh,3,1,1,0,3,7,8.81,8.82,1.002,1,0,0,0.0,0.0,0.0,0.0
466d0aa8-7021-4825-8f7b-b954c824c13a,1,8,False,True,2,1,0.5,none,noMesh,6,1,1,0,0,5,12.54,12.54,1.0,2,1,0,22.12,44.25,22.12,0.0
466d0aa8-7021-4825-8f7b-b954c824c13a,1,9,False,True,2,1,0.5,none,noMesh,6,1,1,0,0,5,12.33,12.32,0.999,2,1,0,22.73,45.47,22.73,0.0
466d0aa8-7021-4825-8f7b-b954c824c13a,1,10,False,True,8,3,0.375,none,userScannedMesh,18,6,0,2,0,29,23.8,21.52,0.904,10,9,2,48.46,90.0,26.65,177.86
466d0aa8-7021-4825-8f7b-b954c824c13a,1,11,False,True,2,1,0.5,none,noMesh,4,1,0,0,1,4,6.01,6.01,1.0,2,1,0,22.05,44.1,22.05,0.0
466d0aa8-7021-4825-8f7b-b954c824c13a,1,12,False,True,2,1,0.5,none,noMesh,4,1,0,0,2,4,4.4,4.4,1.0,2,1,0,22.18,44.37,22.18,0.0
466d0aa8-7021-4825-8f7b-b954c824c13a,1,13,False,True,2,1,0.5,none,noMesh,6,1,1,0,0,5,12.86,12.85,0.999,2,1,0,22.52,45.04,22.52,0.0
466d0aa8-7021-4825-8f7b-b954c824c13a,1,14,False,True,2,1,0.5,none,noMesh,6,1,1,0,0,5,12.86,12.85,0.999,2,1,0,22.65,45.3,22.65,0.0
46ea557e-3151-43d2-b72b-f212290516cc,0,0,False,True,6,3,0.5,sloped,noMesh,6,2,2,0,6,7,34.99,34.99,1.0,7,4,1,14.3,90.0,29.39,128.37
46ea557e-3151-43d2-b72b-f212290516cc,0,1,False,True,1,0,0.0,none,noMesh,4,1,1,0,1,4,4.84,4.84,1.0,1,0,0,0.0,0.0,0.0,0.0
46ea557e-3151-43d2-b72b-f212290516cc,0,2,False,True,1,0,0.0,none,noMesh,4,1,1,0,2,8,9.52,8.62,0.905,1,0,0,0.0,0.0,0.0,0.0
46ea557e-3151-43d2-b72b-f212290516cc,0,3,False,True,1,0,0.0,none,noMesh,5,4,0,1,0,16,6.5,4.34,0.668,1,0,0,0.0,0.0,0.0,0.0
46ea557e-3151-43d2-b72b-f212290516cc,0,4,False,True,1,0,0.0,none,noMesh,5,1,1,0,1,4,8.51,8.51,1.0,1,0,0,0.0,0.0,0.0,0.0
46ea557e-3151-43d2-b72b-f212290516cc,0,5,False,True,1,0,0.0,none,noMesh,10,2,0,0,2,10,6.73,6.73,1.0,1,0,0,0.0,0.0,0.0,0.0
46ea557e-3151-43d2-b72b-f212290516cc,0,6,False,True,1,0,0.0,none,noMesh,3,3,1,0,0,7,16.66,26.16,1.57,2,1,1,45.0,90.0,45.0,0.0
46ea557e-3151-43d2-b72b-f212290516cc,0,7,False,True,1,0,0.0,none,noMesh,3,0,1,0,3,6,15.29,15.44,1.009,1,0,0,0.0,0.0,0.0,0.0
494a97c4-ab7e-4021-9345-c46fecfd1d67,0,0,False,True,1,0,0.0,none,noMesh,8,4,0,1,0,5,5.52,5.53,1.001,1,0,0,0.0,0.0,0.0,0.0
494a97c4-ab7e-4021-9345-c46fecfd1d67,0,1,False,True,1,0,0.0,none,noMesh,8,1,2,0,2,7,11.78,11.78,1.0,1,0,0,0.0,0.0,0.0,0.0
494a97c4-ab7e-4021-9345-c46fecfd1d67,0,2,False,True,1,0,0.0,none,noMesh,6,2,2,0,1,6,11.78,11.78,1.0,1,0,0,0.0,0.0,0.0,0.0
494a97c4-ab7e-4021-9345-c46fecfd1d67,0,3,False,True,1,0,0.0,none,noMesh,9,1,1,0,3,12,13.6,12.37,0.91,1,0,0,0.0,0.0,0.0,0.0
494a97c4-ab7e-4021-9345-c46fecfd1d67,0,4,False,True,1,0,0.0,none,noMesh,7,1,1,0,2,23,7.27,6.36,0.874,1,0,0,0.0,0.0,0.0,0.0
494a97c4-ab7e-4021-9345-c46fecfd1d67,0,5,False,True,1,0,0.0,none,noMesh,5,2,0,0,5,5,7.04,7.04,1.0,1,0,0,0.0,0.0,0.0,0.0
494a97c4-ab7e-4021-9345-c46fecfd1d67,0,6,False,True,3,2,0.667,none,userScannedMesh,4,2,2,0,2,8,27.43,29.44,1.073,6,5,3,56.19,89.15,40.58,167.44
494a97c4-ab7e-4021-9345-c46fecfd1d67,0,7,False,True,3,2,0.667,none,noMesh,13,4,2,2,9,33,35.57,34.02,0.956,7,6,4,90.0,89.34,39.42,225.67
494a97c4-ab7e-4021-9345-c46fecfd1d67,0,8,False,True,1,0,0.0,none,noMesh,7,2,0,0,0,6,3.8,3.8,1.0,1,0,0,0.0,0.0,0.0,0.0
494a97c4-ab7e-4021-9345-c46fecfd1d67,0,9,False,True,1,0,0.0,none,noMesh,6,1,1,0,1,7,9.13,9.13,1.0,1,0,0,0.0,0.0,0.0,0.0
494a97c4-ab7e-4021-9345-c46fecfd1d67,0,10,False,True,1,0,0.0,none,noMesh,4,3,1,0,1,4,12.81,12.81,1.0,1,0,0,0.0,0.0,0.0,0.0
494a97c4-ab7e-4021-9345-c46fecfd1d67,0,11,False,True,1,0,0.0,none,noMesh,6,2,2,0,2,5,6.05,6.05,1.0,1,0,0,0.0,0.0,0.0,0.0
4fe068d2-f39e-47ed-8c15-35b6396862bf,2,0,False,True,1,0,0.0,none,noMesh,4,1,2,0,3,4,24.87,24.87,1.0,1,0,0,0.0,0.0,0.0,0.0
4fe068d2-f39e-47ed-8c15-35b6396862bf,2,1,False,True,1,0,0.0,none,noMesh,7,1,1,0,6,8,15.1,15.1,1.0,1,0,0,0.0,0.0,0.0,0.0
4fe068d2-f39e-47ed-8c15-35b6396862bf,2,2,False,True,1,0,0.0,none,noMesh,4,1,1,0,2,23,4.46,2.62,0.588,1,0,0,0.0,0.0,0.0,0.0
4fe068d2-f39e-47ed-8c15-35b6396862bf,2,3,False,True,1,0,0.0,none,noMesh,8,5,1,0,11,7,25.86,25.86,1.0,1,0,0,0.0,0.0,0.0,0.0
4fe068d2-f39e-47ed-8c15-35b6396862bf,2,5,False,True,1,0,0.0,none,noMesh,4,2,4,0,0,4,18.22,18.22,1.0,1,0,0,0.0,0.0,0.0,0.0
4fe068d2-f39e-47ed-8c15-35b6396862bf,0,6,False,True,1,0,0.0,none,noMesh,4,1,2,0,4,4,12.74,12.74,1.0,1,0,0,0.0,0.0,0.0,0.0
4fe068d2-f39e-47ed-8c15-35b6396862bf,0,7,False,True,1,0,0.0,none,noMesh,4,1,1,0,0,12,12.53,8.16,0.651,1,0,0,0.0,0.0,0.0,0.0
4fe068d2-f39e-47ed-8c15-35b6396862bf,0,8,False,True,1,0,0.0,none,noMesh,9,2,2,0,4,12,14.73,13.83,0.939,1,0,0,0.0,0.0,0.0,0.0
4fe068d2-f39e-47ed-8c15-35b6396862bf,0,9,False,True,3,1,0.333,none,noMesh,8,1,0,1,1,7,4.01,4.01,1.0,3,1,0,0.0,13.9,6.55,0.0
4fe068d2-f39e-47ed-8c15-35b6396862bf,0,10,False,True,1,0,0.0,none,noMesh,5,3,0,2,0,4,7.75,7.75,1.0,1,0,0,0.0,0.0,0.0,0.0
513a4b03-cfb1-4221-99ff-d9b7d1e1d3f6,0,0,False,True,1,0,0.0,none,noMesh,9,1,4,1,2,16,26.29,25.38,0.966,1,0,0,0.0,0.0,0.0,0.0
513a4b03-cfb1-4221-99ff-d9b7d1e1d3f6,0,2,False,True,1,0,0.0,none,noMesh,5,3,1,0,0,4,6.84,6.84,1.0,1,0,0,0.0,0.0,0.0,0.0
513a4b03-cfb1-4221-99ff-d9b7d1e1d3f6,1,4,False,True,3,1,0.333,sloped,noMesh,8,1,1,0,6,12,27.18,26.74,0.984,3,2,0,42.75,42.97,20.2,179.68
513a4b03-cfb1-4221-99ff-d9b7d1e1d3f6,1,5,False,True,4,1,0.25,sloped,noMesh,5,0,1,0,2,8,15.17,15.39,1.014,4,3,0,42.57,44.48,18.73,179.39
52f91e67-3891-4729-8bf3-be2c0a6a0d04,1,1,False,True,1,0,0.0,none,noMesh,11,3,0,1,1,13,9.91,8.55,0.863,1,0,0,0.0,0.0,0.0,0.0
52f91e67-3891-4729-8bf3-be2c0a6a0d04,1,2,False,True,1,0,0.0,none,noMesh,6,1,1,0,0,5,4.25,4.26,1.004,1,0,0,0.0,0.0,0.0,0.0
52f91e67-3891-4729-8bf3-be2c0a6a0d04,1,3,False,True,1,0,0.0,none,noMesh,4,2,2,0,4,4,27.75,27.75,1.0,1,0,0,0.0,0.0,0.0,0.0
52f91e67-3891-4729-8bf3-be2c0a6a0d04,2,4,False,True,15,2,0.133,sloped,noMesh,22,6,3,0,5,12,45.39,45.45,1.001,15,13,0,47.05,54.21,17.65,193.65
52f91e67-3891-4729-8bf3-be2c0a6a0d04,0,6,False,True,6,0,0.0,none,noMesh,30,6,4,1,10,17,44.93,44.93,1.0,6,0,0,0.0,0.0,0.0,0.0
53ba9e35-1aeb-43e2-87d2-27be83b949f5,0,0,False,True,1,0,0.0,none,noMesh,7,3,0,3,0,27,8.22,6.28,0.763,1,0,0,0.0,0.0,0.0,0.0
53ba9e35-1aeb-43e2-87d2-27be83b949f5,0,1,False,True,1,0,0.0,none,noMesh,4,1,1,0,1,4,6.99,6.99,1.0,1,0,0,0.0,0.0,0.0,0.0
53ba9e35-1aeb-43e2-87d2-27be83b949f5,0,2,False,True,1,0,0.0,none,noMesh,6,1,1,0,4,6,5.55,5.55,1.0,1,0,0,0.0,0.0,0.0,0.0
53ba9e35-1aeb-43e2-87d2-27be83b949f5,0,3,False,True,1,0,0.0,none,noMesh,7,1,1,1,7,6,10.38,10.38,1.0,1,0,0,0.0,0.0,0.0,0.0
53ba9e35-1aeb-43e2-87d2-27be83b949f5,0,4,False,True,1,0,0.0,none,noMesh,4,1,1,0,3,4,4.81,4.81,1.0,1,0,0,0.0,0.0,0.0,0.0
53ba9e35-1aeb-43e2-87d2-27be83b949f5,0,5,False,True,1,0,0.0,none,noMesh,6,4,3,0,5,6,33.91,33.91,1.0,1,0,0,0.0,0.0,0.0,0.0
53ba9e35-1aeb-43e2-87d2-27be83b949f5,0,6,False,True,1,0,0.0,none,noMesh,4,2,1,0,4,9,15.38,14.3,0.929,1,0,0,0.0,0.0,0.0,0.0
53ba9e35-1aeb-43e2-87d2-27be83b949f5,0,7,False,True,1,0,0.0,none,noMesh,4,1,1,0,2,4,10.56,10.56,1.0,1,0,0,0.0,0.0,0.0,0.0
53c380e7-407e-48f7-8c72-b449e2334798,0,0,False,True,3,0,0.0,sloped,noMesh,11,4,3,0,12,10,55.38,55.45,1.001,3,2,0,17.09,17.12,8.06,179.66
53c380e7-407e-48f7-8c72-b449e2334798,0,1,False,True,2,0,0.0,sloped,noMesh,4,0,1,1,2,9,7.24,6.97,0.962,2,1,0,9.97,19.93,9.97,0.0
53c380e7-407e-48f7-8c72-b449e2334798,0,2,False,True,2,0,0.0,sloped,noMesh,2,2,2,0,5,6,16.96,17.32,1.021,2,1,0,8.63,17.27,8.63,0.0
53c380e7-407e-48f7-8c72-b449e2334798,0,3,False,True,2,0,0.0,sloped,noMesh,4,1,0,0,0,4,1.72,1.72,1.0,2,1,0,10.07,20.13,10.07,0.0
53c380e7-407e-48f7-8c72-b449e2334798,0,4,False,True,2,0,0.0,sloped,noMesh,4,1,1,0,3,27,8.52,6.98,0.819,2,1,0,9.06,18.13,9.06,0.0
53c380e7-407e-48f7-8c72-b449e2334798,0,5,False,True,2,0,0.0,sloped,noMesh,6,3,0,0,3,8,7.84,7.41,0.945,2,1,0,9.4,18.81,9.4,0.0
53c380e7-407e-48f7-8c72-b449e2334798,0,6,False,True,2,0,0.0,sloped,noMesh,8,5,0,1,0,12,11.81,11.86,1.004,2,1,0,8.47,16.94,8.47,0.0
53c380e7-407e-48f7-8c72-b449e2334798,0,7,False,True,2,0,0.0,sloped,noMesh,8,1,1,0,3,6,3.83,3.83,1.0,2,1,0,9.26,18.51,9.26,0.0
56108837-05d5-4fe4-bfd5-aec6b649d825,0,0,False,True,1,0,0.0,none,noMesh,6,1,1,0,4,6,6.92,6.92,1.0,1,0,0,0.0,0.0,0.0,0.0
56108837-05d5-4fe4-bfd5-aec6b649d825,0,1,False,True,1,0,0.0,none,noMesh,8,5,0,1,2,8,5.94,5.94,1.0,1,0,0,0.0,0.0,0.0,0.0
56108837-05d5-4fe4-bfd5-aec6b649d825,0,2,False,True,1,0,0.0,none,noMesh,4,0,1,1,2,4,5.31,5.31,1.0,1,0,0,0.0,0.0,0.0,0.0
56108837-05d5-4fe4-bfd5-aec6b649d825,0,3,False,True,1,0,0.0,none,noMesh,5,1,0,0,2,4,2.98,2.98,1.0,1,0,0,0.0,0.0,0.0,0.0
56108837-05d5-4fe4-bfd5-aec6b649d825,0,4,False,True,1,0,0.0,none,noMesh,8,2,1,0,6,8,9.1,9.1,1.0,1,0,0,0.0,0.0,0.0,0.0
56108837-05d5-4fe4-bfd5-aec6b649d825,0,5,False,True,2,1,0.5,sloped,noMesh,4,1,0,1,3,7,4.53,4.3,0.948,2,1,0,12.62,25.24,12.62,0.0
56108837-05d5-4fe4-bfd5-aec6b649d825,0,6,False,True,1,0,0.0,none,noMesh,6,1,1,1,7,31,27.72,24.77,0.893,1,0,0,0.0,0.0,0.0,0.0
56108837-05d5-4fe4-bfd5-aec6b649d825,0,7,False,True,1,0,0.0,sloped,noMesh,4,1,3,1,1,4,9.05,9.05,1.0,1,1,0,26.0,0.0,0.0,0.0
573ee2ba-67b9-4bb0-b4ba-47015d09377c,0,0,False,True,1,0,0.0,none,noMesh,4,1,0,1,3,4,5.78,5.78,1.0,1,0,0,0.0,0.0,0.0,0.0
573ee2ba-67b9-4bb0-b4ba-47015d09377c,0,1,False,True,1,0,0.0,none,noMesh,4,0,1,1,2,11,9.95,8.69,0.873,1,0,0,0.0,0.0,0.0,0.0
573ee2ba-67b9-4bb0-b4ba-47015d09377c,0,2,False,True,1,0,0.0,none,noMesh,8,2,3,2,11,11,33.05,32.94,0.997,1,0,0,0.0,0.0,0.0,0.0
573ee2ba-67b9-4bb0-b4ba-47015d09377c,0,3,False,True,1,0,0.0,none,noMesh,3,1,1,2,1,6,4.79,6.6,1.376,1,0,0,0.0,0.0,0.0,0.0
573ee2ba-67b9-4bb0-b4ba-47015d09377c,0,4,False,True,1,0,0.0,none,noMesh,6,1,1,0,3,5,5.46,5.46,1.0,1,0,0,0.0,0.0,0.0,0.0
573ee2ba-67b9-4bb0-b4ba-47015d09377c,0,5,False,True,1,0,0.0,none,noMesh,4,1,1,0,2,17,13.84,13.05,0.943,1,0,0,0.0,0.0,0.0,0.0
5831141f-829c-4adb-9bae-289c2140c72d,1,5,False,True,2,1,0.5,sloped,noMesh,6,0,1,1,7,10,7.47,6.94,0.93,4,3,2,50.12,90.0,42.59,90.57
5831141f-829c-4adb-9bae-289c2140c72d,1,6,False,True,4,3,0.75,sloped,noMesh,6,4,2,1,1,22,8.79,7.01,0.798,5,4,1,28.95,90.0,29.76,179.35
5831141f-829c-4adb-9bae-289c2140c72d,2,8,False,True,5,1,0.2,none,noMesh,8,1,1,0,3,15,13.93,13.22,0.949,10,9,5,74.3,90.0,27.49,180.01
5831141f-829c-4adb-9bae-289c2140c72d,2,10,True,True,12,2,0.167,sloped,noMesh,7,3,2,0,2,11,15.44,25.97,1.681,14,11,4,60.04,90.0,31.52,180.64
59b505e7-b384-451b-90b1-80f2654dd10d,1,1,False,True,2,0,0.0,none,noMesh,6,2,0,2,0,23,6.73,59.61,8.863,3,1,1,0.0,90.0,42.43,0.0
59b505e7-b384-451b-90b1-80f2654dd10d,1,3,False,True,1,0,0.0,none,noMesh,5,1,1,0,2,5,2.81,2.81,1.0,1,0,0,0.0,0.0,0.0,0.0
59b505e7-b384-451b-90b1-80f2654dd10d,2,6,False,True,2,1,0.5,sloped,noMesh,8,1,1,0,2,6,11.12,11.12,1.0,2,1,0,23.34,46.68,23.34,0.0
59b505e7-b384-451b-90b1-80f2654dd10d,2,7,False,True,9,6,0.667,sloped,noMesh,6,1,1,0,1,6,6.82,6.82,1.0,9,8,0,48.56,53.4,16.96,298.71
59b505e7-b384-451b-90b1-80f2654dd10d,2,8,False,True,2,1,0.5,sloped,noMesh,4,1,1,0,3,27,15.04,12.16,0.809,2,1,0,23.54,47.07,23.54,0.0
59b505e7-b384-451b-90b1-80f2654dd10d,2,9,False,True,2,1,0.5,sloped,noMesh,6,1,1,0,3,6,11.98,11.99,1.001,2,1,0,23.51,47.02,23.51,0.0
59b505e7-b384-451b-90b1-80f2654dd10d,2,10,False,True,12,7,0.583,none,noMesh,6,1,1,0,1,10,7.02,6.46,0.92,13,11,1,46.39,90.0,22.85,210.46
59b505e7-b384-451b-90b1-80f2654dd10d,2,11,False,True,8,4,0.5,sloped,noMesh,17,7,0,1,0,13,14.35,14.32,0.998,10,8,2,57.76,90.0,29.76,236.66
5a97cb51-78cd-40c7-9dd5-423bdea306a6,0,0,False,True,1,0,0.0,none,noMesh,6,4,2,0,3,8,16.74,16.87,1.008,1,0,0,0.0,0.0,0.0,0.0
5a97cb51-78cd-40c7-9dd5-423bdea306a6,0,1,False,True,1,0,0.0,none,noMesh,4,2,2,0,2,4,12.14,12.14,1.0,1,0,0,0.0,0.0,0.0,0.0
5a97cb51-78cd-40c7-9dd5-423bdea306a6,0,2,False,True,1,0,0.0,none,noMesh,4,1,2,0,1,11,11.07,10.33,0.934,1,0,0,0.0,0.0,0.0,0.0
5a97cb51-78cd-40c7-9dd5-423bdea306a6,0,3,False,True,1,0,0.0,none,noMesh,6,2,2,0,0,6,15.02,15.02,1.0,1,0,0,0.0,0.0,0.0,0.0
5a97cb51-78cd-40c7-9dd5-423bdea306a6,0,4,False,True,1,0,0.0,flat,noMesh,4,1,2,0,1,4,11.22,11.22,1.0,2,1,1,45.0,90.0,45.0,0.0
5a97cb51-78cd-40c7-9dd5-423bdea306a6,0,5,False,True,1,0,0.0,none,noMesh,1,0,1,0,1,6,7.56,7.83,1.035,1,0,0,0.0,0.0,0.0,0.0
5a97cb51-78cd-40c7-9dd5-423bdea306a6,0,6,False,True,1,0,0.0,none,noMesh,4,3,2,1,2,4,9.65,9.65,1.0,1,0,0,0.0,0.0,0.0,0.0
5a97cb51-78cd-40c7-9dd5-423bdea306a6,0,7,False,True,1,0,0.0,none,noMesh,6,1,3,2,1,24,32.13,30.08,0.936,1,0,0,0.0,0.0,0.0,0.0
5a97cb51-78cd-40c7-9dd5-423bdea306a6,0,8,False,True,4,0,0.0,sloped,noMesh,6,1,4,4,7,29,37.52,35.01,0.933,4,2,0,7.43,30.66,12.38,178.83
5c557e06-393e-466e-a957-f7391b76b8ff,0,0,False,True,2,0,0.0,sloped,noMesh,6,1,1,1,2,6,25.27,25.27,1.0,2,1,0,4.47,8.95,4.47,0.0
5c557e06-393e-466e-a957-f7391b76b8ff,0,1,False,True,5,0,0.0,sloped,noMesh,4,1,1,0,0,4,12.71,12.71,1.0,5,3,0,9.73,26.94,9.57,11.33
5c557e06-393e-466e-a957-f7391b76b8ff,0,2,False,True,15,1,0.067,sloped,noMesh,20,6,3,2,10,23,32.28,31.1,0.964,15,12,0,9.86,22.39,6.03,203.02
5c557e06-393e-466e-a957-f7391b76b8ff,0,3,False,True,1,0,0.0,sloped,noMesh,4,0,1,1,1,4,4.03,4.03,1.0,1,1,0,9.26,0.0,0.0,0.0
5c557e06-393e-466e-a957-f7391b76b8ff,0,4,False,True,1,0,0.0,sloped,noMesh,4,2,0,0,2,11,8.33,7.81,0.937,1,1,0,19.28,0.0,0.0,0.0
5ecc6e8c-228b-4167-9331-de247c802320,1,0,False,True,1,0,0.0,none,noMesh,4,2,2,1,10,4,26.95,26.95,1.0,1,0,0,0.0,0.0,0.0,0.0
5ecc6e8c-228b-4167-9331-de247c802320,1,1,False,True,1,0,0.0,none,noMesh,4,0,2,1,4,4,30.17,30.17,1.0,1,0,0,0.0,0.0,0.0,0.0
5ecc6e8c-228b-4167-9331-de247c802320,1,3,False,True,1,0,0.0,none,noMesh,4,1,1,0,2,4,3.66,3.66,1.0,1,0,0,0.0,0.0,0.0,0.0
5ecc6e8c-228b-4167-9331-de247c802320,2,5,False,True,2,1,0.5,none,noMesh,6,1,1,0,1,6,12.94,12.95,1.0,2,1,0,17.99,35.98,17.99,0.0
5ecc6e8c-228b-4167-9331-de247c802320,2,6,False,True,2,1,0.5,none,noMesh,4,1,0,0,1,4,8.94,8.94,1.0,2,1,0,17.87,35.74,17.87,0.0
5ecc6e8c-228b-4167-9331-de247c802320,2,7,False,True,2,1,0.5,none,noMesh,4,1,0,0,0,4,9.91,9.91,1.0,2,1,0,17.97,35.94,17.97,0.0
5ecc6e8c-228b-4167-9331-de247c802320,2,8,False,True,4,1,0.25,sloped,noMesh,7,2,1,0,4,6,9.1,9.1,1.0,4,3,0,37.28,41.87,16.92,29.57
5ecc6e8c-228b-4167-9331-de247c802320,2,9,True,True,5,2,0.4,sloped,noMesh,8,4,0,0,0,21,13.85,12.72,0.919,8,6,3,27.16,90.0,37.41,97.34
60f2f02b-8910-461c-879a-75925d256989,0,0,False,True,1,0,0.0,sloped,noMesh,4,1,3,2,2,4,17.37,17.37,1.0,1,1,0,13.27,0.0,0.0,0.0
60f2f02b-8910-461c-879a-75925d256989,1,7,False,True,2,0,0.0,none,noMesh,3,1,0,0,1,6,5.23,5.47,1.046,2,1,0,25.11,50.22,25.11,0.0
60f2f02b-8910-461c-879a-75925d256989,1,8,False,True,1,0,0.0,none,noMesh,7,5,0,0,0,28,6.05,4.16,0.687,1,0,0,0.0,0.0,0.0,0.0
60f2f02b-8910-461c-879a-75925d256989,1,9,False,True,6,0,0.0,sloped,noMesh,11,1,2,0,3,10,12.41,12.42,1.0,7,6,1,51.43,90.0,25.45,102.57
60f2f02b-8910-461c-879a-75925d256989,1,10,False,True,4,0,0.0,sloped,noMesh,6,1,2,0,3,6,11.95,11.95,1.0,6,5,2,44.92,90.0,32.0,15.42
60f2f02b-8910-461c-879a-75925d256989,1,11,False,True,1,0,0.0,none,noMesh,6,1,1,0,4,6,12.26,12.26,1.0,1,0,0,0.0,0.0,0.0,0.0
60f2f02b-8910-461c-879a-75925d256989,1,12,False,True,2,0,0.0,sloped,noMesh,4,3,2,0,1,4,11.46,11.46,1.0,2,1,0,23.56,47.12,23.56,0.0
60fa343a-d19a-4d18-b939-33b80e790be6,0,2,False,True,2,0,0.0,sloped,noMesh,6,3,2,1,2,16,30.55,29.51,0.966,3,1,1,0.0,90.0,42.43,0.0
60fa343a-d19a-4d18-b939-33b80e790be6,1,5,False,True,1,0,0.0,none,noMesh,7,3,1,0,0,10,6.13,5.89,0.961,1,0,0,0.0,0.0,0.0,0.0
60fa343a-d19a-4d18-b939-33b80e790be6,1,6,False,True,1,0,0.0,none,noMesh,4,2,1,0,0,10,7.52,6.93,0.922,1,0,0,0.0,0.0,0.0,0.0
60fa343a-d19a-4d18-b939-33b80e790be6,1,7,False,True,1,0,0.0,none,noMesh,6,1,1,0,1,8,5.99,5.64,0.942,1,0,0,0.0,0.0,0.0,0.0
60fa343a-d19a-4d18-b939-33b80e790be6,1,8,False,True,1,0,0.0,none,noMesh,9,3,2,1,8,12,34.66,32.26,0.931,1,0,0,0.0,0.0,0.0,0.0
60fa343a-d19a-4d18-b939-33b80e790be6,1,9,False,True,1,0,0.0,none,noMesh,4,2,1,0,1,7,10.23,8.62,0.842,1,0,0,0.0,0.0,0.0,0.0
612d1bc8-dbed-47cb-aef5-3e64964ccc04,0,0,False,True,1,0,0.0,none,userScannedMesh,6,1,1,0,1,6,7.31,7.31,1.0,1,0,0,0.0,0.0,0.0,0.0
612d1bc8-dbed-47cb-aef5-3e64964ccc04,0,1,False,True,1,0,0.0,none,userScannedMesh,6,2,0,0,0,6,5.24,5.23,1.0,1,0,0,0.0,0.0,0.0,0.0
612d1bc8-dbed-47cb-aef5-3e64964ccc04,0,2,False,True,1,0,0.0,none,userScannedMesh,4,3,0,1,0,26,6.36,4.76,0.748,1,0,0,0.0,0.0,0.0,0.0
612d1bc8-dbed-47cb-aef5-3e64964ccc04,0,3,False,True,1,0,0.0,none,userScannedMesh,14,3,3,1,9,16,59.46,59.29,0.997,1,0,0,0.0,0.0,0.0,0.0
612d1bc8-dbed-47cb-aef5-3e64964ccc04,0,4,False,True,1,0,0.0,none,userScannedMesh,4,1,3,0,1,4,11.11,11.11,1.0,1,0,0,0.0,0.0,0.0,0.0
612d1bc8-dbed-47cb-aef5-3e64964ccc04,0,5,False,True,1,0,0.0,none,userScannedMesh,3,1,1,0,4,6,10.97,11.18,1.019,1,0,0,0.0,0.0,0.0,0.0
612d1bc8-dbed-47cb-aef5-3e64964ccc04,0,6,False,True,1,0,0.0,none,userScannedMesh,4,4,0,0,1,4,3.75,3.75,1.0,1,0,0,0.0,0.0,0.0,0.0
612d1bc8-dbed-47cb-aef5-3e64964ccc04,0,7,False,True,1,0,0.0,none,userScannedMesh,4,1,1,0,0,15,6.87,4.7,0.685,1,0,0,0.0,0.0,0.0,0.0
612d1bc8-dbed-47cb-aef5-3e64964ccc04,0,8,False,True,1,0,0.0,none,userScannedMesh,4,2,1,1,0,4,17.85,17.85,1.0,1,0,0,0.0,0.0,0.0,0.0
612d1bc8-dbed-47cb-aef5-3e64964ccc04,0,9,False,True,1,0,0.0,none,userScannedMesh,6,1,2,0,4,8,8.64,7.74,0.896,1,0,0,0.0,0.0,0.0,0.0
6203a969-742b-4935-bc4d-8eae644b8f73,0,0,False,True,1,0,0.0,none,noMesh,4,3,2,1,2,4,8.73,8.73,1.0,1,0,0,0.0,0.0,0.0,0.0
6203a969-742b-4935-bc4d-8eae644b8f73,0,1,True,True,1,0,0.0,none,noMesh,6,2,2,0,3,10,12.04,11.85,0.984,1,0,0,0.0,0.0,0.0,0.0
6203a969-742b-4935-bc4d-8eae644b8f73,0,2,True,True,1,0,0.0,none,noMesh,4,2,2,2,5,22,22.43,21.05,0.938,1,0,0,0.0,0.0,0.0,0.0
6203a969-742b-4935-bc4d-8eae644b8f73,0,3,False,True,3,0,0.0,sloped,noMesh,4,5,1,1,2,4,43.85,43.85,1.0,4,3,1,50.12,90.0,31.92,180.15
6203a969-742b-4935-bc4d-8eae644b8f73,0,4,False,True,1,0,0.0,none,noMesh,5,6,0,0,0,4,6.21,6.21,1.0,1,0,0,0.0,0.0,0.0,0.0
6203a969-742b-4935-bc4d-8eae644b8f73,0,5,False,True,1,0,0.0,none,noMesh,4,1,1,0,0,7,2.0,1.85,0.924,1,0,0,0.0,0.0,0.0,0.0
6203a969-742b-4935-bc4d-8eae644b8f73,0,6,False,True,1,0,0.0,none,noMesh,4,2,3,0,1,10,14.45,13.92,0.964,1,0,0,0.0,0.0,0.0,0.0
6203a969-742b-4935-bc4d-8eae644b8f73,0,7,True,True,1,0,0.0,none,noMesh,3,1,1,0,1,7,5.45,5.19,0.951,1,0,0,0.0,0.0,0.0,0.0
6203a969-742b-4935-bc4d-8eae644b8f73,0,8,True,True,1,0,0.0,none,noMesh,3,0,2,3,1,6,16.42,16.55,1.008,1,0,0,0.0,0.0,0.0,0.0
6203a969-742b-4935-bc4d-8eae644b8f73,0,9,False,True,1,0,0.0,none,noMesh,2,1,3,0,3,6,11.08,11.13,1.004,1,0,0,0.0,0.0,0.0,0.0
6203a969-742b-4935-bc4d-8eae644b8f73,0,10,False,True,1,0,0.0,none,noMesh,4,4,0,0,0,18,5.74,4.71,0.821,1,0,0,0.0,0.0,0.0,0.0
6203a969-742b-4935-bc4d-8eae644b8f73,0,11,False,True,1,0,0.0,none,noMesh,6,1,1,0,1,5,5.22,5.22,1.0,1,0,0,0.0,0.0,0.0,0.0
6203a969-742b-4935-bc4d-8eae644b8f73,0,12,False,True,1,0,0.0,none,noMesh,4,1,3,0,3,4,11.6,11.6,1.0,1,0,0,0.0,0.0,0.0,0.0
66a72e63-8b3c-4e57-977b-32f5119a9d09,2,0,True,True,9,2,0.222,none,noMesh,9,1,3,1,2,14,16.68,16.28,0.976,11,9,2,45.85,90.0,29.28,269.39
66a72e63-8b3c-4e57-977b-32f5119a9d09,2,1,False,True,1,0,0.0,none,noMesh,6,2,1,0,2,13,11.43,10.27,0.899,1,0,0,0.0,0.0,0.0,0.0
66a72e63-8b3c-4e57-977b-32f5119a9d09,2,2,False,True,2,0,0.0,sloped,noMesh,11,1,0,0,2,10,8.32,8.25,0.993,2,1,0,20.47,40.95,20.47,0.0
66a72e63-8b3c-4e57-977b-32f5119a9d09,2,4,True,True,19,6,0.316,sloped,noMesh,10,3,2,0,1,11,24.56,24.56,1.0,25,23,6,41.87,90.0,28.94,303.2
66a72e63-8b3c-4e57-977b-32f5119a9d09,1,9,False,True,1,0,0.0,none,noMesh,2,1,0,1,1,6,3.37,3.49,1.037,1,0,0,0.0,0.0,0.0,0.0
66a72e63-8b3c-4e57-977b-32f5119a9d09,0,14,False,True,1,0,0.0,none,noMesh,4,0,1,1,0,4,2.31,2.31,1.0,1,0,0,0.0,0.0,0.0,0.0
670a8030-c451-4e80-badd-6702cef02a03,1,5,False,True,2,0,0.0,none,noMesh,8,1,4,1,0,7,28.52,28.52,1.0,2,0,0,0.0,0.0,0.0,0.0
670a8030-c451-4e80-badd-6702cef02a03,2,8,False,True,2,0,0.0,none,noMesh,4,1,1,0,0,13,10.25,9.73,0.949,2,1,0,22.34,44.68,22.34,0.0
670a8030-c451-4e80-badd-6702cef02a03,2,9,False,True,5,1,0.2,none,noMesh,12,1,1,1,0,15,13.64,12.81,0.939,6,4,1,27.18,90.0,31.71,90.04
670a8030-c451-4e80-badd-6702cef02a03,2,10,False,True,12,2,0.167,sloped,noMesh,9,1,1,0,2,8,5.26,5.26,1.0,14,13,2,41.9,90.0,25.13,204.01
670a8030-c451-4e80-badd-6702cef02a03,2,11,False,True,3,1,0.333,none,noMesh,8,2,1,0,1,19,13.65,13.35,0.978,5,4,2,45.2,90.0,34.46,181.33
6c29deb7-51e6-437d-bfe4-0eb83e559881,2,2,False,True,1,0,0.0,none,noMesh,5,2,2,0,1,4,14.78,14.78,1.0,1,0,0,0.0,0.0,0.0,0.0
6c29deb7-51e6-437d-bfe4-0eb83e559881,2,3,False,True,1,0,0.0,none,noMesh,4,2,1,0,2,4,13.18,13.18,1.0,1,0,0,0.0,0.0,0.0,0.0
6c29deb7-51e6-437d-bfe4-0eb83e559881,2,4,False,True,1,0,0.0,none,noMesh,7,2,1,0,2,19,10.54,8.21,0.779,1,0,0,0.0,0.0,0.0,0.0
6c29deb7-51e6-437d-bfe4-0eb83e559881,2,5,False,True,2,1,0.5,none,noMesh,9,2,1,1,1,7,10.96,10.96,1.0,2,1,0,20.35,40.69,20.35,0.0
6c29deb7-51e6-437d-bfe4-0eb83e559881,2,6,False,True,6,1,0.167,sloped,noMesh,4,1,1,0,0,4,7.08,7.05,0.997,7,6,1,45.29,90.0,28.57,162.48
6e8a252f-fc38-4ffa-8691-3f43938a0a16,0,0,False,True,1,0,0.0,none,noMesh,8,2,3,0,6,18,44.42,42.47,0.956,1,0,0,0.0,0.0,0.0,0.0
6e8a252f-fc38-4ffa-8691-3f43938a0a16,0,1,False,True,1,0,0.0,none,noMesh,6,1,1,0,3,6,14.2,14.2,1.0,1,0,0,0.0,0.0,0.0,0.0
6e8a252f-fc38-4ffa-8691-3f43938a0a16,0,2,False,True,1,0,0.0,none,noMesh,6,8,0,0,1,11,10.47,10.48,1.001,1,0,0,0.0,0.0,0.0,0.0
6e8a252f-fc38-4ffa-8691-3f43938a0a16,0,3,False,True,1,0,0.0,none,noMesh,4,1,1,0,0,4,1.64,1.64,1.0,1,0,0,0.0,0.0,0.0,0.0
6e8a252f-fc38-4ffa-8691-3f43938a0a16,0,4,False,True,1,0,0.0,none,noMesh,6,1,1,0,4,6,6.07,6.07,1.0,1,0,0,0.0,0.0,0.0,0.0
6e8a252f-fc38-4ffa-8691-3f43938a0a16,0,5,False,True,1,0,0.0,none,noMesh,6,2,1,0,9,23,14.93,13.31,0.892,1,0,0,0.0,0.0,0.0,0.0
6e8a252f-fc38-4ffa-8691-3f43938a0a16,0,6,False,True,1,0,0.0,none,noMesh,4,2,1,0,5,4,8.62,8.62,1.0,1,0,0,0.0,0.0,0.0,0.0
6e8a252f-fc38-4ffa-8691-3f43938a0a16,0,7,False,True,1,0,0.0,none,noMesh,4,2,3,0,2,4,22.68,22.68,1.0,1,0,0,0.0,0.0,0.0,0.0
6e8a252f-fc38-4ffa-8691-3f43938a0a16,0,8,False,True,1,0,0.0,none,noMesh,6,1,1,0,3,16,9.6,8.65,0.901,1,0,0,0.0,0.0,0.0,0.0
6e8a252f-fc38-4ffa-8691-3f43938a0a16,0,9,False,True,1,0,0.0,none,noMesh,4,2,1,0,5,4,7.13,7.13,1.0,1,0,0,0.0,0.0,0.0,0.0
7153d532-16c1-45e8-b7c9-f5cd1ba5cc85,0,0,False,True,1,0,0.0,none,noMesh,4,1,1,0,3,4,8.21,8.21,1.0,1,0,0,0.0,0.0,0.0,0.0
7153d532-16c1-45e8-b7c9-f5cd1ba5cc85,0,1,False,True,1,0,0.0,none,noMesh,6,1,1,0,2,13,5.3,3.86,0.727,1,0,0,0.0,0.0,0.0,0.0
7153d532-16c1-45e8-b7c9-f5cd1ba5cc85,0,2,False,True,1,0,0.0,none,noMesh,8,3,0,2,3,8,7.45,7.45,1.0,1,0,0,0.0,0.0,0.0,0.0
7153d532-16c1-45e8-b7c9-f5cd1ba5cc85,0,3,False,True,1,0,0.0,none,noMesh,3,2,0,0,2,11,6.67,6.63,0.995,1,0,0,0.0,0.0,0.0,0.0
7153d532-16c1-45e8-b7c9-f5cd1ba5cc85,0,4,False,True,1,0,0.0,none,noMesh,7,0,1,1,0,10,4.69,4.4,0.938,1,0,0,0.0,0.0,0.0,0.0
7153d532-16c1-45e8-b7c9-f5cd1ba5cc85,0,5,False,True,2,0,0.0,none,noMesh,4,3,1,0,2,6,17.42,19.38,1.113,2,0,0,0.0,0.0,0.0,0.0
7153d532-16c1-45e8-b7c9-f5cd1ba5cc85,0,6,False,True,1,0,0.0,none,noMesh,3,1,0,0,1,7,5.86,5.59,0.954,1,0,0,0.0,0.0,0.0,0.0
7153d532-16c1-45e8-b7c9-f5cd1ba5cc85,0,7,False,True,1,0,0.0,none,noMesh,7,0,0,1,0,21,4.62,3.4,0.736,1,0,0,0.0,0.0,0.0,0.0
7153d532-16c1-45e8-b7c9-f5cd1ba5cc85,1,8,True,True,10,9,0.9,sloped,noMesh,10,5,0,2,1,14,15.73,15.53,0.987,14,13,4,28.72,90.0,32.37,206.13
7153d532-16c1-45e8-b7c9-f5cd1ba5cc85,1,9,False,True,2,0,0.0,sloped,noMesh,4,1,1,0,3,4,3.03,3.03,1.0,2,1,0,9.56,19.13,9.56,0.0
7153d532-16c1-45e8-b7c9-f5cd1ba5cc85,1,10,False,True,2,0,0.0,sloped,noMesh,5,3,2,0,8,12,17.76,17.67,0.995,2,1,0,9.18,18.36,9.18,0.0
7153d532-16c1-45e8-b7c9-f5cd1ba5cc85,1,11,False,True,2,1,0.5,sloped,noMesh,4,1,1,0,3,13,12.52,11.79,0.942,2,1,0,7.73,15.45,7.73,0.0
7153d532-16c1-45e8-b7c9-f5cd1ba5cc85,1,12,False,True,9,2,0.222,sloped,noMesh,5,1,1,0,3,8,6.74,6.71,0.997,9,8,0,19.59,51.83,15.3,163.47
7153d532-16c1-45e8-b7c9-f5cd1ba5cc85,1,13,False,True,3,1,0.333,sloped,noMesh,3,3,9,0,0,6,14.3,14.34,1.003,3,2,0,19.01,32.59,13.37,178.36
7153d532-16c1-45e8-b7c9-f5cd1ba5cc85,1,14,True,True,7,5,0.714,sloped,noMesh,6,2,3,0,6,12,44.35,41.78,0.942,7,6,0,19.22,23.53,7.36,194.23
7153d532-16c1-45e8-b7c9-f5cd1ba5cc85,1,15,False,True,3,0,0.0,sloped,noMesh,9,2,1,0,2,9,12.97,12.09,0.932,3,2,0,19.78,20.27,9.44,14.1
71ee522c-1e78-411f-b3ce-33d59516038f,0,0,False,True,6,3,0.5,flat,noMesh,10,0,3,2,1,19,23.88,23.14,0.969,7,4,1,6.8,90.0,30.32,180.0
71ee522c-1e78-411f-b3ce-33d59516038f,0,1,False,True,3,1,0.333,none,noMesh,8,4,5,1,3,24,21.58,17.64,0.817,3,1,0,1.71,41.73,19.28,0.0
71ee522c-1e78-411f-b3ce-33d59516038f,0,2,False,True,7,4,0.571,none,noMesh,5,0,1,0,3,22,10.91,9.93,0.91,9,6,2,9.33,90.0,35.24,170.42
71ee522c-1e78-411f-b3ce-33d59516038f,0,3,False,True,1,0,0.0,none,noMesh,6,1,1,0,2,5,6.72,6.72,1.0,1,0,0,0.0,0.0,0.0,0.0
71ee522c-1e78-411f-b3ce-33d59516038f,0,4,False,True,2,0,0.0,none,noMesh,10,1,3,3,11,9,23.55,23.55,1.0,2,0,0,0.0,0.0,0.0,0.0
71ee522c-1e78-411f-b3ce-33d59516038f,0,5,False,True,1,0,0.0,none,noMesh,9,1,1,3,0,19,10.32,8.8,0.853,1,0,0,0.0,0.0,0.0,0.0
71ee522c-1e78-411f-b3ce-33d59516038f,0,6,False,True,3,0,0.0,sloped,noMesh,4,2,5,0,3,4,43.61,43.6,1.0,3,2,0,47.92,48.25,22.67,179.84
71ee522c-1e78-411f-b3ce-33d59516038f,0,7,False,True,1,0,0.0,none,noMesh,4,2,1,0,3,4,8.89,8.89,1.0,1,0,0,0.0,0.0,0.0,0.0
720c2f50-9586-47b5-b27c-130214cd8b5d,1,0,False,True,2,0,0.0,sloped,noMesh,4,4,1,1,2,4,9.38,9.38,1.0,2,2,0,21.9,0.34,0.17,175.5
720c2f50-9586-47b5-b27c-130214cd8b5d,1,1,False,True,5,0,0.0,sloped,noMesh,6,1,1,0,1,5,5.57,5.57,1.0,5,4,0,27.01,35.58,12.12,218.57
720c2f50-9586-47b5-b27c-130214cd8b5d,1,2,False,True,1,0,0.0,none,noMesh,5,1,1,1,1,4,4.8,4.8,1.0,1,0,0,0.0,0.0,0.0,0.0
720c2f50-9586-47b5-b27c-130214cd8b5d,1,3,False,True,1,0,0.0,none,noMesh,4,4,1,1,10,25,28.28,25.96,0.918,1,0,0,0.0,0.0,0.0,0.0
720c2f50-9586-47b5-b27c-130214cd8b5d,1,4,False,True,1,0,0.0,none,noMesh,8,3,1,0,1,7,7.32,7.32,1.0,1,0,0,0.0,0.0,0.0,0.0
720c2f50-9586-47b5-b27c-130214cd8b5d,1,5,False,True,1,0,0.0,none,noMesh,4,0,2,1,7,4,28.78,28.78,1.0,1,0,0,0.0,0.0,0.0,0.0
720c2f50-9586-47b5-b27c-130214cd8b5d,1,6,False,True,1,0,0.0,none,noMesh,4,1,1,0,3,4,15.5,15.5,1.0,1,0,0,0.0,0.0,0.0,0.0
720c2f50-9586-47b5-b27c-130214cd8b5d,2,8,False,True,2,0,0.0,sloped,noMesh,4,1,3,0,2,4,13.5,13.5,1.0,2,1,0,19.74,39.49,19.74,0.0
720c2f50-9586-47b5-b27c-130214cd8b5d,2,9,False,True,2,0,0.0,sloped,noMesh,6,5,0,0,1,6,20.13,20.21,1.004,2,1,0,20.6,41.2,20.6,0.0
720c2f50-9586-47b5-b27c-130214cd8b5d,2,11,False,True,4,1,0.25,sloped,noMesh,5,0,3,0,3,7,12.49,12.51,1.001,6,5,2,39.91,90.0,35.78,178.9
720c2f50-9586-47b5-b27c-130214cd8b5d,2,12,False,True,1,0,0.0,none,noMesh,3,0,1,0,2,4,16.01,16.17,1.01,1,0,0,0.0,0.0,0.0,0.0
72122129-7ee2-4a14-a645-23d44df3d2b5,2,0,False,True,2,0,0.0,none,noMesh,4,0,1,1,1,4,5.67,5.67,1.0,2,1,0,25.04,50.07,25.04,0.0
72122129-7ee2-4a14-a645-23d44df3d2b5,2,1,False,True,2,0,0.0,sloped,noMesh,7,1,1,0,4,18,7.45,6.75,0.906,2,1,0,25.47,50.94,25.47,0.0
72122129-7ee2-4a14-a645-23d44df3d2b5,2,2,False,True,5,0,0.0,sloped,noMesh,8,3,1,1,0,8,5.23,5.24,1.001,7,5,2,49.63,90.0,34.38,194.39
72122129-7ee2-4a14-a645-23d44df3d2b5,2,3,False,True,2,0,0.0,sloped,noMesh,8,1,1,0,1,9,12.63,11.99,0.95,2,1,0,25.39,50.79,25.39,0.0
72122129-7ee2-4a14-a645-23d44df3d2b5,1,5,False,True,2,1,0.5,sloped,noMesh,7,1,1,0,1,11,1.68,1.39,0.831,4,3,2,72.35,90.0,36.81,103.86
72122129-7ee2-4a14-a645-23d44df3d2b5,1,6,False,True,1,0,0.0,none,noMesh,3,1,1,2,0,5,1.32,2.36,1.792,1,0,0,0.0,0.0,0.0,0.0
72122129-7ee2-4a14-a645-23d44df3d2b5,1,7,False,True,1,0,0.0,none,noMesh,3,1,1,0,1,9,3.78,3.72,0.983,1,0,0,0.0,0.0,0.0,0.0
72122129-7ee2-4a14-a645-23d44df3d2b5,1,8,False,True,1,0,0.0,none,noMesh,4,3,2,0,0,6,10.69,9.44,0.883,1,0,0,0.0,0.0,0.0,0.0
72122129-7ee2-4a14-a645-23d44df3d2b5,0,13,False,True,1,0,0.0,none,noMesh,1,1,1,1,1,7,1.51,1.45,0.963,1,0,0,0.0,0.0,0.0,0.0
73465f84-d5f5-4b84-8509-0e818beb5ecd,1,4,False,True,1,0,0.0,sloped,noMesh,4,2,1,0,1,4,11.66,11.66,1.0,1,1,0,7.07,0.0,0.0,0.0
73465f84-d5f5-4b84-8509-0e818beb5ecd,1,5,False,True,1,0,0.0,none,noMesh,4,1,1,0,2,9,9.69,9.26,0.955,1,0,0,1.43,0.0,0.0,0.0
73465f84-d5f5-4b84-8509-0e818beb5ecd,1,6,False,True,1,0,0.0,sloped,noMesh,4,2,1,0,1,4,8.04,8.04,1.0,1,1,0,7.05,0.0,0.0,0.0
73465f84-d5f5-4b84-8509-0e818beb5ecd,1,7,False,True,1,0,0.0,none,noMesh,4,2,1,0,1,4,3.23,3.23,1.0,1,0,0,0.0,0.0,0.0,0.0
73465f84-d5f5-4b84-8509-0e818beb5ecd,1,8,False,True,6,4,0.667,sloped,noMesh,10,5,0,2,3,23,14.45,12.62,0.873,8,6,2,23.81,90.0,34.03,160.71
73465f84-d5f5-4b84-8509-0e818beb5ecd,1,9,False,True,1,0,0.0,none,noMesh,5,3,0,0,0,4,2.09,2.09,1.0,1,0,0,0.0,0.0,0.0,0.0
73465f84-d5f5-4b84-8509-0e818beb5ecd,1,10,False,True,1,0,0.0,none,noMesh,4,1,1,0,0,4,1.56,1.56,1.0,1,0,0,0.0,0.0,0.0,0.0
73465f84-d5f5-4b84-8509-0e818beb5ecd,1,11,False,True,1,0,0.0,none,noMesh,6,3,2,1,5,6,19.96,19.96,1.0,1,0,0,0.0,0.0,0.0,0.0
73465f84-d5f5-4b84-8509-0e818beb5ecd,1,13,False,True,1,0,0.0,none,userScannedMesh,9,1,3,0,2,12,29.73,29.57,0.995,1,0,0,0.0,0.0,0.0,0.0
73c1d779-2257-4e39-838a-5b026bca2401,0,0,False,True,1,0,0.0,none,userScannedMesh,4,2,1,0,4,4,17.68,17.68,1.0,1,0,0,0.0,0.0,0.0,0.0
73c1d779-2257-4e39-838a-5b026bca2401,0,1,False,True,1,0,0.0,none,userScannedMesh,6,5,1,0,1,6,9.02,9.02,1.0,1,0,0,0.0,0.0,0.0,0.0
73c1d779-2257-4e39-838a-5b026bca2401,0,2,False,True,1,0,0.0,none,userScannedMesh,6,1,1,0,1,6,2.89,2.89,1.0,1,0,0,0.0,0.0,0.0,0.0
73c1d779-2257-4e39-838a-5b026bca2401,0,3,False,True,1,0,0.0,none,userScannedMesh,10,0,3,1,3,11,34.46,33.58,0.974,1,0,0,0.0,0.0,0.0,0.0
73c1d779-2257-4e39-838a-5b026bca2401,0,4,False,True,1,0,0.0,none,userScannedMesh,3,5,0,1,5,8,25.75,25.82,1.003,1,0,0,0.0,0.0,0.0,0.0
73c1d779-2257-4e39-838a-5b026bca2401,0,5,False,True,1,0,0.0,none,userScannedMesh,4,2,1,0,5,4,13.25,13.25,1.0,1,0,0,0.0,0.0,0.0,0.0
73c1d779-2257-4e39-838a-5b026bca2401,0,6,False,True,1,0,0.0,none,userScannedMesh,4,7,0,0,1,73,11.89,6.12,0.514,1,0,0,0.0,0.0,0.0,0.0
73c1d779-2257-4e39-838a-5b026bca2401,0,7,False,True,1,0,0.0,none,userScannedMesh,4,1,1,0,2,4,8.81,8.81,1.0,1,0,0,0.0,0.0,0.0,0.0
73c1d779-2257-4e39-838a-5b026bca2401,0,8,False,True,1,0,0.0,none,userScannedMesh,4,1,1,0,3,4,8.79,8.79,1.0,1,0,0,0.0,0.0,0.0,0.0
73c1d779-2257-4e39-838a-5b026bca2401,0,9,False,True,1,0,0.0,none,userScannedMesh,4,2,1,0,6,5,16.3,16.3,1.0,1,0,0,0.0,0.0,0.0,0.0
73c1d779-2257-4e39-838a-5b026bca2401,0,10,False,True,1,0,0.0,none,userScannedMesh,4,1,1,0,3,4,13.47,13.47,1.0,1,0,0,0.0,0.0,0.0,0.0
73c1d779-2257-4e39-838a-5b026bca2401,0,11,False,True,3,1,0.333,none,userScannedMesh,8,1,1,0,2,6,6.04,6.04,1.0,5,3,2,28.73,90.0,40.77,104.82
73c1d779-2257-4e39-838a-5b026bca2401,0,12,False,True,1,0,0.0,none,userScannedMesh,4,3,0,0,3,4,8.03,8.03,1.0,1,0,0,0.0,0.0,0.0,0.0
777b25c6-42e6-40d3-a0a4-aaafdd23842e,1,0,True,True,2,0,0.0,sloped,noMesh,4,2,1,0,2,4,11.44,11.44,1.0,2,1,0,21.56,43.13,21.56,0.0
777b25c6-42e6-40d3-a0a4-aaafdd23842e,1,1,False,True,2,1,0.5,sloped,noMesh,4,0,0,1,2,10,9.62,9.39,0.976,2,1,0,22.03,44.06,22.03,0.0
777b25c6-42e6-40d3-a0a4-aaafdd23842e,1,2,False,True,8,3,0.375,sloped,noMesh,5,3,1,0,1,11,9.26,9.3,1.005,11,9,3,45.27,90.0,32.55,218.93
777b25c6-42e6-40d3-a0a4-aaafdd23842e,1,3,False,True,4,0,0.0,sloped,noMesh,4,1,0,0,1,11,2.2,2.02,0.915,4,4,0,46.07,5.2,2.15,16.11
777b25c6-42e6-40d3-a0a4-aaafdd23842e,0,5,False,True,1,0,0.0,none,noMesh,4,1,1,0,2,9,4.75,3.73,0.785,1,0,0,0.0,0.0,0.0,0.0
777b25c6-42e6-40d3-a0a4-aaafdd23842e,0,6,False,True,1,0,0.0,none,noMesh,7,4,1,0,2,5,6.27,6.27,1.0,2,1,1,45.0,90.0,45.0,0.0
7791ff1d-7641-4da1-8380-1773d30a7bcc,1,0,False,True,1,0,0.0,none,noMesh,1,1,0,0,5,9,5.57,5.74,1.031,1,0,0,0.0,0.0,0.0,0.0
7791ff1d-7641-4da1-8380-1773d30a7bcc,1,1,False,True,2,0,0.0,none,noMesh,15,4,5,2,3,12,54.22,54.22,1.0,2,0,0,0.0,0.0,0.0,0.0
7791ff1d-7641-4da1-8380-1773d30a7bcc,0,2,False,True,1,0,0.0,none,noMesh,4,1,1,0,2,4,6.27,6.27,1.0,1,0,0,0.0,0.0,0.0,0.0
7791ff1d-7641-4da1-8380-1773d30a7bcc,0,3,False,True,1,0,0.0,none,noMesh,4,1,0,0,1,10,2.6,2.15,0.828,1,0,0,0.0,0.0,0.0,0.0
7791ff1d-7641-4da1-8380-1773d30a7bcc,0,4,False,True,2,0,0.0,none,noMesh,7,1,1,0,1,9,10.25,19.46,1.899,2,0,0,0.0,0.0,0.0,0.0
7791ff1d-7641-4da1-8380-1773d30a7bcc,0,5,False,True,1,0,0.0,none,noMesh,4,1,1,0,2,8,9.31,9.16,0.984,1,0,0,0.0,0.0,0.0,0.0
7791ff1d-7641-4da1-8380-1773d30a7bcc,0,6,False,True,1,0,0.0,none,noMesh,4,1,1,0,1,11,12.19,11.65,0.956,1,0,0,0.0,0.0,0.0,0.0
795ceae3-b6ef-42bc-bd48-9b69f06e9de6,0,0,False,True,2,0,0.0,sloped,userScannedMesh,4,1,1,0,1,4,4.79,4.79,1.0,2,1,0,13.21,26.41,13.21,0.0
795ceae3-b6ef-42bc-bd48-9b69f06e9de6,0,1,False,True,2,0,0.0,sloped,userScannedMesh,5,3,0,0,3,4,5.9,5.9,1.0,2,1,0,13.26,26.52,13.26,0.0
795ceae3-b6ef-42bc-bd48-9b69f06e9de6,0,2,False,True,1,0,0.0,none,noMesh,4,1,1,0,1,44,17.15,8.27,0.482,1,0,0,0.0,0.0,0.0,0.0
795ceae3-b6ef-42bc-bd48-9b69f06e9de6,0,3,False,True,1,0,0.0,none,noMesh,6,6,0,0,0,5,5.68,5.68,1.0,1,0,0,0.0,0.0,0.0,0.0
795ceae3-b6ef-42bc-bd48-9b69f06e9de6,0,4,False,True,1,0,0.0,none,noMesh,7,2,1,0,0,6,11.1,11.1,1.0,1,0,0,0.0,0.0,0.0,0.0
795ceae3-b6ef-42bc-bd48-9b69f06e9de6,0,5,False,True,1,0,0.0,none,noMesh,4,1,1,0,1,4,9.86,9.86,1.0,1,0,0,0.0,0.0,0.0,0.0
795ceae3-b6ef-42bc-bd48-9b69f06e9de6,0,6,False,True,1,0,0.0,none,noMesh,4,1,2,0,2,4,5.04,5.04,1.0,1,0,0,0.0,0.0,0.0,0.0
795ceae3-b6ef-42bc-bd48-9b69f06e9de6,0,7,False,True,1,0,0.0,none,noMesh,8,3,3,1,9,8,36.33,36.33,1.0,1,0,0,0.0,0.0,0.0,0.0
795ceae3-b6ef-42bc-bd48-9b69f06e9de6,0,8,False,True,1,0,0.0,none,noMesh,4,3,0,1,0,9,4.19,3.84,0.916,1,0,0,0.0,0.0,0.0,0.0
795ceae3-b6ef-42bc-bd48-9b69f06e9de6,0,9,False,True,1,0,0.0,none,noMesh,7,1,1,1,3,17,43.47,42.37,0.975,1,0,0,0.0,0.0,0.0,0.0
7cabc39b-6328-4a6e-9491-822fa6b3c3fb,0,0,False,True,2,0,0.0,sloped,noMesh,4,2,1,2,1,4,6.64,6.64,1.0,3,2,1,16.45,87.7,38.44,0.11
7cabc39b-6328-4a6e-9491-822fa6b3c3fb,0,1,False,True,1,0,0.0,sloped,noMesh,4,2,1,0,2,4,10.03,10.03,1.0,1,1,0,16.11,0.0,0.0,0.0
7cabc39b-6328-4a6e-9491-822fa6b3c3fb,0,2,False,True,1,0,0.0,sloped,noMesh,4,1,1,0,1,8,6.39,4.24,0.664,1,1,0,16.05,0.0,0.0,0.0
7cabc39b-6328-4a6e-9491-822fa6b3c3fb,0,3,False,True,1,0,0.0,sloped,noMesh,4,2,1,0,3,12,15.31,13.96,0.911,1,1,0,11.5,0.0,0.0,0.0
7cabc39b-6328-4a6e-9491-822fa6b3c3fb,0,4,False,True,1,0,0.0,sloped,noMesh,4,1,1,0,2,7,11.32,11.0,0.972,1,1,0,16.18,0.0,0.0,0.0
7cabc39b-6328-4a6e-9491-822fa6b3c3fb,0,5,False,True,1,0,0.0,sloped,noMesh,4,3,0,1,4,4,29.32,29.32,1.0,1,1,0,11.43,0.0,0.0,0.0
7cabc39b-6328-4a6e-9491-822fa6b3c3fb,0,6,True,True,2,0,0.0,none,noMesh,7,4,0,0,3,6,8.58,8.58,1.0,2,0,0,0.0,0.0,0.0,0.0
7cabc39b-6328-4a6e-9491-822fa6b3c3fb,0,7,False,True,1,0,0.0,sloped,noMesh,4,2,1,0,1,4,12.78,12.78,1.0,1,1,0,15.99,0.0,0.0,0.0
7cabc39b-6328-4a6e-9491-822fa6b3c3fb,0,8,False,True,2,0,0.0,sloped,noMesh,7,2,1,1,2,6,8.07,8.07,1.0,2,2,0,13.56,0.46,0.23,0.0
7cabc39b-6328-4a6e-9491-822fa6b3c3fb,0,9,False,True,1,0,0.0,none,userScannedMesh,4,3,1,0,5,4,30.37,30.37,1.0,1,0,0,0.0,0.0,0.0,0.0
7cabc39b-6328-4a6e-9491-822fa6b3c3fb,0,10,False,True,1,0,0.0,none,noMesh,4,4,1,0,4,31,20.94,12.23,0.584,1,0,0,0.0,0.0,0.0,0.0
7cabc39b-6328-4a6e-9491-822fa6b3c3fb,0,11,False,True,1,0,0.0,sloped,noMesh,4,2,0,5,7,4,33.38,33.38,1.0,1,1,0,11.13,0.0,0.0,0.0
7dbc53a6-17e8-4806-83de-42286b95726c,1,0,False,True,8,4,0.5,flat,noMesh,16,6,10,2,7,7,81.5,81.5,1.0,8,4,0,9.21,31.66,13.43,189.46
7dbc53a6-17e8-4806-83de-42286b95726c,1,3,False,True,1,0,0.0,none,noMesh,6,1,1,0,1,7,7.85,7.37,0.939,1,0,0,0.0,0.0,0.0,0.0
7dbc53a6-17e8-4806-83de-42286b95726c,1,5,False,True,16,11,0.688,sloped,noMesh,13,3,2,0,3,10,19.06,18.97,0.995,18,13,2,12.27,90.0,31.25,134.57
7dbc53a6-17e8-4806-83de-42286b95726c,0,6,False,True,3,2,0.667,none,noMesh,6,0,2,0,1,6,18.76,18.77,1.0,4,3,1,6.67,86.28,36.54,180.0
7dbc53a6-17e8-4806-83de-42286b95726c,2,7,True,True,7,1,0.143,none,noMesh,11,0,1,0,4,16,33.54,33.58,1.001,9,8,2,50.66,90.0,26.52,198.39
7dbc53a6-17e8-4806-83de-42286b95726c,2,10,False,True,2,0,0.0,none,noMesh,7,1,2,1,5,9,17.39,17.32,0.996,2,0,0,0.0,0.0,0.0,0.0
7dbc53a6-17e8-4806-83de-42286b95726c,3,11,False,True,9,5,0.556,none,noMesh,4,0,0,0,0,5,33.11,33.08,0.999,11,10,5,78.78,90.0,27.63,270.0
7e42a701-1f0a-451a-8229-05f581454979,0,0,False,True,1,0,0.0,none,noMesh,6,2,2,0,3,6,33.48,33.48,1.0,1,0,0,0.0,0.0,0.0,0.0
7e42a701-1f0a-451a-8229-05f581454979,0,1,False,True,1,0,0.0,none,noMesh,4,1,1,0,2,4,7.77,7.77,1.0,1,0,0,0.0,0.0,0.0,0.0
7e42a701-1f0a-451a-8229-05f581454979,0,2,False,True,1,0,0.0,none,noMesh,6,1,1,0,3,4,12.35,12.35,1.0,1,0,0,0.0,0.0,0.0,0.0
7e42a701-1f0a-451a-8229-05f581454979,0,3,False,True,1,0,0.0,none,noMesh,10,8,0,0,2,40,18.13,10.96,0.604,1,0,0,0.0,0.0,0.0,0.0
7e42a701-1f0a-451a-8229-05f581454979,0,4,False,True,1,0,0.0,none,noMesh,5,2,0,0,1,4,2.34,2.34,1.0,1,0,0,0.0,0.0,0.0,0.0
7e42a701-1f0a-451a-8229-05f581454979,0,5,False,True,1,0,0.0,none,noMesh,4,1,1,0,0,4,3.5,3.5,1.0,1,0,0,0.0,0.0,0.0,0.0
7e42a701-1f0a-451a-8229-05f581454979,0,6,False,True,1,0,0.0,none,noMesh,4,1,1,0,2,4,7.56,7.56,1.0,1,0,0,0.0,0.0,0.0,0.0
7e42a701-1f0a-451a-8229-05f581454979,0,7,False,True,1,0,0.0,none,noMesh,4,3,1,0,5,4,10.44,10.44,1.0,1,0,0,0.0,0.0,0.0,0.0
7e42a701-1f0a-451a-8229-05f581454979,0,8,False,True,1,0,0.0,none,noMesh,9,4,1,1,1,6,6.16,6.16,1.0,1,0,0,0.0,0.0,0.0,0.0
7e42a701-1f0a-451a-8229-05f581454979,0,9,False,True,1,0,0.0,none,noMesh,4,1,1,0,3,9,14.36,12.94,0.901,1,0,0,0.0,0.0,0.0,0.0
7e42a701-1f0a-451a-8229-05f581454979,0,10,False,True,1,0,0.0,none,noMesh,8,2,1,0,3,20,12.9,11.83,0.917,1,0,0,0.0,0.0,0.0,0.0
7e42a701-1f0a-451a-8229-05f581454979,0,11,False,True,1,0,0.0,none,noMesh,4,1,1,0,2,11,6.33,5.54,0.874,1,0,0,0.0,0.0,0.0,0.0
7e42a701-1f0a-451a-8229-05f581454979,0,12,False,True,1,0,0.0,none,noMesh,2,1,1,0,2,6,9.12,9.17,1.006,1,0,0,0.0,0.0,0.0,0.0
85b7d943-95c9-4937-af42-121f705ed3e0,0,0,False,True,1,0,0.0,none,noMesh,4,1,0,0,0,4,3.21,3.21,1.0,1,0,0,0.0,0.0,0.0,0.0
85b7d943-95c9-4937-af42-121f705ed3e0,0,1,False,True,1,0,0.0,none,noMesh,4,2,1,0,7,4,8.18,8.18,1.0,1,0,0,0.0,0.0,0.0,0.0
85b7d943-95c9-4937-af42-121f705ed3e0,0,2,False,True,1,0,0.0,none,noMesh,8,2,0,0,3,8,6.05,6.05,1.0,1,0,0,0.0,0.0,0.0,0.0
85b7d943-95c9-4937-af42-121f705ed3e0,0,3,False,True,1,0,0.0,none,noMesh,4,2,0,0,1,4,2.65,2.65,1.0,1,0,0,0.0,0.0,0.0,0.0
85b7d943-95c9-4937-af42-121f705ed3e0,0,4,False,True,1,0,0.0,none,noMesh,4,1,1,0,4,4,10.41,10.41,1.0,1,0,0,0.0,0.0,0.0,0.0
85b7d943-95c9-4937-af42-121f705ed3e0,0,5,False,True,1,0,0.0,none,noMesh,6,1,1,0,4,5,7.58,7.58,1.0,1,0,0,0.0,0.0,0.0,0.0
85b7d943-95c9-4937-af42-121f705ed3e0,0,6,False,True,1,0,0.0,none,noMesh,5,7,0,0,2,40,10.2,7.2,0.706,1,0,0,0.0,0.0,0.0,0.0
85b7d943-95c9-4937-af42-121f705ed3e0,0,7,False,True,1,0,0.0,none,noMesh,6,3,3,0,4,9,32.07,31.58,0.985,1,0,0,0.0,0.0,0.0,0.0
85b7d943-95c9-4937-af42-121f705ed3e0,0,8,False,True,1,0,0.0,none,noMesh,4,0,1,1,2,4,8.73,8.73,1.0,1,0,0,0.0,0.0,0.0,0.0
873952bc-1159-43dd-b4bd-6535a55c57cf,1,0,True,True,5,0,0.0,none,noMesh,4,1,0,0,0,9,16.42,15.61,0.951,5,3,1,47.43,87.12,32.53,181.36
873952bc-1159-43dd-b4bd-6535a55c57cf,1,1,False,True,5,0,0.0,sloped,noMesh,6,2,2,0,1,6,11.23,11.23,1.0,9,8,4,49.74,90.0,30.56,180.39
873952bc-1159-43dd-b4bd-6535a55c57cf,1,2,False,True,3,1,0.333,none,noMesh,6,1,1,0,0,14,6.76,6.39,0.945,6,4,3,47.93,90.0,43.8,180.0
873952bc-1159-43dd-b4bd-6535a55c57cf,0,4,False,True,1,0,0.0,none,noMesh,3,1,3,1,0,12,17.08,15.28,0.895,1,0,0,0.0,0.0,0.0,0.0
873952bc-1159-43dd-b4bd-6535a55c57cf,0,6,False,True,6,3,0.5,none,noMesh,6,0,2,3,2,9,5.87,5.77,0.983,9,6,3,11.59,90.0,39.37,180.0
893d4535-3169-4907-a93a-b3ab8f66ec1c,0,1,False,True,1,0,0.0,none,noMesh,7,0,1,0,2,9,5.6,5.62,1.005,1,0,0,0.0,0.0,0.0,0.0
893d4535-3169-4907-a93a-b3ab8f66ec1c,0,2,False,True,1,0,0.0,none,noMesh,5,1,1,0,1,5,10.03,10.03,1.0,1,0,0,0.0,0.0,0.0,0.0
893d4535-3169-4907-a93a-b3ab8f66ec1c,0,3,False,True,1,0,0.0,none,noMesh,4,1,1,0,1,4,8.71,8.71,1.0,1,0,0,0.0,0.0,0.0,0.0
893d4535-3169-4907-a93a-b3ab8f66ec1c,0,4,False,True,25,2,0.08,sloped,noMesh,11,1,6,2,7,11,47.06,47.07,1.0,26,25,1,23.69,89.32,16.92,307.68
893d4535-3169-4907-a93a-b3ab8f66ec1c,0,5,False,True,1,0,0.0,none,noMesh,6,1,2,0,1,5,10.58,10.56,0.999,1,0,0,0.0,0.0,0.0,0.0
893d4535-3169-4907-a93a-b3ab8f66ec1c,0,6,False,True,1,0,0.0,none,noMesh,8,1,1,0,1,6,5.95,5.95,1.0,1,0,0,0.0,0.0,0.0,0.0
893d4535-3169-4907-a93a-b3ab8f66ec1c,0,7,False,True,1,0,0.0,none,noMesh,5,2,1,0,3,5,11.33,11.33,1.0,1,0,0,0.0,0.0,0.0,0.0
893d4535-3169-4907-a93a-b3ab8f66ec1c,0,8,False,True,1,0,0.0,none,noMesh,9,5,0,2,1,35,15.35,11.74,0.765,1,0,0,0.0,0.0,0.0,0.0
893d4535-3169-4907-a93a-b3ab8f66ec1c,0,9,False,True,1,0,0.0,none,noMesh,9,1,1,0,2,8,5.95,5.95,1.0,1,0,0,0.0,0.0,0.0,0.0
893d4535-3169-4907-a93a-b3ab8f66ec1c,0,10,False,True,1,0,0.0,none,noMesh,8,2,0,1,0,20,3.98,1.96,0.492,1,0,0,0.0,0.0,0.0,0.0
893d4535-3169-4907-a93a-b3ab8f66ec1c,0,11,False,True,2,0,0.0,none,noMesh,9,1,2,0,2,8,5.36,10.71,1.999,2,0,0,0.0,0.0,0.0,0.0
8ab161a4-c958-49c9-8ca8-7a997292d52f,0,1,False,True,1,0,0.0,none,noMesh,4,1,0,0,2,4,2.76,2.76,1.0,1,0,0,0.0,0.0,0.0,0.0
8ab161a4-c958-49c9-8ca8-7a997292d52f,0,2,False,True,2,0,0.0,sloped,noMesh,4,2,1,1,0,26,25.14,22.91,0.911,3,1,1,0.0,90.0,42.43,0.0
8ab161a4-c958-49c9-8ca8-7a997292d52f,0,3,False,True,2,0,0.0,sloped,noMesh,4,1,1,0,0,4,12.67,12.67,1.0,3,1,1,0.0,90.0,42.43,0.0
8ab161a4-c958-49c9-8ca8-7a997292d52f,0,4,False,True,1,0,0.0,none,noMesh,4,1,1,0,0,4,6.67,6.67,1.0,1,0,0,0.0,0.0,0.0,0.0
8ab161a4-c958-49c9-8ca8-7a997292d52f,0,5,False,True,1,0,0.0,none,noMesh,4,1,2,0,0,4,6.62,6.62,1.0,1,0,0,0.0,0.0,0.0,0.0
8b723372-749f-4992-a044-d62bb99b84cc,0,0,False,True,1,0,0.0,none,noMesh,4,1,2,0,0,10,8.67,8.44,0.974,1,0,0,0.0,0.0,0.0,0.0
8b723372-749f-4992-a044-d62bb99b84cc,0,3,False,True,1,0,0.0,none,noMesh,4,0,1,0,0,7,8.48,8.5,1.002,1,0,0,0.0,0.0,0.0,0.0
8b723372-749f-4992-a044-d62bb99b84cc,0,4,False,True,2,1,0.5,sloped,noMesh,4,4,1,0,0,4,6.03,6.03,1.0,5,4,3,90.0,90.0,40.85,180.0
8b723372-749f-4992-a044-d62bb99b84cc,0,5,False,True,1,0,0.0,none,noMesh,7,0,2,0,0,13,4.67,4.24,0.909,1,0,0,0.0,0.0,0.0,0.0
8b723372-749f-4992-a044-d62bb99b84cc,1,6,False,True,2,1,0.5,none,noMesh,5,2,1,0,2,12,10.51,10.11,0.962,2,1,0,23.11,46.21,23.11,0.0
8b723372-749f-4992-a044-d62bb99b84cc,1,7,True,True,4,1,0.25,sloped,noMesh,4,1,0,0,1,4,5.34,5.34,1.0,6,5,2,45.19,90.0,31.68,143.79
8b723372-749f-4992-a044-d62bb99b84cc,1,8,False,True,12,2,0.167,none,noMesh,6,1,1,0,0,8,21.01,21.09,1.004,15,14,3,48.67,90.0,22.85,275.81
8e7e69b2-e1db-4482-8f21-93be6904a5f1,0,1,False,True,6,4,0.667,sloped,noMesh,10,2,2,1,11,7,31.28,31.28,1.0,7,5,1,7.19,90.0,29.8,179.99
8e7e69b2-e1db-4482-8f21-93be6904a5f1,1,2,False,True,1,0,0.0,none,noMesh,10,4,3,0,5,25,48.32,47.02,0.973,1,0,0,0.0,0.0,0.0,0.0
8e7e69b2-e1db-4482-8f21-93be6904a5f1,1,3,False,True,1,0,0.0,none,noMesh,4,4,0,0,0,4,5.2,5.2,1.0,1,0,0,0.0,0.0,0.0,0.0
8e7e69b2-e1db-4482-8f21-93be6904a5f1,1,4,False,True,1,0,0.0,none,noMesh,4,0,0,1,3,4,2.02,2.02,1.0,1,0,0,0.0,0.0,0.0,0.0
8e7e69b2-e1db-4482-8f21-93be6904a5f1,1,5,False,True,1,0,0.0,none,noMesh,4,0,2,1,5,4,14.23,14.23,1.0,1,0,0,0.0,0.0,0.0,0.0
8e7e69b2-e1db-4482-8f21-93be6904a5f1,1,6,False,True,1,0,0.0,none,noMesh,8,5,0,2,1,10,11.81,9.43,0.798,1,0,0,0.0,0.0,0.0,0.0
8e7e69b2-e1db-4482-8f21-93be6904a5f1,1,7,False,True,2,0,0.0,sloped,noMesh,4,0,1,1,1,4,12.45,12.45,1.0,2,1,0,8.43,16.86,8.43,0.0
8e7e69b2-e1db-4482-8f21-93be6904a5f1,1,8,False,True,1,0,0.0,none,noMesh,4,1,1,0,0,4,7.39,7.39,1.0,1,0,0,0.0,0.0,0.0,0.0
8e7e69b2-e1db-4482-8f21-93be6904a5f1,1,9,False,True,1,0,0.0,none,noMesh,4,1,1,0,4,21,5.7,4.61,0.81,1,0,0,0.0,0.0,0.0,0.0
8fc0de5f-99be-4295-b529-d389a4670a8f,0,0,False,True,1,0,0.0,none,noMesh,4,1,1,0,1,4,9.45,9.45,1.0,1,0,0,0.0,0.0,0.0,0.0
8fc0de5f-99be-4295-b529-d389a4670a8f,0,1,False,True,1,0,0.0,none,noMesh,4,2,1,1,3,10,28.37,27.8,0.98,1,0,0,0.0,0.0,0.0,0.0
8fc0de5f-99be-4295-b529-d389a4670a8f,0,2,False,True,1,0,0.0,none,noMesh,4,0,1,1,2,4,7.96,7.96,1.0,1,0,0,0.0,0.0,0.0,0.0
8fc0de5f-99be-4295-b529-d389a4670a8f,0,3,False,True,1,0,0.0,none,noMesh,4,1,1,0,1,4,7.79,7.79,1.0,1,0,0,0.0,0.0,0.0,0.0
8fc0de5f-99be-4295-b529-d389a4670a8f,0,4,False,True,1,0,0.0,none,noMesh,7,3,0,3,2,24,10.78,8.96,0.831,1,0,0,0.0,0.0,0.0,0.0
8fc0de5f-99be-4295-b529-d389a4670a8f,0,5,False,True,1,0,0.0,none,noMesh,4,1,2,1,5,4,8.8,8.8,1.0,1,0,0,0.0,0.0,0.0,0.0
8fc0de5f-99be-4295-b529-d389a4670a8f,0,6,False,True,1,0,0.0,none,noMesh,6,1,1,0,1,5,4.07,4.07,1.0,1,0,0,0.0,0.0,0.0,0.0
8fc0de5f-99be-4295-b529-d389a4670a8f,0,7,False,True,1,0,0.0,none,noMesh,7,3,0,0,4,6,7.5,7.47,0.996,1,0,0,0.0,0.0,0.0,0.0
90683bb0-28ca-42a8-82b8-09d82cd434d5,0,1,False,True,1,0,0.0,none,noMesh,4,1,1,0,1,6,6.75,6.56,0.972,1,0,0,0.0,0.0,0.0,0.0
90683bb0-28ca-42a8-82b8-09d82cd434d5,0,2,False,True,1,0,0.0,none,noMesh,7,2,3,0,3,6,29.47,29.47,1.0,1,0,0,0.0,0.0,0.0,0.0
90683bb0-28ca-42a8-82b8-09d82cd434d5,2,3,True,True,17,8,0.471,sloped,noMesh,8,1,1,0,0,10,25.47,25.46,1.0,21,19,4,47.51,90.0,28.12,277.68
90683bb0-28ca-42a8-82b8-09d82cd434d5,2,4,False,True,1,0,0.0,sloped,noMesh,4,0,0,1,2,6,3.34,3.09,0.924,1,1,0,42.87,0.0,0.0,0.0
91f66e67-37e3-4cc9-9815-a4ce71c56a0a,0,0,False,True,1,0,0.0,none,noMesh,5,2,0,0,1,5,2.43,1.82,0.75,1,0,0,0.0,0.0,0.0,0.0
91f66e67-37e3-4cc9-9815-a4ce71c56a0a,0,1,False,True,1,0,0.0,none,noMesh,2,3,0,0,3,10,5.81,5.65,0.974,1,0,0,0.0,0.0,0.0,0.0
91f66e67-37e3-4cc9-9815-a4ce71c56a0a,0,2,False,True,1,0,0.0,none,noMesh,4,2,1,0,5,4,13.02,13.02,1.0,1,0,0,0.0,0.0,0.0,0.0
91f66e67-37e3-4cc9-9815-a4ce71c56a0a,0,4,False,True,1,0,0.0,none,noMesh,6,3,3,0,5,6,38.53,38.53,1.0,1,0,0,0.0,0.0,0.0,0.0
91f66e67-37e3-4cc9-9815-a4ce71c56a0a,0,5,False,True,1,0,0.0,none,noMesh,4,1,1,0,2,4,8.2,8.2,1.0,1,0,0,0.0,0.0,0.0,0.0
91f66e67-37e3-4cc9-9815-a4ce71c56a0a,0,6,False,True,1,0,0.0,none,noMesh,4,0,1,2,4,20,28.7,13.08,0.456,1,0,0,0.0,0.0,0.0,0.0
91f66e67-37e3-4cc9-9815-a4ce71c56a0a,0,7,False,True,1,0,0.0,none,noMesh,4,1,1,0,1,4,8.75,8.75,1.0,1,0,0,0.0,0.0,0.0,0.0
91f66e67-37e3-4cc9-9815-a4ce71c56a0a,0,8,False,True,2,0,0.0,none,noMesh,6,1,1,0,3,5,5.82,16.05,2.756,2,0,0,0.0,0.0,0.0,0.0
938d6ed6-d916-462b-ba37-f421feb2af21,0,0,False,True,2,0,0.0,none,noMesh,10,5,1,0,1,15,25.31,25.23,0.997,4,2,2,45.0,90.0,45.0,0.01
938d6ed6-d916-462b-ba37-f421feb2af21,0,1,False,True,1,0,0.0,none,noMesh,1,1,0,0,0,10,6.89,6.7,0.972,1,0,0,0.0,0.0,0.0,0.0
938d6ed6-d916-462b-ba37-f421feb2af21,0,2,False,True,1,0,0.0,none,noMesh,4,1,2,0,4,12,11.02,10.13,0.919,1,0,0,0.0,0.0,0.0,0.0
938d6ed6-d916-462b-ba37-f421feb2af21,0,3,False,True,1,0,0.0,none,noMesh,6,4,0,0,0,11,7.37,6.78,0.919,1,0,0,0.0,0.0,0.0,0.0
938d6ed6-d916-462b-ba37-f421feb2af21,0,4,False,True,5,3,0.6,none,noMesh,12,4,1,0,1,11,7.55,7.55,1.0,5,3,0,6.34,12.7,5.03,180.0
938d6ed6-d916-462b-ba37-f421feb2af21,0,5,False,True,1,0,0.0,none,noMesh,3,0,1,0,1,4,4.84,4.83,1.0,1,0,0,0.0,0.0,0.0,0.0
938d6ed6-d916-462b-ba37-f421feb2af21,0,6,False,True,1,0,0.0,none,noMesh,4,1,0,0,0,4,1.0,1.0,1.0,1,0,0,0.0,0.0,0.0,0.0
938d6ed6-d916-462b-ba37-f421feb2af21,0,7,False,True,1,0,0.0,none,noMesh,7,3,2,1,4,11,29.75,29.56,0.994,1,0,0,0.0,0.0,0.0,0.0
938d6ed6-d916-462b-ba37-f421feb2af21,0,8,False,True,1,0,0.0,none,noMesh,5,1,0,2,1,26,9.94,4.96,0.5,1,0,0,0.0,0.0,0.0,0.0
938d6ed6-d916-462b-ba37-f421feb2af21,0,9,False,True,1,0,0.0,none,noMesh,4,0,0,0,1,8,2.8,2.82,1.005,1,0,0,0.0,0.0,0.0,0.0
938d6ed6-d916-462b-ba37-f421feb2af21,0,10,False,True,1,0,0.0,none,noMesh,10,1,2,0,4,15,13.12,12.26,0.935,1,0,0,0.0,0.0,0.0,0.0
938d6ed6-d916-462b-ba37-f421feb2af21,0,11,False,True,1,0,0.0,none,noMesh,9,1,1,0,2,11,11.35,11.34,0.999,1,0,0,0.0,0.0,0.0,0.0
938d6ed6-d916-462b-ba37-f421feb2af21,0,12,False,True,1,0,0.0,none,noMesh,5,3,0,0,0,7,8.35,8.54,1.023,1,0,0,0.0,0.0,0.0,0.0
938d6ed6-d916-462b-ba37-f421feb2af21,2,13,False,True,1,0,0.0,none,noMesh,9,2,1,0,1,8,9.87,10.01,1.014,1,0,0,0.0,0.0,0.0,0.0
938d6ed6-d916-462b-ba37-f421feb2af21,2,14,False,True,1,0,0.0,none,noMesh,7,1,1,0,1,16,9.12,7.09,0.777,1,0,0,0.0,0.0,0.0,0.0
938d6ed6-d916-462b-ba37-f421feb2af21,2,15,False,True,1,0,0.0,none,noMesh,11,6,3,0,5,14,50.1,49.23,0.983,1,0,0,0.0,0.0,0.0,0.0
938d6ed6-d916-462b-ba37-f421feb2af21,2,16,False,True,1,0,0.0,none,noMesh,3,0,2,0,2,6,13.95,14.18,1.016,1,0,0,0.0,0.0,0.0,0.0
938d6ed6-d916-462b-ba37-f421feb2af21,2,17,False,True,1,0,0.0,none,noMesh,7,0,1,1,3,9,8.38,8.04,0.96,1,0,0,0.0,0.0,0.0,0.0
938d6ed6-d916-462b-ba37-f421feb2af21,2,18,False,True,1,0,0.0,none,noMesh,4,0,3,1,1,4,2.77,2.77,1.0,1,0,0,0.0,0.0,0.0,0.0
938d6ed6-d916-462b-ba37-f421feb2af21,1,19,False,True,1,0,0.0,none,noMesh,4,2,4,0,4,4,59.73,59.73,1.0,1,0,0,0.0,0.0,0.0,0.0
938d6ed6-d916-462b-ba37-f421feb2af21,2,20,False,True,1,0,0.0,none,noMesh,8,1,4,1,3,17,42.18,40.72,0.965,1,0,0,0.0,0.0,0.0,0.0
938d6ed6-d916-462b-ba37-f421feb2af21,2,21,False,True,1,0,0.0,none,noMesh,4,2,2,1,0,4,7.15,7.15,1.0,1,0,0,0.0,0.0,0.0,0.0
940c5969-1037-4f02-810b-6d4c89b0582b,0,0,False,True,1,0,0.0,none,noMesh,4,1,2,1,2,4,20.77,20.77,1.0,1,0,0,0.0,0.0,0.0,0.0
940c5969-1037-4f02-810b-6d4c89b0582b,0,1,False,True,1,0,0.0,none,noMesh,3,2,2,0,3,27,23.46,23.52,1.003,1,0,0,0.0,0.0,0.0,0.0
940c5969-1037-4f02-810b-6d4c89b0582b,0,2,False,True,1,0,0.0,none,noMesh,9,4,0,1,6,11,37.06,37.06,1.0,1,0,0,0.0,0.0,0.0,0.0
940c5969-1037-4f02-810b-6d4c89b0582b,0,3,False,True,1,0,0.0,none,noMesh,3,1,2,0,10,15,20.77,20.51,0.987,1,0,0,0.0,0.0,0.0,0.0
940c5969-1037-4f02-810b-6d4c89b0582b,0,4,False,True,1,0,0.0,none,noMesh,4,2,0,1,2,26,9.98,8.61,0.862,1,0,0,0.0,0.0,0.0,0.0
940c5969-1037-4f02-810b-6d4c89b0582b,0,5,False,True,1,0,0.0,none,noMesh,4,2,1,1,1,4,11.72,11.72,1.0,1,0,0,0.0,0.0,0.0,0.0
9419424d-2dd9-4dd2-a9d9-e029e32c1f28,0,0,False,True,1,0,0.0,none,noMesh,5,1,2,0,0,5,11.47,13.75,1.198,1,0,0,0.0,0.0,0.0,0.0
9419424d-2dd9-4dd2-a9d9-e029e32c1f28,0,1,False,True,4,0,0.0,sloped,noMesh,4,1,0,0,2,36,6.24,3.39,0.544,5,4,1,14.62,90.0,31.97,157.07
9419424d-2dd9-4dd2-a9d9-e029e32c1f28,0,2,False,True,1,0,0.0,none,noMesh,6,3,0,1,0,11,3.46,4.27,1.233,1,0,0,0.0,0.0,0.0,0.0
9419424d-2dd9-4dd2-a9d9-e029e32c1f28,0,3,False,True,1,0,0.0,none,noMesh,4,2,2,2,4,4,21.01,21.01,1.0,1,0,0,0.0,0.0,0.0,0.0
9419424d-2dd9-4dd2-a9d9-e029e32c1f28,0,4,False,True,3,0,0.0,sloped,noMesh,5,0,2,0,5,6,10.18,11.19,1.099,3,2,0,16.02,24.1,10.01,50.32
9419424d-2dd9-4dd2-a9d9-e029e32c1f28,0,5,False,True,3,0,0.0,sloped,noMesh,8,2,1,1,1,7,11.95,11.96,1.0,4,2,1,7.38,90.0,37.33,91.68
9419424d-2dd9-4dd2-a9d9-e029e32c1f28,0,7,False,True,1,0,0.0,none,noMesh,5,1,2,0,1,12,9.06,9.03,0.996,1,0,0,0.0,0.0,0.0,0.0
9419424d-2dd9-4dd2-a9d9-e029e32c1f28,0,8,False,True,1,0,0.0,sloped,noMesh,6,1,1,1,0,6,6.62,6.62,1.0,1,1,0,14.64,0.0,0.0,0.0
9419424d-2dd9-4dd2-a9d9-e029e32c1f28,0,9,False,True,4,1,0.25,none,noMesh,3,0,0,1,0,10,1.64,1.79,1.091,7,6,3,30.63,90.0,38.06,269.96
945b16b9-0ebf-409e-af08-aab7672801d2,0,0,False,True,1,0,0.0,sloped,noMesh,4,2,1,0,4,4,7.37,7.37,1.0,1,1,0,11.85,0.0,0.0,0.0
945b16b9-0ebf-409e-af08-aab7672801d2,0,1,False,True,1,0,0.0,none,noMesh,5,1,1,1,7,23,16.0,10.68,0.667,3,2,2,90.0,90.0,42.43,180.0
945b16b9-0ebf-409e-af08-aab7672801d2,0,2,False,True,1,0,0.0,none,noMesh,6,2,4,1,2,6,32.23,32.23,1.0,1,0,0,0.0,0.0,0.0,0.0
945b16b9-0ebf-409e-af08-aab7672801d2,0,3,False,True,1,0,0.0,none,noMesh,7,4,0,3,4,8,9.27,8.46,0.912,1,0,0,0.0,0.0,0.0,0.0
945b16b9-0ebf-409e-af08-aab7672801d2,0,4,False,True,1,0,0.0,none,noMesh,4,1,1,0,2,4,4.17,4.17,1.0,1,0,0,0.0,0.0,0.0,0.0
945b16b9-0ebf-409e-af08-aab7672801d2,0,5,False,True,1,0,0.0,none,noMesh,6,2,1,0,2,6,11.52,11.52,1.0,1,0,0,0.0,0.0,0.0,0.0
945b16b9-0ebf-409e-af08-aab7672801d2,0,6,False,True,1,0,0.0,none,noMesh,7,1,1,0,1,6,7.98,7.98,1.0,1,0,0,0.0,0.0,0.0,0.0
945b16b9-0ebf-409e-af08-aab7672801d2,0,7,False,True,5,0,0.0,sloped,noMesh,7,1,1,0,1,6,8.13,8.12,0.999,5,3,0,10.92,11.97,4.91,6.46
964a40ac-d9df-44e1-b64b-84e02b909004,0,0,False,True,2,1,0.5,sloped,noMesh,5,2,0,0,3,4,4.97,4.97,1.0,2,1,0,12.65,25.3,12.65,0.0
964a40ac-d9df-44e1-b64b-84e02b909004,0,1,False,True,1,0,0.0,none,noMesh,9,0,1,2,9,8,9.13,9.13,1.0,1,0,0,0.0,0.0,0.0,0.0
964a40ac-d9df-44e1-b64b-84e02b909004,0,2,False,True,1,0,0.0,none,noMesh,10,4,0,2,2,29,10.51,8.7,0.828,1,0,0,0.0,0.0,0.0,0.0
964a40ac-d9df-44e1-b64b-84e02b909004,0,3,False,True,1,0,0.0,none,noMesh,7,1,1,0,1,6,7.3,7.3,1.0,1,0,0,0.0,0.0,0.0,0.0
964a40ac-d9df-44e1-b64b-84e02b909004,0,4,False,True,1,0,0.0,none,noMesh,4,1,1,0,2,4,6.85,6.85,1.0,1,0,0,0.0,0.0,0.0,0.0
964a40ac-d9df-44e1-b64b-84e02b909004,0,5,False,True,1,0,0.0,none,noMesh,7,1,0,0,2,5,3.12,3.12,1.0,1,0,0,0.0,0.0,0.0,0.0
964a40ac-d9df-44e1-b64b-84e02b909004,0,6,False,True,1,0,0.0,none,noMesh,4,2,1,0,1,4,9.3,9.3,1.0,1,0,0,0.0,0.0,0.0,0.0
964a40ac-d9df-44e1-b64b-84e02b909004,0,7,False,True,3,1,0.333,sloped,noMesh,7,2,1,0,6,17,24.53,24.01,0.979,5,3,2,9.88,90.0,42.63,158.09
964a40ac-d9df-44e1-b64b-84e02b909004,0,8,False,True,1,0,0.0,none,noMesh,3,1,2,0,0,8,12.11,19.68,1.625,1,0,0,3.81,0.0,0.0,0.0
97571caa-1065-4ac5-a385-2ec9758026dd,0,0,False,True,1,0,0.0,sloped,noMesh,6,0,1,1,4,6,6.61,6.6,0.998,2,2,1,51.22,77.56,38.78,90.0
97571caa-1065-4ac5-a385-2ec9758026dd,0,1,False,True,2,0,0.0,none,noMesh,9,1,1,1,3,21,8.54,7.73,0.904,2,0,0,0.0,0.0,0.0,0.0
97571caa-1065-4ac5-a385-2ec9758026dd,0,2,True,True,10,1,0.1,sloped,noMesh,12,7,1,2,10,14,35.19,35.19,1.0,10,8,0,14.5,65.5,18.12,243.77
97571caa-1065-4ac5-a385-2ec9758026dd,0,3,False,True,1,0,0.0,sloped,noMesh,4,1,1,0,1,4,4.29,4.29,1.0,1,1,0,14.33,0.0,0.0,0.0
97571caa-1065-4ac5-a385-2ec9758026dd,0,4,False,True,10,0,0.0,sloped,noMesh,8,3,1,0,0,11,12.16,11.76,0.967,10,9,0,14.55,29.43,7.54,95.02
97571caa-1065-4ac5-a385-2ec9758026dd,0,5,False,True,1,0,0.0,none,noMesh,4,0,0,1,2,4,2.41,2.41,1.0,1,0,0,0.0,0.0,0.0,0.0
97571caa-1065-4ac5-a385-2ec9758026dd,0,6,False,True,1,0,0.0,none,noMesh,1,0,0,1,2,13,4.56,3.72,0.816,1,1,0,13.37,0.0,0.0,0.0
97571caa-1065-4ac5-a385-2ec9758026dd,0,7,False,True,1,0,0.0,none,noMesh,8,2,0,0,2,5,10.87,10.87,1.0,1,0,0,0.0,0.0,0.0,0.0
97571caa-1065-4ac5-a385-2ec9758026dd,0,8,False,True,1,0,0.0,none,noMesh,4,1,1,0,0,32,10.59,8.09,0.764,1,0,0,0.0,0.0,0.0,0.0
97571caa-1065-4ac5-a385-2ec9758026dd,0,9,False,True,1,0,0.0,none,noMesh,6,1,1,0,0,8,10.84,10.69,0.986,1,0,0,0.0,0.0,0.0,0.0
97571caa-1065-4ac5-a385-2ec9758026dd,0,10,False,True,4,3,0.75,none,noMesh,4,1,2,1,0,14,39.03,38.81,0.994,6,5,2,69.04,90.0,30.28,180.0
9829323a-4939-45bf-ae66-b950b18ddf52,0,0,False,True,1,0,0.0,none,noMesh,11,2,4,1,6,12,28.22,27.92,0.989,1,0,0,0.0,0.0,0.0,0.0
9829323a-4939-45bf-ae66-b950b18ddf52,0,1,False,True,1,0,0.0,none,noMesh,4,1,2,0,2,11,9.67,8.8,0.91,1,0,0,0.0,0.0,0.0,0.0
9829323a-4939-45bf-ae66-b950b18ddf52,0,2,False,True,1,0,0.0,none,noMesh,4,2,3,0,2,12,15.95,15.18,0.952,1,0,0,0.0,0.0,0.0,0.0
9829323a-4939-45bf-ae66-b950b18ddf52,0,3,False,True,1,0,0.0,none,noMesh,4,2,0,0,3,4,4.24,4.24,1.0,1,0,0,0.0,0.0,0.0,0.0
9829323a-4939-45bf-ae66-b950b18ddf52,0,4,False,True,1,0,0.0,none,noMesh,5,0,2,0,0,6,2.21,2.22,1.005,1,0,0,0.0,0.0,0.0,0.0
98472f6b-45bc-4814-a4b8-914f8f6976dd,0,0,False,True,1,0,0.0,sloped,noMesh,4,3,2,0,3,6,11.97,11.43,0.955,1,1,0,7.63,0.0,0.0,0.0
98472f6b-45bc-4814-a4b8-914f8f6976dd,0,1,False,True,5,0,0.0,sloped,noMesh,4,2,1,1,4,9,8.15,8.03,0.985,6,3,1,5.15,90.0,32.31,180.0
98472f6b-45bc-4814-a4b8-914f8f6976dd,0,2,False,True,7,1,0.143,sloped,noMesh,12,6,0,1,2,24,9.26,7.74,0.836,9,8,2,18.72,90.0,32.16,278.7
98472f6b-45bc-4814-a4b8-914f8f6976dd,0,3,False,True,2,0,0.0,sloped,noMesh,6,2,2,1,3,6,28.22,28.22,1.0,2,1,0,4.35,8.7,4.35,0.0
98472f6b-45bc-4814-a4b8-914f8f6976dd,0,4,False,True,4,0,0.0,sloped,noMesh,6,2,1,0,2,8,8.27,13.52,1.635,4,2,0,3.83,7.85,3.88,30.23
98472f6b-45bc-4814-a4b8-914f8f6976dd,0,5,False,True,1,0,0.0,none,noMesh,5,0,1,0,2,6,1.85,0.86,0.465,1,1,0,5.2,0.0,0.0,0.0
98472f6b-45bc-4814-a4b8-914f8f6976dd,0,6,False,True,5,0,0.0,sloped,noMesh,6,1,1,0,2,6,6.52,6.52,1.0,5,4,0,6.69,10.12,3.28,63.06
992198d7-4dfe-4ecd-9fa0-b66fa6cac3fd,0,0,False,True,1,0,0.0,none,noMesh,4,1,1,0,2,4,11.32,11.32,1.0,1,0,0,0.0,0.0,0.0,0.0
992198d7-4dfe-4ecd-9fa0-b66fa6cac3fd,0,1,False,True,1,0,0.0,none,noMesh,5,1,1,0,2,14,12.68,11.22,0.885,1,0,0,0.0,0.0,0.0,0.0
992198d7-4dfe-4ecd-9fa0-b66fa6cac3fd,0,2,False,True,1,0,0.0,none,noMesh,6,1,1,0,0,6,7.62,7.62,1.0,1,0,0,0.0,0.0,0.0,0.0
992198d7-4dfe-4ecd-9fa0-b66fa6cac3fd,0,3,False,True,2,0,0.0,none,noMesh,9,1,1,1,1,10,4.59,3.63,0.791,2,0,0,0.0,0.0,0.0,0.0
992198d7-4dfe-4ecd-9fa0-b66fa6cac3fd,0,4,True,True,9,3,0.333,sloped,noMesh,11,4,5,1,7,10,56.18,56.13,0.999,9,7,0,14.01,78.18,28.89,255.7
992198d7-4dfe-4ecd-9fa0-b66fa6cac3fd,0,5,False,True,2,0,0.0,none,noMesh,9,3,2,1,1,15,13.93,12.74,0.914,2,0,0,0.0,0.0,0.0,0.0
992198d7-4dfe-4ecd-9fa0-b66fa6cac3fd,0,6,False,True,1,0,0.0,none,noMesh,8,1,1,0,1,8,4.53,4.53,1.0,1,0,0,0.0,0.0,0.0,0.0
992198d7-4dfe-4ecd-9fa0-b66fa6cac3fd,0,7,False,True,2,0,0.0,none,noMesh,13,5,2,2,2,9,19.61,19.67,1.003,2,0,0,0.0,0.0,0.0,0.0
9bb4ada4-60fb-4ab0-8e05-de49acc92623,0,0,False,True,1,0,0.0,none,noMesh,6,1,2,0,5,6,13.73,13.73,1.0,1,0,0,0.0,0.0,0.0,0.0
9bb4ada4-60fb-4ab0-8e05-de49acc92623,0,1,False,True,2,0,0.0,none,noMesh,8,1,1,1,2,7,3.9,3.9,1.0,2,0,0,0.0,0.0,0.0,0.0
9bb4ada4-60fb-4ab0-8e05-de49acc92623,0,2,False,True,1,0,0.0,none,noMesh,4,1,1,0,1,26,10.1,7.52,0.744,1,0,0,0.0,0.0,0.0,0.0
9bb4ada4-60fb-4ab0-8e05-de49acc92623,0,3,False,True,2,0,0.0,sloped,noMesh,4,2,2,0,2,6,10.12,10.12,1.0,2,1,0,3.47,6.94,3.47,0.0
9bb4ada4-60fb-4ab0-8e05-de49acc92623,0,5,False,True,1,0,0.0,none,noMesh,6,6,0,1,2,9,11.31,10.84,0.959,1,0,0,0.0,0.0,0.0,0.0
9bb4ada4-60fb-4ab0-8e05-de49acc92623,0,6,False,True,1,0,0.0,none,noMesh,6,1,3,1,2,6,34.79,34.79,1.0,1,0,0,0.0,0.0,0.0,0.0
9bb4ada4-60fb-4ab0-8e05-de49acc92623,0,7,False,True,2,0,0.0,none,noMesh,4,2,5,1,4,10,28.42,41.31,1.453,2,0,0,0.0,0.0,0.0,0.0
9bc73438-328e-440e-a4be-25efa61d3b7c,0,2,False,True,1,0,0.0,sloped,noMesh,4,0,2,1,2,4,3.56,3.56,1.0,1,1,0,6.11,0.0,0.0,0.0
9bc73438-328e-440e-a4be-25efa61d3b7c,0,3,False,True,1,0,0.0,none,noMesh,4,1,1,0,2,4,3.62,3.62,1.0,1,0,0,0.0,0.0,0.0,0.0
9bc73438-328e-440e-a4be-25efa61d3b7c,0,4,False,True,3,0,0.0,sloped,noMesh,8,4,1,0,0,8,8.15,8.17,1.002,3,1,0,0.0,9.08,4.28,0.0
9bc73438-328e-440e-a4be-25efa61d3b7c,0,6,False,True,1,0,0.0,none,noMesh,7,4,5,0,1,6,37.97,37.97,1.0,1,0,0,0.0,0.0,0.0,0.0
9bc73438-328e-440e-a4be-25efa61d3b7c,0,7,False,True,1,0,0.0,none,noMesh,6,4,1,0,6,11,9.1,8.37,0.919,2,1,1,45.0,90.0,45.0,0.0
9bc73438-328e-440e-a4be-25efa61d3b7c,0,8,False,True,1,0,0.0,none,noMesh,4,1,1,0,4,4,3.18,3.18,1.0,1,0,0,0.0,0.0,0.0,0.0
9bdc330e-6144-499b-9c70-3fc6f0c4ebf3,1,0,False,True,1,0,0.0,none,noMesh,6,1,1,0,2,6,7.84,7.84,1.0,1,0,0,0.0,0.0,0.0,0.0
9bdc330e-6144-499b-9c70-3fc6f0c4ebf3,1,1,False,True,1,0,0.0,none,noMesh,5,3,0,1,0,4,1.96,1.96,1.0,1,0,0,0.0,0.0,0.0,0.0
9bdc330e-6144-499b-9c70-3fc6f0c4ebf3,1,2,False,True,1,0,0.0,none,noMesh,6,1,1,0,3,14,13.14,12.86,0.979,1,0,0,0.0,0.0,0.0,0.0
9bdc330e-6144-499b-9c70-3fc6f0c4ebf3,1,3,False,True,1,0,0.0,none,noMesh,8,4,1,1,1,8,11.82,11.82,1.0,1,0,0,0.0,0.0,0.0,0.0
9bdc330e-6144-499b-9c70-3fc6f0c4ebf3,1,4,False,True,1,0,0.0,none,noMesh,4,2,2,1,6,4,30.47,30.47,1.0,1,0,0,0.0,0.0,0.0,0.0
9bdc330e-6144-499b-9c70-3fc6f0c4ebf3,1,5,False,True,1,0,0.0,none,noMesh,10,1,3,1,0,5,29.87,29.87,1.0,1,0,0,0.0,0.0,0.0,0.0
9bdc330e-6144-499b-9c70-3fc6f0c4ebf3,1,6,False,True,1,0,0.0,none,noMesh,5,4,0,0,0,4,2.11,2.11,1.0,1,0,0,0.0,0.0,0.0,0.0
9bdc330e-6144-499b-9c70-3fc6f0c4ebf3,1,7,False,True,1,0,0.0,none,noMesh,4,1,3,0,1,5,14.35,14.35,1.0,1,0,0,0.0,0.0,0.0,0.0
9bdc330e-6144-499b-9c70-3fc6f0c4ebf3,1,8,False,True,1,0,0.0,none,noMesh,4,1,1,0,3,4,9.13,9.13,1.0,1,0,0,0.0,0.0,0.0,0.0
9bdc330e-6144-499b-9c70-3fc6f0c4ebf3,1,9,False,True,1,0,0.0,none,noMesh,4,1,1,0,0,4,3.24,3.24,1.0,1,0,0,0.0,0.0,0.0,0.0
9bdc330e-6144-499b-9c70-3fc6f0c4ebf3,1,10,False,True,1,0,0.0,none,noMesh,5,1,1,0,3,21,11.84,9.11,0.769,1,0,0,0.0,0.0,0.0,0.0
9bdc330e-6144-499b-9c70-3fc6f0c4ebf3,1,11,False,True,1,0,0.0,none,noMesh,4,1,1,0,1,16,5.21,4.31,0.828,1,0,0,0.0,0.0,0.0,0.0
9bdc330e-6144-499b-9c70-3fc6f0c4ebf3,0,13,False,True,1,0,0.0,none,noMesh,4,2,1,0,2,4,25.35,25.35,1.0,2,1,1,45.0,90.0,45.0,0.0
9c07bf97-56cd-4d82-a99d-00809d1d8537,0,0,False,True,1,0,0.0,none,noMesh,6,3,4,0,2,6,41.05,41.05,1.0,1,0,0,0.0,0.0,0.0,0.0
9c07bf97-56cd-4d82-a99d-00809d1d8537,0,1,False,True,1,0,0.0,none,noMesh,11,7,0,2,1,10,12.37,12.52,1.012,1,0,0,0.0,0.0,0.0,0.0
9c07bf97-56cd-4d82-a99d-00809d1d8537,0,2,False,True,1,0,0.0,none,noMesh,4,2,1,0,6,4,11.21,11.21,1.0,1,0,0,0.0,0.0,0.0,0.0
9c07bf97-56cd-4d82-a99d-00809d1d8537,0,3,False,True,1,0,0.0,none,noMesh,4,1,1,0,1,11,2.39,1.8,0.754,1,0,0,0.0,0.0,0.0,0.0
9c07bf97-56cd-4d82-a99d-00809d1d8537,0,4,False,True,1,0,0.0,none,noMesh,4,2,0,0,3,4,16.8,16.8,1.0,1,0,0,0.0,0.0,0.0,0.0
9c07bf97-56cd-4d82-a99d-00809d1d8537,0,5,False,True,1,0,0.0,none,noMesh,4,1,0,0,7,8,8.26,8.29,1.004,1,0,0,0.0,0.0,0.0,0.0
9c07bf97-56cd-4d82-a99d-00809d1d8537,0,6,False,True,1,0,0.0,none,noMesh,5,1,2,0,4,4,4.99,4.99,1.0,1,0,0,0.0,0.0,0.0,0.0
9c07bf97-56cd-4d82-a99d-00809d1d8537,0,7,False,True,1,0,0.0,none,noMesh,4,1,1,0,2,4,8.88,8.88,1.0,1,0,0,0.0,0.0,0.0,0.0
9c07bf97-56cd-4d82-a99d-00809d1d8537,0,8,False,True,1,0,0.0,none,noMesh,4,4,0,0,1,35,9.28,6.89,0.742,1,0,0,0.0,0.0,0.0,0.0
9c07bf97-56cd-4d82-a99d-00809d1d8537,0,9,False,True,1,0,0.0,none,noMesh,4,1,1,0,2,4,11.0,11.0,1.0,1,0,0,0.0,0.0,0.0,0.0
9c07bf97-56cd-4d82-a99d-00809d1d8537,0,10,False,True,1,0,0.0,none,noMesh,10,1,2,0,4,11,12.99,12.69,0.977,1,0,0,0.0,0.0,0.0,0.0
9c42b8bc-b55c-427b-b695-9d073c5f8a75,1,9,False,True,5,2,0.4,none,noMesh,9,2,2,1,2,13,24.97,23.68,0.948,6,5,1,46.21,90.0,29.25,180.44
9c42b8bc-b55c-427b-b695-9d073c5f8a75,1,10,True,True,7,3,0.429,sloped,noMesh,14,3,2,1,3,24,34.48,32.96,0.956,10,9,3,50.28,90.0,26.73,270.0
9c42b8bc-b55c-427b-b695-9d073c5f8a75,1,11,False,True,3,1,0.333,sloped,noMesh,6,1,2,0,5,11,12.23,12.04,0.985,4,3,1,48.63,90.0,31.9,180.19
9c42b8bc-b55c-427b-b695-9d073c5f8a75,1,12,False,True,2,1,0.5,none,noMesh,4,1,1,0,3,10,17.79,18.02,1.013,3,2,1,46.51,90.0,36.75,0.01
9c42b8bc-b55c-427b-b695-9d073c5f8a75,1,13,False,True,2,1,0.5,none,noMesh,6,1,1,0,4,6,18.24,18.25,1.001,3,2,1,45.14,90.0,36.74,89.77
9c80d7ae-2804-4b2f-83bb-544927398846,0,0,False,True,1,0,0.0,none,noMesh,6,2,1,0,4,10,13.25,14.14,1.067,1,0,0,0.0,0.0,0.0,0.0
9c80d7ae-2804-4b2f-83bb-544927398846,0,1,False,True,1,0,0.0,none,noMesh,4,0,1,1,1,9,4.58,4.18,0.913,1,0,0,0.0,0.0,0.0,0.0
9c80d7ae-2804-4b2f-83bb-544927398846,0,2,False,True,1,0,0.0,none,noMesh,4,1,3,1,3,4,37.02,37.02,1.0,1,0,0,0.0,0.0,0.0,0.0
9c80d7ae-2804-4b2f-83bb-544927398846,0,3,False,True,1,0,0.0,none,noMesh,3,0,3,0,3,6,21.23,22.6,1.064,2,1,1,45.0,90.0,45.0,0.0
9c80d7ae-2804-4b2f-83bb-544927398846,0,4,False,True,1,0,0.0,none,noMesh,8,5,4,2,7,12,34.9,33.59,0.962,1,0,0,0.0,0.0,0.0,0.0
9c80d7ae-2804-4b2f-83bb-544927398846,0,7,False,True,1,0,0.0,none,noMesh,11,4,2,0,0,12,9.75,9.56,0.981,1,0,0,0.0,0.0,0.0,0.0
9c80d7ae-2804-4b2f-83bb-544927398846,0,8,False,True,1,0,0.0,none,noMesh,4,0,1,0,1,8,3.01,3.22,1.069,1,0,0,0.0,0.0,0.0,0.0
9c80d7ae-2804-4b2f-83bb-544927398846,0,9,False,True,1,0,0.0,none,noMesh,7,3,1,0,2,6,13.59,13.59,1.0,1,0,0,0.0,0.0,0.0,0.0
9c80d7ae-2804-4b2f-83bb-544927398846,0,11,False,True,1,0,0.0,none,noMesh,4,4,2,0,1,19,22.3,19.95,0.895,1,0,0,0.0,0.0,0.0,0.0
9c80d7ae-2804-4b2f-83bb-544927398846,0,12,False,True,1,0,0.0,none,noMesh,4,1,5,0,2,4,22.93,22.93,1.0,1,0,0,0.0,0.0,0.0,0.0
9c80d7ae-2804-4b2f-83bb-544927398846,0,13,False,True,1,0,0.0,none,noMesh,1,1,0,0,2,11,3.0,2.81,0.938,1,0,0,0.0,0.0,0.0,0.0
9c80d7ae-2804-4b2f-83bb-544927398846,0,14,False,True,1,0,0.0,none,noMesh,2,1,3,0,2,6,18.48,18.73,1.014,1,0,0,0.0,0.0,0.0,0.0
9c80d7ae-2804-4b2f-83bb-544927398846,1,15,False,True,1,0,0.0,flat,noMesh,6,4,1,0,1,6,13.96,13.96,1.0,2,1,1,45.0,90.0,45.0,0.0
9c80d7ae-2804-4b2f-83bb-544927398846,1,16,False,True,1,0,0.0,none,noMesh,6,2,1,0,3,10,5.58,5.24,0.94,1,0,0,0.0,0.0,0.0,0.0
9dce7b8f-036f-42bb-9645-a1b5cc17fbd1,0,0,False,True,1,0,0.0,none,noMesh,5,3,1,0,1,4,10.9,10.9,1.0,1,0,0,0.0,0.0,0.0,0.0
9dce7b8f-036f-42bb-9645-a1b5cc17fbd1,0,1,False,True,1,0,0.0,none,noMesh,5,3,0,0,0,4,8.5,8.5,1.0,1,0,0,0.0,0.0,0.0,0.0
9dce7b8f-036f-42bb-9645-a1b5cc17fbd1,0,2,False,True,1,0,0.0,none,noMesh,4,1,1,0,1,4,7.02,7.02,1.0,1,0,0,0.0,0.0,0.0,0.0
9dce7b8f-036f-42bb-9645-a1b5cc17fbd1,0,3,False,True,1,0,0.0,none,noMesh,5,3,0,1,1,8,7.67,7.68,1.002,1,0,0,0.0,0.0,0.0,0.0
9dce7b8f-036f-42bb-9645-a1b5cc17fbd1,0,4,False,True,1,0,0.0,none,noMesh,4,1,1,0,2,4,6.96,6.96,1.0,1,0,0,0.0,0.0,0.0,0.0
9dce7b8f-036f-42bb-9645-a1b5cc17fbd1,0,5,False,True,1,0,0.0,none,noMesh,6,3,1,0,6,38,36.95,31.64,0.856,1,0,0,0.0,0.0,0.0,0.0
9dce7b8f-036f-42bb-9645-a1b5cc17fbd1,0,6,False,True,1,0,0.0,none,noMesh,8,2,1,0,7,9,15.39,15.39,1.0,1,0,0,0.0,0.0,0.0,0.0
9dce7b8f-036f-42bb-9645-a1b5cc17fbd1,0,7,False,True,1,0,0.0,none,noMesh,4,3,2,0,2,4,7.51,7.51,1.0,1,0,0,0.0,0.0,0.0,0.0
9dce7b8f-036f-42bb-9645-a1b5cc17fbd1,0,8,False,True,7,2,0.286,sloped,noMesh,10,2,1,0,6,9,16.6,16.6,1.0,9,7,2,24.81,90.0,32.69,264.83
a085ad69-b4d4-4296-bc5e-731a0cceec5e,0,0,False,True,1,0,0.0,none,noMesh,2,2,1,0,2,4,6.78,6.8,1.002,1,0,0,0.0,0.0,0.0,0.0
a085ad69-b4d4-4296-bc5e-731a0cceec5e,0,1,False,True,1,0,0.0,none,noMesh,5,1,1,1,8,16,11.04,10.48,0.95,1,0,0,0.0,0.0,0.0,0.0
a085ad69-b4d4-4296-bc5e-731a0cceec5e,0,2,False,True,1,0,0.0,none,noMesh,9,9,0,2,2,10,13.0,11.52,0.886,1,0,0,0.0,0.0,0.0,0.0
a085ad69-b4d4-4296-bc5e-731a0cceec5e,0,3,False,True,1,0,0.0,none,noMesh,4,1,1,0,0,22,12.39,8.21,0.663,1,0,0,0.0,0.0,0.0,0.0
a085ad69-b4d4-4296-bc5e-731a0cceec5e,0,4,False,True,1,0,0.0,none,noMesh,4,0,1,2,3,4,4.53,4.53,1.0,1,0,0,0.0,0.0,0.0,0.0
a085ad69-b4d4-4296-bc5e-731a0cceec5e,0,5,False,True,1,0,0.0,none,noMesh,5,1,1,0,2,4,9.33,9.33,1.0,1,0,0,0.0,0.0,0.0,0.0
a085ad69-b4d4-4296-bc5e-731a0cceec5e,0,6,False,True,1,0,0.0,none,noMesh,4,1,1,0,4,4,12.2,12.2,1.0,1,0,0,0.0,0.0,0.0,0.0
a085ad69-b4d4-4296-bc5e-731a0cceec5e,0,7,False,True,1,0,0.0,none,noMesh,7,2,1,0,2,9,8.26,7.91,0.957,1,0,0,0.0,0.0,0.0,0.0
a085ad69-b4d4-4296-bc5e-731a0cceec5e,0,8,False,True,1,0,0.0,none,noMesh,4,1,1,0,2,7,2.28,2.11,0.925,1,0,0,0.0,0.0,0.0,0.0
a085ad69-b4d4-4296-bc5e-731a0cceec5e,0,9,False,True,1,0,0.0,none,noMesh,6,4,5,0,6,6,41.91,41.91,1.0,1,0,0,0.0,0.0,0.0,0.0
a085ad69-b4d4-4296-bc5e-731a0cceec5e,0,10,False,True,1,0,0.0,none,noMesh,3,0,5,0,0,4,29.35,29.37,1.001,2,1,1,45.64,88.73,44.36,0.0
a1ac389f-7406-4ddf-a270-d9a5e72dbf51,2,2,False,True,12,5,0.417,sloped,noMesh,10,0,3,2,1,9,13.25,13.25,1.0,14,12,2,49.36,90.0,27.52,255.86
a1ac389f-7406-4ddf-a270-d9a5e72dbf51,2,3,False,True,1,0,0.0,none,noMesh,5,4,0,0,0,9,3.01,3.09,1.027,1,0,0,0.0,0.0,0.0,0.0
a1ac389f-7406-4ddf-a270-d9a5e72dbf51,1,4,False,True,1,0,0.0,none,noMesh,4,1,1,1,1,4,11.45,11.45,1.0,1,0,0,0.0,0.0,0.0,0.0
a1ac389f-7406-4ddf-a270-d9a5e72dbf51,1,5,False,True,1,0,0.0,none,noMesh,7,2,1,0,0,8,4.98,5.52,1.107,2,1,1,45.0,90.0,45.0,0.0
a1ac389f-7406-4ddf-a270-d9a5e72dbf51,0,9,False,True,3,0,0.0,none,noMesh,8,4,3,0,2,18,13.45,24.1,1.792,3,0,0,0.0,0.0,0.0,0.0
a317a543-06cf-4f1b-97d2-139c26c1cb13,1,0,False,True,4,1,0.25,none,noMesh,24,7,3,1,7,31,31.37,29.01,0.925,9,6,5,90.0,90.0,43.87,180.0
a317a543-06cf-4f1b-97d2-139c26c1cb13,1,1,False,True,1,0,0.0,none,noMesh,6,1,0,0,2,15,9.09,7.61,0.838,1,0,0,0.0,0.0,0.0,0.0
a317a543-06cf-4f1b-97d2-139c26c1cb13,1,2,False,True,1,0,0.0,none,noMesh,7,1,1,0,1,7,5.19,5.19,0.999,1,0,0,0.0,0.0,0.0,0.0
a317a543-06cf-4f1b-97d2-139c26c1cb13,1,3,False,True,1,0,0.0,none,noMesh,17,5,5,2,6,13,49.08,49.11,1.001,1,0,0,0.0,0.0,0.0,0.0
a317a543-06cf-4f1b-97d2-139c26c1cb13,1,4,False,True,7,4,0.571,none,noMesh,22,5,12,1,7,20,82.93,82.04,0.989,8,5,1,6.5,90.0,28.3,245.44
a317a543-06cf-4f1b-97d2-139c26c1cb13,1,5,False,True,8,7,0.875,sloped,noMesh,8,1,1,0,1,12,11.45,11.08,0.967,11,10,3,58.36,90.0,25.52,189.38
a317a543-06cf-4f1b-97d2-139c26c1cb13,2,8,False,True,13,9,0.692,sloped,noMesh,8,1,1,0,2,13,38.16,38.24,1.002,16,15,3,48.97,90.0,23.26,270.0
a317a543-06cf-4f1b-97d2-139c26c1cb13,2,9,False,True,3,1,0.333,none,noMesh,3,0,1,0,0,4,18.17,18.55,1.021,4,3,1,33.41,90.0,34.08,180.0
a317a543-06cf-4f1b-97d2-139c26c1cb13,2,10,True,True,16,7,0.438,sloped,noMesh,20,9,1,0,3,16,71.97,71.79,0.997,21,19,5,50.77,90.0,27.31,270.18
a317a543-06cf-4f1b-97d2-139c26c1cb13,2,11,False,True,1,0,0.0,none,noMesh,4,1,1,0,0,9,3.37,3.03,0.897,1,0,0,0.0,0.0,0.0,0.0
a3997c27-0367-483e-a462-64847105997d,0,0,False,True,1,0,0.0,none,noMesh,3,2,1,0,2,9,15.0,15.08,1.006,1,0,0,0.0,0.0,0.0,0.0
a3997c27-0367-483e-a462-64847105997d,0,1,False,True,1,0,0.0,none,noMesh,6,2,2,0,3,7,4.92,4.79,0.975,1,0,0,0.0,0.0,0.0,0.0
a3997c27-0367-483e-a462-64847105997d,0,2,False,True,1,0,0.0,none,noMesh,4,4,0,0,1,9,7.74,7.16,0.925,1,0,0,0.0,0.0,0.0,0.0
a3997c27-0367-483e-a462-64847105997d,0,3,False,True,1,0,0.0,none,noMesh,4,4,1,1,4,9,39.41,35.37,0.897,1,0,0,0.0,0.0,0.0,0.0
a3997c27-0367-483e-a462-64847105997d,0,4,False,True,1,0,0.0,none,noMesh,4,4,1,0,8,4,23.47,23.47,1.0,1,0,0,0.0,0.0,0.0,0.0
a3997c27-0367-483e-a462-64847105997d,0,5,False,True,1,0,0.0,none,noMesh,4,1,1,0,3,4,8.87,8.87,1.0,1,0,0,0.0,0.0,0.0,0.0
a3997c27-0367-483e-a462-64847105997d,0,6,False,True,1,0,0.0,none,noMesh,5,1,1,0,2,4,9.01,9.01,1.0,1,0,0,0.0,0.0,0.0,0.0
a3997c27-0367-483e-a462-64847105997d,0,7,False,True,1,0,0.0,none,noMesh,5,1,1,0,2,4,3.86,3.86,1.0,1,0,0,0.0,0.0,0.0,0.0
a3997c27-0367-483e-a462-64847105997d,0,8,False,True,1,0,0.0,none,noMesh,7,0,1,1,5,6,8.63,8.63,1.0,1,0,0,0.0,0.0,0.0,0.0
a3997c27-0367-483e-a462-64847105997d,0,9,False,True,1,0,0.0,none,noMesh,2,5,0,0,1,6,4.35,4.53,1.043,1,0,0,0.0,0.0,0.0,0.0
a3997c27-0367-483e-a462-64847105997d,0,10,False,True,1,0,0.0,none,noMesh,4,2,0,0,4,20,16.15,10.18,0.63,1,0,0,0.0,0.0,0.0,0.0
a430ffa9-a314-4352-8b54-dfbd04634861,1,0,False,True,5,1,0.2,sloped,noMesh,8,4,2,0,0,8,22.7,25.76,1.135,8,6,3,41.41,90.0,35.75,180.71
a430ffa9-a314-4352-8b54-dfbd04634861,1,1,False,True,2,0,0.0,sloped,noMesh,3,0,2,0,0,7,9.32,9.13,0.98,2,1,0,21.63,43.26,21.63,0.0
a430ffa9-a314-4352-8b54-dfbd04634861,1,2,False,True,1,0,0.0,none,noMesh,4,1,1,0,0,10,15.2,14.32,0.942,1,0,0,0.0,0.0,0.0,0.0
a430ffa9-a314-4352-8b54-dfbd04634861,1,3,False,True,2,0,0.0,sloped,noMesh,4,1,1,0,0,4,9.47,9.47,1.0,2,1,0,21.15,42.3,21.15,0.0
a430ffa9-a314-4352-8b54-dfbd04634861,0,5,False,True,1,0,0.0,none,noMesh,6,1,0,0,1,6,2.8,2.8,1.0,2,1,1,45.0,90.0,45.0,0.0
a430ffa9-a314-4352-8b54-dfbd04634861,0,8,False,True,1,0,0.0,none,noMesh,4,1,1,0,3,4,7.5,7.5,1.0,1,0,0,0.0,0.0,0.0,0.0
a443b86f-c86a-47a7-abef-0a56893c99b0,0,1,False,True,2,0,0.0,none,noMesh,8,3,1,0,2,7,5.64,5.64,1.0,2,0,0,0.0,0.0,0.0,0.0
a443b86f-c86a-47a7-abef-0a56893c99b0,0,2,False,True,1,0,0.0,none,noMesh,6,1,1,1,1,6,12.11,12.11,1.0,1,0,0,0.0,0.0,0.0,0.0
a443b86f-c86a-47a7-abef-0a56893c99b0,0,3,False,True,2,0,0.0,none,noMesh,4,1,0,0,1,30,11.78,59.71,5.07,2,0,0,0.0,0.0,0.0,0.0
a443b86f-c86a-47a7-abef-0a56893c99b0,0,4,False,True,1,0,0.0,none,noMesh,4,3,3,0,0,5,14.05,13.57,0.966,2,1,1,45.0,90.0,45.0,0.0
a443b86f-c86a-47a7-abef-0a56893c99b0,1,6,False,True,6,4,0.667,none,noMesh,10,3,3,0,2,10,24.44,24.49,1.002,6,5,0,44.64,55.3,17.89,179.9
a443b86f-c86a-47a7-abef-0a56893c99b0,1,7,False,True,1,0,0.0,none,noMesh,13,3,0,1,2,23,8.97,7.64,0.852,1,0,0,0.0,0.0,0.0,0.0
a443b86f-c86a-47a7-abef-0a56893c99b0,1,8,False,True,5,4,0.8,none,noMesh,5,1,1,1,1,5,8.01,8.0,0.999,6,5,1,39.65,90.0,27.12,116.54
a443b86f-c86a-47a7-abef-0a56893c99b0,1,9,False,True,2,0,0.0,none,noMesh,7,2,2,0,0,8,13.36,13.35,0.999,2,1,0,22.16,44.32,22.16,0.0
a492a5d6-ab9f-4b1e-bbfe-4762c1370a40,0,0,False,True,6,3,0.5,none,noMesh,5,0,1,0,1,4,8.29,8.29,1.0,8,5,2,14.01,90.0,36.24,146.69
a492a5d6-ab9f-4b1e-bbfe-4762c1370a40,1,1,False,True,1,0,0.0,none,noMesh,9,6,0,0,1,10,8.5,7.75,0.912,1,0,0,0.0,0.0,0.0,0.0
a492a5d6-ab9f-4b1e-bbfe-4762c1370a40,1,2,False,True,1,0,0.0,none,noMesh,4,1,2,0,1,4,11.94,11.94,1.0,1,0,0,0.0,0.0,0.0,0.0
a492a5d6-ab9f-4b1e-bbfe-4762c1370a40,1,4,False,True,1,0,0.0,none,noMesh,5,1,1,2,7,4,10.58,10.58,1.0,1,0,0,0.0,0.0,0.0,0.0
a492a5d6-ab9f-4b1e-bbfe-4762c1370a40,1,5,False,True,1,0,0.0,sloped,noMesh,4,1,2,0,2,4,3.99,3.99,1.0,1,1,0,6.37,0.0,0.0,0.0
a492a5d6-ab9f-4b1e-bbfe-4762c1370a40,1,6,False,True,1,0,0.0,none,noMesh,3,1,0,1,0,24,5.38,3.52,0.654,1,0,0,0.0,0.0,0.0,0.0
a492a5d6-ab9f-4b1e-bbfe-4762c1370a40,2,8,False,True,9,4,0.444,sloped,noMesh,9,1,2,0,0,8,12.84,12.84,1.0,9,7,0,15.18,57.08,21.22,234.02
a492a5d6-ab9f-4b1e-bbfe-4762c1370a40,2,9,False,True,4,1,0.25,sloped,noMesh,4,1,1,0,0,4,13.08,13.08,1.0,4,3,0,43.17,45.67,19.16,179.99
a492a5d6-ab9f-4b1e-bbfe-4762c1370a40,2,10,False,True,3,2,0.667,none,noMesh,6,2,0,0,0,17,4.21,3.89,0.923,7,6,4,90.0,90.0,40.21,90.0
a4d6eef3-6107-45a3-bd37-3cf2ef4e9efb,0,0,False,True,1,0,0.0,none,noMesh,6,2,1,0,4,26,9.41,7.8,0.829,1,0,0,0.0,0.0,0.0,0.0
a4d6eef3-6107-45a3-bd37-3cf2ef4e9efb,0,1,False,True,1,0,0.0,none,noMesh,4,1,1,0,4,4,12.1,12.1,1.0,1,0,0,0.0,0.0,0.0,0.0
a4d6eef3-6107-45a3-bd37-3cf2ef4e9efb,0,2,False,True,1,0,0.0,none,noMesh,6,1,1,0,4,5,5.84,5.84,1.0,1,0,0,0.0,0.0,0.0,0.0
a4d6eef3-6107-45a3-bd37-3cf2ef4e9efb,0,3,False,True,1,0,0.0,none,noMesh,2,0,1,1,2,6,7.83,7.92,1.011,1,0,0,0.0,0.0,0.0,0.0
a4d6eef3-6107-45a3-bd37-3cf2ef4e9efb,0,4,False,True,1,0,0.0,none,noMesh,5,0,1,1,5,4,7.77,7.77,1.0,1,0,0,0.0,0.0,0.0,0.0
a4d6eef3-6107-45a3-bd37-3cf2ef4e9efb,0,5,False,True,1,0,0.0,none,noMesh,4,1,1,0,4,4,2.07,2.07,1.0,1,0,0,0.0,0.0,0.0,0.0
a4d6eef3-6107-45a3-bd37-3cf2ef4e9efb,0,6,False,True,1,0,0.0,none,noMesh,11,7,0,1,2,12,12.36,12.36,1.0,1,0,0,0.0,0.0,0.0,0.0
a4d6eef3-6107-45a3-bd37-3cf2ef4e9efb,0,7,False,True,1,0,0.0,none,noMesh,4,2,1,0,6,26,13.69,9.93,0.725,1,0,0,0.0,0.0,0.0,0.0
a4d6eef3-6107-45a3-bd37-3cf2ef4e9efb,0,8,False,True,1,0,0.0,none,noMesh,8,2,2,2,7,8,38.7,38.7,1.0,1,0,0,0.0,0.0,0.0,0.0
a4d6eef3-6107-45a3-bd37-3cf2ef4e9efb,0,9,False,True,4,2,0.5,sloped,noMesh,4,0,4,1,0,4,23.34,23.34,1.0,5,4,1,25.23,90.0,33.82,180.21
a8a3b04b-42d0-4468-8b3a-5e2135b9313b,0,1,False,True,4,0,0.0,none,noMesh,10,9,1,1,9,18,28.26,72.08,2.55,4,0,0,0.0,0.0,0.0,0.0
a8a3b04b-42d0-4468-8b3a-5e2135b9313b,0,3,False,True,1,0,0.0,none,noMesh,4,0,1,1,0,4,1.56,1.56,1.0,1,0,0,0.0,0.0,0.0,0.0
a8a3b04b-42d0-4468-8b3a-5e2135b9313b,0,4,False,True,1,0,0.0,none,noMesh,8,0,1,1,0,21,6.28,4.82,0.767,1,0,0,0.0,0.0,0.0,0.0
a8a3b04b-42d0-4468-8b3a-5e2135b9313b,0,5,False,True,1,0,0.0,none,noMesh,4,1,1,0,2,4,8.45,8.45,1.0,1,0,0,0.0,0.0,0.0,0.0
a8a3b04b-42d0-4468-8b3a-5e2135b9313b,0,6,False,True,1,0,0.0,none,noMesh,4,2,1,0,3,4,10.23,10.23,1.0,1,0,0,0.0,0.0,0.0,0.0
a8a3b04b-42d0-4468-8b3a-5e2135b9313b,0,7,False,True,1,0,0.0,none,noMesh,4,0,1,1,1,8,9.03,8.75,0.97,1,0,0,0.0,0.0,0.0,0.0
a8aca518-ee19-4cef-8df9-1b574c2d43d1,0,0,False,True,1,0,0.0,none,noMesh,4,2,1,0,3,4,16.33,16.33,1.0,1,0,0,0.0,0.0,0.0,0.0
a8aca518-ee19-4cef-8df9-1b574c2d43d1,0,2,False,True,14,11,0.786,none,noMesh,7,2,1,0,1,6,7.1,10.16,1.432,19,16,5,48.89,90.0,34.49,270.0
a8aca518-ee19-4cef-8df9-1b574c2d43d1,0,4,False,True,1,0,0.0,none,noMesh,5,2,1,0,1,7,9.42,9.42,1.0,1,0,0,0.0,0.0,0.0,0.0
a8aca518-ee19-4cef-8df9-1b574c2d43d1,1,6,False,True,2,1,0.5,none,noMesh,4,3,0,0,0,9,5.68,5.66,0.997,3,2,1,19.24,90.0,38.7,84.71
a8aca518-ee19-4cef-8df9-1b574c2d43d1,1,7,False,True,1,0,0.0,none,noMesh,4,2,2,1,4,4,17.77,17.77,1.0,1,0,0,0.0,0.0,0.0,0.0
a8aca518-ee19-4cef-8df9-1b574c2d43d1,1,8,False,True,1,0,0.0,none,noMesh,4,1,2,1,3,9,16.64,16.44,0.988,1,0,0,0.0,0.0,0.0,0.0
a8aca518-ee19-4cef-8df9-1b574c2d43d1,1,9,False,True,1,0,0.0,none,noMesh,4,2,1,0,7,4,7.55,7.55,1.0,1,0,0,0.0,0.0,0.0,0.0
a8aca518-ee19-4cef-8df9-1b574c2d43d1,1,10,False,True,1,0,0.0,none,noMesh,4,1,1,0,0,4,1.79,1.79,1.0,1,0,0,0.0,0.0,0.0,0.0
a8aca518-ee19-4cef-8df9-1b574c2d43d1,2,11,False,True,2,1,0.5,none,noMesh,6,1,1,0,1,6,8.89,8.9,1.001,2,1,0,22.92,45.83,22.92,0.0
a8aca518-ee19-4cef-8df9-1b574c2d43d1,2,12,False,True,2,1,0.5,none,noMesh,6,3,1,0,0,16,6.9,6.0,0.869,2,1,0,23.51,47.03,23.51,0.0
a8aca518-ee19-4cef-8df9-1b574c2d43d1,2,13,False,True,5,2,0.4,sloped,noMesh,4,0,0,0,1,4,3.97,3.97,1.0,6,5,1,43.21,90.0,26.72,179.27
a8aca518-ee19-4cef-8df9-1b574c2d43d1,2,14,False,True,7,2,0.286,sloped,noMesh,5,1,2,0,3,7,18.89,18.89,1.0,9,8,2,49.52,90.0,25.61,202.93
aa047931-2b45-497d-a093-f637a2934699,1,6,False,True,1,0,0.0,none,noMesh,6,7,0,0,1,7,13.96,14.17,1.015,1,0,0,0.0,0.0,0.0,0.0
aa047931-2b45-497d-a093-f637a2934699,1,7,False,True,1,0,0.0,none,noMesh,4,1,1,0,2,8,7.61,7.36,0.967,1,0,0,0.0,0.0,0.0,0.0
aa047931-2b45-497d-a093-f637a2934699,1,8,False,True,1,0,0.0,none,noMesh,4,0,1,0,1,6,12.22,12.29,1.006,1,0,0,0.0,0.0,0.0,0.0
aa047931-2b45-497d-a093-f637a2934699,1,9,False,True,1,0,0.0,none,noMesh,6,1,1,0,1,11,7.79,6.61,0.849,1,0,0,0.0,0.0,0.0,0.0
aa047931-2b45-497d-a093-f637a2934699,1,10,False,True,1,0,0.0,none,noMesh,2,0,1,1,2,7,12.47,12.2,0.978,1,0,0,0.0,0.0,0.0,0.0
aa047931-2b45-497d-a093-f637a2934699,1,11,False,True,1,0,0.0,none,noMesh,1,1,1,0,1,7,3.8,3.54,0.933,1,0,0,0.0,0.0,0.0,0.0
aa047931-2b45-497d-a093-f637a2934699,1,12,False,True,1,0,0.0,none,noMesh,8,1,3,2,8,6,27.79,27.79,1.0,1,0,0,0.0,0.0,0.0,0.0
aa047931-2b45-497d-a093-f637a2934699,1,13,False,True,1,0,0.0,none,noMesh,8,1,3,1,2,9,31.04,31.04,1.0,1,0,0,0.0,0.0,0.0,0.0
ad2243cf-dac2-4f43-aa8d-37d50dc46a33,0,0,False,True,1,0,0.0,none,noMesh,6,3,1,0,4,6,12.94,12.94,1.0,1,0,0,0.0,0.0,0.0,0.0
ad2243cf-dac2-4f43-aa8d-37d50dc46a33,0,1,False,True,1,0,0.0,none,noMesh,4,1,1,0,0,4,4.16,4.16,1.0,1,0,0,0.0,0.0,0.0,0.0
ad2243cf-dac2-4f43-aa8d-37d50dc46a33,0,2,False,True,1,0,0.0,none,noMesh,4,2,1,0,4,4,9.99,9.99,1.0,1,0,0,0.0,0.0,0.0,0.0
ad2243cf-dac2-4f43-aa8d-37d50dc46a33,0,3,False,True,1,0,0.0,none,noMesh,4,5,1,0,0,35,18.49,14.89,0.805,1,0,0,0.0,0.0,0.0,0.0
ad2243cf-dac2-4f43-aa8d-37d50dc46a33,0,4,False,True,1,0,0.0,none,noMesh,4,2,2,1,9,4,16.07,16.07,1.0,1,0,0,0.0,0.0,0.0,0.0
ad2243cf-dac2-4f43-aa8d-37d50dc46a33,0,5,False,True,1,0,0.0,none,noMesh,5,4,0,0,1,4,5.85,5.85,1.0,1,0,0,0.0,0.0,0.0,0.0
ad2243cf-dac2-4f43-aa8d-37d50dc46a33,0,6,False,True,1,0,0.0,none,noMesh,4,3,4,0,4,4,22.46,22.46,1.0,1,0,0,0.0,0.0,0.0,0.0
ad2243cf-dac2-4f43-aa8d-37d50dc46a33,0,7,False,True,1,0,0.0,none,noMesh,7,2,2,0,4,6,17.32,17.32,1.0,1,0,0,0.0,0.0,0.0,0.0
ad2243cf-dac2-4f43-aa8d-37d50dc46a33,0,8,False,True,1,0,0.0,none,noMesh,4,1,2,0,3,4,10.42,10.42,1.0,1,0,0,0.0,0.0,0.0,0.0
b01824fc-be43-451f-bc6e-aaab701c144d,0,0,False,True,1,0,0.0,none,noMesh,6,1,3,0,0,10,14.37,15.51,1.079,1,0,0,0.0,0.0,0.0,0.0
b01824fc-be43-451f-bc6e-aaab701c144d,0,1,False,True,2,0,0.0,none,noMesh,6,2,3,1,5,6,30.73,40.06,1.304,2,0,0,0.0,0.0,0.0,0.0
b01824fc-be43-451f-bc6e-aaab701c144d,0,2,False,True,5,2,0.4,sloped,noMesh,4,1,0,1,3,12,11.73,10.91,0.931,7,4,2,6.98,90.0,38.48,241.16
b01824fc-be43-451f-bc6e-aaab701c144d,0,3,False,True,1,0,0.0,none,noMesh,2,2,1,0,1,6,6.38,6.44,1.008,1,0,0,0.0,0.0,0.0,0.0
b01824fc-be43-451f-bc6e-aaab701c144d,0,4,False,True,1,0,0.0,none,noMesh,4,2,1,0,1,4,9.84,9.84,1.0,1,0,0,0.0,0.0,0.0,0.0
b01824fc-be43-451f-bc6e-aaab701c144d,0,6,False,True,1,0,0.0,none,noMesh,2,1,2,0,8,6,8.5,8.58,1.009,1,0,0,0.0,0.0,0.0,0.0
b01824fc-be43-451f-bc6e-aaab701c144d,0,7,False,True,3,0,0.0,none,noMesh,11,2,0,0,1,19,4.84,14.92,3.085,3,0,0,0.0,0.0,0.0,0.0
b4f7407a-5941-4165-947a-a726dc432c69,0,0,False,True,1,0,0.0,none,noMesh,4,2,1,0,5,4,27.5,27.5,1.0,1,0,0,0.0,0.0,0.0,0.0
b4f7407a-5941-4165-947a-a726dc432c69,0,1,False,True,1,0,0.0,none,noMesh,6,6,0,0,1,27,8.16,6.1,0.747,1,0,0,0.0,0.0,0.0,0.0
b4f7407a-5941-4165-947a-a726dc432c69,0,2,False,True,1,0,0.0,none,noMesh,7,1,1,0,2,5,5.46,5.46,1.0,1,0,0,0.0,0.0,0.0,0.0
b4f7407a-5941-4165-947a-a726dc432c69,0,3,False,True,1,0,0.0,none,noMesh,4,2,0,0,0,4,1.69,1.69,1.0,1,0,0,0.0,0.0,0.0,0.0
b4f7407a-5941-4165-947a-a726dc432c69,0,4,False,True,1,0,0.0,none,noMesh,4,1,1,0,1,4,8.48,8.48,1.0,1,0,0,0.0,0.0,0.0,0.0
b4f7407a-5941-4165-947a-a726dc432c69,0,5,False,True,1,0,0.0,none,noMesh,4,1,1,0,2,6,12.84,12.86,1.001,1,0,0,0.0,0.0,0.0,0.0
b4f7407a-5941-4165-947a-a726dc432c69,0,6,False,True,1,0,0.0,none,noMesh,5,2,0,0,4,4,5.53,5.53,1.0,1,0,0,0.0,0.0,0.0,0.0
b4f7407a-5941-4165-947a-a726dc432c69,0,7,False,True,1,0,0.0,none,noMesh,4,3,2,0,6,4,12.91,12.91,1.0,1,0,0,0.0,0.0,0.0,0.0
b4f7407a-5941-4165-947a-a726dc432c69,0,8,False,True,1,0,0.0,none,noMesh,4,1,1,0,3,4,8.31,8.31,1.0,1,0,0,0.0,0.0,0.0,0.0
b53c11aa-8db7-4aad-a24d-3ffa9eeff5de,1,0,False,True,1,0,0.0,none,noMesh,8,3,3,0,4,6,45.4,45.4,1.0,1,0,0,0.0,0.0,0.0,0.0
b53c11aa-8db7-4aad-a24d-3ffa9eeff5de,1,3,False,True,1,0,0.0,none,noMesh,6,4,1,0,2,4,4.13,4.13,1.0,1,0,0,0.0,0.0,0.0,0.0
b53c11aa-8db7-4aad-a24d-3ffa9eeff5de,1,5,False,True,1,0,0.0,none,noMesh,4,2,2,1,1,4,14.92,14.92,1.0,1,0,0,0.0,0.0,0.0,0.0
b53c11aa-8db7-4aad-a24d-3ffa9eeff5de,1,6,False,True,1,0,0.0,none,noMesh,8,1,2,1,3,20,18.47,16.95,0.918,1,0,0,0.0,0.0,0.0,0.0
b53c11aa-8db7-4aad-a24d-3ffa9eeff5de,1,7,False,True,3,0,0.0,none,noMesh,14,4,1,0,3,14,12.01,12.0,0.999,3,0,0,0.0,0.0,0.0,0.0
b53c11aa-8db7-4aad-a24d-3ffa9eeff5de,2,9,False,True,10,2,0.2,sloped,noMesh,12,6,1,2,4,7,26.36,26.37,1.0,11,10,1,44.78,90.0,23.88,193.46
b53c11aa-8db7-4aad-a24d-3ffa9eeff5de,2,10,False,True,2,1,0.5,sloped,noMesh,6,1,1,0,2,12,8.24,7.34,0.89,2,1,0,22.08,44.16,22.08,0.0
b53c11aa-8db7-4aad-a24d-3ffa9eeff5de,2,11,False,True,3,2,0.667,sloped,noMesh,6,3,1,0,0,6,5.8,5.8,1.0,4,3,1,26.47,90.0,35.68,184.15
b65126ae-ccca-4032-876f-e9c1c059862c,0,0,False,True,1,0,0.0,none,noMesh,4,1,1,0,1,7,3.87,3.56,0.918,1,0,0,0.0,0.0,0.0,0.0
b65126ae-ccca-4032-876f-e9c1c059862c,1,5,False,True,1,0,0.0,none,noMesh,6,1,4,0,11,6,40.75,40.75,1.0,1,0,0,0.0,0.0,0.0,0.0
b65126ae-ccca-4032-876f-e9c1c059862c,2,8,False,True,2,1,0.5,sloped,noMesh,4,3,1,0,1,4,9.69,9.69,1.0,2,2,0,47.38,1.87,0.94,180.0
b65126ae-ccca-4032-876f-e9c1c059862c,2,9,False,True,1,0,0.0,none,noMesh,6,0,0,1,2,6,5.12,5.03,0.982,1,1,0,47.68,0.0,0.0,0.0
b65126ae-ccca-4032-876f-e9c1c059862c,2,10,True,True,6,4,0.667,none,noMesh,4,1,1,0,0,6,11.75,11.77,1.002,12,11,6,84.05,90.0,26.73,269.99
b65126ae-ccca-4032-876f-e9c1c059862c,2,11,False,True,7,4,0.571,sloped,noMesh,4,4,1,0,0,17,3.61,3.02,0.835,10,10,3,40.3,63.74,25.6,208.7
b65126ae-ccca-4032-876f-e9c1c059862c,2,12,False,True,2,2,1.0,sloped,noMesh,4,1,2,0,2,4,7.7,7.7,1.0,2,2,0,20.59,0.3,0.15,180.0
b8782b87-5800-42dd-8926-07d8f11cafc0,0,0,False,True,1,0,0.0,none,noMesh,10,1,2,0,3,8,6.12,6.12,1.0,1,0,0,0.0,0.0,0.0,0.0
b8782b87-5800-42dd-8926-07d8f11cafc0,0,1,False,True,1,0,0.0,none,noMesh,4,2,1,0,2,15,12.44,11.28,0.907,1,0,0,0.0,0.0,0.0,0.0
b8782b87-5800-42dd-8926-07d8f11cafc0,0,2,False,True,1,0,0.0,none,noMesh,4,2,3,0,0,4,14.75,14.75,1.0,1,0,0,0.0,0.0,0.0,0.0
b8782b87-5800-42dd-8926-07d8f11cafc0,0,3,False,True,1,0,0.0,none,noMesh,6,3,2,2,4,5,45.63,45.63,1.0,1,0,0,0.0,0.0,0.0,0.0
b8782b87-5800-42dd-8926-07d8f11cafc0,0,4,False,True,1,0,0.0,none,noMesh,7,1,1,0,2,8,6.52,5.98,0.916,1,0,0,0.0,0.0,0.0,0.0
b8782b87-5800-42dd-8926-07d8f11cafc0,0,5,False,True,1,0,0.0,none,noMesh,3,0,1,0,3,6,6.3,6.38,1.013,1,0,0,0.0,0.0,0.0,0.0
b8782b87-5800-42dd-8926-07d8f11cafc0,0,6,False,True,1,0,0.0,none,noMesh,4,1,1,1,3,11,12.32,11.99,0.973,1,0,0,0.0,0.0,0.0,0.0
b8782b87-5800-42dd-8926-07d8f11cafc0,0,7,False,True,2,0,0.0,none,noMesh,6,1,1,0,1,16,4.95,13.22,2.669,2,0,0,0.0,0.0,0.0,0.0
b8782b87-5800-42dd-8926-07d8f11cafc0,0,9,False,True,1,0,0.0,none,noMesh,5,2,1,0,4,8,8.7,8.85,1.017,1,0,0,0.0,0.0,0.0,0.0
b8cefbc4-bb4e-4d53-be56-990780166cae,0,2,False,True,1,0,0.0,none,noMesh,7,2,2,0,1,15,16.75,15.59,0.931,1,0,0,0.0,0.0,0.0,0.0
b8cefbc4-bb4e-4d53-be56-990780166cae,0,4,False,True,1,0,0.0,none,noMesh,4,1,1,0,2,9,7.03,7.28,1.036,1,0,0,0.0,0.0,0.0,0.0
b8cefbc4-bb4e-4d53-be56-990780166cae,0,5,False,True,1,0,0.0,none,noMesh,4,1,0,0,2,4,7.38,7.38,1.0,1,0,0,0.0,0.0,0.0,0.0
b8cefbc4-bb4e-4d53-be56-990780166cae,2,12,False,True,2,1,0.5,sloped,noMesh,4,1,1,0,1,4,5.04,5.04,1.0,2,1,0,24.46,48.92,24.46,0.0
b8cefbc4-bb4e-4d53-be56-990780166cae,2,13,False,True,7,4,0.571,sloped,noMesh,8,2,3,0,3,8,16.96,20.33,1.198,9,6,2,34.57,90.0,34.19,208.93
b8cefbc4-bb4e-4d53-be56-990780166cae,2,14,False,True,7,5,0.714,none,noMesh,4,4,0,0,1,7,13.84,13.96,1.009,7,6,0,43.85,79.49,23.82,177.04
b8cefbc4-bb4e-4d53-be56-990780166cae,2,15,True,True,2,1,0.5,sloped,noMesh,4,1,1,0,4,9,9.49,9.0,0.948,2,1,0,23.2,46.4,23.2,0.0
b8cefbc4-bb4e-4d53-be56-990780166cae,2,16,False,True,15,8,0.533,sloped,noMesh,7,0,1,1,0,14,10.92,7.54,0.691,18,16,3,51.42,90.0,25.08,270.0
b8def755-9829-4141-8ecb-3e71ef446d0d,1,6,False,True,1,0,0.0,none,noMesh,7,1,1,0,2,19,8.66,7.41,0.855,1,0,0,0.0,0.0,0.0,0.0
b8def755-9829-4141-8ecb-3e71ef446d0d,1,8,False,True,1,0,0.0,none,noMesh,8,1,1,0,1,7,4.56,4.56,1.0,1,0,0,0.0,0.0,0.0,0.0
b8def755-9829-4141-8ecb-3e71ef446d0d,1,9,False,True,2,2,1.0,sloped,noMesh,4,1,1,0,0,4,4.55,4.55,1.0,2,2,0,22.38,1.4,0.7,48.62
b8def755-9829-4141-8ecb-3e71ef446d0d,2,10,True,True,13,6,0.462,sloped,noMesh,9,1,0,0,1,14,27.07,27.02,0.998,19,17,6,51.68,90.0,28.25,270.01
b8f923d9-dc6a-4cc2-b99c-b98bb7d01f57,0,0,False,True,2,1,0.5,none,noMesh,5,2,2,0,3,11,13.63,13.49,0.99,2,1,0,8.63,7.66,3.83,0.0
b8f923d9-dc6a-4cc2-b99c-b98bb7d01f57,0,1,False,True,8,6,0.75,none,noMesh,11,4,0,2,3,9,9.32,9.32,1.0,8,6,0,36.21,55.84,20.95,234.78
b9575f6d-aa02-4540-ba49-d8e823a41067,0,0,False,True,1,0,0.0,none,noMesh,7,2,4,0,6,6,22.15,22.15,1.0,1,0,0,0.0,0.0,0.0,0.0
b9575f6d-aa02-4540-ba49-d8e823a41067,0,1,False,True,1,0,0.0,none,noMesh,4,1,2,0,2,6,14.33,14.33,1.0,1,0,0,0.0,0.0,0.0,0.0
b9575f6d-aa02-4540-ba49-d8e823a41067,0,2,False,True,1,0,0.0,none,noMesh,5,1,0,0,3,4,4.62,4.62,1.0,1,0,0,0.0,0.0,0.0,0.0
b9575f6d-aa02-4540-ba49-d8e823a41067,0,3,False,True,1,0,0.0,none,noMesh,5,1,1,0,1,4,6.97,6.97,1.0,1,0,0,0.0,0.0,0.0,0.0
b9575f6d-aa02-4540-ba49-d8e823a41067,0,4,False,True,2,0,0.0,none,noMesh,11,7,1,3,0,31,13.82,10.89,0.788,2,0,0,0.0,0.0,0.0,0.0
b9575f6d-aa02-4540-ba49-d8e823a41067,0,5,False,True,1,0,0.0,none,noMesh,6,1,0,0,2,6,3.11,3.12,1.003,1,0,0,0.0,0.0,0.0,0.0
b9575f6d-aa02-4540-ba49-d8e823a41067,0,6,False,True,1,0,0.0,none,noMesh,4,1,1,0,2,4,6.9,6.9,1.0,1,0,0,0.0,0.0,0.0,0.0
b9575f6d-aa02-4540-ba49-d8e823a41067,0,7,False,True,1,0,0.0,none,noMesh,7,1,3,1,5,5,28.32,28.32,1.0,1,0,0,0.0,0.0,0.0,0.0
b9575f6d-aa02-4540-ba49-d8e823a41067,0,8,False,True,1,0,0.0,none,noMesh,5,2,2,0,1,4,28.28,28.28,1.0,1,0,0,0.0,0.0,0.0,0.0
bad532ea-75de-411a-a390-77f4d6a93ff8,4,0,True,True,18,5,0.278,sloped,noMesh,6,1,0,0,2,8,34.51,34.51,1.0,23,22,5,46.33,90.0,23.97,270.0
bad532ea-75de-411a-a390-77f4d6a93ff8,2,5,False,True,13,9,0.692,sloped,noMesh,19,2,3,1,8,6,43.67,43.67,1.0,16,13,4,37.06,90.0,34.08,254.63
bad532ea-75de-411a-a390-77f4d6a93ff8,1,6,False,True,9,9,1.0,none,noMesh,5,1,0,0,0,6,7.1,7.12,1.002,11,11,2,65.36,65.21,20.75,180.0
bad532ea-75de-411a-a390-77f4d6a93ff8,0,7,False,True,2,0,0.0,none,noMesh,5,3,0,0,3,15,10.0,10.88,1.088,2,0,0,0.0,0.0,0.0,0.0
bad532ea-75de-411a-a390-77f4d6a93ff8,0,8,False,True,1,0,0.0,flat,noMesh,4,1,2,0,3,9,11.92,11.14,0.935,2,1,1,45.0,90.0,45.0,0.0
bad532ea-75de-411a-a390-77f4d6a93ff8,0,9,False,True,6,3,0.5,none,noMesh,7,1,2,0,3,8,12.56,12.56,1.0,7,4,1,6.34,90.0,30.02,87.36
bb00df25-e7be-420e-8ad1-1f9be60a4c4a,0,0,False,True,1,0,0.0,none,noMesh,6,2,1,0,2,6,30.37,30.37,1.0,1,0,0,0.0,0.0,0.0,0.0
bb00df25-e7be-420e-8ad1-1f9be60a4c4a,0,1,False,True,1,0,0.0,none,noMesh,3,2,0,0,0,6,2.48,2.55,1.027,1,0,0,0.0,0.0,0.0,0.0
bb00df25-e7be-420e-8ad1-1f9be60a4c4a,0,2,False,True,1,0,0.0,none,noMesh,4,1,0,1,5,4,5.9,5.89,1.0,1,0,0,0.0,0.0,0.0,0.0
bb00df25-e7be-420e-8ad1-1f9be60a4c4a,0,3,False,True,8,3,0.375,flat,noMesh,15,4,2,3,11,29,24.59,23.62,0.961,8,5,2,35.03,80.68,32.57,268.97
bb00df25-e7be-420e-8ad1-1f9be60a4c4a,0,4,False,True,1,0,0.0,none,noMesh,3,1,1,2,3,11,12.46,12.66,1.016,1,0,0,0.0,0.0,0.0,0.0
bb00df25-e7be-420e-8ad1-1f9be60a4c4a,0,5,False,True,2,0,0.0,sloped,noMesh,4,1,2,0,2,15,24.78,12.08,0.487,2,1,0,9.68,19.36,9.68,0.0
bb00df25-e7be-420e-8ad1-1f9be60a4c4a,0,6,False,True,1,0,0.0,none,noMesh,4,1,1,1,1,4,8.24,8.24,1.0,1,0,0,0.0,0.0,0.0,0.0
bb00df25-e7be-420e-8ad1-1f9be60a4c4a,0,7,False,True,1,0,0.0,none,noMesh,4,1,1,0,4,7,16.63,16.22,0.975,1,0,0,0.0,0.0,0.0,0.0
bb00df25-e7be-420e-8ad1-1f9be60a4c4a,0,9,False,True,3,0,0.0,sloped,noMesh,4,1,1,0,4,4,8.14,8.14,1.0,4,2,1,10.31,90.0,36.97,0.33
bc2779a4-d0a2-4ba8-abbf-10129d3f82de,1,0,False,True,2,0,0.0,none,noMesh,10,1,1,1,3,20,7.1,6.15,0.866,2,0,0,0.0,0.0,0.0,0.0
bc2779a4-d0a2-4ba8-abbf-10129d3f82de,1,1,False,True,2,0,0.0,none,noMesh,12,3,3,0,7,12,26.02,25.9,0.995,2,0,0,0.0,0.0,0.0,0.0
bc2779a4-d0a2-4ba8-abbf-10129d3f82de,1,4,False,True,1,0,0.0,none,noMesh,7,5,1,0,3,8,12.36,11.07,0.896,1,0,0,0.0,0.0,0.0,0.0
bc2779a4-d0a2-4ba8-abbf-10129d3f82de,1,6,False,True,6,4,0.667,sloped,noMesh,6,1,1,1,2,10,4.49,4.21,0.939,6,4,0,31.75,53.92,19.41,121.33
bc2779a4-d0a2-4ba8-abbf-10129d3f82de,2,7,False,True,2,0,0.0,none,noMesh,9,2,2,0,4,6,11.77,11.77,1.0,4,2,2,45.0,90.0,45.0,180.0
bc2779a4-d0a2-4ba8-abbf-10129d3f82de,2,10,False,True,9,2,0.222,sloped,noMesh,8,1,1,0,3,18,9.65,8.29,0.859,14,12,5,30.96,88.69,38.07,270.0
bc2779a4-d0a2-4ba8-abbf-10129d3f82de,2,11,False,True,1,0,0.0,none,noMesh,6,1,2,0,4,6,15.49,15.49,1.0,4,3,3,90.0,90.0,38.97,180.0
bc2779a4-d0a2-4ba8-abbf-10129d3f82de,3,12,False,True,6,1,0.167,none,userScannedMesh,4,1,1,1,3,4,17.99,17.99,1.0,9,8,3,45.24,90.0,33.54,230.83
bc2779a4-d0a2-4ba8-abbf-10129d3f82de,3,13,False,True,4,0,0.0,none,noMesh,4,0,1,0,2,6,8.4,8.63,1.026,4,3,0,37.43,51.11,20.22,154.93
bc2779a4-d0a2-4ba8-abbf-10129d3f82de,0,14,False,True,1,0,0.0,none,noMesh,4,0,1,0,1,4,5.87,5.87,1.0,2,1,1,45.0,90.0,45.0,0.0
bfd05652-9331-4260-886d-1b6779ee1bfa,1,6,False,True,1,0,0.0,none,noMesh,4,2,2,0,0,4,11.09,11.09,1.0,1,0,0,0.0,0.0,0.0,0.0
bfd05652-9331-4260-886d-1b6779ee1bfa,1,7,False,True,1,0,0.0,none,noMesh,4,2,1,0,0,4,9.28,9.28,1.0,1,0,0,0.0,0.0,0.0,0.0
bfd05652-9331-4260-886d-1b6779ee1bfa,1,8,False,True,1,0,0.0,none,noMesh,4,2,1,0,1,20,11.51,9.47,0.823,1,0,0,0.0,0.0,0.0,0.0
bfd05652-9331-4260-886d-1b6779ee1bfa,1,9,False,True,1,0,0.0,none,noMesh,6,1,1,0,1,25,8.65,7.12,0.824,1,0,0,0.0,0.0,0.0,0.0
bfd05652-9331-4260-886d-1b6779ee1bfa,1,10,False,True,4,2,0.5,none,noMesh,13,7,0,1,0,11,19.73,19.7,0.999,4,2,0,12.01,58.44,23.94,89.76
bfd05652-9331-4260-886d-1b6779ee1bfa,1,11,False,True,1,0,0.0,none,noMesh,8,1,1,0,3,8,3.63,3.63,1.0,1,0,0,0.0,0.0,0.0,0.0
bfd05652-9331-4260-886d-1b6779ee1bfa,1,12,False,True,1,0,0.0,none,noMesh,4,1,1,1,0,4,9.11,9.11,1.0,1,0,0,0.0,0.0,0.0,0.0
bfd05652-9331-4260-886d-1b6779ee1bfa,1,13,False,True,2,0,0.0,sloped,noMesh,6,2,2,2,2,6,42.58,42.58,1.0,2,1,0,13.94,27.88,13.94,0.0
bfd05652-9331-4260-886d-1b6779ee1bfa,1,14,False,True,1,0,0.0,none,noMesh,4,1,3,1,8,13,37.8,27.11,0.717,1,0,0,0.0,0.0,0.0,0.0
c001b1ca-ea07-472d-b888-6ab457d4e7d9,0,2,False,True,1,0,0.0,none,noMesh,4,1,1,0,2,9,4.43,4.19,0.946,1,0,0,0.0,0.0,0.0,0.0
c001b1ca-ea07-472d-b888-6ab457d4e7d9,0,3,False,True,1,0,0.0,none,userScannedMesh,4,1,1,0,3,10,5.79,4.94,0.853,1,0,0,0.0,0.0,0.0,0.0
c001b1ca-ea07-472d-b888-6ab457d4e7d9,0,4,False,True,3,2,0.667,none,noMesh,6,2,1,1,3,6,7.56,7.84,1.038,3,2,0,26.79,32.35,14.12,7.11
c001b1ca-ea07-472d-b888-6ab457d4e7d9,1,6,False,True,1,0,0.0,none,noMesh,4,2,1,0,2,4,13.76,13.76,1.0,1,0,0,0.0,0.0,0.0,0.0
c001b1ca-ea07-472d-b888-6ab457d4e7d9,1,7,False,True,1,0,0.0,none,noMesh,6,0,1,1,8,19,11.29,10.79,0.956,1,0,0,0.0,0.0,0.0,0.0
c001b1ca-ea07-472d-b888-6ab457d4e7d9,1,8,False,True,1,0,0.0,none,noMesh,4,2,1,0,2,7,4.26,4.16,0.978,1,0,0,0.0,0.0,0.0,0.0
c001b1ca-ea07-472d-b888-6ab457d4e7d9,1,9,False,True,1,0,0.0,none,noMesh,4,1,3,0,4,6,24.96,24.96,1.0,1,0,0,0.0,0.0,0.0,0.0
c2800052-b0e7-4c30-a881-f813cb0b2043,0,0,False,True,1,0,0.0,none,noMesh,4,2,1,0,2,4,13.58,13.58,1.0,1,0,0,0.0,0.0,0.0,0.0
c2800052-b0e7-4c30-a881-f813cb0b2043,0,1,False,True,2,1,0.5,none,noMesh,6,1,2,0,3,6,6.37,6.38,1.0,4,3,2,64.53,88.08,37.15,180.0
c2800052-b0e7-4c30-a881-f813cb0b2043,0,2,False,True,1,0,0.0,none,noMesh,6,2,1,0,4,6,7.8,7.8,1.0,1,0,0,0.0,0.0,0.0,0.0
c2800052-b0e7-4c30-a881-f813cb0b2043,0,3,False,True,2,1,0.5,none,noMesh,6,1,1,0,2,6,6.49,6.49,1.0,3,2,1,6.79,90.0,40.92,120.8
c2800052-b0e7-4c30-a881-f813cb0b2043,0,5,False,True,1,0,0.0,none,noMesh,5,1,2,0,2,8,15.21,14.49,0.953,1,0,0,0.0,0.0,0.0,0.0
c2800052-b0e7-4c30-a881-f813cb0b2043,0,6,False,True,1,0,0.0,none,noMesh,4,0,0,1,2,4,2.36,2.36,1.0,1,0,0,0.0,0.0,0.0,0.0
c2800052-b0e7-4c30-a881-f813cb0b2043,1,8,False,True,11,8,0.727,sloped,noMesh,4,2,1,0,0,6,5.0,5.0,1.0,12,9,1,19.42,90.0,24.76,273.84
c2800052-b0e7-4c30-a881-f813cb0b2043,2,9,False,True,1,0,0.0,none,noMesh,4,1,2,1,3,4,14.8,14.8,1.0,1,0,0,0.0,0.0,0.0,0.0
c2800052-b0e7-4c30-a881-f813cb0b2043,2,10,False,True,1,0,0.0,none,noMesh,6,1,3,2,14,12,36.53,36.11,0.989,1,0,0,0.0,0.0,0.0,0.0
c2800052-b0e7-4c30-a881-f813cb0b2043,2,11,False,True,1,0,0.0,none,noMesh,9,1,2,0,1,10,9.92,9.64,0.972,1,0,0,0.0,0.0,0.0,0.0
c3ddcac0-827d-48dc-9223-4b219d874fa5,0,0,False,True,1,0,0.0,none,noMesh,6,2,1,0,5,6,24.6,24.6,1.0,1,0,0,0.0,0.0,0.0,0.0
c3ddcac0-827d-48dc-9223-4b219d874fa5,0,1,False,True,6,4,0.667,flat,noMesh,9,1,2,1,5,8,22.04,22.12,1.004,6,4,0,21.31,59.43,24.56,190.84
c3ddcac0-827d-48dc-9223-4b219d874fa5,0,2,False,True,1,0,0.0,none,noMesh,4,2,0,1,3,9,9.49,9.03,0.951,1,0,0,0.0,0.0,0.0,0.0
c3ddcac0-827d-48dc-9223-4b219d874fa5,1,3,False,True,2,0,0.0,sloped,noMesh,8,2,2,1,2,8,34.65,34.64,1.0,2,1,0,9.13,18.26,9.13,0.0
c3ddcac0-827d-48dc-9223-4b219d874fa5,1,4,False,True,1,0,0.0,none,noMesh,6,0,2,2,7,16,20.45,19.57,0.957,1,0,0,0.0,0.0,0.0,0.0
c3ddcac0-827d-48dc-9223-4b219d874fa5,1,6,False,True,1,0,0.0,none,noMesh,4,0,0,1,3,16,9.3,8.09,0.87,1,0,0,0.0,0.0,0.0,0.0
c3ddcac0-827d-48dc-9223-4b219d874fa5,1,7,False,True,1,0,0.0,none,noMesh,4,2,1,0,3,15,12.98,11.45,0.882,1,0,0,0.0,0.0,0.0,0.0
c3ddcac0-827d-48dc-9223-4b219d874fa5,1,8,False,True,2,0,0.0,none,noMesh,4,1,0,0,0,10,6.06,10.22,1.686,2,0,0,0.0,0.0,0.0,0.0
c3ddcac0-827d-48dc-9223-4b219d874fa5,1,9,False,True,1,0,0.0,none,noMesh,4,1,0,0,2,4,2.9,2.9,1.0,1,0,0,0.0,0.0,0.0,0.0
c72ad855-9e52-46f1-886d-a9f37911521f,0,1,False,True,1,0,0.0,none,noMesh,6,2,0,0,2,29,5.21,3.52,0.675,1,0,0,0.0,0.0,0.0,0.0
c72ad855-9e52-46f1-886d-a9f37911521f,0,2,False,True,1,0,0.0,none,noMesh,4,1,2,0,0,4,7.27,7.27,1.0,1,0,0,0.0,0.0,0.0,0.0
c72ad855-9e52-46f1-886d-a9f37911521f,0,5,False,True,3,2,0.667,none,noMesh,6,3,4,2,3,4,46.61,46.61,1.0,3,2,0,17.37,17.67,8.17,180.0
c72ad855-9e52-46f1-886d-a9f37911521f,1,6,False,True,2,0,0.0,none,noMesh,4,1,1,0,0,4,6.1,6.1,1.0,2,1,0,24.89,49.77,24.89,0.0
c72ad855-9e52-46f1-886d-a9f37911521f,1,7,False,True,4,1,0.25,none,noMesh,9,3,1,0,2,13,33.54,32.36,0.965,8,7,4,74.07,90.0,30.08,181.04
c72ad855-9e52-46f1-886d-a9f37911521f,1,8,False,True,1,0,0.0,none,noMesh,2,0,0,0,0,8,2.03,2.44,1.202,1,1,0,48.3,0.0,0.0,0.0
c72ad855-9e52-46f1-886d-a9f37911521f,1,9,False,True,2,0,0.0,none,noMesh,4,2,1,0,1,10,9.3,8.77,0.943,2,1,0,24.8,49.6,24.8,0.0
c7898e89-b45b-47f3-96b7-8c1fa96ef9fd,0,0,False,True,1,0,0.0,none,noMesh,6,1,1,0,1,5,5.95,5.95,1.0,1,0,0,0.0,0.0,0.0,0.0
c7898e89-b45b-47f3-96b7-8c1fa96ef9fd,0,1,False,True,1,0,0.0,none,noMesh,4,2,0,0,0,8,3.0,2.84,0.945,1,0,0,0.0,0.0,0.0,0.0
c7898e89-b45b-47f3-96b7-8c1fa96ef9fd,0,2,False,True,1,0,0.0,none,noMesh,4,1,1,2,7,4,16.9,16.9,1.0,1,0,0,0.0,0.0,0.0,0.0
c7898e89-b45b-47f3-96b7-8c1fa96ef9fd,0,3,False,True,1,0,0.0,none,noMesh,4,1,2,1,1,4,11.5,11.5,1.0,1,0,0,0.0,0.0,0.0,0.0
c7898e89-b45b-47f3-96b7-8c1fa96ef9fd,1,5,True,True,25,11,0.44,sloped,noMesh,12,0,2,0,3,12,26.01,26.2,1.007,31,28,6,36.38,90.0,27.99,304.01
c7f2456f-91fe-4aaa-a9ba-d886ec8e0648,0,0,False,True,1,0,0.0,none,noMesh,7,3,2,0,11,7,43.84,43.61,0.995,1,0,0,0.0,0.0,0.0,0.0
c7f2456f-91fe-4aaa-a9ba-d886ec8e0648,0,1,False,True,4,0,0.0,none,noMesh,9,8,0,2,0,27,13.69,13.32,0.973,4,0,0,0.0,0.0,0.0,0.0
c7f2456f-91fe-4aaa-a9ba-d886ec8e0648,0,2,False,True,1,0,0.0,none,noMesh,4,1,1,0,2,4,6.82,6.82,1.0,1,0,0,0.0,0.0,0.0,0.0
c7f2456f-91fe-4aaa-a9ba-d886ec8e0648,0,3,False,True,1,0,0.0,none,noMesh,4,1,1,0,3,4,6.91,6.91,1.0,1,0,0,0.0,0.0,0.0,0.0
c7f2456f-91fe-4aaa-a9ba-d886ec8e0648,0,4,False,True,1,0,0.0,none,noMesh,4,1,1,0,1,4,9.99,9.99,1.0,1,0,0,0.0,0.0,0.0,0.0
c7f2456f-91fe-4aaa-a9ba-d886ec8e0648,0,5,False,True,1,0,0.0,flat,noMesh,4,1,1,0,2,4,8.43,8.43,1.0,2,1,1,45.0,90.0,45.0,0.0
c7f2456f-91fe-4aaa-a9ba-d886ec8e0648,0,6,False,True,1,0,0.0,none,noMesh,3,0,1,0,2,9,3.37,4.52,1.34,1,0,0,0.0,0.0,0.0,0.0
c7f2456f-91fe-4aaa-a9ba-d886ec8e0648,0,8,False,True,2,0,0.0,sloped,noMesh,4,3,1,0,0,4,17.89,17.89,1.0,4,2,2,46.04,90.0,44.49,180.0
c7f2456f-91fe-4aaa-a9ba-d886ec8e0648,0,9,False,True,1,0,0.0,none,noMesh,3,1,0,0,5,8,6.35,6.41,1.01,1,0,0,0.0,0.0,0.0,0.0
c814dd8d-190b-4da2-ae80-d41c71e2b797,0,0,False,True,1,0,0.0,none,noMesh,6,2,0,0,3,12,6.86,6.74,0.983,1,0,0,0.0,0.0,0.0,0.0
c814dd8d-190b-4da2-ae80-d41c71e2b797,0,1,False,True,1,0,0.0,none,noMesh,6,1,1,3,9,11,43.67,43.51,0.996,1,0,0,0.0,0.0,0.0,0.0
c814dd8d-190b-4da2-ae80-d41c71e2b797,0,2,False,True,1,0,0.0,none,noMesh,8,8,0,1,0,11,13.41,12.56,0.936,1,0,0,0.0,0.0,0.0,0.0
c814dd8d-190b-4da2-ae80-d41c71e2b797,0,3,False,True,1,0,0.0,none,noMesh,4,0,1,1,0,4,1.85,1.85,1.0,2,1,1,45.0,90.0,45.0,0.0
c814dd8d-190b-4da2-ae80-d41c71e2b797,0,4,False,True,1,0,0.0,none,noMesh,4,0,1,1,1,21,5.57,4.57,0.821,1,0,0,0.0,0.0,0.0,0.0
c814dd8d-190b-4da2-ae80-d41c71e2b797,0,5,False,True,1,0,0.0,none,noMesh,4,1,1,0,2,4,6.6,6.6,1.0,1,0,0,0.0,0.0,0.0,0.0
c814dd8d-190b-4da2-ae80-d41c71e2b797,0,6,False,True,1,0,0.0,none,noMesh,4,1,1,0,3,4,6.82,6.82,1.0,2,1,1,45.0,90.0,45.0,0.0
c814dd8d-190b-4da2-ae80-d41c71e2b797,0,7,False,True,1,0,0.0,none,noMesh,4,1,1,1,1,14,12.07,10.84,0.898,1,0,0,0.0,0.0,0.0,0.0
c87c1e25-ff00-44ec-b823-b0966c81af70,0,1,False,True,11,8,0.727,sloped,noMesh,8,4,1,0,0,7,4.91,4.91,1.0,15,12,4,47.55,90.0,32.86,231.38
c87c1e25-ff00-44ec-b823-b0966c81af70,0,3,False,True,1,0,0.0,none,noMesh,4,1,1,1,7,4,7.46,7.46,1.0,1,0,0,0.0,0.0,0.0,0.0
c87c1e25-ff00-44ec-b823-b0966c81af70,0,4,False,True,2,0,0.0,none,noMesh,8,3,1,0,0,26,4.3,3.15,0.733,2,0,0,0.0,0.0,0.0,0.0
c87c1e25-ff00-44ec-b823-b0966c81af70,0,5,False,True,1,0,0.0,none,noMesh,11,1,1,0,1,9,3.72,3.76,1.011,2,1,1,45.0,90.0,45.0,0.0
c87c1e25-ff00-44ec-b823-b0966c81af70,1,7,False,True,1,0,0.0,none,noMesh,4,0,0,1,1,10,4.93,4.37,0.888,3,2,2,90.0,90.0,42.43,178.21
c87c1e25-ff00-44ec-b823-b0966c81af70,1,9,False,True,5,0,0.0,none,noMesh,12,0,2,2,2,8,16.67,16.67,1.0,7,6,2,47.51,90.0,28.56,269.76
c87c1e25-ff00-44ec-b823-b0966c81af70,1,10,False,True,3,0,0.0,none,noMesh,3,3,1,0,2,11,13.27,15.66,1.18,3,0,0,0.0,0.0,0.0,0.0
c9a43a7c-7171-484c-ac98-54f9ba59b6e6,1,1,False,True,2,0,0.0,none,noMesh,9,2,2,0,5,30,14.87,11.73,0.789,2,0,0,0.0,0.0,0.0,0.0
c9a43a7c-7171-484c-ac98-54f9ba59b6e6,1,8,False,True,1,0,0.0,none,noMesh,8,1,1,0,2,6,4.52,4.52,1.0,1,0,0,0.0,0.0,0.0,0.0
c9a43a7c-7171-484c-ac98-54f9ba59b6e6,2,9,False,True,2,0,0.0,none,noMesh,7,1,1,0,1,8,11.0,10.97,0.997,2,1,0,22.28,44.55,22.28,0.0
c9a43a7c-7171-484c-ac98-54f9ba59b6e6,2,10,False,True,2,0,0.0,none,noMesh,7,1,1,0,3,15,11.49,10.76,0.937,2,1,0,22.13,44.25,22.13,0.0
c9a43a7c-7171-484c-ac98-54f9ba59b6e6,2,11,False,True,2,0,0.0,none,noMesh,10,2,0,2,2,10,14.21,14.21,1.0,2,1,0,22.12,44.24,22.12,0.0
c9a43a7c-7171-484c-ac98-54f9ba59b6e6,2,12,False,True,4,0,0.0,none,noMesh,5,1,0,0,1,4,2.7,2.7,1.0,4,3,0,43.92,45.87,19.32,17.08
c9a43a7c-7171-484c-ac98-54f9ba59b6e6,2,13,False,True,2,0,0.0,sloped,noMesh,4,3,2,0,1,4,14.85,14.85,1.0,2,1,0,22.22,44.44,22.22,0.0
c9a43a7c-7171-484c-ac98-54f9ba59b6e6,2,14,False,True,7,1,0.143,sloped,noMesh,4,1,0,0,0,11,1.83,1.33,0.727,9,7,2,38.78,90.0,31.28,102.75
c9a43a7c-7171-484c-ac98-54f9ba59b6e6,0,15,False,True,1,0,0.0,none,noMesh,4,0,1,0,2,4,9.77,9.77,1.0,1,0,0,0.0,0.0,0.0,0.0
cf982769-994b-4193-a621-91d46d1a3344,0,0,False,True,1,0,0.0,none,noMesh,4,2,2,0,1,11,12.61,12.3,0.975,1,0,0,0.0,0.0,0.0,0.0
cf982769-994b-4193-a621-91d46d1a3344,0,2,False,True,2,2,1.0,none,noMesh,2,0,1,0,4,6,6.16,6.21,1.007,2,2,0,43.08,0.71,0.36,179.91
cf982769-994b-4193-a621-91d46d1a3344,0,4,False,True,4,2,0.5,none,noMesh,7,1,3,1,3,17,26.07,41.93,1.608,4,2,0,5.09,48.99,20.11,90.0
cf982769-994b-4193-a621-91d46d1a3344,1,5,False,True,19,6,0.316,sloped,noMesh,13,2,5,0,5,7,55.37,55.28,0.998,19,15,0,44.46,60.98,19.47,223.94
d28b528a-475b-4ac0-a38d-ee992cd877db,0,2,False,True,1,0,0.0,none,noMesh,4,4,2,0,5,6,10.78,10.8,1.002,1,0,0,0.0,0.0,0.0,0.0
d28b528a-475b-4ac0-a38d-ee992cd877db,0,3,False,True,2,0,0.0,none,noMesh,11,1,1,1,5,10,8.21,8.21,1.0,2,0,0,0.0,0.0,0.0,0.0
d28b528a-475b-4ac0-a38d-ee992cd877db,0,4,False,True,1,0,0.0,none,noMesh,5,1,0,0,0,19,3.36,2.19,0.653,1,0,0,0.0,0.0,0.0,0.0
d28b528a-475b-4ac0-a38d-ee992cd877db,0,5,False,True,1,0,0.0,none,noMesh,6,4,3,0,9,6,18.78,18.78,1.0,1,0,0,0.0,0.0,0.0,0.0
d28b528a-475b-4ac0-a38d-ee992cd877db,0,7,False,True,1,0,0.0,none,noMesh,7,1,3,0,6,13,26.66,24.55,0.921,1,0,0,0.0,0.0,0.0,0.0
d28b528a-475b-4ac0-a38d-ee992cd877db,0,8,False,True,1,0,0.0,sloped,noMesh,4,2,2,0,4,4,20.84,20.85,1.0,2,1,1,46.13,87.74,43.87,0.0
d28b528a-475b-4ac0-a38d-ee992cd877db,1,11,True,True,21,12,0.571,sloped,noMesh,7,1,3,0,0,8,29.9,29.9,1.0,24,16,4,47.42,90.0,32.79,273.91
d28b528a-475b-4ac0-a38d-ee992cd877db,1,12,False,True,1,0,0.0,none,noMesh,4,1,1,0,0,4,12.18,12.18,1.0,3,2,2,90.0,90.0,42.43,0.0
d28b528a-475b-4ac0-a38d-ee992cd877db,1,13,False,True,7,4,0.571,sloped,noMesh,6,3,1,1,3,6,23.54,23.54,1.0,10,8,4,41.89,90.0,33.31,270.01
d28b528a-475b-4ac0-a38d-ee992cd877db,1,14,False,True,2,1,0.5,none,noMesh,4,0,0,0,1,10,13.36,12.14,0.909,2,1,0,21.24,42.48,21.24,0.0
d28b528a-475b-4ac0-a38d-ee992cd877db,1,15,False,True,8,7,0.875,sloped,noMesh,8,1,1,0,0,8,15.12,15.13,1.0,12,11,4,45.15,90.0,27.3,194.49
d28b528a-475b-4ac0-a38d-ee992cd877db,1,16,False,True,18,15,0.833,sloped,noMesh,14,1,0,0,2,22,11.55,10.15,0.879,20,19,2,51.0,90.0,21.19,224.64
d32d5562-5763-4c71-a816-6732c638fa6a,0,0,False,True,6,3,0.5,none,noMesh,10,3,4,0,0,9,40.05,40.05,1.0,7,4,1,7.45,90.0,29.82,90.68
d32d5562-5763-4c71-a816-6732c638fa6a,0,1,False,True,1,0,0.0,none,noMesh,6,0,1,1,6,25,13.57,11.12,0.819,1,0,0,0.0,0.0,0.0,0.0
d32d5562-5763-4c71-a816-6732c638fa6a,1,5,False,True,2,0,0.0,none,noMesh,4,1,2,1,1,4,15.98,15.98,1.0,3,3,1,46.41,44.49,20.76,179.74
d32d5562-5763-4c71-a816-6732c638fa6a,1,6,False,True,3,2,0.667,sloped,noMesh,9,4,2,1,1,27,15.08,13.83,0.917,4,2,1,22.38,90.0,37.29,179.51
d32d5562-5763-4c71-a816-6732c638fa6a,1,7,True,True,2,2,1.0,sloped,noMesh,6,1,1,0,0,6,8.96,8.96,1.0,4,3,2,60.72,90.0,38.77,111.57
d32d5562-5763-4c71-a816-6732c638fa6a,1,8,True,True,4,1,0.25,sloped,noMesh,4,0,2,1,2,4,7.43,7.43,1.0,5,4,1,33.95,90.0,29.48,91.84
d32d5562-5763-4c71-a816-6732c638fa6a,1,9,False,True,2,1,0.5,none,noMesh,4,1,1,0,1,4,6.18,6.18,1.0,2,1,0,22.51,45.03,22.51,0.0
d4665def-0566-4ccc-aa62-8d562ec6e424,0,0,False,True,1,0,0.0,none,noMesh,4,1,1,0,3,4,8.35,8.35,1.0,1,0,0,0.0,0.0,0.0,0.0
d4665def-0566-4ccc-aa62-8d562ec6e424,0,1,False,True,1,0,0.0,none,noMesh,7,5,0,2,1,10,9.4,8.18,0.871,1,0,0,0.0,0.0,0.0,0.0
d4665def-0566-4ccc-aa62-8d562ec6e424,0,2,False,True,1,0,0.0,none,userScannedMesh,4,1,0,0,3,16,4.82,3.55,0.737,1,0,0,0.0,0.0,0.0,0.0
d4665def-0566-4ccc-aa62-8d562ec6e424,0,3,False,True,1,0,0.0,none,noMesh,5,1,1,0,2,4,11.43,11.43,1.0,1,0,0,0.0,0.0,0.0,0.0
d4665def-0566-4ccc-aa62-8d562ec6e424,0,4,False,True,1,0,0.0,none,noMesh,6,2,2,0,3,12,36.34,36.04,0.992,1,0,0,0.0,0.0,0.0,0.0
d4665def-0566-4ccc-aa62-8d562ec6e424,0,5,False,True,1,0,0.0,none,noMesh,5,1,2,0,12,9,15.72,15.58,0.991,1,0,0,0.0,0.0,0.0,0.0
d683f65d-ad08-4f69-ab23-dbd7ec1bcaed,0,0,False,True,4,0,0.0,sloped,noMesh,14,5,1,0,5,9,46.61,46.61,1.0,6,2,2,0.0,90.0,42.43,180.0
d683f65d-ad08-4f69-ab23-dbd7ec1bcaed,0,1,False,True,1,0,0.0,none,noMesh,9,2,2,1,2,8,12.87,12.87,1.0,1,0,0,0.0,0.0,0.0,0.0
d683f65d-ad08-4f69-ab23-dbd7ec1bcaed,0,2,False,True,1,0,0.0,none,noMesh,6,2,1,0,3,6,16.14,16.14,1.0,1,0,0,0.0,0.0,0.0,0.0
d683f65d-ad08-4f69-ab23-dbd7ec1bcaed,0,3,False,True,1,0,0.0,none,noMesh,9,1,1,0,1,6,4.46,4.46,1.0,1,0,0,0.0,0.0,0.0,0.0
d683f65d-ad08-4f69-ab23-dbd7ec1bcaed,0,4,False,True,5,0,0.0,sloped,noMesh,6,4,3,1,8,6,31.88,31.85,0.999,6,5,1,19.83,90.0,28.7,181.77
d683f65d-ad08-4f69-ab23-dbd7ec1bcaed,0,5,False,True,1,0,0.0,none,noMesh,6,1,1,0,1,6,8.48,8.48,1.0,1,0,0,0.0,0.0,0.0,0.0
d683f65d-ad08-4f69-ab23-dbd7ec1bcaed,0,6,False,True,1,0,0.0,none,noMesh,6,4,0,2,0,42,15.31,9.24,0.604,1,0,0,0.0,0.0,0.0,0.0
d683f65d-ad08-4f69-ab23-dbd7ec1bcaed,0,7,False,True,1,0,0.0,none,noMesh,4,1,1,0,1,4,12.55,12.55,1.0,1,0,0,0.0,0.0,0.0,0.0
d683f65d-ad08-4f69-ab23-dbd7ec1bcaed,0,8,False,True,1,0,0.0,none,noMesh,4,6,1,0,1,4,30.66,30.66,1.0,1,0,0,0.0,0.0,0.0,0.0
d683f65d-ad08-4f69-ab23-dbd7ec1bcaed,0,9,False,True,1,0,0.0,none,noMesh,5,2,4,0,1,4,34.46,34.46,1.0,1,0,0,0.0,0.0,0.0,0.0
d683f65d-ad08-4f69-ab23-dbd7ec1bcaed,0,10,False,True,2,0,0.0,none,noMesh,11,6,0,1,0,17,19.14,17.88,0.934,2,0,0,0.0,0.0,0.0,0.0
d683f65d-ad08-4f69-ab23-dbd7ec1bcaed,0,11,False,True,1,0,0.0,none,noMesh,5,2,2,0,3,11,17.89,17.2,0.961,1,0,0,0.0,0.0,0.0,0.0
d683f65d-ad08-4f69-ab23-dbd7ec1bcaed,0,12,False,True,2,0,0.0,none,noMesh,10,2,1,0,1,7,12.55,12.55,1.0,2,0,0,0.0,0.0,0.0,0.0
d683f65d-ad08-4f69-ab23-dbd7ec1bcaed,0,13,False,True,1,0,0.0,none,noMesh,4,1,1,0,1,4,8.12,8.12,1.0,1,0,0,0.0,0.0,0.0,0.0
d7f1aa19-5ca9-4e1b-ac1a-c86d63f9ede7,0,0,False,True,1,0,0.0,none,noMesh,3,2,0,0,0,6,5.43,5.44,1.003,1,0,0,0.0,0.0,0.0,0.0
d7f1aa19-5ca9-4e1b-ac1a-c86d63f9ede7,0,1,False,True,1,0,0.0,none,noMesh,6,2,1,0,1,6,3.56,3.56,1.0,1,0,0,0.0,0.0,0.0,0.0
d7f1aa19-5ca9-4e1b-ac1a-c86d63f9ede7,0,2,False,True,1,0,0.0,none,noMesh,5,4,1,0,0,4,16.27,16.27,1.0,1,0,0,0.0,0.0,0.0,0.0
d7f1aa19-5ca9-4e1b-ac1a-c86d63f9ede7,0,3,False,True,1,0,0.0,none,noMesh,6,1,1,0,1,20,6.01,4.18,0.695,1,0,0,0.0,0.0,0.0,0.0
d7f1aa19-5ca9-4e1b-ac1a-c86d63f9ede7,0,4,False,True,1,0,0.0,flat,noMesh,4,2,1,1,5,4,11.58,11.58,1.0,3,2,2,90.0,90.0,42.43,90.0
d7f1aa19-5ca9-4e1b-ac1a-c86d63f9ede7,0,5,False,True,1,0,0.0,none,noMesh,4,1,1,0,0,4,9.76,9.76,1.0,1,0,0,0.0,0.0,0.0,0.0
d8308bfc-c2c1-42bd-8503-282571708b8c,0,0,False,True,1,0,0.0,none,noMesh,4,2,0,0,2,4,5.07,5.07,1.0,1,0,0,0.0,0.0,0.0,0.0
d8308bfc-c2c1-42bd-8503-282571708b8c,0,1,False,True,1,1,1.0,sloped,noMesh,4,1,0,0,2,12,4.93,3.98,0.808,1,1,0,19.46,0.0,0.0,0.0
d8308bfc-c2c1-42bd-8503-282571708b8c,0,2,False,True,6,4,0.667,sloped,userScannedMesh,4,3,0,1,1,4,9.23,9.23,1.0,11,9,5,21.15,90.0,39.14,246.2
d8308bfc-c2c1-42bd-8503-282571708b8c,0,3,False,True,1,0,0.0,none,noMesh,4,1,1,0,1,4,12.39,12.39,1.0,1,0,0,0.0,0.0,0.0,0.0
d8308bfc-c2c1-42bd-8503-282571708b8c,0,4,False,True,1,0,0.0,none,noMesh,2,1,1,0,2,4,12.14,12.58,1.036,1,0,0,0.0,0.0,0.0,0.0
d8308bfc-c2c1-42bd-8503-282571708b8c,0,5,False,True,2,1,0.5,none,noMesh,4,6,0,1,1,8,11.1,11.16,1.006,2,1,0,3.73,6.8,3.4,0.0
d8308bfc-c2c1-42bd-8503-282571708b8c,0,6,False,True,1,0,0.0,none,noMesh,6,1,0,0,1,24,11.02,8.55,0.775,1,0,0,0.0,0.0,0.0,0.0
d8308bfc-c2c1-42bd-8503-282571708b8c,0,7,False,True,1,0,0.0,none,noMesh,4,1,1,0,1,4,7.41,7.41,1.0,1,0,0,0.0,0.0,0.0,0.0
d8308bfc-c2c1-42bd-8503-282571708b8c,0,8,False,True,1,0,0.0,none,noMesh,4,1,1,0,1,4,1.77,1.77,1.0,1,0,0,0.0,0.0,0.0,0.0
d8308bfc-c2c1-42bd-8503-282571708b8c,0,9,False,True,3,0,0.0,sloped,noMesh,4,1,2,1,1,8,26.83,26.08,0.972,3,2,0,44.94,45.0,21.2,179.61
d8308bfc-c2c1-42bd-8503-282571708b8c,0,10,False,True,1,0,0.0,none,noMesh,6,2,1,1,0,6,12.72,12.72,1.0,1,0,0,0.0,0.0,0.0,0.0
d8308bfc-c2c1-42bd-8503-282571708b8c,0,12,False,True,1,0,0.0,none,noMesh,6,0,0,0,2,5,4.7,4.67,0.994,1,0,0,0.0,0.0,0.0,0.0
d8308bfc-c2c1-42bd-8503-282571708b8c,0,13,False,True,8,4,0.5,none,noMesh,8,4,4,0,6,10,26.41,51.64,1.955,8,4,0,5.75,27.32,10.27,218.71
d904fdad-775d-4382-ba44-a4289889745e,0,0,False,True,2,0,0.0,none,noMesh,8,3,1,1,2,9,14.86,14.86,1.0,2,0,0,0.0,0.0,0.0,0.0
d904fdad-775d-4382-ba44-a4289889745e,0,1,False,True,1,0,0.0,none,noMesh,6,1,1,0,3,5,5.38,5.38,1.0,2,1,1,45.0,90.0,45.0,0.0
d904fdad-775d-4382-ba44-a4289889745e,0,2,False,True,1,0,0.0,none,noMesh,6,2,0,3,2,37,17.44,11.84,0.679,1,0,0,0.0,0.0,0.0,0.0
d904fdad-775d-4382-ba44-a4289889745e,0,3,False,True,1,0,0.0,none,noMesh,4,0,1,1,0,4,10.97,10.97,1.0,1,0,0,0.0,0.0,0.0,0.0
d904fdad-775d-4382-ba44-a4289889745e,0,4,False,True,1,0,0.0,none,noMesh,4,1,1,0,2,4,7.46,7.46,1.0,1,0,0,0.0,0.0,0.0,0.0
d904fdad-775d-4382-ba44-a4289889745e,0,5,False,True,1,0,0.0,none,noMesh,4,1,1,0,2,4,10.62,10.62,1.0,1,0,0,0.0,0.0,0.0,0.0
d904fdad-775d-4382-ba44-a4289889745e,0,6,False,True,1,0,0.0,none,noMesh,4,1,0,3,1,4,9.72,9.72,1.0,1,0,0,0.0,0.0,0.0,0.0
d904fdad-775d-4382-ba44-a4289889745e,0,7,False,True,1,0,0.0,none,noMesh,7,1,4,1,8,6,32.94,32.94,1.0,1,0,0,0.0,0.0,0.0,0.0
d904fdad-775d-4382-ba44-a4289889745e,0,8,False,True,1,0,0.0,none,noMesh,6,1,4,1,5,6,35.97,35.97,1.0,1,0,0,0.0,0.0,0.0,0.0
d928da15-65c0-490c-84df-613a196930f0,0,0,False,True,1,0,0.0,none,noMesh,2,1,1,0,1,4,11.22,11.52,1.027,1,0,0,0.0,0.0,0.0,0.0
d928da15-65c0-490c-84df-613a196930f0,0,2,False,True,2,0,0.0,none,noMesh,4,0,1,1,1,14,3.41,8.99,2.634,2,0,0,0.0,0.0,0.0,0.0
d928da15-65c0-490c-84df-613a196930f0,0,3,False,True,1,0,0.0,none,noMesh,8,1,2,0,3,19,13.16,12.16,0.924,2,1,1,45.0,90.0,45.0,0.0
d928da15-65c0-490c-84df-613a196930f0,0,4,False,True,1,0,0.0,none,noMesh,4,0,2,2,10,9,29.51,29.5,1.0,1,0,0,0.0,0.0,0.0,0.0
d928da15-65c0-490c-84df-613a196930f0,0,5,False,True,1,0,0.0,none,noMesh,3,2,1,0,1,8,12.48,13.95,1.118,1,0,0,0.0,0.0,0.0,0.0
d928da15-65c0-490c-84df-613a196930f0,0,6,False,True,1,0,0.0,none,noMesh,6,1,2,0,2,6,10.1,9.81,0.971,1,0,0,0.0,0.0,0.0,0.0
d928da15-65c0-490c-84df-613a196930f0,0,7,False,True,1,0,0.0,none,noMesh,4,2,0,0,1,4,5.11,5.11,1.0,1,0,0,0.0,0.0,0.0,0.0
d98923f0-3373-4d3c-ba03-c0df5d8b29d8,0,0,False,True,1,0,0.0,none,noMesh,7,2,4,1,4,18,39.23,37.64,0.959,1,0,0,0.0,0.0,0.0,0.0
d98923f0-3373-4d3c-ba03-c0df5d8b29d8,0,1,False,True,1,0,0.0,none,noMesh,6,2,1,0,9,6,10.58,10.58,1.0,1,0,0,0.0,0.0,0.0,0.0
d98923f0-3373-4d3c-ba03-c0df5d8b29d8,0,2,False,True,2,0,0.0,sloped,noMesh,9,8,0,1,1,10,12.82,12.78,0.997,2,0,0,0.0,0.0,0.0,0.0
d98923f0-3373-4d3c-ba03-c0df5d8b29d8,0,3,False,True,1,0,0.0,none,noMesh,4,1,1,0,2,12,6.8,5.68,0.835,1,0,0,0.0,0.0,0.0,0.0
d98923f0-3373-4d3c-ba03-c0df5d8b29d8,0,4,False,True,1,0,0.0,none,noMesh,4,3,1,0,7,4,9.79,9.79,1.0,1,0,0,0.0,0.0,0.0,0.0
d98923f0-3373-4d3c-ba03-c0df5d8b29d8,0,5,False,True,1,0,0.0,none,noMesh,4,1,0,0,3,9,3.43,2.28,0.666,1,0,0,0.0,0.0,0.0,0.0
d98923f0-3373-4d3c-ba03-c0df5d8b29d8,0,6,False,True,1,0,0.0,none,noMesh,5,1,1,0,1,4,9.68,9.68,1.0,1,0,0,0.0,0.0,0.0,0.0
d98923f0-3373-4d3c-ba03-c0df5d8b29d8,0,7,False,True,1,0,0.0,none,noMesh,4,3,2,0,1,4,13.28,13.28,1.0,1,0,0,0.0,0.0,0.0,0.0
dd4ba0e6-c9e0-444f-b815-9ad921cd3b87,0,0,False,True,1,0,0.0,none,userScannedMesh,4,2,1,0,0,4,13.72,13.72,1.0,1,0,0,0.0,0.0,0.0,0.0
dd4ba0e6-c9e0-444f-b815-9ad921cd3b87,0,1,False,True,1,0,0.0,none,noMesh,4,1,1,0,0,10,9.19,8.22,0.894,1,0,0,0.0,0.0,0.0,0.0
dd4ba0e6-c9e0-444f-b815-9ad921cd3b87,0,2,False,True,1,0,0.0,none,noMesh,4,1,1,0,0,4,8.26,8.26,1.0,1,0,0,0.0,0.0,0.0,0.0
dd4ba0e6-c9e0-444f-b815-9ad921cd3b87,0,3,False,True,10,6,0.6,none,noMesh,12,6,0,2,0,36,14.66,17.53,1.195,12,8,2,20.72,90.0,31.64,270.13
dd4ba0e6-c9e0-444f-b815-9ad921cd3b87,0,4,False,True,1,0,0.0,none,noMesh,2,2,1,0,1,6,4.91,5.59,1.137,1,0,0,0.0,0.0,0.0,0.0
dd4ba0e6-c9e0-444f-b815-9ad921cd3b87,0,6,False,True,2,0,0.0,none,noMesh,7,2,0,2,0,6,8.7,8.7,1.0,2,0,0,0.0,0.0,0.0,0.0
dd4ba0e6-c9e0-444f-b815-9ad921cd3b87,0,8,False,True,1,0,0.0,none,userScannedMesh,4,1,1,0,0,4,2.55,2.55,1.0,2,1,1,45.0,90.0,45.0,0.0
df1f5f4f-8801-4d5d-9c64-f0ea8e1ce027,0,0,False,True,2,0,0.0,none,noMesh,3,2,1,0,2,8,9.15,20.76,2.268,2,0,0,0.0,0.0,0.0,0.0
df1f5f4f-8801-4d5d-9c64-f0ea8e1ce027,0,1,False,True,1,0,0.0,none,noMesh,3,1,2,1,4,6,10.75,10.81,1.005,1,0,0,0.0,0.0,0.0,0.0
df1f5f4f-8801-4d5d-9c64-f0ea8e1ce027,0,2,False,True,1,0,0.0,none,noMesh,4,1,1,0,1,20,9.59,8.57,0.894,1,0,0,0.0,0.0,0.0,0.0
df1f5f4f-8801-4d5d-9c64-f0ea8e1ce027,0,3,False,True,1,0,0.0,none,noMesh,4,1,1,0,2,4,9.11,9.11,1.0,1,0,0,0.0,0.0,0.0,0.0
df1f5f4f-8801-4d5d-9c64-f0ea8e1ce027,0,4,False,True,1,0,0.0,none,noMesh,4,2,1,0,1,16,13.8,12.95,0.938,1,0,0,0.0,0.0,0.0,0.0
df1f5f4f-8801-4d5d-9c64-f0ea8e1ce027,0,5,False,True,1,0,0.0,none,noMesh,6,1,1,0,2,5,5.57,5.57,1.0,1,0,0,0.0,0.0,0.0,0.0
df1f5f4f-8801-4d5d-9c64-f0ea8e1ce027,0,6,False,True,1,0,0.0,none,noMesh,7,2,1,1,3,6,36.26,36.26,1.0,1,0,0,0.0,0.0,0.0,0.0
dfb88995-ff0a-4025-878b-b544364f8e92,0,0,False,True,1,0,0.0,none,noMesh,10,2,2,1,4,10,31.89,31.89,1.0,1,0,0,0.0,0.0,0.0,0.0
dfb88995-ff0a-4025-878b-b544364f8e92,0,1,False,True,1,0,0.0,none,noMesh,4,0,1,1,7,23,15.5,13.91,0.898,1,0,0,0.0,0.0,0.0,0.0
dfb88995-ff0a-4025-878b-b544364f8e92,1,4,False,True,2,1,0.5,none,noMesh,7,2,1,1,1,14,7.16,7.29,1.018,3,2,1,70.79,90.0,38.7,65.54
dfb88995-ff0a-4025-878b-b544364f8e92,1,5,False,True,2,0,0.0,none,noMesh,6,2,1,0,2,6,13.27,13.27,1.0,2,1,0,25.16,50.32,25.16,0.0
dfb88995-ff0a-4025-878b-b544364f8e92,1,6,False,True,9,1,0.111,sloped,noMesh,7,2,1,0,2,9,13.09,13.09,1.0,13,11,4,60.99,90.0,30.76,270.0
dfb88995-ff0a-4025-878b-b544364f8e92,1,7,False,True,2,0,0.0,sloped,noMesh,6,1,1,0,3,20,5.85,4.63,0.791,2,1,0,23.22,46.44,23.22,0.0
e0155eef-34a5-4642-bca6-39b83ee42af1,3,0,True,True,21,6,0.286,sloped,noMesh,13,4,3,0,0,12,28.94,28.94,1.0,25,21,4,49.11,90.0,27.37,250.75
e0155eef-34a5-4642-bca6-39b83ee42af1,3,1,False,True,5,1,0.2,sloped,noMesh,8,1,0,0,1,9,5.74,4.66,0.812,7,6,2,45.92,90.0,30.48,180.0
e0155eef-34a5-4642-bca6-39b83ee42af1,3,2,True,True,4,1,0.25,none,noMesh,8,0,0,0,0,13,4.86,4.68,0.964,4,3,0,13.74,32.2,12.54,180.0
e0155eef-34a5-4642-bca6-39b83ee42af1,2,3,True,True,9,5,0.556,sloped,noMesh,12,2,2,0,2,12,15.5,15.5,1.0,12,11,3,50.68,90.0,29.72,270.0
e0155eef-34a5-4642-bca6-39b83ee42af1,0,6,False,True,18,10,0.556,none,noMesh,14,2,4,0,4,15,25.87,27.04,1.045,18,10,0,8.7,49.41,15.51,257.07
e0155eef-34a5-4642-bca6-39b83ee42af1,0,7,False,True,4,0,0.0,none,noMesh,8,1,1,1,0,7,4.23,3.06,0.724,4,0,0,0.0,0.0,0.0,0.0
e0155eef-34a5-4642-bca6-39b83ee42af1,0,8,False,True,1,0,0.0,none,noMesh,4,1,1,0,0,4,1.86,1.86,1.0,1,0,0,0.0,0.0,0.0,0.0
e0155eef-34a5-4642-bca6-39b83ee42af1,0,9,False,True,1,0,0.0,none,noMesh,5,2,2,0,4,4,20.66,20.66,1.0,1,0,0,0.0,0.0,0.0,0.0
e0155eef-34a5-4642-bca6-39b83ee42af1,0,10,False,True,2,0,0.0,none,noMesh,9,2,1,2,4,9,14.32,13.78,0.962,2,0,0,0.0,0.0,0.0,0.0
e0155eef-34a5-4642-bca6-39b83ee42af1,0,11,False,True,2,1,0.5,sloped,noMesh,4,0,0,1,0,4,4.56,4.56,1.0,3,2,1,22.69,90.0,38.22,122.55
e01a968a-24dd-4ca3-b46f-5aff03b1779f,0,0,False,True,1,0,0.0,none,noMesh,4,1,1,0,1,4,2.24,2.24,1.0,1,0,0,0.0,0.0,0.0,0.0
e01a968a-24dd-4ca3-b46f-5aff03b1779f,0,1,False,True,1,0,0.0,none,noMesh,6,1,1,0,3,10,6.93,6.81,0.982,1,0,0,0.0,0.0,0.0,0.0
e01a968a-24dd-4ca3-b46f-5aff03b1779f,0,2,False,True,1,0,0.0,none,noMesh,4,1,1,0,3,6,10.93,10.38,0.949,1,0,0,0.0,0.0,0.0,0.0
e01a968a-24dd-4ca3-b46f-5aff03b1779f,0,3,False,True,1,0,0.0,none,noMesh,5,2,1,0,2,4,10.0,10.0,1.0,1,0,0,0.0,0.0,0.0,0.0
e01a968a-24dd-4ca3-b46f-5aff03b1779f,0,4,False,True,1,0,0.0,none,noMesh,6,2,3,0,8,13,49.94,49.62,0.994,1,0,0,0.0,0.0,0.0,0.0
e01a968a-24dd-4ca3-b46f-5aff03b1779f,0,5,False,True,1,0,0.0,none,noMesh,12,7,1,0,2,25,18.75,16.37,0.873,1,0,0,0.0,0.0,0.0,0.0
e01a968a-24dd-4ca3-b46f-5aff03b1779f,0,6,False,True,1,0,0.0,none,noMesh,6,1,1,0,1,6,9.58,9.58,1.0,1,0,0,0.0,0.0,0.0,0.0
e028bcc5-73ee-45f9-924b-d7badbc66caf,0,0,False,True,1,0,0.0,none,noMesh,6,2,0,0,0,8,8.52,8.2,0.963,1,0,0,0.0,0.0,0.0,0.0
e028bcc5-73ee-45f9-924b-d7badbc66caf,1,10,False,True,3,0,0.0,sloped,noMesh,4,1,2,0,2,4,20.39,20.39,1.0,3,2,0,44.05,45.95,21.23,179.57
e028bcc5-73ee-45f9-924b-d7badbc66caf,1,11,False,True,2,0,0.0,sloped,noMesh,6,3,1,0,0,4,8.31,8.3,1.0,2,1,0,23.0,46.0,23.0,0.0
e028bcc5-73ee-45f9-924b-d7badbc66caf,1,12,False,True,4,0,0.0,sloped,noMesh,4,1,1,0,2,14,22.11,12.38,0.56,6,5,2,45.53,90.0,32.54,90.06
e028bcc5-73ee-45f9-924b-d7badbc66caf,1,13,False,True,18,14,0.778,sloped,noMesh,7,1,1,1,2,6,22.73,22.75,1.001,19,16,1,19.4,90.0,23.06,270.18
e028bcc5-73ee-45f9-924b-d7badbc66caf,1,14,False,True,2,0,0.0,sloped,noMesh,4,1,0,2,0,4,14.48,14.49,1.001,3,2,1,43.98,90.0,36.75,1.61
e028bcc5-73ee-45f9-924b-d7badbc66caf,1,15,False,True,9,7,0.778,none,noMesh,2,0,0,1,1,9,50.84,50.51,0.993,11,10,3,55.57,87.06,24.53,195.35
e0796748-79fd-40ae-be1f-e5977a9fe1e5,0,0,False,True,1,0,0.0,none,noMesh,4,1,1,0,3,4,14.37,14.37,1.0,1,0,0,0.0,0.0,0.0,0.0
e0796748-79fd-40ae-be1f-e5977a9fe1e5,0,1,False,True,1,0,0.0,none,noMesh,7,4,0,0,0,16,9.97,5.82,0.584,1,0,0,0.0,0.0,0.0,0.0
e0796748-79fd-40ae-be1f-e5977a9fe1e5,0,2,False,True,1,0,0.0,none,noMesh,5,1,1,0,1,13,9.18,7.97,0.868,1,0,0,0.0,0.0,0.0,0.0
e0796748-79fd-40ae-be1f-e5977a9fe1e5,0,3,False,True,1,0,0.0,none,noMesh,4,1,1,0,3,12,7.8,7.62,0.976,1,0,0,0.0,0.0,0.0,0.0
e0796748-79fd-40ae-be1f-e5977a9fe1e5,0,4,False,True,1,0,0.0,none,noMesh,4,1,1,0,0,15,3.03,2.44,0.803,1,0,0,0.0,0.0,0.0,0.0
e0796748-79fd-40ae-be1f-e5977a9fe1e5,0,5,False,True,1,0,0.0,none,noMesh,4,1,1,0,4,8,6.85,6.88,1.004,1,0,0,0.0,0.0,0.0,0.0
e0796748-79fd-40ae-be1f-e5977a9fe1e5,0,6,False,True,1,0,0.0,none,noMesh,7,1,2,0,9,9,16.13,15.46,0.958,1,0,0,0.0,0.0,0.0,0.0
e0796748-79fd-40ae-be1f-e5977a9fe1e5,0,7,False,True,1,0,0.0,none,noMesh,2,3,1,2,3,7,17.94,17.41,0.97,1,0,0,0.0,0.0,0.0,0.0
e0796748-79fd-40ae-be1f-e5977a9fe1e5,0,8,False,True,2,0,0.0,none,noMesh,7,0,3,1,5,6,32.87,38.68,1.177,2,0,0,0.0,0.0,0.0,0.0
e0796748-79fd-40ae-be1f-e5977a9fe1e5,0,9,False,True,1,0,0.0,none,noMesh,7,2,1,0,1,10,9.83,9.51,0.967,1,0,0,0.0,0.0,0.0,0.0
e0796748-79fd-40ae-be1f-e5977a9fe1e5,0,10,False,True,6,3,0.5,none,noMesh,9,7,1,1,0,19,13.28,12.4,0.934,7,4,1,14.21,90.0,30.36,180.0
e0796748-79fd-40ae-be1f-e5977a9fe1e5,0,11,False,True,1,0,0.0,none,noMesh,4,1,0,0,0,4,3.59,3.59,1.0,1,0,0,0.0,0.0,0.0,0.0
e496ca55-bafb-4b8b-b3f1-5f6fb5ae8c7e,0,2,False,True,1,0,0.0,none,noMesh,2,1,2,0,1,6,13.9,13.92,1.001,1,0,0,0.0,0.0,0.0,0.0
e496ca55-bafb-4b8b-b3f1-5f6fb5ae8c7e,0,3,False,True,1,0,0.0,none,noMesh,4,2,0,0,1,10,3.61,3.31,0.917,1,0,0,0.0,0.0,0.0,0.0
e496ca55-bafb-4b8b-b3f1-5f6fb5ae8c7e,2,5,True,True,3,0,0.0,sloped,noMesh,7,0,2,0,2,7,23.77,23.77,1.0,6,5,3,69.1,90.0,33.72,181.75
e496ca55-bafb-4b8b-b3f1-5f6fb5ae8c7e,2,7,False,True,1,0,0.0,none,noMesh,11,5,1,1,2,35,26.57,22.99,0.865,2,1,1,45.0,90.0,45.0,0.0
e496ca55-bafb-4b8b-b3f1-5f6fb5ae8c7e,2,8,False,True,2,0,0.0,sloped,noMesh,6,1,0,0,4,6,7.23,7.22,1.0,2,1,0,20.83,41.66,20.83,0.0
e496ca55-bafb-4b8b-b3f1-5f6fb5ae8c7e,2,10,False,True,2,0,0.0,sloped,noMesh,7,1,1,0,3,5,10.49,10.51,1.001,2,1,0,21.73,43.47,21.73,0.0
e496ca55-bafb-4b8b-b3f1-5f6fb5ae8c7e,2,11,False,True,8,1,0.125,sloped,noMesh,6,1,1,0,2,8,14.11,14.11,1.0,12,10,4,61.13,90.0,32.2,179.99
e496ca55-bafb-4b8b-b3f1-5f6fb5ae8c7e,1,13,False,True,1,0,0.0,none,noMesh,4,5,2,0,3,4,30.82,30.82,1.0,1,0,0,0.0,0.0,0.0,0.0
e496ca55-bafb-4b8b-b3f1-5f6fb5ae8c7e,1,14,False,True,1,0,0.0,none,noMesh,6,3,3,0,6,5,22.29,22.29,1.0,1,0,0,0.0,0.0,0.0,0.0
e496ca55-bafb-4b8b-b3f1-5f6fb5ae8c7e,1,17,False,True,1,0,0.0,none,noMesh,6,2,2,0,7,6,34.97,34.97,1.0,1,0,0,0.0,0.0,0.0,0.0
e4fe9821-2270-4d23-bc74-703743b5d282,0,0,False,True,1,0,0.0,none,noMesh,4,0,1,1,1,9,4.8,4.44,0.924,1,0,0,0.0,0.0,0.0,0.0
e4fe9821-2270-4d23-bc74-703743b5d282,0,1,False,True,1,0,0.0,none,noMesh,3,0,1,2,3,8,13.93,13.65,0.98,1,0,0,0.0,0.0,0.0,0.0
e4fe9821-2270-4d23-bc74-703743b5d282,0,2,False,True,1,0,0.0,none,noMesh,7,2,4,1,0,4,20.05,31.52,1.572,1,0,0,0.0,0.0,0.0,0.0
e4fe9821-2270-4d23-bc74-703743b5d282,0,3,False,True,2,0,0.0,none,noMesh,8,2,0,0,0,12,37.53,36.15,0.963,2,0,0,0.0,0.0,0.0,0.0
e4fe9821-2270-4d23-bc74-703743b5d282,0,4,False,True,2,0,0.0,none,noMesh,3,0,2,2,4,6,17.35,22.36,1.289,2,0,0,0.0,0.0,0.0,0.0
e4fe9821-2270-4d23-bc74-703743b5d282,0,5,False,True,1,0,0.0,none,noMesh,3,2,2,0,1,12,13.72,13.25,0.966,1,0,0,0.0,0.0,0.0,0.0
e4fe9821-2270-4d23-bc74-703743b5d282,0,6,False,True,1,0,0.0,none,noMesh,4,1,1,0,1,23,5.65,3.41,0.604,1,0,0,0.0,0.0,0.0,0.0
e4fe9821-2270-4d23-bc74-703743b5d282,0,7,False,True,1,0,0.0,none,noMesh,4,5,0,0,0,4,4.95,4.95,1.0,1,0,0,0.0,0.0,0.0,0.0
e4fe9821-2270-4d23-bc74-703743b5d282,0,9,False,True,2,0,0.0,none,noMesh,8,2,1,0,2,7,11.28,11.28,1.0,2,0,0,0.0,0.0,0.0,0.0
e4fe9821-2270-4d23-bc74-703743b5d282,0,10,False,True,1,0,0.0,none,noMesh,5,1,1,0,0,6,35.59,35.58,1.0,1,0,0,0.0,0.0,0.0,0.0
e5adc187-70eb-4828-aa90-5fe3c46dfbce,0,4,False,True,1,0,0.0,none,noMesh,4,1,1,0,3,4,4.27,4.27,1.0,1,0,0,0.0,0.0,0.0,0.0
e5adc187-70eb-4828-aa90-5fe3c46dfbce,1,8,False,True,3,0,0.0,sloped,noMesh,4,1,1,0,3,4,12.09,12.09,1.0,3,2,0,46.98,50.41,23.0,179.76
e5adc187-70eb-4828-aa90-5fe3c46dfbce,1,9,False,True,4,0,0.0,sloped,noMesh,4,3,1,0,1,14,7.36,6.84,0.93,6,5,2,46.98,90.0,30.88,180.9
e5adc187-70eb-4828-aa90-5fe3c46dfbce,1,10,False,True,3,1,0.333,sloped,noMesh,6,0,1,1,2,6,11.73,11.72,1.0,4,3,1,45.23,90.0,31.85,179.91
e721a943-1c4f-4bd6-b8a3-f9558de79921,0,0,False,True,1,0,0.0,none,noMesh,4,2,1,0,1,4,6.5,6.5,1.0,1,0,0,0.0,0.0,0.0,0.0
e721a943-1c4f-4bd6-b8a3-f9558de79921,0,1,False,True,1,0,0.0,none,noMesh,4,1,1,1,4,4,7.37,7.37,1.0,1,0,0,0.0,0.0,0.0,0.0
e721a943-1c4f-4bd6-b8a3-f9558de79921,0,2,False,True,1,0,0.0,none,noMesh,4,1,1,0,0,5,3.44,3.44,1.0,1,0,0,0.0,0.0,0.0,0.0
e721a943-1c4f-4bd6-b8a3-f9558de79921,0,3,False,True,1,0,0.0,none,noMesh,4,5,0,1,1,4,4.96,4.96,1.0,1,0,0,0.0,0.0,0.0,0.0
e721a943-1c4f-4bd6-b8a3-f9558de79921,0,4,False,True,1,0,0.0,none,noMesh,4,1,1,0,0,4,6.52,6.52,1.0,1,0,0,0.0,0.0,0.0,0.0
e721a943-1c4f-4bd6-b8a3-f9558de79921,0,5,False,True,1,0,0.0,none,noMesh,4,2,1,0,1,4,9.43,9.43,1.0,1,0,0,0.0,0.0,0.0,0.0
e721a943-1c4f-4bd6-b8a3-f9558de79921,0,6,False,True,1,0,0.0,none,noMesh,6,3,2,0,1,39,43.88,27.29,0.622,1,0,0,0.0,0.0,0.0,0.0
e721a943-1c4f-4bd6-b8a3-f9558de79921,0,7,False,True,1,0,0.0,sloped,noMesh,4,1,1,0,1,4,6.66,6.66,1.0,1,1,0,18.75,0.0,0.0,0.0
e721a943-1c4f-4bd6-b8a3-f9558de79921,0,8,False,True,1,0,0.0,none,noMesh,4,1,0,0,1,4,1.85,1.85,1.0,1,0,0,0.0,0.0,0.0,0.0
e7452ac7-517e-4321-9201-d52bf7f0cae9,0,0,False,True,1,0,0.0,none,noMesh,4,2,0,1,0,11,4.7,4.57,0.973,2,1,1,45.0,90.0,45.0,0.0
e7452ac7-517e-4321-9201-d52bf7f0cae9,0,1,False,True,2,0,0.0,none,noMesh,10,3,1,0,3,8,13.16,13.16,1.0,2,0,0,0.0,0.0,0.0,0.0
e7452ac7-517e-4321-9201-d52bf7f0cae9,0,2,False,True,1,0,0.0,none,noMesh,8,1,1,0,1,6,7.41,7.41,1.0,1,0,0,0.0,0.0,0.0,0.0
e7452ac7-517e-4321-9201-d52bf7f0cae9,0,3,False,True,1,0,0.0,none,noMesh,4,2,1,0,3,4,11.62,11.62,1.0,1,0,0,0.0,0.0,0.0,0.0
e7452ac7-517e-4321-9201-d52bf7f0cae9,0,4,False,True,1,0,0.0,none,noMesh,4,3,0,2,1,12,18.43,17.39,0.944,1,0,0,0.0,0.0,0.0,0.0
e7452ac7-517e-4321-9201-d52bf7f0cae9,0,5,False,True,5,0,0.0,sloped,noMesh,7,5,1,1,8,6,26.16,26.16,1.0,5,3,0,8.73,14.01,5.3,5.64
e7452ac7-517e-4321-9201-d52bf7f0cae9,0,6,False,True,1,0,0.0,none,noMesh,5,2,1,0,1,13,11.25,11.05,0.982,1,0,0,0.0,0.0,0.0,0.0
e7452ac7-517e-4321-9201-d52bf7f0cae9,0,7,False,True,1,0,0.0,none,noMesh,5,2,1,0,2,7,10.74,10.56,0.983,1,0,0,0.0,0.0,0.0,0.0
e7452ac7-517e-4321-9201-d52bf7f0cae9,0,8,False,True,1,0,0.0,none,noMesh,9,1,1,0,1,6,4.12,4.12,1.0,1,0,0,0.0,0.0,0.0,0.0
e7452ac7-517e-4321-9201-d52bf7f0cae9,0,9,False,True,1,0,0.0,none,noMesh,4,2,1,0,3,4,9.53,9.53,1.0,1,0,0,0.0,0.0,0.0,0.0
e7452ac7-517e-4321-9201-d52bf7f0cae9,0,10,False,True,2,0,0.0,none,noMesh,10,1,1,1,4,8,6.93,6.93,1.0,2,0,0,0.0,0.0,0.0,0.0
e7452ac7-517e-4321-9201-d52bf7f0cae9,0,11,False,True,3,0,0.0,sloped,noMesh,4,5,0,2,2,48,53.31,28.02,0.526,3,2,0,8.13,12.93,5.29,178.63
e93694c4-b9a9-4184-ab47-4d0d0a8504b2,0,0,False,True,2,0,0.0,sloped,noMesh,4,1,1,0,1,4,6.71,6.71,1.0,2,1,0,7.37,14.74,7.37,0.0
e93694c4-b9a9-4184-ab47-4d0d0a8504b2,0,1,False,True,1,0,0.0,none,noMesh,5,1,1,1,0,4,9.22,9.22,1.0,1,0,0,0.0,0.0,0.0,0.0
e93694c4-b9a9-4184-ab47-4d0d0a8504b2,0,2,False,True,1,0,0.0,none,noMesh,4,0,0,1,0,4,1.79,1.79,1.0,1,0,0,0.0,0.0,0.0,0.0
e93694c4-b9a9-4184-ab47-4d0d0a8504b2,0,3,False,True,1,0,0.0,none,noMesh,3,5,0,1,2,23,5.67,5.0,0.882,1,0,0,0.0,0.0,0.0,0.0
e93694c4-b9a9-4184-ab47-4d0d0a8504b2,0,4,False,True,2,0,0.0,none,noMesh,12,3,3,0,8,13,35.69,35.12,0.984,2,0,0,0.0,0.0,0.0,0.0
e93694c4-b9a9-4184-ab47-4d0d0a8504b2,0,5,False,True,1,0,0.0,none,noMesh,4,1,1,0,2,4,3.26,3.26,1.0,1,0,0,0.0,0.0,0.0,0.0
e93694c4-b9a9-4184-ab47-4d0d0a8504b2,0,6,False,True,1,0,0.0,none,noMesh,6,2,1,0,1,6,5.68,5.68,1.0,1,0,0,0.0,0.0,0.0,0.0
e9a5d5e2-17c8-4879-89f2-f6a3af5cfd38,0,0,False,True,1,0,0.0,none,noMesh,4,2,1,0,6,4,10.58,10.58,1.0,1,0,0,0.0,0.0,0.0,0.0
e9a5d5e2-17c8-4879-89f2-f6a3af5cfd38,0,1,False,True,1,0,0.0,none,noMesh,1,0,1,0,3,34,19.81,4.77,0.241,1,0,0,0.0,0.0,0.0,0.0
e9a5d5e2-17c8-4879-89f2-f6a3af5cfd38,0,2,False,True,1,0,0.0,none,noMesh,5,0,1,1,1,5,10.11,10.11,1.0,1,0,0,0.0,0.0,0.0,0.0
e9a5d5e2-17c8-4879-89f2-f6a3af5cfd38,0,3,False,True,1,0,0.0,none,noMesh,6,2,1,1,0,6,26.36,26.36,1.0,1,0,0,0.0,0.0,0.0,0.0
e9a5d5e2-17c8-4879-89f2-f6a3af5cfd38,0,4,False,True,1,0,0.0,none,noMesh,7,3,0,0,0,6,5.56,5.56,1.0,1,0,0,0.0,0.0,0.0,0.0
e9a5d5e2-17c8-4879-89f2-f6a3af5cfd38,0,5,False,True,1,0,0.0,none,noMesh,5,1,1,0,1,4,7.66,7.66,1.0,1,0,0,0.0,0.0,0.0,0.0
e9a5d5e2-17c8-4879-89f2-f6a3af5cfd38,0,6,False,True,1,0,0.0,none,noMesh,6,5,0,1,0,6,7.5,7.5,1.0,1,0,0,0.0,0.0,0.0,0.0
e9a5d5e2-17c8-4879-89f2-f6a3af5cfd38,0,7,False,True,1,0,0.0,none,noMesh,4,0,1,1,0,4,7.68,7.68,1.0,1,0,0,0.0,0.0,0.0,0.0
e9dddee6-297a-43f5-b862-90091889ea39,0,0,False,True,1,0,0.0,none,noMesh,4,1,2,0,5,4,17.9,17.9,1.0,3,2,2,90.0,88.9,41.91,180.0
e9dddee6-297a-43f5-b862-90091889ea39,0,1,False,True,1,0,0.0,none,noMesh,4,1,1,0,2,4,6.79,6.79,1.0,1,0,0,0.0,0.0,0.0,0.0
e9dddee6-297a-43f5-b862-90091889ea39,0,2,False,True,3,2,0.667,sloped,noMesh,7,5,0,0,3,17,9.74,8.53,0.876,5,4,2,18.1,90.0,40.68,180.0
e9dddee6-297a-43f5-b862-90091889ea39,1,6,False,True,3,2,0.667,sloped,noMesh,5,2,1,1,7,10,13.2,12.18,0.923,5,4,2,17.52,90.0,38.98,180.0
e9dddee6-297a-43f5-b862-90091889ea39,1,7,False,True,1,0,0.0,none,noMesh,8,1,1,0,1,13,6.16,4.41,0.715,1,0,0,0.0,0.0,0.0,0.0
e9dddee6-297a-43f5-b862-90091889ea39,2,9,False,True,2,1,0.5,none,noMesh,8,1,1,0,2,12,5.43,5.28,0.973,2,1,0,22.27,44.53,22.27,0.0
e9dddee6-297a-43f5-b862-90091889ea39,2,10,False,True,2,1,0.5,none,noMesh,6,1,1,0,3,14,13.46,12.81,0.951,2,1,0,22.77,45.54,22.77,0.0
e9dddee6-297a-43f5-b862-90091889ea39,2,11,False,True,5,3,0.6,none,noMesh,8,2,2,0,1,8,10.42,10.42,1.0,7,5,2,53.44,90.0,36.72,99.16
e9dddee6-297a-43f5-b862-90091889ea39,2,12,False,True,2,1,0.5,none,noMesh,8,3,0,0,0,18,6.95,6.6,0.95,2,1,0,22.23,44.46,22.23,0.0
e9f0631f-ae34-4d30-af21-d3369327755f,0,0,False,True,1,0,0.0,none,noMesh,6,3,0,1,0,6,7.46,7.46,1.0,1,0,0,0.0,0.0,0.0,0.0
e9f0631f-ae34-4d30-af21-d3369327755f,0,5,False,True,1,0,0.0,none,noMesh,7,0,1,1,1,5,3.9,3.9,1.0,1,0,0,0.0,0.0,0.0,0.0
e9f0631f-ae34-4d30-af21-d3369327755f,0,6,False,True,12,2,0.167,sloped,noMesh,10,5,3,0,2,28,19.61,18.53,0.945,13,10,1,11.01,90.0,21.95,212.08
e9f0631f-ae34-4d30-af21-d3369327755f,1,12,False,True,2,1,0.5,sloped,noMesh,6,1,2,0,1,5,9.07,9.07,1.0,2,1,0,21.33,42.65,21.33,0.0
e9f0631f-ae34-4d30-af21-d3369327755f,1,13,False,True,2,1,0.5,none,noMesh,7,1,1,0,3,5,12.53,12.53,1.0,2,1,0,22.96,45.92,22.96,0.0
e9f0631f-ae34-4d30-af21-d3369327755f,1,14,False,True,2,1,0.5,sloped,noMesh,4,2,2,0,0,15,20.03,19.7,0.983,3,2,1,45.7,90.0,36.74,179.57
e9f0631f-ae34-4d30-af21-d3369327755f,1,16,False,True,5,4,0.8,sloped,noMesh,6,1,1,0,1,5,12.59,12.59,1.0,6,5,1,43.66,90.0,28.29,60.3
e9f0631f-ae34-4d30-af21-d3369327755f,1,17,False,True,5,2,0.4,none,noMesh,6,1,2,0,0,9,18.3,18.09,0.989,5,4,0,43.26,55.25,21.69,179.64
e9f0631f-ae34-4d30-af21-d3369327755f,1,18,False,True,8,2,0.25,none,noMesh,3,2,0,0,0,12,13.85,13.51,0.976,12,9,5,44.71,90.0,35.28,270.01
e9f0631f-ae34-4d30-af21-d3369327755f,1,19,False,True,7,4,0.571,none,noMesh,5,1,2,0,2,6,18.03,18.0,0.998,12,11,5,54.62,90.0,33.53,270.0
ebd94f02-abc2-476d-8bf9-9bdfbc2a58dd,1,4,False,True,1,0,0.0,none,noMesh,9,4,2,1,10,7,29.37,29.44,1.002,1,0,0,0.0,0.0,0.0,0.0
ebd94f02-abc2-476d-8bf9-9bdfbc2a58dd,1,5,False,True,1,0,0.0,none,noMesh,12,3,2,2,3,6,55.5,55.69,1.003,1,0,0,0.0,0.0,0.0,0.0
ebd94f02-abc2-476d-8bf9-9bdfbc2a58dd,1,6,False,True,1,0,0.0,none,noMesh,4,1,1,0,0,4,1.59,1.59,1.0,1,0,0,0.0,0.0,0.0,0.0
ebd94f02-abc2-476d-8bf9-9bdfbc2a58dd,1,7,False,True,1,0,0.0,none,noMesh,4,1,2,0,3,14,17.44,16.5,0.946,1,0,0,0.0,0.0,0.0,0.0
ebd94f02-abc2-476d-8bf9-9bdfbc2a58dd,1,8,False,True,1,0,0.0,none,noMesh,7,4,0,0,0,53,10.56,3.81,0.361,1,0,0,0.0,0.0,0.0,0.0
ebd94f02-abc2-476d-8bf9-9bdfbc2a58dd,1,9,False,True,1,0,0.0,none,noMesh,6,0,1,1,1,6,3.97,3.97,1.0,1,0,0,0.0,0.0,0.0,0.0
ebd94f02-abc2-476d-8bf9-9bdfbc2a58dd,1,10,False,True,1,0,0.0,none,noMesh,5,1,1,0,1,4,8.26,8.26,1.0,1,0,0,0.0,0.0,0.0,0.0
ebd94f02-abc2-476d-8bf9-9bdfbc2a58dd,1,11,False,True,1,0,0.0,none,noMesh,4,2,1,0,3,4,14.22,14.22,1.0,1,0,0,0.0,0.0,0.0,0.0
ebd94f02-abc2-476d-8bf9-9bdfbc2a58dd,1,12,False,True,1,0,0.0,none,noMesh,11,6,0,2,0,9,6.38,6.38,1.0,1,0,0,0.0,0.0,0.0,0.0
ebded652-9e37-4267-992a-8b575c9e1016,0,0,False,True,1,0,0.0,none,noMesh,6,2,1,0,2,6,8.57,8.57,1.0,1,0,0,0.0,0.0,0.0,0.0
ebded652-9e37-4267-992a-8b575c9e1016,0,1,False,True,1,0,0.0,none,noMesh,4,2,2,1,7,12,18.58,17.71,0.954,1,0,0,0.0,0.0,0.0,0.0
ebded652-9e37-4267-992a-8b575c9e1016,0,2,False,True,1,0,0.0,none,noMesh,6,4,1,0,3,6,41.1,41.1,1.0,1,0,0,0.0,0.0,0.0,0.0
ebded652-9e37-4267-992a-8b575c9e1016,0,3,False,True,1,0,0.0,none,noMesh,3,0,1,0,2,11,7.28,7.22,0.992,1,0,0,0.0,0.0,0.0,0.0
ebded652-9e37-4267-992a-8b575c9e1016,0,4,False,True,1,0,0.0,none,noMesh,5,0,1,0,3,6,9.91,9.93,1.002,1,0,0,0.0,0.0,0.0,0.0
ebded652-9e37-4267-992a-8b575c9e1016,0,5,False,True,1,0,0.0,none,noMesh,6,2,1,0,3,12,13.08,12.89,0.986,1,0,0,0.0,0.0,0.0,0.0
ebded652-9e37-4267-992a-8b575c9e1016,0,6,False,True,1,0,0.0,none,noMesh,2,1,1,0,0,8,3.3,2.38,0.719,1,0,0,0.0,0.0,0.0,0.0
ebded652-9e37-4267-992a-8b575c9e1016,0,7,False,True,1,0,0.0,none,noMesh,7,9,1,1,1,17,12.12,11.99,0.989,1,0,0,0.0,0.0,0.0,0.0
ebded652-9e37-4267-992a-8b575c9e1016,0,8,False,True,1,0,0.0,none,noMesh,8,1,1,0,0,10,7.51,6.46,0.859,1,0,0,0.0,0.0,0.0,0.0
ed5231c3-375e-426e-b341-62f6d2b0b3f5,0,0,False,True,1,0,0.0,none,noMesh,4,0,1,1,2,4,3.81,3.81,1.0,1,0,0,0.0,0.0,0.0,0.0
ed5231c3-375e-426e-b341-62f6d2b0b3f5,0,1,False,True,7,0,0.0,sloped,userScannedMesh,8,1,1,2,4,6,14.96,15.0,1.002,7,7,0,15.69,7.42,2.27,115.57
ed5231c3-375e-426e-b341-62f6d2b0b3f5,0,2,False,True,1,0,0.0,none,noMesh,4,1,1,0,1,4,8.63,8.63,1.0,1,0,0,0.0,0.0,0.0,0.0
ed5231c3-375e-426e-b341-62f6d2b0b3f5,0,3,False,True,1,0,0.0,none,noMesh,4,1,1,0,1,8,8.38,7.97,0.951,1,0,0,0.0,0.0,0.0,0.0
ed5231c3-375e-426e-b341-62f6d2b0b3f5,0,4,False,True,1,0,0.0,none,noMesh,5,1,1,0,2,23,11.68,9.85,0.843,1,0,0,0.0,0.0,0.0,0.0
ed5231c3-375e-426e-b341-62f6d2b0b3f5,0,5,False,True,1,0,0.0,none,noMesh,13,4,2,1,5,17,44.82,44.82,1.0,1,0,0,0.0,0.0,0.0,0.0
ed5231c3-375e-426e-b341-62f6d2b0b3f5,0,6,False,True,1,0,0.0,none,noMesh,4,1,2,0,2,4,16.19,16.19,1.0,1,0,0,0.0,0.0,0.0,0.0
ed646d77-0d2b-4d72-b20d-be6aac6aa669,0,1,False,True,1,0,0.0,none,noMesh,4,1,1,0,2,10,11.16,10.34,0.926,1,0,0,0.0,0.0,0.0,0.0
ed646d77-0d2b-4d72-b20d-be6aac6aa669,1,3,False,True,1,0,0.0,none,noMesh,5,1,1,0,3,5,9.09,9.09,1.0,1,0,0,0.0,0.0,0.0,0.0
ed646d77-0d2b-4d72-b20d-be6aac6aa669,1,4,False,True,1,0,0.0,none,noMesh,6,1,1,0,0,5,5.73,5.73,1.0,1,0,0,0.0,0.0,0.0,0.0
ed646d77-0d2b-4d72-b20d-be6aac6aa669,1,5,False,True,1,0,0.0,none,noMesh,4,1,1,0,2,4,11.02,11.02,1.0,1,0,0,0.0,0.0,0.0,0.0
ed646d77-0d2b-4d72-b20d-be6aac6aa669,1,6,False,True,1,0,0.0,none,noMesh,17,8,2,1,6,20,39.58,38.37,0.969,1,0,0,0.0,0.0,0.0,0.0
ed646d77-0d2b-4d72-b20d-be6aac6aa669,1,7,False,True,1,0,0.0,none,noMesh,6,1,7,0,1,6,26.85,26.85,1.0,1,0,0,0.0,0.0,0.0,0.0
ed646d77-0d2b-4d72-b20d-be6aac6aa669,1,8,False,True,1,0,0.0,none,noMesh,2,0,1,0,1,11,9.12,9.19,1.007,1,0,0,0.0,0.0,0.0,0.0
ed646d77-0d2b-4d72-b20d-be6aac6aa669,1,9,False,True,1,0,0.0,none,noMesh,11,4,1,0,2,17,16.46,16.14,0.981,1,0,0,0.0,0.0,0.0,0.0
ed646d77-0d2b-4d72-b20d-be6aac6aa669,1,10,False,True,1,0,0.0,none,noMesh,10,1,1,0,1,10,10.09,10.09,1.0,1,0,0,0.0,0.0,0.0,0.0
ed646d77-0d2b-4d72-b20d-be6aac6aa669,1,11,False,True,1,0,0.0,none,noMesh,11,3,0,1,1,63,11.62,8.97,0.772,1,0,0,0.0,0.0,0.0,0.0
ed646d77-0d2b-4d72-b20d-be6aac6aa669,1,12,False,True,1,0,0.0,none,noMesh,5,0,1,0,4,10,6.11,8.1,1.325,1,0,0,0.0,0.0,0.0,0.0
ed646d77-0d2b-4d72-b20d-be6aac6aa669,1,13,False,True,1,0,0.0,none,noMesh,6,2,2,0,2,6,36.2,36.19,1.0,1,0,0,0.0,0.0,0.0,0.0
ed89b2f2-38dd-455f-a3df-13d92cdc1f8b,0,0,False,True,1,0,0.0,none,noMesh,5,2,0,0,1,4,7.25,7.25,1.0,1,0,0,0.0,0.0,0.0,0.0
ed89b2f2-38dd-455f-a3df-13d92cdc1f8b,0,1,False,True,1,0,0.0,none,noMesh,12,6,2,1,8,10,19.48,19.48,1.0,1,0,0,0.0,0.0,0.0,0.0
ed89b2f2-38dd-455f-a3df-13d92cdc1f8b,0,2,False,True,2,0,0.0,none,noMesh,8,1,1,1,2,5,5.41,5.43,1.004,2,0,0,0.0,0.0,0.0,0.0
ed89b2f2-38dd-455f-a3df-13d92cdc1f8b,0,3,False,True,1,0,0.0,none,noMesh,4,1,1,0,3,4,7.43,7.43,1.0,1,0,0,0.0,0.0,0.0,0.0
ed89b2f2-38dd-455f-a3df-13d92cdc1f8b,0,4,False,True,1,0,0.0,none,noMesh,5,1,1,0,3,4,10.21,10.21,1.0,1,0,0,0.0,0.0,0.0,0.0
ed89b2f2-38dd-455f-a3df-13d92cdc1f8b,0,5,False,True,1,0,0.0,none,noMesh,6,1,1,0,4,38,13.22,11.36,0.86,1,0,0,0.0,0.0,0.0,0.0
ed89b2f2-38dd-455f-a3df-13d92cdc1f8b,0,6,False,True,1,0,0.0,none,noMesh,4,2,1,0,2,4,29.87,29.87,1.0,1,0,0,0.0,0.0,0.0,0.0
eda4954e-036f-4e74-817f-23ce2d309aa3,0,0,False,True,1,0,0.0,none,noMesh,4,1,1,0,1,18,7.18,6.13,0.854,1,0,0,0.0,0.0,0.0,0.0
eda4954e-036f-4e74-817f-23ce2d309aa3,0,1,False,True,1,0,0.0,none,noMesh,5,0,1,0,2,6,7.82,7.82,1.0,1,0,0,0.0,0.0,0.0,0.0
eda4954e-036f-4e74-817f-23ce2d309aa3,0,3,False,True,1,0,0.0,none,noMesh,2,0,1,0,4,6,10.36,10.73,1.036,1,0,0,0.0,0.0,0.0,0.0
eda4954e-036f-4e74-817f-23ce2d309aa3,0,4,False,True,1,0,0.0,none,noMesh,4,1,3,0,1,4,22.94,22.94,1.0,1,0,0,0.0,0.0,0.0,0.0
eda4954e-036f-4e74-817f-23ce2d309aa3,0,5,False,True,2,0,0.0,none,noMesh,6,2,1,0,2,9,4.84,28.34,5.861,2,0,0,0.0,0.0,0.0,0.0
ef522d94-2279-4b9e-bd8f-90bb37043910,0,0,False,True,1,0,0.0,none,noMesh,6,3,0,0,4,8,5.77,5.36,0.93,1,0,0,0.0,0.0,0.0,0.0
ef522d94-2279-4b9e-bd8f-90bb37043910,0,1,False,True,1,0,0.0,none,noMesh,8,2,2,0,9,8,12.95,12.95,1.0,1,0,0,0.0,0.0,0.0,0.0
ef522d94-2279-4b9e-bd8f-90bb37043910,0,2,False,True,1,0,0.0,none,noMesh,4,1,1,0,1,9,5.47,5.28,0.966,1,0,0,0.0,0.0,0.0,0.0
ef522d94-2279-4b9e-bd8f-90bb37043910,0,3,False,True,1,0,0.0,none,noMesh,4,1,1,0,1,4,8.43,8.43,1.0,1,0,0,0.0,0.0,0.0,0.0
ef522d94-2279-4b9e-bd8f-90bb37043910,0,4,False,True,1,0,0.0,none,noMesh,4,3,1,0,2,4,11.12,11.12,1.0,1,0,0,0.0,0.0,0.0,0.0
ef522d94-2279-4b9e-bd8f-90bb37043910,0,5,False,True,1,0,0.0,none,noMesh,4,1,1,0,1,4,8.04,8.04,1.0,1,0,0,0.0,0.0,0.0,0.0
ef522d94-2279-4b9e-bd8f-90bb37043910,0,6,False,True,1,0,0.0,none,noMesh,4,1,1,0,0,11,6.87,6.27,0.914,1,0,0,0.0,0.0,0.0,0.0
ef522d94-2279-4b9e-bd8f-90bb37043910,0,7,False,True,1,0,0.0,none,noMesh,6,1,0,0,0,6,1.81,1.81,1.0,1,0,0,0.0,0.0,0.0,0.0
ef522d94-2279-4b9e-bd8f-90bb37043910,0,8,False,True,1,0,0.0,none,noMesh,4,4,0,0,0,4,6.48,6.48,1.0,1,0,0,0.0,0.0,0.0,0.0
ef522d94-2279-4b9e-bd8f-90bb37043910,0,9,False,True,1,0,0.0,none,noMesh,12,3,4,1,5,30,45.97,44.92,0.977,1,0,0,0.0,0.0,0.0,0.0
f16973df-10b9-4369-9f0d-dd295a34d970,0,0,False,True,1,0,0.0,none,noMesh,4,2,1,0,3,4,7.47,7.47,1.0,1,0,0,0.0,0.0,0.0,0.0
f16973df-10b9-4369-9f0d-dd295a34d970,0,1,False,True,1,0,0.0,none,noMesh,3,0,1,1,10,10,11.07,10.62,0.96,1,0,0,0.0,0.0,0.0,0.0
f16973df-10b9-4369-9f0d-dd295a34d970,0,2,False,True,1,0,0.0,none,noMesh,3,1,1,0,1,6,3.42,3.45,1.01,1,0,0,0.0,0.0,0.0,0.0
f16973df-10b9-4369-9f0d-dd295a34d970,0,3,False,True,1,0,0.0,none,noMesh,6,5,2,1,2,6,35.95,35.95,1.0,2,1,1,45.0,90.0,45.0,0.0
f16973df-10b9-4369-9f0d-dd295a34d970,0,4,False,True,1,0,0.0,none,noMesh,4,4,0,0,0,24,5.64,4.23,0.75,1,0,0,0.0,0.0,0.0,0.0
f16973df-10b9-4369-9f0d-dd295a34d970,0,5,False,True,1,0,0.0,none,noMesh,4,1,1,0,3,4,7.96,7.96,1.0,1,0,0,0.0,0.0,0.0,0.0
f16973df-10b9-4369-9f0d-dd295a34d970,0,6,False,True,1,0,0.0,none,noMesh,4,2,1,0,0,4,9.96,9.96,1.0,1,0,0,0.0,0.0,0.0,0.0
f16973df-10b9-4369-9f0d-dd295a34d970,0,7,False,True,1,0,0.0,none,noMesh,6,1,1,0,2,16,9.04,8.25,0.912,1,0,0,0.0,0.0,0.0,0.0
f16973df-10b9-4369-9f0d-dd295a34d970,0,8,False,True,1,0,0.0,none,noMesh,4,1,1,0,2,4,5.61,5.61,1.0,1,0,0,0.0,0.0,0.0,0.0
f16973df-10b9-4369-9f0d-dd295a34d970,0,9,False,True,4,3,0.75,none,noMesh,2,0,0,1,1,4,19.84,20.21,1.019,7,6,3,69.78,90.0,31.92,180.47
f40dcc9f-b97b-4bef-8b40-ba011aabf0bd,0,0,False,True,1,0,0.0,none,noMesh,4,2,1,0,4,4,12.25,12.25,1.0,1,0,0,0.0,0.0,0.0,0.0
f40dcc9f-b97b-4bef-8b40-ba011aabf0bd,0,1,False,True,1,0,0.0,none,noMesh,4,1,1,2,4,4,9.25,9.25,1.0,1,0,0,0.0,0.0,0.0,0.0
f40dcc9f-b97b-4bef-8b40-ba011aabf0bd,0,2,False,True,1,0,0.0,none,noMesh,6,6,0,1,1,6,7.44,7.44,1.0,1,0,0,0.0,0.0,0.0,0.0
f40dcc9f-b97b-4bef-8b40-ba011aabf0bd,0,3,False,True,1,0,0.0,none,noMesh,4,1,1,0,2,4,3.84,3.84,1.0,1,0,0,0.0,0.0,0.0,0.0
f40dcc9f-b97b-4bef-8b40-ba011aabf0bd,0,4,False,True,1,0,0.0,none,noMesh,4,1,1,0,1,4,7.72,7.72,1.0,1,0,0,0.0,0.0,0.0,0.0
f40dcc9f-b97b-4bef-8b40-ba011aabf0bd,0,5,False,True,1,0,0.0,none,noMesh,7,1,1,0,2,6,8.0,8.0,1.0,1,0,0,0.0,0.0,0.0,0.0
f40dcc9f-b97b-4bef-8b40-ba011aabf0bd,0,6,False,True,1,0,0.0,none,noMesh,6,2,1,0,2,5,11.57,11.58,1.001,1,0,0,0.0,0.0,0.0,0.0
f40dcc9f-b97b-4bef-8b40-ba011aabf0bd,0,7,False,True,1,0,0.0,none,noMesh,7,3,3,0,3,46,35.54,32.77,0.922,1,0,0,0.0,0.0,0.0,0.0
f40dcc9f-b97b-4bef-8b40-ba011aabf0bd,0,8,False,True,1,0,0.0,none,noMesh,4,2,1,0,1,4,27.88,27.88,1.0,1,0,0,0.0,0.0,0.0,0.0
f46b4d89-ae67-405c-af8b-eb7396b06ef8,1,6,False,True,13,5,0.385,sloped,noMesh,9,1,0,2,0,14,8.22,8.12,0.987,16,13,3,36.38,90.0,30.27,186.63
f46b4d89-ae67-405c-af8b-eb7396b06ef8,1,7,False,True,2,0,0.0,sloped,noMesh,4,2,1,0,2,4,9.42,9.42,1.0,2,1,0,20.7,41.41,20.7,0.0
f46b4d89-ae67-405c-af8b-eb7396b06ef8,1,8,False,True,2,0,0.0,sloped,noMesh,4,1,0,0,1,18,5.1,4.78,0.937,3,2,1,40.13,87.36,35.78,178.84
f46b4d89-ae67-405c-af8b-eb7396b06ef8,1,9,False,True,6,3,0.5,sloped,noMesh,8,1,1,1,1,8,13.49,13.49,1.0,8,7,2,42.81,90.0,28.53,270.0
f919a443-ea71-4391-9bcb-bff1cf08c45d,0,0,False,True,1,0,0.0,none,noMesh,4,1,1,0,2,4,12.02,12.02,1.0,1,0,0,0.0,0.0,0.0,0.0
f919a443-ea71-4391-9bcb-bff1cf08c45d,0,1,False,True,1,0,0.0,none,noMesh,6,1,1,0,1,10,14.59,13.32,0.913,1,0,0,0.0,0.0,0.0,0.0
f919a443-ea71-4391-9bcb-bff1cf08c45d,0,2,False,True,1,0,0.0,none,noMesh,2,1,1,1,7,17,10.42,9.78,0.939,1,0,0,0.0,0.0,0.0,0.0
f919a443-ea71-4391-9bcb-bff1cf08c45d,0,4,False,True,1,0,0.0,none,noMesh,3,2,1,0,2,9,11.69,11.75,1.005,1,0,0,0.0,0.0,0.0,0.0
f919a443-ea71-4391-9bcb-bff1cf08c45d,0,5,False,True,2,0,0.0,none,noMesh,10,4,2,0,6,13,37.69,39.78,1.055,2,0,0,0.0,0.0,0.0,0.0
f919a443-ea71-4391-9bcb-bff1cf08c45d,0,6,False,True,1,0,0.0,none,noMesh,8,4,1,0,2,10,14.28,14.05,0.984,1,0,0,0.0,0.0,0.0,0.0
f919a443-ea71-4391-9bcb-bff1cf08c45d,0,7,False,True,2,0,0.0,none,noMesh,1,0,1,1,4,10,4.97,11.74,2.364,2,0,0,0.0,0.0,0.0,0.0
f932e0d3-b002-4f89-97e7-ec54d4703506,0,3,False,True,1,0,0.0,none,noMesh,4,0,0,1,1,4,2.44,2.44,1.0,1,0,0,0.0,0.0,0.0,0.0
f932e0d3-b002-4f89-97e7-ec54d4703506,0,4,False,True,1,0,0.0,none,noMesh,4,1,1,0,1,4,7.95,7.95,1.0,1,0,0,0.0,0.0,0.0,0.0
f932e0d3-b002-4f89-97e7-ec54d4703506,2,10,False,True,2,0,0.0,sloped,noMesh,4,1,1,0,2,4,4.76,4.76,1.0,2,1,0,23.26,46.53,23.26,0.0
f932e0d3-b002-4f89-97e7-ec54d4703506,2,11,False,True,2,0,0.0,sloped,noMesh,4,1,2,0,2,4,14.29,14.29,1.0,3,2,1,45.37,90.0,36.74,179.96
f932e0d3-b002-4f89-97e7-ec54d4703506,2,12,False,True,8,2,0.25,sloped,noMesh,4,2,1,1,1,10,9.93,8.94,0.9,9,8,1,46.61,90.0,25.97,270.0
f932e0d3-b002-4f89-97e7-ec54d4703506,2,13,False,True,3,0,0.0,sloped,noMesh,4,1,2,0,0,4,16.38,16.38,1.0,3,2,0,45.1,45.54,21.36,179.3
fb279aa5-092f-4146-83ff-b557415e7ba4,0,0,False,True,5,1,0.2,sloped,noMesh,5,0,1,0,4,6,9.89,19.78,2.0,5,3,0,12.23,18.41,7.67,17.73
fb279aa5-092f-4146-83ff-b557415e7ba4,0,1,False,True,4,0,0.0,sloped,noMesh,4,0,1,1,3,4,11.09,11.09,1.0,4,3,0,13.63,20.28,7.38,5.31
fb279aa5-092f-4146-83ff-b557415e7ba4,0,3,True,True,1,0,0.0,none,noMesh,4,1,1,0,1,4,12.4,12.4,1.0,1,0,0,0.0,0.0,0.0,0.0
fb279aa5-092f-4146-83ff-b557415e7ba4,0,4,True,True,1,0,0.0,none,noMesh,4,1,1,0,1,4,10.36,10.36,1.0,1,0,0,0.0,0.0,0.0,0.0
fb279aa5-092f-4146-83ff-b557415e7ba4,0,6,False,True,1,0,0.0,none,noMesh,8,2,2,1,11,7,52.52,52.52,1.0,1,0,0,0.0,0.0,0.0,0.0
fb279aa5-092f-4146-83ff-b557415e7ba4,0,7,False,True,2,0,0.0,sloped,noMesh,4,2,1,1,1,10,20.66,19.24,0.931,2,1,0,6.92,13.84,6.92,0.0
fb279aa5-092f-4146-83ff-b557415e7ba4,0,8,False,True,1,0,0.0,sloped,noMesh,4,2,0,1,4,4,14.79,14.79,1.0,1,1,0,13.17,0.0,0.0,0.0
fc46b0be-a3aa-4a28-820c-a16691bcdd61,0,0,False,True,1,0,0.0,none,noMesh,4,1,1,0,5,4,14.45,14.45,1.0,1,0,0,0.0,0.0,0.0,0.0
fc46b0be-a3aa-4a28-820c-a16691bcdd61,0,1,False,True,1,0,0.0,none,noMesh,5,1,1,0,2,4,11.1,11.1,1.0,1,0,0,0.0,0.0,0.0,0.0
fc46b0be-a3aa-4a28-820c-a16691bcdd61,0,3,False,True,2,0,0.0,none,noMesh,6,1,1,0,3,5,5.44,16.14,2.967,2,0,0,0.0,0.0,0.0,0.0
fc46b0be-a3aa-4a28-820c-a16691bcdd61,0,4,False,True,1,0,0.0,none,noMesh,5,1,1,0,1,38,10.05,7.89,0.785,1,0,0,0.0,0.0,0.0,0.0
fc46b0be-a3aa-4a28-820c-a16691bcdd61,0,5,False,True,1,0,0.0,none,noMesh,2,1,0,0,1,12,3.05,2.91,0.954,1,0,0,0.0,0.0,0.0,0.0
fc46b0be-a3aa-4a28-820c-a16691bcdd61,0,6,False,True,1,0,0.0,none,noMesh,4,2,2,2,7,6,19.38,19.44,1.003,1,0,0,0.0,0.0,0.0,0.0
fc46b0be-a3aa-4a28-820c-a16691bcdd61,0,7,False,True,1,0,0.0,none,noMesh,6,1,3,1,5,6,40.5,40.5,1.0,1,0,0,0.0,0.0,0.0,0.0
fc46b0be-a3aa-4a28-820c-a16691bcdd61,0,8,False,True,1,0,0.0,none,noMesh,4,1,1,0,1,4,8.02,8.02,1.0,1,0,0,0.0,0.0,0.0,0.0
fd6ee1a7-7243-4c9b-ad7a-5d146b7f8706,0,0,False,True,2,0,0.0,none,noMesh,13,5,3,1,11,11,49.02,49.02,1.0,2,0,0,0.0,0.0,0.0,0.0
fd6ee1a7-7243-4c9b-ad7a-5d146b7f8706,0,1,False,True,4,0,0.0,none,noMesh,10,10,0,1,1,7,29.52,38.53,1.305,4,0,0,0.0,0.0,0.0,0.0
fd6ee1a7-7243-4c9b-ad7a-5d146b7f8706,0,3,False,True,1,0,0.0,none,noMesh,4,1,1,0,1,20,8.79,6.65,0.757,1,0,0,0.0,0.0,0.0,0.0
fd6ee1a7-7243-4c9b-ad7a-5d146b7f8706,0,4,False,True,1,0,0.0,none,noMesh,4,1,1,0,1,4,8.19,8.19,1.0,1,0,0,0.0,0.0,0.0,0.0
fd6ee1a7-7243-4c9b-ad7a-5d146b7f8706,0,5,False,True,1,0,0.0,none,noMesh,4,2,1,0,0,4,11.43,11.43,1.0,1,0,0,0.0,0.0,0.0,0.0
fd6ee1a7-7243-4c9b-ad7a-5d146b7f8706,0,6,False,True,1,0,0.0,none,noMesh,3,0,2,0,6,8,8.89,14.5,1.632,1,0,0,0.0,0.0,0.0,0.0
fd6ee1a7-7243-4c9b-ad7a-5d146b7f8706,0,8,False,True,1,0,0.0,none,noMesh,4,2,0,0,3,6,9.99,9.6,0.96,1,0,0,0.0,0.0,0.0,0.0
fe829d59-c9f1-4194-a40b-39600a4f27b6,0,1,False,True,1,0,0.0,none,noMesh,5,1,1,0,1,21,9.76,8.19,0.84,1,0,0,0.0,0.0,0.0,0.0
fe829d59-c9f1-4194-a40b-39600a4f27b6,0,2,False,True,2,0,0.0,none,noMesh,8,0,1,2,1,9,7.36,7.35,0.999,2,0,0,0.0,0.0,0.0,0.0
fe829d59-c9f1-4194-a40b-39600a4f27b6,1,7,False,True,1,0,0.0,none,noMesh,8,2,2,0,3,8,19.91,19.91,1.0,1,0,0,0.0,0.0,0.0,0.0
fe829d59-c9f1-4194-a40b-39600a4f27b6,2,9,False,True,3,0,0.0,none,noMesh,10,4,1,1,0,6,7.47,7.49,1.003,3,1,0,0.0,43.31,20.42,0.0
fe829d59-c9f1-4194-a40b-39600a4f27b6,2,10,False,True,2,0,0.0,sloped,noMesh,7,1,1,0,0,6,15.24,15.26,1.001,2,1,0,20.43,40.87,20.43,0.0
fe829d59-c9f1-4194-a40b-39600a4f27b6,2,11,False,True,2,0,0.0,none,noMesh,6,0,1,0,1,9,12.0,12.05,1.004,2,1,0,22.15,44.3,22.15,0.0
fe829d59-c9f1-4194-a40b-39600a4f27b6,2,12,False,True,4,1,0.25,sloped,noMesh,4,1,1,0,0,6,3.79,3.55,0.935,6,5,2,50.51,90.0,30.75,200.56
fe829d59-c9f1-4194-a40b-39600a4f27b6,2,13,False,True,2,0,0.0,sloped,noMesh,4,0,1,0,2,15,10.73,10.09,0.94,2,1,0,23.41,46.82,23.41,0.0
feccbd0c-0420-4775-b5b7-49b99559947e,0,0,False,True,1,0,0.0,none,noMesh,4,4,1,0,1,10,15.04,14.85,0.987,1,0,0,0.0,0.0,0.0,0.0
feccbd0c-0420-4775-b5b7-49b99559947e,0,1,False,True,1,0,0.0,none,noMesh,4,1,2,0,1,16,8.62,7.86,0.912,1,0,0,0.0,0.0,0.0,0.0
feccbd0c-0420-4775-b5b7-49b99559947e,0,2,False,True,1,0,0.0,none,noMesh,6,1,2,1,1,11,24.98,24.55,0.983,1,0,0,0.0,0.0,0.0,0.0
feccbd0c-0420-4775-b5b7-49b99559947e,0,3,False,True,1,0,0.0,none,noMesh,8,0,1,2,5,8,9.3,9.3,1.0,1,0,0,0.0,0.0,0.0,0.0
feccbd0c-0420-4775-b5b7-49b99559947e,0,4,False,True,5,4,0.8,sloped,noMesh,5,2,0,0,2,10,4.2,3.99,0.949,6,5,1,14.45,90.0,30.08,190.26
feccbd0c-0420-4775-b5b7-49b99559947e,0,5,False,True,1,0,0.0,none,noMesh,5,1,0,0,2,4,3.12,3.12,1.0,1,0,0,0.0,0.0,0.0,0.0
feccbd0c-0420-4775-b5b7-49b99559947e,0,6,False,True,1,0,0.0,none,noMesh,8,4,0,2,0,34,9.1,6.51,0.716,1,0,0,0.0,0.0,0.0,0.0
feccbd0c-0420-4775-b5b7-49b99559947e,0,7,False,True,1,0,0.0,none,noMesh,7,1,0,0,0,9,7.26,7.38,1.017,1,0,0,0.0,0.0,0.0,0.0
feccbd0c-0420-4775-b5b7-49b99559947e,0,8,False,True,1,0,0.0,none,noMesh,4,3,1,0,0,4,5.55,5.55,1.0,1,0,0,0.0,0.0,0.0,0.0
feccbd0c-0420-4775-b5b7-49b99559947e,0,9,False,True,1,0,0.0,none,noMesh,5,1,2,0,0,4,8.6,8.6,1.0,1,0,0,0.0,0.0,0.0,0.0
