uuid,story,room_index,n_planes_scored,n_disagree,disagreement_rate,building_n_stories,is_top_story,is_ground_story,is_only_story,exterior_edge_frac,perimeter_m,max_floor_dim_m,floor_area_m2,aspect_ratio
016980bc-6762-4022-bfbf-17df4112e10c,0,0,1,0,0.0,3,False,True,False,0.161,55.49,9.94,18.63,1.21
016980bc-6762-4022-bfbf-17df4112e10c,1,6,1,0,0.0,3,False,False,False,0.485,13.24,4.53,10.76,1.01
016980bc-6762-4022-bfbf-17df4112e10c,2,9,2,1,0.5,3,True,False,False,0.768,15.17,5.17,12.65,1.05
016980bc-6762-4022-bfbf-17df4112e10c,2,10,4,1,0.25,3,True,False,False,0.791,18.23,6.25,15.9,1.08
016980bc-6762-4022-bfbf-17df4112e10c,2,11,2,1,0.5,3,True,False,False,0.387,11.45,4.43,4.7,1.25
019e1376-9762-42d6-8520-b664b8c752df,1,0,4,0,0.0,2,True,False,False,0.582,33.49,11.09,44.03,1.67
019e1376-9762-42d6-8520-b664b8c752df,1,1,2,0,0.0,2,True,False,False,0.639,12.52,4.29,9.3,1.33
019e1376-9762-42d6-8520-b664b8c752df,1,3,2,0,0.0,2,True,False,False,0.0,7.81,2.68,3.61,1.34
019e1376-9762-42d6-8520-b664b8c752df,1,4,3,1,0.333,2,True,False,False,0.539,18.11,5.77,19.34,1.18
019e1376-9762-42d6-8520-b664b8c752df,0,5,1,0,0.0,2,False,True,False,1.0,6.73,2.45,2.5,1.54
019e1376-9762-42d6-8520-b664b8c752df,1,6,2,0,0.0,2,True,False,False,0.066,56.14,12.7,15.42,1.51
0430ebc2-236b-4b5d-991f-3e97ad246b78,0,0,1,0,0.0,1,True,False,True,0.056,49.02,9.18,12.7,1.1
0430ebc2-236b-4b5d-991f-3e97ad246b78,0,1,1,0,0.0,1,True,False,True,0.484,12.52,4.48,9.28,1.21
0430ebc2-236b-4b5d-991f-3e97ad246b78,0,2,1,0,0.0,1,True,False,True,0.526,27.96,10.04,46.13,1.21
0430ebc2-236b-4b5d-991f-3e97ad246b78,0,3,1,0,0.0,1,True,False,True,0.623,14.45,4.86,13.0,1.06
0430ebc2-236b-4b5d-991f-3e97ad246b78,0,4,1,0,0.0,1,True,False,True,0.187,7.79,2.7,3.71,1.13
0430ebc2-236b-4b5d-991f-3e97ad246b78,0,5,1,0,0.0,1,True,False,True,0.722,16.65,4.42,9.08,1.17
0430ebc2-236b-4b5d-991f-3e97ad246b78,0,6,2,0,0.0,1,True,False,True,0.084,14.01,4.41,8.0,1.08
0430ebc2-236b-4b5d-991f-3e97ad246b78,0,7,1,0,0.0,1,True,False,True,0.485,13.31,4.64,10.79,1.14
05cecad4-119e-4dd2-beaf-d4af36973644,0,0,1,0,0.0,1,True,False,True,0.42,12.9,4.14,8.7,1.03
05cecad4-119e-4dd2-beaf-d4af36973644,0,1,1,0,0.0,1,True,False,True,0.21,7.06,2.52,3.02,1.11
05cecad4-119e-4dd2-beaf-d4af36973644,0,2,1,0,0.0,1,True,False,True,0.483,11.55,3.84,7.32,1.04
05cecad4-119e-4dd2-beaf-d4af36973644,0,3,1,0,0.0,1,True,False,True,0.207,11.8,4.14,8.6,1.07
05cecad4-119e-4dd2-beaf-d4af36973644,0,4,1,0,0.0,1,True,False,True,0.033,41.74,7.81,8.52,1.11
05cecad4-119e-4dd2-beaf-d4af36973644,0,5,1,0,0.0,1,True,False,True,0.607,25.55,8.39,31.29,1.09
05cecad4-119e-4dd2-beaf-d4af36973644,0,6,2,1,0.5,1,True,False,True,0.921,9.2,3.38,4.86,1.18
0a5032e9-85a0-4970-9143-c430bbdaa0f5,0,0,1,0,0.0,1,True,False,True,0.559,20.41,5.61,21.05,1.01
0a5032e9-85a0-4970-9143-c430bbdaa0f5,0,1,1,0,0.0,1,True,False,True,0.701,9.5,2.93,5.54,1.23
0a5032e9-85a0-4970-9143-c430bbdaa0f5,0,2,3,0,0.0,1,True,False,True,0.526,30.33,10.76,43.45,1.76
0a5032e9-85a0-4970-9143-c430bbdaa0f5,0,3,2,0,0.0,1,True,False,True,0.539,18.25,6.29,18.89,1.6
0a5032e9-85a0-4970-9143-c430bbdaa0f5,0,6,2,0,0.0,1,True,False,True,0.0,7.7,2.17,3.7,1.01
0a5032e9-85a0-4970-9143-c430bbdaa0f5,0,7,1,0,0.0,1,True,False,True,0.086,77.64,14.15,15.44,1.45
0a5032e9-85a0-4970-9143-c430bbdaa0f5,0,8,1,0,0.0,1,True,False,True,0.188,12.21,3.84,8.65,1.34
0b75d30e-c50c-4fc6-88ff-fce983078aa4,1,0,26,16,0.615,2,True,False,False,1.0,24.82,8.01,37.49,1.0
0b75d30e-c50c-4fc6-88ff-fce983078aa4,0,1,2,0,0.0,2,False,True,False,0.826,26.26,8.16,34.3,1.03
0b75d30e-c50c-4fc6-88ff-fce983078aa4,0,2,1,0,0.0,2,False,True,False,0.706,10.87,3.86,7.17,1.12
0b75d30e-c50c-4fc6-88ff-fce983078aa4,0,4,3,2,0.667,2,False,True,False,0.63,12.38,3.82,6.42,1.17
0b75d30e-c50c-4fc6-88ff-fce983078aa4,0,5,1,1,1.0,2,False,True,False,0.807,11.77,4.03,8.62,1.04
0ce3ac3a-93ce-4ac0-9704-3cf7d31a636d,0,0,1,0,0.0,1,True,False,True,0.112,11.83,4.2,8.51,1.1
0ce3ac3a-93ce-4ac0-9704-3cf7d31a636d,0,1,1,0,0.0,1,True,False,True,0.096,35.59,9.13,8.68,1.64
0ce3ac3a-93ce-4ac0-9704-3cf7d31a636d,0,2,1,0,0.0,1,True,False,True,0.493,20.39,7.53,23.59,1.2
0ce3ac3a-93ce-4ac0-9704-3cf7d31a636d,0,3,5,3,0.6,1,True,False,True,0.47,10.8,3.98,6.54,1.22
0ce3ac3a-93ce-4ac0-9704-3cf7d31a636d,0,4,1,0,0.0,1,True,False,True,0.238,14.56,4.88,12.81,1.0
0ce3ac3a-93ce-4ac0-9704-3cf7d31a636d,0,5,1,0,0.0,1,True,False,True,0.374,19.26,4.92,7.06,1.27
0ce3ac3a-93ce-4ac0-9704-3cf7d31a636d,0,6,2,1,0.5,1,True,False,True,0.651,9.63,3.57,5.22,1.21
0d3f2993-8386-4130-8f1c-b2938c410828,1,0,6,4,0.667,2,True,False,False,0.812,25.96,7.61,38.55,1.26
0d3f2993-8386-4130-8f1c-b2938c410828,1,1,10,5,0.5,2,True,False,False,0.454,41.0,11.95,26.92,1.69
0d3f2993-8386-4130-8f1c-b2938c410828,1,2,2,1,0.5,2,True,False,False,0.314,12.6,4.19,9.27,1.68
0d3f2993-8386-4130-8f1c-b2938c410828,1,3,3,2,0.667,2,True,False,False,0.354,9.75,2.77,4.8,1.2
0d3f2993-8386-4130-8f1c-b2938c410828,1,4,8,3,0.375,2,True,False,False,0.235,40.2,7.87,14.97,1.21
0d3f2993-8386-4130-8f1c-b2938c410828,1,5,5,4,0.8,2,True,False,False,0.307,28.51,7.54,10.97,2.2
0d3f2993-8386-4130-8f1c-b2938c410828,1,6,6,4,0.667,2,True,False,False,0.745,14.23,3.79,12.65,1.02
0d3f2993-8386-4130-8f1c-b2938c410828,0,7,1,0,0.0,2,False,True,False,0.49,14.78,4.6,12.33,1.62
0d3f2993-8386-4130-8f1c-b2938c410828,0,10,1,0,0.0,2,False,True,False,0.339,19.15,6.48,11.72,1.97
0f911051-6084-4f0d-8f9a-24fc5b20f6ff,0,0,1,0,0.0,1,True,False,True,0.672,30.24,10.67,50.69,1.18
0f911051-6084-4f0d-8f9a-24fc5b20f6ff,0,1,1,0,0.0,1,True,False,True,0.085,108.76,19.82,70.55,1.32
0f911051-6084-4f0d-8f9a-24fc5b20f6ff,0,2,1,0,0.0,1,True,False,True,0.187,10.4,3.7,6.55,1.02
0f911051-6084-4f0d-8f9a-24fc5b20f6ff,0,3,1,0,0.0,1,True,False,True,0.445,19.72,7.07,18.85,1.19
0f911051-6084-4f0d-8f9a-24fc5b20f6ff,0,4,1,0,0.0,1,True,False,True,0.099,12.2,4.33,9.3,1.01
0f911051-6084-4f0d-8f9a-24fc5b20f6ff,0,5,1,0,0.0,1,True,False,True,0.0,9.86,3.52,5.83,1.02
0f911051-6084-4f0d-8f9a-24fc5b20f6ff,0,6,2,0,0.0,1,True,False,True,0.069,18.1,6.54,10.65,1.21
0f911051-6084-4f0d-8f9a-24fc5b20f6ff,0,7,2,0,0.0,1,True,False,True,0.225,17.29,6.12,16.04,1.22
0f911051-6084-4f0d-8f9a-24fc5b20f6ff,0,8,1,0,0.0,1,True,False,True,0.255,14.82,5.24,13.71,1.0
0f911051-6084-4f0d-8f9a-24fc5b20f6ff,0,9,1,0,0.0,1,True,False,True,0.135,21.48,6.56,10.89,1.32
0f911051-6084-4f0d-8f9a-24fc5b20f6ff,0,10,1,0,0.0,1,True,False,True,0.488,13.84,4.92,11.73,1.01
0f911051-6084-4f0d-8f9a-24fc5b20f6ff,0,11,1,0,0.0,1,True,False,True,0.32,26.45,9.48,39.51,1.03
0fe789ce-e653-4828-863c-0f6ce7fee21d,1,0,3,0,0.0,2,True,False,False,0.687,15.12,5.11,13.73,1.28
0fe789ce-e653-4828-863c-0f6ce7fee21d,1,1,2,1,0.5,2,True,False,False,0.72,12.09,3.76,9.1,1.06
0fe789ce-e653-4828-863c-0f6ce7fee21d,1,3,18,8,0.444,2,True,False,False,0.459,31.56,6.62,22.3,1.17
0fe789ce-e653-4828-863c-0f6ce7fee21d,0,4,1,0,0.0,2,False,True,False,0.608,26.79,8.51,33.48,1.23
0fe789ce-e653-4828-863c-0f6ce7fee21d,0,7,1,0,0.0,2,False,True,False,0.387,10.18,3.48,3.96,1.49
107e8496-9bff-42bb-b776-720f44b70e55,0,0,1,0,0.0,1,True,False,True,0.236,12.96,3.48,10.5,1.01
107e8496-9bff-42bb-b776-720f44b70e55,0,1,1,0,0.0,1,True,False,True,0.49,19.5,6.06,22.93,1.39
107e8496-9bff-42bb-b776-720f44b70e55,0,2,1,0,0.0,1,True,False,True,0.294,12.52,4.03,9.26,1.52
107e8496-9bff-42bb-b776-720f44b70e55,0,3,1,0,0.0,1,True,False,True,0.474,7.76,2.48,3.57,1.49
107e8496-9bff-42bb-b776-720f44b70e55,0,4,1,0,0.0,1,True,False,True,0.024,59.49,11.41,10.41,1.54
107e8496-9bff-42bb-b776-720f44b70e55,0,5,1,0,0.0,1,True,False,True,0.486,14.21,4.05,12.55,1.14
107e8496-9bff-42bb-b776-720f44b70e55,0,6,1,0,0.0,1,True,False,True,0.166,14.82,4.3,13.59,1.19
107e8496-9bff-42bb-b776-720f44b70e55,0,7,1,0,0.0,1,True,False,True,0.46,15.32,4.93,11.52,1.59
107e8496-9bff-42bb-b776-720f44b70e55,0,8,1,0,0.0,1,True,False,True,0.467,6.12,2.02,2.17,1.62
10d27382-8fce-456b-897d-3d5194ff5de5,1,0,1,0,0.0,2,True,False,False,0.295,27.96,5.63,11.24,1.04
10d27382-8fce-456b-897d-3d5194ff5de5,1,1,1,0,0.0,2,True,False,False,0.482,10.4,3.57,6.13,1.66
10d27382-8fce-456b-897d-3d5194ff5de5,1,2,1,0,0.0,2,True,False,False,0.273,30.39,10.14,25.11,2.03
10d27382-8fce-456b-897d-3d5194ff5de5,1,3,1,0,0.0,2,True,False,False,0.134,10.81,3.29,4.76,1.45
10d27382-8fce-456b-897d-3d5194ff5de5,1,4,1,0,0.0,2,True,False,False,0.422,12.94,4.65,7.23,1.97
10d27382-8fce-456b-897d-3d5194ff5de5,1,5,1,0,0.0,2,True,False,False,0.419,18.97,5.3,15.46,1.48
10d27382-8fce-456b-897d-3d5194ff5de5,1,6,1,0,0.0,2,True,False,False,0.278,9.03,2.89,4.89,1.39
10d27382-8fce-456b-897d-3d5194ff5de5,1,7,1,0,0.0,2,True,False,False,0.387,15.19,5.07,10.17,1.83
10d27382-8fce-456b-897d-3d5194ff5de5,0,8,1,0,0.0,2,False,True,False,1.0,9.31,2.97,4.89,1.41
117d172e-00d6-436e-8df2-050f25977602,0,1,1,0,0.0,2,False,True,False,0.674,20.99,7.65,25.33,1.09
117d172e-00d6-436e-8df2-050f25977602,0,2,1,0,0.0,2,False,True,False,0.154,8.78,2.45,2.99,1.06
117d172e-00d6-436e-8df2-050f25977602,1,5,5,1,0.2,2,True,False,False,0.728,14.44,5.14,11.34,1.14
117d172e-00d6-436e-8df2-050f25977602,1,6,20,7,0.35,2,True,False,False,0.642,15.61,4.36,8.19,1.01
117d172e-00d6-436e-8df2-050f25977602,1,7,2,1,0.5,2,True,False,False,0.775,14.3,5.04,12.77,1.01
117d172e-00d6-436e-8df2-050f25977602,1,8,2,1,0.5,2,True,False,False,0.265,14.2,4.91,7.05,1.27
121ff4c2-ec13-46b8-b557-b31775259e5d,0,0,1,0,0.0,1,True,False,True,0.48,10.09,3.61,6.22,1.04
121ff4c2-ec13-46b8-b557-b31775259e5d,0,1,1,0,0.0,1,True,False,True,0.543,25.87,9.08,35.36,1.18
121ff4c2-ec13-46b8-b557-b31775259e5d,0,2,1,0,0.0,1,True,False,True,0.122,31.38,7.46,8.27,1.1
121ff4c2-ec13-46b8-b557-b31775259e5d,0,3,1,1,1.0,1,True,False,True,0.622,11.92,3.02,4.22,1.01
121ff4c2-ec13-46b8-b557-b31775259e5d,0,4,1,0,0.0,1,True,False,True,0.482,10.72,3.85,6.9,1.05
121ff4c2-ec13-46b8-b557-b31775259e5d,0,5,1,0,0.0,1,True,False,True,0.651,12.95,4.56,10.47,1.01
121ff4c2-ec13-46b8-b557-b31775259e5d,0,6,1,0,0.0,1,True,False,True,0.397,11.67,4.14,7.23,1.14
146ecf8b-ffa1-4239-ba58-040b61861fd9,0,0,4,0,0.0,2,False,True,False,0.792,13.75,4.59,11.25,1.35
146ecf8b-ffa1-4239-ba58-040b61861fd9,0,1,4,1,0.25,2,False,True,False,0.428,11.27,3.38,7.91,1.07
146ecf8b-ffa1-4239-ba58-040b61861fd9,0,2,1,0,0.0,2,False,True,False,0.958,14.12,4.81,10.89,1.44
146ecf8b-ffa1-4239-ba58-040b61861fd9,1,4,10,5,0.5,2,True,False,False,0.247,11.02,3.31,7.45,1.13
146ecf8b-ffa1-4239-ba58-040b61861fd9,1,5,1,1,1.0,2,True,False,False,0.288,34.31,7.89,12.41,1.17
146ecf8b-ffa1-4239-ba58-040b61861fd9,1,6,4,2,0.5,2,True,False,False,0.714,17.17,5.28,18.25,1.15
16784bad-2cd9-4f4c-bb26-60355981cfe2,1,0,10,4,0.4,2,True,False,False,0.251,23.91,7.75,18.3,1.66
16784bad-2cd9-4f4c-bb26-60355981cfe2,1,1,2,1,0.5,2,True,False,False,0.186,16.13,4.83,8.8,1.33
16784bad-2cd9-4f4c-bb26-60355981cfe2,1,2,3,1,0.333,2,True,False,False,0.712,17.68,5.24,19.31,1.19
16784bad-2cd9-4f4c-bb26-60355981cfe2,1,3,6,5,0.833,2,True,False,False,0.249,27.71,7.2,10.96,2.21
16784bad-2cd9-4f4c-bb26-60355981cfe2,1,4,3,0,0.0,2,True,False,False,0.824,13.27,4.63,9.48,1.8
16784bad-2cd9-4f4c-bb26-60355981cfe2,1,5,2,2,1.0,2,True,False,False,0.481,10.61,3.3,6.83,1.33
1825a812-09d0-4407-9265-182a07053cfc,0,0,1,0,0.0,1,True,False,True,0.235,13.27,3.64,11.01,1.01
1825a812-09d0-4407-9265-182a07053cfc,0,1,1,0,0.0,1,True,False,True,0.18,11.41,3.66,7.77,1.42
1825a812-09d0-4407-9265-182a07053cfc,0,2,1,0,0.0,1,True,False,True,0.241,13.42,3.74,11.24,1.04
1825a812-09d0-4407-9265-182a07053cfc,0,3,1,0,0.0,1,True,False,True,0.482,11.04,3.48,7.36,1.36
1825a812-09d0-4407-9265-182a07053cfc,0,4,1,0,0.0,1,True,False,True,0.266,18.4,5.37,13.38,1.52
1825a812-09d0-4407-9265-182a07053cfc,0,5,1,0,0.0,1,True,False,True,0.013,14.53,4.18,13.14,1.11
1825a812-09d0-4407-9265-182a07053cfc,0,6,1,0,0.0,1,True,False,True,0.003,75.84,10.56,6.66,1.34
1825a812-09d0-4407-9265-182a07053cfc,0,7,1,0,0.0,1,True,False,True,0.0,9.4,3.2,5.02,1.65
1825a812-09d0-4407-9265-182a07053cfc,0,8,1,0,0.0,1,True,False,True,0.179,10.84,3.55,6.72,1.53
1825a812-09d0-4407-9265-182a07053cfc,0,9,1,0,0.0,1,True,False,True,0.041,75.15,11.17,6.07,1.33
1825a812-09d0-4407-9265-182a07053cfc,0,10,4,2,0.5,1,True,False,True,0.139,26.46,7.39,33.91,1.17
1900be91-8684-4316-98e2-c4fef6e6296f,1,0,16,5,0.312,2,True,False,False,0.745,15.23,4.96,11.6,1.59
1900be91-8684-4316-98e2-c4fef6e6296f,1,1,16,6,0.375,2,True,False,False,0.49,34.66,8.55,30.88,1.18
1900be91-8684-4316-98e2-c4fef6e6296f,1,2,4,2,0.5,2,True,False,False,0.825,17.95,6.44,17.71,1.66
1900be91-8684-4316-98e2-c4fef6e6296f,1,3,1,0,0.0,2,True,False,False,0.484,19.74,4.57,12.05,1.29
1900be91-8684-4316-98e2-c4fef6e6296f,0,4,1,0,0.0,2,False,True,False,0.162,10.77,3.64,3.37,1.68
1900be91-8684-4316-98e2-c4fef6e6296f,0,5,2,0,0.0,2,False,True,False,0.548,24.73,8.41,32.52,1.52
1900be91-8684-4316-98e2-c4fef6e6296f,0,6,1,0,0.0,2,False,True,False,0.409,34.48,8.51,16.54,1.26
1900be91-8684-4316-98e2-c4fef6e6296f,0,8,1,1,1.0,2,False,True,False,0.67,23.68,4.87,15.66,1.12
1900be91-8684-4316-98e2-c4fef6e6296f,0,10,1,0,0.0,2,False,True,False,0.784,8.75,3.03,4.42,1.46
1900be91-8684-4316-98e2-c4fef6e6296f,0,11,4,3,0.75,2,False,True,False,0.804,14.2,4.49,12.85,1.09
191e11c0-fd47-489c-9e3d-c8072713a761,0,1,1,0,0.0,1,True,False,True,0.699,25.36,9.09,38.91,1.04
191e11c0-fd47-489c-9e3d-c8072713a761,0,2,1,0,0.0,1,True,False,True,0.36,17.08,4.77,10.71,1.15
191e11c0-fd47-489c-9e3d-c8072713a761,0,3,2,0,0.0,1,True,False,True,0.495,14.19,4.96,11.05,1.08
191e11c0-fd47-489c-9e3d-c8072713a761,0,4,1,0,0.0,1,True,False,True,0.179,7.57,2.71,3.46,1.04
191e11c0-fd47-489c-9e3d-c8072713a761,0,5,1,0,0.0,1,True,False,True,0.385,42.66,7.0,10.42,1.19
191e11c0-fd47-489c-9e3d-c8072713a761,0,6,2,0,0.0,1,True,False,True,0.178,9.96,3.57,6.02,1.04
193c3c70-2271-4c42-ab2c-586e1d64d4cb,0,0,1,0,0.0,1,True,False,True,0.28,57.24,13.23,50.27,1.3
193c3c70-2271-4c42-ab2c-586e1d64d4cb,0,1,1,0,0.0,1,True,False,True,0.26,11.1,3.95,7.6,1.03
193c3c70-2271-4c42-ab2c-586e1d64d4cb,0,2,1,0,0.0,1,True,False,True,0.224,12.34,4.35,9.51,1.01
193c3c70-2271-4c42-ab2c-586e1d64d4cb,0,3,1,0,0.0,1,True,False,True,0.483,11.22,3.91,7.64,1.02
193c3c70-2271-4c42-ab2c-586e1d64d4cb,0,4,1,0,0.0,1,True,False,True,0.486,14.55,4.99,11.66,1.13
193c3c70-2271-4c42-ab2c-586e1d64d4cb,0,5,1,0,0.0,1,True,False,True,0.3,17.25,3.89,6.85,1.07
19459014-f39b-4bf6-945e-c5b50930dea3,0,0,2,0,0.0,2,False,True,False,0.7,30.96,10.47,54.74,1.58
19459014-f39b-4bf6-945e-c5b50930dea3,0,2,1,0,0.0,2,False,True,False,0.051,49.76,13.85,10.44,1.62
19459014-f39b-4bf6-945e-c5b50930dea3,0,5,1,0,0.0,2,False,True,False,0.483,11.13,3.51,7.52,1.31
19459014-f39b-4bf6-945e-c5b50930dea3,0,6,1,0,0.0,2,False,True,False,0.479,12.36,3.55,9.54,1.07
19459014-f39b-4bf6-945e-c5b50930dea3,1,8,5,1,0.2,2,True,False,False,0.48,17.86,5.66,16.45,1.41
19459014-f39b-4bf6-945e-c5b50930dea3,1,9,2,1,0.5,2,True,False,False,0.438,22.63,4.53,6.16,1.27
19459014-f39b-4bf6-945e-c5b50930dea3,1,10,2,1,0.5,2,True,False,False,0.325,11.23,3.04,5.34,1.04
19bf6498-09eb-4c62-8fc8-8623942351ba,0,0,1,0,0.0,1,True,False,True,0.485,13.19,4.76,10.31,1.06
19bf6498-09eb-4c62-8fc8-8623942351ba,0,1,1,0,0.0,1,True,False,True,0.487,15.52,5.62,14.12,1.07
19bf6498-09eb-4c62-8fc8-8623942351ba,0,2,1,0,0.0,1,True,False,True,0.231,11.6,4.07,8.41,1.0
19bf6498-09eb-4c62-8fc8-8623942351ba,0,3,1,0,0.0,1,True,False,True,0.196,6.7,2.38,2.64,1.06
19bf6498-09eb-4c62-8fc8-8623942351ba,0,4,1,0,0.0,1,True,False,True,0.031,55.87,8.38,13.26,1.05
19bf6498-09eb-4c62-8fc8-8623942351ba,0,5,1,0,0.0,1,True,False,True,0.622,29.06,10.01,44.09,1.11
19bf6498-09eb-4c62-8fc8-8623942351ba,0,6,1,0,0.0,1,True,False,True,0.117,35.35,6.89,12.04,1.11
19bf6498-09eb-4c62-8fc8-8623942351ba,0,7,1,0,0.0,1,True,False,True,0.475,10.03,3.54,6.12,1.02
19bf6498-09eb-4c62-8fc8-8623942351ba,0,8,1,0,0.0,1,True,False,True,0.198,13.29,4.14,5.59,1.35
1a453338-ca2e-49d0-9bd2-da33c07fd348,0,0,1,0,0.0,1,True,False,True,0.288,15.6,5.32,14.59,1.28
1a453338-ca2e-49d0-9bd2-da33c07fd348,0,1,1,0,0.0,1,True,False,True,0.222,5.74,1.77,2.06,1.03
1a453338-ca2e-49d0-9bd2-da33c07fd348,0,2,1,0,0.0,1,True,False,True,0.0,69.93,13.67,11.05,1.92
1a453338-ca2e-49d0-9bd2-da33c07fd348,0,3,1,0,0.0,1,True,False,True,0.217,5.6,1.71,1.96,1.01
1a453338-ca2e-49d0-9bd2-da33c07fd348,0,4,1,0,0.0,1,True,False,True,0.0,12.19,5.1,5.55,2.21
1a453338-ca2e-49d0-9bd2-da33c07fd348,0,5,1,0,0.0,1,True,False,True,0.49,18.03,5.51,16.61,1.07
1a453338-ca2e-49d0-9bd2-da33c07fd348,0,6,1,0,0.0,1,True,False,True,0.62,18.31,4.37,10.91,1.15
1a453338-ca2e-49d0-9bd2-da33c07fd348,0,7,1,0,0.0,1,True,False,True,0.182,9.65,3.28,5.6,1.26
1a453338-ca2e-49d0-9bd2-da33c07fd348,0,8,1,0,0.0,1,True,False,True,0.482,11.23,3.64,7.78,1.14
1a453338-ca2e-49d0-9bd2-da33c07fd348,0,9,1,0,0.0,1,True,False,True,0.529,33.49,11.0,46.55,1.39
1d26eda3-c927-4cdf-a3b0-218036828a55,1,0,6,3,0.5,2,True,False,False,0.513,19.0,6.49,21.7,1.06
1d26eda3-c927-4cdf-a3b0-218036828a55,1,1,15,8,0.533,2,True,False,False,0.41,27.31,8.98,21.24,1.61
1d26eda3-c927-4cdf-a3b0-218036828a55,1,2,14,6,0.429,2,True,False,False,0.244,14.24,4.65,5.88,1.39
1d26eda3-c927-4cdf-a3b0-218036828a55,1,3,3,0,0.0,2,True,False,False,0.801,15.78,5.75,14.59,1.14
1d26eda3-c927-4cdf-a3b0-218036828a55,1,4,1,0,0.0,2,True,False,False,0.721,15.16,4.62,14.1,1.15
1d26eda3-c927-4cdf-a3b0-218036828a55,1,5,2,1,0.5,2,True,False,False,0.614,21.64,7.04,26.0,1.37
1d26eda3-c927-4cdf-a3b0-218036828a55,0,6,2,0,0.0,2,False,True,False,0.719,9.6,3.32,5.75,1.02
1d26eda3-c927-4cdf-a3b0-218036828a55,1,9,1,0,0.0,2,True,False,False,0.398,20.71,6.51,24.05,1.21
1f03f6e0-dfe6-4b25-bb45-f44ad146c0a3,1,0,38,32,0.842,2,True,False,False,0.343,30.96,10.21,43.76,1.24
1f03f6e0-dfe6-4b25-bb45-f44ad146c0a3,1,1,25,13,0.52,2,True,False,False,0.48,31.99,7.97,33.17,1.07
1f03f6e0-dfe6-4b25-bb45-f44ad146c0a3,1,2,4,3,0.75,2,True,False,False,0.487,16.89,5.98,17.47,1.08
1f03f6e0-dfe6-4b25-bb45-f44ad146c0a3,1,3,5,1,0.2,2,True,False,False,0.58,20.92,7.29,27.25,1.03
1f03f6e0-dfe6-4b25-bb45-f44ad146c0a3,1,4,4,2,0.5,2,True,False,False,0.2,27.75,6.46,11.08,1.01
1f03f6e0-dfe6-4b25-bb45-f44ad146c0a3,1,5,3,2,0.667,2,True,False,False,0.483,11.57,4.0,8.34,1.03
1f03f6e0-dfe6-4b25-bb45-f44ad146c0a3,1,6,26,18,0.692,2,True,False,False,0.24,26.87,8.11,18.77,1.32
1f03f6e0-dfe6-4b25-bb45-f44ad146c0a3,1,7,7,5,0.714,2,True,False,False,0.489,17.62,6.31,18.79,1.09
1f03f6e0-dfe6-4b25-bb45-f44ad146c0a3,1,9,1,0,0.0,2,True,False,False,0.34,6.43,2.57,2.22,1.57
1f03f6e0-dfe6-4b25-bb45-f44ad146c0a3,1,10,2,1,0.5,2,True,False,False,0.0,9.1,2.83,3.38,1.05
1f03f6e0-dfe6-4b25-bb45-f44ad146c0a3,1,11,1,0,0.0,2,True,False,False,0.399,30.68,8.92,37.58,1.19
1f03f6e0-dfe6-4b25-bb45-f44ad146c0a3,1,12,1,0,0.0,2,True,False,False,0.604,40.96,8.85,30.65,1.21
1f03f6e0-dfe6-4b25-bb45-f44ad146c0a3,1,13,4,2,0.5,2,True,False,False,0.407,17.62,6.17,15.86,1.27
1f03f6e0-dfe6-4b25-bb45-f44ad146c0a3,1,14,6,4,0.667,2,True,False,False,0.003,38.16,8.66,15.16,1.09
1f03f6e0-dfe6-4b25-bb45-f44ad146c0a3,1,15,2,1,0.5,2,True,False,False,0.0,9.96,3.33,6.13,1.09
1f03f6e0-dfe6-4b25-bb45-f44ad146c0a3,1,16,3,1,0.333,2,True,False,False,0.59,18.84,6.77,22.65,1.24
1f03f6e0-dfe6-4b25-bb45-f44ad146c0a3,1,17,1,0,0.0,2,True,False,False,0.152,34.1,11.16,47.23,1.31
1f03f6e0-dfe6-4b25-bb45-f44ad146c0a3,1,18,2,1,0.5,2,True,False,False,0.652,10.71,3.63,4.99,1.28
1f03f6e0-dfe6-4b25-bb45-f44ad146c0a3,1,19,1,0,0.0,2,True,False,False,0.488,30.79,8.03,19.17,1.4
1f03f6e0-dfe6-4b25-bb45-f44ad146c0a3,1,20,3,1,0.333,2,True,False,False,0.472,18.64,6.94,19.16,1.37
1f03f6e0-dfe6-4b25-bb45-f44ad146c0a3,0,23,2,0,0.0,2,False,True,False,0.408,18.82,4.68,12.39,1.09
1f03f6e0-dfe6-4b25-bb45-f44ad146c0a3,0,27,9,5,0.556,2,False,True,False,0.328,49.58,10.3,23.19,1.44
1f03f6e0-dfe6-4b25-bb45-f44ad146c0a3,0,28,1,0,0.0,2,False,True,False,0.482,11.22,3.64,7.64,1.08
21af2a12-2a29-44b5-b703-fbaa208996e9,1,6,4,0,0.0,2,True,False,False,0.55,21.39,5.99,17.74,1.04
21af2a12-2a29-44b5-b703-fbaa208996e9,1,7,6,0,0.0,2,True,False,False,0.275,13.0,4.0,10.42,1.16
21af2a12-2a29-44b5-b703-fbaa208996e9,1,8,5,4,0.8,2,True,False,False,0.614,17.48,4.95,15.77,1.04
21af2a12-2a29-44b5-b703-fbaa208996e9,1,9,10,8,0.8,2,True,False,False,0.651,14.79,4.56,11.89,1.27
21af2a12-2a29-44b5-b703-fbaa208996e9,1,10,1,0,0.0,2,True,False,False,0.475,8.01,2.7,3.8,1.39
2388d90c-8cc9-4cca-b232-d658e184074d,1,0,2,0,0.0,2,True,False,False,1.0,10.79,3.67,7.21,1.08
2388d90c-8cc9-4cca-b232-d658e184074d,1,1,5,1,0.2,2,True,False,False,0.72,18.74,7.8,10.44,1.86
2388d90c-8cc9-4cca-b232-d658e184074d,1,2,2,0,0.0,2,True,False,False,0.913,13.38,4.58,11.04,1.09
2388d90c-8cc9-4cca-b232-d658e184074d,1,3,2,0,0.0,2,True,False,False,0.689,13.19,4.43,10.72,1.06
2388d90c-8cc9-4cca-b232-d658e184074d,0,4,1,0,0.0,2,False,True,False,0.0,10.87,3.83,4.71,1.3
2388d90c-8cc9-4cca-b232-d658e184074d,0,8,1,0,0.0,2,False,True,False,0.253,7.91,2.76,3.87,1.08
2388d90c-8cc9-4cca-b232-d658e184074d,0,9,1,0,0.0,2,False,True,False,0.295,36.16,11.14,37.54,1.19
2388d90c-8cc9-4cca-b232-d658e184074d,0,10,1,0,0.0,2,False,True,False,0.188,6.37,2.23,2.5,1.09
2388d90c-8cc9-4cca-b232-d658e184074d,0,11,1,0,0.0,2,False,True,False,0.135,32.17,8.86,14.86,1.4
2388d90c-8cc9-4cca-b232-d658e184074d,0,12,1,0,0.0,2,False,True,False,0.134,19.94,6.29,11.8,1.2
2388d90c-8cc9-4cca-b232-d658e184074d,0,13,1,0,0.0,2,False,True,False,0.486,14.09,4.94,12.19,1.09
2388d90c-8cc9-4cca-b232-d658e184074d,0,14,1,0,0.0,2,False,True,False,0.729,15.14,5.26,14.18,1.07
23cbb422-ada0-454d-8f91-30888256960d,1,0,1,0,0.0,2,True,False,False,0.102,33.69,8.19,11.75,1.31
23cbb422-ada0-454d-8f91-30888256960d,1,1,1,0,0.0,2,True,False,False,0.389,22.15,6.57,18.29,1.08
23cbb422-ada0-454d-8f91-30888256960d,1,2,1,0,0.0,2,True,False,False,0.485,12.88,4.55,10.26,1.0
23cbb422-ada0-454d-8f91-30888256960d,1,3,5,4,0.8,2,True,False,False,0.062,10.25,3.62,5.0,1.11
23cbb422-ada0-454d-8f91-30888256960d,1,4,1,0,0.0,2,True,False,False,0.411,24.33,6.13,11.66,1.3
23cbb422-ada0-454d-8f91-30888256960d,1,5,1,0,0.0,2,True,False,False,0.481,10.74,3.8,6.54,1.0
23cbb422-ada0-454d-8f91-30888256960d,1,6,1,0,0.0,2,True,False,False,0.467,5.98,2.11,2.22,1.0
23cbb422-ada0-454d-8f91-30888256960d,1,7,1,0,0.0,2,True,False,False,0.256,6.36,2.25,2.47,1.0
23cbb422-ada0-454d-8f91-30888256960d,0,8,4,3,0.75,2,False,True,False,1.0,12.33,4.36,5.89,1.22
24e8aaa7-ec15-4a72-be5f-c67b95a53411,0,0,1,0,0.0,1,True,False,True,0.204,13.72,4.13,11.58,1.23
24e8aaa7-ec15-4a72-be5f-c67b95a53411,0,1,2,0,0.0,1,True,False,True,0.223,34.77,8.21,16.04,1.4
24e8aaa7-ec15-4a72-be5f-c67b95a53411,0,3,1,0,0.0,1,True,False,True,0.2,9.44,2.82,5.5,1.21
24e8aaa7-ec15-4a72-be5f-c67b95a53411,0,4,2,0,0.0,1,True,False,True,0.133,26.89,8.37,16.78,1.92
24e8aaa7-ec15-4a72-be5f-c67b95a53411,0,5,1,0,0.0,1,True,False,True,0.549,32.71,8.68,56.75,1.07
24e8aaa7-ec15-4a72-be5f-c67b95a53411,0,6,1,0,0.0,1,True,False,True,0.166,12.3,2.43,4.69,1.05
24e8aaa7-ec15-4a72-be5f-c67b95a53411,0,7,1,0,0.0,1,True,False,True,0.728,15.35,6.35,8.97,3.13
287808db-3826-4351-b9a1-6f9831bdc870,0,0,1,0,0.0,4,False,True,False,0.742,13.12,4.57,10.75,1.01
287808db-3826-4351-b9a1-6f9831bdc870,0,1,1,0,0.0,4,False,True,False,0.42,11.69,4.22,5.12,1.22
287808db-3826-4351-b9a1-6f9831bdc870,0,2,1,0,0.0,4,False,True,False,0.655,9.97,3.66,5.66,1.13
287808db-3826-4351-b9a1-6f9831bdc870,2,5,7,2,0.286,4,False,False,False,0.4,5.49,1.99,1.39,1.24
287808db-3826-4351-b9a1-6f9831bdc870,2,7,2,0,0.0,4,False,False,False,0.493,21.32,5.13,12.39,1.06
287808db-3826-4351-b9a1-6f9831bdc870,3,8,7,5,0.714,4,True,False,False,0.539,12.85,4.55,7.29,1.32
287808db-3826-4351-b9a1-6f9831bdc870,3,9,3,2,0.667,4,True,False,False,0.624,15.68,4.91,11.79,1.05
287808db-3826-4351-b9a1-6f9831bdc870,3,10,2,1,0.5,4,True,False,False,0.449,11.84,3.3,4.9,1.08
294c5209-06ff-47ae-841b-e7e973b3699e,0,0,1,0,0.0,1,True,False,True,0.485,13.03,4.77,9.82,1.2
294c5209-06ff-47ae-841b-e7e973b3699e,0,1,1,0,0.0,1,True,False,True,0.469,13.45,4.52,11.31,1.01
294c5209-06ff-47ae-841b-e7e973b3699e,0,2,1,0,0.0,1,True,False,True,0.492,23.2,7.8,29.53,1.08
294c5209-06ff-47ae-841b-e7e973b3699e,0,3,1,0,0.0,1,True,False,True,0.237,11.86,4.0,8.79,1.01
294c5209-06ff-47ae-841b-e7e973b3699e,0,5,1,0,0.0,1,True,False,True,0.094,9.42,3.43,5.19,1.19
294c5209-06ff-47ae-841b-e7e973b3699e,0,6,1,0,0.0,1,True,False,True,0.775,16.15,5.81,15.53,1.16
294c5209-06ff-47ae-841b-e7e973b3699e,0,7,2,0,0.0,1,True,False,True,0.163,9.08,3.31,4.8,1.19
29865ccb-e7e8-4ad6-a01c-d632f20761b7,0,0,1,0,0.0,2,False,True,False,0.614,13.03,4.65,6.89,1.56
29865ccb-e7e8-4ad6-a01c-d632f20761b7,0,1,1,0,0.0,2,False,True,False,0.495,18.53,6.52,20.99,1.1
29865ccb-e7e8-4ad6-a01c-d632f20761b7,1,5,1,0,0.0,2,True,False,False,0.475,8.16,3.06,3.63,1.3
29865ccb-e7e8-4ad6-a01c-d632f20761b7,1,6,4,0,0.0,2,True,False,False,0.577,13.96,4.41,6.26,1.11
29865ccb-e7e8-4ad6-a01c-d632f20761b7,1,7,2,0,0.0,2,True,False,False,0.887,13.77,4.9,10.7,1.29
29865ccb-e7e8-4ad6-a01c-d632f20761b7,1,8,2,0,0.0,2,True,False,False,0.837,15.23,5.2,13.95,1.09
29865ccb-e7e8-4ad6-a01c-d632f20761b7,1,9,2,0,0.0,2,True,False,False,0.81,13.29,4.67,9.92,1.26
29a9cb5c-e7e7-4a01-b8ed-b2a2dd0edd2a,0,0,2,1,0.5,1,True,False,True,0.36,26.55,8.72,15.38,2.07
29a9cb5c-e7e7-4a01-b8ed-b2a2dd0edd2a,0,1,1,0,0.0,1,True,False,True,0.184,12.39,3.83,6.82,1.22
29a9cb5c-e7e7-4a01-b8ed-b2a2dd0edd2a,0,2,1,0,0.0,1,True,False,True,0.275,23.33,7.21,28.41,1.08
29a9cb5c-e7e7-4a01-b8ed-b2a2dd0edd2a,0,3,1,0,0.0,1,True,False,True,0.588,30.72,7.63,13.95,1.77
29a9cb5c-e7e7-4a01-b8ed-b2a2dd0edd2a,0,4,1,0,0.0,1,True,False,True,0.234,24.34,5.5,9.55,1.44
29a9cb5c-e7e7-4a01-b8ed-b2a2dd0edd2a,0,5,1,0,0.0,1,True,False,True,0.728,21.51,6.87,28.83,1.06
29a9cb5c-e7e7-4a01-b8ed-b2a2dd0edd2a,0,6,3,2,0.667,1,True,False,True,0.484,12.32,3.95,9.12,1.12
2d80b27f-ca29-4b3e-9197-ad3c4af7cbfb,0,0,1,0,0.0,1,True,False,True,0.814,13.05,4.35,10.5,1.02
2d80b27f-ca29-4b3e-9197-ad3c4af7cbfb,0,1,1,0,0.0,1,True,False,True,0.23,13.49,4.43,9.31,1.11
2d80b27f-ca29-4b3e-9197-ad3c4af7cbfb,0,2,1,0,0.0,1,True,False,True,0.483,11.46,3.71,7.29,1.01
2d80b27f-ca29-4b3e-9197-ad3c4af7cbfb,0,3,1,0,0.0,1,True,False,True,0.064,50.23,7.49,8.38,1.03
2d80b27f-ca29-4b3e-9197-ad3c4af7cbfb,0,4,1,0,0.0,1,True,False,True,0.174,10.82,3.89,6.94,1.18
2d80b27f-ca29-4b3e-9197-ad3c4af7cbfb,0,5,1,0,0.0,1,True,False,True,0.626,25.99,8.19,34.16,1.0
2d80b27f-ca29-4b3e-9197-ad3c4af7cbfb,0,7,1,0,0.0,1,True,False,True,0.18,7.12,2.51,3.07,1.13
2de0ff98-b554-446b-a501-b9fab4577f5a,0,0,1,0,0.0,1,True,False,True,0.64,19.25,4.76,11.37,1.07
2de0ff98-b554-446b-a501-b9fab4577f5a,0,1,1,0,0.0,1,True,False,True,0.391,21.11,6.93,13.23,1.21
2de0ff98-b554-446b-a501-b9fab4577f5a,0,2,1,0,0.0,1,True,False,True,0.23,13.44,4.62,10.82,1.03
2de0ff98-b554-446b-a501-b9fab4577f5a,0,3,1,0,0.0,1,True,False,True,0.393,10.93,3.26,4.56,1.17
2de0ff98-b554-446b-a501-b9fab4577f5a,0,4,2,0,0.0,1,True,False,True,0.14,23.5,8.51,13.9,1.81
2de0ff98-b554-446b-a501-b9fab4577f5a,0,5,1,0,0.0,1,True,False,True,0.195,36.02,11.24,25.69,1.78
2de0ff98-b554-446b-a501-b9fab4577f5a,0,6,1,0,0.0,1,True,False,True,0.49,21.26,7.53,25.31,1.24
2de0ff98-b554-446b-a501-b9fab4577f5a,0,7,1,0,0.0,1,True,False,True,0.483,12.03,4.46,8.0,1.16
2df1d2ed-54c9-41e9-9ed8-c4110e3868e0,0,0,1,0,0.0,1,True,False,True,0.484,12.54,4.5,9.34,1.17
2df1d2ed-54c9-41e9-9ed8-c4110e3868e0,0,1,1,0,0.0,1,True,False,True,0.189,7.84,2.74,3.76,1.11
2df1d2ed-54c9-41e9-9ed8-c4110e3868e0,0,2,1,0,0.0,1,True,False,True,0.488,13.21,4.5,10.87,1.05
2df1d2ed-54c9-41e9-9ed8-c4110e3868e0,0,3,1,0,0.0,1,True,False,True,0.132,16.08,5.44,12.3,1.3
2df1d2ed-54c9-41e9-9ed8-c4110e3868e0,0,4,1,0,0.0,1,True,False,True,0.211,11.44,3.93,8.12,1.06
2df1d2ed-54c9-41e9-9ed8-c4110e3868e0,0,5,1,0,0.0,1,True,False,True,0.078,90.0,14.69,33.36,1.36
2df1d2ed-54c9-41e9-9ed8-c4110e3868e0,0,6,1,0,0.0,1,True,False,True,0.291,15.66,5.61,14.63,1.17
2df1d2ed-54c9-41e9-9ed8-c4110e3868e0,0,7,1,0,0.0,1,True,False,True,0.184,10.27,3.64,6.36,1.14
2df1d2ed-54c9-41e9-9ed8-c4110e3868e0,0,8,1,0,0.0,1,True,False,True,0.488,15.45,5.6,14.02,1.19
2df1d2ed-54c9-41e9-9ed8-c4110e3868e0,0,9,1,0,0.0,1,True,False,True,0.481,10.74,3.67,7.16,1.06
2ea3b759-e047-424c-8034-f8ee5b811fb4,0,0,1,0,0.0,1,True,False,True,0.245,69.74,12.6,38.28,1.0
2ea3b759-e047-424c-8034-f8ee5b811fb4,0,1,1,0,0.0,1,True,False,True,0.21,8.39,2.97,4.02,1.09
2ea3b759-e047-424c-8034-f8ee5b811fb4,0,2,1,0,0.0,1,True,False,True,0.186,6.93,2.35,2.45,1.02
2ea3b759-e047-424c-8034-f8ee5b811fb4,0,3,4,0,0.0,1,True,False,True,0.018,25.17,8.27,27.1,1.12
2ea3b759-e047-424c-8034-f8ee5b811fb4,0,5,1,0,0.0,1,True,False,True,0.484,12.42,4.36,9.63,1.01
2ea3b759-e047-424c-8034-f8ee5b811fb4,0,6,1,0,0.0,1,True,False,True,0.055,26.79,5.34,6.21,1.02
2ea3b759-e047-424c-8034-f8ee5b811fb4,0,8,1,0,0.0,1,True,False,True,0.406,11.41,4.02,8.12,1.02
2ea3b759-e047-424c-8034-f8ee5b811fb4,0,9,1,0,0.0,1,True,False,True,0.22,11.38,4.01,8.08,1.02
2ea3b759-e047-424c-8034-f8ee5b811fb4,0,10,1,0,0.0,1,True,False,True,0.702,22.83,8.17,31.79,1.05
2f382701-addb-48a5-8749-0e8e7f988a10,1,0,4,2,0.5,3,False,False,False,0.632,31.17,9.27,37.58,1.28
2f382701-addb-48a5-8749-0e8e7f988a10,1,1,10,6,0.6,3,False,False,False,0.501,13.84,4.24,9.69,1.22
2f382701-addb-48a5-8749-0e8e7f988a10,1,2,1,0,0.0,3,False,False,False,0.104,15.1,4.5,12.01,1.12
2f382701-addb-48a5-8749-0e8e7f988a10,1,3,1,0,0.0,3,False,False,False,0.019,19.17,5.92,8.56,1.4
2f382701-addb-48a5-8749-0e8e7f988a10,1,5,1,0,0.0,3,False,False,False,0.623,16.45,6.19,12.59,1.84
2f382701-addb-48a5-8749-0e8e7f988a10,0,6,6,4,0.667,3,False,True,False,1.0,14.95,4.69,10.78,1.22
2f382701-addb-48a5-8749-0e8e7f988a10,2,7,1,0,0.0,3,True,False,False,0.926,14.47,4.31,12.93,1.07
2f382701-addb-48a5-8749-0e8e7f988a10,2,8,2,0,0.0,3,True,False,False,0.483,11.52,3.81,7.94,1.34
2f382701-addb-48a5-8749-0e8e7f988a10,2,9,2,0,0.0,3,True,False,False,0.335,16.63,5.14,5.26,1.32
2f382701-addb-48a5-8749-0e8e7f988a10,2,10,4,0,0.0,3,True,False,False,0.688,18.27,4.74,7.49,1.3
2f382701-addb-48a5-8749-0e8e7f988a10,2,11,1,0,0.0,3,True,False,False,0.74,10.33,3.34,6.48,1.27
2f382701-addb-48a5-8749-0e8e7f988a10,2,12,1,0,0.0,3,True,False,False,0.633,7.73,2.39,3.64,1.24
3297bc28-5d39-4358-bd2e-0f1183cae489,0,0,1,0,0.0,3,False,True,False,0.351,42.47,8.06,13.41,1.26
3297bc28-5d39-4358-bd2e-0f1183cae489,1,5,8,8,1.0,3,False,False,False,0.0,7.65,2.66,2.56,1.96
3297bc28-5d39-4358-bd2e-0f1183cae489,1,6,1,0,0.0,3,False,False,False,0.273,12.57,3.98,9.37,1.49
3297bc28-5d39-4358-bd2e-0f1183cae489,1,7,1,0,0.0,3,False,False,False,0.236,35.83,7.41,18.6,1.72
3297bc28-5d39-4358-bd2e-0f1183cae489,1,8,2,1,0.5,3,False,False,False,0.649,21.22,7.41,24.85,1.68
3297bc28-5d39-4358-bd2e-0f1183cae489,2,9,3,0,0.0,3,True,False,False,0.151,28.31,5.22,7.99,1.23
3297bc28-5d39-4358-bd2e-0f1183cae489,2,11,5,1,0.2,3,True,False,False,0.484,12.33,4.06,8.72,1.7
3297bc28-5d39-4358-bd2e-0f1183cae489,2,12,6,1,0.167,3,True,False,False,0.689,16.74,5.27,14.93,1.52
3297bc28-5d39-4358-bd2e-0f1183cae489,2,13,4,0,0.0,3,True,False,False,0.333,7.43,2.59,3.17,1.77
36f034dc-17ec-4e9d-9ec0-e8b0139201c8,0,0,1,0,0.0,1,True,False,True,0.357,20.44,6.28,20.9,1.36
36f034dc-17ec-4e9d-9ec0-e8b0139201c8,0,1,1,0,0.0,1,True,False,True,0.479,26.79,7.56,31.1,1.24
36f034dc-17ec-4e9d-9ec0-e8b0139201c8,0,2,1,0,0.0,1,True,False,True,0.462,18.21,5.39,17.6,1.22
36f034dc-17ec-4e9d-9ec0-e8b0139201c8,0,3,1,0,0.0,1,True,False,True,0.303,14.44,2.92,4.95,1.38
36f034dc-17ec-4e9d-9ec0-e8b0139201c8,0,4,2,1,0.5,1,True,False,True,0.0,22.53,7.44,5.34,1.84
36f034dc-17ec-4e9d-9ec0-e8b0139201c8,0,5,2,0,0.0,1,True,False,True,0.567,43.25,10.42,34.14,1.35
36f034dc-17ec-4e9d-9ec0-e8b0139201c8,0,6,1,0,0.0,1,True,False,True,0.369,14.8,5.38,11.58,1.91
36f034dc-17ec-4e9d-9ec0-e8b0139201c8,0,7,5,3,0.6,1,True,False,True,0.71,21.21,6.43,19.27,1.3
36f034dc-17ec-4e9d-9ec0-e8b0139201c8,0,8,1,0,0.0,1,True,False,True,1.0,30.92,8.78,59.7,1.05
37e9355f-29a7-4303-abae-240c55df13e4,0,0,1,0,0.0,1,True,False,True,0.532,27.07,6.6,24.69,1.57
37e9355f-29a7-4303-abae-240c55df13e4,0,2,1,0,0.0,1,True,False,True,0.487,13.04,3.6,10.56,1.16
37e9355f-29a7-4303-abae-240c55df13e4,0,3,2,0,0.0,1,True,False,True,0.26,6.94,2.04,2.94,1.35
37e9355f-29a7-4303-abae-240c55df13e4,0,4,1,0,0.0,1,True,False,True,0.139,27.62,7.17,24.71,1.19
37e9355f-29a7-4303-abae-240c55df13e4,0,5,1,0,0.0,1,True,False,True,0.212,8.51,2.55,4.38,1.41
37e9355f-29a7-4303-abae-240c55df13e4,0,6,1,0,0.0,1,True,False,True,0.004,110.27,11.93,15.91,1.06
37e9355f-29a7-4303-abae-240c55df13e4,0,7,1,0,0.0,1,True,False,True,0.033,10.78,3.02,7.2,1.2
37e9355f-29a7-4303-abae-240c55df13e4,0,8,1,0,0.0,1,True,False,True,0.271,6.89,2.1,2.85,1.46
37e9355f-29a7-4303-abae-240c55df13e4,0,9,5,3,0.6,1,True,False,True,0.488,16.9,5.33,16.8,1.6
37e9355f-29a7-4303-abae-240c55df13e4,0,11,1,0,0.0,1,True,False,True,0.463,5.45,1.57,1.82,1.29
38158927-652c-4d01-9aa3-770956648d85,0,4,1,0,0.0,2,False,True,False,0.593,35.95,10.25,41.11,1.21
38158927-652c-4d01-9aa3-770956648d85,1,5,1,0,0.0,2,True,False,False,0.485,12.73,4.51,10.08,1.02
38158927-652c-4d01-9aa3-770956648d85,1,6,1,0,0.0,2,True,False,False,0.484,12.71,4.5,10.05,1.01
38158927-652c-4d01-9aa3-770956648d85,1,7,2,0,0.0,2,True,False,False,0.483,12.07,4.35,8.64,1.05
38158927-652c-4d01-9aa3-770956648d85,1,8,1,0,0.0,2,True,False,False,0.331,11.6,4.08,8.41,1.0
38158927-652c-4d01-9aa3-770956648d85,1,9,3,0,0.0,2,True,False,False,0.147,31.35,7.06,9.48,1.19
38f71f1d-2c71-4fcd-9997-83b2914416b0,0,2,1,0,0.0,2,False,True,False,0.381,20.95,5.48,22.56,1.05
38f71f1d-2c71-4fcd-9997-83b2914416b0,0,3,1,0,0.0,2,False,True,False,0.493,25.11,8.79,34.51,1.86
38f71f1d-2c71-4fcd-9997-83b2914416b0,0,5,1,0,0.0,2,False,True,False,0.141,7.14,2.27,2.99,1.46
38f71f1d-2c71-4fcd-9997-83b2914416b0,1,6,2,1,0.5,2,True,False,False,0.299,51.55,10.42,14.57,2.57
38f71f1d-2c71-4fcd-9997-83b2914416b0,1,7,4,1,0.25,2,True,False,False,0.587,15.57,4.65,12.47,1.27
38f71f1d-2c71-4fcd-9997-83b2914416b0,1,10,2,1,0.5,2,True,False,False,0.298,13.89,4.59,11.06,1.6
38f71f1d-2c71-4fcd-9997-83b2914416b0,1,11,5,2,0.4,2,True,False,False,0.637,24.19,6.92,30.45,1.26
3a034c99-8986-4749-aedb-0a5a04ea803f,1,0,2,0,0.0,2,True,False,False,0.225,33.8,10.09,22.9,1.64
3a034c99-8986-4749-aedb-0a5a04ea803f,1,1,2,0,0.0,2,True,False,False,0.485,12.49,4.4,9.74,1.01
3a034c99-8986-4749-aedb-0a5a04ea803f,1,2,2,0,0.0,2,True,False,False,0.487,14.15,4.96,12.52,1.0
3a034c99-8986-4749-aedb-0a5a04ea803f,1,3,2,0,0.0,2,True,False,False,0.482,11.17,4.0,7.62,1.04
3a034c99-8986-4749-aedb-0a5a04ea803f,1,4,1,0,0.0,2,True,False,False,0.0,10.89,3.92,7.13,1.06
3a576e1b-4b3e-4f5d-8c20-b39b157fcf03,2,0,7,1,0.143,3,True,False,False,0.78,14.77,5.12,13.54,1.06
3a576e1b-4b3e-4f5d-8c20-b39b157fcf03,2,1,7,3,0.429,3,True,False,False,0.422,17.41,5.04,11.65,1.05
3a576e1b-4b3e-4f5d-8c20-b39b157fcf03,2,2,5,0,0.0,3,True,False,False,0.188,17.02,4.51,6.42,1.03
3a576e1b-4b3e-4f5d-8c20-b39b157fcf03,2,3,7,1,0.143,3,True,False,False,0.617,19.74,6.2,17.51,1.12
3a576e1b-4b3e-4f5d-8c20-b39b157fcf03,1,4,1,0,0.0,3,False,False,False,0.438,20.17,6.26,18.95,1.08
3a576e1b-4b3e-4f5d-8c20-b39b157fcf03,1,5,1,0,0.0,3,False,False,False,0.378,23.54,6.9,19.8,1.26
3c74f488-a562-4bc4-9d7a-3f707fe85133,1,0,1,0,0.0,3,False,False,False,0.55,17.55,6.14,16.6,1.1
3c74f488-a562-4bc4-9d7a-3f707fe85133,1,1,1,0,0.0,3,False,False,False,0.052,12.4,3.89,5.91,1.04
3c74f488-a562-4bc4-9d7a-3f707fe85133,1,2,2,1,0.5,3,False,False,False,0.704,10.23,3.62,6.39,1.0
3c74f488-a562-4bc4-9d7a-3f707fe85133,1,3,1,0,0.0,3,False,False,False,0.481,7.51,2.66,3.51,1.0
3c74f488-a562-4bc4-9d7a-3f707fe85133,1,4,2,0,0.0,3,False,False,False,0.285,15.45,4.66,7.06,1.21
3c74f488-a562-4bc4-9d7a-3f707fe85133,1,5,1,0,0.0,3,False,False,False,0.575,26.21,9.29,33.33,1.09
3c74f488-a562-4bc4-9d7a-3f707fe85133,1,6,8,3,0.375,3,False,False,False,0.949,22.55,7.97,30.36,1.01
3c74f488-a562-4bc4-9d7a-3f707fe85133,2,7,2,0,0.0,3,True,False,False,0.587,14.89,5.26,13.84,1.0
3c74f488-a562-4bc4-9d7a-3f707fe85133,2,8,1,0,0.0,3,True,False,False,0.052,12.4,3.83,6.77,1.01
3c74f488-a562-4bc4-9d7a-3f707fe85133,2,9,3,0,0.0,3,True,False,False,0.592,10.3,3.64,6.49,1.0
3c74f488-a562-4bc4-9d7a-3f707fe85133,2,10,2,0,0.0,3,True,False,False,0.47,6.75,2.39,2.75,1.01
3c74f488-a562-4bc4-9d7a-3f707fe85133,2,11,1,0,0.0,3,True,False,False,0.116,24.51,5.49,7.24,1.09
3c74f488-a562-4bc4-9d7a-3f707fe85133,2,12,4,0,0.0,3,True,False,False,0.606,25.41,9.05,29.82,1.11
3e378d10-6d7f-451c-b5e8-705731e6f37e,0,3,1,0,0.0,2,False,True,False,0.388,9.04,3.3,4.69,1.28
3e378d10-6d7f-451c-b5e8-705731e6f37e,1,5,11,6,0.545,2,True,False,False,0.761,25.39,8.46,39.57,1.07
3e378d10-6d7f-451c-b5e8-705731e6f37e,1,6,1,0,0.0,2,True,False,False,0.485,13.76,4.8,11.4,1.19
3e378d10-6d7f-451c-b5e8-705731e6f37e,1,7,11,4,0.364,2,True,False,False,0.339,24.84,7.01,15.81,1.21
3ee81b85-a21f-4f55-a100-5995f36f84f9,0,0,1,0,0.0,1,True,False,True,0.743,12.37,4.31,9.56,1.01
3ee81b85-a21f-4f55-a100-5995f36f84f9,0,1,1,0,0.0,1,True,False,True,0.355,13.01,4.57,7.43,1.24
3ee81b85-a21f-4f55-a100-5995f36f84f9,0,2,1,0,0.0,1,True,False,True,0.616,38.53,10.45,43.41,1.1
3ee81b85-a21f-4f55-a100-5995f36f84f9,0,3,1,0,0.0,1,True,False,True,0.547,15.89,5.46,14.82,1.02
3ee81b85-a21f-4f55-a100-5995f36f84f9,0,4,1,0,0.0,1,True,False,True,0.442,9.41,3.36,5.41,1.06
3ee81b85-a21f-4f55-a100-5995f36f84f9,0,5,1,0,0.0,1,True,False,True,0.059,5.22,1.96,1.4,1.18
3ee81b85-a21f-4f55-a100-5995f36f84f9,0,6,1,0,0.0,1,True,False,True,0.091,20.49,5.84,4.0,1.67
3ee81b85-a21f-4f55-a100-5995f36f84f9,0,7,1,0,0.0,1,True,False,True,0.484,11.77,4.16,8.57,1.04
3ee81b85-a21f-4f55-a100-5995f36f84f9,0,8,1,0,0.0,1,True,False,True,0.639,13.43,5.02,9.62,1.17
43674d8e-302d-4915-878f-f50d2d9f8d1b,0,0,1,0,0.0,1,True,False,True,0.295,13.79,3.69,5.19,1.27
43674d8e-302d-4915-878f-f50d2d9f8d1b,0,1,1,0,0.0,1,True,False,True,0.478,26.99,8.88,36.17,1.21
43674d8e-302d-4915-878f-f50d2d9f8d1b,0,2,1,0,0.0,1,True,False,True,0.027,44.55,9.2,11.11,1.28
43674d8e-302d-4915-878f-f50d2d9f8d1b,0,3,1,0,0.0,1,True,False,True,0.485,12.85,4.34,10.06,1.19
43674d8e-302d-4915-878f-f50d2d9f8d1b,0,4,1,0,0.0,1,True,False,True,0.164,11.6,4.14,7.78,1.34
43674d8e-302d-4915-878f-f50d2d9f8d1b,0,5,1,0,0.0,1,True,False,True,0.162,11.73,4.2,7.85,1.35
43674d8e-302d-4915-878f-f50d2d9f8d1b,0,6,1,0,0.0,1,True,False,True,0.218,11.99,3.86,8.94,1.07
43674d8e-302d-4915-878f-f50d2d9f8d1b,0,7,1,0,0.0,1,True,False,True,0.177,10.64,3.55,6.51,1.2
43674d8e-302d-4915-878f-f50d2d9f8d1b,0,8,1,0,0.0,1,True,False,True,0.147,5.07,1.79,1.5,1.32
43674d8e-302d-4915-878f-f50d2d9f8d1b,0,9,1,0,0.0,1,True,False,True,0.482,10.52,3.65,6.6,1.26
45b933f5-4f12-488c-b77a-065cf3c2d719,0,0,1,0,0.0,1,True,False,True,0.472,28.86,9.65,38.89,1.12
45b933f5-4f12-488c-b77a-065cf3c2d719,0,1,1,0,0.0,1,True,False,True,0.326,14.01,4.71,11.34,1.09
45b933f5-4f12-488c-b77a-065cf3c2d719,0,2,1,0,0.0,1,True,False,True,0.254,10.07,3.59,5.85,1.14
45b933f5-4f12-488c-b77a-065cf3c2d719,0,3,1,0,0.0,1,True,False,True,0.18,5.41,1.92,1.8,1.07
45b933f5-4f12-488c-b77a-065cf3c2d719,0,4,1,0,0.0,1,True,False,True,0.031,12.96,5.15,5.71,1.38
45b933f5-4f12-488c-b77a-065cf3c2d719,0,5,1,0,0.0,1,True,False,True,0.031,53.48,9.05,7.12,1.37
45b933f5-4f12-488c-b77a-065cf3c2d719,0,6,1,0,0.0,1,True,False,True,0.486,13.02,4.53,9.76,1.1
45b933f5-4f12-488c-b77a-065cf3c2d719,0,7,1,0,0.0,1,True,False,True,0.709,13.28,4.46,10.12,1.07
45b933f5-4f12-488c-b77a-065cf3c2d719,0,8,1,0,0.0,1,True,False,True,0.484,12.81,4.48,10.21,1.04
45b933f5-4f12-488c-b77a-065cf3c2d719,0,9,1,0,0.0,1,True,False,True,0.483,10.89,3.93,7.08,1.11
466d0aa8-7021-4825-8f7b-b954c824c13a,0,0,1,0,0.0,2,False,True,False,1.0,11.24,3.85,7.81,1.04
466d0aa8-7021-4825-8f7b-b954c824c13a,0,2,1,0,0.0,2,False,True,False,0.502,11.79,3.99,8.81,1.02
466d0aa8-7021-4825-8f7b-b954c824c13a,1,8,2,1,0.5,2,True,False,False,0.504,14.09,4.79,12.54,1.01
466d0aa8-7021-4825-8f7b-b954c824c13a,1,9,2,1,0.5,2,True,False,False,0.504,13.98,5.18,12.33,1.21
466d0aa8-7021-4825-8f7b-b954c824c13a,1,10,8,3,0.375,2,True,False,False,0.134,47.67,12.09,23.8,1.44
466d0aa8-7021-4825-8f7b-b954c824c13a,1,11,2,1,0.5,2,True,False,False,0.267,9.91,3.51,6.01,1.08
466d0aa8-7021-4825-8f7b-b954c824c13a,1,12,2,1,0.5,2,True,False,False,0.221,8.39,2.88,4.4,1.01
466d0aa8-7021-4825-8f7b-b954c824c13a,1,13,2,1,0.5,2,True,False,False,0.504,14.31,5.31,12.86,1.22
466d0aa8-7021-4825-8f7b-b954c824c13a,1,14,2,1,0.5,2,True,False,False,0.504,14.32,4.91,12.86,1.03
46ea557e-3151-43d2-b72b-f212290516cc,0,0,6,3,0.5,1,True,False,True,0.451,26.31,9.56,34.99,1.14
46ea557e-3151-43d2-b72b-f212290516cc,0,1,1,0,0.0,1,True,False,True,0.245,8.82,3.13,4.84,1.01
46ea557e-3151-43d2-b72b-f212290516cc,0,2,1,0,0.0,1,True,False,True,0.234,12.35,4.35,9.52,1.0
46ea557e-3151-43d2-b72b-f212290516cc,0,3,1,0,0.0,1,True,False,True,0.002,26.7,6.13,6.5,1.12
46ea557e-3151-43d2-b72b-f212290516cc,0,4,1,0,0.0,1,True,False,True,0.53,11.68,4.13,8.51,1.01
46ea557e-3151-43d2-b72b-f212290516cc,0,5,1,0,0.0,1,True,False,True,0.523,11.84,3.73,6.73,1.05
46ea557e-3151-43d2-b72b-f212290516cc,0,6,1,0,0.0,1,True,False,True,0.38,20.95,7.52,16.66,1.31
46ea557e-3151-43d2-b72b-f212290516cc,0,7,1,0,0.0,1,True,False,True,0.745,15.72,5.55,15.29,1.01
494a97c4-ab7e-4021-9345-c46fecfd1d67,0,0,1,0,0.0,1,True,False,True,0.035,11.5,4.8,5.52,1.73
494a97c4-ab7e-4021-9345-c46fecfd1d67,0,1,1,0,0.0,1,True,False,True,0.598,14.02,4.67,11.78,1.08
494a97c4-ab7e-4021-9345-c46fecfd1d67,0,2,1,0,0.0,1,True,False,True,0.63,14.58,4.96,11.78,1.11
494a97c4-ab7e-4021-9345-c46fecfd1d67,0,3,1,0,0.0,1,True,False,True,0.282,17.54,5.2,13.6,1.02
494a97c4-ab7e-4021-9345-c46fecfd1d67,0,4,1,0,0.0,1,True,False,True,0.068,27.71,7.53,7.27,1.43
494a97c4-ab7e-4021-9345-c46fecfd1d67,0,5,1,0,0.0,1,True,False,True,0.203,10.59,3.62,7.04,1.04
494a97c4-ab7e-4021-9345-c46fecfd1d67,0,6,3,2,0.667,1,True,False,True,0.578,21.7,7.47,27.43,1.14
494a97c4-ab7e-4021-9345-c46fecfd1d67,0,7,3,2,0.667,1,True,False,True,0.139,53.21,12.29,35.57,1.34
494a97c4-ab7e-4021-9345-c46fecfd1d67,0,8,1,0,0.0,1,True,False,True,0.201,8.47,2.72,3.8,1.02
494a97c4-ab7e-4021-9345-c46fecfd1d67,0,9,1,0,0.0,1,True,False,True,0.261,12.96,4.27,9.13,1.04
494a97c4-ab7e-4021-9345-c46fecfd1d67,0,10,1,0,0.0,1,True,False,True,0.486,14.32,4.81,12.81,1.02
494a97c4-ab7e-4021-9345-c46fecfd1d67,0,11,1,0,0.0,1,True,False,True,0.48,10.2,3.71,6.05,1.21
4fe068d2-f39e-47ed-8c15-35b6396862bf,2,0,1,0,0.0,3,True,False,False,0.49,20.13,5.83,24.87,1.29
4fe068d2-f39e-47ed-8c15-35b6396862bf,2,1,1,0,0.0,3,True,False,False,0.435,15.7,4.45,15.1,1.23
4fe068d2-f39e-47ed-8c15-35b6396862bf,2,2,1,0,0.0,3,True,False,False,0.0,54.45,13.29,4.46,1.55
4fe068d2-f39e-47ed-8c15-35b6396862bf,2,3,1,0,0.0,3,True,False,False,0.535,21.66,6.01,25.86,1.19
4fe068d2-f39e-47ed-8c15-35b6396862bf,2,5,1,0,0.0,3,True,False,False,0.488,17.15,4.8,18.22,1.19
4fe068d2-f39e-47ed-8c15-35b6396862bf,0,6,1,0,0.0,3,False,True,False,0.621,14.54,4.4,12.74,1.44
4fe068d2-f39e-47ed-8c15-35b6396862bf,0,7,1,0,0.0,3,False,True,False,0.124,20.62,5.7,12.53,1.22
4fe068d2-f39e-47ed-8c15-35b6396862bf,0,8,1,0,0.0,3,False,True,False,0.353,19.43,6.33,14.73,1.73
4fe068d2-f39e-47ed-8c15-35b6396862bf,0,9,3,1,0.333,3,False,True,False,0.492,8.29,2.84,4.01,1.85
4fe068d2-f39e-47ed-8c15-35b6396862bf,0,10,1,0,0.0,3,False,True,False,0.338,12.26,4.4,7.75,2.31
513a4b03-cfb1-4221-99ff-d9b7d1e1d3f6,0,0,1,0,0.0,2,False,True,False,0.275,38.15,8.39,26.29,1.04
513a4b03-cfb1-4221-99ff-d9b7d1e1d3f6,0,2,1,0,0.0,2,False,True,False,0.491,11.07,4.01,6.84,1.49
513a4b03-cfb1-4221-99ff-d9b7d1e1d3f6,1,4,3,1,0.333,2,True,False,False,0.749,23.1,6.39,27.18,1.03
513a4b03-cfb1-4221-99ff-d9b7d1e1d3f6,1,5,4,1,0.25,2,True,False,False,0.668,16.59,5.63,15.17,1.35
52f91e67-3891-4729-8bf3-be2c0a6a0d04,1,1,1,0,0.0,3,False,False,False,0.165,17.96,4.54,9.91,1.37
52f91e67-3891-4729-8bf3-be2c0a6a0d04,1,2,1,0,0.0,3,False,False,False,0.324,8.79,3.1,4.25,2.07
52f91e67-3891-4729-8bf3-be2c0a6a0d04,1,3,1,0,0.0,3,False,False,False,0.781,21.3,6.27,27.75,1.32
52f91e67-3891-4729-8bf3-be2c0a6a0d04,2,4,15,2,0.133,3,True,False,False,1.0,30.04,8.33,45.39,1.3
52f91e67-3891-4729-8bf3-be2c0a6a0d04,0,6,6,0,0.0,3,False,True,False,0.685,35.55,8.41,44.93,1.17
53ba9e35-1aeb-43e2-87d2-27be83b949f5,0,0,1,0,0.0,1,True,False,True,0.036,42.08,7.43,8.22,1.03
53ba9e35-1aeb-43e2-87d2-27be83b949f5,0,1,1,0,0.0,1,True,False,True,0.175,10.86,3.8,6.99,1.27
53ba9e35-1aeb-43e2-87d2-27be83b949f5,0,2,1,0,0.0,1,True,False,True,0.48,9.75,3.21,5.55,1.18
53ba9e35-1aeb-43e2-87d2-27be83b949f5,0,3,1,0,0.0,1,True,False,True,0.467,13.43,4.53,10.38,1.27
53ba9e35-1aeb-43e2-87d2-27be83b949f5,0,4,1,0,0.0,1,True,False,True,0.242,8.79,2.83,4.81,1.06
53ba9e35-1aeb-43e2-87d2-27be83b949f5,0,5,1,0,0.0,1,True,False,True,0.332,26.07,8.09,33.91,1.07
53ba9e35-1aeb-43e2-87d2-27be83b949f5,0,6,1,0,0.0,1,True,False,True,0.357,22.11,8.05,15.38,1.74
53ba9e35-1aeb-43e2-87d2-27be83b949f5,0,7,1,0,0.0,1,True,False,True,0.485,13.02,4.18,10.56,1.06
53c380e7-407e-48f7-8c72-b449e2334798,0,0,3,0,0.0,1,True,False,True,0.517,37.03,12.23,55.38,1.57
53c380e7-407e-48f7-8c72-b449e2334798,0,1,2,0,0.0,1,True,False,True,0.371,15.25,3.66,7.24,1.41
53c380e7-407e-48f7-8c72-b449e2334798,0,2,2,0,0.0,1,True,False,True,0.482,17.01,5.59,16.96,1.36
53c380e7-407e-48f7-8c72-b449e2334798,0,3,2,0,0.0,1,True,False,True,0.237,5.31,1.69,1.72,1.25
53c380e7-407e-48f7-8c72-b449e2334798,0,4,2,0,0.0,1,True,False,True,0.094,34.94,6.52,8.52,1.57
53c380e7-407e-48f7-8c72-b449e2334798,0,5,2,0,0.0,1,True,False,True,0.317,17.48,3.79,7.84,1.37
53c380e7-407e-48f7-8c72-b449e2334798,0,6,2,0,0.0,1,True,False,True,0.068,20.43,7.3,11.81,1.8
53c380e7-407e-48f7-8c72-b449e2334798,0,7,2,0,0.0,1,True,False,True,0.196,7.9,2.46,3.83,1.2
56108837-05d5-4fe4-bfd5-aec6b649d825,0,0,1,0,0.0,1,True,False,True,0.484,11.12,3.27,6.92,1.11
56108837-05d5-4fe4-bfd5-aec6b649d825,0,1,1,0,0.0,1,True,False,True,0.109,12.04,4.61,5.94,2.21
56108837-05d5-4fe4-bfd5-aec6b649d825,0,2,1,0,0.0,1,True,False,True,0.207,9.27,2.81,5.31,1.17
56108837-05d5-4fe4-bfd5-aec6b649d825,0,3,1,0,0.0,1,True,False,True,0.178,7.02,2.24,2.98,1.3
56108837-05d5-4fe4-bfd5-aec6b649d825,0,4,1,0,0.0,1,True,False,True,0.283,13.35,3.99,9.1,1.27
56108837-05d5-4fe4-bfd5-aec6b649d825,0,5,2,1,0.5,1,True,False,True,0.729,9.17,3.25,4.53,1.7
56108837-05d5-4fe4-bfd5-aec6b649d825,0,6,1,0,0.0,1,True,False,True,0.186,49.95,8.5,27.72,1.05
56108837-05d5-4fe4-bfd5-aec6b649d825,0,7,1,0,0.0,1,True,False,True,0.656,12.87,4.6,9.05,1.74
573ee2ba-67b9-4bb0-b4ba-47015d09377c,0,0,1,0,0.0,1,True,False,True,0.486,9.93,3.61,5.78,1.17
573ee2ba-67b9-4bb0-b4ba-47015d09377c,0,1,1,0,0.0,1,True,False,True,0.328,19.2,7.26,9.95,1.81
573ee2ba-67b9-4bb0-b4ba-47015d09377c,0,2,1,0,0.0,1,True,False,True,0.322,24.85,7.93,33.05,1.01
573ee2ba-67b9-4bb0-b4ba-47015d09377c,0,3,1,0,0.0,1,True,False,True,0.208,10.32,3.38,4.79,1.14
573ee2ba-67b9-4bb0-b4ba-47015d09377c,0,4,1,0,0.0,1,True,False,True,0.479,9.47,3.36,5.46,1.11
573ee2ba-67b9-4bb0-b4ba-47015d09377c,0,5,1,0,0.0,1,True,False,True,0.228,31.98,6.87,13.84,1.27
5831141f-829c-4adb-9bae-289c2140c72d,1,5,2,1,0.5,3,False,False,False,0.224,14.22,3.97,7.47,1.06
5831141f-829c-4adb-9bae-289c2140c72d,1,6,4,3,0.75,3,False,False,False,0.089,45.23,9.08,8.79,1.06
5831141f-829c-4adb-9bae-289c2140c72d,2,8,5,1,0.2,3,True,False,False,0.417,25.17,9.05,13.93,1.84
5831141f-829c-4adb-9bae-289c2140c72d,2,10,12,2,0.167,3,True,False,False,0.493,19.53,7.07,15.44,1.63
59b505e7-b384-451b-90b1-80f2654dd10d,1,1,2,0,0.0,3,False,False,False,0.001,29.2,5.11,6.73,1.0
59b505e7-b384-451b-90b1-80f2654dd10d,1,3,1,0,0.0,3,False,False,False,0.25,6.6,2.41,2.81,1.14
59b505e7-b384-451b-90b1-80f2654dd10d,2,6,2,1,0.5,3,True,False,False,0.49,13.71,4.88,11.12,1.07
59b505e7-b384-451b-90b1-80f2654dd10d,2,7,9,6,0.667,3,True,False,False,0.242,11.22,4.08,6.82,1.14
59b505e7-b384-451b-90b1-80f2654dd10d,2,8,2,1,0.5,3,True,False,False,0.182,43.14,8.61,15.04,1.19
59b505e7-b384-451b-90b1-80f2654dd10d,2,9,2,1,0.5,3,True,False,False,0.654,14.43,5.03,11.98,1.12
59b505e7-b384-451b-90b1-80f2654dd10d,2,10,12,7,0.583,3,True,False,False,0.581,11.01,3.82,7.02,1.11
59b505e7-b384-451b-90b1-80f2654dd10d,2,11,8,4,0.5,3,True,False,False,0.35,21.37,7.35,14.35,1.34
5a97cb51-78cd-40c7-9dd5-423bdea306a6,0,0,1,0,0.0,1,True,False,True,0.196,16.79,5.65,16.74,1.28
5a97cb51-78cd-40c7-9dd5-423bdea306a6,0,1,1,0,0.0,1,True,False,True,0.0,13.96,4.34,12.14,1.07
5a97cb51-78cd-40c7-9dd5-423bdea306a6,0,2,1,0,0.0,1,True,False,True,0.73,17.62,4.43,11.07,1.17
5a97cb51-78cd-40c7-9dd5-423bdea306a6,0,3,1,0,0.0,1,True,False,True,0.424,16.88,5.88,15.02,1.43
5a97cb51-78cd-40c7-9dd5-423bdea306a6,0,4,1,0,0.0,1,True,False,True,0.227,13.4,4.11,11.22,1.04
5a97cb51-78cd-40c7-9dd5-423bdea306a6,0,5,1,0,0.0,1,True,False,True,0.189,11.31,3.71,7.56,1.23
5a97cb51-78cd-40c7-9dd5-423bdea306a6,0,6,1,0,0.0,1,True,False,True,0.484,12.44,3.84,9.65,1.06
5a97cb51-78cd-40c7-9dd5-423bdea306a6,0,7,1,0,0.0,1,True,False,True,0.264,62.92,10.13,32.13,1.05
5a97cb51-78cd-40c7-9dd5-423bdea306a6,0,8,4,0,0.0,1,True,False,True,0.245,65.18,9.61,37.52,1.05
5c557e06-393e-466e-a957-f7391b76b8ff,0,0,2,0,0.0,1,True,False,True,0.498,21.39,7.62,25.27,1.03
5c557e06-393e-466e-a957-f7391b76b8ff,0,1,5,0,0.0,1,True,False,True,0.486,14.4,5.11,12.71,1.01
5c557e06-393e-466e-a957-f7391b76b8ff,0,2,15,1,0.067,1,True,False,True,0.297,48.35,12.44,32.28,1.2
5c557e06-393e-466e-a957-f7391b76b8ff,0,3,1,0,0.0,1,True,False,True,0.217,8.03,2.84,4.03,1.0
5c557e06-393e-466e-a957-f7391b76b8ff,0,4,1,0,0.0,1,True,False,True,0.703,12.39,4.38,8.33,1.1
5ecc6e8c-228b-4167-9331-de247c802320,1,0,1,0,0.0,3,False,False,False,0.491,21.47,7.79,26.95,1.21
5ecc6e8c-228b-4167-9331-de247c802320,1,1,1,0,0.0,3,False,False,False,0.542,22.5,8.05,30.17,1.17
5ecc6e8c-228b-4167-9331-de247c802320,1,3,1,0,0.0,3,False,False,False,0.18,7.7,2.67,3.66,1.09
5ecc6e8c-228b-4167-9331-de247c802320,2,5,2,1,0.5,3,True,False,False,0.603,14.75,5.04,12.94,1.1
5ecc6e8c-228b-4167-9331-de247c802320,2,6,2,1,0.5,3,True,False,False,0.466,12.59,4.66,8.94,1.24
5ecc6e8c-228b-4167-9331-de247c802320,2,7,2,1,0.5,3,True,False,False,0.486,13.46,5.05,9.91,1.27
5ecc6e8c-228b-4167-9331-de247c802320,2,8,4,1,0.25,3,True,False,False,0.494,12.69,4.15,9.1,1.01
5ecc6e8c-228b-4167-9331-de247c802320,2,9,5,2,0.4,3,True,False,False,0.259,34.41,8.02,13.85,1.17
60f2f02b-8910-461c-879a-75925d256989,0,0,1,0,0.0,2,False,True,False,0.745,16.68,5.87,17.37,1.05
60f2f02b-8910-461c-879a-75925d256989,1,7,2,0,0.0,2,True,False,False,0.23,9.41,3.16,5.23,1.02
60f2f02b-8910-461c-879a-75925d256989,1,8,1,0,0.0,2,True,False,False,0.151,36.06,7.48,6.05,1.15
60f2f02b-8910-461c-879a-75925d256989,1,9,6,0,0.0,2,True,False,False,0.485,15.83,5.4,12.41,1.16
60f2f02b-8910-461c-879a-75925d256989,1,10,4,0,0.0,2,True,False,False,0.487,14.9,5.2,11.95,1.1
60f2f02b-8910-461c-879a-75925d256989,1,11,1,0,0.0,2,True,False,False,0.6,14.69,5.0,12.26,1.05
60f2f02b-8910-461c-879a-75925d256989,1,12,2,0,0.0,2,True,False,False,0.681,13.59,4.77,11.46,1.04
60fa343a-d19a-4d18-b939-33b80e790be6,0,2,2,0,0.0,2,False,True,False,0.539,29.9,7.27,30.55,1.22
60fa343a-d19a-4d18-b939-33b80e790be6,1,5,1,0,0.0,2,True,False,False,0.31,14.76,3.82,6.13,1.33
60fa343a-d19a-4d18-b939-33b80e790be6,1,6,1,0,0.0,2,True,False,False,0.306,17.34,3.42,7.52,1.07
60fa343a-d19a-4d18-b939-33b80e790be6,1,7,1,0,0.0,2,True,False,False,0.404,10.89,2.86,5.99,1.05
60fa343a-d19a-4d18-b939-33b80e790be6,1,8,1,0,0.0,2,True,False,False,0.417,29.99,8.07,34.66,1.12
60fa343a-d19a-4d18-b939-33b80e790be6,1,9,1,0,0.0,2,True,False,False,0.485,12.89,3.73,10.23,1.25
612d1bc8-dbed-47cb-aef5-3e64964ccc04,0,0,1,0,0.0,1,True,False,True,0.533,12.38,4.33,7.31,2.05
612d1bc8-dbed-47cb-aef5-3e64964ccc04,0,1,1,0,0.0,1,True,False,True,0.098,10.51,3.66,5.24,2.04
612d1bc8-dbed-47cb-aef5-3e64964ccc04,0,2,1,0,0.0,1,True,False,True,0.164,42.19,7.41,6.36,1.07
612d1bc8-dbed-47cb-aef5-3e64964ccc04,0,3,1,0,0.0,1,True,False,True,0.573,38.42,11.63,59.46,1.43
612d1bc8-dbed-47cb-aef5-3e64964ccc04,0,4,1,0,0.0,1,True,False,True,0.486,13.38,3.8,11.11,1.16
612d1bc8-dbed-47cb-aef5-3e64964ccc04,0,5,1,0,0.0,1,True,False,True,0.48,13.44,3.85,10.97,1.19
612d1bc8-dbed-47cb-aef5-3e64964ccc04,0,6,1,0,0.0,1,True,False,True,0.047,7.93,2.49,3.75,1.47
612d1bc8-dbed-47cb-aef5-3e64964ccc04,0,7,1,0,0.0,1,True,False,True,0.287,23.7,3.81,6.87,1.22
612d1bc8-dbed-47cb-aef5-3e64964ccc04,0,8,1,0,0.0,1,True,False,True,0.696,17.1,5.13,17.85,1.31
612d1bc8-dbed-47cb-aef5-3e64964ccc04,0,9,1,0,0.0,1,True,False,True,0.252,11.98,3.25,8.64,1.08
6203a969-742b-4935-bc4d-8eae644b8f73,0,0,1,0,0.0,1,True,False,True,0.726,11.9,3.59,8.73,1.2
6203a969-742b-4935-bc4d-8eae644b8f73,0,1,1,0,0.0,1,True,False,True,0.443,14.59,4.27,12.04,1.14
6203a969-742b-4935-bc4d-8eae644b8f73,0,2,1,0,0.0,1,True,False,True,0.555,35.34,7.19,22.43,1.66
6203a969-742b-4935-bc4d-8eae644b8f73,0,3,3,0,0.0,1,True,False,True,0.521,26.51,7.59,43.85,1.07
6203a969-742b-4935-bc4d-8eae644b8f73,0,4,1,0,0.0,1,True,False,True,0.299,10.47,3.61,6.21,1.65
6203a969-742b-4935-bc4d-8eae644b8f73,0,5,1,0,0.0,1,True,False,True,0.561,5.74,1.8,2.0,1.31
6203a969-742b-4935-bc4d-8eae644b8f73,0,6,1,0,0.0,1,True,False,True,0.211,18.88,5.94,14.45,1.44
6203a969-742b-4935-bc4d-8eae644b8f73,0,7,1,0,0.0,1,True,False,True,0.145,9.93,3.49,5.45,1.74
6203a969-742b-4935-bc4d-8eae644b8f73,0,8,1,0,0.0,1,True,False,True,0.294,16.75,5.5,16.42,1.46
6203a969-742b-4935-bc4d-8eae644b8f73,0,9,1,0,0.0,1,True,False,True,0.484,13.35,3.77,11.08,1.04
6203a969-742b-4935-bc4d-8eae644b8f73,0,10,1,0,0.0,1,True,False,True,0.05,26.5,6.62,5.74,1.72
6203a969-742b-4935-bc4d-8eae644b8f73,0,11,1,0,0.0,1,True,False,True,0.147,9.88,3.57,5.22,1.87
6203a969-742b-4935-bc4d-8eae644b8f73,0,12,1,0,0.0,1,True,False,True,0.471,13.62,3.78,11.6,1.0
66a72e63-8b3c-4e57-977b-32f5119a9d09,2,0,9,2,0.222,3,True,False,False,0.531,21.49,6.64,16.68,1.91
66a72e63-8b3c-4e57-977b-32f5119a9d09,2,1,1,0,0.0,3,True,False,False,0.299,15.64,4.12,11.43,1.09
66a72e63-8b3c-4e57-977b-32f5119a9d09,2,2,2,0,0.0,3,True,False,False,0.315,13.21,3.45,8.32,1.01
66a72e63-8b3c-4e57-977b-32f5119a9d09,2,4,19,6,0.316,3,True,False,False,0.673,22.29,7.05,24.56,1.42
66a72e63-8b3c-4e57-977b-32f5119a9d09,1,9,1,0,0.0,3,False,False,False,0.322,8.1,2.93,3.37,1.93
66a72e63-8b3c-4e57-977b-32f5119a9d09,0,14,1,0,0.0,3,False,True,False,0.319,6.6,2.39,2.31,1.91
670a8030-c451-4e80-badd-6702cef02a03,1,5,2,0,0.0,3,False,False,False,0.652,22.87,8.11,28.52,1.06
670a8030-c451-4e80-badd-6702cef02a03,2,8,2,0,0.0,3,True,False,False,0.626,15.2,4.8,10.25,1.09
670a8030-c451-4e80-badd-6702cef02a03,2,9,5,1,0.2,3,True,False,False,0.532,15.93,5.18,13.64,1.02
670a8030-c451-4e80-badd-6702cef02a03,2,10,12,2,0.167,3,True,False,False,0.482,11.12,4.1,5.26,1.44
670a8030-c451-4e80-badd-6702cef02a03,2,11,3,1,0.333,3,True,False,False,0.355,22.21,7.36,13.65,1.44
6c29deb7-51e6-437d-bfe4-0eb83e559881,2,2,1,0,0.0,3,True,False,False,0.542,15.38,5.13,14.78,1.0
6c29deb7-51e6-437d-bfe4-0eb83e559881,2,3,1,0,0.0,3,True,False,False,0.487,14.54,4.95,13.18,1.04
6c29deb7-51e6-437d-bfe4-0eb83e559881,2,4,1,0,0.0,3,True,False,False,0.055,39.91,6.94,10.54,1.08
6c29deb7-51e6-437d-bfe4-0eb83e559881,2,5,2,1,0.5,3,True,False,False,0.347,17.22,5.74,10.96,1.23
6c29deb7-51e6-437d-bfe4-0eb83e559881,2,6,6,1,0.167,3,True,False,False,0.526,11.45,4.45,7.08,1.59
6e8a252f-fc38-4ffa-8691-3f43938a0a16,0,0,1,0,0.0,1,True,False,True,0.282,33.19,11.27,44.42,1.9
6e8a252f-fc38-4ffa-8691-3f43938a0a16,0,1,1,0,0.0,1,True,False,True,0.487,15.82,4.6,14.2,1.22
6e8a252f-fc38-4ffa-8691-3f43938a0a16,0,2,1,0,0.0,1,True,False,True,0.14,18.62,5.71,10.47,1.32
6e8a252f-fc38-4ffa-8691-3f43938a0a16,0,3,1,0,0.0,1,True,False,True,0.294,5.19,1.57,1.64,1.32
6e8a252f-fc38-4ffa-8691-3f43938a0a16,0,4,1,0,0.0,1,True,False,True,0.271,10.71,3.25,6.07,1.39
6e8a252f-fc38-4ffa-8691-3f43938a0a16,0,5,1,0,0.0,1,True,False,True,0.081,42.16,9.8,14.93,1.48
6e8a252f-fc38-4ffa-8691-3f43938a0a16,0,6,1,0,0.0,1,True,False,True,0.485,11.75,3.23,8.62,1.07
6e8a252f-fc38-4ffa-8691-3f43938a0a16,0,7,1,0,0.0,1,True,False,True,0.673,19.76,6.48,22.68,1.61
6e8a252f-fc38-4ffa-8691-3f43938a0a16,0,8,1,0,0.0,1,True,False,True,0.095,30.09,5.68,9.6,1.38
6e8a252f-fc38-4ffa-8691-3f43938a0a16,0,9,1,0,0.0,1,True,False,True,0.482,10.82,3.28,7.13,1.33
7153d532-16c1-45e8-b7c9-f5cd1ba5cc85,0,0,1,0,0.0,2,False,True,False,0.484,12.14,4.52,8.21,1.26
7153d532-16c1-45e8-b7c9-f5cd1ba5cc85,0,1,1,0,0.0,2,False,True,False,0.292,20.98,6.68,5.3,2.3
7153d532-16c1-45e8-b7c9-f5cd1ba5cc85,0,2,1,0,0.0,2,False,True,False,0.057,14.45,4.43,7.45,1.18
7153d532-16c1-45e8-b7c9-f5cd1ba5cc85,0,3,1,0,0.0,2,False,True,False,0.142,12.25,4.19,6.67,1.22
7153d532-16c1-45e8-b7c9-f5cd1ba5cc85,0,4,1,0,0.0,2,False,True,False,0.56,10.54,3.84,4.69,1.41
7153d532-16c1-45e8-b7c9-f5cd1ba5cc85,0,5,2,0,0.0,2,False,True,False,0.371,20.44,7.45,17.42,1.45
7153d532-16c1-45e8-b7c9-f5cd1ba5cc85,0,6,1,0,0.0,2,False,True,False,0.263,9.79,3.43,5.86,1.11
7153d532-16c1-45e8-b7c9-f5cd1ba5cc85,0,7,1,0,0.0,2,False,True,False,0.48,18.2,4.34,4.62,1.37
7153d532-16c1-45e8-b7c9-f5cd1ba5cc85,1,8,10,9,0.9,2,True,False,False,0.159,23.72,5.99,15.73,1.1
7153d532-16c1-45e8-b7c9-f5cd1ba5cc85,1,9,2,0,0.0,2,True,False,False,1.0,7.52,2.84,3.03,1.31
7153d532-16c1-45e8-b7c9-f5cd1ba5cc85,1,10,2,0,0.0,2,True,False,False,0.472,20.15,6.29,17.76,1.24
7153d532-16c1-45e8-b7c9-f5cd1ba5cc85,1,11,2,1,0.5,2,True,False,False,0.285,28.1,5.75,12.52,1.17
7153d532-16c1-45e8-b7c9-f5cd1ba5cc85,1,12,9,2,0.222,2,True,False,False,0.774,11.11,3.77,6.74,1.16
7153d532-16c1-45e8-b7c9-f5cd1ba5cc85,1,13,3,1,0.333,2,True,False,False,0.71,15.23,5.26,14.3,1.08
7153d532-16c1-45e8-b7c9-f5cd1ba5cc85,1,14,7,5,0.714,2,True,False,False,0.522,31.17,9.84,44.35,1.17
7153d532-16c1-45e8-b7c9-f5cd1ba5cc85,1,15,3,0,0.0,2,True,False,False,0.482,14.4,4.86,12.97,1.03
71ee522c-1e78-411f-b3ce-33d59516038f,0,0,6,3,0.5,1,True,False,True,0.422,40.18,8.13,23.88,1.12
71ee522c-1e78-411f-b3ce-33d59516038f,0,1,3,1,0.333,1,True,False,True,0.2,32.16,7.01,21.58,1.17
71ee522c-1e78-411f-b3ce-33d59516038f,0,2,7,4,0.571,1,True,False,True,0.559,19.86,4.63,10.91,1.34
71ee522c-1e78-411f-b3ce-33d59516038f,0,3,1,0,0.0,1,True,False,True,0.391,10.37,2.98,6.72,1.03
71ee522c-1e78-411f-b3ce-33d59516038f,0,4,2,0,0.0,1,True,False,True,0.23,22.72,6.5,23.55,1.07
71ee522c-1e78-411f-b3ce-33d59516038f,0,5,1,0,0.0,1,True,False,True,0.083,39.87,10.17,10.32,1.14
71ee522c-1e78-411f-b3ce-33d59516038f,0,6,3,0,0.0,1,True,False,True,0.634,26.76,8.49,43.61,1.27
71ee522c-1e78-411f-b3ce-33d59516038f,0,7,1,0,0.0,1,True,False,True,0.373,12.18,3.97,8.89,1.35
720c2f50-9586-47b5-b27c-130214cd8b5d,1,0,2,0,0.0,3,False,False,False,0.726,12.29,4.35,9.38,1.02
720c2f50-9586-47b5-b27c-130214cd8b5d,1,1,5,0,0.0,3,False,False,False,0.666,9.95,3.64,5.57,1.1
720c2f50-9586-47b5-b27c-130214cd8b5d,1,2,1,0,0.0,3,False,False,False,0.716,8.78,3.09,4.8,1.01
720c2f50-9586-47b5-b27c-130214cd8b5d,1,3,1,0,0.0,3,False,False,False,0.137,51.62,10.14,28.28,1.2
720c2f50-9586-47b5-b27c-130214cd8b5d,1,4,1,0,0.0,3,False,False,False,0.469,11.59,4.13,7.32,1.07
720c2f50-9586-47b5-b27c-130214cd8b5d,1,5,1,0,0.0,3,False,False,False,0.491,22.25,8.09,28.78,1.08
720c2f50-9586-47b5-b27c-130214cd8b5d,1,6,1,0,0.0,3,False,False,False,0.484,15.76,5.54,15.5,1.01
720c2f50-9586-47b5-b27c-130214cd8b5d,2,8,2,0,0.0,3,True,False,False,0.748,14.7,5.16,13.5,1.0
720c2f50-9586-47b5-b27c-130214cd8b5d,2,9,2,0,0.0,3,True,False,False,0.707,22.79,7.73,20.13,1.02
720c2f50-9586-47b5-b27c-130214cd8b5d,2,11,4,1,0.25,3,True,False,False,0.727,14.15,4.98,12.49,1.01
720c2f50-9586-47b5-b27c-130214cd8b5d,2,12,1,0,0.0,3,True,False,False,0.554,16.29,5.85,16.01,1.05
72122129-7ee2-4a14-a645-23d44df3d2b5,2,0,2,0,0.0,3,True,False,False,0.479,9.7,3.45,5.67,1.14
72122129-7ee2-4a14-a645-23d44df3d2b5,2,1,2,0,0.0,3,True,False,False,0.416,25.58,5.46,7.45,1.56
72122129-7ee2-4a14-a645-23d44df3d2b5,2,2,5,0,0.0,3,True,False,False,0.254,12.46,4.2,5.23,1.25
72122129-7ee2-4a14-a645-23d44df3d2b5,2,3,2,0,0.0,3,True,False,False,0.714,14.49,4.97,12.63,1.16
72122129-7ee2-4a14-a645-23d44df3d2b5,1,5,2,1,0.5,3,False,False,False,0.214,11.05,2.7,1.68,1.32
72122129-7ee2-4a14-a645-23d44df3d2b5,1,6,1,0,0.0,3,False,False,False,0.113,4.64,1.59,1.32,1.12
72122129-7ee2-4a14-a645-23d44df3d2b5,1,7,1,0,0.0,3,False,False,False,0.478,11.15,3.98,3.78,1.45
72122129-7ee2-4a14-a645-23d44df3d2b5,1,8,1,0,0.0,3,False,False,False,0.74,13.08,4.27,10.69,1.01
72122129-7ee2-4a14-a645-23d44df3d2b5,0,13,1,0,0.0,3,False,True,False,0.295,7.82,2.71,1.51,1.37
73465f84-d5f5-4b84-8509-0e818beb5ecd,1,4,1,0,0.0,2,True,False,False,0.721,13.69,4.0,11.66,1.11
73465f84-d5f5-4b84-8509-0e818beb5ecd,1,5,1,0,0.0,2,True,False,False,0.423,14.48,4.06,9.69,1.14
73465f84-d5f5-4b84-8509-0e818beb5ecd,1,6,1,0,0.0,2,True,False,False,0.492,11.43,3.49,8.04,1.21
73465f84-d5f5-4b84-8509-0e818beb5ecd,1,7,1,0,0.0,2,True,False,False,0.741,7.19,2.0,3.23,1.0
73465f84-d5f5-4b84-8509-0e818beb5ecd,1,8,6,4,0.667,2,True,False,False,0.272,44.79,11.01,14.45,2.51
73465f84-d5f5-4b84-8509-0e818beb5ecd,1,9,1,0,0.0,2,True,False,False,0.156,5.98,1.99,2.09,1.49
73465f84-d5f5-4b84-8509-0e818beb5ecd,1,10,1,0,0.0,2,True,False,False,0.463,5.35,1.9,1.56,1.77
73465f84-d5f5-4b84-8509-0e818beb5ecd,1,11,1,0,0.0,2,True,False,False,0.504,21.26,7.14,19.96,1.59
73465f84-d5f5-4b84-8509-0e818beb5ecd,1,13,1,0,0.0,2,True,False,False,0.669,23.98,7.98,29.73,1.63
73c1d779-2257-4e39-838a-5b026bca2401,0,0,1,0,0.0,1,True,False,True,0.319,17.72,6.56,17.68,1.17
73c1d779-2257-4e39-838a-5b026bca2401,0,1,1,0,0.0,1,True,False,True,0.225,13.3,4.38,9.02,1.01
73c1d779-2257-4e39-838a-5b026bca2401,0,2,1,0,0.0,1,True,False,True,0.472,7.27,2.41,2.89,1.06
73c1d779-2257-4e39-838a-5b026bca2401,0,3,1,0,0.0,1,True,False,True,0.675,24.64,8.52,34.46,1.1
73c1d779-2257-4e39-838a-5b026bca2401,0,4,1,0,0.0,1,True,False,True,0.16,21.12,7.71,25.75,1.14
73c1d779-2257-4e39-838a-5b026bca2401,0,5,1,0,0.0,1,True,False,True,0.29,14.87,5.36,13.25,1.11
73c1d779-2257-4e39-838a-5b026bca2401,0,6,1,0,0.0,1,True,False,True,0.0,157.31,23.83,11.89,1.62
73c1d779-2257-4e39-838a-5b026bca2401,0,7,1,0,0.0,1,True,False,True,0.248,11.87,4.08,8.81,1.01
73c1d779-2257-4e39-838a-5b026bca2401,0,8,1,0,0.0,1,True,False,True,0.236,11.86,4.08,8.79,1.0
73c1d779-2257-4e39-838a-5b026bca2401,0,9,1,0,0.0,1,True,False,True,0.494,16.15,5.55,16.3,1.0
73c1d779-2257-4e39-838a-5b026bca2401,0,10,1,0,0.0,1,True,False,True,0.487,15.25,5.58,13.47,1.15
73c1d779-2257-4e39-838a-5b026bca2401,0,11,3,1,0.333,1,True,False,True,0.198,9.91,3.51,6.04,1.07
73c1d779-2257-4e39-838a-5b026bca2401,0,12,1,0,0.0,1,True,False,True,0.236,11.34,3.9,8.03,1.0
777b25c6-42e6-40d3-a0a4-aaafdd23842e,1,0,2,0,0.0,2,True,False,False,0.721,13.57,4.1,11.44,1.12
777b25c6-42e6-40d3-a0a4-aaafdd23842e,1,1,2,1,0.5,2,True,False,False,0.191,16.92,4.53,9.62,1.07
777b25c6-42e6-40d3-a0a4-aaafdd23842e,1,2,8,3,0.375,2,True,False,False,0.475,19.92,6.25,9.26,1.44
777b25c6-42e6-40d3-a0a4-aaafdd23842e,1,3,4,0,0.0,2,True,False,False,0.17,20.42,5.98,2.2,2.61
777b25c6-42e6-40d3-a0a4-aaafdd23842e,0,5,1,0,0.0,2,False,True,False,0.097,13.34,3.91,4.75,1.18
777b25c6-42e6-40d3-a0a4-aaafdd23842e,0,6,1,0,0.0,2,False,True,False,0.478,10.29,3.38,6.27,1.39
7791ff1d-7641-4da1-8380-1773d30a7bcc,1,0,1,0,0.0,2,True,False,False,0.294,16.8,5.45,5.57,1.36
7791ff1d-7641-4da1-8380-1773d30a7bcc,1,1,2,0,0.0,2,True,False,False,0.857,37.86,10.76,54.22,1.02
7791ff1d-7641-4da1-8380-1773d30a7bcc,0,2,1,0,0.0,2,False,True,False,0.481,10.56,3.92,6.27,1.22
7791ff1d-7641-4da1-8380-1773d30a7bcc,0,3,1,0,0.0,2,False,True,False,0.38,11.63,3.35,2.6,1.61
7791ff1d-7641-4da1-8380-1773d30a7bcc,0,4,2,0,0.0,2,False,True,False,0.402,14.46,4.59,10.25,1.05
7791ff1d-7641-4da1-8380-1773d30a7bcc,0,5,1,0,0.0,2,False,True,False,0.487,12.37,4.31,9.31,1.08
7791ff1d-7641-4da1-8380-1773d30a7bcc,0,6,1,0,0.0,2,False,True,False,0.279,24.2,6.26,12.19,1.33
795ceae3-b6ef-42bc-bd48-9b69f06e9de6,0,0,2,0,0.0,1,True,False,True,0.478,8.94,3.22,4.79,1.06
795ceae3-b6ef-42bc-bd48-9b69f06e9de6,0,1,2,0,0.0,1,True,False,True,0.0,10.07,3.66,5.9,1.08
795ceae3-b6ef-42bc-bd48-9b69f06e9de6,0,2,1,0,0.0,1,True,False,True,0.048,75.76,12.41,17.15,1.16
795ceae3-b6ef-42bc-bd48-9b69f06e9de6,0,3,1,0,0.0,1,True,False,True,0.0,12.39,4.73,5.68,1.2
795ceae3-b6ef-42bc-bd48-9b69f06e9de6,0,4,1,0,0.0,1,True,False,True,0.205,14.21,4.89,11.1,1.07
795ceae3-b6ef-42bc-bd48-9b69f06e9de6,0,5,1,0,0.0,1,True,False,True,0.181,12.92,4.67,9.86,1.07
795ceae3-b6ef-42bc-bd48-9b69f06e9de6,0,6,1,0,0.0,1,True,False,True,0.199,9.49,3.47,5.04,1.1
795ceae3-b6ef-42bc-bd48-9b69f06e9de6,0,7,1,0,0.0,1,True,False,True,0.373,27.77,8.79,36.33,1.1
795ceae3-b6ef-42bc-bd48-9b69f06e9de6,0,8,1,0,0.0,1,True,False,True,0.439,12.81,3.33,4.19,1.17
795ceae3-b6ef-42bc-bd48-9b69f06e9de6,0,9,1,0,0.0,1,True,False,True,0.831,31.38,9.24,43.47,1.0
7cabc39b-6328-4a6e-9491-822fa6b3c3fb,0,0,2,0,0.0,1,True,False,True,0.203,10.73,3.94,6.64,1.17
7cabc39b-6328-4a6e-9491-822fa6b3c3fb,0,1,1,0,0.0,1,True,False,True,0.484,12.67,4.33,10.03,1.01
7cabc39b-6328-4a6e-9491-822fa6b3c3fb,0,2,1,0,0.0,1,True,False,True,0.16,10.67,3.8,6.39,1.12
7cabc39b-6328-4a6e-9491-822fa6b3c3fb,0,3,1,0,0.0,1,True,False,True,0.294,25.93,8.39,15.31,1.66
7cabc39b-6328-4a6e-9491-822fa6b3c3fb,0,4,1,0,0.0,1,True,False,True,0.25,13.56,4.7,11.32,1.05
7cabc39b-6328-4a6e-9491-822fa6b3c3fb,0,5,1,0,0.0,1,True,False,True,0.479,22.03,7.89,29.32,1.11
7cabc39b-6328-4a6e-9491-822fa6b3c3fb,0,6,2,0,0.0,1,True,False,True,0.213,11.76,4.1,8.58,1.05
7cabc39b-6328-4a6e-9491-822fa6b3c3fb,0,7,1,0,0.0,1,True,False,True,0.265,14.39,5.06,12.78,1.07
7cabc39b-6328-4a6e-9491-822fa6b3c3fb,0,8,2,0,0.0,1,True,False,True,0.68,11.63,4.19,8.07,1.12
7cabc39b-6328-4a6e-9491-822fa6b3c3fb,0,9,1,0,0.0,1,True,False,True,0.491,22.06,7.6,30.37,1.02
7cabc39b-6328-4a6e-9491-822fa6b3c3fb,0,10,1,0,0.0,1,True,False,True,0.066,68.48,12.57,20.94,1.0
7cabc39b-6328-4a6e-9491-822fa6b3c3fb,0,11,1,0,0.0,1,True,False,True,0.164,23.81,8.66,33.38,1.14
7dbc53a6-17e8-4806-83de-42286b95726c,1,0,8,4,0.5,4,False,False,False,0.778,36.38,12.93,81.5,1.06
7dbc53a6-17e8-4806-83de-42286b95726c,1,3,1,0,0.0,4,False,False,False,0.4,11.37,3.94,7.85,1.02
7dbc53a6-17e8-4806-83de-42286b95726c,1,5,16,11,0.688,4,False,False,False,0.579,17.9,6.42,19.06,1.08
7dbc53a6-17e8-4806-83de-42286b95726c,0,6,3,2,0.667,4,False,True,False,1.0,21.5,7.6,18.76,1.35
7dbc53a6-17e8-4806-83de-42286b95726c,2,7,7,1,0.143,4,False,False,False,0.752,23.81,8.06,33.54,1.03
7dbc53a6-17e8-4806-83de-42286b95726c,2,10,2,0,0.0,4,False,False,False,0.293,16.74,5.89,17.39,1.04
7dbc53a6-17e8-4806-83de-42286b95726c,3,11,9,5,0.556,4,True,False,False,1.0,28.01,10.96,33.11,1.32
7e42a701-1f0a-451a-8229-05f581454979,0,0,1,0,0.0,1,True,False,True,0.552,24.32,7.84,33.48,1.19
7e42a701-1f0a-451a-8229-05f581454979,0,1,1,0,0.0,1,True,False,True,0.0,11.48,3.99,7.77,1.33
7e42a701-1f0a-451a-8229-05f581454979,0,2,1,0,0.0,1,True,False,True,0.445,14.06,4.31,12.35,1.02
7e42a701-1f0a-451a-8229-05f581454979,0,3,1,0,0.0,1,True,False,True,0.001,75.68,13.61,18.13,1.55
7e42a701-1f0a-451a-8229-05f581454979,0,4,1,0,0.0,1,True,False,True,0.0,6.32,2.21,2.34,1.35
7e42a701-1f0a-451a-8229-05f581454979,0,5,1,0,0.0,1,True,False,True,0.0,7.58,2.52,3.5,1.21
7e42a701-1f0a-451a-8229-05f581454979,0,6,1,0,0.0,1,True,False,True,0.482,11.3,3.9,7.56,1.31
7e42a701-1f0a-451a-8229-05f581454979,0,7,1,0,0.0,1,True,False,True,0.215,12.96,4.11,10.44,1.09
7e42a701-1f0a-451a-8229-05f581454979,0,8,1,0,0.0,1,True,False,True,0.331,11.8,4.42,6.16,1.95
7e42a701-1f0a-451a-8229-05f581454979,0,9,1,0,0.0,1,True,False,True,0.504,18.21,5.35,14.36,1.25
7e42a701-1f0a-451a-8229-05f581454979,0,10,1,0,0.0,1,True,False,True,0.408,21.61,6.29,12.9,1.14
7e42a701-1f0a-451a-8229-05f581454979,0,11,1,0,0.0,1,True,False,True,0.759,13.66,3.37,6.33,1.15
7e42a701-1f0a-451a-8229-05f581454979,0,12,1,0,0.0,1,True,False,True,0.488,12.23,4.03,9.12,1.19
85b7d943-95c9-4937-af42-121f705ed3e0,0,0,1,0,0.0,1,True,False,True,0.138,7.5,2.47,3.21,1.77
85b7d943-95c9-4937-af42-121f705ed3e0,0,1,1,0,0.0,1,True,False,True,0.276,11.61,3.48,8.18,1.39
85b7d943-95c9-4937-af42-121f705ed3e0,0,2,1,0,0.0,1,True,False,True,0.446,10.78,2.67,6.05,1.06
85b7d943-95c9-4937-af42-121f705ed3e0,0,3,1,0,0.0,1,True,False,True,0.184,6.58,1.92,2.65,1.31
85b7d943-95c9-4937-af42-121f705ed3e0,0,4,1,0,0.0,1,True,False,True,0.485,12.91,3.44,10.41,1.06
85b7d943-95c9-4937-af42-121f705ed3e0,0,5,1,0,0.0,1,True,False,True,0.184,11.24,3.44,7.58,1.45
85b7d943-95c9-4937-af42-121f705ed3e0,0,6,1,0,0.0,1,True,False,True,0.0,60.69,7.7,10.2,1.05
85b7d943-95c9-4937-af42-121f705ed3e0,0,7,1,0,0.0,1,True,False,True,0.519,27.04,7.45,32.07,1.32
85b7d943-95c9-4937-af42-121f705ed3e0,0,8,1,0,0.0,1,True,False,True,0.696,12.04,3.56,8.73,1.34
873952bc-1159-43dd-b4bd-6535a55c57cf,1,0,5,0,0.0,2,True,False,False,0.66,18.54,5.68,16.42,1.03
873952bc-1159-43dd-b4bd-6535a55c57cf,1,1,5,0,0.0,2,True,False,False,0.591,15.96,5.65,11.23,1.32
873952bc-1159-43dd-b4bd-6535a55c57cf,1,2,3,1,0.333,2,True,False,False,0.418,11.91,3.82,6.76,1.11
873952bc-1159-43dd-b4bd-6535a55c57cf,0,4,1,0,0.0,2,False,True,False,0.256,17.96,6.35,17.08,1.03
873952bc-1159-43dd-b4bd-6535a55c57cf,0,6,6,3,0.5,2,False,True,False,0.845,10.99,3.87,5.87,1.06
893d4535-3169-4907-a93a-b3ab8f66ec1c,0,1,1,0,0.0,1,True,False,True,0.299,10.1,3.15,5.6,1.16
893d4535-3169-4907-a93a-b3ab8f66ec1c,0,2,1,0,0.0,1,True,False,True,0.507,12.41,4.01,10.03,1.12
893d4535-3169-4907-a93a-b3ab8f66ec1c,0,3,1,0,0.0,1,True,False,True,0.253,11.85,3.73,8.71,1.1
893d4535-3169-4907-a93a-b3ab8f66ec1c,0,4,25,2,0.08,1,True,False,True,0.466,32.0,10.14,47.06,1.23
893d4535-3169-4907-a93a-b3ab8f66ec1c,0,5,1,0,0.0,1,True,False,True,0.504,12.76,3.95,10.58,1.04
893d4535-3169-4907-a93a-b3ab8f66ec1c,0,6,1,0,0.0,1,True,False,True,0.48,9.98,3.39,5.95,1.3
893d4535-3169-4907-a93a-b3ab8f66ec1c,0,7,1,0,0.0,1,True,False,True,0.511,13.28,4.5,11.33,1.25
893d4535-3169-4907-a93a-b3ab8f66ec1c,0,8,1,0,0.0,1,True,False,True,0.037,46.09,9.28,15.35,1.25
893d4535-3169-4907-a93a-b3ab8f66ec1c,0,9,1,0,0.0,1,True,False,True,0.171,10.01,3.36,5.95,1.24
893d4535-3169-4907-a93a-b3ab8f66ec1c,0,10,1,0,0.0,1,True,False,True,0.013,28.05,7.04,3.98,1.31
893d4535-3169-4907-a93a-b3ab8f66ec1c,0,11,2,0,0.0,1,True,False,True,0.191,9.21,3.07,5.36,1.21
8ab161a4-c958-49c9-8ca8-7a997292d52f,0,1,1,0,0.0,1,True,False,True,0.167,6.8,2.44,2.76,1.03
8ab161a4-c958-49c9-8ca8-7a997292d52f,0,2,2,0,0.0,1,True,False,True,0.252,55.11,9.41,25.14,1.26
8ab161a4-c958-49c9-8ca8-7a997292d52f,0,3,2,0,0.0,1,True,False,True,0.487,14.25,5.04,12.67,1.01
8ab161a4-c958-49c9-8ca8-7a997292d52f,0,4,1,0,0.0,1,True,False,True,0.481,10.59,3.79,6.67,1.03
8ab161a4-c958-49c9-8ca8-7a997292d52f,0,5,1,0,0.0,1,True,False,True,0.177,10.54,3.78,6.62,1.03
8b723372-749f-4992-a044-d62bb99b84cc,0,0,1,0,0.0,2,False,True,False,0.329,17.38,6.0,8.67,2.22
8b723372-749f-4992-a044-d62bb99b84cc,0,3,1,0,0.0,2,False,True,False,0.483,11.7,3.18,8.48,1.18
8b723372-749f-4992-a044-d62bb99b84cc,0,4,2,1,0.5,2,False,True,False,0.018,9.9,2.8,6.03,1.29
8b723372-749f-4992-a044-d62bb99b84cc,0,5,1,0,0.0,2,False,True,False,0.584,9.72,2.37,4.67,1.05
8b723372-749f-4992-a044-d62bb99b84cc,1,6,2,1,0.5,2,True,False,False,0.283,23.12,4.57,10.51,1.19
8b723372-749f-4992-a044-d62bb99b84cc,1,7,4,1,0.25,2,True,False,False,0.479,9.69,3.16,5.34,1.85
8b723372-749f-4992-a044-d62bb99b84cc,1,8,12,2,0.167,2,True,False,False,0.733,19.88,5.37,21.01,1.17
8e7e69b2-e1db-4482-8f21-93be6904a5f1,0,1,6,4,0.667,2,False,True,False,1.0,22.48,6.7,31.28,1.17
8e7e69b2-e1db-4482-8f21-93be6904a5f1,1,2,1,0,0.0,2,True,False,False,0.468,50.5,13.04,48.32,1.53
8e7e69b2-e1db-4482-8f21-93be6904a5f1,1,3,1,0,0.0,2,True,False,False,0.546,9.12,2.52,5.2,1.06
8e7e69b2-e1db-4482-8f21-93be6904a5f1,1,4,1,0,0.0,2,True,False,False,0.173,5.76,1.77,2.02,1.34
8e7e69b2-e1db-4482-8f21-93be6904a5f1,1,5,1,0,0.0,2,True,False,False,0.526,16.04,5.56,14.23,1.82
8e7e69b2-e1db-4482-8f21-93be6904a5f1,1,6,1,0,0.0,2,True,False,False,0.088,17.16,4.51,11.81,1.03
8e7e69b2-e1db-4482-8f21-93be6904a5f1,1,7,2,0,0.0,2,True,False,False,0.523,14.11,3.8,12.45,1.0
8e7e69b2-e1db-4482-8f21-93be6904a5f1,1,8,1,0,0.0,2,True,False,False,0.482,11.03,3.39,7.39,1.33
8e7e69b2-e1db-4482-8f21-93be6904a5f1,1,9,1,0,0.0,2,True,False,False,0.173,30.27,5.21,5.7,1.46
8fc0de5f-99be-4295-b529-d389a4670a8f,0,0,1,0,0.0,1,True,False,True,0.727,12.37,3.47,9.45,1.22
8fc0de5f-99be-4295-b529-d389a4670a8f,0,1,1,0,0.0,1,True,False,True,0.547,22.52,7.01,28.37,1.58
8fc0de5f-99be-4295-b529-d389a4670a8f,0,2,1,0,0.0,1,True,False,True,0.448,11.5,3.47,7.96,1.45
8fc0de5f-99be-4295-b529-d389a4670a8f,0,3,1,0,0.0,1,True,False,True,0.494,11.42,3.5,7.79,1.5
8fc0de5f-99be-4295-b529-d389a4670a8f,0,4,1,0,0.0,1,True,False,True,0.027,45.23,8.57,10.78,1.68
8fc0de5f-99be-4295-b529-d389a4670a8f,0,5,1,0,0.0,1,True,False,True,0.208,11.92,3.33,8.8,1.21
8fc0de5f-99be-4295-b529-d389a4670a8f,0,6,1,0,0.0,1,True,False,True,0.196,8.13,2.31,4.07,1.26
8fc0de5f-99be-4295-b529-d389a4670a8f,0,7,1,0,0.0,1,True,False,True,0.474,11.12,3.4,7.5,1.44
90683bb0-28ca-42a8-82b8-09d82cd434d5,0,1,1,0,0.0,3,False,True,False,0.482,11.09,4.11,6.75,1.45
90683bb0-28ca-42a8-82b8-09d82cd434d5,0,2,1,0,0.0,3,False,True,False,0.766,24.69,7.93,29.47,1.14
90683bb0-28ca-42a8-82b8-09d82cd434d5,2,3,17,8,0.471,3,True,False,False,0.818,21.95,6.51,25.47,1.04
90683bb0-28ca-42a8-82b8-09d82cd434d5,2,4,1,0,0.0,3,True,False,False,0.473,7.45,2.58,3.34,1.22
91f66e67-37e3-4cc9-9815-a4ce71c56a0a,0,0,1,0,0.0,1,True,False,True,0.261,11.69,3.64,2.43,1.22
91f66e67-37e3-4cc9-9815-a4ce71c56a0a,0,1,1,0,0.0,1,True,False,True,0.127,19.65,6.51,5.81,1.55
91f66e67-37e3-4cc9-9815-a4ce71c56a0a,0,2,1,0,0.0,1,True,False,True,0.233,14.44,4.45,13.02,1.02
91f66e67-37e3-4cc9-9815-a4ce71c56a0a,0,4,1,0,0.0,1,True,False,True,0.185,27.91,9.34,38.53,1.28
91f66e67-37e3-4cc9-9815-a4ce71c56a0a,0,5,1,0,0.0,1,True,False,True,0.0,11.87,4.19,8.2,1.36
91f66e67-37e3-4cc9-9815-a4ce71c56a0a,0,6,1,0,0.0,1,True,False,True,0.147,48.96,14.97,28.7,1.77
91f66e67-37e3-4cc9-9815-a4ce71c56a0a,0,7,1,0,0.0,1,True,False,True,0.484,12.13,4.18,8.75,1.3
91f66e67-37e3-4cc9-9815-a4ce71c56a0a,0,8,2,0,0.0,1,True,False,True,0.0,9.65,2.97,5.82,1.02
938d6ed6-d916-462b-ba37-f421feb2af21,0,0,2,0,0.0,3,False,True,False,0.608,23.6,7.94,25.31,1.23
938d6ed6-d916-462b-ba37-f421feb2af21,0,1,1,0,0.0,3,False,True,False,0.256,10.33,3.79,6.89,1.15
938d6ed6-d916-462b-ba37-f421feb2af21,0,2,1,0,0.0,3,False,True,False,0.543,23.38,6.07,11.02,1.33
938d6ed6-d916-462b-ba37-f421feb2af21,0,3,1,0,0.0,3,False,True,False,0.352,11.85,3.84,7.37,1.07
938d6ed6-d916-462b-ba37-f421feb2af21,0,4,5,3,0.6,3,False,True,False,0.414,12.35,4.37,7.55,1.25
938d6ed6-d916-462b-ba37-f421feb2af21,0,5,1,0,0.0,3,False,True,False,0.479,9.43,3.34,4.84,1.01
938d6ed6-d916-462b-ba37-f421feb2af21,0,6,1,0,0.0,3,False,True,False,0.0,4.08,1.44,1.0,1.0
938d6ed6-d916-462b-ba37-f421feb2af21,0,7,1,0,0.0,3,False,True,False,0.509,25.24,8.51,29.75,1.23
938d6ed6-d916-462b-ba37-f421feb2af21,0,8,1,0,0.0,3,False,True,False,0.009,31.55,9.02,9.94,1.63
938d6ed6-d916-462b-ba37-f421feb2af21,0,9,1,0,0.0,3,False,True,False,0.013,7.05,2.5,2.8,1.0
938d6ed6-d916-462b-ba37-f421feb2af21,0,10,1,0,0.0,3,False,True,False,0.672,17.7,5.23,13.12,1.05
938d6ed6-d916-462b-ba37-f421feb2af21,0,11,1,0,0.0,3,False,True,False,0.532,15.32,5.04,11.35,1.02
938d6ed6-d916-462b-ba37-f421feb2af21,0,12,1,0,0.0,3,False,True,False,0.143,12.57,4.45,8.35,1.02
938d6ed6-d916-462b-ba37-f421feb2af21,2,13,1,0,0.0,3,True,False,False,0.264,13.21,4.67,9.87,1.13
938d6ed6-d916-462b-ba37-f421feb2af21,2,14,1,0,0.0,3,True,False,False,0.225,24.4,6.5,9.12,1.02
938d6ed6-d916-462b-ba37-f421feb2af21,2,15,1,0,0.0,3,True,False,False,0.512,42.2,11.85,50.1,1.08
938d6ed6-d916-462b-ba37-f421feb2af21,2,16,1,0,0.0,3,True,False,False,0.483,15.14,5.35,13.95,1.01
938d6ed6-d916-462b-ba37-f421feb2af21,2,17,1,0,0.0,3,True,False,False,0.439,12.17,4.3,8.38,1.12
938d6ed6-d916-462b-ba37-f421feb2af21,2,18,1,0,0.0,3,True,False,False,0.474,6.65,2.35,2.77,1.0
938d6ed6-d916-462b-ba37-f421feb2af21,1,19,1,0,0.0,3,False,False,False,1.0,31.23,11.04,59.73,1.0
938d6ed6-d916-462b-ba37-f421feb2af21,2,20,1,0,0.0,3,True,False,False,0.576,33.68,10.33,42.18,1.11
938d6ed6-d916-462b-ba37-f421feb2af21,2,21,1,0,0.0,3,True,False,False,0.365,11.81,4.18,7.15,1.0
940c5969-1037-4f02-810b-6d4c89b0582b,0,0,1,0,0.0,1,True,False,True,0.644,19.03,7.0,20.77,1.2
940c5969-1037-4f02-810b-6d4c89b0582b,0,1,1,0,0.0,1,True,False,True,0.305,54.35,9.3,23.46,1.01
940c5969-1037-4f02-810b-6d4c89b0582b,0,2,1,0,0.0,1,True,False,True,0.424,30.24,9.56,37.06,1.14
940c5969-1037-4f02-810b-6d4c89b0582b,0,3,1,0,0.0,1,True,False,True,0.23,25.14,7.83,20.77,1.07
940c5969-1037-4f02-810b-6d4c89b0582b,0,4,1,0,0.0,1,True,False,True,0.307,39.7,7.36,9.98,1.11
940c5969-1037-4f02-810b-6d4c89b0582b,0,5,1,0,0.0,1,True,False,True,0.701,13.69,4.61,11.72,1.0
9419424d-2dd9-4dd2-a9d9-e029e32c1f28,0,0,1,0,0.0,1,True,False,True,0.783,13.8,4.97,11.47,1.06
9419424d-2dd9-4dd2-a9d9-e029e32c1f28,0,1,4,0,0.0,1,True,False,True,0.028,44.49,7.73,6.24,1.02
9419424d-2dd9-4dd2-a9d9-e029e32c1f28,0,2,1,0,0.0,1,True,False,True,0.0,11.44,3.4,3.46,1.15
9419424d-2dd9-4dd2-a9d9-e029e32c1f28,0,3,1,0,0.0,1,True,False,True,0.336,19.21,7.03,21.01,1.1
9419424d-2dd9-4dd2-a9d9-e029e32c1f28,0,4,3,0,0.0,1,True,False,True,0.464,12.98,4.54,10.18,1.06
9419424d-2dd9-4dd2-a9d9-e029e32c1f28,0,5,3,0,0.0,1,True,False,True,0.258,14.41,5.1,11.95,1.13
9419424d-2dd9-4dd2-a9d9-e029e32c1f28,0,7,1,0,0.0,1,True,False,True,0.34,17.38,4.28,9.06,1.03
9419424d-2dd9-4dd2-a9d9-e029e32c1f28,0,8,1,0,0.0,1,True,False,True,0.559,10.73,3.85,6.62,1.08
9419424d-2dd9-4dd2-a9d9-e029e32c1f28,0,9,4,1,0.25,1,True,False,True,0.479,6.9,2.15,1.64,1.11
945b16b9-0ebf-409e-af08-aab7672801d2,0,0,1,0,0.0,1,True,False,True,0.593,10.92,3.82,7.37,1.06
945b16b9-0ebf-409e-af08-aab7672801d2,0,1,1,0,0.0,1,True,False,True,0.067,42.0,9.02,16.0,1.01
945b16b9-0ebf-409e-af08-aab7672801d2,0,2,1,0,0.0,1,True,False,True,0.517,25.13,8.41,32.23,1.12
945b16b9-0ebf-409e-af08-aab7672801d2,0,3,1,0,0.0,1,True,False,True,0.113,14.31,5.02,9.27,1.31
945b16b9-0ebf-409e-af08-aab7672801d2,0,4,1,0,0.0,1,True,False,True,0.0,8.28,2.95,4.17,1.1
945b16b9-0ebf-409e-af08-aab7672801d2,0,5,1,0,0.0,1,True,False,True,0.654,14.43,4.88,11.52,1.06
945b16b9-0ebf-409e-af08-aab7672801d2,0,6,1,0,0.0,1,True,False,True,0.289,12.09,4.36,7.98,1.23
945b16b9-0ebf-409e-af08-aab7672801d2,0,7,5,0,0.0,1,True,False,True,0.692,12.14,4.37,8.13,1.29
964a40ac-d9df-44e1-b64b-84e02b909004,0,0,2,1,0.5,1,True,False,True,0.748,9.31,3.05,4.97,1.75
964a40ac-d9df-44e1-b64b-84e02b909004,0,1,1,0,0.0,1,True,False,True,0.293,13.31,3.83,9.13,1.3
964a40ac-d9df-44e1-b64b-84e02b909004,0,2,1,0,0.0,1,True,False,True,0.034,41.34,7.47,10.51,1.25
964a40ac-d9df-44e1-b64b-84e02b909004,0,3,1,0,0.0,1,True,False,True,0.483,11.49,3.13,7.3,1.13
964a40ac-d9df-44e1-b64b-84e02b909004,0,4,1,0,0.0,1,True,False,True,0.438,10.75,3.36,6.85,1.54
964a40ac-d9df-44e1-b64b-84e02b909004,0,5,1,0,0.0,1,True,False,True,0.183,7.17,2.13,3.12,1.37
964a40ac-d9df-44e1-b64b-84e02b909004,0,6,1,0,0.0,1,True,False,True,0.72,12.25,3.43,9.3,1.19
964a40ac-d9df-44e1-b64b-84e02b909004,0,7,3,1,0.333,1,True,False,True,0.239,22.74,5.89,24.53,1.03
964a40ac-d9df-44e1-b64b-84e02b909004,0,8,1,0,0.0,1,True,False,True,0.489,21.11,5.82,12.11,1.63
97571caa-1065-4ac5-a385-2ec9758026dd,0,0,1,0,0.0,1,True,False,True,0.428,12.04,4.22,6.61,1.44
97571caa-1065-4ac5-a385-2ec9758026dd,0,1,2,0,0.0,1,True,False,True,0.205,27.58,7.46,8.54,1.47
97571caa-1065-4ac5-a385-2ec9758026dd,0,2,10,1,0.1,1,True,False,True,0.3,34.72,10.18,35.19,1.2
97571caa-1065-4ac5-a385-2ec9758026dd,0,3,1,0,0.0,1,True,False,True,0.194,8.32,2.89,4.29,1.06
97571caa-1065-4ac5-a385-2ec9758026dd,0,4,10,0,0.0,1,True,False,True,0.597,15.68,5.23,12.16,1.15
97571caa-1065-4ac5-a385-2ec9758026dd,0,5,1,0,0.0,1,True,False,True,0.29,6.48,2.38,2.41,1.2
97571caa-1065-4ac5-a385-2ec9758026dd,0,6,1,0,0.0,1,True,False,True,0.0,16.95,4.38,4.56,1.14
97571caa-1065-4ac5-a385-2ec9758026dd,0,7,1,0,0.0,1,True,False,True,0.585,14.32,5.42,10.87,1.28
97571caa-1065-4ac5-a385-2ec9758026dd,0,8,1,0,0.0,1,True,False,True,0.552,20.32,5.37,10.59,1.19
97571caa-1065-4ac5-a385-2ec9758026dd,0,9,1,0,0.0,1,True,False,True,0.716,13.9,4.72,10.84,1.09
97571caa-1065-4ac5-a385-2ec9758026dd,0,10,4,3,0.75,1,True,False,True,0.717,25.6,8.53,39.03,1.01
9829323a-4939-45bf-ae66-b950b18ddf52,0,0,1,0,0.0,1,True,False,True,0.507,24.85,8.87,28.22,1.33
9829323a-4939-45bf-ae66-b950b18ddf52,0,1,1,0,0.0,1,True,False,True,0.602,19.67,4.5,9.67,1.11
9829323a-4939-45bf-ae66-b950b18ddf52,0,2,1,0,0.0,1,True,False,True,0.235,22.79,5.89,15.95,1.2
9829323a-4939-45bf-ae66-b950b18ddf52,0,3,1,0,0.0,1,True,False,True,0.697,8.39,2.99,4.24,1.14
9829323a-4939-45bf-ae66-b950b18ddf52,0,4,1,0,0.0,1,True,False,True,0.76,6.05,2.17,2.21,1.15
98472f6b-45bc-4814-a4b8-914f8f6976dd,0,0,1,0,0.0,1,True,False,True,0.752,13.87,4.41,11.97,1.08
98472f6b-45bc-4814-a4b8-914f8f6976dd,0,1,5,0,0.0,1,True,False,True,0.724,12.6,4.27,8.15,1.35
98472f6b-45bc-4814-a4b8-914f8f6976dd,0,2,7,1,0.143,1,True,False,True,0.406,27.2,7.39,9.26,1.62
98472f6b-45bc-4814-a4b8-914f8f6976dd,0,3,2,0,0.0,1,True,False,True,0.456,23.16,7.19,28.22,1.13
98472f6b-45bc-4814-a4b8-914f8f6976dd,0,4,4,0,0.0,1,True,False,True,0.488,13.53,4.04,8.27,1.23
98472f6b-45bc-4814-a4b8-914f8f6976dd,0,5,1,0,0.0,1,True,False,True,0.346,6.9,2.35,1.85,1.49
98472f6b-45bc-4814-a4b8-914f8f6976dd,0,6,5,0,0.0,1,True,False,True,0.493,10.9,3.87,6.52,1.46
992198d7-4dfe-4ecd-9fa0-b66fa6cac3fd,0,0,1,0,0.0,1,True,False,True,0.669,13.46,3.81,11.32,1.0
992198d7-4dfe-4ecd-9fa0-b66fa6cac3fd,0,1,1,0,0.0,1,True,False,True,0.139,25.43,5.94,12.68,1.46
992198d7-4dfe-4ecd-9fa0-b66fa6cac3fd,0,2,1,0,0.0,1,True,False,True,0.593,12.11,3.51,7.62,1.12
992198d7-4dfe-4ecd-9fa0-b66fa6cac3fd,0,3,2,0,0.0,1,True,False,True,0.181,10.76,3.23,4.59,1.26
992198d7-4dfe-4ecd-9fa0-b66fa6cac3fd,0,4,9,3,0.333,1,True,False,True,0.665,40.01,12.73,56.18,1.57
992198d7-4dfe-4ecd-9fa0-b66fa6cac3fd,0,5,2,0,0.0,1,True,False,True,0.255,23.65,7.15,13.93,2.17
992198d7-4dfe-4ecd-9fa0-b66fa6cac3fd,0,6,1,0,0.0,1,True,False,True,0.546,8.9,2.85,4.53,1.36
992198d7-4dfe-4ecd-9fa0-b66fa6cac3fd,0,7,2,0,0.0,1,True,False,True,0.444,20.98,7.53,19.61,1.87
9bb4ada4-60fb-4ab0-8e05-de49acc92623,0,0,1,0,0.0,1,True,False,True,0.456,15.41,5.26,13.73,1.12
9bb4ada4-60fb-4ab0-8e05-de49acc92623,0,1,2,0,0.0,1,True,False,True,0.268,8.93,3.17,3.9,1.32
9bb4ada4-60fb-4ab0-8e05-de49acc92623,0,2,1,0,0.0,1,True,False,True,0.19,44.11,7.22,10.1,1.03
9bb4ada4-60fb-4ab0-8e05-de49acc92623,0,3,2,0,0.0,1,True,False,True,0.671,13.15,4.79,10.12,1.17
9bb4ada4-60fb-4ab0-8e05-de49acc92623,0,5,1,0,0.0,1,True,False,True,0.087,17.22,5.53,11.31,1.07
9bb4ada4-60fb-4ab0-8e05-de49acc92623,0,6,1,0,0.0,1,True,False,True,0.632,25.59,8.43,34.79,1.05
9bb4ada4-60fb-4ab0-8e05-de49acc92623,0,7,2,0,0.0,1,True,False,True,0.232,26.49,8.8,28.42,1.33
9bc73438-328e-440e-a4be-25efa61d3b7c,0,2,1,0,0.0,2,False,True,False,0.501,7.55,2.04,3.56,1.01
9bc73438-328e-440e-a4be-25efa61d3b7c,0,3,1,0,0.0,2,False,True,False,0.007,7.67,2.28,3.62,1.23
9bc73438-328e-440e-a4be-25efa61d3b7c,0,4,3,0,0.0,2,False,True,False,0.105,13.61,4.7,8.15,2.01
9bc73438-328e-440e-a4be-25efa61d3b7c,0,6,1,0,0.0,2,False,True,False,0.195,29.56,8.3,37.97,1.14
9bc73438-328e-440e-a4be-25efa61d3b7c,0,7,1,0,0.0,2,False,True,False,0.204,12.68,3.74,9.1,1.3
9bc73438-328e-440e-a4be-25efa61d3b7c,0,8,1,0,0.0,2,False,True,False,0.234,7.14,2.0,3.18,1.08
9bdc330e-6144-499b-9c70-3fc6f0c4ebf3,1,0,1,0,0.0,2,True,False,False,0.495,11.9,3.99,7.84,1.42
9bdc330e-6144-499b-9c70-3fc6f0c4ebf3,1,1,1,0,0.0,2,True,False,False,0.0,5.71,1.89,1.96,1.32
9bdc330e-6144-499b-9c70-3fc6f0c4ebf3,1,2,1,0,0.0,2,True,False,False,0.537,17.07,4.67,13.14,1.13
9bdc330e-6144-499b-9c70-3fc6f0c4ebf3,1,3,1,0,0.0,2,True,False,False,0.187,14.67,4.77,11.82,1.35
9bdc330e-6144-499b-9c70-3fc6f0c4ebf3,1,4,1,0,0.0,2,True,False,False,0.667,23.15,8.12,30.47,1.53
9bdc330e-6144-499b-9c70-3fc6f0c4ebf3,1,5,1,0,0.0,2,True,False,False,0.669,23.02,8.14,29.87,1.56
9bdc330e-6144-499b-9c70-3fc6f0c4ebf3,1,6,1,0,0.0,2,True,False,False,0.741,5.8,1.71,2.11,1.03
9bdc330e-6144-499b-9c70-3fc6f0c4ebf3,1,7,1,0,0.0,2,True,False,False,0.757,15.17,4.62,14.35,1.1
9bdc330e-6144-499b-9c70-3fc6f0c4ebf3,1,8,1,0,0.0,2,True,False,False,1.0,12.45,4.22,9.13,1.4
9bdc330e-6144-499b-9c70-3fc6f0c4ebf3,1,9,1,0,0.0,2,True,False,False,0.693,7.37,2.46,3.24,1.35
9bdc330e-6144-499b-9c70-3fc6f0c4ebf3,1,10,1,0,0.0,2,True,False,False,0.197,25.85,7.86,11.84,1.88
9bdc330e-6144-499b-9c70-3fc6f0c4ebf3,1,11,1,0,0.0,2,True,False,False,0.088,18.99,4.38,5.21,1.3
9bdc330e-6144-499b-9c70-3fc6f0c4ebf3,0,13,1,0,0.0,2,False,True,False,0.496,21.36,7.62,25.35,1.61
9c07bf97-56cd-4d82-a99d-00809d1d8537,0,0,1,0,0.0,1,True,False,True,0.647,27.57,9.45,41.05,1.34
9c07bf97-56cd-4d82-a99d-00809d1d8537,0,1,1,0,0.0,1,True,False,True,0.059,19.29,5.85,12.37,1.18
9c07bf97-56cd-4d82-a99d-00809d1d8537,0,2,1,0,0.0,1,True,False,True,0.286,13.4,4.35,11.21,1.03
9c07bf97-56cd-4d82-a99d-00809d1d8537,0,3,1,0,0.0,1,True,False,True,0.387,11.87,3.22,2.39,1.71
9c07bf97-56cd-4d82-a99d-00809d1d8537,0,4,1,0,0.0,1,True,False,True,0.273,16.54,5.61,16.8,1.13
9c07bf97-56cd-4d82-a99d-00809d1d8537,0,5,1,0,0.0,1,True,False,True,0.411,13.16,4.39,8.26,1.38
9c07bf97-56cd-4d82-a99d-00809d1d8537,0,6,1,0,0.0,1,True,False,True,0.22,8.94,2.9,4.99,1.03
9c07bf97-56cd-4d82-a99d-00809d1d8537,0,7,1,0,0.0,1,True,False,True,0.29,12.12,4.2,8.88,1.19
9c07bf97-56cd-4d82-a99d-00809d1d8537,0,8,1,0,0.0,1,True,False,True,0.114,71.47,11.15,9.28,1.15
9c07bf97-56cd-4d82-a99d-00809d1d8537,0,9,1,0,0.0,1,True,False,True,0.305,13.37,4.52,11.0,1.13
9c07bf97-56cd-4d82-a99d-00809d1d8537,0,10,1,0,0.0,1,True,False,True,0.662,20.14,5.06,12.99,1.05
9c42b8bc-b55c-427b-b695-9d073c5f8a75,1,9,5,2,0.4,2,True,False,False,0.785,23.38,7.64,24.97,1.11
9c42b8bc-b55c-427b-b695-9d073c5f8a75,1,10,7,3,0.429,2,True,False,False,0.332,29.62,8.84,34.48,1.13
9c42b8bc-b55c-427b-b695-9d073c5f8a75,1,11,3,1,0.333,2,True,False,False,0.333,20.76,6.38,12.23,1.05
9c42b8bc-b55c-427b-b695-9d073c5f8a75,1,12,2,1,0.5,2,True,False,False,0.517,18.67,6.64,17.79,1.16
9c42b8bc-b55c-427b-b695-9d073c5f8a75,1,13,2,1,0.5,2,True,False,False,0.487,18.81,6.57,18.24,1.09
9c80d7ae-2804-4b2f-83bb-544927398846,0,0,1,0,0.0,2,False,True,False,0.443,17.52,5.67,13.25,1.1
9c80d7ae-2804-4b2f-83bb-544927398846,0,1,1,0,0.0,2,False,True,False,0.162,13.47,3.08,4.58,1.11
9c80d7ae-2804-4b2f-83bb-544927398846,0,2,1,0,0.0,2,False,True,False,0.441,24.93,8.99,37.02,1.14
9c80d7ae-2804-4b2f-83bb-544927398846,0,3,1,0,0.0,2,False,True,False,0.535,19.87,7.32,21.23,1.3
9c80d7ae-2804-4b2f-83bb-544927398846,0,4,1,0,0.0,2,False,True,False,0.42,37.46,11.08,34.9,1.29
9c80d7ae-2804-4b2f-83bb-544927398846,0,7,1,0,0.0,2,False,True,False,0.182,15.73,5.75,9.75,1.62
9c80d7ae-2804-4b2f-83bb-544927398846,0,8,1,0,0.0,2,False,True,False,0.256,7.05,2.42,3.01,1.07
9c80d7ae-2804-4b2f-83bb-544927398846,0,9,1,0,0.0,2,False,True,False,0.257,15.35,5.29,13.59,1.09
9c80d7ae-2804-4b2f-83bb-544927398846,0,11,1,0,0.0,2,False,True,False,0.129,32.97,9.95,22.3,1.58
9c80d7ae-2804-4b2f-83bb-544927398846,0,12,1,0,0.0,2,False,True,False,0.62,21.72,8.39,22.93,1.33
9c80d7ae-2804-4b2f-83bb-544927398846,0,13,1,0,0.0,2,False,True,False,0.053,8.55,2.81,3.0,1.28
9c80d7ae-2804-4b2f-83bb-544927398846,0,14,1,0,0.0,2,False,True,False,0.326,18.28,6.79,18.48,1.22
9c80d7ae-2804-4b2f-83bb-544927398846,1,15,1,0,0.0,2,True,False,False,0.461,17.87,6.22,13.96,1.34
9c80d7ae-2804-4b2f-83bb-544927398846,1,16,1,0,0.0,2,True,False,False,0.332,13.68,3.29,5.58,1.03
9dce7b8f-036f-42bb-9645-a1b5cc17fbd1,0,0,1,0,0.0,1,True,False,True,0.639,13.22,3.78,10.9,1.09
9dce7b8f-036f-42bb-9645-a1b5cc17fbd1,0,1,1,0,0.0,1,True,False,True,0.649,11.73,3.5,8.5,1.2
9dce7b8f-036f-42bb-9645-a1b5cc17fbd1,0,2,1,0,0.0,1,True,False,True,0.194,10.73,3.31,7.02,1.29
9dce7b8f-036f-42bb-9645-a1b5cc17fbd1,0,3,1,0,0.0,1,True,False,True,0.072,12.12,4.07,7.67,1.63
9dce7b8f-036f-42bb-9645-a1b5cc17fbd1,0,4,1,0,0.0,1,True,False,True,0.276,10.72,3.36,6.96,1.34
9dce7b8f-036f-42bb-9645-a1b5cc17fbd1,0,5,1,0,0.0,1,True,False,True,0.102,63.34,13.22,36.95,1.55
9dce7b8f-036f-42bb-9645-a1b5cc17fbd1,0,6,1,0,0.0,1,True,False,True,0.399,18.95,6.42,15.39,1.67
9dce7b8f-036f-42bb-9645-a1b5cc17fbd1,0,7,1,0,0.0,1,True,False,True,0.483,10.98,3.14,7.51,1.1
9dce7b8f-036f-42bb-9645-a1b5cc17fbd1,0,8,7,2,0.286,1,True,False,True,0.612,17.43,6.07,16.6,1.77
a085ad69-b4d4-4296-bc5e-731a0cceec5e,0,0,1,0,0.0,1,True,False,True,0.481,10.44,3.04,6.78,1.1
a085ad69-b4d4-4296-bc5e-731a0cceec5e,0,1,1,0,0.0,1,True,False,True,0.194,22.0,6.22,11.04,1.36
a085ad69-b4d4-4296-bc5e-731a0cceec5e,0,2,1,0,0.0,1,True,False,True,0.098,19.15,6.26,13.0,1.57
a085ad69-b4d4-4296-bc5e-731a0cceec5e,0,3,1,0,0.0,1,True,False,True,0.003,51.24,9.02,12.39,1.14
a085ad69-b4d4-4296-bc5e-731a0cceec5e,0,4,1,0,0.0,1,True,False,True,0.162,8.83,2.96,4.53,1.52
a085ad69-b4d4-4296-bc5e-731a0cceec5e,0,5,1,0,0.0,1,True,False,True,0.485,12.68,4.26,9.33,1.53
a085ad69-b4d4-4296-bc5e-731a0cceec5e,0,6,1,0,0.0,1,True,False,True,0.283,13.98,3.98,12.2,1.05
a085ad69-b4d4-4296-bc5e-731a0cceec5e,0,7,1,0,0.0,1,True,False,True,0.018,12.31,3.71,8.26,1.32
a085ad69-b4d4-4296-bc5e-731a0cceec5e,0,8,1,0,0.0,1,True,False,True,0.272,6.1,1.9,2.28,1.27
a085ad69-b4d4-4296-bc5e-731a0cceec5e,0,9,1,0,0.0,1,True,False,True,0.504,28.29,9.59,41.91,1.71
a085ad69-b4d4-4296-bc5e-731a0cceec5e,0,10,1,0,0.0,1,True,False,True,0.491,23.2,8.26,29.35,1.78
a1ac389f-7406-4ddf-a270-d9a5e72dbf51,2,2,12,5,0.417,3,True,False,False,0.752,16.75,5.97,13.25,1.86
a1ac389f-7406-4ddf-a270-d9a5e72dbf51,2,3,1,0,0.0,3,True,False,False,0.21,8.25,2.29,3.01,1.05
a1ac389f-7406-4ddf-a270-d9a5e72dbf51,1,4,1,0,0.0,3,False,False,False,0.522,13.63,4.13,11.45,1.21
a1ac389f-7406-4ddf-a270-d9a5e72dbf51,1,5,1,0,0.0,3,False,False,False,0.52,11.84,4.27,4.98,2.06
a1ac389f-7406-4ddf-a270-d9a5e72dbf51,0,9,3,0,0.0,3,False,True,False,0.097,28.37,5.81,13.45,1.68
a317a543-06cf-4f1b-97d2-139c26c1cb13,1,0,4,1,0.25,3,False,False,False,0.573,43.04,10.72,31.37,1.15
a317a543-06cf-4f1b-97d2-139c26c1cb13,1,1,1,0,0.0,3,False,False,False,0.679,16.44,4.49,9.09,1.09
a317a543-06cf-4f1b-97d2-139c26c1cb13,1,2,1,0,0.0,3,False,False,False,0.243,9.15,3.2,5.19,1.01
a317a543-06cf-4f1b-97d2-139c26c1cb13,1,3,1,0,0.0,3,False,False,False,0.48,34.55,11.39,49.08,1.22
a317a543-06cf-4f1b-97d2-139c26c1cb13,1,4,7,4,0.571,3,False,False,False,0.598,51.59,14.57,82.93,1.06
a317a543-06cf-4f1b-97d2-139c26c1cb13,1,5,8,7,0.875,3,False,False,False,0.556,14.49,4.82,11.45,1.11
a317a543-06cf-4f1b-97d2-139c26c1cb13,2,8,13,9,0.692,3,True,False,False,0.793,25.59,9.03,38.16,1.12
a317a543-06cf-4f1b-97d2-139c26c1cb13,2,9,3,1,0.333,3,True,False,False,0.385,18.0,6.63,18.17,1.12
a317a543-06cf-4f1b-97d2-139c26c1cb13,2,10,16,7,0.438,3,True,False,False,0.746,48.91,15.39,71.97,1.05
a317a543-06cf-4f1b-97d2-139c26c1cb13,2,11,1,0,0.0,3,True,False,False,0.264,8.77,2.97,3.37,1.05
a3997c27-0367-483e-a462-64847105997d,0,0,1,0,0.0,1,True,False,True,0.487,15.67,5.37,15.0,1.03
a3997c27-0367-483e-a462-64847105997d,0,1,1,0,0.0,1,True,False,True,0.253,8.91,3.11,4.92,1.06
a3997c27-0367-483e-a462-64847105997d,0,2,1,0,0.0,1,True,False,True,0.095,19.56,6.78,7.74,1.22
a3997c27-0367-483e-a462-64847105997d,0,3,1,0,0.0,1,True,False,True,0.436,28.65,9.5,39.41,1.16
a3997c27-0367-483e-a462-64847105997d,0,4,1,0,0.0,1,True,False,True,0.272,21.55,8.24,23.47,1.29
a3997c27-0367-483e-a462-64847105997d,0,5,1,0,0.0,1,True,False,True,0.232,11.91,4.06,8.87,1.0
a3997c27-0367-483e-a462-64847105997d,0,6,1,0,0.0,1,True,False,True,0.483,12.0,4.08,9.01,1.0
a3997c27-0367-483e-a462-64847105997d,0,7,1,0,0.0,1,True,False,True,0.233,7.87,2.7,3.86,1.02
a3997c27-0367-483e-a462-64847105997d,0,8,1,0,0.0,1,True,False,True,0.416,12.99,4.51,8.63,1.17
a3997c27-0367-483e-a462-64847105997d,0,9,1,0,0.0,1,True,False,True,0.0,10.31,4.06,4.35,1.38
a3997c27-0367-483e-a462-64847105997d,0,10,1,0,0.0,1,True,False,True,0.075,38.94,8.18,16.15,1.09
a430ffa9-a314-4352-8b54-dfbd04634861,1,0,5,1,0.2,2,True,False,False,0.567,27.95,11.09,22.7,1.74
a430ffa9-a314-4352-8b54-dfbd04634861,1,1,2,0,0.0,2,True,False,False,0.427,13.97,4.57,9.32,1.2
a430ffa9-a314-4352-8b54-dfbd04634861,1,2,1,0,0.0,2,True,False,False,0.268,23.11,7.07,15.2,1.08
a430ffa9-a314-4352-8b54-dfbd04634861,1,3,2,0,0.0,2,True,False,False,0.484,12.59,4.48,9.47,1.19
a430ffa9-a314-4352-8b54-dfbd04634861,0,5,1,0,0.0,2,False,True,False,0.639,7.25,2.56,2.8,1.32
a430ffa9-a314-4352-8b54-dfbd04634861,0,8,1,0,0.0,2,False,True,False,0.483,11.39,4.15,7.5,1.26
a443b86f-c86a-47a7-abef-0a56893c99b0,0,1,2,0,0.0,2,False,True,False,0.771,10.11,3.03,5.64,1.21
a443b86f-c86a-47a7-abef-0a56893c99b0,0,2,1,0,0.0,2,False,True,False,0.631,15.13,4.9,12.11,1.48
a443b86f-c86a-47a7-abef-0a56893c99b0,0,3,2,0,0.0,2,False,True,False,0.382,45.23,5.39,11.78,1.05
a443b86f-c86a-47a7-abef-0a56893c99b0,0,4,1,0,0.0,2,False,True,False,0.711,15.07,4.46,14.05,1.18
a443b86f-c86a-47a7-abef-0a56893c99b0,1,6,6,4,0.667,2,True,False,False,0.696,22.81,7.26,24.44,1.5
a443b86f-c86a-47a7-abef-0a56893c99b0,1,7,1,0,0.0,2,True,False,False,0.07,28.3,6.37,8.97,1.55
a443b86f-c86a-47a7-abef-0a56893c99b0,1,8,5,4,0.8,2,True,False,False,0.558,11.72,4.07,8.01,1.47
a443b86f-c86a-47a7-abef-0a56893c99b0,1,9,2,0,0.0,2,True,False,False,0.657,14.8,4.82,13.36,1.38
a492a5d6-ab9f-4b1e-bbfe-4762c1370a40,0,0,6,3,0.5,3,False,True,False,1.0,11.53,3.06,8.29,1.06
a492a5d6-ab9f-4b1e-bbfe-4762c1370a40,1,1,1,0,0.0,3,False,False,False,0.265,13.44,3.13,8.5,1.09
a492a5d6-ab9f-4b1e-bbfe-4762c1370a40,1,2,1,0,0.0,3,False,False,False,0.486,13.94,4.0,11.94,1.28
a492a5d6-ab9f-4b1e-bbfe-4762c1370a40,1,4,1,0,0.0,3,False,False,False,0.236,13.01,3.35,10.58,1.01
a492a5d6-ab9f-4b1e-bbfe-4762c1370a40,1,5,1,0,0.0,3,False,False,False,0.289,8.25,2.62,3.99,1.63
a492a5d6-ab9f-4b1e-bbfe-4762c1370a40,1,6,1,0,0.0,3,False,False,False,0.0,43.55,8.49,5.38,1.29
a492a5d6-ab9f-4b1e-bbfe-4762c1370a40,2,8,9,4,0.444,3,True,False,False,0.558,16.84,5.39,12.84,1.73
a492a5d6-ab9f-4b1e-bbfe-4762c1370a40,2,9,4,1,0.25,3,True,False,False,0.486,14.56,4.1,13.08,1.25
a492a5d6-ab9f-4b1e-bbfe-4762c1370a40,2,10,3,2,0.667,3,True,False,False,0.113,30.22,6.35,4.21,1.09
a4d6eef3-6107-45a3-bd37-3cf2ef4e9efb,0,0,1,0,0.0,1,True,False,True,0.186,30.91,8.55,9.41,2.08
a4d6eef3-6107-45a3-bd37-3cf2ef4e9efb,0,1,1,0,0.0,1,True,False,True,0.488,13.92,4.25,12.1,1.01
a4d6eef3-6107-45a3-bd37-3cf2ef4e9efb,0,2,1,0,0.0,1,True,False,True,0.229,9.67,2.98,5.84,1.03
a4d6eef3-6107-45a3-bd37-3cf2ef4e9efb,0,3,1,0,0.0,1,True,False,True,0.189,11.45,3.81,7.83,1.22
a4d6eef3-6107-45a3-bd37-3cf2ef4e9efb,0,4,1,0,0.0,1,True,False,True,0.125,11.28,3.74,7.77,1.2
a4d6eef3-6107-45a3-bd37-3cf2ef4e9efb,0,5,1,0,0.0,1,True,False,True,0.225,5.76,1.79,2.07,1.05
a4d6eef3-6107-45a3-bd37-3cf2ef4e9efb,0,6,1,0,0.0,1,True,False,True,0.0,19.65,6.3,12.36,1.53
a4d6eef3-6107-45a3-bd37-3cf2ef4e9efb,0,7,1,0,0.0,1,True,False,True,0.068,55.36,11.31,13.69,1.27
a4d6eef3-6107-45a3-bd37-3cf2ef4e9efb,0,8,1,0,0.0,1,True,False,True,0.379,27.8,8.28,38.7,1.06
a4d6eef3-6107-45a3-bd37-3cf2ef4e9efb,0,9,4,2,0.5,1,True,False,True,0.676,19.99,7.0,23.34,1.36
a8a3b04b-42d0-4468-8b3a-5e2135b9313b,0,1,4,0,0.0,1,True,False,True,0.315,42.13,10.67,28.26,1.12
a8a3b04b-42d0-4468-8b3a-5e2135b9313b,0,3,1,0,0.0,1,True,False,True,0.197,5.01,1.76,1.56,1.02
a8a3b04b-42d0-4468-8b3a-5e2135b9313b,0,4,1,0,0.0,1,True,False,True,0.061,28.66,6.07,6.28,1.71
a8a3b04b-42d0-4468-8b3a-5e2135b9313b,0,5,1,0,0.0,1,True,False,True,0.483,11.93,4.32,8.45,1.09
a8a3b04b-42d0-4468-8b3a-5e2135b9313b,0,6,1,0,0.0,1,True,False,True,0.709,12.86,4.55,10.23,1.04
a8a3b04b-42d0-4468-8b3a-5e2135b9313b,0,7,1,0,0.0,1,True,False,True,0.329,17.73,4.16,9.03,1.0
a8aca518-ee19-4cef-8df9-1b574c2d43d1,0,0,1,0,0.0,3,False,True,False,0.488,16.21,5.66,16.33,1.04
a8aca518-ee19-4cef-8df9-1b574c2d43d1,0,2,14,11,0.786,3,False,True,False,0.12,12.06,4.41,7.1,1.33
a8aca518-ee19-4cef-8df9-1b574c2d43d1,0,4,1,0,0.0,3,False,True,False,0.485,12.59,4.52,9.42,1.14
a8aca518-ee19-4cef-8df9-1b574c2d43d1,1,6,2,1,0.5,3,False,False,False,0.57,12.01,4.37,5.68,1.46
a8aca518-ee19-4cef-8df9-1b574c2d43d1,1,7,1,0,0.0,3,False,False,False,0.509,16.97,5.98,17.77,1.06
a8aca518-ee19-4cef-8df9-1b574c2d43d1,1,8,1,0,0.0,3,False,False,False,0.412,21.37,5.73,16.64,1.05
a8aca518-ee19-4cef-8df9-1b574c2d43d1,1,9,1,0,0.0,3,False,False,False,0.618,11.01,3.82,7.55,1.03
a8aca518-ee19-4cef-8df9-1b574c2d43d1,1,10,1,0,0.0,3,False,False,False,0.594,5.74,2.15,1.79,1.21
a8aca518-ee19-4cef-8df9-1b574c2d43d1,2,11,2,1,0.5,3,True,False,False,0.563,12.15,4.09,8.89,1.02
a8aca518-ee19-4cef-8df9-1b574c2d43d1,2,12,2,1,0.5,3,True,False,False,0.224,24.46,6.64,6.9,1.7
a8aca518-ee19-4cef-8df9-1b574c2d43d1,2,13,5,2,0.4,3,True,False,False,0.318,7.98,2.73,3.97,1.02
a8aca518-ee19-4cef-8df9-1b574c2d43d1,2,14,7,2,0.286,3,True,False,False,0.744,18.05,5.89,18.89,1.03
aa047931-2b45-497d-a093-f637a2934699,1,6,1,0,0.0,2,True,False,False,0.166,17.09,6.09,13.96,1.29
aa047931-2b45-497d-a093-f637a2934699,1,7,1,0,0.0,2,True,False,False,0.3,18.51,4.06,7.61,1.02
aa047931-2b45-497d-a093-f637a2934699,1,8,1,0,0.0,2,True,False,False,0.503,14.02,4.95,12.22,1.01
aa047931-2b45-497d-a093-f637a2934699,1,9,1,0,0.0,2,True,False,False,0.09,22.68,5.54,7.79,1.4
aa047931-2b45-497d-a093-f637a2934699,1,10,1,0,0.0,2,True,False,False,0.242,14.1,4.99,12.47,1.01
aa047931-2b45-497d-a093-f637a2934699,1,11,1,0,0.0,2,True,False,False,0.222,7.8,2.76,3.8,1.0
aa047931-2b45-497d-a093-f637a2934699,1,12,1,0,0.0,2,True,False,False,0.613,24.05,8.4,27.79,1.16
aa047931-2b45-497d-a093-f637a2934699,1,13,1,0,0.0,2,True,False,False,1.0,23.76,8.27,31.04,1.03
ad2243cf-dac2-4f43-aa8d-37d50dc46a33,0,0,1,0,0.0,1,True,False,True,0.49,15.86,5.85,12.94,1.42
ad2243cf-dac2-4f43-aa8d-37d50dc46a33,0,1,1,0,0.0,1,True,False,True,0.492,8.3,2.94,4.16,1.14
ad2243cf-dac2-4f43-aa8d-37d50dc46a33,0,2,1,0,0.0,1,True,False,True,0.195,12.82,4.52,9.99,1.12
ad2243cf-dac2-4f43-aa8d-37d50dc46a33,0,3,1,0,0.0,1,True,False,True,0.053,76.83,13.22,18.49,1.34
ad2243cf-dac2-4f43-aa8d-37d50dc46a33,0,4,1,0,0.0,1,True,False,True,0.252,16.06,5.46,16.07,1.04
ad2243cf-dac2-4f43-aa8d-37d50dc46a33,0,5,1,0,0.0,1,True,False,True,0.128,10.64,4.07,5.85,1.35
ad2243cf-dac2-4f43-aa8d-37d50dc46a33,0,6,1,0,0.0,1,True,False,True,0.49,20.18,7.54,22.46,1.28
ad2243cf-dac2-4f43-aa8d-37d50dc46a33,0,7,1,0,0.0,1,True,False,True,0.239,16.71,5.56,17.32,1.03
ad2243cf-dac2-4f43-aa8d-37d50dc46a33,0,8,1,0,0.0,1,True,False,True,0.487,13.36,4.86,10.42,1.2
b01824fc-be43-451f-bc6e-aaab701c144d,0,0,1,0,0.0,1,True,False,True,0.411,19.66,6.82,14.37,1.3
b01824fc-be43-451f-bc6e-aaab701c144d,0,1,2,0,0.0,1,True,False,True,0.481,24.64,8.04,30.73,1.06
b01824fc-be43-451f-bc6e-aaab701c144d,0,2,5,2,0.4,1,True,False,True,0.0,19.61,6.43,11.73,1.3
b01824fc-be43-451f-bc6e-aaab701c144d,0,3,1,0,0.0,1,True,False,True,0.388,10.39,3.73,6.38,1.15
b01824fc-be43-451f-bc6e-aaab701c144d,0,4,1,0,0.0,1,True,False,True,0.573,12.59,4.34,9.84,1.05
b01824fc-be43-451f-bc6e-aaab701c144d,0,6,1,0,0.0,1,True,False,True,0.481,12.28,4.53,8.5,1.22
b01824fc-be43-451f-bc6e-aaab701c144d,0,7,3,0,0.0,1,True,False,True,0.386,21.55,4.8,4.84,1.34
b4f7407a-5941-4165-947a-a726dc432c69,0,0,1,0,0.0,1,True,False,True,0.372,22.08,8.17,27.5,1.19
b4f7407a-5941-4165-947a-a726dc432c69,0,1,1,0,0.0,1,True,False,True,0.0,53.21,11.34,8.16,1.31
b4f7407a-5941-4165-947a-a726dc432c69,0,2,1,0,0.0,1,True,False,True,0.236,9.35,3.21,5.46,1.02
b4f7407a-5941-4165-947a-a726dc432c69,0,3,1,0,0.0,1,True,False,True,0.213,5.2,1.77,1.69,1.0
b4f7407a-5941-4165-947a-a726dc432c69,0,4,1,0,0.0,1,True,False,True,0.483,11.8,4.2,8.48,1.09
b4f7407a-5941-4165-947a-a726dc432c69,0,5,1,0,0.0,1,True,False,True,0.486,14.36,4.96,12.84,1.03
b4f7407a-5941-4165-947a-a726dc432c69,0,6,1,0,0.0,1,True,False,True,0.48,9.42,3.24,5.53,1.02
b4f7407a-5941-4165-947a-a726dc432c69,0,7,1,0,0.0,1,True,False,True,0.327,15.41,5.78,12.91,1.23
b4f7407a-5941-4165-947a-a726dc432c69,0,8,1,0,0.0,1,True,False,True,0.483,11.63,4.1,8.31,1.08
b53c11aa-8db7-4aad-a24d-3ffa9eeff5de,1,0,1,0,0.0,3,False,False,False,0.493,28.9,9.48,45.4,1.11
b53c11aa-8db7-4aad-a24d-3ffa9eeff5de,1,3,1,0,0.0,3,False,False,False,0.288,8.39,3.06,4.13,1.16
b53c11aa-8db7-4aad-a24d-3ffa9eeff5de,1,5,1,0,0.0,3,False,False,False,0.488,15.46,5.28,14.92,1.02
b53c11aa-8db7-4aad-a24d-3ffa9eeff5de,1,6,1,0,0.0,3,False,False,False,0.272,33.05,9.72,18.47,1.7
b53c11aa-8db7-4aad-a24d-3ffa9eeff5de,1,7,3,0,0.0,3,False,False,False,0.179,18.96,6.34,12.01,1.37
b53c11aa-8db7-4aad-a24d-3ffa9eeff5de,2,9,10,2,0.2,3,True,False,False,0.843,20.86,7.44,26.36,1.11
b53c11aa-8db7-4aad-a24d-3ffa9eeff5de,2,10,2,1,0.5,3,True,False,False,0.654,24.02,4.9,8.24,1.33
b53c11aa-8db7-4aad-a24d-3ffa9eeff5de,2,11,3,2,0.667,3,True,False,False,0.571,11.62,3.8,5.8,1.06
b65126ae-ccca-4032-876f-e9c1c059862c,0,0,1,0,0.0,3,False,True,False,0.492,8.54,3.1,3.87,1.82
b65126ae-ccca-4032-876f-e9c1c059862c,1,5,1,0,0.0,3,False,False,False,0.718,31.05,10.11,40.75,1.5
b65126ae-ccca-4032-876f-e9c1c059862c,2,8,2,1,0.5,3,True,False,False,0.906,12.47,3.67,9.69,1.08
b65126ae-ccca-4032-876f-e9c1c059862c,2,9,1,0,0.0,3,True,False,False,0.475,9.08,2.74,5.12,1.14
b65126ae-ccca-4032-876f-e9c1c059862c,2,10,6,4,0.667,3,True,False,False,0.694,14.18,4.78,11.75,1.47
b65126ae-ccca-4032-876f-e9c1c059862c,2,11,7,4,0.571,3,True,False,False,0.063,15.94,4.22,3.61,1.03
b65126ae-ccca-4032-876f-e9c1c059862c,2,12,2,2,1.0,3,True,False,False,0.565,11.63,4.03,7.7,1.58
b8782b87-5800-42dd-8926-07d8f11cafc0,0,0,1,0,0.0,1,True,False,True,0.557,10.22,3.5,6.12,1.21
b8782b87-5800-42dd-8926-07d8f11cafc0,0,1,1,0,0.0,1,True,False,True,0.133,28.53,6.91,12.44,1.18
b8782b87-5800-42dd-8926-07d8f11cafc0,0,2,1,0,0.0,1,True,False,True,0.487,15.97,5.74,14.75,1.32
b8782b87-5800-42dd-8926-07d8f11cafc0,0,3,1,0,0.0,1,True,False,True,0.515,27.03,8.61,45.63,1.02
b8782b87-5800-42dd-8926-07d8f11cafc0,0,4,1,0,0.0,1,True,False,True,0.194,10.4,3.53,6.52,1.17
b8782b87-5800-42dd-8926-07d8f11cafc0,0,5,1,0,0.0,1,True,False,True,0.192,10.26,3.52,6.3,1.19
b8782b87-5800-42dd-8926-07d8f11cafc0,0,6,1,0,0.0,1,True,False,True,0.554,16.18,5.4,12.32,1.35
b8782b87-5800-42dd-8926-07d8f11cafc0,0,7,2,0,0.0,1,True,False,True,0.07,19.51,5.99,4.95,1.31
b8782b87-5800-42dd-8926-07d8f11cafc0,0,9,1,0,0.0,1,True,False,True,0.499,12.6,4.19,8.7,1.19
b8cefbc4-bb4e-4d53-be56-990780166cae,0,2,1,0,0.0,3,False,True,False,0.376,23.9,8.25,16.75,2.01
b8cefbc4-bb4e-4d53-be56-990780166cae,0,4,1,0,0.0,3,False,True,False,0.474,11.51,4.04,7.03,1.55
b8cefbc4-bb4e-4d53-be56-990780166cae,0,5,1,0,0.0,3,False,True,False,0.495,10.94,3.44,7.38,1.17
b8cefbc4-bb4e-4d53-be56-990780166cae,2,12,2,1,0.5,3,True,False,False,0.478,9.01,2.83,5.04,1.12
b8cefbc4-bb4e-4d53-be56-990780166cae,2,13,7,4,0.571,3,True,False,False,0.516,17.05,4.93,16.96,1.02
b8cefbc4-bb4e-4d53-be56-990780166cae,2,14,7,5,0.714,3,True,False,False,0.515,14.97,4.58,13.84,1.07
b8cefbc4-bb4e-4d53-be56-990780166cae,2,15,2,1,0.5,3,True,False,False,0.484,12.33,3.68,9.49,1.0
b8cefbc4-bb4e-4d53-be56-990780166cae,2,16,15,8,0.533,3,True,False,False,0.332,20.37,5.51,10.92,1.14
b8def755-9829-4141-8ecb-3e71ef446d0d,1,6,1,0,0.0,3,False,False,False,0.504,21.08,5.42,8.66,1.28
b8def755-9829-4141-8ecb-3e71ef446d0d,1,8,1,0,0.0,3,False,False,False,0.48,9.88,3.52,4.56,1.06
b8def755-9829-4141-8ecb-3e71ef446d0d,1,9,2,2,1.0,3,False,False,False,0.221,8.53,3.01,4.55,1.01
b8def755-9829-4141-8ecb-3e71ef446d0d,2,10,13,6,0.462,3,True,False,False,0.892,21.49,7.5,27.07,1.04
b8f923d9-dc6a-4cc2-b99c-b98bb7d01f57,0,0,2,1,0.5,1,True,False,True,0.499,23.34,7.45,13.63,1.44
b8f923d9-dc6a-4cc2-b99c-b98bb7d01f57,0,1,8,6,0.75,1,True,False,True,0.635,15.37,5.6,9.32,1.57
b9575f6d-aa02-4540-ba49-d8e823a41067,0,0,1,0,0.0,1,True,False,True,0.596,22.21,6.84,22.15,1.51
b9575f6d-aa02-4540-ba49-d8e823a41067,0,1,1,0,0.0,1,True,False,True,0.272,15.29,4.47,14.33,1.29
b9575f6d-aa02-4540-ba49-d8e823a41067,0,2,1,0,0.0,1,True,False,True,0.221,8.6,2.28,4.62,1.04
b9575f6d-aa02-4540-ba49-d8e823a41067,0,3,1,0,0.0,1,True,False,True,0.18,10.78,3.33,6.97,1.47
b9575f6d-aa02-4540-ba49-d8e823a41067,0,4,2,0,0.0,1,True,False,True,0.043,48.24,8.71,13.82,1.27
b9575f6d-aa02-4540-ba49-d8e823a41067,0,5,1,0,0.0,1,True,False,True,0.26,7.14,2.12,3.11,1.33
b9575f6d-aa02-4540-ba49-d8e823a41067,0,6,1,0,0.0,1,True,False,True,0.179,10.75,3.34,6.9,1.49
b9575f6d-aa02-4540-ba49-d8e823a41067,0,7,1,0,0.0,1,True,False,True,0.384,21.75,6.71,28.32,1.47
b9575f6d-aa02-4540-ba49-d8e823a41067,0,8,1,0,0.0,1,True,False,True,0.692,21.79,6.79,28.28,1.51
bad532ea-75de-411a-a390-77f4d6a93ff8,4,0,18,5,0.278,5,True,False,False,1.0,25.34,7.35,34.51,1.16
bad532ea-75de-411a-a390-77f4d6a93ff8,2,5,13,9,0.692,5,False,False,False,1.0,26.74,8.02,43.67,1.31
bad532ea-75de-411a-a390-77f4d6a93ff8,1,6,9,9,1.0,5,False,False,False,1.0,12.12,3.96,7.1,1.65
bad532ea-75de-411a-a390-77f4d6a93ff8,0,7,2,0,0.0,5,False,True,False,0.56,18.44,6.47,10.0,2.68
bad532ea-75de-411a-a390-77f4d6a93ff8,0,8,1,0,0.0,5,False,True,False,0.413,19.03,3.95,11.92,1.18
bad532ea-75de-411a-a390-77f4d6a93ff8,0,9,6,3,0.5,5,False,True,False,0.45,15.28,4.16,12.56,1.1
bb00df25-e7be-420e-8ad1-1f9be60a4c4a,0,0,1,0,0.0,1,True,False,True,0.603,25.04,7.57,30.37,1.27
bb00df25-e7be-420e-8ad1-1f9be60a4c4a,0,1,1,0,0.0,1,True,False,True,0.285,6.61,2.21,2.48,1.56
bb00df25-e7be-420e-8ad1-1f9be60a4c4a,0,2,1,0,0.0,1,True,False,True,0.0,9.87,3.13,5.9,1.33
bb00df25-e7be-420e-8ad1-1f9be60a4c4a,0,3,8,3,0.375,1,True,False,True,0.105,46.03,10.68,24.59,1.48
bb00df25-e7be-420e-8ad1-1f9be60a4c4a,0,4,1,0,0.0,1,True,False,True,0.224,16.91,4.34,12.46,1.0
bb00df25-e7be-420e-8ad1-1f9be60a4c4a,0,5,2,0,0.0,1,True,False,True,0.341,21.17,6.08,24.78,1.16
bb00df25-e7be-420e-8ad1-1f9be60a4c4a,0,6,1,0,0.0,1,True,False,True,0.403,11.56,3.5,8.24,1.2
bb00df25-e7be-420e-8ad1-1f9be60a4c4a,0,7,1,0,0.0,1,True,False,True,0.796,16.77,5.51,16.63,1.45
bb00df25-e7be-420e-8ad1-1f9be60a4c4a,0,9,3,0,0.0,1,True,False,True,0.0,11.46,3.41,8.14,1.15
bc2779a4-d0a2-4ba8-abbf-10129d3f82de,1,0,2,0,0.0,4,False,False,False,0.477,14.18,3.76,7.1,1.45
bc2779a4-d0a2-4ba8-abbf-10129d3f82de,1,1,2,0,0.0,4,False,False,False,0.803,23.01,7.51,26.02,1.43
bc2779a4-d0a2-4ba8-abbf-10129d3f82de,1,4,1,0,0.0,4,False,False,False,0.556,14.31,4.31,12.36,1.17
bc2779a4-d0a2-4ba8-abbf-10129d3f82de,1,6,6,4,0.667,4,False,False,False,0.372,10.65,2.76,4.49,1.16
bc2779a4-d0a2-4ba8-abbf-10129d3f82de,2,7,2,0,0.0,4,False,False,False,0.486,13.76,4.16,11.77,1.11
bc2779a4-d0a2-4ba8-abbf-10129d3f82de,2,10,9,2,0.222,4,False,False,False,0.184,26.39,5.68,9.65,1.02
bc2779a4-d0a2-4ba8-abbf-10129d3f82de,2,11,1,0,0.0,4,False,False,False,0.704,16.57,5.22,15.49,1.24
bc2779a4-d0a2-4ba8-abbf-10129d3f82de,3,12,6,1,0.167,4,True,False,False,0.828,18.28,6.63,17.99,1.76
bc2779a4-d0a2-4ba8-abbf-10129d3f82de,3,13,4,0,0.0,4,True,False,False,0.726,11.75,3.32,8.4,1.01
bc2779a4-d0a2-4ba8-abbf-10129d3f82de,0,14,1,0,0.0,4,False,True,False,1.0,9.72,2.89,5.87,1.12
bfd05652-9331-4260-886d-1b6779ee1bfa,1,6,1,0,0.0,2,True,False,False,0.398,13.33,3.74,11.09,1.08
bfd05652-9331-4260-886d-1b6779ee1bfa,1,7,1,0,0.0,2,True,False,False,0.637,12.18,3.34,9.28,1.03
bfd05652-9331-4260-886d-1b6779ee1bfa,1,8,1,0,0.0,2,True,False,False,0.364,26.57,4.79,11.51,1.24
bfd05652-9331-4260-886d-1b6779ee1bfa,1,9,1,0,0.0,2,True,False,False,0.059,30.65,7.46,8.65,1.87
bfd05652-9331-4260-886d-1b6779ee1bfa,1,10,4,2,0.5,2,True,False,False,0.104,25.1,8.1,19.73,1.63
bfd05652-9331-4260-886d-1b6779ee1bfa,1,11,1,0,0.0,2,True,False,False,0.123,8.35,2.44,3.63,1.3
bfd05652-9331-4260-886d-1b6779ee1bfa,1,12,1,0,0.0,2,True,False,False,0.0,12.08,3.32,9.11,1.03
bfd05652-9331-4260-886d-1b6779ee1bfa,1,13,2,0,0.0,2,True,False,False,0.493,28.6,8.93,42.58,1.46
bfd05652-9331-4260-886d-1b6779ee1bfa,1,14,1,0,0.0,2,True,False,False,0.278,42.31,12.02,37.8,1.28
c001b1ca-ea07-472d-b888-6ab457d4e7d9,0,2,1,0,0.0,2,False,True,False,0.821,12.47,2.23,4.43,1.03
c001b1ca-ea07-472d-b888-6ab457d4e7d9,0,3,1,0,0.0,2,False,True,False,0.495,10.28,3.5,5.79,1.89
c001b1ca-ea07-472d-b888-6ab457d4e7d9,0,4,3,2,0.667,2,False,True,False,0.395,13.4,4.74,7.56,2.26
c001b1ca-ea07-472d-b888-6ab457d4e7d9,1,6,1,0,0.0,2,True,False,False,0.734,14.84,3.99,13.76,1.01
c001b1ca-ea07-472d-b888-6ab457d4e7d9,1,7,1,0,0.0,2,True,False,False,0.321,37.44,10.58,11.29,2.67
c001b1ca-ea07-472d-b888-6ab457d4e7d9,1,8,1,0,0.0,2,True,False,False,0.705,8.28,2.37,4.26,1.16
c001b1ca-ea07-472d-b888-6ab457d4e7d9,1,9,1,0,0.0,2,True,False,False,0.701,21.81,7.6,24.96,1.95
c2800052-b0e7-4c30-a881-f813cb0b2043,0,0,1,0,0.0,3,False,True,False,0.459,14.82,4.89,13.58,1.11
c2800052-b0e7-4c30-a881-f813cb0b2043,0,1,2,1,0.5,3,False,True,False,0.273,10.34,3.47,6.37,1.17
c2800052-b0e7-4c30-a881-f813cb0b2043,0,2,1,0,0.0,3,False,True,False,0.415,12.48,4.02,7.8,1.27
c2800052-b0e7-4c30-a881-f813cb0b2043,0,3,2,1,0.5,3,False,True,False,0.26,10.58,3.74,6.49,1.34
c2800052-b0e7-4c30-a881-f813cb0b2043,0,5,1,0,0.0,3,False,True,False,0.565,17.57,5.09,15.21,1.08
c2800052-b0e7-4c30-a881-f813cb0b2043,0,6,1,0,0.0,3,False,True,False,0.469,6.41,2.31,2.36,1.35
c2800052-b0e7-4c30-a881-f813cb0b2043,1,8,11,8,0.727,3,False,False,False,0.875,9.25,2.93,5.0,1.09
c2800052-b0e7-4c30-a881-f813cb0b2043,2,9,1,0,0.0,3,True,False,False,0.724,15.41,4.97,14.8,1.05
c2800052-b0e7-4c30-a881-f813cb0b2043,2,10,1,0,0.0,3,True,False,False,0.755,29.08,10.05,36.53,1.46
c2800052-b0e7-4c30-a881-f813cb0b2043,2,11,1,0,0.0,3,True,False,False,0.802,13.84,4.79,9.92,1.28
c3ddcac0-827d-48dc-9223-4b219d874fa5,0,0,1,0,0.0,2,False,True,False,0.69,21.08,7.22,24.6,1.29
c3ddcac0-827d-48dc-9223-4b219d874fa5,0,1,6,4,0.667,2,False,True,False,0.489,19.08,6.46,22.04,1.2
c3ddcac0-827d-48dc-9223-4b219d874fa5,0,2,1,0,0.0,2,False,True,False,0.485,15.77,6.52,9.49,2.01
c3ddcac0-827d-48dc-9223-4b219d874fa5,1,3,2,0,0.0,2,True,False,False,0.678,25.48,7.6,34.65,1.04
c3ddcac0-827d-48dc-9223-4b219d874fa5,1,4,1,0,0.0,2,True,False,False,0.474,26.31,7.16,20.45,1.25
c3ddcac0-827d-48dc-9223-4b219d874fa5,1,6,1,0,0.0,2,True,False,False,0.486,29.25,6.28,9.3,1.73
c3ddcac0-827d-48dc-9223-4b219d874fa5,1,7,1,0,0.0,2,True,False,False,0.804,22.26,4.68,12.98,1.03
c3ddcac0-827d-48dc-9223-4b219d874fa5,1,8,2,0,0.0,2,True,False,False,0.0,10.53,3.62,6.06,1.47
c3ddcac0-827d-48dc-9223-4b219d874fa5,1,9,1,0,0.0,2,True,False,False,0.18,6.9,2.34,2.9,1.2
c72ad855-9e52-46f1-886d-a9f37911521f,0,1,1,0,0.0,2,False,True,False,0.131,43.74,11.88,5.21,3.91
c72ad855-9e52-46f1-886d-a9f37911521f,0,2,1,0,0.0,2,False,True,False,0.483,11.24,3.78,7.27,1.6
c72ad855-9e52-46f1-886d-a9f37911521f,0,5,3,2,0.667,2,False,True,False,0.614,31.7,12.28,46.61,2.42
c72ad855-9e52-46f1-886d-a9f37911521f,1,6,2,0,0.0,2,True,False,False,0.481,10.1,3.24,6.1,1.4
c72ad855-9e52-46f1-886d-a9f37911521f,1,7,4,1,0.25,2,True,False,False,0.698,29.75,8.08,33.54,1.47
c72ad855-9e52-46f1-886d-a9f37911521f,1,8,1,0,0.0,2,True,False,False,0.27,8.6,3.49,2.03,2.99
c72ad855-9e52-46f1-886d-a9f37911521f,1,9,2,0,0.0,2,True,False,False,0.442,13.41,3.69,9.3,1.03
c7898e89-b45b-47f3-96b7-8c1fa96ef9fd,0,0,1,0,0.0,2,False,True,False,0.79,10.03,3.6,5.95,1.2
c7898e89-b45b-47f3-96b7-8c1fa96ef9fd,0,1,1,0,0.0,2,False,True,False,0.703,6.95,2.35,3.0,1.06
c7898e89-b45b-47f3-96b7-8c1fa96ef9fd,0,2,1,0,0.0,2,False,True,False,0.775,16.59,5.75,16.9,1.11
c7898e89-b45b-47f3-96b7-8c1fa96ef9fd,0,3,1,0,0.0,2,False,True,False,0.722,13.56,4.49,11.5,1.01
c7898e89-b45b-47f3-96b7-8c1fa96ef9fd,1,5,25,11,0.44,2,True,False,False,1.0,21.17,6.95,26.01,1.09
c7f2456f-91fe-4aaa-a9ba-d886ec8e0648,0,0,1,0,0.0,1,True,False,True,0.68,28.63,7.94,43.84,1.23
c7f2456f-91fe-4aaa-a9ba-d886ec8e0648,0,1,4,0,0.0,1,True,False,True,0.037,43.34,7.84,13.69,1.24
c7f2456f-91fe-4aaa-a9ba-d886ec8e0648,0,2,1,0,0.0,1,True,False,True,0.224,10.45,2.7,6.82,1.05
c7f2456f-91fe-4aaa-a9ba-d886ec8e0648,0,3,1,0,0.0,1,True,False,True,0.224,10.52,2.72,6.91,1.06
c7f2456f-91fe-4aaa-a9ba-d886ec8e0648,0,4,1,0,0.0,1,True,False,True,0.485,12.93,3.93,9.99,1.52
c7f2456f-91fe-4aaa-a9ba-d886ec8e0648,0,5,1,0,0.0,1,True,False,True,0.483,11.83,3.55,8.43,1.47
c7f2456f-91fe-4aaa-a9ba-d886ec8e0648,0,6,1,0,0.0,1,True,False,True,0.262,9.82,2.52,3.37,1.05
c7f2456f-91fe-4aaa-a9ba-d886ec8e0648,0,8,2,0,0.0,1,True,False,True,1.0,17.91,5.97,17.89,1.96
c7f2456f-91fe-4aaa-a9ba-d886ec8e0648,0,9,1,0,0.0,1,True,False,True,0.261,10.43,2.67,6.35,1.04
c814dd8d-190b-4da2-ae80-d41c71e2b797,0,0,1,0,0.0,1,True,False,True,0.554,12.06,3.81,6.86,1.18
c814dd8d-190b-4da2-ae80-d41c71e2b797,0,1,1,0,0.0,1,True,False,True,0.767,26.66,9.35,43.67,1.04
c814dd8d-190b-4da2-ae80-d41c71e2b797,0,2,1,0,0.0,1,True,False,True,0.187,22.41,7.53,13.41,1.36
c814dd8d-190b-4da2-ae80-d41c71e2b797,0,3,1,0,0.0,1,True,False,True,0.274,5.52,1.97,1.85,1.07
c814dd8d-190b-4da2-ae80-d41c71e2b797,0,4,1,0,0.0,1,True,False,True,0.224,26.71,6.81,5.57,1.81
c814dd8d-190b-4da2-ae80-d41c71e2b797,0,5,1,0,0.0,1,True,False,True,0.482,10.35,3.67,6.6,1.05
c814dd8d-190b-4da2-ae80-d41c71e2b797,0,6,1,0,0.0,1,True,False,True,0.732,10.53,3.74,6.82,1.05
c814dd8d-190b-4da2-ae80-d41c71e2b797,0,7,1,0,0.0,1,True,False,True,0.747,19.69,5.22,12.07,1.1
c87c1e25-ff00-44ec-b823-b0966c81af70,0,1,11,8,0.727,2,False,True,False,0.381,10.28,3.65,4.91,1.26
c87c1e25-ff00-44ec-b823-b0966c81af70,0,3,1,0,0.0,2,False,True,False,0.224,11.43,4.07,7.46,1.01
c87c1e25-ff00-44ec-b823-b0966c81af70,0,4,2,0,0.0,2,False,True,False,0.243,19.86,4.59,4.3,1.19
c87c1e25-ff00-44ec-b823-b0966c81af70,0,5,1,0,0.0,2,False,True,False,0.412,8.44,2.97,3.72,1.08
c87c1e25-ff00-44ec-b823-b0966c81af70,1,7,1,0,0.0,2,True,False,False,0.199,25.54,8.51,4.93,1.59
c87c1e25-ff00-44ec-b823-b0966c81af70,1,9,5,0,0.0,2,True,False,False,0.639,18.1,6.26,16.67,1.19
c87c1e25-ff00-44ec-b823-b0966c81af70,1,10,3,0,0.0,2,True,False,False,0.52,15.92,5.25,13.27,1.1
c9a43a7c-7171-484c-ac98-54f9ba59b6e6,1,1,2,0,0.0,3,False,False,False,0.06,54.8,11.55,14.87,1.23
c9a43a7c-7171-484c-ac98-54f9ba59b6e6,1,8,1,0,0.0,3,False,False,False,0.479,8.63,3.09,4.52,1.06
c9a43a7c-7171-484c-ac98-54f9ba59b6e6,2,9,2,0,0.0,3,True,False,False,0.504,13.23,4.94,11.0,1.2
c9a43a7c-7171-484c-ac98-54f9ba59b6e6,2,10,2,0,0.0,3,True,False,False,0.335,20.08,5.77,11.49,1.05
c9a43a7c-7171-484c-ac98-54f9ba59b6e6,2,11,2,0,0.0,3,True,False,False,0.284,18.58,6.11,14.21,1.22
c9a43a7c-7171-484c-ac98-54f9ba59b6e6,2,12,4,0,0.0,3,True,False,False,0.2,6.59,2.32,2.7,1.03
c9a43a7c-7171-484c-ac98-54f9ba59b6e6,2,13,2,0,0.0,3,True,False,False,0.721,15.45,5.43,14.85,1.03
c9a43a7c-7171-484c-ac98-54f9ba59b6e6,2,14,7,1,0.143,3,True,False,False,0.046,13.83,3.45,1.83,1.15
c9a43a7c-7171-484c-ac98-54f9ba59b6e6,0,15,1,0,0.0,3,False,True,False,1.0,12.63,4.5,9.77,1.06
cf982769-994b-4193-a621-91d46d1a3344,0,0,1,0,0.0,2,False,True,False,0.265,26.32,8.27,12.61,1.31
cf982769-994b-4193-a621-91d46d1a3344,0,2,2,2,1.0,2,False,True,False,0.61,10.05,3.58,6.16,1.02
cf982769-994b-4193-a621-91d46d1a3344,0,4,4,2,0.5,2,False,True,False,0.37,28.13,7.77,26.07,1.06
cf982769-994b-4193-a621-91d46d1a3344,1,5,19,6,0.316,2,True,False,False,1.0,30.99,11.21,55.37,1.06
d28b528a-475b-4ac0-a38d-ee992cd877db,0,2,1,0,0.0,2,False,True,False,0.389,17.17,7.01,10.78,2.25
d28b528a-475b-4ac0-a38d-ee992cd877db,0,3,2,0,0.0,2,False,True,False,0.244,13.44,3.9,8.21,1.06
d28b528a-475b-4ac0-a38d-ee992cd877db,0,4,1,0,0.0,2,False,True,False,0.0,22.87,4.48,3.36,1.04
d28b528a-475b-4ac0-a38d-ee992cd877db,0,5,1,0,0.0,2,False,True,False,0.332,19.37,6.06,18.78,1.12
d28b528a-475b-4ac0-a38d-ee992cd877db,0,7,1,0,0.0,2,False,True,False,0.46,32.23,8.99,26.66,1.74
d28b528a-475b-4ac0-a38d-ee992cd877db,0,8,1,0,0.0,2,False,True,False,0.691,18.66,6.42,20.84,1.26
d28b528a-475b-4ac0-a38d-ee992cd877db,1,11,21,12,0.571,2,True,False,False,1.0,24.91,9.2,29.9,1.74
d28b528a-475b-4ac0-a38d-ee992cd877db,1,12,1,0,0.0,2,True,False,False,0.488,14.13,4.64,12.18,1.22
d28b528a-475b-4ac0-a38d-ee992cd877db,1,13,7,4,0.571,2,True,False,False,0.376,20.78,7.45,23.54,1.52
d28b528a-475b-4ac0-a38d-ee992cd877db,1,14,2,1,0.5,2,True,False,False,0.347,20.87,6.81,13.36,1.38
d28b528a-475b-4ac0-a38d-ee992cd877db,1,15,8,7,0.875,2,True,False,False,0.487,15.93,4.76,15.12,1.05
d28b528a-475b-4ac0-a38d-ee992cd877db,1,16,18,15,0.833,2,True,False,False,0.369,32.9,7.53,11.55,1.67
d32d5562-5763-4c71-a816-6732c638fa6a,0,0,6,3,0.5,2,False,True,False,0.61,29.61,9.78,40.05,1.21
d32d5562-5763-4c71-a816-6732c638fa6a,0,1,1,0,0.0,2,False,True,False,0.223,41.54,7.99,13.57,1.29
d32d5562-5763-4c71-a816-6732c638fa6a,1,5,2,0,0.0,2,True,False,False,0.685,16.49,6.09,15.98,1.21
d32d5562-5763-4c71-a816-6732c638fa6a,1,6,3,2,0.667,2,True,False,False,0.213,37.92,8.33,15.08,1.06
d32d5562-5763-4c71-a816-6732c638fa6a,1,7,2,2,1.0,2,True,False,False,0.529,12.3,4.09,8.96,1.07
d32d5562-5763-4c71-a816-6732c638fa6a,1,8,4,1,0.25,2,True,False,False,0.615,10.9,3.71,7.43,1.01
d32d5562-5763-4c71-a816-6732c638fa6a,1,9,2,1,0.5,2,True,False,False,0.376,9.97,3.44,6.18,1.04
d4665def-0566-4ccc-aa62-8d562ec6e424,0,0,1,0,0.0,1,True,False,True,0.524,11.59,4.1,8.35,1.02
d4665def-0566-4ccc-aa62-8d562ec6e424,0,1,1,0,0.0,1,True,False,True,0.147,16.08,5.44,9.4,1.28
d4665def-0566-4ccc-aa62-8d562ec6e424,0,2,1,0,0.0,1,True,False,True,0.049,28.76,6.75,4.82,1.35
d4665def-0566-4ccc-aa62-8d562ec6e424,0,3,1,0,0.0,1,True,False,True,0.489,13.85,5.0,11.43,1.07
d4665def-0566-4ccc-aa62-8d562ec6e424,0,4,1,0,0.0,1,True,False,True,0.39,33.66,9.27,36.34,1.2
d4665def-0566-4ccc-aa62-8d562ec6e424,0,5,1,0,0.0,1,True,False,True,0.512,16.71,6.12,15.72,1.11
d683f65d-ad08-4f69-ab23-dbd7ec1bcaed,0,0,4,0,0.0,1,True,False,True,0.726,27.74,9.81,46.61,1.03
d683f65d-ad08-4f69-ab23-dbd7ec1bcaed,0,1,1,0,0.0,1,True,False,True,0.282,15.63,5.16,12.87,1.06
d683f65d-ad08-4f69-ab23-dbd7ec1bcaed,0,2,1,0,0.0,1,True,False,True,0.257,17.14,6.07,16.14,1.11
d683f65d-ad08-4f69-ab23-dbd7ec1bcaed,0,3,1,0,0.0,1,True,False,True,0.185,8.57,3.06,4.46,1.03
d683f65d-ad08-4f69-ab23-dbd7ec1bcaed,0,4,5,0,0.0,1,True,False,True,0.355,24.09,8.29,31.88,1.0
d683f65d-ad08-4f69-ab23-dbd7ec1bcaed,0,5,1,0,0.0,1,True,False,True,0.129,13.08,4.55,8.48,1.03
d683f65d-ad08-4f69-ab23-dbd7ec1bcaed,0,6,1,0,0.0,1,True,False,True,0.006,76.67,13.06,15.31,1.07
d683f65d-ad08-4f69-ab23-dbd7ec1bcaed,0,7,1,0,0.0,1,True,False,True,0.257,14.22,5.05,12.55,1.02
d683f65d-ad08-4f69-ab23-dbd7ec1bcaed,0,8,1,0,0.0,1,True,False,True,0.277,22.9,8.27,30.66,1.05
d683f65d-ad08-4f69-ab23-dbd7ec1bcaed,0,9,1,0,0.0,1,True,False,True,0.798,24.04,8.64,34.46,1.05
d683f65d-ad08-4f69-ab23-dbd7ec1bcaed,0,10,2,0,0.0,1,True,False,True,0.133,38.19,9.34,19.14,1.01
d683f65d-ad08-4f69-ab23-dbd7ec1bcaed,0,11,1,0,0.0,1,True,False,True,0.439,21.78,6.4,17.89,1.04
d683f65d-ad08-4f69-ab23-dbd7ec1bcaed,0,12,2,0,0.0,1,True,False,True,0.23,15.11,5.33,12.55,1.13
d683f65d-ad08-4f69-ab23-dbd7ec1bcaed,0,13,1,0,0.0,1,True,False,True,0.265,11.5,4.1,8.12,1.03
d7f1aa19-5ca9-4e1b-ac1a-c86d63f9ede7,0,0,1,0,0.0,1,True,False,True,0.595,9.49,3.27,5.43,1.2
d7f1aa19-5ca9-4e1b-ac1a-c86d63f9ede7,0,1,1,0,0.0,1,True,False,True,0.115,8.52,2.98,3.56,1.29
d7f1aa19-5ca9-4e1b-ac1a-c86d63f9ede7,0,2,1,0,0.0,1,True,False,True,0.486,16.14,5.16,16.27,1.02
d7f1aa19-5ca9-4e1b-ac1a-c86d63f9ede7,0,3,1,0,0.0,1,True,False,True,0.187,38.03,7.17,6.01,1.09
d7f1aa19-5ca9-4e1b-ac1a-c86d63f9ede7,0,4,1,0,0.0,1,True,False,True,0.485,13.67,4.52,11.58,1.09
d7f1aa19-5ca9-4e1b-ac1a-c86d63f9ede7,0,5,1,0,0.0,1,True,False,True,0.485,12.5,3.96,9.76,1.0
d8308bfc-c2c1-42bd-8503-282571708b8c,0,0,1,0,0.0,1,True,False,True,0.479,9.01,3.18,5.07,1.0
d8308bfc-c2c1-42bd-8503-282571708b8c,0,1,1,1,1.0,1,True,False,True,0.282,21.77,4.73,4.93,1.03
d8308bfc-c2c1-42bd-8503-282571708b8c,0,2,6,4,0.667,1,True,False,True,0.651,13.09,4.72,9.23,1.04
d8308bfc-c2c1-42bd-8503-282571708b8c,0,3,1,0,0.0,1,True,False,True,0.662,14.97,5.38,12.39,1.04
d8308bfc-c2c1-42bd-8503-282571708b8c,0,4,1,0,0.0,1,True,False,True,0.291,14.9,5.36,12.14,1.04
d8308bfc-c2c1-42bd-8503-282571708b8c,0,5,2,1,0.5,1,True,False,True,0.326,21.23,7.28,11.1,1.09
d8308bfc-c2c1-42bd-8503-282571708b8c,0,6,1,0,0.0,1,True,False,True,0.102,38.53,8.82,11.02,1.08
d8308bfc-c2c1-42bd-8503-282571708b8c,0,7,1,0,0.0,1,True,False,True,0.266,10.99,3.91,7.41,1.01
d8308bfc-c2c1-42bd-8503-282571708b8c,0,8,1,0,0.0,1,True,False,True,0.474,5.48,1.96,1.77,1.03
d8308bfc-c2c1-42bd-8503-282571708b8c,0,9,3,0,0.0,1,True,False,True,0.58,21.36,7.54,26.83,1.04
d8308bfc-c2c1-42bd-8503-282571708b8c,0,10,1,0,0.0,1,True,False,True,0.642,17.73,6.31,12.72,1.38
d8308bfc-c2c1-42bd-8503-282571708b8c,0,12,1,0,0.0,1,True,False,True,0.186,8.78,3.12,4.7,1.01
d8308bfc-c2c1-42bd-8503-282571708b8c,0,13,8,4,0.5,1,True,False,True,0.352,21.46,7.4,26.41,1.0
d904fdad-775d-4382-ba44-a4289889745e,0,0,2,0,0.0,1,True,False,True,0.593,18.18,5.99,14.86,1.04
d904fdad-775d-4382-ba44-a4289889745e,0,1,1,0,0.0,1,True,False,True,0.185,9.43,3.38,5.38,1.08
d904fdad-775d-4382-ba44-a4289889745e,0,2,1,0,0.0,1,True,False,True,0.005,78.25,11.79,17.44,1.03
d904fdad-775d-4382-ba44-a4289889745e,0,3,1,0,0.0,1,True,False,True,0.236,13.25,4.57,10.97,1.0
d904fdad-775d-4382-ba44-a4289889745e,0,4,1,0,0.0,1,True,False,True,0.25,10.96,3.84,7.46,1.03
d904fdad-775d-4382-ba44-a4289889745e,0,5,1,0,0.0,1,True,False,True,0.209,13.12,4.63,10.62,1.05
d904fdad-775d-4382-ba44-a4289889745e,0,6,1,0,0.0,1,True,False,True,0.144,13.29,4.94,9.72,1.17
d904fdad-775d-4382-ba44-a4289889745e,0,7,1,0,0.0,1,True,False,True,0.68,24.26,8.37,32.94,1.12
d904fdad-775d-4382-ba44-a4289889745e,0,8,1,0,0.0,1,True,False,True,0.645,27.68,9.76,35.97,1.3
d928da15-65c0-490c-84df-613a196930f0,0,0,1,0,0.0,1,True,False,True,0.485,13.4,3.68,11.22,1.02
d928da15-65c0-490c-84df-613a196930f0,0,2,2,0,0.0,1,True,False,True,0.12,11.77,2.32,3.41,1.29
d928da15-65c0-490c-84df-613a196930f0,0,3,1,0,0.0,1,True,False,True,0.199,31.99,6.82,13.16,1.08
d928da15-65c0-490c-84df-613a196930f0,0,4,1,0,0.0,1,True,False,True,0.341,24.24,8.21,29.51,1.69
d928da15-65c0-490c-84df-613a196930f0,0,5,1,0,0.0,1,True,False,True,0.435,15.89,4.38,12.48,1.16
d928da15-65c0-490c-84df-613a196930f0,0,6,1,0,0.0,1,True,False,True,0.722,12.91,3.95,10.1,1.3
d928da15-65c0-490c-84df-613a196930f0,0,7,1,0,0.0,1,True,False,True,0.497,10.03,3.75,5.11,2.21
d98923f0-3373-4d3c-ba03-c0df5d8b29d8,0,0,1,0,0.0,1,True,False,True,0.356,48.74,10.98,39.23,1.1
d98923f0-3373-4d3c-ba03-c0df5d8b29d8,0,1,1,0,0.0,1,True,False,True,0.306,13.05,4.44,10.58,1.02
d98923f0-3373-4d3c-ba03-c0df5d8b29d8,0,2,2,0,0.0,1,True,False,True,0.109,20.97,6.61,12.82,1.04
d98923f0-3373-4d3c-ba03-c0df5d8b29d8,0,3,1,0,0.0,1,True,False,True,0.365,19.72,4.6,6.8,1.04
d98923f0-3373-4d3c-ba03-c0df5d8b29d8,0,4,1,0,0.0,1,True,False,True,0.488,13.0,4.76,9.79,1.16
d98923f0-3373-4d3c-ba03-c0df5d8b29d8,0,5,1,0,0.0,1,True,False,True,0.274,8.42,2.82,3.43,1.16
d98923f0-3373-4d3c-ba03-c0df5d8b29d8,0,6,1,0,0.0,1,True,False,True,0.724,12.47,4.34,9.68,1.04
d98923f0-3373-4d3c-ba03-c0df5d8b29d8,0,7,1,0,0.0,1,True,False,True,0.523,14.92,5.38,13.28,1.12
dd4ba0e6-c9e0-444f-b815-9ad921cd3b87,0,0,1,0,0.0,1,True,False,True,0.692,15.07,5.41,13.72,1.09
dd4ba0e6-c9e0-444f-b815-9ad921cd3b87,0,1,1,0,0.0,1,True,False,True,0.102,23.6,5.57,9.19,1.27
dd4ba0e6-c9e0-444f-b815-9ad921cd3b87,0,2,1,0,0.0,1,True,False,True,0.483,11.62,4.13,8.26,1.07
dd4ba0e6-c9e0-444f-b815-9ad921cd3b87,0,3,10,6,0.6,1,True,False,True,0.116,46.82,8.74,14.66,1.43
dd4ba0e6-c9e0-444f-b815-9ad921cd3b87,0,4,1,0,0.0,1,True,False,True,0.277,9.91,3.65,4.91,1.24
dd4ba0e6-c9e0-444f-b815-9ad921cd3b87,0,6,2,0,0.0,1,True,False,True,0.483,11.81,4.1,8.7,1.02
dd4ba0e6-c9e0-444f-b815-9ad921cd3b87,0,8,1,0,0.0,1,True,False,True,0.216,6.39,2.2,2.55,1.0
df1f5f4f-8801-4d5d-9c64-f0ea8e1ce027,0,0,2,0,0.0,1,True,False,True,0.286,12.37,4.46,9.15,1.13
df1f5f4f-8801-4d5d-9c64-f0ea8e1ce027,0,1,1,0,0.0,1,True,False,True,0.3,13.61,4.97,10.75,1.17
df1f5f4f-8801-4d5d-9c64-f0ea8e1ce027,0,2,1,0,0.0,1,True,False,True,0.048,48.01,10.19,9.59,1.29
df1f5f4f-8801-4d5d-9c64-f0ea8e1ce027,0,3,1,0,0.0,1,True,False,True,0.192,12.24,4.36,9.11,1.1
df1f5f4f-8801-4d5d-9c64-f0ea8e1ce027,0,4,1,0,0.0,1,True,False,True,0.652,19.37,5.08,13.8,1.04
df1f5f4f-8801-4d5d-9c64-f0ea8e1ce027,0,5,1,0,0.0,1,True,False,True,0.634,9.79,3.58,5.57,1.16
df1f5f4f-8801-4d5d-9c64-f0ea8e1ce027,0,6,1,0,0.0,1,True,False,True,0.609,26.65,9.33,36.26,1.24
dfb88995-ff0a-4025-878b-b544364f8e92,0,0,1,0,0.0,2,False,True,False,0.596,26.74,9.18,31.89,1.42
dfb88995-ff0a-4025-878b-b544364f8e92,0,1,1,0,0.0,2,False,True,False,0.215,46.31,11.21,15.5,1.45
dfb88995-ff0a-4025-878b-b544364f8e92,1,4,2,1,0.5,2,True,False,False,0.267,17.89,5.38,7.16,1.29
dfb88995-ff0a-4025-878b-b544364f8e92,1,5,2,0,0.0,2,True,False,False,0.485,16.12,5.96,13.27,1.36
dfb88995-ff0a-4025-878b-b544364f8e92,1,6,9,1,0.111,2,True,False,False,0.549,17.24,5.59,13.09,1.1
dfb88995-ff0a-4025-878b-b544364f8e92,1,7,2,0,0.0,2,True,False,False,0.117,27.2,5.28,5.85,1.02
e0155eef-34a5-4642-bca6-39b83ee42af1,3,0,21,6,0.286,4,True,False,False,0.726,24.46,8.08,28.94,1.22
e0155eef-34a5-4642-bca6-39b83ee42af1,3,1,5,1,0.2,4,True,False,False,0.487,9.69,3.17,5.74,1.02
e0155eef-34a5-4642-bca6-39b83ee42af1,3,2,4,1,0.25,4,True,False,False,0.826,10.11,3.56,4.86,1.32
e0155eef-34a5-4642-bca6-39b83ee42af1,2,3,9,5,0.556,4,False,False,False,1.0,21.05,5.88,15.5,1.04
e0155eef-34a5-4642-bca6-39b83ee42af1,0,6,18,10,0.556,4,False,True,False,0.743,22.85,7.23,25.87,1.17
e0155eef-34a5-4642-bca6-39b83ee42af1,0,7,4,0,0.0,4,False,True,False,0.274,8.55,3.14,4.23,1.22
e0155eef-34a5-4642-bca6-39b83ee42af1,0,8,1,0,0.0,4,False,True,False,0.817,5.78,2.16,1.86,1.26
e0155eef-34a5-4642-bca6-39b83ee42af1,0,9,1,0,0.0,4,False,True,False,0.66,19.33,7.31,20.66,1.3
e0155eef-34a5-4642-bca6-39b83ee42af1,0,10,2,0,0.0,4,False,True,False,0.566,17.39,6.72,14.32,1.43
e0155eef-34a5-4642-bca6-39b83ee42af1,0,11,2,1,0.5,4,False,True,False,1.0,8.62,3.01,4.56,1.1
e01a968a-24dd-4ca3-b46f-5aff03b1779f,0,0,1,0,0.0,1,True,False,True,0.196,6.02,2.11,2.24,1.08
e01a968a-24dd-4ca3-b46f-5aff03b1779f,0,1,1,0,0.0,1,True,False,True,0.225,12.69,3.76,6.93,1.11
e01a968a-24dd-4ca3-b46f-5aff03b1779f,0,2,1,0,0.0,1,True,False,True,0.485,13.24,4.52,10.93,1.03
e01a968a-24dd-4ca3-b46f-5aff03b1779f,0,3,1,0,0.0,1,True,False,True,0.733,12.65,4.27,10.0,1.0
e01a968a-24dd-4ca3-b46f-5aff03b1779f,0,4,1,0,0.0,1,True,False,True,0.754,28.41,9.67,49.94,1.03
e01a968a-24dd-4ca3-b46f-5aff03b1779f,0,5,1,0,0.0,1,True,False,True,0.091,38.36,9.67,18.75,1.12
e01a968a-24dd-4ca3-b46f-5aff03b1779f,0,6,1,0,0.0,1,True,False,True,0.485,13.14,4.35,9.58,1.07
e028bcc5-73ee-45f9-924b-d7badbc66caf,0,0,1,0,0.0,2,False,True,False,0.473,12.04,4.31,8.52,1.06
e028bcc5-73ee-45f9-924b-d7badbc66caf,1,10,3,0,0.0,2,True,False,False,0.738,18.06,6.35,20.39,1.0
e028bcc5-73ee-45f9-924b-d7badbc66caf,1,11,2,0,0.0,2,True,False,False,0.0,12.96,4.79,8.31,1.11
e028bcc5-73ee-45f9-924b-d7badbc66caf,1,12,4,0,0.0,2,True,False,False,0.1,47.07,12.56,22.11,1.11
e028bcc5-73ee-45f9-924b-d7badbc66caf,1,13,18,14,0.778,2,True,False,False,0.362,19.37,6.77,22.73,1.02
e028bcc5-73ee-45f9-924b-d7badbc66caf,1,14,2,0,0.0,2,True,False,False,0.603,15.35,5.47,14.48,1.03
e028bcc5-73ee-45f9-924b-d7badbc66caf,1,15,9,7,0.778,2,True,False,False,0.875,28.8,10.24,50.84,1.03
e0796748-79fd-40ae-be1f-e5977a9fe1e5,0,0,1,0,0.0,1,True,False,True,0.714,15.35,5.05,14.37,1.21
e0796748-79fd-40ae-be1f-e5977a9fe1e5,0,1,1,0,0.0,1,True,False,True,0.066,14.0,4.89,9.97,1.53
e0796748-79fd-40ae-be1f-e5977a9fe1e5,0,2,1,0,0.0,1,True,False,True,0.125,19.86,5.37,9.18,1.13
e0796748-79fd-40ae-be1f-e5977a9fe1e5,0,3,1,0,0.0,1,True,False,True,0.157,14.03,3.81,7.8,1.03
e0796748-79fd-40ae-be1f-e5977a9fe1e5,0,4,1,0,0.0,1,True,False,True,0.58,15.26,2.27,3.03,1.19
e0796748-79fd-40ae-be1f-e5977a9fe1e5,0,5,1,0,0.0,1,True,False,True,0.2,11.21,3.71,6.85,1.29
e0796748-79fd-40ae-be1f-e5977a9fe1e5,0,6,1,0,0.0,1,True,False,True,0.295,16.5,5.65,16.13,1.33
e0796748-79fd-40ae-be1f-e5977a9fe1e5,0,7,1,0,0.0,1,True,False,True,0.2,19.16,5.52,17.94,1.11
e0796748-79fd-40ae-be1f-e5977a9fe1e5,0,8,2,0,0.0,1,True,False,True,0.638,24.99,8.67,32.87,1.56
e0796748-79fd-40ae-be1f-e5977a9fe1e5,0,9,1,0,0.0,1,True,False,True,0.714,13.66,4.82,9.83,1.48
e0796748-79fd-40ae-be1f-e5977a9fe1e5,0,10,6,3,0.5,1,True,False,True,0.293,30.48,7.43,13.28,1.67
e0796748-79fd-40ae-be1f-e5977a9fe1e5,0,11,1,0,0.0,1,True,False,True,0.222,7.58,2.31,3.59,1.03
e496ca55-bafb-4b8b-b3f1-5f6fb5ae8c7e,0,2,1,0,0.0,3,False,True,False,0.491,14.97,5.27,13.9,1.03
e496ca55-bafb-4b8b-b3f1-5f6fb5ae8c7e,0,3,1,0,0.0,3,False,True,False,0.197,13.44,2.72,3.61,1.05
e496ca55-bafb-4b8b-b3f1-5f6fb5ae8c7e,2,5,3,0,0.0,3,True,False,False,0.626,20.98,6.91,23.77,1.0
e496ca55-bafb-4b8b-b3f1-5f6fb5ae8c7e,2,7,1,0,0.0,3,True,False,False,0.116,55.8,12.54,26.57,1.38
e496ca55-bafb-4b8b-b3f1-5f6fb5ae8c7e,2,8,2,0,0.0,3,True,False,False,0.179,11.13,4.02,7.23,1.17
e496ca55-bafb-4b8b-b3f1-5f6fb5ae8c7e,2,10,2,0,0.0,3,True,False,False,0.49,13.1,4.67,10.49,1.07
e496ca55-bafb-4b8b-b3f1-5f6fb5ae8c7e,2,11,8,1,0.125,3,True,False,False,0.489,18.23,6.78,14.11,1.44
e496ca55-bafb-4b8b-b3f1-5f6fb5ae8c7e,1,13,1,0,0.0,3,False,False,False,0.493,23.38,8.58,30.82,1.11
e496ca55-bafb-4b8b-b3f1-5f6fb5ae8c7e,1,14,1,0,0.0,3,False,False,False,0.274,18.75,6.52,22.29,1.01
e496ca55-bafb-4b8b-b3f1-5f6fb5ae8c7e,1,17,1,0,0.0,3,False,False,False,0.652,25.45,9.15,34.97,1.09
e4fe9821-2270-4d23-bc74-703743b5d282,0,0,1,0,0.0,1,True,False,True,0.204,8.8,2.44,4.8,1.19
e4fe9821-2270-4d23-bc74-703743b5d282,0,1,1,0,0.0,1,True,False,True,0.487,14.94,3.82,13.93,1.01
e4fe9821-2270-4d23-bc74-703743b5d282,0,2,1,0,0.0,1,True,False,True,0.494,18.21,5.45,20.05,1.42
e4fe9821-2270-4d23-bc74-703743b5d282,0,3,2,0,0.0,1,True,False,True,0.117,28.24,9.07,37.53,1.79
e4fe9821-2270-4d23-bc74-703743b5d282,0,4,2,0,0.0,1,True,False,True,0.488,16.91,5.01,17.35,1.39
e4fe9821-2270-4d23-bc74-703743b5d282,0,5,1,0,0.0,1,True,False,True,0.468,21.45,6.47,13.72,2.77
e4fe9821-2270-4d23-bc74-703743b5d282,0,6,1,0,0.0,1,True,False,True,0.033,43.33,8.88,5.65,1.48
e4fe9821-2270-4d23-bc74-703743b5d282,0,7,1,0,0.0,1,True,False,True,0.086,10.96,4.36,4.95,3.55
e4fe9821-2270-4d23-bc74-703743b5d282,0,9,2,0,0.0,1,True,False,True,0.486,14.67,4.36,11.28,1.41
e4fe9821-2270-4d23-bc74-703743b5d282,0,10,1,0,0.0,1,True,False,True,1.0,24.49,7.59,35.59,1.55
e5adc187-70eb-4828-aa90-5fe3c46dfbce,0,4,1,0,0.0,2,False,True,False,0.0,8.65,3.15,4.27,1.08
e5adc187-70eb-4828-aa90-5fe3c46dfbce,1,8,3,0,0.0,2,True,False,False,0.819,13.91,4.88,12.09,1.0
e5adc187-70eb-4828-aa90-5fe3c46dfbce,1,9,4,0,0.0,2,True,False,False,0.502,12.17,4.09,7.36,1.15
e5adc187-70eb-4828-aa90-5fe3c46dfbce,1,10,3,1,0.333,2,True,False,False,0.77,15.24,5.3,11.73,1.21
e721a943-1c4f-4bd6-b8a3-f9558de79921,0,0,1,0,0.0,1,True,False,True,0.481,10.49,3.8,6.5,1.13
e721a943-1c4f-4bd6-b8a3-f9558de79921,0,1,1,0,0.0,1,True,False,True,0.253,10.9,3.81,7.37,1.05
e721a943-1c4f-4bd6-b8a3-f9558de79921,0,2,1,0,0.0,1,True,False,True,0.153,7.73,2.86,3.44,1.18
e721a943-1c4f-4bd6-b8a3-f9558de79921,0,3,1,0,0.0,1,True,False,True,0.0,11.01,4.35,4.96,1.38
e721a943-1c4f-4bd6-b8a3-f9558de79921,0,4,1,0,0.0,1,True,False,True,0.131,10.45,3.77,6.52,1.12
e721a943-1c4f-4bd6-b8a3-f9558de79921,0,5,1,0,0.0,1,True,False,True,0.0,12.29,4.22,9.43,1.01
e721a943-1c4f-4bd6-b8a3-f9558de79921,0,6,1,0,0.0,1,True,False,True,0.19,60.1,12.48,43.88,1.16
e721a943-1c4f-4bd6-b8a3-f9558de79921,0,7,1,0,0.0,1,True,False,True,0.481,10.53,3.79,6.66,1.11
e721a943-1c4f-4bd6-b8a3-f9558de79921,0,8,1,0,0.0,1,True,False,True,0.175,5.51,1.96,1.85,1.09
e7452ac7-517e-4321-9201-d52bf7f0cae9,0,0,1,0,0.0,1,True,False,True,0.088,13.79,4.45,4.7,1.29
e7452ac7-517e-4321-9201-d52bf7f0cae9,0,1,2,0,0.0,1,True,False,True,0.335,15.39,5.51,13.16,1.13
e7452ac7-517e-4321-9201-d52bf7f0cae9,0,2,1,0,0.0,1,True,False,True,0.482,10.92,3.87,7.41,1.01
e7452ac7-517e-4321-9201-d52bf7f0cae9,0,3,1,0,0.0,1,True,False,True,0.0,13.99,5.01,11.62,1.03
e7452ac7-517e-4321-9201-d52bf7f0cae9,0,4,1,0,0.0,1,True,False,True,0.66,18.55,6.47,18.43,1.05
e7452ac7-517e-4321-9201-d52bf7f0cae9,0,5,5,0,0.0,1,True,False,True,0.385,21.3,7.42,26.16,1.04
e7452ac7-517e-4321-9201-d52bf7f0cae9,0,6,1,0,0.0,1,True,False,True,0.417,25.69,7.9,11.25,1.27
e7452ac7-517e-4321-9201-d52bf7f0cae9,0,7,1,0,0.0,1,True,False,True,0.806,13.33,4.75,10.74,1.03
e7452ac7-517e-4321-9201-d52bf7f0cae9,0,8,1,0,0.0,1,True,False,True,0.69,8.2,2.92,4.12,1.02
e7452ac7-517e-4321-9201-d52bf7f0cae9,0,9,1,0,0.0,1,True,False,True,0.0,12.36,4.37,9.53,1.01
e7452ac7-517e-4321-9201-d52bf7f0cae9,0,10,2,0,0.0,1,True,False,True,0.038,10.97,3.85,6.93,1.11
e7452ac7-517e-4321-9201-d52bf7f0cae9,0,11,3,0,0.0,1,True,False,True,0.196,79.7,16.29,53.31,1.51
e93694c4-b9a9-4184-ab47-4d0d0a8504b2,0,0,2,0,0.0,1,True,False,True,0.911,10.57,3.63,6.71,1.25
e93694c4-b9a9-4184-ab47-4d0d0a8504b2,0,1,1,0,0.0,1,True,False,True,0.741,12.15,3.82,9.22,1.04
e93694c4-b9a9-4184-ab47-4d0d0a8504b2,0,2,1,0,0.0,1,True,False,True,0.138,5.41,1.8,1.79,1.17
e93694c4-b9a9-4184-ab47-4d0d0a8504b2,0,3,1,0,0.0,1,True,False,True,0.11,28.85,6.44,5.67,2.02
e93694c4-b9a9-4184-ab47-4d0d0a8504b2,0,4,2,0,0.0,1,True,False,True,0.515,27.42,8.29,35.69,1.19
e93694c4-b9a9-4184-ab47-4d0d0a8504b2,0,5,1,0,0.0,1,True,False,True,0.148,7.59,2.74,3.26,1.4
e93694c4-b9a9-4184-ab47-4d0d0a8504b2,0,6,1,0,0.0,1,True,False,True,0.489,10.27,3.58,5.68,1.41
e9a5d5e2-17c8-4879-89f2-f6a3af5cfd38,0,0,1,0,0.0,1,True,False,True,0.18,13.34,4.82,10.58,1.07
e9a5d5e2-17c8-4879-89f2-f6a3af5cfd38,0,1,1,0,0.0,1,True,False,True,0.036,51.11,11.0,19.81,1.38
e9a5d5e2-17c8-4879-89f2-f6a3af5cfd38,0,2,1,0,0.0,1,True,False,True,0.484,12.77,4.52,10.11,1.03
e9a5d5e2-17c8-4879-89f2-f6a3af5cfd38,0,3,1,0,0.0,1,True,False,True,0.491,21.21,7.3,26.36,1.08
e9a5d5e2-17c8-4879-89f2-f6a3af5cfd38,0,4,1,0,0.0,1,True,False,True,0.0,9.93,3.62,5.56,1.16
e9a5d5e2-17c8-4879-89f2-f6a3af5cfd38,0,5,1,0,0.0,1,True,False,True,0.483,11.16,3.97,7.66,1.04
e9a5d5e2-17c8-4879-89f2-f6a3af5cfd38,0,6,1,0,0.0,1,True,False,True,0.0,13.25,4.93,7.5,1.28
e9a5d5e2-17c8-4879-89f2-f6a3af5cfd38,0,7,1,0,0.0,1,True,False,True,0.482,11.18,3.98,7.68,1.04
e9dddee6-297a-43f5-b862-90091889ea39,0,0,1,0,0.0,3,False,True,False,0.521,17.13,6.13,17.9,1.06
e9dddee6-297a-43f5-b862-90091889ea39,0,1,1,0,0.0,3,False,True,False,0.466,10.66,3.85,6.79,1.08
e9dddee6-297a-43f5-b862-90091889ea39,0,2,3,2,0.667,3,False,True,False,0.16,24.54,6.35,9.74,1.29
e9dddee6-297a-43f5-b862-90091889ea39,1,6,3,2,0.667,3,False,False,False,0.484,16.59,5.76,13.2,1.17
e9dddee6-297a-43f5-b862-90091889ea39,1,7,1,0,0.0,3,False,False,False,0.36,13.49,3.99,6.16,1.32
e9dddee6-297a-43f5-b862-90091889ea39,2,9,2,1,0.5,3,True,False,False,0.449,10.51,3.49,5.43,1.09
e9dddee6-297a-43f5-b862-90091889ea39,2,10,2,1,0.5,3,True,False,False,0.34,22.45,5.72,13.46,1.13
e9dddee6-297a-43f5-b862-90091889ea39,2,11,5,3,0.6,3,True,False,False,0.681,13.44,4.54,10.42,1.06
e9dddee6-297a-43f5-b862-90091889ea39,2,12,2,1,0.5,3,True,False,False,0.115,22.9,5.11,6.95,1.25
e9f0631f-ae34-4d30-af21-d3369327755f,0,0,1,0,0.0,2,False,True,False,0.459,11.94,4.13,7.46,1.18
e9f0631f-ae34-4d30-af21-d3369327755f,0,5,1,0,0.0,2,False,True,False,0.249,7.94,2.72,3.9,1.08
e9f0631f-ae34-4d30-af21-d3369327755f,0,6,12,2,0.167,2,False,True,False,0.782,31.59,9.23,19.61,1.52
e9f0631f-ae34-4d30-af21-d3369327755f,1,12,2,1,0.5,2,True,False,False,0.209,12.11,4.16,9.07,1.08
e9f0631f-ae34-4d30-af21-d3369327755f,1,13,2,1,0.5,2,True,False,False,0.576,14.47,5.17,12.53,1.17
e9f0631f-ae34-4d30-af21-d3369327755f,1,14,2,1,0.5,2,True,False,False,0.569,23.18,6.71,20.03,1.13
e9f0631f-ae34-4d30-af21-d3369327755f,1,16,5,4,0.8,2,True,False,False,0.486,14.52,5.19,12.59,1.17
e9f0631f-ae34-4d30-af21-d3369327755f,1,17,5,2,0.4,2,True,False,False,0.831,17.74,5.88,18.3,1.06
e9f0631f-ae34-4d30-af21-d3369327755f,1,18,8,2,0.25,2,True,False,False,0.342,24.48,8.35,13.85,1.41
e9f0631f-ae34-4d30-af21-d3369327755f,1,19,7,4,0.571,2,True,False,False,0.488,16.99,5.66,18.03,1.02
ebd94f02-abc2-476d-8bf9-9bdfbc2a58dd,1,4,1,0,0.0,2,True,False,False,0.503,26.47,8.69,29.37,1.1
ebd94f02-abc2-476d-8bf9-9bdfbc2a58dd,1,5,1,0,0.0,2,True,False,False,0.5,35.77,12.36,55.5,1.35
ebd94f02-abc2-476d-8bf9-9bdfbc2a58dd,1,6,1,0,0.0,2,True,False,False,0.285,5.05,1.72,1.59,1.02
ebd94f02-abc2-476d-8bf9-9bdfbc2a58dd,1,7,1,0,0.0,2,True,False,False,0.442,25.12,6.37,17.44,1.13
ebd94f02-abc2-476d-8bf9-9bdfbc2a58dd,1,8,1,0,0.0,2,True,False,False,0.001,109.43,19.12,10.56,1.81
ebd94f02-abc2-476d-8bf9-9bdfbc2a58dd,1,9,1,0,0.0,2,True,False,False,0.166,9.09,3.16,3.97,1.22
ebd94f02-abc2-476d-8bf9-9bdfbc2a58dd,1,10,1,0,0.0,2,True,False,False,0.483,12.05,4.45,8.26,1.2
ebd94f02-abc2-476d-8bf9-9bdfbc2a58dd,1,11,1,0,0.0,2,True,False,False,0.487,15.71,5.77,14.22,1.19
ebd94f02-abc2-476d-8bf9-9bdfbc2a58dd,1,12,1,0,0.0,2,True,False,False,0.093,10.72,3.7,6.38,1.23
ebded652-9e37-4267-992a-8b575c9e1016,0,0,1,0,0.0,1,True,False,True,0.532,12.0,3.74,8.57,1.18
ebded652-9e37-4267-992a-8b575c9e1016,0,1,1,0,0.0,1,True,False,True,0.18,25.78,9.13,18.58,1.97
ebded652-9e37-4267-992a-8b575c9e1016,0,2,1,0,0.0,1,True,False,True,0.645,29.27,10.42,41.1,1.85
ebded652-9e37-4267-992a-8b575c9e1016,0,3,1,0,0.0,1,True,False,True,0.462,11.21,3.3,7.28,1.06
ebded652-9e37-4267-992a-8b575c9e1016,0,4,1,0,0.0,1,True,False,True,0.436,13.93,4.26,9.91,1.13
ebded652-9e37-4267-992a-8b575c9e1016,0,5,1,0,0.0,1,True,False,True,0.3,24.49,7.59,13.08,1.49
ebded652-9e37-4267-992a-8b575c9e1016,0,6,1,0,0.0,1,True,False,True,0.123,8.01,2.92,3.3,1.74
ebded652-9e37-4267-992a-8b575c9e1016,0,7,1,0,0.0,1,True,False,True,0.169,28.07,6.69,12.12,1.47
ebded652-9e37-4267-992a-8b575c9e1016,0,8,1,0,0.0,1,True,False,True,0.198,11.74,3.55,7.51,1.11
ed5231c3-375e-426e-b341-62f6d2b0b3f5,0,0,1,0,0.0,1,True,False,True,0.138,8.34,2.92,3.81,1.87
ed5231c3-375e-426e-b341-62f6d2b0b3f5,0,1,7,0,0.0,1,True,False,True,0.674,16.0,5.23,14.96,1.56
ed5231c3-375e-426e-b341-62f6d2b0b3f5,0,2,1,0,0.0,1,True,False,True,0.484,12.24,4.07,8.63,1.63
ed5231c3-375e-426e-b341-62f6d2b0b3f5,0,3,1,0,0.0,1,True,False,True,0.48,12.48,4.41,8.38,1.94
ed5231c3-375e-426e-b341-62f6d2b0b3f5,0,4,1,0,0.0,1,True,False,True,0.136,39.34,7.19,11.68,1.37
ed5231c3-375e-426e-b341-62f6d2b0b3f5,0,5,1,0,0.0,1,True,False,True,0.446,32.14,8.99,44.82,1.19
ed5231c3-375e-426e-b341-62f6d2b0b3f5,0,6,1,0,0.0,1,True,False,True,1.0,16.11,4.48,16.19,1.08
ed646d77-0d2b-4d72-b20d-be6aac6aa669,0,1,1,0,0.0,2,False,True,False,0.162,22.3,8.04,11.16,1.75
ed646d77-0d2b-4d72-b20d-be6aac6aa669,1,3,1,0,0.0,2,True,False,False,0.251,11.83,3.8,9.09,1.1
ed646d77-0d2b-4d72-b20d-be6aac6aa669,1,4,1,0,0.0,2,True,False,False,0.247,9.6,3.04,5.73,1.09
ed646d77-0d2b-4d72-b20d-be6aac6aa669,1,5,1,0,0.0,2,True,False,False,0.552,13.45,4.47,11.02,1.21
ed646d77-0d2b-4d72-b20d-be6aac6aa669,1,6,1,0,0.0,2,True,False,False,0.255,34.94,10.68,39.58,1.81
ed646d77-0d2b-4d72-b20d-be6aac6aa669,1,7,1,0,0.0,2,True,False,False,0.767,20.8,6.94,26.85,1.12
ed646d77-0d2b-4d72-b20d-be6aac6aa669,1,8,1,0,0.0,2,True,False,False,0.325,12.31,4.08,9.12,1.21
ed646d77-0d2b-4d72-b20d-be6aac6aa669,1,9,1,0,0.0,2,True,False,False,0.416,24.89,6.28,16.46,1.43
ed646d77-0d2b-4d72-b20d-be6aac6aa669,1,10,1,0,0.0,2,True,False,False,0.289,14.0,4.22,10.09,1.0
ed646d77-0d2b-4d72-b20d-be6aac6aa669,1,11,1,0,0.0,2,True,False,False,0.017,94.31,14.43,11.62,1.05
ed646d77-0d2b-4d72-b20d-be6aac6aa669,1,12,1,0,0.0,2,True,False,False,0.099,10.45,3.49,6.11,1.24
ed646d77-0d2b-4d72-b20d-be6aac6aa669,1,13,1,0,0.0,2,True,False,False,0.784,24.19,7.39,36.2,1.04
ed89b2f2-38dd-455f-a3df-13d92cdc1f8b,0,0,1,0,0.0,1,True,False,True,0.794,10.91,3.9,7.25,1.06
ed89b2f2-38dd-455f-a3df-13d92cdc1f8b,0,1,1,0,0.0,1,True,False,True,0.237,23.22,8.55,19.48,1.62
ed89b2f2-38dd-455f-a3df-13d92cdc1f8b,0,2,2,0,0.0,1,True,False,True,0.256,9.36,3.31,5.41,1.04
ed89b2f2-38dd-455f-a3df-13d92cdc1f8b,0,3,1,0,0.0,1,True,False,True,0.193,11.04,3.94,7.43,1.06
ed89b2f2-38dd-455f-a3df-13d92cdc1f8b,0,4,1,0,0.0,1,True,False,True,0.485,13.44,4.95,10.21,1.13
ed89b2f2-38dd-455f-a3df-13d92cdc1f8b,0,5,1,0,0.0,1,True,False,True,0.038,78.02,13.11,13.22,1.22
ed89b2f2-38dd-455f-a3df-13d92cdc1f8b,0,6,1,0,0.0,1,True,False,True,0.189,22.35,8.07,29.87,1.09
eda4954e-036f-4e74-817f-23ce2d309aa3,0,0,1,0,0.0,1,True,False,True,0.043,42.08,11.15,7.18,2.86
eda4954e-036f-4e74-817f-23ce2d309aa3,0,1,1,0,0.0,1,True,False,True,0.482,11.31,3.52,7.82,1.25
eda4954e-036f-4e74-817f-23ce2d309aa3,0,3,1,0,0.0,1,True,False,True,0.486,13.18,4.01,10.36,1.23
eda4954e-036f-4e74-817f-23ce2d309aa3,0,4,1,0,0.0,1,True,False,True,0.501,20.6,7.41,22.94,1.78
eda4954e-036f-4e74-817f-23ce2d309aa3,0,5,2,0,0.0,1,True,False,True,0.249,9.56,2.84,4.84,1.17
ef522d94-2279-4b9e-bd8f-90bb37043910,0,0,1,0,0.0,1,True,False,True,0.572,13.54,3.27,5.77,1.01
ef522d94-2279-4b9e-bd8f-90bb37043910,0,1,1,0,0.0,1,True,False,True,0.336,16.07,5.59,12.95,1.22
ef522d94-2279-4b9e-bd8f-90bb37043910,0,2,1,0,0.0,1,True,False,True,0.443,9.39,3.19,5.47,1.01
ef522d94-2279-4b9e-bd8f-90bb37043910,0,3,1,0,0.0,1,True,False,True,0.59,11.94,4.33,8.43,1.14
ef522d94-2279-4b9e-bd8f-90bb37043910,0,4,1,0,0.0,1,True,False,True,0.824,13.34,4.57,11.12,1.01
ef522d94-2279-4b9e-bd8f-90bb37043910,0,5,1,0,0.0,1,True,False,True,0.706,11.52,4.11,8.04,1.1
ef522d94-2279-4b9e-bd8f-90bb37043910,0,6,1,0,0.0,1,True,False,True,0.406,13.12,4.61,6.87,1.35
ef522d94-2279-4b9e-bd8f-90bb37043910,0,7,1,0,0.0,1,True,False,True,0.159,5.84,1.98,1.81,1.14
ef522d94-2279-4b9e-bd8f-90bb37043910,0,8,1,0,0.0,1,True,False,True,0.212,10.49,3.81,6.48,1.14
ef522d94-2279-4b9e-bd8f-90bb37043910,0,9,1,0,0.0,1,True,False,True,0.35,58.92,13.14,45.97,1.51
f16973df-10b9-4369-9f0d-dd295a34d970,0,0,1,0,0.0,1,True,False,True,0.482,10.97,3.77,7.47,1.06
f16973df-10b9-4369-9f0d-dd295a34d970,0,1,1,0,0.0,1,True,False,True,0.19,18.34,5.58,11.07,1.04
f16973df-10b9-4369-9f0d-dd295a34d970,0,2,1,0,0.0,1,True,False,True,0.252,7.48,2.6,3.42,1.1
f16973df-10b9-4369-9f0d-dd295a34d970,0,3,1,0,0.0,1,True,False,True,0.238,27.21,9.22,35.95,1.1
f16973df-10b9-4369-9f0d-dd295a34d970,0,4,1,0,0.0,1,True,False,True,0.0,37.74,7.37,5.64,1.13
f16973df-10b9-4369-9f0d-dd295a34d970,0,5,1,0,0.0,1,True,False,True,0.194,11.42,4.02,7.96,1.12
f16973df-10b9-4369-9f0d-dd295a34d970,0,6,1,0,0.0,1,True,False,True,0.598,12.64,4.3,9.96,1.04
f16973df-10b9-4369-9f0d-dd295a34d970,0,7,1,0,0.0,1,True,False,True,0.613,17.03,4.2,9.04,1.03
f16973df-10b9-4369-9f0d-dd295a34d970,0,8,1,0,0.0,1,True,False,True,0.23,9.47,3.16,5.61,1.0
f16973df-10b9-4369-9f0d-dd295a34d970,0,9,4,3,0.75,1,True,False,True,0.69,18.17,6.48,19.84,1.15
f40dcc9f-b97b-4bef-8b40-ba011aabf0bd,0,0,1,0,0.0,1,True,False,True,0.698,14.17,4.18,12.25,1.33
f40dcc9f-b97b-4bef-8b40-ba011aabf0bd,0,1,1,0,0.0,1,True,False,True,0.201,12.37,3.75,9.25,1.41
f40dcc9f-b97b-4bef-8b40-ba011aabf0bd,0,2,1,0,0.0,1,True,False,True,0.067,13.22,3.69,7.44,1.19
f40dcc9f-b97b-4bef-8b40-ba011aabf0bd,0,3,1,0,0.0,1,True,False,True,0.216,7.92,2.33,3.84,1.31
f40dcc9f-b97b-4bef-8b40-ba011aabf0bd,0,4,1,0,0.0,1,True,False,True,0.0,11.15,3.08,7.72,1.15
f40dcc9f-b97b-4bef-8b40-ba011aabf0bd,0,5,1,0,0.0,1,True,False,True,0.409,12.06,3.33,8.0,1.17
f40dcc9f-b97b-4bef-8b40-ba011aabf0bd,0,6,1,0,0.0,1,True,False,True,0.091,13.62,3.65,11.57,1.07
f40dcc9f-b97b-4bef-8b40-ba011aabf0bd,0,7,1,0,0.0,1,True,False,True,0.132,98.09,13.56,35.54,1.35
f40dcc9f-b97b-4bef-8b40-ba011aabf0bd,0,8,1,0,0.0,1,True,False,True,0.648,22.78,7.95,27.88,2.07
f46b4d89-ae67-405c-af8b-eb7396b06ef8,1,6,13,5,0.385,2,True,False,False,0.323,22.24,5.81,8.22,1.14
f46b4d89-ae67-405c-af8b-eb7396b06ef8,1,7,2,0,0.0,2,True,False,False,0.749,12.3,3.7,9.42,1.08
f46b4d89-ae67-405c-af8b-eb7396b06ef8,1,8,2,0,0.0,2,True,False,False,0.224,21.95,5.94,5.1,1.86
f46b4d89-ae67-405c-af8b-eb7396b06ef8,1,9,6,3,0.5,2,True,False,False,0.76,15.76,4.73,13.49,1.15
f919a443-ea71-4391-9bcb-bff1cf08c45d,0,0,1,0,0.0,1,True,False,True,0.804,14.36,4.85,12.02,1.48
f919a443-ea71-4391-9bcb-bff1cf08c45d,0,1,1,0,0.0,1,True,False,True,0.493,16.82,5.48,14.59,1.54
f919a443-ea71-4391-9bcb-bff1cf08c45d,0,2,1,0,0.0,1,True,False,True,0.107,30.52,7.33,10.42,1.63
f919a443-ea71-4391-9bcb-bff1cf08c45d,0,4,1,0,0.0,1,True,False,True,0.222,13.8,4.09,11.69,1.11
f919a443-ea71-4391-9bcb-bff1cf08c45d,0,5,2,0,0.0,1,True,False,True,0.522,32.09,8.37,37.69,1.21
f919a443-ea71-4391-9bcb-bff1cf08c45d,0,6,1,0,0.0,1,True,False,True,0.319,25.43,8.32,14.28,2.47
f919a443-ea71-4391-9bcb-bff1cf08c45d,0,7,2,0,0.0,1,True,False,True,0.126,14.42,2.99,4.97,1.27
f932e0d3-b002-4f89-97e7-ec54d4703506,0,3,1,0,0.0,3,False,True,False,0.11,6.99,2.71,2.44,1.44
f932e0d3-b002-4f89-97e7-ec54d4703506,0,4,1,0,0.0,3,False,True,False,0.256,11.33,3.86,7.95,1.08
f932e0d3-b002-4f89-97e7-ec54d4703506,2,10,2,0,0.0,3,True,False,False,0.478,8.96,3.21,4.76,1.2
f932e0d3-b002-4f89-97e7-ec54d4703506,2,11,2,0,0.0,3,True,False,False,0.488,15.86,5.83,14.29,1.28
f932e0d3-b002-4f89-97e7-ec54d4703506,2,12,8,2,0.25,3,True,False,False,0.15,21.52,6.49,9.93,1.11
f932e0d3-b002-4f89-97e7-ec54d4703506,2,13,3,0,0.0,3,True,False,False,0.658,17.09,6.33,16.38,1.3
fb279aa5-092f-4146-83ff-b557415e7ba4,0,0,5,1,0.2,1,True,False,True,0.333,12.64,4.31,9.89,1.02
fb279aa5-092f-4146-83ff-b557415e7ba4,0,1,4,0,0.0,1,True,False,True,0.478,13.32,4.52,11.09,1.01
fb279aa5-092f-4146-83ff-b557415e7ba4,0,3,1,0,0.0,1,True,False,True,0.486,14.1,4.83,12.4,1.03
fb279aa5-092f-4146-83ff-b557415e7ba4,0,4,1,0,0.0,1,True,False,True,0.203,12.98,4.56,10.36,1.08
fb279aa5-092f-4146-83ff-b557415e7ba4,0,6,1,0,0.0,1,True,False,True,0.465,30.47,10.46,52.52,1.11
fb279aa5-092f-4146-83ff-b557415e7ba4,0,7,2,0,0.0,1,True,False,True,0.263,33.58,8.69,20.66,1.4
fb279aa5-092f-4146-83ff-b557415e7ba4,0,8,1,0,0.0,1,True,False,True,0.489,15.68,5.62,14.79,1.13
fc46b0be-a3aa-4a28-820c-a16691bcdd61,0,0,1,0,0.0,1,True,False,True,0.487,15.29,5.17,14.45,1.1
fc46b0be-a3aa-4a28-820c-a16691bcdd61,0,1,1,0,0.0,1,True,False,True,0.218,13.36,4.45,11.1,1.07
fc46b0be-a3aa-4a28-820c-a16691bcdd61,0,3,2,0,0.0,1,True,False,True,0.237,9.34,3.06,5.44,1.03
fc46b0be-a3aa-4a28-820c-a16691bcdd61,0,4,1,0,0.0,1,True,False,True,0.072,87.44,14.04,10.05,1.67
fc46b0be-a3aa-4a28-820c-a16691bcdd61,0,5,1,0,0.0,1,True,False,True,0.079,17.01,5.82,3.05,1.71
fc46b0be-a3aa-4a28-820c-a16691bcdd61,0,6,1,0,0.0,1,True,False,True,0.053,19.54,7.0,19.38,1.38
fc46b0be-a3aa-4a28-820c-a16691bcdd61,0,7,1,0,0.0,1,True,False,True,0.634,28.76,9.33,40.5,1.18
fc46b0be-a3aa-4a28-820c-a16691bcdd61,0,8,1,0,0.0,1,True,False,True,0.178,11.63,4.13,8.02,1.22
fd6ee1a7-7243-4c9b-ad7a-5d146b7f8706,0,0,2,0,0.0,1,True,False,True,0.556,35.86,11.18,49.02,1.29
fd6ee1a7-7243-4c9b-ad7a-5d146b7f8706,0,1,4,0,0.0,1,True,False,True,0.093,24.31,8.91,29.52,1.19
fd6ee1a7-7243-4c9b-ad7a-5d146b7f8706,0,3,1,0,0.0,1,True,False,True,0.058,43.31,10.37,8.79,1.04
fd6ee1a7-7243-4c9b-ad7a-5d146b7f8706,0,4,1,0,0.0,1,True,False,True,0.252,11.48,4.0,8.19,1.04
fd6ee1a7-7243-4c9b-ad7a-5d146b7f8706,0,5,1,0,0.0,1,True,False,True,0.487,13.66,4.85,11.43,1.08
fd6ee1a7-7243-4c9b-ad7a-5d146b7f8706,0,6,1,0,0.0,1,True,False,True,0.488,16.48,5.11,8.89,1.02
fd6ee1a7-7243-4c9b-ad7a-5d146b7f8706,0,8,1,0,0.0,1,True,False,True,0.485,12.94,4.68,9.99,1.12
fe829d59-c9f1-4194-a40b-39600a4f27b6,0,1,1,0,0.0,3,False,True,False,0.05,38.6,8.3,9.76,1.08
fe829d59-c9f1-4194-a40b-39600a4f27b6,0,2,2,0,0.0,3,False,True,False,0.495,11.96,4.67,7.36,1.89
fe829d59-c9f1-4194-a40b-39600a4f27b6,1,7,1,0,0.0,3,False,False,False,0.523,18.34,5.41,19.91,1.06
fe829d59-c9f1-4194-a40b-39600a4f27b6,2,9,3,0,0.0,3,True,False,False,0.364,16.93,4.76,7.47,1.03
fe829d59-c9f1-4194-a40b-39600a4f27b6,2,10,2,0,0.0,3,True,False,False,0.495,16.02,5.01,15.24,1.18
fe829d59-c9f1-4194-a40b-39600a4f27b6,2,11,2,0,0.0,3,True,False,False,0.674,14.17,4.51,12.0,1.22
fe829d59-c9f1-4194-a40b-39600a4f27b6,2,12,4,1,0.25,3,True,False,False,0.475,7.82,2.42,3.79,1.12
fe829d59-c9f1-4194-a40b-39600a4f27b6,2,13,2,0,0.0,3,True,False,False,0.335,18.89,5.31,10.73,1.37
feccbd0c-0420-4775-b5b7-49b99559947e,0,0,1,0,0.0,1,True,False,True,0.435,20.08,5.64,15.04,1.06
feccbd0c-0420-4775-b5b7-49b99559947e,0,1,1,0,0.0,1,True,False,True,0.691,16.16,4.66,8.62,1.5
feccbd0c-0420-4775-b5b7-49b99559947e,0,2,1,0,0.0,1,True,False,True,0.591,20.97,6.36,24.98,1.07
feccbd0c-0420-4775-b5b7-49b99559947e,0,3,1,0,0.0,1,True,False,True,0.272,13.39,4.33,9.3,1.31
feccbd0c-0420-4775-b5b7-49b99559947e,0,4,5,4,0.8,1,True,False,True,0.686,8.63,2.87,4.2,1.28
feccbd0c-0420-4775-b5b7-49b99559947e,0,5,1,0,0.0,1,True,False,True,0.179,7.17,2.39,3.12,1.23
feccbd0c-0420-4775-b5b7-49b99559947e,0,6,1,0,0.0,1,True,False,True,0.141,32.92,7.37,9.1,1.25
feccbd0c-0420-4775-b5b7-49b99559947e,0,7,1,0,0.0,1,True,False,True,0.395,11.84,3.63,7.26,1.21
feccbd0c-0420-4775-b5b7-49b99559947e,0,8,1,0,0.0,1,True,False,True,0.588,9.51,3.1,5.55,1.17
feccbd0c-0420-4775-b5b7-49b99559947e,0,9,1,0,0.0,1,True,False,True,0.859,11.87,4.2,8.6,1.0
